:020000040800F2
:1000000000100020FD0200089D1200089D1200084B
:100010009D1200089D1200089D1200089D12000804
:100020009D1200089D1200089D1200089D120008F4
:100030009D120008A87901089D1200089D12000871
:100040009D1200089D1200089D1200089D120008D4
:100050009D1200089D1200089D1200089D120008C4
:100060009D1200089D1200089D1200089D120008B4
:100070009D1200089D1200089D1200089D120008A4
:100080009D1200089D1200089D1200089D12000894
:100090009D1200089D1200089D1200089D12000884
:1000A0009D1200089D1200089D1200089D12000874
:1000B0009D1200089D1200089D1200089D12000864
:1000C0009D1200089D1200089D1200089D12000854
:1000D0009D1200089D1200089D1200089D12000844
:1000E0009D1200089D1200089D1200089D12000834
:1000F0009D1200089D1200089D1200089D12000824
:100100009D1200089D1200089D1200089D12000813
:100110009D1200089D1200089D1200089D12000803
:100120009D1200089D1200089D1200089D120008F3
:100130009D1200089D1200089D1200089D120008E3
:100140009D1200089D1200089D1200089D120008D3
:100150009D1200089D1200089D1200089D120008C3
:100160009D1200089D1200089D1200089D120008B3
:100170009D1200089D1200089D1200089D120008A3
:100180009D1200089D1200089D1200089D12000893
:100190009D1200089D1200089D1200089D12000883
:1001A0009D1200089D1200089D1200089D12000873
:1001B0009D1200080348044B834202D0034B03B155
:1001C00018477047A81C0020A81C00200000000051
:1001D000064B0749C91A891048BF0131491003D09D
:1001E000044B0BB101481847704700BFA81C002002
:1001F000A81C00200000000010B5064C237843B96D
:10020000FFF7D8FF044B13B10448AFF3008001237C
:10021000237010BD0C1E0020000000001C7A010895
:1002200008B5054B1BB105490548AFF30080BDE893
:100230000840FFF7CDBF00BF00000000A81C002051
:100240001C7A0108A3F5803A704700BF174B002BBA
:1002500008BF134B9D46FFF7F5FF00218B460F4665
:100260001348144A121A01F0C6F90E4B002B00D0A5
:1002700098470D4B002B00D0984700200021040028
:100280000D000D48002802D00C48AFF3008000F0AC
:10029000D7FB2000290000F089FA00F001FB00BF25
:1002A0000000080000000000000000000010002016
:1002B000A81C0020101E002000000000000000000C
:1002C0000346054A0549106803448B428CBF4FF032
:1002D000FF301360704700BF0010002000000820AE
:1002E0000348044A0449121A921000F0D8BF00BF14
:1002F000D8860108D8860108101E002008B500F035
:100300002FF8FFF7EDFF124B12498B4212D300205A
:10031000114B12498B4218D3FFF798FF186850F819
:100320002240586840F82240013298688242F5D352
:100330000C33EAE70022F8E71C6844F82200013297
:100340005C68A242F8D30833E4E70022F8E700BF74
:10035000247A0108307A0108307A0108307A0108DD
:100360004FF480414FF0FF30124A134B10B59360A9
:10037000D2F8883043F47003C2F888300F4B996686
:100380000F4901F5005318666FF4003058660D20D0
:1003900098660220C2F8D000BFF34F8FBFF36F8F73
:1003A00001244FF440320748C0F88041DA6004600D
:1003B0000A6110BD00ED00E0000000080090005050
:1003C0000080004400E100E008B5B0B14FF4806265
:1003D0000B4B9A6600F088FF4FF098435A6CD2029C
:1003E000FCD54FF48062586D064B10F470209A666D
:1003F00004D0BDE8084000F098BF212008BD00BF30
:100400000090005000A0005010B5044668B161B1E2
:100410000023074A8360C0E90023C36100F05BFF4B
:100420002046BDE81040FFF7CFBF212010BD00BF20
:100430000000024310B5044668B161B10023074AC9
:100440008360C0E90023C36100F045FF2046BDE89A
:100450001040FFF7B9BF212010BD00BF00000343CB
:1004600070B50E461546044686B0D0B1C9B1C2B1CA
:1004700000230D4A8360C0E90023C36101AB0393ED
:1004800001230493094B03A9059300F01AFF2046AA
:10049000FFF79AFF18B9019B3360029B2B6006B0EF
:1004A00070BD2120FBE700BF0000044308000020CE
:1004B0001FB5044698B191B100230A4A8360C0E990
:1004C0000023C361012301910293074B01A9039308
:1004D00000F0F7FE2046FFF777FF04B010BD2120A3
:1004E000FBE700BF000008430400002010B50446ED
:1004F00000F0E0FE024B1C6000F0E0FE002010BDAA
:10050000C01C002010B500F0D5FE034B1C6800F0A5
:10051000D5FE204610BD00BFC01C002013B500232F
:1005200001241A4619461846009400F0CBF800231F
:1005300000941A461946184600F0F6F80248FFF7EC
:10054000D5FF002002B010BD0410002008B5124BEA
:10055000A8220021184601F04EF80322034602614A
:1005600042610E480E4A98614FF48061DA610022C0
:1005700019629A625A62DA6218660A48586699667F
:1005800009491A67DA665A6711F8010D9854013261
:10059000102AF9D108BD00BF001C00209578010881
:1005A0000018002000140020AE7801082DE9F84F53
:1005B000DFF88080824698F800308946532B164633
:1005C00001D0FFF7C3FF182707FB0A873D6FD7F855
:1005D0006CB05D452BD9BC6E796E641BB44228BFEC
:1005E000344648462944224601F010F8BB6E2544A3
:1005F000AB4208BF0025A144361BABEB050B5E45A3
:1006000028BF5E4656B1182303FB0A83596E324653
:100610002944484600F0FAFF3444354424B11823F5
:1006200003FB0A88C8F870502046BDE8F88F002404
:10063000E3E700BF001C0020F8B5182700FB077592
:10064000124B0E461D4407FB0033DB6A1446012B98
:100650000AD0022B14D023B9284600F0FEFE8442B3
:1006600008D900242046F8BD284600F0F6FE844252
:1006700028BF044622463146284600F0F7FEF1E73F
:100680002846BDE8F84000F00CBF00BF001C002069
:10069000F8B50B4B04461B780D46532B164601D07C
:1006A000FFF754FFEFF311874FF0200181F311881A
:1006B000324629462046FFF7BFFF87F31188F8BD71
:1006C000001C00202DE9F041164C1E4623780546FB
:1006D000532B8846174601D0FFF738FF022D1DD84F
:1006E000EFF3118C4FF0200181F3118865B11820D0
:1006F00005FB000344F80380E2180023576000FB69
:100700000542166293625362182303FB0544069B5D
:10071000E3628CF311880020BDE8F0814FF0FF30D8
:10072000FAE700BF001C00202DE9F843154E1F46D4
:1007300033780546532B8946904601D0FFF706FFD4
:10074000022D1BD8EFF311824FF0200181F31188A5
:1007500055B11824002304FB0564C4F86090C4F864
:100760006480A7662367E366182303FB0566089B7E
:10077000736782F311880020BDE8F8834FF0FF30E3
:10078000FAE700BF001C00204FF4005382B0019331
:10079000019B5A1E0192002BFAD1034A136923F0E0
:1007A0000403136130BFF9E700ED00E0F0B58DB050
:1007B0000021202204A800F01EFF4FF0FF344FF468
:1007C00080322C4B01945A664FF480629A66FFF790
:1007D000A5FE00F0A6FD04A800F0D5FD03AA02A91D
:1007E00004A8CDE90244FFF73BFEDDE902122248EE
:1007F00000F00CF9214D01A904A8FFF759FE019959
:100800001F4800F003F9EC681E48214600F0FEF88E
:10081000019B24F07F4423F07F43A34204D31A4872
:1008200000F006F9FFF7B0FF184F194E3B681B6840
:10083000B34201D11748F3E704A800F0A4FD29460C
:1008400004A8FFF7E1FD04460146134800F0DEF876
:100850004CB93B6829461E6004A8FFF7EBFD014632
:100860000E4800F0D3F804A800F097FD00F05BFDFF
:10087000D8E700BF00900050AF780108E01A0008E8
:10088000EE78010806790108267901081010002089
:10089000EFBEADDE50790108747901088C7901084A
:1008A00008B5064B044613B10021AFF30080044B9A
:1008B0001B6803B19847204600F09FFD0000000030
:1008C000FC1D0020002310B5044683608181194679
:1008D0004366C28108228361C0E90033C0E9043362
:1008E0005C3000F088FE0D4B246263620C4BA36207
:1008F0000C4BE3620C4B23630C4B9C4206D003F180
:100900006802944202D0D0339C4205D104F15800D1
:10091000BDE8104000F077BE10BD00BFB31800085E
:10092000D51800080D19000831190008C41C002052
:10093000024A0349034800F0EBBD00BF1410002039
:10094000631800082410002041680C4B994210B530
:10095000044601D000F085FFA168094B994202D0FE
:10096000204600F07EFFE168064B994204D0204605
:10097000BDE8104000F075BF10BD00BFC41C0020D2
:100980002C1D0020941D002010B50B4B04210B4C96
:100990000B4A20461A600022FFF794FF04F168001A
:1009A00001220921FFF78EFF04F1D000022212215B
:1009B000BDE81040FFF786BFFC1D0020C41C0020CE
:1009C00031090008014800F01FBE00BF0E1E0020C4
:1009D000014800F01ABE00BF0E1E002010B50446EC
:1009E000FFF7F0FF236A1BB1BDE81040FFF7F0BF2F
:1009F000044B2362044B1B68002BF5D1FFF7C4FFA7
:100A0000F2E700BF49090008FC1D00200FB407B53C
:100A1000064904AB086853F8042B8168019300F081
:100A200033F803B05DF804EB04B0704720100020E9
:100A3000024B0146186800F089BD00BF201000205D
:100A400070B50D4D00260D4C641BA410A64209D1B3
:100A50000B4D00260B4C01F023F8641BA410A6429A
:100A600005D170BD55F8043B01369847EEE755F8BF
:100A7000043B01369847F2E7701000207010002008
:100A800070100020741000202DE9F04F0D469DB02D
:100A900014469846064618B1036A0BB9FFF79EFF45
:100AA0006B6ED90705D4AB899A0502D4A86D00F006
:100AB000ABFDAB891B0701D52B699BB92946304695
:100AC00000F0D4FA70B16B6EDC0704D54FF0FF3044
:100AD0001DB0BDE8F08FAB899805F7D4A86D00F084
:100AE00094FDF3E70023CDF80C804FF00109DFF807
:100AF000B481099320238DF8293030238DF82A30D2
:100B000023469A4613F8012B0AB1252AF9D1BAEBEC
:100B1000040B0BD05B4622462946304600F09AFD76
:100B2000013000F0A780099A5A4409929AF80030DF
:100B3000002B00F09F8000234FF0FF320AF1010AE2
:100B4000049307938DF853301A93CDE90523544647
:100B50000522544814F8011B00F08DFF049AD8B9FF
:100B6000D10644BF20238DF85330130744BF2B23F5
:100B70008DF853309AF800302A2B15D0079A544636
:100B800000204FF00A0C214611F8013B303B092BA5
:100B90004BD9B0B1079214E0A0EB0803A24609FAC2
:100BA00003F313430493D2E7039B191D1B68002B27
:100BB0000391BBBF5B4242F0020207930793B8BFA9
:100BC000049223782E2B0AD163782A2B32D1039BEF
:100BD00002341A1D1B6843EAE37303920593DFF89E
:100BE000D4A003222178504600F045FF38B1A0EB95
:100BF0000A004022049B013482401343049314F8FA
:100C0000011B062228488DF8281000F034FF002828
:100C10003FD0264B1BBB039B073323F0070308334E
:100C20000393099B3B4409936AE70CFB02320C4691
:100C30000120A8E7002301344FF00A0C1946059360
:100C4000204610F8012B303A092A03D9002BC6D0D0
:100C50000591C4E70CFB012104460123F0E703AB37
:100C60002A4604A930460093114BAFF30080074693
:100C7000781CD6D16B6ED90705D4AB899A0502D4FE
:100C8000A86D00F0C2FCAB895B063FF51FAF099869
:100C90001EE703AB2A4604A930460093044B00F03C
:100CA000ADF8E4E7E8790108F279010800000000F6
:100CB00055160008EE79010870B50F4E0C46054632
:100CC000316811B900F07EFA30602146284600F004
:100CD00079FA431C03D14FF0FF34204670BDC41C89
:100CE00024F00304A042F8D0211A284600F06AFA42
:100CF0000130F2D1EFE700BF001E00202DE9F843DC
:100D0000CD1C064625F0030508350C2D38BF0C25F3
:100D1000002D01DBA94204D90C2333600020BDE87B
:100D2000F883DFF8D48000F095F9D8F800301C463D
:100D300044BB29463046FFF7BFFF431C044658D149
:100D4000D8F800402746002F43D1002C4BD0236811
:100D50003946304604EB030900F034FA814542D1AC
:100D6000216830466D1A2946FFF7A6FF01303AD0B8
:100D700023682B442360D8F800305A6862BBC8F857
:100D800000700FE02268521B20D40B2A17D961197A
:100D9000A342256018BF5960636808BFC8F80010F7
:100DA00062514B60304600F05BF904F10B00231DEB
:100DB00020F00700C21A1CBF1B1AA350AFE76268DD
:100DC000A3420CBFC8F800205A60EBE723466468D2
:100DD000AEE73C467F68B6E71A465B68A342FBD1A4
:100DE00000235360DEE70C233046336000F038F90F
:100DF00094E70560D6E700BF041E00202DE9FF47F9
:100E00000F7E914680460C46782F9A460C9E01F143
:100E1000430207D8622F0AD8002F00F0DD80582F38
:100E200000F0C38004F1420684F842703AE0A7F172
:100E30006303152BF6D801A151F823F0950E000895
:100E4000A90E0008250E0008250E0008250E000832
:100E5000250E0008A90E0008250E0008250E000822
:100E6000250E0008250E0008BF0F0008370F0008E8
:100E7000770F0008250E0008250E0008E10F000876
:100E8000250E0008370F0008250E0008250E000863
:100E90007F0F000833681A1D1B68326004F1420698
:100EA00084F842300123A8E031682368081D3060CF
:100EB0001E0601D50D6803E05D06FBD5B1F90050B3
:100EC000002D616878DA2D200029A16084F84300A4
:100ED0002DDA6D425D480A231646B5FBF3F103FB9C
:100EE0001157C75D06F8017D2F460D46BB42F4D968
:100EF000082B0BD12368DF0708D523696168994265
:100F0000DEBF302306F8013C06F1FF36921B22615A
:100F10004B4603AA21464046CDF800A000F0ACFBAA
:100F200001306FD14FF0FF3004B0BDE8F08723F0FF
:100F300004032360CDE721683368080653F8045B97
:100F400002D4490648BFADB26F2F33603F4814BF8B
:100F50000A230823002184F843106668002EA66047
:100F6000BADB216821F004012160002DB4D1002EEC
:100F7000B2D11646BCE7236843F0200323607827EC
:100F80003348236884F845701F06316851F8045BC4
:100F900002D45F0648BFADB23160D90744BF43F009
:100FA000200323601DB11023D4E72848E9E7236814
:100FB00023F020032360F6E724480A23CDE73368B3
:100FC0002568181D616930602E061B6801D51960FF
:100FD00002E06806FBD5198000231646236197E7D7
:100FE000336800211A1D32601E686268304600F0C6
:100FF00042FD08B1801B606063682361002384F8B0
:10100000433085E72369324649464046D0470130A0
:1010100088D023689B0714D4E068039B9842B8BF2C
:10102000184681E70123324649464046D047013001
:101030003FF478AF0135E36803995B1AAB42F1DC0A
:10104000EAE7002504F11906F5E700BFF979010880
:101050000A7A0108014800F0D7BA00BF0D1E00202F
:10106000014800F0D2BA00BF0D1E002038B5294B50
:1010700005460C46186818B1036A0BB9FFF7AEFCB9
:10108000B4F90C30190722D4DA0607D409222A60F1
:1010900043F040034FF0FF30A38133E0580712D5EF
:1010A000616B41B104F14403994202D0284600F03B
:1010B000ABF800236363A38923F02403A3810023F7
:1010C000636023692360A38943F00803A381236934
:1010D0004BB9A38903F42073B3F5007F03D02146F5
:1010E000284600F08CFCB4F90C3013F001020AD051
:1010F0000022A26062695242A261226942B913F0E1
:101100008000C5D138BD990758BF6269A260F4E775
:101110000020F7E72010002038B50023054D0446D5
:1011200008462B6000F067F9431C02D12B6803B11D
:10113000236038BD081E002038B50023064D044644
:10114000084611462B6000F059F9431C02D12B6868
:1011500003B1236038BD00BF081E002038B500234E
:10116000054D044608462B6000F04DF9431C02D1A2
:101170002B6803B1236038BD081E002038B5044633
:10118000064D0846114600222A601A4600F03DF935
:10119000431C02D12B6803B1236038BD081E002018
:1011A00038B50446064D0846114600222A601A4604
:1011B00000F02DF9431C02D12B6803B1236038BD28
:1011C000081E002038B50023054D044608462B6054
:1011D000FFF776F8431C02D12B6803B1236038BDBA
:1011E000081E002038B50446064D08461146002268
:1011F0002A601A4600F019F9431C02D12B6803B18A
:10120000236038BD081E002038B50546002941D0AE
:1012100051F8043C0C1F002BB8BFE418FFF71AFF6D
:101220001D4A136833B9636014602846BDE838402E
:10123000FFF716BFA34208D9206821188B4201BFCF
:1012400019685B6809182160EDE71A465B680BB105
:10125000A342FAD911685018A0420BD1206801446A
:10126000501811608342E0D118685B6808445360ED
:101270001060DAE702D90C232B60D6E7206821182A
:101280008B4202BF19685B680918636008BF216060
:101290005460CAE738BD00BF041E0020FEE710B549
:1012A0003AB1002350F8234041F8234001339A42D9
:1012B000F8D110BDEFF3108072B6704700B962B676
:1012C0007047836813B9816070475B685A68012A68
:1012D000FBD159607047C369032B9FBF00EB8302AA
:1012E0000133D160C3617047C369042B14D84FF038
:1012F0009842116CC902FCD504339B001365016848
:10130000103B11604168116050F8081F11604FF0E8
:1013100098420344984200D1704750F8041F11606E
:10132000F8E70020704700207047B0F5802F22D0EA
:1013300010D8B0F5003F20D007D818B3B0F5803FE3
:1013400008BF482018BF01207047B0F5403F08BFD4
:101350002C20F7E7B0F5302F11D007D8B0F5E02FEB
:101360000FD0B0F5202F08BF1020EBE7B0F57F0FAE
:1013700008BF0620E6E74B2070472A20704711205F
:1013800070472120704708B528B12022002100F0C5
:1013900032F9002008BD2120FCE708B1FFF7F3BFB8
:1013A0002120704770B50C46154610B9FFF7AAF812
:1013B00038B143682BB12A462146BDE87040006829
:1013C0001847232070BDF7B50D4616461C4648B198
:1013D00003B901AC87685FB12346324629460068ED
:1013E000B84706E0FFF78EF804B901AC0028F1D148
:1013F000232003B0F0BD00207047FEE74FF40053F8
:1014000000204B607047012070470020704707B5EF
:10141000002001AB0190FFF7D6FF0198002808BF1C
:101420004FF0FF3003B05DF804FB10B51446002008
:10143000FFF7B8FF204610BD10B500201C4600F095
:1014400059F8002820600CBF1B20002010BD08B5F3
:101450000020FFF71DF9002008BD0369C268934210
:101460009CBF81685B18013B981A70472DE9F041D9
:10147000D0E902840546A8EB040640689642204461
:101480000F46144404D900F0C1F8EC60BDE8F081C7
:101490003246A4EB080400F0B9F822466868B9198E
:1014A000F1E72DE9F8430646894617464FF0000854
:1014B000C5683369B4689D4228BF1B19641BBC42D0
:1014C00028BF3C46013B5B1B9C4228BF1C46706802
:1014D00049462844224600F099F8B3682544AB42B7
:1014E00008BF00253F1BA044A144F560E1D1404660
:1014F000BDE8F88310B50B46EFF311844FF02001DF
:1015000081F311881946FFF751F884F3118810BD53
:101510002DE9F8430746884614460026D4E901958C
:10152000B9F1010905D52468002CF7D13046BDE892
:10153000F883AB89012B07D9B5F90E30013303D0FD
:1015400029463846C04706436835E9E7036A70B55F
:1015500005460E4684680BB9FFF740FA636EDB0759
:1015600005D4A389980502D4A06D00F04DF8A38995
:10157000190702D52369002B35D121462846FFF7EC
:1015800075FD80B34FF0FF35636EDA0705D4A3898C
:101590009B0502D4A06D00F038F8284670BD002BE2
:1015A00015DB23685A1C22601970A36816F8011F06
:1015B000013BA3600029F2D1002B16DA22460A2152
:1015C000284600F0B9F90130DCD00A25DCE7A26931
:1015D0009A4201DC0A29E4D12246284600F0ACF9FF
:1015E0000130E2D1CEE7013EDFE723685A1C2260DA
:1015F0000A221A70E9E702440346934200D1704779
:1016000003F8011BF9E77047704770470A44431E0F
:10161000914200D1704710B511F8014B914203F887
:10162000014FF9D110BD9368013B002B936010B4BA
:1016300008DA9469A34201DB0A2903D15DF8044B5F
:1016400000F07AB91368581C1060084619705DF8EC
:10165000044B7047F8B506460F461446D518AC4201
:1016600001D1002007E03A4614F8011B3046FFF78D
:10167000DAFF431CF3D1F8BD2DE9F0471646984632
:101680008A6807460B690C46DDF820909342B8BF84
:101690001346336091F843200AB101333360236865
:1016A000990642BF336802333360256815F006059A
:1016B00006D104F1190AE36832689B1AAB422BDCAD
:1016C00094F843302268003B18BF0123920630D4BF
:1016D00004F1430241463846C847013023D023680D
:1016E0001A3454F80A2C03F00603042B0ABF54F8EA
:1016F0000E5C002533684FF0000608BFED1A54F861
:10170000123C08BF25EAE5759342C4BF9B1AED1849
:10171000B5421AD1002008E001235246414638461E
:10172000C847013003D14FF0FF30BDE8F0870135E5
:10173000C1E7E1185A1C30200233224481F84300EB
:1017400094F8451082F84310C2E70123224641462F
:101750003846C8470130E6D00136D9E7B1F90C2048
:101760002DE9F041170705460C4656D44B68002B6F
:1017700002DC0B6C002B3DDDE66A002E3AD0002324
:1017800012F480522F68216A2B6025D0626DA389E4
:10179000580705D56368D21A636B0BB1236CD21A54
:1017A000216A0023E66A2846B047411C24D0002362
:1017B000636023692360A389DA0400D56065616BE7
:1017C0002F60B9B104F14403994202D02846FFF7D3
:1017D0001BFD002363630DE001232846B047461C30
:1017E0000246D4D12B68002BD1D01D2B01D0162B53
:1017F0002AD12F6000202EE02A68B4F90C3042B1C3
:101800001D2A01D0162A21D1002363602369236099
:10181000D5E7626022692260CEE70F69002FE9D028
:1018200093070E680F600CBF4B690023A6EB0708F7
:101830008B60B8F1000FDDDD43463A46216A284649
:10184000A66AB047002808DCB4F90C3043F0400326
:101850004FF0FF30A381BDE8F0810744A8EB0008FA
:10186000E7E738B50B6905460C4613B9002528464D
:1018700038BD18B1036A0BB9FFF7B0F8B4F90C30F2
:10188000002BF3D0626ED00704D4990502D4A06D6A
:10189000FFF7BAFE28462146FFF760FF636E054654
:1018A000DA07E4D4A3899B05E1D4A06DFFF7ADFE70
:1018B000DDE710B50C46B1F90E10FFF771FC0028FA
:1018C000ABBF636DA3891B1823F48053ACBF636562
:1018D000A38110BD2DE9F0411F468B8905460C46BA
:1018E000DB05164605D502230022B1F90E10FFF7DD
:1018F00045FCA3893246B4F90E10284623F48053E0
:10190000A3813B46BDE8F041FFF76CBC10B50C4627
:10191000B1F90E10FFF732FC431CA38915BF6065B7
:1019200023F4805343F48053A38118BFA38110BDD7
:10193000B1F90E10FFF7F0BBF8B50E461446054698
:1019400018B1036A0BB9FFF749F8A369A360A3892B
:101950001A0701D5236943B921462846FFF786FBBC
:1019600018B14FF0FF373846F8BD2368F6B2226948
:101970003746981A6369834205DC21462846FFF7FB
:1019800070FF0028EDD1A368013BA36023685A1CB7
:1019900022601E70431C62699A4204D0A389DB074F
:1019A000E1D50A2EDFD121462846FFF75AFF00284D
:1019B000D9D0D6E770B50C46B1F90E1096B01546E1
:1019C00000291E460CDAA389002113F0800F14BFF2
:1019D00040234FF48063002031602B6016B070BD4F
:1019E0006A46FFF7A9FB0028EDDB019901F470417D
:1019F000A1F50053594259414FF48063EBE78B89BD
:101A0000F7B59D0706460C4607D504F1470323604A
:101A100023610123636103B0F0BD01AB6A46FFF7A8
:101A2000C9FF009F054630463946FFF767F948B9B8
:101A3000B4F90C309A05EED423F0030343F002030B
:101A4000A381E2E7A389206043F08003A381019B87
:101A5000C4E904075BB1B4F90E103046FFF77EFB12
:101A600028B1A38923F0030343F00103A381A389D1
:101A70001D43A581CFE7C9B20346024410B5934286
:101A8000184601D1002003E0047801338C42F6D1DE
:101A900010BD000000000000000000000000000079
:101AA000F8B500BFF8BC08BC9E467047F8B500BF4B
:101AB000F8BC08BC9E467047000000000000000013
:101AC0000000000000000000000000000000000016
:101AD0000000000000000000000000000000000006
:101AE000EB17A65EAD5D0100105D01000702020567
:101AF00001010000900B5C2288AA9E95B9105865E0
:101B000075B1DBF09490FC0C29817266FACB81BA36
:101B10005126F23C860F702C5F34A67987CB65FD89
:101B2000B97059EE8467D73F96CF270A1077A26124
:101B30009E13FB659B7F0E4AE5093B4DC8D5EF031D
:101B400042965A8100EADFBBCE806514FCA14CC9E5
:101B50007254B93248532CD67FA0E38800EEAC66AD
:101B600022A1957C2BF3C0D9761324E32673A2CA55
:101B7000C93EE5D16D71377DB71450794F99A4EE08
:101B8000C5564A9802C348305BBA9EF1D095292ABF
:101B90003F5D89AF8BBC8E916009BF1D1BF1F9F2CF
:101BA000DE6B1C8150DCAC47924ECB782AD1C3C48B
:101BB000EB6AB190E3B974808D66B6D26F14162AC1
:101BC000269D7602C2BCD8378FB61F9726F62B45C6
:101BD0002A877F1354E3D82A08B659F43F2D0CAB5B
:101BE000E083E713CF3E6E2780B1114AD67BEB0529
:101BF000DEF2AFA4839FA37C42A48DF06D81F447F5
:101C00007D568308080276EB493960C0D1D49F6ABB
:101C10002ED36BCCCCD70D44316381B8A7EE77C5FA
:101C2000C963552550135CF9BEB187768434EFE65D
:101C3000BD68200BA28DF2EF7675D9ED164DCDE77C
:101C40008D546641D26105BEA98F780C3E2E5E137D
:101C50005D60D2CF16FABDD125DE3948C4AED0249E
:101C6000A9E228B1791BEBD5878B322F2EF9F90128
:101C70000678A7662B9589BD377E59833A26B17CB5
:101C8000D77F5D952A7A57B10422DDF59980E75810
:101C900045CBC2A94046C8BC28205965F74F347FC0
:101CA00050ADAF58B4958F2CA1E45CC8850693FD68
:101CB00061BB6AB7F8511D9E39B82029D1FE05AC29
:101CC0004570F43285039296A392B4691DEB8205A8
:101CD000A7E726885FB5821FE5813587C8078C177F
:101CE0003B90FE0BF7CDB1061170DEC47403434781
:101CF000D2E29089466840FC25866FEA5103A8FC31
:101D0000EDCF8B6C67DA7D703F5D8EA578B08D73FB
:101D100072AB40B8EA74FCD3AC7FB0618471821FAF
:101D20001D696ECC4B170CCB026EF720F161EF846E
:101D3000325C84C0CC97F4D073E99B48EFA9A99496
:101D40005558077048D6434780636CEA52D337CF63
:101D5000E0D5241F31635D1FD043FD9385B42B571D
:101D60003216380814FAFD04AE3F125C2FFC98744A
:101D70008249348A21BC404373D83DA0754D5EB979
:101D800082A0E249999D43221B5E4F7FF4CF7FEBF7
:101D9000D49F6FD54D36369747DEB67294D979CE3B
:101DA0002AD1EF3269ED57B2256B974DD8A27EC18B
:101DB000B75B38FE0FE69A0E4DC98323CA080F257C
:101DC0008337CB20D2553882C6ADC024A2399B3090
:101DD000DCAFA9DC9BE8666B58451B758AAB9C544D
:101DE000A6BE50A2F258947F5B48EAC80B1820F2B6
:101DF000C7487C0F81F9FBD50668F248782E190890
:101E00007603A314A8A69D6E95A3CFE034BE9D2EA5
:101E1000B7B91DEC9D92F1EB494D7E2241A52853A7
:101E200092371F49CBAB84101A709BFC5DC9B56912
:101E30003116229921138DA8DD23DBD341BEEC8F0F
:101E40006566DDF38ED1EFC1368C8978AD54818122
:101E50009A947083A2EDA0F97AD1E8BFB879319451
:101E6000A0EB7B5B8A4DC6B4267FEC8BF7256BDD40
:101E700066BD3BB9C90AA36FD58D8A977057948701
:101E8000C9E2E65985D471390AB0C5D99F8338FDB6
:101E90009E387C58AE3829C9FFFC208E6351D3C7C9
:101EA000BBC9D7FF1F78B250564A9274210792D807
:101EB000DE56273B861874C5DE8825C0D56FE4132F
:101EC000B129DD47E3EFEE2C425F7A879879BAFAC1
:101ED000119AADB7F0E51C1EAFADE1B719A043599B
:101EE0002906014F78BE7E486FE843A263F779D197
:101EF00095B1770F7057BBC6B254196EC23364C127
:101F00008A3A46FBAE8F997FB1283967E479B9A741
:101F10006BBE4702D344819FCB009D15E93C07CEA1
:101F2000AFC8AC82C5B423B13C7384560FBC7CB23D
:101F3000FABEC0DE2725D915586182F935EF0B9C12
:101F4000D9549EC0B200861F900F3E10D07EA5636C
:101F5000847510F2EFF163BF71AAA33B9F528DE825
:101F6000F1474BC97198B3A4A2524B373438A582BC
:101F70002177BA9FF5D69164269FF0825C0C678B1F
:101F8000A97A259B41873EBF1FD71E7346644F70B9
:101F9000A4AE2F694243C2703EE98ACFC9F632240B
:101FA0003262EF714CB80B81F71575F25C7DD96820
:101FB0002DBC47E298A7B990F758BB25D9D526770D
:101FC0004564A61BCEEA3E1D12FC3217E2EAB63B80
:101FD000D0668E2CFB7CB6EE5CB47F5E8F4AA4A4E8
:101FE000D62985F08B9DC092989DC79457671C8C0D
:101FF000BF408BFF6F11DEF82964CD0F9E39F829A1
:10200000FC819EF055BDD1329D71C932EEAB770691
:10201000981354618F0FE5A169AEFE035A9CF90332
:10202000024AC747B12DA155D4AAA155F920047180
:10203000C89063EDD049DAC00A49059A1A589EF251
:10204000E39B973196E4297521803DF38CB9DEE559
:102050003042042ED311CA94980F3CC1B11F24A55D
:10206000D47A9FD498FB965554D368336C24563851
:10207000AB1DB34FF458E89A4FFB6BF8A0692209E7
:102080007A024D1CF351A974762C5B3BE9946B1CCE
:10209000A5E1EE0A30F4B7DDE5215E29EB0F5940EA
:1020A0009CC8C73C190875D14415B93498DDF8525D
:1020B000A0CD59393C248C6AE583ADF83678FD967D
:1020C000AA023C5B6C37474490201761D6755509CE
:1020D000EAB899757D6BA7C68FC3ED3EBF95660ABA
:1020E000A2F57ED13F51E46C0A981073CDBED2D7D1
:1020F00072E90D4F7D917DA81430CF796E8E419D90
:10210000C05303D8E82ED2A1CEAC8A7433FC09990F
:102110005FEDD3FA1814F94A655FB02A7BC7250929
:102120002D6BFF4A024A0EAF3F8FD616E291A9E906
:1021300026C965820AA84916A2F8CB509B1BBAF89B
:10214000BB4A2AC3A7F32F783DFECAABA362E03E89
:102150005BA89C91AA762D935B0830BCEA5A1A3D85
:1021600043F8F5BE0909A180B37E0D89210B7AC51C
:10217000EC661F133A25ACBB1086305BDFFC6BCAE4
:102180008538CC68089CAE956BDFFD1B966872FCA9
:1021900054535A11FD8BFECB6EDB79BEEAA9745203
:1021A000A93C2F534B9C806A8F32BED7A72901765A
:1021B0007BB5204E79BC2719FF87087C2C4B6EAE6F
:1021C00048124EEE6F48B795AE974A59EB230BA7CE
:1021D000210C24645B49C73569410A40F9F348CEB4
:1021E000BD8F0FE6E363D2E07849FD0E6EA6531172
:1021F00004C9D8E06BA11F77D7AD3AF3400172C98B
:10220000CAF77F86864C83EE3BC1FA99318A2D8FBF
:102210006FDF1DA7E0537DF082F1A6F1139E2647E4
:10222000BEBCD01B57DFC4054C125B00D7DF2CA30C
:10223000C25708EA2BCE4B2AFDA372AC3412853666
:1022400033C7C019ECD63F2955E8FC6B4BC635D2D5
:10225000AA3AA27201ABB005F6D6584681D26C5AA2
:1022600064F0031C787124662DCA573DB6EABB0C96
:102270002CF9B4B62D968E81154070D286E89D9CBF
:102280004F5BFD77A51DBC8D81B994624BA873D8B7
:10229000635D5305635AB5C882E87423DAF33DDF02
:1022A000CF25FE9D164F19D6F71BEE8D8BBE4C4DDC
:1022B000407F1292C6D6C080A0CA246567C033BDD5
:1022C000A3CBBBB58795431CD81076C799378563D8
:1022D000E6DDA074E980F3402FACB13929AB275972
:1022E000FFAB3F02D0CA83CB5DB46FA1DE4B1A7542
:1022F0004B5218A0728901C9A421CEB33317D0D490
:10230000CC2C147B4E91DD16869872B1B0A0B3CD63
:10231000A135E905F2722E3927A3ACBB315AD4BDE1
:1023200058A92133BB9C4E38B5923642AFE6AA1865
:10233000DF13F4A3C2684FD9F560695297729D0408
:102340004309CBD7C877704ED7870E9EBDD437854B
:1023500035AF22C90B1ED6B2133B9EA28FE4BC3A06
:1023600070DE864DDAC8DFD151AEB7869CC1EDDE96
:10237000CECE78029AD5182A61E670BFD5A919C8C1
:10238000C4186F37D445F410E36C8CD48E81B676C4
:102390001ECC8E4B50669738B5D870A816BE431029
:1023A000A679FC34DC00DE7C3505133EA7910A4A91
:1023B00061DC01FB2818D5623405DE850AA1AAD4A8
:1023C0005307DD4D948C27EB816654A2114029D62A
:1023D0001FBD063397F96784901BC29487F48BF373
:1023E000619A0F2A38975611B6F65808E4E3AAE71F
:1023F00096B478C0872A9B333BC5B0016864F60F5A
:102400005089C5EA69182100CBF1F6F72ABA71E4C0
:1024100012B2BF2BD1DE6B1207D7FFEF1A088CADBB
:10242000544136F648EF21B22C17D97AD242779B25
:102430007D84D37E159ABF5BEF0226A55C5834F3EA
:1024400061940E1B38BA20A80FFFA444A911D039FB
:10245000275654DE4F61FB187F785C930C011C22D9
:102460007A25F0630D563C92E740508B9A5265AB4B
:10247000797CB53AD54F31526304BEABB14832D501
:10248000D2D37EE15E7325D803A4AD11CD64B05ADA
:102490009310C02AE84284E903FC3CACB012C0FFB0
:1024A000CD1F7DB12EEF386F5BEDDE4451CAE030B9
:1024B0008D92C822FA3E509EE29F8D33EDA11BFF04
:1024C000E4442E145B9C63323342A881A3FFC3CB48
:1024D0006216C88662A521A88FF4CF64F262D0A0EC
:1024E0005F46B8AA619A528A81F31BBAB4E7C6F074
:1024F000398E151F66E32F13653DD2F1A8E6577696
:102500003A9F48F6D36BB6262C9B0EE775B22A226B
:10251000F225BFE02EA952EB84054B10359C96C2E4
:10252000A79AA2E925CBD74890F829A985880698CB
:102530008DD3DCCB9B1EC9F497371DADA2B1BDDF97
:10254000CCD3B13ED1D3F9E2909413AFD46496A02A
:10255000E2833B8ABE3CDC97504544618C34A82121
:102560004A2B74FE8A19A7E6EC96E4764633A2223B
:102570005DBEBF5E8A060685F4DFECFB7D23318FEE
:102580009307DD9CE3046E77663FA5997AD820AC6B
:10259000AE3BCA6D3646FA313749B57B6BDFED6726
:1025A0006DE68FE61E40C57176BF851C90FBD51089
:1025B000F44BDE18E3D1674B9ADEF21BEF611A9FF2
:1025C000233802B39BA7F2324E7147D61EFDADFCF5
:1025D0001E7498BF47636831F557E66AD3EA008DE9
:1025E000BC2679A33EE0EA35CA9923578CD3449C94
:1025F00051CD50506CE5627386877067D2F5D9363D
:10260000D41BAB851F848EF4E391EC293CBD7E483E
:1026100086F56193770C7764E2D3525F674887F958
:10262000C85A0FE97C3AC1EF5112CA51DFD44E6D3E
:1026300090C9167FC3CE17D47AA4752ABDC1540B96
:10264000E2D8AD91507C989D53CA81719949CF7B56
:10265000311765F03D540F838162B15D333B45C650
:10266000E74313C6F02378168EF6C17BB2A6C0529C
:102670007B10D24A2698ADF7A1368C78D0AA79166D
:102680005245B3FAF88A7D1A49016D0E17662FE795
:10269000540965CB63BA40A22758047A838D2F8CE6
:1026A000AAC8C99064D5BDE4F6EB6B1905F981B7EA
:1026B000E0D4B9D3B163D2CF251EEC43ED22589AB2
:1026C000539516913710A2C074EE2C1B13AE65847F
:1026D00034C06F549E17EB167CBC442336176561DB
:1026E00063BE643E073F0AC40CB9958DF85A80DE7C
:1026F000FD064F1BE60302877BC196E94BCD4D8556
:102700006A4AA19063069984E34822C4C2F5F4A5FD
:10271000F0F8DED23E7D007FC8A86AA98CC1C5F161
:10272000FAFEE88DA03723475D0C2475D16C20F9A3
:102730007A9263574C964EB70D5E3B4E3CE1CD1FEF
:102740001EB9D198651DF86B95AB66A4A0E9BD2CA8
:102750000B3095B02E4DE31194C4275ADECDC0FB4B
:10276000FEF5BCA4754436B53520DD8CFFC88E015E
:10277000CB1A6770D9E8649FE233F3BDCAE31A3716
:102780009B446EB109E6C81962545A9ED511387837
:1027900011D1A1D304CCCDF027E07D22F5E27BB5A9
:1027A0004335D0E7262860FE3AC7405125BEA4C075
:1027B00028B5CEF077A7083D5917F7EF484CEDC282
:1027C000B92FA89EAEDB8C270E8EFB2FE635E47664
:1027D000457A68D0E7B95F8EFCA08DD76F3AA5081F
:1027E000851AFD82F868CA30DB4E677A634E0B6447
:1027F000AD66041CFBB6232D0526E86DA75F911579
:10280000234D965B678B1D3D279BF9842729A7677E
:10281000446D4EF694F91DD0D2DE3DCE80EEA9680F
:10282000E807358C235BBBBA7073825C9ECA6B5B16
:1028300014A58FD3A7C4E3421A4C9878B5FD6583DD
:102840008069FDCF573563FBAA74BACABAE6DA6F5E
:1028500035303D8A5E968E722A2BA4CA5CFC60C21B
:1028600054C11F640197A0017269BCFCCFBC5EB368
:10287000781B9FD2D5B11E97A0646AD39033E61817
:10288000D5C4A7409C194DA8E31650CE7FF4F74459
:10289000477E9543E48F82D76A8A761BC16D28CB29
:1028A0009B618BB4115E7CB56309108375E0CB012D
:1028B0000FF5D3B8C257321EF255AC51CF12D80F14
:1028C0002188BC2DA49D464C9A8EAAB972B4E3F51A
:1028D00016D890104A724CE4EAE32787E9B89517B6
:1028E00078F117335792BA5F5436289BF73058A9BE
:1028F0005946091B50C64A9AB13A1A9317D4ACB13B
:10290000FC809184D121046FF27471CA527647CD54
:102910008CB3EE1020E7F6EC92470FAEBB56A197B2
:1029200088B117BCD5D657696CEAFB94776900BBB0
:102930004B69BD054CE21978A14C28ABCF0C5F5F09
:10294000C3280EF39A5FD40044A1EB746B98D2367F
:102950004217EBD0333C3E5F65AF3CACD32C8DBB14
:102960001D37D7606F757D180A14AA711CB8E11461
:102970007AA85E49B54A3FFE3E1119B3325352E977
:10298000ED2DA7E813A358C17E61AD27486837AC89
:10299000F58AA860B19C2FE7FEA9FFFCD7BA555B6A
:1029A000B37D10B7BE488E1E0EC7239C3365DEB4C0
:1029B0001441C4D44CF5A2802B6A0BC4B6171DB9C0
:1029C000C940BEEE976F35B576AE4D6A545A7C4617
:1029D000F4A0FAA0961BB36D4B1F73CAC336975F62
:1029E0007187ADA546606C33EA56E3A40660B2FB7E
:1029F000ACCDE02F1044F2CD8821B8C7770226CFA6
:102A000026CB6131FB1BD4D4B44CD7B6A7E55CAD63
:102A1000E1A1603E43CD7140A8EE94F7A83817635A
:102A2000203F9C4C141A04B020B68968D045A2CF30
:102A3000205A596125846A33A91F222B943BB70F72
:102A4000708E1C7E8108B01420455C313F4AFE1E0A
:102A500070D8BC624D8E442C12EE1CE04A4794158F
:102A6000FF998ABC4FB94E4BC0FF0AB3EBE22BDA99
:102A70006724F7E1B6C9EAA95F0FF6188A4526F878
:102A80006EC30A095153A01B1983B3DCCD4A6004FD
:102A900022A4F6B8036C57C65C3D53D642F7003407
:102AA000E696A986487BABE3D3ECF3ECB9DDBAF646
:102AB000916BC6FDE8F866637027B980E71D2B5A55
:102AC0007001B1BB78E073314BF6D274EBA4E888A7
:102AD0002EA0756793217F72340777C91D1DA47DD1
:102AE000A0F933565367F46C3C88BA17167FCF5B56
:102AF0003A11CA3EE62DFAE482E2B244648236DA42
:102B0000BB6EE425F05B0A3E2C7E59B422B8BD733F
:102B100023C045A522CFD4855CE4B85E1F69FD8E35
:102B2000B40ECB3773206BC19A673DCB0283DE8A2C
:102B300004171827F69716E2103CE9D8370FCBF8A0
:102B4000144F294BE0E45FCA2C50496D6BCD57E61A
:102B50002244C2C713F15212CE2D7E564EDFEA9D9B
:102B6000AB47F65E132B033B4E87D8ED3F81CA0679
:102B700092E6F4CBCCE11DCB6861D2A522125AA417
:102B8000C450140516E3DE088C0C4D1F6AAB16EA20
:102B9000BECD146A869B928E0E0FD7B5982E470332
:102BA0006E424DD315E31D90CD622B390E42E2AC3F
:102BB0009E7ADB69FAA358ACDBAE9920059CA24C47
:102BC00028B5C38EB0DE2C51EEEED73B1DDB72452F
:102BD000DD510DDF4D1D8EC26FB218D0E3C351F22F
:102BE0007C838355B9B60A44080AD341107785C25D
:102BF000BF3C320F4D9789C5F039A9F8CB7F7CFCDB
:102C0000E5CB334842BE2CC6DC127138E554C3080C
:102C1000BEFC4F333D4F8EFE1BBECB68E4E04CE163
:102C20000EE1FF5B6467F6610D69C58B603B74B9AB
:102C3000E6790D5CE32D50D3218BB45C210D8238F5
:102C4000C531DE1BA085F14BBE7011A042BE91497B
:102C5000C2F8D40B863CC914B6F9B652FE0DCCFEB0
:102C6000878738B402729BBD908ACC89504F4189C6
:102C700026F14E3F5707324B544447E3D44AF8BC41
:102C800048F0E1768706618255413722A08077B906
:102C9000066676B15B3C9D54F8A2BFCA23DAD5FE26
:102CA0000CAF230D01E260E74D861397FE9866A8EE
:102CB00047F24C694D7938F5F257F72204B855FDC3
:102CC000F93E07376383F871185154F5B1ED00CE22
:102CD0007499870ED5C72E3A42144A888846E38BEA
:102CE000374867038EF6018C50303FB1361DA57210
:102CF0001EC39D58B19CC5D782FD07B49C914F3827
:102D00005121938E765C26F4EEDF87CA8660A73465
:102D1000615EF4DCE41CFE74DF0E4C5C1565473C20
:102D20007A8E3DD1FE0A6C6121396F19456EF3161A
:102D300064BBC3787C0DA22E1775D7C0272324301F
:102D40003F54578244F1F8B83DA08F5DFA21386BAB
:102D50000CE064A8518E8B4D7DF416D2FAB7EA418F
:102D60002C2E92E559060FDAA2A97FD788180BBF3F
:102D7000FD640540A8122F40FCD24C9D5989B97AB8
:102D80004D5448AAE6655331403AA703F2A4C4E281
:102D900034CDB2E832090E51B101A60C6D79170499
:102DA0002E20C703C5FE0B20742AEC27349FFC4558
:102DB0004FCA658DAFA5E93A939AB45309902F9500
:102DC000D32F4DDF9C2FC1D046E7B74BB8F8FB7F20
:102DD00062467F867E63FBBE2FA89D635E85B3CA75
:102DE00093C13F7D67B72BD503A6D78347F7993D9E
:102DF0007C4A75BEA057E8850F2DCA2C84D6F831C1
:102E0000108A47D3B3C0752981B9197C8FDF688CCC
:102E100022CA85AF22F0501279E6107DB11D7FFBEA
:102E2000116A710C319B099D7BD618A22FD5F7280A
:102E3000C2B097A435A8C6C7D74ADA53AFF3F6662F
:102E4000C623CD9C079DF35EC628FEFBD96B35409B
:102E5000F4EE67821DDCC1CD724E018408EF54612F
:102E600013881A82159E52DD76FF9DC2D20C2E6CFD
:102E70002C9947BAAF8D91306B06C6A8366753813F
:102E80002AB359112FEFB247613F12B13C4A3EF5C8
:102E900001300501AA2C009360C741CFAD02002C80
:102EA00083709D2AFD0106CDD5F0E9A0F5D1161D50
:102EB0006E7F4D6643AF57995A39DD0D51F2CA0402
:102EC000C76DA9FEE4A2CB458ACEA6301749D32907
:102ED000F521708B37E81A24310F7F3117A493DF67
:102EE000680259A33AC8F1FEC1DD3B0CC00E864D05
:102EF000412A3376128F5B57061E8E5C39F7425C8F
:102F00004B0B9A48170A6B1F761B89D927D3E8F613
:102F1000978301E31C21493BE1C49C60AE73B1720D
:102F20003E17E837DE3F4056762D7957E815A1E683
:102F30003ED3A5B41474565CF4D6B5A41E304CFF31
:102F400027585EEA0AB1B4F82EEB874A2972AFC758
:102F500063AC0EA78947CAC6AF40BCF6A588DB584C
:102F6000D89E7C45F904310363C172DF51A18AC345
:102F700055701F4531EDF9019C0072A84B3299B78D
:102F80000C2E914F4C903143844796BD189F0459A5
:102F90001D2FBBE8D8D17923CB05A7AA0721DB8455
:102FA000F5EA06322DE9BC80C7541E5ED50894347C
:102FB000237C416249114482B87C2A152CEA011114
:102FC000F9C845CB0360A4FC95D68832256B8B8469
:102FD0009C02FF0D00230AB2FB1F9E62970EA9718F
:102FE000C028E3CA4F12CD3A75B04EDD9620C1A17C
:102FF000DD4624B78F288EF7BC50ABFFE78CF5FF7A
:10300000FEF76BA28AB803AC4F3752328EF21443EC
:103010004BD0C9D0C9522D074FB06495605DC52211
:103020006E4986B8F655563B5EB0981D548C6F07B6
:103030002FBCB510D78E69551C64309037341A4CAC
:10304000642936240FCFADC088AF289167C0C3165E
:10305000EF9282DD71F88A3CAD18B6054752572DC4
:10306000489389287CE228A095716ACD1F65BFF638
:10307000C80FFD2BD17C73DBC0B8279DFE936E80FB
:1030800031F8ED6B21FA3A21549F4E4AAACC866062
:10309000E79FDCA08AFC8F3074281D123DEA0304F0
:1030A00065D0D919DA076133F40AFCC21F6C6B2BA7
:1030B000D85EE9B7885326D81645DE822281666439
:1030C000ACBA81C9472EC7133660E680E08427CFAB
:1030D000C5D08BACF1C161F92DCAF33AB8B4872CD5
:1030E000425B3E847B62305ED5DD86985388E2A2E7
:1030F000A355DD8551D437A1E01C3067E73F2AA0F6
:10310000439EF09EB8553D986488629EAF8FDC2F39
:103110009EF4707F9C88E5C9FF7F1A6A8C27E5BD05
:103120008BFDC0905E2CC3EC2DA3B44778BEC2C00B
:103130002F54A80AC797F073A4D7F405CB9F1A9110
:10314000C05E54BD576961018725EE00354E9BD5A1
:103150004B6059900B59B1C591E74731BD9A73A89F
:103160007E52710F1863EF510CCBF95D120803D238
:10317000A6A322F446DD80222A44D5A511B14E71C2
:1031800075A0D4DCC1E10866BABB81B6D0C7F150E6
:103190008597E3252DA14C56BAE2D88CA73BB522E2
:1031A00088C70A13558ED6733D6EB8506755B596CD
:1031B0001D4DCC3D88842CEAA38A5FE1574B47150F
:1031C0007D2AD40CCB95084A3B421B8063E4769E53
:1031D000922CD1CA8462DBB326C8B06F7255DD97DA
:1031E000A2FFE4DE09953F03250966CFB6AC7C5DFE
:1031F000B6A95234FCD9697127501737CF37DCF79D
:10320000483A77D1E970171894D42A60B887DD80DE
:10321000579DDAFA451F746AD0FAADD6C763468760
:1032200037474F0115F6D45ABD489B9108C79057B0
:103230000A1B1772F5510C9E46EEF975B476B1660D
:10324000B17222C9196B437DA500F792B28DB7C642
:1032500021BE9A905F45EAE8803FF4BAB8F7624D24
:103260002E2EFB8C54C3D2321C968F737F304B6F43
:10327000DC5A90767D6066EF7B84AFA4A7AE61AE2A
:1032800095A8A3CE5C241C3DDCE03520365B33BF23
:1032900079D6A22960530457A25F10C81D8DCED9DC
:1032A000197017E01B4C3E884DF3C49605BCB294D0
:1032B000A31DFD85F0D7A7604F1032EC29C3A84DA0
:1032C000055D6D3BB5F68B604762C717502EFCE974
:1032D00070337170ACF05BE564061B1FFACD4E587D
:1032E0007EB59E724B9CC73B81037C4FB6588A6368
:1032F00001190818630EB98F04C5B63AD32A00B273
:10330000C2980377EFCD2D51F604173C355D079138
:10331000BA2B9E54C82EFC95DF1E3B612245617777
:103320007EC3A78EB8EE3417D410E6FCDE2AE81070
:10333000B05E3EBFEE78B5C8673B3098B60AECC6C3
:10334000A553DA83153C43EF5EBF68607DD9F96F02
:103350008D7FFE48B2B65664061BB4AB173AB39ADB
:10336000F79CCCCC453D81098DB6E35374B8546EBF
:103370004357BD487EEE86F4909BCF83960690D24D
:103380005DA0F85A6C16F0236F7DE455E53EFD1DF7
:10339000173297BF7CDF81C21A92D506B6019FF61D
:1033A000ABDDABA9985413DA92A3C6039C466C0B11
:1033B000AB3157BF8A0FD331D36E4C4D12B80AFED2
:1033C0002CABA5979C9F98AC93BB523E988809BEA6
:1033D000A5275FFADDEFA2433FDD818106869610C7
:1033E000B97AE5E7402152253D69195805D37EFE9B
:1033F000966D159404D77B69AB9ADC23B221A5FCAA
:1034000005C10744AE465BA2A83705320F66EE132E
:1034100018F486088B98CBC099C06411EE049EA165
:1034200045D66D19CE28BE437746143C24BE510FB5
:10343000D574E0460E996CDA17F3F5C2F118061F41
:103440007D0F9A630FAF6FE476E490A7F76574CBB6
:10345000319C2FFFC0FA822CE4C153BF4AC3C35D25
:1034600003383192AFB9474B2ACFA9DE3508492F2F
:10347000CC1103F5F10BE2405211C2A715F9838D6F
:103480000D56F76D12D0507D72918D4EDF3B54ABCF
:103490002FBD22920E699A1FA74E45CCD3D5D62CAC
:1034A0008BCC6FE0255B096E624D55DAA9B2636F74
:1034B00082A0F16A18CA1091D1CD7D8ECC317443AF
:1034C000D9CACA70A5CA7B37A8CA8161F12DFE513D
:1034D000DF7B8C6B5A9CC11B5E0D4E31B308FF29FC
:1034E000E2AFA3939AD19D3720E50A15F840391130
:1034F00033EF96E4571F19D4F031167BCBFB4055C0
:103500004C5DC1DD49A90A17183791742A2BCD24C7
:1035100090C48E79EB0BC31AF4D7E4D51D655363C1
:103520000F9FC45027DA98F0FE75F502AAA8D2AC16
:103530004166FC3456F76C4BD99DC26061067281BE
:103540004F3D1F09FC62F85968E7CF6AA14B10454F
:103550007FEBB646E9EE8B742221C12F64B51C5275
:10356000391D3B7D185CCB21E2A807204119C0F131
:103570005CB6D225250B9ED16F77356478C67982EB
:103580003EEFFA67F7CA9F9B2094AC98A07F5C1827
:1035900065EC660DDCCEA67CAFB8194456D0357309
:1035A000DBB37B1D8BA29784DF055A29E7A3B416F2
:1035B000F86837013C275ADB401D7FBAC6AD864FFD
:1035C000DA53D993CB472A4C5EFFB4CB2DB570CEDE
:1035D00049A9DF70419E58DB5988D5CCA8EE3ED46E
:1035E000E8A778309FDF7897568E2E32E2EDD7DF4E
:1035F000B256AF963CAD3F8EE04F1B238DA9918B09
:10360000B12AD8E2E2EE3B1C694B6746DA58F398E0
:10361000DC7C1BBC831204E8B77C61CFF98951CCF8
:10362000C39403FB1CD4B3908BCD4FCEB03E07B0F8
:1036300016D84AEF395A55F95D8DD21F233BA5D0D4
:10364000C349D846DF64B07A6AF2631DB3ED5B8D7F
:10365000177BE7404116E9718A8853C0F57F870ED2
:10366000B4535A2C70ED98E510574771A497FAB2ED
:10367000967482A797B9D06DE18FB1ADDE1DD6BB30
:10368000B46140DD2343A0BFED226BC02828F8FBC6
:10369000ACCF4A244D42F084D8ACF6C534040A8E2F
:1036A000D8BDC914E3AA8EC83278F8904D410FBD39
:1036B00063F34B2C27DC8504952B8E4D101F31E2D4
:1036C00053F5BBC40DC497AE6E1DEF4211EE8ADEFA
:1036D0008E4879FF59136BCF80619FFB03761BC423
:1036E0003D4F5BCFC9D69B8AFBBD46FD6DACBCCEC2
:1036F000168591FCC128E9B4999939C541B8A378D8
:103700003E24B9EC8D296957B1B43EFA9609B0AEA2
:10371000C0BFD8E8A749CA90A856A0A81971081E2A
:1037200017B4D104C845724507244F24073C93E8D9
:103730008A1BB36CF991745134C4C47602F8F08FCB
:1037400068F40D26B2EDE8B8E398D575949F0C0A9D
:103750004074BE5CF48C263706FDDF156C162CAF6A
:103760009257EB6621EE6581BA487F05E364AB3E74
:103770008BD1935EAA4001597D5057E42C11DFBDD7
:1037800061BA5F3238B3B687EBD85FE6BBDFB23CD5
:10379000DAF51C3DCDF0E180231C803B8C19033A07
:1037A00091F2C6791A47539F9A1E82D51B4C4B2122
:1037B000DC38195AD40C1DD198F815E5F79EECE8C1
:1037C000762796A51F84E5816363C76411F5805F42
:1037D000D761598D7389D74581C10724E5B69B0808
:1037E0002C479C5B06429503BD83671959AF04B013
:1037F00054C618D4EBB436DE03DF1C764D96D9B12F
:1038000087E30BB9CB354E6341AB55B0A7984B8BD3
:10381000F7013F4463FA79B9F008EE6E1FE2C6D9AA
:10382000CB61B0156BD077C2EA4E652B8205F29B57
:10383000C2A2C566C3CFA41D5F96AA08223B4EA0B4
:10384000BAC73A304525E159126C6133956D78A1BC
:103850002F017276E7BB98F14EFE10112F39FF4F02
:1038600088BA1F7D7024FBB861E44BF2BD5A6B56D9
:10387000C94A9248F15609110405762FCC2BC58A06
:10388000D98E9A4A5E7E900F71333E4901EAE41761
:1038900025C9862CD952BAA4F4EAF87891833D332D
:1038A0001B3C3E24A029E2D983F8DEE5D915425419
:1038B000C3D3601464190FA447E64EE3E7E8455507
:1038C000A12A042BB6472EAA5A37AECA3A6EB1D3F4
:1038D000D9CB4DC5CD979101F13A362D2320F59ED8
:1038E000D672F33474CA4B79CF2A4DD668FFB3FC35
:1038F0008E8F99E23506479C654268C6C952B52F3E
:10390000D3660EEA360379D13EFD91C5FD2935987F
:1039100085785556B65E0436A9391B46ED3CA7EBB3
:1039200095C905EFCD07174BE0BB8882D37E2030C9
:1039300025D7E0DE3A15A6FE9A5B033613ABC0F935
:103940001C68B6BD7097445B99312974874CFA5056
:10395000C9A6C5EB9841A206E59EAF3F7FB7C04719
:1039600055EE97DAC37897C46218B96FA1E0B99F92
:10397000657F23945FE6B210E4D6C64EE6DC268E61
:1039800037EDBACD9466C9944AAC22B1640D3C605F
:10399000870E5A3338FBFECA580EE327C585609D53
:1039A0009ED542DF1C4B2CA619403957E935E85FFC
:1039B000482347DE70D4E9C708F65EA992EC2F7D54
:1039C0003B06851EE483E5A21E5897D654228B0E33
:1039D0008FB20ED8F2FB7DBC92A7909B4D6BE9FE97
:1039E00070BF5D463F132B339A27A4D23C579C9758
:1039F000D7682A9AEF3E1532B24A4796AC058EAB8D
:103A0000DCF9802587174A0A8642DB7BC7E3FA91F7
:103A1000F081A9B3C241D990EA52119D47E76A6685
:103A20006ACEDF56FEA6BD7134BFFF5B1AD4B3D990
:103A30002AFA8E791710E2809F09166112CDF0B72D
:103A4000D99307276854ECEF62C0F1EEE7DD1179F6
:103A5000B59A1055A7C44465B88DA1B04AB87CF09A
:103A60001B47837F19268B132D1AC8603C522032C6
:103A70009B8845A549EBDB6EB42D2764BABEAD84A7
:103A80003CDD3062F5967C509C3BE7755D93FE63B0
:103A90009B11D1BD145304B9C46106A0951F8E6A51
:103AA0009426285109A94C1C6625378D3ADD3679B4
:103AB00075E19C751996BEBF05765213D0D2664A41
:103AC00011F8F970A40D110FC025F57A6AEB21BD2C
:103AD0003C687B27F8E96E516EE93A6AE4BEAAA712
:103AE00046415BDD96C2125FF88C7015F955D0E443
:103AF000A8E2CD4D31B4F55415D5784C7161DFB5E0
:103B00000C0C7EF46C2266ECA4E1EBCCDCEB3AEE20
:103B1000E942C2ACE85334AA551969F6A788FC5AA1
:103B20006ACACC9FFDD2882416381FB5F58B87D082
:103B300034776C725C534788D3A0C9C796F5EC798B
:103B4000D31EE4DAB5D373F4CFEDA9A8837CF7BF15
:103B50004B3D1225AEAACF9A156F29016FEA069C3C
:103B60003516564A8A0C809342D2127E7D8DCD82C4
:103B700026B52824E22D4D4AEF0A1849B07D6B3C4A
:103B800047B7BB35416A0833EB46AD712BD0A6E091
:103B9000033F266E7881355A6511D03B0099129803
:103BA000101E45CED86700246C15A387FFD601846C
:103BB000FC3D2EF0BCD46B399B4C579E679F7D8F8C
:103BC000CE8AED722786477867B9DABB3A5F4083C1
:103BD000FED5C9F5E051A77E1D3CD1255A53C2ED53
:103BE000985550778B41B9A979840B0879A37C0546
:103BF000C059564E119A1F16BA94B20842816DF9F7
:103C0000B86ECC0097EE832C994146C99E9F79915E
:103C10000085BF658E4D9E1495F5350EFC44779555
:103C2000D4F41CAF89A5182264266C4A05243D1DD6
:103C30007ABB939E58B1645E7053330802E3E96027
:103C40009BE4D7234B724F6A7E66D9CBDF7A58B597
:103C50006DE8696F85335AC82639D8F10D5E7BC18E
:103C60003A14810440732CFEAC8EFA326794786665
:103C7000C6BDA299565279A5E147C82CCB3064CA7B
:103C8000CA202E58A456C006B8AEB63E338C9F2D1F
:103C900090F6F09CBA1CBDBBC3ACE1184FDFF93BFA
:103CA00055D3E1D263F495CA66334F41139F17365B
:103CB0000294AFA644E5DFB101136B91F2F67BF8F5
:103CC0005E3DC6DAA76D28115F5AF851707C0DD49D
:103CD0007B1C9DFACB219A7887099F678C42C98FFC
:103CE00011103C155D68CB6C68AB21153B466CC868
:103CF0004369F692F622F811CB33A490ECB57DB46B
:103D0000AA91399EC94DE6F32BEB1BA1FF8420A09D
:103D1000FBDDA0A7CF17DEAB84FC728FB8FEA7989F
:103D20001E96B947822DFAD5309590B04FAEFCBCA7
:103D3000B9B64188C1D145278604239EA04EE9DB50
:103D4000115735E8DD89DF193218E350B9478BE3A5
:103D5000B4472D3C5944CBDC3B5CE6D5A1C476226C
:103D6000278D0CE86C4CD314696FB3038175BBE6E7
:103D70009865B006A77C464A3F4E322E5994BF4AFA
:103D800056AFAAD101A9AE87A438971DC4095084A3
:103D900023FAF97C7BD1ECC370AAA3A640E1E041F1
:103DA0006F1022EC315DE2D8B62E11AC1FE90BC4C6
:103DB00060B63AE116060CF6AC37386A97141DEC7B
:103DC00085E458FCD9DBC785C1E8079D678023C01F
:103DD0000CE364A378F50AE23B479DE3BC9A4101FA
:103DE00064B4E011BB86505FFB9F2ECD3A59306F13
:103DF000F77364E76E7CE0BEB8F4732515BDE0B2DE
:103E0000275CF74C9763974AF956A2C9EF8693222D
:103E1000E2914B9879278E70FC5FA9D5AEE1848F33
:103E2000856C6CCAD1961BBAE960DFDE9A491841ED
:103E3000E1F54C2EE4EF5FB15D8A3199795F6EDA7E
:103E4000BD992FE8A911CA8B492CD08DFC56A1AE83
:103E5000095B0A86FFA9BBB9495FDCB794600FF420
:103E60008B60BCF47ED10D17080A9E2E71BE5B8D4F
:103E700013C2D42764E25BDBFE509655BD76BF9437
:103E8000D76DE739478A79C787918040A782CA29C9
:103E90005E821A0CB364D196407F73E04BD7E4B7CF
:103EA000CA38508583AC7701FC7352B58E91E32CF0
:103EB000F0DEBB1619EBC32CD674D6D175F114A65F
:103EC0004350BB73238A3410EA35069F6994D9D5D1
:103ED0000DB7763669687A663124EE0236E8F4B1B9
:103EE000E55FC3EB93DCF740356C7FF7A25A1AC548
:103EF000AB742D15173D64F68141DA21BC982B3641
:103F00009806527B0F1D68BD41C625610523952B80
:103F1000332F155EB8211D7F49EA00C10EEDB3FABB
:103F20001A9BDBD46B9CE7E0E6E3CD7323440744A4
:103F3000EA0FC680B84AE7CD9A958A373DC15FCC73
:103F400099FA2C4CFC00BED40998AEAE04F7044D8F
:103F500038D8C5A5428EC2D40EBD0C01580C039EA4
:103F60006467DA6B316BE7E6FBFCCE4C3421F6E795
:103F70008F4105879DCA1C66F7B32DC3C88FB8C390
:103F8000FA8CCCB17968A5BB15EAC3398877088E5D
:103F9000E49AF5364A0B2E9317082738FCF6127C64
:103FA00085E0A123EE89180F141A5E65C898783B46
:103FB0009F443267D9C93CFCA688BA9A33C3FA1B1E
:103FC0001F78582C631AB88FE321F5F4DA96223162
:103FD0003D5CA9D2554BF6857F31A363A335C3BDA4
:103FE00052AFDBDE0A040D90AFD8CC045CDF0A15BB
:103FF000D02EA24EAAC1CA9BCCBEF761CA3B897A19
:10400000CD09E5A54EE838A6AC4E3C25FACFB45311
:1040100055C32479366F2C2E8AA0FDD90F92956056
:1040200008B3E6174E739DE288820B9999A934D4A0
:104030007825B3900405D6993DE0AF6F8E32DFF45A
:10404000BB9555B99BD77DEDEDE70BFE6D71AEBB12
:1040500077E6C904D985F0A38FC0AC0422A93EF04D
:10406000C0A28AFA9A5A0FF5992D3057C782F1C328
:10407000355C29057276E8A5D7708A2291F57926F4
:104080005C0CB9642361462B09D48CAD0F08A92DB3
:104090005C7C4B6B15B5348B04D3F0BB16DD9803F9
:1040A000E48DEF75AF8FE247F287AFA084AD0E27A6
:1040B000EA396F056C7DC658BFD32BAA37556225E8
:1040C00089A3C610B5D7E9390065EB43D4AA278385
:1040D000AD192472BB0AD55F88222F91B7F162FD1A
:1040E000C2FE69C6A55C616E8CCC2F295F908EDB09
:1040F0001A725D212E4E7FFA970EE9C74A1B46427F
:104100005000739C5B801143276B75EC38E1847B16
:104110001161474F7031535C64F1FA76DF7EE3F151
:104120006BD4C1E354FFB0FD05C8068370426167DC
:10413000007D2DBA4EA8DFC73D9D0B0E97C6C35A12
:1041400005BD09A6A6FB822276C526A50B8D019D7D
:1041500013CB708F5BA4A35A6E1C34456C9D382A18
:1041600001F1AD48A3C2F92104DB3F547952F63D79
:10417000602068C3C79717795E0373E4558304DB37
:104180000FFA81847819A71588EB80B343F11EBA22
:104190004AFD19A2DC016583FFCECF13C037B2C63A
:1041A000A92A9CD85F2886646F565085DFBFD671D8
:1041B000B72E83D8D9E61C2D6C60DF053C10D1A941
:1041C000A3E335B2C71A2C8DC1E5C2EC9F3FE8FDD1
:1041D000DC354864F88741D39A6034DEFC22FC9CCD
:1041E000F1E5050BB334E18B371E40D725C6C3215B
:1041F000AB217960ECEA149B76B79F061892F569BB
:104200007740783F981A133C5EAAD2F91738F728FE
:10421000079BE42DD464519EC8F84C844AC06028A2
:104220001068E45BF2867EB93034E7C68A64A28EF9
:10423000EECC1546F874A79BA50A631E79D0635986
:10424000EB31F58F44C938D8C8A76354F5A0BB59E2
:10425000C776B87F8F190104FACF299AB3CF4ABB2A
:10426000B7CCF5866F30E28826ACB557B97A6BF0DB
:1042700010904D142ACBC6459CF76D2532834CEB2C
:1042800019DF753EE21AD37110DBC0608F2E052A4C
:104290004668E2653E70622485D5644C8276C1D35F
:1042A000537F3A6B83A8B18AE1FF8123D6547F31D3
:1042B0007E566251E9C59CEE860E1512FE1CDD503D
:1042C0008EE6E635B22D2DCC419D50C540CE79838A
:1042D0009356D54914745B54A8032B967483A90391
:1042E000C88DB4959A7915B0C6BA91D65923C91E0E
:1042F000800BF1A64AB74A723D09230A8BF80FA238
:10430000E7A5A5C4F938E7D24D62F026CDF06E7D61
:104310009BD034DC46673F61194A5C7623E63372F2
:104320009852946104FD0F0E067EAF3845A20BD45F
:104330001EB48280633BD0DFDAF8DFD3100809F5C2
:10434000B8CBAA592C180B1098746B3DCA8712C8A9
:1043500082F01B29FAEF37B4CCB542BEF37364ADDB
:104360001C59F4481A2132482FC8283CD3000C505D
:10437000F76317102B0CB3234D1F55C3FFD5D6E79A
:10438000C696F08FBBCC91851272278DB6675D6E95
:10439000004F1B77D1A6E713331717F52873AF9794
:1043A000B26EE116EFF03548E5A7E95A1E0965A699
:1043B00001EC5B6927A6D39B5222E7D93BB9B45ADB
:1043C000E7D63CF86FF2675A4AE4891622BC1DCF43
:1043D0002AD4D6441352EDABAF6D23FCE05FEF203F
:1043E0006AB9C3BEF398190BF53065A87F57523AE6
:1043F0000CCF86C0FDC2268DCE2C4440CA96FE1A34
:10440000A4A819ED90E2D7667391AD8BDA55380BFD
:1044100076BE88C7D6B47BF4F8A6F4CA42255EB946
:10442000CBC9F57573870E38DD49F20E35D443409C
:10443000C3CD9B515F2376971BE12F975EFF816869
:10444000D488B117B18619887C727DA41A500F6682
:1044500066C4955E3C545A00586AA612C069A6CB41
:1044600040BA8D6C190A82A971ED3EE6ABB769DEE0
:10447000FB2C88E50376D170A695EAACCABE9A9566
:104480005FCADA443D99640CB48D107A1C4CE70E77
:10449000CB3DBB5E214D261B40010FDAC69B2FA2F0
:1044A000B8454468E55F0B02F9D4A112C4E129358F
:1044B000E79F07A6C693134A95889D1D045053DEB7
:1044C000D8D9E590B8BF0FDCD96371CF62208004E2
:1044D0001C53DDA6ED2ECFEED561879AEBA62D31CC
:1044E000820B6E030CDA7428C4A9DF18C5FCCF9FB9
:1044F000723221D63A4E7D03F719714F3D8D817F7F
:10450000D89519F5592E31710190FFC090F1D4E87A
:10451000FB36EC310191F31136AA1E3F906A76C644
:1045200090AEE688D0D0EAC6CD52C558B114956495
:10453000EFC22967B71C28767F582037387F63DFA2
:104540004A2D52A7FDADAA2B03F40054138A44B29E
:104550006406571BDDCD1DC504F8A37F9891DC27A9
:104560005AD1C4BD35BA5763B22682BD5B9E4DB6E3
:104570006A9AB1BE4B6D1219065133C12EAFA4DD3C
:104580000797256A1229B4C84E61822F0C9B8D2E85
:10459000EFCEB27C0EC90A3F56BEE4A193DC2B9845
:1045A000E014671BE960FB4030C9EB63BA7D0B295F
:1045B00084C3B32763C2E5C95ADDDA297FBD8E7B88
:1045C000EB2E14099E158261B050F3378CED342721
:1045D0000CD304E8A214568CAEBD45CF1135D16B77
:1045E0001D91A03F3603C987E606CE0B9FB4F53276
:1045F000BE6B5EC3468184A8C8B79CB8FD92AA452D
:10460000090D97B8AE561804DA8D1E06762389C6B2
:10461000F647683005B2E6DDD54A9110E7CDD85FA0
:10462000FB1838B78ABBBB227ECD0F214B1BCB6A50
:104630002A42F762F1B882B96C98480D7E7DF8196C
:104640005C3809102CC3CADAD96FBB5900764DEC1F
:10465000C6E5914071C1AC40810AC4A3C430B8B171
:10466000A78307CAFEA2FA844C93E101A70ED8F6ED
:10467000D2AAA3A8BCDEE7EF64D943628DE954094E
:10468000F952D5A0BB7BE2809D1D4343CD1CC831B0
:10469000F14D6904A4165D8A117C626ED2DE325F30
:1046A0006DE749D4D0FEED1C81AE6550229932678A
:1046B000263A5404BF18009F3DD349904EB1D1D63D
:1046C0002CE65E6CC07F46E18A5E90C090CD97D1AB
:1046D00012C7D968FF9DE01755716629674EF169C9
:1046E000FCA03E40AD74FABD0B4DC3ADC60B824F6E
:1046F000F7ACE0B75686C4F65BE4F6A2BE2B587959
:1047000000C4685017179D535194593837A94A5619
:1047100084C1713640536EF0AE4BECF9FB49C26870
:1047200080E7FDA1CC92615956D25EC83BC8CDFA54
:104730002526C56F76CACA9B1EF41D310BE5414A7A
:10474000DFB6BD73CF8D7395F398AB01737D6B139B
:104750002A2EF89241656AE9BA74C4F14E46E9C757
:104760008FB3E3DAB7FC5AC472959FD70CA884C004
:1047700083D5634C3322F4C4E7705655ABD7910F01
:10478000AB1F6E9FFB589FFCFBBA770147DFFBAF67
:104790002CCA15AE0750CB0534B73B8F3AB880E32F
:1047A000EC2BF73C8A9D6BD3CE750475800F567445
:1047B0001DAE454E7C1A6C678B17E75D4C77E9346C
:1047C00040A4C3BAB38646EB017B8E464B5E1CA267
:1047D0004F5E48D927561FF65AD2DDF42D5F51CBD4
:1047E0009E3958BB5DA535EB48ED09D210CAB38F91
:1047F000A8D741CBE1937EE73CC8ACA60485E8CCC2
:10480000B5282BBCAF27D3BDD355D1E0935BC19462
:10481000F1E4009617D3023871E5D2D8992E3C689E
:10482000830B5EDD0EC5185AB8E919D6077F551EF1
:10483000EE5CE1DA1C8F9A60EF1FEDB1EDEDF6361C
:10484000E9310929554410310C32BB190082522438
:10485000F76730B9CE29C85FB443399D7709FA4B61
:10486000D1AB366FECBF69DB8186F1BA209440B8DA
:1048700072BB4F688E07CB05F5BDF945EF6B7188AC
:10488000CB5272102920B2A0E2CF847C5CA6E292C7
:10489000930BE4556B77F33B552F078D3F78BC2086
:1048A000268E3CD276A738E443C60A10082B7054F3
:1048B00074E3DBC81AE6E337E4F705163C705A10D8
:1048C000D698EA105F3ECB78B2AE171ED79E22FB79
:1048D0001A389EBE1CD63D2E1F24BECA9EA503A21A
:1048E0003741E6DEA8CE12D23FBB8665D0B6EDCE0C
:1048F0004D26C249959A4F0E8B5E1089C095558AF8
:10490000C4ECCC8D14FE38DD0C113721AC0DE497CE
:10491000CED69C389BE4CAB5828E22881EE99C4A7A
:104920009FB83C979ED795C9081EF1CE99155E0099
:104930002C12A111462F8FADABCD40F07C92EB59DC
:10494000AC8A823A9C840089AA174F13A163E7D7E7
:1049500046603A49173ED83FB44E1A9ADF0A75CCE2
:10496000A98B5E40DA5ADDFD1ACDE4E63A4763D101
:1049700053F8202688212E9B1D9D042A6A1236A0FA
:1049800022F32D50BF4ABDECB5D4AA11B04D49C792
:10499000FA4E03CC64F1AA3FD0B9BBCBE9BBF62BEE
:1049A00086D846EAA6592E0D9E709F172839C598BD
:1049B00050911319E050E98B1F72043665041C1CDA
:1049C00034FDE26CB24AFDFC724DD962BF56A222A0
:1049D000987C62DDE9662DAF527D588409ABCFFA31
:1049E000D17E18972750495EDBDEAF118824B17461
:1049F000B724185ADAEDA1D2F3DF36111110D665BB
:104A00006E5BE30333D17BDCF633188F4332922E97
:104A10005DD85AAF54F8C2897433CC89BF3F45077B
:104A20006E8157F1D86EEEA650EF4CB299398FF2E5
:104A3000E137F76585B0B806A23D9AB62444F22165
:104A40002D3F3AA2CCFAE0C02CA0D32DE55310B3F1
:104A500009226AE5D9C6926B918D628EC668D5DB54
:104A60002F8D7728804C57534003FC24A07F89E981
:104A7000D7E6C24816A11A20933A5CD727A4B4ED12
:104A80008236B9C76CF263235ACD60506529C29C47
:104A900015414B10A6CB2A6E4CA9ADB1D2B07E7198
:104AA0004A40DE5AF77A26C62F7130E4330DBA1B1E
:104AB000214C0CAD537137B9B8543CB50C0EA34E14
:104AC0002D35F71C4D984890E0DECA53DD2E8FA996
:104AD00016085602A61D38DB45CED2C93509253247
:104AE00033838080EF707E1B138E19AB96DF406F8F
:104AF00055239A58C7754077F733EFD8C7CE4F2163
:104B00008B91FF95404B13BA4832D85153D76A7BEB
:104B10008E11B91B4FD10F5CE023380331A0F7276A
:104B20008408BE1A1A73BE94F8917B553E014D72EB
:104B300077FEBC8C3E3225391CDCF86BBF023DEEA3
:104B40001A6F70F5F613256F59B04F4AB2435706E6
:104B500043BB3FF8DCFAB8D4352CA824756D068821
:104B600011F68477A7CD2A60E2D9F500EB8FF459CE
:104B7000A6AFD6005E7C6323EF0CD63B2E09DBADDF
:104B8000CEAF32FDB7CA2C3D73F6302F9E57B0F230
:104B9000EB3E546DEB26E910F7D77B53DD414E0C0D
:104BA0007DD17DB81C7BCA736D84A1DE8A686E3BA3
:104BB00058D566A1FC5362384C48A1E196FA532FB0
:104BC00093F7A0D6A9DEBFFB37BC9262D7EE0B9459
:104BD0005892BCB7F148719E17E2D597B8B362D32B
:104BE0003C658C7D84CBB9732EB5617AEF3253D09E
:104BF0002F78E5C01C51F4BADB6A8911DB936FCBC7
:104C0000AEEF260AB17B13AE471F02C8B8C5D06805
:104C100033F5D778CB6B47BC9771920E1054342F75
:104C20004A422901809228FA10BE6CF1D371624287
:104C300025E7D0F2D3CDD2A9454A07C4AE2231D65A
:104C4000FB19218D5EE07A9930EB94A51FBDC3F36B
:104C5000E8AA4F1E8D0CF8DD2E04F9E97A42778A16
:104C60006DF1BF9B0B7A8E52565A95A1AFADDECC3B
:104C7000132DC2BB95B964F4B4E00F2B7EDE8A66B7
:104C800018B0E146F9E843C942549C04F1EF491DCC
:104C9000785F3B7AAD6E5A4B7FC0FE79D6B8A8B824
:104CA000E4E74EA14B88267CDE5B63113C01C65DC8
:104CB00032CCD50058500809873282F0679DDC1C41
:104CC0000C73F030C774C77C3B46CF6971AD1B9045
:104CD000CC5354C53EC2ED2BABE04DCB901E84E5CA
:104CE0002D4DCEBB2A46972F23E71B8E8CFCDB1263
:104CF000BB66D5864E7102A1FCDBFF82313CC6212A
:104D0000C746551C75A472874E5E5AE77E2414DA96
:104D10003EDAD2BA598E15826B6CFA9150DC3DFDA9
:104D200005BDF33F3C9AEAE86B82CD7ABA50520750
:104D3000991C7DCAC309B84B09B1435C5386F55031
:104D4000A8A93532DFD1FD0CFDF79A2F5D79D1C8C6
:104D5000CC695D355966A2462F2BACB0C7FAE6E3A5
:104D6000AE7961FDF2B348C23F8545008C40CFA6C5
:104D700017E5D7290A5AE2CDDDE6D32FA536964EA0
:104D8000FF77667CC39FFA0CADADF7AED8B838BAE2
:104D9000F5E5D8487E26F47B8D5B9A490B997DEC2E
:104DA000FDE6CD50DDBACA45257AB1488DD25F1AED
:104DB0002F62C247921E2E6D06E8DAA91361F3BD79
:104DC00072CD54739C63353AFCDB41F90901D690EE
:104DD000BC0BCF7A7EE99818CB4D9EC51E18433C7C
:104DE00033E1A3A9F72AF75023AA2762A1AE3FCA4D
:104DF00000213C071BF7AC5E2C35215BEAFB6F4DB5
:104E0000FBC3FAF10E2465C1524952140BFF938083
:104E1000F30EC31355ED015861F6DAF82398846E4A
:104E2000833CDC94C3DBE36849E9F1D1DD63CDA1C8
:104E300014A735580377F672AE57DDC9969E6552B2
:104E4000CBF59E1178D65B2DBAF34E0D31D73A6370
:104E5000DC485BEE26D08C0CB215DF75ECE433F841
:104E6000ABD9D8F1C1B0790C40B7BCC6B3F1A23808
:104E700087CCA895890109F5E6D435A4067C6A8219
:104E800076F092C77E0B6643D1BE53BB958AE42170
:104E9000FE5D19A95DD5C5B043CE285CA93B6A79F2
:104EA00057518BA1DD2600A98EBA5EB944228587B1
:104EB0003A3788C78FC02CC10B9E5CA1885697A338
:104EC000AC693799B49626BE57D92C878019CECCB9
:104ED000C0941927438E94E774981184EA9B17A510
:104EE0006C8140521DF6CEC8CAE3317A86CFE98F75
:104EF00000D7F7A25E916A4428F512D1AB74559998
:104F0000A8A85DFB67D5F3F3EC4432FA214DE0C766
:104F1000C4CE54610F176BF4FC95BF42AE577CFAB8
:104F2000CE0D0F7A298BC301AAED6F97B423DF87CB
:104F3000B57BF9EF0102E044AFD83BC59EBE129CA1
:104F40005600DA1280006F183E317310E5ECEE6106
:104F50006EB2A87DFCC5BCEA6C7F174CE67DB157EC
:104F600092EFEF78CA67A2358A401BB2799EFF7232
:104F700072BB9A788975971282E9E6EA8D2BA24571
:104F80005BCC83D27D7ECAF847D081E073912C0040
:104F90004789277E13D6F294161614212589B86CFA
:104FA000AF13E173BD899A7C09E65E72B35B7266EA
:104FB000E4F959B0234335A6DB7E9D78D9C5490D68
:104FC00045F484F72F2A958662B2FD76A2DD9B0C0C
:104FD0006E2EDEC45F8F2150F5A0A26A9882B0B514
:104FE00038DD91322DD49A376320C1947E0E7F3004
:104FF000D3430D52603918A5E6A8F7CA783367D1B4
:1050000002E7D7CCF5F4A8EDF0A13EA61283759087
:10501000A6BD577E5148B9203725AC2C27152BBD8E
:105020002565BE82F314EF5AC1A77D2E1808C51A54
:105030006E40363BC01CD60BC8A644AE4DD13738A7
:10504000F8B4F6E6EF4A371B68C5E7FCBD0C2189CA
:10505000A2D7FBEC9F9C1EFDB6B9C9037D135EBFB2
:1050600006503542A872531C4C870612C2CBB5EBD2
:105070001A0FD77583ABA330E14B673DE1757CAE6A
:1050800007CB6C1D6110D41A9885D4190CB970B374
:105090001D9DB7BD2CC768270608CB495E6BC5F6BA
:1050A000BF0FDBD59FA588F0C943E1870E5FE2E61D
:1050B000209171D3C1B7235FFA093EFB2D14D9C2E9
:1050C000790B95BD93C1C8918FF9382AB355BF505C
:1050D000CB01C3D5391BCA8E70B5BA3F7D39D027F5
:1050E00087A6D488CAB3A6A8602E605F069D481E16
:1050F0004E9F400C7A22A3D87F561C117E54D69422
:1051000042E1609F45BEF9975C16EC2B5AFD512F8A
:1051100048F42A15F74E8F40118E075CC0BB810200
:10512000335AA484D0970437BF88B9A81AC027A6D9
:105130004A51C5F95A0527B946902C1C59CF7FC250
:10514000887BE11097F44087D47EAAE64E267EF253
:10515000DCEB8C4EC780855A4BE1592E563C5EAC39
:10516000B7DB11FBD1C0D1E93E6BE22E7931D2C25F
:10517000A3F50F3C3C828EF0F6AF524C0C6A1B79C3
:10518000FB62E1C86FB3A50EBE60379B30E220051D
:10519000114C5B97ADE613E3BB43FD24A295D1AA66
:1051A0002B759CE775CD1E3A4483B8247FB92C0D2E
:1051B00090CBB5BD7926BF8A46BB6BD2F9E5145FAB
:1051C0003DB0824FF3E6AD38812DCD5EE63071897A
:1051D000B069C481FC7E5296E20105A5447C0A3385
:1051E00075C1D5AB8AA8594D88BA4E24505A271894
:1051F00081393A69EBC61880A5BDF8E81D132EFE6B
:10520000CA99FAA71701B3A57344F2BA9CC8EBC9AF
:10521000F090F537FC8C859CC82786C8B887301D70
:105220008C6E38105206E98CBC2E6AA933E4B506A0
:10523000567DD5221EE5912FD28A6C1FD511AE4323
:10524000650AF53BFE2E3A4D131355A31A58E4692F
:105250006FBD1B450C5D9FA1D8FB998ED1F5B3871F
:105260003BC66C0C6BB86D5E9112D902C2903F19AF
:1052700059F2C6A96D4691AA1D1B547AA96C0B421E
:10528000B04A77280E1EFADDFA9758A42FA8DC58EA
:105290006EA4BD07F4842E67DFC405CB7B6BD106FB
:1052A0004D5FB4A0108E38C119BB5057FAD054428C
:1052B000B512F53103BDE0B5B2A5C9187A814373C3
:1052C000F6A377D6871E1E37AE2B4C97E27F9573D9
:1052D00034C721B3B15F5D7F68E311F4D0E8647136
:1052E0008355D2F9F676EEEA1F9CF7061181F96232
:1052F000EEC796CFAAAEAADE5A5EB2286E5A1D3904
:10530000C0E23EC2656F8E82F7971EBDA389431E21
:10531000337D9759182220C31FDCB8F8E0E95231D9
:10532000F197300F097BE23F4DD84094A3B261FD65
:10533000CE8AEE97D548B90483B397CA403655FD57
:10534000AF0E736135FB54D8D79E80A2DBB1328992
:105350009A99EDB3B3779F8BE7B08803626262924C
:105360002D20E9EABF9F5F91274D80311350AF7D1B
:10537000CF5DC97F8A86CABFC4638CD84A8B857AC1
:105380001845C088083953C50CCB9AE9517F74FD84
:10539000D3F7D5F1BD697222F853C5ED6CB5EAAB10
:1053A00003A0FFA1955A0DE29B88D4AD5F97F49EB0
:1053B000EFD59CB1BEC46628DEB8AE626B27E09024
:1053C0001739329C8EF9B324300B036A97E42D947D
:1053D000289CBDB3204D5D01E6AD1DC66033193C70
:1053E0005DDDF493073844E4364C046D23958FA1BA
:1053F00090DD1F05F236EE7CEE33C0B7DBB09CC803
:10540000649D9B1C2A74E561274E1F8989233A29D4
:1054100004ABE0811E9B03405BDA342414002F2A86
:10542000D5425E349DD9A73507E09943962745B705
:105430006C3106BB7E37D322D05239E7619A10BF58
:10544000F526FC784A31FC321FA513B5C1AB871194
:105450007106384AD257F5C8F90A2AF58EEF52027A
:10546000016A5666A03843A0F552BBAF02ACC86CC7
:1054700027681BD371CCCC554F8F3220CE00E0D89B
:1054800015DEC15A3D31E04FAB8390CC5A090DC1B6
:1054900053EBB4A8E7D7B5581681C3A71CC225D7CC
:1054A000024A5B2F2BE017D85383CCF5A392F70E5B
:1054B000EF4E4C6156BB16CBF39529D4AAAC476C82
:1054C00066C1371B39169B4439A5EC6B4FAAAED980
:1054D0000443A6D67F8BA573BC4672B42FC12F514F
:1054E0006F90A3BC672903311687059E5EAA94F2CC
:1054F00052A946CA36C352F49B28397C03D0FB5CC0
:10550000B61E31196C325ACA47E4C1F0DFD7900F8A
:105510007F7EECC6C66F225A610BE33B762A2C1DB8
:1055200012794675879F1375647A840A6F3792B72C
:10553000073839B7FE3518C16E4E4CBA0896FBDAFB
:10554000670FAD747AC62F081BD2B6CB8048672090
:10555000D9836CBCD442371920E6FC3E236202E0BA
:1055600012B1DF91B223E9E639CEB630D2D9BB15FC
:10557000C761BD345EF1F542BCC2B4EA573CF1C923
:105580004D376458B522E90991C115F6747A416C1A
:10559000FA0FD422967ABE2BE4D4FAF5D40556300D
:1055A000466CAD5A62B7BF347E62FCA241FB98D212
:1055B000016F58D24ADE2839AF24E2D2EC95793C0B
:1055C000839F944B6CEB835A49924E4923A51AD77B
:1055D00037569788A437FB6993601E0743D3AC3EC8
:1055E00052EE0817FE3513DF93331273FB567A4BD6
:1055F00023166C1BA5E0E7CA9DF55DD0AA2D2EBC35
:1056000053018050C271CDD464BB908472FEF1D03E
:10561000C6FD02CC17C1F9519BD368B29396915D38
:10562000C693D86B52257550DF393A65619B119945
:10563000C14226E5F719C5D101A2647A4EA191AA0B
:10564000E52AEF9E2DB30C67E0D6041D5DB574D43A
:10565000E43FDEF6BBD0960DE82DA1A1FBC9F29D7B
:105660002AFD20827FD8EECA64552317579AF55B2E
:105670000C0CF11D0918C6EEF185DE9C9B7B89ADF3
:10568000FDD57C66A9E06CC1367CBE10F71D9F9AE3
:10569000ACE1DADCF9E4B4550152EF7AFD448763FA
:1056A000F08C08023D75D97FE38E5CE3F0451D6CFC
:1056B0009912B8F9C696959572C20BB23FA2C4B2C0
:1056C000919DCA3E14954DC82EF4373CC06165FAD1
:1056D0001E7947A72BDFD58B50596328A95172E952
:1056E000D8EA09C53C0BC772DFB02132E23040690D
:1056F0009644BB4C20E56A90610A6FEA082824F5BD
:1057000070DBCE7E7950DE136F97F53B2C18BE69A7
:1057100000CC66C2EDAC76285ED6AC93FDC955B719
:105720001F0B51E28983A6155D0E262DC5294CBAA3
:10573000B5A08ECC4D7F9B6300464D3D1B0AC3FF39
:1057400005C596C5313ECC1B9DD509E65D8FA319D5
:1057500059B378BEF105C91A030C214E9E4361BAB4
:10576000207186C420F17B559463F257F48BEBC112
:10577000B40B49B7AAB24F41FC1F0C1AE6FA50D637
:10578000623342B8CF62FB8150F3FB36A0D99AF75F
:10579000A99B61C26468004E70E5053CB2A0B443A9
:1057A000CB3C7D5E7873E9BD10BDFBD927BDECCF46
:1057B000D54C9CA11D549D81F705B2A6C17CB0F6C5
:1057C000C50E4ACC9DA6E2814BD916A4E8FEC48B37
:1057D000C4B900CCDEADB97296579532A645D13921
:1057E0006FB603A2B5DA3533F65A2A2ADF477C3C76
:1057F0001AB5A18F50F1DEC7E3E6CD918810E9001C
:10580000C2923E17D8AEA5A055F2FB1E942AE263C1
:10581000755D9B9B1AC7DA0717E176FDE1864E801E
:10582000F7E5C7F1EA6A427200DB80E77C273A01BC
:10583000A53B6BA49E9B4E3CA3CAE8C9E3AFD4181A
:10584000D94063A447F5A30FCBD99CCF506BB18649
:10585000B74595293A0199E4D5AB24DDEE7FEFD227
:1058600057605CE9C41A3F28D2230A77C32154F158
:1058700022454F1347FEB90742C0739A503C8CFE35
:105880006CCA741FB3AD4FDF2DE0CF3FB7E4B08FCC
:10589000FCFEC5CFA48F8D8D9920D94718995FA2A2
:1058A0008CDFCE5CECCEA23040FF6EB2E156D6E289
:1058B000003EC6152AF7A72A3101AB2A049D2255BE
:1058C0005C277D1E74E06E75E9B3C74FC59AFC5E18
:1058D000755460A6E4920B50787EFED0790539AC01
:1058E000A951C00052C52FB49CCC83B20EB36AD26A
:1058F00027E5BA623BF2FD7EBDA6BB4483F75D5A45
:10590000CEC1F4FF555694DFCC2EBC49EBC6C8EF90
:1059100065B8F5F137F017006CE0DB49E827E8EFF0
:10592000C7889CA487C4519CA8560A28546D543B30
:10593000CC98EBC6D224C3BEB8DD8AA49A0CD1C2DF
:105940006D91E7413795F3D03918C8F9EC6C3A6F8F
:10595000A5AA09BD02DE92690FB028C73871080FE9
:10596000B96A463751551FE07849E7AA8A6E06BBE7
:1059700053F038079B0D976AE05532F0B1916F23D1
:1059800055A5964BB115B31479A80A1A5CA8E72C53
:105990002E295941E25340766291071CFC55FC9236
:1059A0004DFA896C36E48EF0E42C2A9939F6817927
:1059B000F2F6532604186C8D8595FD777F6A0243B5
:1059C000D5CDCBB729504EBCEBF90A60260A2AADDB
:1059D000DE6C38041D47F9E81F678A78F0A4711758
:1059E000603F56852A18FCD6E5681E1D74E7AEEEAA
:1059F0000375F63E4845420D05EDCBB6510A19A197
:105A00000E62548394C5F1953B85D0373D1F7CB021
:105A10004B99818FE59FADF684D39665F245DAB256
:105A2000CAF36F2D66BCD2FACDCF2543A68979B4CF
:105A3000B2D5798C94FF29E86BA89B4F538EC2484E
:105A40002C4EB0EF72A41F4AA0EFD5B1DC1745ABC6
:105A5000330B984AD78C6D4823255C0CC7A24D9D0B
:105A6000D5BF8A7939AFDF73FEC46C50458769377B
:105A70003BFDD2FF06F5428D01AEA0CB9BB7A9023C
:105A80008580FD25DB3389FC93CAE43D53E7190A81
:105A9000EECE928B28F571753C4257D0707D16A8DA
:105AA000E77B9844E7E1D45B0985AFCEF61315E8B0
:105AB00029C57684B9B0E873611F209A035112A7F3
:105AC000240D747B1981BFB071107D82315D2997DF
:105AD000FB3C70A4A2031B198920BFF002098CAF04
:105AE0009FD65889F8FE30D7734F92FB08107E4C32
:105AF000F4EAA32F3E887D6B85E961826786B18ACF
:105B00008B25BC1D183B6AC7C6BEA85CD489BD6086
:105B100042E53038B27C2BBBE4CE75233E35797C30
:105B2000F47EA697735E2393B3DB6708478ABE2291
:105B30001164CA2AB97820F419599EBFA4530CBC29
:105B40001296ECFE301C508E75FB77E3FC929E861D
:105B500071BABBF55ACE24D2FFB8E89B65ED7DE55E
:105B6000EEBEBEA9AB97F8589FA1E66586BA329DF6
:105B700030BF695AC4E014FF7D7DD236862D9AF578
:105B8000674CAD88722146D0A3D40D12969D196042
:105B900019FB6D848479557A187AD7FBD3067C2F4C
:105BA000F62208483B446229E4C3B556CF1B24C4FF
:105BB0003D75A2E84D0C08F76D7648D2B780823863
:105BC0006D4EE02B11D6B1EAA8D85D7CFADDDA5E25
:105BD000CCB9BA9331817A414A9243FCBEFCE013BE
:105BE0003598A3BA0ED2C80788892B8D142723872E
:105BF000A8C7FB05B3D80EE90FCF01AB9297DA1413
:105C0000341DAA18E9C5043AE74427C6184034836E
:105C100015E5A3C378D9DD59020A5DD0D80791C82C
:105C200011BAAD340B28F3B0E35761E8399449B0A9
:105C30007A178FEFD6B5A24B6AA851CE92C9685396
:105C4000F1B906F829CA7958334010F99AAAA7156C
:105C5000C484C08827F3EDA96CF5AF931FDB33DA5A
:105C6000A3932D3F82B77A09C0E67039FDCB026F4E
:105C7000E42ADAE52661E482BEAF6814E43C6836C3
:105C8000A1830F233098A62B185458DE225161317E
:105C90006A96895D592D0BDD3D9343BAFF66960DDB
:105CA000B0C3E72F6AD662E9079E4E18C110A81D3F
:105CB0001A4254F534CC7A8B9DBD5CB86D1E3444C9
:105CC0008AD6DD667C7CC147EC9CEF91317D5627FE
:105CD000C02184D7725259EFAB43FC7950691CE460
:105CE0003C5CEB866E883D6EC4ACE27EFADA261D23
:105CF00025CEE3F5D326E50A5EFF8858EC2302ECB7
:105D0000B6EE0DDF9E6F2675EC2CD5F17150723713
:105D1000396BE719F9EFBFCB65F1D2F87F83925465
:105D200066BF30AC7012E6B18AA6C7E16F81C56A62
:105D3000644055235CE8661DBEDE3090AEDE7B011C
:105D4000EB26DF39F4D6DD1A681E22F4510307AFC3
:105D50002B2B994BF1AF64C8BE2BB250888AE22638
:105D600050D73F7F5B33E7B0B11C1C9551E7B07F44
:105D70009FAB9118FD4EE3A59F49AF22E90B615FF0
:105D800056EC7638B834BFD9FD4E752BF8178F7A9C
:105D9000EA95EBB5F540865845605B49D51CCE9D2C
:105DA0008F6D426FC2CC0B86FFDCFE6604C53BAD37
:105DB0009C08130CD88B2B0294BDE00595FB5B7BF4
:105DC0008269AC6907AD84366177FF915842A4D4EB
:105DD000DBB2361CC31A2E237FDD67058CA6BEE519
:105DE00026FA00EA68309CB67717AE2BD547904F5D
:105DF0003AC602AA81B864DF84F9904082EF10A10C
:105E000094191D8D0E13AABF736AE65B69FD94B7E2
:105E100085A7325E47E52150BAE6CCA9442B43144E
:105E20007D342AEE3CF909BEEE7489B30280915D9F
:105E3000CCA1D01C79650E10D6E7F8E58F56039CEF
:105E40006A1CA410761416093AE39EA4E6C355FE14
:105E5000BE89F1ACB86DB47956E04B75241609BD16
:105E60006FE78B6DAA410BD15C1135DB02A84F287F
:105E700016C52EBA89692E694708D70B3000FDFC7C
:105E8000670F9134B5EF829CF7F992E48787F5703C
:105E9000D11F452D9CF5D8B256853EA9A69A7969A1
:105EA0003C491AEB36048E66680D919B2CF1BC932D
:105EB000B8176C777B9C6D35CB7A79322C9DB02FDF
:105EC0007CD9573549E1B7E7362DD43512F7711132
:105ED000CAC7BC7AD469555C1F1E99A71C0B3F8E9C
:105EE0005410C786F7A672D67F724734B659F906A2
:105EF00054F2D5B41382AC8F7416E6A2117B9E695E
:105F00003873601EA5E8FA7DADC54FEF798AE6BA11
:105F10003579FA8E3D20D11E9ECE0DDD9BA359D141
:105F200037C6BB9334F553693AD543ED458A8C5E49
:105F30008554A1326FFB57368AF45831E64628FE65
:105F40004800B5C6BC33D0D4C83EF0132B39A0E707
:105F50000A900596536F8C0BCC8D5F4145A9119427
:105F600089D24C7FB37F04E26E5DDF700583894E7A
:105F70006F06B8D7DD6B14244F7486E5A01BDB7D5C
:105F8000D10BEC4909FF4F8D83A9488737E891B8B9
:105F900041421E94A8776C16528B72DEA8C17CB069
:105FA000C44B8FC23AC1F67D50291CD7829E077719
:105FB000C89FFE7DE979B36D725A5AF58D8395A31A
:105FC0006CAF5B0F2CACA575AC4D3E796A9D46D38A
:105FD0002A765B52E02B764C0C97E99C08241590AE
:105FE000A97CDBBA38E0B92AC27061A342251CE95A
:105FF000637AA23F0A18B4B96EC1EA67D38A25A5AD
:10600000951751F40CC6C7B6F8304B3BAC8E8E9842
:10601000EF9B8A85D92848CED766BA94254A754918
:10602000B30BD1B6B4F1FD5A1B987D673C499D472F
:10603000B88C46F1090EC1D19B9A5EC58517DE9BCF
:106040003E5116EAC2A6ACE019F67010AE55E963EF
:10605000908B981B8DCDF62D5FA4AAA4059D337A55
:106060000153295AA2B2D3F8359E72F6390E27A6EB
:10607000EEA21018F6871F11E0B385FAF2A102BB59
:10608000F632DC0548C2332BCD2E02E11DF4F28737
:106090007661C7CBACAD8A73D8F1E2DDE5521CD690
:1060A000EE5A85805176A4E22D8AA233B4210629C6
:1060B0005CEC06F2EC31317A16511D2613ECD7D187
:1060C00020B18BDACFF3EEE3129D33A7112FC382F9
:1060D000E3396F13EF8515BE913978F7BB819B23A8
:1060E000A3E1E04C28B80F77AB22C2507A80FB0CBA
:1060F00090971552EAD999F12371F3640F65F8C9A5
:106100000914D0B69358F7D6C4CDBEE23CCD9B83DC
:1061100014E60DEDD10FBC93778758E25025F92690
:106120009F4D8FDC71C538FF90A8D472D4E599805B
:10613000BD567ED818860A37C9ECA297E2FCE24425
:106140003D9B94155168CD8E23EE22AD7D2D0A52D4
:10615000DBE9A2F136836288C504B2968F506335BD
:1061600029F26DCAD12612966D6B928DDF4DBFEE6E
:1061700001D99D37CDCCDDF8EDE32952F5F1888CBE
:106180008FC1A21DA7B16326B5E3C278FD29E6C37E
:106190008932986AFFB5E9C05F4C177995D6FC5AE9
:1061A00045225151248BFBD83A420947E87B9CC1D8
:1061B000F2CD42A15673E15786E1B34A0C588731BC
:1061C00025416DB4DCA94CEFFCC1AAB80AD807F28E
:1061D00044EEF5FB771D9D8A0DFE26706803207C3A
:1061E000D41BE1244B8673B94BE85FFA71BA586A45
:1061F0001F50A0D8901B354A38CEE0F96DE64A7999
:106200003C6182026A1279FF9C15D7B95849DF02B6
:1062100024E1708B809CD09A05E9311E8EE886A21D
:10622000F38FBBE3E95F6A66DB7CFBCDB0CB75FB2C
:106230004CB91E83343BC461C9F5B8518010B71FF7
:10624000340CCB808A7F4B0318253A02D813738A0B
:10625000928805B5A0A721AEA0AEABA3745DD9C44A
:10626000A51BED1E54D12E9E76F16B4C3AF08D5944
:106270008A7CBCA9B9ECE6B7DC7337DCBD7D83C989
:10628000EE2234E6C494B333256A7F7D76E279B397
:1062900078C70C7CE31DC23A77F22DF03009FB334E
:1062A0000C490A61D83435A42488100A0372772671
:1062B0002FDAE6B7B796802B8A392343246C87B947
:1062C00004BDA935E34C53E39312CBBB0183CBADA3
:1062D000FA836C8C4E94D532B0ED511AB7E3E1DB02
:1062E00004B7D8A705F5AA8D073A7EEF01A4D8C553
:1062F0006025B9923CAC5CB2D715A64BB492FF8333
:106300007D770B7739A088494C092BA609EB17E557
:10631000DD8FA8BE2B9800BC09A87B3A3F90F016F1
:10632000FEBE50500C45B9CB7C92AFFD80802EFF55
:10633000374FE224C758AD0DD2D5E4CE952F57F88C
:106340005517479B620FACEAEE36CFFEAAA7DF1BBC
:1063500081EB569D58F567F06067A9532B7C8070E0
:106360007B3C13BA5F258F585CDB8BD6A02AA6082E
:106370004F9BDB936865DA6996EB9BA6B13FE6AF6E
:10638000E6752AEE37967F3612C198BD0EE9A5C094
:106390007EE51F569F6ACB56A89182245ECA69ADDE
:1063A00048EE982DF341B82DCBC37D7837FCB2056C
:1063B000136C727503418335EE96D5434F2B14C68B
:1063C000B6BCF0F464B3BC8F984147013AB58D7602
:1063D000B4BD6496E31105764EC71C621C1A3F25B6
:1063E0000FE5623CD6397EA0F769A2F9976AEFAD56
:1063F00068C73EDB3A8B17D5AFE70CB86F500C5926
:106400006535CA59F15EE6B08A1F2D69BF1EE1E409
:1064100087FC995CDB8A2C63431E490BF0842CFCBF
:10642000350902524BBC778095F6F523874D33ED45
:1064300060485E778E8F385BFC57CEDF1C2F0501DE
:10644000B4160DF19100FC00DBBDCEF7B37F05D98A
:10645000BCF6A6E9031C0C82A83026644EE7C51AD8
:106460008D31A358F5FE459E68990EE310E5F111B4
:1064700048DEA3C866023BF35868835200BC9F6B9A
:10648000B9C24AECA69A7CC22D690A50EF5A00158F
:106490003FB9DFF3C24085DA0E32DA112969200AEA
:1064A000404206F6E5C3D177FB3068BBE191562345
:1064B000A131089018B4D2C7C11DCF1A45570D633A
:1064C000411ABC681D1332C3792CD47B98543DCA41
:1064D00030C7B584155A13352750B0E1865D632B5C
:1064E000C38453A81C8438D5CE46EAA6290FF3806E
:1064F000D92343AD882A9306D91A291F3C10295E57
:10650000F3762BAEF1F0186959432D7AD66E7A3EA8
:10651000811F3629C992C2D624B6A8A069359A69C6
:10652000C6F23CCC0AAE5DE129D5BE2AF0D0834B41
:10653000891EC3A604DF5ACF2FCFB0FA34AD9B8596
:10654000C8D78206BAAF1C61CF5C1D1014B916C241
:1065500078F42510CA4FD38227E9ECDE466314177E
:10656000D67694C5EC9792F38CA1F87027312CF76E
:106570008AE56EA6819D895038EF22DC653A873D19
:10658000FA17750CB4338FB6483CA010C2850E7B49
:1065900095D8E69AD71E8C0E949CB45D282167E9A5
:1065A000EC610810C2DF826FA7756F90B0B23BB389
:1065B000BED96E026DEF673C5F629F8F41B390FA68
:1065C000780842F65B576EB645294FF90C53F6A48E
:1065D00086C061FF64D407405644E087F3D69780B5
:1065E000C596FD4395A56EB5A8ED574B23C1C61EB4
:1065F000722078899071E268C26E7638759F9C0C23
:10660000E9879D37E1EA4E2D1E8FC5C7DEBDA9D5AE
:106610003ABD989F53D2822034B3055E9084DFAA9E
:10662000086D308E04104D8DAB3430D39C8D195DC8
:1066300088B1F484540E739CE137D2F281C56D4F5A
:10664000E9775193F7DE5FDEFFF8224FB39D0869CB
:106650005F49868C63C25B5518619CC6CBFB405B6F
:10666000F34E296F27DD8F12C9F02940CBE974FE64
:1066700041DCD1E2799735D943087F2A0AF0720FBD
:10668000DD45BB1B37C85D7E5FA86F2F56FF52C22A
:10669000A65D48FC6B3188E4BF9E0BA38946786DEC
:1066A00059464DB74BC0720D0A813551D6B250656F
:1066B0000B40D05E2A75CF18C215403AB03630FE76
:1066C00091B0DA2FEF0F454CEFDBD27D49E0BB24D0
:1066D000174799383F049DCC5403AAD00427DEDC29
:1066E0002A8C6789C6D58F257AA81821E5101B8CBE
:1066F000020C7B3584613FC39155A5F3F25F8A9FFD
:1067000002948E2FCA55C7EA9ECDBDA16CAE6FBC58
:106710003F91AC71D6EAB38F6FD8AB255B1054BCF8
:10672000B6F0FDB150A7E72AB1A00A1AC7F607666E
:106730008F108A0448FBEC7ECA50A4D2FA06CC27FC
:1067400083DEB3F78258448FD76C2E0295D3F8E8D6
:106750007EEFFA4709D13A79C6A254C9EE28D2058C
:106760001C96DEEDC1601056B9FF0C7B4B2A6AC93E
:1067700007C3AA166B2AB88F6EB3F48C216F87708B
:10678000C830EF04FF0B23A35AD2BF5A2558285113
:10679000FA2E4B1B6AEA85BFBD58086E71B4A05231
:1067A000EB7BECA61A528C1E1FA4FB27694CCEBFB4
:1067B0004B98AAD0DE27DF587BEA72346485612AC1
:1067C000960B4940AEB2EFD04272790DE51C2B61B9
:1067D0008CDF87AD0B7B309809E32512B2141CFEC9
:1067E0005DAFEFF6877271AEA750C229F70CB79272
:1067F0001316511132ABBA0AFC3B899FAF33DDC28D
:10680000472FDD918101CB56C5F850EB403F018207
:10681000A0015C007C26412D3F835D0C24DDEB9CB8
:1068200022ED4A6BB8D8B8AF4A3406CBB1A13F16B7
:1068300012A2DF5768C85604C21A2FCF7D98084F9E
:106840008DC9F1217D4BAFB7674F37DEEF14C70716
:1068500075361E186E4749FD7D2DF76E95E633D1CE
:106860007B22F76DF1D346A7ED3A98DC0B5DC1BCF6
:10687000B4EA26772E261290FE2B8E5B949BB035C1
:1068800070AD0CBAE504FFF7BB6754EF0AFCAA6AC7
:1068900045463A2CBF60180A4B6F9128DD2BE0D992
:1068A000FCA315D73043062659680AC955B6DD063C
:1068B0006382F37BE3CE8C6F3CC677BC679F388DD9
:1068C0004E851E8A4A3955C76F5D3EB84C357DC32B
:1068D0004CB7C8132AD38A8F97FD8F731E35B05ECD
:1068E0000165BFE32F641D8A16CE3A545B0E95886E
:1068F000A9A0FBA0F23CB927970BEA389CCE539B8A
:10690000A539A451BE38D88153B0FF9473D083F415
:10691000E10E59327DA821A690982B31AD39FA3479
:106920007CD37978B793E0973B1639C5BA3CB26C03
:106930008162E66E29A9DC10EFDF893D27158D28DD
:10694000434C40D83A5B0E29E9262E177A8846C771
:10695000DE5CC711F68D0FD5E627E868D2A0B22815
:1069600027466F48541B6308841600D50DE71AA705
:1069700009DC4F66A95DBC8F746C9F69A03C878A57
:10698000CF401F26781F9C10BD70581AC047B2C850
:106990003CA5FF52B32AED0A4AF7CFB80C2A9B3127
:1069A000236450BD0D23EEF7062FF672A1587AAB83
:1069B000C37D7027189449B9F90FDD1340C8972F8C
:1069C0003486E1391BAE2FBBEDBD955B2BAAC69972
:1069D000D7A006395EB5DEE9606DA3DF63503BEFFB
:1069E0006AB0343417ACC04DED2BA3640F1A1234C7
:1069F000622BFC45E0046029D33B45A7D6F50AE3AA
:106A00001A769756C5608532141E8FB5775CDEEC1A
:106A1000834F9A9B6554F29491E17351F32FFB8A53
:106A20007EE0A1458A4010173901133F2AEF72C555
:106A300028AB1533921141134B07FE749624FC7456
:106A40008158576EC85DB553EA4382615ECE0790A8
:106A50000E6DF46B887CF5383FD1AD7CE6AEDD6120
:106A60009E434A3521EE4A98DAAC6F4337B19F32E4
:106A7000686BD5EC0D8FD7F13DCD6F86D6AFE6FEB6
:106A8000D1A37CC1311A3DAB9B5A1086B1DB742D6A
:106A90000AF1FC417E3A2E4E3D677017FF53CEB48B
:106AA000F9DAB9A6EEAC5C55FA89515CB7274F818B
:106AB000BA1F76D7E8ED0C2E7DF3E59AD9975C2CBA
:106AC0008B97B2C4FED69F34CFDB237D141810857C
:106AD000A35B50DB94A1A5E164F22BE7FC8288471D
:106AE000529372FA9D3157E4F03A94F5C2BF9F4534
:106AF00090A99EF0A359CAC83508492A5DDA4357C0
:106B0000DDF110C5EC26F8548D0EA1D4C6BC24735B
:106B10008A89BC0E264A2FD99A36ECA6FF2C3E0F46
:106B20008AC89DE94A804F30ADDFB1EE20A5658B64
:106B3000D566ACDC480DE51FCF72718E644E20889F
:106B40001E3D9D4A348A48090B5C387484491DA156
:106B50006CA8F467977355F028CA024EDE78DA5CA9
:106B600067A21ADD568E29F5DEA72C77251B1FC9D3
:106B70000B43796F4C5DFD6CC5F5748ED57F9FAA74
:106B80008C0B93D8F19958B690CBE92CCEC3AFC4F7
:106B9000023FCDDE4D625D69B0171DC94D66258D82
:106BA0009BA6C5E2969AE55B58ECF62E2DD3DD67E1
:106BB000808ACC5E4B6DFE23E742AC8CE085F87199
:106BC000BAEEAC05417CE72A5881EC3CA5B1EDDE7C
:106BD0000EE0B53D613D3B1717EA749C9DBC748285
:106BE000CD3DA4B3FB884A50F6CD7CF96D508F0C97
:106BF000CD247A104EFCBAC835BCC2760F18E6E632
:106C000060354D42B56FB2B9D7B4E548153B7D7AD2
:106C10001C475BDF9180C590897C1DB7118F36873B
:106C20001E6234CF41BA037C9DE0C328E59612FE74
:106C300011CC72E60BF4D8A80960622DE0C87E89F9
:106C400080909D2331AFA4CC83F0157D45DA478930
:106C500047BF4BD5E03423E8E2B0631B14FF5FCAA3
:106C6000B821488D691C42283BA40AD046843D596E
:106C70005B7BE87E2A7FB4F9B169FB08E3E9269AD9
:106C80004CC1E4D8B2434904FFE64C5EDC687B3378
:106C9000816D9EFD61B6E31D3C7887B7ACC13C4079
:106CA000EA04104690DA6768E805E7EB4E15E095D0
:106CB0008F0392EC099C9B29354495ABAD33279CFF
:106CC000FA2DDA40D0EC74AAC5E87A279CBA36814E
:106CD000C9E33A7DD0A3882F56883D3A4B1C103526
:106CE00005F4EC2889DDD88658B129272E7E5D90E1
:106CF00000D5CB89E7AB3B8240639AF848B30617CF
:106D00007D833FE63DD8C93FE8E2A7A612DD27CA4A
:106D1000945CF5ED4A33F4F9882C2841363AECE2DC
:106D20002781D22062661033A3339506DCD2D04986
:106D3000D69A80A2A5C9DF3D0EB0BDA0F089E4F4CB
:106D40007D6B65EFAD3599CEF4183749316EADE204
:106D500090467888F555BA5470B4AEF855C5AC5322
:106D60005635DF80A64F76405DD1899E8071CA502E
:106D70001375D0C5F90DA3835A0929F498346C6BA7
:106D8000D07A6D93EEA5CF112036A5912FA650B7DE
:106D9000AE6E996F62B6D1034EF9DD76600272D5A0
:106DA000494EB38D96F50A23809BB7D09B5FBDD724
:106DB00083B8B4283FD7F5DCC12329342CB5EF853F
:106DC000A77195A03ED706DA7F6DE22E64368FF16B
:106DD000628A70BFEFA08F420AD48ADA3F25F16F32
:106DE000C7F5D2F5D967CF01F4B5D746E8868F7BD2
:106DF00048442432C082CCD6C4E9C7390FA37117E6
:106E00005BE44255B367B918EFD77354E73C4222AD
:106E100017C5FC8D3D9388D2187E102FE44F55AFD7
:106E2000CC11E1B98618B672B3C239CAAB3F1507A7
:106E30008C9956B747C737AFCB39E68369C8DD664B
:106E4000FF2124CE36FB5827708B1AB279AEA2846C
:106E5000024EB0EE6A82A5BEF529803DD261D0E136
:106E60004058DBAAED8537731D6809DC7A193ED5D9
:106E70007C35190951AAE882FCE8F28F8620FD9C36
:106E8000DE0D24C05DCC0400F4F67FA306A71B66CC
:106E9000537F26738AA65B425367981306ED9CF6D0
:106EA000228105AB37A4A5A3BFE8FA6E365CD214E5
:106EB0001E0A8B0D5867051F7319C8B367B57A385A
:106EC0000ED005463C1D68843BA849ABFF2CFE92C2
:106ED000F725E03462182420DEDC414CB91918D5BE
:106EE0009880ED2549D1A6E03EB19A8B84E71650F3
:106EF000748AD38A3BFDE060DA0B20993E68319CAE
:106F000030EEE27A28E02D2E2A9B465808A2DCEFCC
:106F10008FCF6A06CBD889ED211F091E440F5ADD99
:106F20006678FFA97D5D44D01A44372299D65D4A20
:106F300088FF160D76E5A504A7DD20D3C227FFA59F
:106F4000C664AE96EF38601FCB075C9C942DA5CE2F
:106F50003C28F792B4705254034306633B9C29507B
:106F6000BB0823DB2F82932A3F01156F6C98A10089
:106F7000E9A00E45D0AC82DFF879A7624833525FB2
:106F80001A246135FE5DBE22381DBF0331FEAF13EA
:106F90005EA631D5405957F7FEA56D52BAAE5D5D7C
:106FA000571F6912B94B5E5314B0E1C17998F8FBD1
:106FB000666CA85762418B9CB8D67AAF2B36DE92AE
:106FC000A47838D5158BA27C937F5838AE6F01D149
:106FD000D244C67BB7B403493BCAD1CD6014D19B20
:106FE000AD2AB0169CA88F18C18906AC6C4485994F
:106FF0005B6F3D419EDAA690ADD212B997DA3A9D09
:1070000017D9F73D4C163545240F544849BEE2E4E4
:1070100077D6A018D86AD2ECEF8599BB459D219F01
:10702000E145C3D78FA5D07B92132BB51C5E182DDD
:10703000BD9655139EDF841B87608C92BC0A46C3A5
:1070400093F4B9DBFEDE6C66ED8773FE4F8142532D
:107050009485956BFC9E11E5006BDAA9243824DA3F
:107060006AE2DC716E02DC54F8B01228FA9D4DDE43
:10707000B18AC718AF720FBBA66D052B26BD92ADA6
:10708000FD355D2746519A4808771DE6618AA0F1D3
:10709000B4CF0C2CDF0D4C9A61C6CE8F902D632D92
:1070A000357DC8FA9303F5E44796F91105B723D265
:1070B000847A7B941037B32975EEB05A3512346058
:1070C000F26F2174C059DEB33AD591A27B4C6202B3
:1070D000E424EC8EE71B640E26E1D5C0F38AE9E4D4
:1070E00011806AF34EC6D0D85E2A1628FA9171FC38
:1070F000E37922920199D1ABA84F5B4ACEFC8E7EF8
:10710000F80A62C66F75D347BAB7FD9B4135C5F71C
:1071100056EBD64765E2505988CDEF46199BFED312
:10712000B2EDB8169A0A4664C67280278188F5D0F7
:10713000A0EFFAAC27F044BD264C7D3E9DBF6A8B84
:10714000A4DE07EBC5C3846A4DA0DC1F9A8F921999
:1071500033D0B88EE577126D641CF0E4A7539E8F90
:1071600031517E62A89AAB882CB2000EA384E3F45E
:1071700031B7E59027B62A00D596AE2F3CE17315BE
:10718000123581270140489C710C90F34B74EB0041
:10719000A41E52D5604E7FDED387C133BEA61677BC
:1071A0003EE5CBF8CBDCAE0D39BB77FC36789FC71C
:1071B0007B7F3F0025EB20FFA1935DB165CFB045FC
:1071C00033D280A9DD8F134B473CF11C6B7025C671
:1071D0008C27006A8743329C5B6F7CC4A1E324BA8E
:1071E000E4AEFF36F544622CF52860D4EA97D3B8B4
:1071F00089DF44064B300A53736D25A5B9511661DA
:10720000EE1E9F07758610009CA0A9D16F28D7D9C4
:1072100016F1E329131DDDECC5FADD280DB343DEBD
:10722000FFF02581702805DF1521A9C476E0FE5006
:10723000ED627682B8A038F06E6381288ECFB69268
:10724000643CB2CD086640A73D5C0DA9319A27A0E9
:10725000B4DFB4BEABB33F6EB91986610314C2D7B5
:107260009E77B7C40C30A9A7EC676EFDDA9B990C2A
:1072700065B05518FE3041929BAA2A42BFB368A35D
:107280007428F754E1C5CA7C312658837C239E9725
:107290001854267DC43BB44D28A63BA242A292F1CD
:1072A000C4A13FF5ED30A938E42C24DDD1BD9DE823
:1072B0003BB858B9A2040397C9FEBCBBD92055609E
:1072C0005DE8AEB8C57DD9B2A27A33557CC9544CBD
:1072D000189EEC4AD2AD11503905624E117290E6FB
:1072E000E6687CD5FC685F3EF1D91D5805459A4B90
:1072F000D750DF2725DBEE694C688E4E55DB65A243
:107300003016DCBC02A6DF73E52279D3C963B02D49
:10731000252C274EC121DB8246AABAA077EDC021D9
:1073200015750223D5E7110CBCC403D89218FDB51E
:10733000B9D7B57D8109AAB5803A50CAAEDFA9CDCB
:10734000E01737B43DD543712F6412F99B16CDF188
:10735000C313DBF2DACF2B3ACD941F75A553F9B1E5
:107360005FE960942345BEE47F93B27F07EC6B62D4
:107370004B3DE0FF14475A5A8A5D2102B18922CD64
:10738000064867C75828D8EC4B7FE4AB935D2707C6
:10739000B4DD3331CBC2BD871BC4BE8E7EF8C4348E
:1073A00002642638A9AC7D9AB14DE6AD452CC4C621
:1073B000F14A506736A2AECAB682698DC5DEDEB725
:1073C0000D8361B87770BCB602A536F6CF80F27136
:1073D00059E4DE275F15607E268447333C616643AF
:1073E000C6F62060B31691B1A2D6F3C5D35092D1A0
:1073F000AA5CCD501304995971FADAD0BC0C2782DB
:107400001436DAC0CDAAC42655422146C10C25CA7D
:10741000B120C98FC761BAD622D5122DA68D2F28CB
:1074200076243FF5771517746BB598201463957221
:10743000ECC750586EA4D6D84FE3DFF41FD3BD7904
:1074400039C2B3384464952C87CAF154215A0F705D
:10745000F1E019875D93A680C84AEA9D8719CB861B
:107460001BC3256AC175E1E04BAA0D72F57924575B
:1074700094F5CEFC7C0A6BE653791095A30C643A24
:107480004E2B5D19E67C38D2C5A518F67DE4B344D1
:10749000B3BDC3193060A43BB53AB6717E034191C8
:1074A00053A48F4389EB3105DACDDDB68C5B7BBE0F
:1074B000B094F0805503B254B453E124FA942EEB07
:1074C0002DB9DB8CEB29848E56595BF4E3CBEE05AA
:1074D000AE9D3548F8F01202EF98753AEC1D095749
:1074E0007E1BA19ADC381131D20F103BF6FC7B8059
:1074F000412A6A9695EE39AEEC16107D38B56E408D
:10750000A86100E6BEB45EFC148D0C40EFDBEF3EDC
:107510003741896CC7E4A3E3A23A20E2D23ABB9B8D
:10752000A8F5A4C611BF2686B75EC3949DF7A646EC
:107530004B6631577CDC431BE4DEA0C4BC4A6D4083
:107540008EDAB4721814CB992DF9A0CC0E355DD813
:1075500082BC9D9E34965B53E097DB238F4FA4251E
:107560004E8C58791B81E1504571FDE6F3E3488B61
:10757000C15441E5BFFCB02D2687E8C1236876439E
:1075800062289860AB462804F670CD4881EAB417AB
:107590007375A5438F3A53C49DEBFE317681FD167A
:1075A000A30C393B9D6F72E25AD8A393193928E294
:1075B0007EFF80D50F39B78B00A2C753DBC2768020
:1075C000D78F3FD116914FAFF5E98B24DE2B55FDB8
:1075D000B026774FB2BDA090A32AEBF822471F76C2
:1075E000A163E544634DD91DFFF39659B7CA853BA6
:1075F000C35A1A3E1718C388D0BB3C94C589236A66
:107600001FFA03C3EC4351BE10E08AEC0EB232E223
:10761000BD5952C8D1BBAE513048F88F43AF67C493
:10762000381921542AFB3ABFA9DE4C2F47150A35D9
:1076300015E58C54F453AD1262685471CE8E793DC9
:107640005C3B04E9E6FE703FF02CDB4C47CCAFC45A
:1076500006656A65FDEDA61CB45E20203BF38E280E
:10766000C527E27F6F7CD67D0E2B5E9E85F951E5A6
:10767000674183291A89A81C3940E946F62BC5F4CD
:107680007440EE78B83E2E61111D0A8DD37036E637
:10769000B5812A2F3E21B8F5A1DF7FAEF5C993ED64
:1076A000581F21B78D73BFD6C36382B2B931473437
:1076B000D8767F3D91C82D7314C4D7CF71A854F9E3
:1076C00082706DFA7FA1245A8673433439E2EC1D2F
:1076D00006A571B55602D630A318C39723107F892B
:1076E000EFEAB1917F4DF51091A910489E9C492673
:1076F0003CC3A0EF08E72FB53E91BFE57F2492ABD6
:107700002C804BEE95E7DEFC9A86AA335B57C48645
:10771000E7AD968919234DB829F30E34F8D467CF15
:10772000A031B59AFDB391EE3842A386C2338A48A0
:1077300033613B1E3B91622F4387FF2CD850D70704
:107740008FC36A9A997C3903865122DFD3BB6E5767
:10775000CF0AC71F4D157901AF54B75D51A93068E5
:1077600094569D220C27CA716DE1EFEA92AAFCE4BF
:10777000A10BBB0A0549AED519280DE281C519E652
:10778000ED9BB096C143D33B68C8EA01A2A7DF8F47
:107790001C73EA1EE5522250CEA913A5134B674273
:1077A000D3C82A85A8E743061033E8AE0B686465A2
:1077B000EF8B20AECFEF22BABE4B53FEF180328862
:1077C000A0DE64381F99CC21B1B5138DFC3619C3E6
:1077D0005283EE0CE0BD8D61C46175F5E57C4168B6
:1077E00053DCA00E1E9828A516816574A3F0F0E95D
:1077F000A61723AB4386E2DCBE9B2ED28B9BEECF3B
:107800006A9B73EE180F9362E4864A834B00FC1F59
:10781000A37685404BF15D58B8F23F523899FEABE4
:107820002811A2754789C00F77C4E1440984F7C8BD
:107830006362B55242CA1659C14AD213B6204B20D0
:10784000A8AEDFF7EF95FF81B20DB7A0A8238B415B
:10785000E05F747216D7DA9992BAF6997F7295261C
:107860000A68CA60509C01630B818065F077B74A53
:107870002BDE050145074FF450E3212849282D331D
:10788000A6C4F1124D9335DF954AEFF87A1C394FB3
:10789000556FBAE9F98E59BA3BE7629312F7030ABA
:1078A00019A51416123671695BBB92EEAE3490F3D3
:1078B000C234FE7D058DEDCBA2966AE48842C1CF2D
:1078C00032B3FE8D98D43B3ACC41F672DB2389402B
:1078D000B0ABE4793CBF86525A1F4F9785DCB65156
:1078E00007951C671D0E4E639B2E9E3C570585D346
:1078F000C6ED85022173449BDD817AF0C82893266A
:10790000D6223D29253917396286412A7C7E9E314F
:10791000C1BE84A05EEE03277311BAAECACC920238
:107920006379A401E5D2DE17C387A5F0EB5C8B89F0
:107930005718F095AB78F98BEEAAA81ED430D9D1A0
:107940001D8CA45DFAC8B52C56975E7D03D36D855A
:10795000146D3747AD02DE1E8B601FCD01CB5F1368
:107960003058AAD4F7DBA1044341046D739C411243
:10797000C985442D9ABB61D41215A039639D9C3CE6
:10798000456EDAA97DD56AA5D510DC022EEC5190A2
:107990001AA11D9FCBECE0BBDCBCE1BC3AEF3A6E18
:1079A0006D04B7EF38F187DB592DD36E08B6BDBA39
:1079B000E91130CF7F28536C39CEF3DF7CD70BB47D
:1079C000C20B5C8A3FC76218F8485EB78A4DEC3834
:1079D000B6B81926E53C1F4E78842D0FB0BB29851B
:1079E0002F6D1A45842FCCC3BD163368C13754128E
:1079F0000AD0D0E4C21076873DDC702AFB1F479B7B
:107A00000CCBD355FDE928AC621E448ECDB4C753D0
:107A1000FFEF76AAA7EAA310022E8EB25B202310F6
:107A20004663495BF54DE5340811ED9F54ABECFC22
:107A300042659BF07E2282215CB5043129C43B0063
:107A40001A62FA55D5C1C9177A546320FE497FCF0F
:107A5000EAE9C1A74242E463A29E60B268EE241B39
:107A6000E32F3CDC3B0901499602A4FCE6DB95B818
:107A70002F22172E40160E13934BFD410C5A03E490
:107A8000BBF111D5419BB607ACBCA6E8DACF903369
:107A90009C31EFB4134D3B11F8B785109EF7B80237
:107AA0008728A28A243D9EE91A7901839685A2A19E
:107AB000BC383E8F042AFC045E76A4F21C05445AAE
:107AC000DB701BEA86907FE4A7C3162BEDE97902F1
:107AD00065890A4637E07B4796D9357D0B38D0DE7D
:107AE0000105AF0C01D72465C816B980EF9546048F
:107AF00097C0CB35DF0841B089F811D91A1AAB8687
:107B0000A3916DB229F23620EC0F1AB84D28A9AF17
:107B1000C33C0B96428817D03FE03776E385B2A38B
:107B2000D791B22D6B2EAD94B8C65988AC3A555F3B
:107B300083A7FD7FBE432F1174BE1D73429658D19B
:107B4000236A310C7E150A0AA56798CAB1F1D85785
:107B5000990482E55C7C459856AE9F09536D66BDDD
:107B6000231CD7CA681EB19DFB0D3C7D8D14A0EC73
:107B7000E2DAB4022310C2EB52EF00B6AC61D831A6
:107B8000F6F0A19A32FC5CCE4EDC6371F3A8B92604
:107B90009468495D373A192CA29231B15AC6488C83
:107BA00003E7A5422694239660E2D104F8951903D1
:107BB00026A80FF95866A9F7C15CD275AC67F54CD9
:107BC000900A2AD1951B6A2F1CC7A514EB773E8219
:107BD000615B29E33D0E60CF003284F9309F618301
:107BE00079A50F1F9FBE176F3C8A576032772D080B
:107BF0009557364918CF858E15EBA52D6713B747D6
:107C0000434E958B00981A2E7DCC96BA88DDD18F85
:107C10006007E8C329B105D6FC08B41DBDEF51C00B
:107C2000C232AA914F3115FE946E4D532721B2AC4A
:107C3000283B9158FCEA315CD2398ED46F720090A7
:107C4000A412F6ABEB1C9D3DD0300302D1A0B5A32E
:107C50005F37A8CBAE44F0A0AA347237C18510E9D3
:107C60003DB269352AE382D0DD6786155AD30F5AB3
:107C70007706826F0A55D061A194F433A82756A2E3
:107C80005B2790A035B666A091B8E4C893F7D538C5
:107C90001A6590C7F00E4ADC51B2CB139AEAB08C49
:107CA0005088EE99D6FC94060D3CFDE2CC9CD6E2C1
:107CB0001BEF4D1D045ED501610B91511EEF4A75FE
:107CC000CF93EB55BDB6AC75484FD1406F76761368
:107CD000EEFA52CE34DEEB6D2E272F3CB29E7CF3B3
:107CE000C49AD31E454ADE358F518E22637FB31668
:107CF0003A09040A9C69D6FB514BECCCC90FAF9EE4
:107D0000BDFA771E3B5954083DB372414F2C6B8A24
:107D1000A3FF985AD5143945AE7229B0AAEAAA7FB2
:107D2000C43B7AB553B5AA9360216868AE25803903
:107D30008044F7612F0453A53CC8B685DD5A1674FC
:107D40007C6F8AD6597FB72FD7733A8822DA526E62
:107D5000D4896360A9D5CDD3E5479AC15BE1919001
:107D6000E7B3083838C8AA16A5E077B80320E7EFCC
:107D7000848F640E6B9EA123F452147B27BE2D8A40
:107D8000E6B8EDB903470E8B738062BD72E8ED7FF4
:107D90003F9A0DFD3397B537251AF597BCF9C3A760
:107DA0005744BC78E0D55C71D70AAF952BF6160026
:107DB0008311E5C1CF07370FCFF99026AF533303B7
:107DC000B93AE7D48626CEB521F2D5DA07C9E0D490
:107DD000B66010BA50513EB49D3EB96D3EE75AA709
:107DE0006A7DEB8A47F549244976D05C72E3CBCCB7
:107DF000FA5504D8C6106DBFBB057229C258502071
:107E000060DB1D2501DE03E86E91475D9F2CEBD9F9
:107E10002EE10C626C0D138BEA29B37F678BAED118
:107E2000A1B030A072B9CD57BACFAF605252A26F95
:107E300024EF97C61D952089BAFB68DE032ECD6C12
:107E4000E4AEC1273C766C4C24F0452CC316DF56BB
:107E5000CED3444DBCA9F21D94A4C2AF503293D1ED
:107E6000E9A93BF14C716838B3C49D457FAD8EDB09
:107E70000A2AC7E2E6EF308126A6B57914CC380588
:107E80003DE1E3CB0FEDD53AD1134B1C7F28F79E94
:107E9000EBFF696827225F06FFC1A6CF785D064D1C
:107EA000F799F0C3A9F7DD7C64FF87754448A0C645
:107EB000AE3D1E420CA7C09C65C8C58F9A4AE2E041
:107EC000727BEAED2F39CC1E37607A8901DF366983
:107ED000BE36B56D20C47E2FEB641D34DED79CAE5C
:107EE00019BF4343C8C8FBA1735BBD2D26C2284BF5
:107EF00071284F6BF6C6944D1D2D2A37D626F8648F
:107F000006D78261EDFED0C073DBB5AB8C38316E25
:107F10007DE2CAC621071F56F5CFE8F53A96E8017B
:107F20008245EB95E4FBCFE96968C0BB29D22429DF
:107F300011257310FCEE3AAF208867308E46D0953D
:107F4000BBBFEAE329EAA3CB40FAE0AE8102716B42
:107F500070E9D47729F2032FA51B25F8EA6C5501A7
:107F60003DB4BB625973BCA599860DB2C5CA78E110
:107F7000FFC3952E3590C0842B5D64D4820F61E7DA
:107F8000B0AA970A1F23BCB0D0F16824D556E050A0
:107F900037B4C19E1BF76CEAA9B636E312BC429A0D
:107FA0002DACA6C90B1A8A1BD9661B37B5EA897A8C
:107FB000CFA91E70EE632D8C8E79015C579A309795
:107FC00012B8DDF200AA2F5ACFD29F9292D750F367
:107FD000E4CD237F703B4716A10EE54CEED6186327
:107FE00036E8C249760C890662CF2949F616E06B5D
:107FF000285DC277A47908C738DF2FA8AD4D66E1A8
:108000002BC791505D15D71C24917E2A852D6D05B7
:10801000C66F19B3C0D9F80EB8C2E2760DED3EE8CE
:108020008318F2C99BCB067E34308E14D98F8F4FC4
:1080300029DA037405510AB46A0041C2A59D67A0FC
:10804000EA9FD2E4E9E5CF3E7E213312CFAE13534F
:10805000754DC871A30B0B92CA4D54138B59C5BFF4
:108060004C5F1D6514A5F917A419BE520F59F9AE3E
:108070001F2F86A8DAAB9106A0F38F9100513557D8
:10808000246E17AAB029C401C0AF156B07393F3A57
:1080900084C9E0A4EAEBA62C779A6A1207B467A712
:1080A000F300E08BC0C5B1A27D84300CE479B0242C
:1080B000D00581F19A74785CD68D6AD32D41CCE2DB
:1080C0006EF48138159085BB29C35D92D7A543D442
:1080D0009BB3D30DB2F0E63F73A3291D7987056FDB
:1080E0005859339EF5ACA74740FE5B3005FE4877F4
:1080F0002C100926E35C9B4D77B96700BCDEAA0112
:10810000F4A3A617B707A5361D9DC398F48161F2A5
:10811000CD8534C7DC632697DFE43A3F78A29F8E93
:108120004F3B201330BD40EBC50A6A51EDA2D5EBA1
:108130006DE1070E8A8A5AB7F29F066013D3D8877B
:10814000A5EAF501BB1A42E64EA273F18085E0185C
:10815000CB298C6EF11FB2995842C2940089163611
:10816000339D07F4E9F5A61BEEDCB2A4EAE391D057
:10817000B9AAA06F9EC12FB7A7E9A7DAFCBE04A3D6
:1081800078FA1AB65C68E236B14B7A05671F775702
:10819000EC075011F396B9C84951C81044223793DF
:1081A0004492E31DFDBCED2818E4ED6A96F11CE253
:1081B000641A24AA358DAEA87A675918FC2D75402B
:1081C000A0914F1792C942CF903720E453D6C7965B
:1081D0002861020B54AB46388A76F3A94701159300
:1081E000A9C5408202C7ED4647A9C3795518EFEBF0
:1081F000A114D13DD6201806C0D81D27CC4FB4D924
:10820000A90931A67BBCECE8C772CE0BD89A81FBDA
:108210009D3513729B523BE3204E144AEE3E93422F
:1082200042E53A63ABC83C034A711A819B9B3DE52A
:108230002740432798FE277B9ADB6BCB8C46BD39C2
:108240001D3A58309DDC4438D982BA6D26E5FF4B83
:108250003E9F973E10EDAEFD41A0B1F94142E0B026
:10826000355A8F4C6D6D5F3574A28E627E196D1E0E
:108270004A0A2A56247BFE52B9B7C4C350EC0C06F6
:10828000DA869D552F80A0093DA16B0509F3E947CA
:10829000CAD425EB10F88300B2930EA2CEFB99044A
:1082A000680ECC88F2EEF5F9CD5552E72796A98DE8
:1082B000E7170BC761B30E497A59DEE8DB524AF47F
:1082C000EF98899786E490EF898E0A3ACFC5A097F8
:1082D00002C0A3CDB8847C23B4550E94C068368008
:1082E0005E8A357C1394759C47A92470546769F99C
:1082F000F1F9F6B9E4FC88F00513D55D50D091D6BC
:108300000361E7ECC0821B72079193E1CDD376C67F
:10831000DC5E32A3DEF960B3A37B5D85CF12D0486B
:10832000D80B43E6EB7CB449D8A4F9D9A7224E9FD9
:10833000E39BF0156C9967BA4FF762D4E97B78DA62
:1083400024DC3DABE2862BDF2115EB35176BC868CB
:1083500083FABFDED199D28116385C1C407B6C9ABF
:1083600009CE1A09566E022887D56BD54F9D4493C6
:10837000EFE504B3BA963B1B58F88D1B5360B293DC
:10838000273F749E45231181F4E9A441F48D8B04A9
:108390005860EC7E1E2063E3408A812BD3602D520F
:1083A00022E68D5AFD0DBBCE69356BCFCA5F766371
:1083B000749A1AA2909971530C53D7E84144813FA3
:1083C000F7353CF9A04FEFF8B54E8D41E41B6C9C9E
:1083D0001D867B4C5F8F3DD333A17E394F9A7B84C2
:1083E000F1AF263F7886165C08B0E346A010C4E7DC
:1083F0004DBF81DDAA5126879CB9879796140D45FC
:1084000057FB5323BF9FDFA00A03FC98D882720B4F
:10841000558709A7A0B28CB180C9A875250FA5867C
:108420009E048CCE4A9DCD2410BCC2CFE8A024442B
:108430009983B121A64C387478AF0993CB0CC73E11
:1084400098AB37E243A78B0C6A762327D15F59E4B8
:10845000FC3AF15DA984C45AED188AC598B9CC7E5E
:1084600055F3B286EA505A90DFA150BBC9F58AABEA
:10847000CF0F593B43B2796DE3B65329E3917E8622
:10848000841BC3E8BD01B6B05F23D690B69DB1DBB7
:10849000430E26D5EDCCBDF34319B5A1E6C054A0DB
:1084A00015C3B0BB25463F0E39A3A0E1A3B68DA0EE
:1084B000C113D447D784CD4AAA3012F7F74C52F8EB
:1084C0004C671C8FBB186B5ACF17A101D76D114B8E
:1084D0006A9D6BAA47F4F70BB168D1649E81722C38
:1084E00054CFBAD5D119F5EBAE292A3DE4CBC95FFB
:1084F00002F80E06E5D96DC763C566DBEE498D3718
:108500003D827D18F33A9AD32BCFB586F859834A2A
:108510007C8285D369695BFD896BBD85FB34908165
:108520004BC8D7FAA547A7BD3640A5C0A484E59798
:10853000E21500290DED51897CDA7D178B021602B8
:10854000ED23DBB8659FC3AC5CF5FF034420F79BCC
:10855000CE879B4E91B958AC48A92870C5C713F96E
:10856000784839CB44DAC0CABD6BF2102C59CCE044
:10857000C0AD8005BF32EC2229535BCAA7AE5A17A3
:10858000AAF4A4303368A99029867F89D4D02880A2
:10859000CA5CD36C40C14D3BAB37714072F49E0C4A
:1085A000FBC060DD135DD137F1995BF74A09374EA7
:1085B000420A052BA1E59E660EDE5715B3AC80215D
:1085C0000E8445780427F33DDA1C1C22E3080A8751
:1085D0005FA84AB917D7614C5342675357552617BE
:1085E000480059856BB610468839F21B48A6CBB5B2
:1085F000E430D6368BEEF1472DD79A2D8D659C5DF4
:10860000E64692A1D3F6C354F5612A626DB220E02A
:10861000C04E881B40D5F82DBD71C8199A76ABE4C1
:108620005DE4FD948DB25314FBA210D949025FBBE7
:10863000918F1445BFDE4C7B1ED41E0F8866B20995
:108640002B0DA7C7E811B4FC8A2ABCC854B869220C
:108650007CF099EEF7AE9BB480B45EDCB87518C2BE
:108660000F558E7243378AAEFF0BC915A77D902335
:108670004FB10FB77527A0C95A3A941D5EE8C3A23F
:108680009EC186CDCD841943CEBDBC7FA549DC4FAC
:1086900082EEA4935F49B843F3C49051AD33330ADB
:1086A0009E97453130E46B1A066919B5F1B63AE484
:1086B000A2C063917CBBD3083FF3B77C6D0EA1DFF2
:1086C0008B3EE3D26124DF1726A0E234B94E2AF7AD
:1086D000F7B2CEEACB5CD2286B99C5A0D819E3D704
:1086E000C514A34FF12A58373BD40EB5615D6678A7
:1086F0009A6E642E9AE8347AAA6206B8C074175744
:1087000090FF9C52CB1770B08828EC66AC6905D9F5
:10871000AA6E4BDCE8BC4EB5953ADE0857A37D1334
:108720009C0F5C4764C07D9FE322F1B87994BA2323
:108730008C0EC564DCF60DC587F6F3723A3C7B26D9
:108740001B0E9520293F83BDF93C2DF3CE28E7C3AE
:1087500012F9F038A8EE35CBAAEDCAB394BE701763
:108760002BB88C92351253B60EBE4A79F689D09F3B
:10877000D95A43F47968DA55E8D8D5CA4B3012A9EA
:10878000ACE91069941DEA07E6795ED9ED2FF5DCB6
:10879000E9DE574F30EDEE551FBD8831395A586626
:1087A0005BC014B98AF9FEE3F59A2724A8F1698F12
:1087B000EE5BD8A864BA8B1789CD8A64A2D7480D1E
:1087C00093F4B8539BDF08F4040722F2E2AF2421AC
:1087D0005EF456D1586F9DCD168F6CFB64A8610C6A
:1087E000C3C262A9E2B5236CAF003A178AFBA306A5
:1087F000BC58B068AB93600B3A20BE8CCACB10E477
:108800002812C50E867F12A6AE27CF7A6EF4CBD47F
:10881000DAD6A5EF00A42387A0AD15DB8112E8CA44
:1088200026C6BE8492A236EEE555C1DAEBA2B67733
:108830003A12C5A67DA3995B46D54B60738E9D19F0
:108840005F0B79B772453509439F95A3E8E7AB13F2
:10885000FCB433A3795E1BD768A9990BC728D8F35A
:1088600090E139DACF8CDAC100CE1DEB7EBFF9C7BB
:1088700035F5F7C3DBBA69FFD2B9E1E8BA31D73DC4
:10888000FF12FFEE731C534647D935A37DB1FDDCC3
:10889000666BD7F1DF502D1B08728254044D723382
:1088A000249ADCCF7E5468470E4137AF6CE5538C79
:1088B000223D4580B0DCC01B291461301AED3AC856
:1088C00070DC72583F58277C249E0997BD78086356
:1088D000632504931EABE45253EBBDEEE577DB70EA
:1088E0000FD9578F8AC3F5771680A4504EFFE8CE74
:1088F000CEE9BD9FC6C7372944E8E269D7E80AE454
:108900004ACFE43E2C33AC14883070666564263957
:10891000300652067747218C5CBD04C42D4001EE21
:108920005B9A0EBFEDA4174BB17850D71E46256059
:108930003DEA31C063431707307C96D5DE394A6B78
:108940006E881B9EA71DF185E587D371C572BBB8E4
:10895000AFEE92403B6B1AB56B8CF7D4DC4E4B5D9F
:108960004E29444A493525C54757AB50D8E127968B
:108970002520D17856F0490A367D3E35BDCEF23FEE
:108980000E325E04414F3973C2C4A6EE3D1A175829
:10899000052872F33EE7F86DECD1FD68E62B6D70AB
:1089A000D5C8031D57C5B554EF0548496FC05DD8FC
:1089B0007C590DCFECD3694096BA929BD05E443679
:1089C00019ED44156AFB4C75B05A98566FD4B137FF
:1089D0005D47F4DCF454CB59D9F22B7E5DFAF3CD2C
:1089E0002D7109F742EE4943EDF70C768B0F7D416F
:1089F0003491BB4BA94AC57229DA858353B0A58B44
:108A0000BAC6A993E0918E1D4AFCE8BE3CDD90F801
:108A1000F0233850D63D9B6B8581958D8A6968C758
:108A200064078A337796352F92E4240ADFD82BC067
:108A3000682FA249C7230DDF70BAD9375D7FD8EE02
:108A4000EE9289A3601726AF2B9B38B33569CC4DC6
:108A500030E060D35AEB4C5866852B62D1DF5785E6
:108A60000B3C4DF2334C96A855A06B375F3B45A6A7
:108A7000559F75D44908B9E93B7F87C4AF11F0FD14
:108A8000A2361142888A5C8ABC61FBCFD96C43F55F
:108A900088C2A788F5B5DE909EA15A9EBE45ECC25D
:108AA000064C44DA105760B3FC9E3BB12E0FAB4A24
:108AB000FA5A63100A694252AAFE08E1252F20A43F
:108AC0001B7492363E3CDF8233B5717217DDD7F3EB
:108AD0000107CE2B7A85F8FBE79944D27C2216FB5E
:108AE00019B6592F3934B72276CD634C58AB33C3FE
:108AF00039878CF54332FE8E8F19F8966717B0834D
:108B0000346AC3EA8BEE80F112749AAAC5EA8876B9
:108B1000FCB9029A232DC3E5B96E6BE351538584EA
:108B2000BDE6E7A53DB6B84049F9E0025C70B10882
:108B3000BF4FF247BB784E2E2A6A68DE9AF490EE59
:108B40004D34A182588ACFAD396EDBAAB5E45533D6
:108B500009A17D8DAB8A631928576E1279828569C8
:108B600030BF618C5772B20C1BB0B41EFD5EF23E7A
:108B7000EE2079E82A6E1D3BFEC71578B782FA25EC
:108B800072040E65C96425C6DE0A446A67563DD77D
:108B90004AC0188B4AA092828D7628F3537B3454B6
:108BA0001817E6E4AF76B53F1D029EF2504063E62B
:108BB000749DB5B4241891B4C1B996FF29B41D6C45
:108BC00052D30AF34784A8DF11FAF778D17916D384
:108BD000F7EFA0F1166E4B198C1DDAD85E2913AF92
:108BE000DBEAE3E613B1E8F1477B39DCF959624986
:108BF000A1FE8739FCC4BCD44AE083809D37710054
:108C0000C2F45FCA36408761CC00B88123308F4AF6
:108C1000558C814B8F5697A510C84C4CCEF7F96CEC
:108C2000C2E8EE5F92102F2CD3C2E7A0200F5D198F
:108C3000684E17659C19D9135687211ADBC76BAE8E
:108C4000ABE5F9B96DE115F66CC6AF82DA625598FD
:108C5000B3ED2066CDF32747E52B7413E9CE979546
:108C6000E4507117122C36EBC3278D67C3C814C5A7
:108C7000BBF391C61CC5DB51FA20497DE6B0EE3648
:108C8000F437346821510DA6D8DB160FA473DD67C5
:108C9000B56CF2EE40A0D532B1BA07BAFEAFCD0541
:108CA000B075CCEDB21AE86AC0F8F5A6E1F7BFE6F8
:108CB000BEBF01225C120A404250837422040AC0E3
:108CC000D7445B7DE3B1E433F2D49DF99D21586E26
:108CD000FD084EBC63E9305F11ADB8B9CECF78382E
:108CE0004365E5E2968A3FFD5D2E3A11FC33D8A933
:108CF000D56F300FCBE3B2513113CF67BF3B3E4A44
:108D0000135B05BF85B556509AF9FDB2D857F51AD1
:108D10004C9FF2018188B45857962AD772BAFE390F
:108D2000E519CD5BBD9C08E349FCFACC739CC327D5
:108D300059263DF1DFA923FC21C579656838D5772F
:108D40005AA250A584656447C275B9885F553D7CB9
:108D5000FA260731B6D801888B348344FBEAEF5CEE
:108D6000C1752139AC793B04D39B6307931D4A003D
:108D7000A535ECC43E1DD3AB7DA2F191FAFE1702DE
:108D8000B0231A56AB6A2363B031F502BEA2207C31
:108D9000D2E25225B570B48B4106A7BFE121C7626C
:108DA00007C7E182724E4B1CDDABD5D35511EE18CF
:108DB000CBCA094DF1EE11A570436F5A86C9C94659
:108DC0001137120AEBF3D7ACB5A3F180F23AD7F41E
:108DD000A56136F4D1258D4BE8AAC43D0345109515
:108DE00023B9D9C3075D2E9DA847EC0B6AE8B2E80A
:108DF00003B3FC2A9D0B379EF11311D34902E64AB7
:108E00002249B2B694F235489638B1DAB92890DAE8
:108E1000F05689CA53D22BF5E81D1CD3B0E9CFA870
:108E2000A06A78D89D0FC79C01787C7319F6F6A1CB
:108E3000D92087EB56D63E126AF2B9AA496C07FDD3
:108E4000138F4C455A65891CDD8355914F88DE2E62
:108E500053AFDCB761DD084B4402BCD4B789F55988
:108E60004AD460B88F1344369B26DE661B8E9AC4A4
:108E70008B93BF4FE0D010F320FFDE175E4EBBB1E7
:108E800067CFDE12BE98D8255A9FBA7340A5AF7B34
:108E90004A9C3C7669DE9F2DA46074C71205B6D04B
:108EA0004E833F5BF692D3836E24BF48473E16BA8B
:108EB000856B626E159905B3D26F580935FA657FD7
:108EC000DC4DCF93A126E16F04FD34D277E6BABA28
:108ED000744489A2B4F5C7708A02C82CD6BC91AD7F
:108EE000DC8550BFB4EE1929A676FFA3B83931B896
:108EF000D5BD34F3750DB2F2731055D6B1F83CD828
:108F0000D9F2C1A147C7379867D3ADC8D908D2D61F
:108F100062ED3EC0A5645218CC028FD6DB0A5635EE
:108F2000A7F7881D5988DCB1E614080E2B4576BAE0
:108F3000D3264190EF0E2EE9023E969B6ABF8087B2
:108F4000CD7B65CBA2EF2C7AB15CB6C1DB33AFD25F
:108F500080D793C352670C3CE7684EB0D896E2AC1A
:108F6000F756736843FDFFE22A687657E2191C0D35
:108F700087D2F2D5B9C30BDA113ABD96723D4A16C3
:108F800075736016F0AE33C73D055614264E786EE5
:108F9000B02771A58CB1F108F2A8331FAF221D953F
:108FA000603AFC63A92B5A76F0B50BE7E533B03194
:108FB000E397BB41C03DC511A6B1F5589AB9386ECB
:108FC00070DD140827B131EB101CE1B715710E17D5
:108FD000E44C86C128F44DD479AEDA1134FCCC329D
:108FE000F615E55F09940B22571AE8964A12F6988F
:108FF000571C262EC4DA328221162941D00A2BDFD3
:10900000C633EA98BE21793F4D64EE7EE153541E8B
:109010008D22FBFC0D509D751833C4677D7C493B48
:10902000098A5ED0330AF387478CD4A8400D839A0F
:10903000214AEAFD1A910C515A0F6CB8EFD8191D4C
:109040008385F21DBC4A355106C67A8A05BB41921A
:1090500029F20BC34FC885E1651F06C9E08F7CD696
:10906000A4B716FB99A3E09DA98B9DC10812DFE769
:10907000DEA99C149BC45DD68AF84753343C55A99D
:1090800064E8B9755529415B52A63FAF63DDEF989F
:10909000292B652D32011B640FB04E1C0A3CE58064
:1090A00018334327A8EED21E3BB863DF89CCA376E2
:1090B000D14BCE06F8F6E508C130C86EBECC0BD752
:1090C000B185FDE4E1A80339B41210741768B07BD0
:1090D000122F869CA5D672FC71EC1D055235E6CE8A
:1090E000F0D58905B18FAFC8602FF96F69BB1F3C00
:1090F000AE1CE4F79F2DD43F72832C412EA2C39364
:10910000984D6F1135F958AF8A19EF9C5835541D99
:109110002CBB2D24CE5FFD082C962C18C533F9D11D
:109120006158D8C02936AD04ED2772C2EA7E83EEBD
:1091300044D2C2CFF61D48F737EC0BCF6811368901
:1091400014E47D931F950D92D231E452EEB1D39287
:10915000D91B9A3C276797E60A2BF0D3467286AD57
:1091600064C454377782CCC0C8110D2643514FE6F2
:10917000D799B31737B9908E58B112CBFAC62935A3
:10918000DECCFD89D2C216288CEEFD03C24930B078
:109190002F9C1391D3677AFBF67C5BDD50DF63B1C4
:1091A0000872F195EDE58F6C952F4EFAA981A2D04A
:1091B0002B35FCFD60777526BCF21B737C01D70450
:1091C0001CFF03001D56B3680AE80681052ED01562
:1091D0009C0C5BF7D5A49852E5F9FC4D4BFD16DAD3
:1091E0008C78EFFD89FDD7257FB7EF214535F7C195
:1091F000613E7F9FBADC27F7C8713B0DC4869CF3A4
:109200000253FF47838A7ED3F939DD5B5242FE74F5
:10921000BA231781C7628795F8EA7D9FF4039F6D93
:1092200097234B8CE0D69B74B0A5CAF5D771CAB40E
:10923000387BDE1FC482C66395C3B45EBF60DDB2F7
:109240007218DFC83220E5C1CF410805AE132A7776
:109250006C34C44374E2FAA86F2130C82305315737
:10926000C3ED5D702CCB759E3317B30FE1B06875FD
:109270003A1291EC7CD29485A7E4E83C4ACCDE0516
:109280008FEA0D2C073EBA53473C5C86301703F932
:10929000A3AF839EC02168C136D39F4D5571411243
:1092A000822FA85BEAF83EEEEF9A5B580FAE32834E
:1092B000C5874812CBA54E74FAAC15030EF53BBD1D
:1092C0006B12E4F7071D61DFAF79F7931722E8AD62
:1092D0007F755AA4F2B8D4DE5B02631ED8FF02B2D7
:1092E000CBA58898EC6CAE5D861A83251AA24ABD80
:1092F0004A91A2EDD2FAFB16AC848270E0BC2F2812
:10930000001690094E8D36A9E80AEA7E19349C8928
:1093100058FE321FCD3A4219A23A14717ECCBF4D8D
:10932000074D57B71EC6C375309AB4447E603DA240
:1093300015D141F2C131A0F19838E494BDC19E0528
:10934000FAAD672F62C3EB6458CF914A96B213937C
:10935000C8CB93324E258E07B620C473B4E26A3967
:10936000173D94B4D7373CDA8BF4E592176B3C2861
:10937000AAC228A7BD5828E8CB30A0A8ADD22D0D91
:10938000326FD4D645EADE92B86E9B429161DD8F92
:109390005785B5A93A793016193E95E34C33C9ADD6
:1093A000844A7F58D5D5F39C4E7672D699CCB1A31A
:1093B000855113B111FE4A032B174A81D982C7BECA
:1093C000AECF2692881AFDF12510B3D037F6AB0147
:1093D00084285E04FD092734996017E3750A060B9B
:1093E000A96FCA4FDCC7ED9BD17DF38EA16C09B28A
:1093F00047BFA3FA163CC0C7BDD37F0929DF15EECE
:10940000A2C6A05465B6D67A50D11D982B7EB72C33
:10941000D4D2A5EAC9178A1F747FA162130D202335
:109420005B599866BDCABA3DFA231CE82CED675B10
:10943000D4E42A5D97662C347D3F832859D334ECDD
:10944000A492127FDDF9DE8D1FB9F95DD1BD11A99E
:10945000BEFFCD506862DA18926C35F7FABD128FF4
:10946000575814F17E6054446377F21726EE160ABB
:1094700092E87E79AE12AE91DABF4671FC221A787C
:10948000928A28B80CDBE6BE3642E83333555ABB25
:1094900066BBE7C624C574543113106240DC18F96A
:1094A0000C4EA7F2177C391C5AB5DB764C1085ADF3
:1094B00062D1587015B8EABBC16606B9F1E9C2E0DD
:1094C0002EAE0B53A1861D54AB00ECD2DADEF0B405
:1094D00008486F15F532193495AF6CD30700204654
:1094E000F35CF8377CCAF3DFA6D174C0682E357EF2
:1094F000AFDA66C6D4F9D16B51F8E81FF5AC1D9D03
:10950000DA99A19DED67E581EE834177AFA62798B3
:1095100080561DD2FA9275AE7CAAC8F11F176273ED
:10952000E2CC772FC0E744863609EC3934F9253987
:109530004B24318A9223A0EBF99E3DD7103247800D
:10954000C4178D3738702F64579867A183A965F2C7
:10955000D51AAB9597580DDB87B7453158CA80E1CE
:109560002156E639C7A53C28399B8C6AA89C121E57
:10957000E2ABB9F65EA32688B783BB1126CB87D8AA
:109580008E2FBB7D3676F4DAB27DDFCA2C6CDD1B04
:10959000A58B44D002C2BC9D38DC84E3A09C30750E
:1095A0001242DF16866B59653357816BCC7B76E1AF
:1095B00064BBA989DEE14E73B17E287B987F674842
:1095C00036D8D59DA4D9D666246D16B99539EDD275
:1095D000227C9CCF46A57A285E073392B1EF8CE1BE
:1095E00084E31D586D0BBE2D32DA15A8CB97BF074B
:1095F0003210333E9120D5C31611C8A65CE242E872
:109600008A2630C4DE2882B10DD53BABEBD2F8BF41
:109610001ED2B02DCE8C7EDEAE3B53028E6B23D19C
:10962000E15E5399131931F8F5E616F98F055AFDE5
:10963000D7EB0C9D79860E430E7D1085B0A27FDAA4
:10964000A58E73FA42FEC70305DAFEA7371D965FA3
:10965000828BB777F19358966D87C3B0BC3F89FC76
:1096600052ECAB004A5A2D76065A8F059E4E04D70F
:10967000DD2BC09AABF411583B706EE7B777C9E3A6
:10968000FE62520543BBA39EF25A2F9468D25C52ED
:10969000B8DF38D0DDF385B2B9BE2B8774E949CF86
:1096A0008B49066E249879C1BFF3AE20A043CC4B02
:1096B00024DE199FCC72DCDC3AAED3F36BB31A6AAA
:1096C0004655B9F1C8F6FCF9BD8CB0863AD7DD2A0B
:1096D000DBCB9FAD6BAC71EB78816980F785841B28
:1096E00068B4699657EFA1D736D5A73CF56D587D7C
:1096F000A016D5B42C95E801154B6695043DA42E13
:109700002C1F10AFF144FEAD6D5D9D2E537465ECC2
:1097100088DDDCAFCA34F8C650925A9E1934A74A85
:10972000C9D189B0590BD0C992329C21B900ECAD96
:10973000A8EFF214D77F51E24459C11184E53FF0FC
:10974000AE3E81FA6DEDF0FAF2BCBE7DB7110FF3BB
:109750005FE42F1832F7DB1DFECAF2678B76A0415B
:10976000BECE8A73DD9BF9C6DAE2FA6BDB505CEDA4
:10977000CDDCE4999577A155F9D6DE247DB1EEDEF6
:1097800030CACE885CFD0EF46315140931DBF62077
:10979000DC3FADF374C236EFDF95F49B18BBF98D57
:1097A000D4827AB0030F9B5A50CB1178D96836B661
:1097B000E48F52970849DFF7318CC520A575684BB7
:1097C000E73C85780AD2ABA790B616D72B58CC3F8A
:1097D000C78F0D2C4830986D8E3E0E97C4C5B822A9
:1097E00074BE0BCAB6905B0EE760527D4B37029594
:1097F000B17E395E2BCCF9649BC67ADD721C573181
:10980000CDE82C7AA3384F46C19B0DD8A1ED5A93D1
:10981000C503645E4B706E5FFEBB447E7413904361
:109820008E9A4CFEB13AD2962E2A0396401824E323
:10983000B01DE933F64FF73F673A883E603485FB49
:10984000D3F6BA2BBBBFA4A8CF84EDC0CD7691D6FA
:1098500042915552D162A7C60EF8A78C11D8E36E7B
:10986000D701B3C46C64F7E36E17EAEB8386F41F89
:1098700082BC475DEA523C7E6FF82762793C1BE16F
:10988000EC5C2B5239FFC414FDADDC599909D1B001
:109890007A3698AC5AEF0C59BD3FB8A3EABC17D43E
:1098A00010AD439BF603CBD089887CA06D836C31CF
:1098B0001F80D3B255D65108B80BD9C60969F6E452
:1098C000173227A5D268D6B6C6A9806E0E10B32E61
:1098D000A4DE6F75E63F5CB289097A3BE240D4535F
:1098E00093C59022692AB38DA6ECEF17482C14B4C7
:1098F0003D4267814FACE9AABE151D9D0A4326462D
:10990000E59FDFC22248F6CA6C1CC2043BB35FC0AD
:109910002593F50A471839CD23D68F6F5C4FBDFFCD
:10992000AF7262D4E01F210215D9B681B5C2F92900
:109930001C6E8E7C47F994C3B673376B0858F5D10B
:10994000C248945ED2A87088406264AE92E5325BF1
:10995000845C161C59F82BCC1A1B2C0ADD8945E1B6
:109960008686479164CA1B4D071DFE33EF022154C2
:1099700051274629620D986207E9A676EFAB666427
:10998000B1D9C6F0264CC3FCF58CB4E1F592E1D513
:1099900092D7E0117790AFDD9F2FD98B4F8A146D4E
:1099A00021574E2E4F5A8054F9B00C2B2E6BEC8061
:1099B000F459EE3D14E99B71178F13D162BDC38238
:1099C0002103FCB2D07FB82232C813AADA49B6E02C
:1099D00032DB8BA8A0AF14E1FED80AA786AC0D72CB
:1099E000B7C2B6D27D5190A1AF0D47FEB8A33528BE
:1099F0006345AE12E7292D49928947D9BE96425850
:109A0000E44DF9CDD1FA1AC29D75D2CF974AD08ACA
:109A1000C8FB7CEA2A7F6DD68CB0B69852B53E550D
:109A2000B7EFBEA52E9DC5B7748D70FFB213B5817B
:109A300026B57C282E795D4979CB5F6F2072172D72
:109A4000D4E81A4D354CA630DF8D28340E40DA4C60
:109A5000C1967D585097E599122E78D67EC1BDC823
:109A60007CE67D9C8F6152B6ABA92C91C95D804F7D
:109A7000E37E19FA5DD8F84433961DA9E1F7D2E8E0
:109A80003DDEE03FE49E69D1E3C48CEAEE9ED8F669
:109A90005138BD55A832CBB662E9DBFDCE7366CB3B
:109AA0008CAE690D9CEE2E6A20F301DEBA82153071
:109AB000E76C404282C7D5D67A6975AC9E9190EE2C
:109AC000C98548EE03FD5C73A07254FCAC141DFC08
:109AD0003EE3B9B7C4138A5F0D06E06B1D55155BF5
:109AE000BEF237FCCEAFBFBAC13ED6B4521BDF1FA9
:109AF000DD898353C5A96524C59D4557FDF2435FA4
:109B00001223A67978C3A0F6C4FFBE5AAC129A9469
:109B100081D699DCEBA9F605DABC09E642E08DCFE7
:109B20007AE8238B5D9081C1BB286C32EFEC95669F
:109B300070AC8E9C1866F43B083BA9217006B01CE3
:109B4000C1FE6A75C78C0594C2927D6EBFC1B6DC3A
:109B500003DA4F091563E1B9C6212BF36644F5A674
:109B6000ED1C75CB0B4046ADBD3AB6AFC865CFAB6B
:109B7000E391ADA9B47E6A0A6019F6FF8F49074EDA
:109B80003A7D1110143FF742D349611D66EDD95B50
:109B9000ADB736AA153E22401A0FAFE19CB3A7F825
:109BA000AA79CD141792A105C53218ABC40169BCBE
:109BB000028FAD8F880B559EB2296A8CD2329728BE
:109BC000816F8427F176A96F763BDF08D43E32BFE0
:109BD0002D5F8A8337978EF5A275C4DA4A63607E5B
:109BE0006FD1E6E956706F90DDD56217F53B8FB502
:109BF0001503F0BD7A215828FA55CD156A8C8A359F
:109C00009BA1501F35A44E4AA55845E8493C111D5B
:109C100086E3113B1DAFE68C841D368414C95501C3
:109C20008CD65A1542327B4C81FB3E493F1E57640D
:109C3000B7A3A03BC1ADE71CC9B5FBD8E70B5C845B
:109C40009FB74F7A0B8633ED1BC37AD06F6E940C9F
:109C50009305887D6F04D31BD0605C67DBFA0EDA56
:109C60008D5C369334425789C5A4AA32056420D846
:109C7000CA1EF8BED9CD51FA9C66D4F849FE927C32
:109C800024D7FADA4E83C3B5CB371D1FDAD26E6EF6
:109C90008FCF9814DC88A716023B03857768E257BC
:109CA00057900A919429F01314F7D718860479EA8B
:109CB00065243D91BFECB73D1FB1EE6E660B50E7DA
:109CC000340D6581924448F737F73B7F20CE89F900
:109CD000540DEBBEC0275D96CEBAF9C50CA1972AEC
:109CE000975F6FECEAB2BCB171388FCC73EB3EE397
:109CF000A385ACCF4DFE2A04BB11E884FF237FEF80
:109D0000EB2F4C9F8D8E18CE6AB8FC517C0A44CC48
:109D1000A9737618A9FA679906B2FD498B1131111A
:109D2000B39D71621F54D8ECA9E90A173F3FB8EE02
:109D3000F280C7E0117A3FA65436D7698321BB620F
:109D400070EAEFD592450DDC25E62902C6594F1879
:109D5000B866F0BF06D8FBCA8E1F4BE16B0ED8B5B4
:109D60000EBDD5E2FB77D7392047A80488B4DBAF16
:109D70005B71FF73B2459DCDEB3448D5563D3A2318
:109D8000145E8387E40999F6289AA5D107FEC66D6B
:109D9000185500CCCE4BFD0E9A92BE67F64D53BDC2
:109DA00000F4A7BCCBC18A08778AD5F535E57C6B72
:109DB000BD67AB8B1CF16C9324099ABF084EE6ACCF
:109DC000F9E9632E072FDA2B2B33E88621C59CB0E7
:109DD000BAA52A1FAE928F9C0D225B7D9D361F4037
:109DE0005D152421CE9509BDEB87B8E480686795A1
:109DF00035FD5D6450F8B80199B8FF2896AF9E2BE9
:109E00004899B7C31DB0E42D1416B969BD25C48C9B
:109E100046A082B471090D3F45C5E5E7ACF2116D6E
:109E200080A2C9B6989D6312D266116893D3F20BD3
:109E3000D39E095050358CE6A2948BC27E5D8BCBAD
:109E40000BE451FD04B9A07E7BA2AD3E4028237FE8
:109E5000AB177D1B4BC2BC92CB0F50D9E1BB83E447
:109E60008CF3231F7E9FE7855CDDB4AAD2E8B6168B
:109E7000A3E5A56C2F5CF62282F76F4EE68104699C
:109E80004C9873DD4963CDD8FCD7988A992030D59A
:109E90006D1BE4D92EBFD0B1810880E11BC4D291E3
:109EA00014BAED531E6001E5BC63C134B0701FAD40
:109EB000CCDA45B55CB37BAF20B9818A6595450F97
:109EC0000AF893D4A360FFAAEFBC7F5DEB3A167249
:109ED000151D05DDD0404A1FE7AE34041930496E28
:109EE000C5CDB455BD49D9CE74C4C90EB399741645
:109EF000A2B4724D6C154B2448B5B54E8CABB51B56
:109F0000DD2F1FDF896676212F47EFC3CF06AD38DF
:109F10006AA75AB65B36BD7DC8BDC66EDF51E8D9AB
:109F20000623DD6D20441D4A5F5161F000A3E4016A
:109F3000F48B8E8721B524530BB60CA895C4561C00
:109F4000DF562FC968F1D4607B66B16A7E2990BD67
:109F500032BC63D1FF39D1F4D4A1D2DE8227184DAF
:109F600021170A985BA5F04BAFAB5FDCF1ABD0C813
:109F7000F347B59D3AC335B9C33360E1FE47483076
:109F8000F767A7FCB35DD3F4E54744159DB79C3054
:109F90006F9A13AAA3AFC34D1FBFE99BDF97209D04
:109FA000A696FDC9B8B258065EDDAD1D7590D6E027
:109FB000D4797FDA21059BE6FFA9AE750263BCC5A3
:109FC0007D476A5920A48D8166090ED81C7E59AB45
:109FD00043EDCE36AF0A0034BA841CDADEC06DB76A
:109FE00000EF276CED1DD7DDF41EE3D418CF03CBB3
:109FF000644BDF28939FED6B3F4422FA94553CBCA1
:10A00000F7A997443BF7CB4D51666E7FC3312F5C68
:10A01000A270C7C2B197EDB68D587554E27B2FBAC6
:10A02000108A0BCD1DE16E27CCA920A0CFDD97A013
:10A03000511066E9C9EC5F11CB1A487FCEFB9E95A3
:10A0400086DD45F60F2635E9ACB0E9902B7F9468A4
:10A05000DBF5F0C3D7E0A3FE155105718C568732AE
:10A06000773B868C0FFFACB3D7B4F767591C57DB2F
:10A0700077CD4858A0134D0A93E4B1245F92068827
:10A08000FAC739C2956911E878595395BCD90E12AF
:10A090005B10D2B2F75D8DDE23851DF1A17E26BD5A
:10A0A000B0EB3DB593A224B5FADD989990058902ED
:10A0B00048895628C5D186F5001CD2EF44687268DD
:10A0C000404FDAB6207145D5BE0C37F8AAFD5D2F9A
:10A0D0003C18EE9440F4E9E1CDB1062178AD6B3443
:10A0E0002325B6CD2B51820B45F0B5F4E0DAF99A71
:10A0F000455F1C86EFBB8ED32879B1E32EB9B647F6
:10A1000008D4287BBC3AC563548F4BAB1F98C7C09B
:10A110000DEE61839BE6962E117E4B4DFC2781A8A8
:10A12000BCD55172BB1A392B5CE450B7E3AFD81DD4
:10A1300025B587ADCDC9AEFC8282FF4A380CDC74F0
:10A14000AC774040BFE0D94F111C35642E6BD26A0A
:10A150009525A65FACBD0582737150B4DCB709E3E9
:10A16000A491FBCF5505D7116FADFF2301C02C760D
:10A17000473DE99C67D2305D60DB67B2234272FCE9
:10A18000667943EF3998E19E03A026C72FAC69B1E9
:10A19000C4F2E27DF29A547960C981DB81E4B3E3D1
:10A1A000F147B566EBEFAEB54A0D19C1C79689F513
:10A1B000B5D112E76DE7F351CC6A092F5A7D9E9213
:10A1C000E0ED8425388613CE10333F31D4ADC47111
:10A1D000CF0F013096132E4D1AA7AE13AA7DA81DDE
:10A1E000C00992271A5A9D134D799230EE344D1DB5
:10A1F000844A7429D0926E887E671032729DA18E37
:10A2000047BAD7B0AB7D1E46E6F7B9C2AB50FF23C5
:10A21000669385411171EF2244522C8745E68BDF0E
:10A22000631FB76D908EE447056A5148A51537083E
:10A2300036879FC47ED423C20FAB9F6958B6C772BE
:10A24000EA6CFE4B45D0234143390A3CE995EA2BA1
:10A25000A74E41EF567C2EDE8D445135AD8D777083
:10A260001DFFCCA5ACB7B41B1708E485B14CD9BC15
:10A27000649296EB92EF8E00A3E1DCC447A4C9C6BA
:10A2800029B2CF40546BA41F4E4FBDAB2386E1E3F0
:10A290008DF3C4FBE09651A00D26D1529FCBDE7109
:10A2A00023AB5A4596203F48AFFBBE882D049777D5
:10A2B0000D240F153AE6D483878F11F191F2779729
:10A2C00071EA082227FD58DEE410853BCF41751264
:10A2D000311E777AEA54CF0AE15852A0DE2C29A920
:10A2E000B1493D120B883ADE0299EBF541523CB57B
:10A2F000E1D25CB38014093D42A3F65F3EAC651B1E
:10A300005A5422BA8D907C62B18A498AB537FBB81B
:10A310003DF220515AC3EBF79BBD5E80A0E9C49B80
:10A320009D6B5CE8FFD789F46D520BDFF7CC4A6C6C
:10A330009C1B0C34249B280314D386962E1E1814C1
:10A34000AC5FD4FFE39727690FA754DC78E215E6EA
:10A350001C7FB077228ED408BC03CFFFAEA01CE1D7
:10A360006C7BB6551AF895C7C6B9A505BCB7B7CA70
:10A37000F6B3704C9C94338A2F9B4B469FDF533A25
:10A380008DB0654F5D017FAA74C07851B179405C92
:10A3900086E55800CB7A49E045E96F06ED4A6DC184
:10A3A00074DBC11869F1F2964DEC18245CA34508E2
:10A3B00012A349330F920032977D736BFB05C5B42E
:10A3C0004243C34BB8539C2CC8A1485802E0437386
:10A3D000BF1C4841CCA0A60D9B15DC47495D2FC989
:10A3E00067D2A25BB1859D90793D73A5C1D03159EB
:10A3F0008E915C8963D7AE3BC25129E39C020B125C
:10A4000095CF9E524B21733730874BB82E41355133
:10A41000780D39970A89DAF8B01BFE31F283721091
:10A42000DAE93300B256C1294D8090C1355220403F
:10A43000E2439A5DBDAA421A257CDE6D4453F7249F
:10A44000E7FF6832AD1D3768504CC73ED150F06A07
:10A450008690B2A592609DAD8B5A32B11764E9CA5D
:10A460003B13A326F46DDBD4B3E87C65717F1B300E
:10A47000288324D49C698C9295687C497072505FC3
:10A48000FB72D0FE60E77EB6091AD96A70FC714390
:10A490002FCCE6E7AAB3687E1FA9D8B0530CDF74AF
:10A4A00043B08FC75B98F87E8D9C22E432531747E8
:10A4B000CD070B7AC90AAADC05DA1C22AA870D444B
:10A4C0007CA80D0DB444FCE3BA6D7D2E2819D53956
:10A4D00099E77196F06593C85A10E98654ECB2BCBE
:10A4E000C452949B11C17DBE71FE225530BEC84F2F
:10A4F0001F903222BC14C35C3DA01221B52BB5764F
:10A500006BC89AF1B84B9292DF2663D77E702A5DB2
:10A5100080C506054F2C63BB001AA8361A55AC92AD
:10A52000AA788372E9F69378155CC69E2BD90EE55E
:10A53000A331FD92A48A0362371CF7892610B69BCB
:10A540000B4ECBB520A792AD274B87CABD3D4385A7
:10A550009C428849C7F3967ADF325D1D0417C8967E
:10A560007FC6C8F805645829E0FC5919DB55164028
:10A570006EF216876EDE928BD4DB72D61F9CEDEFE7
:10A580000A6B0E7C04F8B58F60891F5D044C1512B0
:10A590009D3474932A91FD85B63776C6C247A23A98
:10A5A00092A3719C5ABD4068D1AC7C24F55FC4CBAA
:10A5B000A545354FE42BAB24B21ACBB29CE5EACCCF
:10A5C0001EC5FBDE9D40DC36C18C622B03BA2734EE
:10A5D000C69949B8D5F15792D3DBA89F9A80BE425D
:10A5E0007621955045BADBA47C89348AD05D96A942
:10A5F00026A7FEE093B63D8A35FE6E6A1A73AC5705
:10A600007D9A4587B97C3A20B7DDFF4F33BDDCDE4C
:10A61000FD906082FC41E4B86C5F31629BF910C62A
:10A62000C658550D91D43A2EC19EA4E7F03915E4D1
:10A6300002B463AF4312000D76769BF0770A0018E0
:10A64000AEE4349C41AB34AB06968A0911C4103693
:10A650008B3775F5A222B4EBB269A5551977378E01
:10A660004D8415AD5CD1850FB1663AB8A524D13EB5
:10A67000395FC5E79E017162A10F1F779955CAA185
:10A68000FB31FC981608EC052B93A1B18995577105
:10A690009083FD1264C02567BC5A67A2F20B08794B
:10A6A0002C812B2C3BB0D10715C6EF43089884D9D9
:10A6B000D3843699F59CBA882811B662FE1A8D8625
:10A6C0005F288D60487D02DCC04A7688393BD942DC
:10A6D0005F243D4747789BD923516F92D0CE85D3D5
:10A6E0007254BCFCA164E661B6F450E3CF052B863E
:10A6F000354A1C0CB38C282803B06B705F17B0C7A9
:10A70000B1DCA5E0ACC5853BCCB9C3168EC5C1850F
:10A71000713D8B0BD0E0FF8BD12CB67E9310218343
:10A7200005AA15528A223E2C978B502CD0DA3C8EEB
:10A73000CA9CC57F2EA6BDEDACF5F6297CC0AB3911
:10A7400074519D029CB118D40A6BBA2A179BF27AF5
:10A75000CB1AF3F6AA80F541AED1BBF0AC25553C3F
:10A76000555A51B6AA60E693352E0DDA5C7D488DB8
:10A77000A004A2508C66AC2DC942B24CF2F8B4B61B
:10A7800059D3EABB4B6F4850F4774390CDE5EAFCD0
:10A79000D70056792E0EDE9F489F8AFA993832727A
:10A7A000AE8E86CB4EB5BCFAA78867BA076BE218A7
:10A7B000A56DE3E6227881221448EB3A1161ABBB28
:10A7C000F10F072ECFABCBDEC50BEDCC30D2D27E56
:10A7D0000FD232AC70F4EEF8A73A1A4422C5D55D18
:10A7E000548AE1BA7C20B344E8EF33A7D8842974B3
:10A7F0005B2BFDDFF957C96A87EBE6C07729ABE52C
:10A80000C5002DF6D533F72908F7BE72748E3A4984
:10A81000B4A76C29C981352E778BFC671CD260BC2C
:10A820006DC3159CEE7865DA1BF9D1D538049564B3
:10A8300086F2B0C4BF2C1B378F0FB74DC28B0A15E1
:10A8400080643CBD1E3F0395258ADAD71E8550E7FC
:10A85000A362DAF9A78C566B840C04CD6F800DB41B
:10A86000B20E5B6747141786C35E8B85F2AFB8D80C
:10A870006F193B55513D02E81778FCF608512C48FA
:10A88000DB3AA631009EDEBC300E77BA0984F7E6CB
:10A89000A57DCE4FF7E5B3AFB9C7C46BADF0CA37EE
:10A8A0005416EFE30E3050D7F20E7C7438A1CF94DB
:10A8B0006B3C9DD62C2FF329E175C77B4FF7C36EF8
:10A8C000DF254DB5BB3EA10DFB40A8A65117B6EF45
:10A8D0008C7B29E151FB694012E12A1DEAE2ACB10F
:10A8E0004E3164D327AB77C267FCC0DD7052AFA195
:10A8F000FB87AFF6BA730A18C4E17DCDBC881FF898
:10A90000E1F95C80C91BA55F214B4B10E6D58A0D90
:10A9100092B2E31D56E7D1A02A4442204161BD1AFC
:10A920002D7A1E1801074B4ABDD6BF3403D96A875A
:10A930000AB4F92734BE5440203CAFB15704BB4899
:10A94000A556FBA241E55E7E74FF34E9772F1B4DCF
:10A95000F9CD9DD16B302C99115A3E0B821CD01F22
:10A9600069CE43C5182ED9EAF1703EA3FB90655C11
:10A97000C55D3BD452B0F12A09DA7809C5C78A8788
:10A98000838298EC1CF160A78479DACD9860C75572
:10A99000DC71F3DE8F864E040E811EBBD55F99DE1F
:10A9A000B75F8B4FD75AA7B73676B42B2BB913772F
:10A9B000B48EE343251AEC424A3528266DB01A8E30
:10A9C000E7FA9919E816B16EC24F90732A9793145B
:10A9D000E25DB34882B59C21C1CF7437A163A5C89D
:10A9E000C61A6FDDA94E6902ED45B13290B0B5C906
:10A9F0006FFCC1D57475E020DA12FD9FC401341AD2
:10AA000086EB35C964A200BC72713FDC6A40170254
:10AA1000FD26BACAC455DAA5B6653826AFBB67F8B5
:10AA2000910EB9F7F4A5DD9B1FDCA48E9A12F69562
:10AA3000B2198951C28A259C2582A4084765A2962D
:10AA4000B651EFAC0854A963FACCEC389FDBF5C7DC
:10AA5000CFC80278F1C7123D37441102CBD9C9944F
:10AA6000F9B733C7B3BDBBCC73940A6F1D6BD72145
:10AA7000A13FC0E952760E75EE880D1B0736E41E25
:10AA800081A001F2E173F9A43E5216B0D944B7E8AF
:10AA900046E4E658215A1A5770E51A706C067D593B
:10AAA000A934B284C77AD6F83353F1720339D36428
:10AAB0000002573C07D6200F6B33FAAC0366ACECB0
:10AAC000FE6BBA5458D19384CB15952379CB9BBC9C
:10AAD000BB21B54B760BCA9C4CEB0E4F2D1A864C06
:10AAE000EFD12442308193FBCF57CE0C89D74A3225
:10AAF000EF46F801225CFC1F29FCC8C28EC0E67735
:10AB0000234A269296E5F035FFF783DEAB70CDC67B
:10AB10007983F62FB398A0A06347EFF4DFA9A52FA0
:10AB200088D673113CCF1EF118D901A45A4943A607
:10AB30007464B5F23080BC059FDBF70C6F37D71417
:10AB4000BA2B19D813A5EFFD921932429EBF8CC3C0
:10AB5000F96CDCA9791C6BAFE98E0E2B0C168049C1
:10AB6000E36F6D1B130E98B9D1B915F583A606A432
:10AB70002D228AC22D7CED7C1409C1217C12C8666D
:10AB80009DE1097BBA10C290155CA934F913D0A7D6
:10AB90000FF400C2348A8A28513E90D1B7957FD5F0
:10ABA0006F7C938908197825C5E1319E1F986DB097
:10ABB000760292AF9ADC8DD46011041436947055ED
:10ABC000DF06B56271C585B5028A68FFCD134038CE
:10ABD000669FC2DB388EC0BE108E3692C74A0430E4
:10ABE00041362F2BD965D9C017B933222DB4614610
:10ABF0002AA2AF63A0E5C40A5684BAAD1E7893B703
:10AC00007812547B89563D2C31C711A218895112F4
:10AC10001D77AC175FAEA73C4A76C2FF3AB30EF081
:10AC200016731A8B05D00A42717C7AB42C2C288CAE
:10AC30004EE5BDB0AAC3048D339E8522F1E7BF2E39
:10AC400086845439101D08F1AF9D08891E28DF63E2
:10AC5000F72371E0175BF67FF161FC01FF7617D3F4
:10AC6000CE274114E4A2CD167B8DF505A7F5CDC7FF
:10AC7000943D37A9BBFFB0B0051458E431A31F5D64
:10AC80003F3A0D532DCE1DE9CF5ADD0B62328B00BA
:10AC9000FC4949FF4BB3B2A96AB08B3D62983DA114
:10ACA000C933E5461C9A87A3781364D2237FA4672F
:10ACB000CC96168403053614464613728416C038A3
:10ACC0001ED01164FDB4386CB5569FCBE81538F42E
:10ACD0009F085CC6DAF6DF3F7F750FB5090E804D21
:10ACE00077C5A331538A8A41BB337753F6104EC7D9
:10ACF000B2A3F6BF1AA9DFF2BDCBA69E8E13D45F16
:10AD00005B5A26C1AB5B11798BBCDAF8BF63CBE62B
:10AD1000E26D59B56466D5382FDB1A2A0EAB611285
:10AD2000117BF50790DD2973E0782293A07FD68F01
:10AD3000BB04A931A291BE577E3B961218F13D8704
:10AD40006ECFEBC4E4FC91947F4B092335A2A04A5B
:10AD5000444B8272B7A6AB87AB61DF938B3BF300AA
:10AD6000BC34098216FC40E5133645424817951855
:10AD7000573245823104F7B86B64A12BD2AF5184AE
:10AD8000F4AD27EC7BC1B395EE67A4D71769260411
:10AD9000BCB9A55A84A6A84967D0F42CD0A7D0FC8A
:10ADA0002BAD9F07CCD58269EFBE292D3E61B5B58D
:10ADB000E2A1397EEB843B5B92A9EF6903BE49A512
:10ADC0002847D6A4E3992A0E70AA4859A9700AEB1D
:10ADD0004F7AFB713604589A839E6D89622A3E0829
:10ADE0009F35693B449330CABC5BC4088FD888E365
:10ADF0003BD5B279AB908D910F4625C332E97057A0
:10AE0000218C152BA762FFF45C09A67260A4D3867F
:10AE1000DA2F0108079D82B4235A74EFEA50EE1D21
:10AE200056B91C944F67C029006D2FFD73C4E1997A
:10AE3000C0614A5135F15EABC28F7979009A0B1F20
:10AE4000BD5328495BF394C9F77C4A8984412EFDA0
:10AE50003FCD89B1328F0E40732F36A380003D0C59
:10AE6000995D085A5CC24A404AB6885F252930ED90
:10AE70002CB7E4082B6C10BCEA7A8A88DC450E1DDE
:10AE8000B6BFFF0A958F18D2545080999D5B03BBC3
:10AE9000122F6CDDB4122690DB8C68B1200C0E638F
:10AEA00044F35C89859AD5C78D77C289D3FC304439
:10AEB00085F6766862FBCE87AC86F4AF319B04459D
:10AEC000A89C809ED2C1DD9CD3842948D423CA5C2F
:10AED000B2874220BB7DB6AC3CFD89E891777CAE61
:10AEE000A22421E76AE61533EB187AB6CF617EEE2D
:10AEF000C0A752AE2E1711E690635986503F42808C
:10AF0000256108855D55434EBF017ACEB25B6F2B3C
:10AF10006552AFEC32D614D250B1E3746D34A2A9AD
:10AF2000BFB997EC845ECAD9D0C1A0BF32D7FB7B32
:10AF30005B1AA10C7F3EAC178FE7CCACD67E8EC1DE
:10AF40009C8B5E7D25ADE5D59A0364FC3F3D216A6F
:10AF5000CCA42703A8272D46787D6CD4D4B940C152
:10AF6000F94CFA363ABC0651EA4F205402B7042E87
:10AF70000DB0E16225BE9657C560D4AF1040819AEE
:10AF8000A242FA9FDDDC443271EF801170FAAF3CCF
:10AF900039834D44BA8EB0BC8AAE40BCAD9E914759
:10AFA000EE6AD535557357FA825BB6387A7F69D227
:10AFB0001457633239B789A14F9588A685113DF49E
:10AFC000692C39ED873B5EE5367C10F8B6CDA4D50B
:10AFD00057F973B39F8B8571B0EE78B29CBDCC5A94
:10AFE000C71470A7DDBF521EF9E41ADB10C9E3874E
:10AFF000890B376CFB668BAFE599E40C2673E5593A
:10B000005B83104857901D5ADF9411C8064FD6EB4A
:10B01000767695200BBDA8F8B1C594CC382281FD79
:10B020000D681EB0BB16B8D72E13030E106A001899
:10B03000C982CAFCE40AD0E06FAAF462B1B67D50BE
:10B04000708214ED1EA99BE95C85F13C5E24901989
:10B05000907A638D15A9DFD520485280714EF7F4A0
:10B060001131E490F5FFA0F9F3F55E2453282FBACF
:10B07000E8AA5ABC9226C5177CA06AEBD15001F30E
:10B080007BBD23A853EEEE098949D2A3130DE955E0
:10B090001DDE76901296CAD9ADF67A0DD851B25F00
:10B0A000388AD76EFC6A2A6F06618C6615E078DDF7
:10B0B0001A20A32F8D4C07C9F22BA398CC3DF01A70
:10B0C0004699834C18CC7E6C4BC0C110D451227C65
:10B0D000F093934E4A4861C0E919E909A3D9A14EFA
:10B0E000B686E52427F3E5B9A2B23900377B81376C
:10B0F00051469DABE5E4AC1AE1B19AF2983BBC3302
:10B100005BA581B93FE7335A211CE00B7F188CDC2B
:10B11000C3D72FD747C4AE52E2289DCA1D75B9D8F0
:10B120008FCD34BD34A9CEBC810CE74B3A1E5651AD
:10B130006DC13038BAA0EBB89350F808EBB1914329
:10B14000CE7E271939FD2F157FF9076C510279AD95
:10B15000141E7B3F7655F80C7C7061985518A96ACF
:10B16000F35416D8F276929138A4855C242219877C
:10B17000AEB2ABCD7AAEB00FE60EE72F31172FC4CB
:10B18000196FA6EA9C8BD1A374D832A70406872C2A
:10B190009784631EAF8617C8EF340399D7EDA706CF
:10B1A0002D3F695671D43771E31C0ADF83D8AD3562
:10B1B000AA27F79E78BAEBDEA20655CB2E8607D9D2
:10B1C0004C46DB37B14E23D59E7EC8679546770C3B
:10B1D000FFE0BD8FC3BB14673F187FE84A521018C9
:10B1E0009ED3B4488B5A565E8065702769E8067F07
:10B1F00053D9FFEEBEDE4ED69D2D2311234B52C2F6
:10B20000A1A284AC3B35F400E04984CD2AB2450DBF
:10B210002BDB245E16E7D27924E3A209D8F5576721
:10B2200017763FAF5D5C186E11348775E9546288FC
:10B23000BB7218D5DD2A6156F75B73BB8399335E09
:10B24000B8D175513F2A5025119ADBE92077F2A633
:10B250003FD4ECD7D6540C20D66BBD2B62D16B28D3
:10B26000A4A35EBEABEBF6CA7348C7AADDCA31CD54
:10B27000B54D5273962A5276DB72B6CA3454D682D2
:10B280007BADE0988C01C62B719A707CF950D2B9D5
:10B29000775EF65DCC83FFFBA1DDFF1662F935E832
:10B2A000F02FF86C25A4B0786E810A4CA87C7A291E
:10B2B000AE609099EB23F31E67BBC74B9E68BD5DE4
:10B2C000C0DDDE5008DE5916BA5F51F12FEA446244
:10B2D00013C495AC3EAA1FFA658287255CA4EE9B39
:10B2E00048ED7D06F190986DB17AE88FD884F99A8F
:10B2F00043CA845EBEA4926049D547D9BF18F456AC
:10B30000D418153B16E87D67612D89045198F4B86F
:10B31000F567572E1325E77F98B6ABDE0229C45296
:10B32000238C4CE72BF8C728775EEE606E4AF63B1D
:10B3300016C8DDC72A43AFC0E4FF1976874672718D
:10B34000628067AFEE3AD9151BF3B1AD5D97309BC4
:10B3500041AA67227A40CA5EBEF6C9ECCF8509F2DF
:10B360007CB6AA21A1920D28B0FDD5EBA17660BED6
:10B370009328AB607166757A228FCF08E413BF38CB
:10B380004674386A7C40050B1ECDEF7410A4E1C3EF
:10B390002DCDAAC153BDA8F1805CFB4CC6F0789CB2
:10B3A0009BD5E5BF466D15A74339E55DAF821D7E90
:10B3B0007B02086BA3433D3AE803C21009A2CD0308
:10B3C000E4AF88B7FE3BD9A3DDA99853A15E94648E
:10B3D000FCC7EA71CDCD4FAF9B46FE39567015477D
:10B3E0006DE1837EE931D67F2B82354C0B2D8702B0
:10B3F0007CA2D9AFFA0070E60EBEA67A37F6D0E48A
:10B400001B01BA92FD59DE4465AD07BEDA39C63379
:10B41000A396971711E3AA6FB217B087A3A959ABE8
:10B420001259B238CA7DD0BEFA3CEB69C5DBDA3CB2
:10B43000CD2E07F9F44C5939005D73006872A63EB1
:10B44000BFC49300C671EB6CE3FB349A4F4E5E2190
:10B45000945513BF0B3A9DA835444D43823617A629
:10B46000B22188348E50279F510487029B1DA04C27
:10B47000354A875D81F0F2393719A4904D73230264
:10B480003857E293FC20826884C93D3191ADBE708B
:10B4900058ADB0FB8AE9EF96B99DEFBA5B2B58F730
:10B4A000B6C96A2CAA652CD214CF56B9F5415D2CC9
:10B4B0002534A4EC0C519C341B16C0EB1E6F65C8E0
:10B4C000FC1B8DAC084434FE80DD0EE2FD70A0EA6A
:10B4D000888E35CD447D3F0A875A00F34F3F3E1694
:10B4E00082BC4FA040C317533924F5885380F06DB8
:10B4F0002A8F9E76DDC250D94693F735DB6E396CC4
:10B500005DCF735BAB4A60B524E2D73498AE4F0190
:10B51000CBE5F58289B9C9ACD842A0F8CBF2CFF51A
:10B52000CBC19D691D9A3FBFC364A1B2D72190666C
:10B53000983CC41E0EAF73705CC6D80148E3B1B925
:10B540003FEAF2E7D3727818D9E5F6A732384A7D98
:10B55000F8E46B22701EF6EE7858F1F26FBBE94901
:10B5600086D312B96CC463C0CF94479B6864C22F62
:10B570006362ADB0F527D8480477356FFD374237A1
:10B58000C7DAA20E2D61CC914DB9BD2093B12155E2
:10B590009181BF57FE672FA63BC0C0B6B60D54EAD7
:10B5A000A67D4FE87A8A483EB3478BB4175B8ACBB7
:10B5B00036D1AC8E6D3245DACBDDE57EF08B536B48
:10B5C000E7C24183F626704962408BF38B7C5B4C6B
:10B5D0007FA6908CACD45BD713503ABCBB7C3C2884
:10B5E000958CD70B8087862E34AF1AB2E6CCF854F0
:10B5F000CADDCF74CDBC02B1A2A1EECA08F5E24209
:10B60000F78A022661B62808F360514F9458A321A7
:10B6100058B62B2093AD3D1135143AF7D144EA13B7
:10B62000F926E02A4EC3D042B82F27A63C38ED9623
:10B630005834D52FAA2608CDE84F5D6F46C9485A21
:10B640007127210954947D4CE88848EDD05FB86893
:10B650007B4AA165809B8B24B9B3E2C04CC94A5A8E
:10B66000B6FD205935A407CD73FEA6CDCFCC4F46ED
:10B67000A259E8CC4A5CEA45F9746C3610C81660E9
:10B6800053488BF19568422AF05C09F8C3ECA53663
:10B69000D6BFF8C96FC2FD669C8B16D4E12E1FD0B1
:10B6A000AAE8ACDC16F95213F6FBC2CC17FD64C64F
:10B6B00025FF64BF9918B67F8DE0D8D4395F0DF1AE
:10B6C00067EC7FD0373E234765E7F178ECD495A04F
:10B6D0006A7FA3F11A6159C09B8D236388AEAE1DAA
:10B6E0001AA4CACBE422D14B8758127DF9A66A2846
:10B6F00091B8C74E8F0055E13CE2DBFD7402E08259
:10B70000AAAB883636DDDE15E375845F4775C5D68E
:10B71000EC3300E7661C4D873F11F31FEA808095EC
:10B72000E24F5A50FC53B7C19E6CCA94EB3104648B
:10B730008D205A65AB17A1D084B48FB11A1921E6B8
:10B740006DFE0C0AFEA278755562407E8DE1C08ABE
:10B7500034727A156DB34E7DADF3C499A4B98A2FB6
:10B76000C1B4DE91328ABD5126C2F67667732DB11F
:10B77000B5818F1199F6B69B937A6B313DA5AFC514
:10B78000A327530D04BD3117296743C99D1C17F921
:10B79000031C0773BBA20BD172DF84E4C63BBCA6BB
:10B7A000C48D6E7240BE94047A93343DA76CD8CE9B
:10B7B00024CBD894A22094AA55FE6366557D9F1B86
:10B7C0004E1EF7B2F684EC98DC8F52EADA85EFE091
:10B7D000AA75D68BA4AB8EA458367219731D3DC0C2
:10B7E000820F87D02D415CE02A512BDC39DAE92722
:10B7F0006D0619E93D7830BFA8AD17747C6A79C72A
:10B8000025CD16399E465F11D3579EE7D08AB9A938
:10B8100049035688D3ED5EB18A6E471F0A424499A8
:10B8200033AF160D5A2E0268DCC3960C515035C149
:10B830002650875C8B9162B61F006AD870038F8A8E
:10B8400056E33E61DD7BE28EA8583A44AB1C121FE2
:10B850002EE02CAB8662116F25AAC5477FD843DB4B
:10B86000CCEFD989C376A63DFD888D33F9941FF4BA
:10B870006DECF219E46509810752B765540D27E4B0
:10B88000C7603E2D598E8A6BD4E4FE3BA77F7E3580
:10B890008D81544CCAF9C15441821141E8FC0E3BE0
:10B8A00046E2D329759EEC4D5610D8DB6DD2953506
:10B8B000CF628FBFB6B4FF0FCA5FB95261C60E3AEE
:10B8C00041EF9817812B8AFE31A8E3CCFF053E6239
:10B8D00007631B16E20A716629797E7F41D77FC70D
:10B8E000E598CB6283ABDB36B479EE149FDC00CEF7
:10B8F0008B7AC2813523E7B7EECF86435221134BB3
:10B90000C5834C0A4EAD6563466425B1771B3E1670
:10B9100096DA8B2F6F8FEC93627718E923CADCF3EA
:10B92000E9D23C679331E3D86253A11B7772D3B657
:10B93000729E2D4F183B020C60A0490C745CD256CD
:10B940008D4CD155A142524AE32FBEBCFEC5A3483F
:10B950006078427699D004B2AB475ADC6B3D57B65B
:10B96000E9A1C0383092B9DD39B5D3067C573347E9
:10B970001DBF69D044ADF9E5756CD97304BAE7D140
:10B980000C92608F90F7F6B9C523637AF9BB8EBD30
:10B99000657C8765F047ABEE03217CA0791A3629D8
:10B9A000BAB1DD0424A8DCC56627536C47705BDFA1
:10B9B0006CF7B7C627B8A5E37FAF656990437E34BF
:10B9C0000B12B4FE81F2D05315396843C4CC366DE6
:10B9D0005FF6AB4B73EFF752B107E464AECCE7CB45
:10B9E000D607BC7BD26EF664EC4CAA748118334A3D
:10B9F00098BCB683A9CEEFAF848521C372DEB25D59
:10BA00003CDE2CD5A179BD1E2CC6C5EC1F07196FD5
:10BA1000968B561C05C56ACB7D9CBD2F49E428E654
:10BA2000D4051A2784D75D026857681D4A0C6FF742
:10BA30008297185838724F58E57A83752631DC534F
:10BA400044FEDC93CBFC20213A2F3A0423FBA5E0F3
:10BA50000AA4F05CB6C804B7E3DDF4D3D21A6822B6
:10BA6000A8F604A5AF77A60CC1756F5B5C39BAF771
:10BA7000A5D45D7ADF5E3253E4FB11706C57FAF89F
:10BA80002A9BE0E195D63A07D6B862E976DA2567CF
:10BA9000E88CCF3216861715636D4EEE625D6E210F
:10BAA00000D73BB7BE78B20CD0901AE63E82DC8C51
:10BAB000808D0B17E1796BC10912C347212F41CF4C
:10BAC000DC7517FB0FF5CD699526F18553110983B8
:10BAD0002C32813BF0B52EFFE3AF1D5C682B2B228F
:10BAE000836BF6C975F155E09F26A8F3619267D77D
:10BAF00001321885DC5EC24CC85D3A98F8F93A45C7
:10BB000060EA8E4D5503DD7D5B65A217D28626CC9B
:10BB10006203F47C7B7CE3E3C67518FE6AD7E6FA21
:10BB20009D2294FEF9CAD16ADC7EF66B56CAF52BCB
:10BB30006ECF51A8BD09B59D3298111AEFCCB478DB
:10BB4000F43C7015E70DF53EE3BA6059DCF10FB136
:10BB5000CE26EBD765E29885CC85A5CA0DE5ABCAA4
:10BB6000935106BEEBEEAAB5EF96D1B487DEE1E7BE
:10BB70007D8DF3B0C0B2DD207F837D7D02640BC478
:10BB8000525DC863ED93BAC8BC21E28053C3515AD9
:10BB9000F87A48178FF72932CA867C5FAC0A0642CA
:10BBA00046719AF642A8147F8B5CDAFDA1C41E2769
:10BBB0009122639008401C871F65908919BFE79107
:10BBC000D443A653CCA829D8F223A4821CE9B33DC0
:10BBD000F88D915F43C02F5FA6655AE9EC27B3CF7C
:10BBE0007AC4C338D5E81887AA2A6785A8480C699B
:10BBF00025CF2DFBBAEA355A6F6EF79BF3E5D55288
:10BC0000C98BC4A4C86F2AB5B5289779A368590A07
:10BC1000465476FD9BD7EB4882FC825ABEDE641FF9
:10BC2000527A4634B7773DE72CFAB2CCAA8CEC6E48
:10BC30007B977160388E3EB5CC1A451192DB5CFE65
:10BC4000F8D2B830FE721893CA74A47EA64559F78C
:10BC50006517202955BA61BC682A71B31A1C0C47B4
:10BC600010E4A972180E8FB8BEC0C398BECD5C2E6A
:10BC70004570C1C7882B57AA11D0F301FB50216D25
:10BC80006046381DCB805E045B4235D42FB14873CB
:10BC9000B0B473CBA95E1948BBD2E3834274FD46AE
:10BCA000D3DA1361B24DC81F6D9E4618F4A47AA171
:10BCB000BB8CBFFA4BD9B26CAD98C7DAAC4EB106AB
:10BCC000ED15A04AFD22D1A8A5E2670BD7D0BBF4A1
:10BCD000CB65CCE7173E0172FC61E607E00DBA7256
:10BCE0005640CE277AFE11D4D3F265559D63C49495
:10BCF0007DA969D7EEA1F98D83BB222F10DA972198
:10BD00004BACD73B759831817A35D8348A4B576321
:10BD1000A07E4F7F49D2CE5783F3A784BFCBDBED04
:10BD200089E87A27CB448393A88439AB725F6DD9B5
:10BD3000DA062BD2B73A6A8C8F8790BE561BC3BCEB
:10BD400098C110E59284CC54900D1BAFE4C433F03D
:10BD500097AA6B539CB80D6BEA37BF1474E5144B6C
:10BD60006B3A654A952B323B4A73E7F82602AC9250
:10BD7000DC9FC76CFA46DF3CD3AD482D1158B06D3F
:10BD8000F362E8B2AC65837890C5788A3BDAFB242D
:10BD9000E888ED521C07328F0EBDDC0E4B3920A314
:10BDA00049FFBB4922964E33D7320FA5EE3C83653F
:10BDB000FA7EF1F4CAFE0A0F9DCD501E448985DF3C
:10BDC00049F46C9EE9F625A56E0F66EBA9031F8E5C
:10BDD000F30EEB9E41700E71317BC60E7FA8D0C56D
:10BDE00021310E1E120BABAC2FCDE91A8BDFFC3DBF
:10BDF0004BB3607DE3D172F3B5F39062F629D79D22
:10BE000017CF75059367A7D742F3B4D62ECF120587
:10BE1000F86CF3876B1098BD55227A36BC3DB0673D
:10BE20003FAA07BD2A929CAC3CEBFC4C3ED7E136C6
:10BE30003C6E0079784DB6B0232D751A5B12C28B1B
:10BE4000EB358A08B3B9A49599E9A3F6021AEBF584
:10BE50008110F8C4246440228277A08D194CB35419
:10BE6000B63C54E3A644A8D38C35ED0A1C3F6AC205
:10BE7000B8D4A7351785F1C4FC337C735DFBDFC2F2
:10BE8000A9B4560B20F69A7063E833A6A8F82D4C97
:10BE900074C5551353BF9ED49EEC5C62899C6FAAF7
:10BEA000E5CC56DE8EE07ACC471690BCC855DCA6B1
:10BEB000F39B83812562F528F40661B958B173DAE2
:10BEC0007AA79770BCC5A192007ACBEEB5CE25B00B
:10BED00084A2A38F4EF0924C1D0CB2F9839A14CA1F
:10BEE000F2305CE9BF5E971BDF81C979B23F5C9895
:10BEF000EA1D8D694E1446E47974B505EB4B41A9F2
:10BF0000218891B0FB59AFB0DF311CA2B6EE89A1F8
:10BF1000AC1A3C34E27B40DDBE74D5063C86B95D8C
:10BF200071A131D7F9288AE0B3FC25FC65954B0F48
:10BF3000CB34522C83D735FF9B867F9CB818D427EF
:10BF4000E0C7F953E440917566BFB0210B1FE301D0
:10BF5000F6FE2293847B521A7FB834784F3BA106B9
:10BF6000907482518258663D14E12E0CE4CE36F076
:10BF700026D6E823D5EC84B05A836B54B8BD1D8A0D
:10BF8000C3C57C78CE37FDA2630448136DFA9DEBE0
:10BF90007132EC76AD7202E12D4814A01077A5EF56
:10BFA000257D809EB88FA4F9EE3DDD97062EA32156
:10BFB000C90A2175E25F9B6426147069CC7BE56F2A
:10BFC000F686ED9FD837FA08BC6CF73500742492DA
:10BFD0002F0007212217F89D59B022AFA440D64662
:10BFE00095429C5022F1AF3C4BF17299AC741027F2
:10BFF00090B3F0C8B7E43425E6AD3518820DBE70B5
:10C00000F1E108140F369202FA18D31F7D917923BB
:10C0100084385ED3EE1F41D8F11DAAD45357C334E0
:10C020004EB7D0902A5F3E7A8008151151D316CEB4
:10C0300079D0363CA172C12817B3891AEA8DC4623F
:10C04000558FC65CE93A4360A6F62E0774A7E099BF
:10C050007983155F6CFD3759D4B4B35BC1B5E11179
:10C060001C7F41EB3E150631DA2B7ABD6055A634B4
:10C07000A802EA7C4FFE0F146A25C7BF062D29547B
:10C08000FB1D6C3CFC0411FB4371B4EB948D4BA77E
:10C09000D1DECA092767766B39C04A4AF75131A801
:10C0A00002EBD206B4F3326FEDF4074BAD4DCDA8E1
:10C0B00079B44FF63A0B9ED382DC5BCCC4D5DDE37A
:10C0C000977443C8F3706A85EC8C9152343B11B27B
:10C0D0008979F06E6C9920CB5C42A65A6F4D462C44
:10C0E00023EB3CBFB1FA5ED6810D559C849B081CA6
:10C0F00032B92C129EC2100A509BCF2DD23F1D0880
:10C10000246FD7CD012550A7A2ABDBFFA394FAE0A3
:10C110000880CBFF6E1E1F950989063DA1AB145008
:10C12000BE23EB6C21ED8423A0A118CF944F8CCCBF
:10C130000964AF20591FB8616C6B2DED8C485A65AE
:10C14000542F522475596856E552CDC11B7251CCFB
:10C15000F0CA1E848C5E13802CFCE78D732FED16C5
:10C16000660353749BA2EA1F7EB632E777C3F67D5F
:10C17000677E26267C7DAD7B73AA3A5A8982B84CAD
:10C1800077D392793272C226865948CF76622BDAFB
:10C19000687F91AD9969CA8D4BFE10A4BD584BE9DB
:10C1A000DFF7D0DABF8C496198BD3FB2AFA8F93153
:10C1B00051DCE15CF0965534C49E36975683DE8D93
:10C1C0007F0B83DF4408626E8FCA6D2A4AB236C77E
:10C1D0002C351604768D8102ED7FC43B5AF625E29C
:10C1E0009A1C01DFC8A49EAEC16405E5512C2A51FA
:10C1F00000A344164B087F2B8B3E88D7C9680DD708
:10C2000029FBBB4BB95E248118B2594083E1E8BDDC
:10C21000C8C4F030545076AABC15D3FABCF2162329
:10C22000B9588274643841379A04DEA72C0711424A
:10C2300034E0AF53EA6061AB9F919DD342AEA26AF6
:10C24000D4CF4CC470C2858ED071BDA98D8C10A383
:10C25000BBB224224A190219C4943087347E666323
:10C26000DDFD2A23ABCA13A551D8D919E26E8A077E
:10C270009C2B5FA73DB36F30B6B9885AC1B550E665
:10C28000BBC62E1B67AC329AD2EDEE90283C96EAE4
:10C29000ACD60A7FE19D058745F95A0F484DE3ABBF
:10C2A000A2321465FDD749FAF63C11629CEEC074C7
:10C2B000BD573C4675A9C5445CFAB4406848910531
:10C2C000ED670485A8E67CFC3EB19740D55B447AD7
:10C2D00064EB37DB67A981DACCC673961A3992C64C
:10C2E000DD558459EF10AB9A607F1343A25B4B730B
:10C2F0008A6B48EFD370C2C84509F1549C27FFB838
:10C30000B8436448A27A798015019F2AAAAE3E3BC1
:10C31000EE665CA03A423B96C82CC0CBFB5FEA16A7
:10C32000E3F79719F8B6B71D0CD8A3AD925B2C664E
:10C33000AC8E2AC0BD0E71027A10BB133A82C6833E
:10C34000EBC4C830BE3CCEEE82484D683A78ACA310
:10C35000091899E1D69CA5BD78D593D6D1215F1255
:10C3600001311219F3D2B2651926347690C4350919
:10C37000F50CD7B69F79DA6FEAC8DDA3BD6B9E3F97
:10C3800027306EFE755E0C0C431CEBED39F733E97C
:10C39000846BDAE3DAC61B9933286AEDBFEB2075AC
:10C3A000118A2B6B6DB9CC1D3E1E7A7B3814C545A6
:10C3B000719CBD1967B6735F7324AD5A2416B11012
:10C3C00024ECD18F04797F2500AA3BCBFEE25EA549
:10C3D000BA7049FE001C5C4E2E4412FA640ABE0379
:10C3E000543A41177EAC55F4A7DDE6F28996CBCCE2
:10C3F00082468D9274A6AE8276DA39C686FD4F8269
:10C40000FEDEF919586F550FB903B340EABAC5B645
:10C41000D987C22194A4CCC989B697C5C4002B5230
:10C42000379ACCD833DC0E7DB078B2A1C718F26F42
:10C43000418BF98EDFCAA951319A669014BA0E5811
:10C44000B777FEA30D9E61DD1EE6B60ED9C76F3528
:10C45000EBB6C0607D6B773317B062B3A6A7923B93
:10C460001BFC2148652C2B3D16F1DAAC0A2C3DCB88
:10C470007D57C239ED0DBA5DFDC966BE1739A89862
:10C48000134959A6BE5FA26DA77EF71DB8EEE188DD
:10C490007F80D67499CF08EF66ADF798D4223A5AC8
:10C4A000329B5DF638D30C49833C7969EC17077CE5
:10C4B000121F0F8631D2FE8E0CEB336B8B4B464234
:10C4C000C12D2CF5E51AF349EA940EB70CDFBD8FA8
:10C4D0005E5BA53554E37E56CBBA0CDD144E912F2E
:10C4E000F304494D63842A8EFBF1EF90162E82B03F
:10C4F000B5468FC325944F5689E94CE7D4707446EE
:10C5000050105C3F88033C27BAE02DF17B2626586B
:10C510007C7035319E52C298E5CBC21CD428946EF3
:10C52000951C9563E15DD593B46E618B69ED240034
:10C53000D5E52EB2A3E24DEA67CC6A10C6C08940A9
:10C54000BFDFAA6DD5FF2957EFA94C9184921476CD
:10C55000405E62061978F0E50C34DA14BCAB1F7A41
:10C56000C12698770D07D2599931CF8C25F71AEF4C
:10C570001F0738E6DF59531A229336E1346D3AA982
:10C58000FCB4F5AA4DDE916DB8E6D1EA892B1D62A7
:10C59000891CA74F49883F20770186B868227D29EA
:10C5A00036A238D2964CB224D30C87E951279BCBC4
:10C5B00041B6ACEC1DAD70B8BA71C6C3D0F0F0593D
:10C5C0003D8BBAB75F452E9B94015E4CD9B8701273
:10C5D0002A070BCE3E04108C86F8D90C693EF9521E
:10C5E000EE2A19FA1D51F0DE672B51CF4BF8D3A676
:10C5F0005E48F90FF1F3F9B31DE1723A6A78E3D4BA
:10C600007D6898B6317B8A94F7943B7B31E4BED049
:10C61000112BF9B62226A5238C5606AB75BDDBC7B8
:10C62000A154450887B404FBD56B7D93664AD6793F
:10C6300023BBABBC819B3D1CB581D665CABC0A9DA2
:10C64000904F41865F3D5344929E368A0467E2E8EC
:10C65000EFEF4FEA2F28BB1A9BA9DF6E0739694C11
:10C660003122566D7578CF6BF607DDE69008DF5AFC
:10C67000CAEAEC4FF519E112C710B4391C6B02C6B7
:10C680009E2A60D314B8D2D4E8099592146D394922
:10C690006A17BD45C3A18FFE46606C9067D891F3C1
:10C6A000DAC6B68A6B60550775E78E8CE296A6E50A
:10C6B000D17F5A0DDEF484A36AE6C5B812B7580FCD
:10C6C000D3E999F01987631F5E04C00C7893BF0407
:10C6D000EF1F612FA093B211E6A08AB0199EDD2D45
:10C6E000930E79A1084A35E6AD022556F034396F2C
:10C6F00093074DF6EA0824855B948CC726BE77EB3A
:10C7000017E8611DFB6571638BC62872F4930C7288
:10C710006A05E154F29130F66BF6F2AD3C20A218B6
:10C7200091A92F1C64C1B2400A5008A91A2431AA49
:10C73000B5ABF6D1A750B1E6209528A9D8D7E258D5
:10C74000303DD352DA6FCD7C9006B3578D841E6393
:10C75000CCFE2E036E4BC4461C00CBE26C90BF0097
:10C76000CCF084F1907CC8C4DE344967461B80114C
:10C7700035E744BF3C99A9FBC2AB3EC39BA8D36A33
:10C780004675E17EC259F9A0FD44D35E60EFCC4D01
:10C7900067B8981D288D40A903C4EBA3DF608223EE
:10C7A000B4F04C0AF975BF584AB491EA3A1C598D55
:10C7B000D2F1919922DA27B2B525E029B80340B722
:10C7C0002C7DD3EC7F37F4119DE677B1D74A1C5608
:10C7D000F445278C7277C5AEBF697F9A11CBD561BE
:10C7E000733676AC943A2AC5703C31E951C108A73A
:10C7F000366EFEFE7D606213B57BAE88120042038A
:10C80000D5A3C529F5CFAF065DA4FDB698526BE060
:10C81000AA89A848319F453E14CB1F8E63AFFDA661
:10C82000DA0D9FE53B1653779DCB2E6A02A0CE987A
:10C8300060BF1EFAFAB6C647EC1B84B6EC31F20CA8
:10C84000A14AE70E1A839FB713B58A093AE68B3AD5
:10C850005EF5BB9B29C371340FC8B05C4409ED1B66
:10C8600016546FE4DEC723494CFC11BB00014E5A3D
:10C87000BDC64F325F2E4C23E713DFD262027F32F8
:10C8800045F698B72276A653C4338445782B950F86
:10C89000FC8D5DC8091B34F73423BBE146988A3B05
:10C8A000C6F49B5A72705B9EE13C1F9B321FB3AD76
:10C8B000E167BDEECF9659E6DCFBA107BFC79B1829
:10C8C00040656FF08A2925A5F86E6EB734E678D0FA
:10C8D000669F7AB3DE1C34B7F79880D7895C45FF32
:10C8E000DBDAF2E9797E09751B4A75CAB93820226C
:10C8F000F973780C2F5BEE99E02483278AE0D7DB6D
:10C900004F46744AF663A19BF5E296D838A55BF3CF
:10C91000ECF5AA29CB591DAC588CCD1FDC0A3C2262
:10C9200095E26BF1F858CFAABCFD68699A826F3125
:10C9300035DCA261B6B3464584931A381E91384956
:10C9400098DB7727765E214E1809B442CFD149FA99
:10C95000666FE86777220CAE35A05A2FEC9CF52B5A
:10C96000167F29B9A1D137E0ABB34A9E170A550209
:10C97000F645729B711674910D2D921E7E6DE779AE
:10C9800079B9FED171071601BF4D9DFCA6A6854B56
:10C990002337C7F72CCFD64AD8042BA5B6F1644F5E
:10C9A00041E1F5D05FEFD5A2283FBDF6F7BFF2EB2E
:10C9B000CD6EC3150B34493BCD7C9F5D9B07237225
:10C9C00020B64031E2A55D9AD558CF6AD0DC95DE1D
:10C9D000C136A1C1A0A37013DD4CA9C7DA5FD06036
:10C9E00080D398208485E0D31A3CEDBEB4820899A8
:10C9F000453064064E12F8C04DD459F9F206E6C02F
:10CA00004FAB1A500A0D2FE4FD2CF091771978B333
:10CA1000931A927AD60A6B9A5EAD6F540DF918D8B4
:10CA20002FF04002B2A1304565A1DD5AEAE94B1171
:10CA300028B706CC93A70B4CE20391AC73F20DD24E
:10CA40007C8A89BEF75F1A6EFDEDC95779D0DF5138
:10CA50002A6038BF5A71277EAF735C712B4EAA5182
:10CA6000EB0759DE570CCA7D808064D9202443AD82
:10CA7000E10B16CE50FF23A525EE89149F15729465
:10CA800009E20E07948E0A962195F679360A1E6001
:10CA9000AFA2114A83E6526548B0113A24C4FCECB7
:10CAA00073EDD12C28FF2395578C5F3DDA83B0B806
:10CAB0002FBEEDB7DCF2B7156331BDAC72FB4FFD95
:10CAC000F7DC854E4EF99272903EA852154E999F12
:10CAD0002106AC1BBD681764314FA53B57E1E8A0A8
:10CAE0003AA3A53262B6ECF500E1C495F6C15759F8
:10CAF00041F750CD48DED0D614A51CBD547ED17C64
:10CB0000D43E2145B987CA3E9A7F865BE24D4E509E
:10CB100083FDD37322B75E7D6A3F59DFD05D9D6C84
:10CB200075E63AFFDCEF2C46EFD4F7C5DD9EF6A1A3
:10CB3000F69E94F840F817DC5E192588002E6449AB
:10CB4000FA14C4B8282EFA283B9F0029981A2B8D76
:10CB50006F836D253EF49CCEED4C5DAE751A1C982E
:10CB60003C91353A9BA47D8A0EDD8122189BD80723
:10CB7000F2EF81B67CC9E961D62C26C0153597DB6A
:10CB8000B54F61765668AB6AC3E05075DBFF8E32F5
:10CB900061473934FAC54755D23702DE5D69CBD5D6
:10CBA00026020061C2869123E62583CD62D9D30295
:10CBB0003A8F370F3E3CD92650E01DDD4281720589
:10CBC00090421D67C6DCFDE27660ADCC5A8E8BAA22
:10CBD000E060F3F7717516AC21A630474CF8E31806
:10CBE000C052ABA736A027969E5BA1DAABD44AB859
:10CBF0008C3D2C88C54646FEDC1EC4E6C582B7D1F6
:10CC00002247AE77A11558F2A8C88C3BF681A97BC4
:10CC1000A0A6FEC09C4984069DAACEDD995A3E81FD
:10CC200029321D82DC23B558AF9F77B44473337D1E
:10CC3000C2F87E78AD8B6B8A0B508170C33773441A
:10CC400022ED72084543E33049ECA3343B0073E026
:10CC50006ADC54FCB9352BED26FB0B30795B34B222
:10CC6000417132BD69A214126C097FACD444B64C38
:10CC7000D587D2680A896D6F79DB41C4D8A67E005A
:10CC800008CCABA52B28EAD1123E2AC75EE4E88483
:10CC900016D10DF3165AF67AEA62648490174C188E
:10CCA0009BE512FD3BCD3C6E5FB173C2AAAA3E3537
:10CCB00048198100F11738A08104AF48113AD765AF
:10CCC000B634133332D537E5D3023B79FA1B9EDAFB
:10CCD0000FBADDF714B36ACED401799150F8BF953D
:10CCE000A5672AB82DF6DDB5058E35103B2ED76821
:10CCF00047537C0AE4EBC871AB8921BCDE33A62A1A
:10CD00005E33D7EB55B4E94880E9EDE6F21DD75024
:10CD10007CC2FB2F74BD6C1A8BE237B889840ADCA5
:10CD200019F7FC8439688F0B627CA36FBB813EBD11
:10CD3000EC4E7C7270A50A8837B7979AC8361D49A1
:10CD4000785CFF5554FAD80E09BBF9F73FC34AB0D7
:10CD50002D28639B33BA56D36CFAE246503227D85B
:10CD6000E8ABDA53CFF69C3C43D4F002720256D8BB
:10CD7000B57A2682189732D8689FCD45222B69C490
:10CD80000FB8C7D06421C5E9BA2AE7145720F77451
:10CD9000F5059364160ED44390765AA592C14AA81D
:10CDA000FC7EA67D9B4C5216315334C19EA043FCA1
:10CDB0005687F7FF7BC0976D466EA679BEB7B8EE73
:10CDC000E3323FDB80CF06E1CAEE2755C54AABC64A
:10CDD000623CA1A913DED151DBB5EB4A8706D6230D
:10CDE000BC354883E948453F5E0CD0912B3B1F6D15
:10CDF000F4216AEB23994CC9574CDD1EFE32336097
:10CE000038BDE8B1408B9F573E7EC931E4C0042055
:10CE10000A617D7996993B0258ECC53B7C7351D2EF
:10CE20002925ADC1E683BCD1E26AE9DFB4A6A892A8
:10CE300057045F443E5211FF6E9000624F28F92B59
:10CE40005A39E9C2372D5A301FEA250BBC9595F5A2
:10CE5000DC9186BC18D23A9648FA16402FC6AF33FA
:10CE600030CD032EE57903FBCF92FA600D19281718
:10CE7000C566622AEFA734185BAD1B1E257D2B68A3
:10CE80002264C3F3C13FB342FA1D544ED936BE5299
:10CE9000005AFB2AA18DA054B5C225D76CD26905D2
:10CEA0002D0BEED8BF21385B6D79C74D65C6A9C083
:10CEB0000DF1D1AA8961523DC7C80B7E42D5D6FE7D
:10CEC000B7905C6B0711B0884D7B38D7216EEE3080
:10CED00094677B9F03CFF26145A42BACBDAB96A6B4
:10CEE00067511C5267BBD13F8F10845249B893558C
:10CEF000B909DED67D30901514E3B0A2F56AF27060
:10CF0000A5329ECAB6D65D13FDEBBA188F8066C8EF
:10CF1000B0770C353382CF163634E8D532808A1B91
:10CF200002A8D95BCDF955201522582D4197F4BEA2
:10CF3000635AC49ECDE00D08F91D92EE9F97D9B4B7
:10CF4000D2182966CB8AA654F09A5C4D596F4923B2
:10CF50008FD802FB419D695361392286F271382DC9
:10CF6000449480B21F3E779928D5999AED318FDA93
:10CF70000B3D21ABCBEBB3B642135021D1DB6D257A
:10CF8000C7266293EEA7672DA4B93015CDDA707667
:10CF900018823D35AAC2B340A1F184C6E0560DF413
:10CFA000BF502FC221DD683B87D35D5335F09FCF43
:10CFB00099D481500B32E7DC10CB194E1591A49D0A
:10CFC0005DD5763C13089A5C2C22A0CB86B7C5A40D
:10CFD000B43705A784A5AD8055D7D2A1A54CC440D0
:10CFE000C20B0635C9B33328FE451FAACD08B0963B
:10CFF0004B41F44F5A349CABD07F5C8F801A991907
:10D00000BA892E40890F98BB79CF7D75E649BA3031
:10D0100019AB15661EB90A3A487E3E9ADBA2CA00D1
:10D0200002AF0BACB2BAE4523CC77F6357E0F82AB8
:10D03000367551F81F0DF7AC00B3B52F3188B0D657
:10D04000253AD5071E828C20FAF2B305A8271B6665
:10D050009137F46241DE8978A47550A0F777F430F7
:10D06000DAE1BE8D51A0C32E9FC7C49655BE30993C
:10D07000552E7E6108F42723E268CF7BF9398BAA0D
:10D0800006E658B637938C952DF16463641321DD61
:10D0900061E56B01D9C89AB9331D1DD387447C0B58
:10D0A00054D50FEC183FB38E52719F9CDC547A5FBD
:10D0B00087E69EAFFBFCAF2B5EF521429B4DDBDF8D
:10D0C00028227DC23C54273C845A328D0423062EEC
:10D0D0005E0D3381F2F4BC19B6310CFDCE59BC584B
:10D0E0005D39AB90275FC632F5F9A729115384C586
:10D0F000ACAC421CCC1B243A979DF17090EB6BAF0B
:10D10000887D385EA8EDDFE2EDA35BF94B6109FC99
:10D11000CCD7807673A50E1D7347C7EA74E41484D8
:10D12000C80699EE177385BAE0414A0D96B32553A8
:10D13000EF1CEB8995748CED71BF733EA227BA7911
:10D14000E70B69A5BA4CE45E9438E4058A038EAC1B
:10D1500068AE58271FD4FA2CC030FFAE0E245CB93D
:10D16000C935A5FD9D79295DC427F9062BC8F9406D
:10D17000425DBBBAECA7D0BDC0D83C9BF676A916E1
:10D180005C485997CC45B7F12244E07C92FA3325AC
:10D19000E1B4CEC05357FD21A82CAD0EB99964B4AB
:10D1A0006814630A714F52BFB9452DD44F35CB92E5
:10D1B000A4418351808302D3973B969271BED4E3FE
:10D1C000F01A3EACC32AF391DC343D0CB6B60C50D9
:10D1D0008858C7005FC3C648BFEF00A5790BBA9E49
:10D1E000C262DD437F7711F34A3C7D544AA36D054B
:10D1F00084D0F86195DFEE9B7784A16B6F85CDC3FA
:10D200008E458189793BF1748E8B532EAD30CA6A7D
:10D21000F8C2573D4EA4B76DA415774F360F6A1A62
:10D220003B9D7A14694B701CC0160B81740E3751EC
:10D2300096864D98BA04AF847168222C3495C41434
:10D2400072D469542AC84EA6FCCC31C2EB87D5E80B
:10D25000BB32B93E71F77231D9C691D1503529A48C
:10D260009524DF42B9C8E94BCD2FC3FAEC16E3A7EA
:10D2700058960661D751E5DF78AEDE8C5C1CF16E06
:10D28000BB4F43BAA7D56A08E3B46D234C1F485D72
:10D29000A255B7EF63A4FF7B019731CD6E8B5C9BEA
:10D2A0000532572DDA8C971207648BCD57FC5A0E36
:10D2B0007F17E1198597C90960DC7E4E3414E36855
:10D2C0007D2ADCEC2CD420B061F297AC4518B3B7C2
:10D2D0001D53B0EA274C093FD61DFF8DBEEACDFA9B
:10D2E00059D8F8765A7622A2BBDBF86EA07149DFD6
:10D2F0002CB17BED73C45C05AE326647A31C454977
:10D300007686CA41F73041AEFF222AFFF2BD982946
:10D31000A637FE91FCD96DB76D1DC2DF68F3981674
:10D320002DA6C4BC4062E3F69149B2C63FE48A0729
:10D33000208851DB7F175AF3E042E5225979B5BACC
:10D340001A2668E9E0874D54B24B803D0D6DB380DD
:10D35000631A1CAA6491F0645CF00E8D7B2F90CC54
:10D36000B44BAF32852A4412DAE0DF86C8A874389D
:10D37000C1D3CB34DD13B6B5FB5F90ED8099B15DC1
:10D380001527D3B1345D55E29AA9741CE209EAFF6E
:10D39000DE56291FBE1CCE4A315768C3B1A5F9CF4E
:10D3A0009D49F2BAAE31315718BE46D37E6433413F
:10D3B00036BECEE2A61588F63948943D5025FDE4E8
:10D3C000D543C781EEA176041E2DCF64CEACB86ADA
:10D3D00079D6278A04698A16B048581BA0D99BDAE7
:10D3E0006A2261F7F77E67DB671A19D42424037E6B
:10D3F00039D67E4BAB806A8488EFDDDB580B59AAA7
:10D40000A1C10C88B42DB17109DE6F1D7EF9B3F393
:10D410005614E5A152EF566A1C145637977A7508D0
:10D42000F111982ADA9DA4FF329A47F0368AFEFF5E
:10D43000282C18D2ECA8D207FDAD15A3FF14F28F4B
:10D44000174CD38286E402C5D0FC25A2B0D559265C
:10D450005E6F3D80EA6E9E38E095C7CD0F422DA0ED
:10D460001CE1EC467468B46B1DBB788A2AD41CA1FD
:10D470007640FBF81A0A65B523C4B0F563B1B46011
:10D480005A8878C06293C93A8D3CA0BBCE3A10B797
:10D490006E89EFA932415550E6B15B2FACE73FC72B
:10D4A000640C589C0AAF803C140967A82782784A0C
:10D4B0000182126E8EBF81A3718185BA144393419C
:10D4C000E53F0650CC62BB656EB7AF08C0FE626038
:10D4D0005D8FA46085247CAFD04CB0144F4C996113
:10D4E0002960C4AFC1A38BB11ABE2DE5875B0CA721
:10D4F0006E2C2FC8A895E604EC2A822ECF52DA5360
:10D50000E2A01359170630314D4B0265A8020506FB
:10D5100011A4BCF9C445D64376E1AC8654E291CC63
:10D5200031421DB183FFF256FCE7E32792E213E19B
:10D5300001228B2CA456A3D607F83DFB7A4603564E
:10D54000D6E28AB199B5446DEBE8DE92D7C0C57DCD
:10D550007F797312221C2147E024CAB03432B82CE0
:10D56000FC8BC1BD6F8FACE18B692889EDCD54AFC9
:10D57000C98D7EC8EE902518267C8150F3825E947A
:10D58000AF0A757EFD305B7A3FA48731DB1A7F13CB
:10D59000D12F797CACA442ACDA2E00500051501F40
:10D5A000F2E7725360DC999DBC92A7C36A7CF64394
:10D5B000E6D761B4CC75E240F9EE8E66715C2473F7
:10D5C00097A45D5550F1F77DFC29DFB1D4C0C55358
:10D5D000835DC36C7ADF715DCCCDC142F0BECBBF41
:10D5E000292654F201D1A42536B96EF9481AF68CD1
:10D5F0007BBD19B5E4451CB9AEF2173021FC467568
:10D60000814895B0BD2A6EB01158DF092868A17C09
:10D61000A28D5DA63952C73BA90F38F783BEE371CF
:10D620007D7881626EC36E92089ABCB7EF5FC52A9F
:10D63000F02EF964E01C3582D5A8632114EA45EB8D
:10D6400009976795645E57969885408A700FF21225
:10D65000C087A27DE5E066FC18C2733C5C4134DB08
:10D66000FBED1FA88F75F6421A0B193F2402EFF647
:10D670006F2E75242A5F4369E4BF93F7D1723E6031
:10D68000A2D60C5C6F3A100F6B54B2C9E39985AC0B
:10D69000F97A37B0C361763C8DA66558ACDDAE0132
:10D6A000160A814D4330A744F463DB42574E86513E
:10D6B0003A7B21EC4A883BBDF5F012B9B7DB7E2CF2
:10D6C000C6662B6401CE1F53CCD241A816257BAD74
:10D6D0003BD36C686A35A44258BE61BCBAEDB64211
:10D6E00011289DB33CD2B9B4E2EF8B54E7310FF06F
:10D6F000DCCB0CFF95AA6769036C384454AB3EBB86
:10D70000894A177A537D6E937D573745D0EC027D59
:10D71000175DC3C4EA7C9981C31E9986ACB55C943D
:10D72000EFBF30DBFC151D3191575796CEB50C95E8
:10D73000D4A5EF10F80A47D91892569DF6E0A82E06
:10D74000760295072F29BAE1C4718CCED938D9CA8F
:10D750005162EC204F12684DE76FEC0A9AE10D6FB1
:10D76000CED07C11A63AE32DBFED14F21F1DF22797
:10D77000F6BC6B385174B86600EA514C9B032FA677
:10D7800026ECF5113E88B654027FF97F6C3A3911C8
:10D790002C098181A2D5BDE564865D395FBB1F7B05
:10D7A00091A3060DA39CE4F9164EA13BB856A447DD
:10D7B000FF081DB17C764B8419999CA103DC955D13
:10D7C000593D32158064F1A0CA52D9D365D883532C
:10D7D0001B85379D1064917DD06D2EEE2E7E571BDC
:10D7E000A177ED3F9E6DCF8C0BEA250BB61571220C
:10D7F0009C2EECDA61913AB8346B9087746DE2C676
:10D80000A4EC5068EC5911ADFBCB4B66C21A11BDAC
:10D81000E264D5B8F15999C41ABFEB149630C16BC4
:10D8200030BC7D614AD6E3193B59DA166744E84FAC
:10D8300006A2167033C368B69269C6404688170AB6
:10D84000064C61191ED2B4FD340DFF3A44AEC4BA81
:10D85000531FDAA9B90DD9B684F2DB98931F22AD14
:10D860004043A9C25ADABB6372B1EED8A0DC71CDD5
:10D870000C2AFCB303EF2655F4E5E1ABC6C904ACB2
:10D8800008DAC7CF90241CDDB0B9DDED5B00406342
:10D890000CC09F9B13ABFACAC38F91FE0F66F113A6
:10D8A000ED54BA03F99BE91208DA09A978D263F7B3
:10D8B00042AA9ADBA7A97FE513E6BB2637DD57828C
:10D8C0003D2EE19EE537DE5EC91EE11DD50DC0C1CE
:10D8D0002E2AFD4972757FD05740128A3FA7E5F77F
:10D8E0004096DAA2BBA61927985A6A9D7F0A28F0AB
:10D8F000339DD853CDCF8C18A42124273DE3E6D700
:10D9000027E8627BAC9B3D189EC6F9A2060BCFC7E9
:10D9100003300875F9D0720E4F505AB47B6A1E3D21
:10D92000C1B47EDF1112178F1C22CD1697BB71F583
:10D93000D9C4E542AF485427A6649CFB8185F01EFC
:10D9400059116B00F45C1E3650B411320B934BAB83
:10D95000B6C0103906B1F587478ED8681DC94E0E7E
:10D96000A1D9D08182F1E07E0CDC4EDB15E3B2E47C
:10D97000DB0AACAA37EBA8CC81E8A26824432A7062
:10D9800071239DC5DEEA44CFED00E5F70C2DDEFDE9
:10D99000082974FCABE7327F24618452CA4CA6CBC1
:10D9A000E09688CABDD6F410DD7BDAD7518826B45C
:10D9B000CE11BBEE7108DCA43895B8AAC4394A2B45
:10D9C000DB633DA23985ACBCB9F3FAD7555598DF76
:10D9D000BBFB8EB1A7EC214032E57ABC4ABB7B444D
:10D9E000268FB165FF846B04AD191330F854BE9CCB
:10D9F0001B082F7B74BA553CDE184D42CD9D085C48
:10DA0000D4762EFFCE7719432A9F4B432E46D04320
:10DA1000CD31CF4EBFB7523DEDDD3737E7C0F1CE48
:10DA2000577CA83CF76DEF7E504B94148108CEEBE9
:10DA3000328898E8864EA578A914777EC5C4B03D93
:10DA400030F51F6E8C696ACB94EEF87292D34B98C6
:10DA5000BB9D37DA1472E5EC5AE6B244D8132DCBED
:10DA60008B18A5F46811BA68D58EE43DE1E6C19E35
:10DA70000400DAC238D45F542C42097610EB9E05BC
:10DA8000ED466553BADB25EB42493BC69FD9F1030E
:10DA90003874D2CF7C0D5638867B3E1EA48C02C8CB
:10DAA00045C3702741B065EEBBEF622A273DFFEE0C
:10DAB000C4580B40190FD504D05240CB0619978497
:10DAC0006A813A1535710EE7F2C8629D22C880510D
:10DAD000328A2269D10298871A3F651FC03987B9F7
:10DAE000C082C03D933F09CA2EC67E1237BDA45FD7
:10DAF0002D105B2E31EEEA83F8A6822860ACCC555F
:10DB0000066C7462BC47002E95849BE6275BA49349
:10DB10008F726D24DA954EDA7C3C52288563A4B46A
:10DB2000C37CFE1370376737229DF3C2ED0039D0F6
:10DB300067575254C6F7014ACDC7EB95141041847C
:10DB40000E76E3AE412DCBB985E42A905BA7B60BE8
:10DB50002E3208B6A943A20A4E28C730DE7BC80D74
:10DB6000F24B4B8DCFA11DD5D454465C1A528AA1DD
:10DB70009D2CE43ED99B0663850D76755445DE27C2
:10DB8000BE7CFCF100426EF29928DE04A6827C8EF7
:10DB9000DA81FE29FC1495558A852E06B32BFAD11D
:10DBA00091259FCD41D1533212BBA3E056B78F527E
:10DBB000D7340C0F14141758AD2F6519F2222DDA33
:10DBC0000554A922AB1A9F801DA30EC8FC1C8ED23F
:10DBD000209316AA0A5BAAD06898ADB0BD497A9482
:10DBE000FF6C890516D0DD4E1E1B26F739DDDF00E0
:10DBF0003F9E3B44B7B57C963519924A792315C0B0
:10DC000022D595CD076D1CE936325DD4F56C73D302
:10DC1000A9394F11FB8A16EBAD476DA3B8758F91EB
:10DC20009226EDFD079A208075E0EAE3B0A6B5677D
:10DC30003A1BEAA75DE82564023D02AA721C260988
:10DC4000623733414635AF9AE862A4800659A2A8EC
:10DC50002C0B8921042B513B1ACFBA933CEBBC63AC
:10DC600004361EDC98F104AA295309095FE673CE35
:10DC70005ACDC46BF65060FD8382108B3216BE40C5
:10DC8000E72D74EBFD7B5BCF1F1736CDF64AF56AA7
:10DC90009D0DFD2AB2A11D134D6C8E626751ED12D0
:10DCA0009AABD3C677D814ED7BB7424BEDFBE45E5D
:10DCB000D155D63421DF8DCCA4776F551E7AB211A1
:10DCC00063A3DFDBECC7ACDD1FC3B3E4553643050C
:10DCD0003DCAB0762A402605A8E3BF37D3A6749A7A
:10DCE000E852B43CE3EC21E1E870D893FA5584940F
:10DCF0006C1F3DD98150A2E963E0CC1BCAE150B949
:10DD00008827700DBEB19B5360F378D8065A99D41A
:10DD10005A5F231777B612216AD2184F1727E42CBF
:10DD20003D9D588140F1979CF8127EFEAA70E9BA99
:10DD3000466327E434BDEF2272E7E5FCE3D1C0A4DB
:10DD4000AF28F0071CBF00A591A3FB6B5366704181
:10DD50006E823146EA88F5FD6C346F9E2BDAB16134
:10DD600073183745DAAEBCCD12873E949C95FB887C
:10DD70006BB8056FDEFFF4FE01372ED06D92D44DE7
:10DD80000C7C47404020B9F06EBA36648E112FF2F9
:10DD90009AAC7AFEFEA2A6CF2F14A032A2BF807644
:10DDA0001A630393AE1586573044B527B803792418
:10DDB0001EB5F72CFB4719B656E58C10F26DD591C0
:10DDC0005F3B59B20D4EF446A3665F2CEE3960C23C
:10DDD000700B1144FB9D941509CFCD7A0A591A1482
:10DDE0002059606CC5B9E76B0E3F9A0EE0D5A5A926
:10DDF000A2A73F225148C2F461976DBD2F3D197C07
:10DE00008ED13065B70783FE229B9D845F2276B951
:10DE1000936D71CA0CEC2D3DF37AD6C248438EB691
:10DE20007F2444DFF398C105591318E1D80F720A13
:10DE3000704A84D829D275AA5A96598F12E3DACA41
:10DE4000F4D93DC011D65208A814F44763725A8021
:10DE5000AC97E5690A496BFCD70B0B2281D539DBFE
:10DE6000428659416459BAB071BC4EC73EE42AD4C7
:10DE70002C597E592C17D70FAC82122D6A66B92403
:10DE8000CD8925DE9FDB294E7D9AF96C3142A8941D
:10DE900075D1148A4F777070777C4F04E9CB04F703
:10DEA000E5030CA259251D5B65237F8B69D140F9E1
:10DEB000EFEABDA3A448D0E330F148BA5C187FF480
:10DEC0001BB4E887C219DC1A51FF7E734721965BA9
:10DED000C5E97CFA6847C13E4DAE2C5716C303DB3B
:10DEE0002D59E1AAE3B895CD0101F53C4E5C93278D
:10DEF000E6CE2B0AC50020EDDF13FD55D6E5D8236D
:10DF0000F304C599F92F8499AA7D8F4732FE809832
:10DF100005783151247DB95494CC4432F8E2517FD4
:10DF20003DE705A41EBC8E46B5AA038CA3B7F2BC80
:10DF3000CE5301B74E1F7B635EB6F388ACCE061797
:10DF4000CB8001F9EF513BC9885C99EDAE12CBEA69
:10DF5000B1F356B903D0CA11347A28CC5CC41C344E
:10DF6000A6B75389917F4B25EF811960A60D5924DF
:10DF70009BFD21A609643C85C7B479CA136C89FD51
:10DF8000E292D899D4ADCCA0BD1B9E14D1FFA5CDF3
:10DF9000FA1EA68DAE1B5A6E73190F590F87F96BB7
:10DFA0005B9DD829323BF2D18170E3D70343014D09
:10DFB00015D7DA8F0C66DDC6473BD9AFA42CB6CD9A
:10DFC000FAAC0CBD1F774589E4847190BA999869C1
:10DFD0005E8977C1801CEA3EF6266EDEBEE903ABA1
:10DFE00097BD4976147AEE14E6E7ACDB4720DCD225
:10DFF0000D71F932736CB3ED0321AA3C48F2E76B63
:10E00000CD231A445FABC6087AAD926E6372A956EF
:10E0100075E3B8B1870BEB18976B0B789F96D252CC
:10E020004F04D884CB90FFCA958EF0F442C13B18C0
:10E03000C6769F01BC7D2C885053011C93EE5A3844
:10E04000B7E444D7C726655980AD13D8DF2B66EEF9
:10E050009A325AEB15A1F37BD823D7F15FC37A6EBE
:10E06000619213A58C3C6905D66CB11BDA483DFE64
:10E07000BD0A9EF759BC06B04C5176C8FEB4BAD959
:10E08000AEF2739BF6829A779DF7CB4057C3D412BA
:10E09000B248845455A5780CDE623225FC2D3F151C
:10E0A000FE9F9B543B64DD22FB51CEE808F3F01940
:10E0B0009A58D663965F2413E7A503153E81772609
:10E0C000F1A3610C7030F9097A290B74D8802256BB
:10E0D000377BD21E7E2DCE4FBECB369E975C20174F
:10E0E000242C9121EB34681B4BF2A54CAADF66610E
:10E0F0002761845B6A378180D4E12FF0254420EFCB
:10E10000C4C3AA206EF6B3443FC059D3A49EABC685
:10E110009D9FDCBB99D9EC5E309FAF5F0F40EBEB6E
:10E1200044720A7C08F626606AD7F6AC5B2901299E
:10E13000C70BB01EB6083A84FA277341BC4D82E281
:10E1400009A7C10B414873D9FB9F6C4519258F9ACC
:10E15000EDD2BA9CABF06588722558D6D5C4AA1901
:10E160005B855D66E4D5EFA65BFB853AEEAF8887FD
:10E170002F3E01EEE574EE99D6BA069484A0FDA276
:10E18000C94F97256E6FB22D3C5005B66817038FA7
:10E190006FD9DC90265ED6DEA2ED6404DECEE419F3
:10E1A000E367FCC32E42B40756276302DA7D5F059E
:10E1B000810DB330FA5FDDA4D6A57D7119560B40F1
:10E1C00069C2368B85892B65F6B5DF6C332CB713A6
:10E1D000561F9C76BB7A1F0463CF97E23E5DD68EB6
:10E1E0005F4BBC11238F334A8E171CD63D692731F4
:10E1F000BB2F5D76846778968DDAA08F3FDD48EB84
:10E20000F1F3231CF3621AE8A311F0314B707892FA
:10E2100031793133C5CCA9CCB71127CD4B41109101
:10E22000C90C13477B40CD654EA59004CB37794B85
:10E23000DBE8A4B36184F11FF0525A7AF9A086306A
:10E240003E32F27F5B3C128A5B2BD380A905A9C0CA
:10E25000E9ABAA39197F7BC8AC527FA7948ACB1847
:10E26000ED47A0C7E5BC8FD35F35FB36CFC6D25B89
:10E27000603CF766D10B3DABB590D0BCD8C695FAE3
:10E280009C82B6E0D93FF5395E50516FEBFAF955F3
:10E29000B00B3D025E8CF22B3BDB12145C747506F6
:10E2A0001A996C563AA567F9BBC2B35173EF99F14D
:10E2B00048E78AE23CDBF154F9E81265C2E1DA2072
:10E2C0005310FCB77232C302BE4623A5B8F8DE6D08
:10E2D0001F95529492C80564965EF3F3DEDAF21B42
:10E2E000F095A7BBB6BC522BF88082F2D98C9B9CD0
:10E2F0002466500E3CD55C8D0168B993F4BD25FCB5
:10E3000046A24B8AD971397FB09970FA282F05043B
:10E310005709C31047952BF5074533BDD23E569A92
:10E32000A2E23413B6694A5EBEF6150796450A05A1
:10E33000EE128055DE76AED90BCAAF975AB80FC42D
:10E340003F14106F10F1AEE7ACED99C6886968F81C
:10E350001D452E247F16A104F58D7C31DA3B0F017B
:10E3600002CF4251B98A44BF4ED51C07AFEB2BCB2D
:10E370002D60FAF7306797B5E16A6D26DD7B2C0CCE
:10E380001DB150F5054E5A5EC972CE59FC2F702949
:10E390008F55FB34616333DDF5CA6D7C6F252EE448
:10E3A0008BB309C4B6D09788C46FC8C190D7B80ED4
:10E3B0001201C29DC4D3B96FE800E5B17E255FCAE2
:10E3C00004775C6E5A44CDAB253D299ECC5459DF71
:10E3D000E7633BE039108B450FE9ACBBB2901527E2
:10E3E000EF7065E882DAAA825497FAA581E7888DF2
:10E3F00060E29DE0C790DFE3AC456C8D460B60EBBF
:10E400003D1BA2505ED541A4DC2F81CEB656563FAF
:10E410002808028690F785296F53B7F0CD11F6CC06
:10E420006A0CCD379C31634611AA24D7BE3EFC65E9
:10E430002465B87C614EEE0BE16DC50337E001F356
:10E440004C3ACBDC0B42F17E729AD51E466637D031
:10E4500052C8EBC1B10EA8FC24712ED21F889D8337
:10E460008D75F4152198E8D9900E509A39EED8F5AB
:10E4700033A96035AD185A941E4E5D2F8B3EB131D5
:10E4800000B2D19E32A15BF165CC6B47839D717E5A
:10E49000E427ADE8B894BCEA7A60BFE22CF7393BD8
:10E4A000CCD37C4FC703F08FB0E394853FB7B52E34
:10E4B00073AFBA4FF4E7AE58822F4D45D4A5AB8A5F
:10E4C00026C0C09AC648B07CCA0E28197BCDFF96DC
:10E4D000C413BF63541EAAA33B0BAE38C5DC47254B
:10E4E0003998E8A1D04DA238162F340BAB6233BC5B
:10E4F00004F343CEB62DF626B5FAD61BCAB524389A
:10E50000C23A79AD5EBFA6D8510136430AB17A420C
:10E51000EEA63C0E614464C6D8D3D64A05FDBD982C
:10E5200051D91EF4D0276F3892DB56ADC38BBBC7D1
:10E53000AB28A0C65B4EAC6F7F0E93233FEB44BB72
:10E5400031269FFAF7DA0DD22847CAA5D9D504BCDF
:10E5500078D8BC3DF89389CB1E2FEB08C9EC10424C
:10E56000335A841496DC44095FB2228563A19085F6
:10E57000351EDC052651092121D565BDD3858EEDDB
:10E58000D8598FAA26CC9CD1CD9353F258E17BA4C5
:10E59000AB1E22E4B2FB3ED59CD4FA991788634E99
:10E5A00002A5C8F44C885DD793AA3DA23E6202ED55
:10E5B000C1BE811940FC53A5E6A282FE2707998CB3
:10E5C00045308FFFA56F085729220C65758D9D9FDB
:10E5D0008350CD7854BA6F3B9719500EE957563196
:10E5E0008A5F1202E1D893071C61D4036E040314FE
:10E5F000D0837EAB05AEF944B267AFCA209DFBBAAB
:10E60000A37D6F2C509C5CB191ED8F67D543399AF7
:10E61000FB1B5C22C6110FFF6E0C8C886AAF86F064
:10E62000CBF49A20BDF92A708C06B2B86FDBBF5AC2
:10E63000410C8642CD63F87570B542A2C9AE545400
:10E64000DF5E5EC323D280605E22A4629EFB7CFDFF
:10E65000932A796AA710FB83F63C16852D9379934C
:10E66000766987E3E9F23A233BD293AC5E06AD6666
:10E67000764F0C946BDFDB350AC654280BD74E60FF
:10E680008FA0113FC7DA3F0F33F684FA4EF6A76525
:10E69000EADF2B8D828ACF1E5536218757A2C2739F
:10E6A000FC25B73937E14162E420FD7AF863316730
:10E6B000A5F774CB4B3865C6822C5A40FB63883D66
:10E6C0006D8F6015F08CFC59243D56BA06B57F99C4
:10E6D00049198ED3B97FCC573810935889BA05A5FC
:10E6E000022997043882D2FC809D1415AE9D013515
:10E6F000D60A55E1334EC7FA2B470287D21C57582A
:10E700003D657E78493FCDD1B1BF8D8F509224CDEC
:10E71000C71F00541AB792D353A5C2B3AAE759B47E
:10E72000AEDDE892D9BB140DA1F1DFD2F7B939F310
:10E7300033E1024BE02943840F757002419E40ECA7
:10E740007102957BE192E98DC8F80D29F622B6D5C4
:10E75000226D6BB2D5F4E33EB8D4A982C36626E439
:10E76000924F233134C52C66A3558BF6BA259F06EC
:10E770008F450208E197705766566E640A6214AAC4
:10E7800070161CA91461F6AF96D139BCD98E9AA720
:10E79000EA4FBB72D7EFD14BC54ED71F4A7B000162
:10E7A000F5E7020029C15FBC2AAD4C53F3120EA15C
:10E7B000936267E299BC182431F6E80BA3BACEF550
:10E7C000606DCAEDCBB3BB128FACFFEA904BD8D5CE
:10E7D0006672355CA47C087B3E0FFA6DC81C769788
:10E7E00022B412C30BC1FB867D7939F399C5DBC115
:10E7F0009CD51923BDB64D82DB5ED3A4061BD83051
:10E800008365D05594C766392043E3931E26085587
:10E81000C1B3089AE8A24A07AB1EA2A885B1427408
:10E82000B1F5D6AE17F665CCB2DBF7C7B61DB61A92
:10E830007B47E70C5D322B0E8C1469ECF79947810E
:10E840005C6B08269836A8EED3E633ED43AB2DE794
:10E85000B0C19C5AC1FC031D10EBACAEEAA6B503D7
:10E86000FC28D88CA584D2EA27B229C01D22EDA2AB
:10E87000CDB9F819D5420C7BCBE12BA0E7261AE2E3
:10E8800077385A5AC8B2F13835E0A80FB1F40A8483
:10E890001FA27D17814B049E7DDAE71CB832BD7F35
:10E8A000781384DA39BC5B8B551D4677B97C3B43C2
:10E8B000FF3A29F0EB933816FD25718648840A7FCC
:10E8C000BBBDD1F1B55FF86D37C640611F1D4789EB
:10E8D000C2B039B8A9C82B502D4575375DF98847A6
:10E8E000FD5F84250E8790F0B889FEA26064976171
:10E8F000F0085E20E225135B7429D8A559AA2C3CA8
:10E90000CDA4C44FA92AEF709BA8F336317975F6D0
:10E91000AAB25B1D89F0E49ACBD5B773F0D207D3C6
:10E920008C199F80C574FB4571306E250D9C81D874
:10E93000AD6AF5290E17FFDDF41DEBA1C03E0327DC
:10E94000EC817BC08D345CEA58634A3C27AEE74BD0
:10E950006CF4DBBAD6A4E276244D134291C267115F
:10E960004FC7A7311CAD62889628B399679D598D12
:10E970006E064F112D774BE0EBF23FE1E1D5C686F5
:10E980009F6CA5B4CD5D7822C4E165C1C6428CF50B
:10E99000A04D1FDAABDB99FB62897F6CFD60498972
:10E9A0004208BCEF0A31E62D226544004654AF53BD
:10E9B000544F3D4D1D18E9661B2627E1497CFE8A10
:10E9C0005AD94499B969526D540FC569378184B8D1
:10E9D00057E4EB6A2891097A91C83D66E104CCAE10
:10E9E000AC1F2487AD4F2DB2EBBC048F2BB4922605
:10E9F00052F65F7A3A0959B9A013628994F6ACD0FD
:10EA000092E5E30CB715156FDA82A72353ED2F6C4F
:10EA1000F1DBBBE41E6A5EBC0240252F6B9603C28D
:10EA200029E79216C4AA7E993C74F81134511AB29F
:10EA3000138475D41CC5BE31FCBC8CD987AC62D4A0
:10EA400009A4803D917A6F8336178DE810408DB50B
:10EA50004FDC04C61D965B11C3FC53DF76CE9123B9
:10EA6000CE3DD4C618F2C907827E3C3C1A68A8681D
:10EA7000078D080EB7EF7DF4150B68EBB7D220AE0B
:10EA8000D12F795EEC721537BA50A9177A42D54B5F
:10EA9000C3D267348B71DE392E78B1F736F9249002
:10EAA00033B9F37896A2F176A07694493B776388E0
:10EAB00011B6F638291D26D86CD93C673CBA864475
:10EAC000F12335E5ABCCD5FE5E9BF67900A312F5BC
:10EAD000B8353B506E6F6437D28436E98218582EB1
:10EAE00098CC32FC10B4C38941DA43AC01DF9A28D8
:10EAF00004F34F2B315E5C36826DAAA84BECB8E470
:10EB0000E8E57CA7B768EF7DD73E952C75DD9708C3
:10EB10003FC2F3A8B75D83CFDEB6B668C56C5A5660
:10EB20000BE1A510AF1F83FA62D43811A1BDB8A1C3
:10EB3000A294770A786C7B22EB7056483C3F70D0E9
:10EB4000FDCA0BCB33185976A114085F1EC8913A41
:10EB5000E9A7E5A903D5A2ADF4BE2E18E26C36CA2A
:10EB600087C7448037D25387D103FF425132636253
:10EB700070432981821BC426CACF136435EC9C5193
:10EB8000CA20AD1F648ACDFFCFAFA3A7E6F2D6D1CE
:10EB9000F1DB6EED18B981FFABF0C6FED2F0514D3E
:10EBA0004C48680F0DFA072734816B0CB872FD17BB
:10EBB0005967D614C33AFC8FF618996E15F65A3B6E
:10EBC000776132EFA6D0138004E8A17CF5960703A5
:10EBD00044972785E6D2D5C6AE6FD85EE553C647C3
:10EBE00005550995E080EF9DAB5ACDD8F68E92FC85
:10EBF000D36F4C48E68474C3688C7180B8F0F96EAA
:10EC00003819FF4856BA38B41B4342AF1E1CD1C353
:10EC1000E662D57CBFCD1D9377DD8B02AED6A575A0
:10EC200027D44AF1078787A87F379F20F94B264DC5
:10EC30004C6D06B9D5ECF758586C777A6501C278F7
:10EC4000422A9BC865D100B9BAB37F2A54CBADF52F
:10EC5000292FDF465B846C990C5420CD9850CE232D
:10EC6000960C4E65AD13D181A7DF92C72F767D201C
:10EC700007938C7787566F83AAD28B32E971F30A98
:10EC80002B44D4621A4DA1D2E6A384DC1CE479940F
:10EC9000164CA4789736A6D8B35EAFD8F2757DFF30
:10ECA000A8E44D29C4C8321F354531390C73FE2004
:10ECB0001FFC44C7C0C6F49182191D3FD67EBC75A7
:10ECC000BD1437BC89F218736592E153F2D2F64C49
:10ECD0007C2C42C18263AD7671B8BC2BE895722062
:10ECE000271FFBA6C1E6147AC125543F7FD9071F11
:10ECF000F35C085D37ED48A014729DB189CEE3DB6B
:10ED0000353403432D6A1709AA88D27E6251147ED6
:10ED1000FF60C7510D272AA3B4232D5033E7B3F268
:10ED2000CF3180A1B5A2D8FC2D83B74CAD28351FBB
:10ED30003A8E1883A1A89F116F4E897E375953616F
:10ED4000345687215E6ABC6C71D33B61BA39247A30
:10ED50009303A4E370F27717789DBD048F5043C1ED
:10ED6000A4325AA17A94E125B38D5C4019983A985F
:10ED7000BF22B5C701CC16C137B39E7048B6C2A238
:10ED8000A191CBC1807C46787152F39575034E1CDE
:10ED90001D526CFCBE27757A0FB74F6DC0D741BDB1
:10EDA000F80BF06D29B3EFAB205EB65A482B1689ED
:10EDB0004E64FDAF8F6BEF70F7F3A6BA2E748EF52D
:10EDC0004FBFF23DDDB2C3895249AACD557BB5C4D0
:10EDD0006A9BED232D36BE1B758AD7D6F8BC50AE84
:10EDE000310E496E4B4402E8D72CDCD195ECD9BEEC
:10EDF00047D0AE2E365F8E0D21F590FA009B1E7D1A
:10EE000004218663631D161B96FA28A5B438EDBB52
:10EE1000E05D2FD6BB65AFF786EE108AF2CD5BA919
:10EE2000582A2A5B62615D0F969B33A68BA0BBFBC1
:10EE30009485457E323FB655E39D022F65B7561443
:10EE4000740DCC102755F4EAF6C7812EF88DEFAA81
:10EE5000525B3AA70F9EAF499C3089D2F9BDC75487
:10EE6000AD06EC82D5DA17B7457B96D3F94220245C
:10EE700044C8C759C5ACD8D1FC1C1668F12E0E3B4E
:10EE8000AC9CEAAC10040D9C20AEBED6C86EE39BD1
:10EE900092505775105BF18714DDA36908A8EBF158
:10EEA0007A116F0197FFC9084616DC4EA23FD15375
:10EEB00038C4F9C5C082083E5D41F0768FF62796CA
:10EEC00078D2A031DC7702B9F6203B9D6C06902BFE
:10EED000CBDCE81F92647DD272E04923635E15B6F5
:10EEE00034B1CD4EA0A771E63695BE53672690602B
:10EEF000646C13647A3173FBEE5DE4D2D135A49C6B
:10EF0000FC6B802A604BDD3B481C6CFFD81EE26E18
:10EF1000DF4C9287C14121DCC403886E488FEF0328
:10EF20009130A3047E25E14375A479BE7DD0B3E082
:10EF3000003E5778D1B1C1AADF5FE129A03A03149E
:10EF40000FE2AC56811DD62A20BEC70B7EACF35B08
:10EF50000A63033F9BB5A5B78D05BB4897A10FCEAC
:10EF6000D855338589F62BD119F79CBC306DF365E4
:10EF7000CEED91139EFA3F97B70356FA6796A0FA23
:10EF8000019D1C8D7C91F9A322B3CB6C9AB9A11F72
:10EF90006FBF200A058E86382C8D1F3E12F040CCA4
:10EFA000C1BCEE5936BA92F571B7892BD1BDE8EBE9
:10EFB0006B43DC82A116D6D68C8CAACB23B417E384
:10EFC000114CD7B0B7BB6E10A6E8CDBAE37C0155A3
:10EFD0002CFF2C56AC3101A4F7240236C3777ED423
:10EFE000BB9A55003219089915F8A71E34A7AC082A
:10EFF00071321D88D077EB242AF11BD5E02FFC60FD
:10F0000041803EA0085E7F58FA022B8C41CFBDEEB6
:10F01000440356F457CC35BE463C072D457EEE5191
:10F0200090E5F9516A8FBDC3DDA53662E6B59273EE
:10F030006885A159674AE392C949C6F8BC78FC942F
:10F040004069CE5BAE40BCC527F6506A91CD1FAE7D
:10F05000D4FA7C26E72623AFECD1119B44B9509A11
:10F06000A7CA6E781FBB756D5C507982B42A9DEF7C
:10F07000B95301A6BC312768E574B4C9F21A8C9063
:10F0800046F1173D7F9810560D23615E913D4EBDB0
:10F09000F28237D00D4B2E53F7A641009055BC0A93
:10F0A000D637B771923BCF0EC916CD82E013E27B03
:10F0B000697B58422B67C730C02AC8397B72BE04AF
:10F0C00061D403FCDA56A528A8048AF309F2CA37EA
:10F0D00015697DD4B28F28182D30CAEAF20DF71BBE
:10F0E000F2975B23C016E817E69D43FCA7885EF005
:10F0F00066BAAD25A80F5EB646860D7B57FB9325F5
:10F100008AFBE677E5AB5FA8C98086C99172259D29
:10F11000ACF3CCC95B4B1C6FAC28F47163E8EB71AA
:10F1200032F4100E3FC9BF75B8DF895750CEA99091
:10F130006FD8ADCD0BF6803CE6D5B706EA3D185F3B
:10F1400069D55318C987D76C9CB27B8355C31B26DE
:10F150004A3CD25CC5922C438770F1DBA124EDFDC3
:10F160005C758289CC82D1E417691ECF22BD975687
:10F1700039DE93B7869DBBB4BFF8A7F0D9BECB816B
:10F180001FA0A96CC1316F7D30186FCA9C9BFB58C2
:10F19000C267EAE00CB31F9EB32114F17DA9D83CED
:10F1A0005FF862505C2AFF95B1F5CAF60433A950A6
:10F1B0008DFC5EE338A2FAE0FC5918C508D15D8BDE
:10F1C00082578FF702B2EC416988A91126896D9F99
:10F1D000B9F10742C7CE0BBBCED680DFC777CF3C95
:10F1E000107CC8779C21EFD5374A1B32A22A92881F
:10F1F00041E0ADB0E4D2E3A78DE0BFA509C6979E7C
:10F200003BF0772FFECD948B145D8380943D18DB0B
:10F21000F7378422E008E4043D8540BF788065220A
:10F22000CDBECD60298303165755740AC6D107EAAF
:10F23000B3211471995CCC4684680D9CA99A13047F
:10F240005B2029762EC0D4B50653815EAEEE0A7BD4
:10F25000A4EEEB2EAD94643D74A1A0B0D4911AF14C
:10F260000429F39C2764EF7C24CD25126B378B3067
:10F270001039F759AB6DC71627E3B78A9A2665365A
:10F28000BB9406F0EF2C8DAA4DA42B841E613DE9A2
:10F29000E88CAA502716DEA8361DEDAC85F4756201
:10F2A0001A1FA2CAB5D095D3568D8CDAB73B21333D
:10F2B0003F2042C3AEE642FD818DA61DE63F8A7D1A
:10F2C00040E0B4A2C7F5436D4D511FEDD8C0DC96A8
:10F2D000E0EB4817F482FBF666F0E5F2BB4FC8E8B6
:10F2E000D84A6095449BD415AC0BB530AB7ABFFDC2
:10F2F000F1580222F3D095C247B1A718B6903662F2
:10F30000A6A5BF7C720223765C6573AE48ACE1189B
:10F31000C6EFDF3FA7428700B2561E5F5BCC41912C
:10F32000BE5DAA469F525F00A6F90C97604B042B66
:10F330006491173C4F8DB35BBBB7B92A08A18ED43B
:10F3400074C299C4398ACBE914E4DFD7AD940BFEBB
:10F35000C4344777E956CA467017E53BAEFC2BCE5E
:10F360002DD996E48B4FB19332F2A511D75D43CBE3
:10F3700027F4663D1FCC4DBA5C99B2399A09CF96F5
:10F38000D72E65E2D6DB2A621776A032AC3393FE25
:10F390008AF9F3EAEF65876CA1A3BD41DF740A2BFC
:10F3A0004BE1851D78475808C2411E64C3AE92AC3C
:10F3B000EDBA0655CE58280F5F94167CE09B08974F
:10F3C000922A5BA53CD531299070D1A5B660FBA7E8
:10F3D0005006C31413D52CE4EC2795288F01D7DDF4
:10F3E00029F4E912146322E848CB4D2F77D86A0933
:10F3F000F200669D2C2DB7137A0C45F4209DC73F73
:10F400008257A2B66854A830737658195FA3457026
:10F41000666AD8D5FA0D0EAD9AC8F568CE4E05AD20
:10F42000DAF3A00B67E70F8701D28923978682B9A9
:10F4300094224D6823EF1D2BF3CC9193FECC29CD64
:10F44000843366E2AE92123814769510FAB9707869
:10F45000622A29F6578641C26D0319330E13D8C8A4
:10F460008049799B0C3DFD4780A764D55452152EE9
:10F470007850D93480EFB865660BE974B143277CC6
:10F4800048E1EAF0C8F0DD56A30D0704F44D9A13E5
:10F490004E27A952E859786E445A90008D6DF1B20A
:10F4A000F45D81F54FDF39019AFEF43C0705BF8C0E
:10F4B000C987E027D6C5EDF9860B04106FC6925CAC
:10F4C00090792A5F5FED1C751FE887041BC72A89A6
:10F4D000D0AD7BD12D6B2E26C875179FBA9B2318F4
:10F4E0005DDEE153D9582A7556327B434F5295E180
:10F4F000D77553004BE471F2F6B4BCC5885A8BA1A2
:10F50000ABC944B47AA7CB5026728B616F582ED901
:10F51000DF8DB577187C30EBACDB724F6F25F5F5DE
:10F5200073FB51C9C7D9BE2A7453C7ADA4FCB78AAF
:10F53000D8D2BDEE4225E3DA64C5BEE5D115375F0A
:10F54000CB6B897EEDAFA038C40BCA19E96C3AD8F1
:10F550006867D1655178912A7FFFB95D35B5581735
:10F56000AC9CB91334FD11D13A6640492774DE7260
:10F5700076B15075FFAFD22A8D22C250479F3B72A1
:10F58000A5578A7940D89D301388F246A40D6AEEBB
:10F59000648C69C50D9C47B0E2867F3DF723316DD1
:10F5A000A328A1CE75E90FB7C247720E72F570801D
:10F5B0009DBA4E8C9F8A501204777E1577C9204DD4
:10F5C000050A335B06F270F7E66E1E22901C74DAB1
:10F5D0004820EE5F68818AA8A459A651E8C8413145
:10F5E000B12E5B9278636A1EA40401F3EED4A910D5
:10F5F000FBDE36C0B44F955A787A0B748A15FE2517
:10F60000B50A7CF048C8846C1620EBA7181497FC48
:10F610007C4A86D17643C3B48132E0E72E568326F6
:10F620004314E6C351ECA6147C27F288FCE44CD5C5
:10F63000597DBAAAB6B139E691D849E0A5DF42E1D1
:10F64000BE051653A0548AC1A173717345928CB242
:10F65000C59D4F0938C80629724F6A73AE6E05788A
:10F66000DF309929274432A8042859DE57508C2AC4
:10F670000E1503CD7999849E747ACC1AAB0886E274
:10F68000D5614F9C9C6F68F619558C7AD642D83656
:10F690006E75ED34840626F063C3F7EA68C1A3F8FB
:10F6A0006E856C009A4936013CCC3461BE044A4AEE
:10F6B000D48B2770F87D76E3CE7EBE2654330704C4
:10F6C0000C7203D9334D6648F6595CEFE096DB7C4B
:10F6D00025342E36242C93B1FC7266612437E76200
:10F6E0008AEB9E2AB974A02309A8FF069BFE3B471C
:10F6F000CB0C7B82A94E466539639D302357CEAC37
:10F7000009E9B88025C423636F80384002ED8C5B23
:10F710000F22F21B323143E68F29FCD383D8C23843
:10F720000EF697CC4E34B21178BD734DC0DA94907A
:10F7300010395AEEA8628CD76A2B67CD7FCE85F33D
:10F74000D4C56DC356A2742D3A85EB7D1FB405EE6A
:10F75000A4B708133E0553BCD2E46C3782D5BB7EF8
:10F76000982467A318811ADBE83982ABBF4787D892
:10F77000B1B2A1E87C4EB608352D4881D1796842F6
:10F78000A68E5A669AACBE7357177BB282D22B955F
:10F7900063F8A3A07E95BF1B1AC1BE750139DFC5F2
:10F7A000EBA6E46794F329848F1F56172C40F2319F
:10F7B0005670894F9FC04772D31DEF25B5FE3D801F
:10F7C00077C08969446D9096FADD4036E2EAA97403
:10F7D0005B61254506616CBC531F77F627176E6782
:10F7E0004C785E397AC8FEB688D3958C265D690060
:10F7F000E221506C7D807E725DE8A26D4CC43B10AE
:10F800007FB955602459353DA6332F84FEE2C66F7B
:10F81000BFA657AE5CC6A75F1D3D767E5DE433E7AD
:10F8200049C07D8D176EF3F50CD4C9B035BA5CD3E1
:10F83000E5315BB0B9E5181D1A2B6E06943105CD84
:10F84000144BBC1DDDC99A38C7C354AEE9507A19B0
:10F850002F9F2D18EC2332275F77F56333EB9455F8
:10F86000E8931F26F24DE9F3EA0270C1C53DD53495
:10F87000437294434D79AB276FF479043B2F80ADED
:10F880005D0801BF1E0C1A3F7525DE10930407CEDC
:10F890004D3520C3405DCB8FC44DE6BEEB98EF16CF
:10F8A0000D911A52D7BE40A3D5962AAA02335A0602
:10F8B000C9FE86E691B48AC44454A1CAACB9F34DDA
:10F8C000E1E2D5168C93B3F0C5DFCE15BF008C7482
:10F8D00022D8F5F7BEC898C8D3FECD2F9C61DB1A9D
:10F8E0000907423E187811A073A568C257F16273E8
:10F8F00066AAC6F32FA2A9141279FBBC6567075349
:10F900009660C85054C78923490501205E845AFE79
:10F91000E7B93D2899FAE014A9643F1F153E4466F3
:10F92000D79B911C7886D728A1C584AE06AE4E8D94
:10F9300003CB7A3DA366EF26B60B533792F96049A5
:10F9400077565B6276BFBF19114C563720956A9681
:10F950001B869DA8A015E458B925214732DDCCD5DA
:10F960001120507ADBC0E8D8D8F63C6BE691D3354D
:10F97000EB3FD5BF0220F8A551EB290C1CB8D11DD7
:10F98000166FCE74F8F75EE18B4436FBF182E4FD2E
:10F990004C20F3DD6A5C3A7CBE8CAD2E668EA503EE
:10F9A000FE7DAF3A665BF591BBA7369FC72BDCAEF9
:10F9B000ADCD25757816C3D7901185E909E27E6E25
:10F9C000B5D631096863AB7CE035B87EC3BEE56C63
:10F9D0008BB3B58C47D1ED5BCA96AF70C75BC3A53F
:10F9E000F39FDC787CFC024FF7483D80D1E1C0D02A
:10F9F000172671D3A0DE4BB66197FF151E8517EF52
:10FA0000621F1DD82E9C4BB8314D9A0F3272571C75
:10FA100037B199EFD94473F1DCFE59F4F30CC87196
:10FA200016BD74CE8DDA19BF18102F347836F43C19
:10FA300044CCE120B9527BDB36E61D01503C1A6311
:10FA4000BC7D7A5FD1C3D11C7E06AFADAA0B8A12F2
:10FA50002D9AD251F7A345B23C7459D26AFA0C39A7
:10FA6000D5DF87127B03E07CC62440BD3B879048EE
:10FA7000E5719D60E9E9D3ED59886F06E7EC303B0D
:10FA8000E2A82BDC805C3F4727829D503143FC621B
:10FA9000685D806B3BF296315E0F6F8E50458C3106
:10FAA0000EE65C40C5A43D480069D35BECDE9A6479
:10FAB00022963A9C910551D17CDE97B731D4394BCF
:10FAC00017D6AC18923AF53726DD03A0C7ACF81B61
:10FAD000B81A0A45223B21501EA531AF867DFD5440
:10FAE00053D68B2D57609107A742917DB50FE8340F
:10FAF0009AF319D8FAB31AD4C3BDC041A292FFEB4E
:10FB0000CC3A1076D846597FD88D0D756E761ABAD4
:10FB100056DB7D710C3CD01B5CA6CDEACE68290675
:10FB20005E8AE85C0691648A1C220BBBFFEE1B50C8
:10FB30007207173EDF20A0D624ED46777D93057D22
:10FB4000E80E70831ED6F1E59F9B2D925245E59DF0
:10FB5000DC01BC6C380DAEE5BDF445189D5051D6A6
:10FB6000C6006E7C2EA847E2AB8860B1C10A16BD04
:10FB700010BBDBE4A1CFFBF7B19275F7104AAF7F62
:10FB80004AE4A89B80DADEDC4B946F01E155243116
:10FB9000FC3ACF2B05A43A1FB6DE8F63AAAE200233
:10FBA000B7CDBD0F023DFF1959EB2841816BF6839C
:10FBB0003E6DEB0C2D512C8BBCCA003B61E658EE20
:10FBC000BAB2311857B6E872AF9C5C9A89D5BE3E7E
:10FBD00037833A5834399D968D5317C7497A585010
:10FBE000F42E9EBFE2ABDB69511A85C31E6C2E3723
:10FBF000BB800FD7217656AF542EE586E724453FCC
:10FC0000DA6BC854771FD4AB07C202336DD5E777E0
:10FC100039165CAF4CCF10D0456397F53EF2B595E1
:10FC2000ECE61AA56CB6B6B14CAE270E2238D83623
:10FC30006BF73052291049ED5CC0B17A6449550E1A
:10FC400075404B098922D2F5F69B97169465BC1F27
:10FC50001B8D6E20ABA27952321ADC175E23C0EAEC
:10FC60003EDA5B92BEA32C81F15517FA4A9F54BF2E
:10FC70002887156DCEEC153A1A747E711D091B2468
:10FC8000FE820EF1AFAF8CAD7D48DB39076C352CB1
:10FC9000C0A1C19B24AE2FF6FE8743A1868FE89EAC
:10FCA0001194A1A563D348F3873EA2456222E332B3
:10FCB0006661062E36042C0C6120D66A214473221C
:10FCC000658026CCB139D199094846A525E4C345BC
:10FCD000383965835BAA2771229DE6DE69DADFC5C4
:10FCE0000486C0E72191CC616A417B9166B74E15CD
:10FCF000E999D9BE1701D26869E5626915D3DAEFCF
:10FD00005B1CE03D0E9B1240FDA0BDA26E26A4D957
:10FD1000FBBB2B8FEAD3136D9DD56B4A2F23FE5867
:10FD2000424CF44D90B8F206E3D62E73F8628B8DF8
:10FD3000B0819923B847D5DEF559266995B7E33DDB
:10FD400067088DB1107FD237E1CB3792E75EEA8743
:10FD50005815A743BB36EB1AEED9AA72ED996494F5
:10FD60007F8A8396E68192D8FB22B45D1C0CD25325
:10FD7000DE33DBBFD33AD908596535C3D1829A083F
:10FD800065F6B392B9717BE5334B77E00D313FAF48
:10FD900047329E950B53FBDD2CB259514B5BC391FF
:10FDA000FA9CBFA5C949CC39F9E0E7A38623BA5329
:10FDB000E4B57283D75BC669EBD5848236F9024D10
:10FDC000BD73E3AD8B7F092706B885353ED9B416E0
:10FDD0006A50AD0D659671A30E45AC9306612CE19A
:10FDE0009D3F25F35504A2978CE9CE0F82E268B3BC
:10FDF0001ABC536DB4EDE54EA85D062C94D16CCCC5
:10FE0000B8301E1E95970163220496DC0DA2B1172F
:10FE100029998CEC1DD764840CC8D0821689E30A1A
:10FE2000ACC9632B0299C2797ADBBC1D37A1257D51
:10FE3000D9278A876D5B18D75A0CAAE92B61DF8E08
:10FE4000B7C00B0AB8607EA38E9845295458078B1B
:10FE5000268E004B2EBD0B1C5A468301C05D679653
:10FE60004FE201A64BC45BEA750A1855E3F3B9C427
:10FE70000D3A02DC11ED2761C2639013F499152548
:10FE800082D5580AF5D07354C43E89CE057BB30899
:10FE90007750D2CD1C48D40520D1DFE5D98608683B
:10FEA000953D4E1DE58A694E1957C32CC74CF85C29
:10FEB00007C5CC8ED2651BF3F5C1A4B34CED244825
:10FEC0007B9A3449F2035B62D507AF84B8B89A17BE
:10FED000E97424C150F5C841E2F2F4E7C8D70EAA8C
:10FEE000EB3F4ACD53A9C32B1B259C3DA95DDCBC30
:10FEF0009A557974CECD53EF14BFEC2666835BAD73
:10FF00009D9920BBEBFD227E1B23D11EEBBDC55767
:10FF1000FB14B3790F0D1058CE86F4158B3DE89D78
:10FF2000DC37E867B28AC55C5D22756F83AE47D95E
:10FF300024A1AD54D4C4289A9F010697473D2F357C
:10FF4000E072C5D2318A428DAAA5773C5B5E6550CE
:10FF500094F9BB3F42FDE3A0EB1FA2B6AA532B0AC4
:10FF600095BD818A8F6C1EBB531D0C495BA23FEE71
:10FF7000E8369AB526579EDDCF15DB7A2709B06E95
:10FF8000B00E5725F16D38123EFA7E18977EFD6F40
:10FF9000E755DBA9385A06554168A33F07B19B587E
:10FFA0007CB3279EB5E5B55C46CFCDB3B94D4EAC1D
:10FFB000414EBEA4C88CB7FFD5154FD9F81BB682E9
:10FFC00056FF0DD87D2CE3747D09809860C47C4970
:10FFD00083E2F36F1A73448F1A593B082EE6A31479
:10FFE00046090A4B1B7C886E32426A257CDE8A5B9E
:10FFF000081C4872AFA800C90788F291C4BE1A78DD
:020000040801F1
:10000000CEFEA56D090A0E328A8EE8A5285ED91AA1
:10001000BE5A8B46BAB4650ACBAB7399D82462F347
:10002000EE66AF9E4AE90FD512C1F8413A59166EF5
:10003000DB6BC061F78B3B9E844AF52CECF799652E
:10004000BCCB4270225530FD2D78AB9F020637198C
:100050004C40AC8E0FAE0C92FAC0C6FE99005BBC51
:100060005A41B0B8B5DEF4DEE216438AFC7FA60939
:1000700071201AC696544B032BEDC96A43C8382C1D
:10008000FAD46A7D724928F21E885D99285F461568
:10009000D71AD35B9DAB7B140F560664A47B077302
:1000A000FA9DE41F8BBD74D8C6C9B1A6A8E02BC2C7
:1000B00061E2835B3088B5F0C3EEA9ACC5F89C7AE9
:1000C0001FA2B33531D7E3505B6552074FBA30FCFE
:1000D00067E330EA2BF81E56A8E5BBCD337DC78E0B
:1000E000AE5F4CF070448EE955A7BA05EF5C494B02
:1000F0000C928C47E10F6522410FE79C20449EFA49
:10010000B8CA234AFD26C2C7BEEB2EF8064C660EBF
:1001100088A7353D8D32353BD20C24FF280E600A6E
:10012000A4EDE47485313B11E26E51FE03C60D4D22
:10013000FED6FE4028CAA9FB7DC05538327AF7E2C8
:10014000BEE35A08960FCA08F8FBC3E1128741A420
:100150000F705153FF42E510AD4365ED8EF6D29717
:1001600017504FD1712F362A5F66AE09D5E787D376
:10017000D3731AAEFBA33722629D7FAB052BCE8FC4
:10018000EC8F31BC84B6BFF238862672DFD5E27FB1
:10019000F5FCFC8FC2BB2CE8F81D7C248767F7A018
:1001A0001F6DC2BB50D4D02321DE8F80B2EAC1DEE6
:1001B000B6EF299984DF1545082830D4267DCC0C6C
:1001C00054C3685779E18AC193CF4CF30386B6CE06
:1001D0001EFE4C13544A2C6FC7EB41663EFC61C2B5
:1001E0002CA236FF3A4A96CA242CE5D86AF6B3CF39
:1001F000694F2ED05A296B30CE897E75D27410BDCE
:10020000CD811411EEF3F82D207558819EABE08E50
:10021000CA20EBB2740582F25D399867E68C0394CC
:10022000EED526C2317C569A4CC13317B3D8E5EFD0
:1002300040C5664BB821DA13E088C92A819CADEF2E
:100240009926C0F2E8EE5C4BBDE113A3C3A77B5136
:10025000086428B2C8C6C4A3889AF712668A895B64
:100260005C30D0B9744E6C3726442893C280AFFD01
:1002700098B9E8D0BC0EB504AC8CC5BDFF840EBBEC
:1002800082C32C8F8BE60055779B61633A29234507
:10029000BBE05F4DDCF095569900B41F268E926E40
:1002A00083D6E834D0EDD3F269D2CCFCDC2AA607A1
:1002B000EAA1845DEB37A9A6F6B2CEADC453A9F886
:1002C0005D57F96A932842257E1DD940F44EE9D640
:1002D0002EBADCBBE14C1B5430CB5E2B3AEE1CCC6F
:1002E0005E998A03FFD901A95BD047F2F906DBBB0F
:1002F000573A4D57E1BA8CBDAFBE91E101CE500ADD
:10030000087BA36D880371FD6E383B2A3F04833E52
:10031000C9C77D2B0EB8E0977C55D008B34515C0F2
:100320000047EC387588063D51E848995F5578D00C
:10033000A2D73DCD65502EC352593949DEA74D5441
:10034000F7F4FE8777FCC787235450190B2B4D67B2
:100350004CE292B225A38469968C505EF8650E95A6
:10036000D2AF5CD68D1E1468187AB605247D04F8C9
:10037000BE8DF7BB336B4EB3624EEA666603311D2A
:10038000B0A524CA10DBBD14FCEE00A1F511E75E98
:10039000D2623DCBF94CA86884C3E50905D87A82BE
:1003A000D55C508CF0EC614BEDA122B1D6AD40573D
:1003B00013C408325FF2FE816D9C125D3E1C9256A2
:1003C000972A3F6B941CC2FA9FA29B56CEBC36293B
:1003D000240C4F01E318669A5981385C4AFC883333
:1003E000001D88C4ACEEC163C72256024F9A31315A
:1003F0004B519AFB324FBF4730FC3B826A23F01DC2
:100400000C7AE81E170A7AE4A32C3A52D5DDE7F4F9
:10041000163E80DB312CC42E1DC63EA4C514DCADB7
:10042000F9B6116714910B1575E8B74BE5636FD4F6
:10043000A77D27B37BC228C364BE0014CDAA8EB6A5
:10044000598B6B516FC401121C5244183FD0D1DF3D
:100450009A0F85AE4AC9C874FE65A200BD9A31766E
:10046000E7749D3E986826E7F3B1210CA5E4DCAA69
:1004700084B644D07333DCD7B31F4AD97E18F13E1B
:10048000AA6B3CEF780D6A35366B6B0D9B8D8562E0
:10049000E28165DF98D7F25508DA83D186CDDE2870
:1004A0002A4F5410F90E1D6DFF2E22DD5106722CBD
:1004B000C9ACAD48186FBB201892ADD3EC2E4FDEFF
:1004C00054A4A94C3816A0746C4E79CAEE7E5EDC3A
:1004D00013A1320D4E761CC7CDBCA239E796A522DA
:1004E000FB84E06CEA06655C493387DF39C73DCEA3
:1004F0007FCE5EF739BE9D8A04C15B3954075435FF
:100500006AD9694C56A278440BF066FB6094247F4C
:10051000A61AAF38EDC2D7C7E0D2F3E28E0B9FFD2B
:10052000950FC2E2A6EA875D19FA3A0080BE74769A
:10053000CDD05FD17A38C3751EB45CC659A5ED83A2
:1005400009F294AFEB24A46DAAD5FE91E6F8A48835
:100550007F859D79C0ABF3C55CF45C602EF3043CF1
:100560003F30F4EDD9984B1C790B001867E5BF7B41
:100570004447EFFBB18789DDAEA4C1F5F26CF528E5
:1005800006AE404264217CF3B90F07B2412FA23579
:100590003D4588B0CDCA1675F19801749D86E98EE7
:1005A0005D8481C4F3D9E5C13E7322EC1DE8AFFA46
:1005B00050D14E77402F2875C38EE2A5885F4B231C
:1005C000B0857333883C645BB7B67B9B44FEAAE37B
:1005D00014F7893A32A41C5B7A0C84E012150F9A46
:1005E00046A66C4BC1E80FBE302920DC12B5CD58B1
:1005F000152650264C9BCA761FA2E988933A29D427
:10060000EF225439830BCC5385AA2B9783EB5CC61E
:1006100082385C20020888ED0DB426F09A7AB0EE9C
:10062000BEEF2A896AC02AEE19F512615E6C475145
:1006300002F5D019FDA67A903D304DBD01D0845A07
:1006400056DFA2B24F577FA0AFCDDDFDE3BE0BFA60
:10065000BA624BC09EA61E1D68E31779A2B40D7046
:100660002394D570124FF47F46E4A7A40CECA42584
:10067000771C21BB168307CAD8CA6E0C2973EBAF4F
:100680002E1F8CE127C3A744428F4A33148330BD09
:100690001520C42FE9FEE240C749233AC2AF2E908D
:1006A00036257401AF115FCE48637C70543E5A0109
:1006B00024BAD922353456F900934BC27C5988A903
:1006C000342047DACCB0A04C23BD7F1D5A3A69894B
:1006D000F0173100BF90A908DAC5B2642A8F030869
:1006E0000DC1ED0A4E3F7B86C98C3A57B76375063C
:1006F0002C93EC68989971D2A29886F9886B310294
:1007000060DD1C76AAC2AEEEAE5A92C4F8DEAB7CB7
:100710005BFBDBA6ED1ECE7CA35A10125A00A87B11
:100720009E8C380DD70055C3B4BC4FBBD4AB1FDD76
:10073000DC51B0D06F8202EA78E4AE4BCFAEC83461
:10074000A67D224D308793F1DB12413789B7C38DE7
:10075000B7631B1352CF8E4C8A888E667459EF6133
:100760008C51302C020EAB14F1702D6DFAA3559AFA
:10077000DFF2E6B71149175FD99D73AF2FFCEE5139
:1007800017B6E6F0629DEE3444E65CABE42EA96851
:10079000AEFD65634939AA7FFC6EA1530728C38E5D
:1007A000E0D7C2C81D813671066C58F8F7556178DC
:1007B0009A096CEBAA2FAD7C4BAF272F9BED6025E0
:1007C000C158503E0797BCC53469F03531CF764AE1
:1007D0009C09830D49679E07EDF5ABFB0DC1199D83
:1007E0009AA13634159B0CEB901CB654434CBC8E2E
:1007F000DA52061629C7A6DA327194AA30A87E39D1
:100800001F75ACE347E8A0E7AB69B7756F690E1BCE
:100810004EA46459DB316DBD90B310E7767877391B
:10082000D1AC6B0DEBE87885C7181168EA9BDC3317
:10083000A139E2E7B951593E5896647618B10FC113
:100840009FC072AE3B9F3D893A8DAE28EA3422B8F4
:10085000F5EA8E80BCDCEA43BA345CBB29F7104F62
:100860000A8B7A5FCB81F2D1363DD5CBB4B0851BF4
:10087000D4817DC2CF6AAD58DBEDCA9968FE9F3E38
:10088000F54D850CF8A5D480FB2BBFFAB8B2777F65
:100890006B317C7948EC38D483C8C65B3E9332FA1E
:1008A000298B407D7C6FBCA8C51EDD62F01690E5EB
:1008B000731B8E58373935EB6C9A5B06B53172E194
:1008C000262588669913C3E1EB19AA576B158F3358
:1008D000284A41FCD7005E2D9E0ABFE5D8D9F4F422
:1008E00053981F3D087D63500255BA27B88E0CE01F
:1008F000DAF53100250BA322FA60B657B516B6EA31
:10090000A8C7896E3EF8444920165EECBD31BCFB99
:1009100028E72A6965616ACEB86A53FB29E11A9A09
:1009200083165DD6B6D838D38194A5D9DE1567BCB9
:100930007297B0254FDCF1355023DA9618B65191F5
:100940006856806ABA66F39C88777D8FA9B6FB5398
:100950006D12CABC250E3BD65A7AFBD4E061045412
:1009600017EC6919E9B1A6AD73F55763A43EB85108
:10097000D5442A3A7EF046AE898DFF02A38200A7B5
:10098000E13546172BEF6E974957C4E2A968DC168C
:100990000B46825E5C815C8D75E872D2F4F69796A8
:1009A000053E198258CE1A9CA265370C18E08D249A
:1009B00045190C9CE4A4384E3DCF69939D79754D43
:1009C0004C8789E1321678594E992FEF225ECFBFBE
:1009D00089C447FC84B6381FEFC6354E023DB36468
:1009E0006C5C3191A7BCC136C84D69C5719331CEDD
:1009F000B4F0112912ED5B3C76D2D417FC3F3A4E8D
:100A0000E4CF1EB689978E8790A0E05A48AD0AFFC2
:100A1000C508BF8030A5A583140173C42D77675521
:100A2000B2408B013BC051DB798B7C6951D5B86AF0
:100A3000B2C2F69BEF66CD8B8652A5F0A5829AE2F4
:100A4000ED57B79CE078F589658909B8DDF88983A9
:100A500064CC2DB796C039908D454EE10DF1B5B1FE
:100A60002FD32FB3BC2322ECEFC96E17CF482AF443
:100A7000BAEE5ECAACF4FA44CBDE7173BF7438E5EB
:100A80007B6ED135710A0591C6B57EF6062E6C7562
:100A900013E4BAC081FD97EC374FBBD1227AD2BCA8
:100AA000722FD53C68044FF700C45B62AAE6EAD80F
:100AB0004F1F084C8510BEBF03F421284BBBF6C264
:100AC0001D54C131DA5279433DE52D696FF3D61FCC
:100AD00004FF3E50880E3C17F33B5E8E14E13FD777
:100AE000B9593984A5AC2F05F9E0CA68CD409EBE3E
:100AF000904256D2B56139FCE0F497F4969380FEAB
:100B0000EEA1C3F9BEC246B9962BC2618A8B95C4C9
:100B100017D595558B98ABCC3A2F600BB0CECCFB4C
:100B20001266211C714CC2A1AE7E2EAF9E91F324A1
:100B3000887870A8EE2C0B5A9742893C7656D8429A
:100B40006C95C22C41A5E7E464E5A89EAA5CC7F9B0
:100B5000928BF8494AAA0CE0DD457960A1726F9842
:100B6000ED18E5DEE337137F5720C4B88FDEC9FBED
:100B7000817231660BB9414D5B4493582A4C2FCF9B
:100B8000936C9281D8334BA2F19833E402241AE299
:100B90000EF3334EADEA766D2BA4A430498FC46AB0
:100BA00025751046CFD3DA4283A97BFBADF003FA5B
:100BB0000B8C5F459503E8E6633E09E463267E28D7
:100BC000ADC60EEA70A75F99198ACF76CFD909DA38
:100BD0004A3154C5D809556077A0F1E34EC31627B2
:100BE0007BDD11D4E313D56BE4DE7DC5BA168ED060
:100BF000297BCAC2B05D811C945EC52FA659ACACDE
:100C0000C0E2A2325DED2FCBDB601369FF315C7275
:100C100074929005C00AD966711BA6319F9F75C05A
:100C2000DFF6A73D5B89A1D1AD923B4F9D7CF8DDFE
:100C3000FF8381330D9A9D72A71284E9A4E820777F
:100C40009ADA6E291C495572EDF1E65985A0682A99
:100C50004A8A0318C1391076ED0C96E7DF712843F4
:100C6000AA73209A572C7C1C49DFB54019D11CBCB3
:100C70004E87D14581D8E05A2FB34F47B6D3BDDB5D
:100C80004BCB2804EF9DB94B4445A1428700DCF9CA
:100C9000F0D66F3A23F5B799056145893158BBA95C
:100CA00069AF941C1E0BDABB4866C9B9E84E4FE128
:100CB000D2856497855BB8C7090993F3183B93E71E
:100CC000054B2DBCD8BDEDC5A1232E41C6D83A8415
:100CD0006A25DDE0FBDBCEF930E27B63799BB9F37B
:100CE0004103C893484E5AA1C6116824D5D2C426E0
:100CF00077994D0AABB870BBB8C51997D3E08E8E03
:100D000079F3AFCAE37743AE2B4FED2467CC54A001
:100D100004AAD1910B69B4C5C62B38E560BC11ECAF
:100D20006EE711339D8E69B2C797D2D6748F03FDDB
:100D3000059C90921DA9D0B1E1261258ACB0433A5F
:100D4000F92A1DA254389CE39A609D27E9189BFB61
:100D5000AAD34D7F24635E5C5621E9474072BE757D
:100D6000DBC46F5666B660ECB0CD5C50DAA35AE6D1
:100D7000514A71B95E1B51DCD631709F46CCB5CD5E
:100D8000C3491051CCC4FC329EA7497D309D6B31C4
:100D90006CC2B8B76B92222E4F3131DA01CED26ECF
:100DA000CFE7BFC0D1CE2FC9C1F01FD99CD0D19100
:100DB00079537DA86D75725034753BAD6F86F067C1
:100DC000D1DF90C24486631620AE230B6862B94817
:100DD000B898298A001C75D247BF8ACC8F4A43A88D
:100DE000C827623AC3D9805F710485EC81514BE911
:100DF000A9FAD09766A718E2FC2F7C91CB365FC882
:100E00001F1195ED7EE0E74982B569072834B27D70
:100E1000EDD0D146C6E13BACAB6725CE4FE18AD8D9
:100E2000165DED424171902FDA00C1E00C0C36786E
:100E300039F205947832F211A563D318AB0C5FAB8D
:100E400050CA8A5C9C7A865C4B6EB7867B97025D43
:100E50007370DE89757CAF27A6F6E86D5AB7690F07
:100E6000E843C168CBE1F0AF956C2331C31693D052
:100E7000042DE87B08A90B3B55668DE00D4A2D013A
:100E8000B4D40714DA31DC875C6F177DD4D9E7223C
:100E900032374F6239DFADD684DDAF4569FB2E15A1
:100EA0008773E67F4C8D86261719E713BFD9E37148
:100EB0008FC27BF0B8E0FF4467752FC2C2A2F9224F
:100EC000C27280BABBA63D30C705E162FB640590E3
:100ED000C01EB9E6B439C945D7769087941652E05A
:100EE0009B8A0A732E6CF0F7D9B7F74AEFEF508F51
:100EF000DAC27A946987989065994559BE346D8BAA
:100F00003F547DE8CB68D68AC4C72009472BB17609
:100F1000DBE5A68379F36E7963D09227A4E2ADCFA7
:100F200083057E4A226A48999EF596C2943A0BCE72
:100F3000FF152FA60B42EC2AECA35E8015EB3F6158
:100F400094398FCE0E73EAE62E0DF1AB697852A379
:100F50002869A4A73C8022C448272A317AB4B82043
:100F6000660153750957ACD6CA12D7A12CAF3C6B9A
:100F70001EA56B6EC543634044055BE50854BF4244
:100F800092C15BC3E693DF4ED3D488D4907635C24A
:100F900054E129019AD00694DE3A5F008C03FF32B7
:100FA000DD3059979843554A67FC8A4010F71A3E3E
:100FB000DB7D140686B0CF96488C45B6078B503B38
:100FC000B4E72E40A1B07F64A0F25F676547AFFD34
:100FD00034E7739AB21CF7DE382AC9B0EE2571A641
:100FE000EFB1AADBF73DC456403925A4997C2E37D2
:100FF000D525F379554CA9F0439CC0DC565C83930E
:101000004B3912EB66D4AA1BDEB4948DC05FA78A5D
:1010100094C12DF89913F98A0F41B6625B890CF1DE
:1010200049CBB44CAB2741B7A10E58238CD8320C16
:10103000AC0BC387D2656F12D6FD20EDD7D8ADDEDD
:1010400071013C9A2CEAF9223150218FA8D096BC2C
:10105000D6199DE6A4176E5AA7195B6989C9201095
:10106000D483476C16BAF2363258B72CA43533D233
:1010700032CE603959E8A2D315BB1985AEC7CE412F
:10108000244C84544A46A14F4591F648F17B7D0794
:10109000CAE5F4F44645722FB9FCF9BB41E61ED00F
:1010A0009B3489EC71BE59316942C73E4DF778F3E4
:1010B0001E038D27F3E581F18E5CA30DA3BF52566D
:1010C0003A4AB2C6F38E96E10683E6D8AD37CE3102
:1010D000BB089944E3EF078EC524647CB05CFA1A20
:1010E00047A59B602A75B9A4D1CAE67EB2C6098F0E
:1010F00028E8BDBBC9A25082013A9136C89CFDBE0A
:10110000C094D445A483651686E53C4868A1C11304
:10111000466AB470D1D9C34EF5257195F44DB256D7
:10112000059133D657D036D843B8EE2AC9B4985E65
:10113000B56F3620A5E5872B19A9A37936957831A7
:1011400091C23A861A0D83C4AD0DD05BCE2E54C029
:10115000B460400BA09F621FC8D4655AE3C2BA3A7C
:10116000401E05E8E1F1B45EA7F5E15F39655C0B6F
:10117000C519ADF2C5D50DDD263080957C48413EC0
:101180003BA6DEA7E721D0F2DF94C8B0E0390C53CC
:1011900008E9439AF098CB1ADF19BFF7B6FE80BC76
:1011A000AB02D35258502AAB6BA413DD23DADDCD4A
:1011B0004B80030CE44D56987A2F4F293880D40584
:1011C000758D9028E915F134BF7F910C89A52FB951
:1011D000BC6D9C047B531AE5221C82B098B14B5B1A
:1011E0009686F178CBD34379335886F44575B8FCAD
:1011F0005B74098D13B4A2D1F277F77F10FCE93B41
:10120000A281B37DE2A12F47F69AFE7DA48B507494
:10121000665D1FE40FF9AA4F677FC7C7A5093B9911
:10122000BD4A52753C4693F25D15915B3DE708AAB5
:10123000EA16C4B3EA2D82EA206A8C807A4B4614FF
:10124000E819D4FAE4885A63C86602C599C74D7D87
:1012500079441A90A2CF8F2A3A4534C4BA75E9521C
:10126000FAE2FF46124F7CB3CFBA7B66DB175A5FB8
:101270007EC001166AFEF8605619C9AE7E9536E04A
:10128000CBB6DBD0DB8F6CA0D4ACCD5DFAB0D91877
:101290009B272DD4BE1BBA610795580E93715670CB
:1012A0002837F0DA2ABCBD34B0906972F4B0AA775E
:1012B0005A959FCF733569B828CF640CE8254382CF
:1012C00012E5B1214E5E157D1493A2374FB7098701
:1012D000B0328C043EA3580B0FF6015620E0765036
:1012E000A82200D92EA359C36832C205C911019999
:1012F00090D6A94255C4728C21971C90D38FA7CC4D
:10130000BC974BA41B115B9F546012BB54DC524A28
:101310002BD4182FDE78ADAD1855C051FEFCAF317F
:101320006546D5382AB9C387685112E3B26072A501
:10133000E21FD87857E4850193AC516706F33FFF6D
:101340003F570732ABB2B29F50D5F495F6C69B8B90
:10135000FB48BEFC0FDC4B6E699FF850AB9FA6C7E5
:101360006912E0E8CE597590CDF066113930B9D3E5
:101370007A6210015EFCA335D08ABBAABE7ADE90E9
:10138000A19BAA8BDE6BC605392874D93F7C45CF5B
:10139000C25EAE5A5DF12A2AF8AE3880D9A6A635CB
:1013A00077673FA3D8F351E365C8C45977C571A4E3
:1013B0001C9BD33B8A01F8F83AC1EAAD9F9C8E7E14
:1013C0009DDC59E261C5B591D4F35ACB49A608CE4C
:1013D00000C46D131CAD6730BF258E55029ADDCF5A
:1013E000C1D8096EAC6DB51FE3374059D3BC46DA9E
:1013F0002BF4F026142F2223D5568A1725E8156CD6
:10140000EE34BAB3A685709BE36AB0564D03A8B913
:10141000335C1925E384F09E7F5761FCE9A426C85C
:1014200011B5AB4FEFA8D39CF9A8F446C7CE8B6893
:10143000FF1E075E241EDFF0BE62070399A9BC5E93
:101440007F0153333DEBA351AF163BA6AFA2130A66
:10145000106C9C4A7F0CA4A81603302A372F34DA6C
:101460006EDD472C307E2B95CCA8445C66DF208B4C
:10147000A95A79AA470A4CA722284C565EA74203CC
:101480001ABA499E2FBBFA9292C956BFCED68B3E4E
:1014900097C0FC7FB9B8144261DB763FDE6DDA0895
:1014A0004F44EC02830760A648EA8BB79B0AA4125C
:1014B000683F977682350653FB03588C3F623B6A40
:1014C000CDF4A5893E92BDA4F81CCECCB9DFB747B8
:1014D000D8AE38206A09FBAD1FA6F95AD343C85FBE
:1014E000E2B71090E762429EFDE6036953A3B9B1EB
:1014F000EB6516708AE186C8A0031C61FCEA31E244
:1015000094AD30A6C0A81C08E04919302A0556033E
:101510001BD1C360B74DE13C8277B58E6CF1C3F946
:10152000CE848800FE86D3D13076441B288C4C6351
:10153000E29DA303D1F9470F4E5EB35C9B91E93E58
:10154000FE27FA9EF32B04E8AA75A4FAD878712630
:1015500021A0ABFC111C7AF189744B57F89A221F19
:1015600018BB86BDC527BBC8EC03ADB20352C39CF4
:10157000246573B27871B68814A2F3F111263B9AF0
:1015800084C683B66E9319E69A42D8233E685E6E8F
:101590006D509737109130466523E474C132E613DD
:1015A000E73A56155B1E07F1A2950B266A391EEC29
:1015B000C51A7A8D3E8E007638CFE095095FC8A2B5
:1015C000E3B8484F727A58A037803167C98D3E6BB7
:1015D00015223B4311BE80683644D948D8E24ECB31
:1015E00004DA1ADE0A94ECD6AECCCD9EC2FA5E05C1
:1015F000215A786247B68605DF6B332AE16963CCEE
:1016000089CD9B9F7E78945315AE63E87542ADF407
:10161000B426B4BBE8CB0EDB3CEDB68FB58E6230A2
:10162000704E54737CA73525507917D37956F78CB3
:1016300033A8B7F2711C4E924F2BE5761006FEA729
:101640000323E60DF742A4C251C1756A8C57795441
:101650004CC621F4111AF5D04CAE80863261794C1B
:10166000106E6735DFF2B878651E8E0C47DB5F5C65
:101670009054E751F4AD22488C3455ABAD6AFF86E7
:101680006360BA46843FACB78CD01F26A319245799
:101690009BA8850C26FEE67107E9FB164F159B8C6F
:1016A000B742FB03409316C633122737D502E3B285
:1016B00044F417CDCC787C26AEA1D20066C705A92C
:1016C0004A1FF8F396A70CABC6C3F0E0E946AAF1AF
:1016D000A27797FE98B5060DA5508FA2DB7583D82B
:1016E00095C133704E34D02C5C750613BB207BC77C
:1016F00025D58B0F4A231B2C54AFF99F1EDCCAF053
:1017000051C0E3FE1CBF0692539B7EF9A574C041F5
:1017100071783F23F7C5B0A0A99CCC8B69B1184262
:101720008C3F8B7AC47B6C67D5DAA31515FFA7D2E3
:1017300019633296D4B47C910F221E6AC1BEA3D71E
:10174000F0CC55AAB1EE58E089758C5D91BE29495F
:101750004654C7D650B22CC674F619C00E4D8F7BB6
:10176000DC94409F3BF1B01B1586B274EFD57C7CB6
:10177000B08311CB1570E3B530DDA45B3D1A2A634D
:1017800001FBC7B516A39799F657C29449FCCE231F
:10179000C42C4E2CDE5FE25159B64D0D27F608FDE4
:1017A000C343199D28DADAA0FA694860CD0BC7D582
:1017B000B87C906C4A266383845990191A5AEB3886
:1017C0004780135F458FFD942221DE6E41072C4731
:1017D000D44669F61E48E03427FF598A971444908E
:1017E0004437B220EA33B6984EEB0B5FD89A732792
:1017F000A3A8F3935BEE2C600717415D4CF66D993F
:101800005D31494A3BEF1915DB6A9B11DD277340B7
:10181000D40C5C230FB874B8519CA4C6622B1F452E
:10182000DC0246E73A2EBACC5F885BF704E38BBD57
:10183000F7700FBFAF724571690B4826F10D307814
:10184000CDC820877EB84983D276467BD431A53D6A
:10185000DE71DD48D7F3B4FB847081D76972AB3C8D
:1018600079A223DE85CD723ED3E501E78221F4948F
:10187000FEAACF98DA6D9F3A332C9D4286E28C1BEC
:10188000D1BB5739B89910226C6E31CBCED89CE3BE
:101890001D11A478D0D402F73E2F2D0CCBF41436B2
:1018A000348EBF7A4A2A7A2D66503FCCFF3AB3472E
:1018B00078F286731A2E93C3D7065B89FCB86E2C18
:1018C000D4D14D420AD9B3465F6EC7866E9A11B61F
:1018D0004693DCC898CFE171DCEF0ADB0E4B2DADEF
:1018E000844E3F83C2C9B88DB8260630BA1C18860C
:1018F00077B485EDA6E35D36D21C247C6EBC8D7872
:10190000AF6FF5C0F900D7F5FD6B00A41C5E51D791
:101910009CA21A588105DC61DBA0A3104FB8DEED54
:10192000B040A1C477F9FB9A72355DC25BD5B29520
:10193000C3E9F84E7C118383673F2D6433B593C0B0
:10194000A77E14EE758B445E05717397031122A96F
:10195000E98B3789482152C095FEC977461032C4B9
:1019600097FBD21963AA24F8620979FC1BBF2B49A3
:10197000ECDC0D8775C63DD8387B6E4F75DB2FF5D7
:101980005B76F813826994AD20EDE69ED58BD22468
:101990006DA8AB11418C2CE2F98F3D902C3C2C8D25
:1019A0006747268E34CBFCB273AB95592B8AAB00BC
:1019B0003AB1CA776D5A31FA15A510273013DFA94D
:1019C000E411843BDB6D0E6AC974054B5413DA4C89
:1019D0006FE6509E782AFE65E0A60A726CF9111136
:1019E00067B6471FFE9838EA80C11514E51BE88DDD
:1019F000FCAFA08DB3220627E4C44F773296A981AD
:101A000014B722EBAAE20D969704CD255C2DAE8F7C
:101A1000C424AFDB20E302F163C39BAD896D944026
:101A2000AEF89B7208AC58BC5757A5D1314C4B52FD
:101A3000A7356029CEA820E730078FCCB55BFDC362
:101A4000793190384DADE04EF7FA36EA5220CAA906
:101A500064B8AF5AC18F9ACB49248E0DAE05189C3D
:101A6000B2C037078F38083DE67C4518A4B0EBF5C7
:101A7000007EB1A8D3E2433D9A5908D331B1194A47
:101A8000B5ADA143253EAF98001AA80F21BD75E45E
:101A9000D754A7CD05EDE984CBEF9FBA9A8FCDD768
:101AA00075C0D514E70BA11241F3DC09FEF92E58DD
:101AB000BC3DA9ABDC28D280C89CF59AA35AD7EECE
:101AC0004E9D2813D9B57D344F8CE1D5E79B1F0679
:101AD0005E216E463975F5CB869B98B2DA00F952D5
:101AE000F42BB3A280D0C3DAD85AF8CDBD6C905095
:101AF0002DD51327E18CEB36F7503D3FFB115EC52A
:101B000004A11765BA046E09BFFF06A1A7C2668BC0
:101B1000D1F1DB1A5EB600E58B38E03B7B44F5077C
:101B20003E45C8D2335E66F3CA7209D05EA5CA309C
:101B30003C4F35A42BB90CC538A709CD0DCBA93A1C
:101B4000A543015FAB89947FA7CAD047245BE53DDD
:101B50004C461F7F20DA01A2BDD8C04EB0B558EF69
:101B600072020C042978D0B0B91BB27703BE4C9234
:101B70002BA744906DC9ECCD928337DA10BAA30538
:101B80004FA510ACFF3762DCB4EB2E5465256CC258
:101B9000B123071905A48C2C6E590E79813D193596
:101BA00053F7AA7101E39DFFCD73D71A2E6FA65F7D
:101BB000BF60215877057122F9224B9A3829D8A99C
:101BC0001F7B2A0AA75F0BEE41CA7BBBC0D015441E
:101BD000D3CDD120A38ED22962DCC10FE565364A70
:101BE000E8C6857E12803931D5658A295693E08111
:101BF0004FFEBD9203B6D95EF6D3CDDD58EFD24489
:101C000032EA78E6821B14D21B67B829A9D05BBBE5
:101C100073539501B161F9661BD62912A6E178EEDE
:101C20009B1C758A3087F403ABB212D6004005C105
:101C30002BE29F70FB79CF6529D2B0452E20FD9510
:101C40009644C834729ACDEB6F70927C02A0B3DFD9
:101C500017C6613F530301D9DA66FF5C8E971A2ECF
:101C600031DBAF7CCA8D7AC392E2447EDDA7A61138
:101C7000D5349803E7F515B0DA065080B3D340E0C9
:101C80009C39E7DAD0A6C220C689532B627025D2D0
:101C9000DF34027DC8CFB80593061BEEC7F165ABF4
:101CA000379FD04B55B65419EC5D570D88F30E068F
:101CB00000AA5ED634177A2E002ECF1DBD6EE9998C
:101CC000AB38165FE0B2349AED21A11ACFE3079149
:101CD000A269FDF95A4D20E36DA8B35EF7FEED98B9
:101CE000957F8A5364165306C9C6003A10F69FD0F2
:101CF000FFA0ABFB6AFDC45B8F635AE82DC9C9F630
:101D000096FFEFA16E0A18BDA740DC776A83E4FF57
:101D10001B51315282DECFFC34F2BD885EEDACD077
:101D200074FE448A84EDBE07B4A7300244E399B040
:101D3000F9BD4B51C5743E7579CC78C1852E243AD6
:101D40004CF70A2321298904071EC707263EA81934
:101D50005806092919CD231FCC18EA9F8FA22616F1
:101D60007B97A011F948DB45343369254B54CA757C
:101D7000267488FC393B947CED5CCEAEE0BBBA3F68
:101D80008662D585B0D264A6187FC6C50BFB2152EA
:101D900072E3A7F15506BB32DDCA20E7028C430B84
:101DA000C5CB3C44CE9A4A99B4FFE50156B286BAF7
:101DB00025B74CE8684C137D66DCFC4EBAE6AA4DAC
:101DC0000B0DC429931DC99043D8D94978D1A18856
:101DD00005148E04243C8015C0052067108DA3BE19
:101DE0000EEDAB1E82D406F280EBB82C7DBBED7DF0
:101DF00056B3312A773F7907C7DEB5ED86C898B765
:101E0000A09DA9280553B8A9288E67D62613B02C03
:101E100027342F87280CAB0A3EC24FAA66AF18EAB8
:101E2000087EBBB1CB07626898521F3A27DA5FA4DD
:101E3000C905F52665AF004B2DED573E989729242F
:101E4000A16BF0C33947E38425D54DC8CA09211BCE
:101E500003EF58BBCF16F78F98CAE11B076D0B0530
:101E6000B1B6F1D84B6145C88ED36F6301A97D53DC
:101E700000D4A411D6459C9AFDAE30DA84B4892EE4
:101E8000798FA8A1890BDA2C15E687D59FAC30692C
:101E9000CBCCB2F40C3BB9487A2EA7EDBBFAC744C1
:101EA000BF901C74C5DA3B7CCC487D69FD7C3E212B
:101EB000924986B5201B108111B864FC5BFD149318
:101EC00054E8EAEF9ECCFFA9423CAE680F50CA2509
:101ED00085350DEB9A11BCFF71CE20A9CFA582D319
:101EE00030F0CDE5B0CB8C13D01437FBB43170F5A6
:101EF00025E2399CB392F17A95E087662216747FC9
:101F000079AAD1003968ECE6E6311E997C1C0CF008
:101F100024F93A2DB9C463CB200C4EFF192480302C
:101F2000C1D9624530527531B4302A8D4FC433E483
:101F300086F8E3FDC417C61734948B4BDA25D526F3
:101F4000E35CD55EB87D417712AE6253666B458D1A
:101F5000031019EE89A24E78BA7C19644363B898CD
:101F60003F02606D96E26AC26F770893520B69E098
:101F700018E095DA6F274C47F827A27645578C6F03
:101F80001789582AFEE6F566D1190C128DF258D43D
:101F90004B2CF69A068906FD8D7012ED098E799DFF
:101FA0008C227EBC51BF6999D2A0AEF71AE17A812A
:101FB000B511315C536CC8F64D18494BBC62DBC19E
:101FC000A4E9F1A34A72F3BF0DB6700FA01152A29B
:101FD0009798CAF996D97978A9916A24783E4324CA
:101FE000F9392D61C5F44A42DA851CDACE53FDCAAF
:101FF000A993A374BFBAD1D33B414EFD8B0C7CBED9
:10200000702CF98966FD1AEA97DC99FD3323B9EF44
:10201000E5C895F33A2F81D2398E4AD03FD8477719
:102020008AA9579496A72284993D3A8146B98BDFB5
:1020300082D596BB73281FE4FA08A2FBF6FFD717D8
:102040007A1D15863C3E81F9677D1C3177232B660E
:10205000DF88B7F4327B4574F40E7CC43A95DB011B
:10206000BCE4D1FCD186ABB3CD00EA527E853EC440
:10207000B0C10A72EBFD7C295864C245C5D0A6CA1E
:10208000323E14BB41D282B7514C8533A3331B9DE2
:102090007A5A1C956610620DC1FE35FE8EEFE488FB
:1020A000E564BBE9978779B222516265D9E0F00710
:1020B0006D85B2F429A3CBCB92F315232460D8917C
:1020C00064D8CE6582A9567E6A4018DBE83648AAF5
:1020D000D99E826D238C14445758143221036642D2
:1020E0005FCA4FEFD282B6DF52573B4D2A036D973E
:1020F0003F896F91878415E89E94FB11D7BAE93721
:1021000089EEEE67E0BE82DC057908282AA989837A
:10211000BA1F251C9FCDA4DEADF13E82B8E8326522
:10212000A78A6D8A80139819D49B5B0D180854A751
:10213000BD2EF595B5B10BDD623A6C4DB28F9D5059
:1021400036654A29E824E8B201D66FDA01251395ED
:102150003C47C855682AED82AFB161F580CCE7AF46
:102160003CCBE6871F9DB9FB3604C2C3FD8764D311
:102170006B4392274103755DF5D0C6D2091149B969
:10218000D8AFF82B486E9D300147B360BA2D433766
:102190008EB38BACF963C6096BE819F4FC054112E8
:1021A000FA08B0356DD31208FBA8BDAFC076406FFA
:1021B0002CD87D0563A7FECC68F5C8C2ECDD5009BC
:1021C0003622667DF33FCCEBC2E1F5A1A1C1081C2C
:1021D000C11CFD7D5FB161767F83220CDA8FD51142
:1021E0002DF9C15F2E8F51A8B5CDAF874D2CA8BA60
:1021F000F0664A44D1F999BEBCAB5948C365072D76
:10220000E757AC0F23BA0C20C18ED25A231D25A14B
:10221000452CCB27E9E7D3DD8C45897D2B6AC77731
:102220003C05E58691DC938D71746683461A95D0E2
:10223000661DBC8CF795E5FC127FC3B0312604D82F
:10224000B883975E41BF2DA1D95F27024E75B32F8A
:1022500011D6E1BABE46960FFA7420A76E4A757D74
:1022600013FE6756D3AD68476F5942390DC54A9082
:102270009827DC58316D50E8BE16BF487499CB6280
:10228000750B22C602F3E49E4927D220E7A66F4FC2
:10229000E3F7840B0B6950C528E5E4E51F4856DCDD
:1022A000F750296C4D579BA4201B448DAA0D2E0B73
:1022B000698E92399A341123272656D36A27A81A91
:1022C0000D20D6C351F13FF553D13EFAED4ED72E36
:1022D000543C4FD97A5022BFB24CCDCDF2CF5FCF14
:1022E0006768466ECFA9BEF2586B6E6DBCD7ED47DE
:1022F000BC58913C58E360B1653FA6FAD8E803C3E7
:102300003EDBA2D5FBCAF867746D0D0C00BB263FFF
:10231000EB6AB77E888EC50DC55528889BA5A6CAD1
:10232000DFCB0F848E58E7911E33B75DA21F1AAF23
:102330003B6132ABA70452E8DE43DFE2AAE7D8777D
:1023400053C4B0C45888BFA43E86DB74D56E2E0635
:10235000F05C690FD08E74C04170235348724AE319
:10236000D48CF6FF9AC0DDD3EA11DABBC4E1EC5598
:10237000407AE63906EB75FE1878AF57E6B892F06A
:102380007484752BE61D821A610D62FCEF62B64201
:1023900019CEFBE4492B73103005D3AD3B029D0DE4
:1023A0006AC15FB8EF531F14D4C16BF4E858119C95
:1023B0000A2D09849ECB32992A77C5E1F8EDCA83AC
:1023C0008BF2F6FC840359D82D40BC83DD490ECD39
:1023D0007EEDA4E476676492927A566A0A0A5F6395
:1023E0000F5CD3D0B1471A7C156E7A88DFEA5F5351
:1023F0007E524BDD56B37C061832893ADD0F3B30F6
:10240000EF7921185344C30CDA5660E6C0FCEB5850
:10241000FB6DBD171A8309DBB58BCA6F363F44606D
:102420001C129D5A7D3CE64E8FC06BFE2ACFC167C1
:10243000B30A3EE77638CE2D5D467712FF0E673E33
:102440000C03E0B511D6ADFB988809A708FB5152E3
:10245000B883EAF457301F604467EC71E04BC6D98B
:10246000BCB633AEE358090906E8202E4B8A836DCB
:10247000E794EDA6358CA9557F0C0B4724541F6AB1
:102480003EB6F2009957D483A4A4A53776BDC2A561
:10249000B38F78AD472556A9F1F0233DEF0A90F5AB
:1024A0000DF6ABDA4A3595AE7C5165B3E38C83F11A
:1024B0000E0AB552331B196441B91B4EA608794365
:1024C0009A413EAEC114B5A013C20CF992A645EADA
:1024D00090BBC44DC8FC0807AADA958A6385C51568
:1024E0008684CAB4FFC90F7DDE0D9764A8B8B470A6
:1024F000BE14FC1F79DF341031D97E5BEA21C4ECB5
:10250000FD1DB7AF3CCD4E19866460213FC52E81BD
:10251000E24AC67305619D075A3F02C6348F9E9DED
:10252000881E5624E946E6395FEB0F1F4D32454AB7
:10253000DAEB41F7C3EE69894F55118A7EFB80546F
:10254000C89717BC3ACBA1FA0E4E426FF6B0DDB772
:10255000FD9EF200797679E73ABFA0A3FB1110E166
:10256000BDC2F932537005D40407C65392898B0C4F
:10257000C08AD7F59924EB91DEDCD87B7C31A2B2FE
:10258000950B355CCD87447FDA8B1D714B3C247EE7
:10259000E4ACFFECFAFC565C500E339114705B74A3
:1025A000A884B24DC15D8AA6F7CCA63360BF2E2C9D
:1025B000275654171CB104860FED55567067758960
:1025C000A3FE935ACD079DDB0AA0D67F8DE9F93E85
:1025D00047532072984C62023E9DB35CE6F9520963
:1025E0003D0780E7B4EC8626C4AE0E66395E9A1AC3
:1025F000A11927C5F8AA746F6DFFC6F3E98343D903
:1026000080BD5098FB9272045A1CA9EFCFE4A62318
:10261000838934406EBC4D5B799DCF943282C7462E
:1026200089B9307F0009BBFD709C10BD4FB419699A
:10263000C2D7C21D39BB03E1E09FF43C73BA2395B6
:10264000C0CE449D3AC994D6219C35A2D0A44F5AFD
:10265000A5260CE5A9122C2732F267D37601AEEB42
:102660007F22AD7A6BBF6AB4BD40B447B8E9299FF9
:10267000644AC17DE2027C5EE648FA2F130C2D1AF3
:10268000B5D5AF4CDCCCA750B2F5DDE8DE2AD98F4A
:1026900020899B218283AE1CB4C58F7F7FF6F2D543
:1026A00023795DF9EFD7B126B208B12110A5044115
:1026B0001F72A1C671329E656239B7C1DA71CF5FF0
:1026C00088EF4EEAFCE31045638D20DC42255A7208
:1026D000F208DE283CFBE7DD34DE9B668C65A90151
:1026E000324A979DF6A22426BE5C46A588F1136760
:1026F000D8F2650DF18E2D0E1673E4E2688E0BD9BB
:10270000304EC0808403814FE02FD68159F540EED2
:10271000F59743F31C36D669DBD5AAD74A76D85845
:102720001EDC1A6F62621D87DFB93F98848DC64C2C
:10273000073BEA4B71AC0D111A220A8C102BA02317
:10274000B35E1C83316D7D7F4BB4F7876CD63B063F
:1027500073059449BB3690F3467AAFC3D4C8377437
:1027600057AE207572ED5ACCB0FF27BC8F4DDF609D
:1027700065C1220F45712276954591A028CEE2824F
:102780002725BB60807026B66475E09F0C1C2CA6C4
:102790008838E13DAD0E3ADA0E0EE55588CC252796
:1027A000EADBD02968B82A0C454382B4D88A6A810A
:1027B000B61C1F59594B741FBA42CC438BA4DC3D45
:1027C0007050ADD9D7A301FCB9B9F6B37C6825FD2B
:1027D000E799743D59A5ABFD32CB3B731177B4B18A
:1027E000CC28FDA4EE76C80B83A8E13AAC36D9B567
:1027F0001E28FCC0AF5E34B0C17E34DDDA6BA84168
:10280000A37FCE13A642C505DA8660A78DE7FDAE8D
:10281000C552F32345BEB97E79EF9C09294376F270
:102820004E833D1B58E277407E725F5C079F46C532
:10283000C85E329D94D856634EC9FF93E0684DC27E
:10284000978357AA4FC06AAE85270519FCA414D3F5
:10285000576CA9112E17C49BF5ACAF7EA321509ED7
:10286000CCDF8A9C365AC5C07CB4D6794AF02C9FFE
:10287000B123A613D89E40B3B5C90BAA064706C715
:10288000613F1BEAE46B506B3CC9660E9D4AEF6DDD
:1028900087C6361966A245FCA854983FA9C1A8224C
:1028A000D2199C3282EB9760168F50026C0FE8B001
:1028B00036077B670F578CF64F407C736B5934C4D7
:1028C000F690B7CF88C320CB388AE22D710846979F
:1028D0007C6B83B5A66F7E896BA3A65E45FF9EBB0E
:1028E0008982557B2307FD6DA72C0F53F4F82D6CBF
:1028F000E41B6C2A91F5C5E3CCB362772E6FF352DB
:102900009AEC3E3C0228046F37B24A060242111D7F
:102910001E4A60EFDBCAA2C6FCF2AD78C63C3EC4DC
:10292000E48AA887FCA6979B4AEAE7D6A5C35F0E70
:10293000BFD63AFDA574AF824F37EB852975D08B92
:102940006E369917E7F95C536F9F7653AE415A1371
:1029500057DDB3C0DB0E3B2BC0A56FB0ADE4BC5A56
:1029600011902AEEA52A85C8089FAB748E6CEE8460
:1029700056FAB913BD5F5C3D6A0D07A44662C79B5A
:102980007B69822B58BF51FC8A14EED2FB125C90FB
:10299000A52BC25FDE8C3D925C57F5341CEDE0CA7E
:1029A0000E1FADADD9A79BD8CEB46741FFB70E8639
:1029B000BE44626402EC133CE15A95038B1940B9A2
:1029C000848F6A8EB69D3606780D4816C14E8919D9
:1029D0005472B037649F225D480143751D1AC1B916
:1029E0003DBC98FFA446A1A95396A45345DF042FEC
:1029F000F4A25F47599B5612DF3D5C16421D0581CC
:102A0000E30B5778FBBA0218632189B3A3F13804AA
:102A1000E600D8B05F5044ADF9CD53F5B2C7241AE3
:102A20008C6F5DE9590175BF895B54A0443074FB1C
:102A300059004A0A121AC71497160DAD9990B05250
:102A4000D91C78CA8FC6DA1D53222186A0F5D96910
:102A500001C66B414E91D619F9FDC814CC3F0C0844
:102A60009E24DD724130FEC9897972E4A64716C6FC
:102A70003FDB5EAE2A194A9B6430484F701D280B1D
:102A800073CBF3F63C27C6AE65803E543360A4D8C2
:102A9000D3E578A3192708F7BDB5BACF118989679F
:102AA000C0A230F3D5E63AFA1275A6695150B8F4CF
:102AB0004AD408E5B9B20F05C27923A0BE1EC4AF3F
:102AC00044ECFB962B3F31368A095F59016862A8B6
:102AD000FD4B3D54F488F5D450F0A7FBCA6C9BDA4B
:102AE000BE896BE19BDDBB16B919D6E755485F0679
:102AF0000EDC7CE94299B1DD4B3EFAC599D1E76025
:102B0000F5E1BBE73CD236E20BC168132A45B904B4
:102B1000F587466DEDA109408682D48AF010277FA3
:102B2000A5D1CC1A1AEE73A4D260758AFFB8B24E42
:102B3000BC44E8925539C8D5DD50EB0614E8A21123
:102B40005B413ADFA75CC830A5B928140BDE947846
:102B5000DC044F20224E16CA14A51AB8950A48253F
:102B6000703EF746BCDB4C47B1C27532AA7FBD2030
:102B7000ABC69550AF571C32DDAFCDDE8CAE6A14BC
:102B80001B973D86169ECE017FECB4D36FC0105EBE
:102B90009D38DB13AD4EE867544B744020586A579C
:102BA000EF1C24EDDCAF54EAE0CE9E84D6DEDF4598
:102BB00062FE8A9057ED34C14019860FC9DEBD4CC4
:102BC000080DDB4323F448BFB4E1CF7011E8F912DC
:102BD000D6F3ECFBD6A54BCA136EF39E550819E449
:102BE00030D965B9624A7C8E656324E49543E46616
:102BF0003056B092AB5A85E15AAD85F9A1016BEA26
:102C0000AE5328AE4F9F93327CD0F1D1F7126C585F
:102C10002E4C887C854A06A59C2D44256EA25DAE6F
:102C2000B1FD73C5ED84274D357B51378161C425D6
:102C30009E43BFFF52225D0F604FCAF6CB3B98CF39
:102C4000F55E87D06AD9A2D01AE9AB9AC50006B959
:102C5000EB9DA7D900B123CDB95494E58BAE159463
:102C6000D3411145FA27DD24F6A5EE2E32FD9B1146
:102C70005467DBB0EE08E679D4872BD08DC3647936
:102C8000BDC46B27C1DD2A20269803841921E442A4
:102C9000A91706F01DDEE62D0B05C65686BB554866
:102CA0006E43EC747AA95692B84B9017190EC65120
:102CB0008A951E2E915C4861673B52AFAAC48782F9
:102CC00043EAAB56119518C39164B50133D8A6C633
:102CD0009C8D7D8523D61A4185CA850899C8EFB396
:102CE0008F7D2CB89B259194A33F42D565B0BA75D2
:102CF000B598AC6238B98102F9CA8B0B2BE3A9777E
:102D000052D34F5CD58F7356A59C9951B1FAF030D0
:102D1000629DD5FF058B6A0F0F0E0B3346452AD7F0
:102D200055BA5A254BDCD37E85F1D9BC308699A69D
:102D3000A631ECC3A2FDC1CBE57A05250C1AEBC682
:102D400049A9D136829F4E4696ADD7B88361B275F8
:102D50002A7A1CBA895397B28C21EB69A80441F2F4
:102D6000B8FA055CACF5B0AE97E35F4B8C2319CB9A
:102D7000396ADB810414225B7C039F0E6189DEC209
:102D8000F0759E777CF25BE8F10E303C193EDC3A40
:102D9000FA2E168F6F7FDCDE8ADB7DA164EF249B29
:102DA00050EE475B89B752B35B96D8A563521A6061
:102DB0002F1402FAD1B26F2BF96FCC863A8B91D2D5
:102DC0001625615CD1619874227D01135F8CAC275C
:102DD000BE418ED55217EBB08198605E497A36219C
:102DE0005B751EA483A196CAABDB022F2CD7BCEC6B
:102DF000AA1C67F51F61717366ED2BFC81469F9FCE
:102E00005CE519B84AD81A61D0AD43E5B8AC2D5984
:102E1000CEA1A4E1FA6FB59D8895FE09C4FE832773
:102E2000419420681F82D4D6D1C9A7D679B797E636
:102E3000F6B50F8BFAD79553572272145A95CDB623
:102E4000B55251BE8EA2E70E8F845D9A4D655C141B
:102E5000742F7DECA31637AA07D014AA182E5ED1C2
:102E6000F0C96760618F2F56F23CC6DBEE28EB3766
:102E70006CFA5320AE29925572A6A0E1B96E5ACFD2
:102E80004D29A8444BF0E07D63BBAF44C89D8F083B
:102E9000BE995910E7B68942C5DFF7CDDC456720FA
:102EA000C3F9E10AA328A5793F9C83187A229E2BB7
:102EB000075FFC1B827A2133B6E37B618CD8A67E48
:102EC000845CC39C53A6591D27FCAE98713E041523
:102ED0000641209C7B94864A6F14833F4A51DEC092
:102EE00015D64A853AFF659BD3C0D2C73B46E4C698
:102EF000CC5E02194D8ED9808D696B279A78633824
:102F0000FFFD359B2D30FBB97F98069C50780B62F6
:102F10004B9F3CE2A937CF3070AE93AF60AA6707F2
:102F2000BA01026B97B7843EDB3D20B23BECC58211
:102F3000B4D3042F093C6678C819A2D84AC89A713C
:102F40001E3751EF7465779784207F18D4304E8AEE
:102F5000D82DA803F8D82B7F03C58ED677F14A0663
:102F6000B7FC39F6E7B3941FAA84DA680FB5429F1D
:102F7000FF729C749A77C10BC554E9A408712CCADE
:102F8000F19016021E1F56F4AFE2EB7861FE6DED74
:102F9000385D14F5F5698E70E299FC3368E9BF6E0F
:102FA00092E579E6AF0F51BFE78DDF9568F51C100C
:102FB000AB719D90D41D93A7CB22AA4BEE78FAA7B4
:102FC0005EADFE221044412BB76ECF1A0CE2635C5B
:102FD000A825F2060A1BEB66A79D8B60199A004490
:102FE00073FBAA03C8C317575FD9C0ACB1FDDA3170
:102FF0009836A6C0B651C8EDCA8EF8704B2DE7784A
:10300000F0360D2B34F57393D4F7AF73B1843AB423
:10301000FFD31DA14A8FDB7A0B41C94F647466D47C
:10302000D6EF553F9DFBEEF4DE71C3FB1E1A13AFC6
:10303000490B68CD221BA2FC9C72A8525D7759D81F
:103040002D25EC7EACCA4F0695A95AB0F4E3A352E5
:10305000D19CFA4AD197062EB6F07390D120E4D0D5
:10306000DFA55BFE38DCB9B656CEA07561D2373429
:1030700073DFA1AE5740D91E0521573865ED6B4966
:1030800020154FF3626180DC7FC19626B73B8DE44B
:10309000651236592CEDC94E450CB903E8CC64F1E4
:1030A000B752C2AF446CF1FA6D6D708396D3D57E82
:1030B000164DD82799570E7564119A1BE68F908B81
:1030C0005E7691ABFB8C9B01241FC309C82A1E901E
:1030D000B2FF5B92BA1308EDFCA4A1847CE9D7B2DD
:1030E00027C2C4758D903E7DF7520B40FB5885BCBE
:1030F000BE92E9F7AD02EA9BF15D4601108245B749
:10310000A7BF5FD86292C00A925706AD0CE8DC50A8
:10311000586727CA3CDE7F5521ABFCBB45B3AA4CA0
:103120006D0B67D538AB45309079B88BFE7F6F90CB
:103130004D5A242EC7926F69703D84F163C25A8E36
:103140009863E95DC09E9331EA4F742F212E773A40
:1031500033FA2B6BB0EA862D9513CB2C7A5FFA40AD
:103160009C311847AEDC4FDF3B220CC812823AEB91
:103170009EBA48275D6D32D72B6BEED0458DE96640
:103180004421EF49824774EFA34E9DA11BB4F1E6A1
:10319000E278191CA764794DAA2464FEBE69BE7644
:1031A0004384493BBAFBA21D2394EAD9D2F72EFFF0
:1031B000B4AD111927E8840508F1EA8980CB53AA38
:1031C000DAD3F932FED47BE9A2E6BC68EE79BACE56
:1031D0004878F6B08F3F64F98FABEBF36185478792
:1031E000C72F6BA66FF59D6CAA70E6DA7101E3E359
:1031F0009B954763C7278E632A8E9A1CFBD19273D7
:103200000EDC1D4D669D8418EC3D263D7A39A02BC1
:1032100062B8B2D84D02C61825C30AFCCF72DC9141
:103220003F942FF599867B1095651D24585B9392EA
:1032300099058231B4995A4C1D851D2FC3DB7C6DD5
:10324000919A0F9CCD0B9136D2FE484FCCBEF9F22D
:10325000E86D16564C61A33B830F61FDA9EE134E3A
:103260000633881A0B9B59C28E4B37BCE2C81054E8
:10327000A43B4961228B0FC481DDE16415BC8A2225
:1032800049813824D57E413DD00A251B62499E776D
:1032900038F03C5BD443C0C65B42A70E964381E93D
:1032A000A5CFD1D324117C0C3E2ED2958A97CBDCAE
:1032B000CA3EDC12E88DC792B5743FFBDCAF22BB7F
:1032C000C9B631F8460C8FF44C9614B1074F252D32
:1032D0003AC07A50DE6F571F2B9D93FE6F201572F8
:1032E000F99F6C34C10F5722E89941D5FB0B377910
:1032F000D75C7FD5875B99EF6C923FAE37FCE14797
:103300008A38C285830BAEF842C9ACE7678286462D
:1033100021E5B24807071584F86AB7454BE09C449D
:103320009C820329A494A84318E3BA0A3BA631DE81
:103330001D1B7BC13639DCC4C3EA544109723AE82B
:1033400061224F719FC8352F3FA4573D3377A1C3EA
:10335000A0B213F49EB4DFA31C756FF7A22C2BBD93
:103360006C22A185615A69FB5CDE2ADB0F4DC91610
:10337000C68E211E93FFAAFDC2F90ECC8DE07F2FD1
:1033800013C6EAD0447E643239D03501C45466B8DD
:10339000D914C47F07229AF41ED318CDAE7A60D117
:1033A000F3E13A7F78A72964DF0B3DA12BBC989904
:1033B0005AC169B566B9A239DE82541F697A812083
:1033C0009C08461F15BB80A5DABFC29751F7E76A74
:1033D000F9C8C4274986C4D7C7535D0FDFF92F8DBD
:1033E00033969F36F41E5507DE065BCCE036CCE301
:1033F0002FABAD6EE1DA336470DBB04DF68141F78F
:10340000FC4C505913F1B3FDE1C09C3791A9F4076E
:103410008F96F98DFB9403ADE358E3EB03EB33BEDA
:1034200028E089CF9ACA35D031EE1B78D2A26CC37E
:10343000F067DF397DA2EF31E3356B41B2F50EB2B3
:10344000BE40440AF34147C979B61C39CE7D8F96F8
:103450009ADEEA121694941550446F82B50CEFEB85
:10346000F27E70DB4DF7465BB4DA359A1B9C813EE9
:10347000902984536AA88F995602BFAE3F1CF11D54
:10348000E3A5A56023323BDA6F800CB479D2DAB4BD
:103490003283E2132DB158DC963C3B36CD82BA958F
:1034A00099BDB7FF84D7ECA970C28FA006497E6191
:1034B0004FDF2A8A7EFD5F05FAFC04997E33872060
:1034C000FA37365034BFFDDB70329FDB7C57544DEA
:1034D0009903C07504E840A6E3240A77FF7C298E8F
:1034E000864353DFBD6A3D9E78D55D6C9DCFCC7120
:1034F00064094D8F9300C3979EF8831EADC29A7ADC
:10350000AC7208CE3AAB9817337C553C0F9890506C
:10351000C8A0389FAC3D7276FB650E9895C0B11E71
:103520008E223C51494AB9A2F6C1F19D20566D1F29
:1035300089B2BF2E8AFD747F898561DC66AB151B5D
:10354000E0F3B942C69C0794D3B6D1C5E20BC46C74
:1035500027FD633450C72A908937A67DB4A7DF2B97
:10356000108CB078C12C190A8EF47B4934AC110E42
:103570000A6D2091357C978E03AA102ED728D8BDCE
:10358000F0EA1C9D18D1F6BD33C3F6C8899E35C834
:103590007ADA0AF158748F57BA463A2615669E664B
:1035A000B296FE3335A12CF4B446CD0CFC5EECFD96
:1035B00011EF879F31BB96E7B4CEA28EA2F6E0BA98
:1035C000721B6007BA1EE82C8582A372F71C1BA22F
:1035D000158654525155F8CB0390CB350D2C5235EE
:1035E00067756EA004CB7F3B7808ED37027660E408
:1035F0007A626934C5A62F7E39912207E74B99B5C7
:10360000A0AD79A3C10BAB330D67367C4909CE68F9
:10361000D1741DCADA285A067590C8E5B9DD2D2582
:1036200063A278ABF15DF9C292CC50D1F8BE475895
:1036300021EF366603E7979791FC40AD0E384C9129
:103640004B97E03D6F75869503C96D312003128459
:10365000A33AE6DFD16011207166AFFCD39A7BA953
:10366000D3F6E198A53949899ECF4B731EAC29AD9D
:10367000AC65FD6B63F9FD5700E91AFB770B2E9AD9
:103680004AA6057EA8901CD83450CD075B3427CFBE
:1036900008F9EEAD50757FE4CC96C41C2D60D34282
:1036A0007E33B18805BA3D51EF06CB14D4CEAC5968
:1036B0004D8E9ABF533AB745173302FC8046221C01
:1036C0002622C90A5E2EFC50A305D019DE62179C83
:1036D000A34800D25F0CA3ADCF199B1D3AE20B2A81
:1036E0004BD5270C6511488FD50F4DCA680EADFD1F
:1036F00096243FE0EAF644B3BE18540D087C494BCB
:1037000090ADBF973CA7525C4E2CB2DFBCB0903757
:1037100076C1152E43902E190D520ABB8BECB6AF15
:1037200074197A96D166216191A652913A30C4FB00
:10373000FE037A45AEA93113A4C6194E970223A7FA
:10374000BCDE72C0B3C80AAD2BD4B0A3D457AF7DD2
:10375000FB4A42C234F836EDDE11E3D96A4F1F113D
:103760009DDF0DA8610878731DD5F6D1D6CF80C92D
:10377000CED5D2D9F0BE7154943321F3525352694D
:103780009F4262CF30E5C5D46BB51241E00DCCD27B
:10379000EE357E49E475002F6CF5F282FE90A02A8A
:1037A0008B119DCDF0910AC5026F99CB9F0C782BA0
:1037B0004A05E21096B73C39ABAD6253B74ECC7FA9
:1037C000DF4518F3A3BB748814EFC1FF866BB2C446
:1037D0001ECEB4300254896A8BEAB0BD7BB4C4CA31
:1037E00047FE16B6F4A0900E4D0643487F613EF2A8
:1037F0008BAC707A9EB0AD07511B396B072BA54E71
:1038000092B9D30779D07B7F0904ADEFD04AE1C2EA
:10381000EB35F5AA19002D4F2A146274AD00A90AE0
:1038200008CC9D855E629984B93DBDDB7DA3C3D084
:1038300026CFF14651854D79F4F1FCCA5077CA1A6A
:10384000B99B1147B63B78B0A9325DA4D9F5654460
:1038500027B4C2CB0AD0C835D464F846539B0605BA
:1038600059FE9479FC5505F429F9D28A1C79DF4771
:10387000CAACF47A11BE48888674D70CC6EBC0FF78
:103880000A4804DD04F1A94CE9BBC26E7BABA1B5CB
:103890007C09C7AED8B9C9BC9AB5EBF5E7091444A1
:1038A000655A1ED489EEE227CF2E0C6E350507B17E
:1038B000D2C6AC450A54FFA690F910622FDBD99D01
:1038C00078A1BD49A731A223A460D7792EFE2A2A68
:1038D0006D7AE7CF6C91EC014CF8222534258CFBF6
:1038E000595428A356498DFC200E228B9689E7D97E
:1038F0004BACA6162A7C9CE87A60AB1937F7CDC092
:10390000078EA454CBC6F080220D946CDADE1F978C
:10391000E36053F213FAFF8CD8C72EF71AC22A0EAF
:103920009EFCE314EA9B7B4921DBDDCA2C1CE59558
:1039300094E419D7113CF788403A8F37D22F4326A9
:1039400057E4958D4C35CF10C001B72A4ADDA8FF4A
:10395000909A850819023850F228FBFDBE580B23B7
:1039600026615E399B835C27B097927632B5E1671A
:103970005E23E41C2D21F7D64AF36CE486CAAC38EA
:103980002B1EB08601668739A230889D17AEA5DD53
:1039900043D8E26892730E859BCD2E06375443E8D8
:1039A000A01168B778717E6A6E3751E3AA8244DB52
:1039B0006A4E633FBE1D26F2BD8F3A63EAE2742B66
:1039C000A271DB6B242E7D59001B618E9E4258EF45
:1039D000C4A0254A98DD0A572AE49C2A579EE13163
:1039E000644F628B1A9A46D2CB8D04799C3783DD63
:1039F000E05E4D42C5369CAF01B43B2A8347BEDD35
:103A0000483A33B1BB20B8C31058D241EF6BD0C293
:103A100014DCE6511D2135D91B110FD5DBEA4E1EF2
:103A2000FCFF687835C87EEE4F644530B7D8424E0B
:103A30002E3BAC6F564EDD034460524650B1DF2C36
:103A4000D69B91C3898CFB67AA77F54B9E62AD3AF2
:103A5000F7DB3F533B2CDB44C5175C94B9B10FE94E
:103A600006C0507EB993C2C86548BFEEE9A26E2475
:103A7000FAF19416A6012035638FD7B40109D4B2A8
:103A8000F76C780031E3FB30D5478400BA0487C275
:103A90006FBADB726184C2F4084B36FAAF1ACB43BB
:103AA000279400FE66CF30530120D8AD930CD892F6
:103AB000CB3C6E7C18E150C0CA45EBCABFE7E9CBEE
:103AC00066422B3362402440964009582F0481D12E
:103AD000F7BC179D7137EE9C73C660AF4BA527B23C
:103AE000FF1C7D4CBEC15F941545EEE2D93CF40548
:103AF00089117B22F88DD1BB70BD60F00A30623E27
:103B0000AB3FB6A3AA556522ACAC25363327B4B675
:103B100062DC5FF0E84277CD8E0657ABC740488144
:103B2000DDBD7BD8A0ED92894D497F59CE7B33C452
:103B300002F4D88B530E0896CAA2EB126353F40218
:103B4000AE1237550FE988C58B3BB891721E45D42C
:103B5000FB0992B252CD696D272E1B98C7F43FA97D
:103B600099566B67222B37D22DE74A304A328FCED7
:103B7000119BABB8628BB020AD0D67FDA44F912AAD
:103B80001A584B214EA230134E826430776C2D1997
:103B9000643716A6E4461A22236306631695F30CCF
:103BA000522290C99CE6478FFC34C2F0FA24462981
:103BB00065E327F69E07716C348C1093B8F9009A70
:103BC0008F4F1136FFC2EC27770F9EED86D36DCE57
:103BD0008D800795C32F4C86CF3FBF7D6231BDC01E
:103BE00070E28F6B01A877D47B948A9FF9B7A77E88
:103BF000042B4DE98039AA82C0BE447F29AEF4125D
:103C0000A99496EBD1A0F098BBF6DBE8A67CC69110
:103C100045E8D44FA51EB44E790F77E0552440DD1A
:103C200086F8F3F7547F7D910F6613CF5F4B3132E7
:103C3000CBEF249E5E26092D7D6E68828483D8CDCD
:103C4000E4BEABF52A74EA12F4EEAA893EA9F51691
:103C50006C4E4EE287AC11B335DDB8D723D3BC1020
:103C6000EAF8FD64F8367707271C4F1791074F7560
:103C70001CFC762B4FC3FCF80AAF3F3A75426C67C9
:103C80007CAABE4DE03CC3BF003CA62A23B24C0434
:103C90009BCDCDB9983CBE11E071A0C2A0FB117DB7
:103CA0005E012DF2F3C7C8700E2E5F1BE137EE5F89
:103CB000F3956689848AAC68ABBAC0E60CAB624EF9
:103CC0004400D9D3B95B31D2311583CB8F87FD2A1C
:103CD000B0517DAF01385E40485FE2AE49BFDF754D
:103CE000E52A42B0381E0065AA2398062E892CA624
:103CF000280868902047E2A1EBF0579C1F5997DEF7
:103D00004B233D3CA70DB578F7B39EA8E62E0AB627
:103D1000A4DBA2F7DF672C0BB05B9ABFE54423DD81
:103D2000993D50003F03D370541B224AFA7144203E
:103D3000A634395BB7FD42493A2C07BFD20648EB9F
:103D400092256779AA4B271F15B95E55A403D53A6A
:103D500094F0F3BA897442B12CDA36E00F4729C3E4
:103D600076418079AB200F91A11E56586D34F468CE
:103D7000F4BEC8EE84D841387F15B4F6002FFBB1ED
:103D8000420959564CFC3850BE78A816AE0312367C
:103D9000C34370CF982D376008E3EAEB93610C883A
:103DA000B19F30A967D7CC7CCDD41AD7DDD5E6F743
:103DB000E1F0AAA2CD17282D3E30311181CEE715B2
:103DC000339D47F2071C77DE7EB03FE339F3C3B77C
:103DD000D5FA5F9465F5A8C3B98224FB1ED21B20D7
:103DE000473F6DC23F5708083D69777913259DFE0F
:103DF00072D86DD69BAB177FDB1461D3D2C787D83F
:103E0000A0ACB9926D3AF71F6FF9C50DB03C003BFD
:103E1000D30350A9C76FA9526C15ACCEFF2F16F172
:103E20002576541248CEA60996E43E98A1C921E809
:103E300035439653DDF71454521F84FA0DB70C0F17
:103E40002C27DD77BF1D16DEF90B535E96ACF6C14D
:103E5000773E1D9DC55D51E5735EC17579AA967B60
:103E6000F21A2A00A740E7CA2DCDCDE59D25D04600
:103E7000451C6609B56A246DE830C54D31F834D764
:103E80008A975EF13D5EA57886042F68A62924FCFA
:103E9000B9F3D97050E8FA1CEA6D85180D34A023E7
:103EA000FA8A1A4BB47B08EDE3363C57222FD043F5
:103EB0006600BED111FABD78E53DE334C367806882
:103EC000CEDC4190B4A1CA179E9CEEFF4F671AED5D
:103ED000BBB25ADA29324CFA3804CA61C2C77442FA
:103EE000126EB5317D65B558E089489B871BFB870D
:103EF00021BC875CD8AD63962281E212D878BD924E
:103F00009C2C23C3B7DBCC7E32A36C8553D04125D8
:103F1000522346CE783CE1C82DAECD710AE29E9187
:103F20006243E3DBF60931C366FCE09F39D0EC4124
:103F3000273802152608EF654986E6D90BC7CF0D4D
:103F4000AEA10C2BE5D55A1C318011DFAC5FDADB5A
:103F500065347F4754BDBA18F9B43E6F70A87A74BF
:103F600001090E4FCD1BD9A360D26A44E215CD588A
:103F700088736B538CB144FCE60B793B653718C3EF
:103F8000432A229EB024EF0B3B8B8E0EB83AF23CB4
:103F9000441511AF93C4C14137CBB8E32146F9AB07
:103FA000CD584D3D4C9E7CA6DD2C99A18950470AE9
:103FB000ADD0E6006CC1C471681703A4183469AEB3
:103FC0001857A999F91B11702562FACCB1124072E9
:103FD000A97C7EA81D62F5FDC0A9A53B55EB557FC8
:103FE0003F0CBFB27EF6DB1B9A0F7AFC42F2D00D7B
:103FF000D46F6CF9B4E82DFE79BE90223BAF065128
:1040000087F30C1A6BFB2DB642CA6333828AD272D5
:10401000B090A87ADCCBD6FE74E5D0E985CBF3CBA3
:104020001356C39ABD1549A6E3470D8F11EC5F6582
:10403000615D8014D87E2B183B637A4DC95F8EB2C8
:104040003D51A2D8A5707FCCD535071DCA56ADA16C
:1040500041124CBD41F7417B813C5BD841FAE4679A
:10406000F120BC7314595A1ACE965316785DCEE9D6
:10407000F2EEAC772080093FB4C43FC9BF2D336254
:10408000E503AC81385EF7F94ECC87BA271594F476
:10409000DFB90CC069D49CB965634BDFE5E19CF5E1
:1040A000C03B803B11F9E47D738AB85CC03C1F4C77
:1040B0000E9154787555BB0A6C8E39510E510F7D97
:1040C0009683552C7A71B39877C3A59BC3D5544C6E
:1040D0009E245AC378A4862FA52AA053AACA97570C
:1040E00023B3EBD9C9641CEF0961FC9F593D9A9039
:1040F000964AEDD427029DDAAE8C8594336180997F
:104100008C66C804B373AE858C7D05B8B9CAFEE869
:104110000AB71DD5958549C45A17FC68EB5B6E7DBF
:10412000F9CE9C87BD060CD3367C34200EBCFFDD57
:1041300095C98C605C08AB4DAF92212FB1E73C9ED6
:10414000C32FFA723E4A44D57B9ED17E043F894FED
:1041500093CF2120DC6B6C9418CB6710943FC2C8BE
:10416000F180095207B6573F9AE199EAE8E3533DD7
:10417000187E59077BC1F19FA3269D3E4D8A0E559F
:104180009F3535428405A6D238CFC8FC35E7D764C1
:1041900013E5C20BBFADB3BB0DA3C2E519EDDD82C4
:1041A000C82002699900984761FB3C61D4C950ADB1
:1041B000CD9F2B412C6BE47E12B6D7AC190574064B
:1041C000DE7975309EF67D5E8EBCE7615B7E85EBA9
:1041D000049FCE39EDBD598ECE2F7236E616E0CE55
:1041E00000D51A2D49C346AF685AFD606BEDD6E87D
:1041F0000D041FB31743F2232F3F996C1C0129B5FF
:1042000004742B6184EB3EEBD786E4B091684F10C9
:1042100055174E79B2D1AEA73A1B86401BDF59CE57
:1042200041F744BE533A104D7CEA42AD6C7D75CEE9
:104230007653E7A3218CC132C8A44E1FA80D38F9CC
:10424000FD145C5892FAD7972A736CC84C44667078
:104250002DD9CA692BAF376D5B587B5485C21925A0
:10426000ED0A2BD59B58C7695FDDD6E0347CA0965C
:10427000191C617E5E7CE212776689E59A38EEA2AF
:10428000738D7AB09B9EE719DD63C77C80A79D384C
:104290001044462CEC3FB5469E8D9F117431631738
:1042A0007D8C1A0B98543D88CA7D0920EE9C141A07
:1042B0008ED0201FFE65569DE64AD7DAE27F3F5733
:1042C0006527230F23181A268A656F3C06E8157A9E
:1042D00084FF9D0627B5EEF9A65179A87863C76FCC
:1042E000FD079EC46176C4C229062356A94C7EBC34
:1042F00000DAFDBCD4A352B731B099B335AAEBF9BB
:1043000013150E9C6F56DEEE0DCFEAFF20FABB911F
:104310005C201E711D71DC6923B185D71D5EB4B8A8
:10432000258188FA7D30059F4604E1A991A28F7A04
:10433000B68C579D50590D7FBA2F687850D8EF0A28
:1043400033C35408A7941F2DE8569BA4CA1C082FFA
:104350008F08317AB34EEE1564B4821D6E4F4FFB59
:10436000092BA35AB21A6CD789E3B81230E8DD0BD7
:1043700063A5F844916B6C25C2E8BA1AD1D231EE2C
:1043800087E304D435B9C1CC4C121112D2AC51F42C
:10439000AB2772E89E3B2061E044D7407C4A8C9F6B
:1043A000140825F589EDA03A4AC983A65BBA503DA9
:1043B0004AA9541091858A60BB2735755F390B8FE8
:1043C00043933B6F4DFAA908FB9675444B7BC87E1F
:1043D000EC8C00C5FF7A64C8EC5A56E870EFC16AED
:1043E0006BBE634A35224C8B6C4CEBA9B0646B3FBF
:1043F000F413CFBD278133337F1794E91044A10212
:10440000C54B960E5EAA69F19326C100F97EA516EA
:104410007BE32991F48174020C7354B80701BCEB5F
:10442000359DABA1A18BF2F88F7D4C8F7E9025CA74
:1044300090C51D580E89AF34FF59494C6839F301B6
:104440009930739B614F8510353CFA63DCB3171AC2
:10445000DA53C5412DBC4E48CFC5DE75F412CD668A
:10446000944A44FDA6205C3B20E4C686B4CE3D6F52
:1044700004C40BD92F3B1A171BBAC7E75EA566B455
:10448000C7A9A77B9BEEDEC289FC1B3C478F241586
:10449000927E942368A9BC974B333CDD836E3F0327
:1044A00073CF123DED58BA64635C5CC4773FD6DAD3
:1044B000393E4D79C05231B8E21950348325773FE7
:1044C0002F5DA9FBEE315849CCBE8FEC848C6A4538
:1044D000B0513AE0F26F69AF533A56421C01AB1942
:1044E000868008476DD285A05D231A12E1FF1F4A1E
:1044F00019072CBEC0EC07FCBFB5B4476AB6078CE1
:1045000097874B8AA854BDCAC495D9A17E5BCA655A
:104510005A1AFD20E4A5257EED12B4A6D9CA03E7F8
:1045200032C673592FD0046588CD19D19EDDB9FFED
:104530000352DCC5DB44748654BD5FE43FE1B844FC
:1045400035944EBE020594008F584C07C0ED5D595E
:104550009B6FB0529EEC7382C1E42567F53FE01279
:10456000E38D9ABFD190DB54AF80AA337FB006ECC5
:10457000676BA7934519C036B90BBA54774293902D
:10458000093A34176F47356034446191F142678BC3
:1045900042193E4BBE5A4CD138902547FDD129785F
:1045A000E435C25F38928AE4529A2716222477783B
:1045B00049414BE1D1E1EBFD1C922C77D22048EB35
:1045C000E68EA17DAB33D473F6E040ECB924C7AFDF
:1045D000B5E6487DAD1841684DFCCBE23216F28D50
:1045E000D7854938F8AD406FBDB83C226C91441571
:1045F00055F05D84407F9CCDCBC6EF6AFDB86CE181
:1046000096EB298BDEBEB39C7105728F3FF49DAC97
:10461000900951AD3139A85925E0908C84FA63C4D2
:104620009C6622230435B7CBBBF061F8E941A76152
:10463000455767E000657472C521C969D4C68EE923
:10464000FA7125BACB3873D4A57DB25E2DB7B5A368
:1046500045E00155AE8E022192CF4783B77EA94B2C
:104660000B258AA1C7AAC137CC5020B2CDB3F16ABD
:104670001C3A18A57F1B7CBF1CF268ECCD3AF2A354
:104680007A8AA099F06DB4380F151984EFB36107D9
:10469000B65766DE6417C259A654E88714009A46D6
:1046A00041BC16BE1EE4C47941DCDED8173C0601CD
:1046B0007E69A1DD6EFCAE8BC7D3A6338C14BBC361
:1046C000832C990B6B979B02FA8F0214E28E0049A0
:1046D000FFD654961AD0FD5982449F39CBBA7A3B03
:1046E0003CC7D2098F34837439FEA0C1375BCEF545
:1046F00099A5F92BD234DFB09573FBED8AB087ED25
:10470000A9843399FB5E18649E14219968813EBE8A
:1047100073DA4D32333B46A2F6C00D508709D80AF2
:10472000F057EC44F64431CFD3AEDB7FDAE4ABA7ED
:10473000E5D296FA0F02E40849C93E3568764AD1B7
:10474000D131A835ECC99793867711E0BE9F3E1C06
:104750006AE5695F5738DD94028C2D5489EF93FC2C
:10476000F374A6E897F87220932E834A605819E5EF
:10477000CC4C7DC2C5E255BC474BBABC09487F440E
:10478000EB59801BD210AEC366B32B3B47BD8FFFE6
:1047900039CC4B8BFAB34E8E4423A1E3E95CCFFDB9
:1047A00013CEFBE30FBCD5A9F649FFD4174F2BDE80
:1047B000C8A8F9477E855E65338942F2BD02674B22
:1047C00060E29B579C4882EF7299918115D465B93C
:1047D0001A935219B395DACC116E7BDFE8942B4A09
:1047E00020DEB31F66A10F952D01AEDA0D9366553D
:1047F000F1BC510190595F83D61089B9DF30575F02
:10480000A205B9C46D8AC629A9CC0836FAA83A7A95
:10481000987519D323FF19D08C45C1EAF52E4BAA00
:10482000FB1D4B03BF613DE959DE295539497379B9
:10483000486D2FC6A74D6D2F399A950DC82AEE5099
:104840000C5B50EB91450E7FF5E0538BA78BFAFB89
:1048500021F1E4C6902DB092B04B8C318AE7CD9611
:104860005C4204BD4D2C3CB8213D11751A4ECB87DE
:10487000D0ED3D66E5AD6E252269307ECE3082DB1F
:1048800091EE5F620E5C3FF52D0ACE69E634303C56
:10489000C644B5CE316FB9E81ED3E09E0F2A1B8502
:1048A000AF5BB45D66ED22AFB3C593DD0448DAB902
:1048B000DFEF6ABD2ED980A98F3973922D3FB39156
:1048C000320F3A6EFF7F3BD78A47E88AEF3E8B5D17
:1048D0009850337440825900BC168E98683DABA046
:1048E000DAE03912D64C6B158C12F42182C27F8823
:1048F0004C6FEB3764B8B2EBB0E65F324850EC7106
:10490000C41D996FC6D48DE29D352EDD4A5DDD83D1
:1049100082478172138317BFD4F07826CFB77C61AA
:104920003BC4A6CADC32A24445C7316ACC40669675
:10493000313B506CB65ABC0AF8F233876F91C2B162
:1049400092B68C0FB46D2D2F4A1602FEE2867CAE15
:104950004ACB24436D3F9D04A78C7770A10CF3E1F3
:10496000A133C7FB7C0369D6B05CFD0D670A764BAB
:104970008E19DA1A806E7FB041D718CD37F82637F6
:10498000A5D6D273EAEBD632FBF7E1DB19E2880B4E
:10499000097CD63B6C5FA641DA7CA3EEB1771F564B
:1049A0003BB2589BF201A454D8DF505F68DA4952F9
:1049B000F22C551F071D4F97368410D719A4DDD749
:1049C00011EA49C56EA9C679FA21351CE87E7868D6
:1049D000CC20EB971A4AFF25B07FDD8FDE0B4EC44B
:1049E00045EF7B9503230247938D98A7749FBD19CC
:1049F000564FADAFCEFAEF466F6ED79166EF7B2B79
:104A000075E1CD893706C5E114101F0787AA927793
:104A1000758486A97A3B31FAF9A26C62146BCEA236
:104A20007E6C44CBD976C08264C7A044D8A9C3F4B5
:104A30007F4BAF3DC5B9899D335243FFAFA73D576B
:104A40005E19062D9B6078FC6DF1A2D52BFC475BAF
:104A500059794DE4B877AA7B6ED08F8F36EB8816E4
:104A600067054999C0C0F2B61C04AF2E45958F1A50
:104A70003060E72CE95A88BEE499927C23FEF9D68F
:104A80008D9AA416B82DB769D281B0D5C3660547F3
:104A90006831D7BF28D376F0C5AFD9F15EAC4925D0
:104AA0006A02B50D3DC2C9FB4CFB46BB5DC55176E4
:104AB0005613AC6601F9582476A0895036D680C6C4
:104AC000EC723649FCC65238AEAC42E1C831AF9503
:104AD000F3E51FD525EC5991E7663A8ADDCFECF96D
:104AE000DB6B7201245EEBFE0AAEAB0A083EB46FCC
:104AF000ECAC34DCE938BA30CB06C4112489968C8E
:104B00000EF5DE8CA707DDCCF121D932ECBBCB4C06
:104B10004065AF600F320B86CA08A2FA33F77F995F
:104B2000B95263520B16BD8B3F512D4E2C4294C38C
:104B30004E39C2B620605F83C029CB1D3D0AD80D17
:104B400025982A7B2C9E38BF81837883064CF13FC1
:104B500070B24F63838F2883FD5331046A35D85177
:104B600078B3B044CD74B81CCE99ADAF66655163CF
:104B700045F7CB01F88587B4B809644C25C0D2DC71
:104B80009CF65C42D6E1664AB17E6AD9F774EAD7F0
:104B90006A46AFD715C46F04ADE84037B6ADAA98E2
:104BA000CC9B44A60FE5016C068BA9EAADE0672B10
:104BB000555544FEAF88EEEC33BF8361F9C9E31766
:104BC000C671D2D1F583DCFA2AB6DBEE7E4BB47522
:104BD000136B13C564B78BF0BD4B3E72029DA336B9
:104BE0000985FFCCAE74DAB84B8A5978663F0E74EB
:104BF00083D2D2F28F95B777D609D986FEFB711B87
:104C0000E87BAC0F3D01442FE1A93ACE317B02791C
:104C1000CA7EED1B45B5EF2532D6734A57CA94D9E3
:104C20002BA3A0DFE4C08E1E8A1ADDE8DF201EAEB3
:104C3000B7E5FD6973634366943A834249D85D558D
:104C40007869CB5FFD3A9C556BEBD72955FE68B56B
:104C500065D06FDFC427EAE88F75211E33CE49D9AE
:104C600055C19CF97846943A33B416DD5847E2FDB5
:104C7000A179CD56C5E3D51B992106F1940B7D5B37
:104C8000AC0906E62B928249CE80E90DC9BEE3CF7E
:104C900012BB5826BE70A2980706EE23CE2593AC11
:104CA0007F42232EAEB5919BC4BDA233E3527E68F2
:104CB0009F487A30EF925E11FAA3C6795F133210E3
:104CC000C4ABD3323575C764A0922649205BD48D1E
:104CD0009415287C1AF96F32457C2B497EDF4F11E1
:104CE0004D1C94AAAC0478530DEF171CA830C7F0E4
:104CF000DE0BE1A7D93A96747B90C5839927A8B1BA
:104D0000CBBEAA6A02A3EB9E8B4A6DCA0E7C03251A
:104D10001D62F95412C0725ADE9FA6973EE367DD0A
:104D200092FE2B2EB0FCA917D0A812870989EE0994
:104D30001EF041E34ECE48CF31E658145976468AEC
:104D4000823D3577C00AC6FAA2CE39F9194F9EE6E0
:104D500075B3C502EC431C374D16EAC47B86F54C8F
:104D600055A113606B5D596FA53E481060D6E117E1
:104D7000CB4D188FD43E56A630BFF4C48E2035CD0F
:104D8000CABD9C013368B8CF7E879135A03CF6221E
:104D9000906E7305C7E119545A232B3F369C327C21
:104DA000C2C43965B39AA99250CC9CF945F2B5FFBB
:104DB00021F50F7BA094EDE30E78EA62EEFF8816F2
:104DC00090400D06F24F2831E2190CA0CBBE26CD43
:104DD000ED46DB246F4C7CED0C86CBD0D70B662CDC
:104DE00022FE3297D45D51C232372CB18A34321B45
:104DF0001900441A5EB1A58C3253933C9061D2B431
:104E00006D79249658D87D0251512F3A7DA0CB411F
:104E10006C7AC53E3AE6D76607335C1F138A7F9CDF
:104E20007FC519C925A18828A9B0D383B72C9B6950
:104E3000015F13EDC0D89D8F7D04AFCE7262C24575
:104E4000F04311794CBEE34BB0456708F3239BFA5E
:104E500066EC2110F0EFB22617CADE29C389750867
:104E600072EEFF702A4B6FB41DAAF70B5B6C561CD9
:104E70008AE394DC4612161952190DE9EBC7C6589D
:104E80000F43CE40C117531E713EE904FD1A2F7C1B
:104E9000104F7EA35D3772E0F67F784D00951FEED0
:104EA000AC1644B0D83B7BB232A7A526F6269DD9D6
:104EB00046623A6807488A0037D7243EE85FC90649
:104EC000019F6FAEE16A7BE4D23A90020C107E7BC8
:104ED000A4EAAF381452E7CB32618C8E9E2570A1C4
:104EE000019CA77259F024153E7BAB1C5A3AA2F9DB
:104EF000ADABE8807A1AFBD6FBA37AA54A0713D19B
:104F000064ACE60A28EF64C18574E751B312767485
:104F100008C8C17FE43500CD438D56EA15F2513102
:104F2000D491784A3C6B12CE6D961883C86B41843D
:104F30006A15691C941B3CA912C46752928E18838F
:104F400086700E90E8DF19E6557627BF18E4E9B9B8
:104F50007301BD72276DE719C8EC5CB258DEE8C674
:104F60001302713355D2EEA616CFCFEACE3C2130D4
:104F7000BB0090F278E1B20257AF1B330A4740F111
:104F8000C4A17840BF1343D2199714160B1C491CB7
:104F90002AA12C65C9BD806FFB26D94B803B184FD9
:104FA0001856D6D4D9777A60E5429F126B1037191C
:104FB000818876AA2398BBE6562D2FB313E6E1F736
:104FC000D247EBFF4157FC69B044D17C17C9F14C83
:104FD00023F3B675405D31A36F90E4238750C7F982
:104FE0004DB829F3839AA6269DB8CE304C4DD355A3
:104FF000D41A83CA9AA50E73902E7B4240A891A61C
:10500000C05D55E54CEC1C36E21F5F7C4BBE54483E
:10501000FC90D8D7B6DDA34BF99AA6C634EC71281C
:105020002F255B14763FD14C5562EA7CF29E153EEB
:105030001FB018E2A9E2C9BAC5B4EA956FAE132D44
:10504000CC8B5074FEE09FA18DA734FBC8D6B40270
:10505000C1933B7173DB15AD93FF8F6E798F601D2C
:10506000E284459B913D1A99D7C04BD3DB6D0D93DC
:10507000E1412753DD78B7F20236E7C105BDA683CB
:105080008B05D6982BBE63FE90B0E41A7C840C820C
:1050900007B41AEF9A771C2324050F372CB9C25492
:1050A0001F81E70F1F60B11DF5279E1BF4B89BD72A
:1050B000E50F9671C20494D520EDA66C616C9F0239
:1050C0002417C0E97ED52B4E721D2873F84BB0F71C
:1050D000212227D14748EE681ED6C80A2B030BF7BA
:1050E0001D1234131CFEF0866FA174E638535C5811
:1050F00065A40486883FB4BA07C63F1F1E6CB9F684
:105100006673075BAD7E6B12BCBF9FDDE96F0A6300
:105110004F3152834FC58AB51FF9D289FF405E3C9B
:10512000B6903615C0E3E29764D41DD544D3BDEDE7
:10513000D21A4249443F7440E97756E6CE183936D0
:10514000EA5F33738890ECFEDB1DDE9B3CE91DB00B
:105150007EC41130F9D50C54691D74E1F2554A76BC
:1051600073EE91AFD4895C6D4676DFE11442E38043
:10517000C2681991DFDD7A692403001C8F4A062B6F
:1051800054E06EA6CED24AF323FD9C187EE43D0C7B
:1051900008F260DDD9C492720D2B7C2C1BBD44E853
:1051A000824D605B71C947AB16D1ECC30636EAD6B7
:1051B00036EE8E67C8E1B4B732C6BC43F08A6816D3
:1051C000474DF41768087A944125B022233B14B95F
:1051D00077E576C983988E6458D1D5E817D71ECD68
:1051E000CA58C5F24EFEDCBE8861272E99C65A4CBD
:1051F000BD7F08B6BE7F2843402F4C1E08F845D21D
:1052000024F3088768FD7BD4EBCFD712B245155F36
:10521000D49DB0CA0EED778816B29957879580262F
:10522000CCBD5D07897B9CB7968FA6348AD46A7FF4
:10523000CAA324D9A091582D0C474FC85DFCDDF9B5
:10524000CB77471D488A055F207552729003DF0FA8
:1052500000AC9B13A4B8985EFEE7CFCA861C367CD0
:10526000464FCBC48C54EDB236E1868A8206056582
:10527000BD7DA63A6F4DD879E7D7120178F0B29A82
:1052800038F054A998DB7E62A800EB3097FF52E11A
:105290004DDCC753565D7E486E13772FDAD825B1A3
:1052A000A2459D12C6B1ED6267318E31437DC3794F
:1052B0002203EE6E69A846EE74478CDF32638943A1
:1052C000E1A4E85C885D26BF22DB407BE30452CF8B
:1052D0003FEB1202C4D14E7785B5A21F4AAB2A3BE1
:1052E0001CCD51EA6175CB1B82528019C290D20845
:1052F00005605EA1B510D982C92A0B963F1EFB1A24
:105300009E993697EF10CA5B4416BA299D9A0F05ED
:10531000866C5FAF47C3CCD444800E792F98A82009
:105320008BABBBD5B097EFF7399B74AC0615F47C0B
:10533000B7E47D04B327C783B00A98D791D278CD5C
:10534000988574BD5B15A24EA715833900489F2F21
:1053500086F275342E3BF6524C79D6BA958EFFAC58
:1053600069652D0B34CF1339F7988B0A01CB0B35B8
:10537000FC009CA8D75DEFD23F6E42663E41A01F65
:105380003A21CB65110A67F5374B8BC87C09C853A6
:10539000731A2B5ED74659EBE3823104F7D5794E69
:1053A000EF2D12107D5F01B3FBB97D865A650017A2
:1053B0003945F57F32909CCDB900B2D9CCAD699812
:1053C0004D00229737B3C69783618546F263A4A642
:1053D000E54F98638959A911305BF6A7FB5561B871
:1053E000EF2A7576EE0574A84107D96C2644E9CCFE
:1053F00049886D6DBEDCD3D827952011958F185242
:10540000A27B06B722EC7D3BB9C59451DF7D00013C
:10541000FE983EFCC69500164C733378125E1FAEA4
:105420007E061E68977702B742C5FD3C9FCC0E4EA4
:105430002FEFF4FAB2B8A45C2DF7DE6B519B9B857D
:1054400069B1E18BF01E389D40EDC47611F57A35D7
:10545000108208A8285FF0B6B935190023A107B655
:1054600055E0F17A81D0B4CAF8771199CCFD492B77
:10547000249AAA170382FE43D2B10A231984D9675A
:10548000475050B39069802F65ABA4FB539425AD72
:105490002D04C49FD3206D072303D098F0998E125A
:1054A000C14F5B89EF65BED40D554647AAD0E0D108
:1054B000C0CFD70B315175FD37634E91E7AA14A9C0
:1054C000D5437AE4FC455A818A82D5336DC716A14B
:1054D000B2C31964565F2C03F036582323F61F21FC
:1054E0006DBF85FBC321D753A70AF95AE7D4AABFDA
:1054F00075B3B7C8D393E6363E9D146BD32C2549BC
:10550000445B55641758265D8618850734F346AA10
:10551000EEAA8F64A57674B9F8635F89011E6B5299
:105520001E018F914194BF6FFC96623DCEDBCD1280
:1055300066FC175C0AC59C778DE009504FAC9DEC6A
:105540006E44E1B9064D377426774BD4282D311AB5
:105550006C4BE496D3A3DA1EB924B9BAC341920CBA
:10556000226B138A160E0BFCA4F7B4C83C2E155FF1
:105570007D4324338B03E01E06B524797037C47550
:105580002D80E2B4DC55310CA010D2A784F97FB194
:10559000054482D4662559EB8E53F5931DC1F9B3AA
:1055A000AF814945D092657C9EF1E92D659D512ED4
:1055B00037DC8D38DC74B7FC3708AD5E97C53B210E
:1055C0003D0F050D50AB0B599CCFFCF034064ECF70
:1055D000715263124EE5DF102C7CCB0822A7B0106D
:1055E00094B17A49CCEFEE6B818FC2A752BB5BE4DA
:1055F000AD289D8668F4EE7C255CF9C67588CCBF25
:10560000089420793F015D46CE50A20F7619D43917
:10561000E211316A1A1AD69FFB6C4DC973D181B65B
:10562000AFB89735BE52E5C6942503C15A5967B93C
:10563000D39B4202EA3448BFDC8D239B1F673FDCCB
:105640006F935B52611B4F994F4F06FAFEC38DF665
:1056500016B7172045F91B5E1895B213B564119D56
:105660001C05A0B282F9AB0314172B34CBA053ACAA
:10567000AB2632326024AC484209F6340FB5AF6A2B
:105680000A8F730EF4223C86D1192B45B8CA452ADD
:105690003C27B2932A4F0AF650DD83E1AAADF455B8
:1056A000D73C630EA7A9091C8F9D1D40B7715E7B77
:1056B000E8D36A7AB05C8A768404D854987599BF26
:1056C0003FD3E0131C3EFF280D8CDAE147CAC32408
:1056D0004E54A2A3017539386ACCF86D50FB7BD7C4
:1056E0004A9EBCC9A1B52A5AF8C93D58806E3EAA47
:1056F000C1340DAD6D7771110941878C439A590002
:1057000010D72BA3B48E1318CC3037670990E9AEAD
:10571000C73224CEB180B49D39854552E5CF296288
:10572000AEF19CCD9072B82919C2DAB3C27BBE76B5
:10573000AC9897E7BE25D5DB3F613881F4382DC59D
:105740003620100ED347B3D7AD6B188DE01D9BF9F3
:105750002601FD382FDFA0BCC94F7A4A4DA296869C
:1057600011770747E98A83AF5E98E2FC3A7138BA4D
:105770004CD7A9E73332B97683A909B66595636C2E
:105780003DA8C9BA00083CF50D3FB2D8DB24BD7175
:10579000603143982611C5668A483C7E5144BF6CEF
:1057A000225C8D833D0B3D8D3CA35CA5341FBC5A10
:1057B000D92F8020F60E1A97BD2836E21BCE4AF16B
:1057C0000F1D4DC88EE0343F82D37457F1516E01E6
:1057D0001ECBF209AD675223714FDB884D3245A3D2
:1057E0005C65C0F1E9B3C2615EFC1783702B850E66
:1057F0007409FFAC98B7D38C6A7FC1DB2189CA4991
:10580000C5E8968C8BF5246E6207A89DFBBC7EA82C
:1058100001BFE0206F6F6D863BEAC9A2BEB9F16C93
:1058200032272D21DC11E7BA7CC6697782C071FC72
:105830008A3C976400E8A55EE1EFA23A9BEC2C95C8
:105840004884431175CD4BA57AEEF52813BF6EF948
:105850007AB7D84E2B63CBAE26A374132E782B9138
:10586000D93B4B837F7D8B794F746D5F587BE4F818
:105870002D1DDE9EAE93AF419D0D05C630B5CFB355
:10588000274310B24B41DCAC2CC3E1AC794CD3883C
:1058900091779A4AA0084A0C677109EEE5DC8CDF23
:1058A0008FDC007C52253849590FF1E609DB282F9F
:1058B00082B1C5D7421D597E36A4AEFB12041DF736
:1058C000B71C5CBB5649DD098DD116F938F661333A
:1058D000FBAD64D9A71A3FF45DC17B9962E18BB23D
:1058E000B2B8538C5BD76325959A4EDC1B8F550C51
:1058F0002CBC4C8C1C58BAC23D66C82F04C31AD4A9
:10590000B47D91EF445FC6618CB482CFC8F1C1F120
:10591000E98149CA900106222F7C6C8FB629E36089
:105920001267BD34A9C0D2B04DD7A97E4A8CE1B46C
:105930000E616AFF265235E94AD4102238ADFDF0D7
:10594000286694C742A44A218DDE1C74C94EED8C92
:1059500047658E63C4EC3B28DFB68DCAAE403A384B
:105960004B1EA5D5C8DE4A179AE1E725DADE1E539D
:10597000252992F6B9D4D4CB4AA656A139275EFD83
:105980008F6B2BEC7B72D0126891E522DB20C6C5B1
:105990004614160F118FB4DA6F30D5C62370BB379B
:1059A0009FD5A299B996123073286FAFE0A266FE18
:1059B0002F543269B6872386DC4B250ED3224874D8
:1059C00020A0E60496F1C7F878CF8FD2E3252057C0
:1059D0004B50C1AB44E7115943E2D99F72FCA3730A
:1059E000C8AEA3E6DF0598C3E6D37BACC75BBB3389
:1059F0002AA1988E43BA9547F7F3E29F6A8E27044F
:105A0000E83AAC9C55C706815BDDF39ACFB96F9E2F
:105A1000A717383863BE85E51B44E45F23FE7ECDBF
:105A20000D71D3BD85A4A9AF63DB0336935432E671
:105A3000C1CB117A4297F039803772A7C990FEC264
:105A40000F60FE6C09BD226909FA3164C10B365939
:105A500024E0B6A27BFFBF9ABCC119542831B74DD0
:105A600008F9A998456631AFADD81A194FC55768DE
:105A70000FCEA830ADE4F19134C311890140BC22AE
:105A8000B90D7376496ED5E6E24C743D69E6DF16D2
:105A90006503DCC3157C0AE35783DC796FC4807926
:105AA000FE3EC6E0DBC8068D7818A3C81D2B5F95A7
:105AB0006FD29F18394CCB3765425922C4CD3F264F
:105AC0008BBB0045854C57E6D7C89AD4FE46EA6E94
:105AD000FDA72301AFDCA9A2EF4E3F38540F158C70
:105AE000E20C7FCB877F03826FBAC021DE38FEA92C
:105AF00046016F999539F660375F9A91F1D4F3C3F7
:105B00000FAABEC181B53BA300EFA342763B6CEC6C
:105B100035BAEDA3C9AF51E73D545D87D17B5B0733
:105B2000FED517A6AD1C281F6A0CEC01D77D2049B5
:105B3000393A1EADBA586CA4AAE6795CD5774B0108
:105B400098027C999B57C85B76779C990E7A1D8A40
:105B5000432F133EB0E66E3E4AD690E070E322310A
:105B6000929A2887F2DD6D5FDA821C942EE4B61FCC
:105B70000DBAD9CDA3298649AAD7A6BBAA076D6CB1
:105B80008CA421CF7370ACDD1E7D5255989030945B
:105B90003D430744BBD48D12B62A4164DBD247CCC7
:105BA000BC52E75D0A07492A0B7AB96D0C0A2881B5
:105BB000E26C5E20075E886ABA00A66F9873816403
:105BC0006A631C4B58609892BBF405580F94DD4BE8
:105BD0001F9319837706384913EC961546570537F6
:105BE000F78446CB31409F253C95D96D0275C32B78
:105BF0000224A885A31839943DEED60188DDAB7B3D
:105C000028D52388DE37F056B52AE0BDE4B903165F
:105C1000412C8C5E61355B398A36C3AC6B8E34CED9
:105C2000245A08DDA2B9FB5E40BFDAA9068C6B6B73
:105C30004D1B5D4DC44434C336BE5661038111A96A
:105C4000BACA9E45B4ADAC386CD68600F165E8E4BE
:105C5000E03145E0F64F8D6951C273BFD32BD56952
:105C600019DC4D1E4E3801C1E4FB72B33C82FBF2DD
:105C700047B069C504729445ABA857D1FDF9F853F4
:105C800018F3273F22CFEBE23E01A4003E3DB63F92
:105C900003CC211F367CDA338AC959551B7D7AD350
:105CA000C383A095C331B1A726F76896F82E0B6D74
:105CB0001387C6A378D8441D0E1AD68EAFE23CFFD8
:105CC0001488987247057E10793226E3FB087C36EB
:105CD0007E8E975FDA202449D61B9FCB91064BD846
:105CE00022CCD303DD45A8E7A6F1C18CAADA63ADC7
:105CF0007F56748199B4B01C8EAE20AF54C77869BA
:105D000091DEED9067C78814071274E3115ACB2413
:105D1000DB735CE4EB4CCE7A15D11AC337A67E77E1
:105D200049353C158BB5F73984C35B46D7D9EA01B1
:105D3000EFB1688A80470F71DA663847DF49D606C7
:105D40003B92FD767551F10ABE1AFB5C3021659FCE
:105D50000BEA7A5E43DFF3091651EF8CC9EC1806A3
:105D600091EC6A9924D0AC6B9140C1F45DD70007E7
:105D7000FE231FF3A62D6A9579CF20C7BEDF4E9C68
:105D800035F5E63950E559DA987C2C09018A5964D1
:105D900095A1EA4009A510FEA0CF6C50CC53D49B2E
:105DA00065FE44D59BF9AA35AA4C21A97E890D7FB1
:105DB00096B0BAD1E642105E824BD378000B11BD8B
:105DC000F008458CB94417BEE606A9F7D1B4B394E0
:105DD0005D4FC06A413766EF779DFC6620E56A112A
:105DE0000FBB3BB6D8977AE32A6826B070D12D9BBB
:105DF000967408CC76BBE4C3CA8977C48B36BC9250
:105E0000BD39E4CBD000D13A955E6495979B6CCFB9
:105E1000EEA48E1C4A470A10BF009A9A15A6CD78A8
:105E2000C151C5BE184EFDC8EC47EBE336593A9E4A
:105E3000F35CD71057F89CB01723351E6A9D428F2C
:105E4000F6D0E1AC80E535B7710B2FA5766832F955
:105E50002EE072D04A79A491A7DB2DE2EFAF75B89E
:105E6000C20A23C1630CEF6ABDE114C505347FABE0
:105E7000956042F10CC20DE9285D272728CE03DA90
:105E8000081DEDCFEA8B3B584BA2AB5F5BD90F7877
:105E9000D927E275554C41DBBC7E4E8B12C86C2B6A
:105EA000103FC98BCEADEBE3D5D18CF68ED4641602
:105EB000068ADFCFC9FB4FB6E41D0AB484BF3E9704
:105EC000AA402B9B9C00E15B4760C0BDBCC6CC5187
:105ED0003CD221103FAAFBECD3644DFCEDBC3D75D8
:105EE000D8E7901DBB054E08215F7D7EEE40C3259F
:105EF00061DEEAB7449EB486DAC57BF041F3DB8607
:105F0000D28F42039A4128D03E932B89009FEA8F7B
:105F1000AFA5BBB2975219CEB689C59BFCD361AB76
:105F20009191ACA5D0FF58A999D3C743F178C52D5D
:105F30006E0EDD6D9DE313CFCCFD64A7B97802E54D
:105F4000080C2DAB0F9F6339E8D3B23B5FA34661CA
:105F50001A7FBB2CBCD266D63A44ACA1EE553E515A
:105F6000641AB939EBB6E345787DD646AD4BC753D5
:105F70009C59C64D9A31FA384D8058A5CC4F692CA2
:105F8000930EE4E98177BD0CDE285C749B80CBB76F
:105F90008473D0BF10FA65DDD97C06675FB3D590F6
:105FA000316520D5C67240932ED3D2161FB83CE27D
:105FB0007DFB0B2FA633942FBC966E3E3BDAC3F4C9
:105FC0005A6E2FCD88C47BC64117FFBFCDE9A3D53C
:105FD00006299CB2BCE1AB2059C1787E336DF365D4
:105FE000DFCE6932C044E87D27F826A36E47BADFCA
:105FF00049F6C2AFE97727DF58C9AE0F9DEECCF264
:1060000007BB5D7B3CE8916E51E221E8C630C0CA17
:1060100050A1E28EB02B1035C4CB7AA9CF917381F9
:10602000411BC9059DCC47058C34C0B23E96FE612C
:10603000AA14E8AF08AA6530FDAF4F7ADDF9656CA8
:106040000000ADF01328FA459C5F878D4B61AB32A1
:10605000F477EBD9EDA1B40AE9DC83865A176C9189
:1060600010EFBDAC3BD4C3B486974C34F2ADF30C07
:1060700068ACFF1D12D2B716502CC734819A1CBDD4
:10608000A3C1D717D741991D5E42FA64064F3D213F
:10609000ED873EF09F92F786F6A02FCE2F10E8A155
:1060A0001401408000D8A4DD45605BC0D7C3EA2856
:1060B000701CEE79B87DF68E540F7CC632BB7731FA
:1060C000AA78C43240C1F245837D9161DF61F9FE57
:1060D00041715A0DA8ABD1315C8D1FDB2DFAAD603B
:1060E000F7986B3AFBD0C96F98C0C749C920F3E451
:1060F00042D64E77EA27095D58C30CAFDE74815251
:1061000068317D82D3CC7A6334E612E8EA7F7FAAD5
:10611000D3E336388EF802AEDE4A80F97724D90C04
:1061200073910782F02E00016766C8F1682F40ACBA
:10613000B2430F9B9FC22FB7D015B14D98E257D0F5
:106140003E530AFDBECEDE0CA2163D205CB514A95E
:1061500095A54426CA1EA8A51B011CB5858D2F4EEA
:10616000CC61172FACF196137375D38E9840C59BF5
:10617000287FB2156B64641A4A18651C8CD3837629
:106180006F252B959D1CF7F7F7C5BB3082AC0A1A1B
:106190005924458D733BCB7FDD6A6D235E87644256
:1061A000BE3B7436CDF240A98EA0B6D66E813BF0D0
:1061B000369F16CC1F03F79768BEBF36B0AAE338E8
:1061C0000121F2A4F548B6C9B0BF7F0106846A7602
:1061D0001CA574F5C27B3A70A4F2C4CE5BAA4F7BB7
:1061E00098090A8DE856452878F2F5B5E766A0E9E2
:1061F0002621C77113B2D9E70F05D23F05CF3D471E
:10620000993894AF5125B60499EDFF5797CEEC49D4
:10621000E821341D937A34CA666A941F080BC1D1F1
:106220006ED137B78009DF6FFDC04216DA509FF19B
:106230006F1AF1412CD0A2E52DB6BF7A462D8B5AAC
:106240000052463469FA55D88554598AC2C7F2AB10
:106250009BD7ACB9D268E18EFFEAD8005B69D2ACBB
:106260002F180FEC79C041B95E23A87A257B0D6900
:106270000F9B6D540FFFD32E3F8B17BF737B97C5BA
:10628000F1AE07985CAD9FCF420861361858949FD5
:10629000915D99295E715CAFD507793F5D08C22E8B
:1062A000A73D37CA3D310A0B6BF475DADA76C82C94
:1062B000D508D75F0F0E705DF3D1851CD5C99FE857
:1062C0009013E655DB51A7F856BFB977F71A876ADE
:1062D0006A5CE6501A68C84104B3897D8AC7B391E5
:1062E00072079A9368C247645EBAD50253FE794A30
:1062F0000C43E8AC6413D253D014B4AD08E63C4070
:10630000AD601876A38C7195F333EA1254AAF7D0D6
:1063100084F6F9FDAE820B9FF0DE46B5DE1C77C435
:10632000B28AF84AFE109DA811C411B7D231EDFD12
:106330007F35397903B90F56B8CA8A4BD6050FE9AC
:10634000370027BA8FA3B11539CD009D629B29A2D2
:10635000E1A5CCA7BF03FC0EF860E8EAC329050B52
:10636000CAB8A63012567422857A8211C5EFC620AB
:10637000F0D4EAA3F2A535CEA8DE57B2939AF29EE6
:10638000D6E26DF23597BAAC45B8B606CA9D4DD681
:106390005A8782ACCD24790058F26A2B9C6D931FEA
:1063A0007B8B17ADDEFF76A2941FAA8B4F62868D82
:1063B000A94EC9E173C6DF3DA69CCA6A957FCA6033
:1063C000F197714462B6B9E28AFCB86977E52E7735
:1063D000FC4F96DEED873B8934F2592DAD157E7C5E
:1063E0007D97666D36D0624E60562C158047F53825
:1063F00067E8CEF897E071353215FFF1218172E040
:10640000B2FF09582AA74717BC89E487D6E968ACC8
:1064100075B87B40E1B7F22C6E3BA44BE712E084E9
:10642000FB3BF7D93134F360702B087EACEDCD67C0
:10643000733BE5DCA57792692872C6412FCA6316C3
:10644000E05A20AF1860736264E91B26DE3AE93A2D
:1064500041898E80DA8B06E6FFE38F15E29E96ED8A
:10646000D655243FC0827F4E30E54C0F8301E66253
:10647000BA97E04D53FF5813F2DC9958DBD1846B87
:1064800056F720205FECEF2DAFD8D7DADD658BFC17
:106490008C26014F26737324F2A37AAFB29C1C950D
:1064A000872C5B1211F4866CDB48BA5636404017D5
:1064B00005E07E5D44100C778AF31EB46AD2F3F0D7
:1064C0009899AC81E387AEEA8BFBD44DA9F14202E7
:1064D00051CFCC18B8DCFA965C58CC5FEE65618180
:1064E000F4D5BE03319D6CA5C9901E3BFA9284FA87
:1064F0009448F6E105656BFE0713750109C7AF9770
:10650000897979B87FDFDE25DB2905AF5BD57A2E67
:10651000E47FA9E82B8048B4FBECB8708AC1F7404F
:10652000BCD66D2760660600CDC6A045F452202873
:106530003522AEDCAEDB38956A9652052BA2EFEC25
:10654000DD90D8F56709ABF48E4069A79AC683E55C
:10655000461AD134BEEC64A66F36A5921EAED7663D
:106560005606E278EE066FB39C6CEF971A827F4373
:10657000B2F101CC6F52F69F8B3DFCC4317A6BC3F4
:10658000A2CA7ADE511CBD8E5D88747C0CA5BAA2AD
:10659000EF3149EE4463CF16684A8CAD4049D421AF
:1065A000AA710492C1CDEB12328A43655A85A5BD0A
:1065B00065931AC4B128652E2D3098F5570BEF82DC
:1065C0008582C5C709A5C9E9FCFA8B2E14E107C469
:1065D000FEB93AAD70959C09F14A395F8CA10995D5
:1065E0009E3420487C109543178B9E00580A1961F1
:1065F000DADB226B7CF6C254C4D23E04D0A96E769C
:10660000349CCE7333B00186C2C8C2E5836458920D
:10661000088DAD61BCB86BAB0221EC2163F833642B
:106620001F9D1FC0AF77E570569580CD72F273C184
:106630006892CD1EAFAAD90852017C940447EDD4CC
:10664000CEE256FAF80167D4D2BB11573D8D8D6862
:10665000D7E96AF3538AE6580C6A9F3B700F76615C
:106660003245C60B6C25C5FB4E9C1B56BA7B5405A8
:10667000EA3DB75953FE15996B44C4839AAEF0DBDB
:106680001BB3B714D73CDA0F85DB2AF514C866DFD5
:106690008A07DF2590FC2F0D88718B6647067D7277
:1066A0004FF3C4D6869B2A0AA0252789421EDA9872
:1066B00007555A027C86804CB01BA5ADFBA425AAC9
:1066C000F74FE6B6CD31ED8B126B7FB77F7097AD8C
:1066D000B4D92A8A05EA2EEB48F5CA2CDCE6899063
:1066E000FD7DAED597AF8017C12131C4EF91975B87
:1066F0003617C86F42D37AE3B6E35538367022397D
:10670000B22B29E85EBC75DBCDF76D5A13F385DC3F
:106710007056916E485ED5CE5C0A3D2C995F7D62C5
:106720006F8C00857C0CC9562FEE0DA872F58F7307
:10673000C6865DA3AF8F6148FEBE5360B384FC90F4
:106740001459E5F4A79E4D3007C31DDEB4961A8098
:10675000778F10E045F24FE643102E856E2F3109FA
:1067600032D6C8AF598F343AA630FB3156B6EC1347
:106770002FA4DD898FAC6ECA09AE0D7DAB007CF114
:10678000E161C0702F571B95164DE8ADDC05F63959
:106790009882EEC26C0AEDD574973870E66DC5AA82
:1067A000B1B84BC2735704E7F4B18525CB458A33A2
:1067B000179B938A1E06211089CBDFD19929587225
:1067C0001CD9CD7E1646D94971FA8ADC56657EF40D
:1067D000E1AF0B8E649394575915D0D22BCD85140D
:1067E000B4E16929744CF81CB434B6F6BD99BC33D5
:1067F0008E75CF45408E3BB1204BDF72CEA5B043A6
:106800000723BEF0C63E648AEBCCE809AE567DADE8
:10681000F896CDC417C730AEBB96F135FD9FC21FA9
:106820008B81E589BEFE502554917B86CC5C7C93A0
:10683000ED586EDE39F6F82760EA07FF83DAF011CB
:10684000BE189D4CC8142D98A1B95D99BF82B14F57
:106850008595C596BE1A13EBDB713FB2C52A88C574
:10686000B9D627FDB7F15026EAE2AA6D57BDB0A50B
:106870004596E2EFA38BBE81155DA3BB6EBB7BC6C5
:106880009C29D88DF7C6071C9A067C827E7E875489
:10689000585B58F44E3C29CE36B586BFD8073140F8
:1068A000BEAA591F70AD62257F2E41F6103606C272
:1068B0006F143116B32749020FE7ACEDB249739953
:1068C0002A6117D5FA6836ED2C120CB3B54640484C
:1068D00031C9EDAAF0C73D41940B62C9BF8BE4CA30
:1068E0009189C3189FC675B2E4276118BF5E461E22
:1068F000D3F94A7E86246580146539D958A2566436
:10690000AB22C12534FAD4E59F044DFE4DD71D18A6
:10691000913814BC49B46568B465C8C36A4485DF5E
:10692000E43FD94BB40A2E40F5801A8AF3658B01F7
:1069300081D0F414A4548B1A28907DC46CCF0B41E1
:10694000DC02CFE8087DD5FA1EC3F8CE2D3FFC62ED
:10695000094BCEDBAD70E8F11E3B3236F980CBCC73
:10696000852CDA930A3F661FBCD9EA8390EC48C7AE
:10697000341C9B23F17BCDA9FA46DCCCFACBF2A6E2
:1069800071741F20B8CFABEE3F05F178411E89B47A
:10699000D892AA810534F620EA30B9B91B749C5A02
:1069A0007C886D73E5D04BA54BA6952930BA6F5600
:1069B000B1F68A57372A7712F1DBD8E25C641935D1
:1069C000FB9AE92CB9FFBE6E906144B004CA68FD21
:1069D000B525C9EF9762FDD51E883E55AD5304F12C
:1069E00075532CFC0070F083A628D585E3465AE742
:1069F000416B5AD472F69367F7671567170DE53444
:106A00005FEDAB1050FD6F9D47738A9119131730DE
:106A10009AC713DEDD948B2F14DAB7A0EE5B26D76E
:106A200056DDA3DC7D1B70625C19E4FADBB5454AD8
:106A3000F15570555D019E6D71C3B9C6F31C4E854D
:106A40008D2EC3DFCD5CB5D194DE4DB822F1A2A569
:106A5000579175D213DBA63797CA5C9A3E894F9738
:106A60002E89CCAE6BEC40E0DBDF098DDC185E7468
:106A700094B38F44BB03EC7F5E557C50184DEAA164
:106A8000FFB0CE1B12CD08C94DA14CDCE86C6805E7
:106A90004A256BF0764DBE1FDB6098E66C8AA673C4
:106AA000D485AA96DA5FE0EA72601AF027161F789A
:106AB000E9F4DE3088B9A02F5371B6959BB94244F2
:106AC0001C60ACD245918C23548E424805FE7CE07C
:106AD000709FD8D415823A23EB6AE23673081632D7
:106AE000AA2D811B486EC31FE5B82122196D55C818
:106AF000CC4C0FD89AFE6219A57D9F34A93E567ED4
:106B000001FD698A16C51021348D50C081DCF32344
:106B100032C451DAC30787638E18DD8D30D3D4A613
:106B2000BF57B712EE597ACCF00E6E3670F4DC4FC8
:106B3000A9FC0A1E84F4605C6ACF3E3D85E9D8C991
:106B40007361FDA312A8E66EE919E477992804A9F8
:106B50006E39B1F4D243C04AB7D8E7BB6FE7B71973
:106B60004A862F8EBDD61C02094141923EB29B3E01
:106B700058BCFA2D9B83EA726C326601F9A5BC3CC5
:106B80006B9423FC3681D85BC87C9221D35BB69989
:106B900001D1080C47C6A467AC5C1E85766EEA2F4F
:106BA0009D294DD62DFA8A215FB4FECE69C4C6EE6A
:106BB0009C77A548474A7C2B80C9DB83F0CCD5F96C
:106BC000E1CC07BD6918ADED38C4FE1590B9CFB35F
:106BD0004A7B60C73291A23457FDC4DD230235E3FE
:106BE0006E35F958CA4EBDB477FC106CEDFA2AA682
:106BF000275956BF93F4CF13244AFF7650CA58AC96
:106C0000B1A29219D1443EE1C2E3B77EADA4E295B0
:106C10003861A999D7BD9CF6E74AB64804B63E004C
:106C20006E02767F3207E256C3AC357E01E02A1F42
:106C3000A63BB99DF85F1DD7DB931C95B78EFF82ED
:106C4000BC9D3E6BC7AF35264E15ABBFADF4D2FC35
:106C500093A0FFC93B337DC296837AABCF63987D07
:106C600041E3E73524481897762ACA4B7123C7EFCA
:106C70006CC55493780FC55A81E65ECCEB1FA6B560
:106C80003E417B1C7F72B9D4C5F7F56A9D68634E9F
:106C9000FD123042E85AEA4140E460B3799A1AC9D9
:106CA000697E63261E0FD5110B354F296B4439E8D9
:106CB0001BF7B8C79E7F366CD70D71EFC9CC54BA9D
:106CC000740C861E646F8A1C330AAD8BC5F81F6B6B
:106CD00063EB66E144C61D7B427C7B60D869A64FAE
:106CE0004966A5732619F33D78C40EAA047044754D
:106CF000C4D294AF6E1058837BCC3394A3F14B4431
:106D0000F0DE3AA769C01F0F0A008F18ABE7D679EB
:106D10007CEA3917B21AA38A339B726099A52BE9D2
:106D20005CE1A836E24348E2180DC09383C2056BCC
:106D3000947B5826499C09BEDDEFBFBF5B4B828B1D
:106D400018C7AFC3A2281C045620DD44A7F5A442EF
:106D5000B67468D78E717568B0F8E4F14BBC123E1A
:106D6000C7E0EF3E88C6421D70C3A9D72018D56B77
:106D7000F9D6EE8A7EC7ED7C0640D9C9A1D3281684
:106D80001DDAA1CB34E3D6F60A3B67A93041C7FF31
:106D90005B52C1549BCDE3881A09E3A50C0A463B1C
:106DA00010069907A3606AC7303545FD44B4584DB5
:106DB0001446DE7EC6BF18F614643CBB810E5E65C9
:106DC0002E6DFFD5AB71B96F21F5CB119CE6642117
:106DD0007D6EF3040B0E5EE1B51C1AB2E94E2E0E69
:106DE000941F72107FEF25AB26429A0A30700B7CFD
:106DF000F3E1AA31CF243F9931B13E536B40B881C2
:106E0000963C35779950F3B18D95EF7BFF90B89F05
:106E10007A6BD279AC04FEEAEBA470E56200B71C91
:106E2000AC651E51F1C633775F6B98BFDF20D1058B
:106E3000B98032B985AE2BE21B515376EF02938BAA
:106E4000C4425960AC6D84E1BC1F3011B0ABF77324
:106E5000627D1F542C73816E39039110CDCCE68175
:106E6000852717EEF0EC21907D46624B6EC26DC116
:106E7000A4F8DDE9E23C6598AC8625FA3431F96581
:106E800033CFB6FD4D521181FD84A8E2FF72C6AE2C
:106E90001A670AFA906E1EE9C6E3361C38843B274F
:106EA0001C049EA76B97793CE070485B5915A1EBD9
:106EB0000DF476C377CCB955EB288E43C9ED02ACFF
:106EC0007B64247F1B071A6C20D7330AC525108CDE
:106ED000550B390AC81730BC046EAA4328CE9D8AC8
:106EE000FF509DBEF24CA3EB1B0E3538446A0CA933
:106EF00031C289C1477A60E0ACA9361930A4E6E214
:106F0000AD1E80CDDB45B3C6AA36BAD1468D5DC372
:106F10007BAE77C5CE2FB2B323E8D3EE6FB3142B7D
:106F200088D6E639AEA5AA0445981AFAE4A01189D4
:106F3000085D64CA8B5ED049F833FA22E10D6FFF19
:106F400007B5775F1BD692B8A2C508BF444BD7DA06
:106F5000ED59353C3D63D147ED708526B6E9AA343D
:106F6000609A7A85FA9F4A926BE963BCE8812EFAAF
:106F7000B789F66A0FBFB6A90B13E255DE7EB3429E
:106F8000D15BF3378DA9E7E47F8B67A02D4471F0C7
:106F9000A79B1B87550AA65CF10C20F7DB7D557675
:106FA0009BDF0A0500BFA2545CA3A86D103A6E3C9B
:106FB000DC66998FE1AA949D9193740D2141E2AC16
:106FC000BC9AAF1B648A618280324576A6D1A51A2D
:106FD000043CA578DCBE6F9691E07443BCFA29EAC4
:106FE00024DB5444253097A5776BCC7846B89B4E6C
:106FF000969BC3D792CFC4D54210B6D94F616CD8F7
:10700000FEC1D03F1445D2D08D36E3B3E2BFA0EE2F
:1070100034B2292288D81FAC880B8F41B49393A532
:107020009AE69E9CAF7EB2C35406F4AF9902F3C1B8
:10703000786F7BECDCA83DD0FB48679AE987246336
:1070400091C6CC9616F4CC7F649E6060F1DBC5815E
:10705000FF13D210EB1F14CF1FF7203DCAE9D7EF63
:107060008918EB52822C17ECD782ECF347FB7D8713
:1070700043A10425BE749CED239B078877A0760767
:10708000B8E2DBB2B561CDB51CE70DFA620660C2AD
:10709000D7361263323DF4ED2F3B714AD7BF5DC244
:1070A000ADE5B491C1149242BECD91AF50DB085012
:1070B000E0A965A04ADD542DA528B0B169EB0FB356
:1070C00042607BC8A035D28ED3BF25CB9D13F9E398
:1070D000EF14D3A2005AA0FAF01C6646301FC09EDF
:1070E000B61C7FA9C6DDEECA467EA3F6994B1D5598
:1070F00097F4AA2DD0B7D267AA814895FC48B5DD90
:10710000FB36763A5CC581B364045A7F342B135046
:10711000D2AB8BFA7081A530CE39307DD033D54AD1
:10712000C850B6B8B4BDD104F6F0F564F83C69A314
:1071300048232973DB87053D7F5D3F68138F878672
:107140005D5B548DC9D4EB46AEC0B8A52011A2AB8F
:107150001090FD6611BF0DEC0CC8371BC4CB031398
:10716000F287BE41378F1BD839F4B44F1F5B46B846
:10717000A88ABEEBDC8AC23D673FE01B8A7F147A97
:1071800077CCF0B5E89B052A8EF00BAE3D25953601
:10719000B435E1E2A53915EFDFCFE0964C117DDD86
:1071A000471C8D1B3DA0819C7A3C1CAF4AC03C749F
:1071B000268F0D59A1C4CA50F27484046A6B572EED
:1071C000A7D641EEEA844B6616FE80358592C7202D
:1071D000BDE414849BBCC6FFE62C8A8E8EA1091FD9
:1071E00047AE273F10BADF362FC0E87668B3F0B35A
:1071F000A9A6E7F5E60B5A001EE7F0088E7FA491DA
:107200000894F2AFF824EB7D60C6B396176D66B3B1
:10721000AAF32A42B6450DBA8618234E2F1B401DED
:1072200034052F3B7E2B37298DA5C7395DFE887D20
:1072300055473BF0006159B862A0C769F6187F73E3
:107240008FED9219FC36673E30BDC33FCE54FB4BE9
:10725000C0B1AC294FADECA93D6760A9B13F4C6A04
:1072600075159F7BA570A2613216DFDF7071D2BFEA
:107270004081EAEABF34E1E218753F9E19FB0E8CAB
:10728000854A8A590A1D1F23A976275B694541FC57
:10729000EADB0A19430D84113E7B7DD44E55C4F9B7
:1072A000C658E3CD4B6237D6C6F115E377C0A58942
:1072B00013B5CC9277C417B3D2D830220A20B24289
:1072C000D6B7FC0DE166B2B63A259B7BDA716B78D6
:1072D000FA3CDCB67030B82B9B74571D612CDCAFC8
:1072E000CD639E69B41A75B8106598C42D40B9DC99
:1072F0004F77CDE3ED93D7AF177815FDA2888B9626
:1073000051F93182C2A3C4F5FC4947C49962972060
:10731000635562C8F493024B36CA63A96976681A4A
:107320003FBF60E795656DA7F410D1AC2D698A99D0
:10733000FA928A09904D316207C096696FB52AF0BA
:10734000A9FA9D0C6F80A5B697A6C3515062DDD2F5
:10735000CFDE9F0DED1026E1C3F4484DA40ADE9761
:107360009572DAA34D3CAA8883F5CD2B5C3A09B31C
:1073700057A8069B3CFC23485A1DEC8760413B8B79
:10738000123C1750E2F72D0B69EB43965514313B35
:107390007A00641FF0B0A642B9417C5301AE1FF1E0
:1073A000314B795D479EA8324C675520C4835447C2
:1073B00052457D759D1B86C25D58304E9FC5F9C7ED
:1073C000AD6A4F3141BB8634234C8094E9ABD294F3
:1073D000A1CDD8DE591608F70308080A3A84F90344
:1073E0000FFD190D0CCCDCC7EA689DF418A0E34E24
:1073F000E191B8ECD9E00285AB24F02624CD091C3C
:107400001C76C19B3794DC20715A5AE4B8DC4C7C62
:10741000E4C5A20CB2F17AE642CD3B959119FEB5D6
:1074200038B0615B0D6479E4EEEEBC56667F7CF4A7
:10743000530D68168D7F9AB91B889E43D866AEB2ED
:10744000BA3F406A5B32F5F34BA40DCDA095141BF7
:1074500010EDCC49C3106B67D41D3B7E2E105888AD
:107460003B48646A652C43548CBF6411ED350D02B2
:10747000B58080E874552CE16E7014F0A4D5DE66FA
:107480001BB36804F1641B43470B7446F9AB7EB130
:107490004F455272E25A885D4687FA189466212158
:1074A00061E126C26B2C66CCA778A321735FF8A894
:1074B0001D024E6A11AC82541E5F1498F511CF2F35
:1074C0004FDDA25E555C079618305A7B8B52BA6925
:1074D0000FBE60A34E808848EA66E1A06F615E4BF4
:1074E00004558D15BA70B44E8DAE1D985880F07845
:1074F0006BE2BFEA122DDB06A67858947F912C1E12
:107500005E704CCC91C512F33DCBD81B995D6FF0EA
:10751000D75C9F1CC61A2FA5F7E4A2985E0FC9611D
:107520002AF45CDF3F74DF70DE89C55A9EB9B16B07
:107530004598B843B57790DEFC773665625143AE27
:1075400043B6C3B2ED6D56342139C7B6C9A40EDDBA
:1075500007C8CF24DAD6C7EB4FC7F04F58F4A8EFCF
:107560009C4D9D3CBEFBD6420DFFEDD5E9D802688F
:1075700011AA4C51494B1C9E7933A8561861536788
:107580009DC9F55C4AFA111CBE6770D9DED24C6EFB
:107590008CE88133A8B049F3486CA9E711B575A60A
:1075A000A683ED0793F6395E3494245F139011BBE4
:1075B0003412C0D0F6C29530563B24FEEFE06C3852
:1075C000887BAB509E4056FC0712C8B6AB88FA9F2A
:1075D0003B1023FC12C9621EB57440C53A83FA04FD
:1075E0006DCDDD4ABC24B9E096DA12CBD59D94204E
:1075F000FC9A3147ECE0A33CBF5274DA200529E441
:10760000A0B132A6F5141FC5F1907B5CD6C530DD64
:107610006EC7CD4B5C211CD70D0F405AD7D19F753B
:107620001080359696968215A188AB16F24818BD43
:10763000B384647EFA750CC48E136D9A153C0A23CC
:10764000AD1DA3B2937291327FD6AD266F316EB06D
:1076500065595D9B819770B48D69AE69BF61121EDB
:10766000031541318FE3960F20FDA5F6DFAF5226BB
:1076700032256FE93097A2563D111704108DAA7874
:10768000645F27A628E810E802E5142179C2138573
:10769000D7566FCF39832ADE9AE24FE1AFDEB03C96
:1076A000738A2D8ECD878107FDDA4559905116DBFF
:1076B0005831F230FEC1C8AE63708BD2F957390C25
:1076C000A5067E5CC3E92E7B913F72D6D89B8BB911
:1076D000A56083810A991244E1B8A7525402198027
:1076E00029AE0C54C0EBAFA77B6E26799874AD56CB
:1076F000C12BCD3DF653EAF2F0B33F980799CCB5D4
:107700001807DF0532C666FB16748428F92B8A8BAE
:107710002EBC2D103585AB8ED81041FFFD7FCF627A
:10772000A754C0BC1F16B12CEDA08779CA7E1CD10E
:107730008F0FE298CDA7A8B93BCAD59F5F8AB553F2
:107740003AAF688997052A7147C47235177A778DE1
:10775000A0D75C88770195F7E3CA8BEA69C68150A8
:107760003A624D8D44B7703C9009BB51431FC76EC0
:10777000B103A2EB482A4C889A99853C491527D138
:107780009EC84C4C35783B0E3F3144E0050BF4E28B
:107790003DB7B0E9BCC140A4CB170FEDA738519C51
:1077A00015E1ABFFA6BF89312B48B5601427EA83EA
:1077B0009DBD013AE8A7B30AB7C87F7B6963B95D8D
:1077C000DC2D7E6A6383EB6E166F135069065C5D79
:1077D00088B285B75D3CF4944186F5049348D82778
:1077E0003A797B07D51FB9EE59FF7001EF73445307
:1077F00049895ACD4D71D4A2C3881B56E804048030
:107800008E0E6FCA3887DE2370F4A9042A97F6C556
:1078100078B7C62E53EB98A07EAF11E2FCF6BF47B7
:107820006ADA8AE1534294A22DC7E3622D3360687D
:107830007960B01D66DCEABB6035CB4CCAB731B9A4
:107840007060FBC77D0A91C89098C1A8557BE30E74
:10785000B78879F12D5EC7964ABB3A29D6077C9D39
:10786000044FC00C9E9B7C1C0F3E4F3E06E8DB8203
:1078700068E45F5C3CE31AA3723EF1046825CBA187
:1078800069FC3382107AE31A1043C38F8B9E244025
:10789000A2EB2F8E9D5465726D696E616C000000C5
:1078A00000000000545452205245474745530050B1
:1078B000726576696F757320757067726164650AA9
:1078C000202D205374617475733A203078256C78BC
:1078D0000A202D2050726576696F75732076657267
:1078E00073696F6E3A202530386C78210A00437531
:1078F0007272656E742076657273696F6E202530C2
:10790000386C78210A0056657273696F6E20696E53
:1079100020757067726164652066696C652025302A
:10792000386C78210A00446F776E67726164696E03
:1079300067206E6F7420616C6C6F7765642C2073A8
:107940006B697070696E672075706772616465003D
:10795000557067726164652077617320616C726530
:1079600061647920617474656D70746564206F6EF4
:1079700063652E0056657269667920726573706F53
:107980006E7365203078256C78210A005570677217
:1079900061646520726573706F6E73652030782541
:1079A0006C78210A0000000013B779FAC925DDB709
:1079B000ADF3CFE0F1B614B8010100000000000003
:1079C00000000000100000000000000000000000A7
:1079D00053455F555047524144455F415050000068
:1079E0000000000000000000232D302B2000686CF8
:1079F0004C006566674546470030313233343536D2
:107A0000373839414243444546003031323334350A
:0C7A100036373839616263646566000037
:087A1C002888FE7F0100000034
:0C7A2400307A0108001000202A03000046
:107A3000101E0020000000004F1400083914000838
:107A4000000000200000000003000000C41C002013
:107A50002410002000000000C41C00202C1D002069
:107A6000941D002000000000000000000000000045
:107A70000000000000000000000000000000000006
:107A800000000000000000000000000000000000F6
:107A900000000000000000000000000000000000E6
:107AA00021020008F90100080000000000000000A9
:107AB00000000000000000000000000000000000C6
:107AC00000000000000000000000000000000000B6
:107AD00000000000000000000000000000000000A6
:107AE0000000000000000000000000000000000096
:107AF0000000000000000000000000000000000086
:107B00000000000000000000000000000000000075
:107B10000000000000000000000000000000000065
:107B20000000000000000000000000000000000055
:107B30000000000000000000000000000000000045
:107B40000000000000000000000000000000000035
:107B50000000000000000000000000000000000025
:107B60000000000000000000000000000000000015
:107B70000000000000000000000000000000000005
:107B800000000000000000000000000000000000F5
:107B900000000000000000000000000000000000E5
:107BA00000000000000000000000000000000000D5
:107BB00000000000000000000000000000000000C5
:107BC00000000000000000000000000000000000B5
:107BD00000000000000000000000000000000000A5
:107BE0000000000000000000000000000000000095
:107BF0000000000000000000000000000000000085
:107C00000000000000000000000000000000000074
:107C10000000000000000000000000000000000064
:107C20000000000000000000000000000000000054
:107C30000000000000000000000000000000000044
:107C40000000000000000000000000000000000034
:107C50000000000000000000000000000000000024
:107C60000000000000000000000000000000000014
:107C70000000000000000000000000000000000004
:107C800000000000000000000000000000000000F4
:107C900000000000000000000000000000000000E4
:107CA00000000000000000000000000000000000D4
:107CB00000000000000000000000000000000000C4
:107CC00000000000000000000000000000000000B4
:107CD00000000000000000000000000000000000A4
:107CE0000000000000000000000000000000000094
:107CF0000000000000000000000000000000000084
:107D00000000000000000000000000000000000073
:107D10000000000000000000000000000000000063
:107D20000000000000000000000000000000000053
:107D30000000000000000000000000000000000043
:107D40000000000000000000000000000000000033
:107D50000000000000000000000000000000000023
:107D60000000000000000000000000000000000013
:107D70000000000000000000000000000000000003
:107D800000000000000000000000000000000000F3
:107D900000000000000000000000000000000000E3
:107DA00000000000000000000000000000000000D3
:107DB00000000000000000000000000000000000C3
:107DC00000000000000000000000000000000000B3
:107DD00000000000000000000000000000000000A3
:107DE0000000000000000000000000000000000093
:107DF0000000000000000000000000000000000083
:107E00000000000000000000000000000000000072
:107E10000000000000000000000000000000000062
:107E20000000000000000000000000000000000052
:107E30000000000000000000000000000000000042
:107E40000000000000000000000000000000000032
:107E50000000000000000000000000000000000022
:107E60000000000000000000000000000000000012
:107E70000000000000000000000000000000000002
:107E800000000000000000000000000000000000F2
:107E900000000000000000000000000000000000E2
:107EA00000000000000000000000000000000000D2
:107EB00000000000000000000000000000000000C2
:107EC00000000000000000000000000000000000B2
:107ED00000000000000000000000000000000000A2
:107EE0000000000000000000000000000000000092
:107EF0000000000000000000000000000000000082
:107F00000000000000000000000000000000000071
:107F10000000000000000000000000000000000061
:107F20000000000000000000000000000000000051
:107F30000000000000000000000000000000000041
:107F40000000000000000000000000000000000031
:107F50000000000000000000000000000000000021
:107F60000000000000000000000000000000000011
:107F70000000000000000000000000000000000001
:107F800000000000000000000000000000000000F1
:107F900000000000000000000000000000000000E1
:107FA00000000000000000000000000000000000D1
:107FB00000000000000000000000000000000000C1
:107FC00000000000000000000000000000000000B1
:107FD00000000000000000000000000000000000A1
:107FE0000000000000000000000000000000000091
:107FF0000000000000000000000000000000000081
:108000000000000000000000000000000000000070
:108010000000000000000000000000000000000060
:108020000000000000000000000000000000000050
:108030000000000000000000000000000000000040
:108040000000000000000000000000000000000030
:108050000000000000000000000000000000000020
:108060000000000000000000000000000000000010
:108070000000000000000000000000000000000000
:1080800000000000000000000000000000000000F0
:1080900000000000000000000000000000000000E0
:1080A00000000000000000000000000000000000D0
:1080B00000000000000000000000000000000000C0
:1080C00000000000000000000000000000000000B0
:1080D00000000000000000000000000000000000A0
:1080E0000000000000000000000000000000000090
:1080F0000000000000000000000000000000000080
:10810000000000000000000000000000000000006F
:10811000000000000000000000000000000000005F
:10812000000000000000000000000000000000004F
:10813000000000000000000000000000000000003F
:10814000000000000000000000000000000000002F
:10815000000000000000000000000000000000001F
:10816000000000000000000000000000000000000F
:1081700000000000000000000000000000000000FF
:1081800000000000000000000000000000000000EF
:1081900000000000000000000000000000000000DF
:1081A00000000000000000000000000000000000CF
:1081B00000000000000000000000000000000000BF
:1081C00000000000000000000000000000000000AF
:1081D000000000000000000000000000000000009F
:1081E000000000000000000000000000000000008F
:1081F000000000000000000000000000000000007F
:10820000000000000000000000000000000000006E
:10821000000000000000000000000000000000005E
:10822000000000000000000000000000000000004E
:10823000000000000000000000000000000000003E
:10824000000000000000000000000000000000002E
:10825000000000000000000000000000000000001E
:10826000000000000000000000000000000000000E
:1082700000000000000000000000000000000000FE
:1082800000000000000000000000000000000000EE
:1082900000000000000000000000000000000000DE
:1082A00000000000000000000000000000000000CE
:1082B00000000000000000000000000000000000BE
:1082C00000000000000000000000000000000000AE
:1082D000000000000000000000000000000000009E
:1082E000000000000000000000000000000000008E
:1082F000000000000000000000000000000000007E
:10830000000000000000000000000000000000006D
:10831000000000000000000000000000000000005D
:10832000000000000000000000000000000000004D
:10833000000000000000000000000000000000003D
:10834000000000000000000000000000000000002D
:10835000000000000000000000000000000000001D
:10836000000000000000000000000000000000000D
:1083700000000000000000000000000000000000FD
:1083800000000000000000000000000000000000ED
:1083900000000000000000000000000000000000DD
:1083A00000000000000000000000000000000000CD
:1083B00000000000000000000000000000000000BD
:1083C00000000000000000000000000000000000AD
:1083D000000000000000000000000000000000009D
:1083E000000000000000000000000000000000008D
:1083F000000000000000000000000000000000007D
:10840000000000000000000000000000000000006C
:10841000000000000000000000000000000000005C
:10842000000000000000000000000000000000004C
:10843000000000000000000000000000000000003C
:10844000000000000000000000000000000000002C
:10845000000000000000000000000000000000001C
:10846000000000000000000000000000000000000C
:1084700000000000000000000000000000000000FC
:1084800000000000000000000000000000000000EC
:1084900000000000000000000000000000000000DC
:1084A00000000000000000000000000000000000CC
:1084B00000000000000000000000000000000000BC
:1084C00000000000000000000000000000000000AC
:1084D000000000000000000000000000000000009C
:1084E000000000000000000000000000000000008C
:1084F000000000000000000000000000000000007C
:10850000000000000000000000000000000000006B
:10851000000000000000000000000000000000005B
:10852000000000000000000000000000000000004B
:10853000000000000000000000000000000000003B
:10854000000000000000000000000000000000002B
:10855000000000000000000000000000000000001B
:10856000000000000000000000000000000000000B
:1085700000000000000000000000000000000000FB
:1085800000000000000000000000000000000000EB
:1085900000000000000000000000000000000000DB
:1085A00000000000000000000000000000000000CB
:1085B00000000000000000000000000000000000BB
:1085C00000000000000000000000000000000000AB
:1085D000000000000000000000000000000000009B
:1085E000000000000000000000000000000000008B
:1085F000000000000000000000000000000000007B
:10860000000000000000000000000000000000006A
:10861000000000000000000000000000000000005A
:10862000000000000000000000000000000000004A
:10863000000000000000000000000000000000003A
:10864000000000000000000000000000000000002A
:10865000000000000000000000000000000000001A
:10866000000000000000000000000000000000000A
:1086700000000000000000000000000000000000FA
:1086800000000000000000000000000000000000EA
:1086900000000000000000000000000000000000DA
:1086A00000000000000000000000000000000000CA
:1086B00000000000000000000000000000000000BA
:1086C00000000000000000000000000000000000AA
:0886D0000000000000000000A2
:04000005080002FDF0
:00000001FF
