S02300006275696C642F64656275672F736C656570792D64656D6F2D737365642E7333371C
S3150800600008180020090E0108D9590308DD590308A4
S31508006010ADD70008E1590308E959030803CF00087A
S3150800602003CF000803CF000803CF000803CF0008FA
S31508006030ED590308D43C040803CF000803CF000831
S3150800604099F9000803CF000803CF000803CF00081A
S3150800605003CF000803CF000803CF000803CF0008CA
S3150800606003CF000803CF000803CF000819AD0208C4
S31508006070C1AC020803CF000803CF000803CF00080D
S3150800608003CF000803CF000803CF000803CF00089A
S3150800609003CF0008F9CF000803CF000803CF000894
S315080060A003CF0008D5CF0008B1CF000803CF0008FA
S315080060B003CF000805C60308D9CE0308E7F303088B
S315080060C0E3F303084DC60308FDF30308EBF30308DF
S315080060D0A9CE0308EFF3030819CF030881CF0308F5
S315080060E003CF000803CF000803CF000803CF00083A
S315080060F0951D010803CF000803CF000803CF000849
S3150800610003CF000803CF000803CF000803CF000819
S3150800611003CF000803CF000803CF000803CF000809
S3150800612003CF000803CF000803CF000803CF0008F9
S3150800613003CF000803CF000803CF000803CF0008E9
S3150800614003CF000803CF000803CF0008F1020408B4
S31508006150F9B1030803CF0008D1F30308D7F30308FE
S3150800616003CF000803CF000803CF000803CF0008B9
S31508006180F0B5114A114C124E00F00105E3695F079C
S3150800619013D40DB9334213D103EA00078F4207D14E
S315080061A00B4A1A40002A0CBF00206FF00100F0BD10
S315080061B0013AEBD16FF00200F9E74FF0FF30F6E74E
S315080061C06FF00100F3E700BF8096980000000350C7
S315080061D002000100000000000000000000000000AE
S315080061E000F58050D0F8EC09704700F58050C0F8EB
S315080061F0EC19704700F50050B0F8CA04704700F56E
S315080062000050B0F8C804704700F50050D0F83C06B6
S31508006210704730B5E9B100F5805393F8D62D00F5EF
S31508006220EE50123000EB42048442054603D1022A9E
S3150800623007D1032004E02D8802308D42F4D10020D6
S3150800624030BD501C83F8D60D03EB4203A3F8D21DCC
S31508006250F5E70720F4E7F0B529B300F5805500F512
S31508006260EE501230024695F8D63D00EB43069642AC
S31508006270144601D11720F0BD278802328F42F6D185
S315080062800BB91B88FFDE013BDBB285F8D63D1AB297
S3150800629000EB43039C4218BF30F812304FF0000061
S315080062A018BF2380E7E70720E5E700F5805090F858
S315080062B0520E704700F5805090F8600E70470148FE
S315080062C0704700BF3C2E0408004870473D2E04085E
S315080062D0004870473E2E0408004870473F2E0408C1
S315080062E000F58050D0F8F8097047002908BF4FF428
S315080062F0E151054B00F58050994294BFC0F8F81952
S31508006300C0F8F839704700BF9AC4200000F58050DD
S31508006310D0F8FC097047074B00F58050002914BFD8
S315080063200A461A46044B9A4294BFC0F8FC29C0F89C
S31508006330FC397047007512009AC4200000F5005019
S31508006340406E704700F5ED501030704700F5EE507E
S315080063500130704700F58050D0F8DC0D704700F525
S315080063608050B0F8120E704700F58050A0F8121E43
S31508006370704703468288C088114481429DBF1868C9
S31508006380998080180020704770B505680C4625B9B5
S31508006390BDE870404B68084818478B6898476A6894
S315080063A00146831A002BB8BF121A2368A8BF002219
S315080063B0BDE8704000481847F01F002038B50C4665
S315080063C01146A2680346944206D00568AC420BD132
S315080063D00260FFF7D9FFA46038BD94420DD011467C
S315080063E09268002AF9D1F6E72A460021F9E78B6870
S315080063F0002BF0D09B688B60EDE70029F7D1002DC4
S31508006400E9D0AA681A60E6E72DE9F04193680546DF
S315080064100C46164698473246074621462846FFF751
S31508006420CDFF2868002203466BB16168D3F804E003
S31508006430A1EB070CAEEB070898EA0C0F13D4A1EBF7
S315080064400E01002907DA4AB9A060314628462C60B1
S31508006450BDE8F04198E71A469B68E5E79368A360AC
S315080064609460BDE8F081BCF1000FEBE770B50668F3
S3150800647004460D467EB18B6898477368C01A002893
S3150800648009DB20462A463146FFF798FF304633682F
S31508006490BDE87040184729462046BDE8704073E7B6
S315080064A000F5005393F8383613B102490830DDE792
S315080064B0704700BF402E040800F5005393F838369D
S315080064C013B102490C30D1E7704700BF4C2E0408BF
S315080064D0012300F00700834013F0220F09D113F0BF
S315080064E0880F08D113F0440F14BF01200020C00004
S315080064F070470420704710207047D0F8020000BA91
S3150800650070474200400800F0553002F0AA320243B4
S315080065109300920802F0333203F0CC331343180188
S315080065201B0903F00F3300F0F030184300BA704728
S3150800653010B590F830200B4682B1013AD2B280F8F5
S31508006540302000EB0210814207D000F1100250F80B
S31508006550041B904243F8041BF9D110BD144603CC22
S31508006560102C18605960224603F10803F6D1FFDEA5
S3150800657030B50C4687B0054601A920682DF030FFD6
S3150800658070B9606805A92DF042FF48B9A3684BB9F0
S315080065902B68024603F5CE5001A91C3019F086F97E
S315080065A007B030BD0720FBE710B50C684CB900688A
S315080065B0224600F5CE501C30214617F0F1FD204644
S315080065C010BD0720FCE7024B024A14F096BC00BF38
S315080065D0EB610008E16100080968006837F087BFC9
S315080065E00968006837F083BF70B50E6805460C4623
S315080065F086B0304619492DF0BEFCD0B100260434C9
S31508006600206801A92DF0ECFE88B9606805A92DF06F
S31508006610FEFE60B9A368F3B9286885F8406000F5FE
S31508006620B45001AA05F10C01183019F067F806B044
S3150800663070BD30460A492DF09EFC10B1032604347D
S31508006640DEE7304607492DF096FC10B101260434E2
S31508006650D6E70226D4E70720E9E700BF142B04088B
S31508006660172B04081A2B0408014651F80C0B00F5E1
S31508006670B450183017F068BD1346B0F86C202AB12C
S315080066800A4600F15C01024819F08ABB0D207047E2
S315080066908836002000F50050B0F8CA348B4209D07D
S315080066A0A0F8CA14044890F85930022B02D1583081
S315080066B02FF0B4B8704700BFF03F002000F5005334
S315080066C0B3F8C8248A4206D000F51350A3F8C814B4
S315080066D0083017F009BE704708B53130313120F05F
S315080066E0010021F0010103780A7803F00F0302F094
S315080066F00F029A4207D10431043038F098FEB0FAF6
S3150800670080F0400908BD0020FCE710B5044604F5F2
S31508006710005428F05FF8236C33F07C4204D0C3F3AE
S315080067201903984228BF184610BD42F210739942C1
S3150800673010B5044613D800F500539A6E91420CD052
S31508006740996627F091FE074B93F8683EDB0704D558
S3150800675004F50150183019F0A3F9002010BD0720E0
S31508006760FCE700BFF02F0020052938BF0521B1F549
S31508006770E14F28BF4FF4E14138B500F500556B6E7F
S31508006780044699420DD0696627F06EFE95F8593091
S31508006790022B06D104F501501830BDE838402FF019
S315080067A03DB838BD10B503780446002B14BF052044
S315080067B0032000F5003013F091F92378BDE8104066
S315080067C0002B14BF0620042000F5003013F086B90C
S315080067D000F5EE500022183018F008BA38B504460D
S315080067E008464D7894F8FE20A91C031B51FA83F33A
S315080067F0D21A014437F0C9FD94F8FE30023B5B1B00
S3150800680084F8FE3038BD2DF06BB92AF01DBF08B5E7
S315080068101B4B93F8492E012A03D0062A05D02AB322
S31508006820FEE7BDE808402AF0F5BE002083F8490EC9
S3150800683003F5805393F85010CA070CD5C1F3C30269
S31508006840013202F00F0262F3C601042A83F85010DF
S3150800685005D82DF045F9BDE808402AF0F5BE93F8AD
S31508006860502060F3C60283F85020F4E793F8482EC8
S31508006870520703D5B3F84A3E1B06ECD408BD00BF41
S31508006880F02F00208378072B09D190F86E00C309F2
S3150800689003D000F07F0028F015BD28F0D1BC704762
S315080068A025F022B9436810B4D3E9004023465DF8C1
S315080068B0044B18470EB403B503AA52F8041B0192F9
S315080068C0FFF7F0FF02B05DF804EB03B0704701492B
S315080068D0F0E700BF62410408F8B506460C46064FC5
S315080068E08D18AC4200D1F8BD3946304614F8012B54
S315080068F0FFF7E0FFF5E700BF3B0D040810B50446B7
S31508006900FFF7EAFF2046BDE81040E0E7F0B51C4671
S31508006910002387B08DF8143052EA0403064615465C
S315080069200ED130230DF113078DF8133030463A4651
S315080069300D49FFF7BFFF304607B0BDE8F040C6E790
S3150800694005AF284621460A22002337F089F9303256
S3150800695007F8012D2A4623460A2A73F1000305463D
S315080069600C46EED2E2E700BF0C1504084FF42013DC
S3150800697030B58DB0044601930023084602AD69463A
S3150800698008228DF80830009516F0FDFF2A462046A5
S315080069900249FFF78FFF0DB030BD00BF0C15040884
S315080069A010B50446FFF7E2FF2046BDE810408EE723
S315080069B037B50546CC884B8864BAA4B20A880194D0
S315080069C089885BBA49BA89B252BA00919BB204491E
S315080069D092B2FFF76FFF284603B0BDE8304076E76E
S315080069E01D2B040810B504468CB00846694627F0E6
S315080069F05EF920466A460449FFF75CFF20460CB05C
S31508006A00BDE8104063E700BF0C1504080CB473B565
S31508006A10054606AC54F8046B0A46074B0749FFF7C8
S31508006A2049FF2246314628460194FFF73BFF02B04C
S31508006A30BDE8704002B07047AC4404089A2B0408BD
S31508006A400EB417B5044605AA52F8041B0192FFF7BF
S31508006A5029FF2046FFF73BFF03B0BDE8104003B00F
S31508006A607047F8B505680F6805F5D05604461A3616
S31508006A7027B93146FFF7B6FF0020F8BD4B68BBB90A
S31508006A8038460D492DF077FA20B131462046FFF7F2
S31508006A9087FFF1E7384609492DF06DFA50B105F53B
S31508006AA080552046B5F82A2A0549FFF7C9FFE3E7C6
S31508006AB00720E2E72320E0E741340408E918040840
S31508006AC0C50904082DE9F04115461D4A0446FFF795
S31508006AD09DFF2A683AB120461A49FFF7EBFEAB7AC2
S31508006AE0072B05D9FEE720461749FFF7E3FEF6E729
S31508006AF0164A204652F823201549FFF7DBFE6E7A20
S31508006B0026B114492046BDE8F04199E720461249C6
S31508006B10FFF7D0FEDFF848802B7AF7B2BB4201D8E0
S31508006B200E49EFE71FB141462046FFF7C3FE6968E5
S31508006B30204601EB0711FFF719FF0136ECE700BF06
S31508006B402E2B0408E22F040820130408142704082F
S31508006B50342B0408271304080B130408100D040823
S31508006B60080D04082DE9F74305460E461446DFF8D6
S31508006B706C8014B903B0BDE8F083236842460093DD
S31508006B80636831462846FFF741FFA3687BB9E27D73
S31508006B90072A10D9FEE749462846FFF78BFEA36861
S31508006BA0BAB253F822200137002AF4D1EFE70027BA
S31508006BB0DFF82C90F3E7A18A238A0191618A284697
S31508006BC00091044951F822200349FFF739FFE46987
S31508006BD0CFE700BF14270408632B0408472B0408D3
S31508006BE05F2B0408034A044B00290CBF11461946BB
S31508006BF026E700BF861C0408902B040810B50C680D
S31508006C005CB9036803F5805393F8DC19003918BF9B
S31508006C100121FFF7E7FF204610BD0720FCE70CB46B
S31508006C2073B5044606AD55F8046B094B0A4609497F
S31508006C30FFF740FE2A46314620460195FFF732FE09
S31508006C402046FFF744FE02B0BDE8704002B0704728
S31508006C50AC4404089A2B04082DE9F04F05460E4665
S31508006C601C461746DFF890B085B003F1FF3802EBF3
S31508006C7081094F4517D128461C49FFF7E1FEDFF881
S31508006C807090DFF87880264449462846FFF712FEBA
S31508006C9014F8017B17BBB442F6D12846144905B04F
S31508006CA0BDE8F04FCCE657F8043B18F801AF184694
S31508006CB0039337F071FC02305045039B06D85946BA
S31508006CC02846CAF10102FFF7F5FDD2E700935346BD
S31508006CD0284608495A42FFF7EDFDCAE741462846C5
S31508006CE0013FFFF7E7FDFFB2D4E700BFE814040849
S31508006CF0A52B04089E2B0408982B04088642040832
S31508006D0070B506680D46304607492DF034F9044635
S31508006D1020B9304605492DF02EF910B100202C7007
S31508006D2070BD2320FCE700BFA72B0408AE2B040880
S31508006D3010B50C680B462CB1BDE8104000F10801EF
S31508006D401846DDE7017AFFF74DFF204610BD2DE90D
S31508006D50F041804608680F4616461D4688B008B3B7
S31508006D6011462DF03DFB002304462B7098B1396877
S31508006D7091B101A827F048F870B908F50C5002A996
S31508006D8034300BF05EF958B9304601AA02A919F059
S31508006D904DFC01232B700024204608B0BDE8F08185
S31508006DA00D24F9E70724F7E7F0B587B00DF10303DB
S31508006DB0044601AA00680D46FFF7C9FF034668BBEB
S31508006DC09DF803303BB120461749FFF773FD20466F
S31508006DD001A9FFF7E5FD05AF394668682DF017FBF1
S31508006DE00346D8B9AA68E2B9254655F81ECB01AAC2
S31508006DF0164603CEBE4228606960324605F108058C
S31508006E00F6D132882A80A28B42B904F10C020CF51D
S31508006E10B4501146183018F071FC0346184607B0EE
S31508006E20F0BD0723FAE700BFB62B0408102208B501
S31508006E3038F0FDFAB0FA80F0400908BDF8B5044606
S31508006E400F4690F8306000EB0616B442254601D18D
S31508006E50002506E020463946FFF7E8FF10340028EB
S31508006E60F3D02846F8BD0FB407B504AA52F8041B98
S31508006E700448019227F0A9FA03B05DF804EB04B0C0
S31508006E80704700BF582E040800230360436070470C
S31508006E90F8B5C1F34003C1F300025B0043EAC2033D
S31508006EA0C1F380010B4399075AB247D400F5005540
S31508006EB095F85B7042F004039F4224D000F5015414
S31508006EC01834204685F85B3018F0B4F895F8596000
S31508006ED030462DF09EF8C0B195F85B1095F85830FD
S31508006EE0C7F34002C1F340008242C3F3C00304D192
S31508006EF05BB93A0709D50B0707D400232046A5F83E
S31508006F00803118F0A1FE0020F8BD012E0BD1002615
S31508006F102046A5F8806118F009FE314604F5907000
S31508006F2018F05EFAEFE7022EEDD12046B5F85C10B0
S31508006F3019F0D8F820462EF071FCE4E70720E3E7BD
S31508006F40036823B91720B0FA80F0400970479942C0
S31508006F5001D01B6BF5E70020F5E713B5014602469D
S31508006F6051F80C0B00F5B45400F5B5501834FFF77A
S31508006F70E7FF38B9009220460122034B17F04AF979
S31508006F8002B010BD1820FBE76574000808B50DF0BF
S31508006F9049FF08BD01F1100351F8042B994240F846
S31508006FA0042BF9D17047313020F001000078C0F386
S31508006FB00110704708B5FFF7F6FFB0FA80F04009F0
S31508006FC008BD836D18472622002137F03AB8030E0C
S31508006FD00B70030C4B70030A8B70C870704708B5AA
S31508006FE00246FFF7E7FF30B1313222F0010250784E
S31508006FF0831E5842584108BD1422002137F021B893
S315080070002DE9F84F0746884691469A464FF0000BF9
S315080070100A9D0BEB0904661006FB0A8638463146BC
S31508007020A8470028C4F34F0407D0D2BFA1460134AD
S315080070301FFA84FBCB45ECD300263046BDE8F88F13
S315080070400023F0B5441E184601392AB91BB102447B
S3150800705092B2904211D1F0BD14F8017F11F8016F78
S31508007060082A154628BF0825B74287EA0603EDD140
S315080070702844521B80B292B2E7E71906EBD45B00AC
S315080070800130DBB280B2E4E725289DBF024B03EB53
S315080070908003986A014870473C2E0408DF2B0408D1
S315080070A0F8B5069D1C462B7A0F46164613B3FFF70E
S315080070B0EBFF174902462846FFF7C2FC2846154942
S315080070C0FFF7BEFC3A4604212846FFF7FBFC284694
S315080070D01149FFF7B5FC324604212846FFF742FD61
S315080070E04CB128460D49FFF7ABFC22460421284639
S315080070F0FFF738FD04B9F8BD2B68E26903F580533C
S31508007100D3F8E01AE161C3F8E04A1446F2E700BF93
S31508007110F02B04080F2C04081A2C0408282C040841
S3150800712000BA704708B50346D1E9000252BA1A8078
S31508007130FFF7F6FF8A7AC3F80200088942EA400296
S3150800714052BADA8008BD838870B50446C0889E188E
S315080071508642154608D82068184437F091F9002069
S31508007160A3881D44A58070BD0320FCE707B549BA6E
S31508007170ADF8061002220DF10601FFF7E4FF03B091
S315080071805DF804FB0122DEE738B50446A388084605
S31508007190934215460AD3216837F072F90020A3886E
S315080071A022685B1B2A442260A38038BD0620FCE7C0
S315080071B00122E9E710B502220C46FFF7E5FF10B9F0
S315080071C023885BBA238010BD4368036003B1DB697B
S315080071D04360704738B5436A044623B1002202214A
S315080071E04262826A9847236A9C4200D0FEE7094AAF
S315080071F002F58051D56DB1F860362068013B2560EF
S315080072009BB2254618B9D465A1F8603638BD044640
S31508007210F3E700BFF01F0020C3892DE9F04101EB19
S3150800722003081FFA88F8434504460D4602D9032089
S31508007230BDE8F08106465027B845336815D80022C0
S315080072401448326000F5805CC66DBCF860164F1EA7
S31508007250BFB2C3B912B1C665ACF86016A3890020DF
S31508007260AB42658188BFA581E2E71BB17C373668EA
S31508007270BFB2E1E76079C0F3410027F097FD3060BF
S315080072800028F3D1D3E71A6839461E601E4613460E
S315080072900122DCE7F01F0020F8B500F1310424F0E4
S315080072A00104054620460F461646FFF7A5FE237835
S315080072B0042103F03F0343F04003237000232846CC
S315080072C0AB812182FFF7A8FF2378667023F030038D
S315080072D043EA07112170F8BD70B500F1310525F0B4
S315080072E001052B78064623F00F0302F00F0003432F
S315080072F02846144600F8043B37F0C2F82B8A304675
S31508007300E11889B22982BDE8704085E7313121F05C
S3150800731001010A7802F00F02082A00D9FEE70431B3
S31508007320DAE7838942891944914200DDFEE789B28A
S315080073309142818100D9FEE7704743898B4200D28A
S31508007340FEE75B1A43818389C2898B4294BF002377
S315080073505B1A0A4488BF9BB2C2818381704770B5A5
S315080073604489A14230D215880D44AEB2B14201D843
S31508007370A54201DB641A1480C4899860214489B245
S315080073804F29044610D830304418C1F1500189B24B
S31508007390998010881C60814228BF0146998011880F
S315080073A09B88CB1A138070BD5039246889B20CB9F2
S315080073B09C60FEE77B2905D89C6004340C44C1F127
S315080073C07C01E4E77C39F0E70021E7E770B515466C
S315080073D086B0ADF806300DF1060203ABFFF7BFFF26
S315080073E02C46BDF810601EB9601B80B206B070BD91
S315080073F003993246204637F043F803A90DF10600F3
S31508007400344427F01FFEECE770B5054616460C46D1
S315080074108B894A89ADF5BC6DD21A0F49FFF74AFA2E
S31508007420284606F11001FFF7A1FA2846728C0B4987
S3150800743001AEFFF73FFA3246A18940F2DB532046F8
S31508007440FFF7C4FF00233246335405492846FFF7A1
S31508007450F7FA0DF5BC6D70BD3E2C04084D2C0408DA
S315080074600C150408D0E738B54589CC18AC4203DCBE
S31508007470FFF7ACFF002038BD0620FCE702460846A9
S3150800748049893823383989B2EDE7024608464989D9
S315080074902C232C3989B2E6E770B5164631310468D3
S315080074A08CB021F0010514B920460CB070BD04F16A
S315080074B0310323F001036A885B889A4212D102A835
S315080074C0FFF781FD214601A8FFF7DFFFBDF82A2057
S315080074D0738C9A4206D106F1100106A8FFF7A6FC9E
S315080074E00028E1D1E469DEE738B504460D460B46C7
S315080074F001890068FFF7B7FF10B923891D44258164
S3150800750038BD0B8813B50C2B0C460BD90D2B0CD19B
S3150800751001210DF10602FFF7E7FF20B99DF80630B5
S315080075200D332380002002B010BD0E2B0CD1022192
S315080075300DF10602FFF7D8FF0028F4D1BDF8063092
S315080075405BBA03F20D13ECE70620ECE773B54FF6CA
S31508007550FF76C3880446B34206D001210DF1030223
S31508007560FFF7C2FF18B1E680002002B070BD9DF893
S315080075700350FF2D0CD1236822895B89E6809A4245
S31508007580F2D306204FF6FF73E38000232381ECE74E
S315080075902B0920460DF10601ADF80630FFF7B1FFBD
S315080075A00028EFD105F00F05204601A9ADF80450D3
S315080075B0FFF7A7FF0028E5D1216823894989BDF887
S315080075C00420C91A8A42DCDC1344BDF8061023815C
S315080075D0A388E2800B44A380C6E730B401F13102E8
S315080075E022F00102D48912784D8902F00F02043282
S315080075F0224495424FF0000404D3C0E9001430BC7D
S315080076000281A3E74FF6FF720481C28030BC0620D0
S31508007610704710B44C889C4203D309885DF8044B24
S3150800762021E706205DF8044B70472DE9F04786B040
S3150800763017461C46ADF806300DF1060203ABDDF819
S315080076403880FFF78CFEBDF810507DB1039EB8F167
S31508007650000F11D0B94606EB050AB24513D019F842
S31508007660011B16F8010BC0470028F6D1B4FA84F0BE
S31508007670400906B0BDE8F0872A463946304637F055
S31508007680D6FE0028F2D12F4403A9651B0DF106008A
S31508007690ACB227F0D7FCD6E770B586B0ADF80630A1
S315080076A00B4414469AB2914200D9FEE742899342A6
S315080076B000DDFEE703AB0DF10602FFF750FEBDF84D
S315080076C010500DB906B070BD21462A46039836F00B
S315080076D05CFE03A90DF106002C4427F0B3FCEEE787
S315080076E070B500F1310424F00104A37C05465BB1B2
S315080076F04389218A994207D1012994BF491A01F180
S31508007700FF3189B2FFF788FD2378224603F00F037D
S315080077102846BDE8704000210433BDE72DE9F04155
S31508007720B0F80A800F4602EB080399B241450546B0
S3150800773016460CD3FFF770FD044628B933463A4679
S3150800774041462846FFF7A8FF2046BDE8F0810324F6
S31508007750FAE72DE9F043074601239BB057F80C4B8F
S315080077608DF80530037A0646884604F5B55039463D
S315080077708DF80430FFF7E4FB002800F0B6802622D7
S31508007780002103A836F05DFCD8F80830EBB1204696
S3150800779041460DAB07AAFFF7DAFA0446002843D19B
S315080077A09DF834303BB130465349FFF783F83046ED
S315080077B007A9FFF7F5F8D8F804000DF12E012CF00B
S315080077C026FE044680BB08F10808082001A927F010
S315080077D0AFFB0546002800F08A80D8F800404749E4
S315080077E020462CF0C8FB00283ED0D8F804000DA986
S315080077F02CF00DFE044600283FD13023BDF8348016
S315080078008DF80830B8F1000F12D16B79306813F093
S31508007810180F31D000F5B4502A46394603AB183054
S3150800782018F0BEFA044640BB20461BB0BDE8F083FC
S315080078300122284602A9FFF771FF0446E8B99DF818
S3150800784008305A2B0AD07A2B0AD0392B0AD00133A2
S31508007850DBB208F1FF381FFA88F8D1E76123F8E7A9
S315080078603023F6E74123F4E7204625492CF083FB2D
S3150800787020B3D8F8043023B907242846FFF7AAFC12
S31508007880D2E74FF03209029302230DAA0DF1060141
S3150800789002A8ADF8069006F0BBFC804608B124287D
S315080078A027D12846BDF806200DA9FFF737FF04465D
S315080078B00028E2D1B8F1000FE6D1A6E72046114923
S315080078C02CF059FB08B108F10408D8F80040002C40
S315080078D0D2D0204636F060FE214682B22846FFF70F
S315080078E01DFF0446002890D0C7E70D249CE7032413
S315080078F09AE70446C1E700BF522C0408782C04080E
S31508007900B11A04087B2C0408012207E7FF2313B5E4
S315080079108DF8073043890446B3F5007F0FD20DF181
S315080079200701FFF7F1FF40B9012204F1310323F003
S3150800793001039A7462891A82A28102B010BD0320DB
S31508007940FBE703781BB1012B03D000207047406882
S31508007950E4E60430FFF7F7BB37B58DF807100139B1
S315080079603E29054614460DD810460DF10701FFF7C6
S31508007970CBFF28B9294620469DF80720FFF7CEFEFB
S3150800798003B030BD0720FBE72DE9F04114469A18ED
S315080079900E4691B286B08C420546ADF8063029D817
S315080079A07189914228DBB0F80A80434499B241456F
S315080079B024D3FFF731FC074648B92146304603ABC6
S315080079C00DF10602FFF7CBFCBDF810401CB938468E
S315080079D006B0BDE8F081234641462846039AFFF7DC
S315080079E05BFE444403A90DF106001FFA84F827F04C
S315080079F029FBE9E70727EAE70627E8E70327E6E793
S31508007A00F8B504460E46154600F13007E3899D424F
S31508007A100BD85B1B6289E381A3892A442B4492B263
S31508007A209BB29A42628117D2FEE76079C0F34100A1
S31508007A3027F0BCF9C8B123680360E38920604F2B9F
S31508007A4006D83030C3F15002F918184436F018FD3C
S31508007A50E3897C33E381D9E72046A38132462B4666
S31508007A600021FFF719FE0020F8BD0320FCE773B5D7
S31508007A70054603796E8940798E42C0F3410228BFD4
S31508007A800E46C3F340038DF80520E98901AA40098B
S31508007A908DF8043027F0CAF90446002832D0334658
S31508007AA000222946FFF770FF48BBAB896289B342BB
S31508007AB028BF33469A4200D2FEE7A381AA79A37962
S31508007AC062F30303A3712B792279DB0963F3C712E7
S31508007AD022716B796279C3F3C10363F3C4026271DD
S31508007AE0AB69A3612B8A23826B8A63822B7A237202
S31508007AF0AB8DA385EB8DE385204602B070BD20468D
S31508007B00FFF768FB0024F7E710B50446FFF7AFFF59
S31508007B1098B104F1310300F1310223F0010322F098
S31508007B20010203F1100153F8044B8B4242F8044B4F
S31508007B30F9D1198811809B78937010BD0368994212
S31508007B4004BFCB6903604368994204BF0B6A43606C
S31508007B500B6A0BB1CA69DA61CB690BB10A6A1A6298
S31508007B6000220B79C1E9072162F382030B71704782
S31508007B7010B5FFF7E3FFBDE810400846FFF72ABB3C
S31508007B8010B50446216801B910BD2046FFF7F0FF7D
S31508007B90F8E7024608B50846FFF776F9126802B90B
S31508007BA008BD0388116801330380012341B9418860
S31508007BB00B44438051894368D2690B444360EEE71E
S31508007BC001330968DBB2F1E70B7910B55B0700D41E
S31508007BD0FEE74B79C3F3410300EB83025468A142E5
S31508007BE009D10C6A546034B16479C4F341049C42E7
S31508007BF01CBF002353600368994204BFCB69036026
S31508007C00CB690BB10A6A1A620B6A0BB1CA69DA61E7
S31508007C1000220B79C1E9072162F382030B7110BDBB
S31508007C20024608B50846FFF72FF9126802B908BDDB
S31508007C300388116801330380012341B941880B4445
S31508007C40438051894368D2690B444360EEE70133A8
S31508007C500968DBB2F1E74A7970B5C2F34102144606
S31508007C600B79061D43F004030B7156F824301BB933
S31508007C700134E5B2042DF8D10B624BB90368CB6128
S31508007C800160CB6903B1196200EB8200416070BDE7
S31508007C90DC69CC61D961F4E743880288994228BF38
S31508007CA0194612FA81F25B1A028043807047084A25
S31508007CB0138803B9FEE748F24E305368A3FB003039
S31508007CC010EB530044BF20F000400130506070476D
S31508007CD0E0590020814210B5044600D8FEE7FFF7B8
S31508007CE0E6FF091BB0FBF1F303FB1100204410BDAE
S31508007CF038B50D46814288BF85B269000446013110
S31508007D000020FFF7E7FF2044401B38BD10B540B1FF
S31508007D100023441E98B2814203D90133E25C002A4B
S31508007D20F8D110BD0139013811F8012F10F8013FBB
S31508007D303AB9002B14BF01200220831E584258412D
S31508007D4070479A42F0D00020F7E72DE9F04F0C680B
S31508007D5007460E4685B04CB90368214603F580539D
S31508007D60D3F8582AFEF7FEFE002444E02046A2492E
S31508007D702CF001F9002800F0F1803B6803F58053E8
S31508007D80D3F8E05A002D00F02981AB46EA690021B4
S31508007D90C3F8E02A28464FF4987236F052F905F1EE
S31508007DA0340A05F58A734BF894ABAB6005F12803E2
S31508007DB0EB60012305F1D408C5F804B0AB75C5F826
S31508007DC02C8005F110094946F0682CF020FB044682
S31508007DD048B971680846019136F0DEFB421C402A14
S31508007DE001990CD907243B6803F58053D3F8E02A98
S31508007DF0EA61C3F8E05A204605B0BDE8F08F584658
S31508007E0036F03EFBD6F808B0584636F0C5FB421C9D
S31508007E10602AE7D85946504636F032FB2C215046A0
S31508007E2036F09AFB78B94946F0682CF0F0FA044621
S31508007E300028D8D13069B8B97069E8B9B4691CBBEB
S31508007E400023AB7533E005F5887A05F5947B00F8D1
S31508007E50014B2C214AF8040F36F07EFB0028E2D0AD
S31508007E60D345F4D10324BEE705F112012CF0CFFA6D
S31508007E7004460028E0D0B6E705F114012CF0C7FA4D
S31508007E8004460028DAD0AEE720465C492CF073F8A1
S31508007E900028D5D129464023424621F8303F03A879
S31508007EA00123039406F0B4F9044600289BD1F0692F
S31508007EB0002830D1306A002835D13E6806F5805949
S31508007EC0D9F8588A4446002C3AD12B68002B89D019
S31508007ED06B68002B86D0EB6813B9AB7D002B81D17C
S31508007EE007232A6AEB75464BC5F81C809A4294BF4D
S31508007EF02A622B626A6A00219A4294BF6A626B629E
S31508007F002846C9F8585A15F046FE06F5CE501C30D4
S31508007F1015F052FF28E705F1200106F0DEF90446C0
S31508007F200028C7D05FE705F1240106F0D6F9044614
S31508007F3000287FF458AF736A002B7FF453AFBCE771
S31508007F4029682068FFF7EEFE20B169686068FFF7C8
S31508007F50E9FE08B9E469B6E7182444E72046294942
S31508007F602CF009F8814628B9204627492CF003F851
S31508007F70002835D0B3680193002B33D0D6F80CB05F
S31508007F80BBF1000F2ED1D7F8008008F5805ADAF831
S31508007F90585A2C460CB917242DE7616870682BF0DF
S31508007FA0EAFF28B1216801982BF0E5FF002846D1A1
S31508007FB0E469EFE7AC4217D0ED69002DFAD1EAE79C
S31508007FC09C4223D09B46DB69002BF9D1E3E7DBF81B
S31508007FD01C3013B3DB69CBF81C301EE003240AE718
S31508007FE0232408E7072406E7E37D043B012B8FD902
S31508007FF00423E3758CE700BF520B04088642040885
S315080080009AC42000F50B04082C130408BBF1000FD2
S31508008010DDD115B1EB69CAF8583A0023E361E37D6F
S31508008020072B1CBF0723E37515F0C6FE3B6803F54F
S315080080308053D3F8E02AE261C3F8E04A94E608F5EB
S31508008040CE501C30B9F1000FB7D12B46BCE7A0F1D2
S315080080504103052B04D83738C0B208700020704792
S31508008060A0F16103052B01D85738F5E73038C0B2BF
S315080080700928F2D90720704770B504460E46E588E8
S31508008080134682880068AA4234BFA91A0021104400
S3150800809032462EF01BF9002800DAFEE7A388E288AC
S315080080A0184480B2904228BF2368A08022BF9B183C
S315080080B0002203F8012C204670BD0EB417B50446FD
S315080080C005AA52F8041B0192FFF7D6FF204603B013
S315080080D0BDE8104003B070474FF434132DE9F0475C
S315080080E094B00293002303AA06460C460D46914611
S315080080F091F810C08DF820300CF10703DB100DF154
S3150800810020085F1CCDF804807F0801F1100A964606
S31508008110286869680835AEE8030055457246F6D101
S3150800812029788EF800106BB14FF0FF3103F14F023A
S315080081306A4412F8440CCCEBC30C01FA0CF101406A
S3150800814002F8441C102BC3F1100292B209EB03008B
S3150800815088BF0022002135F074FF3A46484601A937
S3150800816015F011FC237C0733772B03D8084901A89F
S31508008170FFF7A3FF227C074901A8FFF79EFF4246A7
S3150800818030460549FEF796FB14B0BDE8F08700BFF8
S315080081907E2C0408812C04080C15040870B50646C4
S315080081A00D460024AC4201D3012070BD305D013478
S315080081B0030605D42EF07AF80028F3D00020F4E759
S315080081C010F04003FAD0810612D5C20612D503076D
S315080081D0F4D4032307E0AC42F0D0325D013402F058
S315080081E0C002802AEAD1013BDBB2FF2BF3D1D9E7E3
S315080081F00123F8E70223F6E743684BB9054B5A68AB
S3150800820012B95860406070475168416050605860C4
S31508008210704700BFF01F002003685A1A11EA2201AE
S3150800822038BF194643685A1A13EA220338BF0B4661
S31508008230436070474160024A01460248FEF7E4B8C7
S31508008240402E0408F81F00202DE9F341734C042141
S315080082504FF47A70E56CFFF74BFD291804F14800D6
S31508008260FFF7E8FF636CD80716D5FEF78FFE04F50F
S3150800827080560546D6F8E01F68462BF0C4FF04F57D
S31508008280FF5704F500580099002940F08180D6F878
S31508008290E00F08B925F0DDFD636C990625D5604D1C
S315080082A095F89D347BB1FEF771FED5F8A03403F539
S315080082B0C333A0331B1A002BBEBF95F8BE3443F058
S315080082C0010385F8BE3495F8C714B5F8C43495F893
S315080082D0C624002970D1002A40F08380002B40F084
S315080082E08780D5F8C4042BF0DFFE636C5A0620D5C8
S315080082F04B4EB6F87C3443B1013B9BB2A6F87C34AE
S315080083001BB906F58F6017F0F1FFD6F878546DB1F2
S31508008310013DC6F878544DB9022022F0DFF94148EC
S31508008320294618F0BDF8284622F0A4FB3D4816F069
S315080083309BFF636CDB056ED50020034605463A496C
S31508008340A1F2A466CA787AB1013AD2B2CA7032B139
S31508008350086806EB8302C2F8A4060120013301353A
S31508008360232D01F10401EDD1002104EB830404F56A
S31508008370B5540734222B03DC14F8042B002A46D103
S31508008380002848D1082002B0BDE8F04125F061BDBB
S315080083908B69EB1AB3F5FA6F0AD34B7938465B0942
S315080083A002BFD8F820300133C8F82030FFF7E0FBC9
S315080083B06846FEF709FF66E70139C9B285F8C714AA
S315080083C0002988D11AB1013AD2B285F8C62423B158
S315080083D0013B9BB2A5F8C4348BB11448FFF70CFFD8
S315080083E07FE7013AD2B285F8C624002AEFD075E7AE
S315080083F0013B9BB2A5F8C434002B7FF472AF95F805
S315080084009D34002BE9D0012385F89D34E5E704F86F
S31508008410041C0133AEE702B0BDE8F081F01F00206E
S31508008420F03F002068440020943600207444002061
S31508008430002A00DAFEE71144FCE638B50D46044684
S31508008440FEF7A4FD2A4601462046BDE83840EFE778
S3150800845010B590F82430044643B1012B01D1436985
S3150800846083612046A169BDE81040E6E74169B1EBA2
S31508008470510F4FEA510001D9FFF72CFC0023A061E8
S31508008480E38384F82530ECE710B590F824300446E9
S315080084907BB1012B08D10169C0680131FFF71AFCCD
S315080084A060612046FFF7D4FF2046236ABDE81040E6
S315080084B0184790F825306BB1012BF5D1426922B1E6
S315080084C00369991A8A4298BF530020466361BDE83A
S315080084D01040BDE7012380F82530D0E90513C91AF5
S315080084E0FFF7ABFFE28BA38B9A42DDD310BD064B99
S315080084F006485A69196A914208BF9A6901F180418A
S3150800850004BF01329A6195E6F01F00200C20002076
S315080085108368984203D04368CB1A002B00DA89E6B1
S3150800852070470146014A0248FDF748BF402E040835
S31508008530F81F0020D1E9003103F10043013B8B42CB
S3150800854000D077E6EDE710B5044692B068462BF002
S3150800855023FE616802A82BF056FE029931B96946D6
S3150800856004F11000FFF7E6FF12B010BD04A8FEF7ED
S3150800857085FF68460F99FFF74FFE02A8FEF724FE0F
S31508008580EBE72DE9F0410546144604301E46069FE2
S315080085909DF81C80FFF7ECFA2846FFF7D4FF656ABA
S315080085A03DB143463A463146AC46A06ABDE8F0417D
S315080085B06047BDE8F0812DE9F04192B004460D46CA
S315080085C0416802A82BF01FFE0B274FF00008029EF9
S315080085D016B912B0BDE8F081314604A8FEF74EFF81
S315080085E025B1294604A8FEF721FC38B100233146F7
S315080085F02046CDE9008704AAFFF7C3FF02A8FEF7C5
S31508008600E3FDE4E72DE9F04F9FB00093289B06466B
S3150800861008460193FEF7C7FC02280C4617460CD0FD
S31508008620032801F1310300F0F280B28923F0010337
S31508008630511C52BAB1815A8045E006A8FEF7C3FC20
S31508008640FEF7A4FC3A4600F57130D83006F12C093D
S31508008650059006AB07F1200C1D46106851680832D4
S3150800866003C562452B46F7D11068214628609288D3
S315080086704846AA803A46FEF70FFF054618BBF16A38
S3150800868003A82BF0C0FDAA46AB46DDF80C80B8F16E
S31508008690000F40F09C801FFA8AF3092B03D929465C
S315080086A04846FFF765FA20466189FFF72DFA054621
S315080086B048B12C2205A9FFF731F8002800F09D8063
S315080086C02846FEF787FD2046FFF70AF82046FEF7FC
S315080086D071FC002800F0A280B4F80AB0BBF1000FC4
S315080086E000F0B68010AB3D46994607F1100C1A46C5
S315080086F028686968083503C265451346F7D17B8C37
S3150800870014AAADF8603005F1100C1346286869689C
S31508008710083503C365451A46F7D1009A97F82530F8
S315080087201992019AC3F300131A92BDF874209B029A
S3150800873022F49F6222F0070243F00403134340F633
S31508008740B9314FF4FA60ADF87430FFF7C3FA9DF803
S3150800875075301C906FF3000320468DF87530FEF7D0
S3150800876029FC9DF8753060F341038DF87530FEF7E6
S315080087700DFC9DF8753059469B074CBF1C9B384B22
S3150800878018441B902046FFF7BFF9054600285AD023
S3150800879038224946FEF7C2FF002851D106F10408DF
S315080087A02946404626F01CF93046FFF7CCFE2146FE
S315080087B03A463046FEF705FC0446002844D04046B3
S315080087C02946FFF7D5F93046FFF7BDFE3CE011A86C
S315080087D0FEF7F9FB414610A8FEF757FE25B1109A99
S315080087E0A2EB0B02002A02DA4546DDF840B003A8E0
S315080087F0FEF7EAFC0AF1010A47E72946484626F049
S31508008800EFF8059906F13400FFF782FE5BE723F0DF
S3150800881001035B78002B3FF456AFFEE72046FEF7D0
S31508008820C2FB012814D1009B93B104F1310323F054
S31508008830010393F800B00BF00F0B0BF1040B51E793
S315080088402846FEF7C7FC032420461FB0BDE8F08F74
S315080088503A46214630461FB0BDE8F04FFEF7B1BB99
S31508008860486B0100002307B50093FFF7CBFE03B062
S315080088705DF804FB2DE9F0419CB0C568FEF786FB60
S31508008880064604A8FEF79FFB696802A82BF0BBFC06
S315080088901C274FF00008029C2CB92846FFF753FE08
S315080088A01CB0BDE8F08121460EA8FEF7E7FD199B2E
S315080088B0F31A002B0EDB9DF86D309A0702D59DF84A
S315080088C06C305BB9002321462846CDE900870EAAFD
S315080088D0FFF757FE02A8FEF777FCDCE7013B8DF8A9
S315080088E06C301A9B61895B001A93334419933823B9
S315080088F038390DEB0302204689B2FEF7CDFE9DF806
S315080089006D30DB07E6D40DF1200C12AB0FCB8CE8EB
S315080089100F00BDF858300EA904A8ADF83230FEF79E
S3150800892039FB9DF86D309DF83520C3F3800363F35A
S3150800893004128DF8352061892046383989B2FFF747
S31508008940E3F804460028C5D0014604AA2846FEF7DF
S3150800895038FB0028BED02046FEF73CFCBAE72DE9D6
S31508008960F04701F1310727F0010715467B1ACA8936
S315080089701C3B9A4206460C4694B000D2FEE7B1F874
S315080089800C803846FEF738FB04233A464146204613
S31508008990A7F80E80FEF767FD00284DD13B7803F057
S315080089A00F03082B48D808F1040120463A1D89B25E
S315080089B0FEF759FD00283FD10DF11808214640461B
S315080089C0FEF70BFE002837D14FF6FF79BDF81E30AB
S315080089D04B452CD1FB89BDF820102046C91A89B20F
S315080089E03982FEF79EFC7B78013B032B35D97168EB
S315080089F003A82BF008FC05F1100ADDF80C90B9F174
S31508008A00000F40F0D480F36C002B40F00B81204619
S31508008A10FEF7D0FA20B92046FEF7C5FA01285DD13F
S31508008A202B462246032130462BF06EFC56E0404684
S31508008A30FEF78CFD0028C9D02B78FF2B4ED0204698
S31508008A40FEF7B8FA002849D02B46224603213046BD
S31508008A5014B0BDE8F0472BF057BC736ADBB92A4659
S31508008A60214606F12C00FEF717FD38BB214603A860
S31508008A70FEF7B3FD4FF6FF77002840F02981BDF8D1
S31508008A801230BB4263D0BDF810300B2B5FD003A861
S31508008A90FEF75CFDF0E72946B26A98470028DED063
S31508008AA017281BD12B78FF2B18D02B46224684215A
S31508008AB0304614B0BDE8F0472BF0D6BB41892C39B7
S31508008AC089B2FFF721F8074640B1FEF709FE2A46A4
S31508008AD039463046FEF775FA002857D114B0BDE876
S31508008AE0F087474516BF3A46424602F801ABD71803
S31508008AF00DF139018F42F1D2BDF814100398C91A45
S31508008B0089B2FEF763FC03A8FEF720FD002840F0B3
S31508008B10DF80BDF812304B4503D0BDF810300B2B63
S31508008B20F1D1BDF812304B45DBD100233B70776D90
S31508008B309FB9376ACFB9736C23BB2B78FF2BCDD07F
S31508008B402B462246842130462BF08EFBC6E7474645
S31508008B504FF6FF794FF02F0AE3E72B4622464146A8
S31508008B603046B8470028E4D0B8E741463868FFF7EA
S31508008B70D9F828B12A4621467B68B8689847ADE7F0
S31508008B80FF68D7E72A462146B06CF7E7172808D1C9
S31508008B902B78FF2B05D02B462246842130462BF016
S31508008BA063FB384614B0BDE8F047FEF713BB4946E9
S31508008BB04046FEF763FC51460AA8FEF737F920B18E
S31508008BC0BDF838206B8C9A4207D09DF82830FF2BC9
S31508008BD003D00CA814F0E7FC00B32046FEF7E3F92F
S31508008BE0012815D90238C0B2012817D809F131036E
S31508008BF023F001035A887B889A420FD12046FEF754
S31508008C00D2F903283FF66AAFDFE800F04F55211482
S31508008C1049462046FDF760FD0028EFD103A8FEF778
S31508008C20D3FAEAE62A462146306D984700287FF4AB
S31508008C3055AFECE67B78002B7FF450AF0B22CDE9DD
S31508008C400032424649463046FFF79BFC46E77B78AA
S31508008C50E3B99DF84D309A070CD543F001038DF81A
S31508008C604D30B9F80A10382338394246484689B291
S31508008C70FEF712FD0F9B002B7FF430AF301D4946DF
S31508008C80FEF776FF3046FFF75EFC27E73F2B7FF6B9
S31508008C9025AF49462046FDF71FFD00283FF41EAFC5
S31508008CA00023CDE900532346CBE72B462246022173
S31508008CB030462BF029FB0F9F002FF1D09DF8283066
S31508008CC0FF2BEDD100232A4621461098B84705E721
S31508008CD017283FF432AF01E730B5C46891B001A850
S31508008CE02BF05AFA216803A82BF08DFA039D35B9A3
S31508008CF001A904F10800FFF71DFC11B030BD06A854
S31508008D00FEF761F9294605A8FEF7BFFB0599019B01
S31508008D105B1A002B07DB29462046FEF729FF03A826
S31508008D20FEF752FAE2E701A8FFF776FAF7E741609D
S31508008D30024A01460248FDF767BB00BF4C2E0408ED
S31508008D40FC1F002010B5274C94F87E3E033B032BEE
S31508008D5046D8DFE803F002061713BDE8104026F0F0
S31508008D604FBCD4F8943E987926F0ACFAD4F8940E11
S31508008D700E22BDE81040002129F014B8BDE81040C5
S31508008D8026F06CBCB4F87C3E9B0700D5FEE725F0C0
S31508008D9015F97F2807D094F98F3E7F2B01D098428A
S31508008DA001DD84F88F0EFEF7F1F8D4F8903EC01A6C
S31508008DB0002806DAD4F8E01E0B488031BDE81040DA
S31508008DC0B5E794F87E3E94F98F0E022B1CBF02235A
S31508008DD084F87E3E25F02AF9BDE8104029F0B3B99B
S31508008DE010BD00BFF02F0020CC3E00200146024AED
S31508008DF00248FDF7E3BA00BF4C2E0408FC1F00200A
S31508008E004378FF2B04D1408840BA80B204307047BB
S31508008E10981C704738B505460C46FFF7F1FF2946FA
S31508008E2082B22046BDE83840FEF778BCF7B50E4654
S31508008E301746044602236A4639463046FEF7E9FBDA
S31508008E40054680B99DF8003023709DF80130FF2B48
S31508008E500CD00221607002333A68C4F80220A28856
S31508008E60934214D90625284603B0F0BD0423394693
S31508008E7030460DEB0302FEF7CCFBD8B9012363702D
S31508008E80BDF8063004215BBA9BB20433E4E79BB213
S31508008E90934228BF13466288A380134472899BB203
S31508008EA09A42DFD3D4F80230A01DC4F80630FEF784
S31508008EB0F3FED8E70546D6E773B58B890D4649898B
S31508008EC01646ADF8043099422CBFC3EB0102C3EB3A
S31508008ED00302DB4392B29BB2934228BF1346044671
S31508008EE0ADF806302946204601AAFFF79FFF38B994
S31508008EF02378B34205D0A18801A8FEF7CDFEF1E795
S31508008F00172002B070BDF0B585B0054616460A466C
S31508008F10014601A81F46FFF7CFFF044650B9BDF822
S31508008F2008203B46B24228BF32462846BDF80610FE
S31508008F302BF03CF9204605B0F0BD1FB514460A468D
S31508008F40014601A8FFF7B8FF10B9DDF80A3023601B
S31508008F5004B010BDF0B51746428985B0ADF80010CB
S31508008F601E468A422CBFC1EB0203C1EB0103C9436B
S31508008F709BB289B2994228BF19460546ADF8021038
S31508008F806A46014601A8FFF751FF044660B9BDF8D5
S31508008F900C203346974228BF174628463A46BDF85E
S31508008FA00A102BF003F9F455204605B0F0BDF0B5CC
S31508008FB01746428985B0ADF800101E468A422CBF76
S31508008FC0C1EB0203C1EB0103C9439BB289B29942C3
S31508008FD028BF19460546ADF802106A46014601A89B
S31508008FE0FFF724FF044660B9BDF80C2096420BD85B
S31508008FF0B2423B4628BF32462846BDF80A102BF037
S31508009000D5F8204605B0F0BD0624FAE710B50223C8
S315080090101446FFF7CCFF10B923885BBA238010BD2E
S31508009020042310B51446FFF7C2FF034618B9206893
S31508009030FEF776F82060184610BD30B585B00446B0
S3150800904015460A46014601A8FFF736FF40B901232F
S315080090502A462046BDF8061005B0BDE83040A6E70A
S3150800906005B030BD002213B504468DF80720084622
S3150800907063B910210DF10702FFF7DFFF0346C8B9F0
S315080090809DF80720B2B1FF2A08BF25230020627881
S315080090906FF341026270D4E9092160620AB1184689
S315080090A0904741F2883104F1180002B0BDE810403B
S315080090B0FFF7C3B90623E9E730B585B00446154678
S315080090C00A46014601A8FFF7F7FE38B92A462046A0
S315080090D0BDF8061005B0BDE8304097E705B030BDCD
S315080090E030B585B0044615460A46014601A8FFF77D
S315080090F0E3FE38B92A462046BDF8061005B0BDE895
S3150800910030408DE705B030BD73B5154601AA044653
S315080091101E46FFF712FF28B933462A46204601A9FC
S31508009120FEF777FA02B070BD10B5044601448C42CA
S3150800913002D30024204610BDA31C9942F9D36378B4
S31508009140FF2B02D1231D9942F3D32046FFF758FE81
S3150800915020448142EDD323789342EBD00446E6E7D8
S315080091600222FEF7DBBAFF2B73B5054616461C46E8
S3150800917014D104228DF805304FF47F438DF804107E
S315080091800DEB0201ADF80630FEF7C8FA20B9224603
S3150800919031462846FEF7C2FA02B070BD8DF80010B7
S315080091A069468DF80130FFF7DBFF0028F4D1002C63
S315080091B0F2D0ECE770B505460E461C461146184631
S315080091C00BB1FEF7A3FD22463146C3B22846BDE8D9
S315080091D07040C8E707B501238DF807200DF107028F
S315080091E0FFF7C1FF03B05DF804FB07B552BAADF847
S315080091F0062002230DF10602FFF7B5FF03B05DF85E
S3150800920004FB13B504461046FDF78AFF04230190B4
S315080092100DEB03022046FFF7A6FF02B010BD10B5FE
S315080092200446FDF7B3FED4E90031E268C01A9A4253
S3150800923002D10028A8BF013110BD2DE9F3411E4611
S315080092401B4B044683424FF000038B4115460AD256
S3150800925015A3D3E9002334F003FD16491446024644
S315080092602846FEF72AFF144B4EF66021B4FBF3F2AC
S3150800927003FB1244B4FBF1F34FF47A7801FB134471
S31508009280B4FBF8F728460D490097FEF716FF46B1D6
S31508009290284608FB17420A4902B0BDE8F041FEF726
S315080092A00CBF02B0BDE8F081005C26050000000096
S315080092B0FF5B2605852C040880EE36008B2C0408F7
S315080092C09A2C040813B5006850B14AB141B100237D
S315080092D00068019301AB26F067FD10F0C1FA00B1F2
S315080092E0FEE702B010BD2DE9F843436C154613445A
S315080092F0026C044693420E461AD84FF000084F19DE
S3150800930000F11009B74214D1636C1D44236C6564DF
S315080093109D420BD1B4F850302BB104F1100211461E
S315080093202046FFF7CFFF0023A4F85030BDE8F883A6
S31508009330FEE7B4F85030102B06D14A464946204677
S31508009340FFF7C0FFA4F85080B4F850305A1CA4F8B0
S315080093505020234416F8010B1A7C50401874D1E7A4
S315080093602DE9F04F1D4685B09DF838309146029399
S31508009370C36C826C2B4493420446884629D86FF006
S31508009380200B0F46CA466B18019300F12003ABEB7E
S31508009390000B0393019B9F421CD1E36C1D44A36CF5
S315080093A0E5649D426CD3B4F850302BB104F1100239
S315080093B011462046FFF786FF002194F8542002F153
S315080093C021002044C2F10F0205B0BDE8F04F34F089
S315080093D038BEFEE7B4F85220102A16D104F1300040
S315080093E0024694F854600BEB00018E4206DA10F838
S315080093F0011D0131C9B201700029F4D02046039934
S31508009400FFF760FF0022A4F85220029B43BB3E7878
S31508009410B9F1000F0AD0B4F85220511CA4F8521022
S31508009420224492F8302072408AF80020B4F850207E
S31508009430102A08D104F1100211462046FFF742FF10
S315080094400022A4F85020B4F850200137511CA4F883
S3150800945050102244117C0AF1010A4E40167499E70D
S31508009460B4F852209AF80060511CA4F8521022440D
S3150800947092F830205640B8F1000FD7D03E70D5E7A5
S3150800948005B0BDE8F08F38B5D0E912329A420446E5
S315080094900D4600D0FEE700F1300200F12001FFF78B
S315080094A011FF002304F10F0294F855108B4200DBDC
S315080094B038BD12F8011F92F820004140E9540133E3
S315080094C0F2E72DE9F04F056889461746A5B0002D45
S315080094D000F020812B68002B00F01F81042B33D06D
S315080094E0052B36D0012B40F0DF80A868002800F055
S315080094F00E818D4B20F47E149C421AD1EB680BB179
S31508009500E86C38B989481EF0E2FD0446002800F0E8
S31508009510F08038E01BF0E4FC10F1860F06D0002836
S31508009520F1D09330EED16FF06F00ECE76FF0710079
S31508009530E9E77F4B0340B3F1607F40F0E88005F12F
S3150800954010001FF03AFCE0E705F108001BF0C8FC24
S31508009550DBE7D5F88840764B05F1080B2340B3F1D5
S31508009560607F40F0CC80D5F8AC10002940F0CF8061
S3150800957028221AA834F065FD1AA837F020F9804683
S3150800958028B16FF0920428461FF060FDB2E0E3B2FE
S3150800959043F0007303F17E43053B062B00F29D80E2
S315080095A0DFE803F0909B9B8D930485003026042307
S315080095B0C4F30544B44277D8002C18BF2646202E9B
S315080095C07AD85C495A1E51FA82F292F8C0A0BAF1CA
S315080095D0200F7FD8584A584602EB03231A930023D4
S315080095E012A9CDE91B3322931AF02AFC0446002857
S315080095F071D112991AA837F0E9F839461AA837F03E
S31508009600E5F8694658461AF0F4FC0446002862D183
S3150800961069461AA81AF02AFD584603A91AF000FD49
S315080096200446002857D1012403A91AA847F0005771
S315080096301AF01CFDCDF83C9006AB10940FAA1197B2
S3150800964007CA83E8070019461AA81AF00FFD12ABD5
S315080096500C934AF000530D940CAA0E9309AB07CA53
S3150800966083E8070019461AA837F0B9F81AA836F099
S3150800967015FD044678BB324612A905F18C0034F074
S31508009680FFFE0023C5F8AC6012AA02F8083008F1FC
S315080096900108B8F1200FF7D1212C21D11AA837F0EB
S315080096A08EF800287FF46DAF6FF086046BE714F42C
S315080096B07C1FC4F305460BD16FF0890463E71C26AB
S315080096C0022375E71426012372E7202603236FE792
S315080096D0052374E721240026D3E76FF0850452E7B3
S315080096E0002C7FF44EAF1AA837F069F800287FF4EB
S315080096F048AF0024204610F0B3F888B1FEE71346B9
S3150800970005F188000A4659461BF018F8FDE66FF081
S31508009710880438E76FF08604ECE76FF08804E9E719
S3150800972025B0BDE8F08F00BF0002C003009FFFFF11
S315080097300000C07F3C2E040800010203006808B53B
S3150800974028B104491FF090FB10F08AF800B1FEE733
S3150800975008BD00BF09000002006808B528B121B19C
S315080097601FF02BFB10F07CF800B1FEE708BD10B522
S3150800977086B00446ADF80630084603AB11460DF12F
S315080097800602FDF7ECFDBDF810200AB906B010BDBB
S3150800979020460399FFF7E0FF03A90DF1060025F01F
S315080097A051FCF0E7002307B50068019330B1202289
S315080097B001AB1FF003FC10F053F800B1FEE703B04D
S315080097C05DF804FB1F299DBF0068C84000F0010032
S315080097D00020704710B50B780446FF2B04BF0A23F8
S315080097E00B700B780A460133D9B21A29117001D9C0
S315080097F0172010BD2046FFF7E5FF10B90131C9B2A1
S31508009800F3E70020F5E7837FC22003F00F03D84073
S3150800981000F001007047012938B50446456832D181
S3150800982024F0D8FF237E9A0702D5642828BF64202F
S315080098305B0715D5A022214BB0F57A7FB3F86A3EAF
S3150800984028BF4FF47A70534303F5FA73B3F57A7F5A
S3150800985006D34FF47A72B3FBF2F3984228BF184640
S31508009860637E0F2B02D9BC2828BFBC20A36833F01F
S315080098707C4204D0C3F31903984228BF184600282F
S3150800988008BF0A206060FDF781FB6369014604F1A1
S315080098900C0098420DD06268AA420DD0531A24686B
S315080098A00A3BE3424CBF0A222146BDE83840FEF790
S315080098B0BFBD62682160F8E738BD00BFF02F002001
S315080098C010B531B1092919D96FF07C43994228BFDF
S315080098D0194600F50052136CC3F319048C420BD0D9
S315080098E061F31903136492F85030DB0704D5104668
S315080098F001213830FFF78FFF002010BD0720FCE755
S31508009900038910B58B420C4605D1BDE810404FF4CB
S31508009910004024F0BFBE01814FF4004024F01AFE37
S315080099202046BDE8104024F08FBF10B502780446E3
S315080099305107437817D4120701D5F3B110BD002B90
S31508009940FCD1B0F8A030FBB190F83630072B1CBF1D
S31508009950072380F83630838E1906EFD4BDE8104009
S315080099603430FCF78FBF002BE8D14388180604D59E
S31508009970E16904F1D000FEF75DFCE17A04F13400F8
S31508009980BDE810402AF0C4BB90F84630DA070AD47E
S31508009990838EDB0507D594F83630012BCED001230C
S315080099A084F83630CAE725F04BFC0028C6D1F2E722
S315080099B0012342888B4013434380437813B9C83048
S315080099C0FEF71ABC704770B50578ED071DD54578C2
S315080099D0012D1CD0468816F0020F18D1022D16D07C
S315080099E0C6F38005760712D48362049B4282C3625B
S315080099F0FF230374C368002908BF19460B40436157
S31508009A000221FFF7D5FF284670BD0D20FCE705208B
S31508009A10FAE770B50578ED0722D54578012D21D0EE
S31508009A20468816F0020F1DD1022D1BD0C6F38005FD
S31508009A30760717D48362049B002AC3624FF0FF039C
S31508009A400374C36808BF4FF49672002908BF194605
S31508009A500B40428243610121FFF7AAFF284670BDE9
S31508009A600D20FCE70520FAE700230380704700F481
S31508009A704052B2F5005F034620D148F2400220F476
S31508009A804E5020F03F0090421ED00CD8B0F5446FDF
S31508009A901AD005D8C8B1B0F5046018BF01207047C0
S31508009AA0B0F50040F9E703F44C43B3F5404F0BD04B
S31508009AB04CF64043C01A18BF0120704710F4406F97
S31508009AC014BF0120002070470020704738B505688C
S31508009AD00C4628462AF004FDFFF7C9FF40B1284680
S31508009AE02AF000FDFF2803D02B5A0020238038BD1A
S31508009AF00620FCE738B505680C4628462AF0F0FC2F
S31508009B00C30500D5FEE7AC7038BD00F44053B3F585
S31508009B10005F04D100F44C43B3F54C4F07D0B0F5C1
S31508009B20804F04D380F04000C0F3801070470020B7
S31508009B307047838810B5032B12D900682AF0D0FC29
S31508009B4080F480720446C2F30021FFF790FF48B9FB
S31508009B508A1CC4F38123022B06D0032B17D02BB102
S31508009B60FF2212E00A1DF4E70232D2B22046FFF7BE
S31508009B70CCFF08B10232D2B2C4F38134022C08D029
S31508009B80032C09D0002C18BFFF22104610BD08323E
S31508009B90EBE70232D2B2F8E70832FBE7F8B5076816
S31508009BA00E4638462AF09CFC0546FFF7AEFFD0B1B4
S31508009BB038462AF097FC04462846FFF758FF08B1AE
S31508009BC00234E4B2C5F38125022D07D0032D08D04F
S31508009BD0FF2C08D000203B5B3380F8BD0234E4B28A
S31508009BE0F6E70834FBE70620F7E7838810B5022B6B
S31508009BF0044607D900682AF08EFC18B12046BDE84D
S31508009C00104096E7FF2010BD38B505460C46FFF70D
S31508009C10ECFFFF2817BF2B6806201B5C00201CBF23
S31508009C2003F00703237038BD38B505460C46FFF721
S31508009C30DCFFFF2817BF2B6806201B5C00201CBF13
S31508009C4003F01803237038BD38B505460C46FFF7F0
S31508009C50CCFFFF281FBF431C2A68DBB2D35816BFA8
S31508009C6000200620236038BD38B505460C46FFF7A8
S31508009C70BCFFFF2800D1FEE72A68431CD9B254541A
S31508009C8052FA83F3220A5A70220C240E9A70DC7058
S31508009C902B7F43F001032B7738BD00F018001028FE
S31508009CA005D0A0F1180358425841C0007047042057
S31508009CB0704708B54307024608D0FFF7EEFF12F0D3
S31508009CC0180F0CBF05300630C0B208BDFF20FCE7F0
S31508009CD02DE9F04F057B0688B0F8029087B0031D82
S31508009CE0012D04460F4646EA090B019330D0022D92
S31508009CF00CBF0322002294F816A04BEA823BBAF165
S31508009D00010F04F10E0825D0BAF1020F2FD0BAF1CF
S31508009D10000F21D1A37F94F82120003B18BF01230F
S31508009D20B9F5805F4BEAC30305D0B9F5005F21D0CA
S31508009D30B9F1000F29D145B1BAF1000F05D0208B32
S31508009D40618B884208BF43F04003D60721D5FEE75A
S31508009D500222D0E74BF4006B5146E0892AF0ECF971
S31508009D600028D7D1022E18BF4BF0200BD2E74BF4B0
S31508009D70406BF1E7BAF1000F40F09480617F002D47
S31508009D8040F08880002940F09A80D50748BF43F400
S31508009D908073C2F3400243EA42253B6804A8049351
S31508009DA04FF4FE03294605932AF008FAE80503D47A
S31508009DB0012104A8FCF7DDFA2846FFF758FE18B17A
S31508009DC0618B04A82AF0FAF904A841462AF001FA98
S31508009DD02846FFF79AFE18B1218B04A82AF0EEF957
S31508009DE0211D04A82AF0F5F9BDF81430BB80A67F1A
S31508009DF0A6B1E37F0DF10F011E4304A88DF80F608D
S31508009E00FDF7C0F93046FFF754FF411E89B204A892
S31508009E10FCF7AFFA3046FCF75BFB064694F82130B0
S31508009E2099070ED5022104A8FCF7A3FA0D230421ED
S31508009E304370017004A8FCF79CFA3B7F43F00803C3
S31508009E403B77AA0523880ED5032B03D094F8213037
S31508009E505B0714D4022104A8FCF78BFA6FF07F0382
S31508009E6003703F2343702388032B08D194F82030CE
S31508009E700DF10F0104A88DF80F30FDF783F90236AE
S31508009E80B1B204A8FCF775FABDF81430BB8007B068
S31508009E90BDE8F08F00297FF478AF217F00297FF491
S31508009EA074AF0CE00DB9617FF8E7022D02D1BAF163
S31508009EB0020FF8D0208B618B88427FF466AF43F09F
S31508009EC0400362E770B50546FFF733FEFF280446F0
S31508009ED011D02E6830462AF01EFB60B1A9888C4244
S31508009EE00BDA305DFFF7E5FEFF2808D00444E4B23C
S31508009EF0A142B8BFFF24204670BDFF24FBE70446F5
S31508009F00F9E770B506460D46FFF76FFEFF280446CB
S31508009F1009D03268105CFFF7C0FE224402440020D4
S31508009F2053792B7070BD0620FCE770B506460D46C2
S31508009F30FFF75BFEFF28044600D1FEE73268105C97
S31508009F40FFF7ABFE22440244557170BD10B50446B6
S31508009F50FFF74BFEFF2806D02368185CFCF7B8FA13
S31508009F600230C0B210BD0220FCE770B50646FFF706
S31508009F70A9FFFF2804462CD0356828462AF0B0FAEF
S31508009F8083051BD53046FFF7E1FFB188A21C93B2C3
S31508009F9010FA82F28A4205EB04061CDC2A5D02F0FE
S31508009FA07F0213449CB210FA83F3994213DB32887A
S31508009FB0C2F3C7127F2A01D09942E7DC2B7803F057
S31508009FC00703032B05D128462AF09BFA08B9013462
S31508009FD0A4B2E0B270BDFF24FBE738B50546FFF72B
S31508009FE0C4FFFF28044614D02868037803F0070343
S31508009FF0032B04D12AF085FA08B10134E4B22846C5
S3150800A000FFF7A4FFAB8804449C42CCBF062000207F
S3150800A01038BD0620FCE710B50446FFF7A6FFFF2863
S3150800A02016BF23680020C01810BD10B50446FFF7F8
S3150800A030F2FF2368C01AC0B210BD70B505468688FF
S3150800A040FFF7F3FF04462846FFF780FF0444301B5A
S3150800A05080B270BD10B5044600682AF041FA83053F
S3150800A06003D52046BDE810402CE7FF2010BD08B5F3
S3150800A07025F062FB003818BF012008BD08B525F099
S3150800A0805BFB00B1023008BD00232DE9F0419EB00C
S3150800A09003930AAB08930823044600680D46ADF8F7
S3150800A0A024302AF038FA002859D020460DF10B0141
S3150800A0B0FFF7AAFD002852D1204603A9FFF7C4FDE1
S3150800A0C0064600284BD10DF11008434628686968F2
S3150800A0D09DF80B2003C303981946FCF778FFA3687D
S3150800A0E08DF81C20196808A82AF051F82046FFF7B1
S3150800A0F02DFF05462046FFF798FF07462046FFF73F
S3150800A1009CFFAB1EDBB20246394608A8CDF8008094
S3150800A11023F0E0FF2046FFF788FF25680246294618
S3150800A12008A8FFF7E0F82046FFF775FF0546204622
S3150800A130FFF783FF2A460346294608A80096FFF735
S3150800A1400FF92046FFF702FFA38825681B1AE918AE
S3150800A15008A8FFF798F9237F43F0100323771EB06A
S3150800A160BDE8F0810023F0B5A3B003930EAB0C93C2
S3150800A1700823044600680D461646ADF834302AF022
S3150800A180CAF930B120460DF10B01FFF73DFD10B1BC
S3150800A190082023B0F0BD204603A9FFF755FD002887
S3150800A1A0F6D104AF3B46286869689DF80B2003C3BF
S3150800A1B003981946FCF70BFF31680CA88DF81C208C
S3150800A1C029F0E5FF2046FFF7C1FE851E2046FFF76A
S3150800A1D02CFF06462046FFF730FFEDB22B46024617
S3150800A1E031460CA8009723F075FF2046FFF71DFFA0
S3150800A1F02668024631460CA8FFF775F82046FFF791
S3150800A2000AFF06462046FFF718FF01220346314695
S3150800A21000920CA83246FFF7A3F808A90CA8FFF786
S3150800A22032F92046FFF792FEA3882668181A3118D5
S3150800A2302A4608A835F0FBF8003818BF0120C000E8
S3150800A240A7E70B6803604B684360037883F0020353
S3150800A25003707047082208B535F0E9F8B0FA80F0BF
S3150800A260400908BD10B5044600680FF037FC4FF0EA
S3150800A2700043236010BDF0B5002787B00446006888
S3150800A2800E46154605970FF029FC4FF0004323604C
S3150800A29010234FF41051CDE90163074A45F4407382
S3150800A2A0009705A804F042F80FF0DAFA00B1FEE7C5
S3150800A2B0059B236007B0F0BD0044400408210FF059
S3150800A2C003BC01F1080313F8012D8B4200F8012B9A
S3150800A2D0F9D17047F8B507680E4638462AF002F9EC
S3150800A2E0044638462AF0FCF80546FFF7C0FB04EB9F
S3150800A2F04003DBB2FF2B13D0C5F38120022805D01B
S3150800A300032807D0002300203372F8BDFB5A338098
S3150800A3100123F8E7F9183046FFF7D3FF0223F2E7DF
S3150800A3200620F2E7F8B507680E4638462AF0D8F848
S3150800A330054638462AF0D6F804462846FFF797FB1E
S3150800A34008B10234E4B2C5F38123022B12D0032BE1
S3150800A35013D02846FFF7D9FB08B10234E4B2FF2C24
S3150800A36006D0C5F38135022D09D0032D0DD04DB188
S3150800A370062009E00234E4B2EBE70834FBE70125DE
S3150800A3803B5B338000203572F8BD30463919FFF73C
S3150800A39098FF0225F6E708B5044BC1800022186825
S3150800A3A034F0ECFB00B1FEE708BD00BF5C190020E5
S3150800A3B007B50A68C0F80A204A68C0F80E20684639
S3150800A3C0FFF77FFF0723094A1DF80310013B02F830
S3150800A3D0011BF9D2064B00226946186834F0D4FBF3
S3150800A3E000B1FEE703B05DF804FB00BFE8590020A2
S3150800A3F05C1900202DE9F043044689B0B0F86C607A
S3150800A40011F06DF8E36F514AC11A94F880000023E1
S3150800A4103230A1FB000133F023FCA02794F88130E9
S3150800A4207E4303EB830300EB430000F1780300F55A
S3150800A430647520467608B54228BF35469E4228BF31
S3150800A4401E4630F8843BA16F13F0800254D0B4F84E
S3150800A4506C305F433944491BFEF769FCA36FD4F897
S3150800A46074803B44A3673A4B07EB08021A61A3784A
S3150800A470626713F0FD0F35D094F86E7024F000FF74
S3150800A48004463448C7F3060907F07F0734F0F8FF97
S3150800A49040BB214638460FF007FC044610BB012195
S3150800A4A0202034F0D5FFFF238DF804300123A5F5CD
S3150800A4B01675294807948DF81C30A8EB05030493F4
S3150800A4C035443946006801AB04AACDE9024405942F
S3150800A4D0069534F00DF940B9204B83F80690204BC9
S3150800A4E083F8069009B0BDE8F0832146202009B01C
S3150800A4F0BDE8F04334F0ACBF94F86E305FEAD31C85
S3150800A5000CD062F3C71384F86E30491BFEF70FFCB4
S3150800A510204609B0BDE8F043FCF7B4B93144B4F8B5
S3150800A5206C50FEF704FC94F86E307D4343F08003CC
S3150800A53084F86E300AF08CFCA26F636F2A44A26717
S3150800A540034A2B4463671361E2E700BF40420F00EA
S3150800A550341B0020400001005C190020F01A00207E
S3150800A560C01A0020F8B50446B4F86CC090F86E001E
S3150800A5708C45069DB4F8706000F07F070CD094F8FF
S3150800A5806E0062F3060084F86E004FF6FF72914281
S3150800A590A4F870300CD1FEE7974206D062F30600A5
S3150800A5A09E4284F86E00F0D1F8BD9E42E7D1FBE7E3
S3150800A5B04FF6FD72934209D815480246C16022F843
S3150800A5C0023B2B68C0F802306B68536094F86E3013
S3150800A5D0A4F86C106FF3C71384F86E3004F1840086
S3150800A5E0FEF704FCB4F86C304BB110F078FF6067E6
S3150800A5F00AF02EFCA0672046BDE8F840FAE6238854
S3150800A6001B06D1D42046BDE8F840FCF73BB900BF8D
S3150800A610341B002013B590F82030DB0717D590F8C7
S3150800A620212002B9827A0B4C343004F1800300935E
S3150800A63030F8121CB4F89C30FFF794FF23F014FF8F
S3150800A64004F1580002B0BDE8104015F029BA02B06E
S3150800A65010BD00BFF03F002008B519B1A1F10B03EA
S3150800A6600F2B0ED800F5805393F8692E8A4206D030
S3150800A67000F5F25083F8691E0830FFF7CBFF00207B
S3150800A68008BD0720FCE710B504460C30FFF79AF81A
S3150800A69000B3A27A8A4205D14FF4804023F0FAFF2C
S3150800A6A0002010BD4FF48040A17223F053FF04F53B
S3150800A6B0B470FFF7D9F923789B06F1D4A37AE3722D
S3150800A6C094F8213013B92046FFF7A4FF2046FFF778
S3150800A6D02CF9E5E70720E4E71FB590F82030044693
S3150800A6E0990703F001020ED5418C61B1F2B943F026
S3150800A6F0010380F82030FFF78DFF204604B0BDE83F
S3150800A7001040FFF712B98AB1002294F8203011469A
S3150800A7106FF3000384F8203002AB009304F1340091
S3150800A7204FF6FE73CDE90222FFF71CFF04B010BDF9
S3150800A730438C8B420AD0B3FA83F34184B1FA81F190
S3150800A7405B0949098B4200D0C6E763E770470A46AA
S3150800A75008B581B1A021B2FBF1F301FB132141B980
S3150800A7604FF6FF718B4228BF0B46B2F51B5F99B2B5
S3150800A77001D2072005E000F5F2500830FFF7D8FFB0
S3150800A780002008BD004835E66C3E00200A4690F8D1
S3150800A790FE10FEF7C9BC002910B514BF33210E21DF
S3150800A7A01446FFF7F3FF38B1D0F802302360D0F82B
S3150800A7B006300020636010BD1720FCE7F8B5044694
S3150800A7C018300D46FDF7ADFE4FF0FF332374637462
S3150800A7D0A374E37423756375A375E37523726372B3
S3150800A7E0A372E37223736373A373E37395F8FE305E
S3150800A7F0DBB126466378284643F00103637016F8F2
S3150800A800087B32463946FFF7C6FF28B996E80300A3
S3150800A81004F1100383E8030017B9284627F09CFDC6
S3150800A8202078BDE8F84029F051BCF8BD2DE9F04183
S3150800A8300746884603261B4D86B0013E02D106B060
S3150800A840BDE8F0813B7803BB6B7803F500334046DF
S3150800A85029780593FFF79AFF044600B34278F2B1C8
S3150800A860FF2A0CBF0423022303440193012341F268
S3150800A8700101029200934FF0004205A803F056FD2D
S3150800A8800EF0EEFF014610B1FEE7AB78DDE7627821
S3150800A890FF2A0CBF04200220204433F0D2FB0335E4
S3150800A8A0CBE700BF012F040870B50D46C2B00446B9
S3150800A8B0FBF778FF95F8FE60002E3BD12378002B36
S3150800A8C014BF0220012023F009FB0C2800D1FEE763
S3150800A8D0637866F3000322466370284612F8081B5D
S3150800A8E0FFF759FF48B14FF0FF3323726372A37223
S3150800A8F0E37223736373A373E373FCF747FB23784D
S3150800A9006060012B2FD11948FDF70BFE342128462C
S3150800A910FFF73CFF38B3FBF7F0FD154B02469842AC
S3150800A92028BF1A46D5F80011104842B0BDE8704055
S3150800A930FDF77EBD01A829F0D1FB3246294601A8BC
S3150800A94033F09EFDD5F80031204601A941938DF8D4
S3150800A9500261FFF76BFF207801A923F027FD6378D2
S3150800A96043F00103B7E742B070BD00BF8C3D00203D
S3150800A9700014730F70B50C460546C2B001A829F03D
S3150800A980ADFB94F8FE602146324601A833F078FD07
S3150800A990D4F80031284601A941938DF80261FFF7E2
S3150800A9A045FF287801A923F001FD42B070BD10B516
S3150800A9B091F8FE200446FF2A09D080F8FE2033F0DD
S3150800A9C05FFDFCF7E3FAC4F80001002010BD07207C
S3150800A9D0FCE72DE9F8430F46984690F8FE400546F1
S3150800A9E01646FFF7D3FEC4F1FE040146A4B208F1E9
S3150800A9F0020918B94C450AD2032021E043780233EC
S3150800AA001C44A4B24C45F7D32846FBF7E7FE95F855
S3150800AA10FE30B8F1FF0F994405EB030085F8FE9068
S3150800AA20EF5414BF022304234246314680F80180BE
S3150800AA30184433F025FDFCF7A9FAC5F800010020F3
S3150800AA40BDE8F88310B50446FFF7A0FE014620B11D
S3150800AA502046BDE81040FBF7C1BE10BD00232DE916
S3150800AA60F74FFE2281F8FE3003780546002BADF835
S3150800AA70042014BF0220012001AA0C4623F098FBEB
S3150800AA800746002842D1BDF80430FE2B3DD8814642
S3150800AA90314E84F8FE3006F1060B2B78002B39D19F
S3150800AAA096F801A020463178FFF770FE804698B1E7
S3150800AAB042788AB1FF2A0CBF0421022101AB014466
S3150800AAC00AF500300EF0F8FE38BB98F80120019B15
S3150800AAD09A4218BF4FF0010903365E45DDD1B9F138
S3150800AAE0000F03D021462846FFF744FF2B78BBB951
S3150800AAF033212046FFF7A6FF34212046FFF7A2FFA1
S3150800AB00FCF744FAC4F8000100E01727384603B0FA
S3150800AB10BDE8F08F96F802A0C4E74FF00109DBE71D
S3150800AB2034212046FFF732FE06460028EED0FBF712
S3150800AB30E4FC0A4B6D68984228BF18468046FCF725
S3150800AB4025FA431B98458ABF2D1A002005EB0800F5
S3150800AB50B11CFCF73CFAD3E7012F04080014730F65
S3150800AB6030B50446C3B001A829F0B8FA01A92046B1
S3150800AB70FFF774FF054601A92046FFF71FFE284682
S3150800AB8043B030BD70B50C460546C2B001A829F0E1
S3150800AB90A5FAFF220021204633F053FA284601A9D8
S3150800ABA0FFF75CFF054640B99DF80261204632462C
S3150800ABB001A933F065FC84F8FE60284642B070BDF2
S3150800ABC04FF0FF3310B50446037443748374C3749B
S3150800ABD0037543758375C375037243728372C372B3
S3150800ABE0037343738373C37343786FF3000343702C
S3150800ABF0FBF7D8FD2378002B14BF0220012023F091
S3150800AC006DF90C2800D1FEE704F11800FDF789FC60
S3150800AC102378012B02D10448FDF783FC2078BDE890
S3150800AC20104029F053BA00BF8C3D002038B500F516
S3150800AC30005393F85930044693B900F5F25008309A
S3150800AC40FFF721FD054648B904F5EA500430FFF739
S3150800AC50B7FF04F5EB501030FFF7B2FF284638BDB2
S3150800AC600D25FBE738B500F5005393F8595004460F
S3150800AC7085B900F5F2500830FEF742FE04F5EA50B1
S3150800AC800430FFF79DFF04F5EB501030FFF798FFEF
S3150800AC90284638BD0D25FBE72DE9F04105460E4649
S3150800ACA0B9B300F5005393F85940A4BB00F5805892
S3150800ACB000F5EE57D8F8D80D1837814210D14FF461
S3150800ACC0802023F0E7FC05F5EA500430FFF778FF0B
S3150800ACD005F5EB501030FFF773FF2046BDE8F0810D
S3150800ACE00EF0FCFE4FF48020C8F8D86D23F032FC35
S3150800ACF04FF4807023F02EFC3846C8F8DC4D13F06C
S3150800AD00D1FE064BC3E92444C3F89840C3F88C40E7
S3150800AD10D9E70724E1E70D24DFE700BFF03F00206D
S3150800AD2070B58CB0054602A80C46FCF74CF94FF2F4
S3150800AD30BF03ADF82A306B78990732D42B78002BED
S3150800AD4014BF1C200D2024F001F9064658B32146ED
S3150800AD5094F8FE20FCF7E2FC0446F0B902A806F0D7
S3150800AD60C1FF4FF07F42114C06AB94E8030083E81D
S3150800AD7003000F4BA4F63820CDE9082331460D4BC6
S3150800AD80009502AAFDF73EFC044630B96B7843F0FD
S3150800AD9002036B7020460CB070BD3046FCF71AFAF9
S3150800ADA0F8E71824F6E70324F4E700BF3842002042
S3150800ADB0FE00FC006590000838B515461FF0B5FD85
S3150800ADC0044650B101462A460448FDF74BFD20B11A
S3150800ADD02046BDE83840FCF7FDB938BD00380020EC
S3150800ADE0024690F8403030B5C4189442154606D14C
S3150800ADF0402B08D05A1C80F84020C15403E02D7817
S3150800AE0001328D42F1D130BD2DE9F0419CB080462A
S3150800AE1001A80C461F461646229DFCF7D4F84FF2A9
S3150800AE20BF03ADF8263000238DF86C3023781BB1AC
S3150800AE300E210BA8FFF7D4FF63781BB133210BA8AB
S3150800AE40FFF7CEFFA3781BB105210BA8FFF7C8FFB4
S3150800AE50E3781BB103210BA8FFF7C2FF23791BB1C7
S3150800AE6002210BA8FFF7BCFF63791BB107210BA8CA
S3150800AE70FFF7B6FFA3791BB134210BA8FFF7B0FF84
S3150800AE80E3791BB101210BA8FFF7AAFF237A1BB1AF
S3150800AE9000210BA8FFF7A4FF237B1BB14A210BA8AF
S3150800AEA0FFF79EFF637A1BB104210BA8FFF798FFF3
S3150800AEB0A37A1BB10C210BA8FFF792FFE37A1BB10B
S3150800AEC035210BA8FFF78CFF3744BE422BD198F8E3
S3150800AED00030002B14BF1A200B2024F037F8064642
S3150800AEE000283CD09DF86C301BBB01A806F0FAFE82
S3150800AEF01C4B05AA93E803004FF07F4382E8030042
S3150800AF000793FE23ADF82030F5B9FC23ADF82230BF
S3150800AF103146154801AAFDF7A5FC044680B9204626
S3150800AF201CB0BDE8F08116F8011B0BA8FFF758FF07
S3150800AF30CBE70D210BAAFEF716F904460028D4D054
S3150800AF403046FCF747F9EAE72B46103514461868E9
S3150800AF505968083303C4AB422246F7D1D8E703241D
S3150800AF60DDE700BF384200200038002010B50C4647
S3150800AF700E21FFF70BFC38B1D0F802302360D0F869
S3150800AF8006300020636010BD1720FCE7082208B5CC
S3150800AF9034F04DFAB0FA80F0400908BD38B50446D9
S3150800AFA00D46FFF7F3FF28B1BDE838404FF40030EF
S3150800AFB023F070BB2B684FF4003023606B68636026
S3150800AFC0BDE8384023F0C6BAF0B50546007840B368
S3150800AFD00A88C600F6B2B2FBF6F3012706FB13226F
S3150800AFE0431EDCB2C2F3C403E31A55FA83F35B7853
S3150800AFF002F0070207FA02F213EA020011D04B88A0
S3150800B000B3FBF6F206FB1233C3F3C402A41A55FACD
S3150800B01084F003F007039F4043783B4214BF0120A6
S3150800B0200020F0BD41F2210337B50C46054601461E
S3150800B03001A8019322F05AFE48F20503208029460A
S3150800B04001A8019322F052FE608003B030BD30B5EE
S3150800B0500546C3B008A80C4629F086F808A8FEF7E6
S3150800B0606DFB0822294608A8FEF776FB694608A85C
S3150800B070FEF798FB6B4603CB20602378616043F0AC
S3150800B0800203237008A829F065F843B030BD13B54C
S3150800B0900446684613F050FA638861785BBA022959
S3150800B0A0ADF8003000D1FEE7227903294FEAD21322
S3150800B0B0C2F3801043F0800343EA4003C2F3401012
S3150800B0C043EA8003C2F3001043EAC00382F0040097
S3150800B0D0C0F3800043EA001382F002006FEA02021E
S3150800B0E0C0F3400002F0010243EA401343EA821328
S3150800B0F0BDF8022022F47F6222F00F0243EA02031F
S3150800B100ADF8023011D0617923F4786381F04000FC
S3150800B11001F08002C0F3801042EA002201F0070124
S3150800B12042EA41221343ADF802300020009B9AB24E
S3150800B13062F30F001B0C63F31F4002B010BD00231F
S3150800B1402DE9F3410B60438904460E46002B33D0A4
S3150800B1501D4F608988B301282ED06068218978B38D
S3150800B16002236A46FCF732F96D466B78628903F169
S3150800B1700208424520D32A78C2B9042B1CD160683C
S3150800B18028B106236A4604F10801FCF742FAD5F805
S3150800B1900200FBF7C5FFFBF7B4F92B78002B0CBFB1
S3150800B1A03B4600231840336803433360414604F1A5
S3150800B1B00800FCF771FDCCE7062002B0BDE8F08177
S3150800B1C025680D44D1E700BF00F8FF071FB5002327
S3150800B1D00293ADF80C30831C0193437801A8ADF8AF
S3150800B1E00E30FFF7ACFF05B05DF804FB73B590F8B9
S3150800B1F0FE300546FF2B00EB03065DD1062002B0A4
S3150800B20070BD6178FF29F9D0A21C9642F6D3204674
S3150800B210FDF7F6FD20448642F0D323780E2B0BD893
S3150800B2200E2B10D8DFE803F0213E442E42420F448D
S3150800B2300F0F0F0F340F4400352B2CD013D8332B98
S3150800B24036D0342B36D0611B2846227889B2FDF7D2
S3150800B2506BFF0028D2D12046FDF7D2FD0444B44244
S3150800B260CFD30020CBE74A2BEDD10229C6D9A37844
S3150800B270002BC3D1B4F803305BBA0B3B9BB20F2B40
S3150800B280E1D9BBE71046FCF789FF0028DBD1B5E713
S3150800B2900229D8D8B2E7204601A9FFF797FF002868
S3150800B2A0D1D0ABE702239942CDD2A7E71023FAE71C
S3150800B2B00823F8E70423F6E70446D0E730B585B057
S3150800B2C00C466A4635210546FDF737FE38B9009B18
S3150800B2D0CDE90105214601A80393FFF730FF05B024
S3150800B2E030BD002310B5044683710948084058B19B
S3150800B2F0237004236370FBF704F9FBF711FF062399
S3150800B300C4F80200A37110BD002AF1D1FBE700BF03
S3150800B31000F8FF0791F8783073B505460C465BB11F
S3150800B3206846FBF7FFFE08236A460E212846FFF704
S3150800B33050FB002840F0168194F879306BB16846C6
S3150800B34004F11001FBF7EEFE08236A46332128466E
S3150800B350FFF73FFB002840F0058194F87E30002B6C
S3150800B36040F0F38094F880307BB10021B4F85A306D
S3150800B3706A465BBAADF80130284603238DF80010FB
S3150800B380FFF727FB002840F0ED8094F8843083B15E
S3150800B3900022B4F85C308DF800205BBAADF80130B5
S3150800B3A06A4603234A212846FFF713FB002840F084
S3150800B3B0D98094F8833073B100226846616FFFF72D
S3150800B3C090FF6A46352128469DF80630FFF701FBAF
S3150800B3D0002840F0C78094F87C30002B40F0C480E9
S3150800B3E094F87D304BB108230721284604F1490219
S3150800B3F0FFF7EFFA002840F0B58094F87A304BB1A1
S3150800B40010230521284604F12002FFF7E2FA002856
S3150800B41040F0A88094F87B3073B104F1300611210E
S3150800B4203046FCF773FC3246C3B203212846FFF7C1
S3150800B430D0FA002840F0968094F87F306BB1B4F8C3
S3150800B44058306A465BBAADF8003001210223284617
S3150800B450FFF7BFFA002840F0858094F8813043B1A1
S3150800B46010230421284604F15E02FFF7B2FA0028E9
S3150800B47078D194F88230002B65D040F20C43ADF8B1
S3150800B4800030B4F86E305BBAADF802300023ADF880
S3150800B490043094F87030DE0744BF80228DF804200B
S3150800B4A0980742BF9DF8042042F040028DF8042018
S3150800B4B0590742BF9DF8042042F020028DF8042067
S3150800B4C01A0742BF9DF8042042F010028DF80420A6
S3150800B4D0DE065EBF9DF8042042F004028DF80420C3
S3150800B4E0980658BF9DF8042028465CBF42F0020221
S3150800B4F08DF80420590658BF9DF804204FF00C011A
S3150800B5005CBF42F001028DF80420DB091CBF8023D2
S3150800B5108DF8053094F87130DA075EBF9DF805207E
S3150800B52042F040028DF80520C3F342029DF805302B
S3150800B530134343F038038DF805300DF10202042356
S3150800B540FFF747FA70B900200CE0606DFBF7E8FDDD
S3150800B550042300906A4634212846FFF73AFA002861
S3150800B5603FF400AF02B070BD08230221284604F15B
S3150800B5704102FFF72EFA00283FF432AFF2E770B522
S3150800B5800E68054609793046FCF7C0FBC4B2102C94
S3150800B5900FD822462946304633F049FF08B92B5DB5
S3150800B5A04BB122463146284632F06AFF002028551C
S3150800B5B070BD0720FCE71820FAE7112337B50546C2
S3150800B5C008460C4600918DF8043032F0E5FF014636
S3150800B5D02046FCF7E3FD28B169462846FFF7CFFF6A
S3150800B5E003B030BD0720FBE738B500F5005292F8E6
S3150800B5F059200546B2B9B9B10B78ABB100F5ED5093
S3150800B6001030FFF7DAFF23F04DF8044605F5EA5047
S3150800B6100430FFF7D5FA05F5EB501030FFF7D0FAEE
S3150800B620204638BD0D24FBE70724F9E710B500F5D9
S3150800B630005393F859404CB900F5EE500130FFF726
S3150800B640BCFF182818BF0446204610BD0D24FBE78A
S3150800B6504FF6FF720388934208D1D0F802200132D0
S3150800B66004D1C088C01A18BF01207047012070474E
S3150800B67008B50346D0F80200FBF752FD198849BA07
S3150800B68089B208BDF0B50546C5B003A80C4628F032
S3150800B69025FD294603A8FFF78AF9064690B903A8A7
S3150800B6A0FFF7A4FD0646002840F0D0800146882210
S3150800B6B0204632F0C6FC03AD9DF80A3103AA1344AE
S3150800B6C09D4202D3304645B0F0BD2B780E2B0BD8E1
S3150800B6D00E2B11D8DFE803F031884E77A166105A91
S3150800B6E010101010B0102000352B2FD009D8332B8E
S3150800B6F000F08280342B35D02846FDF781FB0544BF
S3150800B700DAE74A2BF8D10122B5F8033084F8842009
S3150800B7105BBAA4F85C30EFE70123A81C84F87830FC
S3150800B720FFF7A6FFC4E900012B895BBAC3F34E02F3
S3150800B73003F001032281A372DEE70122B5F8033084
S3150800B74084F880205BBAA4F85A30D5E7284601A9C0
S3150800B750FFF73CFD0028CFD1012384F88330019BF5
S3150800B7606367C9E72846FAF7C8FE0123606584F8C7
S3150800B7707E30C1E7012384F87C30D5F80230C4F85E
S3150800B7804130D5F80630C4F84530B5E7012384F8CA
S3150800B7907D30D5F80230C4F84930D5F80630C4F8FB
S3150800B7A04D30A9E7012304F1200784F87A3005F122
S3150800B7B0120CAB1C3A4618685968083303C263452D
S3150800B7C01746F7D198E7012384F87B306B78AA1CD3
S3150800B7D0102B28BF102301A904F1300001928DF81F
S3150800B7E00830FFF7CCFE87E701226B8884F87F20B4
S3150800B7F05BBAA4F858307FE70123A81C84F879308F
S3150800B800FFF736FFC4E904012B895BBAC3F34E027E
S3150800B81003F001032283A3766EE7012304F15E0297
S3150800B82084F8813005F11201AB1C53F8040B8B42E6
S3150800B83042F8040BF9D15FE72846FFF728FC0123F5
S3150800B840019084F88230C4F86E0055E7072639E778
S3150800B85070B50C460546FFF7FBFE01462046FFF786
S3150800B860F7FE81422CD12846FFF702FF06462046FE
S3150800B8700A46FFF7FDFE8A4208BF864204D0B04258
S3150800B88091410ED2012070BDEB885BBAC3F34E021C
S3150800B89099B2E3885BBA98B2C3F34E039A4203D0CF
S3150800B8A0F0D84FF0FF30EEE701F0010300F0010297
S3150800B8B0934207D0002B0CBF4FF0FF300120E2E780
S3150800B8C00029F8E70020DEE72DE9F04180460E461C
S3150800B8D018F8105B04462946174630464246FEF7D6
S3150800B8E05AFF0543EDB27DB1404604F10801FFF762
S3150800B8F0AFFF00280FDD31462046FEF7D5FF20783A
S3150800B90028F0E4FB002004E0304626F025FD002858
S3150800B910EAD0BDE8F081002FEDD10028EFD041F242
S3150800B920883104F11800FCF788FDE8E770B500F1E6
S3150800B930080604460D46C4B031461030FFF788FFA6
S3150800B940002821DA237883B903A828F0C7FB03A9BE
S3150800B9500E48FFF783F801A903A8FFF707FB20B9EC
S3150800B960314601A8FFF774FF70B129462046FFF754
S3150800B970D7F9032808D141F2883104F1180044B0F8
S3150800B980BDE87040FCF759BD44B070BD603D00206D
S3150800B99043789B0706D4044B93F85930023B012B96
S3150800B9A000D8C3E7704700BFF03F002038B504460B
S3150800B9B00D46FEF779FF0A4B93F8593033B1022B3F
S3150800B9C009D02078BDE8384028F080BB29462046B3
S3150800B9D0FEF7F4FEF5E729462046FFF7D9FFF0E71C
S3150800B9E0F03F002030B50C46C3B0054601A828F044
S3150800B9F075FB214601A8FEF7DAFF18B10724204691
S3150800BA0043B030BD01A8FFF7F1FB04460028F5D185
S3150800BA10284601A9FFF7CAFFF1E710B50446C2B0E8
S3150800BA2001A828F05BFB204601A9FFF717F818B90B
S3150800BA30204601A9FFF7ACFF42B010BD0048ECE76D
S3150800BA40343D00200048E8E7603D002083780288FE
S3150800BA5003B90902114489B28A4284BF013189B205
S3150800BA6083F0010301808370704738B50C468D1842
S3150800BA70AC4200D138BD14F8011BFFF7E7FFF7E722
S3150800BA800246402308460021FBF7EDBC30B50546C3
S3150800BA9091B0084622F0ECF90446014605F13C004F
S3150800BAA0FCF74CF80CB911B030BD68462146FFF7D3
S3150800BAB0E7FF0F9808B1FBF78DFB2046FBF78AFBDB
S3150800BAC00E9CEFE770B590B006460C466846496886
S3150800BAD01546FFF7D5FFDDE901329DF80010062966
S3150800BAE009D8DFE801F0040404040404040013B1CF
S3150800BAF02146284698473046616810B0BDE8704030
S3150800BB00C4E7F0B50F46154689B020220021044641
S3150800BB1068461E4632F095FA39462A4668461EF0A9
S3150800BB200BFD0396014630B16B462A462046FFF7C1
S3150800BB30E8FF09B0F0BD024669462046FFF7C2FF96
S3150800BB40F7E730B593B00D46C16B684628F05BFB46
S3150800BB50009C14B9204613B030BD214602A8FFF751
S3150800BB608FFFBDF80A30AB42F4D0109C002CF4D1FC
S3150800BB706846FBF729FBEBE7F8B5044617460D467A
S3150800BB8031B90FCF0FC497E80F0084E80F00F8BD4E
S3150800BB9006460FCD0FC695E80F0086E80F0020462B
S3150800BBA011F021FD48B13B46224607F1100153F832
S3150800BBB0040B8B4242F8040BF9D1238A0BB93B8A52
S3150800BBC0238263690BB97B696361237E0BB93B7E6C
S3150800BBD02376637E0BB97B7E6376A37E0BB9BB7E29
S3150800BBE0A376E37E0BB9FB7EE376237F002BCED1CB
S3150800BBF03B7F2377CBE72DE9F0411E6B05461746B9
S3150800BC001C4688B0002E3ED19B6A002B3BD080682C
S3150800BC10002838D0002938D12B8A6A8AADF8123024
S3150800BC200A21002384F82E30039105A902911021D8
S3150800BC30CDE900710DF1120111F02EFC00283CD15E
S3150800BC40BDF81C30A28D5BBA9BB2A76ABDF81280FC
S3150800BC50934228BF134641463A46A868FBF703FCB9
S3150800BC6048BBBDF81C30A18D5BBA9AB218FA83F8A6
S3150800BC709142ADF812800DD2012384F82E30069831
S3150800BC80FBF74EFA206300200BE02B8B6A8BADF88E
S3150800BC901230C5E7A385B3B29A4205D80028EED07C
S3150800BCA0062008B0BDE8F08110B9B85D0136F2E7A4
S3150800BCB00138C0B2FAE70328DED01728E3D0F0E748
S3150800BCC038B590F87030044693B90A4D95F87C3A21
S3150800BCD0033B022B0CD805F61A2011F084FC38B960
S3150800BCE005F61A2104F15000BDE83840FBF752B9B1
S3150800BCF038BD00BFF02F002070B50E4688B0044648
S3150800BD00154600212022684632F09BF9304622F07B
S3150800BD10AFF8054B2A46CDE9003069462046FFF7BD
S3150800BD20D1FE08B070BD00BFF01F002000230360DD
S3150800BD304360836070472DE9F04315468FB080460F
S3150800BD4001A89946FFF7F2FF04A80F46FBF73BF94F
S3150800BD5095F83030013385F83030FBF717F96B6A00
S3150800BD600344EB606B88002B50D1022101A80DF02B
S3150800BD70ABFE0446002840F0A380BDF80410002955
S3150800BD80F3D049BA404689B2FFF7DBFE0028ECD16A
S3150800BD90BDF804305BBA6B809DF8063095F829200B
S3150800BDA003F00703012A8DF8063004BF43F00103A8
S3150800BDB08DF806302B780820032B14BF4FF48073B8
S3150800BDC04FF400734849ADF8083023F0B1F8064639
S3150800BDD0002800F087800C2201A9FBF79FFC044687
S3150800BDE0002853D17B894022403B394630469BB2D6
S3150800BDF0FBF7CAFD0446002848D12B78062B09D83C
S3150800BE00DFE803F02E242628282A2C005BBAADF892
S3150800BE100430C1E700235BBAADF800304FF48073F5
S3150800BE20042269463046ADF80230FBF777FC044633
S3150800BE3060BB2B78032B15D0B28973899B1A95F8AA
S3150800BE402C209BB2022A25D107241FE00123E2E712
S3150800BE500C23E0E72123DEE71023DCE76B8EDAE725
S3150800BE601C23D8E77B894022403B394630469BB2A3
S3150800BE70FBF78AFD044648B91C4B0422694630463E
S3150800BE800093FBF74BFC04460028D5D03046FBF759
S3150800BE90A1F915E0B3F5007FD6D808AC05F1100373
S3150800BEA00FCB84E80F002B8C3246ADF832301048A1
S3150800BEB004AB08F1040113F073FF04460028E5D12A
S3150800BEC0B9F1000F04D0E96808F14400FCF720FB3B
S3150800BED0384640232A460021FBF7DEFB20460FB0F2
S3150800BEE0BDE8F0830324EBE70027040800100001EF
S3150800BEF0883600202DE9F0479946838A88B0064699
S3150800BF000C4690469DF840A05BB10B78012B0FD1EB
S3150800BF1091F82A30012B06D1264802A906F091F895
S3150800BF2030B10D2500E00725284608B0BDE8F087A2
S3150800BF304A464146204601AB1EF05AFE05460028F1
S3150800BF40F2D1019F06F13C00394622F049FD012352
S3150800BF50224639463046FFF7EEFE054620B13946F9
S3150800BF603046FFF793FDDFE7BAF1070FDCD06080B4
S3150800BF7084F830004A464146204684F800A06763A4
S3150800BF8002AB1EF035FE0028CED1DDF80880224629
S3150800BF90012341463046FFF7CEFE39462046FFF7D5
S3150800BFA06FFD4023224629463846C4F83880FBF7F9
S3150800BFB073FBB9E724430020F0B591B00446684600
S3150800BFC00E46FFF75DFD9DF80030032B02D00120D9
S3150800BFD011B0F0BD9DF82B30052BF8D104A811F04F
S3150800BFE002FB70BB04F17105284604A9FAF726FF7F
S3150800BFF038BB94F8A11003290ED1FBF758FEC0B23E
S3150800C000B0FBF1F101EB4101401A04EB001000F11D
S3150800C01071012846FAF78CFA94F8A130032B10D050
S3150800C0205A1C04EB031384F8A120713304AA08AF41
S3150800C030154603CDBD42186059602A4603F1080328
S3150800C040F6D130467189FBF712FD07460028BED0A7
S3150800C0500523002501466A468DF80030204601234F
S3150800C060ADF802508DF830500D96FFF764FE0423A4
S3150800C0706A468DF80030314601232046ADF8025055
S3150800C0808DF830500E97FFF756FE2846A0E770B594
S3150800C090254D94B0684628F07FF8D5F8741902A89B
S3150800C0A028F0B1F805F63815029CD4B9DDE9003157
S3150800C0B003F10043013B8B4202D01C48FCF728FAE7
S3150800C0C014B070BD21462846FFF776FF20BB2146EF
S3150800C0D004A8FFF7D5FC68460799FCF79DF8129C5B
S3150800C0E0B4B1214604A8FFF7CBFC139E009A002E94
S3150800C0F0F5D1079BD21A002AEDDB9DF840209DF862
S3150800C10038309A42DED31C2221462846FFF7F4FD32
S3150800C11002A8FBF759F8C7E733462146284604AA7A
S3150800C120FFF709FED7E700BFF02F00206C39002083
S3150800C1304022002131F085BF2DE9F04393B0044633
S3150800C14016461F460D46DDF86C809DF8709019B9A5
S3150800C150072013B0BDE8F08302A8FFF7E9FF4146C0
S3150800C16004F1500206A8FFF707FD8DF83990B8F1DB
S3150800C170000F03D098F81B30052B0CD09DF83330F0
S3150800C180052B08D106A904F17100FAF757FE10B17C
S3150800C19004238DF833309DF83330022B14D0042B4A
S3150800C1A010D0012B18D1072204238DF808301A9BCA
S3150800C1B0009204932A463346204602A90397FFF7BE
S3150800C1C099FEC6E70522EFE705238DF80830B9F191
S3150800C1D0000FBDD10722EAE703238DF80830F9E7F7
S3150800C1E01FB500240294079C00F5C9500194069CCB
S3150800C1F018300094FFF7A0FF04B010BD1FB5012446
S3150800C2000294079C00F5C9500194069C18300094C6
S3150800C210FFF792FF04B010BD38B50D46402104461D
S3150800C220FBF774FD2A46C1B22046BDE83840FBF745
S3150800C23093BB2DE9F0418846054688B1002420467F
S3150800C240A3B2EF5C1FB12E2F01D00134F8E7231AF1
S3150800C25013F0FF01A6B206D117B196B96B7883B968
S3150800C2600020BDE8F081FD2E0BD842462844FBF796
S3150800C27073FB0028F5D10136B0B20134002FDFD1A7
S3150800C280EEE70720EDE7002307B50DF107018DF866
S3150800C2900730FBF739FB03B05DF804FB0346B3F53B
S3150800C2A0404F07B5084600D3FEE76FEA83436FEAB7
S3150800C2B093430DF106015BBAADF80630FCF750FF63
S3150800C2C003B05DF804FB10B50C46FFF7B2FF18B9CA
S3150800C2D02046BDE81040D6E710BD1FB500220C4623
S3150800C2E00B880090ADF80830ADF80A20ADF80C3090
S3150800C2F0684610F0CFFE0028FAD0172802BF0020A3
S3150800C300BDF80A30238004B010BD2DE9F043044679
S3150800C3100F46154628264FF00A0889B00DF114096C
S3150800C3202FBB238A628AADF812300523CDE902981D
S3150800C330CDE900530DF112010023A06811F0ACF805
S3150800C340172819D080B9A368BDF81220C5E90003DB
S3150800C3502A8118460DF11201FFF7BFFF20B9013EE9
S3150800C360B6B2002EDCD1062009B0BDE8F083238BD7
S3150800C370628BADF81230D8E70020F5E7F0B5044631
S3150800C3801F4691B0A36806AD0E4607CA85E80700A2
S3150800C39093B32A4631462046FFF7B7FF024618BB35
S3150800C3A02EBB238A628AADF816301A23039309AB8B
S3150800C3B002931C23CDE900530DF116013B46A068F4
S3150800C3C011F06AF8024678B916990DF12E030DF1A7
S3150800C3D03E0053F8044B834241F8044BF9D10A98BE
S3150800C3E0FAF79EFE179B1860104611B0F0BD238B16
S3150800C3F0628BADF81630D8E71722F5E7F0B51C467C
S3150800C40000238DB0CDE90533ADF81C302368054609
S3150800C410164613B100200DB0F0BD8068002865D01F
S3150800C420002956D12B8A6A8AADF812301023039355
S3150800C43008AB029321230DF11201CDE90063002315
S3150800C44011F02AF80028E6D10998FAF769FEBDF82E
S3150800C4502E30AF685BBAA380BDF82A30BDF81260EB
S3150800C4605BBAE380BDF82C30E2685BBA20602381B2
S3150800C4700697ADF81C608AB33846238A0DF1120177
S3150800C48010F071FE0028C6D1BDF82820A6F11003C9
S3150800C49052BA92B212FA83F3BDF812200A339A42BC
S3150800C4A026D87A89934223D8ADF8123004F11206B9
S3150800C4B0304611F098F80028ACD024340023012126
S3150800C4C02846CDE9006405AAFFF758FF1728A2D128
S3150800C4D0A0E72B8B6A8BADF81230A7E738460DF12B
S3150800C4E01201FFF7FAFE0028E0D094E7172092E73A
S3150800C4F0062090E72DE9F0410C46E8B000210646F3
S3150800C500154603A8202231F09CFD214618A8FFF7FE
S3150800C510B7FA9DF86030033B012B4CD89DF8913053
S3150800C520002B48D02A46214603A81EF005F83422D7
S3150800C53000210BA831F085FDFF2300214027ADF827
S3150800C5403C306A460DF1A0080BAB03A8CDE90014F0
S3150800C550CDF83880ADF80870FFF750FF054650BB98
S3150800C5600DF13E0011F03FF828B320468DF86050D3
S3150800C570ADF862508DF8905021F07AFC2946259046
S3150800C5806B46424618A81EF033FB054698B9DDF8F7
S3150800C5900080012318AA41463046FFF7CCFB214606
S3150800C5A018A8FFF76DFA3B462946204618AACDF883
S3150800C5B09880FBF771F868B0BDE8F0812DE9F04383
S3150800C5C00D4699B08989064602A8ADF80610FFF708
S3150800C5D0ADFB00230246CDE90533ADF81C302846ED
S3150800C5E00C23FAF740FF002840F0B080BDF806306B
S3150800C5F00C33ADF806309DF80A30DA0900F0A6804B
S3150800C60013F0780F40F0A2809A07C3F3400700F1B1
S3150800C6109D80BDF80810304649BA89B2FFF791FAED
S3150800C6200446002800F09280014608A8FFF728FA79
S3150800C6309DF820804023B8F1030F14BF4FF001097D
S3150800C6404FF00209BDF80C20ADF81C3053BA9BB266
S3150800C6504B45CDE9057473D1284605AA0DF10601A7
S3150800C66010F002FE002871D1BDF806300433ADF88B
S3150800C67006307B1C99454FF00107EDD8BDF80E2012
S3150800C680284652BA92B20DF1060110F0B8FE0028FB
S3150800C6905CD1BDF81020284652BA92B20DF10601B7
S3150800C6A010F0ADFE002851D1BDF81220284652BA26
S3150800C6B092B20DF1060110F0A2FE002846D19DF8AF
S3150800C6C00B20474B02F00F02134493F8CB706FB957
S3150800C6D0B8F1030F0AD106F171080CA94046FAF71A
S3150800C6E0ADFB014610B14046F9F722FF05A8FFF752
S3150800C6F01DFB214608A8FFF7C3F99DF8203063BB48
S3150800C7009DF84A30012B28D10C232846A98905AA69
S3150800C710FAF7A9FE08BB9DF8173013F00F0318D0D7
S3150800C720032B1AD000220123ADF822208DF85020C1
S3150800C7302146304608AA8DF82030FFF7FCFA05E0B6
S3150800C7409DF80B301B0701D0002A97D019B0BDE819
S3150800C750F083BDF81A30002BE4D06FB1214630467D
S3150800C760FFF72AFC0028F1D03A462146304619B090
S3150800C770BDE8F043FFF7C0BA2A4621463046FFF720
S3150800C780B9FE204621F074FB07465FB9204621F022
S3150800C7906FFB3B4601462A46304619B0BDE8F043D2
S3150800C7A0FFF7AFB9394608A8FFF76AF9BC4201D0C6
S3150800C7B0179B0BB1169FE8E7214608A8FFF760F913
S3150800C7C0179E002EC2D169892846FBF750F94023E7
S3150800C7D017903146204608AAFAF75EFFB6E700BF6B
S3150800C7E03C2E04082DE9F04F0027DFF8B0B2B84612
S3150800C7F0DBF828508FB0002D00F05B820BF5005453
S3150800C80094F85930CBF82870002B46D0A80714D0D6
S3150800C81004F51A71A1F6343012F065FF58B904F51B
S3150800C8201C70FDF74BFD00B1FEE7944821F074FE3D
S3150800C830102021F08FFE21F023FE15F4405F04D06E
S3150800C84021F0A1FA08B121F01BFEA90504D56A0753
S3150800C85002D48B4813F024F915F4827F09D0EB052E
S3150800C86004D494F8590027F0D4FB10B1844812F088
S3150800C870E1FB680211D5834B08A8D3F8542E93F828
S3150800C880521E0892FCF79EFF024630B994F85930BA
S3150800C8901BB101467C4812F0A3FC15F40073009303
S3150800C8A000F017810021012389468A4602AA8DF8DD
S3150800C8B0083003928DF81030744803AA1EF014F954
S3150800C8C0014680B9BAF1000F3CD14FF6FE73A4F8C1
S3150800C8D05A84A4F85834C4F85C6484F86074002058
S3150800C8E01EF0C8F866E00023CDE9091308A80191EF
S3150800C8F001F050FB01990028DED10A9A5378023BD1
S3150800C900062BF3D9BAF1000F18D094F87F00538894
S3150800C91080025BBA80B21FFA83FE70450ED0BAF861
S3150800C92002305BBA9BB29842E0D092F804C099F8FC
S3150800C9300000844502D8D9D19E45D7D9924602F13E
S3150800C9400409D3E7D9F80300FAF7EAFBBAF8022094
S3150800C9500646B9F80130B4F8580491B252BA1FFA2B
S3150800C96082FA5BBA504599F800704FF6FF601FFAD5
S3150800C97083F82AD08142A8D0B6F5967F38BF4FF4FF
S3150800C98096764349A4F858248E4228BF0E460120BD
S3150800C990A4F85A34C4F85C6484F860741EF06AF823
S3150800C9A094F85B30990702D41EF056F810B139484E
S3150800C9B011F0A2FD0023354E0393304608AA03A9B9
S3150800C9C005F030FBD0B100211EE081423FF47DAF77
S3150800C9D0B6F5967F38BF4FF496762D4A964228BF0D
S3150800C9E0164694F86024BA42D1D1B4F85A24C4F849
S3150800C9F05C64424518BFA4F85A3470E79DF8323093
S3150800CA005A07C3F38001D8D594F8748489B9B8F164
S3150800CA10000F4CD01122204831F013FB94F89C34B7
S3150800CA20DB0702D51B4827F0F3FB1A4811F03CFD3B
S3150800CA303DE09DF83060464506D13246164908A8BD
S3150800CA40FAF7FEFA86422BD904F2644608AF0FCFEE
S3150800CA500FC63B683370B8F1000F09D094F89C34C0
S3150800CA600C48DF0702D527F0D3FB0A4811F01CFD56
S3150800CA7094F87434002B40F0AE80FEE7584200204C
S3150800CA8048400020F02F0020E441002024430020E5
S3150800CA909BC420007044002054440020F01F00204E
S3150800CAA0A949A1F6785012F01EFE0028E0D0D4F865
S3150800CAB03C6576B10921A54808AA01F056FA40B1A5
S3150800CAC03046FAF787FB0023A148C4F83C35FBF744
S3150800CAD028FD15F004090DD094F85930022B00F200
S3150800CAE09B809C48FBF71DFD00239B4884F8FE3578
S3150800CAF0FBF717FD15F0805F984F2FD0002308A885
S3150800CB0008931DF0AFFD48BB089E3EB3D4F8F43534
S3150800CB109E4223D0D7F8543E1E40C4F8F46526B981
S3150800CB208C48FBF7FEFC84F8FE65FF2300268DF88B
S3150800CB300C3003A908A8FCF74DFE33460136002839
S3150800CB40F7D0DAB2864B8748B3FBF2F3C4F8F83568
S3150800CB5097F8523E84F8003611F08AFB6E0406D523
S3150800CB6097F8523E7F4884F8003611F081FBE804B6
S3150800CB7003D500217C4813F093FCB9F1000F06D0C9
S3150800CB8094F85930022B02D101201DF073FF009B47
S3150800CB9083B16D49A1F6785012F0A5FD50B108A9E8
S3150800CBA0694823F0B7FB9DF83230990702D46F48DD
S3150800CBB011F07AFC94F8590027F02BFA00283ED198
S3150800CBC0C4F8C40497F8A438002B40F09F80B9F144
S3150800CBD0000F45D07BE05C4884F8BC340DF0E4FADD
S3150800CBE0634901F1480010F031FDD4F8A434D4F8B3
S3150800CBF0A82413430AD01146D4F8A40404F2B44373
S3150800CC0083E80300594811F042FC50E7574811F0F1
S3150800CC1021FC0028F6D04AE70823A4F82C3600237E
S3150800CC20544984F83436C4F81C16C4F82016FBF7A1
S3150800CC303EF84948C4F82416FBF70AFC5AE705F0FB
S3150800CC400106B9F1000F37D1002E57D197F8A4384D
S3150800CC5033B1009B002B5DD1AA0701D51DF078FDE5
S3150800CC6015F4047F02D0444813F05EFD15F0130F47
S3150800CC7014D097F8553A8BB14FF00008D7F83467B7
S3150800CC80DFF80091002E40F0F180B8F1000F40F077
S3150800CC900B8194F87B329B0740F1F8809BF8404063
S3150800CCA0364E07340BEBC40406F138039C4240F0B9
S3150800CCB000810FB0BDE8F08F94F858305B0702D5B5
S3150800CCC02A4811F019FC76BB97F8A438F3B994F8FA
S3150800CCD0590027F09EF90246002800F0B980264838
S3150800CCE011F014FA97F8DC39012BB9D1042122483E
S3150800CCF010F09BFF204811F05FF8B1E794F8C734AD
S3150800CD00012B14D197F8A438002BA9D0009B002B2F
S3150800CD1000F09A804FF0050A194EBAF1010A0ED1B1
S3150800CD201DF016FD53E794F8C734012BCCD0012328
S3150800CD3084F8C734D4F8C40427F0B6F942E7B37CBC
S3150800CD40980721D42036E8E79C4400202443002095
S3150800CD5030450020F445002000460020F02F002032
S3150800CD60C13F0500E44500206844002070440020C7
S3150800CD7054440020807F0A00CC390020F01F002090
S3150800CD80A838002058420020002302934C4808AADD
S3150800CD9002A905F047F98046D0B1D6F81C80B8F14B
S3150800CDA0000FCFD1B37C13F0010343D0FAF7EEF8A6
S3150800CDB000F5922101F57871012938BF0121414812
S3150800CDC0F161FBF7A5FB414630461DF0A3FCB9E728
S3150800CDD09DF831301907D9D59DF832305A07D5D480
S3150800CDE09DF83030402BD1D1314608A810F0BAFE54
S3150800CDF00028CBD0D7F8A83853B1334808A99847A4
S3150800CE0030B1304621F04CFBB37C68F34103B37470
S3150800CE10304603A923F07EFA9DF81E309B0748BFCB
S3150800CE209DF81D80337E43458CD086F8188021F006
S3150800CE3027FB87E73046009321F032FBB27C009B44
S3150800CE4063F34102B2747DE7A8073FF569AFBEE612
S3150800CE5097F8DC39002B3FF403AF1C491C4810F047
S3150800CE601BFF01211A4810F0E0FEF9E64E4519D0DD
S3150800CE7030461EF085FEF37CC3F3400398420CD07F
S3150800CE8023B1B37C990701D5DA0707D5104810F006
S3150800CE90B9FE0F4810F090FF00E718B108F1010835
S3150800CEA01FFA88F87669EDE6B7F8E0394345EDD11B
S3150800CEB0F4E6B36B13B12846F16B98470836F3E6E8
S3150800CEC0244300209C380020F01F00201E2F040851
S3150800CED0CC3900200000000030B40446184643B997
S3150800CEE001F1310323F001035B78B3F1440018BF65
S3150800CEF0012065681DB1AC46A36830BC604730BCEC
S3150800CF007047FEE703681878704710B503681A7803
S3150800CF10022A1ED09A79022A19D159790F2916D8C8
S3150800CF20EFF31184302282F31188012209488A40DE
S3150800CF30C0F82024C0F824240020074A42F831000B
S3150800CF4002EBC102506084F31188BFF36F8F02228F
S3150800CF501A7010BD00E0035030460020F8B50446AC
S3150800CF600127124D0CB314F001000BD0002024F059
S3150800CF70010405EBC0021668002EF3D05168C0B252
S3150800CF80B047EFE72246013020284FEA520201D087
S3150800CF90D307F8D507FA00F20F2824EA0204E8D9DD
S3150800CFA0421E05EBC2021038E5E7F8BD3046002000
S3150800CFB0074BD3F82404D3F8202403F50053104074
S3150800CFC000F0553020F05020C3F82004C6E700BF13
S3150800CFD000C00350074BD3F82404D3F8202403F5E4
S3150800CFE00053104000F0AA3020F0A020C3F8200417
S3150800CFF0B4E700BF00C003501A4B2DE9F0411F6D7E
S3150800D0005B6D1F4000D5FEE701260025164CDFF8AC
S3150800D010608037421CD0C8F850602368C3B1A16845
S3150800D020284601316268A1609847637B012B0FD1BE
S3150800D03070B90E4B03EB451393F87C2160F341025C
S3150800D04083F87C2193F88C2160F3410283F88C21C4
S3150800D0500135082D4FEA460604F11004D9D1BDE87A
S3150800D060F08100BF00000450204700203046002011
S3150800D07000200450416C436910B5DA1CA1F1140470
S3150800D080B2FBF4F203EBC2000330B0FBF4F0B1F5E7
S3150800D090805F00F1010002D1012828BF012001307C
S3150800D0A010BD73B506460D460024F36B01225B6975
S3150800D0B001A928199847019B013309D1736C0434D7
S3150800D0C062196A405B421A42EFD0204602B070BD30
S3150800D0D00024FAE72DE9F341154690F842201E464A
S3150800D0E0012A0CBF022304235D43CF7D2C1D8446F1
S3150800D0F005F00205BFB915B1012724F003044868F5
S3150800D10008342044DCF83C30012A5B6927D101A9A0
S3150800D110984717B1BDF806300193BDF8043033605F
S3150800D12002B0BDE8F08155B124F0030400230D7E5A
S3150800D13001F1200ED8B2854203D80020E2E72F4637
S3150800D140F4E73EF8330003F10108A04204D901EBE5
S3150800D150C303D8690834D4E74346241AEAE7012208
S3150800D160314602B0BDE8F041184703460846EFF3DA
S3150800D170108172B6024ADB6BC2F87012DB68184778
S3150800D18030460020D01E009B42424241187E824211
S3150800D19011D11A688A420ED85A688A420BD35A693C
S3150800D1A001325A61D3E9030282423FBF986840F8C8
S3150800D1B0221001321A610120704700234FF0FF3216
S3150800D1C030B544689C4202D10023037230BD016821
S3150800D1D001EBC30541F833206A600133F2E7002307
S3150800D1E0F0B545689D4210D00468DF0054F8332036
S3150800D1F004EBC306B2F1FF3F08D0C2F31302914213
S3150800D20004D14FF0FF33E3517360F0BD0133E9E712
S3150800D21010B5032A029C07D1A26A5340626C524297
S3150800D220134201D1FFF7DBFF012010BD0023F0B543
S3150800D23045689D4202D14FF0FF300EE00468DE00DB
S3150800D24054F83340671C09D0C4F31307B94205D113
S3150800D250240D1470036833445868F0BD0133E8E7B9
S3150800D26073B5164600F108040D46204609680DF107
S3150800D2700702FFF7DBFF032E05D16B68834202D155
S3150800D2802046FFF7ACFF012002B070BD2DE9F04340
S3150800D290466886B3056898464FF0000CA946AE4620
S3150800D2A055F83C400CF1010CC4F31307013401D0C6
S3150800D2B0B94217D066450EF1080EF1D12F46002463
S3150800D2C003E0A64207F1080712D055F834300134B6
S3150800D2D00133F6D1C1F3130141EA0851C7E9001237
S3150800D2E0BDE8F08341EA0851CEE90012BDE8F083B3
S3150800D2F0B8F1030F03D101230372BDE8F0830023BD
S3150800D30003E09E4209F10809F5D055F83340013388
S3150800D310C4F30754032CF4D1C1F3130343EA0853A7
S3150800D320C9E90032BDE8F08308B508301346D1E9EB
S3150800D3300012FFF7ABFF012008BD4FF48032064B01
S3150800D34000209A6641F6713203F51C33DA6301222E
S3150800D35003F50053DA607047009000500B4B01212B
S3150800D3609B6EDB035EBF4FF48032094B9A6641F62B
S3150800D3707132084BDA63084AD1600022DA634FF447
S3150800D3808032A3F518339A66704700BF00800050B4
S3150800D390009000500000035000200350704737B536
S3150800D3A0054601F10C04436901A901222046984764
S3150800D3B0BDF804300122009369462046AB699847B8
S3150800D3C003B030BD202A0B681EBF4FF0FF319140D5
S3150800D3D08B43590801F055315B1A03F033319B082A
S3150800D3E003F033330B44017803EB13130A444FF06D
S3150800D3F0013103F00F334B43A2EB136202707047FF
S3150800D40037B5044600251B22011D0DF107008DF8CE
S3150800D4100750FFF7D7FF63689DF80720B2EBD36F75
S3150800D42003D123F0784003B030BD1B2204F1080174
S3150800D4308DF80750FFF7C6FFA0689DF80730B3EBD5
S3150800D440D06F0ABFC0434FF0FF3020F07840EAE7BC
S3150800D4502DE9F0430646994689B0036908460F4602
S3150800D460904698470446002867D1D9F804305B0AE5
S3150800D470012B22464FEA530304F10104F8D899F820
S3150800D480035099F802302D03DB0203F4006305F418
S3150800D49080551D43B9F800304FF00009C3F30A035D
S3150800D4A052032B4492B29D18294B0DF107001B22FB
S3150800D4B028F0784402A9039302948DF80790FFF7A1
S3150800D4C081FF9DF807306FEA054544EAC364049472
S3150800D4D06FEA08041B2224F0784402A902948DF806
S3150800D4E00790FFF76FFF9DF807306FEA154544EA86
S3150800D4F0C3644FF0FF3301220594069307A9B36965
S3150800D500079507F11000984701220446B36905A953
S3150800D51007F1080098470122484518BF0446B36931
S3150800D52004A9381D98470122484518BF0446B3691F
S3150800D530384603A9984728B1044639463046FFF7C6
S3150800D5402EFF01E0002CF8D1204609B0BDE8F08393
S3150800D55001009AB2164B10B5D3F82831044603F0E9
S3150800D5600703013B052B04D8DFE803F00A161E1251
S3150800D5700E1A0023184604B1206001B10B6010BDD5
S3150800D5800C4B18680523F6E70A4B18680623F2E7DA
S3150800D59032F056F80723EEE7064B58680323EAE706
S3150800D5A0044B58680423E6E702230348E3E700BF71
S3150800D5B00080005060640020002D3101174B10B523
S3150800D5C00446D3F8200100F0070006281FD8DFE834
S3150800D5D000F0040A0E2112161A00012304B1206075
S3150800D5E001B10B6010BD0E4B18680523F6E70C4B0E
S3150800D5F058680323F2E732F023F80723EEE7084BCF
S3150800D60018680623EAE7064B58680423E6E700236A
S3150800D6101846E3E702230348E0E700BF008000500E
S3150800D62060640020002D31010E4BD3F8403103F021
S3150800D6300303022B0DD0032B0FD0012B0BBF0A239C
S3150800D64001234FF40042002200B1026001B10B60D1
S3150800D650704709234FF40042F6E70C234FF47A7219
S3150800D660F2E700BF008000504FF480322DE9F843FE
S3150800D670204B4FF001089A6641F671331E4D044659
S3150800D680EF69EB631D4B0021C3F80C800223686128
S3150800D69021202B61174033F0BFF8DFF86890064663
S3150800D6A040B1C9F80C8007B1E96301360CD16E2088
S3150800D6B0BDE8F883212033F0AFF8C9F80C8007B12C
S3150800D6C0EE63431CF3D008B17120F1E70C4B9A685E
S3150800D6D001230A3202F01F02934023F00303234476
S3150800D6E09C4201D10020E3E754F8042B0132F7D01D
S3150800D6F03E20DDE700900050000003500010035064
S3150800D7000080E00F0020035000280CDB01220649A8
S3150800D710430900F01F008240203341F82320BFF35D
S3150800D7204F8FBFF36F8F704700E100E0D0F8A43049
S3150800D7301B689A6C5206FCD5002059647047D0F8CD
S3150800D740A4301B689A6C120643BFDB6B00200B7073
S3150800D7501B207047D0F8A43001221B6819B103F5C5
S3150800D76080531A65704703F500531A65DA647047E3
S3150800D77080F89910704790F89900704790F89600CD
S3150800D7807047BFF35F8F084B5A6A22F480325A6299
S3150800D790D3F8942022F00102C3F89420BFF34F8FE8
S3150800D7A0BFF36F8F704700BF00ED00E0BFF34F8FE8
S3150800D7B00549064BCA6802F4E0621343CB60BFF31F
S3150800D7C04F8F00BFFDE700BF00ED00E00400FA053B
S3150800D7D010B5044644EA010313F00303084609D1C9
S3150800D7E0934201D1002010BD54F8231040F82310AD
S3150800D7F00133F5E72146920030F042FEF2E738B5EC
S3150800D80005464C782B790234E4B29C4208460ED879
S3150800D8102A6891420BD31A4421448A4207D3521AE2
S3150800D820D2B230F0B2FD2B791B1B2B7138BDFEE747
S3150800D83038B5202204460D460C30002130F001FC94
S3150800D8404FF0FF33C4E90035A36038BD13B5084C63
S3150800D850002204F59F630093D4F80815054BA4F538
S3150800D860DC70FCF7D6F80023C4F8083502B010BD02
S3150800D870F03F0020F11C0108084608B50A8C103054
S3150800D88022F088FD00280CBF1F20002008BD09686B
S3150800D890006830F02CBE2DE9F0471D46836D00F177
S3150800D8A050079F4204460E46914688B078D02B789A
S3150800D8B0812B75D1AB88B0F84C205BBA9BB29342EA
S3150800D8C06ED10423304689890DEB0302F9F7CBFDA7
S3150800D8D0002865D10198F9F723FC02AA82469046EA
S3150800D8E009F1100309F1200E94461868596808339F
S3150800D8F0ACE8030073456246F6D1F9F747FB4FF6E5
S3150800D900FF73A0EB0A00984228BF1846B1897389AD
S3150800D91082B25B1AADF81820ADF81A30EB885BBAFC
S3150800D920ADF81C3099F824308DF81E30E38F01339A
S3150800D930E387236C03442364B4F84630934238BF24
S3150800D9401346A4F84630B4F84430934228BF134629
S3150800D950A4F8443094F848305BB9E38D4BB9EB88AA
S3150800D960B4F84E205BBA9BB2934202D13846FAF716
S3150800D970D8FD236A13B14046A16A984794F84830FF
S3150800D98073B9E38D63B9EB88B4F84E205BBA9BB2E2
S3150800D990934205D1636A1BB1A16A04F13C0098471A
S3150800D9A008B0BDE8F0871FB54FF000639B6A03F126
S3150800D9B07842B2F5C04F1CD21C6B04F17843B3F51C
S3150800D9C0C04F16D2002301A8CDE9023321F0D3FEB9
S3150800D9D0039BDB030DD5029B1A0E0AD0012A03D13D
S3150800D9E0C3F307430A2B04D9236C04B0BDE81040DF
S3150800D9F0184740F2011004B010BD13B50468A38897
S3150800DA00ADF804302378022B15D00DF1030101A8D7
S3150800DA1026F096FAA2799DF80330012A13D1618877
S3150800DA2043EA41034FF6E07163F03F039BB28B4232
S3150800DA3003D12270638002B010BD4FF6DF729342A5
S3150800DA40F8D10022F5E7002AF5D183F00103237007
S3150800DA50F1E737B50D680C46AB88ADF804302B787E
S3150800DA60022B21D00DF1030101A826F069FA9DF8D1
S3150800DA70033083F001032B706369ABB120469847E6
S3150800DA80012811D1094B9C4207D1094B83F87A0228
S3150800DA9003B0BDE830400DF043BD18339C4204BFC7
S3150800DAA0034B83F87B02F3E703B030BD5C38040808
S3150800DAB0304600202DE9F74F89464FF480314FEA6A
S3150800DAC0820A384A384C9166E269804602EA0103BE
S3150800DAD041F6713201210093E263344A8346D160EC
S3150800DAE057464A4677B938460122314BDA60009BD9
S3150800DAF013B100222C4BDA63431C3DD0002846D0D4
S3150800DB0071203AE00BF5005525F4FF5525F01F0561
S3150800DB10C4F814B0A5EB0B05E169BD4228BF3D4624
S3150800DB20490731D4164656F8041B2A44A161964281
S3150800DB3010D1042200212120226132F06DFE002836
S3150800DB40D2D1212032F068FE0028CDD13246AB442E
S3150800DB507F1BC7E708210846019232F05DFE019A4D
S3150800DB6070B1042301222361114BDA60009B0BB1CB
S3150800DB700023E3630130C3D16E2003B0BDE8F08F04
S3150800DB8056F8041BA161D2E74FF0FF30ACE75246C6
S3150800DB904946404631F04BFC002814BF3D20002082
S3150800DBA0EBE700BF00900050000003500010035040
S3150800DBB00020035070B504460D46EFF31186302356
S3150800DBC083F3118890F8963069B13BB990F898308C
S3150800DBD023B132F051FC012384F8963086F311887C
S3150800DBE0BFF36F8F70BD002BF8D032F059FC84F864
S3150800DBF09650F3E72DE9F743D0E9043404F17C079E
S3150800DC00D0F80C900646013B102200213846D4F87D
S3150800DC1074809DB230F015FA0B4BC5F30A0543EA3A
S3150800DC200513C4E91F39012394F8780084F88C3069
S3150800DC30C4F884803A46054B009604F1640126F040
S3150800DC404FFE03B0BDE8F0830000103051DC000839
S3150800DC50536910B514460022D3F8900083F88C2037
S3150800DC6028B10168C3F890100260FFF7C3FF636824
S3150800DC701BB100212046A2689847002010BD034624
S3150800DC8093F89420084610B5FAB10A69B2F5006F00
S3150800DC901DD8EFF31184302282F3118893F88C2073
S3150800DCA04B617AB103F19002D3F890303BB9036027
S3150800DCB0106084F31188BFF36F8F002010BD1A46D9
S3150800DCC01B68F3E7FFF796FFF3E70E20F6E7212038
S3150800DCD0F4E74378012B0AD9C0780730C010821CB4
S3150800DCE0934204D31028CCBF00200120704700209F
S3150800DCF07047C378073300EBD3000430704738B554
S3150800DD0005464078A8B195F90230002B12DA0128A9
S3150800DD1019D0841C4AF6AA70EB784AF6AA72801AB9
S3150800DD2018BF012003EB80030433A3428CBF0020F5
S3150800DD30012038BD052806D9841CD5F80300F9F753
S3150800DD40EFF9EB79E9E70020F3E790F90230002BC9
S3150800DD50B5BF02230623C078C0791844C0B27047FD
S3150800DD602DE9F0410E461746044602F1FF38A31C7A
S3150800DD709E421FD363789D1C2544AE421AD322784F
S3150800DD80B7EB520F0BD1B8F1050F10D8DFE808F042
S3150800DD90030F0D0F090D2046FFF79BFF38B92C46D8
S3150800DDA0E5E72046FFF7ABFFF8E7012BF7D9204652
S3150800DDB0BDE8F0810024FAE7014608B5FFF799FFA8
S3150800DDC04B78032202331944BDE80840C8E72DE919
S3150800DDD0F84306464FF0FF37046832793368134430
S3150800DDE09C4201D3BDE8F88323785A08012A07D054
S3150800DDF0052A5AD0DB0715D5637802331C44ECE7AD
S3150800DE002046FFF776FF6FF00108054663789A1CEF
S3150800DE10224495420BD3E2780732A3EBD203DBB256
S3150800DE20022BE9D121463046FFF7E9FCD5E72B78E6
S3150800DE3095F80190D9072ED55B0821D0022B08D179
S3150800DE402046FFF7B9FFA9F10201AA1C29448A4214
S3150800DE5003D909F102094D44D8E753885BBA03F49C
S3150800DE60406353B148B1837803F00F03A3F5806389
S3150800DE705BBA9BB222F8043BE9E74FF6FF63F9E782
S3150800DE8009F1FF32AB1C2A449342E2D81F7083F88B
S3150800DE9001800333F8E729463046FFF7B0FC63787C
S3150800DEA0023BA3EB09036370B0E72046FFF74DFF7B
S3150800DEB0851C25446278931C23449D4204D320463E
S3150800DEC0FFF743FF8242ACE72B7895F80180DA0723
S3150800DED00DD55B08062B06D1A37803F00F03A3F52F
S3150800DEE07C735BBA6B8008F102084544E2E7294671
S3150800DEF03046FFF784FC6378023BA3EB08036370A4
S3150800DF00D8E773B504460092104600221D468DF8E0
S3150800DF1004201B7822790E4693428DF8053010D3DB
S3150800DF20216830F0ADFA2379012E8DF8043002D13C
S3150800DF306846FFF74CFF00209DF804302B7002B0AE
S3150800DF4070BD0320FBE7034610B500680C46197937
S3150800DF5004220144FFF704FF30B12246BDE8104011
S3150800DF6041780230FBF7E0B810BD10B51446FFF74C
S3150800DF70EAFF58B14378012B0AD9FF2B14BF0223B5
S3150800DF800423C35A00205BBA238010BD1720FCE780
S3150800DF900620FAE738B5456804460DB9172038BD96
S3150800DFA0806868B1427802321044697806220231E4
S3150800DFB02944FFF7D5FEA0600028EFD00020EEE741
S3150800DFC02846FFF7C2FE831CE818EEE710B50A4696
S3150800DFD00446D0E90001FFF7C3FE18B143780233BF
S3150800DFE00344236010BDF7B5044601920D4600228E
S3150800DFF010270126BDF8063022700F2B11D90E2ADC
S3150800E0000FD817FB02621023224401A92846F9F704
S3150800E01000FB102101A8F9F73FFE22780132D2B29F
S3150800E020E8E703B0F0BD034608BA19BA704770B5F9
S3150800E030314D044695F8483E43F0010385F8483EBD
S3150800E04095F87E3E0BB921F007F92C4E337A9B07DB
S3150800E05006D4012020F036FB337A43F002033372EC
S3150800E060012384F8D830636825491A461AB933B9A2
S3150800E070234B636009E08A4210D01269F6E71A4614
S3150800E0801B69002BFBD11E4B13611D4E3246012125
S3150800E090204620F09FFA3669002EF7D1194811F06C
S3150800E0A029F80221184810F0D5F820B944F64C5141
S3150800E0B0154812F0DBFAB5F87C386BB9022113481B
S3150800E0C010F0C8F840B94FF2BF01104812F0CEFA66
S3150800E0D010B10E4810F05EF800210D4810F0BAF89D
S3150800E0E0014610B90A4812F0C1FABDE870404FF06F
S3150800E0F0807020F02FBA00BFF02F0020F03F0020DC
S3150800E1000C24040848400020C84000205C38002041
S3150800E1102C3900202DE9F74F0F46054628B303781A
S3150800E120302B1BD1437803F0DF03582B16D14FF061
S3150800E1300108023500244FF0993A26464FF00A099D
S3150800E140DFF874B02878B8F1000F0AD00DF107018E
S3150800E150F9F77DFFB0B103B0BDE8F08F4FF00008C6
S3150800E160E8E73038C0B2092801D90720F3E7A24505
S3150800E1707BEB06038DF80700F7D3A4FB094309FBDD
S3150800E180063306E0B6F1805FEFD2330143EA147333
S3150800E19024019DF807200021121953F1000328BF16
S3150800E1A0012114461E460029DFD115F8010F002863
S3150800E1B0C8D1C7E90023CEE79999991913B50C4632
S3150800E1C010B9072002B010BD027869462D2A0ED173
S3150800E1D00130FFF79FFF02460028F3D14FF00041B8
S3150800E1E0009B994201998A41EBD35B420DE02B2AA9
S3150800E1F008BF0130FFF78EFF0028E3D1009B019A84
S3150800E200B3F1004F72F10002DBD200202360D9E798
S3150800E2102DE9F347064600680D4617469846002836
S3150800E22050D030F0B9F900F1010904464FEA59090E
S3150800E230B8F1000F09D0B8F1010F40D0B9F1000FBD
S3150800E24042D10020A5F8009036E02B884B4539D1FD
S3150800E25004F00104B9F1000FF3D0002C3AD1D6F836
S3150800E26000A00DF107019AF80000F9F7F0FE18BBB7
S3150800E2700AF1010333609DF807301B01DBB23B70DE
S3150800E280D6F800A00DF107019AF80000F9F7DFFEAD
S3150800E29090B90AF1010333603B789DF807200134F1
S3150800E2A01343A14507F8013BCBD0B8F1020FD6D1ED
S3150800E2B02B88A342D3D1242002B0BDE8F0872B884F
S3150800E2C04B45C5D20720F7E72B88002BF3D000F083
S3150800E2D00104C2E700242346D1E713B50C46694674
S3150800E2E0FFF718FF48B94FF0FF32009B9A42019A90
S3150800E2F070EB020234BF0720236002B010BD03682A
S3150800E300D90444BF43F48063036003689A0444BF96
S3150800E31043F400630360704713B5044601A80191EE
S3150800E320FFF7EDFF019BA36002B010BD2DE9F04792
S3150800E33086B00546DDE90F980C46164600211822D8
S3150800E34068461F469DF838A02FF07BFEB9F1000FEE
S3150800E35041D0B4F5885F1ED04AF48073BAF1010F34
S3150800E360019303D12A68DBB2059283B3394668461E
S3150800E370FFF7D2FFADF8004024F0FF04B4F5824F52
S3150800E380039612D12B464246494668461AF0D2FBF6
S3150800E39006B0BDE8F087BAF1000F12D139466846D3
S3150800E3A0FFF7BAFF0396ADF800404FF6F872B2EBE6
S3150800E3B0C80F4FEAC80338BF4FF6FF73ADF80230EF
S3150800E3C0E0E740F2011301932B680593E6E740F274
S3150800E3D001130193CAE76FF08600D9E7002808DB26
S3150800E3E001224309034900F01F008240603341F8C7
S3150800E3F02320704700E100E010B50A4C94F88C32EF
S3150800E40073B194F88D325BB131F0E0F9002384F8EA
S3150800E4108D3284F88E32012384F88F3284F8903254
S3150800E42010BD00BF30460020036803B970478B4211
S3150800E43004D10B68036000230B6070471846F3E7A6
S3150800E4404FF0FF307047FEE7002070470120704705
S3150800E450012070474FF0FF307047002070470020BA
S3150800E460704700207047BFF34F8F0549054BCA68B0
S3150800E47002F4E0621343CB60BFF34F8F00BFFDE7A2
S3150800E48000ED00E00400FA0548B10122437801785E
S3150800E4909A4030235943034B00205A507047222094
S3150800E4A0704700BF40D0035048B101224378017835
S3150800E4B09A4030235943034B00205A507047222074
S3150800E4C0704700BF40E003500B4B93F8912262B1AE
S3150800E4D007280CD803EB001393F8FC304BB1012343
S3150800E4E0064A83401364002070470548704705486C
S3150800E4F070470548704700BF30460020001004509A
S3150800E500028000F0018000F0078000F00B4B93F8C2
S3150800E510912262B107280CD803EB001393F8FC305C
S3150800E5204BB10123064A834013640020704705480F
S3150800E5307047054870470548704700BF30460020B9
S3150800E54000200450028000F0018000F0078000F0EF
S3150800E550014638B508B9012038BD047D2046FFF7C5
S3150800E560B3FF3023634303F1A04303F5802320461A
S3150800E570DD6EFFF7CBFF0A4B9D421CBF042381F8D3
S3150800E580A13091F8953091F8A1002BB1022803D15A
S3150800E590012381F8A130DFE70428DCD1F8E700BFC2
S3150800E5A0C248002010B5EFF31184302383F3118895
S3150800E5B000220E490B7B73B90D49026001EB02126A
S3150800E5C00121C2F8F03082F8FC1084F31188BFF3F9
S3150800E5D06F8F184610BD0132082A01F11001E9D1E2
S3150800E5E084F31188BFF36F8F0248F3E720470020B2
S3150800E5F030460020048000F038B505460C46FEF784
S3150800E60039FD6B6CA3F11402B3F5805F02FB00F0D1
S3150800E61005D140F6E8736969994288BFCC30E31D95
S3150800E620B3FBF2F3013304EBC304204438BD38B519
S3150800E630054644692146FFF7DFFF6A6CE31D143A75
S3150800E640B3FBF2F3AA69144404EBC3040C34204464
S3150800E65038BD00BF2DE9F0410646406882B0C0B11A
S3150800E6600F4690460024336853F8345003EBC4032E
S3150800E670C5F30752C5F31301013504F1010406D0A9
S3150800E6805B683046CDF80080B84710B170688442A0
S3150800E690E9D302B0BDE8F081036813F07E0F03D119
S3150800E6A0406820F07C40704713F078001CBF03F0E8
S3150800E6B07F03D81F70474BF29A22036810B5B2EB56
S3150800E6C0134F044613D19BB2012B15D1FEF798FEC2
S3150800E6D0013011D04FF6FF72E068B2EB104F4FEAE7
S3150800E6E010430BD180B2C01A18BF012010BD0133E8
S3150800E6F014BF04200320F9E70420F7E70220F5E712
S3150800E700F0B50546002687B0EC69013CB44203D84B
S3150800E7100C46204607B0F0BD01B14C1E6F6C286848
S3150800E720EB6B05225B6901A907FB0400984701A862
S3150800E730FFF7C1FF0128ECD921460136E4E7036853
S3150800E740F0B5CC1A436C0646B4FBF3F4002587B043
S3150800E750F36937685A1E9542706C06D3736C306835
S3150800E76003FB0400143007B0F0BD0134B4FBF3F228
S3150800E77003FB1244F36B05225B6901A900FB0470D5
S3150800E780984701A8FFF797FF0128E7D90135DFE782
S3150800E79010B423F0030422449B070A44436C18BFB1
S3150800E7A004325B4282EA0104234202D05DF8044B3C
S3150800E7B0C5E710465DF8044B70472DE9F04F14463F
S3150800E7C006460F468BB00393C36B01225B6907A904
S3150800E7D060689847F36B01225B69384606A9984733
S3150800E7E0079B5D1C07D10022A360A27562750020F5
S3150800E7F00BB0BDE8F08F0122A2750022217E069D8E
S3150800E80004EBC101CF610A846068C5F3D31CB84222
S3150800E81005F07F010CD14FF0FF33C4F800C0217515
S3150800E820A360237D043B022B26D80023A375DEE7CD
S3150800E83094F814E020688E4503D1A0EB0C00424200
S3150800E840424103F07F0001288CBF002001200129E6
S3150800E8508CBF00210121884218BF002215F07E0FC7
S3150800E860A27503F07E0304D1002BDAD00023A3752A
S3150800E870D7E7002BD5D1F9E715F07E0F0FD1F36B4B
S3150800E880022238465B6908A9984708A8FFF704FFDB
S3150800E890237D032B51D8DFE803F0150F045906A88A
S3150800E8A0F4E7CC22237E04EBC3031A8401236A4AC5
S3150800E8B0134493F834300AE0237E04EBC303188428
S3150800E8C00023F4E7237E04EBC30318840123149A78
S3150800E8D01370069A12F07E084FEAD26A227E37D162
S3150800E8E0F36B04EBC2020AF003055B69B2F82090E9
S3150800E8F082F8225008A902223846984720220DF1AC
S3150800E90017000DEB02018DF81780FEF75BFD1A2242
S3150800E91009A9FEF757FD9DF81730099A4FF0080B1D
S3150800E920B3EB926F0CBF012300236375637D33BB82
S3150800E9300023A3754FF0000851E0227E013BDBB2AD
S3150800E94004EBC202052B1084C0D8B0E70223AEE759
S3150800E950002504EBC202B2F8209082F8225006A9DC
S3150800E9601B2208A88DF82050FEF72CFD9DF82020C4
S3150800E9704FF0040BA2EB0A0253425341D5E794F831
S3150800E9801680B8F1000FD5D0B9F1000F09D1DDB165
S3150800E9900123E375637E002B35D1012D28D16576D9
S3150800E9A014E0736C07EB0B02594287EA020008422F
S3150800E9B01CBF0021A175591E0A409B1A4B45B7D3A7
S3150800E9C0A37D002BE3D1B5E7E37D43B94FF00008FB
S3150800E9D04B465A4639463046FFF7DAFEA060A27D16
S3150800E9E0237EBAB9012B33D801332376A07DFFE6FF
S3150800E9F096F8343063B9F36A0133E9D1032DE7D1C8
S3150800EA000123A376E2E7012DE9D0032DDED1F7E74E
S3150800EA109846DDE72269012B4A44226118D801335A
S3150800EA202376039B002BE1D0E37D002BDED0B8F1E3
S3150800EA30000FDBD1032DD9D0A1684B1CD6D0149B6F
S3150800EA402246009330460123FFF7B7FEA075CDE7AF
S3150800EA500023A375CAE700BF5838040813B50C4647
S3150800EA60002121760093616813462246FFF7A5FE2A
S3150800EA7018B1E37D03B1A07EA075A07D02B010BDDC
S3150800EA802DE9F743044616461F460D46DFF87480FF
S3150800EA90816AE36A8B421ED04B1C1CD0DFF860905B
S3150800EAA04846FEF7C5FE0122494620460DF10703F2
S3150800EAB0FFF7D4FF30B13B4620469DF807201049A2
S3150800EAC0B04740B1D8F89C124A1C07D0012D0DD08A
S3150800EAD0E36A9942E4D103B0BDE8F083D8F8981206
S3150800EAE02046FFF72CFE012D0146D2D1D8F89832E0
S3150800EAF081EA0302636C5B421A42ECD1C9E700BFA4
S3150800EB00C4480020304600202DE9F0410F4616463D
S3150800EB109846044688B060B390F83450FDB1012198
S3150800EB20FEF723FB00210E9BCDE90511CDE902373F
S3150800EB309DF83C30CDF804808DF81C30237C049673
S3150800EB408BB90D4901AA04F10800FFF783FDDDE939
S3150800EB500553E06B002E08BF1D4625F0B5FE284676
S3150800EB6008B0BDE8F0812046044A01ABFFF788FFEC
S3150800EB70EDE70546F3E700BF85D10008C1EE0008BA
S3150800EB802DE9F041D0E90A369E42044686B028D1DE
S3150800EB901422C369456802FB1355284606B0BDE82A
S3150800EBA0F0812068676C331AB3FBF7F3E26B07FB57
S3150800EBB00300D2F8148001A90522C04701A8FFF76F
S3150800EBC07AFD012804D0636C1D44013B3340ED1ADD
S3150800EBD031462046FFF7B3FD0646A36AB342E0D1A5
S3150800EBE0DBE70025F9E72DE9F04F0F469A460023A3
S3150800EBF089B004464FF0FF31104690468DF80B3029
S3150800EC00FEF716FEB7F5801F20D2394603AA04F18F
S3150800EC100800FEF70BFB451C014605D1237CBBB952
S3150800EC202D2009B0BDE8F08F4046FEF701FE01220F
S3150800EC30414620460DF10B03FFF710FF0028EDD0E3
S3150800EC409DF80B308AF800300020EAE7B81CE5D1B9
S3150800EC50E66A711C2CD12046616AFFF751FD06460B
S3150800EC60BB1C18BF0123DFF8C4B00093636A626C4B
S3150800EC700193236803A902FB0639E36B484605227C
S3150800EC805B6909F114099847002549464B1C05D0CC
S3150800EC90636C81EA09025B4213420FD03146204673
S3150800ECA0FFF72EFD019BB3422FD085BB0646DDE755
S3150800ECB02368F61A636CB6FBF3F6D1E71A48FEF733
S3150800ECC0B7FD2046009A18490DF10B03FFF7C6FE5B
S3150800ECD08446B8B1BA1C03D0DBF8C032BB4211D1A6
S3150800ECE045469DF80B30DFF840E08AF80030BEE86C
S3150800ECF00F000FC5BEE80F000FC59EE8070085E8A0
S3150800ED0007006546DBF8C812C0E7002D88D0B7F5BE
S3150800ED10801F99D239469AF80030D8F8042004F1B1
S3150800ED200800FEF7B3FA8FE7F048002030460020C7
S3150800ED302DE9FF410C4617461E46054690B390F846
S3150800ED4034308BB3B1F5801F30D2DFF864800121EF
S3150800ED50FEF70BFA214628460DF10F0308F53B721C
S3150800ED60FFF741FF044678B99DF80F30012B12D101
S3150800ED70D8F8FC329E4213D10246009033463946F3
S3150800ED80284624F0D7FD0446E86B25F09DFD20466D
S3150800ED9004B0BDE8F081022B14BF2D246024F3E7EC
S3150800EDA06324F1E72124F2E71124F0E72924EEE7AA
S3150800EDB0304600202DE9F04385B00C4617461E461E
S3150800EDC00546DDF83080A0B390F834309BB3B1F532
S3150800EDD0801F32D2DFF868900121FEF7C6F9214676
S3150800EDE028460DF10F0309F53B72FFF7FCFE0446B2
S3150800EDF088B99DF80F30012B14D1D9F8FC2206EBFF
S3150800EE0008039A4213D300904346324639462846A9
S3150800EE1024F090FD0446E86B25F056FD204605B023
S3150800EE20BDE8F083022B14BF2D246024F3E7632486
S3150800EE30F1E72124F2E71124F0E72924EEE700BFE1
S3150800EE40304600202DE9F3411F4600230C4616469E
S3150800EE5005463B6058B390F8343053B3B1F5801F7C
S3150800EE6029D2DFF858800121FEF77FF92146284686
S3150800EE700DF1070308F53B72FFF7B5FE0446A0B986
S3150800EE809DF80730032B10D0022B0AD101233360DB
S3150800EE9004233B60E86B25F017FD204602B0BDE869
S3150800EEA0F0813060D8F8FC32F3E72D24F2E721240C
S3150800EEB0F3E71124F1E72924EFE700BF30460020E5
S3150800EEC073B50D46D11E4A421C461B7E4A419A42DC
S3150800EED028D129682368994224D36368994221D89E
S3150800EEE0124E0DF1070306F54672FFF77CFEC8B908
S3150800EEF0D6F81C236B689A4214D19DF80730DA1E9F
S3150800EF0053425341227E93420CD1636901336361B4
S3150800EF10D4E90323934205D22968A26842F823104C
S3150800EF2001332361012002B070BD00BF30460020C6
S3150800EF3070B50025044686B00562E369AB4202D87F
S3150800EF40206A06B070BD666C2068E36B05225B69B3
S3150800EF5006FB050001A9984701A8FFF7ACFB0128A5
S3150800EF6098BF236A05F101059CBF01332362E4E7D4
S3150800EF7038B50446456C006804F1400305FB0101F9
S3150800EF80E06BFEF765FA05462046FFF7D1FF2846EF
S3150800EF9038BD2DE9F04100254FF0FF384FF6FF73D5
S3150800EFA0044647462E46C0E9085386B0E369B3428D
S3150800EFB00DD8A5EB0805012D06D94FF6FF730025D8
S3150800EFC06362E369AB4223D806B0BDE8F081E26B21
S3150800EFD02368606CD2F814C000FB0630052201A92C
S3150800EFE0E04701A8FFF767FB01280FD801A8FEF73D
S3150800EFF007FA874288BF6662804528BF80468542F1
S3150800F00038BF05460746236A013323620136CDE732
S3150800F010666C2068E36B06FB050005225B6901A99F
S3150800F02098470135CDE72DE9F04F97B0CDE908238C
S3150800F0300D460A69416CD31D1439B3FBF1F301334C
S3150800F04002EBC302036B04469342C0F0D982002345
S3150800F050DFF8C0920C93E36AAD4819460693FEF7AB
S3150800F060E7FBD5E903370393099B022B40F026817A
S3150800F070CC2F40F0A682089B002B00F0F1800026DA
S3150800F0806868E36B01225B69119611A908309847F5
S3150800F090B04694F84230012B40F0AD80632E2DD94E
S3150800F0A0119B666C069A1293731E1340F61AE36B4D
S3150800F0B001225B69686814A99847149B13F07E0FB0
S3150800F0C014BF04230823782F059340F207810122F1
S3150800F0D000234FF0080A04922A68C9F8D072C9F8C2
S3150800F0E0C022099A032A00F01F81022A00F0C7806D
S3150800F0F0049A002A14BF00220722C4E0612E08D809
S3150800F10014AB324629462046FDF7E4FF9DF85030F9
S3150800F11023B314AB3246294620468DF84C80FDF7BA
S3150800F120D9FF94F84230DDF850A0012B52D14FF6A2
S3150800F130FF739A4500F09280082214A913A8FEF7D7
S3150800F14041F99DF84C20CAF307239A4240F086807D
S3150800F1505FFA8AFA119B534411937FE094F8423080
S3150800F160012B2DD132462946204612ABFDF7B2FFB8
S3150800F1702946204613AB721CFDF7ACFF29462046EC
S3150800F18014ABB21CFDF7A6FF0823102213A90DF134
S3150800F19043008DF84330FEF715F9102214A9FEF73F
S3150800F1A011F9129BDAB2002A51D19DF84320B2EB2D
S3150800F1B0132F4CD1DDE9133203EB0243119346E0DA
S3150800F1C0302E2BD943E09DF84320B2EB134F3ED1A6
S3150800F1D0139BF3E7BAF1FF3F40D0102214A913A8F6
S3150800F1E0FEF7F0F89DF84C20CAF307439A4235D14A
S3150800F1F01FFA8AFAAEE7312E3FF652AF89D014AB22
S3150800F200324629462046FDF765FFBDF85030002BEB
S3150800F2107FF47FAF94F84230012BA3D032462946BB
S3150800F220204612ABFDF756FF2946204613AB721C43
S3150800F230FDF750FF1023202213A90DF143008DF886
S3150800F2404330FEF7BFF8129B9AB2002ABBD094F857
S3150800F2504230012B14BF012302231E44013618E74E
S3150800F260039B01221B684FF0080A12932B6804922D
S3150800F270C9F8C03208230593089BC9F8D072049AC6
S3150800F280C2F10202D2B289F8D4224FEA9A020E9249
S3150800F290069A019200220A920D9207920B92606CCE
S3150800F2A0019A411E1140421A002F3FD053449A42F8
S3150800F2B047D8236B1B1A0B4423635BE1666C069ADB
S3150800F2C0731E1340782FA6EB030619D8EB7D8BB96E
S3150800F2D0089B002B7FF4EBAE042305933B1DB3423A
S3150800F2E01AD9F7B1082E3FF6F2AE042300229A4641
S3150800F2F00492F1E6089B002B7FF4D9AE0823ECE7CD
S3150800F300089B002B7FF4D3AE08230593DFE600BFE6
S3150800F310F048002030460020002304934FF0040AEA
S3150800F320DAE604230497F9E7099AACE75245C0D30D
S3150800F330B846019B53440293079B002B18BF03232F
S3150800F34014E0A2EB0A02019B9742B846534428BF31
S3150800F350904697420293EFD90123D9F8D02289F82B
S3150800F360D732974243D1019AC9F8C422079399F82C
S3150800F370D732002B3DD099F8D8220199D31C09EB36
S3150800F380C303C3F8C41207990132A3F8C88283F8E5
S3150800F390CA1289F8D822B8F1000F14D0099B022B9B
S3150800F3A02BD10A9B7BB90D9B4344032B0BD9E36BEB
S3150800F3B001229B69029812A998470646002840F040
S3150800F3C0278101230A9399F8D4322E688D4A012B96
S3150800F3D002EAC61628F07C4B40F289809A1E012A5A
S3150800F3E003D908F1070303F07F031E4385E00223D0
S3150800F3F0BCE7019BC9F8C432CDE7089B002B31D185
S3150800F400039BB8F1030F03EB080B28D9DDE90201CA
S3150800F410E36B4FEA98029B6998470646002840F036
S3150800F420CA8018F003025FD0039B28F00306334412
S3150800F4300393029B1E444FF0FF33039913A81393BB
S3150800F4402FF01EF8E36B304601229B6913A99847F3
S3150800F4500646CDF80CB0002EB5D0029B6FE04246AA
S3150800F460029EE8E705F12003DDF808B00F93EB7D6F
S3150800F47068689BB100232E7E0B9AD9B28E4211D9A9
S3150800F4800F9903F1010C31F83310914226D90599E9
S3150800F49005EBC303D8690A44104403E00B9B059A9D
S3150800F4A013441844E36B01225B6913A99847139B1D
S3150800F4B0012211930B9B584604330B93E36B11A956
S3150800F4C09B699847029B06464344A3EB0B03042B10
S3150800F4D007D9002872D10BF1040BC8E76346521A04
S3150800F4E0CBE7CDF808B0B6E7CDF80CB06BE7079ACE
S3150800F4F043EAC263334343F060464FF000038DF896
S3150800F5004C30049BCDE9146B002B49D0202214A95A
S3150800F51013A8FDF757FF1A2215A9FDF753FF9DF803
S3150800F5204C304BEA83631593E36B0E9A9B690198FB
S3150800F53014A99847019A061E0C9B18BF13465246F3
S3150800F5400C93204643460199FFF722F9236B08F1ED
S3150800F5500302A3EB0A0322F003029B1AC9F8C802A6
S3150800F5602363002E54D10D9BA7EB080743440D9344
S3150800F570029B019320460199FFF7E1F800230190C9
S3150800F580002F7FF48CAE204A2968D2F8C83204F1DD
S3150800F5900800E362D2F8C422099BFDF777FE11E062
S3150800F5A01B2214A913A8FDF70DFF9DF84C3046EA57
S3150800F5B0C3661496B8E7CDF80CB04EE7CDF808B098
S3150800F5C04BE77027384617B0BDE8F08F002760E094
S3150800F5D004F10800FDF7F1FD3B46394620460B4A83
S3150800F5E0FFF74EFA2A69616CD31D1439B3FBF1F3A0
S3150800F5F0013302EBC302236B9342BFF42CAD6DE0DB
S3150800F6001C27DFE780FFFF073046002029D30008C4
S3150800F6103D2E63D104F1080301932768069B204613
S3150800F620E16AD4F844A0A3EB070BFFF788F8A26AAF
S3150800F630BBFBFAFB8242D5D0616CD9F8C82201F12E
S3150800F640FF3C02EA0C0C226B0C9B521A62442263A2
S3150800F6502268E0629A1AB2FBF1F8C345B6D10AFBF2
S3150800F6600877069B07F1140BB3EB0B0711D0E36B76
S3150800F670BA0859469B6998478246E26A069B3A4405
S3150800F680E262226B0198D21A5A442263FDF795FD6D
S3150800F69057462368616CE06B01FB0831FDF77FFE76
S3150800F6A02046FFF745FC2046FFF773FC626A616C4B
S3150800F6B02368204601FB02331433A362FFF760FA7E
S3150800F6C02063002F84D02A69616CD31D1439B3FBDB
S3150800F6D0F1F3013302EBC30290429ED2374671E73B
S3150800F6E02DE9F341089C032A1746266806D1237A92
S3150800F6F0012B25D0012002B0BDE8F081DFF8988003
S3150800F70030460DF1070308F54672FFF76CFA60609C
S3150800F7100028ECD12568D8F81C33A96AD5F844C066
S3150800F7204B40CCF100021340207AE0D1012809D1E0
S3150800F730E068D8F8282302447069824202D9237403
S3150800F740207CD8E72868EB6A1B1A081AB3FBFCF377
S3150800F750B0FBFCF083420BD1706CF36A421E134077
S3150800F760326B121A134428463363FEF7E8FFE86241
S3150800F770D8F82823E36808321344E36001223B469D
S3150800F78004492068FFF74FFC60600028AFD00020CE
S3150800F790B1E700BF4849002030460020032A2DE97A
S3150800F7A0F34106460D4617461C4606D1237A012B19
S3150800F7B024D0012002B0BDE8F081DFF86080096836
S3150800F7C00DF1070308F54672FFF70DFA6060002889
S3150800F7D0ECD19DF80720237A032AE7D0D8F81C1322
S3150800F7E06A689142E2D1012B2969D4F80CC007D185
S3150800F7F072690CEB0103934202D92074207CD9E785
S3150800F80008316144E1603B46012229463046FFF74C
S3150800F8100AFC60600028C9D00020CBE730460020EB
S3150800F8202DE9F34104461F46164688462C4D4FF0EF
S3150800F830FF3105F54670FDF7FBFF9DF820300022E5
S3150800F840204605F54671C5E9C967C5F81883FFF767
S3150800F850EAFB236E0746002B3DD020466169FEF77A
S3150800F860CBFE626E236B024493422CBF0022012218
S3150800F870984228BF0023257C38BF1B1A002684F827
S3150800F8805020636584F85850D5B1DFF85880334660
S3150800F8903246314620460196CDF80080FFF734F906
S3150800F8A001230546CDE900833246334631462046D4
S3150800F8B0FFF72AF9E36805449D4294BF3546ED1AD9
S3150800F8C094F85030E56513B994F858301BB1236E97
S3150800F8D004F150009847384602B0BDE8F08100BFF1
S3150800F8E030460020FFFF0F002DE9FF410F469046E6
S3150800F8F01E460546002847D090F83430002B45D0E0
S3150800F900B1F5801F44D2234C0221FDF72EFC04F5E5
S3150800F9103B72394628460DF10F03FFF764F9024694
S3150800F92020B16B699E4219D9622410E09DF80F3008
S3150800F930012BF6D1D4F8FC128E42F2D1009341463F
S3150800F9403346284623F0F6FF04460028E9D1E86B3B
S3150800F95024F0BAFF204604B0BDE8F081284624F01A
S3150800F960B1FA31462846FEF747FE2C6B844209D386
S3150800F970012342460093394633462846FFF750FF8F
S3150800F9800446E4E71C24E2E72124E3E71124E1E73F
S3150800F9902924DFE73046002007B51F4B93F8443388
S3150800F9A003B9FEE700236A46CDE900331B4908235D
S3150800F9B01B48FFF7BDF9E8B91A4AD2F84031D2F820
S3150800F9C040211F2B4FF001030FD9203A9340019A8B
S3150800F9D01A43019208236A4610491148FFF784FF23
S3150800F9E0114B124A1A60FEF73EFD9340009A1A43DD
S3150800F9F00092EFE72D28F3D10A4AD2F84031D2F81F
S3150800FA0040211F2B4FF0010385BF203A93409340B6
S3150800FA10019398BF0093DDE7304600200071080087
S3150800FA209819002000800044000000200B020FF007
S3150800FA307FB50C46054648B390F8343043B3B1F564
S3150800FA40801F27D20221FDF790FB21462846124A3D
S3150800FA500DF10F03FFF7C7F80646A8B99DF80F3052
S3150800FA60032B11D0284624F02DFA032321460093B0
S3150800FA70324633462846FFF7D3FE0446E86B24F0A1
S3150800FA8023FF204604B070BD2D24F7E72124F8E7AC
S3150800FA901124F6E72924F4E71C490020F0B50446AA
S3150800FAA00D46466CE36B006887B005225B6901A9C1
S3150800FAB006FB0500984701A8FEF7FDFD012804D8B6
S3150800FAC001A8FDF79DFC07B0F0BD29462046FEF7C4
S3150800FAD017FE0646676C2068E36B05225B6901A979
S3150800FAE007FB0600984701A8FDF78AFC431CEAD0E5
S3150800FAF0B54238BF0130E6E72DE9F04F4FF0FF3346
S3150800FB004FF6FF720025044600F10808C0E90923EC
S3150800FB108BB0C3620562056340468B46FDF74DFB15
S3150800FB202046FFF705FA40BB4FF6FF79676A0026BD
S3150800FB304F4514BF3D460025E3699E423BD3204608
S3150800FB40FFF7F6F908BB5E2028E02368E26B606CD5
S3150800FB50566900FB0530052205A9B04705A8FEF73A
S3150800FB60AAFD01281DD129462046FFF797FF421C0A
S3150800FB7029462046FFF7FCF90135E3699D42E4D39F
S3150800FB802046FFF7D5F90028CED02046FFF701FA20
S3150800FB904FF6FF72636A934237D167200BB0BDE810
S3150800FBA0F08F0338C0B20128E6D829462046FFF769
S3150800FBB075FF0246DCE7E26B2368606CD2F814C076
S3150800FBC000FB0530052205A9E04705A8FEF773FDE9
S3150800FBD0022807D04F450DD10BF1010229462046D0
S3150800FBE0FFF7C6F9E3690135B5FBF3F2013603FB06
S3150800FBF01255A1E729462046FFF750FFB0F1FF3F0F
S3150800FC0014BF02465A460132E8E7E26B666C206882
S3150800FC1055696946052206FB0300A847626A616CB6
S3150800FC2023684B4D01FB02331433A3624FF0FF33B5
S3150800FC306FF00101E362204605AB05F54672FEF753
S3150800FC40D2FF002849D1D5F8205329462046E56237
S3150800FC50FDF727FA206320B92046E16AFEF76FFD13
S3150800FC60E06229462046FEF76AFD0546A36A9D42DC
S3150800FC7035D12046FDF7FEF9002607463546E369E5
S3150800FC809D423ED3B74257D92046616AFEF738FDF2
S3150800FC904FF00008054604F1400A464512D8626C42
S3150800FCA02368694602FB0539E36B05225B6948460A
S3150800FCB098476846FDF7A4FB534602464946E06B5B
S3150800FCC0FDF7C6FB29462046FEF71AFD08F101088E
S3150800FCD047450546E1D1642060E7A56AB5E72946A8
S3150800FCE02046FDF7DEF9236B2946034406462363BF
S3150800FCF02046FEF724FD0546002EB7D1C4E90B06BB
S3150800FD00B4E7626C236805A902FB0539E36B052293
S3150800FD105B694846984705A8FEF7CDFC012809D82F
S3150800FD20204609F11401FDF7BCF9636C143B9842AF
S3150800FD3008BF01360135A2E74046FDF73EFA002323
S3150800FD4020461946034AFEF79BFE002026E700BF19
S3150800FD503046002029D300082DE9F8430023A04F98
S3150800FD600E46D7F848830446C7F8483318B92125FC
S3150800FD702846BDE8F88390F834500DB30968026840
S3150800FD80914240F0238171684268914240F01E8199
S3150800FD90B1688268914240F01981F168C26891425F
S3150800FDA040F0148131694269914240F00F81B1698E
S3150800FDB0C26B914240F00A8172691D468261D7E79B
S3150800FDC068222946D0F838902EF03BF9336804F1BA
S3150800FDD0080023607368C4F8389063603369636108
S3150800FDE07369A361D6E90223C4E90223FDF7E5F99D
S3150800FDF0B36904F14000E3639B689847002849D13A
S3150800FE00616C11B16368B3FBF1F194F84330E161B9
S3150800FE10002BACD00023656C2366002D00F0DE8035
S3150800FE20002900F0DB802368B3FBF5F205FB1233EB
S3150800FE30002B40F0CD80D4F80490B9FBF5F605FB0D
S3150800FE401696002E40F0C4802046FEF7F0FB81454A
S3150800FE50C0F0C08040F634726369CC3B934200F22E
S3150800FE60BB80B5F5805FC0F0B98003212046FDF759
S3150800FE707CF9D4E90001E36B1B6898470546E36BF8
S3150800FE800220DB6898473DB184F83460E06B24F0C3
S3150800FE901BFD6DE72946B8E741462046FFF72CFECD
S3150800FEA06428054604D141462046FFF725FE054647
S3150800FEB0636C143B75BB226A204602FB03F6FEF709
S3150800FEC0B6FB864203D284F834505A25DEE701236E
S3150800FED0D4E9006084F83430D7F84C33D7F8508327
S3150800FEE00133C7F84C33FDF74CFC1F2816D8BFF36F
S3150800FEF05F8F05223B4BC3F894205A6A42F480323E
S3150800FF005A62BFF34F8FBFF36F8FBFF34F8FBFF3A5
S3150800FF106F8FBBE7002384F83430B7E74FF0000C47
S3150800FF20F10600F1FF3018BF26F01F0106EB0003AB
S3150800FF300CBF31462031DA062A4A18BF23F01F03C0
S3150800FF405FFA8CF0804526D8D2F8C00021F01F0150
S3150800FF5020F47F4040F48070C2F8C00041F00301ED
S3150800FF60EFF31186302080F31188D7F8500323F079
S3150800FF701F0343F00303C2F89800C2F89C10C2F8A6
S3150800FF80A03086F31188BFF36F8FD7F8503301334B
S3150800FF90C7F85033ABE7C2F89800D2F89C00D2F8FD
S3150800FFA0A06020F01F00884226F01F0601D19E425D
S3150800FFB09DD08E4201D3984299D9D2F898000CF177
S3150800FFC0010C20F0FF00C2F89800B9E75D25CFE6DE
S3150800FFD05925CDE65A25CBE65F25C9E65B25C7E652
S3150800FFE03046002000ED00E001490248B4E600BFB3
S3150800FFF06864002098190020034B5A6812B19A6A5F
S31508010000002AFAD1704700BF0040065030B40446B2
S31508010010EFF3108072B6256885EA02030B406B4040
S31508010020236030BC30F091BBF8B50D462049164621
S31508010030D1F810236A1E0E2A0746037844782CD96C
S3150801004085B3002201204FF0300CA0400CFB0311B0
S315080100502EB301F5825108600F21072C03EB4303E8
S3150801006088BF083C4FEA0313124895BFA400A400B1
S3150801007004330C33A240A1401844FFF7C7FF5DB90A
S31508010080012230207B7839789A40094B00FB0133ED
S3150801009056B103F582531A60F8BD2A46D2E701F52F
S315080100A00151D8E72A46D7E703F50153F3E700BF1D
S315080100B000C0035030C0035010B560B1EFF311848E
S315080100C0302383F31188FFF7AFFF84F31188BFF359
S315080100D06F8F002010BD2220FCE770B5046886B03A
S315080100E0A38805465148ADF8103030F082FB00224E
S315080100F0012104A8FFF7E0FF0DF10F0104A823F081
S315080101001FFF9DF80F3083F001032370A379022B9B
S3150801011040F088804FF0FF330593EFF311863023C3
S3150801012083F311889DF81040FF2C70D0404BD3F80B
S315080101301033002C44D19DF81130052B67D10122CB
S31508010140032104A8FFF770FF0122394B04F11000BF
S31508010150D3F83014824021EA0201C3F83014D3F8E7
S3150801016030140F34C3F83014D3F82C141143C3F8E0
S315080101702C143049CB6E03F03003202B1FBFCB6EF6
S3150801018023F0300343F01003CB662B4BC3F820242E
S315080101902A4B2B4A43F8342003EBC4035D609DF8D0
S315080101A01030FF2B04D00123264A8340C2F8243499
S315080101B086F31188BFF36F8F0122214B00952DE03D
S315080101C0012C07D19DF81130012B18D0032B1ED114
S315080101D00424B4E7022C08D19DF811308BB1052B04
S315080101E011D0072B13D10824A9E7032C0FD19DF8A9
S315080101F01130022B09D0052B09D10A249FE70324C4
S315080102009DE706249BE7072499E7092497E786F3E0
S315080102101188BFF36F8F0422094B009505A904A81D
S3150801022025F06AF9002006B070BD00BF94380408AD
S3150801023000C003500040005000E003503046002043
S3150801024053DA000800D0035003681A78022A02D14B
S3150801025000225A8041E77047044BD3F88420D2061E
S31508010260FBD4D3F88400C0F38110704700400050D6
S31508010270430905D0012B0CD0022B084B18BF0023CC
S3150801028000F01F0039B103F58053012282401A603C
S315080102907047034BF4E703F50053F6E7688000500F
S315080102A0648000501FB50023B0F5807F019300F0EC
S315080102B03E816BD85E2862D85E2863D8DFE810F0E5
S315080102C077006200620062006200620062006200FA
S315080102D062006200620062006200620062006200FF
S315080102E062006200620062006200620062006200EF
S315080102F062006200620062006200620062006200DF
S315080103007700F2007700F2001301130113011301BC
S315080103101301F20025018000AB0048018000F200BC
S31508010320F200F2006200620062006200620062008E
S3150801033062006200F200F200F200C1006701F200F9
S31508010340620062006200620062006200620062008E
S3150801035062006200620062006200130177007700A2
S3150801036077005801800080007301D00096002001B3
S3150801037062006200620062006200DD007700802888
S3150801038000F08180019805B05DF804FBB0F5D06FE7
S3150801039000F0DE8044D8B0F5607F00F08A801AD874
S315080103A0B0F5007F73D005D8B0F5C07FEAD12FF03C
S315080103B0FFF96AE0B0F5207F74D0B0F5407FE1D14E
S315080103C02FF0F6F9924B1B6FC3F380230133B0FB71
S315080103D0F3F0400859E0B0F5B06F00F0968017D8F1
S315080103E0B0F5806F7FD0B0F5A06FCBD10021884BD7
S315080103F00391D3F8203203F00703042B06D8022B06
S315080104007AD8012B74D0022B00F0E380039B98E085
S31508010410B0F5C06FB6D1002101A8FDF705F9B1E71E
S31508010420B0F5106F00F0A4800FD8B0F5086F00F092
S31508010430D980A7D8B0F5E06F00F0A980B0F5F06FC4
S31508010440A0D1734BD3F86031A4E0B0F5406F57D013
S3150801045010D8B0F5206F00F0A680B0F5286F91D1BD
S3150801046000216B4B0391D3F8703203F00303012B80
S31508010470CCD1AAE0B0F5486F84D100230393644B2D
S31508010480D3F8943294E02FF075F901907AE72FF0BA
S3150801049071F95F4BD3F89030C3F304630133B0FBB2
S315080104A0F3F0F2E72FF084F9594B1B6FC3F380235E
S315080104B0F4E75749D1F8802002F00302022A0AD04C
S315080104C0032A0BD0012A0CD12FF054F9D1F8803028
S315080104D0C3F30113E2E72FF0B3F8F7E74D4B1868BA
S315080104E0F4E71846F2E7002101A8FDF767F849E79E
S315080104F003A8FDF72FF889E74FF40043039385E72F
S31508010500002101A8FDF726F83CE70021404B03919D
S31508010510D3F8803103F00303022B5ED0032B58D0A6
S31508010520012B7FF473AF03A8FDF748F86EE7029332
S315080105304FF0E0231B695A0705D52FF039F90290C8
S31508010540029B01931EE703A902A8FDF76DF8F7E7D9
S315080105502F4BD3F8003203F00700032812D05B07AC
S315080105600AD4013801288CBF00200120C0038CE77A
S31508010570274BD3F80832EEE7042806D12FF018F9ED
S31508010580800A82E74FF47A707FE700207DE7204BE7
S31508010590D3F8403203F00303032B20D0003B18BFE6
S315080105A00123DB03CDE700230393194BD3F860320C
S315080105B003F00703013B032B3FF628AFDFE803F0FF
S315080105C002040D090021AEE7002103A8FDF72CF866
S315080105D01CE72FF035F8039018E70F4B8EE74FF419
S315080105E07A73AEE70A4BD3F8003103F00303022B03
S315080105F006D0032B07D0012B07D1064B5B68A0E772
S315080106004FF400439DE7054B9BE7002399E700BF9D
S315080106100080005060640020002D310180D543021E
S3150801062008B58020FFF73EFE034B98429EBF4FF464
S315080106308032024B1A6708BD005A620200A00050B8
S3150801064008B54FF4C070FFF72DFE0649064A8842E1
S3150801065094BF00200120136F23F4806343EA8023AB
S31508010660136708BD80F0FA020080005038B5174CB0
S31508010670FF28A26A28D8A36D154D13F4803F18BF29
S315080106804FF48031134B18BF99624FF0807199620C
S31508010690A36995F9245023F47F03054423F47F4382
S315080106A043EA002385F3080543EA0543A3610A489B
S315080106B0FFF7ACFCA36DDB0304D54FF48031064884
S315080106C0FFF7A4FC002038BD2120FCE70040005AB2
S315080106D0606400200050005A2840005A38B50F4C73
S315080106E00F48A26AA36D13F4803F18BF4FF48031F7
S315080106F00C4B18BF99624FF080719962A569FFF793
S3150801070085FCA36DC5F30725DB0304D54FF48031BA
S315080107100348FFF77BFC284638BD00BF0040005A56
S315080107202840005A0050005A014B83F824007047AC
S3150801073060640020014B93F924007047606400202F
S315080107404FF4803310481149826A8B62836D03F036
S315080107500303032BFAD14FF080730D488B620A4BC2
S31508010760996D30EA0101FBD1012008490865996DA7
S315080107708907FCD4044B996D8807FCD5996D8907BF
S31508010780FCD50449044841E40040005A0050005A87
S3150801079003000100000001012840005A4FF480328D
S315080107A0104B10B59A66A3F580531B6FC3F3033339
S315080107B003FB00000C4BDC69144041F67132DA6325
S315080107C05A6822F4401259B90849884294BF002050
S315080107D00120000502435A600CB10022DA6310BDFC
S315080107E00349F2E70090005000000350005A6202E4
S315080107F0002D310110B50C4C02201FF09DFB236F13
S315080108000A4AC3F3802301330021094882F8543385
S31508010810FFF7C4FF236F43F4806323674FF48033E4
S3150801082004F58054236710BD00800050304600202F
S3150801083000B4C40438B505462EF0BAFF0446FFF7DE
S315080108400BFD0128D4BF012100212046FFF7A6FF91
S3150801085000201FF0A5FB25B1FFF7F2FEBDE83840E1
S31508010860DEE60649064A0B6F92F8542323F48063A1
S31508010870013A43EA82230B67F0E700BF0080005084
S3150801088030460020024A536B0342FCD1704700BF31
S31508010890004009504FF000420F4B70B55D6E03F5ED
S315080108A080535A664AF6CD3304460C4980204E6C6D
S315080108B00B64FFF7E7FF0B6A23F4F85343EA0423B3
S315080108C00B62F30744BF064B0B64002DA2BF4FF022
S315080108D00042044B5A6670BD008000500040095022
S315080108E03254FFFF00A000504368DA0715D5836824
S315080108F0DB0702D50369D90708D50A238363436D44
S3150801090013F0500FFBD1836C9A07FCD1012200F535
S3150801091000535A6043689B07FCD47047012200F5CF
S3150801092080535A6001F00F02436DC3F30B03002B8A
S31508010930FAD18263436D13F0780FFBD101F00103FD
S315080109404A0748BF43F00203826C02F003029A4247
S31508010950FAD17047012910B502D9022914D010BD60
S31508010960144BD3F85843B83C14F1B80FF7D0D4F860
S31508010970A8002FF03EFFD4F8A43005211868FFF728
S31508010980CDFFD4F8B840EEE70A4BD3F85843B83C44
S3150801099014F1B80FE3D094F8973043B994F8953029
S315080109A003F0FF011BB9D4F8A8002FF0B7FDD4F85E
S315080109B0B840ECE7304600202DE9F04105460F46E0
S315080109C01E4690464AB101233022194C8B4002FB40
S315080109D0004436B304F5825423600F21072F05EB33
S315080109E0450388BFA7F108044FEA0313114895BFC9
S315080109F0BC00A40004330C3308FA04F2A1401844DD
S31508010A00FFF704FBB8F1000F09D101233021084A89
S31508010A10BB4001FB05223EB102F582521360BDE8D7
S31508010A20F08104F50154D7E702F50152F6E700BF54
S31508010A3000C0035030C003500123F0B5C4B2214DA4
S31508010A40A340D1F800C08F7ACC7A0E7B2B6585003E
S31508010A5005F1A04505F58825C5F804C03025684384
S31508010A60240591F80DC044EA074400F1A04000F5B9
S31508010A70802044EA465422F00302C0F860C0C465E7
S31508010A800267EFF3118485F311880F4A087A5365D3
S31508010A9000B11364487A00B1936308798A7942EA06
S31508010AA00042084882614D79CA79074942EA0542F6
S31508010AB08A61064A4363936484F31188BFF36F8F8F
S31508010AC0F0BD00BF0020045000100450000004507F
S31508010AD00123C0B28340EFF31180302282F31188DB
S31508010AE0054A516D21EA03015165936280F3118824
S31508010AF0BFF36F8F704700BF000004500123C0B2D7
S31508010B008340EFF31181302282F31188074AD06AB4
S31508010B10184209D1526B93430CBF0120002081F37F
S31508010B201188BFF36F8F70470020F8E70000045063
S31508010B30021E30B54FF000000CBF1025042547F6FC
S31508010B400774084952B9831D51F82330234023B14C
S31508010B5001308542F6D14FF0FF3030BD00F1160362
S31508010B60F2E700BF0080035010B5C2F3062402F075
S31508010B70070241B942EA042242F440220630234BD5
S31508010B8043F8202010BD142C2ED008D8012C33D0C0
S31508010B90122C23D0631E312B07D9002309E0242CFC
S31508010BA004F1FF3309D8202C09D819490B4493F8C5
S31508010BB0403042EA03221630E1E7322CEAD1042A10
S31508010BC0F3D8DFE802F00305170709000022ECE76E
S31508010BD00122EAE70322E8E70422E6E7022A0DD022
S31508010BE0032A0DD01123E0E7022A0BD0032A0BD0E2
S31508010BF01323DAE70222D8E70023D6E70022F1E732
S31508010C000122EFE70022F3E70122F1E70080035012
S31508010C10583804080A4392B20021FFF7A5BF3AB132
S31508010C2022F0030202F1A04202F5603209B910600E
S31508010C3070470002FBE74FF48032074B5A6603F50B
S31508010C40E6239B69C3F38512827003F03F021B0BEF
S31508010C5042700370704700BF0090005007B5014607
S31508010C6001A8FFF7E8FF9DF8063001220B804FF433
S31508010C70807300204B80054B9B680A3303F01F03E2
S31508010C8002FA03F34B6003B05DF804FB0080E00F42
S31508010C9010B5036BDC0702D503695A06F9D401229C
S31508010CA000F500531A63036B9B07FCD40B794A883A
S31508010CB01B0243EA82438A7A13434A7843EA821338
S31508010CC0CA7A43EAC2130A7B43EA42134A7B43EAD6
S31508010CD002138A7B43EAC203CA7B43EAC2238A799F
S31508010CE043EA0243CA7943EA42430122436000F5D3
S31508010CF080531A630A780AB90223C3600023436240
S31508010D004B790C7A1B01497A43EA84030B438360C6
S31508010D100AB10123C36010BD012200F580531A638D
S31508010D200223C36000231F4900F5005283608361D3
S31508010D3051614FF6FF710362C1614CF680614362EE
S31508010D40436683660367C0F88430C0F88830C0F804
S31508010D509030C0F8A430C0F8A830C0F8B030C0F858
S31508010D60FC10C0F8EC30C0F8F0301F23C0F8F8309A
S31508010D70036BD90702D503695B06F9D4012313630B
S31508010D80036B13F00203FBD143600366C0F880309E
S31508010D90C0F8A030C0F8E030C0F8E830C0F8E43058
S31508010DA0704700BF77007707054B9A689107FCD40F
S31508010DB05A689207F9D4DA69002AF6D1704700BF52
S31508010DC000800A500028ACBF00F16040064B4FEA8C
S31508010DD00111C9B2ABBF00F5614000F00F0080F800
S31508010DE000131954704700BF14ED00E0002807DB13
S31508010DF001234109034A00F01F00834042F82130CC
S31508010E00704700BF00E100E008B52A4B83F30A8862
S31508010E104FF48041284B294A9A60D3F8882042F436
S31508010E207002C3F88820264A91664FF0FF31254A99
S31508010E301166254951660221C3F8D010BFF34F8FB9
S31508010E40BFF36F8F01214FF44034A3F54063C3F814
S31508010E5080110020D460FFF7C9FF1C4B1C481C6198
S31508010E601C4BC01A801019F0E9F91B4B1B498B4220
S31508010E7012D300201A4B1B498B4218D303F084FF67
S31508010E80186850F82240586840F82240013298689C
S31508010E908242F5D30C33EAE70022F8E71C6844F8E6
S31508010EA0220001325C68A242F8D30833E4E7002243
S31508010EB0F8E700BF0800002000ED00E00060000828
S31508010EC00090005000A00044F7FF3700008000445E
S31508010ED0E0610008806100082CB0040838B00408F5
S31508010EE038B0040838B00408EFF31183302282F3CE
S31508010EF01188044AD2F85C0383F31188BFF36F8F14
S31508010F00704700BF304600202DE9F04104680546C8
S31508010F1094F8941000296AD1EFF31183302787F3E7
S31508010F201188C4E9161183F31188BFF36F8FFFF790
S31508010F30DBFF85422F4E09D1EFF3118387F3118821
S31508010F40C6F85C1383F31188BFF36F8F236E93F989
S31508010F5010703846FDF742FA3846FCF7D5FB236E82
S31508010F6093F911703846FDF739FA3846FCF7CCFB88
S31508010F7096F89132207D43B1072806D806EB00136F
S31508010F8093F8FC300BB1FFF7A3FD207D22F0BDFFDE
S31508010F90EFF31188302383F311880023164A177B50
S31508010FA0AFB90133082B02F11002F8D11520FCF76D
S31508010FB0ABFBFF22114B39465F6520209A625F60C1
S31508010FC0FFF756F92120FFF753F986F8917288F34E
S31508010FD01188BFF36F8F0023C5E90033C5E90533CF
S31508010FE0EB60236E2046BDE8F041DB6818470F2009
S31508010FF0BDE8F0813046002020470020000004505B
S31508011000302337B5007D0DF10701434303F1A043B2
S3150801101003F58023DD6E1C6F2FF05EFB9DF807003C
S3150801102040B9054B9D4203D184F00204C4F3400044
S3150801103003B030BD0120FBE7C248002010B50446C5
S31508011040FFF7DEFF38B1236DD4E912020244934259
S3150801105018BF184610BD3022237D534303F1A04320
S3150801106003F58023DB6EEFE73021037D02464B4310
S3150801107003F1A04303F58023D86E07491B6F884205
S3150801108008D113F0020006D0106A136D1B1A5842D4
S315080110905841704700207047C24800202DE9F84F93
S315080110A090F8943004460D461646002B40F087808A
S315080110B090F89970EFF31188302282F3118890F82D
S315080110C0952032B190F898201AB180F895302FF012
S315080110D0D3F988F31188BFF36F8F4FF030082E4488
S315080110E0AE4205D1236E012120469B68984754E0FC
S315080110F094F89A30002B3ED0207DFDF7E5F920467D
S31508011100FFF7B2FF0146207DFDF700FA99BBEFF321
S31508011110118988F31188207DFDF7D6F92046FFF756
S315080111208DFFD4F848A0411E514538BFE16C94F8AB
S3150801113054B038BF01F1FF31207D38BF5144FDF766
S31508011140E5F9BBF1000F12D10B46D4F89C00984281
S315080111500BD013F80129112A01D0132A20D1A2F1A3
S3150801116011035A425A4184F8A020C4F89C1089F305
S315080111701188BFF36F8F94F8A030002BB0D0236E7F
S31508011180A9462A785B6897B9236E20465B6899F861
S315080111900010013598470028A2D00020BDE8F88F35
S315080111A09A4582BFE36C03F1FF335344CFE70A2A1A
S315080111B0EAD10D21204698470028E5D0EDE70E2013
S315080111C0ECE72DE9F04F044685B0007D04F13806B9
S315080111D0FDF77AF90021102230462CF032FF4FF044
S315080111E0300B4FF44473DFF810A1207DDFF80C9122
S315080111F00AF2922763870BFB0093C4E90F77DB6E2C
S31508011200BB4204D105B0BDE8F04FFDF77FB90DF13A
S315080112100F012FF061FA9DF80F70002F62D1204659
S31508011220FFF70CFF9AF891228046237DEAB1072B36
S315080112301BD80AEB031A9AF8FC20B2B1EFF3118115
S315080112408BF31188D9F834000BFB0399D9F864207C
S3150801125081F31188BFF36F8F012101FA03F303426A
S3150801126004BFC2F30A135F183D4604F1180710229A
S3150801127000213846D4F810902CF0E3FE3022237D65
S31508011280013D5343C5F30A052D0145F04075C4E9EF
S31508011290065903F1A043C4F8208003F580231A6F89
S315080112A094F82410520862F3410184F82410196F46
S315080112B094F8242027F0030761F3000284F8242018
S315080112C01B6F626A9B0863F39F0247F0020762621B
S315080112D067640094207D32462146064B23F000FBC5
S315080112E0207D8FE794F844306FF3410384F8443046
S315080112F0EFE700BF2B150108304600200000045017
S315080113002DE9F04F9B460023044687B005910392C9
S31508011310CBF80030DBF80050039B5E1B00F0A08081
S31508011320059B5D1900F09C80207DFDF7CDF82046D0
S31508011330FFF79AFE8146207DFDF7E8F8B9F1000F1F
S3150801134040F08E802046FFF779FE216D94F89A8049
S3150801135088429CBFD4E91203C018401A864228BFA6
S315080113600646B8F1000F00F0AB80EFF31183049342
S31508011370302383F311883746D4F850A02046FFF767
S315080113803FFE0AEB06029245D4F89C1071D1D4E9C6
S3150801139012231344994208BFC4F89C20049B83F383
S315080113A01188BFF36F8F8046207DFDF78DF82046A3
S315080113B0FFF726FE05462046FFF740FED4F850A063
S315080113C08146504540F28A80A36CB5B29A457DD1D3
S315080113D023691022049304F12803002118462CF0EE
S315080113E030FE3021049A013DC4E90B2A227DC5F35A
S315080113F00A054A432D0120F0030302F1A04245F0F4
S31508011400407543F0020302F58022A5621367236D36
S31508011410D4E9121233440A44934208BF0B464B459A
S31508011420236505D10123204684F85430FFF7C9FE08
S31508011430207DFDF76BF894F89A303BB1B8F1000FAF
S3150801144004D0236E112120465B689847DBF80030EB
S3150801145037B1039A3B449342CBF80030FFF45AAFB5
S31508011460DBF80030002B14BF00201B2007B0BDE8B5
S31508011470F08F0AF1010A0AF1FF33994210D1C4F833
S315080114809CA01AF8013C112B01D0132B14D1013F52
S31508011490A3F111014B424B41C14684F8A03072E7D2
S315080114A01AF8013C03F0FD01112906D1013FB9F1F2
S315080114B0000F3FF468AFEBE7C14605F8013B62E769
S315080114C0324628462CF0DCFF37466DE7238DC3F3F9
S315080114D00A12154465F30E13238598E7207D95B9FD
S315080114E03023434303F1A04303F58023596E5A6E13
S315080114F0C1F30A1122F4FF42314422F0700242EA92
S3150801150001125A6683E7CDE900644A4623692168D0
S3150801151019F08AFD3022237D534303F1A04303F5D5
S3150801152080235A6E22F48012EBE792F8543037B5CD
S31508011530144633B1936D0BB1D06D9847002384F8E7
S31508011540543094F89A301BB32046FFF759FDF8B189
S31508011550236E132120465B6898471025236E204683
S315080115601B680DF10701984778B99DF8073003F014
S31508011570FD02112A05D1A3F111025342534184F800
S31508011580A030013D15F0FF05E8D12046FFF719FE09
S31508011590002084F8540003B030BD2DE9F04F85B022
S315080115A0002800F0FA807F49D1F860339842C0F0EC
S315080115B0F680D1F864231344984280F0F080D1E98B
S315080115C0DD4EEFF3118B302383F3118810F8087C75
S315080115D030F806CCFB07A0F1080602D5BCF1000FCE
S315080115E007D18BF31188BFF36F8F012005B0BDE8D2
S315080115F0F08FD1F86853D1F87093A5EBCC0330F886
S31508011600048C0193C1F8683309F101030CF1010255
S31508011610C1F87033B8F1000F42D04FEAC8030293FC
S31508011620A6EBC803DD88B3F802A003951D7807F079
S315080116300207ED0724D427BB039DA5EB0A07012F53
S315080116402ED1019D0CF10202083D5244C1F8709356
S31508011650C1F8685330F8028CB8F1000F22D110F89E
S31508011660085C20F8068C68F3000500F8085C013A66
S315080116705A801A7868F300021A700022DA8044E068
S3150801168077B1DDE901757D1BC1F8685310F8085C6F
S3150801169042446FF3410500F8085C00259D80D9E7AF
S315080116A03346D7E706EBC809D1E9D8572F44B945D8
S315080116B00ED310F8085C013A6FF3000500F8085CD0
S315080116C0002520F8065C5A801A7865F30002D3E7EC
S315080116D016F838604D4616F0010630D010F8086C39
S315080116E0013A6FF3000600F8086C002692B220F85A
S315080116F0066C5A801A7866F300021A70C3F107025B
S315080117002A44C2F3CF02DA80AA80002C43D09C4235
S3150801171041D86288002A08BF1C46BEF1000F06D0D0
S315080117209E4504D3BEF80220002A18BF7346C1E9B4
S31508011730DD438BF31188BFF36F8F002056E7A8EBC3
S315080117400C08B8F1010FC9D1B9F80270A9F80260FD
S315080117501744B9F80620E2B109EBC2050026D1F80B
S315080117607023013AC1F87023D1F86823083AC1F801
S31508011770682310F8082C20F8066C6FF3000200F8AD
S31508011780082C1A785F8066F300021A70002DB5D10D
S3150801179073E71546E2E71C46BFE7222026E7002342
S315080117A05B69FFDE30460020002313B5019369B15A
S315080117B060B101FB00F401A9204622F017F80146A1
S315080117C020B9019810B122462CF03BFC019802B0D1
S315080117D010BDFEE7002307B5084601A9019322F0CB
S315080117E005F8019803B05DF804FB0846D5E60846F6
S315080117F01146D9E700230360436070470F4A10B5C5
S3150801180092F88833C3B902240D480E49C2F88433C5
S31508011810091AC2E9D8010139C908C2E9DD0082F805
S315080118207C43FFF7E7FF418008210123C2E9DA116A
S31508011830C2F8703382F8883310BD00BF30460020E5
S31508011840F06500200000042000232DE9F743934E9C
S315080118500193D6F864330C469A42104604D239B934
S3150801186012B101A921F0C2FF019803B0BDE8F083C6
S315080118701AB90846FFF791FEF6E7EFF31188302308
S3150801188083F3118831F8063C0730DF0020F007059D
S31508011890AF42A1F1080C80F08A8031F8022C002AA7
S315080118A06FD0D11A01296CD10CEBC2091CF8322070
S315080118B0D20766D4B9F802107A1B12EBC10260D4BA
S315080118C01F2A39DD6019C5F3CF0524F8065C0135F1
S315080118D024F8025CFFF78EFFD30834F8022C438004
S315080118E08280B9F8062022B3B9F80210511A11FA02
S315080118F083F39BB209EBC202C38093800022494657
S3150801190021F030FF4846FFF775FF002234F8061C20
S31508011910D6F86833019403EBC103D6F86C13DB1BC5
S315080119208B42C6F868333FD882B3083BC6F868339A
S315080119302CE00023C380E1E7D6F870230133013A8E
S31508011940C6F87023B9F806200B4424F8063CA2B160
S31508011950B9F80210511A11FA83F39BB209EBC202C4
S3150801196024F8023C938060460122494621F0FAFE9A
S315080119704846FFF73FFF0122C8E7002324F8023C47
S31508011980F1E7284601A921F031FF20B188F3118832
S31508011990BFF36F8F68E73A46214601982CF070FD30
S315080119A02046FFF7FAFDF1E7C6F86C33BCE772D9B2
S315080119B034F8020C791B421ED21AA0B31CF8303037
S315080119C00CEBC009DB072FD472BBC5F3CF0324F890
S315080119D0063C0133601924F8023CFFF70BFFB9F8FE
S315080119E0022002EBD10334F8022C43808280B9F835
S315080119F00620B2B1B9F80210511A11FA83F39BB253
S31508011A0009EBC202C38093800022494621F0AAFE4F
S31508011A104846FFF7EFFED6F8683301942B44DB1BE3
S31508011A2084E7C280F0E78146272934D9C5F3CF0375
S31508011A3024F8063C0133601924F8023CFFF7DAFE64
S31508011A404B1E34F8021CDB0843808180B9F1000F74
S31508011A501ED0013212FA83F39BB2C380A9F804306F
S31508011A600022D6F8703311460133C6F8703321F0D7
S31508011A7079FED6F86833D6F86C2308332B44DB1B7A
S31508011A8093420194C6F8683380D9C6F86C337DE76A
S31508011A90A0F80690E4E7019478E700BF30460020F5
S31508011AA003464160EFF3108072B6044AD2F8741205
S31508011AB01960C2F874322EF048BE00BF30460020C5
S31508011AC008B50146EFF3108272B60448FCF7ACFC80
S31508011AD0BDE8084010462EF038BE00BFA4480020D5
S31508011AE038B50446D0F8A4301D68AB6C5906FCD548
S31508011AF0002394F8AD101A4694F8AC00FEF75CFF83
S31508011B00002394F8AF101A4694F8AE00FEF754FF76
S31508011B1094F8B430DA0707D5002394F8B1101A46B9
S31508011B2094F8B000FEF748FF94F8B4309B0707D540
S31508011B30002394F8B3101A4694F8B200FEF73CFF56
S31508011B40012205F500531A65042228461A65FEF78F
S31508011B50CBFE0021D4F8A8002EF0E0FC074A04F1D8
S31508011B60B80102F55670FCF75FFCD2F858331BB979
S31508011B7002F56370FFF7A4FF002038BD3046002048
S31508011B800246EFF3108072B60E4991F89433FF2B93
S31508011B9002D1A2B12EF0D9BD1BB9002AFAD0012271
S31508011BA003E0002A0CBFFF2201221344DBB281F8AD
S31508011BB09433B3FA83F35B0981F89533EAE71A4656
S31508011BC0F3E700BF304600200122024B83F8782252
S31508011BD0704700BF304600202DE9F04F14465D23BB
S31508011BE085B005460F461622002120468DF8073096
S31508011BF04FF0010A2CF025FA0DF107092846FCF7E2
S31508011C00C9F90646E0B9D5F80880B8F802305BBAD2
S31508011C10A382002F37D16B6893F90220002AB6BF39
S31508011C2093F8038093F8078003F1040B08F1FF3852
S31508011C305FFA88F8A8BF03F1080BB8F1110F12D89B
S31508011C40D5E9000102AACDF808908DF80CA018F084
S31508011C504BFF00236860AB600028CFD117263046BA
S31508011C6005B0BDE8F08F20460BF10101F5F792F9B1
S31508011C70BBF81130B8F1120F5BBA238201D09BF879
S31508011C801370A774EBE798F80130A3F1020B5FFA1A
S31508011C908BFBBBF1110F0ED9204608F10401F5F7AC
S31508011CA079F9B8F81430BBF1120F5BBA238215D053
S31508011CB098F81670E5E7042BA0D1094BB8F802206D
S31508011CC003CB6FF0FF036381FE23206061602681E9
S31508011CD0A381E281AB689B885BBA23823746D0E74A
S31508011CE0384200200149F5F755B900BF7042002076
S31508011CF070B50C4606468CB060B1428E8B8A9A4204
S31508011D0006D1012290F836309A400B6913430B61CC
S31508011D100CB070BD0B69002BFAD002A8F5F753F980
S31508011D204FF2BF031920ADF82A301DF00FF9054609
S31508011D300028EDD0324668462169F9F7D2FA6A4693
S31508011D40352128469DF80630F7F70DFA18B12846C9
S31508011D50F5F740FADCE701212846A28AF7F745FAA2
S31508011D600028F4D102A8FFF7BDFF04F1100606AA60
S31508011D70134620686168083403C3B4421A46F7D18A
S31508011D802946034802AAF6F76DFD0028C0D0DEE70A
S31508011D9000380020464A70B5156F15F004032AD09D
S31508011DA04449454C0B6708238B62926D12F0010F6B
S31508011DB013D1424A1268B2F57A7F0ED9404E326C77
S31508011DC012070AD53F4A13642EF09EFB736D23B1A1
S31508011DD0C4F8A033012384F8A43394F88C3213B1E0
S31508011DE0012384F88D32FCF707FB0123042284F8CA
S31508011DF0A533344B1A6415F001062BD001222D4B5D
S31508011E002D4C1A6794F8A43313B32EF0BBF8D4F803
S31508011E10A033C01AC4F8A803D4F8A8330BB1D4F870
S31508011E20A8634FF41671C4F8A863D4F8A833234BF2
S31508011E30D4F8A8231B684B43234903F5742303F2FB
S31508011E403F23B3FBF1F3934210D2002384F8A43362
S31508011E50FCF7D2FA15F000521CBF164B1A67002D73
S31508011E60BEBF4FF00042134B1A6770BD94F8AC33EE
S31508011E70D4F8A81304EB8300D0F8B4230133511A1C
S31508011E80D4F8B023DBB2521AD4F8A813C4F8B02395
S31508011E90C0F8B4130A210932B2FBF1F2C4F8982347
S31508011EA0B3FBF1F201FB123384F8AC33CDE700BF83
S31508011EB00040005A0060005A304600205818002099
S31508011EC000800A5000A00A5040420F002DE9F04355
S31508011ED097B00446F5F75AF8054602A8F5F773F8D8
S31508011EE0214602A8F5F756F806AE04F1100304F1E7
S31508011EF02007324618685968083303C2BB4216469A
S31508011F00F7D194F8363094F838208DF82C3094F8B7
S31508011F1037300820DB0043EA02139DF82D2003F031
S31508011F20180322F01802134333498DF82D301CF09B
S31508011F30FFFF0746002846D02846F5F7F1F80422A0
S31508011F400C900CA93846F5F7E9FB00284DD1A18D6F
S31508011F507B898B4244D3DFF8A4800CA8B8F8943661
S31508011F600CADA4F84E3002AEB4F84C90F5F72BF848
S31508011F700FCE0FC50FCE0FC596E8030045F8040B23
S31508011F8029806846F4F780FF80238DF80030B8F879
S31508011F90943699FA99F95A1CA8F894265BBA082234
S31508011FA069463846ADF80490ADF80630F5F728FDD0
S31508011FB0D8B9B8813A2238460CA91EF0D3FAA0B985
S31508011FC0A38F0133A387E38D04F15000013B9BB234
S31508011FD0E38573B1216B17B0BDE8F043F6F72DBA67
S31508011FE03846F5F719F90028B5D03846F5F7F2F865
S31508011FF0E9E7A18EEFE700BF00270408F02F0020CC
S315080120000748B0F8BA3513B100F28C505EE7D0F83C
S31508012010B03523B1D0F8B41500F5B9601847704743
S31508012020F03F00207FB504460D461646684608F07F
S31508012030BBF86A462946204600961DF0C5FF04B03E
S3150801204070BD00232DE9F04707460E4617258CB0CB
S3150801205001930DF1180802A808F0A6F8384602AA55
S3150801206001A9CDF80C801DF0AFFF18B128460CB0B8
S31508012070BDE8F0879DF82C406207ECD59DF82890BD
S3150801208048460BF05FFA0028E5D0172D19D0317DA7
S3150801209044F3010241F3010352B25BB29A4210DCE6
S315080120A04C40A307D7D1347CCA46A14528BFA246CE
S315080120B0314652464046F4F7C3FF82450BD8A1453F
S315080120C0C9D2344645460FCD0FC495E8030000250D
S315080120D084E80300BFE70CAB03EBE003C11013F878
S315080120E0182C735C9A42EBE738B50C460821FBF7C6
S315080120F02AFF054690B14378102B28BF102304F810
S31508012100013B204608F050F86A782046102A28BF75
S315080121101022A91C2CF0B4F9002038BD1720FCE7C1
S3150801212030B587B00D4601A9FFF7DEFF044648B969
S31508012130294601A8F8F748FF002808BF17242046B2
S3150801214007B030BD0D24FAE72DE9FF415C230546AA
S3150801215008460C468DF807300127F4F74DFF0DF1B7
S3150801216007082846FBF716FF0646002830D16B6894
S3150801217093F902109A780029B4BFD878D87901283A
S3150801218026D91B4F002903CF20606FF0FF0061603D
S3150801219060814FF000014FF0FE0002F00F02A2F538
S315080121A07C7252BA2181A081E281B4BF043308331B
S315080121B05B782374AB685A8852BA62825A78022AC3
S315080121C00CBF0B461B796374304604B0BDE8F08139
S315080121D0D5E9000102AACDF808808DF80C7018F02F
S315080121E083FC00236860AB600028BAD11726EBE7A9
S315080121F0384200202DE9F04F2DED028BDDB0EFF3CB
S315080122001183302282F31188AC4D95F81C24002ADB
S3150801221040F0B485012285F81C2483F31188BFF3A5
S315080122206F8F6FF0040210460132052152B2FEF794
S31508012230C9FD4C2AF7D14FF00043A14E0722736618
S315080122404AF6CD339F4C0B20676C23649E4BDA63A9
S31508012250FEF718FB6368012023F4F87343F48073CF
S31508012260636040F20913A36040F20313236121F06E
S31508012270DFFDFF0748BF954B4FF0800048BF236439
S31508012280934B596E4FF0004373664AF6CD33666C2D
S315080122902364FEF7F7FA236AF60723F00F0343F0E0
S315080122A00C03236248BF894B8A4848BF2364002927
S315080122B0A2BF4FF00042884B5A662EF09AFA874A17
S315080122C0D2F84C3113F4802300F05E854FF07E621C
S315080122D092F89C3092F99C20002AB8BF25234FF426
S315080122E00001774A022051664FF4D15102F5B832FE
S315080122F051627B494F2B486028BF4F23012001F5C6
S315080123008051DBB24860116911F48031FBD143F485
S315080123108073536140F201439360704B5160D3F867
S315080123204C21140300F13485D3F85061F6B26D4C93
S315080123306D4B94F924706360654B37441B6F87F3C3
S31508012340080703F00703032B01D12DF031FA17F023
S3150801235060FF03284BD04FF48012594B4FF0A06110
S315080123605A6645F60E03614AC2F88030604B996297
S315080123704FF4803103F580539962936DD803FCD4E9
S31508012380936D5900FCD45B4B1361936903F00043C9
S3150801239043EA074343EA062343F0407343F03C0309
S315080123A09361136A23F00F031362916A524B0B4030
S315080123B043F48033936251494C4A936D31EA0303DE
S315080123C0FBD14FF080714A488162136923F4700387
S315080123D043F4401313614FF000434FF48032836195
S315080123E0474B99629A62414A936D5B00FCD44FF45C
S315080123F0C0223A4BD3F89860314B5A6603F59833A5
S315080124005A68012A00F0CB8417F003FF05280CD17E
S3150801241000213C48FEF7C2F92D4A136F43F4806345
S3150801242013674FF48032264B1A672768364B26F016
S3150801243040769F4202D833481DF0B2FD334BDA6825
S3150801244012F0060FFBD19A689E6099684E4016F401
S31508012450F81F0DBF2B4E9A603E46266017F0D9FE2F
S3150801246005280FD12DF0A4F98046FDF7F5FE0128C0
S31508012470D4BF012100214046FEF790F9FEF7E0F8A6
S31508012480FEF7CEF8BE4202D800201DF089FD4FF4B2
S3150801249000220B4E114B1E48D3F8C03072664FF01E
S315080124A0B44223F0407393602EF0A3F94FF48003EE
S315080124B002227366174B5A602EE000BF3046002091
S315080124C00090005000400950004000503254FFFF70
S315080124D000800050C839040800A000500080E00FB1
S315080124E00010025060640020C01753020040005AD1
S315080124F00050005A2008C00BC7FFFEFE030001006A
S315080125000060005A00B4C404FFB3C40400000150BB
S31508012510CC390408004002509A6812F480320492B9
S31508012520FAD15A62049AD24E5A60FEF763F9336FAA
S31508012530049823F0070343F003033367FEF77AF998
S31508012540336FCC4923F474433367CB4BD3F8FC2060
S3150801255012F0807F00F02A84D3F8FC2022F08072E2
S31508012560C3F8FC20D6F8802022F0030242F00102CB
S31508012570C6F88020049AC1F88020D3F8FC2042F0DE
S315080125808072C3F8FC20BA4B4FF48031D3F820216E
S31508012590BA4822F0070242F00202C3F82021D3F812
S315080125A0282122F0070242F00202C3F82821D3F8B3
S315080125B0802122F0030242F00102C3F88021D3F8F8
S315080125C0402122F0030242F00202C3F84021D3F867
S315080125D0602122F0030242F00202C3F86021D3F817
S315080125E0402222F0030242F00202C3F84022D3F845
S315080125F0002222F0070242F00202C3F80022D3F8B1
S31508012600082222F0070242F00202C3F80822D3F890
S31508012610702222F0030242F00102C3F87022D3F8B5
S31508012620202222F0070242F00102C3F82022914A31
S315080126305E6E5166426A22F001024262F0035CBF95
S315080126408F4A51664FF0E0210A6942F004020A6195
S31508012650D3F8602222F0070242F00102C3F8602291
S31508012660D3F8942222F0070242F00102C3F8942219
S3150801267014F01AFEEFF3108772B682482EF0B9F8F5
S3150801268095F81D6476BB804B03F5BC702EF0B1F846
S315080126907E4A7F4BD5F82014D3610123C2F82C3129
S315080126A04FF480727B4B9A6433467B4A0846013362
S315080126B00A2B114642F8080BF8D1784BC5F8203495
S315080126C00023C5F8F833C5F87432754B1B68C5F88D
S315080126D07434744B5A6F42F001025A67DA6E22F06B
S315080126E03002DA664FF00008404685F878841DF016
S315080126F057FC94F82530D5F874649BB16949D5F827
S315080127009C234B6F23F440734B67B301664903F56A
S31508012710742303F23F23B3FBF1F31344C5F89C3347
S3150801272084F825804FF48011514BD3F80021514A82
S3150801273051664FF4003151661A6F02F00702C5F867
S315080127408022196F032A01F47441C5F8E413574925
S31508012750896901F00200C1F3400185F87C120CD0A9
S31508012760D3F8202102F00702022A06D0D3F828213D
S3150801277002F00702022A40F02683012385F87832FF
S31508012780002840F02F83D5F874344749C3EB431228
S3150801279002F5742202F23F22B2FBF1F2D5F89C034C
S315080127A0434E0244C5F89C234FF4C872534303F5BC
S315080127B0742303F23F23B3FBF1F3C5F8F433012382
S315080127C0384685F81D342DF0C0FFFAF7DAFF2A4A94
S315080127D0D2F8C03023F0FF0343F0A003C2F8C0309B
S315080127E0344BD5F850139E4201F1010040F02D8378
S315080127F0314BC2F89810C2F89C3003F57F3303F2C7
S31508012800FE33C2F8A030C5F85003BFF35F8F052227
S31508012810194BC3F894205A6A42F480325A62BFF3BC
S315080128204F8FBFF36F8FBFF34F8FBFF36F8F15486E
S315080128302DF0DFFF4FF4801204274FF4805903214E
S315080128402C20FEF7BFFA0B4B1C4E5A66DFF8788030
S315080128501B4BC6F874802C207767C6F870803767DB
S31508012860C3F88491FEF7C2FA4FF00072154B2DE0BA
S31508012870008000500090005000ED00E000C00750B5
S3150801288000A0005094380408583804080080035002
S31508012890010D0C0000900A50544A00209C4A002061
S315080128A0581800200040005040420F0000C0015057
S315080128B06064002000640020030000200060005AC4
S315080128C000E100E00050005A010000A0BF48C3F82B
S315080128D074805F67B262C3F828902DF08AFF4FF0C3
S315080128E000639B6ADFF854B303F17842B2F5C04F2F
S315080128F064D21A68B64B9A4260D195F8796416F093
S31508012900FD065BD195F84433002B00F001830223C1
S3150801291085F844334FF001084FF48037AD4B00205A
S31508012920C3F88081AC4BDF60FEF760FAAB4B1F61E1
S315080129304FF000639B6ADB69984795F8445307464D
S31508012940454540F09783FBF72EF8013040F0818327
S31508012950DBF88C24A24B1A66DBF890245A66DBF85E
S315080129609424C3F87021DBF898241A64DBF89C24B4
S315080129705A64DBF8A824D00700F17983A36A0133E6
S3150801298007D19BF8793423B9964A5268D20748BFCA
S31508012990A362DBF8A024944B5A66DBF8A4249A6652
S315080129A027F0DCFADBF87C3483F31188BFF36F8FE9
S315080129B08BF8446317B901238BF87934E26A4FF42B
S315080129C00031561C04BF894BD3F894204FF050238D
S315080129D008BFE262D507196700F14E8301210D464A
S315080129E0084605FA00F3134001F1010100F0468398
S315080129F07F4B03EB4000B0F87C317E4A062B116809
S31508012A000E918AB24FEA114140F03F834FF20F030C
S31508012A10994240F03783B2F5406F28BF4FF4C06240
S31508012A20ABF8AC244FF000534CF23C325A80724A50
S31508012A30536A43F470235362EFF308834FF0CD31A1
S31508012A406E4A043B934280F03283FDF7CDFA5F4824
S31508012A502DF0CFFE4FF44073012204211CA8ADF8D6
S31508012A607030FDF729FB0122654BC3F84424EFF3C7
S31508012A701185302383F311884FF46070FDF712FC3A
S31508012A8085F31188BFF36F8F5B4B00F5D520D3F81B
S31508012A90F02000F2FC4042F00102C3F8F020D3F81E
S31508012AA0FC204C4D42F08072C3F8FC20554AA3F530
S31508012AB05D431A60544B0222B0FBF3F0534B0138C5
S31508012AC01861C3F8F0204FF48072C3F804234FF05D
S31508012AD060434F4A3D48C3F8B02F4E4AC3F8802E8B
S31508012AE0D3F8002E42F48072C3F8002EFF2283F831
S31508012AF02020D3F8002E22F48072C3F8002E2DF080
S31508012B0078FE2B68980106D44FF000731920C5F892
S31508012B108031FEF76BF92B68590106D44FF08063B3
S31508012B201A20C5F88031FEF761F94FF06045022693
S31508012B30394821F01CFA394821F019FAD5F8003E2E
S31508012B401CA843F48073C5F8003E354BCDE91C63D8
S31508012B5021F06BF8D5F8003E23F48073C5F8003EE2
S31508012B6014F0A2FB054640BB2E482DF042FE2E4B23
S31508012B702E4A1A624FF41672C3F8246103F5E2234A
S31508012B809D642B4B1B6853432A4A03F5742303F2AE
S31508012B903F23B3FBF2F3284ACBF89833DBF8B0337B
S31508012BA0DBF89813013542F8041BEDB2DBF89813EC
S31508012BB00A2D0B44F4D1CBF8B0339BF8B1149BF82A
S31508012BC0B03402293CD1072B54D039E09438040893
S31508012BD007B0CD5E00E100E000A00044009000448B
S31508012BE00080004400C0055000800050004000509D
S31508012BF0583804080000002000ED00E00800002015
S31508012C0000D00350FF030040F8590D00000004E00E
S31508012C1055CEACC5090001005C38040874380408AF
S31508012C20006A1810D039040800800350010E0C0000
S31508012C305818002040420F00E44900203046002081
S31508012C40DA0703D443F001038BF8B0349BF8B034A8
S31508012C509D075FBF012243F002038BF8B0348BF85E
S31508012C6044289BF8B02411B9D00700F123825107F3
S31508012C7040F1278202262DF0DDF9874B87498848DE
S31508012C805B68FEF70DFF18F037FA10F075FC24F0B3
S31508012C907BFA844B844FCDE91C634FF00073CDE971
S31508012CA01E7307239FED7A8B804D1CA94FF0FF30C9
S31508012CB020932BF0B8FE00214FF0FF302BF0B6FE23
S31508012CC005F1200623F040FC2022002128462BF09E
S31508012CD0B8F91822002130462BF0B3F90022744BBB
S31508012CE0744983ED008B744B0120996073491A77F7
S31508012CF0D96073491A6219617249C3E90025596194
S31508012D009A617149714B996071491A77D96071490C
S31508012D10C3E90026196170491A6259619A612CF052
S31508012D20AFFB002840F0F98241F60B224FF6FF79F6
S31508012D304FF00108694E7F21B280694A30600590DB
S31508012D40CBF8502805F586601022ADF834908DF839
S31508012D50368085EDE18B2BF074F97F214FF0FF3A30
S31508012D60604A05F5637711705F4A059B126ACDF8CB
S31508012D7070A012F0010F40F0A981FEE783F31188D4
S31508012D80BFF36F8FFFF757BAD2F85021FFF7A7BAEB
S31508012D90564B1E88FF2E88BF6426FFF7C8BA5449CA
S31508012DA04A605A689707FCD4FFF72EBBD6F88030DD
S31508012DB023F0030343F00103C6F88030049BC1F8EE
S31508012DC08030FFF7E0BB002285F8782200283FF41F
S31508012DD0DAACD3F8003103F003035A1E53425341C8
S31508012DE085F87832434BD3F8003103F00303022BFD
S31508012DF026D0032B27D0012B7FF4C5AC6268002AA5
S31508012E003FF4C1AC3C4BDFF80481DB68501EC3F3C9
S31508012E100B0C002319460CF1010C0CEB8C0CECFB8A
S31508012E2008012AF01DFF704300F5742000F23F20C7
S31508012E30B0FBF8F0D5F89C331844C5F89C03A2E416
S31508012E404FF40042DEE72D4ADCE723F01F03203B5F
S31508012E50B3F1005F0AD3C2F89810294943F0010378
S31508012E60C2F89C10C2F8A030C5F85003254BD5F816
S31508012E705003094A23F01F0343F00303C2F89800DD
S31508012E80C2F89C30204B0130C2F8A030BBE400BF29
S31508012E90000000000000000000ED00E09064002042
S31508012EA0EC4A0020006A180000020600F44A0020D5
S31508012EB0281B002081B401080C180020FD4D0108CB
S31508012EC07D4E0108D5B40108014F010830180020CC
S31508012ED0094E0108314F0108394F010888190020A8
S31508012EE08DB60108901900200080E00F0001E00F5F
S31508012EF000E001500080005000C0015080D5430217
S31508012F00030000207F640020E1FF032040420F00F8
S31508012F100127CDE9156685F84473EFF3118330224D
S31508012F2082F31188C5F87C3427F010F895F88034B7
S31508012F3063B9FDF759F848B90823A349A3480BF221
S31508012F408442FBF7F5FE08B985F88074A04BA149C0
S31508012F505A6ECBF8A0249B6ECBF8A4344FF4804369
S31508012F608B669D4B5A68CBF8A8249C4A9A601A6EC0
S31508012F70CBF88C245A6ECBF89024D3F87021CBF871
S31508012F8094241A6CCBF898245A6CCBF89C24944A4E
S31508012F90106C1864526C5A6401224A661B6E9B04B3
S31508012FA03BD5904AD368DF07FCD4A26A511C39D0B5
S31508012FB04FF4801393408C4A136604228A4B4FF4CC
S31508012FC000211A664FF400721A6608221A664FF42F
S31508012FD080521A664FF00062976A1A66596607F1B7
S31508012FE07843B3F5C04F07D200231CA81E931CF0E3
S31508012FF0C2FB1E9B5B0527D4159A7B4B1A66169A4C
S315080130005A669BF88024002A3FF484ACDBF88424B2
S315080130101A66DBF888245A667CE4744AD368D807AA
S31508013020FCD4C2E79BF87934002BC6D14FF4007261
S31508013030684B5A6603F5A6235B68002BBDD14FF48E
S315080130408012694B1A66B8E73B6C16A915A898470A
S31508013050D2E7FAF7A8FC40F2011398423FF478AC9C
S31508013060634B604A5D66D368D907FCD470E40022D5
S315080130709A6083E446469BE40020B9E410297FF46C
S31508013080AFACBAE44FF4C062CAE440F20720834207
S315080130900AD14FF20F00814206D19A4202BF4FF080
S315080130A000524CF23C315180ABF8AC34BFE443F8E2
S315080130B00419C7E44F48FEF79DFB02238BF8B13488
S315080130C0D5E542F004028BF8B024D3E54A4A05F562
S315080130D06C7512883946ABF86028484A1CA81268EC
S315080130E0CBF87058CBF86828454A1288ABF862289D
S315080130F0444A1268CBF86C288022ABF864281A4631
S3150801310023F080FA00B1FEE724F03EF800B1FEE7AD
S315080131103D491C9823F008FE00B1FEE702211C98E0
S315080131202BF088FB00B1FEE738491C9823F0F6FF1F
S3150801313000B1FEE741461C982BF04CFD00B1FEE7B5
S3150801314041461C982BF054FD014600B1FEE7304B71
S31508013150402218462AF075FF4146A0F83CA080F89F
S315080131603E901C9823F0B4FADFF8B0801C98C8F892
S31508013170000000B9FEE740F2222357E90212254D65
S315080131809A4208BFA9420BD09FED0D8B4FF0FF3233
S315080131908DED008B4FF0FF332BF034FB07ED028BDF
S315080131A000211D4806F0E2FC012108462CF050F9E1
S315080131B0D8F800000DA923F063FA054680B3FEE7A7
S315080131C00AE020FF22020000007108009819002079
S315080131D000800050009000500080004455CEAC009D
S315080131E000C0005400000440009000440000045050
S315080131F000900040E44A0020427004084870040820
S31508013200407004084470040807001100F4390408E2
S31508013210F05900200AE020FF881900205C190020D7
S31508013220524B534A18609880524B9080136003F1B1
S31508013230B402CBF888299C2203F59A73CBF8943902
S315080132404D4BCBF8B0091A70ABF88C0906F096FF0E
S31508013250056007F00DFD031D00F1B4021946103390
S315080132609A42056006D133790B2B02D873790A2B5A
S3150801327004D8FEE743F8105C0D46EFE73F4B1E60A6
S3150801328010F07AF9002006F001FD0822D8F80000AE
S3150801329011462BF007FB054600B1FEE70146D8F8B3
S315080132A000002BF0BFFC2946182235482AF0C9FE32
S315080132B0344806F01BFC344B1222294618462AF0DC
S315080132C0C0FE4FF6FE7220F8022CEFF3108072B69C
S315080132D010222E4B2E491D609D609A802DF035FADD
S315080132E099608C231C952B4D4FF40C601CA9C5E9DC
S315080132F0022320F07BFA00282FD10F221C9BC5E957
S315080133000033E968013A19441960E96892B20B4435
S31508013310002AF6D14FF0FF321A60E36A4FF4003201
S31508013320013308BF1C4B1D4F08BFD3F8943007F56E
S31508013330005508BFE3624FF050231A6795F83836EF
S31508013340002B40F0FE874FF6FF72154CC7E9013393
S31508013350FB602388934201D1FEE7FEE76BBB04219C
S315080133600FA806F0B1FBE8B1FEE700BFF01A00208E
S31508013370C01A0020344F0020481B00208419002061
S315080133806C190020B81B0020361B00205C1B00208E
S3150801339001070408A81B002000400050F01F002068
S315080133A0E05900200F9B002B00F077846FF0004254
S315080133B0934208BF0123E74A13602388E64E013387
S315080133C02380F3F7E3FD0024E44B786100F18041A3
S315080133D03046FB617E62BC61F4F72CFFE04B2D227F
S315080133E0C7E90C34DF4BC7E90A44BB6406F12C0371
S315080133F03B652346C7E90E4487F840407C64FC6573
S315080134004436013A314606F1800640F0498404B152
S31508013410FB650026D44C4FF0010804F27460C4F829
S31508013420606684F86866C4F86C66C4F87066F3F773
S31508013430E3FDCE4B8C22C4F88836032384F89636EE
S315080134404FF44043314604F2A460A4F89836C4F810
S315080134508C66C4F89066A4F89486C4F89C66C4F889
S31508013460A06684F830672AF0ECFD04F5E963C4F830
S31508013470743704F5EC63C4F88C3704F5EF63C4F8C4
S31508013480A43704F5F263C4F8443704F2AC73C4F8FC
S31508013490D43704F2C473C4F8EC3704F2DC73C4F805
S315080134A0043804F6140004F2F473C4F8A837C4F80F
S315080134B03467C4F83867C4F83C67C4F84067C4F889
S315080134C05C67C4F8BC6784F80C68F3F7DDFCF4F7AD
S315080134D0EEFBA74B04F63C0904F5016AA4F81C089F
S315080134E0C4F82038484604F50263C4F82838C4F8F5
S315080134F02CA8C4F83068F3F7C7FC9E4B04F66C0099
S31508013500C4F8443804F64403C4F84C389A4BC4F852
S315080135105098C4F86838C4F85468C4F85868C4F8A8
S315080135205C68C4F860680AF071FE944B8022C4F89E
S315080135309038934B3146C4F83438924B04F6B800A8
S31508013540C4F86438904BC4F894A8C4F8AC3804F6A7
S31508013550AC03C4F8B438C4F838A884F8A488C4F805
S31508013560A8682AF06EFD04F63C100AF04FFE874B58
S3150801357004F67410C4F8603904F63813C4F86439CB
S31508013580F3F782FC824B8349C4F87C3904F6881028
S3150801359004F67C13C4F884390AF073F93523A4F8C0
S315080135A0983941F65833C4F89C397B4B04F52060A9
S315080135B0C4F8A0394FF4E163C4F8E4394FF4E15390
S315080135C0C4F8F839754B84F8A489C4F8FC3984F829
S315080135D0A86984F8D969C4F8DC69C4F8E069C4F84B
S315080135E0EC69C4F8F069C4F8F469F3F74DFC04F61C
S315080135F008200AF00BFE6A4BC4F8546AC4F82C3A40
S3150801360004F6DC13C4F8303A664BDFF8B891C4F80F
S315080136105C3A04F65C23C4F8643A634B634AC4F81B
S31508013620683A04F66823C4F8703A072384F8563AC8
S3150801363004F6E423C4F8303C04F61443C4F8E03A2B
S315080136405B4BC4F87C6AC4F85C3D04F65C53C4F869
S31508013650643D4FF0FF33C4F8406AC4F84C3DC4F8E2
S31508013660503DC4F8543DC4F8583DC4F8446AC4F8FA
S31508013670489AC4F8586AC4F8746AC4F8786A84F827
S315080136807C8AC4F84C6AC4F8506AC4F8006BC4F85A
S31508013690446DC4F8486DC4F8686DC4F86C6DC4F817
S315080136A0708DC4F8746DC4F8783DC4F87C3DC4F8CF
S315080136B0803DC4F8843D3F4BC4F8882DC4F89C3D31
S315080136C004F6885204F69C5304F6A850C4F8902DC3
S315080136D0C4F8A43DC4F8946DC4F8986DF3F7D4FB07
S315080136E009F1150104F6A850F7F758FC324904F513
S315080136F05B6084F8B06D84F8C16DF7F75EFF1AF068
S31508013700D1FF2E4904F6C150F7F757FF04F55E605D
S3150801371084F8D66DC4F8DC6D20F006FD04F55F600B
S3150801372020F002FD4FF01C73C4F8103E244B04F63A
S315080137302860C4F8183E04F61863C4F8203EC4F895
S31508013740046EC4F8086EC4F80C6EA4F8146E20F062
S31508013750EBFC39E0E45900200C200020EF84000836
S31508013760E5C7000849820008F02F0020F3C80108C0
S3150801377075880008D98C0008796600085F890008F1
S3150801378079D800083148010851C90108BDC50008A2
S315080137908FC000089C260408030101050075120064
S315080137A06DDE010887FE010877C8010845BA0008D9
S315080137B03DBA0008A16800086B3004087630040891
S315080137C071EC0108203A040804F63C60C4F8386E26
S315080137D00AF0B2FE94F8403E66F3000384F8403ED0
S315080137E0DA4BCDE905361822002116A82AF029FC5C
S315080137F0059816A915F05CFE844678BB179B1B0A2B
S31508013800012B2BD0BDF85830B3F5885F26D040F28E
S3150801381001131793CE4B0DF1700E1B930DF158083A
S31508013820CDE91100B8E80F00AEE80F0098E80300EB
S3150801383063468EE803006246059811A9CDE913CCC3
S31508013840CDF840C015F099FD002800F02F82129896
S31508013850002840F03083119815F07AFD059BBD4A82
S3150801386001330593069B43F1000306930699059BCD
S31508013870B14208BF9342B6D14FF0004310211CA8AC
S31508013880C4F8D83DC4F8243E06F01EF91CA9002246
S31508013890B1480BF051FAC4F8006EC4F8486EF4F753
S315080138A006FA84F84C0EF4F702FAAC4B0B22C4F86C
S315080138B0503EAB4B84F84D0EC4F8543E0F2384F8A2
S315080138C0603ED4F8683EA74803F0FC03C4F8683E96
S315080138D0FB23A4F87C3EA44B84F8582E84F86C2E5E
S315080138E0C4F8943E84F84E6EA4F85A6EC4F85C6E19
S315080138F0C4F8706EC4F8746EC4F89C6EC4F8A06EF1
S3150801390020F012FC994820F00FFC994820F00CFC95
S31508013910984BDFF8A482C4F8DC3E974B08F12409DA
S31508013920C4F8003F4FF6FF73A4F8FC3E4FF6FE734A
S31508013930A8F15600A4F8823EA4F8843EC4F8E48EA1
S31508013940C4F8089FA4F87E6E84F8806EF3F79CFA93
S31508013950B4F88E3EA8F1380003F0FE0343F4FE43A3
S3150801396043F00103A4F88E3EC4F8906E84F8D96E2C
S31508013970F6F778FCA8F12800F6F774FCA8F1180008
S31508013980F6F770FC4046C4F8D46E84F8D86EF5F79D
S315080139902DFA4846A4F8EC6EA4F8E86E84F8EA6EA7
S315080139A0C4F8F06EC4F8F46EC4F8F86EF5F71EFAAA
S315080139B0D4F8943E08F1D800C4F80C3F6F4BC4F80C
S315080139C0146FC4F8103F6E4BC4F8AC6FC4F8183FB7
S315080139D008F13C03C4F8203FA4F8B26F20F0A4FB19
S315080139E01CA8F6F76BFC9DF8703008F1D40023F09B
S315080139F0010343F002038DF87030F6F735F8882293
S31508013A00002108F148002AF01CFB94F8483E43F0CF
S31508013A10010384F8483E94F87E3E0BB91BF01CFC62
S31508013A204D480BF03FF8B4F8501E5648F5F768FFB5
S31508013A3055481CA9F6F7BCFCB4F8821E5248F6F79D
S31508013A40AAFC002251495248F6F715FCF4F72FF95A
S31508013A500026A4F8C40F4F48F3F7CEFA4E48F3F7F9
S31508013A6013FA2B7A4D4823F00F032B724C4BA4F80B
S31508013A70E86FC5E90336C4F8EC6F84F8F86FAE70E1
S31508013A806E6006F091FB4FF4FA63C5E90A36454BB9
S31508013A904FF040626B64B5F850304FF47A7103F019
S31508013AA08003A5F850306FF00113C5E91623F023FA
S31508013AB0C5E918136423DFF80481C5E90C6608F122
S31508013AC08000C5E90E666E622E64AB66C5F8AC6009
S31508013AD0C5F8C060C5F84C80F3F7D6F9324B08F142
S31508013AE09400C5F8CC3008F18803C5F8D4300AF03B
S31508013AF08DFB2E4B4FF0FF09C5F8FC302C4B314698
S31508013B00C5F8643108F59073C5F86C314FF0AF63A9
S31508013B10C5F88031274B08F1140AC5F8E83108F5CC
S31508013B20A47008F5D273C5F8F031C5E95E66C5F823
S31508013B306061C5F8B861C5F8D061C5F800A10BF098
S31508013B409DFB08F5A47085F8C79139E001000200CC
S31508013B50F000020008000200C83D0020FFFF0B0B21
S31508013B6000F8FF07943E0020B84F0020A43E00202D
S31508013B70B43E0020458D000885A700080B6800089B
S31508013B800F680008383E00206C3E00203D3A0408C4
S31508013B90A43F0020BC3F0020D03F00200440002065
S31508013BA0BDD6010807680008E1CF010839130208E4
S31508013BB099FC0108A50D0208CC3E002034400020DE
S31508013BC085F8C8910BF0FCFBBC4B3146C5F80032B1
S31508013BD008F5DE73C5F80832B94B08F13C00C5F89B
S31508013BE01C3208F5EC73C5F82432B64BC5E97E6676
S31508013BF0C5F8383208F5FA73C5F8403285F8F46124
S31508013C00A5F80C62A5F8146285F828620BF036FB54
S31508013C1008F1340085F8BB9085F8BC90F3F734F9C0
S31508013C2008F13C00F8F784FA314608F13C000BF03C
S31508013C3025FB504685F8BB9085F8BC900BF0A4F996
S31508013C4008F5037009F08AFFD5F86032A8F5DF7127
S31508013C509B0C9B0443F4403343F04003C5F86032A0
S31508013C6048F2FE0308F50570C5E9943609F07DFCAE
S31508013C7008F5097009F072FFD5F87832924A08F505
S31508013C800B701A40914B1343C5F87832F6F716FBB9
S31508013C900646002800F01C81FEE70123FFF78BBBCF
S31508013CA046F8803C01240B46FFF7ABBBDDF84480A0
S31508013CB0D8F81430A3F50033B3F5003FC0F0E1801E
S31508013CC0D8F808309B077FF5C2AD0890BDF8583083
S31508013CD023B1B8F800209A427FF4B9ADBDF85A204D
S31508013CE0B8F8023012B193427FF4B1ADADF8723033
S31508013CF01F9BB8F800A00793D8F80C3007991A4605
S31508013D0050460B93ADF870A014F02CFB8146209910
S31508013D10D8F810205046CDE9091214F023FBDDE945
S31508013D200912B9F1000F05D1079B1BB10B9B002B9B
S31508013D307FF48DAD18B911B1002A7FF488ADD8F892
S31508013D4008201E9B2090134012A913AA1CA8CDE98E
S31508013D501E391FF0EEFB00287FF479ADDDF8489097
S31508013D60D9F804301B0A00F08F80484614A914F0CC
S31508013D70E9FD00287FF46BAD4846149914F0DFFA83
S31508013D8000287FF464ADDDE91120D2E9089E0146D9
S31508013D90036A51F824AF07934368D2F804C04FEA7F
S31508013DA01328B8F1010F7FF452AD5369A3F5003812
S31508013DB0B8F5003FBFF44BAD5FEA1C2C7FF447AD65
S31508013DC0926812F002027FF442AD0DF1540CCDE96E
S31508013DD0011C159249467246079BCDF800A010F0C2
S31508013DE0C5FB00287FF433AD129810A91FF0E7FB35
S31508013DF000287FF42CAD119815F0AAFA8046002800
S31508013E007FF42CAD059815F01BFBDDF84090059B5A
S31508013E100DF1540A9945CDF854803FF41FAD484633
S31508013E2041461CAA0FF062FD079000287FF416ADE3
S31508013E301C9A012011460892FDF7B6FC8046002817
S31508013E403FF40CAD0346089A48460799CDF800A0F9
S31508013E501FF048FC60B9DDE905011D9B159A009321
S31508013E6043460FF0D3FC014610B948460FF05DFDF5
S31508013E7000214046159A2AF0E4F84046FDF78DFBE5
S31508013E80ECE40123089321E7089A119B1AB15A68B1
S31508013E90120A7FF4DCACD3E9088A4846514614F085
S31508013EA04EFA00287FF4D3AC52464146D9F8200091
S31508013EB02AF0E6FA98E714F0A3FCCCE435FC0108ED
S31508013EC009FD0108410A0208000080FE40001F01A1
S31508013ED008F50F7009F042FE4FF0FE0A4FF07F43D6
S31508013EE0C5E9A23AD5F8903208F5157003F07E4275
S31508013EF0DD4B1343C5F89032F3F77EF843F2FF23FF
S31508013F004FF4807208F51A70A5F89832A5F8A6221A
S31508013F10F3F772F84FF4807243F2FF3308F5017034
S31508013F20A5F8BA22A5F8AC32F2F7AEFFCF481EF0D3
S31508013F309FF9CF4BC5E9B066C5E9B236CD4BC5F891
S31508013F40E062C5F8D03208F52373C5E9B63695F8A7
S31508013F502E3385F8E46223F0030385F82E3308F53A
S31508013F603E73C5F83433A5F8EC6285F839A385F8AC
S31508013F703A64F3F79CFE85F83B03F3F798FE85F858
S31508013F803A034FF4007085F838631AF0E3FAC5F876
S31508013F904064C5F84464C5F84864F3F788FE4FF6EB
S31508013FA0FE73A5F8583495F87E34A5F84C0466F3E3
S31508013FB0000385F87E34B04B08F58D60C5F8843466
S31508013FC0B5F89C34C5F8506403EA0A03A5F89C348D
S31508013FD0C5F8546485F87464C5F87864A5F87C64F2
S31508013FE0C5F8886485F89E64C5F8A064C5F8C464F4
S31508013FF009F0B4FD95F8BE3408F58C6023F07E030C
S3150801400043F0760385F8BE3485F8BD64F2F73CFFC4
S315080140108123A5F8CA34994B08F28440C5F8D034EF
S3150801402008F28C43C5F8D834BE23A5F8C8340AF07B
S315080140305BF9934B934AC5F8EC3408F59563C5F8D3
S31508014040F4344FF6FF73C5F8102508F2CC42C5F8CB
S3150801405018258D4AA5F80C35C5F84025C5F8D0357B
S3150801406008F2FC42894BC5F8482508F5A562C5F84A
S315080140707C25C5F8DC3508F5A76208F5B363C5F8EC
S315080140806825C5F8DC64C5F8E064C5F8E464C5F8D4
S31508014090E894C5F80865C5F82C65C5F83065C5F80E
S315080140A03465C5F83865C5F83C65C5F84C65C5F885
S315080140B05065C5F85465C5F85865C5F85C65C5F811
S315080140C06065C5F86C65C5F8C865C5F8CC65C5F8F9
S315080140D0D465C5F8D865C5F8E435D4F890166C4B9F
S315080140E00A46C5F8E83508F5A963C5F8EC35C5F8F3
S315080140F0F06508F2A453002A40F04682654AC2F8E0
S31508014100F015A2F58052C2F890360023FF22614CC1
S31508014110C4F8FC35C4F8F435C4F8F835C4F81C36C7
S31508014120C4F82036C4F82436C4F82836C4F82C3620
S31508014130A4F834364FF4FA73C4F80026564AA4F89C
S31508014140FC35C4F8042604F20462C4F80C26534A62
S31508014150C4F8102604F5C262C4F81826504AC4F8F1
S315080141603026F3F7A4FD01234E4A84F83836D2F8EF
S31508014170483AC4F83C064C480133C2F8483A90F824
S31508014180343013B94949FBF7E7FD4948F6F7E8FC26
S315080141904848F6F7E5FC00238DF85830012316AD9B
S315080141A0294608201CAAADF870301AF001F810B992
S315080141B02B7884F89E341CA81AF062F80246002867
S315080141C040F0BF801D993C480AF010FD3B4B1E9AF2
S315080141D0C3F8042E1F9AC3F8002EC3F8D42EB3F8D9
S315080141E07C3E9B060AD5EFF31183302181F31188B2
S315080141F033494A6083F31188BFF36F8F9DF8713095
S3150801420023F0020343F0040384F85B30BDF89430CD
S31508014210052B40F096809DF8703084F85A30023BA1
S31508014220022B00F28E80BDF87210C1F3080333B178
S315080142302448F6F7B0F8BDF87230A4F85C30214886
S3150801424021A9F6F7B5F8DDE923014FF6FE7204F563
S315080142501C7383E80300BDF87230934271D0C3F32F
S315080142600803002B67D02FE040009F014D3A040850
S3150801427079C8010851CA010891CA010815E301085C
S315080142803FCA01084DD8000821CC010801200108C0
S3150801429097D80008F03F002049CA01088984000818
S315080142A0DDE20108304600209819002068640020E4
S315080142B0343D0020603D0020C83D0020F02F00203D
S315080142C0F05900206C3E00200023C5E90033022383
S315080142D02B810A232946042015AAADF8543019F072
S315080142E067FF804668BBC44E3046F7F721FF414653
S315080142F030460AF0C3FF95E80300FF2384F8BB3074
S3150801430084F8BC302B8986E80300A4F8A03094F819
S315080143109E30012143F0F00384F89E30BDF87230D7
S31508014320304603F47C43A4F89C300AF0A7FFB4F89E
S315080143309C30A4F85E3094F8583043F0040384F8AE
S31508014340583000250120CBF84C7A05F0EFFDAB4B30
S31508014350DBF84C6A1D80AA4B02221D80A94BABF8DB
S31508014360505A1D804FF0FF331C934FF4C063ADF8CC
S315080143705830A54B1CA9009316A8A44B21F0BCF8EC
S31508014380A34BA44CCBF8583AA34B3822CBF8783A2E
S3150801439004F12003CBF8803A0123294604F14C00A5
S315080143A08BF8A03ACBF85C6ACBF8606ACBF8644A1A
S315080143B0ABF8745ACBF8844ACBF8886ACBF88C4A9E
S315080143C0CBF8906ACBF8944ACBF8986ACBF89C4A12
S315080143D029F037FE914A06F58053C3F8402A04F1BD
S315080143E09402C3F8442A9BF8003B8D4A23F007033D
S315080143F08BF8003B9BF80C3B8A4965F3000304F1F3
S3150801440008008BF80C3BCBF8685ACBF8DC6AC4E990
S315080144100555CBF8E04ACBF8E46ACBF8E84ACBF87D
S31508014420EC6ACBF8F04A8BF8F45ACBF8F86ACBF871
S31508014430FC4ACBF8046BCBF8084BF2F73BFA7A4BFC
S315080144407A4A1C60BBF8AC347948B3F5406F4FEA39
S31508014450132138BF02EB8102F2F705FDBBF8AC1454
S31508014460744A0B0A02EB8303D3F80032CAB203EB90
S3150801447082027148F2F7F7FC0123BBF8AC24120A51
S31508014480934040F2A172134279D06C4C6C48D4E93E
S315080144900D325F0748BF0026D4E9121B4EBFB0464E
S315080144A0D4F850808B46D4F83CA05DBF654E924641
S315080144B0DFF8BC91DFF8BC9113F0080F624B634932
S315080144C018BF1946B6EB08071FBF64237D0803FB0F
S315080144D00B55B5FBF7F50CBF3D46ADB243464A460B
S315080144E0CDE9006ABFB2F2F7BEFC4B462A465848E8
S315080144F000971FFA8BF1F2F7B6FC564501D3D04562
S3150801450003D949465348F2F7AEFCD4E917231343B6
S31508014510626E13433DD15048F2F7A5FC40F60522D9
S315080145204E4BB3F8AC3493420FD8B3F5206F4CD841
S3150801453040F20252934256D040F20172934200F081
S31508014540A58040F20152934249D00024FC2221461B
S315080145501DA81C94264629F074FDDFF81CB1374FB7
S31508014560DFF81881DFF81891DFF818A19BF80030F9
S31508014570002B40F01C8114B11CA8F2F774FC5DB045
S31508014580BDEC028BBDE8F08F9A423FF4BEAD92684E
S31508014590B1E53348F2F767FC00264FF00109274FCA
S315080145A0DFF8E4800025FA6D09FA05F3134203D012
S315080145B040467119F2F757FC0135202DF3D1203603
S315080145C0602E07F10407EDD1A8E7A3F60223032B12
S315080145D062D8DFE813F07900A300D100EA00214888
S315080145E0F2F741FCB1E72048F2F73DFC216C1F4880
S315080145F0F2F739FCA9E700BF70400020C01B002074
S31508014600BE1B0020BC1B00209864002075B601085B
S3150801461071C0010888500020D5AE0108A1700008B4
S31508014620D82804080C150408B41A0020CA38040846
S3150801463084300408583804089A3004086063002056
S31508014640BA300408081800206F30040863300408DB
S31508014650EB300408243104084231040830460020AE
S315080146605731040886310408C3310408F3310408B4
S315080146707F3004085B300408FA380408080D04087A
S31508014680AC440408FA330408C40904085948D4E9AF
S315080146902512F2F7E8FB58E75748F2F7E4FB94F8D6
S315080146A06C309E0702D55548F2F7DDFB94F86F305A
S315080146B05D0602D55248F2F7D6FB94F96F30002B06
S315080146C0BFF643AF4F488BE74F48F2F7CCFB94F858
S315080146D06830980703D0216C4C48F2F7C4FB94F96B
S315080146E06830002B03DA616F4948F2F7BCFB0125F4
S315080146F0484E494F049BA26E05FA03F3134207D0AD
S31508014700049B56F823100B7813B13846F2F7ABFB26
S31508014710049B0133082B0493ECD116E73F48F2F7C3
S31508014720A2FB216C3948F2F79EFB94F869305907C8
S3150801473002D53B48F2F797FB94F96930002B03DA67
S31508014740616F3348F2F78FFB0825324E324FA36E5D
S31508014750EB40DA0706D556F825100B7813B138461B
S31508014760F2F781FB0135102DF1D194F86830002B51
S315080147707FF4EBAE2B4833E72B48F2F774FB216C39
S315080147802248F2F770FB1025224E234FA36EEB4009
S31508014790DB0706D556F825100B7813B13846F2F71C
S315080147A062FB01351A2DF1D1CFE620481CE706F048
S315080147B00302032A14BF43464B46019357F8043BA9
S315080147C01CA8009352465B464FF48071204421F0A1
S315080147D08BFD1BF8013B002BFBD1721C12F0030564
S315080147E0D6B203D02044C5B22C46BFE61CA8F2F7C0
S315080147F03AFBF9E70D320408283204084032040866
S315080148007A320408AD320408E9320408F33104089F
S315080148100E330408883A04082B3304083333040892
S315080148204A33040890330408C0330408D93304080A
S315080148302DE9F0471D46B44EB44B90B01446069187
S31508014840009329220423314606A8F2F7D9FB50B171
S31508014850801BC0F38700262805D8132807D898B3E4
S315080148600B2800F0FF80002010B0BDE8F08714384F
S315080148701228F8D801A353F820F000BF45490108CA
S315080148806748010867480108674801086748010839
S3150801489067480108714A0108794A01086748010809
S315080148A06748010867480108674801086748010819
S315080148B067480108B74C0108314B0108874B0108C5
S315080148C0254C0108DF4A010804F1310323F00103ED
S315080148D05B78022B30D12046F2F76CFB30B12B788E
S315080148E0FF2B03D0294620461FF0FEFC102300218A
S315080148F0204606AAF4F708FCF0B908230321204646
S3150801490004AAF4F701FCB8B9814B824DD3F83447B0
S3150801491094B1204606A9F2F789FA20B1284604A9D6
S31508014920F6F734FB08B16469F2E7204616F070F829
S3150801493020B1794809F0D0FD012095E7204619F004
S31508014940AFFDF9E704F1310323F001035B78022B8C
S31508014950F2D1362120460DF10B02F4F76EFB002841
S31508014960EAD19DF80B303721012B38BF0123032BE0
S3150801497028BF0323204603AA8DF80B30F4F79CFBC6
S315080149800028D9D1382120460DF10E02F4F794FBFF
S315080149900028D1D1204604A9F6F790FC0028CBD1EE
S315080149A0049F002FC8D013201AF0D0FA80465B4E18
S315080149B0D6F83C05804504D008B1F2F70BFCC6F8D9
S315080149C03C85D6F83C85B8F1000FB5D000223946AA
S315080149D006A8F6F786FC352140469DF81E3006AA3C
S315080149E0F4F7C1FB0028A7D13923D6F83C0506A957
S315080149F08DF81830F4F7B4FB00289DD19DF80B30DB
S31508014A0086F8390586F83835BDF80C304FF47A71D1
S31508014A10A6F83435BDF80E304148C6F82C75C6F8E7
S31508014A203075A6F8363505F12007F3F706FD06F2C7
S31508014A301C5605F11003324618685968083303C233
S31508014A40BB421646F7D12046F2F7B4FA00283FF4DE
S31508014A5073AF2B78FF2B3FF46FAF294620461FF023
S31508014A6043FC69E72A4621462E48F6F7A5F963E786
S31508014A702A4621462C48F8E704F1310323F00103BD
S31508014A805B78022B7FF458AF204606A9F6F716FC89
S31508014A9000287FF451AF0121204604AAF4F70CFB44
S31508014AA000287FF449AF1D4E069B06F59F67C6F899
S31508014AB0083505F1200C05F110033A4618685968BE
S31508014AC0083303C263451746F7D1BDF810304FF4D2
S31508014AD07A711648A6F80C35F3F7AFFCB3E704F17B
S31508014AE0310323F001035B78022B7FF425AF2046BF
S31508014AF0F2F760FA18B1294620461FF0F5FB214660
S31508014B0005480AF039FE17E7F03A04088FD8000875
S31508014B10F02F00206042002070440020F03F002062
S31508014B2030450020343D0020603D0020004500202E
S31508014B302046F2F754FA00283FF4FEAE67481AF009
S31508014B40FCF9214615F0CEFE064600283FF4F4AEE0
S31508014B5003795A0706D463794279C3F3410363F3A8
S31508014B60420242713146204616F0DEFC18B1304643
S31508014B70F2F730FBE0E62A4631465948F3F772FE6A
S31508014B800028F4D1D8E604F1310323F001035B7858
S31508014B90022B7FF4D1AE2046F2F70CFA18B129465A
S31508014BA020461FF0A1FB06A8F2F70DFA4FF2BF0344
S31508014BB02220ADF83A301AF0D9F9064600283FF412
S31508014BC0BBAE03795B0706D463794279C3F3410324
S31508014BD063F342024271212120460DF10E02F4F7D8
S31508014BE06BFAB0B13146204616F09EFC0028BED1BC
S31508014BF03C4B0422304604A90493F2F78FFD0028A2
S31508014C007FF49AAE06A905F1100019F088F806AAEC
S31508014C10B2E721213046BDF80E20F4F7E6FA00285E
S31508014C20E0D0A4E72046F2F7DAF900283FF484AE8B
S31508014C3002232046A18906AAF2F715FC0646002892
S31508014C407FF47AAE9DF81830122B7FF475AEA789DA
S31508014C50DFF898800237BFB2A8F15809A8F59A7A01
S31508014C609DF81930F1B28B427FF6F7AE394489B215
S31508014C700123204604AAF2F7F6FB014600287FF431
S31508014C805BAE9DF81030222B09D0242B0BD0092BB3
S31508014C9003D18822504629F0D4F90136E0E7404687
S31508014CA00AF072F9F9E7D9F84434002BF5D0D9F8A6
S31508014CB048049847F1E72046F2F791F900283FF4AE
S31508014CC03BAE094BD3F85064002E3FF4C6AE2A46D4
S31508014CD021460020D3F85434B047BEE6002704081D
S31508014CE00038002020028000F03F002048400020C4
S31508014CF00348044B834202D0034B03B1184770475C
S31508014D00F0650020F065002000000000064B074909
S31508014D10C91A891048BF0131491003D0044B0BB198
S31508014D2001481847704700BFF0650020F06500206C
S31508014D300000000010B5064C237843B9FFF7D8FFE9
S31508014D40044B13B10448AFF300800123237010BD4F
S31508014D50266300200000000024B0040808B5054BAE
S31508014D601BB105490548AFF30080BDE80840FFF7C8
S31508014D70CDBF00BF00000000C859002024B00408B8
S31508014D80A3F5803A704700BF174B002B08BF134B9A
S31508014D909D46FFF7F5FF00218B460F461348144A37
S31508014DA0121A29F04EF90E4B002B00D098470D4BDD
S31508014DB0002B00D098470020002104000D000D4863
S31508014DC0002802D00C48AFF3008020F05BFE2000DB
S31508014DD0290017F03DFA20F043FE00BF0000080045
S31508014DE00000000000000000081800200818002034
S31508014DF0606300200000000000000000014B1868F5
S31508014E00704700BF081800204FF0FF30704710B5F3
S31508014E10044600B9FEE7037F1BB14369984700239F
S31508014E20237710BD014B5B69184700BF081800209E
S31508014E3010B5EFF31184302383F311880348FFF784
S31508014E40E6FF84F31188BFF36F8F10BD0C1800209D
S31508014E50014B9B6B184700BF0818002010B5EFF3EC
S31508014E601184302383F311880348FFF7D0FF84F3B5
S31508014E701188BFF36F8F10BD30180020F8B5EFF316
S31508014E801187302383F31188194D1A4E2AF0DCFC59
S31508014E90A869F46C2B6CDB0703D52AF0D5FCA86945
S31508014EA0013487F31188BFF36F8F134B8342134B7A
S31508014EB0A3411CD3326DD2B14FF47A73A0FB03011F
S31508014EC003FB0411531E13420DD1B2FA82F2C2F149
S31508014ED01F04531CD243E04001FA03F3184321FA95
S31508014EE002F21043F8BD002328F0BAFEFAE7FEE7FE
S31508014EF000800A5008180020EFA7C64B37894100E1
S31508014F0007B50A4600B9FEE7037F03B1FEE7074B7B
S31508014F1001900093416801234FF0FF3029F0C8FB47
S31508014F2000B1FEE703B05DF804FB00BF3B070408C8
S31508014F304FF0FF3029F08ABD00B9FEE741684FF00E
S31508014F40FF3029F0C5BB1FB500230C4601A98DF812
S31508014F500C30F5F7E7F9024638B99DF80C30012B04
S31508014F6006D0022B09D003B92072104604B010BD31
S31508014F702372BDF804302380F7E7237201AB03CB14
S31508014F8020606160F1E708B5FF220021024829F097
S31508014F9058F8002008BD00BF5C18002008B5034A70
S31508014FA003490830F1F74CFD002008BD2008040824
S31508014FB00C15040808B550F8083F044903F50053D1
S31508014FC0B3F85C20F1F73CFD002008BDB8130408CE
S31508014FD008B503490830F1F733FD002008BD00BFC5
S31508014FE026080408B1F85A200149F1F729BD00BF7E
S31508014FF0C5090408B1F85C200149F1F721BD00BFD4
S31508015000C50904084A6F0149F1F71ABD8E0F04084C
S315080150104A6D0149F1F714BD5809040801F1300236
S315080150200149F1F70DBD00BF0C150408B1F8582068
S315080150300149F1F705BD00BF0111040808B5024988
S31508015040F1F7FEFC232008BD2C08040808B502491F
S31508015050F1F7F6FC232008BD840804080B7870B51F
S31508015060DE0705460C4603D54A681149F1F7E8FCFF
S315080150702378990705D528460E4B227A0E49F1F76A
S31508015080DFFC23785A0705D528460A4B627A0B496D
S31508015090F1F7D6FC23781B0708D5284694F90A2088
S315080150A0044B0749BDE87040F1F7CABC70BD00BFA3
S315080150B0DA080408F81E0408000904080E09040899
S315080150C02409040810B50C684CB90368054903F5A9
S315080150D0005393F83823F1F7B3FC204610BD072097
S315080150E0FCE700BFC509040838B50D687DB900F1AC
S315080150F0080420460749F1F7DDFB20460649F1F782
S31508015100D9FB20460549F1F79BFC284638BD2320E3
S31508015110FCE700BF0B13040839090408100D04083D
S3150801512038B50C46B1F86E2026490546F1F7C2FB9B
S3150801513094F87030D80703D528462349F1F7BAFB06
S3150801514094F87030990703D528462049F1F7B2FB40
S3150801515094F870305A0703D528461D49F1F7AAFB7A
S3150801516094F870301B0703D528461A49F1F7A2FBB4
S3150801517094F87030D80603D528461749F1F79AFBF3
S3150801518094F87030990603D528461449F1F792FB2D
S3150801519094F870305A0603D528461149F1F78AFB67
S315080151A094F87130DB0703D528460E49F1F782FBDF
S315080151B094F871202846BDE838400B49C2F34202EB
S315080151C0F1F73EBCC50D0408F1310408923704080D
S315080151D09C370408390C0408AD2C0408FB13040891
S315080151E0F61E04083E090408C409040810B5044655
S315080151F0086838B9084A094904F10800F1F720FC9A
S31508015200002010BD06491EF0B6FE18B140F225224F
S315080152100449F1E72320F4E7151F04080C150408CF
S3150801522040090408C509040838B50C460546084965
S3150801523020681EF0A0FE48B164683CB905F1080073
S3150801524001220449F1F7FCFB204638BD0720FCE79B
S3150801525044090408570A04080C2070470B6810B55E
S3150801526004464BB903680C4903F5005393F83A24ED
S31508015270F1F7E6FB002010BD184608491EF07BFE33
S3150801528038B1236803F5005393F8382383F83A2491
S31508015290F0E70720EFE700BFC5090408E617040889
S315080152A02DE9F8438568044605F5005595F8590032
S315080152B01EF0AFFE48B3164B083493F83B7395F8C6
S315080152C07C9085F87D7093F83A632046AA6F114958
S315080152D085F87E6095F87F80F1F7B2FB4A4620464D
S315080152E00D49F1F7ADFB3A4620460C49F1F7A8FB03
S315080152F0324620460A49F1F7A3FB204642460949A8
S31508015300F1F79EFB0020BDE8F8831020FBE700BFFC
S31508015310F03F00204A0904085C09040871090408D9
S315080153206A0904088209040870B50B68054688B03D
S315080153305BBB846804F5005494F859001EF069FEB5
S31508015340014648B11248F3F76AFF4FF47A7200230F
S3150801535028F086FCE16E411A00244FF4A8134FF495
S315080153607A706A46A1FB000102AE019323460096B4
S315080153708DF80840F3F761FF05F108003246054943
S31508015380F1F75EFB204608B070BD0720FBE700BFBA
S31508015390042000200C1504080B682DE9F041054688
S315080153A0A3BB00F18C0420461949F1F783FA4FF69D
S315080153B0FE72D5F88C3003F50053B3F8585495426C
S315080153C006D120461349F1F73BFB0020BDE8F081E1
S315080153D093F860842046B3F85A74D3F85C64F1F7FD
S315080153E076FA2A4620460C49F1F72AFB4246204618
S315080153F00A49F1F725FB3A4620460949F1F720FB08
S31508015400324620460749F1F71BFBDEE72320DDE795
S3150801541097090408A4090408AA090408BB09040889
S31508015420C8090408DA0904080B68181D0860186811
S3150801543002F141011EF0B4BF2DE9F04104460868A6
S3150801544096B0002877D12C2654F8085F01464222E7
S315080154500DF1160028F0F5FD05F58052B2F8603613
S3150801546005F5FE50F31AADF81230B2F8623606A900
S315080154700C30ADF81430ADF81060F2F7D1FB05F534
S31508015480FF5008A9F2F785FB05F5B3500AA91430B0
S31508015490F2F7C6FB05F503500EA90430F2F779FBBE
S315080154A005F5C05010A91430F2F773FB05F5C15084
S315080154B002A91C30F2F76DFBBDF84030BDF8082093
S315080154C020461344ADF84030BDF80A20BDF84230F5
S315080154D020491344ADF84230039A119B1E4D1344DB
S315080154E032461193F1F7ACFA2046BDF812201B4952
S315080154F0F1F7A6FA2046BDF814201949F1F7A0FAE2
S315080155000926DFF8648004AF013E05F1080503D1D9
S31508015510002016B0BDE8F08155F8083C2046FA1877
S3150801552051680191528841460092FB5A55F8042C5C
S31508015530F1F786FAE8E70B491EF01DFD38B1A368B5
S3150801554003F58053B3F86026A3F86226E0E707203F
S31508015550DFE700BFED0904085C1F0408F709040822
S31508015560000A0408E61704080D0A0408034607B5E5
S31508015570086858B90B4A0C4992F9002003F108004A
S31508015580F1F75EFA002003B05DF804FB0DF107019F
S315080155901EF02EFF0028F6D19DF80720014B1A7040
S315080155A0F0E700BFDA6500201B0A040813B508688E
S315080155B00C4680B109491EF0DEFC50B1606850B155
S315080155C00DF107011EF014FF002808BF0C2002B0D8
S315080155D010BD0720FBE70C20F9E700BF220A0408E3
S315080155E030B50446086889B0C0B94FF4C01254F8FA
S315080155F0083F02AD8DF8080003F1140001920095E9
S31508015600F3F70DFE6A460123F3F717FE2A462046ED
S315080156100B49F1F715FA002009B030BD09491EF00A
S31508015620AAFC50B154F8080F1430F3F7F8FD0246F6
S315080156300B462046F1F76AF9EDE70720ECE700BFCC
S315080156400C15040886110408D1E90023F1F75EB99F
S31508015650D1E90423F1F75AB970B515460E46137800
S3150801566000F1080420460B4A03F00103F1F7D7FAC3
S315080156702B7831462046084AC3F34003F1F7CFFA9F
S315080156802B7831462046BDE87040044AC3F38003AF
S31508015690F1F7C5BA2A0A04083B0A04084A0A0408A3
S315080156A00B4610B50C49044618681EF064FC024600
S315080156B0A36803F5075034302AB1BDE8104000222B
S315080156C0114609F08DBD2246044909F089FD0028D5
S315080156D008BF242010BD00BF5A0A040801AE0108FC
S315080156E073B50E6804460D4630461C491EF043FC48
S315080156F060B1204650F8083F194903F58053B3F8BD
S31508015700842EF1F79DF9002002B070BD3046154987
S315080157101EF031FCF0B1144968681EF02CFCD8B1B2
S31508015720A86878B10DF107011EF082FE0028EBD1B9
S31508015730EB688BB9A3689DF8072003F5805383F8B6
S31508015740602EE1E754F8080FF0F7B4FD0749024661
S315080157502046D6E72320D7E70720D5E7600A0408BD
S31508015760011104086D0A0408750A0408C509040824
S3150801577073B50C4606460DF10701206815461EF05D
S3150801578057FE28B963682BB99DF807103068A847F2
S3150801579002B070BD0720FBE7F8B50F6805460E464F
S315080157A0384610491EF0E7FB05F1080430B10E4AE8
S315080157B00E492046F1F744F90020F8BD38460C4950
S315080157C01EF0D9FB0028F2D12FB131462046BDE89B
S315080157D0F840084ACCE7A868F0F767FD064902468B
S315080157E0E7E700BF7C0A040800F8FF07C7100408AA
S315080157F0860A04082DAC0008C50904082DE9FF41ED
S315080158000C680D4600F184062CB120461A491EF093
S31508015810B2FB90B10024DFF86C80184F58F82420A9
S31508015820394630460334F1F70BF9152CF6D12B68B6
S3150801583003BB232004B0BDE8F081114B0722009376
S315080158400C2310490DEB03000394F1F7D9FB03462A
S315080158500028EED082685B68511006EB6200D20719
S3150801586048BF725805F1040148BFD35804B0BDE8D2
S31508015870F04118470020DDE7900A04080C150408D2
S31508015880A18001089C1F04082DE9FF410C680D46FB
S3150801589000F1A0062CB120461A491EF06CFB90B106
S315080158A00024DFF86C80184F58F824203946304612
S315080158B00334F1F7C5F80F2CF6D12B6803BB232067
S315080158C004B0BDE8F081114B052200930C23104961
S315080158D00DEB03000394F1F793FB03460028EED082
S315080158E082685B68511006EB6200D20748BF72589E
S315080158F005F1040148BFD35804B0BDE8F041184783
S315080159000020DDE7900A04080C150408A98001089F
S31508015910F01F04082DE9FF410C680D4600F1380611
S315080159202CB120461A491EF026FB90B10024DFF857
S315080159306C80184F58F82420394630460334F1F75D
S315080159407FF80C2CF6D12B6803BB232004B0BDE8E5
S31508015950F081114B042200930C2310490DEB03002F
S315080159600394F1F74DFB03460028EED082685B6885
S31508015970511006EB6200D20748BF725805F10401BF
S3150801598048BFD35804B0BDE8F04118470020DDE709
S31508015990900A04080C150408B18001082C20040893
S315080159A02DE9FF41054608680E46224938B905F131
S315080159B00800F1F745F8002004B0BDE8F0811EF0B3
S315080159C0DAFAB8B1746894352CB120461A491EF032
S315080159D0D2FA88B10024DFF86C80184F58F82420D1
S315080159E0394628460334F1F72BF8212CF6D173688A
S315080159F0002BE0D12320DFE7114B0B2200930C2368
S31508015A0010490DEB03000394F1F7FAFA034600284F
S31508015A10F0D082685B68511005EB6200D20748BF77
S31508015A206A5806F1080148BFD35804B0BDE8F041E9
S31508015A30184700BF950A0408900A04080C150408BB
S31508015A40D96500085C2004082DE9FF410C680D465C
S31508015A5000F140062CB120461A491EF08CFA90B185
S31508015A600024DFF86C80184F58F824203946304650
S31508015A700334F0F7E5FF122CF6D12B6803BB23207C
S31508015A8004B0BDE8F081114B062200930C2310499E
S31508015A900DEB03000394F1F7B3FA03460028EED0A1
S31508015AA082685B68511006EB6200D20748BF7258DC
S31508015AB005F1040148BFD35804B0BDE8F0411847C1
S31508015AC00020DDE7900A04080C150408E1650008C2
S31508015AD0E02004082DE9F0430B68A3B00293384B84
S31508015AE0054600930E460C233C22364902A8F1F7D7
S31508015AF087FA044678B182686368511005EB62003B
S31508015B00D20748BF6A5806F1040148BFD35823B0E3
S31508015B10BDE8F043184737682B4938461EF02BFA7B
S31508015B2040BB044695F81490E3B2994546D92B69CA
S31508015B30384653F8341003EBC4081EF01CFA013436
S31508015B400028F1D00021CBB29A0056F82330013152
S31508015B506BBBD8F80440A869DAB256F82220194670
S31508015B600133002AF8D1013903AAC9B2A04723B0E3
S31508015B70BDE8F083DFF84C80144F05F1080658F8A4
S31508015B802420394630460334F0F75AFFB42CF6D1AF
S31508015B9000240E4F2A7DE3B29A420DD92A69394665
S31508015BA0304652F83320F0F74BFF0134F2E78832DA
S31508015BB06A4442F8803CC6E70020D8E72320D6E7A6
S31508015BC08980010828210408900A04080C1504088C
S31508015BD02DE9F0470D68044675B9A368083003F541
S31508015BE0805393F80C382BB17949F0F729FF002037
S31508015BF0BDE8F0877749F8E7284675491EF0BBF9ED
S31508015C0060B1A06800F5805393F80C38002BEED1EB
S31508015C1000F5B9501430F8F70AFAE8E728466D494D
S31508015C201EF0A9F9002800F0BE80A56805F5805682
S31508015C3096F80C38002BDAD0DFF8D48108F6381735
S31508015C40D8F87449002C67D1634808F0A3FAB8F864
S31508015C507C3888F8D94983B1604808F09BFA01462F
S31508015C6058B95F48F2F7A7FC5E48F1F789FF5E4825
S31508015C70F2F757FC5D48F2F754FC5D48002109F03C
S31508015C8087FF5C4808F086FA10B95B4818F008FCEB
S31508015C9005F5B95705F5BA54D6F834171437083443
S31508015CA000293FD105F5BD59D6F8384709F10C0940
S31508015CB0002C45D12346D6F83857504A002D4ED1E7
S31508015CC0D6F838574E4B002D51D100244D4D86F844
S31508015CD00C482B7A9B071AD518F03CFD204618F07C
S31508015CE0B8F805F5307008F037FBA5F13406D8F891
S31508015CF0CC4F002C4FD14448F1F742FF2B7A20466E
S31508015D0064F341032B72C8F8EC4F18F0DBFC4FF033
S31508015D10807018F01FFC6AE70B2221463846F5F712
S31508015D20EBFF8DE7A142D1F8149007D305F5BD53D2
S31508015D300833994202D2384609F0AAFC4946AFE728
S31508015D404C45D4F810A008D305F5C0530C339C4232
S31508015D5003D22146384609F05EFC5446A8E7954227
S31508015D6027D02B462D69A9E7C3F8109027E09D4255
S31508015D701BD02C462D69A6E754B9C6F838472A46DA
S31508015D800021384618F026FC2D69002DF7D19CE72D
S31508015D9000232361F3E730462146F1F715FF204634
S31508015DA0F1F718FAA3E7072022E7184B9C42E3D13B
S31508015DB0FEE7DFF84C90002BD6D1C6F838972A466D
S31508015DC00021384618F006FC2D694D45F7D177E7CD
S31508015DD09C0A04089F0A04082C3900205C38002014
S31508015DE0003800202C3800203438002010380020D4
S31508015DF048400020C840002040420020F8230408FB
S31508015E000C240408F03F0020D03F00202024040879
S31508015E10F02F0020024A096808301EF0D0BA00BFE8
S31508015E200962000870B505460E4614460C49F0F796
S31508015E3041FD31462846F0F7B3FD042C0AD8094B33
S31508015E4003EB8403D3F83C252846BDE87040064990
S31508015E50F0F7F6BD054A064BFE2C18BF1A46F3E7BE
S31508015E60BE0A0408F81E0408EF0A0408B20A040860
S31508015E70A40A040830B50B6885B015461A1D0A60D0
S31508015E80186869461EF0ACFA044628B96B4603CB76
S31508015E90C5F84900C5F84D10204605B030BD37B5DF
S31508015EA00D460446428A0A490832284692B2F0F754
S31508015EB001FD21462846F0F759FD238A2846009315
S31508015EC0A37DA28A0349F0F7BBFD03B030BD00BF2D
S31508015ED0FA0A0408090B04082DE9F0470D46044699
S31508015EE0734928688AB01EF046F8074600B104359A
S31508015EF02E687EBBA3686F4E03F58053D3F83457DB
S31508015F00DFF8C881A6F5AA690DB9002640E004F1B3
S31508015F10080A29465046F0F729FDB7B16B7CA97CDA
S31508015F20032B98BF09EB8303C1F3400198BFD3F84C
S31508015F3058252B7C0191A97C88BF324601F00101C5
S31508015F40009150464146F0F7B5FC5046F0F7BFFCC4
S31508015F506D69D9E7304658491EF00DF800286AD010
S31508015F60686804A91EF03CFA064688B9089BA46825
S31508015F709B0C9B0443F4403343F4507308939DF8F8
S31508015F80103004F5B958FF2B08F1140804D1072677
S31508015F9030460AB0BDE8F087404604AA03A909F0CD
S31508015FA065FBE8B104F5BA5308339842EFD304F513
S31508015FB0BD540834A042EAD2402303749DF8213027
S31508015FC043749DF82220837C62F3000383749DF851
S31508015FD02230827CC3F3400363F341028274D7E71C
S31508015FE048F2FE02BDF8103023F47C539BB293426B
S31508015FF0CDD004F58054D4F84477D7B1BC467B6933
S3150801600004ADC4F844370FCDACE80F0095E803009A
S315080160108CE803007B8A3A4623F460737B82D4F8C2
S31508016020343701217B614046C4F8347707F01DFDFA
S31508016030AEE70326ACE7304620491DF09CFF78B150
S31508016040686804A91EF0CCF906460028A0D1A06804
S3150801605004A900F5B950143009F01AFB064697E76A
S31508016060304617491DF087FF40B1204650F8081FF2
S3150801607001F509511031F0F793FC46E7304611490D
S315080160801DF079FF28B1204650F8081F01F50A517D
S31508016090F1E730460C491DF06EFF30B1204650F845
S315080160A0081F01F509512831E5E7232670E700BFE6
S315080160B0941A040848240408520B0408730C0408AB
S315080160C0560B0408600B0408650B0408290B040821
S315080160D0F0B50446144B00F108051A1D022128469D
S315080160E08DB0F0F7B9FDA368104E03F58053D3F8C8
S315080160F0A0460F4F14B920460DB0F0BD204669469B
S3150801610017F0D5FD6A4631462846F0F7D3FB04F168
S315080161101200694617F0CBFD6A4639462846F0F75C
S315080161208FFC246BE6E700BF602404086B0B0408A8
S31508016130740B040807B50B682032181D1B68086024
S31508016140019310230DF10201ADF8023001A80023D5
S31508016150F8F75EF803B05DF804FB07B50B685E3225
S31508016160181D1B680860019310230DF10201ADF893
S31508016170023001A80023F8F74BF803B05DF804FBD9
S315080161800822F0F7BBBB37B50C68054654B9684613
S3150801619017F0B8FE05F108006946FFF7F1FF20463A
S315080161A003B030BD0720FBE737B50C6805464CB987
S315080161B050F8081F01F5F4510631FFF7E1FF2046B3
S315080161C003B030BD204669461EF0EAF804460028A9
S315080161D0F5D1AD6805F5005393F859405CB905F555
S315080161E0F35069461C30F4F7E3F805F50150183009
S315080161F008F080FFE3E70D24E1E737B50C680546AB
S315080162004CB950F8081F01F5ED510831FFF7B8FFF1
S31508016210204603B030BD204669461EF0C1F8044643
S315080162200028F5D1AD6805F5005393F8594084B9AE
S3150801623005F5ED5069460830F4F7B0FE05F5EA5064
S315080162400430F4F7BDFC05F5EB501030F4F7B8FC53
S31508016250DEE70D24DCE7413192E770B50E461C46B0
S315080162601546084902461846F0F724FB31462046EA
S31508016270FFF786FF2DB129462046BDE87040FEF797
S31508016280EDBE70BD7E0B040810222031F0F736BB37
S3150801629010225E31F0F732BB10B50C683CB90549DE
S315080162A091F852215431F0F729FB204610BD0720F9
S315080162B0FCE700BF0818002010B50B68044686B035
S315080162C07BB954F8080F02A900F5EE5018300AF008
S315080162D0DFF91022204602A9F0F710FB002006B0CC
S315080162E010BD0193102302AAADF802300DF1020187
S315080162F0002301A8F7F78CFF0028F0D1A46804F55C
S31508016300005393F8593083B904F5EE5002A91830B1
S315080163100AF0D9F904F5EA500430F4F751FC04F50A
S31508016320EB501030F4F74CFCD8E70D20D7E7F7B55A
S315080163300C6805460E461F464CB120460DF106016E
S315080163401EF065F8044650B1204603B0F0BD00685A
S315080163509047074902462846F0F772FBF4E7736847
S3150801636023B9BDF806102868B847EDE70724EBE717
S31508016370C50904082DE9F0410F6804460D4638465B
S315080163801A491DF0F8FD38B1194B1A4A291D04F1AD
S315080163900800BDE8F041CAE7384617491DF0EBFD8C
S315080163A0064610B1154B164AF0E7384615491DF051
S315080163B0E2FDC0B1686860B9204650F8083F124945
S315080163C003F50053B3F8CC24F0F73AFB0020BDE8F7
S315080163D0F0810E491DF0CFFD28B1A36803F50053DE
S315080163E0A3F8CC64F2E70720F1E700BFDC0B040849
S315080163F0BD660008FF610008A71B0408956600082A
S31508016400F5610008E90B0408C5090408E61704083C
S3150801641073B50C4606460DF10601206815461DF0B2
S31508016420F6FF28B963682BB9BDF806103068A84786
S3150801643002B070BD0720FBE710B50C6803460830AB
S315080164401CB1BDE81040064AE2E79B68054903F519
S315080164508053B3F8502EF0F7F3FA204610BD00BF6B
S3150801646065AC0008011104082DE9F041D1F8008056
S3150801647004460D46404621491DF07DFD074630B1CB
S315080164801F4A291D04F10800BDE8F041C0E740464E
S315080164901C491DF070FD064670B11B4968681DF060
S315080164A06AFD38B1A36803F5805383F8D67D0020C9
S315080164B0BDE8F081154AE4E7404615491DF05BFD44
S315080164C0C8B154F8085FDFF84C8005F5805393F896
S315080164D0D67D05F5EE551035F3B29F4203D8204611
S315080164E0F0F7F5F9E3E74146204635F8022FF0F7CC
S315080164F0E1F90136F0E72320DAE700BF520B040879
S3150801650013620008F50B0408FC0B0408576200081F
S31508016510000C0408C50D04080B68181D08601868E6
S3150801652002F15A011DF073BF0B68181D086018683F
S3150801653002F15C011DF06BBF0B68181D0860186835
S3150801654002F158011DF063BF0023F7B50C680193EA
S315080165500E46206801A917461DF059FF054658BB86
S315080165606168231D3360D1B1013911F8013FD3B9EF
S31508016570A06804F10803336088B10DF103011DF029
S3150801658057FF00286ED19DF803200C34072A346082
S3150801659011D89DF8073062F343038DF80730019847
S315080165A0C7F86E0008E0722B05D8622B07D8432B73
S315080165B042D0522B4FD00725284603B0F0BD633B86
S315080165C00F2BF8D801A252F823F000BF2F66010855
S315080165D0B765010843660108B7650108B76501088B
S315080165E0B7650108B7650108B7650108B765010808
S315080165F0B7650108B76501081B6601080D6601083C
S315080166004D660108B7650108256601089DF806303B
S3150801661043F001038DF80630A7E79DF8063043F0ED
S315080166200203F7E79DF8063043F00403F2E79DF805
S31508016630063043F00803EDE79DF8063043F01003F2
S31508016640E8E79DF8063043F02003E3E79DF80630B6
S3150801665043F04003DEE79DF8073043F001038DF868
S31508016660073082E70546A7E7F0B50E6805460C46EA
S3150801667093B0304682491DF07EFC78B1D5F8AC401E
S3150801668004F517501C3004F50054F1F74AFFB4F825
S31508016690D8350133A4F8D8350020D0E030467949F9
S315080166A01DF069FC064600B1043400213C2203A80A
S315080166B027F0C7FC744920681DF05DFC90B160683D
S315080166C003A91DF08DFE002840F0B980D5F8AC006D
S315080166D003A900F5B950143009F005F808B90720DF
S315080166E0ADE00834694920681DF045FC18B101235D
S315080166F004348DF844302146D5F8AC000DF1070372
S3150801670007AAF0F724FB002840F099809DF8073086
S3150801671005F1AC073BB138465D49F0F7CBF8384689
S3150801672007A9F0F73DF96068002840F08280A06863
S31508016730002840F08680E068002840F08A802069B9
S31508016740002840F08D80606950B102A91DF042FA17
S31508016750002874D1029BB3F5803FC0D2ADF8403012
S31508016760A369002BBBD14B4B0B934B4BCDE90C3794
S31508016770D5F8AC7007F5165E07F50057D7F8E42586
S315080167800EF10C0E0EF150039A4277D107F28C5C8A
S3150801679003AC0FCCACE80F000FCCACE80F000FCC64
S315080167A0ACE80F0094E807008CE80700B7F8B8359D
S315080167B013B90823A7F8B835B7F8BA3513B90123B9
S315080167C0A7F8BA35D7F8BC351BB94FF47A73C7F8A9
S315080167D0BC35B7F8C0351BB940F6B833A7F8C0358C
S315080167E0D7F8BC35002BFFF67AAF0023C7F8C835B2
S315080167F0C7F8CC354FF6FF73C7F8D03597F89C35EF
S315080168007046A3F1FF025342534187F8D435B7F8CE
S31508016810D8350133A7F8D835FBF758FB95F8B430C6
S3150801682066F3000385F8B430002E7FF435AF2420D3
S3150801683005E00EA91DF0EBFD00283FF478AF13B073
S31508016840F0BD0DF13A011DF0E2FD00283FF473AFEA
S31508016850F5E70FA91DF0BEF900283FF470AFEEE782
S315080168600DF142011DF0E4FD0028E8D19DF8423002
S31508016870B3FA83F35B098DF8433064E70520DEE755
S31508016880040C04085A0A0408090C04080C0C040828
S315080168900F0C04089F5E0108098C010810B50C68E5
S315080168A00B4634B1BDE8104000F108011846F0F76F
S315080168B027BA017AF0F796F9204610BD0B68F7B5A5
S315080168C00446084693B9A36804F1080003F5805302
S315080168D093F8483E1C07C3F3C00144BF264B93F8FF
S315080168E05311F0F77FF9002003B0F0BD0DF1070150
S315080168F0F0F706FA0028F7D19DF8075035B9A368CD
S3150801690003F58053C3F89C5EC3F8A05EA76807F534
S31508016910805696F80C386BBB96F8483E294665F3BF
S31508016920C30386F8483E144BD3F8540183F85351F0
S3150801693028F030F900B1FEE796F8483E07F5F2501F
S315080169405907C3F3800258BFC3F3C00296F88E3EB7
S31508016950083062F3000386F88E3EF2F7E6FF002D53
S31508016960C1D0A368054A03F58053C3F89C2EC3F822
S31508016970A04EB8E70D20B7E708180020816901087D
S315080169802DE9F04F036899B0029383886C48ADF8F6
S315080169900C306C4B02F10806002918BF0346049314
S315080169A000233046ADF85E30EFF791FF664F4FF49E
S315080169B092034FF6FE7100220193BDF85E300DF188
S315080169C014098B42CDF800908DF8142068D04FF643
S315080169D0FF718B4200F0B08073B34FF6FD718B42A5
S315080169E06BD04FF6EF75BDF85E406846AC428CBF7A
S315080169F001251125A2465549F1F75FFB631E04F1EE
S31508016A0010081D44DFF84CB11FFA88F8ADB2AA4543
S31508016A1056D168464E49F1F750FBAC426DD16846EE
S31508016A204C49F1F74AFBBDF80C30ADF85E80434599
S31508016A3021D84FF6FE731CE03E210498F1F766F95A
S31508016A4000F10A04A4B2C4F1480404EBD4754FEA70
S31508016A506508C5F34F05A5B96846BDF80C30049A13
S31508016A603D49F1F72AFBA4EB0804A4B28CB94FF609
S31508016A70FD73ADF85E304A4630463849EFF7E0FF18
S31508016A8095E73D2239466846013DF1F716FBADB259
S31508016A90E1E73D2239466846F1F70FFB013CE4E799
S31508016AA04824013C2D2239466846A4B2F1F705FB74
S31508016AB0002CF6D14FF6FF73DBE7ADF85E2090E7C1
S31508016AC0BDF80C20524513D9029A684612F80A20D5
S31508016AD02349F1F7F2FA0AF00702072A03D15946C0
S31508016AE06846F1F7EAFA0AF101031FFA83FA8EE713
S31508016AF068461C49F1F7E1FAEDE7BDF80C30A34207
S31508016B0014D9029B13F804A0BAF17E0F11D8504686
S31508016B101FF0D4FB002808BF4FF02E0A524639460B
S31508016B2068460134F1F7C9FAA4B276E74FF0200AAC
S31508016B30F4E74FF02E0AF1E719B0BDE8F08F00BF70
S31508016B40320C0408350C0408380C0408E814040847
S31508016B50510C0408E71404083B0C04080C15040836
S31508016B60490C04084F0C0408086808B538B127F021
S31508016B7013FD80B2022814BF07200C2008BD0C2083
S31508016B80FCE70023F0B50C6885B005460F4620469C
S31508016B902649ADF80E301DF0EEF90646A0B9E4B95E
S31508016BA0234B05F1080003F108020521F0F754F813
S31508016BB0A868214600F5F2501E4BBDF80E20009537
S31508016BC00830F2F726FF28E0786860B30DF10E0168
S31508016BD01DF01DFC28BBBC682CB320460DF10D0128
S31508016BE01DF026FCE8B99DF80D301F2B18D8012495
S31508016BF09C40002ED4D0104B02211A1D05F1080025
S31508016C00F0F72AF8A868214600F5F2500B4BBDF8B3
S31508016C100E2000950830F2F7D6FE10B9242000E0C0
S31508016C20072005B0F0BD0024E5E700BF530C0408B2
S31508016C30782404081DAE01086C240408B9AE0108BD
S31508016C4038B50D68044695B9A3681C4903F5005380
S31508016C5093F859200830042A97BF194B194A03EBB0
S31508016C608203D3F89C25EFF7EBFE002038BD2846B2
S31508016C7015491DF080F938B1A068BDE8384000F51E
S31508016C800150183008F0E0BF284610491DF073F985
S31508016C9070B1A06800F5005393F8592052B193F8E2
S31508016CA0791149B900F50550383008F099FBDCE748
S31508016CB00720DBE70D20D9E70520D7E70C150408DF
S31508016CC0F81E04085A0C0408620C04086B0C040824
S31508016CD038B50D680446154928461DF04CF940B1EA
S31508016CE0A0680021BDE8384000F50150183009F0C8
S31508016CF021BE28460E491DF03EF940B1A068012182
S31508016D0000F50150183008F043FF002038BD284629
S31508016D1008491DF030F930B10522074904F1080088
S31508016D20EFF78EFEF1E72320F0E700BF901B04087A
S31508016D30040C0408790C0408C509040837B50C467F
S31508016D4005460DF1030120681DF072FBC0B99DF8D7
S31508016D5003101F2916D80123AA688B4002F5805211
S31508016D60D2F8542E13420DD0606801A9F7F726FA16
S31508016D7030B9019B03F50043B3F5803F02D20C20DD
S31508016D8003B030BD0720FBE770B50E6805460C4613
S31508016D90304611491DF0EFF838B1104A616805F11E
S31508016DA00800BDE870401DF0EABA30460C491DF0EE
S31508016DB0E2F808B10B4AF1E730460B491DF0DBF85A
S31508016DC008B10A4AEAE7304609491DF0D4F808B17C
S31508016DD0084AE3E7072070BD20170408BF620008C8
S31508016DE0710C0408C9620008770C0408D16200080E
S31508016DF0810C0408D962000870B50C460968064674
S31508016E001D461DF0BCFA48B1216831B1636823B942
S31508016E102B463068BDE870401847072070BD024B05
S31508016E20024A0830E8E700BF2DB600084D6300089E
S31508016E30014B024A0830DFE7E9B500084563000857
S31508016E402DE9F0410F4604464349386892B01DF0D2
S31508016E5092F803467868DBB158B9204650F8083FDE
S31508016E603E4903F50053D3F84024EFF7E9FD002026
S31508016E7049E009A9F7F731FA002844D1BB68002B84
S31508016E8066D1A368099A03F50053C3F84024EEE7CF
S31508016E9005A91DF0A5FA002835D105463E1D56F867
S31508016EA0048FB8F1000F24D13F682D4938461DF0EB
S31508016EB062F8EEB20546002838D0A5689DF8143068
S31508016EC005F51150FF2B00F10C001FD12421CDE946
S31508016ED00188009609AB05AA18F056F898B9214B0E
S31508016EE005F50055C5F85034237FC5F85444ABB9A8
S31508016EF0FEE7232D2CD009AB591940461DF098FA07
S31508016F0001350028CBD012B0BDE8F081164B2321FC
S31508016F10CDE90063029009AB05AADDE704F120007B
S31508016F2041F28831F1F789FA2420ECE738460F490E
S31508016F301DF021F870B1A068252100F51150CDE9A1
S31508016F400155009609AB05AA0C3018F01DF88EE715
S31508016F500720D8E72320D6E7880C0408C7100408B9
S31508016F60000C040875800108D9CE0008E617040844
S31508016F7073B50C46064601A920681546F7F7ADF91B
S31508016F8048B9636833B92B460199306802B0BDE840
S31508016F9070401847072002B070BD70B50E680446E8
S31508016FA00D46304629491CF0E6FF38B132222849F8
S31508016FB004F10800EFF744FD002070BD304625496D
S31508016FC01CF0D9FF08B10C22F1E7E6B9A36804F170
S31508016FD0080503F5805393F8692E28461E49EFF7ED
S31508016FE02FFDA022A368284603F58053B3F86A3E0D
S31508016FF01A495A43EFF724FDA368284603F50053B7
S315080170009A6E1749D6E7304616491CF0B4FF38B1CF
S31508017010291D04F10800144ABDE87040FEF7A8BB13
S31508017020304612491CF0A7FF30B1114A291D04F157
S315080170300800BDE870409BE730460E491CF09BFFEF
S3150801704008B10D4AF2E70720B7E700BF0A1B040893
S31508017050C5090408171B04089D0C0408A90C040893
S31508017060B70C04089216040859A600088E180408D5
S315080170704FA700088B1704082B67000810B50C6882
S31508017080034608301CB1BDE81040064A70E79B6804
S31508017090054903F58053D3F8D82DEFF7D1FC2046DF
S315080170A010BD00BF99AC00088E0F040838B500F171
S315080170B008040D462046064A09681DF080F928B1DC
S315080170C029462046BDE83840024A51E738BD00BF87
S315080170D00B670008C19800080B68181D0860186836
S315080170E002F17401F7F7F9B80B68181D08601868FA
S315080170F002F15401F7F7F1B84931EFF759BC2DE917
S31508017100F047044615460E46136898B0029313894C
S315080171100193D38800939388574AEFF780FDEB686C
S3150801712031462046554AEFF77AFD554A31462046FB
S31508017130EFF76CFC204605F11201EFF717FC204624
S315080171406A6A5049EFF77CFC314620464E4AEFF70A
S315080171505DFC95F82E70002F40F08280AA6AAB8DEF
S3150801716020464A490592ADF81830ADF81A70EFF77E
S31508017170A1FB0122059858B945492046EFF79AFB24
S3150801718020462A6B3F4918B0BDE8F047EFF758BCCF
S31508017190BDF818100144BDF81A30C6188E42EBD254
S315080171A010F8039006F1010A0AEB090C6145E3D3CD
S315080171B001334B44ADF81A30B9F1000FEBD07378AF
S315080171C03D2BE8D000230DF11B011AF803003D28D9
S315080171D023D103F101085FFA88F660336B44A9EB02
S315080171E0060603F8447C5AFA88F8B6B21AB9204654
S315080171F02849EFF75FFB2046274907AAEFF75AFB0D
S31508017200B8F1000F1DD020462449EFF753FB32464B
S3150801721041462046EFF760FB13E0402B13D11AB91C
S3150801722020461C49EFF746FB20461849EFF742FB73
S31508017230514620464A46EFF74FFB20461449EFF7D9
S3150801724039FB002296E7013301F8010FD8B28145CF
S31508017250BBD8002660336B44B04603F8447CC5E7C7
S3150801726020460A49EFF726FBA96A2046AA8DEFF7B9
S3150801727033FB0B4981E700BFC50C0408EE0C040873
S31508017280F60C0408E50C0408030D04080B1304089E
S31508017290100D0408080D04080C1504080B0D040844
S315080172A00D0D04082DE9F04FE3B016461D460F46AD
S315080172B00390002940F0738500F108042046A5498A
S315080172C0EFF7F8FA05F110012046EFF74FFB2046D4
S315080172D0A149EFF7EFFA7589B389ED1AADB2002D19
S315080172E06ED12046EFF7F3FA05B9B5897389AB4232
S315080172F040F2558502232946304607AAF0F7B3F826
S31508017300002840F04C859DF81D30FF2B40F09D81EB
S3150801731004232946304607AAF0F7A5F8002840F0C5
S315080173203E8505F104091FFA89F96FEA0903BDF8D3
S315080173301E709BB27FBABFB29F4228BF1F4607A8DD
S31508017340ADF81890ADF81A70F1F75AFD738905EB87
S315080173500008984500F223859DF81CA0BAF12B0F69
S3150801736000F26E86DFE81AF0790188019901B80101
S31508017370C80182028B03D303F10301046C066C0670
S315080173806C066C06E004F004FF043F056C06610513
S315080173906C066C066C06710588059605A805BA057E
S315080173A0DE056C066C066C066C066C067204CC056A
S315080173B0F005000305061B06500650065006500642
S315080173C0102DA84628BF4FF01008B1894346394405
S315080173D009AA89B23046EFF7F9FFA5EB0805424637
S315080173E0204609A9B844EFF777FAADB21FFA88F72C
S315080173F075E75A4608212046EFF708FB20AB03EB51
S3150801740047095146204699F80A20EFF719FB99F8DA
S315080174100B300A212046514A03F00303EFF7FFFB1D
S3150801742099F80B300A2120464D4AC3F38103EFF739
S31508017430F6FB99F80B300A2120464A4A1B09EFF751
S31508017440EEFB01379DF88920BBB29A42D1D8A844F0
S3150801745043E020AB03EB87075A467B7A0421204693
S31508017460EFF7D4FABB7ADA070CD53F492046EFF78E
S31508017470E7FA08F101089DF888305FFA88F7BB42F8
S31508017480E7D831E7C3F3011213F0020F0092204641
S315080174900CBF52464A463549C3F38103EFF70AFA48
S315080174A0FA7A3F2A01D13249E0E720463B7B314946
S315080174B0EFF7C6FADDE74A4604212046EFF7A6FAB2
S315080174C020AB03EB051120460931EFF769FA0137BD
S315080174D09DF88830FDB2AB42EDD81FFA88F503E76F
S315080174E055F8083C4A465AF80330042100932046C9
S315080174F055F8043CEFF793FB013F05F10805EFD179
S31508017500EBE755F8083C4A463AF80330042100935C
S31508017510204655F8043CEFF782FB013F05F10805C3
S31508017520EFD10727144DDFF85490013F05F10805FF
S31508017530D3D0204655F8042C4946EFF7BBF955F840
S31508017540083C22AA13442046D3E90023EFF7DEF9C3
S31508017550EBE700BF190D040844100408400D0408A0
S31508017560530D0408650D0408830D0408970D0408D6
S31508017570C90D0408E30D0408A824040801440408F5
S315080175805A4604212046EFF741FA07F1020920ABD2
S3150801759003EB8909B9F8022020469D49C2F3C812AE
S315080175A0EFF74EFA99F8023006212046994A03F078
S315080175B01F03EFF734FB99F802300621C3F3411391
S315080175C02046954AEFF72BFB06212046934AEFF70B
S315080175D026FB52460A210398FEF73EF801370AF1BF
S315080175E0040A9DF88820BBB29A42C9D82FE78C4A6B
S315080175F002EB8303D3F8E0258A491FFA88F520466A
S31508017600EFF71EFA70E64A4604212046EFF7FEF91F
S3150801761020AB03EB051120460931EFF7C1F9013714
S315080176209DF88830FDB2AB42EDD856E77E49204633
S31508017630EFF740F9204622A9EFF7BAF954E67B4954
S31508017640F5E77B49F3E77B49F1E705F102091FFAFB
S3150801765089F96FEA0907BFB26EE60823294630465B
S3150801766022AAF1F7A4FC002840F0998372491FFA6F
S3150801767088F58DF88000F6E32946304622AAF1F707
S31508017680C5FC002840F08B830123BDF888206B498F
S315080176901FFA88F58DF88030B1E70123294630466F
S315080176A00DAAF1F784FC002840F079839DF834008F
S315080176B022A940F004001CF062FC02232046574927
S315080176C08DF88030EFF7BCF90421039822AA1FFA36
S315080176D088F5FDF7C1FF07E62946304622AAF1F7E4
S315080176E09FFC002840F05B830323229A54491FFA22
S315080176F088F58DF8803082E79DF81D30FF2B00F064
S315080177004E830C23294630460DAAEFF7ACFE002816
S3150801771040F045839DF83530092B02D8072B40F0F8
S315080177203E839DF836103E4A092B02EB91129DF8CD
S31508017730371092F8F0258DF88910BDF838108DF8B4
S315080177408820ADF88A109DF83C20BDF83A108DF8CE
S315080177508E20ADF88C1054D9BDF83D305BBAADF822
S3150801776090309DF83F3007A88DF89230F1F748FB25
S3150801777004272844334985B220468DF88070EFF7EF
S315080177805FF9394620469DF988302F4AEFF747FABF
S31508017790394620469DF889302C4AEFF740FA394692
S315080177A020469DF88A302A4AEFF739FA39462046A3
S315080177B09DF88B30274AEFF732FA394620469DF86D
S315080177C08C30254AEFF72BFA394620469DF88D303D
S315080177D0224AEFF724FA394620469DF88E30204A88
S315080177E0EFF71DFABDF890301E4A39462046EFF7E5
S315080177F016FA9DF892301C4A04212046EFF70FFA33
S3150801780072E54FF4A063ADF890300123ABE700BFF2
S315080178100E0E04081E0E04082A0E04083B0E040860
S31508017820F81E0408410E04084E0E0408640E0408E6
S315080178307E0E0408980E0408EB100408F9100408D3
S3150801784032100408B40E0408C20E0408D50E040842
S31508017850E60E0408F70E0408080F0408170F0408B3
S31508017860260F0408380F04084A0F04084A2828BFB7
S315080178704A209DF81D2083B2FF2A00F090822946EE
S3150801788030460DAAEFF7EFFD002840F088829DF8F3
S315080178903530082B40F28382844609270DF1360ECE
S315080178A0013F53D1BCF1200F00F27982093BDBB2CB
S315080178B06345C0F074823A464FF0800C0DABC2F3B3
S315080178C0C4011944C97802F007034CFA03F31942B3
S315080178D05FFA82FE15D020AB03EB400383F80AE07A
S315080178E00DAB0344D97A62AB03EB400E8B0803F068
S315080178F00C0343EA911343EA011301300EF8FD3CE8
S31508017900C0B201323F2AD9D19DF836308DF88900A7
S3150801791007A88DF88830F1F773FA0523B749804629
S3150801792020468DF88030EFF78BF8042120469DF824
S315080179308830B34AEFF773F904212046B14AEFF7C5
S315080179406EF9DFF8F0B2DFF8F0A27BE500221EF847
S31508017950011F02F1010819B962445FFA82FC9FE727
S315080179604A1E11404246F4E702232946304604AA34
S31508017970EFF779FD002840F012829DF81120FF2AC1
S3150801798000F00D829DF81030252B40F00882AB1CC3
S315080179909BB2ADF82030DB439BB2934228BF134616
S315080179A00DF13409ADF822304A460823304608A9B4
S315080179B0EFF72FFE0746002840F0F181082108A8B5
S315080179C0F0F76AF9B8464FF0800AC8F3C40219F805
S315080179D0022008F007034AFA03F31A425FFA88FB02
S315080179E031D00223304605AA08A9EFF712FE00286E
S315080179F040F0D581022108A8F0F74EF9BDF8142008
S31508017A0020AB52BA03EB8701C2F38030C2F3C0330D
S31508017A1043EA4003C2F3013043EA8003C2F38120FB
S31508017A2043EA0013887A03F03F0320F03F0003433B
S31508017A308B720137C2F3051302F00F0281F809B000
S31508017A40CB720A73FFB208F10108B8F13F0FBCD136
S31508017A5007A88DF88870F1F7D3F9252328446A49D0
S31508017A6085B220468DF880304FF00008EEF7E8FF22
S31508017A70DFF8C8B1DFF8C8A1DFF8C891FBE49DF8C3
S31508017A801D30FF2B00F08B810A23294630460DAAAB
S31508017A90EFF7E9FC002840F082819DF83530072B85
S31508017AA040F27D81DDF83600EFF73AFBBDF83A3052
S31508017AB05649ADF88C30BDF83C302290ADF88E3081
S31508017AC0062320468DF88030EEF7BAFF04212046BA
S31508017AD0229B4F4AEFF7A3F8042120469DF88C30E4
S31508017AE04C4AEFF79CF8042120469DF88D304A4A06
S31508017AF0EFF795F89DF88E30484A04212046EFF7AE
S31508017B008EF81FFA88F59DF88F30454A74E6FE2FE0
S31508017B1000F245813A46494630460DF189038DF80A
S31508017B2088701CF043FB072320463E498DF88030B8
S31508017B30EEF7C0FE20469DF888200DF189011FFA4F
S31508017B4088F5EEF7DBFEFFF7CFBB3146069A22A88A
S31508017B50F6F749FA0823204633498DF8803000277D
S31508017B60EEF76EFFDFF8CC90B2E4262329463046BD
S31508017B700DAAEFF778FC002840F011819DF8353001
S31508017B80232B40F20C81DDF83600EFF7C9FA229073
S31508017B90DDF83A00EFF7C4FA2390DDF83E00EFF777
S31508017BA0BFFA2490DDF84200EFF7BAFA2590DDF81E
S31508017BB04600EFF7B5FA2690DDF84A00EFF7B0FA76
S31508017BC02790DDF84E00EFF7ABFA2890DDF8520062
S31508017BD0EFF7A6FA2990DDF85600EFF7A1FA09237F
S31508017BE02A90124920468DF880300A27EEF728FF99
S31508017BF00F4DDFF854900DF1880A7DE46D0F0408E6
S31508017C00170F04085F0F04086A0F0408740F0408A5
S31508017C10810F04085C0904089C0F0408960F0408E0
S31508017C20AC0F0408C30F0408D9100408D20F0408BE
S31508017C30EC24040898120408300D0408730D04088E
S31508017C40160D0408120D0408FF0D040844232946DD
S31508017C5030460DAAEFF707FC002840F0A0809DF8F2
S31508017C603530412B40F29B80DDE91201BDF83630F3
S31508017C700A275BBAADF88830BDF83830D04D5BBA03
S31508017C80ADF88A30BDF83A30DFF874935BBAADF8CF
S31508017C908C30BDF83C300DF1880A5BBAADF88E30F0
S31508017CA0BDF83E305BBAADF89030BDF840305BBAEE
S31508017CB0ADF89230BDF842305BBAADF89430BDF8F4
S31508017CC044305BBAADF89630BDF846305BBAADF8CC
S31508017CD09830F6F7A8F9CDE92801DDE91401F6F798
S31508017CE0A2F9CDE92A01DDE91601F6F79CF9CDE9F4
S31508017CF02C01DDE91801F6F796F9CDE92E01DDE942
S31508017D001A01F6F790F9CDE93001DDE91C01F6F71C
S31508017D108AF92223CDE932012046AA498DF8803015
S31508017D20EEF78EFEFFF7F9BB01232946304622AA54
S31508017D30F1F73DF998BB0E239DF88820A2491FFA51
S31508017D4088F58DF880305AE42946304622AAF1F79B
S31508017D505DF920BB0F23BDF888209C491FFA88F5D9
S31508017D608DF880304BE40323B7FBF3F303EB4303AE
S31508017D70FF1A14D18DF888700DF18A08BDF81A30EA
S31508017D80002B00F061819DF888303E2B00F25C8162
S31508017D90032330460DAA06A9EFF73BFC10B163B0E1
S31508017DA0BDE8F08FBDF834209DF8360052BA1309A4
S31508017DB091B203F06003C2F3C422134343EAC11329
S31508017DC0414640F0040021F8023B1CF0D8F89DF822
S31508017DD088300321013306A88DF8883008F1040894
S31508017DE0EFF75AFFCAE7FE2F3B4628BFFE230DF1E0
S31508017DF08902494630468DF88830EFF7E7FA1123AC
S31508017E00204673498DF88030EEF754FD20460DF172
S31508017E1089019DF88820EEF75FFD20466D491FFA16
S31508017E2088F5EEF70DFEFFF75FBA2946304622AA16
S31508017E30F1F7F6F80028B2D11323229A66491FFAF8
S31508017E4088F58DF88030FFF7DABB082329463046D6
S31508017E5022AAF1F7ACF80028A1D117235F491FFA26
S31508017E6088F58DF880302046EEF724FD204622A9B4
S31508017E70FEF786F9FFF738BA2946304622AAF1F7FE
S31508017E80C5F800288BD118231FFA88F58DF880309C
S31508017E90FFF72ABA20222946304622ABF1F75AF8CB
S31508017EA000287FF47CAF19234D491FFA88F58DF810
S31508017EB0803022AAFFF7A3BB20222946304622ABEF
S31508017EC0F1F748F800287FF46AAF1A2345491FFAE3
S31508017ED088F58DF8803022AAFFF791BB1022294632
S31508017EE0304622ABF1F736F800287FF458AF1B234A
S31508017EF03D491FFA88F58DF8803022AAFFF77FBB26
S31508017F0060222946304622ABF1F724F800287FF48F
S31508017F1046AF232335491FFA88F58DF8803022AA02
S31508017F20FFF76DBB40222946304622ABF1F712F81E
S31508017F3000287FF434AF1C232D491FFA88F58DF8E4
S31508017F40803022AAFFF75BBB0023CDE90D36069BDD
S31508017F5022A90DA80F93F3F7F2F800287FF41FAFB3
S31508017F602423229A23491FFA88F58DF88030FFF7D2
S31508017F7046BB0123294630460DAAF1F718F8002811
S31508017F807FF40DAF26229DF834308DF88020032B1F
S31508017F908DF888307FF62BAB174AFFF72DBB314694
S31508017FA0069A22A8F6F71FF82723204613498DF8C3
S31508017FB080300027EEF744FDDFF84890FFF730BB25
S31508017FC034250408E00F0408EE0F0408021004081B
S31508017FD01710040826100408281004083F1004087E
S31508017FE04710040857100408681004087E1004088E
S31508017FF091100408AA10040848240408CD1004089E
S31508018000070E0408981204080823304622AA06A96E
S31508018010EFF7FFFA00287FF4C2AE8DF880A0AAF127
S31508018020290A1FFA88F5BAF1020F3FF6FFAA01A33A
S3150801803053F82AF03F760108437601084776010886
S315080180401FFA88F5FFF752B907A8F0F7D9FE1023EA
S315080180508046064920468DF88030DFF814B0EEF7E1
S31508018060EFFC0DF18C0AFFF7BCBA00BF0811040832
S315080180709812040810B40446184613460A462146BF
S315080180805DF8044BFFF70EB90968006826F02FBAA8
S315080180900968006826F02BBA0968006826F027BA2D
S315080180A00968006826F023BA0968006826F01FBA2D
S315080180B00968006826F01BBA10B514460B681A1D24
S315080180C00A6018682146F6F725F808B92081A072D2
S315080180D010BD10B514460B681A1D0A60186804F11C
S315080180E01001F6F717F808B92083A07610BD10B568
S315080180F00C680B46216849B104341C6002F1300052
S31508018100F3F75BFA182808BF002010BD0720FCE723
S315080181102DE9F047A4B00446084602A99146F3F7AB
S31508018120B1FA074600282FD0384624B0BDE8F087B3
S315080181306B6801A8019315F057FE4368064690330C
S315080181406B4413F8103C6BB1514620462A68EEF78A
S31508018150B1FBB9F1000F0AD02B7A43B120460D497C
S31508018160EEF76EFC0C35B8F10108E1D1DCE7F268EF
S31508018170B368511004EB6200D20748BF625802A9DE
S3150801818048BFD3589847EDE74FF00E08024DDFF880
S315080181900CA0E8E7151104087C2504080144040825
S315080181A030B51368E7B005460C460192BBB92648B7
S315080181B002A9F3F767FA80B9636820AAD35C5BB1B1
S315080181C0E268A368511005EB6200D20748BF6A58F6
S315080181D002A948BFD3589847002067B030BD882206
S315080181E0002102A825F02DFF6069236910F0010F0F
S315080181F04FEA600018BF2A5801A918BFD358284466
S3150801820002AA98470028E8D10121636820AA0F4CE1
S31508018210D15425A81BF062FF04F1540125A8F2F7F1
S31508018220C6FB0028D9D102A925A8F3F773F80028B7
S31508018230D3D19DF8925125A92A4604F1540026F076
S315080182401FF984F85251C7E75C1800200818002066
S31508018250F0B50E680D4685B000F1300436B93246E0
S315080182602046224905B0BDE8F04051E7304620498D
S315080182701BF081FE70B100251E4F1F4E57F82520B1
S31508018280314620460335EEF7DBFB1B2DF6D10020E0
S3150801829005B0F0BD03A8039615F0A6FD014628B161
S315080182A020462A1D05B0BDE8F04079E72B6809226A
S315080182B00393124B0F4900930C230DEB0300EEF7C2
S315080182C09FFE034678B182685B68511004EB620031
S315080182D0D20748BF625805F1040148BFD35805B013
S315080182E0BDE8F04018472320D2E700BF5C180020FC
S315080182F0900A0408182604080C1504089980010830
S3150801830070B505460068C0B000F5EB500E46103052
S315080183106946F2F737FC044698B9366836B9024613
S3150801832069462846FFF7F4FE04460AE030460B493B
S315080183301BF021FE40B1694628469DF8FE20EEF75E
S31508018340DDFA204640B070BD304605491BF013FEE4
S3150801835008B10122E4E70724F3E700BFB11A0408CC
S315080183602011040870B505460068C0B000F5EA504A
S315080183700E4604306946F2F705FC044698B9366894
S3150801838036B9024669462846FFF7C2FE04460AE0A0
S3150801839030460B491BF0EFFD40B1694628469DF86A
S315080183A0FE20EEF7ABFA204640B070BD30460549CF
S315080183B01BF0E1FD08B10122E4E70724F3E700BF5A
S315080183C0B11A04082011040870B50E6805460C4652
S315080183D0304612491BF0CFFD40B12868104900F517
S315080183E0EA500430BDE87040F2F7CCBB30460D497F
S315080183F01BF0C1FD28B12868094900F5EB5010307A
S31508018400F0E7304608491BF0B6FD28B1201D04499E
S31508018410BDE8704015F036BC072070BD5031040820
S315080184205C180020241104082C11040830B50D46E7
S31508018430C1B004466946281D15F024FC60B92D68AB
S315080184400D4928461BF097FD40B16946206800F59D
S31508018450EA500430F3F7C6FA41B030BD2846074959
S315080184601BF089FD28B12068694600F5EB501030EC
S31508018470F0E70720F0E700BF50310408241104088B
S3150801848038B50D6804460D4928461BF074FD40B100
S3150801849020680B4900F5EA500430BDE83840F3F787
S315080184A0A1BA284607491BF066FD28B12068044988
S315080184B000F5EB501030F0E7072038BD50310408BD
S315080184C05C180020241104082DE9F0430E46E5B096
S315080184D088220021054602A825F0B3FDFF220021C6
S315080184E024A825F0AEFD2D4F331D00930DF180080C
S315080184F0009B1B68ABB93468294920461BF03BFD34
S3150801850000283CD1204627491BF035FD002843D0D9
S3150801851028689DF88E3100F5EB5024AA02A910307F
S3150801852035E001A8019315F05FFC009C8146B8B1BE
S315080185304269D9F81030511005EB6200D20748BFDD
S315080185406A5804F10404009448BFD358694602AA3C
S315080185509847F0B90122D9F8043008F80320C7E78B
S31508018560394620681BF007FDB0B1201D24A90090EB
S3150801857015F088FB68B9009B04330093B8E72868AF
S315080185809DF88E3100F5EA5024AA02A9043012F0AA
S315080185906CFB65B0BDE8F0830720FAE7B11A040859
S315080185A050310408241104082DE9F04FCDB004AD6B
S315080185B00F460D2200210646284625F042FDFF22D8
S315080185C000210CA825F03DFD0024DFF8D080DFF856
S315080185D0D09007F1040BDBF800A0BAF1000F16D111
S315080185E03F682C4938461BF0C6FC00283ED0306847
S315080185F09DF82E310CB10DF1200A294600F5EA50F5
S31508018600CDF800A00CAA0430F2F7FEFB23E003A87C
S31508018610CDF80CA015F0E8FB30B10122DA46436823
S31508018620EA540AF1040BD6E7DBF800A041465046A6
S315080186301BF0A1FC40B10BF1040A50460CA915F038
S3150801864021FB0028EDD006E0494650461BF093FC75
S31508018650044618B907204DB0BDE8F08FDBF80400D1
S3150801866008A90BF1040A1BF0BBFEEAE738460A49DA
S315080186701BF081FC0028EDD030689DF82E310CB135
S315080186800DF1200A00F5EB502946CDF800A00CAAF9
S315080186901030B9E75031040824110408B11A040846
S315080186A0413404082DE9F74315460E4607462022AC
S315080186B00021286825F0C5FC33682BB92B600024F6
S315080186C0204603B0BDE8F08331462A6838680DF1C3
S315080186D00603EEF73CFB04460028F1D19DF8063067
S315080186E03BB138463249EEF7E5F838462968EEF7E0
S315080186F057F970680028E2D02F6807F110011BF0BE
S3150801870086FE04460028DBD1B0680028D7D007F1D9
S315080187101401F5F7E2FD04460028D1D1F0680028D6
S31508018720CDD007F118011BF083FE04460028C7D1F6
S3150801873030690028C3D00DF107011BF013FE04466A
S315080187400028BDD19DF80730D5F80080C3F1020392
S3150801875088F819307769002FB1D0384615491BF0CA
S315080187600AFC40B9DFF85890384659F8041B1BF043
S3150801877002FC70B1E4B288F81B40B469002C9ED0A3
S3150801878020460D491BF0F7FB40B102222B681A77E8
S3150801879095E70134062CE7D1072491E720460749D6
S315080187A01BF0E9FB0028F7D001222B68EFE700BF91
S315080187B031110408BD6F0408571104085B11040838
S315080187C0842604082DE9F0410B68044692B0002B73
S315080187D03FD105684449EEF76DF805F5CC512046B9
S315080187E005F580550831EEF7FDF82046D5F89C29A0
S315080187F03E49EEF725F9204695F8A0293C49EEF7BA
S315080188001FF93C4B95F8A1193B4A2046012908BF97
S315080188101A463A49EEF714F995F8A3292046052A86
S3150801882097BF374B374A03EB8203D3F88C27364970
S31508018830EEF706F995F8A219344A354B204601296F
S3150801884008BF1A463349EEF7FBF8002012B0BDE817
S31508018850F08102AB01AA0193FFF724FF0028F5D1A5
S315080188602668DDF8048006F5C9572B4C2B491837BD
S3150801887006F580560AA8B8F1000F1CD005F001F8D4
S315080188803523ADF8383041F65833CDE90F34012395
S3150801889041460AAA07F150008DF84430F3F76CF9FE
S315080188A0404604F0A0FE80F0010086F8A809384683
S315080188B0F3F706FAC9E704F0E4FF3523ADF83830D3
S315080188C041F65833CDE90F34012306F688158DF89C
S315080188D044300AAC0FCC0FC594E80F0085E80F00A9
S315080188E086F8A889E3E700BF68110408711104082E
S315080188F089110408120D0408160D04089B110408B1
S31508018900F81E040848240408B01104085F11040875
S3150801891062110408C0110408030101059C26040814
S315080189202DE9F0419CB004AB03930B6807460E464C
S315080189304BB303AA0431FFF7B5FE0446F8B93D68FF
S31508018940DDF80C800CA805F5C9553668F3F7F0FB78
S3150801895005F16802414610A88DF83040F3F70CF985
S315080189600A4B1835CDE90D370723224600932846C9
S3150801897033460CA9F3F7BEFA041E08BF2424204681
S315080189801CB0BDE8F0810724F9E700BFD18D0108C5
S315080189902DE9F0419CB004AB03930B6807460E46DC
S315080189A053B303AA0431FFF77DFE044600BB0CA8A6
S315080189B03D683668DDF80C80F3F7BAFB012305F547
S315080189C0C95505F16802414610A88DF83030F3F70C
S315080189D0D3F80A4B1835CDE90D37072322460093FC
S315080189E0284633460CA9F3F785FA041E08BF242442
S315080189F020461CB0BDE8F0810724F9E7D18D0108AE
S31508018A002DE9F0419CB004AB03930B6807460E466B
S31508018A1053B303AA0431FFF745FE044600BB0CA86D
S31508018A203D683668DDF80C80F3F782FB022305F50D
S31508018A30C95505F16802414610A88DF83030F3F79B
S31508018A409BF80A4B1835CDE90D37072322460093C3
S31508018A50284633460CA9F3F74DFA041E08BF242409
S31508018A6020461CB0BDE8F0810724F9E711A90108E1
S31508018A7070B58CB004AB03934B6805460C46164695
S31508018A808BB103AA0831FFF70DFE50B9039BCDE957
S31508018A900053064B2868D4E90012B047002808BFDE
S31508018AA024200CB070BD0720FBE700BF45AA0108CA
S31508018AB0004ADDE7E1C10008004AD9E7FDC100081F
S31508018AC02DE9F0460C469DB0064604AB20680DF12B
S31508018AD00A0103931BF09BFC70BBA3687BB330466A
S31508018AE003AA04F10C01FFF7DDFD28BBD4E90174E3
S31508018AF00CA83568BDF80AA0DDF80C90F3F718FB49
S31508018B00062305F5C95505F16802494610A88DF8E9
S31508018B103030ADF862A0F3F72FF80A4B1835CDE9D6
S31508018B200D3607233A460093284623460CA9F3F740
S31508018B30E1F9002808BF24201DB0BDE8F08607200A
S31508018B40FAE700BF35910108F8B507461C460E46F7
S31508018B50184615491546EDF7ADFE39462046EDF797
S31508018B601FFF76B131462046FCF778FA237ADA07F1
S31508018B7019D56FF3000323720020BDE8F84012F0FF
S31508018B806BB8042D09D8094B03EB8503D3F83C25AB
S31508018B9020460749EDF754FFE8E7064A064BFE2D3E
S31508018BA018BF1A46F4E7F8BDCE110408F81E0408E2
S31508018BB0F2110408B20A0408A40A040810B51446F6
S31508018BC00A4601462046FDF72DF9237A9A0707D565
S31508018BD06FF3410323720020BDE8104012F03CB840
S31508018BE010BD10B514460A4601462046FDF71AF986
S31508018BF0237A5A0707D56FF3820323720020BDE84B
S31508018C00104012F029B810BD73B50D460446028806
S31508018C1043881F492846EDF74DFE22889AB1237BE2
S31508018C208BB963889A420ED34FF47A71D31A4B43A0
S31508018C300A2193FBF2F3B3FBF1F2284601FB123347
S31508018C401449EDF737FE6288A2B14FF47A76606867
S31508018C500023A0FB060125F003F8B0FBF6F306FB9B
S31508018C601300628900900192284622890A499BB21B
S31508018C70EDF720FE2846EDF72AFE287A10F00100C6
S31508018C8004D102B0BDE8704011F0E6BF02B070BD74
S31508018C90121204083F120408581204082DE9F04F6D
S31508018CA040231446EBB007460D46ADF868306068B8
S31508018CB0FF232AAA1AA904F056FA002840F081804F
S31508018CC0384641492AAAEDF7F5FD002D73D1A84684
S31508018CD0AB4606AE402361681AA83381C6E900B1DE
S31508018CE0F2F7CEFE9DF868301FFA88F9012B02D0FB
S31508018CF0217F002951D0206814A900F50C50343081
S31508018D00F9F79FF9002853D196E807009DF868A05E
S31508018D1009AB83E80700A268BAF1010C18BF4FF046
S31508018D20010C002A44D01A4661462046F3F7EDFAAB
S31508018D3000283DD10E21BAF1010F0BBF228A228BE1
S31508018D40ADF81220ADF812200CBF628A628B03912E
S31508018D50012109ABCDE900310DF1300ACDF808A0A2
S31508018D604B46A0680DF1120104F096FB00BB0DF10C
S31508018D703A0214A910A807F059FC0D98EEF7D0F994
S31508018D800590384610A9EDF7F1FD3846059A0F49C1
S31508018D90EDF790FD08F101089CE705AB019310ABCF
S31508018DA0009332464B462046F3F7E8FA0028E8D006
S31508018DB03846EDF78CFD284611F04EFF6BB0BDE83D
S31508018DC0F08F0546F7E700BF841204089B120408D2
S31508018DD013460A460146184660E72DE9F04F402337
S31508018DE01746FBB081460E46ADF868307868FF2312
S31508018DF03AAA1AA904F0B7F9002840F08281484630
S31508018E00C1493AAAEDF71CFE002E40F0D880059616
S31508018E10122200210DF15600BDF8144025F011F972
S31508018E203AAB1493FF23ADF854301AAB1893802349
S31508018E307A8AADF86430A24209D8FB8ABDF81410C3
S31508018E401344994280F2AA8001238DF866303B8A41
S31508018E502246B86809A9ADF8243004F0D0FA0546C7
S31508018E60002840F04381FF23B8683AAA09A904F00B
S31508018E707AF90446002840F02D81BDF824800A239A
S31508018E804146B8680AAAEEF7EEFA0546002840F008
S31508018E902D81D7F808B0424659460DA804F09AFA2A
S31508018EA00446002840F01681BDF8343008F10A0856
S31508018EB05BBAADF84030954B0D22009394490623D1
S31508018EC01FFA88F810A8ADF82680EEF799F88246B9
S31508018ED000286AD155461AF0FFFDBDF82830BDF8BD
S31508018EE030405BBA64BAADF85630A4B20B98ADF807
S31508018EF05840EEF715F9802CA24628BF4FF0800A94
S31508018F00834653461790ADF864A01AAA002D00F0BF
S31508018F10EA8000212846EEF759FA28461AF0DCFDC0
S31508018F207C4D4846BDF814207B49EDF789FD95E847
S31508018F3007000DF1400C8CE807009DF866E0042156
S31508018F40BEF1020F94BF5CF82E50A5F52F75484661
S31508018F50BDF85630714ACDE901B50094EDF75FFECB
S31508018F603AAB042148466E4AEDF759FE04214846B4
S31508018F706C4AEDF74BFD524648461AA9EDF7ACFC8B
S31508018F80802C03D948466849EDF794FC4846674959
S31508018F90EDF756FD059B0133059339E77A8B1344A3
S31508018FA0994280F2AA8002234FE721460620604AA9
S31508018FB015F03CFF054640B91AF08EFD03263046EA
S31508018FC011F04AFE7BB0BDE8F08F20461AF084FD09
S31508018FD0BDF83C209AF8023052BA92B29A4204D2AB
S31508018FE028461AF079FD0626E9E7424659462846F3
S31508018FF0EEF7CAFC044600286CD19AF802300690AE
S315080190004344ADF826309AF803109DF81830BDF898
S31508019010262099421CD8BDF83C30A2EB08015BBA60
S315080190209BB29942DCDC4344BAF804109B1A9BB202
S315080190309942D5D859462846EEF7A6FC0446002893
S3150801904048D1BDF828306C895BBAADF856304DE782
S3150801905058460DF126010792F3F73FF90446002811
S3150801906038D1079ABBF1000F04D12846F3F70BF95B
S3150801907004462AE0CDF840B0ADF84820ADF84A00DC
S31508019080ADF84C2010A804F005F8044630B1172CA9
S315080190902846EBD01AF020FD264690E79DF8463083
S315080190A0013B3E2B1DD828460DF14601EEF72CFC57
S315080190B0044650B928469DF84630BDF84420109913
S315080190C0EEF762FC04460028DCD0069B01330693C2
S315080190D0002C98D028461AF0FFFC172C18BF2646F4
S315080190E06DE70724F1E74146B86814E700201AF04E
S315080190F0F3FC172D18BF2E4661E700201AF0ECFC89
S315080191005DE706465BE700BFA512040857C80108D4
S31508019110B226040804270408C0120408C412040865
S31508019120F8120408001304080D130408100D0408A6
S315080191300027040813460A46014618464DE6F0B5C7
S315080191400D46064689B0334928681AF014FFB8B1A6
S3150801915000270435286804A91BF042F9044660B9BA
S315080191606C682D4920461AF006FF58B1684605F184
S31508019170080113F045F80446C0B1204609B0F0BD10
S315080191800127E7E7204625491AF0F5FE08B907241D
S31508019190F3E7A8680DF103011BF04AF904460546F1
S315080191A00028EAD133689DF8034001E06D4633682B
S315080191B01B4A03F50053C3F84C25C3F8506501A9AA
S315080191C004A811F0F1FC08B10446D6E70290ADF8FF
S315080191D00C008DF8084035B128460DF1090105F056
S315080191E0D9FD8DF80D001CB19DF80D30002BCED19F
S315080191F001220C4902AB04A812F0CCFB0446002854
S31508019200BBD1002FB9D0337A242443F0010333723A
S31508019210B3E700BF5A0A040811130408181304080F
S31508019220498B010810270408FF2330B5C3B005464A
S315080192308DF8073099B900680DF1070300F50C5050
S3150801924002AA3430F4F75DFE044628B928469DF88B
S31508019250072002A9EDF752FB204643B030BD0C2486
S31508019260FAE70A6813B50B46044662B9036803F5BB
S31508019270805393F87C1A003918BF0121EDF7B2FC27
S31508019280002002B010BD18460DF10701EDF738FDB3
S315080192900028F6D124689DF8071004F58053A1B17A
S315080192A093F87C2AC3F8740AC3F8780A002AE7D126
S315080192B0012204F5CE541C34204683F87C2A04F096
S315080192C025FF204607F030FADAE793F87C2A002AC8
S315080192D0D6D083F87C1AD3E72DE9F0470D68044602
S315080192E00E468AB045B90268294602F5D2520C32B1
S315080192F0EDF7E8FB0020FEE02846AD491AF03BFEF3
S3150801930000284FD077686FB9236803F58053D3F8DF
S315080193104C2AA84B002A08BF1A462046A649EDF74B
S315080193208FFBE7E7D6F80880B8F1000F40F0118106
S31508019330384625F031F985B23F2D00F20A812068B9
S3150801934000F5805393F8562A0ABBC3F84C7A00F500
S31508019350D45700F5CE501C3004F02EFD6A1C92B28B
S315080193603846716825F08CF8206800F5805393F823
S31508019370562AA2B1072ABDD10022C3F84C7A83F82E
S31508019380562A00F5CE501C3004F016FDB2E7072A1E
S3150801939040F06181C3F84C7A83F8568AD7E7C3F857
S315080193A04C7AEEE7284685491AF0E5FD88B17368D7
S315080193B0002B40F0CE80236803F5805393F8562A94
S315080193C0072A00D9FEE77E4B03EB8203D3F81C2854
S315080193D0A3E728467B491AF0CEFD0746002800F088
S315080193E08D80D6F804802568B8F1000F17D105F5E8
S315080193F0805595F8556A66B120467349EDF720FB05
S3150801940078E7D5F8501A204601EB0311EDF7C8FAAB
S31508019410013695F8542AF3B29A42F2D86AE74046D9
S3150801942069491AF0A8FD10B305F5805494F8553A20
S31508019430002B7FF45FAF05F5CE551C35284604F0A1
S31508019440E1FB002857D1614BD3F834374BB9A4F85F
S31508019450E039C4F8503A4FF480732846A4F8543AD0
S3150801946092E7DA7C6FF34102DA745B69EEE702AFE1
S31508019470394640461AF0B4FF00283CD1B068A8B373
S3150801948006A91AF0ADFFB0BBF3689BBB4FF0020803
S31508019490266841F6DC1906EB090A504604F0B2FBC8
S315080194A048BB06F5805686F8550A05F5D655504641
S315080194B0C6F8507A86F8548A04F07EFC394628465E
S315080194C04FEA081224F0DCFF2468A144484604F058
S315080194D099FB00287FF40EAF04F5805383F8550AEB
S315080194E0C3F8505A484683F8548A4DE74FF00108A5
S315080194F02668CEE703200AB0BDE8F0872846344936
S315080195001AF039FD002865D070688DF808708DF855
S31508019510077068B923689DF8084003F5CE5003F52E
S31508019520805393F8561A1C30072914D11820E2E7FC
S3150801953002A91AF017FF0028DDD1B0680028E9D082
S315080195400DF107011AF00EFF0028D4D1F368002B9C
S31508019550E0D00720CFE70A1F012A06D893F8DD29AC
S31508019560C2F30012A2423FF4C5AE042693F8DD29E0
S315080195709DF8075064F3041283F8DD29D3F8582AB5
S315080195803AB969B97DB9072283F8562A04F0D7FB97
S31508019590B0E6D47D043C012C88BFD675D269EFE7C5
S315080195A004293FF4F1AE042283F8562AECE600BFFB
S315080195B020170408201304080C150408CB1A0408FC
S315080195C0F81E04084134040827130408F02F002064
S315080195D0F50B0408284622491AF0CDFC00283CD090
S315080195E07368002BB5D1256805F5805696F8DC39E0
S315080195F005F5CE55023B032B05F11C0503D80421BD
S31508019600284604F012FB96F8DD3900216FF30303AF
S3150801961086F8DD394FF4E163C6F8E4390023C6F864
S31508019620583A2B676B67AB6796F8563A072B1CBFF8
S31508019630072386F8563A236803F58052C2F8001BB9
S3150801964003F5D75103F5E05304311433C2F8301C3E
S31508019650C2F8E03A4EE60D204DE723204BE700BF5E
S315080196602C13040870B50446086886B0002840F033
S315080196708D80A66806F5005595F85930022B40F0FD
S31508019680978001A8EDF7B8FCB5F89C3006F50256A7
S3150801969071683068ADF80C309B0A8DF80E3001AB55
S315080196A003C395F8B83008348DF80F3095F89E3015
S315080196B003F00F03DA1F534253419DF814205B0050
S315080196C022F0030243F0010313438DF8143095F891
S315080196D0B930C3F303138DF8103095F8A430C3F3EA
S315080196E00102C3F381038DF811208DF81230EDF7CD
S315080196F04DFCD5F888303049C01A4FF47A73B0FB5F
S31508019700F3F0B5F8A0308DF81300FF2B28BFFF231F
S315080197108DF8153095F8BB3020468DF8163095F83A
S31508019720BC308DF81730EDF7C5F8204601A9FCF7CE
S3150801973027FD2046BDF80C202049EDF781F9204682
S315080197409DF811201E49EDF77BF920469DF8122058
S315080197501C49EDF775F920469DF813201A49EDF7CE
S315080197606FF920469DF815201849EDF769F9204645
S315080197709DF816201649EDF763F920469DF817203E
S315080197801449EDF75DF9002006B070BD12491AF0CB
S31508019790F2FB78B1A06800F5005393F85930022B13
S315080197A006D100F505500421383005F019FEEAE71F
S315080197B00D20E9E70720E7E7321304083D130408FB
S315080197C0461304085A1304086F1304087609040893
S315080197D0781304088F130408A3130408094A091AFD
S315080197E0891030B551430346002224258A4205FBD8
S315080197F0023005D00BB1046A04B130BD0132F5E778
S315080198000020FAE7398EE338084908B5A1F12400A2
S31508019810FFF7E4FF40B90649A1F12400FFF7DEFF8F
S31508019820003818BF012008BD0120FCE730180020C8
S315080198305418002070B50D460668EFF311823021E1
S3150801984081F311880021046A016282F31188BFF34A
S315080198506F8F002C00DC70BD3046013CA847F8E745
S3150801986010F1840F14DA10F1990F21DB99301428BD
S315080198701ED8DFE800F00B1B1B1D1B1B1D1D1D1D24
S315080198801919191D131915171F111B0006207047E1
S31508019890003818BF012070470C2070471820704700
S315080198A00D2070471720704703207047082070471E
S315080198B0012070470720704708B521B10FF016FE41
S315080198C0BDE80840CCE76FF08600F9E710B5044615
S315080198D086B018220021684624F0B3FB6946204663
S315080198E00FF0E6FDB0FA80F0400906B010BD2DE98B
S315080198F0F0410024ACB0CDE90A404FF44051019043
S3150801990006A8F4F709FD6D4B6D48099340F201135A
S3150801991004AACDE9060303A906A8CDE903440194DF
S3150801992019F007FE044600283FD1039E736AB3B1B6
S31508019930039D2E466B682F6A1B0A56F8248F42D060
S31508019940012B00F0AD806FF08604039D286A10B1E3
S31508019950696A0EF0B1FB0023C5E9083325E0079BC8
S315080199601B0A28D1BDF81800BDF81A5000F4E043C7
S31508019970B3F5805F13D0B3F5005F10D020F0FF0078
S31508019980B0F5E24F40F096800735ED08059530466B
S3150801999005990EF0D4FC04460028C9D005E02946ED
S315080199A00EF09EFC04460028EED00398002834D019
S315080199B00EF026FF31E005A906A80EF0C3FF0446FE
S315080199C00028E4D0F1E72B885A040BD42B8803F43A
S315080199D0E042B2F5805F26D1414638460EF030FFA7
S315080199E0044611E003F4E043B3F5805FEED0B3F526
S315080199F0005FEBD033464246394628460AF0D8FC82
S31508019A0010F1860F0446E1D00398002C9DD101A9D7
S31508019A1019F0D5FD04460028C7D12046FFF720FFD7
S31508019A202CB0BDE8F081B2F5005FD5D023F0FF0276
S31508019A30B2F5E24F3BD1DBB2122B6A8837D1E02A65
S31508019A4006D0B2F5807F29D0C02A30D1012400E0A2
S31508019A5002240CA80CF064FD21460CA80DF0E2F9CD
S31508019A60044670B90346174A24A90CA80CF04AFF04
S31508019A70044630B943463A4631460CA80CF060FF15
S31508019A8004460CA80DF08FF924A80BF003FD26A8AF
S31508019A900DF086F920460EF01AFBA1E70324D8E754
S31508019AA033464246394628460AF082FC98E76FF063
S31508019AB085044AE76FF0850477E700BFFF060006CD
S31508019AC0127100013189020808B528B10EF0B8FEF5
S31508019AD0003818BF012008BD0120FCE7002801DB7A
S31508019AE01AF01FBD7047022025F0CABC38B50568B3
S31508019AF0044675B12B68012B06D1064BD3F85401E0
S31508019B0003F5B27124F0E4FD2846F7F746FD002374
S31508019B10236038BD0818002008B5074BD3F854014F
S31508019B2024F08AFE30B1054BB3FBF0F083B20BB1DA
S31508019B30184608BD0120FCE70818002040420F001E
S31508019B401FB5FF238DF804300023CDE90233064BF8
S31508019B50014601AAD3F8540124F0C8FD003818BFFC
S31508019B60012005B05DF804FB08180020F8B5064683
S31508019B702C4D33680C46D5F854011BB3972124F0B4
S31508019B80F3FF024600B1FEE73168D5F854011CF02F
S31508019B9043FE00B1FEE73168D5F8540124F035FEDD
S31508019BA03179814200D0FEE7D5F854011CF0F4FF63
S31508019BB000B1FEE70122D5F85401114625F008F84F
S31508019BC020B1FEE71DF0D8FA00B1FEE70322D5F869
S31508019BD05401114624F0ECFF7F2C20D0D5F854010E
S31508019BE024F08AFE032814D104EB84046400D5F812
S31508019BF054710A21384624F081FE40F6E44138467C
S31508019C0024F07EFE2146D5F854011CF0DDFF30B163
S31508019C10FEE7D5F854011CF0F3FF0446E7E7C5F85B
S31508019C207C61F8BD0818002038B50446164D25F0A4
S31508019C303BFC237D95F884219A4223D895F8852102
S31508019C409A421FD3D5F87C3105F5C070834202D0FC
S31508019C507F21FFF78BFF8022D5F85401114624F0A6
S31508019C6021FE10B1012000230AE0207DFFF768FFDD
S31508019C700028F7D1204614F0EFF90028F2D1012384
S31508019C80236038BD2120EEE70818002008B5054BEA
S31508019C9000EB80004100D3F854011CF095FF00B198
S31508019CA0FEE708BD0818002038B50F4B0C4693F897
S31508019CB08421824215D893F88521824211D303F56E
S31508019CC0C075D3F87C31AB4204D10846FFF7DEFFF5
S31508019CD0002038BD1AF0FCFB21462846FFF746FF4F
S31508019CE0F6E70720F5E700BF0818002013B5044674
S31508019CF0086868B90E4BD3F854011CF081FF0D4969
S31508019D0042B204F10800ECF79BFE002002B010BD38
S31508019D100DF107011AF06CFB0028F7D19DF8072011
S31508019D20034B83F8882115F0ABFAFFF7AFFFECE791
S31508019D30081800201B0A0408037A026800791343ED
S31508019D4043EA0020704770B58AB001AC84E8070081
S31508019D5007AD94E8070085E8070028461E46FFF781
S31508019D60EBFF06AB014605AA0348F5F76BF808B9F8
S31508019D70069B33600AB070BD9819002082B02DE9A0
S31508019D80F04F4FF0000B9BB005AE86E8070024AFF5
S31508019D9047F8043F09AC0CAD96E8070084E80700CC
S31508019DA097E8070085E8070094E807000DF13C08E5
S31508019DB00DF1480988E8070095E8070089E80700D2
S31508019DC040468DF864B0FFF7B7FF01464846FFF7EE
S31508019DD0B3FF0B46CDE9000B0422244815A9F4F775
S31508019DE093FE034600283DD00022D1B204931AAB54
S31508019DF003EB810151F8141C1C480392F5F718FE70
S31508019E00039A049B01329342824601D00028ECD082
S31508019E1096E8070084E8070097E8070085E8070041
S31508019E2094E8070088E8070095E8070089E807002D
S31508019E304046FFF781FF01464846FFF77DFF0B467F
S31508019E40CDE9000B0422094815A9F4F75DFE03467E
S31508019E5010B1BAF1000FC7D050461BB0BDE8F04F9C
S31508019E6002B070474FF02D0AF6E700BF9819002097
S31508019E7000B5234B856893F8383689B093B100222B
S31508019E804FF400331F21CDE90532079209221F201D
S31508019E90CDE9031211468DE8030008AA12E9070065
S31508019EA0FFF76CFF05F5EF5005F5EE54F0F7DAF913
S31508019EB004F16800F0F7D6F91248F0F7D3F9124819
S31508019EC0F0F7D0F91148F0F7CDF91148F0F7CAF9CA
S31508019ED010481AF026FB4FF002101AF022FB0E4822
S31508019EE01AF01FFB0D481AF01CFB0D481AF019FB56
S31508019EF00C481AF016FB0C481AF013FBF4F7B3FAE0
S31508019F00F03F0020943E0020A43E0020B43E0020ED
S31508019F10A43F002001000200030002000400020021
S31508019F2005000200060002000700020038B5084DC8
S31508019F30044695F8F831834208D0064A064B0028AC
S31508019F4008BF13460120984785F8F84138BD00BF78
S31508019F500818002015F60308E9F5030808B5FFF700
S31508019F6053FC48B9054B93F8F9212AB993F8FA0134
S31508019F70C0B200F0010008BD0120FAE70818002068
S31508019F8008B5302383F311884FF000534FF20F02BF
S31508019F9018805A80BFF35F8FF4F765FA6E4A2DE988
S31508019FA0F0416E4B55686E4C5D65516A99656D4910
S31508019FB0D1F80002D865D1F804021866D1F808125A
S31508019FC0586B5966916A10F0040F9966D16A4FF079
S31508019FD00000D966116B1967516B5967D26BD86442
S31508019FE09A67D3E90E1218BF11465F4A91421A655C
S31508019FF05DD301F12000A04259D88869C5F3080547
S3150801A0001864CE69062D5E6455D1584DA84252D3BF
S3150801A010574DA8424FD205884DF6426085424AD12E
S3150801A0201868C3F894005868C3F8980040F201709C
S3150801A030A242154604D22E680432B6F1CD3FF7D0B6
S3150801A0400022C3E91F22C3E92122C3E92322641B93
S3150801A050DFF818C1424DDFF818E19C648D422DD80E
S3150801A060D3E91FC7D3E92165D3E923414FF0000E90
S3150801A070013AD2B2FF2A3BD1BEF1000F05D0C3E99E
S3150801A0801FC7C3E92165C3E92341B3F85430C3F3B4
S3150801A09008030C2B3AD8022B53D9DA1E092A50D8B1
S3150801A0A0DFE802F030563F424F4F4F4F4F4C0021E9
S3150801A0B0C3E910112C494FF42060B9E755F8044D4E
S3150801A0C06445CBD37445C9D2E607C7D50026294FBF
S3150801A0D057F8048FA045C1D00136062EF8D12AB10A
S3150801A0E0013AD2B203EB8206F467B7E70522F9E72C
S3150801A0F0E0464FF0010EBC4637462E4625460C462D
S3150801A1004146B5E740F60120BDE8F0813A2B18D162
S3150801A110194B9B6913F0020F40F2025318BF1846F8
S3150801A120F2E740F60320EFE740F2017240F6042316
S3150801A130B0F5206F14BF10461846E5E740F605202E
S3150801A140E2E740F60722013B5A2B98BF1046DBE7A8
S3150801A15040F60220D8E700BF00ED00E0606300206A
S3150801A1600818002000E100E008000020E06100086E
S3150801A17000080408D86300200040005B084B03F57B
S3150801A180FE72D2E8AF2FD20707D493F8FC2122B981
S3150801A190C3F80022012283F8FC210248704700BF58
S3150801A1A008180020081A00201022002123F049BFB0
S3150801A1B02DE9F04300230D46ADF51B7DB64904464E
S3150801A1C016460093ECF73CFC7DB9B44FDFF8F082F4
S3150801A1D0DFF8F0922068694600F50C500CAA343075
S3150801A1E0F7F720FF002800F0EA802046AC49ECF793
S3150801A1F027FC002300939DB9DFF8A08206AF2368E8
S3150801A20019A803F50C5909F13409FFF7CDFF694679
S3150801A210484619AA1A9715F0D7FE002800F0588162
S3150801A2202046A049ECF70CFC00230093002D40F0D2
S3150801A230C280DFF894920DF16408276812AD07F51C
S3150801A2400C5728463437FFF7AFFF2A466946384682
S3150801A250C5F8088015F0B8FE4FF6FF73002800F020
S3150801A26076819E4240F0A78020468F49ECF7E8FBAD
S3150801A2700023DFF85882009301AF42F23439266889
S3150801A28028464E44FFF790FF2A4669463046EF6056
S3150801A29015F09AFE002800F089812768042207F53F
S3150801A2A00053D3F8340393F838130144F3F758FDF0
S3150801A2B006461A220021284623F0C3FE002E47D05F
S3150801A2C04F442A4609213846F3F74FFEB0FA80F083
S3150801A2D02B7E400960F300030B2138462B760DF1DE
S3150801A2E04A02F3F742FEB0FA80F02B7E400960F38A
S3150801A2F04103122138462B760DF15E02F3F735FE3E
S3150801A300B0FA80F02B7E400960F3C3032B763846FA
S3150801A31013A9F7F7E9FEB0FA80F040F20B482B7E55
S3150801A320400960F382032B767378B71C02331E4407
S3150801A330BE420DD93B78083BDBB20A2B04D828FA72
S3150801A34003F3DB0700F156812B7E43F010032B76CE
S3150801A35020465649ECF774FB2B7E9E0740F14F8148
S3150801A36020466A885249ECF7A5FA2B7ED80740F1B0
S3150801A3704B8120462A884F49ECF79CFA2B7E190710
S3150801A38040F147812046EA8A4949ECF793FA2B7E40
S3150801A3905A0740F1438120462A790DF14D01ECF720
S3150801A3A09BFA2B7EDB0603D520464349ECF782FA56
S3150801A3B02046ECF78CFA0DF51B7DBDE8F0834FF6C8
S3150801A3C0FF739E4204D0BDF84430B3427FF402AF16
S3150801A3D00CA92046EDF780FE9DF841309DF84120F5
S3150801A3E0590749BF702319AB8DF864300DF1650320
S3150801A3F0120744BF612203F8012B9DF84120D006BC
S3150801A40044BF642203F8012B9DF84120910644BFFD
S3150801A410632203F8012B9DF84120520644BF72229C
S3150801A42003F8012B9DF84120D2091CBF6F2203F8BE
S3150801A430012B9DF84220D00744BF732203F8012B54
S3150801A4409DF84220910744BF6E2203F8012B9DF81F
S3150801A4504220520744BF442203F8012B00221A70F6
S3150801A4609DF8643023B12046144919AAECF722FA5B
S3150801A4709DF84130394643F301035BB20133022BA0
S3150801A4809ABF09EB8303D3F83C2842462046BDF818
S3150801A4904430ECF7D5FA9DE6AA130408B413040868
S3150801A4A0BD130408C5130408DB130408E5130408DF
S3150801A4B0C50D0408F4130408FA1304080B15040857
S3150801A4C0AC440408F81E0408A01204080709040885
S3150801A4D04FF6FF739E4203D07B8AB3427FF48FAE59
S3150801A4E039462046EDF7F8FD3B7D3A7D180749BF09
S3150801A4F0732319AB8DF864300DF16503510744BF19
S3150801A5006E2203F8012B3A7D920644BF612203F8B5
S3150801A510012B00221A709DF8643023B12046424966
S3150801A52019AAECF7C7F93B7D414643F301035BB230
S3150801A5300133022B98BF3D4A20469ABF02EB83039B
S3150801A540D3F83C283A4A7B8AECF77AFA57E69E42D0
S3150801A55004D0B8F80032B3427FF46FAE49462046BC
S3150801A560D8F80420ECF7A6F998F8082020460DF14A
S3150801A5706D01ECF7B1F920462E49ECF79BF9204617
S3150801A58098F807215BA9ECF7A7F998F80631D807D7
S3150801A59003D520462849ECF78DF9204698F800306E
S3150801A5A0B8F800222549ECF74BFA46E67B787A7823
S3150801A5B0990749BF73232B462B700DF14903D2071F
S3150801A5C044BF632203F8012BAB4204BF2D221A7044
S3150801A5D04FF0000208BF0DF1490320461A700DF12C
S3150801A5E00601EDF779FD2B46414620463A78ECF708
S3150801A5F027FA42E63846EEF703FC074498E6204672
S3150801A6000F49ECF757F9B0E620460D49ECF752F930
S3150801A610B4E620460A49ECF74DF9B8E62046094959
S3150801A620ECF748F9BDE600BF0B150408F81E040847
S3150801A630AC440408510C0408CF130408D2130408C7
S3150801A64098120408864204082DE9F74F4FF0000ACC
S3150801A6504FF6FF7304460F4656465546DFF87C808B
S3150801A660DFF87C90ADF806305FFA8AF357F823B025
S3150801A670BBF1000F09D1BDF80620FDB946B34FF667
S3150801A680FF739A421FD007200FE04146584619F03A
S3150801A69072FC68B94946584619F06DFC60B95846C6
S3150801A6A00DF1060119F0B3FE18B103B0BDE8F08F3C
S3150801A6B005460AF1010AD7E70646FAE74FF6FF7398
S3150801A6C09A42E0D126B129462046FEF7ADFDECE7D0
S3150801A6D020462946FFF76CFD0020E6E75A0B0408D9
S3150801A6E0B11A04082DE9F04F40231446ADF5757DDE
S3150801A6F083460E46ADF8D0316068FF2334AA74A9A3
S3150801A70002F031FD002840F0F78058467E4934AA08
S3150801A710ECF796F9002E40F0F080059613AD00216E
S3150801A7204FF040086268A068C5E90012BDF8143008
S3150801A730A5F80880002800F0E080228A0DEB0807BA
S3150801A740ADF834200A2203920C22CDE90052029771
S3150801A750628A0DA902F0A0FE002840F0CE80D4F846
S3150801A76008A00DA95046BDF834908DF82180F1F75F
S3150801A770B4FD002840F0C180A9F10A039AB20692F5
S3150801A7803A89BDF8341052BA92B212FA83F30A33EF
S3150801A790994200F2B280ADF834900DF190094A461B
S3150801A7A050460DF121030DA902F0B5FC07900028CA
S3150801A7B040F0A3803A89069B52BABAF80A1013FAEE
S3150801A7C082F20A328A4200F298804A4658464F492E
S3150801A7D0ECF736F9FF22ADF86C204FF4007234AB72
S3150801A7E01A9374AB2193ADF88820079B6268CDE96B
S3150801A7F00D33C7E90032ADF83C30A368A7F80880E5
S3150801A80053B3238AB4F81280ADF82230B8F1000F99
S3150801A81022D03A46A0680DF1220102F025FDD8B9E9
S3150801A8200A2300930C22A0680AAB0DF1220102F05B
S3150801A83005FE172854D078B9BDF82230A268688178
S3150801A8402A6028462B81AB81CDF8249002F022FCA0
S3150801A850824640B117283BD05846ECF738F8059B95
S3150801A860013305935BE70122284609A902F0CDFCCD
S3150801A87070B3BDF82230A2680DF16E00ADF83C3018
S3150801A880CDE90DA2CDF85CA0CDF880A0CDF88CA0BD
S3150801A8908DF88AA0FFF788FC1A9B33BB0121204655
S3150801A8A017AB0DAAF1F7AAFD0028D5D1012120463B
S3150801A8B017AB0DAAF1F79FF90028CDD1239B0BB948
S3150801A8C0ADF888300421584617AAFCF718FCC3E7E7
S3150801A8D0BDF83030BDF822205BBA1344ADF82230FA
S3150801A8E008F1FF381FFA88F890E7BDF86C20002AAE
S3150801A8F0D4D083F800A0D1E70646304610F0ACF96B
S3150801A9000DF5757DBDE8F08FFD1304080C150408D7
S3150801A91013460A4601461846E4E62DE9F04F144661
S3150801A9204FF04009ADF5757D0DF5E87807460E46F9
S3150801A930606841460DF10F0314AAA8F800908DF836
S3150801A9400F9002F0E8FB38B10646304610F084F95C
S3150801A9500DF5757DBDE8F08F34ADFF232A464146D6
S3150801A960606802F000FC0028EED12B4638463449CF
S3150801A97014AAECF765F8002EE7D1FF23ADF82C30C1
S3150801A9804FF400730DF12E0A50460A95CDF844800E
S3150801A990ADF848300796109613968DF84A60B34677
S3150801A9A0FFF702FC2E701725616824A8CDE904B1CA
S3150801A9B0ADF81890F1F764F89DF89080B8F1010F99
S3150801A9C015D9A8F10303022B1BD9E468002CEBD196
S3150801A9D0139B0BB9ADF84840002DB6D13846294628
S3150801A9E007AAFCF78CFB3846EBF771FFADE710AB0E
S3150801A9F0CDE900A300232046194604AAF1F7BEFCB7
S3150801AA00E3E7A8F104035D42A8F105005D4141426F
S3150801AA10414107AB204604AAF1F7F0FCB8F1050F4E
S3150801AA2001D1172801D000288FD12946204607AB26
S3150801AA3004AAF1F7E0F805460028C6D085E700BF65
S3150801AA401814040813460A460146184665E72DE90F
S3150801AA50F7430E6804460D4686B9083420467549FB
S3150801AA60EBF7EEFF20467449EBF7EAFF20467349F8
S3150801AA70EBF7E6FF002003B0BDE8F08330466E49E8
S3150801AA8019F079FA002851D0686800283CD154F8A1
S3150801AA90085F6B4905F5F95605F580552046D5F841
S3150801AAA0242FEBF7CDFF4FF01108664FDFF8B4916D
S3150801AAB00436B8F1010807F1080719D1D5F8682F46
S3150801AAC020466149EBF7BCFF1127604DDFF89481F9
S3150801AAD0013F05F10805CDD055F8083C4246F35823
S3150801AAE004210093204655F8043CECF798F8EFE763
S3150801AAF057F8083C4A46F35804210093204657F86C
S3150801AB00043CECF78CF8D4E7514919F034FA0028DB
S3150801AB1000F08E80A968002940F08A80A068882202
S3150801AB2000F5F950043023F08CFAA3E7304643497F
S3150801AB3019F021FA00284FD0686800283FD154F847
S3150801AB40085F0B2705F5005805F501551835284600
S3150801AB5098F8591004F028FA3E4EDFF80C91B835EA
S3150801AB60013F06F1080611D106273B4EDFF8FC9096
S3150801AB70013F06F1080613D120463849EBF79AFE3C
S3150801AB80D8E954232046EBF7C1FE73E756F8083C8B
S3150801AB9049462046EB5A56F8042CEBF751FFDFE7F6
S3150801ABA0204656F8042C4946EBF784FE56F8083C2D
S3150801ABB020462B44D3E90023EBF7A8FED8E724491E
S3150801ABC019F0D9F9A0B3AB6893BBA06800F5015099
S3150801ABD0183004F0D9F94DE73046164919F0CBF982
S3150801ABE030B36868B8B9052754F8085F1C4E05F5EF
S3150801ABF00055DFF870801435013F06F108063FF469
S3150801AC0039AF56F8083C41462046EB5856F8042C0D
S3150801AC10EBF716FFF0E70E4919F0ADF940B1AB684D
S3150801AC2033B9A06800F500501430FFF7BDFA21E7E3
S3150801AC30072020E72C1B0408381B0408451B0408B9
S3150801AC404E140408402704085B140408C0270408A6
S3150801AC50E61704084028040890280408781404080C
S3150801AC60B8280408FF0D0408070E04086814040828
S3150801AC7070B5144D05F50173D3E8AF4F14F001040F
S3150801AC8016D195F804329BB9C5F8084205F503763D
S3150801AC9030191034FFF788FAA02CF9D10B220A4B88
S3150801ACA0013A194603F1100304D1012385F8043248
S3150801ACB0064870BDD5F8080243F8100CC5F8081205
S3150801ACC0EEE700BF08180020141A0020101A002009
S3150801ACD02DE9F04115468846E9070746C5F34002BE
S3150801ACE0C5F38003C5F3C0060AD44AB943B93EB9C8
S3150801ACF0FFF744FA0268144664B91720BDE8F081E3
S3150801AD00FFF73CFA046884B9FFF7B2FF04688CB907
S3150801AD100320F3E7E188B9421FD026462468EBE70A
S3150801AD203268FAB1126832601CE0E388BB420BD084
S3150801AD302468E8E7236803602046FFF735FAFFF73A
S3150801AD401DFA0368236004602571E780D8F800308E
S3150801AD50A360D8F80430E36009E0002EE0D10AB117
S3150801AD6013680360FFF784FF03682360046000200B
S3150801AD70C4E7034BD3F8AC0200B9FEE7704700BF3E
S3150801AD8008180020437F70B505460C4663B171B3B8
S3150801AD900846ECF779F922460346154905F10800F4
S3150801ADA0BDE87040EBF74CBE037F03B9FEE72429E3
S3150801ADB01DD000F1080681B930460E49EBF740FE71
S3150801ADC0002305F120002B77EDF7ABFB3046BDE8F4
S3150801ADD07040094A0949EBF76DBD0846ECF754F985
S3150801ADE02246034602493046EBF72AFEE8E770BDDC
S3150801ADF08D1404089A140408D82804080C150408A4
S3150801AE0010B5044604490830EBF71AFE2046BDE89A
S3150801AE1010400021B6E700BF9F14040838B50C4658
S3150801AE20054620B901462046BDE83840AAE790F80C
S3150801AE30393008349B0613D500F108021749204614
S3150801AE40EBF738FD20461649EBF734FD204605F1A8
S3150801AE5019010822EBF740FD20461249EBF72AFDB6
S3150801AE6020466A8E1049EBF725FD29462046082219
S3150801AE70EBF732FD204695F836200C49EBF71AFD1B
S3150801AE80204695F937200A49EBF714FD204695F82F
S3150801AE9038200849BDE83840EBF7D2BDB21404089A
S3150801AEA0C2140408510C0408BB140408C514040888
S3150801AEB0CD140408D414040803460846194603B9F0
S3150801AEC060E70A7893F9013001490830EBF7B8BD14
S3150801AED0DC1404080021C06854E70FB407B504AAB6
S3150801AEE052F8041B0192FFF744FF0830EBF7DAFC2E
S3150801AEF003B05DF804EB04B07047F7B50D46096871
S3150801AF0007461E4619F05BFA044650B1286801A99E
S3150801AF10F3F7E3F9044620B96B682BB90199386848
S3150801AF20B047204603B0F0BD0724FAE7014B024AB1
S3150801AF300830E2E7696700083D63000870B50E68E6
S3150801AF4005460C4630460E4919F015F838B1211D4B
S3150801AF5005F108000B4B0C4ABDE87040CDE73046B9
S3150801AF600A4919F008F840B1211D05F10800084BF6
S3150801AF70084ABDE87040FBF7DAB9072070BD00BF83
S3150801AF80ED0B0408D167000855630008EA140408A4
S3150801AF90696300085F630008014B024AADE700BF19
S3150801AFA0EB620008E1620008014B024AA5E700BF0F
S3150801AFB0176300080D6300080023037070472DE925
S3150801AFC0F04F0F4605468DB09049386818F0D3FF03
S3150801AFD0002872D000260437386808A919F000FA43
S3150801AFE00446002865D102A8FFF7E6FFD7F80490C2
S3150801AFF08749484618F0BFFF8046002800F09D8023
S3150801B00003A8FFF7D9FF04A9B86819F011FA04468D
S3150801B01000284ED1FA68002A58D0511E11F8013F6E
S3150801B020002B4CD1002C77D098462A689DF810A0A1
S3150801B0309DF80890774902F50052C9F38003C2F8D2
S3150801B0405415C2F8585505A908A801930FF0ACFD87
S3150801B050C9F3000BC9F340070446C9F3C00940BB4D
S3150801B060019BBAF1000F31D003227F0047EA83071B
S3150801B07047EA0B0747EAC9078DF818208DF81AA081
S3150801B0808DF81B70B8F1000F04D0404607A903F0EC
S3150801B09081FE0446023406A908A88DF8194010F065
S3150801B0A04FFC044628B926B124242B7A43F002031F
S3150801B0B02B7220460DB0BDE8F08F01268CE7642B74
S3150801B0C016D005D8582B1DD0612B16D00724F0E7CA
S3150801B0D06C2B06D0722BF9D19DF8083043F0040386
S3150801B0E003E09DF8083043F001038DF8083095E731
S3150801B0F09DF8083043F00203F7E79DF8083043F05E
S3150801B1000803F2E78A42E1D15378002BDED13B6985
S3150801B110002BDBD1444681E707F1100103A811F0A2
S3150801B1206FF804460028C4D17B69002BCED12A6862
S3150801B1309DF810A00DF10C087AE74846364918F033
S3150801B1401AFF0028C2D0D7F808803449404618F0BB
S3150801B15012FF002833D14046314918F00CFF002868
S3150801B16051D007F10C0103A811F04AF8002848D17B
S3150801B170012403AF2B682B4A03F50053C3F8542562
S3150801B180294AC3F85855C3F85C25C3F8605505A97B
S3150801B19008A80FF009FDA0BB9CB9A7BB07238DF82A
S3150801B1A01A708DF81830012306A908A88DF81930E8
S3150801B1B010F0C6FB0022059B83F830201AE02746CB
S3150801B1C0D8E740F20713ADF818300123059C8DF82E
S3150801B1D01A30002FE7D00DF11B01384603F0DAFDCE
S3150801B1E001308DF8190006A908A810F0A9FB3B78CB
S3150801B1F084F8303028B926B124202B7A43F0040389
S3150801B2002B72044655E70720FBE700BF5A0A0408D4
S3150801B21018130408BD8B0108F41404082C13040838
S3150801B22001150408E38B01085B620108F7B50546B9
S3150801B2306846FFF7C1FE0C689CBBAB6801AE03F517
S3150801B2400053314693F85B0018F099FE9DF80430D7
S3150801B25005F10807C3F34001C3F38002DB0749BFC1
S3150801B260722333468DF804300DF1050311B16421BB
S3150801B27003F8011B12B16E2203F8012BB34208BF72
S3150801B2802D234FF0000404BF8DF804300DF105039A
S3150801B2903846324617491C70EBF7D2FB204603B0F5
S3150801B2A0F0BD2046144918F066FE18B9013C14F899
S3150801B2B0013F2BB99DF80010A868EBF7E9FDEEE709
S3150801B2C06E2B11D0722B03D0642B08D00720E6E72A
S3150801B2D09DF8003043F001038DF80030E7E79DF84B
S3150801B2E0003043F00203F7E79DF8003043F004030A
S3150801B2F0F2E700BF0C150408864204082DE9F04759
S3150801B3008A460025A2B006464FF4C07150460195FB
S3150801B310ECF7FCFCB0F5C07F22D2A946DFF8108114
S3150801B32057461AF8014B4CBBC5F1200201AB202D3B
S3150801B330D2B24FEA820203EB850088BF00220021C0
S3150801B34022F07FFE737F002B51D0002C4ED1019B3A
S3150801B350002B4BD0304601A9FAF7BCFB044608E09E
S3150801B360737F002B42D1337F002B58D1012306244A
S3150801B370337721463046FFF705FD4DE05C2C28D191
S3150801B3809AF80020A2F10903DBB2172B0CD828FA88
S3150801B39003F3DA070AD5384623F0FEF85146024682
S3150801B3A0384622F0F2FF01E05C2AF4D01AF8013C93
S3150801B3B0002BB5D02DB11AF8023C002BB0D11F2DA8
S3150801B3C012D022AA6B1C02EB850545F8847CDDB2F6
S3150801B3D0A6E7093CE4B2172CE8D828FA04F4E307EF
S3150801B3E048BF0AF8019CE1E707249DE7FEE7337F9A
S3150801B3F023B10C49019818F0BEFD68B101233377D2
S3150801B400002CB6D1019B002BA4D1074A07493477F2
S3150801B41006F10800EBF74EFA22B0BDE8F0870624DC
S3150801B420E7E700BFDB280408D82804080C15040838
S3150801B430130080000123F0B504461D250E4E0F4F5B
S3150801B4408FB04377013D03D1284665770FB0F0BD2C
S3150801B45056F8041B312201A823F08BF8002339463C
S3150801B46004F1080001AA8DF83530EBF7E9FA204610
S3150801B47001A9FFF743FFE5E7E82804080A150408C8
S3150801B480F7B50D46044600B9FEE7037F03F0FF064C
S3150801B49003B1FEE70D4B1A68914214D840F2E73022
S3150801B4A031461F6D4FF47A720023E5FB070122F03E
S3150801B4B0D7FB0123CDE9006301462346044A6068A8
S3150801B4C024F03AFD00B1FEE703B0F0BD08180020EC
S3150801B4D03507040800B9FEE7406824F0C7BE70B511
S3150801B4E0EFF3108672B64FF0FF3023F0AFFA044639
S3150801B4F00A4BD3F8B022C3F8B002824288BFD3F808
S3150801B500B422304684BF0132C3F8B422D3F8B45208
S3150801B51025F01BF92046294670BD00BF08180020F2
S3150801B52010B5EFF3108472B6084B93F8183353B17C
S3150801B530FEF714FD00F00100FEF7F8FC2046BDE811
S3150801B540104025F002B90120F4E700BF08180020D1
S3150801B55038B5044600B9FEE7038B428B9A420CD9EB
S3150801B5600022013302770383D0E902539847014643
S3150801B5702046A8470123237738BD036A01330362AE
S3150801B580F9F745FCBDE83840CAE72DE9F843064610
S3150801B59014460D46F9F73BFC3369984700272D19E0
S3150801B5A047EB07032C1A63F10005012C75F100031B
S3150801B5B008DA336A304601333362F9F728FCBDE805
S3150801B5C0F843ADE7D6E902839847A04277EB05032E
S3150801B5D01CD2F36898473B4602462946204622F084
S3150801B5E03FFBF368914698473B4602462946204663
S3150801B5F022F036FB4C4683B200227383214630463D
S3150801B6003283C04701233377BDE8F8833B46F3E726
S3150801B6100B4B10B55C6804B9586000208C18404182
S3150801B620C3E9C840EFF31184302383F31188054831
S3150801B630FFF7ABFF84F31188BFF36F8F10BD00BF0F
S3150801B640081800200C180020084B10B59C6A04B98C
S3150801B6509862EFF31184302383F311880448FFF7C6
S3150801B66094FF84F31188BFF36F8F10BD081800206B
S3150801B670301800200B68062B04D10122024B83F8EF
S3150801B680F9214DE7704700BF081800202DE9F04F52
S3150801B6909846930281461746EDB040F1B981F9F70C
S3150801B6A0D7FBAD4C01900AA9D4F8540123F098F9B7
S3150801B6B0BDF82AC0BCF1020F40F2AA814CAD0AAE10
S3150801B6C00FCE0FC53368BCF1270F2B600AD9272384
S3150801B6D0BDF82C20ADF83231262A82BFADF83431B7
S3150801B6E000234F93D4F854014CAA2CA923F07FF9CF
S3150801B6F09DF83251002D00F08B810C9B0DF1B100A4
S3150801B70093F800B00DF231131890ADF864B0229396
S3150801B71018F0F7FE002800F0F18204A918A8F9F735
S3150801B72012FC9DF8183094F82863012B94F92953D3
S3150801B73015D1FEF723FDBDF81020D0F800A0BAF107
S3150801B740000F05D1D4F8383383B30026B246F4E0A6
S3150801B750BAF80610914215D0DAF800A0EFE7022BE5
S3150801B760F0D1FEF70BFDD0F800A0BAF1000FE9D031
S3150801B770082204A90AEB020023F059FE10B1DAF8EF
S3150801B78000A0F2E79AF80400D4F8382310F0020F63
S3150801B790C0F38003C0F3400140F09980002B40F0CC
S3150801B7A0A680010700F1C180002ACED1002584F8C0
S3150801B7B036530FA818F0CAFC00230DF1B1008DF815
S3150801B7C024308DF809308DF80A3018F09AFE0028D1
S3150801B7D000F01E810DF1B10018F08DFE002800F071
S3150801B7E0178107A918A8EEF775FD002840F0108102
S3150801B7F09DF82410002900F00B81BDF81C0018F0F3
S3150801B8009BFC002840F004810DF14A0118A8EEF7C7
S3150801B81089FD002840F0FC809DF85230002B00F08D
S3150801B820F7800DF1B10018F076FE002840F0DE80B1
S3150801B8300DF1B10018F054FE0446EEF766F900283A
S3150801B84000F0DB810DF10E0118A8EEF7A7F9002823
S3150801B85040F0DE80BDF80E30ADF8563001238DF884
S3150801B86059309DF866302022002124A88DF88E30A3
S3150801B87022F0E7FB394B22A90F939DF809300FA84F
S3150801B8808DF85A309DF80A308DF85B30EEF720FABC
S3150801B890229C204618F024FE20F0100080B2207069
S3150801B8A0000A6070229C204618F01AFE002D00F04E
S3150801B8B0B08140F4007080B22070000A60700DF10A
S3150801B8C0B10018F00DFEC60540F1B281FEE78DF80C
S3150801B8D00C6033BB03072AD5012082238235C5EBC9
S3150801B8E00525B5FBF3F503A9461C0D5414E00E46D0
S3150801B8F094F84033EB1A5BB2002B14DB7F2D08BF9B
S3150801B90000234FF0820CC3EB0323B3FBFCF303A91B
S3150801B9108B55002EDED00226002A00F0D3828A46F5
S3150801B9200BE00126E4E70023EBE71846D5E70126F5
S3150801B930002A00F0C7820DF10C0A0FA918A8F9F719
S3150801B94002FB28B99DF84420012A09D0022A45D0CC
S3150801B950002584F836531CE0081800200200002050
S3150801B9604FF6FD71B4F82C238A42F1D8BDF83C1084
S3150801B9709142EDD1012284F83623B4F841230625F4
S3150801B98022F4FF4242F45062A4F84123042284F8C7
S3150801B9904123BAF1000F3FF40CAF002E3FF409AF73
S3150801B9A0B4F84123514622F4FF42A4F84123321D3B
S3150801B9B084F841239B2284F84323B82284F844233C
S3150801B9C0EA2284F84523002284F8462332462E4487
S3150801B9D09148063622F054FDF5B2EAE608228F4967
S3150801B9E00FA823F024FD0028B2D1C3E70DF1090100
S3150801B9F018A8EEF709F958B99DF80930052B07D1AA
S3150801BA000DF10A0118A8EEF70FF900283FF410AF57
S3150801BA10FD0107F0807240F19481002023F09AFD20
S3150801BA20202023F02DFD07F400510446002800F0DC
S3150801BA30998121B101214FF4004023F009FD17F442
S3150801BA40404F06D0002148F2200023F001FD23F0E3
S3150801BA502BFD3C0740F18A80714C0321D4F854012F
S3150801BA602CAA22F0BBFF0146002800F0BF819DF8F1
S3150801BA70B030072B40F0BA81D4F854014CAA22F011
S3150801BA80B2FF002840F0B281BDF8B2502E9B05F1F5
S3150801BA90010A1B781FFA8AFA534540F0A781EB1E63
S3150801BAA07B2B00F2A3812CA824F02CFE002840F061
S3150801BAB09D81BDF8B430002B40F06C812F9B1E7818
S3150801BAC09DF83D31002B00F0678106F00703022B34
S3150801BAD040F08C81D4F8B812D4F854012CAA22F07B
S3150801BAE086FFA4F8BCA223F0EFFC002839D0D4F8CD
S3150801BAF05C31D4F8B8221B6892789B789A4230D187
S3150801BB009DF83631002B00F071810235D4F85401C5
S3150801BB104CA9ADF8345122F068FF0546002840F0DB
S3150801BB2065819DF83E31012084F8CD329DF83F317B
S3150801BB304C9984F8CE323B4BC4F8E03223F03EFDF3
S3150801BB4001214FF4807023F083FC3748294623F0FE
S3150801BB507FFC23F0EDFC20B1F00644BF012384F8F5
S3150801BB60603123F0E5FC08B918F0ACFCBA0102D53E
S3150801BB70012023F0EFFC17F0084F03D00021042021
S3150801BB8023F066FCBB0705D5082023F079FC08B12C
S3150801BB9023F0AAFC18F4807F1FD048464CAA2CA98A
S3150801BBA022F07DFD9DF8B030BBB12048002123F07D
S3150801BBB04FFC042023F064FC18B10021042023F073
S3150801BBC047FCFDF790FF18B14FF4007024F07CFC98
S3150801BBD024F0A6FD08B123F087FC18F4007F04D0F1
S3150801BBE00022484611461BF03DF818F0C00F40F0F8
S3150801BBF06F816DB0BDE8F04F92E42046EDF737FF4F
S3150801BC0000283FF42EAE0DF10E0118A8EDF75EFFE0
S3150801BC101DE620F400704EE64F1B0020361B00205F
S3150801BC2008180020F01F00200A000100600001002A
S3150801BC3022A89DF8B310EDF75DFF0DF1B10018F0DC
S3150801BC406AFC60B10DF10B0118A8EEF75AF9002844
S3150801BC507FF4DEAE9DF80B1022A8EEF766F96DB1FA
S3150801BC6022A8EEF7F7F9229C2A469B49204422F09E
S3150801BC7007FCBDF88C302B44ADF88C30974BBDF8DA
S3150801BC802A0093F836238AB14001B3F83843C0EB4A
S3150801BC904B10019B00F5F070184413F05DFB054647
S3150801BCA022A8EEF7EBF908B144800580229818F02E
S3150801BCB032FC28B122A818F036FC00287FF4A8AE79
S3150801BCC00AA824F01FFD00287FF4A2AEDDE90C4383
S3150801BCD0BDF82C202298002A08BF1C4618F01BFC28
S3150801BCE018B1237843F004032370BDF88C20484625
S3150801BCF04CA98DF8302122F08BFF89E6012D06D05B
S3150801BD009DF8B13003F00703012B3FF481AE484695
S3150801BD1022F07CFF18B102283FF47AAEFEE70AA8A2
S3150801BD2024F0F0FC00287FF473AEDDE90C32BDF88F
S3150801BD302C10002908BF13461A7862F07F021A7080
S3150801BD4066E608F002031A4304D04FF4007024F0A3
S3150801BD50BBFB65E607F0A8421A433FF461AE4FF410
S3150801BD608050F4E749B101214FF4803023F070FB8C
S3150801BD702146402023F06CFB6BE608F020030B43B9
S3150801BD803FF467AE402023F063FB4FF4006024F0D4
S3150801BD909BFB5EE62E9B92E694F8533113B9BAF1F2
S3150801BDA0040F23D09DF8363103B30235D4F8540174
S3150801BDB04CA9ADF8345122F018FEB8B9EFF310804A
S3150801BDC072B6B4F856B3B4F8585324F0BEFCAB4572
S3150801BDD00CD0EFF31183302282F31188D4F8A453DF
S3150801BDE0691C08D183F31188BFF36F8F0025284694
S3150801BDF017F0BCFEBAE6294651F80C2BC4F8A42361
S3150801BE0083F31188BFF36F8FD4F854012CAA22F05B
S3150801BE10EEFD85F800A0BDF844316B709DF93E3101
S3150801BE20EB709DF83F31AB704C9BAB602C4B6B6054
S3150801BE30EFF3108A72B6B4F85623B4F85813B4F867
S3150801BE4054338A4216D21344B3FBF1F001FB103383
S3150801BE50013204EB8303C3F86053A4F85623504612
S3150801BE6024F073FC16F0200622D00121042023F0C9
S3150801BE70EFFA7BE6D4F85C2352B104EB8303D3F8DB
S3150801BE8060131848904718B9504624F05EFCAEE78F
S3150801BE90B4F8543304EB8302C2F86053B4F8582358
S3150801BEA00133B3FBF2F102FB1133A4F85433D6E79D
S3150801BEB094F86031002B3FF459AE18F003FB84F86F
S3150801BEC0606153E600250DF10C0A84F8365367E5DF
S3150801BED06DB0BDE8F08F00BF491B0020081800208F
S3150801BEE0F01F00205C1B002038B5034628B30568FF
S3150801BEF0022D22D14279114800EB82009A79C2B10A
S3150801BF001C79FDF7F3FD0E4B64B293F8382662B13E
S3150801BF10A3F5805393F87E2E2046022A18BF83F88C
S3150801BF207E5E12F083F816F00EF9BDE83840FFF789
S3150801BF30F7BABDE83840FDF7D9BD38BDB81B0020B2
S3150801BF40F03F002038B51446002A39D0D1689368E5
S3150801BF5001391C4D9942D5F854014FF0FF3118BFEC
S3150801BF60002122F0C7FB10F5007F0CD18023237432
S3150801BF70A368E26801339A42A3600FD92046BDE857
S3150801BF80384012F069B8002894F91030B8BF033068
S3150801BF9040F387008342B8BF2074E9E794F910306B
S3150801BFA0237102232360A37913B12046FFF79CFF6F
S3150801BFB0D5F854010022BDE83840802122F072BC30
S3150801BFC038BD00BF0818002070B5134CB4F8B43357
S3150801BFD00BBBB4F8B863B4F8B653C6F580639D4293
S3150801BFE0C8BF9DB2A4F8B453ADB194F8FA310BB1F8
S3150801BFF000F02CF8D4F8C0334BB108492A46D4F8D6
S3150801C000BC033144984710B9012384F8FA31BDE8D5
S3150801C0107040FFF785BA70BD08180020EC1B002098
S3150801C020094BB3F8B413B3F8B8230A44C2F30902A7
S3150801C030A3F8B823B3F8B623521AA3F8B6230022F5
S3150801C040A3F8B423C0E700BF08180020074B10B5B2
S3150801C05093F8FA2142B1002483F8FA41FFF7E0FF89
S3150801C060FFF75EFA204610BD0D20FCE708180020F0
S3150801C0702DE9F3412D4D0F46B5F8B683134605F55F
S3150801C0807970B8F1000F14D10A464FF480611AF09D
S3150801C0901DF9B0F5806F044607D2A5F8B883A5F84F
S3150801C0A0B603A5F8B483FFF78FFF204602B0BDE8B3
S3150801C0B0F081B5F8B8630192B044C8F3090846455A
S3150801C0C08CBFA6EB0806C8F58066B6B20A46404498
S3150801C0D031461AF0FBF8041EE5DBA64205DDB5F884
S3150801C0E0B6332344A5F8B633DDE7B4F5806FDADA5B
S3150801C0F0B5F8B63323B1FFF767FFFFF7A7FF48B1D6
S3150801C1003A464FF48061019B09481AF0DFF8041E8C
S3150801C11003DCFEE7FFF784FFEAE70023A5F8B64349
S3150801C120A5F8B833A5F8B433BDE700BF0818002051
S3150801C130EC1B00202DE9FF41086808B9F2F793F9CD
S3150801C1403D4917F018FF002872D00023012401A8E1
S3150801C150CDE902338DF8044013F00DFB039B9802D9
S3150801C16062D52146354C3D20F4F782F863680BB158
S3150801C170F3F742FF0122324B5A6063689907FCD4F0
S3150801C18002230125A36063622E4B5D60F3F734FF3A
S3150801C1902A4BE5609A6AD206FCD402221A639F6A80
S3150801C1A017F01007FBD10323254A11205361A2F585
S3150801C1B080529361F4F71AFE4AF6E853224CE56E6B
S3150801C1C0E66E25F0030545F0020546F003062366EB
S3150801C1D072B6DFF88C80F4F70DFBD8F870300120C1
S3150801C1E023F0070343F00103C8F87030F4F722FB84
S3150801C1F0384617F01DFED8F864305B0142BF134B71
S3150801C200134AC3F82024134BE566E666E566E66637
S3150801C210E566E666E566E666E5669B6ABFF34F8F01
S3150801C220BFF36F8F30BFFEE70B4B0C4A1A6085E7E9
S3150801C230232004B0BDE8F0811A1504080040065011
S3150801C24000600650005006500040005000E00350C0
S3150801C2500000FF0F004009500000002002020FF005
S3150801C260008000502DE9F7430C46054645492068EC
S3150801C27017F081FE002800F083806468A4B9A968D4
S3150801C28001F50053D3F8A42412B9D3F8A83433B16D
S3150801C29001F51251243105F10800F9F771FF00245F
S3150801C2A0204603B0BDE8F0832046374917F063FE00
S3150801C2B040B3AC6804F50053D3F8A4241AB9D3F8EB
S3150801C2C0A834002BEBD004F512552C4605F12406AB
S3150801C2D0314605F134002C34EEF758FE70B121468B
S3150801C2E02A4803F000FA48B1284602F0DDF8284644
S3150801C2F002F0B0F810B9284602F0C9F83046EAF754
S3150801C300C3FDCCE76E462046314618F049F8044687
S3150801C3100028C5D1304601F051F978BBD5F8089007
S3150801C32009F50055D5F8A43409F5125707F1240083
S3150801C33013B9D5F8A83423B13146EEF727FE0028FC
S3150801C340AED196E8030005F2A44888E8030009F58A
S3150801C35012510E482C3103F0C6F90028A0D03846F0
S3150801C36002F0A2F8D5F8A4343846C5F8B434D8F89A
S3150801C3700430C5F8B83402F08AF891E707248FE744
S3150801C38023248DE7251504082C13040824370020D7
S3150801C39070B50C4605468AB03B49206817F0EBFD97
S3150801C3A008B1606808B9072047E02F2122F0D4F8C0
S3150801C3B0064600283AD10023606802A98DF8203084
S3150801C3C017F0EEFF002838D12D689DF8204005F5B5
S3150801C3D00C553435002C51D004A8EAF755FD631ED7
S3150801C3E03F2B41D8DDE906260DF1170123460846FC
S3150801C3F0072B3AD8E308C3EB431104EBC10414F045
S3150801C400FF040AD0C01A0123A3400178DBB25C42BB
S3150801C410013B214013400B43037001A904A8EEF721
S3150801C42001FE284601A9F5F77BFE06E004A90130BD
S3150801C430F1F770FE18B11728BDD00AB070BD049B7C
S3150801C440059AB3F5807F72F10002ACD2DBB28DF8A2
S3150801C4502030013B3F2BA6D83070606806A9F1F75A
S3150801C46059FE1728AED1A6E7FEE701F80129083BD0
S3150801C470120A42EA0662DBB2360AB9E704A902A839
S3150801C480EEF7E5FDC9E700BF291504082DE9F043D4
S3150801C4900746086899B058B106A917F0C9FF0446B6
S3150801C4A0002848D19DF818301F2B43D80120984001
S3150801C4B0DFF8A881D7F8089098F80C38002B00F017
S3150801C4C0BB8009F5005595F8E432002B40F0B6809B
S3150801C4D05C4BC5E9B03795F82E3323F0030385F88D
S3150801C4E02E33D8F8543EC5F8E03210B10340C5F8EA
S3150801C4F0E032102017F052FD0646002800F0A08011
S3150801C5004FF6FF73438295F8ED224F4B019302B321
S3150801C510F1238DF81830D5F8E832402A4FEA13414D
S3150801C5208DF81A104FEA13218DF81B108DF81C305F
S3150801C53005D9FEE70724204619B0BDE8F08309F5B9
S3150801C5400B51D31C2E310DF11D008DF8193021F038
S3150801C55097FF1A2301A88DF80030ECF751FCC4B2F5
S3150801C56095F8ED0218B106A8ECF74AFCC0B20444E6
S3150801C570694630468DF80140ECF7F2FD0446B8B934
S3150801C580314601A8ECF746FC044688B995F8ED3220
S3150801C59093B92E4B09F50B59736202A8C6F8289070
S3150801C5A001F042F8304602A903F030FE044658B1BC
S3150801C5B03046EAF70FFEBEE7314606A8ECF72AFC35
S3150801C5C004460028E5D0F3E74FF6FF73B8F8504E56
S3150801C5D09C420DD1EBF76BFB81B2A142FAD01C4804
S3150801C5E0EDF78EF995F82E3343F0020385F82E33CD
S3150801C5F0FF2309F12C0185F8EC3209F12000EDF74A
S3150801C600E9F8002814BF0223012385F8E432114B07
S3150801C61093F8592032B193F85B301B0702D40120F5
S3150801C62012F0AEF80C4B072103F1080207F10800D6
S3150801C630EAF712FB24247EE70D247CE705247AE732
S3150801C640032478E71DAE010880025000F5E30108CE
S3150801C650383E0020F03F002058290408F02F00201A
S3150801C66070B50D4698B0286804A917F0B9FE0446B6
S3150801C670002847D168680DF1060117F0D9FE04466E
S3150801C68000283FD1A8680DF1050117F0D1FE04462F
S3150801C690C0BB03A904A89DF806509DF805600EF0D5
S3150801C6A083FA044670BB402E31D86B1EDBB2FD2BD4
S3150801C6B02DD814208DF8075017F070FC054620B3C5
S3150801C6C05A2302A98DF80830731C8DF80930ECF746
S3150801C6D047FD044698B928460DF10701EBF714F909
S3150801C6E0044660B93246284608A9EBF717F8044606
S3150801C6F028B9284604A903F089FD044610B128463D
S3150801C700EAF768FD204618B070BD0324FAE7072446
S3150801C710F8E7F0B50D6804460F4687B07DB954F8B9
S3150801C720083F03F58053D3F8385715B9002007B0E9
S3150801C730F0BD29462046EAF733F92D69F5E728467B
S3150801C740374917F018FC00283BD002AE3146786805
S3150801C75017F046FE0028EAD19DF80830A568FF2B98
S3150801C76027D105F5B950324601A9183002F041FF23
S3150801C77008BB2C4F31463846EAF758FBE8B93F69FA
S3150801C780002FF7D105F58055D5F8A847BCB123691F
S3150801C790C5F8A83796E80F0084E80F002775D5F87D
S3150801C7A038374FF480502361C5F8384711F0D2FE67
S3150801C7B0BCE70720BBE71820B9E72520B7E7032020
S3150801C7C0B5E72846184917F0D6FB68B1786802A973
S3150801C7D017F006FE0028AAD1A06802A900F5B950EB
S3150801C7E0143002F018FFA2E72846104917F0C3FBD8
S3150801C7F040B1204650F8081F01F50A511831EAF7E9
S3150801C800CFF893E728460A4917F0B5FB30B1204619
S3150801C81050F8081F01F50A512C31F0E7232086E765
S3150801C820520B0408F8230408730C04082F1504088E
S3150801C83035150408A0F14103192B98BF2030A1F141
S3150801C840410398BFC0B2192B9CBF2031C9B20B1A3C
S3150801C85058425841704700880B88C01A704737B547
S3150801C8600446656E084611461DB1A26E0092E26F36
S3150801C870A84703B030BD70470020054BD3F8C02246
S3150801C88083F8E40212B1D3F8C4121047704700BF07
S3150801C890F03F00204378072B08D90388C3F3C70064
S3150801C8A05B074CBFC043404240B270477F20704788
S3150801C8B0142806D80A2806D8022894BF0020012081
S3150801C8C070470320704702207047024690F82030CF
S3150801C8D030B5C4189442154606D1202B08D05A1CE7
S3150801C8E080F82020C15403E02D7801328D42F1D120
S3150801C8F030BD73B5094D05F27466D5F874460CB9A1
S3150801C90002B070BD21463046EBF75EF901A80194E5
S3150801C91018F028F9019817F0DFF8EEE7F02F002054
S3150801C920F8B5D40802F00707224605460E4621F057
S3150801C930A7FD67B18023013F3B412A5DDBB2591E42
S3150801C9400A402A55315D5B420B401A432A55F8BD08
S3150801C95037B5684617F020FC0525124C013D009BAA
S3150801C9600AD1019903F10043013B8B4202D00E48DB
S3150801C970EBF7CEFD03B030BDA27C92070BD5E1697A
S3150801C98049B15B1A002B08DB204611F089FDA37C0F
S3150801C9906FF34103A3742034E0E76846EBF73CFCE8
S3150801C9A0F9E700BFA83800209C38002038B50D4BA0
S3150801C9B0044653F82150036853B1EAF7E7FAD4E974
S3150801C9C00032811A8B4292BF00209B18181A2060E8
S3150801C9D02368AB422CBF23602560EAF7D7FA60606B
S3150801C9E038BD00BFE82F040870B505460446002186
S3150801C9F015F80B0F0DF0A4FCFF2629462046ECF787
S3150801CA00E9FE68B9E27A237B9A420BD0606804F1A1
S3150801CA10100580B901462846BDE87040EBF70DBD03
S3150801CA20E672EAE7A37A002BF0D0013BDBB2A372E8
S3150801CA30002BEBD170BD2189EBF75AF9EAE70148DA
S3150801CA40D2E700BFCC4400200048CDE7E4450020EA
S3150801CA5010B50D4C94F8E432012B14D104F53B7151
S3150801CA6004F53870ECF7B6FE10B1022384F8E43207
S3150801CA70237A5A0707D56FF3820323720348BDE861
S3150801CA801040EBF7B9BB10BDF03F0020FC3F00207A
S3150801CA90F0B593B008A8EAF796FA4FF2BF035C4CD3
S3150801CAA0ADF8423094F8590017F0B3FA002800F0AF
S3150801CAB08A804FF6FE73B4F858249A4200F08380B0
S3150801CAC094F89C34D9077ED494F85B309A0703D43A
S3150801CAD00DF0C2FF002876D094F89D34012B72D14F
S3150801CAE094F8C734002B6ED1272012F02FFA054689
S3150801CAF0002871D094F89D34012B1FD194F8C7747E
S3150801CB00E7B904AE04F2AC430FCB86E80F00102355
S3150801CB10324639462846ECF726FB00284ED108232B
S3150801CB20032128463B4AECF71EFB002846D102237F
S3150801CB3084F89D34EAF72AFAC4F8A00494F85B301D
S3150801CB409B0702D40DF088FF98BBB4F858340CAA99
S3150801CB50D4E9920182E803004FF07F420E92FE2249
S3150801CB605BBA08A8ADF83C20ADF83E30F5F7BAF83F
S3150801CB70294829460090294B08AAA0F54760EBF7F2
S3150801CB8041FD064630BB94F89C3404F28C4543F0CB
S3150801CB90010384F89C3404AB0FCB85E80F0094F8A5
S3150801CBA05B00C4F8C46410F008000CD10DF0CEFF88
S3150801CBB009E00DF10F000FF007FB30B1032819D07A
S3150801CBC02846EAF707FB13B0F0BD9DF80F30A3F529
S3150801CBD07C73BCE70328F2E794F8C6343BB905230E
S3150801CBE084F8C634D4F8C40417F05EFAEBE7052BCB
S3150801CBF0E9D9F4E794F8C634013B042BE0D90523B7
S3150801CC0084F8C634D4F8C40417F04EFAD8E700BF3E
S3150801CC10F03F0020604200207044002045F80108DA
S3150801CC2030B5234C8DB0D4F83C5585B194F83835D8
S3150801CC307BB1D4F8301504F21C53484200930140E5
S3150801CC401C4BB4F83625A4F5DC70ECF7BCFE0DB028
S3150801CC5030BD02A8EAF7B7F94FF2BF03ADF82A309B
S3150801CC60698994F839350139C91A2846012304F224
S3150801CC70395289B2EAF710FD02A8F5F733F806AD7D
S3150801CC8004F21C530FCB85E80F00D4F83C1502AA11
S3150801CC90A4F5FE60EBF7E6FD08B9C4F83C05D4F83F
S3150801CCA03C0508B1EAF796FA0023C4F83C35CEE705
S3150801CCB0F03F002085CD0108F8B5036A0D680446E2
S3150801CCC09D424FF080000F79CE790CD011F042FCCD
S3150801CCD0B4F8C4300133A4F8C43084F8247084F855
S3150801CCE027602562F8BD11F0D5FCF6E770B500F5A9
S3150801CCF00A76054630460C4611F0FCFB60B1B5F8DC
S3150801CD0036325BBA9BB2A34206D0304611F0C8FB55
S3150801CD1031460A48EBF74FFC21460948EDF73BFB3C
S3150801CD204FF6FE739C42AC8007D064BAA5F836422A
S3150801CD303046BDE8704011F0EFBB70BD00380020E9
S3150801CD406C3E002037B514466A460546ECF7F5F8F9
S3150801CD50A0B9009A20720192120C082A134628BF1C
S3150801CD600823032AADF806300AD92246284601A91E
S3150801CD70EAF74FFC10B9BDF80630237203B030BD8F
S3150801CD800620FBE70346086A10B50C4650B1CBB13D
S3150801CD90591CEAF7B9FD30B1206A08B1EAF71AFA5F
S3150801CDA00023236210BD637F0133DBB2FF2B637758
S3150801CDB0F8D14FF4FA71207704F12400BDE8104048
S3150801CDC0EBF73BBB4A69531E13404B6123B90B7FF3
S3150801CDD00A69013B4A610B77237F04F124000BB1F1
S3150801CDE0218BEBE74FF4FA71E8E7002330B587B0FA
S3150801CDF08DF803300B780546FF2B0C4611D02046DB
S3150801CE0001A913F087FA9DF816309A0709D5DB07A9
S3150801CE1041BF9DF8153003F00F0363F07F038DF8CA
S3150801CE20033028460DF10301EAF76EFD38B99DF87E
S3150801CE30033033B9102221462846EAF76FFC07B0BA
S3150801CE4030BD0822A118F7E7F8B50E4615460A4679
S3150801CE5005210746ECF744F9044650B92A46082144
S3150801CE603846ECF73DF920B1172812BF0624336876
S3150801CE702B602046F8BD30B585B00D460A220B2138
S3150801CE8001ABECF740F8044670B99DF80530072B5D
S3150801CE900DD9DDF80600EAF743F9BDF80A3028602E
S3150801CEA0AB80BDF80C30EB80204605B030BD0624BA
S3150801CEB0FAE713B504220C4601AB5621ECF723F821
S3150801CEC058B99DF80530012B91BF06209DF806300B
S3150801CED023709DF8073088BF637002B010BD70B526
S3150801CEE00C460546C2B001A8164617F0F7F804F134
S3150801CEF018016A462846C9B2ECF71FF830BBBDF8D7
S3150801CF000230FE2B24D86946284601AAEAF781FB96
S3150801CF10E0B9BDF802308DF80231EAF737F84190E9
S3150801CF2001A8EEF763F988B9002C0CBF0E2133214D
S3150801CF300823324601A8EDF74CFD38B9012C024603
S3150801CF4001A914BF03480448EEF7BEFC42B070BD00
S3150801CF500720FBE7343D0020603D002038B54378C3
S3150801CF6004460BB10023437004F170052846EBF71C
S3150801CF70D8FA0D4B93F85930022B0ED144F620619D
S3150801CF802846EBF75AFA00232279E370012A09D1D8
S3150801CF902371BDE8384011F073BA033B012B9CBFDE
S3150801CFA00023238138BD00BFF03F002010B40B4A8F
S3150801CFB092F85940022C0ED192F85B1009070AD54E
S3150801CFC0516E4FF47A7251430470A1F6B4715DF84B
S3150801CFD0044B10F0C9BE5DF8044B7047F03F0020C2
S3150801CFE030B58DB06846284D17F0D6F802A8E9F78E
S3150801CFF04BFF55F8C41F04A817F005F9049C7CB922
S3150801D00069462248EBF796FA029904A817F0FBF845
S3150801D0101F4C049800BB02A8EAF7B2FD0DB030BD5B
S3150801D020182300210DEB03022046EAF71CFA06999C
S3150801D030009B5B1A002B06DA6846EBF7EDF804A8A5
S3150801D040EAF7C2F8DAE721462846EAF777FD2146E4
S3150801D05002A811F0C5FCF2E7182300210DEB030223
S3150801D060EAF701FA9DF82C30052B08D0072B02D1D7
S3150801D07007A816F0D4FF04A8EAF7A6F8C9E72046D8
S3150801D08018F0CCFBF7E700BFF03F0020BC400020BA
S3150801D0904840002013B504460123218920680DF173
S3150801D0A00502EAF7E0F958B99DF8053013F0C00012
S3150801D0B010D13BB9638913B92389013363811720D9
S3150801D0C002B010BD2289A371013292B21344A28023
S3150801D0D02381F5E7C0281CD10223218920680DF197
S3150801D0E00602EAF7C0F90028EAD1638913B9238948
S3150801D0F002336381BDF8063022685BBA9289C3F3AD
S3150801D1000D031344A2899BB29A4202D92381A381B2
S3150801D110C2E70620D4E7F0B51746002285B01D46BA
S3150801D1200B88009068460C46ADF80830ADF80A2021
S3150801D130ADF80C30FFF7AEFF88B99DF806602B787D
S3150801D140B3420ED933463A46BDF804100098EAF7B9
S3150801D1508AF920B9BDF80830B8552E70238005B074
S3150801D160F0BD0320FBE72DE9FF41144600220F46D7
S3150801D1704FF001081D460B880090ADF80830ADF850
S3150801D1800A20ADF80C306846FFF784FF20B117284E
S3150801D19031D004B0BDE8F081B8F1000F04D12E23D7
S3150801D1A0013D04F8013BADB2402D2B4628BF402373
S3150801D1B09DF80660DBB2B34201D80320E9E733469E
S3150801D1C02246BDF804100098EAF74DF90028E0D187
S3150801D1D0A219A055B8F1000F03D1013C14F8013F7B
S3150801D1E02BB9AE1B14464FF00008B5B2CBE72E2B70
S3150801D1F0F4D10620CDE72E23012D2370DDD00020A2
S3150801D200BDF80A3060703B80C3E72DE9F341D1F8D8
S3150801D2100080877905460C46404639461646EAF7A0
S3150801D22075FD874203D0002002B0BDE8F0810D4BA1
S3150801D23042460093A9883B462868EAF7F6F9034669
S3150801D2400028F0D02068AA7981182160825CB2FA98
S3150801D25082F04009002EE7D12E2A02BF0131184675
S3150801D2602160E1E735C801082DE9F04313680D4649
S3150801D2708FB0002B31D00A880021ADF83020ADF8E7
S3150801D28034201A7806932E2A0A90ADF8321011D056
S3150801D29001260AA8FFF7FEFE0446A8B117280FD1F2
S3150801D2A026B1069B1B78002B08BF0024BDF8323037
S3150801D2B02B8005E05A1C5B780692002BE8D00724E0
S3150801D2C020460FB0BDE8F083002EE2D0024606A93B
S3150801D2D00AA8FFF79AFF0646DBE75668002E59D0DB
S3150801D2E00A960126128909880690ADF82010ADF82C
S3150801D2F02230ADF82410ADF83020ADF83230ADF853
S3150801D300342006A8FFF7C6FE044658B11728D7D118
S3150801D3102EB10AA8FFF7BEFE172808BF0024BDF8DC
S3150801D3202230C5E7002EECD00AA8FFF7B3FE264641
S3150801D3300028E6D19DF81E309DF82E409C42E0D18A
S3150801D340BDF81C10069803AB0DF10A02DDF828801A
S3150801D350BDF82C60ADF80A40EAF701F8DFF840900D
S3150801D360BDF8107047B13B4631464046039ACDF8A1
S3150801D3700090EAF75AF918B9B4FA84F67609C0E7BB
S3150801D3803E44E41B03A90DF10A00B6B2A4B211F09A
S3150801D39059FEE5E70FB0BDE8F043EEF79EBF00BFC3
S3150801D3A035C8010830B504460D4685B001AA0A23D9
S3150801D3B0EAF759F86289C5F57F43F63313445BBA30
S3150801D3C0ADF80C3029460A23204601AAEAF764F982
S3150801D3D005B030BD70B50D461446064602460A2309
S3150801D3E021462846EAF73FF840B933896A895BBA84
S3150801D3F00A3414FA83F3934288BF062070BD7FB5B9
S3150801D40005460E46144614B9204604B070BD314689
S3150801D4102846EEF762FF0028F7D12946328801A887
S3150801D420FFF7D8FF0028F0D1BDF80C3032885BBA77
S3150801D4300A331344013C3380A4B2E4E72DE9FF47DC
S3150801D44080460D4692460A88014601A89946BDF8C6
S3150801D4503070FFF7BFFF0646B0B9BDF80430BDF816
S3150801D4600C405BBA64BA9BB2A4B25345298804F14D
S3150801D4700A040DD1A7420BD83B464A464046E9F76E
S3150801D480F2FF2B881F442F80304604B0BDE8F08791
S3150801D490214417262980F7E72DE9F04F06468846E5
S3150801D4A0144687B01D460B88BDF844A0BDF84CB09C
S3150801D4B0ADF80A30FCB13046109A0DF10A01FFF7B2
S3150801D4C0D3FEB0B1172817D10027BDF80A90314607
S3150801D4D04A4603A8FFF77EFF70B9013CA4B2C7B953
S3150801D4E0BDF8143009F10A025BBA1A44ADF80A20EC
S3150801D4F0E0E70127E9E7172007B0BDE8F08F129B9F
S3150801D5000A371B89013D5BBA1F44ADB2ADF80A70F3
S3150801D510D0E752463046129BCDF800B00DF10A010C
S3150801D520BDF80A70FFF78AFF1728C3D00028E3D190
S3150801D530002DE4D1BDF80A30A8F80030DCE708234D
S3150801D540E9F791BF40280ED8272804D8202814BF08
S3150801D5500020012070474FF001332838C0B2C3407C
S3150801D56003F0010070476028F1E713B50B466C46D6
S3150801D5701B7802460868496883F0020303C48DF8DC
S3150801D58000306B4603CB1060516002B010BD0368D2
S3150801D590B3F17F4F05D18088A0F1FE035842584167
S3150801D5A070470020704708B50246FFF7F0FF20B123
S3150801D5B09079A0F1FC035842584108BD036813B994
S3150801D5C0436873B1EFE70333FCD14FF6FF738288E3
S3150801D5D09A42F7D18379FF2BF4D190F90730002BC2
S3150801D5E0F0DA012070470268034642B9406840B93B
S3150801D5F09A683AB9D868B0FA80F0400970470020AD
S3150801D600704710467047026803464AB9406848B9E8
S3150801D6109A6842B9D86800F17F4358425841704721
S3150801D6200020704710467047034630B5064C04F192
S3150801D6301005224603CAAA4218605960144603F126
S3150801D6400803F6D130BD00BFF82304080A7CFFF7AA
S3150801D65067B908B50278FF2A03D1407800F00F00B0
S3150801D66008BD48F2FE02038823F47C53934206D090
S3150801D670FFF7C9FF00280CBF0E200020F0E70220A3
S3150801D680EEE7837C5A0700D4E3E7C3F3C300704788
S3150801D69008B50378FF2B05D1FFF7DBFF831E584238
S3150801D6A0584108BD0020FCE748F2FE02038823F42E
S3150801D6B07C53934200D0EBE7012070472DE9F041F6
S3150801D6C0644D8AB02B7A180708D4590706D455F839
S3150801D6D0344CA5F5805624B9C6F8EC4F0AB0BDE816
S3150801D6E0F0812379E769DA071BD5C3F380185B064E
S3150801D6F017D4204611F0FAFA022812D0237967794D
S3150801D70043F010037F0923710DD0DBB268F30413CC
S3150801D710204602212371E76911F0C2FA204616F064
S3150801D720BDF93C46D7E72B7A6A4667F300032B72A5
S3150801D730394628232046E9F796FE9DF80830FF2B3F
S3150801D7407ED0454804A9ECF77CFD0223434986F8B7
S3150801D750F83F01F5B570ECF77DFD30B9B6F8823EB4
S3150801D760A6F8F03F012386F8F83F95F85930012BC2
S3150801D77034D806A8FFF78CFF074600284FD148F290
S3150801D780FE02BDF8183023F47C539BB2934257D15D
S3150801D790334808A9ECF755FD0223AB70237967F3E3
S3150801D7A0041323712379E769D907BAD5A389C6F87A
S3150801D7B0EC4F002B48D096F8483EDA078ED596F8F6
S3150801D7C0493E042B8AD0B6F84A3EDB0686D40421A4
S3150801D7D024480AB0BDE8F041ECF7EAB89DF81820EC
S3150801D7E0FF2A12D048F2FE02BDF8183023F47C5302
S3150801D7F09BB2934219D11A4808A9ECF722FD0223D4
S3150801D800AB7023796FF30413CBE7022B07D1237986
S3150801D810980704D5A37903F00F03012B05D14FF619
S3150801D820FF73A6F8FA3F0123EAE795F89E3003F05D
S3150801D8300F03072B14BF4FF6FE73B5F89C30F0E7BC
S3150801D840237967F3041363E7237943F00803237104
S3150801D850B1E700BFF03F0020E03F0020763E002000
S3150801D860EA3F0020383E002008B50378FF2B06D191
S3150801D870FFF7EFFE032894BF0020012008BD002012
S3150801D880FCE72DE9F04F0B7880463A2B0C4685B01C
S3150801D89024D14B783A2B1DD1002602344FF00009CA
S3150801D8A027785FFA89F5002F4AD023464FF0000AF8
S3150801D8B01F4613F801BB03A95846CDE90033EAF719
S3150801D8C0C6FB68B99DF80C20009B02EB0A1ABAF54B
S3150801D8D0803FEDD3062005B0BDE8F08FFF26DDE7D2
S3150801D8E0A742F7D0BBF12E0F0CD1062DF2D82BD1BA
S3150801D8F0214603A810F088FA0028ECD1039BC8F842
S3150801D9000C301FE0BBF13A0F02D0BBF1000FE1D199
S3150801D910B9F1080FDED09AFA9AFA28F819A03B78D5
S3150801D9203A2B03D17B783A2B04D001373C4609F1CF
S3150801D9300109B5E7FF2ECDD10135EEB20237F5E77C
S3150801D940082D1DD10020C6E701274FF0060AFF2E34
S3150801D950C0D0AD1BE8B2054608EB4606AAEB0000A7
S3150801D96031466A0008EB400020F00FFDAAEB0902D8
S3150801D97000213046520020F064FB002FE2D0B7E7C1
S3150801D9804FF0080AE3E72DE9F84307460D46164620
S3150801D9900024DFF82C80DFF82C90A64201D1BDE8DF
S3150801D9A0F8831CB141462846EAF787FB37F8142065
S3150801D9B0494652BA284692B2EAF77FFB0134ECE7A8
S3150801D9C0843104084313040838B50D460446024653
S3150801D9D0282300212846E9F746FD80B9237803F074
S3150801D9E0F003602B0BD1A3885BBA9BB22833B3F53E
S3150801D9F0A06F04D86A89934218BF062038BD06204D
S3150801DA00FCE7037813B1407802307047012070476C
S3150801DA10F8B50F46164605460246012331463846ED
S3150801DA20E9F7F7FD044610B92B7813B96870204653
S3150801DA30F8BD02232A4631463846E9F7EAFD38B9E0
S3150801DA402846FFF7DEFF7388834238BF0624EEE7D0
S3150801DA500446ECE7002301290360C0F803301FBF21
S3150801DA6001230239037041707047F7B5937C064666
S3150801DA70DB090D46144646D001290CBF202040205B
S3150801DA8010F068FD214890F8DC3993B190F8553AC1
S3150801DA907BB1637C012B0CD1D0F8702A00F6682380
S3150801DAA09A4206D1C5F10501C9B200F52060FEF713
S3150801DAB07DFF06F114039C4203D306F174039C42CD
S3150801DAC01FD3B768EFB1237C20468DF80430009444
S3150801DAD0FFF7D7FDA27C00F00F03C2F3000243EA69
S3150801DAE00213E27C2946C2F3000243EA42139DF877
S3150801DAF00520684622F03F0213438DF80530F26887
S3150801DB00B84703B0F0BDC1F10200B9E7F02F002014
S3150801DB1010B50446D1B1636803F17802914210D376
S3150801DB20D83399420DD2237A022B0CD0032B0FD06E
S3150801DB30012B0BD10846FFF756FD10B90B78FF2BC1
S3150801DB4004D10969E6E70B78FF2BFAD1216010BDEC
S3150801DB500846FFF789FE0028F3D0F7E718220021C7
S3150801DB6020F06FBA034610B55A7C0846D209097CDB
S3150801DB7005D01A7C8A4204D00022104610BD80299D
S3150801DB80FBD11C7C19462246E9F75AFA84428CBF16
S3150801DB9000220122F1E72DE9F043C37D05468B42B8
S3150801DBA00C4697B025D041B902AB00934FF4A003B8
S3150801DBB0019383688DF80810A3B90120EC7517B095
S3150801DBC0BDE8F083002A14BF3A46424649466846EC
S3150801DBD0EAF773FA0136A968B2B251F82230002B76
S3150801DBE0F0D1EAE70E46044FDFF81080DFF810900F
S3150801DBF0F1E70020E3E700BF080D0408AC44040878
S3150801DC00E02F040890F87A301A1F012A0BD9072B3E
S3150801DC1004D1002380F87A300020704713F0FD0FF5
S3150801DC20FAD00223F6E70D20704738B50378044683
S3150801DC308B4230D0054605F8801B0239012902D8E6
S3150801DC40DFE801F006272846BDE83840EAF769BC4F
S3150801DC50436ADBB1E9F79AF9D4E90931421A9A42DA
S3150801DC6011D21944091AB1F5FA7F38BF4FF4FA717E
S3150801DC70002363620A20EAF72DF801462846BDE823
S3150801DC803840EAF7DABB4FF4FA71F1E74FF4FA7163
S3150801DC90F0E78168F2E738BD2DE9F04390F87A801C
S3150801DCA0044611F808300F464345914614BF01262C
S3150801DCB00026C56F8BB018BF80F87A3055BBB8F10E
S3150801DCC0060F23D094F87A30062B1FD194F8A0308A
S3150801DCD0042B2ED0052B01D0032B17D16A461746E4
S3150801DCE004F13E0304F14E0C1546186859680833C9
S3150801DCF003C563452A46F7D1B4F84E303946ADF81F
S3150801DD0010300C20122305AA10F0D1FA30460BB0B8
S3150801DD10BDE8F083B9F1010F02D12B6A002B06DAAF
S3150801DD20EB7D2846F95CFFF736FF3043C6B2ED694D
S3150801DD30C4E70C2010F0D2F80C28E7D1FEE77FB52E
S3150801DD40044601AD00F1700393E8070085E8070072
S3150801DD5094F87A10072909D1002222675A609A6035
S3150801DD6094F87A30072B18BF84F87A104FF4E163D8
S3150801DD700421A3602046FFF758FF00231A46E16FE6
S3150801DD8029B92A462046FEF76AFD04B070BDC87D4A
S3150801DD90CE69072807D14AB9E06F08B1C069E067BB
S3150801DDA0CB610B4611460A463146E9E7D069002898
S3150801DDB0F6D0C069D061F3E72DE9F3410446684618
S3150801DDC016F0EAF92778012F34D9236F93B394F81B
S3150801DDD07A30072B0CD8DFE803F01D0B1D0B040B5B
S3150801DDE0152D01264FF00208E56F45BB16B11DE05A
S3150801DDF0052B22D1042F1DD1694604F18000EAF7CB
S3150801DE0099FB17E0E268009B9B1A002B15DB02239E
S3150801DE1084F87A30E36F6BB194F8793013B994F8D2
S3150801DE2078303BB194F87A30052BDAD102212046B5
S3150801DE30FFF7FBFE02B0BDE8F0810026D2E7EB7DD5
S3150801DE40062B0DD8DFE803F00B0C0B0C0B0C0400AA
S3150801DE50A969009B5B1A002B04DB85F8178001264C
S3150801DE60ED69C2E76846EAF7D7F9F9E72DE9F0431C
S3150801DE7004460E468BB004A816F01DF92378B58919
S3150801DE80012BADF8005040F22781042B00F02481C4
S3150801DE900C232946304604AAE9F7E5FA002840F09A
S3150801DEA01B819DF81230DA0900F01681C3F3C3030A
S3150801DEB0052B40F01181BDF8103062885BBA9BB220
S3150801DEC0934240F009818C4B93F85B301B0701D4D0
S3150801DED00CF0ACFB00229DF81330884903F00F03C0
S3150801DEE0CF5C84F8A2203FB394F87A303946012BE7
S3150801DEF008BF84F87A200A22A3682046B3FBF2F306
S3150801DF007F4A03EB0313934294BFA360A26023786D
S3150801DF1004F17002052B1CBF052323700023FEF7AD
S3150801DF209EFC1D2F02D0082F40F0D68020460BB04C
S3150801DF30BDE8F0430CF0A4BABDF814300C35ADF8C1
S3150801DF4000509BB1B3F5807F40F0C68069463046E4
S3150801DF50EEF7C3F9002840F0BF80BDF8003072899A
S3150801DF600433934200F2B880ADF80030BDF816507C
S3150801DF70BDF818306DBA5BBA1D44BDF81A305BBAE4
S3150801DF801D44ADB205BB63694FF47A70F02B40F2BC
S3150801DF90A680783B584303D043F69821E9F7A8FEB3
S3150801DFA0E3681844E36FE060002B40F09D8001228E
S3150801DFB054492046FFF770FE2046FFF7C0FE20466B
S3150801DFC00BB0BDE8F043F7E669463046BDF8007088
S3150801DFD0EEF783F900287FD1BDF800900A23494658
S3150801DFE0304601AAE9F73FFA002875D1BDF80C3089
S3150801DFF072895BBA09F10A091FFA83F819FA83F3D8
S3150801E000934269D8ADF80030BDF80430013DB3F547
S3150801E010245FADB2B6D130460DF10201ADF80270FA
S3150801E020EEF75BF9BDF8027073890A37BFB2B844D7
S3150801E0309845ADF802704FD81FFA88F8B845A1D9A6
S3150801E04004233946304607AAE9F70DFA002840D1D4
S3150801E050BDF81E2052BA92B2131DD91941453BD8B3
S3150801E060BDF81C109BB2B1F5007F2FD1032A33D915
S3150801E0700C2B28BF0C233946304607AAE9F7F3F9D2
S3150801E080BDF81E30B3F5806F0ED10898E9F748F848
S3150801E0901D4B834228BF03461F461B4B67619842A7
S3150801E0A094BFA061A3616DE75BBA9BB2072B13D935
S3150801E0B00898E9F735F807460998E9F731F8B842B3
S3150801E0C00AD3114B9F4228BF1F46E6E73B449FB23E
S3150801E0D0B4E717283FF456AF0BB0BDE8F0834343C6
S3150801E0E0E06800EB53005DE7DA7D02F0FD02012AE4
S3150801E0F008BF9861DB6957E7F03F0020072F04083E
S3150801E10080EE3600003004089AC4200010B50B4B87
S3150801E110044693F8590015F07CFF68B123785BB97A
S3150801E12094F8A030012B07D104F18C004FF47A71D1
S3150801E130BDE81040EAF781B910BD00BFF03F0020E5
S3150801E140122200211FF07DBF38B5054608300C465E
S3150801E150E8F7F6FE50B1A96800220B4643B92046F6
S3150801E160FFF7EEFF04F11200FFF7EAFF002038BDC2
S3150801E1709C4207D01A461B6BF0E7136B3BB11B6B2E
S3150801E180136304E0002AF8D109B10B6BAB600023D5
S3150801E1902363E4E701460148D6E700BF8836002035
S3150801E1A070B5037804460D4616462BB30022164968
S3150801E1B0FFF772FD04F12C00FFF7ECFF637823F0FB
S3150801E1C01F03637016B94FF4E163A360204600216B
S3150801E1D0FFF72BFD0020012D84F8A20003D094F847
S3150801E1E0A03063B970BDD4F89830002BFAD0D4F8B2
S3150801E1F09C10BDE8704018470029F3D1EFE70023CA
S3150801E20084F8A030EEE700BF083004083822002160
S3150801E2101FF017BF2DE9F04100F1080805464046F1
S3150801E2200C4617461E46E8F78BFE00B1FEE7204668
S3150801E230FFF7ECFF069B2146404684F83470666278
S3150801E240A362E8F77DFE10B9AB682363AC600020D2
S3150801E250BDE8F08107B5836A0A4600930146436A19
S3150801E2600248FFF7D7FF03B05DF804FB88360020A4
S3150801E270036810B5044673B1017BFF2902D0EBF799
S3150801E280A1FA40B92146FF2301F80C3F2046BDE813
S3150801E2901040EBF79FBA10BD70B5866900F11003FF
S3150801E2A09E4204460D4603D0837A1D44857270BD8D
S3150801E2B04368002BFBD00368002BF8D0FFF7D8FF83
S3150801E2C0237B2189A572E37201310020E9F702FD5A
S3150801E2D001463046BDE87040EAF7AFB8012101486A
S3150801E2E0DAE700BFE445002030F8082B72B1084B85
S3150801E2F093F8591051B1A3F5805393F8483E5B073B
S3150801E30004D44FF47A715143EAF797B8EAF709B991
S3150801E310F03F002008B50B4890F85930022B0DD173
S3150801E320A0F5805393F8483E5B0707D4B0F8CC3480
S3150801E33058300133A0F8743417F070FABDE8084074
S3150801E3400148D1E7F03F0020B844002010B5044643
S3150801E350E8F71CFEA06110BD38B5224D044695F8B4
S3150801E360593033B195F85B0010F0080001D110F06F
S3150801E37007FA94F82430012B02D0022B0DD038BDB0
S3150801E38004F11000EAF7CDF82B7A590705D56FF392
S3150801E390820315482B72E9F72FFF144890F8483E77
S3150801E3A09A060AD56FF3451380F8483E90F8523E0F
S3150801E3B000F64860C372EBF7B8FA94F86E309B071B
S3150801E3C00AD54FF6FF710A48EBF79AFA94F86E30B8
S3150801E3D06FF3410384F86E3004F10800BDE8384054
S3150801E3E0E9F70ABFF03F0020FC3F0020F02F00208C
S3150801E3F0383E002038B592F824300546012B1446DC
S3150801E40002D0022B1DD038BD09B10F2916D12B799F
S3150801E410284643F001032B71FFF798FF0B4B0C4A73
S3150801E420C5E90934137A04F1100043F004031372A1
S3150801E4304FF49671BDE83840E9F7FFBF022382F829
S3150801E44024302046BDE8384086E700BFF5E30108D9
S3150801E450F03F002037B5837F04460DF107012C30C4
S3150801E4608DF807300FF046FF054668B99DF8073065
S3150801E470A27F9A4208D0A3778DF800306946012316
S3150801E480082001AA0FF013FF284603B030BD012367
S3150801E49010B543770446E8F779FD206204F12C00AC
S3150801E4A0BDE8104010F038B810B5437F0446022B7A
S3150801E4B004D1037FDB0701D515F0AAFE002294F8E3
S3150801E4C03E30627762F3000384F83E3004F12C0093
S3150801E4D0BDE810400FF0E4BF10B50446FFF7E4FFAE
S3150801E4E0A37F20460133A377FFF7B4FF18B9204667
S3150801E4F0BDE81040CBE710BD4FF6FE720D4B10B5C7
S3150801E500B3F858140446914213D0B3F85A040128B3
S3150801E5100DD90CF091FAB4F844300BB1834208D9FD
S3150801E520A4F84400606CBDE8104015F0BDBD01209B
S3150801E530F1E710BDF03F0020002343804FF4287314
S3150801E54003806FF07003837070474FF4B4732DE93D
S3150801E550F04FADF54F7D19AE0446059174AF002114
S3150801E560154630464FF4B272ADF8CC3172971FF0AA
S3150801E57068FD4FF4B272314638461FF081FF00211B
S3150801E5802468182209A807911FF05BFD204609A9EE
S3150801E5900AF08EFF90B920223146204608AB0AF0D0
S3150801E5A0A5FF58B9089B0090CDE90163DDE90B3257
S3150801E5B0BDF8241007A8EFF7B9FE08B100230793A1
S3150801E5C0079B049363B3002374990793002940F0CA
S3150801E5D03681DFF810834FF4AE7276A81FF031FD4D
S3150801E5E043464FF48062049807A90AF0C6FE82469C
S3150801E5F030B9079F3A88B2F5885F12D06FF0860A5C
S3150801E60074A80AF023FD07980AF0A2FE5046FBF704
S3150801E61027F9044604980AF013FF002C00F012812A
S3150801E620FEE7BDF8D421D7E9086422F4FF7222F087
S3150801E630010242F49072ADF8D4217A68120A012ACD
S3150801E64000F0CF80A64B9A4200F0BE80002AD5D1B1
S3150801E650234632463946CDF8008076A806F08CFB6B
S3150801E660824630B90423079874930AF071FE8246EC
S3150801E670CCE710F1860FC3D1DDF8D881B8F1000FC8
S3150801E68040F0DD80974BDFF86092402C08AF769317
S3150801E690CDF8DC913C6055D940234FF0000B22465A
S3150801E6A0C7F800B0314600934846019709AB06F012
S3150801E6B00FFA10F1860F824638D15946DC2219A87D
S3150801E6C01FF0BFFC402349463B6019A80AF09EFB90
S3150801E6D0834658B119A80AF049FBDA46402109A828
S3150801E6E009F0E0FC76A80AF086FC89E7199B4B45F8
S3150801E6F025D1224631461AA806F0AAFA11F038FBA6
S3150801E70009F0E5FC83460028E4D13B46402209A9E5
S3150801E71019A80AF0D7FB834619A80AF027FB8246EF
S3150801E720BBF1000FD9D110F1860FD7D0BAF1000F7E
S3150801E730D4D109AE324600233746089C10E06FF063
S3150801E740880BC7E7002CF4D02246314609A81FF0EA
S3150801E75097FEEEE71178013381F0360102F8011BC5
S3150801E760A342F7D1C4F140094A46362130191FF0B0
S3150801E77068FC0DF2BF2244450ED1B0AB4A465C2176
S3150801E78018191FF05EFC584978A80AF06DFB8246F5
S3150801E79058B140213846A3E716F8013B08F10108AC
S3150801E7A083F06A0302F8013FE5E709A9402278A840
S3150801E7B00AF003FB8246402109A809F073FCBAF165
S3150801E7C0000F8FD101234EE7234632463946CDF84D
S3150801E7D0008076A806F0D0FA824600283FF442AFB8
S3150801E7E00EE7002E3FF40AAF0146B82276A81FF0BD
S3150801E7F028FC3B88B3F5885F7FF400AF2246314693
S3150801E800384676ABCDF8588205F0F9F882460028E5
S3150801E8107FF4F6AE7B88DA08203BB3F5F47F959250
S3150801E820BFF4ECAE7B9B1C329342FFF4E7AE7EABA2
S3150801E83018467A991FF024FE05237A9013E76FF09C
S3150801E840880ADDE6059807A9E8F7C1FB042207A9A6
S3150801E85072A8EAF736FE0622244972A8EAF731FEBB
S3150801E860729E0DF12008C8F80040002E00F00081C4
S3150801E8703368002B00F0F6807279D20740F1F280F6
S3150801E8803779002F00F0EE80202F00F2EE80042B5E
S3150801E89000F0B980052B00F0C180012B40F0DF8024
S3150801E8A0B268002A00F0DE80114B22F47E119942EB
S3150801E8B04BD1F368002B46D0F06C002843D00023D7
S3150801E8C01022099319A909AB11F0E0F910F1860F85
S3150801E8D004460FD088B3933435D16FF06F040BE03B
S3150801E8E002008000090080030900000210300408B4
S3150801E8F00002C0036FF07104102119A809F0D2FBB8
S3150801E900204609F0E4FB044600286AD020230020AB
S3150801E910C8F800303071C0F12002212128441FF0C7
S3150801E92090FB30460AF092FB002C18BF2046FAF7F6
S3150801E93097FF002800F09F80FEE73A46284619A966
S3150801E9401FF09EFDD8E7534CD6E7534B1340B3F15E
S3150801E950607F40F087800022D6F80C904F495FFA15
S3150801E96089F343F000738B42099240D003F17E4349
S3150801E970043B0F2B3ED84A4A134493F82EA006F1BE
S3150801E980100B2022584609AB19A90AF017FB0446B1
S3150801E9900028BBD1494658460AF066FA044658BBD0
S3150801E9A05246584606F1F0010AF007FA044618BB22
S3150801E9B05846099A19A90AF000FA0446E0B920222C
S3150801E9C0584609AB19A90AF0F9FA0446A0B919A9D2
S3150801E9D03A4628461FF054FD099911B119A809F0BC
S3150801E9E061FBC8F800700024D8F8000093E74FF0DF
S3150801E9F0400AC4E79246C2E70999002986D019A8B0
S3150801EA0009F050FB82E743463A46294606F10800D3
S3150801EA1011F03CF904460028E5D077E7D6F88820B6
S3150801EA201D4B1340B3F1607F0ED1D6F8AC20CAB1A5
S3150801EA3097421AD3284606F18C011FF021FDD6F814
S3150801EA40AC30C8F80030CEE73B462A46CDF8008000
S3150801EA5006F1080106F1880010F06EFFDAE76FF09B
S3150801EA60860453E76FF0880450E76FF089044DE791
S3150801EA706FF086005BE7729828B10AF0E7FAFAF7B1
S3150801EA80EFFE18B1FEE76FF08600F8E70DF54F7D4A
S3150801EA90BDE8F08F009FFFFF0000C07F0300000262
S3150801EAA0E82F04082DE9F043044697B041680EAAF9
S3150801EAB0FFF74BFD0AAE00220EA904F10800EBF799
S3150801EAC0DAFB06AF304615F02FFB02AD384615F0D6
S3150801EAD02BFB284615F028FB0122304612A9EBF735
S3150801EAE0CAFB616820460EAA0139FFF72EFD0122ED
S3150801EAF0384612A9EBF7BFFB616820460EAA013119
S3150801EB00FFF723FD2846012212A9EBF7B4FB636838
S3150801EB10344CDDF81890D4F8A40E03F07F0808F1F8
S3150801EB200108484584F8D88E03D0FAF7D7FFC4F808
S3150801EB30A49ED4F8B40EDDF82890484503D0FAF718
S3150801EB40CDFFC4F8B49ED4F8C40EDDF80890484544
S3150801EB5003D0FAF7C3FFC4F8C49EB4F87C3E9B06FB
S3150801EB603CD5EFF31183302282F3118800221E4C23
S3150801EB70626083F31188BFF36F8F04F10C0C97E879
S3150801EB800F0004F11C078CE80F0096E80F0004F14A
S3150801EB902C0687E80F0095E80F0086E80F004FF668
S3150801EBA0FF731022A38784F83E306146E06801AB03
S3150801EBB084F80180FAF780FE00B1FEE71022394693
S3150801EBC0E06901ABFAF778FE00B1FEE7102231469B
S3150801EBD0E06A01ABFAF770FE00B1FEE717B0BDE8CF
S3150801EBE0F08300BFF02F0020F0590020436870B56C
S3150801EBF08B420446154605D1BDE870404FF4807036
S3150801EC000FF048BDD00701D5A38F53BB0023154A82
S3150801EC10A362C2F8D43EB2F87C2E92060AD5EFF367
S3150801EC201182302080F311880F48436082F31188DE
S3150801EC30BFF36F8F002620466160E662FFF732FF59
S3150801EC4004F1400026870949E9F7F7FBAB0748BFF6
S3150801EC50638F4FF4807048BFA387BDE870400FF0FB
S3150801EC6079BC70BDF02F0020F059002080EE3600E7
S3150801EC7008B50F490F48E9F7E0FB0F4BB3F8102E1B
S3150801EC80B3F8141E013292B2A3F8102E11B101394C
S3150801EC90A3F8141EB3F83C1E914207D8D3F8DC1D1D
S3150801ECA00222BDE80840054801319FE708BD00BFBB
S3150801ECB080EE3600083E0020F02F0020C83D0020D7
S3150801ECC01B4AF8B5CE68D2F8DC4D0546A6422DD9C1
S3150801ECD00A7D341B52B3022A1CD10F69384615F036
S3150801ECE0DBF918B3012C18D06C78204615F091F988
S3150801ECF0E0B1BB7F03F00F03072B17D1022C15D107
S3150801ED0005F128039F4211D12846BDE8F8400121A3
S3150801ED1016F0B2BC012C07D1002444F00202314698
S3150801ED20BDE8F840034861E70022F8E7F8BD00BFEF
S3150801ED30F02F0020C83D002030B50446134887B09F
S3150801ED400D4605909AB10598FAF7C8FE1023CDE944
S3150801ED50015301234FF488510D4A009305A841F246
S3150801ED600103EFF7E3FAFAF77BFD20B1FEE7FAF7BD
S3150801ED70ADFD0028E7D02068059B984201D0FAF737
S3150801ED80ADFE059B236007B030BD00BF0100020040
S3150801ED90090080030378024613F001001CBF4023D3
S3150801EDA00B70137818BF01209B0710B541BF0924C2
S3150801EDB0431C0C54D8B213785C0741BF0A24431C80
S3150801EDC00C54D8B213781B0741BF0B22431C0A54B3
S3150801EDD0D8B210BD7F2930B51FD001EAE173417859
S3150801EDE05B423F298CBF0022012202EBD10202F0CD
S3150801EDF01F0262F3C701417001889BB2DB00551EF1
S3150801EE00C1F30A049BB205FB043393FBF2F30A46EA
S3150801EE1063F30A020280002030BD0720FCE743782D
S3150801EE200278FF2B1CBF01334370437810B5082BBA
S3150801EE3028BF08235C1E04FB021191FBF3F1017044
S3150801EE4010BD7F2938B5044620D04378C170072BF9
S3150801EE508ABF8578FF2505F00305FFF7BBFF024644
S3150801EE60A0B92046FDF716FD64300306C1B20ED5DA
S3150801EE70022D1FD8124B2B4493F83E3093422CBFD8
S3150801EE8000230123A27863F30102A27038BD022D83
S3150801EE9095BF162014200A4A0A229BBF521992F8D6
S3150801EEA03E30022392F84120884205D38A4205D38F
S3150801EEB00A46E3E70223E1E70323E3E70223E1E75F
S3150801EEC0E82F04080B4610B5C478011DE21D184643
S3150801EED0D2081FF0D5FA047410BD38B5037A0D4669
S3150801EEE0012B144603D0022B1BD0062038BD4FF048
S3150801EEF0FF3100230288E1706FF00101237063700E
S3150801EF00A370637153BA2171E3802A7C402A06D91A
S3150801EF10403A2046D2B205F10801FDF701FD00206D
S3150801EF20E4E701461046FEF720FBEEE730B58C888C
S3150801EF300A68032C01D8062030BD137803F0D803DC
S3150801EF40C02BF8D113885BBAC3F30A03038053882D
S3150801EF505BBA4380137813F020030BD0042CEAD054
S3150801EF6005251379DB002A44641B838000200A6087
S3150801EF708C80E1E70425F6E7132200211FF061B82A
S3150801EF8003681969FEF7C4BD10B55022044600216D
S3150801EF90B8301FF056F80348EAF741F9C4E9060103
S3150801EFA010BD00BF0420002038B5044620480D4690
S3150801EFB0EAF735F9D4E90632C31A61EB0202C4E964
S3150801EFC00601D4E93E01C01842EB0101C4E93E013C
S3150801EFD0042D0BD8DFE805F0030B131B2300D4E936
S3150801EFE03410C91842EB0000C4E9341038BDD4E91D
S3150801EFF03610C91842EB0000C4E93610F6E7D4E921
S3150801F0003810C91842EB0000C4E93810EEE7D4E914
S3150801F0103A10C91842EB0000C4E93A10E6E7D4E908
S3150801F0203C10C91842EB0002C4E93C12DEE700BFF6
S3150801F0300420002030B5044699B02422002104A8F2
S3150801F0401EF0FFFF02236578ADF83430284614F028
S3150801F050E0FF002844D0A388254AADF81230236A78
S3150801F060D2F8860ED2F88A1E089309AB03C3D4F8E0
S3150801F0701802D4F81C12022D03C34FF005038DF8AC
S3150801F0801050ADF83430A5700DD1A06AE16A01AB14
S3150801F09003C3B4F848300420ADF80C300EAA0A238D
S3150801F0A001A90FF004F9124DA268D5F8DC3D032039
S3150801F0B00593D5F8043E04A913440693D5F8003EF2
S3150801F0C013440793E3780EAA8DF8113026230FF01F
S3150801F0D0EEF8069BC5F80C3E079BC5F8083E04E00A
S3150801F0E004A80FF0CDF80028DDD019B030BD00BF57
S3150801F0F0F02F002038B5044600F5FC7528460FF0B8
S3150801F100CFF904F500700549FEF72FFA28460FF0E6
S3150801F11003FABDE8384008200FF01CBA763E0020F5
S3150801F12040F60B03F0B5124C85B094F83B7394F88E
S3150801F1303A630546A06FADF8043084F87D7084F80B
S3150801F1407E60E7F7EDFF94F87C30CDF806008DF880
S3150801F1500A3094F87F30294601A88DF80B708DF88E
S3150801F1600C608DF80D30E9F755FE05B0F0BD00BF0E
S3150801F170F03F0020054B93F85B20120704D41B21AE
S3150801F180B3F8CA24EAF731B800207047F03F0020E7
S3150801F19010B504460648ECF75BFA38B12046BDE8D7
S3150801F1A0104008231621024AE9F7DDBF10BD00BF4A
S3150801F1B0443D002070B50546FFF7EAFF044658B9F5
S3150801F1C00648ECF745FA38B12846BDE870400823E9
S3150801F1D01721024AE9F7C7BF204670BD703D0020D6
S3150801F1E038B505780446BDB9C0E901120B4890F84F
S3150801F1F0591001290ED9022902D1583016F03CFAC4
S3150801F2004FF47A712046012300F80C3BE9F715F90A
S3150801F210284638BD2946F5E70525F9E7F03F0020D8
S3150801F22038B500F1100504462846E9F77AF90D4B79
S3150801F23093F85930A3B12378013B012B03D828460B
S3150801F2406168E9F765F92378012B09D0237A013B2F
S3150801F250012B05D82846E168BDE83840E9F758B9D1
S3150801F26038BD00BFF03F0020838823B9036813B96E
S3150801F27006200EF0EEBD06200FF07ABC10B5837F8E
S3150801F280044603F00F028A420FD061F30303837722
S3150801F29003F00F03072B08D10448E9F7C0FF4FF421
S3150801F2A07A7200231EF0DCFC606310BD0420002086
S3150801F2B038B5457804468D4204D1BDE83840042066
S3150801F2C00FF0E8B9417004200FF044F9012D0CD173
S3150801F2D0607814F09EFE40B13748E9F7A0FF4FF475
S3150801F2E07A7200231EF0BCFC606129462046FFF7AE
S3150801F2F05BFE6378042B3DD8DFE803F0030B11307E
S3150801F3003600B4F8B8300133A4F8B830002D3CD033
S3150801F31031E0B4F8BA300133A4F8BA30F6E7B4F8F4
S3150801F320BC30012D03F10103A4F8BC3008D1E37800
S3150801F330227883F00803C3F3C00363F3C302227080
S3150801F34094F846301B0720D0B4F84830022B1CD954
S3150801F350E37883F00803C3F3C00317E0B4F8BE30BB
S3150801F3600133A4F8BE30D1E7B4F8C0300133A4F8AC
S3150801F370C030CBE7DDB1002104F12800FFF77EFF9D
S3150801F380012D14D16378022BD1D000230B4890F8B4
S3150801F390682EC2F3400199420DD063F3410280F809
S3150801F3A0682EBDE8384000F64860EBF795B96378F2
S3150801F3B0022BC5D0E9E738BD04200020F02F002034
S3150801F3C010B504465C2200211EF03BFE00212046B2
S3150801F3D0FFF754FFFF2384F83B3084F83C3010BD17
S3150801F3E0F8B5314D044695F859200E46002A59D0EC
S3150801F3F04378002B56D1012A18BF03811430FFF731
S3150801F400DFFF6378A670012B1CBF0123637095F893
S3150801F410593004F17006012B42D1208910BB40F204
S3150801F420EE21E8F757FC411C3046E9F706F895F84E
S3150801F4305930012B36D14FF6FF72238901339BB21E
S3150801F440002B08BF13462381B5F81A3195F85B00DE
S3150801F450013310F00800A5F81A3123D1BDE8F840A8
S3150801F4600FF030B9013880B21F2812D841F2AC2208
S3150801F470834093420DD8FB278740E8F718FC3223CF
S3150801F480B0FBF3F202FB13013944B94238BF3946DE
S3150801F490CAE74FF4FA610548E8F72AFC0746ECE79C
S3150801F4A00121C1E7F8BD00BFF03F0020804F1200DF
S3150801F4B038B5037804460D46082B30D8DFE803F043
S3150801F4C0050D202531383E114500887F00F00F00D3
S3150801F4D0072814BF0020012002E00846EAF793F93D
S3150801F4E0F0B14FF6FE726388934202D0AA8B9A4214
S3150801F4F015D1606870B32946BDE83840EAF7AABE57
S3150801F5008B7F03F00F03042BE3E78B7F03F00F03D5
S3150801F510012BE6D00C3303F00F03032BE1D90020AE
S3150801F52038BD8B7F13F00F0F0CBF01200020D7E7E2
S3150801F5308B7F13F00F0018BF0120D1E70846EAF7C1
S3150801F54062F980F00100C0B2CAE78B7F03F00F03AE
S3150801F550052BBEE70120E3E72DE9F0410D461646E6
S3150801F5601F469DF91880C46A0CB9BDE8F08115B12A
S3150801F5702379AB4212D1032E10D8DFE806F0021F19
S3150801F580363263799A0709D4DB0709D42468002C33
S3150801F590EBD0002DF5D02379AB42F2D02468E3E70E
S3150801F5A0E3683946013304F10A00E360FFF737FCE3
S3150801F5B0414604F10800FFF70DFCE7E76079C0F35F
S3150801F5C040000028EAD0E3683946013304F10A000D
S3150801F5D0E360FFF724FC414604F10800FFF7FAFB54
S3150801F5E0DCE76079C0F38000EBE76079C0F3C0001F
S3150801F5F0E7E7002370B50D4616460B6004680CB99B
S3150801F600204670BD31462046E7F710FC0028F7D1A1
S3150801F6102C602469F3E737B50A46044601A9043084
S3150801F620FFF7E7FF0546E8B104F1780398421BD3D3
S3150801F63004F1D803984217D2019B6BB963680BB1E1
S3150801F6401B6963604FF400500EF084FF0020636F5E
S3150801F6502B61656703B030BD1A69002AF2D01269B9
S3150801F6601A61EFE71720F5E72520F3E7002370B5C0
S3150801F6700D4616460B6004680CB9204670BD314626
S3150801F6802046E7F7D3FB0028F7D12C606469F3E736
S3150801F69037B50A4601A90446FFF7E8FF0546F0B162
S3150801F6A004F1140398421CD304F17403984218D246
S3150801F6B0019B73B923680BB15B69236020462A460F
S3150801F6C00021FEF7D2F9002023696B61256103B099
S3150801F6D030BD5A69002AF1D052695A61EEE71720FE
S3150801F6E0F5E72520F3E707B50A4601A9FFF7BEFFA7
S3150801F6F0003818BF012003B05DF804FBF8B50546CC
S3150801F70010460E461446FDF76EFF38B92378FF2BCF
S3150801F71004D021461748FFF7E6FF48B32246334689
S3150801F72004F110071C4610685168083203C4BA422E
S3150801F7302346F7D112882280338A43B94FF6FF72DE
S3150801F7402B88934205D14FF440432B803382002006
S3150801F750F8BD4FF2BF0201339BB2934201D1013387
S3150801F7609BB203F53B52213292B2132AF7D9ECE741
S3150801F7700720EDE72437002070B501F1310323F0A6
S3150801F780010393F901300546002B0E4686B01DDAB2
S3150801F790062306AC8DF8073000F10C030FCB04E9FC
S3150801F7A00F0002A80BF034F9002847D0244802A913
S3150801F7B0FFF799FF0446D0B19DF80730062B1FD8ED
S3150801F7C0DFE803F01922303438383800042130468E
S3150801F7D00DF10702E9F731FC044640B90146102349
S3150801F7E0304602AAE9F790FC04460028D9D0686C8D
S3150801F7F014F05AFC05E0E7F7C9FB032328626B7787
S3150801F8000024204606B070BD0D4805F12C01FFF70E
S3150801F8106AFF0028F4D02846FEF746FE2846FEF77A
S3150801F82036FEEDE72846FEF73FFEE9E72846FEF7EE
S3150801F83053FEE5E72846FEF75FFEE1E70224D6E731
S3150801F8402437002010B5027F1C2B6FF300020446F3
S3150801F85002770CD190F84630013B1D2B1DD9BDE826
S3150801F86010401E2380F84630406C14F01DBC23B1AD
S3150801F870201DBDE81040E8F7BFBC01B9FEE701F15C
S3150801F880310323F001035B78442B01D01B06EFD526
S3150801F8902046FFF771FF1C28EAD110BD028A0B8AA0
S3150801F8A09A4201D1E7F7C2BA002070472DE9F04123
S3150801F8B0037804460E46904643B100F13E013046B0
S3150801F8C0FFF7ECFF00283BD0002520E000F12C07CC
S3150801F8D002213846FEF7BEFC0546C0B9334604F197
S3150801F8E03E0206F1100153F8040B8B4242F8040B51
S3150801F8F0F9D11B881380A38F63B93A463946114853
S3150801F900FFF7FCFE054628B13846FEF743FC2846B4
S3150801F910BDE8F08104212046FEF787F92046FEF767
S3150801F9204BFAB8F1010FCFD10748ECF7C9F9D4F86A
S3150801F9309830002BC8D03046D4F89C109847C3E7B6
S3150801F9400525E4E788360020283900202DE9F0430B
S3150801F9500646002491B00AA888461546FEF7F0FB2C
S3150801F960354BCDE903440293337873B905A8FEF7FD
S3150801F970E7FB12230C200DF1060205A9ADF80630A6
S3150801F9800EF016FCB0FA80F46409172706F13E0951
S3150801F9902CE054B105A90AA8E7F748FA28B1BDF839
S3150801F9A03820BDF824309A4231D0172F0CD09DF853
S3150801F9B03A20AB7C9A4207D818D1102229460AA8C0
S3150801F9C01FF035FD002811DA2B460AAA0DF1380C6D
S3150801F9D0174603CF6745186059603A4603F108038D
S3150801F9E0F6D138681860BA8800279A8041460AAA6B
S3150801F9F002A8F2F7F1F8D8B996F8A030033B022B22
S3150801FA00C7D848460AA9FFF749FF0028C1D02A46A0
S3150801FA100AAB0EAD1C4603CCAC42106051602346BE
S3150801FA2002F10802F6D1002720681060A3889380A6
S3150801FA30384611B0BDE8F0832443002030B50D46A1
S3150801FA4087B01823144600216A46E7F70CFD9DF88E
S3150801FA501430AB4209D12046FDF7C5FD18B9214638
S3150801FA6001A8E7F7E3F907B030BD0020FBE72DE968
S3150801FA70F04104460D46174606683EB93B462A46F6
S3150801FA802046BDE8F04107210FF01ABA2A46072198
S3150801FA903046FFF7D3FF08B9F669EEE7BDE8F0810E
S3150801FAA030B548F2FE020446002385B00C4902A887
S3150801FAB0CDE90023FDF759FDE56E45B964236A468C
S3150801FAC0052104F16C000FF0FBF905B030BD6A465B
S3150801FAD005212846FFF7B2FF0028F6D1ED69ECE7C4
S3150801FAE07040002030B548F2FE020446002387B074
S3150801FAF00D4904A8CDE90223FDF737FD68462168BB
S3150801FB0014F081FB009D0DB907B030BD05212846CB
S3150801FB1002AAFFF793FF18B129462046E8F728F805
S3150801FB206846E7F751FBEDE77040002070B54FF6E0
S3150801FB30FE7204460026154D012105F50053A3F86A
S3150801FB40582483F87464FFF7B3FB04F59070FDF746
S3150801FB5005FA04F16C00FFF7C5FF04F5E270E8F752
S3150801FB60E0FC237805F5805566F3C303237001206D
S3150801FB70A4F8B461A4F8BC610EF002FE95F8483EFB
S3150801FB8066F3041385F8483E70BD00BFF01F0020D8
S3150801FB90012970B5044605D12348EAF7E1FF234850
S3150801FBA0EAF7DEFF63787BB304F16C0504F17400B0
S3150801FBB0E8F7B7FC28460025E7F7E2FF04F5867063
S3150801FBC084F80851E8F7ADFC04F5F070E8F7A9FCEC
S3150801FBD0174884F8D051E8F7A4FC2046FFF7A6FF9A
S3150801FBE004F515700EF032FD04F510700EF02EFDB9
S3150801FBF004F50A700EF054FC04F504700EF050FC7E
S3150801FC0029462046FFF754FB94F89C31012B0AD16B
S3150801FC10D4E96830002284F89C21C4F8A02113B1E4
S3150801FC20BDE87040184770BD343D0020603D002096
S3150801FC30083E0020034890F8F411012901D15830F3
S3150801FC40A6E77047F03F002010B543780446FBB19C
S3150801FC50012B03D190F82131012B17D094F82331C8
S3150801FC6013B90C48EAF77CFF2046FFF75FFF00212E
S3150801FC7004F12800FFF702FB4FF6FE712046FDF757
S3150801FC8035F8002104F59070FFF7AAFB002010BD96
S3150801FC900D20FCE7603D002010B51A4C94F8603140
S3150801FCA073B394F85930012B08D0002384F86031D6
S3150801FCB004F5B270BDE81040E8F733BC94F8613139
S3150801FCC053B904F5B27084F86031E8F72AFC04F1F7
S3150801FCD05800BDE81040B7E7013B05214FF47A709B
S3150801FCE084F86131E8F704F8014604F5B270E8F7DB
S3150801FCF0A4FB04F158000321BDE8104015F0BCBC73
S3150801FD0010BD00BFF03F00201FB5E7F73FF9204BB4
S3150801FD1093F859209AB393F80C22013A012A14D878
S3150801FD20D3F81022821A002A0FDB93F80D22032A30
S3150801FD3004D9184805B05DF804EB85E703F15800C6
S3150801FD4005B05DF804EB15F069BD93F81422013A84
S3150801FD50012A17D8D3F81822801A002812DB93F83B
S3150801FD601532032BE5D848F2FE02002302A80A49F8
S3150801FD70CDE90023FDF7F9FB684614F050F905B003
S3150801FD805DF804FB054805B05DF804EBFFF748BAD2
S3150801FD90F03F00204840002070400020FC41002030
S3150801FDA0F0B51C468DB0074602A80D461646E7F77C
S3150801FDB00AF9238C2BB12A8A9A4202D007200DB060
S3150801FDC0F0BD234602AA04F1200C144618685968A6
S3150801FDD0083303C463452246F7D1186820609B8817
S3150801FDE006A8A380FDF7FFFB90B105F112010846AD
S3150801FDF0FDF7F9FB0028E1D10B4606AA05F1220C0D
S3150801FE00144618685968083303C463452246F7D16E
S3150801FE10BDF82A3023B96B8C002BCFD0ADF82A3028
S3150801FE2002A8FDF7E0FB18B1294602A8E7F7B2F8E0
S3150801FE302B8A03B32B8A0822ADF828305BBAADF8B2
S3150801FE400030BDF82A3069465BBAADF802307389CD
S3150801FE50304608335BBAADF804300023ADF80630F6
S3150801FE60E7F7CEFD0028AAD1B0811122304602A9B2
S3150801FE7010F078FBA3E72A4629463846FFF73EFCE9
S3150801FE800028D7D09BE770B58C4C90B094F8DC3934
S3150801FE90023B032B00F28380DFE813F00400DE0047
S3150801FEA009010400002308208549019305930FF0F1
S3150801FEB03FF805460198A84202D013F00DFE0195B8
S3150801FEC0019B002B00F09980002301A88DF80830CA
S3150801FED00BF074FE0546002874D101984389303326
S3150801FEE0B3F5A06F5DD2012276497748FDF7D4FEB6
S3150801FEF040B1B4F8DE59E7F7DAFE80B28542A4F8D4
S3150801FF00DE09F8D006A814F0D6F80C23002106AAB3
S3150801FF100198E7F7A8FAB4F8DE3900215BBA019827
S3150801FF20ADF8183006AA0C23E7F7B6FB012101A89C
S3150801FF300AF018FA0546002844D14FF40073014621
S3150801FF4006AA0198ADF822300C23E7F7A5FB06A807
S3150801FF50019DE7F738F85D492A4606ABA1F55C70BD
S3150801FF60FFF71EFF0646054660BB0190E7F70EF848
S3150801FF7094F8DD39C4F8E80966F303030321524806
S3150801FF8084F8DD39FDF751FE514B93F85B301B07B9
S3150801FF9002D40B200AF0DAFD019813F09DFD10B08A
S3150801FFA070BD012629468DF80860E7F735F932460E
S3150801FFB048494548FDF770FE01A80BF0FFFD0546C7
S3150801FFC0002890D094F8DC39052B1CBF052384F84A
S3150801FFD0DC3994F8DD3903F00F02072A0FD801320C
S3150801FFE062F303030A21FA2084F8DD39E7F780FE74
S3150801FFF001463948E8F721FACEE70325E2E7D4F8BE
S31508020000E40978B105214FF6FF73B0FBF1F1994285
S3150802001028BF194689B2B1F5FA7F38BF4FF4FA718B
S31508020020E7F766FE01462C48E8F707FA0A22D4F8EB
S31508020030E4392946B3FBF2F3284A03EB0313934246
S3150802004094BFC4F8E439C4F8E429254A0023A2F186
S315080200507000FCF704FC9FE70A22D4F8E43902216F
S31508020060B3FBF2F31D4A03EB03131748934294BFFB
S31508020070C4F8E439C4F8E429FDF7D7FD184A002381
S315080200801C21A2F17000FCF7EAFB94F87E3AFF2BDA
S3150802009005D10D4810B0BDE870400AF0F1B9013338
S315080200A0DBB2022B84F87E3A7FF679AFF1E706488F
S315080200B010B0BDE87040FDF77FBE00BFF02F0020EC
S315080200C0002704082C300408CC390020F83900200F
S315080200D0F03F0020343004084C3A002080EE360007
S315080200E03C3A0020F0B5044600268BB0FCF7FEFD2C
S315080200F0434D02212046FFF7DBF804F59070FCF722
S315080201002DFF95F8483E04F5DA776FF3041385F860
S31508020110483E3846A4F8B461A4F8BC61FCF746FF29
S315080201203846FFF77DF884F8086104F58670E8F723
S31508020130F8F994F8D031022B1ED184F8D061012641
S3150802014094F8D1319E40D5F8543E05F580551E40A7
S31508020150C5F8DC649EBB05F2EC40E8F7E2F985F8DF
S31508020160E6644FF47A73C5F8E03400230321254880
S31508020170A5F8E434FEF790F84FF6FE72E388934248
S3150802018018D0B4F844209A4214D0B4F8003168461C
S315080201900133A4F80031E6F716FF00201A490EF0DB
S315080201A0C7FE054630B10021E7F736F858B12846AA
S315080201B0E7F710F8B4F84430E3800BB0F0BD114805
S315080201C0FEF756F8CDE7684604F50471E6F7E2FE4F
S315080201D0D4F8F001D4F8F41104AB03C34FF07F430B
S315080201E00693FE23E288694652BAADF81E202846CF
S315080201F03B22ADF81C3010F0B5F90028DAD0D6E764
S31508020200F02F0020CC440020002704082DE9F041F5
S315080202100C4690B0054606A8E6F7D5FE23460AAC74
S3150802022003F11006224618685968083303C2B34216
S315080202301446F7D1294906A8E6F7ACFE44F64C530C
S31508020240ADF83A30FF2300218DF83C3028460123C9
S315080202500DF10B02E7F707F99DF80B80B8F1000FCD
S3150802026031D103AF1E4E3A4601210A232846E7F743
S31508020270FAF8D6F8DC4DD6F8043E2046CDF80D300D
S31508020280E6F74EFF04F07F040A233A460121CDF829
S315080202901100013428468DF81540E7F7FDF90B23BE
S315080202A029464046009706AA0EF0E2FE90B9D6F80D
S315080202B0043ED6F80C2E01339342C6F8043E02D306
S315080202C00848FEF7B7FE08492A4606ABA1F5246098
S315080202D0FFF766FD10B0BDE8F08100BF404200207E
S315080202E0F02F002048400020C840002000232DE9B6
S315080202F0F047CCB08DF82C3183790646D80731D42D
S31508020300634D95F8590013F084FE58B395F85B309F
S31508020310990702D40AF0A0FB20B34FF6FE73B5F88C
S3150802032058249A421ED0002303220593594B05A846
S31508020330596806938DF81C204FF00108FDF7E8FB73
S31508020340059F9DF82C418FB964B105A8E6F73BFED7
S315080203504FF2BF03ADF836304FF6FE73B5F85824A0
S315080203609A422ED101200AF0B9F98EE00F2CECD070
S315080203703B7D13BB0FAB994603EB041ACA4512D150
S31508020380631C8DF82C314CAB03EB04143B46F43C4E
S3150802039007F1100C224618685968083303C26345E8
S315080203A01446F7D107E048463946E6F73FFD09F114
S315080203B010090028E2D087F8148005A8FEF7E0FDA8
S315080203C0BEE728200EF0D2FD074600284DD00E23A0
S315080203D04FEA041804A98DF810308DF81180E8F751
S315080203E0BFFE0446002848D1424638460FA9E7F719
S315080203F095F90446002840D195F85B309A070DD442
S315080204000AF02AFB50B10DF10F000BF0DDFE04468F
S3150802041098BB9DF80F30A3F57C7301E0B5F8583404
S3150802042009AAD5E9920182E803004FF07F420B92AE
S31508020430FE225BBA05A8ADF83020ADF83230F1F7E6
S3150802044051FC3946144B1548009605AAE8F7DAF81E
S31508020450044690B9B37943F00103B37195F85B305A
S315080204601B0712D40AF072FB0FE001200AF036F9D4
S315080204700121304600F014F807E03846E6F7AAFEEE
S3150802048001200AF02BF9032CF2D04CB0BDE8F08714
S31508020490F03F002024370020D1040208003800204B
S315080204A0837910B5DB07044602D583887BB1FEE75C
S315080204B039B98180FFF71AFF2046BDE81040FEF7DA
S315080204C0D3BE83880BB19942F6D2A180F4E710BD58
S315080204D02DE9F04706220025C2B007460E461C46FD
S315080204E08DF804518DF8072013B929B90624002579
S315080204F0BB79DA0741D4FEE701F1310323F00103A0
S315080205005B78442BF2D1042130460DF10702E8F755
S3150802051094FD04460028EBD10E21304602AAE8F7DC
S315080205200CFD50B19DF804319DF807500BB1002D12
S31508020530DCD0B5FA85F56D09DAE7BDF80A30190790
S31508020540D4D1FF2BD2D8BDF80A309DF80421002B4E
S31508020550E8D00F2A1FBF531C8DF8043105AB03EBF5
S31508020560021202A908BF002210233046E7F751F803
S31508020570102102A8E7F790FBE5E76FF30003BB71CA
S31508020580002303220293274B02A8596803938DF886
S315080205901020FDF7BDFADDF80890B9F1000F0BD16E
S315080205A09DF807301C4314F0FF012AD13846FFF79D
S315080205B077FF42B0BDE8F08799F81430012B1AD1BB
S315080205C0EDB99DF80431A3B105AA904602EB031AC8
S315080205D0C245464601D1002607E040464946E6F7A7
S315080205E025FC08F110080028F2D0B6FA86F35B0952
S315080205F05B0089F8143002A8FEF7C2FCCBE7022397
S31508020600F7E74FF6FE72084BB3F858149142D0D06A
S31508020610B3F85A04012803D90AF00EFA0146C5E7C7
S315080206200121C3E724370020F03F002070B50546B4
S31508020630087C0E461446FCF785FF00B9FEE72846F5
S31508020640F9F7B2FD31462846FDF700F8337C621EFB
S31508020650DB080334082B14BF1946092112F8010FC7
S315080206604B1CA242DBB26854F4D170BD10B50446E5
S3150802067086B001A8ADF81410F9F796FD214601AA2D
S315080206800248FFF73BF806B010BD00BF88360020C7
S3150802069037B5054600680C46F9F718F958B110221D
S315080206A02146286801ABF9F707F900B1FEE7019B75
S315080206B0102B06D0FEE7204603B0BDE83040F9F716
S315080206C073BD03B030BD30B503680446002B0D4632
S315080206D085B00DDB6946FFF7DBFF29466846E6F774
S315080206E0A5FB28B14FF480200DF0D4FF05B030BD2C
S315080206F02946002501222046FEF71EFB4FF48020DC
S315080207000DF028FF4FF480700DF024FF2046656037
S31508020710FEF7C8F9034BC3E92455C3F89850C3F842
S315080207208C50E3E7F03F00202DE9F04304469FB0E2
S3150802073004A8FDF705FD18A8FDF702FD94F8A050D8
S315080207404FF00009002D00F0BB8023781BB1EB1E89
S31508020750022B00F2B58004A8FDF7F2FC0021204620
S3150802076018AAFFF7F3F870B994F8A030032B02D051
S31508020770032384F8A03004AE18AF0FCF0FC63B6828
S315080207803380002681E06A4B09A8019300234FF0C3
S315080207901708CDE90233E6F72FFC0EA901A8F1F7EF
S315080207A0D3FC864678B1B8F1000F38D0012120462D
S315080207B018AAFFF7CBF80028E3D194F8A030052B46
S315080207C0D9D00523D5E7B8F1170F9DF848C010D13F
S315080207D009AE0EAF0FCF0FC6D7F800800EAFC6F818
S315080207E0008013AE0FCF0FC6E146C6F80080F0466A
S315080207F0D3E79DF83430A3EB0C031B0605D509AEE7
S315080208000EAF0FCF0FC63B683360CC45C5D913AEC2
S315080208100EAF0FCF0FC63B68E1463360BDE7CDE9A1
S3150802082002880EA901A8F1F78FFC88B99DF848300D
S315080208309DF834209342F4D09B1ADBB2802BF0D871
S3150802084009AE13AF0FCF0FC68DF85C903B683360C5
S315080208500023CDE902330EA901A8F1F775FC90B37E
S3150802086009A904A8E6F796FB3523ADF8203094F8D3
S31508020870A030042B9DF8343035D194F8A1209A4241
S315080208803FF47FAF84F8A130012623785BB104A92F
S3150802089004F13E00FFF702F800B18EB100220121F1
S315080208A02046FDF77DFC04A8FCF79DFE014600B331
S315080208B094F8A030033B022B02D8022384F8A03016
S315080208C01FB0BDE8F0839DF848209DF834309A425F
S315080208D0C1D19DF835309DF84920934228BF134669
S315080208E08DF83530B7E784F8A130042384F8A030B0
S315080208F0CAE7022D15D008D9033D022D15D90122C2
S31508020900204604A9FEF7D2FFDAE7D4F8942004F1C8
S315080209108C039A4208BF012104F12400FCF746F829
S31508020920EDE7294604F12400F8E70321FAE700BFB8
S3150802093024430020F8B53B4B04461B780D46002B92
S315080209406DD1394E96F80C38002B68D04FF6FF73E6
S31508020950B6F8507E9F4207D1E7F7A9F981B2B942A4
S31508020960FAD03248E8F7CCFF00272046FFF7DEF830
S3150802097004F504700DF0D0FD04F510700DF050FE6C
S3150802098004F515700DF04CFE2046A188FCF7AEF969
S3150802099027492848A6F8147EA6F8107EE7F74DFDE3
S315080209A004F59076A4F82871A5BB2348EAF7D8F887
S315080209B0B0FA80F0400984F82301204C94F8597063
S315080209C0A4F86051012F25D14FF6FE72B4F85C30B7
S315080209D093421FD0C3F30803E3B194F85A30022BAB
S315080209E018D104F18000E8F70EFF98B104F5B87043
S315080209F084F86071E9F762FC04231921284684F811
S31508020A006131E7F767F9411C04F5B270E7F715FD9E
S31508020A100020F8BD00213046FEF7E2FCF8E70D207B
S31508020A20F7E700BF5B190020F02F0020383E0020B0
S31508020A3080EE3600083E0020343D0020F03F0020BC
S31508020A40F8B5184C94F82852012D29D104F158000A
S31508020A50002194F82972B4F82A62FFF799F800205F
S31508020A600021A4F5805393F8522EB3F8503EC4E9F8
S31508020A708C013946A4F5DC70A4F82A3284F82922B6
S31508020A80E9F701FE3146A4F5DC70E8F739FF0223DF
S31508020A9084F82832294604F15800BDE8F84049E7A7
S31508020AA0F8BD00BFF03F002010B50C4600F5F871FE
S31508020AB02046EAF76BFA60B104F10800FCF767FD15
S31508020AC038B1A07BFB288EBF002080F00200C0F35D
S31508020AD0400010BD10B50C4600F5F8712046EAF73D
S31508020AE055FA28B104F10800BDE81040FCF75BBDD1
S31508020AF010BD13232DE9F04F85B00C46694607460B
S31508020B00B0F80A808DF80030E8F72AFB0546002877
S31508020B103AD138463F49FCF768F90546A0BB012C8D
S31508020B2026D03D49DFF8F8A0A1F67850FEF7DBFD9E
S31508020B3070B338460AF67851FCF757F9002867D198
S31508020B400226DFF8E090DFF8E0B0D9F834470CBBAC
S31508020B500DF019F960B1D9F8381701A8CDE9014A9B
S31508020B608DF80C40FCF7D4FF2C4C019900293BD197
S31508020B707B896A46023BA3EB08038DF8013041469E
S31508020B8002233846E6F788FD284605B0BDE8F08F09
S31508020B900126D6E72046FCF736FD18BB48F2FE02C8
S31508020BA0238823F47C5393421CD021465846FFF7E8
S31508020BB07BFFB8B921465846FFF78CFF90B9204605
S31508020BC01449E6F733F968B920461349E6F72EF9C8
S31508020BD040B921463846FCF708F9C8B90136F6B2D3
S31508020BE0042EC5D06469B2E794F85B301B0703D5B7
S31508020BF00846FCF739FE38B13846FCF7F6F838B934
S31508020C000136F6B2042EB3D001A8FEF7B9F9ACE75D
S31508020C100546B9E7584200209C440020F03F0020D0
S31508020C2024370020F02F0020484000202DE9FF41FC
S31508020C3000F11407064639464448E9F70BFB40B16A
S31508020C40434890F85930022B7BD000218030FEF7BA
S31508020C5015FB0B2013F0A2F90546002873D00421D0
S31508020C6096F8593006F15102E8F77DFA044600284B
S31508020C705ED1DFF8E88005212846D8F8002EE8F785
S31508020C80C0FA0446002853D108212846D8F8042E6B
S31508020C90E8F7B7FA044600284AD108F58058012130
S31508020CA0284698F85B20E8F795FA044600283FD1CB
S31508020CB002212846D8F86420E8F7A3FA0446B8BB06
S31508020CC0052212212846E8F790FA044680BB2846F0
S31508020CD0FEF750FA044658BB98F85B309B072ED4A9
S31508020CE028463179FFF705FF044608BB02230D2182
S31508020CF02846184AE8F737FA0446C8B92846FEF7D6
S31508020D0059FA0446A0B907213846FEF7B7FA124B34
S31508020D103946C5E9093648F2FE0302A8CDE9003488
S31508020D20FCF723FC69462846FFF770FA044610B119
S31508020D302846E6F74FFA204604B0BDE8F0810323B9
S31508020D40D5E71824F7E70324F5E700BF704000202B
S31508020D50F03F00203C300408610D0208F02F002005
S31508020D60037970B514461A0705460BD50C4B93F84A
S31508020D705B0010F0080605D101200DF01FF8304679
S31508020D800DF0FEFC2B799B0708D56378042B05D159
S31508020D90012323712046BDE8704047E770BD00BFB6
S31508020DA0F03F002037B5A74C94F8AA3194F8792178
S31508020DB003F00F03032B0BD1022A12D0032A07D101
S31508020DC094F87E3101A88DF8043009F073FCD8B97D
S31508020DD094F87931042B3ED8DFE803F03A3F52B84B
S31508020DE0C20001A809F038FA00B1FEE79DF80430FE
S31508020DF053B994F8B03103F00302C3F38103934263
S31508020E0028BF1346032B3BD194F85930022B0AD13B
S31508020E1094F87A31012B02D9033B022B03D894F8B2
S31508020E207831D907D4D58848FFF700FF0028CFD1F3
S31508020E3094F87931042B07D140F2E241834803B092
S31508020E40BDE83040E7F7F9BA042384F87931F3E7C5
S31508020E500023A4F8803103B030BD02237C48002168
S31508020E6084F87931FEF70AFA94F8783101206FF39B
S31508020E70000384F87831002384F87D310DF080FC74
S31508020E8094F87D31013384F87D3194F87931022B57
S31508020E9000D0FEE70DF1020009F0DEF960B99DF80F
S31508020EA0024020460AF0D8FD012CC5D014F0FD0FE9
S31508020EB0D1D140F2EE21C1E70023019394F85930CB
S31508020EC0022B4DD094F87B31002B49D1614D95F810
S31508020ED0453DDA0704D505F65450EAF7B9FB18B1C9
S31508020EE094F85B309B073BD401A809F0BBFB10B111
S31508020EF0D5F8543E0193FF2300258DF803300DF1F2
S31508020F00030101A8E8F766FC2B4601350028F6D04E
S31508020F10DBB25A1C4FF4AF63B3FBF2F3502B38BF64
S31508020F205023A4F8823194F879310120032B1CBF8F
S31508020F30032384F879310AF08FFDFF2384F87E3182
S31508020F40B4F8821100297FF479AF84E7424809F0A0
S31508020F50B1FB28B9012194F87E0109F0F1F9EFE70E
S31508020F6094F8793113B1002384F879313848FEF7B9
S31508020F7027FA94F87B51012D16D0022D2AD094F81F
S31508020F807A31052B3FF667AF01A252F823F000BF6C
S31508020F90E30F020837100208570E02083710020834
S31508020FA0E30F0208E30F02082C48E9F7D9FDA0B9B6
S31508020FB013F09CF8022384F87B3194F879313221B4
S31508020FC0012B4FF0000018BF84F87951E6F782FE2C
S31508020FD0411CB7E72248E9F7C3FD002384F87B31B1
S31508020FE0CDE794F85930022B0ED194F85B4014F0F1
S31508020FF008047FF430AF20460CF0E0FE204603B02A
S31508021000BDE830400DF0BCBB94F82832022B0CD157
S31508021010002394F82912134884F82832E9F733FB97
S31508021020B4F82A120F48E8F76BFC0F4803B0BDE87C
S315080210303040FEF709BE0021034803B0BDE8304040
S31508021040FEF7CEB9F03F002068410020D8410020C3
S315080210507C410020F02F00206E410020603D0020D8
S31508021060343D0020383E0020484000202DE9F04F4C
S31508021070C5B00C4603AA0C210646E7F75EFF0746EB
S31508021080002846D1BDF80E50FE2D00F28B80BDF821
S315080210900C80728905EB08039BB29A42C0F08280E3
S315080210A0A37994F805A00193FE23444C01468DF8D2
S315080210B00B3004AA0DF10B0304F54D7094F85BB0DE
S315080210C0ECF71FFF2A4641463046D4F8343313F06C
S315080210D06DF8D4F8348384F83853C14645444D45EF
S315080210E01BD8019B1BF0010F84F83BA384F83A3303
S315080210F002D13348ECF76BFE94F83A3494F8382365
S315080211004FF40070934238BF134684F83A340DF010
S3150802111021FA384645B0BDE8F08F09F10202954238
S3150802112037D399F8016002364E44B54231D399F85D
S3150802113000205208012A03D0052A1ED0B146CEE75E
S315080211404846ECF7C6FD20B34846ECF7D2FD002820
S31508021150F4D08642F2D9831C9E421AD343789A1C4B
S315080211600244964215D30178490806291ED8DFE8B3
S3150802117001F01F1D1B0E1D1D0E004846ECF7BFFD94
S3150802118038B14846ECF7E1FD02304844E1E7012B65
S315080211900CD89DF80B5040462A4604A91DF070F952
S315080211A084F838530627B4E79B07F2D11046D0E7EE
S315080211B004494B43B3F1553FF8D9EAE7F03F00201B
S315080211C024430020ABAAAAAA2DE9F0430D4689B00A
S315080211D0044606A92868FBF74EFE064698B9236A0E
S315080211E0069A9A420BD19DF81C2094F824309A420A
S315080211F005D19DF81F2094F827309A4207D06378C4
S31508021200022B1FD00226304609B0BDE8F0832378A8
S31508021210DA071FD4E37813F0010F444B19BF9DF880
S315080212201D2093F83B339DF81E2093F83A339B1AF8
S315080212301B060FD4002304F5DA70A4F8BC31FDF7B7
S31508021240EFFFE0E7204606A9FBF736FD237843F0D1
S315080212500103237008231621286804AAE7F754FF16
S3150802126018B117281ED00626CDE7314904A8EAF791
S31508021270EFFA80462868B8F1000F07D0182102AAAB
S31508021280E7F75BFE00283AD14FF001080823172139
S3150802129028680DEB0302E7F737FF30B11728E2D1CA
S315080212A000270FE04FF00008F0E7224902A8EAF704
S315080212B0CFFA074628682FB1192101AAE7F73DFE9A
S315080212C0E8B9012706A92868FFF7D0FE0146814634
S315080212D018B1172815D0064695E7B8F1000F03D0BE
S315080212E0286804AAFBF7FBFD27B10121286802AA90
S315080212F0FBF7F5FD23786FF3000323709AE74FF0A7
S3150802130000096D682B78FF2B0DD14FF47A710020F6
S31508021310E6F7E0FC421C05F1100104F16C00FEF749
S31508021320A6FB4E466FE70A22F5E700BFF03F00200C
S31508021330443D0020703D002000232DE9F04FAFB058
S31508021340CDE9123314938DF854304B79044613F0D1
S31508021350180F0D469146CDE9101240F0B580138A52
S3150802136048F2FE0223F47C53934240F0AD8048468D
S31508021370FCF79AF90646002800F0A68099F8243068
S31508021380FF2B40F0A1800123284689890DF111021D
S31508021390E6F769F8002840F0978001212846E5F724
S315080213A0C0FF9DF81130FF2B40F0C4800123284668
S315080213B0A9890DF11202E6F756F8002840F0848052
S315080213C001212846E5F7ADFF9DF81230112B7BD196
S315080213D0A84C94F8E432012B76D11A2128460DAA94
S315080213E0E7F7ABFD00286FD13C2200211FA81CF0AD
S315080213F028FE20238DF8B5306B8A05F12C00ADF84E
S31508021400AE302B7A09F118018DF8B230FBF742FAA1
S3150802141095F82E308DF8B3001FA88DF8B430002742
S31508021420E8F70FFFBDF8363073B994F82E33DB07A9
S3150802143001D5002F48D0D4F8C032002B44D0D4F8B6
S31508021440C4121FA898473FE029460DAA16A8E7F72F
S31508021450EDFCC8BB9DF8593043B99DF85830082BA6
S315080214603DD009D8022B25D0032B30D0BDF85C100D
S315080214700DA8E6F711FCD5E7122B54D0812BF5D12E
S31508021480042328460BAA0DA9E6F7C3F8E0B99DF886
S315080214902D30012B18D99DF82E30C3F3C0021B0933
S315080214A043EA02139DF8B52022F01F0213438DF872
S315080214B0B530DBE708232846BDF834100DF195024E
S315080214C0E7F775FD0028D1D02FB0BDE8F08F1022BE
S315080214D02846BDF8341021ABE7F73CFDF2E7BDF824
S315080214E06020002AC2D0102A28BF10221746BDF84B
S315080214F05E800DF19E008DF89D20F8F755FE3A465E
S315080215000DF19E034146284612F050FE94F82E33FA
S31508021510DA0706D558490DF19D00E9F755FD002869
S31508021520D2D03746A2E72846BDF834102CAAE7F7E8
S315080215306DFDC7E76278002AC6D0002BC4D10DAE6E
S315080215400A2332462846A989E5F78DFF0028BBD12A
S315080215500A212846E5F7E5FE9DF83430152BB3D166
S3150802156000964A4629460120AB89DDF83970DDF82E
S3150802157035B00DF07DFD0028A6D13846E5F7D0FD39
S3150802158001230DF11202A98980462846E5F76BFF69
S3150802159009AE0121284609F1180AE5F7C2FE3046C6
S315080215A05146E8F74EFE9DF81270344B0C2FCDE9E2
S315080215B01F361FA866D10DF077F90646002865D1B1
S315080215C0CDE912B80021284608AAE7F775FD0028D2
S315080215D040F00081304612F05FFD002800F0FA80E4
S315080215E094F82131042B40F0F5800A2128460BAAEB
S315080215F0E7F762FD002840F0ED80BDF82C30BDF813
S3150802160020209B0AB3EB922F40F0E480284616A9C5
S31508021610FBF731FC002840F0DD800C2128461FAA82
S31508021620E7F78BFC002840F0D580162108232846C8
S315080216301FAAE7F769FD0146002800F09C831728D0
S3150802164040F0C88094F82331022B02D10C48E9F7FE
S31508021650B7FA0823172128461FAAE7F755FD0028D7
S3150802166000F09483172840F0B5800548E9F7A8FAF0
S3150802167091E300BFF03F0020CC4200200100FEFFAC
S31508021680603D00200DF010F9064670B1B37F03F0F5
S315080216900F03072B09D1B369434533D133699B45F8
S315080216A0FFF412AF0BF1010333613B1FCDE912B808
S315080216B01496102B3FF608AF01A252F823F000BF8A
S315080216C015170208C9140208C9140208C91402081F
S315080216D0DF170208C914020895190208C914020874
S315080216E0C5150208A91F0208452102082D1E02086F
S315080216F0C9140208C91402082D2302080926020879
S315080217009F260208BFF4E0AE0023C6F81880F360ED
S315080217107361C7E7607812F07CFC00285AD0002172
S31508021720284616AAE7F7C8FC002853D128461FA957
S31508021730FBF7A1FB00284DD16378022B45D104F1B2
S3150802174028039E4246D1B4F84420BDF858309A423E
S3150802175003D02046FEF778FA3CE0236A1F9A9A429B
S3150802176005D19DF8832094F827309A4207D020465F
S315080217701FA9FBF7A1FA237843F001032370E5F7C3
S3150802178005FC20632378DE070FD4E37813F0010FF4
S315080217907F4B19BF9DF8812093F83B339DF8822031
S315080217A093F83A339B1A1D060BD54FF47A7100202B
S315080217B0E6F790FA09F11001421C04F16C00FEF7F3
S315080217C056F902238DF8543004E0304612F064FCD0
S315080217D00028D7D1204610A9FDF772FA74E63046DA
S315080217E012F05AFC07460028F4D05921284608AABE
S315080217F0E7F7A3FB0646002876D1DFF894A1DAF8C4
S315080218004C35002B70D083468046CDE91F002190C7
S31508021810BDF8221041B9B8F1000F40F0AD80BBF116
S31508021820000F61D01FA9A9E0294608AA16A8E7F75A
S31508021830FDFA002858D19DF85930A3B99DF85830B9
S31508021840BBB1052B0FD1B8F1000F4DD1BBF1000F7B
S315080218504AD101232846BDF8201007AAE7F7A7FBB5
S31508021860002841D1B846BDF85C1008A8E6F714FA74
S31508021870CEE7B8F1000F37D1042328460BAA08A9E8
S31508021880E5F7C7FE80BB9DF82D30012B2CD99DF9B3
S315080218902E309DF82EB0002B0CDB1BF0400F1AD110
S315080218A0BBF10B0F50D007D8BBF1090F2ED0BBF1F5
S315080218B00A0F36D0BB46D6E7BBF1400FFAD19DF8E0
S315080218C07C30DDF82F0043F001038DF87C30E5F714
S315080218D027FC2090EEE707232846BDF820100BAA1E
S315080218E0E5F7C1FD0028E7D0204610A9FFF76CFCF2
S315080218F094F8BC310546012B04D0E378180701D4C5
S3150802190008F094FE002D3FF45CAF63E79DF87C3047
S3150802191043F002038DF87C309DF82F308DF8843021
S31508021920C8E7FF229DF87C3043F004038DF87C302B
S315080219309DF82F3003EB83135B007F339BB2B3FB17
S31508021940F2F38DF88530B5E79DF87C307F2243F0B7
S3150802195008038DF87C3082239DF82F1013FB012390
S31508021960FF22B3FBF2F36FF07F02823B9342B8BFCA
S3150802197013468DF886309DE79DF81C603246DAF8E4
S315080219804C55DAF8503509F11000A847ACE700BF04
S31508021990F03F002005F12C0B5846FAF77BFF002191
S315080219A0064606AA2846E7F787FB00287FF412AF01
S315080219B094F82131042B3FF40DAF122128460DF17C
S315080219C01602E7F779FB00287FF404AFBDF8163054
S315080219D0012B7FF6FFAE8DF88400042128461FAA44
S315080219E0FBF7B0F900287FF4F5AE9DF88420082AA3
S315080219F07FF4F0AE04F596711FA81DF018FD0028B5
S31508021A007FF4E8AEDFF82094514616A8E8F719FCE9
S31508021A1099F85930022B0BD116A909F18000E8F77B
S31508021A2019FC28B194F8203143F0010384F82031D7
S31508021A3028460BA9FBF71FFA00287FF4CBAE102124
S31508021A4028460DF11302E7F7F8FA00287FF4C2AE2A
S31508021A500C220F2128461FAB9DF81370E7F753FA9D
S31508021A6000287FF4B7AE9DF87D30092B02D8072BE4
S31508021A707FF4B0AE284605A9FBF71BFA30B1172842
S31508021A807FF4A8AE4FF6FF73ADF81430643676B21B
S31508021A9026EAE676F6B2B74228BF3746012694F812
S31508021AA052318DF8546003F00F03032B35D116A972
S31508021AB004F59A70E8F7CEFB78BB3846FAF7F8FED3
S31508021AC094F85831BDF8181003F0030CC3F38103D8
S31508021AD0634528BF63469842BDF8162040F0B98090
S31508021AE0B4F85031C1F30801C3F30803B1FA81F01F
S31508021AF0B3FA83F340095B0998420BD19DF87E300D
S31508021B00C4499B09CB5694F97A11994200F09B80F5
S31508021B1003DB5FE600297FF45DAE284608AA07A91B
S31508021B20FBF792F900287FF455AE0321284604F202
S31508021B307112FBF707F9064600287FF44BAE04F547
S31508021B409A755146284604F5AB79E8F77AFB484672
S31508021B50E7F78AFFB4F8583104F5AD7003F0F003DD
S31508021B6043F4FE43A4F85831E7F77EFF04F5AE7056
S31508021B70E7F77AFF5846FAF78DFE01464846FDF71B
S31508021B8060F984F85361E5F701FABDF81830C4F82C
S31508021B903C01A4F85031079B9DF81300C4F8403164
S31508021BA0C4F84831089B0321C4F84431BDF81630FD
S31508021BB0A4F8543194F8523143F0F00384F85231C0
S31508021BC0FAF776FE94F8583160F3830384F85831AD
S31508021BD02846FDF753FB9DF882308E4A84F86E310B
S31508021BE0BDF81430C4F84C81A4F86F319DF87E30E4
S31508021BF09B09D35C84F87A319DF87F3084F87B316F
S31508021C00BDF88030A4F87C319DF87D30092B40F26E
S31508021C10AC80BDF885305BBAA4F87E319DF8873072
S31508021C2084F8803104F5C273DDE90B0183E8030009
S31508021C309DF8843084F88171012B8CBF002301231F
S31508021C4084F88C31C6E59DF87F1094F87B31994269
S31508021C5002D03FF662AFBDE5B4F854319A42F8D1E4
S31508021C609DF87D30B4F87E21092B0ED9BDF8853052
S31508021C705BBA9BB293420DD19DF8876094F8803186
S31508021C80B34209D0BFF4A6AD47E7B2F5A06FF5D0C7
S31508021C904FF4A0639342DCE79DF8802094F87C31E8
S31508021CA09A42D6D19DF8812094F87D319A42D0D1B4
S31508021CB099F85B30190754D4D9F8681056484FF486
S31508021CC01B520023A1FB00011BF0CAFF431C41F172
S31508021CD00002894603FB01FC4FF41B5102FB00CCB0
S31508021CE0A3FB00320646A3FB010E944401FB0CE15A
S31508021CF00023494A1BF0B4FF9DF815309DF814E0FD
S31508021D0003EB83035B00A3FB06C203FB09230393CE
S31508021D10AEFB00231CEB020294F870C10EFB0133E2
S31508021D200CEB8C0C4FEA4C0CACFB06E60CFB09667A
S31508021D3094F86FC10292ACFB00900CFB0100039A67
S31508021D4042EB03031EEB090E029A46EB00069E427D
S31508021D5008BF964505D0724573EB0606FFF4DDAE5D
S31508021D6038E594F88131BB428CE74FF4A063A4F8B6
S31508021D707E31012354E728461FAAFBF7B0F8172835
S31508021D803FF460AC00283FF45DAC23E50121284608
S31508021D901FAAFBF7A4F82148FDF7C8FE1F4816A993
S31508021DA0FAF78AFF04F59A731F461D4A04F5B67CAC
S31508021DB0164618685968083303C663453246F7D18A
S31508021DC0186830601B7938463371FDF7F9FA154BF6
S31508021DD0284603F58056B6F8BB2016A9A3F8FC2EAA
S31508021DE0BDF82030A6F89C30FFF740F9BDF82C1054
S31508021DF006F15800FEF776F996F85B5015F00805D5
S31508021E0006D128460BF0DAFF28460CF0B9FCD8E4CE
S31508021E100120FAE7E824040840420F00484000205F
S31508021E2070400020F02F0020F03F002003231421E9
S31508021E3028460BAAE7F768F900287FF4CBAC0823F3
S31508021E401621284616AABDF82D60E7F75DF900287F
S31508021E507FF4C0AC1521284608AAE7F72DF9002811
S31508021E607FF4B8AC0223B44D8DF85430BDF858301F
S31508021E7076BA95F8527EF6B2CBB305F6545116A841
S31508021E80E9F7E6FCBE4255D1BDF82020B5F8503E2A
S31508021E909A424FD10028FFF69DAC4ED0A74B93F835
S31508021EA05930012B3FF496AC1FA808F0A7FB00286F
S31508021EB061D094F8D05116A8E9F7DAFB012D05D1BD
S31508021EC0D4E9762382428B41BFF484ACBDF8203034
S31508021ED0C4E97601A4F8D2310123FA2184F8D16142
S31508021EE084F8D03104F5F070E6F7A7FA72E4DDF863
S31508021EF05A8005F6545116A8E9F7AAFCB8F1000F5C
S31508021F000BD0BE42C0D0002816DA05F5805393F8E6
S31508021F105930012B7FF45EACC6E7BE42BDF85E308F
S31508021F2005D1B5F8501EBDF82020914211D0B3F55F
S31508021F30807F13D000281CDBB6D14FF6FF717F4A8B
S31508021F40B2F82E368B423FF445AC0133A2F82E3650
S31508021F5040E4B3F5807F3FF43DAC9BE73046002171
S31508021F6008F0EEF90022304609F1100108F09CF952
S31508021F7030E4724BCBE716A91FA8E9F769FC0028DB
S31508021F8097DBE5F703F8D5F8A42D6D4B9A4290D066
S31508021F90D5F8A03DC21A002ABFF61CAC4EF65F223F
S31508021FA01B1A934285D815E4304612F075F80023B9
S31508021FB0074660788DF89C308DF8A5308DF8783014
S31508021FC012F027F820B994F80831012B7FF402ACF5
S31508021FD00021284608AAE7F76FF800287FF4FAAB2B
S31508021FE009F110030DF1A60209F1200953F8041BA1
S31508021FF04B4542F8041BF9D11FA80021FAF765FCE4
S315080220000B21FAF762FC032128460DF19D02FAF725
S3150802201099FE30B117287FF4DDAB00238DF8A53081
S3150802202009E004211FA8FAF750FC0821FAF74DFC2B
S315080220300521FAF74AFC04F128039E426AD11121C6
S31508022040284607AAE6F7F9FF002842D017287FF4A0
S31508022050C1ABB4F84420BDF820309A427FF479AB7C
S315080220607FB1204610A9FFF7AFF800287FF4B2AB7C
S315080220701021284606AAE6F7E0FF80B317287FF460
S31508022080A9AB28460BA9FAF714FF18B955211FA8B8
S31508022090FAF71BFC0D2128460BAAE6F74EFF48BBAA
S315080220A0BDF82E602846202E28BF202616AB3246BB
S315080220B0BDF82C1012F07AF816AB1D468DF878602A
S315080220C01E44AE4219D015F8011B1FA8FAF7FDFBEC
S315080220D0F7E79DF81C30012BBBD1FFF73ABB9DF8F9
S315080220E01800FAF7E5FB94F84C3060F3830384F89A
S315080220F04C30C6E717287FF46DAB0223204610A999
S315080221008DF85430FCF7DCFD20461FA913F088FB36
S31508022110FFF760BB00211FA88DF89C10FAF7D5FBC4
S315080221201121FAF7D2FB9DF8A530002BECD0042139
S31508022130FAF7CBFBE8E700BFF02F0020F03F0020BC
S315080221408C3D00200027042128461FAA8DF884709A
S31508022150FAF7F8FD20B117287FF43CAB8DF88470A6
S315080221606378012B02D0022B33D0FEE794F80831AC
S31508022170012B7FF42FAB9DF88420082A7FF42AAB23
S3150802218004F58C711FA81DF052F900287FF422ABC2
S31508022190112128460DF11602E6F74FFF30BB2046FD
S315080221A0FDF752FD002304F5DA75A4F8B431284682
S315080221B0FAF7FCFE94F8BC31012B05D14FF47A717B
S315080221C004F5DE700BF0D0FD2846FDF729F8FFF777
S315080221D001BB04F128039E427FF4FCAA94F8463018
S315080221E003F00F03072BD3D0FFF7F4BA01212846D1
S315080221F016AAE6F722FF00287FF4ECAA9DF85830C3
S31508022200E27843F004039A427FF4E4AA6378012B46
S3150802221002D0022B1AD0FEE728460BAA08A9FAF71B
S3150802222013FE00287FF4D6AA089B07216363E3639B
S315080222300B9B04F12800A363FDF720F82046A1882A
S31508022240FDF750FF237843F0010323700021284647
S3150802225007AAE6F731FF00287FF4BCAABDF81C30AE
S31508022260A2889B0AB3EB922F99D1204610A9FEF7B2
S31508022270ABFF00287FF4AEAA0221284616AAE6F783
S315080222802FFF38B317287FF4A5AA284606A9FAF716
S3150802229010FE002837D017287FF49CAAE67816F095
S315080222A0080636D130460BF089FD30460CF068FA3E
S315080222B01021284606AAE6F7C0FE60B317287FF45F
S315080222C089AA9DF88430002B14BF012302238DF8B6
S315080222D0543067E794F89C11169B012904D11BB95F
S315080222E0B448FDF755FC5DE7052B38BF0523B3F562
S315080222F0E14F28BF4FF4E143E2689342C5D0E36059
S315080223000CF0B2F8C1E7AC4BBDF81820A3F8FC2EC6
S31508022310C4E70120CAE79DF81800FAF7C9FA94F843
S315080223204C3060F3830384F84C30CAE7304611F028
S31508022330B3FE00283FF44EAA5821284606AAE6F715
S31508022340FCFD074600287FF445AA8DF859008DF84A
S315080223502D00BDF81A30002B3DD19DF859309BB19E
S315080223609DF85A10002900F002819DF85B30D6F8D4
S315080223702C80002B40F0D680FF2940F0B3808F4A8C
S31508022380F36A002B40F0B2809DF82D303BB19DF8E0
S3150802239014209DF82E30D50640F1ED80FE27132035
S315080223A08DF82C7011F0FAFD054600283FF409AAAB
S315080223B040F20513ADF87C304FF4567316A9ADF802
S315080223C05830E6F7CDFE002800F007812846E4F7E4
S315080223D001FFFFF7F6B9294606AA1FA8E6F726FD62
S315080223E000287FF4F7A99DF87D305BBB9DF87C3009
S315080223F0DDF87E00032B07902AD0072B22D14FF057
S31508022400030A0BAA9DF859309DF82D100B437FF449
S31508022410E1A9BDF880305345FFF4DCA953462846A6
S3150802242007A9E5F7F6F8804600287FF4D3A95146AE
S3150802243007A8E5F731FC079B8DF814800893BDF8C9
S3150802244022304BB9BDF8801006A8E5F725FC80E7CF
S315080224504FF0040A16AAD5E7012328460DF11602FB
S3150802246008A9E5F7D6F80028ECD19DF816300B2B0B
S3150802247025D008D8092B12D00A2B18D09DF814306B
S3150802248043F0100308E0402B21D19DF81430DA07F7
S315080224903FF5A0A943F001038DF814301DE09DF81D
S315080224A0143098073FF596A943F00203F4E79DF81E
S315080224B0143059073FF58EA943F00403ECE79DF85B
S315080224C014301A073FF586A943F00803E4E71B060A
S315080224D0D4D5012108A8E5F7DFFB012108A8E5F70D
S315080224E0DBFBACE742464AB903274DE71968F162B6
S315080224F0D2F868151960C2F8683541E7107988423A
S3150802250000F0F48013461268EDE71968002900F016
S31508022510F68009681960F2E098F804208A4228D001
S31508022520D8F80080B8F1000FF6D12448D0F86855DB
S315080225300DB9012728E72A6803F00F03C0F86825B2
S315080225406A79297122F00F0213436B719DF81430D0
S3150802255005F10800AB71E7F787FA05F10A00E7F714
S3150802256083FAF36AC5F80C802B60F5620CE7FE273E
S315080225700AE7022708E7012B22D1D0073FF50EAF5B
S315080225809107C2F380030ED413B917077FF506AF76
S315080225909DF814203146B08BF8F79AFB07460028B7
S315080225A03FF4FDAEFAE6002BF2D015073FF5F6AE7C
S315080225B0EEE700BF48400020F02F0020F03F002041
S315080225C0002B7FF4EBAE90073FF5E8AE51073FF5D7
S315080225D0E5AE13073FF5E2AEDCE728461FA9E6F7A4
S315080225E0BFFD00287FF4F2AE28460BA9E5F78CF961
S315080225F000287FF4EBAE284609F11001FDF706FE26
S3150802260000283FF4DEA8E1E6304611F045FD07460C
S3150802261000283FF4DFA8DFF8F480D8F85435002BF9
S315080226203FF4CFA85821284616AAE6F786FC06469E
S3150802263000287FF4C6A8BDF85A306BB9002E3FF4BD
S31508022640C0A8D8F85435D8F858259DF82C1009F1A1
S3150802265010009847FFF7B5B8294616AA1FA8E6F745
S31508022660E5FB00287FF4ADA89DF87D308BB99DF86F
S315080226707C30052B0DD1002E7FF4A3A80123284612
S31508022680BDF858100BAAE6F792FC00287FF499A821
S315080226903E46BDF8801016A8E5F7FEFACBE73046A7
S315080226A011F0FAFC00283FF495A85A2128461FAAD9
S315080226B0E6F743FC00287FF48DA816AA01232846CC
S315080226C01FA9E4F7A6FF024600287FF483A805F1AE
S315080226D02C00FAF7DFF895F82E709DF8581000903E
S315080226E03B463046FCF738FFFFF76BB8002B7FF402
S315080226F00CAFB8F1000F02D0D8F80030F362034BE2
S31508022700D3F868151160C3F868253DE6F03F002046
S3150802271000F01F03A0F50620A0F5506081280FD807
S3150802272001229A40084B400953F82010114343F8F6
S31508022730201003EB8003596921EA020159617047A7
S315080227404FF0FF30704700BF305A002000F01F03D9
S31508022750A0F50620A0F55060812810B518D80121E9
S315080227600D4A400902EB8004994063690B43636191
S31508022770D2E900130B4491680B44D1680B441169E2
S315080227805B1804D1C2E90533C2E90733536210BDA7
S315080227904FF0FF30FBE700BF305A0020036813F002
S315080227A0704205D1C3F30E030B60D3B10020704704
S315080227B0B2F1004F0AD0B2F1204F07D0B2F1304F32
S315080227C004D0B2F1404F01D0212070478268D2046A
S315080227D004D5C369002BF7D01B68E5E703F07F032E
S315080227E0E2E74368002BEFD00B60DFE730B5074C12
S315080227F0A56AA46A6A40D2B2891A101A090A41EA73
S315080228001021634023EA0100C0B230BD305A0020CD
S3150802281038B5A0F14003054602465A21DBB24120EB
S31508022820FFF7E4FFA5F146032A4604467A21DBB2FE
S315080228306120FFF7DBFF6B1D2A4639210443DBB211
S315080228403020FFF7D3FF2B2105F11403E4B22A4601
S315080228500443DBB20846FFF7C9FF2F2105F111032E
S31508022860E4B22A460443DBB20846FFF7BFFFE4B2E6
S315080228702043013840B238BD044B9B6A584043088E
S315080228805B4240421843C017704700BF305A0020C7
S3150802289010B5C38823B9CA885AB9ABB1012017E063
S315080228A0026802EB830252F8042C002AF3D1013B98
S315080228B0F0E70C6804EB820454F8044C0CB9013AAC
S315080228C0EAE79342EAD80FD3013B5A1C01D100200A
S315080228D010BD026852F823400A6852F8232094422F
S315080228E0DCD803F1FF33F0D24FF0FF30F0E710B532
S315080228F00A4CA26AA36A4240594081EA0200C00F02
S31508022900FFF7BAFFA36A521A434022EA03020840B3
S315080229101043C00FBDE81040AEE700BF305A002092
S315080229200B6810B504681C4404600B689C422CBFF3
S315080229300024012443681B1943604C6823444360FE
S315080229401068496840F100008B4238BF01301060B8
S3150802295010BD03685B180360137843F10003137014
S315080229607047137810B504688C4238BF013B137060
S3150802297003685B1A036010BDF0B504685509231F86
S315080229801E4604EB850556F8047FFF43AE423760C0
S31508022990F9D153F8046F01361E600EB9AB42F8D16D
S315080229A04FF6FF73D2088380A3585B1AA350F0BD73
S315080229B0023802288CBF0020012070474368D86B72
S315080229C07047013901D20020704750F82130002B98
S315080229D0F7D0B3FA83F00131C0EB4110704770B5F6
S315080229E015460E462422002104461BF02AFB25F032
S315080229F04003802B02D0B5F5807F08D120463146A8
S31508022A0040F8045BEA081BF03BFD002070BD6FF03E
S31508022A101F00FBE7E3E7E2E7F8B5134642880C46F0
S31508022A200732072A4FEAD20101D0A1423ED1D0E9A4
S31508022A30016705882022184600211BF002FB360A88
S31508022A40034626B1012E10D06FF08B00F8BD6CB389
S31508022A5041F20102954205D0B5F5885F02D0B5F577
S31508022A60905F1AD15C600020F0E7C660F4B141F2CB
S31508022A70010295420BD15C60B90707F001023ED408
S31508022A80002AF0D19A6842F080729A60EBE7B5F5AF
S31508022A90885FF0D0B5F5905FEDD0B5F5105F0DD132
S31508022AA0182C06D0202C04D0102C02D06FF08600E9
S31508022AB0CCE7C3E90044002ED5D0DDE705F44F4242
S31508022AC0B2F5824F1BD1EAB2122A18D11C2C19D0A0
S31508022AD0202C19D0182C12D1104A25F0FF05B5F56D
S31508022AE0E24F1A6012D0B5F5824FDFD14FF4005289
S31508022AF017F4705F0FD017F4864F0AD09A606FF0FA
S31508022B008500A3E7064AE8E7064AE6E74FF4804265
S31508022B10EEE742F480629A60CDE700BF18000080B3
S31508022B201C00008020000080F0B50B46C1680446F0
S31508022B3001298DB036D12B2A03D86FF089000DB042
S31508022B40F0BD13F003071A460DD001AD03F1280CA8
S31508022B502E4610685168083203C662453546F7D1D3
S31508022B60106801AA30600121118000215180216874
S31508022B70516061689160A168D1609FB101AA15464A
S31508022B800BAE144603CCB44218605960224603F1D0
S31508022B900803F6D12068186000231A46EA5401335E
S31508022BA02C2BFBD10020CAE7F8B505465009884206
S31508022BB00C4602F01F0601D80AD136B12846A200F1
S31508022BC00021BDE8F8401BF03CBA1F2A02D8F8BD1E
S31508022BD01F2A0FD9820005EB8003291F05EB8407FC
S31508022BE0BB421AD1201A38BF0022002105EB800009
S31508022BF01BF027FA002EEAD0002205EB8404C6F160
S31508022C002000AC42E3D054F8041C21FA06F313431D
S31508022C1044F8043D01FA00F2F3E753F804CB41F80D
S31508022C2004CFDDE70A46C18808B511B10068FFF787
S31508022C30BBFF002008BD10B568210120EEF7B4FDE0
S31508022C40044618B1682200211BF0FBF9204610BD84
S31508022C5010B524210120EEF7A7FD044618B1242257
S31508022C6000211BF0EEF9204610BD10B5044618B136
S31508022C70242200211BF0E5F92046BDE81040EEF7B4
S31508022C808CBC42F21073994270B504460D4602D9BD
S31508022C906FF00F0070BDC3888B4213D204212846F9
S31508022CA0EEF782FD06460028F2D0216841B1E28895
S31508022CB092001BF0E5FBE1882068890005F0FCF923
S31508022CC0E58026600020E5E72DE9F84305460E462D
S31508022CD09046D4883CB9F188A1420ED26FF0090712
S31508022CE03846BDE8F883D8F8003003EB840353F876
S31508022CF0043C002BEFD1013CECE72846FFF7C1FF65
S31508022D0007460028ECD1F28894420BD2AE4209D08B
S31508022D1028683168121B920001EB840100EB8400DB
S31508022D201BF0AEFBEA88F088824207D92B68121A92
S31508022D300021920003EB80001BF083F90022134660
S31508022D402968D6F800E0D8F80080944203D1C3B9BE
S31508022D500123AB80C4E75EF822C058F82260ACEBC8
S31508022D600300B0422CBF4FF000094FF00109801B47
S31508022D7041F822009C452CBF4B4609F1010301325A
S31508022D80E3E7EA8801EB840401EB82018C4202D173
S31508022D90002BDDD0A2E72268D21A34BF0123002312
S31508022DA044F8042BF2E700232DE9F7430C210646E3
S31508022DB00193FFF766FF0546002856D1346801AA33
S31508022DC004F11808414604F128072046F688FFF759
S31508022DD0A7FD39462046FFF7A3FD0199A36804F12A
S31508022DE008095B182CBF01210021A360E368484645
S31508022DF0C9182CBF01230023E160414604F12008CB
S31508022E000193FFF78DFD48464146FFF789FD48467F
S31508022E103946FFF785FD0199236904F110095B1804
S31508022E2023612CBF01230023616948465B1863614D
S31508022E302CBF012300234146019304EB8606FFF7C4
S31508022E406FFD39464846FFF76BFD019B321B193A5F
S31508022E50A36122F0030204F119039E4238BF00223D
S31508022E60294604F11C001BF0ECF8284603B0BDE81D
S31508022E70F08300232DE9F04F0F2185B006468DF821
S31508022E800B30FFF7FEFE0546002840F0C98034687D
S31508022E900DF10B02D4F81CB02368594603A8039314
S31508022EA0FFF75FFDD4F82C904946FFF75AFD039BBE
S31508022EB09DF90B1023606368002903938DF80B5064
S31508022EC080F2B2804942FFF74CFDD4F820A00DF1FA
S31508022ED00B02514603A8FFF744FDD4F83080414659
S31508022EE0FFF73FFD039B9DF90B106360A3680393ED
S31508022EF0002399428DF80B3080F299804942FFF7F8
S31508022F0030FD636A0DF10B02194603A80093FFF719
S31508022F1028FD676B3946FFF724FD039B9DF90B10C5
S31508022F20A360E3680393002399428DF80B3080F27D
S31508022F3081804942FFF715FDA36A0DF10B02194676
S31508022F4003A80193FFF70DFD5946FFF702FD49460F
S31508022F50FFF7FFFC039B9DF90B10E36023690393BC
S31508022F60002399428DF80B3067DA4942FFF7F9FCDC
S31508022F700DF10B0203A84946FFF7F3FC5146FFF78A
S31508022F80E8FC4146FFF7E5FC039B9DF90B1023611C
S31508022F9063690393002399428DF80B3050DA49424C
S31508022FA0FFF7DFFC0DF10B0203A84146FFF7D9FC38
S31508022FB00099FFF7CEFC3946FFF7CBFC039B9DF938
S31508022FC00B106361A3690393002399428DF80B30B2
S31508022FD039DA4942FFF7C5FC39460DF10B0203A857
S31508022FE0FFF7BFFC0199FFF7B4FC039B9DF90B7031
S31508022FF0A36127EAE773E361F3880021072BA3F1AC
S3150802300008024FEA820204F1200098BF00221BF050
S3150802301018F8002F04DAE02239463046FFF7ACFCEE
S31508023020284605B0BDE8F08FFFF793FC4DE7FFF79A
S3150802303090FC66E7FFF78DFC7EE7FFF78AFC97E7C9
S31508023040FFF787FCAEE7FFF784FCC5E700232DE907
S31508023050F04F112187B003908DF81330FFF711FE58
S315080230600290002840F04881039B0DF113021C6868
S3150802307005A823680593236A19460193FFF769FC95
S31508023080D4F824B05946FFF764FCD4F82C90494684
S31508023090FFF767FCD4F830804146FFF762FC656BA0
S315080230A02946FFF75EFCA66B3146FFF75AFC059BDD
S315080230B09DF913102360636800290593029B8DF816
S315080230C0133080F21D814942FFF74BFC0DF11302C2
S315080230D005A85946FFF73DFCD4F828A05146FFF744
S315080230E038FC4146FFF73DFC2946FFF73AFC3146D4
S315080230F0FFF737FCE76B3946FFF733FC059B9DF96B
S3150802310013106360A3680593002399428DF8133060
S3150802311080F2F9804942FFF724FC0DF1130205A853
S315080231205146FFF716FC4946FFF713FC2946FFF7F7
S3150802313018FC3146FFF715FC3946FFF712FC059BCA
S315080231409DF91310A360E3680593002399428DF84D
S31508023150133080F2DB804942FFF703FC0DF11302BC
S3150802316005A84946FFF7F5FBFFF7F3FB4146FFF7CC
S31508023170F0FBFFF7EEFB2946FFF7EBFB3946FFF7B5
S31508023180F0FB0199FFF7EDFB5946FFF7EAFB059BB2
S315080231909DF91310E36023690593002399428DF87C
S315080231A0133080F2B6804942FFF7DBFB0DF11302BA
S315080231B005A84146FFF7CDFBFFF7CBFB2946FFF7EC
S315080231C0C8FBFFF7C6FB3146FFF7C3FB5946FFF7B5
S315080231D0C8FB5146FFF7C5FB059B9DF913102361F2
S315080231E063690593002399428DF8133080F294801F
S315080231F04942FFF7B6FB0DF1130205A82946FFF768
S31508023200A8FBFFF7A6FB3146FFF7A3FBFFF7A1FBD7
S315080232103946FFF79EFB5146FFF7A3FB4946FFF7E0
S31508023220A0FB059B9DF913106361A369059300230F
S3150802323099428DF8133072DA4942FFF792FB0DF183
S31508023240130205A83146FFF784FBFFF782FB3946CE
S31508023250FFF77FFBFFF77DFB3146FFF77AFB29462F
S31508023260FFF777FB0199FFF77CFB5946FFF779FBD6
S31508023270059B9DF91310A361E369059300239942FF
S315080232808DF813304EDA4942FFF76BFB0DF1130244
S3150802329005A83946FFF75DFBFFF75BFBFFF759FB0E
S315080232A00199FFF756FB5146FFF75BFB4946FFF7C5
S315080232B058FB4146FFF755FB2946FFF752FB059B8C
S315080232C09DF91350E36125EAE5732362039B002106
S315080232D0DB8804F12400082BA3F109024FEA8202D3
S315080232E098BF00221AF0ADFE002D05DA4FF480725F
S315080232F029460398FFF740FB029807B0BDE8F08F0E
S31508023300FFF727FBE2E6FFF724FB06E7FFF721FBB9
S3150802331024E7FFF71EFB49E7FFF71BFB6BE7FFF7FF
S3150802332018FB8CE7FFF715FBB0E70022C18891422C
S3150802333001D800207047036853F8223033B193FA54
S31508023340A3F0B0FA80F000EB421070470132EEE7C4
S3150802335001F18041013900EB81018142034600D225
S3150802336070471B680A681BBA12BA40F8042B41F860
S315080233700439F2E710B5044688B14378012B04D123
S31508023380BDE81040406806F05BB80378012B04D10B
S315080233902422002108301AF054FE0023237010BD9F
S315080233A010B5044630B13830FFF7E4FF68212046ED
S315080233B004F078FE2046BDE81040EEF7EEB807B5F1
S315080233C0F8B10368EBB10279012A0DD15A788068FF
S315080233D001AB019205F0F2FD04220B4B0B4906F0F4
S315080233E0FFFA03B05DF804FB1B78092B09D12022EA
S315080233F001AB80680CF078FB03B05DF804EB0CF0C7
S31508023400B7BC0348EDE700BFF7750208483D040854
S3150802341000AFFFFF70B5044686B038300E46154633
S31508023420FFF7A8FF0122224B84F838201B7813EAFB
S31508023430020129D0002184F8392001A814221AF0A1
S3150802344000FE4FF410534FF6F872ADF800304FF6FF
S31508023450FF73954298BF2B46ADF80230154B4FF4D1
S31508023460807168460393EAF757FFEA1D31466846B4
S3150802347004F13C03D20805F05DFB90B104220E4B21
S315080234800E4906F0ADFA0BE084F8391040342422CE
S3150802349020461AF0D6FD2A4631462046FFF79FFAFD
S315080234A010B9002006B070BD6FF00C00FAE700BF35
S315080234B0E04A002000444004F7750208583D040813
S315080234C02DE9F0432B48079F90F8364094424CD991
S315080234D0C66A02EB42024FEA820C16EB820246D019
S315080234E05089002843D0B2F90440B2F906508C42FA
S315080234F0B2F908E02FDCA942A8BF2946BEF1000F9F
S3150802350035D000F1FF381FFA88F80EFB08490A1B66
S3150802351092FBFEF24D45D8BF404692B2904202D384
S31508023520A94218BF104656F80C2052F8206002EB42
S31508023530800C18B15CF8048D46450ED08D421EBF2C
S315080235401EFB00F1091909B2994209DC00203E6006
S31508023550B980BDE8F0832146D0E7013880B2E8E7B2
S315080235600028F3D0013880B2DFE70E20F1E7022007
S31508023570EFE700BF305A002010B5084C20461BF072
S31508023580C1F920B994E80700054B83E80700BDE8AE
S31508023590104001214FF0FF301BF0B6B9683D040810
S315080235A05C5A0020FF207047004870470080FFFFE2
S315080235B01BF03ABB2DE9F04FA7B0CDE902218046B0
S315080235C01D4604460822319F28FA02F383EA0803B5
S315080235D09E0702F1080218BF9B00202A1C44F3D159
S315080235E08123B4FBF3F303EBC313E41A7F4B04F50D
S315080235F0062493F83C3004F55064002B3CD1ECF7D2
S31508023600F3FC0646002878D10146402206A81AF09D
S3150802361018FD4022314616A81AF013FDDFF8E89184
S31508023620734BCB4609F110094B4528BF4B4600267A
S3150802363003F1FF3A10225B46CDE900A66D4806A9BA
S31508023640EBF762FA034606AA9E4243D101231022E9
S31508023650CDE900A367485B4616A9EBF755FA4FF082
S31508023660000B824616AED3454CD1634B9945D7D14A
S3150802367001225E4B83F83C204FF081090026DFF8D1
S315080236806CA1A4F50623A3F5506252095AF8220042
S3150802369004F01F01C840C0074BD40AEB82025269E4
S315080236A0CA40D20737D58122A3F6FF43B3FBF2F20B
S315080236B002EBC2129B1A002E08BF264603F5062401
S315080236C0B9F1010904F55064DBD1029B2BB326B389
S315080236D034462AE052F8040B05930492FFF718F8C9
S315080236E0DDE9042301300BD10022404B83F83C204C
S315080236F03E4B93F83C30002BBED16FF091000EE0A2
S315080237000136A1E756F8040BFFF720F80130EFD08F
S315080237100BF1010BA7E7029B23B96FF08B0027B0C9
S31508023720BDE8F08F002E18BF3446329B00201C607D
S31508023730F5E7309B13B10023309A13600FB10023CB
S315080237403B604FF0100B00232A4621462948CDF844
S3150802375000B0EBF72FFB002836D1309A274BF2B18F
S31508023760C2F800B02A689A421DD021462148ECF7D1
S315080237705FF90028D1D1D5E9022303998B4208BF04
S3150802378042452AD08123A4F50624A4F6FF44B4FBB5
S31508023790F3F303EBC313E41A04F5062490E72A6845
S315080237A09A42E8D0E1E7002FE5D03B462146114888
S315080237B016AAEBF747FB38B9309A3B681268934268
S315080237C09BD39B1A3B60D6E70D4B9842CDD0632814
S315080237D0CBD00C4B9842CED08FE7029B002BA4D0BD
S315080237E06B68012BA1D16FF0840098E7305A00204C
S315080237F0816D080098190020906D0800105D175E0B
S31508023800FFDF00F0FEDF00F0006D08002DE9F04F43
S3150802381087B08246894698461646DDF840B02AB1F0
S31508023820002B52D040F26C739A4251D8BBF1010F69
S3150802383051D8002406F11007394601200594EDF700
S31508023840B3FF0546002849D021463A461AF0F9FB45
S3150802385005ABCDE9014300942B4601225046494661
S31508023860FFF7A8FE044680B110F18C0F08BF6FF06F
S315080238708D043A46002128461AF0E3FB2846EDF75E
S315080238808CFE204607B0BDE8F08F164BC5E902A9A3
S315080238902B60C5F804B02EB13246414605F1100038
S315080238A01AF0EEFD059E3B462A4631460E48ECF7CF
S315080238B01BF838B93046FEF72BFF013008BF6FF008
S315080238C08604D6E76FF09104D3E76FF08604D8E74B
S315080238D06FF09104D5E76FF08504D2E76FF08C0498
S315080238E0CFE700BF105D175E9819002070B58CB03F
S315080238F006460D4614460021102208A81AF0A1FB16
S31508023900002205AB029307AB019306AB0093304640
S31508023910294608ABCDE90622FFF74CFE18B9099BE2
S315080239206360079B23600CB070BD30B58DB00C4642
S3150802393005461022002108A81AF083FB002205ABCF
S31508023940029307AB019306AB21460093284608ABC0
S31508023950CDE90622FFF72EFE044600BB099B012B82
S3150802396020D0059D12482946ECF762F8E8B9A5F574
S315080239700623A3F55063812B05F01F020DD80121FA
S315080239800C485B09914050F823204A4040F823200E
S315080239902846FEF7DBFE013001D16FF08604204689
S315080239A00DB030BD6FF08404F9E76FF09104F6E7C5
S315080239B098190020305A002020F0FF03B3F5824FF1
S315080239C006D14138C0B2012894BF002001207047B1
S315080239D00020704710B50024436814601B0A04D0FF
S315080239E0012B0AD06FF0850010BD0088FFF7E4FFAF
S315080239F000B1013100201160F6E72C31FAE72DE912
S31508023A00F041174600221C4643688CB01B0A8046C2
S31508023A100D46009204D0012B56D06FF08B008FE032
S31508023A20008820F0FF03B3F5824F15D1B8F80220BB
S31508023A300732D2080092FFF7BFFF002800F0E180A4
S31508023A400B78042B05D1013FB7EB420F05F10105AF
S31508023A5003D06FF0860073E00097009E2246314637
S31508023A604046FEF7D9FF00286AD10337C4E90305A1
S31508023A7027F003076761002E00F0A58020220021A7
S31508023A8001A81AF0DEFA3146404601AAFEF7C4FF3B
S31508023A90002840F098802368019A9A4240F0938061
S31508023AA06368029A9A4240F08E80A368039A9A4201
S31508023AB040F08980A369079A9A4240F08480E369B4
S31508023AC0089A9A423CD07EE0032FC2D90B78012B82
S31508023AD040F09A80497800294CD0F73908299CD8B1
S31508023AE001A353F821F000BF513B02080D3B02081F
S31508023AF01B3A0208473B02081B3A02086B3B0208BC
S31508023B001B3A02085B3B0208633B02084FF4105655
S31508023B10F8253F4F1C22002102A81AF092FA032325
S31508023B200197CDE90435039601AA09AD134603CBDD
S31508023B30AB42206061601A4604F10804F6D10020FF
S31508023B400CB0BDE8F08110274FF08076FA25E1E740
S31508023B5020274FF00076F725DCE7FE252C4F2D4E61
S31508023B60D8E7FF252A4F2C4ED4E74FF41056FC25EA
S31508023B70274FCFE72B2F7FF66CAF202220461AF06D
S31508023B8060FA05F110032361AB070DD001AB05F10D
S31508023B9028061A4628686968083503C2B5421346D4
S31508023BA0F7D1286801AD10606B68103F2360AB68D7
S31508023BB069466360EB682046A36001236761E36098
S31508023BC0FEF7ECFD28B12022002120461AF039FA28
S31508023BD03FE7B8F80030009E03F44F42B2F5824F31
S31508023BE00DD1DAB2122A0AD123F0FF03B3F5824FB6
S31508023BF005D173001C339F42BFF43DAFE3E733465A
S31508023C00F8E76FF085009BE76FF0910098E700BF31
S31508023C1020000080004400020044000338B50D4627
S31508023C200446D8B1D422002104301AF00AFA0E4BFF
S31508023C309D4216D1032323700023C4E902330B4B9A
S31508023C4004F1100203F1200153F8040B8B4242F8E7
S31508023C50040BF9D103230020237138BD6FF08600C7
S31508023C60FBE76FF08500F8E709000002243D040827
S31508023C7070B5044608B30368FBB102791B78012ABA
S31508023C8011D1092B0E4D18BF0025806805F080F862
S31508023C902946A06805F0E8F8BDE870400422094BF9
S31508023CA0094905F09DBE092B07D105498068FFF72A
S31508023CB0B5FFBDE870400CF05BB8044870BD00BFA4
S31508023CC009000002F7750208483D040800AFFFFF25
S31508023CD008B518B1D82200211AF0B3F9002008BD98
S31508023CE00023C36001F13803036120230A68436194
S31508023CF08B6D0B4922F47E128A42436003D001F58A
S31508023D0080718A4208D1102B01D0182B02D1036088
S31508023D1000207047202BFAD06FF08800704700BF4A
S31508023D200001C003002337B50C4601A905460193D5
S31508023D30FEF734FD28B9296811F0704103D1019BB9
S31508023D40236003B030BDAA68B1F1004FC2F38033D5
S31508023D50C2F34035C2F3003207D1062103EB45030D
S31508023D6001FB0233019A5343EAE7B1F1204F04D12A
S31508023D702B4402EB82021344F4E7B1F1304F02D02E
S31508023D80B1F1404F01D12B44ECE72120D9E72DE9C7
S31508023D90F34705680F680446BD420E4690469A46A2
S31508023DA005F070492AD0B9F1004F06D0B9F1404F53
S31508023DB003D0212002B0BDE8F08785EA0703B3F1F4
S31508023DC0805F0CD3BAF1000F2FD1B8F1000F18D0CB
S31508023DD0A368B268534013F4E04F12D0E9E7002310
S31508023DE0204601A90193FEF7D9FC0028E1D1019AE0
S31508023DF0C2F30E0215431743BD42DAD1B9F1000FD9
S31508023E00E0DB0023204601A90193FEF7C7FC002840
S31508023E10D0D1009069463046FEF7C0FC0028C9D1C9
S31508023E20DDE900329A42C5D0C3E7B268B8F1000F9D
S31508023E3003D0A3685340D904BBD49304E1D4B8E7AA
S31508023E400023F7B50B600368054603F070430B6061
S31508023E50C2680C46032A00F28180012A6ED812B182
S31508023E6043F000632360D5E90223900102F0407112
S31508023E7067D5B1F1407F67D0002B6FD04FF0007243
S31508023E80236823F0407313432360EA68022A07D1A2
S31508023E902A69032A62D823F47F0343EA024323608A
S31508023EA0EB68032B03D12B69F62B57D9A370AB68A2
S31508023EB01A0442BF236843F400432360EB68032BCA
S31508023EC009D023682A6823F4FF4323F07F03C2F349
S31508023ED00E02134323602B68AE68002B06F4805744
S31508023EE03EDB16F4E84F39D12B6806F4806603F0F8
S31508023EF0704303F10043B3F1804F04D21EB1236825
S31508023F0043F4806323600023284601A90193FEF740
S31508023F1045FC88B92B6813F0704139D12368019A98
S31508023F2023F4FF4323F07F03C2F30E0213432360F5
S31508023F3017B1EB6993B10F2003B0F0BD43F080636C
S31508023F4090E7B1F1407F03D143B14FF0407297E752
S31508023F5002F08072002B93D1002A91D02120EBE740
S31508023F60730406F400520CD4002AF7D0236843F4EB
S31508023F7000532360002FB7D0236843F4805323608D
S31508023F80B2E7236843F480432360002AF2D0EDE7C0
S31508023F9003F05043B3F1004F05D0B1F1304F02D0D0
S31508023FA0B1F1404FDAD1019B2268013B03F07F034E
S31508023FB022F07F0213432360002FBDD0EA69002A4C
S31508023FC0CCD0B1F1004FB6D1117F61B1002EB3D07A
S31508023FD043F400732360537F002BADD0236843F468
S31508023FE080732360A8E7537F002BA5D0002EA3D0A9
S31508023FF0F4E701234B60C368013B012B08D88269A9
S31508024000054B1AB10A6000208B607047034AF9E72C
S315080240104FF00053F7E700BF08000020743D04087C
S31508024020012373B5C56806469D420C464B6016D8F1
S31508024030002301A90193FFF775FE70B9019B05B12B
S315080240401C3372699A4207D332696AB1226043F015
S3150802405000530020A36000E01D2002B070BD023D9F
S31508024060012D01D80023F4E72120F6E7436813B9A6
S31508024070416070475B685A68012AFBD159607047EC
S315080240802DE9F043012905460E46914698469DB00C
S3150802409057D8046824F04003802B02D0B4F5807FF9
S315080240A052D12022002114A819F0CBFF284A294B05
S315080240B00435012E08BF13460A950125E408DFF8E0
S315080240C0A0C0139344F000530B9507AF0C930AABA9
S315080240D093E8070004AE87E807000DABCDF83490E5
S315080240E00E95CDF83CC093E8070010AB86E80700AA
S315080240F0CDF840801195CDF848C001AD93E8070088
S3150802410085E8070013A83946FFF7B0FF3146FFF7DF
S31508024110ADFF29461CF063FB21464FF480641CF070
S3150802412055FB10211CF052FB0B4B9C66BFF34F8FBD
S315080241301CF028FB1CF01DFB084B9C661DB0BDE855
S31508024140F0836FF02000F9E76FF07100F6E700BF21
S3150802415000010004000101040090005000A0005074
S31508024160100000208CE72DE9F0410D4614461E4644
S31508024170D4B028B321B31AB3038803F44F42B2F575
S31508024180824F14D1DAB2122A11D123F0FF03B3F502
S31508024190E24F37D14388336073B9E300336033683B
S315080241A0E02B10D0B3F5807F28D0C02B28D06FF033
S315080241B0850054B0BDE8F0810733B4EBD30FEED0D7
S315080241C06FF08600F5E7744A002318462E19224432
S315080241D012F8014D16F8011D0843091B0CBF4FF0D2
S315080241E0FF340024B54203EA040343EA0103EFD18C
S315080241F00028E5D0002BE3DA0020DAE7674AE3E78E
S31508024200674AE1E7B3F5824F40F0C3800B78042B87
S31508024210D6D128A81CF0D3FA0746002840F0B68063
S3150802422001468422329033A819F00BFF01234FF07E
S31508024230880820223946013C20A88DF8C830013565
S3150802424019F0FFFE20223946259418A8E400249581
S31508024250640819F0F6FE32AD2022394610A81C95DC
S31508024260CDF8748019F0EDFEE02CCDE914583460CF
S3150802427006D0B4F5807F1BD0C02CA1D1494B00E0F3
S31508024280494B209318934FF4005322934FF48043DB
S315080242901A9300230734E40864001A4620A918A8CA
S315080242A01194FFF774FD28B1002C89D0013C10E067
S315080242B03E4BE6E703A920A8FEF770FA0028F3D1D9
S315080242C0039B5B00882B0BD9002C3FF479AF212086
S315080242D0013C0022013C2A7005F10105FAD251E09F
S315080242E04FF060632A90CDE92830309002A918A8C9
S315080242F0FFF7A6FD0028D7D1029928A821F4F06174
S3150802430002911CF063FA01A910A8FFF799FD00288B
S31508024310CAD1019928A81CF059FA07A918A8FFF7C3
S3150802432068FE0028C0D128A8FFF7A0FE0AA918A887
S31508024330FFF776FE0028B7D10AA928A8FFF796FE46
S3150802434004A920A8FFF76CFE0028ADD104A928A865
S31508024350FFF78CFE0DA910A8FFF762FE0028A3D16D
S315080243600DA928A81CF03BFA032428A81BF096FEE0
S31508024370012801D1013CF8D133680733DB085C0018
S31508024380002B93D100283FF437AF19E76FF092005C
S315080243900FE76FF096000CE7943D0408B03D040859
S315080243A07C3D0408180000801C0000802000008064
S315080243B02DE9F04F8946164698460546ABB080B1B8
S315080243C079B172B14288D31D072B4FEAD30700F0A1
S315080243D0C780038803F4E043B3F5805F04D152072C
S315080243E009D06FF086041AE0B3F5005FF7D0B3F58B
S315080243F0804F00F0B5802022002118A819F021FE6E
S315080244003946284618AAFEF707FB044638B96B68E8
S315080244101B0A08D0012B00F083806FF08B0420461C
S315080244202BB0BDE8F08FBE42C0F09D804A463346A7
S3150802443020A8CDE91C231CF0C2F900286DD14FF043
S3150802444000732290CDE92030289015A918A8FFF705
S31508024450F7FC002858D1159920A81CF0B7F91A9B21
S31508024460DB043DD5189B002B50DA4FF0010B1F9C3D
S315080244706946D4F800A06368CDF804B00093CDF875
S3150802448008A0FFF7F3FDA36803A9CDF810B00393BC
S31508024490CDF814A0FFF7EAFDE36806A9CDF81CB02B
S315080244A00693CDF820A0FFF7E1FD236909A9CDF807
S315080244B028B00993CDF82CA0FFF7D8FD63690CA99B
S315080244C0CDF834B00C93CDF838A0FFF7CFFDA36929
S315080244D00FA9CDF840B00F93CDF844A0FFF7C6FD5B
S315080244E012A918A8FFF785FD70B920A8FFF7BEFD27
S315080244F015A918A8FFF794FD30B915A920A81CF02C
S315080245006EF91BF0CBFDA0B1482826D06FF09204B5
S3150802451020A81CF054F9002881D06FF092047EE797
S3150802452007F12C039E421ED309F1100207F11C0360
S315080245307EE76B681B0A012B06D042463946284697
S31508024540FFF748FA0446E3E73246494618A8FEF753
S31508024550EBFA04460028F0D0DAE76FF08504D7E7CD
S315080245606FF085045BE76FF08C0458E72DE9F04F8E
S31508024570A5B01546DDE92EAB884699460746309A18
S31508024580002800F0D580002B00F0D280BAF1000F87
S3150802459000F0CE80002900F0CB80002D00F0C88004
S315080245A000230688CBF8003006F44F41EB00B1F53C
S315080245B0824F136052D1F1B212290ED126F0FF01B1
S315080245C0B1F5824F02BF083B5B0813601368B3F567
S315080245D0047F04BF40F20923136000232A4600938E
S315080245E041466B463846FFF7BEFD044690BB009C23
S315080245F030460734E408FFF7DFF910B1013D08F148
S3150802460001082022002112A8009419F01AFD214659
S31508024610384612AAFEF700FA0446D8B90AAE0DF1D0
S31508024620480CBCE80F000FC69CE80F0086E80F008E
S31508024630EB1C23F00303282221461AA80F93CDE97F
S315080246400D4819F0FEFC7B681B0A09D0012B15D010
S315080246506FF08B04204625B0BDE8F08F2C46D0E7D4
S31508024660554568D84A4653461AA8CDE916231CF07A
S31508024670A6F8034658B16FF09204EBE705F12C034E
S315080246809A4558D309F1100205F11C03ECE70122F9
S3150802469012A90AA8FFF77BFB70B9159B013B012BF0
S315080246A00AD84FF080731C90CDE91A30229007A9D8
S315080246B012A8FFF7C5FB38B16FF092041AA81CF0CE
S315080246C07EF80028C6D0D6E707991AA81CF07EF805
S315080246D001A90AA8FFF7A4FC0028EDD101A91AA886
S315080246E0FFF7C4FC04A912A8FFF783FC0028E3D14C
S315080246F01AA8FFF7BBFC07A912A8FFF791FC002826
S31508024700DAD107A91AA81CF06AF81BF0C7FC002818
S31508024710D2D15246494612A8FEF706FA044600289E
S3150802472098D15A4629463846FFF754F90446C5E74A
S315080247306FF086048EE76FF08C048BE72DE9F04F55
S315080247400646884691461D46B7B02BB12CA81CF0E2
S3150802475036F828B16FF09205284637B0BDE8F08FD3
S3150802476033686E4A23F47E13934240F0D380726B09
S31508024770AB181B09B3EB121F02F00F0700F0B88043
S31508024780674B2E90CDE92C30349029A94046FFF785
S3150802479057FB0446002840F0A48005EB070B2CA81B
S315080247A029992BF00F0A1CF011F851461CF00EF845
S315080247B0404602A9FFF71DFC0446002840F09180F6
S315080247C02CA8FFF753FC404605A9FFF729FC044627
S315080247D0002840F086804FF0010805A92CA8FFF7AB
S315080247E045FC331D1A934F4BCDF86C801AAA1C93BD
S315080247F008AB07CA83E8070019462CA8FFF736FC58
S3150802480006F1140347F00052AAEB07071D930DF1B0
S315080248102C0CCDF8788047F000571F921DAA07CABC
S315080248208CE80700CDF8809020AACDF884802297DC
S315080248300EAF07CA87E807000D9A614622F00052B2
S315080248402CA801930D92FFF711FC3946FFF70EFCCF
S31508024850AAF1100242F000522394324BCDF890800E
S3150802486011AF259223AA07CA87E8070006F1240290
S31508024870269214ACCDF89C8026AA289307CA84E807
S315080248800700139A2CA842F080421392139A3946CB
S3150802489022F0005213921BF0A2FF21461BF09FFF43
S315080248A0204B321D299217ACCDF8A8802B9329AB41
S315080248B093E8070084E8070021462CA81BF08FFF1F
S315080248C01BF0ECFB0446019BAAEB0B012944184694
S315080248D0ABEB0A02494419F0D3FD736B2B4473639D
S315080248E084B1212C14BF6FF092056FF086050AE099
S315080248F006F114002A464946384419F0C1FD736B7D
S315080249002B44736300252CA81BF059FF00283FF49B
S3150802491023AF1FE76FF088051EE700BF0002C0033A
S3150802492003020004100000202DE9F04FABB00F4639
S31508024930DDE93494DDE937BA90461E46054628B9BC
S315080249406FF0860738462BB0BDE8F08F0029F7D0FE
S31508024950002AF5D0B9F1000FF2D0002CF0D0369B20
S31508024960002BEDD0BBF1000FEAD0BAF1000FE7D069
S315080249702022002118A819F064FB39464246284627
S3150802498018ABFFF73CF807460028DBD12B8823F043
S31508024990FF02B2F5E24FD3D1DBB2122B26F0FF06A5
S315080249A040F08E80B6F1062F40F08A806B8823F09D
S315080249B02002C02A03D0B3F5807F40F081800733F6
S315080249C0DB08BBEB430F4FEA43057CD320A81BF059
S315080249D0F6FE00286AD1189E3C4B06F07046B6F1E0
S315080249E0404F18BF4FF0C0632290CDE9203028907F
S315080249F015A918A8FFF724FA00285AD120A815994C
S31508024A001BF0E4FE21461BF0E1FE694618A8FFF7F3
S31508024A10F0FA00284DD120A8FFF728FB03A918A809
S31508024A20FFF7FEFA002844D14FF0010803A920A88F
S31508024A3044F00054FFF71AFBCDF83C9006ABCDF8CC
S31508024A4040800FAA119407CA83E80700194620A8CE
S31508024A50FFF70CFBCDF8489009ABCDF84C8012AAAB
S31508024A601494B6F1404F07CA83E8070003D11946E2
S31508024A7020A8FFF7FBFA369B15AA1593012316936E
S31508024A8045F0005317930CAB07CA83E8070019468B
S31508024A9020A81BF0A4FE1BF001FB50B9CAF800506F
S31508024AA020A81BF08CFE00283FF44CAF6FF092074B
S31508024AB048E7012814BF6FF092076FF08B07EFE7FC
S31508024AC06FF085073EE76FF089073BE700000206AD
S31508024AD0F0B597B015461F460C461D9E09B9002A21
S31508024AE03DD1224B98423DD120230CA833601BF0BE
S31508024AF066FE18B16FF0920017B0F0BD1CB915B179
S31508024B0000233360F6E70023194A29460CA8CDE9A3
S31508024B100C230E9314931BF059FE0694012445F0B8
S31508024B2000516D46079406AB089193E80700114BAE
S31508024B3085E8070009970A940B9303AC09AB93E837
S31508024B40070084E8070029460CA8FFF78FFA2146D2
S31508024B501BF045FE1BF0A2FA0028CDD0D0E76FF075
S31508024B608600C9E76FF08500C6E700BF09000002A4
S31508024B700004000320000020F0B50E460178044622
S31508024B800139174693B0042956D8DFE801F00341E4
S31508024B90464B50004021142528480C34002259431C
S31508024BA0C6E901223060326230461BF00FFE4FF032
S31508024BB0010C41F00051099709ABCDF828C006AFA0
S31508024BC00B9145F0005593E8070003AB87E8070009
S31508024BD00C940CAACDF834C00E9507CA83E80700D0
S31508024BE00F946C46CDF840C012AA119512E9070037
S31508024BF084E8070019463046FFF738FA3946FFF7C0
S31508024C0035FA21461BF0EBFD1BF048FA13B0F0BD4E
S31508024C10402120250A480C34C0E7402120250948AE
S31508024C200C34BBE78021402507481434B6E78021B7
S31508024C30402506481434B1E72120E7E700020103BC
S31508024C400003010300040103000501030006010332
S31508024C502DE9F0470F46144605468AB0002800F0AB
S31508024C60888061B9002A40F0848068461BF0A7FD57
S31508024C7000287CD06FF092000AB0BDE8F08768463B
S31508024C801BF09DFD0028F5D1002C70D02B79032B43
S31508024C9032D8002BEED04026D5F808C005F1080216
S31508024CA005F13009134614EB0C0143F8041B4FEACD
S31508024CB0D6082CD2424453F8041B0029DAD19A4268
S31508024CC0F9D106F1FF3808EA0C080435A6EB080AFA
S31508024CD0B8F1000F2CD1544543D3B4FBF6FA3A4641
S31508024CE0534669462846FFF747FF0028C2D10AFB02
S31508024CF006F31F44E41A33E0043B012BBAD8802694
S31508024D00D5F808C005F1080205F15809CAE7184698
S31508024D105168A2F1040E01315160C6448645C9D0D4
S31508024D2050F8041B0029F9D1016801310160F5E741
S31508024D30544501D2B442CFE75246394609EB080038
S31508024D4019F09EFB01234A4669462846FFF714FFD7
S31508024D5000288FD1A41B4444A64280465744BCD996
S31508024D602CB12246394609EB080019F089FB0020C6
S31508024D7082E76FF086007FE72DE9FF470C9F0E4614
S31508024D8015469A46044620B96FF0860004B0BDE877
S31508024D90F0870029F8D00AB9002BF5D14FF4AE7284
S31508024DA00021204619F04DF94B4B3B40B3F1607F89
S31508024DB053D13388B3F5885FE6D15FFA87F949F0AC
S31508024DC0007904F1040849464046FEF727FF002801
S31508024DD0DCD17388DA0852450392D5D8402A04F101
S31508024DE0DC062DD903AB0193802329460093484656
S31508024DF03346FFF76DFE0028C8D104F1DB052B46C2
S31508024E00039A02F1DB012144994220D102F1DC0026
S31508024E103621C2F14002204419F013F940223146E4
S31508024E204046FFF715FF0028B0D104F21B1215F809
S31508024E30013F83F06A0395422B70F8D12760A5E7F4
S31508024E40072BDAD92946304619F01AFBD5E713F8A3
S31508024E50010F80F036001870D6E7204B9F4237D1F3
S31508024E603388B3F5105F33D173882760DB08182BB4
S31508024E70A36511D0202B1DD0102B85D1BAF10F0FA7
S31508024E8082D9383405F1100355F8042B9D4244F8AB
S31508024E90042BF9D1002079E7BAF1170F7FF674AF20
S31508024EA0383405F1180355F8042B9D4244F8042BAF
S31508024EB0F9D1EFE7BAF11F0F7FF666AF383405F17D
S31508024EC0200355F8042B9D4244F8042BF9D1E1E757
S31508024ED06FF085005AE700BF0000C07F0002C003DA
S31508024EE070B5104B044600680D460340B3F1607F67
S31508024EF0164688B004D1201D08B0BDE87040A7E662
S31508024F0000212022684619F09CF821466846FEF7D9
S31508024F10E7FE28B933462A4669462046FFF70EFCBD
S31508024F2008B070BD0000C07F10B5C0B10368B3B148
S31508024F300479012C09D1806803F03FFFBDE81040CF
S31508024F400422084B084904F04BBD1B78092B06D1ED
S31508024F508068FFF77DFEBDE810400AF009BF0348E6
S31508024F6010BD00BFF7750208483D040800AFFFFFF1
S31508024F7010B4046824B1C36813B15DF8044BD3E7CF
S31508024F8001485DF8044B704700AFFFFFF0B50368B0
S31508024F9004460D4689B0F3B1C668E6B169469F78FC
S31508024FA0FEF70DFAA8B92046FEF762FE88B923680D
S31508024FB020469A78F119FFF7B7FF50B92368694670
S31508024FC020465A78FFF7B0FF18B929462046FEF759
S31508024FD0F6F909B0F0BD0148FBE700BF00AFFFFFD5
S31508024FE038B5036804465BB1C5684DB1FEF740FEA5
S31508024FF038B92368294620469A78BDE8384093E7A7
S31508025000004838BD00AFFFFFF0B501230F4615462D
S3150802501004468FB01A4629463846FEF7B8FE20B926
S31508025020BB6813F4C04F02D121200FB0F0BDAB68A4
S3150802503003F4C043B3F5005FF6D1254B0BAEC4E9C2
S315080250400030A060206231463846FEF7F9FE002895
S31508025050EBD120460B991BF0B9FB384608A9FEF797
S31508025060C8FF0028E1D12046FFF700F8384605A90F
S31508025070FEF7D6FF0028D8D1204605A9FEF7F6FF87
S31508025080EB68002BD0D1284601A9FEF74BFE002873
S31508025090CBD1019B6A699A4218D32A6943F0005315
S315080250A00B9201220C920D9302AB96E8070083E855
S315080250B00700194620461BF092FB032520461AF0E4
S315080250C0EDFF0128B1D1013DF8D1AEE71D20ACE7CD
S315080250D0000001022DE9F0430129054688461646D5
S315080250E01F46A9B079D813077AD1046824F0400379
S315080250F0802B02D0B4F5807F75D12022002120A80A
S3150802510018F09FFF394A3A4B0435B8F1010F08BF28
S3150802511013461C950125E408DFF8E0E01F9344F0E6
S3150802512000531D950DF1040C1E931CAB93E8070062
S315080251300DF110098CE8070019AB19971A95CDF8E5
S315080251406CE093E8070016AB89E8070016971795EF
S31508025150CDF860E093E80700309B46F0005E07AFA3
S3150802516087E807001393149513ABCDF854E093E838
S315080251700700319B0DF1280888E80700109310AB49
S315080251801195CDF848E00DAD93E8070085E80700CC
S3150802519061461FA8FEF76AFF4946FEF767FF4146C2
S315080251A0FEF764FF29461BF01AFB39461BF017FB6C
S315080251B021464FF480641BF009FB31461BF006FBBF
S315080251C00C4B9C66BFF34F8F1BF0DCFA1BF0D1FA2F
S315080251D0094B9C6629B0BDE8F0836FF02000F9E719
S315080251E06FF02100F6E76FF01F00F3E703020004F1
S315080251F0030201040090005000A000501000002095
S3150802520070B504680D1B002D02DC6FF05F0070BDDF
S3150802521094F900602378002E0ADB631C0360237866
S3150802522013600368C91A13688B42EED80020EEE7AA
S3150802523003F07F035E1E032E10D89D42E5DD00258E
S315080252400134156004600468166814F8015B013BB2
S3150802525045EA062515600460F5D1E2E76FF06300BA
S31508025260D5E770B404680E1B002E06DD26789E422A
S3150802527007D10134046070BCC2E76FF05F0070BCEE
S3150802528070476FF06100FAE77F2A034610B51AD90C
S3150802529014460120240A00F10100FBD11C68641A95
S315080252A0844212DB19684C1E1C6001F8012C120A92
S315080252B0F8D1012806D01A68511E196000F17F0339
S315080252C002F8013C10BD0120E8E76FF06B00F9E730
S315080252D02DE9F84F4FF0000A0746894616469846C2
S315080252E055465446DDF828B05C4516D2002318F810
S315080252F0040020280CD0ABEB0402012A41D00D2869
S315080253003FD108EB040252780A2A6ED10134EBE740
S315080253100134A3454FF00103E9D1A5EB0A0303F0D3
S315080253200303012B30D0AA072ED1AD0805EB45059C
S31508025330A5EB0A053560B5BB002508EB0409294625
S315080253403C46DFF8BCA0C14508D018F8010BA0F10D
S315080253500A03DBB2162B2CD93D282ED1032D3DD1BB
S315080253602346C1F38F2203F8022BC1F3970161701A
S315080253701C463368E41BA34214BF6FF06D0000207D
S3150802538004E00A28C2D01BB16FF02B00BDE8F88FE3
S315080253900106F9D43D282AD10AF1010ABAF1020F07
S315080253A0F2D80135B2E70FB14D45C5D96FF02900DC
S315080253B0ECE74AFA03F3DB07C5D54FEA811BFDF78B
S315080253C027FA0135042D40EA0B01BCD10B0C2370D8
S315080253D00B0A6370A17000250334B4E7022D04BFDB
S315080253E0C1F30F1104F8011BC3E7002BCCD1BAF1A4
S315080253F0000FC9D1FDF70CFA0028D2DAC4E700BFBC
S31508025400F6FFBFFF2DE9F0410D46C9880446164648
S31508025410FDF737FC014608BB3046FDF72DFA034671
S315080254201B4EB4F90420B06A0132584022EA00023F
S31508025430B5F9040027680130D5F800801840024300
S31508025440013A4745A280EA8804D08C46A7F1040EA1
S31508025450624506D8DB43E488A24211D30846BDE872
S31508025460F081B56A5EF8040F5D4020EA050058F837
S315080254702C500CF1010C1D402843CEF80000E7E73A
S3150802548057F82200184047F822000132E4E700BF25
S31508025490305A002010B5044648B1006818B1E188B0
S315080254A0890002F009FE00220123C4E9002310BD87
S315080254B038B504460D4619B9FFF7ECFF002038BD8A
S315080254C0C2888A4207D100210068920018F0B9FD05
S315080254D00123A380F2E7FFF7DDFF29462046BDE850
S315080254E03840FDF7CEBB884270B505460E4609D050
S315080254F0C988C28841B92AB101239200838000680B
S3150802550018F09FFD002070BD4C1E8CB9B6F9043008
S315080255100134A242AB8012D221462846FDF7B1FBDE
S315080255200028F0D131682868A20018F0A9FFE9E737
S31508025530336853F82430002BE8D1013CE5E72868A4
S31508025540121B0021920000EB840018F07AFDE9E7AD
S315080255502DE9F0411746B1F904509288044612FB28
S3150802556005F253430E461DD539463046FDF790F9E6
S31508025570B0F100080DDB3A4631462046FDF7A4FB9A
S3150802558028B9B8F1000F08BF01250020A580BDE89B
S31508025590F08132462046FDF797FB0028F7D16D4287
S315080255A0A580F4E7874202D0814210D13E46012304
S315080255B0B6F80680A380B8F1000FE6D0336803EB8D
S315080255C0880353F8043C3BB908F1FF38F3E7FFF7C1
S315080255D08AFF0028EAD0DAE741462046FDF751FB62
S315080255E00028D4D1D6F800C0074606462368191FF4
S315080255F051F8042F5CF82700B2182CBF01260026A2
S315080256000137121846F10006B8450A60F0D103EBD5
S315080256108703002EB9D0E28807F10108BA4208D8F2
S3150802562041462046FDF72DFB0028B0D1236803EB3F
S3150802563087031A68474692192CBF0126002643F8A3
S31508025640042BE6E770B50E4601210446FDF719FB61
S31508025650054648B9E28801469200206818F0F1FC2E
S3150802566023681E600123A380284670BD2DE9F341F5
S31508025670054688461646CF883FB1D8F8003003EB70
S31508025680870353F8043C33B13EB90021284602B0D9
S31508025690BDE8F041D6E7013FEEE72846791CFDF75B
S315080256A0F0FA044670B941462846FFF71CFF04463D
S315080256B040B9013E00963B46D8F80020E98828689A
S315080256C00EF0FCFA204602B0BDE8F081C388B1EBC1
S315080256D0431F3FBF03684A0953F8220001F01F011E
S315080256E03ABFC84000F0010000207047C188006830
S315080256F0FDF767B92DE9F84312F0030318BF012332
S3150802570003EB92068846314681461446FFF7D0FED9
S315080257100546B8B9B9F80670BE4216D897B1D9F88F
S315080257200090BE0001463246484618F08AFC2CB163
S31508025730301B22464146484418F0A2FE39464846DE
S31508025740FDF706FE2846BDE8F8836FF00705F9E778
S31508025750034670B51C68DB880846B2EB830F4FEA2E
S31508025760830519D9521B8E18002118F06AFC304697
S315080257702A4600231044934210D1002070BD23F01C
S315080257800301615803F00306F600F140C9B281B974
S3150802579001339D42F3D1ECE71346FAE723F00301FE
S315080257A0615803F00305ED00E94000F8011D0133D5
S315080257B0E1E76FF00700E1E7F8B504460D46FFF7A3
S315080257C095FFE3882844B0EB431F25D81F2D23688D
S315080257D0E68805F01F074FEA551413D96FF0030040
S315080257E0324600FB0430944202F1FF3120D3A21B59
S315080257F0A64238BF0022324418460021920018F009
S3150802580020FC034637B1002103EB8403C7F12005C8
S31508025810A64213D800200AE010F01F0118BF012182
S3150802582001EB50112046FDF72CFA0028CED0F8BD20
S3150802583050F8212043F821200A46D4E71868013493
S3150802584000FA07F20A4343F8042B20FA05F1DFE7C8
S3150802585030B5C38823B9CA885AB9002B3DD136E078
S31508025860026802EB830252F8042C002AF3D1013BA8
S31508025870F0E70C6804EB820555F8045C4DBB013A67
S31508025880EAE7B1F9045003D2B1F90400404226E02E
S31508025890B0F90420002A03DD002D0CDA01201EE0EF
S315080258A0002D08DD3AB14FF0FF3018E003F1FF335F
S315080258B00BD2504213E0013B016851F8235054F8C9
S315080258C023108D42F2D9104609E0591CF4D1002062
S315080258D005E0002BD8D09342D3D9B0F9040030BDE5
S315080258E01FB54A1C14BF0B46012301930123C90F96
S315080258F0C1EBC13149000131ADF80C10ADF80E30DB
S3150802590002A901AB0293FFF7A3FF05B05DF804FBFA
S3150802591001231DE670B50C460546114620461A4671
S31508025920FFF7F6FF064630B9043529462046FFF743
S315080259308FFF002801DA304670BD2A4621462046E6
S31508025940FDF7C2F90028F0D00646F4E74FF0FF3318
S31508025950FEE570B50C460646114620461A46FFF77E
S31508025960F5FF054688B90436B4F90430002B0CDA7B
S3150802597000212046FFF7B4FF30B1324621462046C1
S31508025980FFF7C6FF0028EFD00546284670BD2DE969
S31508025990F04F0123164600228BB0884207460D4671
S315080259A0CDE90823CDE9062306D108A8FFF79BFD12
S315080259B00446002840D108ADB74207D1394606A8A1
S315080259C0FFF791FD0446002836D106AEB5F80680E3
S315080259D0B8F1000F3AD1B6F80690B9F1000F3FD1E7
S315080259E0012308EB090A514638460393FDF749F99C
S315080259F0044608BB01463846FFF724FE0446D8B9D2
S31508025A002A683B680146049218464FEA8A02D6F883
S31508025A1000B018F016FBABF1040A834600EB8909BD
S31508025A2008F10101D94524D1039B7BBBAB88B28817
S31508025A3013FB02F31BB2BB8006A8FFF72BFD08A8CF
S31508025A40FFF728FD20460BB0BDE8F08F2B6803EB65
S31508025A50880353F8043C002BBDD108F1FF38B7E799
S31508025A60336803EB890353F8043C8BB909F1FF3910
S31508025A70B3E75AF8043F58460093049A43460591F9
S31508025A800BF1040B0EF01AF90599CBE70123D2E7BD
S31508025A90B8FA88F35B09A4E72DE9F04F05460F46E5
S31508025AA01046002197B09346FFF71AFF0028C0F266
S31508025AB0878105D16FF00B04204617B0BDE8F08F39
S31508025AC000230126CDE90936CDE90B36CDE90D3697
S31508025AD0CDE90F36674B59461293384613AB1193E5
S31508025AE0FCF7D6FE002817DA35B139462846FFF7FD
S31508025AF0FAFC0446002849D100212846FFF7F0FEA1
S31508025B000028C0F24C8159462846FFF7A1FE002814
S31508025B1080F24C810024CFE7394609A8FFF7E3FC57
S31508025B20044698BB59460BA8FFF7DDFC044668BB3A
S31508025B30F9880DA80231ADF83060ADF82860FDF796
S31508025B40A0F8044610BB01460DA8FFF77BFD0446E4
S31508025B50E0B9F9880FA80231FDF793F80446A8B907
S31508025B600BA8FFF7C3FD00F01F001F2821D0C0F1C4
S31508025B701F03194609A80093FFF71EFE044628B913
S31508025B8000990BA8FFF718FE044698B109A8FFF773
S31508025B9081FC0BA8FFF77EFC0DA8FFF77BFC0FA87C
S31508025BA0FFF778FC0C2113A802F07CFA002CA3D08C
S31508025BB082E70094BDF82A60BDF832900BA8A6EBDE
S31508025BC0090A4FEA4A184146FFF7F6FD0446002835
S31508025BD0DCD14FEA8A0A0BA909A8FFF739FE002881
S31508025BE038DA41460BA8FDF71DF804460028CDD140
S31508025BF009F1FF3301939B0006F1FF38049306F17E
S31508025C00804609F18043023B013E9B00A6EB09064A
S31508025C100793B3000293019B43452DD3002DB5D0BC
S31508025C20009909A8FCF7FEFF002840F0B480BB885B
S31508025C3009A92846ADF82830FFF755FC0146002881
S31508025C4040F0AB802846FFF74BFE00289ED1012381
S31508025C50AB809BE70D9A09A952F80A300846013328
S31508025C6042F80A300BAAFFF771FE04460028B2D0A2
S31508025C708CE700BF010003000B9B049A03931344AD
S31508025C80DDF824900693039B4FEA880A9A5859F836
S31508025C902810AAF104030D9E0593029B91421E4405
S31508025CA074D20598002359F8000017F0D9FF002985
S31508025CB014BF4FF0FF330346B8F1010F33600EBF2E
S31508025CC0002309EB0A0353F8083C079A1393059B2A
S31508025CD059F80330149359F80A3015933368013387
S31508025CE03360039B1344994633680021013B3360B2
S31508025CF00FA8FFF7A7FC00284DD1019B002B48D01F
S31508025D00D9F800200F9B0FA91A60069A084612684E
S31508025D105A603268FFF7AAFC00283CD111A90FA8DD
S31508025D20FFF796FD0028DFDC32680BA90FA8FFF7FC
S31508025D309DFC80BB029B0FA84FEAC3094946FFF7A1
S31508025D403BFD40BB09A908460FAAFFF7FFFD01461E
S31508025D5018BB09A8FFF7C4FD002812DA0BA90FA879
S31508025D60FFF7C1FBB8B949460FA8FFF725FD90B959
S31508025D7009A908460FAAFFF7CBFD60B93368013BAC
S31508025D803360029B08F1FF38043B43E74FF0FF33C9
S31508025D9092E7019AB6E70446F8E60C46F6E65A464C
S31508025DA029462846FFF7B4FD0446FFE65A46294621
S31508025DB02846FFF7CBFD044600283FF4A4AE7BE64F
S31508025DC06FF0090478E62DE9F04F05468FB01046C4
S31508025DD0164609910A93FFF783FD002840F395803A
S31508025DE02846F188FFF764FB0446002866D1336823
S31508025DF0B5F806900193484F49460198BB6ABB6AB3
S31508025E00FCF7DFFDC31DDA08272B2E6804928CBF28
S31508025E101E22FA2213F0180518BF012505EB5315A1
S31508025E200292AA00A2EBD301B2180592A9EB0502C7
S31508025E30920023F0070306921B1A7218039107921F
S31508025E400B93A94561D30021039A304618F0F9F855
S31508025E500021069A059818F0F4F8049A07991898F2
S31508025E600A9B9847044648BB1DB129463046FDF7AA
S31508025E706FFA494630460B9AFCF796FE029B013B9F
S31508025E80029345D009993068FCF731FD0122C143D6
S31508025E90D7F82880914515D848EA0103D7F828A0EB
S31508025EA00893BB6A4B46D7F8288003F1FF3B8BB9A8
S31508025EB0089ABB6A0AEA020A9A45C2D020460FB075
S31508025EC0BDE8F08F56F82200FCF7D6FC013248EA04
S31508025ED00008DFE7019B53F82B2056F82B301046B3
S31508025EE019460D930C92FCF702FD0D9B0C9A40EA9B
S31508025EF0080811461846FCF7FAFC20EA08034AEA9B
S31508025F00030A48EA00085B46CFE76FF00304D5E7C1
S31508025F106FF00D04D2E700BF305A00202DE9F04396
S31508025F2006460F461046012197B01546FFF7D8FCDC
S31508025F30002840F3CA8100220123394612A8CDE976
S31508025F400E23CDE90C23CDE90A23CDE90823CDE9B1
S31508025F501023CDE90623CDE90423CDE90223CDE9B1
S31508025F600023CDE91223CDE91423FFF7BCFA044630
S31508025F7008B112A806E0294614A8FFF7B4FA04469F
S31508025F8012A81CB3FFF786FA14A8FFF783FA0EA81D
S31508025F90FFF780FA0CA8FFF77DFA0AA8FFF77AFA44
S31508025FA008A8FFF777FA10A8FFF774FA06A8FFF70A
S31508025FB071FA04A8FFF76EFA02A8FFF76BFA6846A9
S31508025FC0FFF768FA204617B0BDE8F083FDF7ADF98A
S31508025FD0814614A8FDF7A9F9804650B9214614A8A6
S31508025FE0FFF774FB28B9394610A8FFF77CFA04466E
S31508025FF03CE00123ADF85430ADF84C30002112A82C
S31508026000FFF76EFC58B9C145494614A828BF414650
S31508026010FFF7D2FB04460028ABD114A9E4E712A87D
S31508026020FDF783F9014612A8FCF7FCFD0446E8B918
S3150802603014A8FDF77AF9014614A8FCF7F3FD0446FD
S31508026040A0B914A912A8FFF703FC0028C0F2A2807F
S3150802605012A9084614AAFCF737FE044630B90121EC
S3150802606012A8FCF7DFFD04460028C7D012A8FFF7DE
S3150802607011FA14A8FFF70EFA002C88D1012110A8EC
S31508026080FFF72EFC002840F01D812A4639460EA845
S31508026090FFF702FD044600287FF479AF0EA90CA883
S315080260A0FFF721FA044600287FF471AF294606A8AD
S315080260B0FFF719FA044600287FF469AF294604A8AF
S315080260C0FFF711FA044600287FF461AF01210AA8F6
S315080260D0FFF7B8FA044600287FF459AF014608A824
S315080260E0FFF7B0FA044600287FF451AF014602A82A
S315080260F0FFF7A8FA044600287FF449AF012168464B
S31508026100FFF7A0FA044600287FF441AF0C9B1B68F0
S31508026110D8074BD5049B1B68DB0776D504A90CA8C0
S31508026120FFF796FB0028C0F2A3800CA9084604AA2A
S31508026130FFF70CFC044600287FF429AF0AA9084693
S3150802614002AAFFF703FC044600287FF420AF08A939
S315080261506A460846FFF7FAFB044600287FF417AF9B
S3150802616000210CA8FFF7BCFB0028CFD1002102A80A
S31508026170FFF7B6FB0028C0F29180294602A8FFF76E
S3150802618067FB002880F29480304602A9FFF7ABF934
S315080261900446FCE614A9084612AAFCF795FD04462D
S315080261A000287FF463AF012114A85AE701210CA83D
S315080261B0FCF738FD044600287FF4E9AE0A9B1B6803
S315080261C0DF0710D4089B1B68DC070CD401210AA838
S315080261D0FCF728FD044600287FF4D9AE012108A859
S315080261E0FCF720FD8EE70AA9084606AAFFF790FBE8
S315080261F0044600287FF4CBAE08A908460EAAFFF784
S31508026200A5FB04460028E1D0C1E6012104A8FCF753
S3150802621009FD044600287FF4BAAE029B1B68D9071B
S3150802622014D4009B1B68DA0710D4012102A8FCF7D4
S31508026230F9FC044600287FF4AAAE01216846FCF759
S31508026240F1FC044600283FF465AFA0E602A9084619
S3150802625006AAFFF75DFB044600287FF498AE694656
S3150802626068460EAAFFF772FB04460028DDD08EE6C2
S3150802627004A908460CAAFFF769FB044600287FF41E
S3150802628086AE02A908460AAAFFF760FB044600285A
S315080262907FF47DAE6946684608AA5BE702A92A46E4
S315080262A00846FFF735FB044600283FF45FAF6EE663
S315080262B002A92A460846FFF749FB044600283FF486
S315080262C05CAF64E66FF00D0461E66FF0030479E6ED
S315080262D037B545780C46012D13460ED101AB4068F9
S315080262E009F062FD034628B10A4B04220A4903F063
S315080262F077FB0346184603B030BD0178012906D15B
S315080263002246083003B0BDE83040FDF7B9BE034B5C
S31508026310F0E700BFF7750208583D0408809CFFFFA6
S315080263202DE9F0439846002385B005460C461746E4
S3150802633000F110016A463830CDE90033CDE902335F
S31508026340DDF83090FFF7C4FF064658B16B6E43F08E
S3150802635010036B666846102101F0A4FE304605B0AC
S31508026360BDE8F0830DEB04010446221D974209D2CB
S31508026370A742EFD918F804300A5D534009F80430E9
S315080263800134F5E758F804300859434049F804300F
S315080263901446EAE7416E38B501F00303032B0446B7
S315080263A006D1826A32B9436B023B012B1CD80262C0
S315080263B0002038BD056B2378681E0343606A023ADB
S315080263C0003818BF012043EA80130020520843EA26
S315080263D0C2032370236AC2B2954200F1010006D8AD
S315080263E053B141F0100161666FF00C00E1E7C2F1AA
S315080263F00F02A3541B0AEEE72246214604F138008F
S31508026400FFF766FF0028D4D0636E43F01003636675
S31508026410CFE738B590F844300446012B11D1C56B45
S315080264204DB12B7A012B02D1686803F009F80C21C9
S31508026430284601F041FE2046BDE83840482101F0D1
S3150802644031BE006C18B14FF4AE7101F035FEE06B47
S315080264500028F0D02368DA79044B02F07C02134450
S31508026460D3F888309B699847E5E700BF483D04089A
S31508026470F8B5046C0E460734E4089C4228BF1C464D
S315080264801146054622463046FFF734F90746C8B98B
S315080264902B6CE100B3EBC40F0DD3343529463046D5
S315080264A0FFF7D6F900280DDB2A4631463046BDE805
S315080264B0F840FFF74BBA3046C91AFCF7B3FB002877
S315080264C0EBD007463846F8BD0346C06920B15B6A79
S315080264D0002B14BF01200220704700220123C0E9C5
S315080264E00023C0E90223C0E90423704738B5002413
S315080264F001250146C0E90254C0E904540470446007
S3150802650085611C30FFF7E9FFC1E90D45C1E90F4472
S31508026510C1E91144C1E91344C1E91544CC6538BD42
S3150802652010B50446FFF7E2FF0022012304F16800D2
S31508026530C4E91823BDE81040CFE738B504460D462E
S31508026540FEF7D1FF70B905F1080104F10800FEF75C
S31508026550CAFF38B905F1100104F11000BDE8384048
S31508026560FEF7C1BF38BD10B501210446FFF76AF828
S3150802657060B9012104F10800FFF764F830B9014651
S3150802658004F11000BDE81040FFF75CB810BD2DE914
S31508026590F84380460D4616461F4613B91D48BDE800
S315080265A0F8830430FFF7A2F804464046FFF78CFF4B
S315080265B0012881462BD113782BB9012FEED1284613
S315080265C0BDE8F843CFE70734E40804F10108B84503
S315080265D0E4D822462846711CFFF78CF80028DED13B
S315080265E0494605F11000FFF72DF80028D7D1337870
S315080265F0042BD3D163000133BB42CFD1224606EB2B
S31508026600080105F10800BDE8F843FFF773B8024828
S31508026610C5E700BF80B0FFFF80B1FFFFF8B50C46A3
S315080266200646114620461A46FFF7B1F9054660BBEB
S31508026630B76C37B921462046321DBDE8F840FFF748
S315080266402BBAB4F90430002B04DA01462046FFF7C8
S3150802665047F968BB2046FFF749F8F36BB0EB430FDF
S3150802666026D82046B847054678B90436B4F9043020
S31508026670002B04DA00212046FFF732F938B93146F1
S315080266802046FFF7E5F800280ADA2846F8BD32461A
S3150802669021462046FFF73CF90028E7D00546F4E7ED
S315080266A0324621462046FCF70FFB0028E7D0F5E7DD
S315080266B0004DEAE780B0FFFF2DE9F74301F1100626
S315080266C00546894630460021FFF70AF90446A0B373
S315080266D000230127314668462A1DCDE90037FFF710
S315080266E01DFC044630BB09F108086B464246414682
S315080266F02846FFF793FF0446E0B96B466A466946A1
S315080267002846FFF78BFF0446A0B96B464A46494618
S315080267102846FFF783FF044660B96B464246414660
S315080267202846FFF77BFF044620B939463046FEF76E
S3150802673089FF04466846FEF7ADFE204603B0BDE86B
S31508026740F083F7B50D46012300210835044628468D
S31508026750CDE900131646FFF7C3F8211D07462A4658
S315080267606846FFF7F3F8044648B9002F0CBF002223
S3150802677006F0010269462846FEF744FE04466846C4
S31508026780FEF788FE204603B0F0BD2DE9F0430E461B
S315080267900546012189B006F11000FFF7A1F8044663
S315080267A0002840F086802846FFF78EFE012880469C
S315080267B040F0818021463046FFF792F8002878DBC0
S315080267C006F1080921464846FFF78AF8002870DBD1
S315080267D02F1D39463046FFF73BF8002869DA394655
S315080267E04846FFF735F8002863DA4B464A462846F4
S315080267F002A9CDE90248CDE90448FFF70FFF04468E
S3150802680000284CD133463246284604A9FFF706FF2C
S315080268100446002843D1EB68002B36D103230193A3
S315080268204FF0011304A90793084601AB06AA06937B
S31508026830FFF78CF8044690BBBDF91430002B04DA36
S31508026840002104A8FFF74CF8C8B904AA3346114632
S315080268502846FFF7E3FE044608BB04AA1146284663
S3150802686005F11403FFF756F80446C0B904A902A8AD
S31508026870FEF7EEFF114B041E18BF1C460FE004A9D3
S315080268803A460846FFF744F8D4E704AA11462846CA
S3150802689005F10C03FFF73EF804460028D5D002A8F6
S315080268A0FEF7F8FD04A8FEF7F5FD204609B0BDE897
S315080268B0F083024CF9E7024CF7E700BF80B3FFFF0B
S315080268C080B0FFFF38B50546FFF7FEFD01280C46E6
S315080268D001460ED12046FFF703F800280BDB2046B7
S315080268E005F13401FEF7B4FF00280448B8BF0020BA
S315080268F038BD0348FCE70148FAE700BF80B3FFFF4B
S3150802690080B0FFFF73B505461E46FFF7DDFD012879
S315080269100C4601460ED113462046009605F134026E
S31508026920FFF751FA044B10F10E0F18BF034618462B
S3150802693002B070BD014BFAE700B3FFFF80B0FFFF5C
S3150802694070B5066C0D460736B3EBD60F11460446EC
S315080269504FEAD60203D200230A482B6070BDB0F86C
S3150802696066302A604BB1FFF7AFFD012807D104F163
S315080269706000BDE87040FEF7EBBE0348EEE76FF035
S315080269806D00EBE700B1FFFF80B0FFFF38B50C469C
S31508026990051D29462046FEF75BFF002801DA00207E
S315080269A006E02A4621462046FCF78EF90028F0D052
S315080269B038BD2DE9F84F1E4603F10805C36804469B
S315080269C08A469046002B40F0C08002F110031A4610
S315080269D02946FFF723FE002840F0EF8006F110074C
S315080269E02B46424639462046FEF794FF002840F0D9
S315080269F0E48006F118092B46424649462046FEF728
S31508026A00A8FF002840F0D9804B463A462946204638
S31508026A10FFF704FE002840F0D080032229463046BC
S31508026A20FEF724FE002840F0C88031462046FFF7CC
S31508026A30ADFF002840F0C18008F1080B06F11007E7
S31508026A405B465A4639462046FFF7E8FD002840F0DD
S31508026A50B480394620460CF05DFD002840F0AD8032
S31508026A603B46424629462046FFF7D8FD002840F015
S31508026A70A480294620460CF04DFD002840F09D8052
S31508026A8006F118093B463A4649462046FFF7C6FD2F
S31508026A90002840F09280494620460CF03BFD00282B
S31508026AA040F08B803346324639462046FFF7B6FD1C
S31508026AB0002840F082802B463A4639462046FEF7A1
S31508026AC048FF002879D12B463A4639462046FEF732
S31508026AD040FF002871D13B462A4629462046FEF742
S31508026AE038FF002869D133462A4629462046FFF749
S31508026AF095FD002861D14B462A4629462046FEF7CF
S31508026B0028FF002859D15A464946204608F110035B
S31508026B10FFF784FD002850D1494620460CF0FAFCBE
S31508026B2000284AD139465046FEF7DDFC002844D1F2
S31508026B3029460AF10800FEF7D6FCF0BB49460AF1D7
S31508026B401000BDE8F84FFEF7CEBC13462946FFF7FC
S31508026B5065FD90BB032229463046FEF787FD60BBDA
S31508026B6031462046FFF712FF38BB04F10C070146EF
S31508026B703846FEF7B5FE00283FF45EAF08F110036B
S31508026B801A4629462046FFF749FDB0B906F110090B
S31508026B902B462A4649462046FFF740FD68B93B463A
S31508026BA04A4629462046FFF739FD30B92B46324672
S31508026BB031462046FEF7AEFE3BE7BDE8F88F2DE9E3
S31508026BC0F14F9A461B6904460E4691460A9D002BCA
S31508026BD000F0D18002F1100700213846FEF780FE48
S31508026BE028B95146304601B0BDE8F04FA5E40AF18E
S31508026BF0100800214046FEF773FE08B94946F1E738
S31508026C0001214046FEF76CFE002840F0B4803B4660
S31508026C103A4629462046FFF701FD002840F0AC8097
S31508026C2005F108083B462A4641462046FFF7F6FC88
S31508026C30002840F0A18053462A4629462046FFF7F7
S31508026C40EDFC002840F098804246414620460AF16B
S31508026C500803FFF7E3FC002840F08E804B462A46DD
S31508026C6029462046FEF775FE002840F0858009F180
S31508026C70080B5B46424641462046FEF76AFE002856
S31508026C807AD100212846FEF72BFE014680B94046F6
S31508026C90FEF726FE38B92B464A463146204601B04B
S31508026CA0BDE8F04F85E6304601B0BDE8F04F5AE43C
S31508026CB02B463A46204606F11001FFF7AFFC00289C
S31508026CC05AD105F110072B462A4639462046FFF7C0
S31508026CD0A5FC002850D105F1180A2B463A4651461A
S31508026CE02046FFF79BFC002846D14B463A463946D2
S31508026CF02046FFF793FC00283ED139462846FEF780
S31508026D00F2FBC8BB294620460CF004FCA0BB43464E
S31508026D10424631462046FFF781FC68BB2B4632467F
S31508026D2031462046FEF715FE30BB534632463146FB
S31508026D302046FEF70EFEF8B933463A46394620464D
S31508026D40FEF707FEC0B943463A4639462046FFF7DC
S31508026D5065FC88B95B46524651462046FFF75EFCFB
S31508026D6050B953463A46204606F1080101B0BDE835
S31508026D70F04FFEF7EEBD024801B0BDE8F08F00BF46
S31508026D8080B0FFFF10B50446FEF784FB04F1080045
S31508026D90FEF780FB04F11000BDE81040FEF77ABB4F
S31508026DA000B1EFE7704770B5044658B3436C012B40
S31508026DB011D00C30FEF76EFB04F11400FEF76AFBE5
S31508026DC004F11C00FFF7ECFF04F13400FEF762FB46
S31508026DD0201DFEF75FFBA36D8BB92046BDE8704008
S31508026DE0602101F05FB906FB0500FFF7D9FF0135FF
S31508026DF0D4E91603AB42F6D8EAF7CFFBEDE700254E
S31508026E001826F5E770BD10B5044650B1FFF7CBFF5B
S31508026E1004F16000FEF73EFB04F16800BDE810408D
S31508026E20BEE710BD38B504460D46FFF7BCFF20463F
S31508026E30FFF75CFB022D25702DD0032D47D0012DBF
S31508026E4060D1324B324AA364324BA260A261A2637A
S31508026E502262A26203F1600262624FF0011203F13A
S31508026E601801616103F13001616303F1480163604E
S31508026E70E16122637833E362201DFEF737FCE063A3
S31508026E8004F13400FEF732FC206400200123C4E931
S31508026E901600636438BD204B204AA364204BA261C6
S31508026EA0A360204BA2632262A26203F174026262A9
S31508026EB04FF0011203F12001616103F13C016163A4
S31508026EC003F158016360E1612263043BD3E7164B81
S31508026ED0134AA364154BA260A261A2632262A2624C
S31508026EE003F1800262624FF0011203F1200161612F
S31508026EF003F14001616303F160016360E1612263AA
S31508026F00943BB8E700230A482370C3E7A72D020873
S31508026F1001000600DC3D0408732E02080100070082
S31508026F2001000800583E04084D300208E83E0408ED
S31508026F3080B1FFFF2DE9F0410D4601462846174666
S31508026F409846FFF76FFF0446B0B92846FFF7BCFA22
S31508026F50012805F1600612D1424639463046FEF747
S31508026F60C9FB044628B931462846FFF7ABFC044656
S31508026F7010B13046FEF78EFA2046BDE8F081014C84
S31508026F80F7E700BF80B1FFFF10B50446F0B103680A
S31508026F90E3B1806838B12279012A11D101F0F8FEED
S31508026FA0A068EAF7FAFAE06820B1236899784900F6
S31508026FB001F082F82046BDE81040102101F072B8AF
S31508026FC01B78092BECD1FCF783FEE9E710BD2DE906
S31508026FD0F0410E461746054688B000286DD003686C
S31508026FE0002B6AD0C268002A67D09B78BB4214D2AB
S31508026FF0FCF73EFE044600283BD13A46314628466F
S31508027000FDF792FF0446A0BB69462846FCF7D7F966
S31508027010044670BB6E462B685F782B68D5F80C80E1
S315080270209A783621404608EB020417F00AF82B68CC
S315080270305C219A78204617F004F80023191D8F421E
S3150802704008EB03021DD29F4223D80023191D8F4243
S3150802705004EB030224D29F4228D82846FCF708FEEE
S31508027060044630B92B68414628469A78FDF75CFFF4
S3150802707004462021684601F015F8204608B0BDE806
S31508027080F081F25858F80300424048F803200B46AC
S31508027090D4E7F05C11780133414002F8011BD2E7CC
S315080270A0F258E0584240E2500B46CFE7F05C1178BE
S315080270B00133414002F8011BCDE7014CDDE700BF71
S315080270C000AFFFFF2DE9F047066805460F469046D2
S315080270D08AB006B1767897B3B8F1000F0CBF4FF0B5
S315080270E001094FF002090023294C05F1100A9945B6
S315080270F08DF804301BD92846FDF772FF0446B0B94D
S31508027100324651462846FDF733FF044678B901222E
S31508027110284601A9FDF72CFF044640B9B9F1020F2A
S3150802712010D0284602A9FDF731FF044698B102A8F5
S31508027130202100F0B7FF20460AB0BDE8F0874FF0DD
S315080271400109D0E7424639462846FDF711FF0446AB
S315080271500028E6D0EBE73246284602A9FFF737FFB2
S3150802716004460028E3D1324651462846FDF700FF79
S3150802717004460028DBD151462846FDF707FF044698
S315080271800028D4D19DF804300133DBB2AFE700BF43
S3150802719000AFFFFF2DE9F843066804460F46154679
S315080271A006B17678B5F5806F3BD8236C63B904F1DE
S315080271B01008BDB92A4629462046FFF783FF78B943
S315080271C0236B013323630BE0A36B012B03D0226BE2
S315080271D0E36B9A42EBDD204602F0F0FF0028E6D088
S315080271E0BDE8F883AE422046B14628BFA946FDF758
S315080271F0F7FE0028F4D1324641462046FDF7B8FE8E
S315080272000028EDD141462046FDF7C0FE0028E7D109
S3150802721038464A46414617F033F94F44A5EB090565
S31508027220C7E76FF00200DBE710B50446006810B145
S31508027230616800F041FFA068EAF7AFF92046BDE8A9
S3150802724010400C2100F02EBF036810B504461BB18E
S315080272509B6A0BB1406898472046BDE81040A021BA
S3150802726000F020BF38B504460D4669B103685BB91C
S315080272704B6A13B90020256038BD9847606000281C
S31508027280F8D1A0F57E50F7E70048F5E780C1FFFF81
S3150802729084B08DE80F0028B10378023B022B94BF15
S315080272A00846002004B070472DE9F843EFF311862B
S315080272B0302383F31188384F97F83D50002D65D156
S315080272C0364B37481D60374B1D60374B1D6019F02A
S315080272D090FABFF34F8F354CE9F766FD6368012BC9
S315080272E039D0E56019F010F900250F220124304B38
S315080272F0DFF8B880DFF8CC90C8F848505A641A64A8
S31508027300E9F752FDC9F80440C8F8104018F09CFA8B
S315080273100822284BC8F818504320C3F88821E9F7F1
S3150802732065FDC9F84440EFF31188302383F31188C9
S315080273304FF4E060E8F7B6FF024688F31188BFF318
S315080273406F8F1D4B1860B8B986F31188BFF36F8F1C
S315080273502320BDE8F883D4F80480B8F1010F02D0DF
S31508027360E9F722FDBDE7636818F06EFA0223236186
S315080273700F4BC3F80480F3E72B4640F2E7310F4878
S3150802738016F06EFC0E4B87F83D40186086F311889E
S31508027390BFF36F8F0020DCE7305A00201C4A00201A
S315080273A0C8390408204A00205418002000800A50D0
S315080273B000A00A5000E100E05818002018FCFFFF60
S315080273C00818002000900A50022243680A70024AEE
S315080273D068334A608B6070476440040802380128A3
S315080273E08CBF002001207047031F5842584170473E
S315080273F00E4B0340B3F1607F06D1B1F5885F14BF27
S315080274006FF0860000207047B3F1707F0BD101F44C
S31508027410E043B3F5005F06D111F4E06F0CBF6FF0DD
S315080274208600002070476FF0860070470000C07F14
S315080274308A42F8B507460C4600F0BE805F4922F438
S31508027440FF7323F001038B4207D022F47F7323F0E4
S31508027450030301F500718B4228D1594B24F0FF0131
S3150802746099420FD114F0FF0036D0564B40F0007007
S31508027470984240F09F8082EA0400FF288CBF0020D1
S31508027480012029E0504B9942ECD0A3F58853994242
S31508027490E8D024F4FF7323F00103B3F1062FE1D0F9
S315080274A04A488142DED04A498B42DBD004F0FE4389
S315080274B0B3F1A06F11D102F0FE43B3F1A06F79D1F7
S315080274C014F4004008D0624022F47E12C4F3054444
S315080274D022430CBF01200020F8BDB3F1407F69D1D9
S315080274E002F0FE43B3F1407F64D182EA040535F423
S315080274F07E155FD139462046FFF77AFF002859D113
S31508027500344BC4F305461340B3F1607F22D1324BA4
S31508027510D2B242F000729A4234D002F17E42131F6E
S315080275200F2B0AD8DFE803F03D3D092E262A082844
S31508027530262A0909262A08283025043A0F2A29D88C
S31508027540DFE802F0303028211E2D23251E2D28289B
S315080275501E2D2325B3F1707F1CD107F4E043B3F542
S31508027560005F17D10121C7F3022399400D46DEB900
S315080275700E4610E01C25E0E74025DEE72025DCE77D
S315080275801C21F4E710251021F1E73021EFE76EB947
S31508027590402600E056B9AA1B504250419CE72021DA
S315080275A0E5E714251421E2E7B14205D0230493D571
S315080275B0AE4263E700208FE701208DE7000200064E
S315080275C000030006FF000002001300060009000679
S315080275D0000400060000C07F03000002037E022B9F
S315080275E006D1C3695A1C03D00133C3610020704710
S315080275F06FF09600704710F1860F13D010F1850FC1
S315080276000BDA20F0020393330FD010F1970F0CBF59
S315080276106FF06D004FF0FF307047003818BF012039
S31508027620404270476FF0710070476FF06F00704705
S3150802763000F19903142B1AD8DFE803F01717191962
S3150802764019191917191919191319191A150B0F0DC9
S3150802765011000848704708487047084870470848A4
S315080276607047084870470848704708487047C2E795
S315080276700748704700C3FFFF80C6FFFF80C5FFFFAC
S3150802768000C1FFFF80C0FFFF80C1FFFF00C2FFFFEE
S3150802769080C7FFFF064BD3F8F00908B9D3F8F809F3
S315080276A0D3F8EC3913B1984228BF1846704700BF81
S315080276B0F02F00201B49026AD1F8F83932F000424D
S315080276C008BF1A4630B5184C436AD1F8FC59A2428B
S315080276D028BF2246002B08BF2B46A34228BF2346B3
S315080276E0C07D934238BF1346052808D8032808D90F
S315080276F0D1F8F4298AB193420FD0002010E0062867
S31508027700FBD1D1F8F00908B18242F6D1D1F8F409D1
S3150802771008B18342F1D1C1F8F0290120C1F8F43940
S3150802772030BD00BFF02F00209AC4200010B50446D1
S31508027730FFF769FB2046BDE81040E9F72EBF2DE9A1
S31508027740F341064617461D460190014402236A463E
S3150802775001A8FDF786FD18B9009B23B96FF06700EB
S3150802776002B0BDE8F081019A92F90000117800286A
S31508027770F4DB71B1DDF80080A845EFD8019CA5EBD2
S315080277800800214642463844444416F079FEA01BB6
S31508027790E6E7511C013B01910093002BEAD053788E
S315080277A0002BE7D1DAE737B50C461546027832B12F
S315080277B05A1BA2420ADA6FF06B0003B030BD013CD5
S315080277C000F10100F2D16FF06700F6E71B1B2246B3
S315080277D001461846019316F053FE90F90020002A36
S315080277E008DA421B002AE6DD421E01920022013413
S315080277F000F8012C2246294601A8FDF745FD002876
S31508027800DBDB019B20445D1B002DD4DD0222013007
S3150802781003F8012CD1E710B580210120E9F7C4FF4E
S31508027820044608B1FEF77CFE204610BDF8B50029CD
S3150802783031D11E4B1D68002D36D030272C7D1C4EAB
S315080278402046E6F741FE07FB0463DA6E194B9A42B5
S3150802785013D12846E9F7D4FBA0B1EFF3118187F3D8
S3150802786011880123144AA3405365A2F580529362F4
S31508027870536381F31188BFF36F8F2046BDE8F84042
S31508027880E6F744BE2846E9F7EFFB0028F5D10123BF
S31508027890A340B364F1E7012906D1044B186818B16D
S315080278A0BDE8F840E9F78DBCF8BD00BFC41B00204F
S315080278B000000450C24800200020045070B5EAB007
S315080278C08022002108A816F0BCFB01220023CDE97C
S315080278D00623214B21491C936B46086849688DF893
S315080278E0902003C36B468DF8982003CB8DF897201A
S315080278F08DF894201A461546194BCDF85900CDF83D
S315080279005D1003F110062C4618685968083303C43B
S31508027910B3422546F7D10FCA0EAC84E80F000124FC
S3150802792010488DF8924016F037FE0E49024612A804
S3150802793016F0A6FD29A88DF893400CF0CFFB00237C
S3150802794006A929A88DF8A231E3F7E4FC064829A975
S31508027950E4F72CF86AB070BD22220F006C400408C6
S3150802796075400408BC640020343D002000B591B07F
S3150802797008463F2389896A46DFF728FD00F1400356
S315080279800DEB03000023074900F8403C684616F051
S31508027990AEFD18B969460448F3F79FFA11B05DF8C7
S315080279A004FB00BF86400408914004082DE9F04311
S315080279B04FF000084FF0010985B007460D461046FC
S315080279C0414614461E46CDE90289FDF789FF80B96C
S315080279D031463846FEF7D9FE044618B92846FEF758
S315080279E0C2FD044602A8FDF755FD204605B0BDE8CE
S315080279F0F08349462046FDF773FF58B931463846A3
S31508027A00FEF7C3FE04460028ECD131462846FEF7A7
S31508027A1094FDE6E74FF0FF312046FDF761FF18BBFC
S31508027A2031463846FEF7B1FE04460028DAD1314619
S31508027A302846FEF782FD04460028D3D108350146BA
S31508027A402846FDF74DFF2A460646391D02A8FDF7C8
S31508027A507DFF04460028C5D1321E18BF01222846DA
S31508027A6002A9FDF7CFFCBCE733462246294638462B
S31508027A70CDF800800BF092FBB3E72DE9F043CDB0C9
S31508027A800C46904699460746549E569D002800F095
S31508027A90FA80002900F0F780002A00F0F480002B13
S31508027AA000F0F180002E00F0EE802DB96FF09404FC
S31508027AB020464DB0BDE8F0832822002120A816F002
S31508027AC0C0FA2022002110A816F0BBFA2146424627
S31508027AD0384610ABFBF793FF04460028E8D17B88AB
S31508027AE0DA1DD208B5EB420FE0D13F8807F44F42C0
S31508027AF0B2F5824F40F0CA80FAB2122A40F0C68026
S31508027B0023F02002C02A03D0B3F5807F40F0BE805E
S31508027B104FF00008842241462BA827F0FF07CDF82C
S31508027B20A88016F08EFAB7F5E24F2FD118AF0DF1ED
S31508027B30400CBCE80F000FC79CE80F0087E80F004F
S31508027B401A9B20A823F0407323F4804343F400537E
S31508027B50CDE91A382AAB1C9388231D9318F02FFEF9
S31508027B60C0B918AA10A920A8FDF74EFA074620A8F8
S31508027B7018F025FE07430DD10DF1400C18AF0FCFB3
S31508027B80ACE80F0097E80F008CE80F0020A818F061
S31508027B9016FE10B16FF092048AE7129B9B045DD51C
S31508027BA0109F3C4B3C4A07F07047B7F1404F18BF4D
S31508027BB013460DF16008CDE92030229028904146FF
S31508027BC010A8FCF73DF9002844D1189920A818F006
S31508027BD0FDFD314620A818F0F9FD01A910A8FCF709
S31508027BE008FA002836D101A920A8FCF73FFA04A909
S31508027BF010A8FCF715FA68BB04A920A8FCF736FA00
S31508027C004FF0010C46F00056CDF834900DABCDF886
S31508027C1038C00F9693E80700559B45F0005507AE06
S31508027C2086E80700B7F1404F1893CDF864C01A9555
S31508027C300AAD98E8070085E8070018D1294620A862
S31508027C40FCF714FA314620A8FCF710FA20A818F017
S31508027C5025FA28B12C2810D0012811D06FF09204E9
S31508027C6020A818F0ACFD00283FF422AF92E731466F
S31508027C7020A8FCF7FBF92946E5E76FF09404EFE73D
S31508027C806FF08B04ECE76FF0860411E76FF085045A
S31508027C900EE700BF000003060000010610B5044601
S31508027CA00089216818B1BDE81040E4F7F7BA4B8994
S31508027CB02381054BD3F84C0AE4F7BBFA10B92168BD
S31508027CC0E088F0E710BD00BFF02F002030B5114B59
S31508027CD085B001930546FFF7DDFC0C46DFF720FA6F
S31508027CE04FF4805302902046ADF80C30FFF7D6FFCA
S31508027CF070B90A22206801A9DFF710FD40B91022DF
S31508027D0029462068DFF70AFD10B9638901336381C2
S31508027D1005B030BD001C00012DE9F04F036A0C4680
S31508027D2043F000430968C67D036205468FB00068C2
S31508027D30B1F80A90E4F77DFA8346002840F01781E5
S31508027D402168E088E4F7AAFA8346002840F00F8102
S31508027D50043EF6B2012E00F2AE80AB4A0492DFF779
S31508027D60DFF9059020680A2204A94789DFF7D6FCBD
S31508027D708346002840F0FB8021686868B1F80A80CB
S31508027D80E4F74AFA8346002840F0F180484621681B
S31508027D90E4F784FA8346002840F0E98039462068E9
S31508027DA0F5F700FB628901326281AA68002A40F06F
S31508027DB0878040462168E4F771FA8346002840F036
S31508027DC0D6804FF0FF220A92DFF7AAF90A220B9011
S31508027DD00AA92068ADF830B0DFF7A0FCD946834679
S31508027DE0002840F0C4806289012E02F101026281F4
S31508027DF040F2BD8040462168E4F750FA002858D17F
S31508027E00824A0A92FFF746FCDFF78AF96A8A0B90DA
S31508027E1052BAADF83220AA8A206852BAADF834208E
S31508027E202A8A0AA952BAADF8362010224689DFF7FD
S31508027E3075FC00283DD12046FFF730FF002838D1CF
S31508027E4031462068F5F7AEFA628940460132216862
S31508027E506281E4F723FA60BB6D4A2068049204A99A
S31508027E600A224789DFF75AFC18BB8DF81C905E4632
S31508027E704FF03D09226895F8168008925289ED68F6
S31508027E80ADF82420B2B2904559D89DF81C20002A94
S31508027E9000F0A680012A00F0B48000220DF10F013D
S31508027EA08DF80F2007A80122DFF74BFD002800F006
S31508027EB0A08083465BE0574B0493FFF7EBFB4EE744
S31508027EC0012E7FF676AF5F46DA46AA68BBB252F84B
S31508027ED023002168019300283FF46BAFE4F79CF96D
S31508027EE08346002843D1019B216833BB4A48B1F82F
S31508027EF00AA0E4F791F98346002838D14846216852
S31508027F00E4F7CCF98346002831D120680A2243894E
S31508027F1004A90193DFF702FC834640BB4046216869
S31508027F20E4F7BCF90137834608BB01992068F5F7DF
S31508027F3039FA638901336381C7E75046E0E728685F
S31508027F408DF80E9058B9696831B12A8922B107A805
S31508027F50DFF7F7FC0028ACD101360C3592E74FF46F
S31508027F608071DFF7D3FE824628B94FF0070B5846D1
S31508027F700FB0BDE8F08F6A6862B98DF80F0001226A
S31508027F800DF10F0107A8DFF7DCFC002891D1524654
S31508027F902968DCE72A8911180131FF29E5D8013257
S31508027FA002448DF80F200DF10F01012207A8DFF711
S31508027FB0C8FC00287FF47DAF5246296807A8DFF778
S31508027FC0C0FC00287FF475AF01220DF10E0107A847
S31508027FD0DFF7B7FC00287FF46CAF2A896968B6E731
S31508027FE0089ABDF824105289521A92B2002A3FF40E
S31508027FF054AF39462068F5F7D5F9628901326281AC
S31508028000B5E7BDF82420F1E7000C00FE00210001C7
S3150802801000100001000C0001A8400408F0B503682E
S315080280200646062B0C46A5B011D01B4825B0F0BD56
S3150802803073686A689A4203D1B16817F0F8F950B1C1
S31508028040143528680028F3D1A0F56850EEE7134DD9
S31508028050F7E71348EAE704F110079022394668461B
S315080280602E7C16F00DFA94E80F00FFF711F990220C
S3150802807039460546684616F003FA94E80F00FFF7F4
S3150802808007F903780BB19E42E3D13146284625B05B
S31508028090BDE8F040FEF7C6BE80B1FFFF10430408F4
S315080280A000C3FFFF034B0A4610B50021DB680446EE
S315080280B0984710BDBC64002010B5044610B109B13A
S315080280C0FFF7F0FF2046BDE81040E9F766BA4342DB
S315080280D013F07F031CD05F2BC3F1000000F3B480BA
S315080280E010F10E0F31DA10F13B0FC0F2DB8010F1FE
S315080280F0100F00F0F28010F10F0F00F0898010F1D6
S31508028100210F1FD010F1200F67D010F1220FBBE00C
S3150802811010F56E5F00F0D88000F3938010F59C4F3F
S3150802812076D05DDC10F5C44F00F0C58031DC10F561
S31508028130C74F00F0C3803FDB10F5C64F68D010F575
S31508028140C54F39D16FF086007047012300F10E0240
S31508028150934040F217521342F4D100283FD010F14F
S31508028160080F08BF6FF0890018BF6FF083007047C9
S31508028170012300F16C02934041F250521342E1D1BD
S31508028180DB0700F1A78010F16A0F08BF6FF08C00B9
S31508028190EAE710F5A24FD5D011DC10F5C14F1CD075
S315080281A006DC10F5C34F00F0988010F5C24FC8E7F9
S315080281B010F5A34F00F091806FF08300704710F519
S315080281C09E4F00F0878005DC10F5A14F05D010F50B
S315080281D09F4FB6E710F59D4FEED16FF085007047B9
S315080281E010F5785F6DD01EDC10F5994FAAD008DC21
S315080281F010F59B4F71D010F59A4FDDD16FF09300B1
S31508028200704710F57E5F68D005DC10F5984FD3D11C
S315080282106FF09400704720F0800010F57C5F08BF6D
S315080282206FF08600A0E710F5705F4DD0C4DC10F53C
S31508028230725FD2D0C0DC10F5765F83D010F5745F1A
S315080282407FE710F15F0F29DA10F16C0F90DA10F15F
S31508028250700F3CD010F16F0F1ADA10F5645FD7D0A1
S315080282600DDC10F5685FB8D006DC10F56C5F3FF4DC
S3150802827069AF10F56A5FAFE710F5665FACE710F510
S31508028280625F27D010F1720F08BF6FF085006BE7A7
S3150802829010F16E0F08BF6FF0960065E700287FF7AA
S315080282A01FAF89E710F13D0FA8DA10F1400F08BF9A
S315080282B06FF0930058E76FF0950070476FF09600DD
S315080282C070476FF0910070476FF0840070476FF047
S315080282D0920070476FF0890070476FF08C00704704
S315080282E041F2052398421AD8B0F5905F09D241F2B5
S315080282F0010398420CD0B0F5885F09D06FF085006B
S3150802830070472923A0F5905080B2C340DB07F5D504
S3150802831011F0070F0CBF00206FF086007047B0F50A
S31508028320105FEBD121F04003802B06D0B1F5807F98
S315080283300CBF00206FF0860070470020704770B5AA
S31508028340046A05460E463CB90120E9F72DFA286269
S3150802835028B120466E6270BD6FF08A00FBE76FF0A7
S315080283608C00F8E79142F8B506460C4600F01D81E6
S3150802837021F0FF00B24988420CD122F0FF03834262
S315080283803CD114F0FF0334D0AE4943F000738B425C
S315080283902FD10AE1AC4DA84216D0AC4B98420DD06B
S315080283A024F4FF7323F00103B3F1062F06D0A84F76
S315080283B0B84203D0A7F5A067BB4267D122F0FF03F4
S315080283C08B422DD10022F0E022F0FF038B42F9D036
S315080283D0834227D184EA0203FF2BF3D89A4B9842A9
S315080283E000F0FE809949884240F04C8114F0FF0162
S315080283F00FD112F0FF0340F0E1801EE192498B4251
S3150802840010D184EA0201FF29DCD814F0FF0100F03A
S31508028410DC808C4841F00071814240F0EA80C4E079
S31508028420AB42D6E7894DAB4200F09B8022F4FF713E
S3150802843021F00101B1F1062F06D0854FBB424AD081
S3150802844005F50075A94221D184EA0201FF29B9D8A6
S315080284507B4D24F4875121F01F01A94240F00E8179
S3150802846014F0FF01D5D179498B4200F0DD8022F460
S31508028470FF7121F00101B1F1062F00F0D580744891
S31508028480834200F0D180734B9942B2D004F0FE4584
S31508028490B5F1A06F2AD102F0FE43B3F1A06F91D1D4
S315080284A084EA020333F47E138CD12504C4F305430C
S315080284B0C2F3054002F4004140F1F280002900F0BF
S315080284C0EB80834238BF034624F47E1242EA034213
S315080284D042F4004269E084EA0201FF2940F29980E7
S315080284E004F0FE45B5F1A06F3FF46CAFB5F1407FDD
S315080284F07FF468AF02F0FE43B3F1407F7FF462AFC8
S3150802850084EA020333F47E157FF45CAF31462046D3
S31508028510FEF76EFF00287FF455AF14F47C1300F0C3
S31508028520C780C4F3054312F47C1504F4004C02F424
S31508028530004700F00C81C2F30540BCF1000F00F0C1
S315080285404F810546002F00F047819D4238BF1D46E0
S315080285502D0405F47C1524F47E142C4344F40042BD
S3150802856023E084EA0201FF29BAD8354988421ED097
S3150802857001F5805188420FD0984240F0838014F06A
S31508028580FF017FF446AF31498B424DD112F0FF030A
S3150802859014D104F0FE45A9E714F0FF033FF429AF0E
S315080285A0284943F000738B4204D11046F8BD14F0F3
S315080285B0FF03F5D112F0FF033FF404AF214943F05C
S315080285C000738B427FF462AF08E012F0FF02ECD030
S315080285D01C4B42F000729A427FF4F4AE2246E4E75C
S315080285E014F0FF030AD0174943F000738B42DCD01C
S315080285F0034615498B427FF436AF15E012F0FF02A7
S31508028600D3D0104B42F0007199420CBF2246002289
S31508028610CBE70B4988421FD114F0FF0304D009495E
S3150802862043F000738B42C0D012F0FF03C6D104F0A8
S31508028630FE45B5F1A06F7FF459AF1A46B5E700BFFC
S3150802864000030006FF0000020013000600020006EF
S31508028650000900060004000663498842DCD0A842E5
S315080286608DD0624D24F47F7121F00301A94201D015
S315080286709842BED114F0FF01BBD0CAE65C498842D3
S315080286803FF4EEAE594D24F47F7121F00301A9425D
S31508028690F0D058498842ECE7834288BF002284E733
S315080286A000293FF48FAE83422CBF224600227CE784
S315080286B051492140B1F1607F38D15048E1B241F0C9
S315080286C00071814241D001F17E4104390F293FF6FA
S315080286D02AAF01A050F821F01D8702081D8702085B
S315080286E0278502084B87020819870208218702088C
S315080286F0258702082987020819870208218702089E
S315080287002785020827850208198702082187020891
S3150802871025870208298702081C2304E7142302E78F
S31508028720202300E73023FEE64023FCE6B1F1707F02
S315080287307FF4F9AE06F4E041B1F5005F7FF4F3AEDB
S315080287400123C6F302218B40EDE61023EBE62A4904
S315080287501140B1F1607F1ED12848D1B241F00071B3
S31508028760814237D001F17E4104390F2916D8DFE854
S3150802877001F00A0A1531080C0E10080C1515080C1A
S315080287800E101C20D9E61420D7E62020D5E6302084
S31508028790D3E64020D1E6B1F1707F11D03846BCF15C
S315080287A0000F7FF4CFAE002F7FF418AF83427FF419
S315080287B009AE1B0403F47C1324F47E121A43F4E66E
S315080287C006F4E041B1F5005FE8D10120C6F30226BE
S315080287D0B040B2E61020B0E6AB4288BF0022E4E61B
S315080287E0002FE3D05FE700BF00130006000400066F
S315080287F000020006000900060000C07F030000020E
S3150802880038B50446006A10B1616AFFF755FC237E43
S31508028810012B0FD0023B012B0FD8E369012B0CBFAA
S3150802882000256FF0960528220021204615F009FC3E
S31508028830284638BDE369002BF1E76FF09605F2E7A3
S315080288402DE9F041384B04465A780E46022A98B06A
S3150802885066D11B78072B63D10EA817F0B0FF054621
S3150802886048BB01906EB334B336F0030706F003082B
S3150802887024D04FF0E063CDE90E3001230B940C931C
S3150802888047F000530D930BAA05AB1090169007CA32
S3150802889083E8070019460EA817F0A1FF0EA8394665
S315080288A017F094FF0EA817F0F9FB38B13A46294695
S315080288B0204615F0C6FB6FF0920003E0B8F1000FF0
S315080288C003D1002018B0BDE8F08100254FF0E0631F
S315080288D0CDE90E3501AB089301230993134B08AA78
S315080288E00A9302AB07CA83E8070019460EA8109531
S315080288F0169517F074FF0EA8042117F067FF0EA845
S3150802890017F0CCFB08B13246D1E7019A3C44C300C2
S31508028910013022FA03F3804504F8013BF7D1D0E788
S315080289206FF08800CEE700BFE04A0020040000206E
S31508028930084608B51146FFF783FF002818BF6FF0EF
S315080289403B0008BD426870B5120A0588438806D0FE
S31508028950012A56D000236FF086000B6022E005F448
S31508028960E042B2F5805F02D0B2F5005F05D1073367
S31508028970DB0840D16FF0850014E005F44F42B2F5EA
S31508028980844F03D10733DB080AD1F3E747F2010222
S31508028990954208D15B080133DB0803EBC3033B337B
S315080289A000200B6070BD44F20102954202D1DB0839
S315080289B01033F5E747F20202954204D1DB0803EBCE
S315080289C043035A33ECE744F20202954204D1DB0828
S315080289D003EB43034A33E3E725F0FF05B5F5E24F18
S315080289E0D0D0B5F5824FC5D10733DB085B0001331A
S315080289F0012BD5D1BEE725F0FF05B5F5824FCFD1BC
S31508028A00F6E705F4E046DC1DB6F5805F25F0FF00C3
S31508028A104FEAD40202D0B6F5005F06D1002A4DD03D
S31508028A20B0F5824F07D1134643E005F44F46B6F533
S31508028A30844F05D1C2B3D31C23F003032C33AFE70B
S31508028A4047F20106B54210D15B080133DB0803EB96
S31508028A50C3033B330333920723F0030301D1072CE5
S31508028A60ECD1B0F5824F30D0E8E744F20106B542C0
S31508028A7002D1DB081033EDE747F20206B54204D10C
S31508028A80DB0803EB43035A33E4E744F20206B54232
S31508028A9004D1DB0803EB43034A33DBE7B0F5E24FC5
S31508028AA0C8D0B0F5824F02D00B680333C4E753002F
S31508028AB00133012B00D10B68013BCBE7B0F5824F9E
S31508028AC00B68F2D1023323F003030433B6E72DE928
S31508028AD0F74305460E4600F1680900217830174625
S31508028AE09846FCF7FDFE80B133464246494628467B
S31508028AF000970AF011FBFFF7EAFA0446A0B13A46D4
S31508028B000021304615F09DFA0EE0094B05F1600288
S31508028B100093494605F11C0328460AF03FFBFFF776
S31508028B20D6FA04460028DFD0204603B0BDE8F08313
S31508028B30318902082DE9F04F8DB0059314460023BA
S31508028B400792059A07460E46CDE909331360002CAB
S31508028B5000F00381B4F1005F80F0028109AA0AA934
S31508028B600AF0E7FC8346002837D10A9D6B6A53B39D
S31508028B700A9DAA466B88D5F8208008936B685AF82E
S31508028B80249F1B0A012B00F0D780774A934200F0F4
S31508028B909D8003BB2B8803F44F43B3F5824F32D033
S31508028BA0288800F4E043B3F5805F3DD1089B002B8B
S31508028BB042D00899FFF794FB834670B90731B4EBA4
S31508028BC0D10F28D007E07B681B0A14D0012B0BD0E3
S31508028BD0654A93420FD06FF0860B0A98002800F078
S31508028BE0A780FFF70DFEA3E0384607A9FFF7AAFEFE
S31508028BF083460028F1D128460799FFF7A0FB83464A
S31508028C000028B5D0E9E722463146284608ABFBF7E5
S31508028C10AAFA834620B9A14568D26FF0890BDCE728
S31508028C2010F1860FD9D1BBE7B3F5005FBED0430476
S31508028C3005D46FF0850BD0E7E3000893B9E720F473
S31508028C40435323F03F03B3F5824FF2D100230B932C
S31508028C500BAB698832460093234609F043FF0B9C07
S31508028C60834630B12046FEF7CEF82046E8F795FC53
S31508028C70B3E72B88216C23F4435222F03F02B2F564
S31508028C80824F03D1DAB2412A08BF013103F4E04325
S31508028C90B3F5804F089110D153464A4641462046BD
S31508028CA0FFF715FF83462046FEF7ADF82046E8F79C
S31508028CB074FCBBF1000F1FD08FE74B464246514664
S31508028CC02046FDF73DFEFFF702FAEBE72B8803F491
S31508028CD04F43B3F5824FACD122463146284608ABFC
S31508028CE0FBF741FA8346002895D076E722463146B5
S31508028CF0404615F0C5FB6C620A98089B428842BB3F
S31508028D0043804FF6F872934293D83B881BB1028888
S31508028D109A427FF460AF7B881BB142889A427FF4FD
S31508028D205AAF05990AF04BFC834600287FF455AFE3
S31508028D3058460DB0BDE8F08F08ABCDE901A322462F
S31508028D40434631462846CDF80090FBF70FFC83468A
S31508028D50AFE79A427FF43FAFD3E76FF0860BE7E7B8
S31508028D606FF0850BE4E700BF02008000036810B5C8
S31508028D7004462BB1054A934205D10430FAF7A8FFF7
S31508028D800020206010BD6FF08800FBE70900000292
S31508028D9010B50446006838B1012806D0042808D060
S31508028DA06FF088000023236010BD201DFFF7DEFF49
S31508028DB0F8E7201DFAF78CFFF4E738B505462B6865
S31508028DC03BB112B90024204638BD012B04D0042B2E
S31508028DD015D06FF088040EE068680B4B9842F8D1FC
S31508028DE005F10800FBF734FF06F0C2FFFFF76FF93B
S31508028DF004460028E6D02846FFF7CAFFE3E7281DFF
S31508028E00FBF726FFF4E700BF09000002036870B506
S31508028E1005460C4613BB134B994215D1061D30461F
S31508028E20FAF756FF21463046FAF7F8FE06F0A0FF93
S31508028E30064628B92C603046BDE87040FFF747B9A8
S31508028E402846FFF793FFF6E701F0FE44B4F1007FE8
S31508028E5014BF6FF086006FF0850070BD6FF0880052
S31508028E60FBE700BF09000002F8B50E460168054691
S31508028E70F9B906F0FE43B3F1007F20D1071DDC22C3
S31508028E80384615F0DEF831463846FAF7C7FE044684
S31508028E9068B110F1860F0ED131463846FFF7B6FF94
S31508028EA0044640B9012300242B602046F8BD04235A
S31508028EB0F9E76FF088042846FFF76AFFF5E76FF0CF
S31508028EC08604F8E72DE9F34114461D460378394A24
S31508028ED043F000739342074688462C6006D1002C5D
S31508028EE062D16FF0890002B0BDE8F08103F17E43DA
S31508028EF0043B0F2B22D801A252F823F0938F0208C3
S31508028F00938F02083D8F0208DF8E02088B8F0208B4
S31508028F10838F02087B8F0208738F02088B8F0208E1
S31508028F20838F02083D8F02083D8F02088B8F020845
S31508028F30838F02087B8F0208738F020824B12246A8
S31508028F402121404615F07DF800263A681A4B9A42C6
S31508028F502CD10023202241460193381D01AB06F08D
S31508028F60C3FD06F005FFFFF7B2F80028BBD12E6055
S31508028F70B9E7002CB5D040260EE0002CB1D0302639
S31508028F800AE0002CADD0202606E0002CA9D01C262B
S31508028F9002E0002CA5D0142622462121404615F0CF
S31508028FA050F8B442D1D29CE71026F5E76FF0880054
S31508028FB099E700BF030000020900000238B5002441
S31508028FC01C600546006898B1012808D004280BD011
S31508028FD06FF088042846FFF7DBFE204638BD281DB9
S31508028FE0FFF770FF0446F5E7281D06F07DFDF9E751
S31508028FF06FF08804F1E7026838B504464AB1114BA6
S3150802900022F47E11994206D10430FDF702FA0023B2
S315080290102360002014E00C4B1340B3F1607F08D1A3
S315080290204021E830FFF73EF804F10800FFF7B0FEEA
S31508029030EDE74FF49472002115F003F86FF08800FB
S3150802904038BD00BF0002C0030000C07F10B5044649
S31508029050006888B1042810D0052817D0012817D12E
S3150802906004F10800FFF7C7FF00232360A38823F44F
S31508029070FF7323F00103A38010BD4FF4AE720021E3
S3150802908004F1080014F0DDFF0020EDE7B822F6E748
S315080290906FF08600E8E7F8B51E4D064695F84833A0
S315080290A00F4683B300242B462246197ED1B13CB91A
S315080290B0022905D1D96919B91979002918BF1C4697
S315080290C00132152A03F12803EFD114B96FF08C0087
S315080290D006E02046FEF782FA2046FFF791FB10B11A
S315080290E000240EE01C46237E83B9012323763EB173
S315080290F0651BED1003F1CC335D4305F18045356000
S3150802910000203C60F8BD6FF08800E9E76FF0960032
S31508029110E6E700BF2C4B002000232DE9F0470F4657
S315080291200B608949064691F8482386B0002A00F062
S31508029130058100F14042142A4CD8282303FB021168
S315080291400B7E022B3BD039460020FFF7A4FF0446CC
S31508029150002856D10125D7F8008021463046C8F89E
S315080291601460C8F8045004AAFAF7C0FB044618BBF0
S31508029170DDF810A028465146E8F716FB05460028F2
S3150802918000F0D0802146304604AA0394FAF7AEFBD3
S31508029190044668B903AB2146009352462B4630462D
S315080291A00AF0A0FA039B04469A452ED06FF098045B
S315080291B051462846FEF780FF00210846A7E04B697C
S315080291C09842C0D10846FEF709FA0446B0B9396092
S315080291D0002416E0002840F3B4800A46107E0228CE
S315080291E002D15069864205D00133152B02F12802B5
S315080291F0F4D1A8E7282202FB0311E3E710F18C0F4A
S31508029200A1D0204606B0BDE8F0870028D0D1BAF131
S31508029210230F68D9082228464C4916F008F900286F
S3150802922061D1AB68002B5ED12E6AAAF124039E4255
S315080292305AD8B6F5005F57D28EB331460120E8F701
S31508029240B3FA814600285DD0324605F1240115F0AD
S3150802925017F9EB685146C8F804302B8A2846A8F84D
S3150802926000306B8AA8F802306B69C8F80830AB6917
S31508029270C8F80C30EB69C8F81030B9F1000F00D005
S315080292807EB9FEF719FF31464846FEF715FF3868DC
S31508029290FFF7B6FA6FF0910400233B60B1E7B146D7
S315080292A0D7E7FEF709FF31464046FFF748F8044676
S315080292B058BB32464946D8F8200015F0E1F831463F
S315080292C04846FEF7F9FE3C6804F10800E5F717F888
S315080292D0237E012B2FD02046FEF780F9044600286C
S315080292E03FF476AFD8E726466FF0980451462846EB
S315080292F0FEF7E2FE31460020FEF7DEFE3868FFF78B
S315080293007FFAC9E76FF08C04F0E731464846FEF764
S31508029310D3FE3868FFF774FA14F18C0F08BF6FF0A2
S315080293208704B9E72146FEF7C7FE3868FFF768FAE9
S315080293306FF08C04B0E702232376CCE76FF088043B
S315080293405FE76FF087045CE72C4B00206043040854
S31508029350034668B1017E8A1E012A0BD80329C2690F
S3150802936003D1012A01D1FFF74BBA1AB1013ADA61E0
S31508029370002070476FF0960070472DE9F84388463B
S3150802938017461C46FFF7C8FE054688BBD8F8006094
S31508029390B6F8009009F4E043B3F5804FB36808BF06
S315080293A027F0010737EA03031AD10CB3204A24F03F
S315080293B0FF0393421FD114F0FF0304D01D4A43F062
S315080293C0007393422FD022464846F168FEF730F8DA
S315080293D0074668B9224648463169FEF729F828BB86
S315080293E06FF0840500233046C8F80030FFF7B0FF57
S315080293F02846BDE8F883104A9342DCD024F4FF736A
S3150802940023F00103B3F1062FD5D00C4A9342D2D0EA
S3150802941004F0FE43B3F1407FD5D0B3F1A06FD2D0AA
S31508029420044B9C42CEE76FF08605DBE73D46DFE755
S3150802943000030006FF000002000200060004000600
S315080294407FB5044618B301A9FFF766FE0446F0B9CC
S31508029450019D2B7E022B25D103232B762B79FF2BFD
S3150802946023D073B16E692146304602AAFAF73EFA4C
S315080294708C3006D030462146FAF757FA50B16FF0CB
S3150802948098042846FFF764FF002818BF04462046BA
S3150802949004B070BD3046214602AAFAF727FA8C3084
S315080294A0EFD0ECE76FF09604EBE76FF08404E8E799
S315080294B073B50C46054618220021204614F0C1FD54
S315080294C0002328461A4601A9FFF757FF60B9019EED
S315080294D035460FCD0FC495E8030084E803003046ED
S315080294E002B0BDE8704033E702B070BD2DE9F0471F
S315080294F089469A469046A6B02AB96FF08905284643
S3150802950026B0BDE8F08700230122CAF8003001A977
S31508029510FFF733FF05460028F1D1019C6368D4E9B9
S3150802952008761B0A07D0012B3BD02046FFF710FF0F
S315080295306FF08605E3E7238803F4E042B2F5805F1D
S3150802954016D0B2F5005F13D044F2010223F440515B
S3150802955091420DD003F44F43B3F5824F08D0B3F5C9
S31508029560844F05D02046FFF7F3FE6FF08505C6E760
S31508029570464503D92046FFF7EBFEBEE73246394693
S31508029580484614F07DFF0021A8EB060209EB060007
S3150802959014F057FD2046CAF8006026B0BDE8F04729
S315080295A0D6E6002FC1D0002EBFD0B9F1000FBCD02D
S315080295B0A368DB0705D42046FFF7CAFE6FF08405C9
S315080295C09DE7014620220CA814F03BFD3246394697
S315080295D020460CABFAF713FA054618B12046FFF7F0
S315080295E0B7FE8CE714AE0CAF0FCF0FC697E80F0085
S315080295F086E80F0002A914A826880295FAF792FBB4
S3150802960005463046FAF7D8F9012804BF042309F8B3
S31508029610013B4FF0000308BF08F1FF38CDE91739BF
S3150802962008F1030323F00303064619932DB12046D6
S31508029630FFF78EFE6FF0920561E7029FB84599D350
S31508029640282229461CA814F0FCFC1CA817F0B7F817
S315080296500028ECD12B46012214A90CA8FAF797FB8D
S3150802966070B90F9B013B012B0AD84FF0817309A9E8
S315080296700CA8CDE91C351E952495FAF7E1FB70B1C5
S315080296806FF092061CA817F09AF80028CFD1204648
S31508029690FFF75EFE0546002E3FF431AFCAE7099989
S315080296A01CA817F093F803A90CA8FAF7A2FC00283D
S315080296B0E6D103A91CA8FAF7D9FC06A90CA8FAF759
S315080296C0AFFC0028DCD106A91CA8FAF7CFFC09A929
S315080296D014A8FAF7A5FC0028D2D11CA809A917F0E4
S315080296E07EF81CA816F0DAFC0028C9D13E44CAF84E
S315080296F000600026C6E72DE9F04F1F460023B3B0E7
S3150802970016463E9A11F0FF0A0D46136009D0AD4A75
S315080297104AF00073934200F04C81F63A934240F0C5
S315080297204B813D9B002B00F04A812B464FF4805219
S3150802973008A9FFF722FE834650B9DDF82080B8F85B
S31508029740003003F4E043B3F5E04F03D06FF0860B25
S31508029750002469E0D8F80440D8E90812240A0ED091
S31508029760012CF3D13E9B404604933D9B00960393FE
S315080297703C9BCDE901732B46FBF7D6F84DE03E9BA1
S31508029780404604933D9B009603933C9BCDE9061203
S31508029790CDE901732B46FBF7C7F8DDE9061210F18E
S315080297A0860F83463AD147F20103B8F80000984279
S315080297B0CCD000F44F43B3F5824F35D1B8F802C086
S315080297C009AB009313460A466146099409F08AF9D9
S315080297D0834648BB0123DDF82480CDE90B30D8F84F
S315080297E03C400D930734E40804FA03F307933D9BC0
S315080297F00A90B3EB440F28D20AA8FBF74BFE0CA833
S31508029800FBF748FE704D099C2046FDF7FCFA2046F8
S31508029810E7F7C3FE2846FEF75AFC83463E9BBBF192
S31508029820000F1C6818BF00243D9B21211A1B3C9B74
S31508029830181914F006FC0898FFF78AFDBBF1000F09
S3150802984018BF584633B0BDE8F08FEB0540F1A28049
S31508029850BAF1000F0AD0D8F8405008F1600307356C
S31508029860BAF1090F06934FEAD50907D0574D0AA848
S31508029870FBF710FE0CA8FBF70DFEC4E700214FF01C
S31508029880010B0DF1800A48225046CDE90E1B14F051
S31508029890D8FB42F210734A46069810A92F93FBF793
S315080298A057FF0546D8B93B46324640460EA9FCF74D
S315080298B0DFFD054698B910AB4A4603EB09010EA827
S315080298C0FBF746FF054650B9414ACDE92200E02199
S315080298D058462092E7F768FF229058BB3D4D20A8CC
S315080298E0FDF752FB20A84821FEF7DCFB42F2107274
S315080298F00EA82F92FBF7CEFD002DB8D122463C9931
S315080299000AA8FBF725FF05460028B0D13C9B22464C
S3150802991019190CA8FBF71CFF05460AA8FBF7BAFD9E
S315080299200CA8FBF7B7FD002D7FF46DAF3E9B079A97
S315080299301A6068E7402102208DF884B0E7F734FF01
S31508029940239018B95046FDF71FFBC7E72022504659
S3150802995024A9FDF73CFB05460028C0D1202259461A
S3150802996024A814F06EFB50464FEA490210A9FDF7E7
S31508029970A9FB05460028B2D1174B4046CDE901732B
S31508029980CDF80CA0069B00960CAA0AA905F00CFFB6
S315080299900546A4E700230393104B4046CDE901731D
S315080299A0009608F160030CAA0AA905F0FDFE054611
S315080299B0A2E76FF0860045E76FF0850042E76FF091
S315080299C089003FE7FF00000200B1FFFF80B0FFFFFA
S315080299D06843040880AEFFFF9571020831890208C0
S315080299E030B401EB8202914201D130BC18470C46D1
S315080299F0B4F9005004318542F5D1B4F9020030BCFD
S31508029A007047022807D0032808D0012809D0002366
S31508029A1018460B607047E0231220FAE74FF480736A
S31508029A20FAE7C023F8E72DE9F04F4668DBB035467A
S31508029A30DDE964B715F8680B06A99946FFF7E1FF51
S31508029A404123294600939046044649AB304607AA65
S31508029A5009F062FB014688B9079B069D0590182204
S31508029A6017A8049305F1070A14F0EBFA05994FEAC9
S31508029A70DA0A08914FEA4A0624B9A34908465BB0AE
S31508029A80BDE8F08F4FF4005117A844F48244ADF8AC
S31508029A905C40E4F741FC4FF00623049A1A9349A95D
S31508029AA008AB17A8FFF746F858B1FDF7C1FD0446FB
S31508029AB00898FFF7C5FC0146002C00F01B812146D9
S31508029AC0DCE7089B402E049303D91846FFF7B8FC37
S31508029AD0D3E7CDF874B02DB90498FFF7B1FC6FF04F
S31508029AE06701CBE70BEB0701302323AA1DA8FBF777
S31508029AF0B8FB0146002837D1324639A814F0A1FA34
S31508029B001D9D239C53462146284639AAFDF717FE72
S31508029B10011E29DB0D44641A39AA214653462846F2
S31508029B2052442394FDF70BFE011E1DDB0D441D95C1
S31508029B30A5EB0B05641ABD42239413D1324639A903
S31508029B4029A814F09DFC4FF006234FF400520498FE
S31508029B5009A9FFF712FC68B107226C4B6C49FFF79B
S31508029B603FFFA4E76FF0650104980591FFF768FCCB
S31508029B70059983E7DDF824A0DAF80440DAE9085201
S31508029B80240A09D0012C00F078815046FFF7E0FB41
S31508029B906FF086073846DFE729ABCDE900932946F9
S31508029BA04346504602960592FDF767FF10F1860F67
S31508029BB00746059A40F0918044F20103BAF800007C
S31508029BC020F4405C9C45E0D000F44F43B3F5824F45
S31508029BD003D05046FFF7BCFBDCE70DF1280B134612
S31508029BE0BAF80210CBF800402A46CDF800B008F0C1
S31508029BF079FF07460028ECD10123DBF80050CDE9AE
S31508029C000C30EC6B0B900734E408B6EB440F0E935A
S31508029C1040F03081224629A90BA8FBF76BFDFEF717
S31508029C2056FA074600284CD129AB224619190DA81F
S31508029C30FBF760FDFEF74BFA0746002841D10146BD
S31508029C4005F1780005F1680BFBF74AFE50B9314B6E
S31508029C5059460093284605F11C0305F1600209F0EE
S31508029C609DFA07463846FEF732FA074648BB0124EC
S31508029C701DA8FCF732FC6B6BCDE91047CDE91247FC
S31508029C80CDE914470F971694002B00F0F180214670
S31508029C900BA8FBF725FE002840DA1F4C1DA8FDF786
S31508029CA071F80FA8FBF7F6FB11A8FBF7F3FB13A84D
S31508029CB0FBF7F0FB15A8FBF7EDFB2046FEF707FAC4
S31508029CC007460BA8FBF7E6FB0DA8FBF7E3FB2846BE
S31508029CD0FDF799F82846E7F760FC5046FFF738FB88
S31508029CE0002F7FF457AF00287FF436AF0498FFF7AA
S31508029CF0A7FB014600293FF4C1AE08465BB0BDE8A2
S31508029D00F04FFDF795BC00BF80C1FFFF3176020810
S31508029D106C4304083189020800B2FFFF05F13406D4
S31508029D2031460BA8FBF794FD0028B6DA21460DA8A2
S31508029D30FBF7D6FD0028B0DB31460DA8FBF788FDF8
S31508029D400028AADA4B46424628460FA9FCF790FB9A
S31508029D5004460028A2D132460DA911A8FCF7DEF85E
S31508029D60044600289AD111AA0FA913A8FBF70FFED9
S31508029D700446002892D113A932460846FBF78CFE00
S31508029D80044600288AD111AA0BA915A8FBF7FFFDDC
S31508029D900446002882D115A932460846FBF77CFEFE
S31508029DA0044600287FF47AAF2846FCF78DFB012883
S31508029DB0074605F11C0902D0A4F59D446EE74FF04B
S31508029DC0040823A8FCF789FB39ABB8F1010803F1AB
S31508029DD0080323F8047C23F8024C43F8084CF4D110
S31508029DE04B46284613AA23A9FDF7E0FD0446B0B957
S31508029DF05B46284615AA1DA9FDF7D8FD044670B983
S31508029E0039AB00931DAB1946284623AAFCF7D7FEA1
S31508029E10044620B928461DA9FCF74EFC044639AB70
S31508029E2003EB080008F10808FBF734FBB8F1200F2A
S31508029E30F5D123A8FCF7A6FF002C7FF42FAF214605
S31508029E4021A8FBF74DFD00283FF427AF1DA932468E
S31508029E500846FBF721FE044600287FF41FAF0BA92C
S31508029E601DA8FBF7F5FC044600283FF417AF14E7D4
S31508029E70074C22E76FF0940723E729ABCDE9009355
S31508029E802946434650460296FDF7F7FD074624E75C
S31508029E9080B0FFFF2DE9F04F0025AFB0D0F804B02F
S31508029EA08846DDE93864294691460AA818220493A9
S31508029EB03A9F089514F0C5F89BF8000007A9FFF722
S31508029EC0A0FD079A059007324FEAD20A002800F049
S31508029ED0E280B2F5847F80F0E1800BF160005246A1
S31508029EE016A9FBF735FC059B834650B116A8202117
S31508029EF0FEF7D8F82846FFF7A3FA58462FB0BDE86A
S31508029F00F08F43F4E2434FF480510AA848F0C06B3D
S31508029F10ADF828304BF4E06BE4F7FEF916A9524681
S31508029F2008AB0AA8CDF834B0FEF704FE0146B0B174
S31508029F30FDF77EFB2021044616A8FEF7B3F808981B
S31508029F40FFF77EFA8346002C40F0AB80BBF1000F88
S31508029F50D3D058462FB0BDE8F04FFDF769BB089D30
S31508029F60182210A814F06DF810A92846FFF7A0FACF
S31508029F70014628B107224C4B4C49FFF731FDD9E778
S31508029F80182210A8BDF842A014F05BF8049B4A46B2
S31508029F9059462846CDE901470096FFF7ACFB03462A
S31508029FA068B18533E6D14A462846CDE90147049B7E
S31508029FB0009648F00621FFF79EFB0028DAD10AF13F
S31508029FC0070334443A684FEAD3090994BAF1000FF1
S31508029FD057D0B2EB490F54D1B3F5847F34D24A46EF
S31508029FE031461EA814F04CFA4A4606EB090126A881
S31508029FF014F046FA23463246494626A8FDF7D3FB0D
S3150802A000B0F1000BFFF672AFA4EB0B0423463246FF
S3150802A01049461EA8FDF7C7FBD846B0F1000BFFF666
S3150802A02065AFD844A4EB0B044246314609A8099405
S3150802A030FBF72AF9B0F1000BFFF658AF099908F1B8
S3150802A04001088B1B002B09DC202116A8FEF72AF82B
S3150802A0502846FFF7F5F96FF06B0B4EE730230BEB4B
S3150802A060080401F8013D2246304614F08EF92021F3
S3150802A07016A83C60FEF716F82846FFF7E1F983466C
S3150802A08064E7202116A8FEF70DF82846FFF7D8F947
S3150802A0906FF0670B31E7DFF818B02EE76FF06D0B3C
S3150802A0A02BE7A34629E700BF317602086C4304086A
S3150802A0B080C1FFFFF0B50C460021D1B01822064632
S3150802A0C004F1100728A8259113F0BBFF9022394600
S3150802A0D0684614F0D5F994E80F00FDF7D9F827A9D0
S3150802A0E00078FFF78EFC279D0735ED0818B9324C24
S3150802A0F0204651B0F0BD40F4E2400121ADF8A0007F
S3150802A10028A8E4F709F990223946684614F0B8F9FE
S3150802A11094E80F00FDF7BCF82A462EA96030FBF733
S3150802A12017FB044620B141212EA8FDF7BBFFDFE746
S3150802A1302A4625AB2EA928A8FEF7FCFC044641218F
S3150802A1402EA8FDF7AFFF2046FDF772FA044600284F
S3150802A150CED1259F24AA38462EA908F077FDFDF709
S3150802A16067FA04463846FFF76BF9002CC0D120B1CE
S3150802A17051B0BDE8F040FDF75BBA902206F1100136
S3150802A180684614F07DF996E80F00FDF781F8412339
S3150802A19026AA009300F168013FAB08F0BDFF04460A
S3150802A1A00028A5D12A463FA92EA815F040F904464B
S3150802A1B000289DD09BE700BF80C1FFFF70B5456BA5
S3150802A1C00446B5F5C07FE0B01DD84FF4C072002131
S3150802A1D0684613F036FF2A466946236C606C984730
S3150802A1E0A0B9666B694632462046FCF76BFF054600
S3150802A1F008B9012323631EB131466846FDF752FFAB
S3150802A200284660B070BD6FF00405F9E76FF00805DF
S3150802A210F6E7094B186F00F00700431E032B03D815
S3150802A220DFE803F006080904002070470820704793
S3150802A230022070470520704700800050044A054BEB
S3150802A240013800D2704753F8041B42F8041BF7E79B
S3150802A2500064002080610008124B93F87A21052ACF
S3150802A26007D10222027093F87D31012B13D91720E8
S3150802A270704701210170B3F8801193F87D310129E5
S3150802A2800BD8042A09D0062BF1D8012A03D0022BAF
S3150802A29001D80023037000207047022BE7D8F8D1B3
S3150802A2A0F9E700BFF03F0020F7B505460E4601461E
S3150802A2B021481746DFF786FAD8B10F2009F06EFE55
S3150802A2C00446B0B100220379057243F002031B4D1E
S3150802A2D0037195F8523E8DF800205BBAADF801304D
S3150802A2E06A4603231421DEF73EFF20B12046DCF737
S3150802A2F071FF03B0F0BD012F1AD14FF080730090A1
S3150802A30001936A46082316212046DEF72CFF002809
S3150802A310ECD115212046B5F8502EDEF766FF002847
S3150802A320E4D131462046F5F771FF0028E1D0DDE792
S3150802A3302046F4F72DFFEAE7443E0020F02F0020DE
S3150802A3407FB505460E466C46054B0FCB84E80F00D3
S3150802A350324621462846FFF7A7FF04B070BD00BF64
S3150802A3600C240408F0B5DFB0054624A80C4609F00B
S3150802A370FBFE182200210DEB020013F062FE3D4B94
S3150802A380012C05934FF00D038DF8203025D02B684C
S3150802A3905B89AB812868E1F776FF0446B8B9286875
S3150802A3A01C2205A94689DDF7B9F9044678B9284673
S3150802A3B0FDF774FC044650B94022286814A9DDF753
S3150802A3C0ADF9044618B931462868F2F7EBFF24A816
S3150802A3D009F0C0FE20465FB0F0BDA9892868DCF7FF
S3150802A3E01BFF28681C2205A94689DDF797F904464A
S3150802A3F00028ECD1204F2968D7F84C0AE1F719FF53
S3150802A40004460028E3D12968D7F8480AE1F75BFF32
S3150802A41004460028DBD124A8DFF790F9296806F15B
S3150802A4200A024B8992B20A3B9B1B9BB224A8DFF70E
S3150802A4309EF922463346296824A8DFF798F90CA91B
S3150802A44024A8DFF7AFF904AB02934023019314ABB8
S3150802A45000930A4920230CAA2869FFF74CF9EFF75B
S3150802A460FFF904460028B2D131462868DCF7D4FE43
S3150802A47090E700BF001800FFF02F0020090600062B
S3150802A4802DE9F04104468EB003A8F3F759FE03A856
S3150802A490F3F756FE237833B194F8A010042902D0B4
S3150802A4A01DD8032936D003A8F3F79DF8A0B903A946
S3150802A4B004F13E00F5F7F2F970B994F87A300BB167
S3150802A4C084F87A00012220461146F3F769FE012232
S3150802A4D0204603A9F5F7EAF90EB0BDE8F0814B1F4D
S3150802A4E05E425E4194F87A30012BDCD80025114F82
S3150802A4F004F13E0808A8F3F723FE0023CDE9013349
S3150802A50000973146684608AAE7F766FB20B1002D90
S3150802A510F0D1C8E70026E5E735B103AD08AE0FCEA0
S3150802A5200FC533682B80BEE7404608A9F5F7B6F98A
S3150802A5300546E6E7244300202DE9F0410C46054688
S3150802A540164694B004A8E1F79BFA2B4B01A8C5E975
S3150802A5500034139B002B18BF1E46B489E1F7E6FBAD
S3150802A56021460C233046AE6001AADCF77CFF04F1D3
S3150802A5700C01002489B2BDF80830A2B25BBA9BB2BC
S3150802A5809342ADF802102BD8BDF80A80298298FAB0
S3150802A59098F81FFA88F20DF102013046F2F72FFFFA
S3150802A5A0BDF80C70BDF802307FBAAB82BAB20DF1B3
S3150802A5B002013046F2F723FFBDF80E40BDF802301D
S3150802A5C064BA30462B83A2B20DF10201F2F717FFE5
S3150802A5D01298A5F81280EF826C8314B0BDE8F08158
S3150802A5E00DF102013046E1F778FEBDF8021001349A
S3150802A5F0043189B2BFE700BFF01F002010B5C2B010
S3150802A600044601A809F06AFD074801A9E0F726FAF7
S3150802A61010B1172042B010BD214601A8E0F7A6FCEA
S3150802A6200028F7D0F5E700BF603D00200C4890F8F7
S3150802A6304330032B13D903F0FC02FC2A0FD0FC3358
S3150802A64080F84330DBB2032B09D890F85130012148
S3150802A6506FF3071380F851303830DFF7DCB87047EC
S3150802A660F03F002030B5C3B0054601A809F036FD13
S3150802A6700E4801A9E0F7F2F9044628B9352101A8DE
S3150802A680E0F784F818B91724204643B030BD694666
S3150802A690E0F79CFD0028F7D1054B009AD3F8543E03
S3150802A6A013402B60002BEFD1EDE700BF343D0020AD
S3150802A6B0F02F0020002313B5044601A80193FFF7E3
S3150802A6C0D1FF18B1044BD3F8543E0193214601A891
S3150802A6D0DFF780F802B010BDF02F002030B5032254
S3150802A6E000250B4B85B00446596801A801950293CB
S3150802A6F08DF80C20F3F70CFA019B0BB905B030BDA7
S3150802A7001A7D01A8A24208BF1D75F4F739FCF3E7C2
S3150802A7102437002038B504460D4603F0EBFEA0B1F7
S3150802A720A37C03F00103AB420FD02246002107485F
S3150802A730F3F79BF9A37C224665F30003A374012170
S3150802A740BDE838400148F3F790B938BD24370020F0
S3150802A75000232DE9F047DFF888818EB05C4F02931B
S3150802A760404608AA02A9E7F75DFC064610B10EB0F4
S3150802A770BDE8F0879DF831301907F1D59DF83230DA
S3150802A7805A07EDD49DF83030402BE9D1D7F8A838CE
S3150802A7905BB905254F4C013D0DD1D7F8344714BB9B
S3150802A7A005214C4B8DF8074033E04B4808A99847DA
S3150802A7B00028EED0D4E7A37C9B0704D5214608A837
S3150802A7C0F3F7D0F908B92034E5E7E369002BC7D0D7
S3150802A7D09DF831305D07C3D5002301212046E36188
S3150802A7E0FFF798FFBCE7214608A8F3F7BBF900284C
S3150802A7F0B6D16469D3E79A7C90075BD5DA693AB130
S3150802A800002C55D0E069121A34EA220428BF1C46E5
S3150802A81020330139EFD1002CA2D0A37C9A0702D5A6
S3150802A820204603F03DFE0023E3619DF831309DF892
S3150802A8303090DA09204614BFCA464FF0800AC3F39D
S3150802A8408005F3F78BF901236374A37C204623F072
S3150802A850030245F002031343A37484F810A008A95F
S3150802A860F2F7F4FE1D4BD3F8342393F83833134426
S3150802A870CDE90323012103A8E3F7A8FB0546D8B9C6
S3150802A8800DF107012046667603F034FD00232046C3
S3150802A890237603A905F03EFD9DF81E309B0703D5D6
S3150802A8A09DF81D3003B12376204603F035FE57E79F
S3150802A8B01C46ADE71C46B0E7EB789945DAD14A461D
S3150802A8C008A9281DDCF7BCFB4845D3D3AE78D7E7E1
S3150802A8D0F02F0020A8380020F01F0020F03F0020AB
S3150802A8E02443002038B50D460446A8B14422022165
S3150802A8F0DCF7D2FC05F1310323F001035A8804F18F
S3150802A900310323F00103294620465A80DCF7FEFC70
S3150802A91028B12046DCF75EFC0024204638BD2046D6
S3150802A920DCF7F4FF0028F8D0F3E770B5D4B00C468C
S3150802A930054613A809F0D2FB00230D21204601AAD9
S3150802A9408DF84830DEF7F9FA08B313A92846E0F776
S3150802A95085F840F201336846ADF8003004F0EDFAA6
S3150802A9602146FFF7BFFF044600284BD1002432E0F8
S3150802A97001236A4601A92046DCF74BFE9DF8001022
S3150802A98002A8E0F72DFA012101A8DDF785F9BDF83D
S3150802A9900630002BECD19DF84830002BD5D02B7809
S3150802A9A0012BD2D1342102A8E0F71AFACDE79DF895
S3150802A9B04820297892B905291AD196F83E3EDB072E
S3150802A9C016D42846DEF71CFA05449DF84A3113AA1E
S3150802A9D013449D42EBD3204654B070BD02AB1A44D1
S3150802A9E09A421846EDD0007801338842F8D1E2E758
S3150802A9F021462846DEF70EFA0028E2D02046DCF782
S3150802AA00E9FBB3E7014E13ADDFE700BFF02F0020E5
S3150802AA1010B5084991F874444CB1224601F26441D2
S3150802AA20DCF70EFB84428CBF0020012010BD2046B5
S3150802AA30FCE700BFF03F0020012810B5044600D805
S3150802AA40FEE7DDF734F9013C83B2B3FBF4F204FB0B
S3150802AA501230013080B210BD054B93F89E0010F0FB
S3150802AA600F0004D0B3F8A000831E5842584170471D
S3150802AA70F03F002010B51A4C024694F85B309B074B
S3150802AA8002D4FFF7E9FFA8B14FF6FE73B4F85814DB
S3150802AA9099420FD0B4F85A04D4F85C1492B9B1F5B5
S3150802AAA0967F38BF4FF49671480801300939DDF7A9
S3150802AAB011F90BE00023C4F878340A48BDE81040BF
S3150802AAC0F4F7D2BB012809D9FFF7B6FFD4F87834D0
S3150802AAD00BB18342F1D9C4F87804EEE70120F5E711
S3150802AAE0F03F00206844002073B5036815460279D2
S3150802AAF031B148781344023001445B1ADAB20B4684
S3150802AB004AF6AA7600931344019305216846E3F7A9
S3150802AB105DFA0446B8B194F90230002B09DBD4F881
S3150802AB200300DCF7FDFAB042EFD1E37904F108013C
S3150802AB3001E0E378211D2A799342E6D3286814F0C6
S3150802AB4076FC0028E1D1204602B070BD144B10B441
S3150802AB5093F8432093F8514002F0FC01FC291CBFEC
S3150802AB60043283F84320002808BF082093F85120AE
S3150802AB701109814238BF014661F3071283F8512051
S3150802AB8093F85030DB0707D50F2C05D80121054865
S3150802AB905DF8044BDEF73FBE5DF8044B704700BF15
S3150802ABA0F03F0020284000201FB5002348F2FE028D
S3150802ABB00B608DF80C3003880C4623F47C539342C1
S3150802ABC002D0132004B010BD00F1080101A8DFF776
S3150802ABD038FB022301A88DF80C3003F07BFE2060B7
S3150802ABE00028EED0038C032B34BF1B200020E9E794
S3150802ABF0F8B50E4600211D461960436A04468B4283
S3150802AC00174622DB0620134A04F010F92860F0B131
S3150802AC1021464022DCF782FD044638B929686EB916
S3150802AC2038462968E1F74FFB044628B1286818B167
S3150802AC30DCF7D0FA00232B602046F8BD3046E1F750
S3150802AC40EBFA04460028EBD0F0E70724EEE70324E4
S3150802AC50ECE700BF0027040810B50446F0F789F8A8
S3150802AC602146BDE81040F0F78DB8F0B5C3B00F46DF
S3150802AC70054601A81C46164609F030FA002339464D
S3150802AC8001A88DF80231E0F745FB9DF80201231869
S3150802AC90FE2B13D801AB22463146184413F0F0FBBB
S3150802ACA09DF8023128461C4401A98DF80241E0F7B5
S3150802ACB037F808B9C5E9090043B0F0BD0320FBE738
S3150802ACC0144B70B51C68D4F8A4301B68DA6CD2072A
S3150802ACD01FD5012503F50052D5649B6C9B0618D532
S3150802ACE0EFF31186302383F3118894F8953003F035
S3150802ACF0FF0153B9236E20469B68984784F89550FE
S3150802AD0015F0CEFB022384F8A13086F31188BFF32F
S3150802AD106F8F70BDC41B0020D2E7F8B504460E46F5
S3150802AD2043681BB1636DC3F30B03FAE72046E5F7E5
S3150802AD30DBFD042304F5005204F580510B6113610F
S3150802AD400B6113610B6113610B611361202341F2DD
S3150802AD50020023610023E360A36060614FF4A02030
S3150802AD60A361A36560629948E3612362A362E36211
S3150802AD7063632365D0642363F089737B6269034343
S3150802AD80308A22F44C52034322F00F0213436361C2
S3150802AD90A268337B307E22F0804222F0E20203432D
S3150802ADA0134372691343A360B568F369A5B9A26828
S3150802ADB042F00042A260002B32D101234B60317867
S3150802ADC02046002940F02A81E5F78EFDA36CDB4375
S3150802ADD013F4405FFAD1F8BD13BB01234B607068C8
S3150802ADE048B97B4B9C4200F0A5807A4B9C4208BF2F
S3150802ADF05720E5F757FAA36813F0010F636800F0C6
S3150802AE00D480B0FBF5F5D90705F1FF354FEA05659C
S3150802AE1000F19280236923F07F432B432361CEE717
S3150802AE209A7A187A5204A76842EA80526A483840DF
S3150802AE300243988800F4C0400243587842EA8002E6
S3150802AE40587B42EAC002987B42EA0012987842EAA4
S3150802AE508022A260E768D3E9042002435F483840AB
S3150802AE600243987942EA8022D87942EA4022E2608D
S3150802AE701A785748012A13D1E26842F00402E260BE
S3150802AE8084424BD0534A94420CBF01224FF0FF3200
S3150802AE90520102F1A04242F2944002F5703214E0E5
S3150802AEA0032A35D1E26842F00402E260844233D0D2
S3150802AEB0484A94420CBF01224FF0FF3241F29440B5
S3150802AEC0520102F1A04202F57032022717505A7A4D
S3150802AED08A621AB1E26842F40062E260DA7A5AB128
S3150802AEE0E26842F40042E260394A944218D11A7B77
S3150802AEF03B4802F00F024267626ADB7B22F00302DA
S3150802AF001343636201234B60002D3FF458AF66E793
S3150802AF10023A012ACAD9B3E70022CFE70022B7E7E5
S3150802AF202C4A944201BF1A7B2D4802F00F02C0F840
S3150802AF308020E1E756205CE7636D13F0280FFBD10A
S3150802AF40A36C9A070CD02046E5F7CEFC05212369A7
S3150802AF5023F07F432B4323612046E5F7DFFC2EE7E8
S3150802AF60A36CDB0717D4A36C20469F0708D5E5F721
S3150802AF70BBFC2369062123F07F432B432361EBE7BE
S3150802AF80E5F7B2FC2369204623F07F432B4323616E
S3150802AF90E5F7AAFC13E72046E5F7A6FC236909218B
S3150802AFA023F07F432B432361D6E7A36DD907A36812
S3150802AFB048BF6D0003F0E003402B29D012D84BB3EB
S3150802AFC0202B7FF4FCAE082312E000BFFF3F0D03DF
S3150802AFD00000015B00000A50E39BBDFFFFF9F08702
S3150802AFE000900350602B17D0802B7FF4E8AE012324
S3150802AFF06B434001B0FBF3F00A4B203803EAC00367
S3150802B000626DD207FCD42363636DDB07FCD4D6E6F4
S3150802B0100623EDE71023EBE70423E9E7E5F77EFCD1
S3150802B020D4E600BFF8FF7F002DE9F04F98462A4B79
S3150802B03087B01B78054691460091002B46D0072813
S3150802B04046D8002A44D0B8F1000F41D0109BB3F578
S3150802B050006F3DDCDFF898B003010BEB0017019394
S3150802B0603B7B002B36D00024DFF888A043010AEB8D
S3150802B07040161022214630460193CDE90344059431
S3150802B08012F0DFFF009BC6E901890293109B134960
S3150802B0905A1E019BC2F30A025AF803001201014022
S3150802B0A042F044720A434AF803200D4B2A014BF830
S3150802B0B00230119B2846324602A9C7E901347C733D
S3150802B0C0E5F7BAFC204607B0BDE8F08F0548FAE76F
S3150802B0D00548F8E70548F6E7C14800200F80EFF073
S3150802B0E02B150108028000F0018000F0078000F0AD
S3150802B0F020470020A04700202DE9F04F00264FF4F4
S3150802B100702BABB0CDE909660B96CDF820B01BAC17
S3150802B11008AD0FCDCDE904660FC46F4B06960393AF
S3150802B12003ADDFF8FCA1DFF8FC910FCD20AC6B4D27
S3150802B1300FC40FCD13ACCDF81C90CDF830A00FC4B8
S3150802B14095E80F0084E80F000DAB31461822184621
S3150802B15012F077FF0323624C012504F52F78314656
S3150802B1604646604F8DF834305F4B1A903B615F4B11
S3150802B17090227B615E4B04F53470BB615D4B8DF8A2
S3150802B1803A50FB6112F05DFFCDF86CB0CDF87CA0A9
S3150802B1900DF16C0CBCE80F000FC64F4BC6F800A0A9
S3150802B1A0CDF89090209304F548760DF1800CBCE812
S3150802B1B00F000FC6802204F55E73C4E9C223C4F8E1
S3150802B1C00433C4F8583307F11003C6F80090C4F8DC
S3150802B1D01C33DFF85491484B84F85C53C9F80430A1
S3150802B1E0464B84F8105384F85453C9F80080C9F8BA
S3150802B1F00830434BC9F80C30424BC9F81430424B5D
S3150802B200C9F81830414BC9F81030EFF311833022D0
S3150802B21082F31188DFF814A19AF800600EB383F35B
S3150802B2201188BFF36F8F9AF8003073B102A8E3F75B
S3150802B230B9F950B9029B84F8D0329AF80030002B3B
S3150802B24076D194F8D00208F060FE10250122304B20
S3150802B25013A8CDE9132308F0E8FC28462BB0BDE86D
S3150802B260F08F8AF8005083F31188BFF36F8F294B4A
S3150802B270294620201E731E7783F82C6083F83C60CB
S3150802B28083F84C6083F85C6083F86C6083F87C60B2
S3150802B290E4F7EEFF29462120E4F7EAFFFF221E4BD8
S3150802B2A008215D609E609E619A624FF000429E632D
S3150802B2B01E645A654FF0FF3203F500531A654FF4C0
S3150802B2C00012164B1520C3F88021E5F77BFD1520E1
S3150802B2D0E5F78CFDA7E700BF01000F00A0430408AD
S3150802B2E0705A0020BC6400203FD700082DD70008FA
S3150802B2F055D70008E11A01089D1001087FDC0008ED
S3150802B3000113010871D7000877D70008090F010849
S3150802B31000C201C0204700200000045000E100E0FE
S3150802B3203C00015B4400015BC41B0020C1480020AD
S3150802B33002A8E3F737F90146002882D10126029BC3
S3150802B34084F8520384F83433654B6648C9F82430C6
S3150802B350654B84F85D63C9F81C30644B84F8516305
S3150802B360C9F82030E2F726FC97F921502846E3F778
S3150802B37035F82846E5F73AFD94F8D002E3F7A4F83B
S3150802B38000287FF462AFCDF80480D4F8083300931E
S3150802B390D4F8CC32D4F80423D4F8BC1294F8D002E8
S3150802B3A0FFF742FE054600287FF44FAF4FF03008FC
S3150802B3B042F264024FF4801194F8D03208FB03F388
S3150802B3C003F1A04303F58023995097F92070384674
S3150802B3D0E3F704F83846E5F709FDC4F84C53EFF3EA
S3150802B3E0118388F31188424AC2F8009083F31188C0
S3150802B3F0BFF36F8F3B48E5F7E4FE94F8D002E3F714
S3150802B40085F8054600287FF420AF3A4F3A493B4B68
S3150802B4103B48C4E9DA133B1DC4F86033C4F86473C5
S3150802B42015F0E7F93346042205212846E5F7C4FA5A
S3150802B4303346022206212846E5F7BEFA384684F83C
S3150802B440705315F0D6F92F4813A9FFF766FC142195
S3150802B4502D4A94F87033C2F894144FF4A021C2F816
S3150802B460AC144FF4C02143F00503C2F8A4142846CD
S3150802B4700222092184F870332B46E5F79DFA94F8DF
S3150802B4807033284643F0020384F8703304222B46AD
S3150802B4900821E5F791FA94F87033D8070BD54FF4DB
S3150802B4A010221A4BC3F89C240222C3F894244FF4A0
S3150802B4B00022C3F8A024164E33681BB9154916484C
S3150802B4C0E6F7EEFA3368154AC4F87433144B0521C5
S3150802B4D03360144B0B48DA64E5F720FAB6E600BF88
S3150802B4E051E500082C5D0020B5DB00087DD7000871
S3150802B4F08C490020C043040800050006000900081C
S3150802B500943804080000015B00C0035000D00350C1
S3150802B51088490020E0640020BC490020FF3F0D0353
S3150802B520E45D00200020015B2DE9F04706469CB049
S3150802B53020220C4603A8002112F083FD1221304670
S3150802B54002AADDF7FAFC0546002840F08F8080271C
S3150802B550BDF80A30002B00F08980012330460DF130
S3150802B560070202A9DCF755F800287ED1012102A8B4
S3150802B570DCF792FB9DF807301CAA02EBD30010F801
S3150802B580642C03F0070147FA01F111425FFA81FCC4
S3150802B590DED142EA0C0200F8642C242BD8D801A288
S3150802B5A052F823F039B6020847B6020857B6020817
S3150802B5B089B6020851B5020851B50208A1B60208B1
S3150802B5C0EBB60208F9B6020869B7020851B50208CD
S3150802B5D051B5020851B5020851B5020851B502081B
S3150802B5E051B5020851B50208F7B8020851B5020862
S3150802B5F051B5020851B5020851B5020851B50208FB
S3150802B60075B6020883B60208C9B80208D7B802088E
S3150802B610DFB80208EFB8020851B5020851B50208A8
S3150802B62051B5020851B5020851B502080DB802080B
S3150802B630E7B8020807B9020808230021B84A2046D3
S3150802B640DDF791FD0EE00121B64BB3F85C202046EA
S3150802B650DDF7CBFD06E0B34B0221204693F85B20CB
S3150802B660DDF7B8FD00283FF473AF054628461CB03F
S3150802B670BDE8F0870BA802F045FC082317210BAAA0
S3150802B680DDE705221821E2E7A64B93F85B201207AD
S3150802B6903FF55EAF032120465A6EDDF7B2FDE1E7BC
S3150802B6A040F60603DFF87C82ADF82C3098F83BA307
S3150802B6B098F83A93D8F8780088F87DA088F87E90AA
S3150802B6C0DBF72EFD98F87C30CDF82E008DF8323057
S3150802B6D098F87F308DF833A08DF834908DF8353090
S3150802B6E021460BA8DDF796FBBCE78E4A072192F89E
S3150802B6F03833D2F83423A2E70023DFF84082D8F899
S3150802B7003427591C02BB9AB21201FE2A4FEA0313C6
S3150802B7101DDC082220460BA98DF82C208DF82D3029
S3150802B720DDF71EFD0028A0D1D8F83487B8F1000F3E
S3150802B7303FF40EAF102241462046DBF7EFFF002802
S3150802B74093D1D8F81480F1E70B465269D9E74FF638
S3150802B75008725BBAADF82C20204604220BA9ADF874
S3150802B7602E30DBF7DBFFDDE742F20943DFF8CC8157
S3150802B770ADF82C30D8F8840FDBF7D2FCD8F8982F1E
S3150802B780D8F8943FCDF82E001344D8F89C2FD8F851
S3150802B790A80F1344D8F8A02F1344D8F8A42F13449B
S3150802B7A01844DBF7BDFCCDF83200D8F85C0FDBF79E
S3150802B7B0B7FCCDF83600D8F86C0FDBF7B1FCCDF83C
S3150802B7C03A00D8F8700FDBF7ABFCD8F88C3FCDF807
S3150802B7D03E00D8F8880F1844D8F8903F1844DBF78B
S3150802B7E09FFCCDF84200D8F8280FDBF799FCCDF874
S3150802B7F04600D8F82C0FDBF793FCCDF84A00D8F8A8
S3150802B800640FDBF78DFCCDF84E0069E7DFF814818B
S3150802B81098F8591008F15800F3F7C6FBD8E954010D
S3150802B82044F22223ADF82C30B8F810315BBAADF8E1
S3150802B8302E30B8F812315BBAADF83030B8F8143198
S3150802B8405BBAADF83230B8F816315BBAADF83430B7
S3150802B850B8F818315BBAADF83630B8F81A315BBAAF
S3150802B860ADF83830B8F81C315BBAADF83A30B8F8EA
S3150802B8701E315BBAADF83C30B8F858315BBAADF850
S3150802B8803E30E2F7D0FBCDE91001D8E94A01E2F7EA
S3150802B890CAFBCDE91201D8E94C01E2F7C4FBCDE9AE
S3150802B8A01401D8E94E01E2F7BEFBCDE91601D8E943
S3150802B8B05001E2F7B8FBCDE91801D8E95201E2F7DF
S3150802B8C0B2FBCDE91A010BE720221921164B2046B5
S3150802B8D0DDF770FCC6E620221A21144BF7E7102280
S3150802B8E01B21134BF3E760222321124BEFE7402279
S3150802B8F01C21114BEBE740F21113ADF82C30002353
S3150802B9008DF82E30ECE6074B0122D3F840140BA82B
S3150802B910DFF7E7FC24219DF832300BAA8FE600BF39
S3150802B920763E0020F03F00203C2E04083D2E0408F7
S3150802B9303E2E04083F2E0408151F0408F02F002087
S3150802B940F7B5074612200E4608F028FB0546F8B159
S3150802B950582330468DF80430DDF752FA01A98DF8DE
S3150802B96005002846DDF7FCFB044658B92946304649
S3150802B970DDF750FA044628B939462846F4F746FC54
S3150802B980044610B12846DBF725FC204603B0F0BD75
S3150802B9900324FAE72DE9F341064607200C469046AA
S3150802B9A01F4608F0FBFA0546002850D022464346B1
S3150802B9B00D21DDF7D8FB0446002844D157B3572397
S3150802B9C08DF800307B79002B3BD00533DBB2694614
S3150802B9D028468DF80130DDF7C3FB044698BB0121E2
S3150802B9E028463A78DDF7F6FB044660BB7B798BB1CD
S3150802B9F00222284601A98DF804208DF80530DDF7C4
S3150802BA00AFFB0446F8B928467A79791CDBF786FE35
S3150802BA100446C0B92846F3F7CDFB044698B9314621
S3150802BA202846F4F7F3FB044668B90A4B93F85B30E9
S3150802BA301B0702D40820FFF789F8204602B0BDE8A2
S3150802BA40F0810323C3E72846DBF7C4FBF5E70324A3
S3150802BA50F3E700BFF03F00207FB504462048DEF733
S3150802BA602DFC012C17D014F0FD0F0CBF0125002563
S3150802BA70ED01092008F092FA044670B3194E012125
S3150802BA8096F85B20DDF7A6FB38B1204604B0BDE880
S3150802BA907040DBF79FBBC025EBE70823032120464E
S3150802BAA006F5C272DDF75FFB0028EED12A460E21A3
S3150802BAB02046DDF78FFB0028E7D105221221204612
S3150802BAC0DDF793FB0028E0D16846F1F7ADFD69463C
S3150802BAD02046F4F79BFB0028D7D104B070BD00BFFF
S3150802BAE074410020F03F002030B5CDB00BA808F015
S3150802BAF0F5FA1F480BA9DEF7B1FFB8B901A90BA8D9
S3150802BB00DFF734FA90B91B4901A8DFF7A1FE00282E
S3150802BB1011DD33210BA8DEF795FF34210BA8DEF7DA
S3150802BB2091FF012214480BA9DFF7CEFE1048DFF772
S3150802BB3047F84DB030BD05210BA8DEF727FE0028D1
S3150802BB40F4D0821C03AD00F112032C46106851682A
S3150802BB50083203C49A422546F7D1084807A9F4F7DA
S3150802BB6097FD03A907A8DBF761F90028D1D0DDE71D
S3150802BB70603D0020443D0020343D0020C83D0020A1
S3150802BB8008B5817C11F0020FC1F340030FD011F002
S3150802BB9001030CD048F2FE02038823F47C53934235
S3150802BBA007D00549DFF7F2F980F00103DBB2184640
S3150802BBB008BD0023FBE700BF384200202DE9F04705
S3150802BBC0D8B0054605A808F076FA0023A348EB8004
S3150802BBD0AB6028618DF8BD30EDF778FE002855D0A8
S3150802BBE09F4C05A9B4F8DE390C225BBAADF81430BD
S3150802BBF04FF480732868ADF81830ADF81E30DBF7BD
S3150802BC008DFD0146002840F0EB802968D4F8480AE1
S3150802BC104B89EB80E0F757FB0146002840F0E080AD
S3150802BC20904B30A9042228683093DBF777FD01464A
S3150802BC30002840F0D58094F8563AD4F8586A043B5E
S3150802BC40012B40F241823246D4F8F8C9D4F8FCE90D
S3150802BC50854FC4F8F009C4F8F409002A40F0CC80EC
S3150802BC60002E40F0F6802B79002B40F01A814FF413
S3150802BC707A79D4F8586ADFF8F081002E00F011813B
S3150802BC80F37D062B00F0F081F669F6E77E230B209A
S3150802BC9030AA10A9ADF8C03002F08AFA002840F09E
S3150802BCA0A380CDE930003290704930A89DF8BD6076
S3150802BCB0FBF7D8FA05F1100808AC28BB26B306F13B
S3150802BCC0FF3910AB13F80930C4E90000A060002B55
S3150802BCD060D104AF2046664A6649009710AB06F063
S3150802BCE077FE00283BD1614930A8FBF7BBFA28B991
S3150802BCF0D4E9001230A807F046F8E8B130A8FBF7F5
S3150802BD00A3FA2046FBF790FA2023CDE90143012343
S3150802BD1047F21211584A009340464FF44053E2F74D
S3150802BD2005FBEDF79DFD002854D10B2002F0D6F84D
S3150802BD300C287FF455AFFEE72046FBF775FADDE9D6
S3150802BD403030002B44D01B78023B032B28BF00203F
S3150802BD50202260300DEB0201F9F7FAFCD4E710F560
S3150802BD609C5FD1D010F5845FCED110AB13F80930A1
S3150802BD7083B92046414A4249009710AB06F028FE8D
S3150802BD8028B9D4E9001230A807F0F6F8B5E710F595
S3150802BD90845FB9D1324610A930A807F0EDF8002819
S3150802BDA0CDD030A8FBF750FA0023304930A8CDE9A8
S3150802BDB030333293FBF756FA30B9324610A930A817
S3150802BDC006F0E1FF0028BAD030A8FBF73DFA9BE758
S3150802BDD01846BDE72869EDF78AFD01460028A4D072
S3150802BDE0084658B0BDE8F0872869EDF780FD014698
S3150802BDF000283FF4F5AEF3E7136A33F0004014BFA8
S3150802BE0001466146536A1062D07DB94228BF394657
S3150802BE10002B08BF7346032803D0052809D001283A
S3150802BE2015D1D4F8F00910B1814200D0FEE7C4F862
S3150802BE30F019BB4228BF3B468B4238BF0B46D4F8A3
S3150802BE40F41911B18B4200D0FEE7C4F8F439D2696D
S3150802BE5003E7F37D062B15D1F66901E70700020011
S3150802BE60F02F0020000600019AC42000882F04083B
S3150802BE706B42040888420408FF060006A742040823
S3150802BE80C14204083046FBF715FC0028E4D02946CF
S3150802BE903046FBF741FF01460028A1D12B79002B3A
S3150802BEA0DAD0D4F8F029D4F8F839A549002A08BF17
S3150802BEB01A46D4F8FC09D4F8F4398A4228BF0A4645
S3150802BEC0002B08BF03468B4228BF0B46C4F8F43939
S3150802BED09A4294BFC4F8F029C4F8F0392846FBF709
S3150802BEE0DDFE0746014600287FF47AAF4FF0FF23AE
S3150802BEF03093DBF715F930A9319006460A222868ED
S3150802BF00ADF8C870DBF70AFC014600287FF468AF73
S3150802BF106B8994F8557A01336B81002F00F00981F9
S3150802BF20D4F83477A4F8E009002F40F0DA80B4F8A0
S3150802BF30E0399BB929468348FBF7C8FE0146002823
S3150802BF407FF44EAF804A92F87B3243F0020382F8BE
S3150802BF507B32B4F8E0390133A4F8E0392846FBF716
S3150802BF609DFE014600287FF43BAF784B0893FBF70A
S3150802BF7091FBDBF7D5F8764B09900A9340F6035303
S3150802BF8008A90E222868ADF82C30DBF7C7FB014654
S3150802BF9000287FF425AF286904AA30A906F056FEC0
S3150802BFA007460DF1C1030DF1400C0DF2011E624662
S3150802BFB018685968083303C273459446F7D1384658
S3150802BFC0EDF74EFC014600287FF40AAF40222868A6
S3150802BFD00DEB0201DBF7A2FB014600287FF400AF56
S3150802BFE06B89286801339BB26B815BBAADF81C304A
S3150802BFF005AA0C23DBF750FB2868E0F744F901464B
S3150802C00000287FF4EDAE534B11961093C6F30746FC
S3150802C010514BD4F8F00966F07F0630938DF84660E6
S3150802C020DBF77EF8D4F8F46931903046DBF778F816
S3150802C0304FF44063329010A90A222868ADF84830B6
S3150802C040DBF76CFB014600287FF4CAAE30A90C2246
S3150802C0502868DBF763FB014600287FF4C1AE284651
S3150802C060FEF780F90146BBE63046FBF723FB0028BC
S3150802C0703FF40AAE376AD4F8F83937F0004708BFF2
S3150802C0801F46D6F818A0DAF781FF474528BF474664
S3150802C09009FB07F7A0EB0A0010EB57003FF5F4ADD2
S3150802C0A0F37D2946022B18BF0223304618BFF375C3
S3150802C0B0FBF732FE014600283FF4E6AD90E6336A06
S3150802C0C043F000433362F669002EF8D194F8DD395D
S3150802C0D0C4F8F069DB0658BFD4F8FC69C4F8F469F9
S3150802C0E0FCE63846FFF74CFD90B129463846FBF781
S3150802C0F0EDFD014600287FF473AEFB7C43F0020394
S3150802C100FB74B4F8E0390133A4F8E0397F690BE728
S3150802C110FB7C60F34103FB74F8E7D4F8500A29461E
S3150802C12000EB0310FBF7D2FD0137014600287FF426
S3150802C13057AE94F8542AFBB29A42EED80EE700BFDD
S3150802C1409AC4200058420020F03F0020001900013E
S3150802C15000440201002904F80002000800232DE920
S3150802C160F04106460F46ADF5067DDFF85880009386
S3150802C17005AD01A8EEF718F86946404601AA0395E7
S3150802C18003F022FF044608B1172415E04AF6AA73FB
S3150802C19069682A7A9942ECD133799A42E9D13068A8
S3150802C1A00DF11D0113F043F90028E2D195F8063185
S3150802C1B0DB07DED52B783B7020460DF5067DBDE8FC
S3150802C1C0F08100BF244300201FB50C4B0146B3F88B
S3150802C1D058244FF6FE739A420DD001230DF1070239
S3150802C1E002A88DF8073002928DF80C30FFF7B6FFD9
S3150802C1F005B05DF804FB1720FAE700BFF03F002000
S3150802C20038B50B6804460D4673B1EEF7D5FE2B68B2
S3150802C210013B13F8010F40B16D38052804D8DFE851
S3150802C22000F00E0303050A12072038BD227842F0F1
S3150802C23001022270EDE7227842F00202F9E722783B
S3150802C24042F00402F5E7227842F00802F1E700BF5D
S3150802C2502DE98048B1B0E5F7CDFF9948EEF73DFEE6
S3150802C2609848EEF73AFE142297499848EEF735FEB3
S3150802C2700F219748DEF7F0F90446E8B9954C40F6DF
S3150802C28035419548DEF754FAA36E142B0DD01423C4
S3150802C290A36602F0E9F8A4F5805393F8683EDA0734
S3150802C2A003D504F15800F3F7FBFB4FF00001884869
S3150802C2B0DAF7EEFD044638B12046DAF7E5FE2146FE
S3150802C2C002468648EEF709FEFBF7F8FA1022002125
S3150802C2D012A811F0B6FEEA23ADF858300023804FB3
S3150802C2E0009301227F4B804807F18001F1F792FF04
S3150802C2F0044610B3DAF7C8FE214602467B48EEF733
S3150802C300ECFD7B4B186800F5805393F80C3823B97B
S3150802C31000F5B9501430E1F78AFE754B002118680A
S3150802C32000F501501830F4F705FB0290F0B16621CA
S3150802C330704B714A714809F0C9FB02236A4812AA6E
S3150802C34007F1800187F8B430F3F7D8F904460028D4
S3150802C350D7D0DAF799FE214602466948EEF7BDFDBF
S3150802C36007F180016048F1F7EFFECAE7604B1B68E8
S3150802C37003F5005292F83826002A40F08D805C4B6D
S3150802C3801B680393029B12935E4B1B7803F0FF060E
S3150802C3906BB180220021524811F053FE5A48C468F4
S3150802C3A0002C40F0C580574B1C70EFF7B9F8EFF731
S3150802C3B04DFEEFF3108072B6544B5C8814F0C5F943
S3150802C3C0002C40F02A814FF4F85013F059F828B39C
S3150802C3D04FF4807013F054F84D4D0646002800F0CD
S3150802C3E05D862B6821461B684FF480701B78494E80
S3150802C3F013F0200F08BF002613F02AF8224600235E
S3150802C4002868C0E90433836A03F5005393F838367B
S3150802C41013B1314605F0C6FCEFF782F83E4B1868B1
S3150802C42020B10368022B01D1EFF75EFDEDF7ECF9B7
S3150802C430002840F05886EFF773F897F8BA32002BBF
S3150802C44040F06F86354B1A784AB100221A70344A80
S3150802C450137883F001031370012387F8BA32314B3C
S3150802C4601A78B2B1002508202F491D7002F060FD26
S3150802C470044670B12946262212A811F0E2FD2B497C
S3150802C48016A8F1F7FEF9002800F05B862046DAF7CF
S3150802C490A1FE13F093FB69E700255C685D60002C3A
S3150802C4A03FF46DAF6068844204D120462368656014
S3150802C4B0984764E743686360036845609847F1E70D
S3150802C4C0C4400408F340040820A1070037410408C1
S3150802C4D0F01F0020F03F0020383E00206541040886
S3150802C4E0705A00206D790208883600208A410408AD
S3150802C4F07C500020E6410408904304081B420408C5
S3150802C500B8410408011A0020C41B00205C1B002045
S3150802C51064190020C01A0020B81B0020AA4800206F
S3150802C520201B0020AB4800200027040849420408C3
S3150802C530802212AB95490068A047954B029A1A7059
S3150802C54000287FF432AFBDF84850904CDFF8648279
S3150802C550DFF864923D44A5427FF627AF23780D2B78
S3150802C5602DD014D8082B14D00A2B24D0B9F80030B1
S3150802C570B3F5FF7F3CD80121204607F06AFFB9F8D8
S3150802C58000302278591CA9F800103B4410E07F2B92
S3150802C590ECD1B9F800305BB303217E4807F059FFA6
S3150802C5A00022B9F80030013B9BB2A9F800303B449F
S3150802C5B083F8B9201CE097F8B8300D2B18D0022161
S3150802C5C0404607F046FF00221046B9F80030F9182F
S3150802C5D081F8B920704919447BB90AB1A9F8003023
S3150802C5E0EEF7C7FB6C49EEF789FE0023A9F800307F
S3150802C5F014F8013B87F8B830ADE711F801CDBCF164
S3150802C6000A0F02D0BCF10D0FE7D15A1E93B217FAE0
S3150802C61082F282F8B9003246DEE7029B87F8B9321F
S3150802C620EFF3108072B65D4B5A8812B914F08DF882
S3150802C630FEE75A4C013A2388254604EB8301D1F8D2
S3150802C6400C90A1880133B3FBF1F401FB14336A8021
S3150802C6502B8014F07AF8B9F1000FE9D0504D99F809
S3150802C6600C30EA7DC3F3800363F34102EA7599F855
S3150802C6700C30002003F0FB0389F80C30EA7DDB0955
S3150802C68063F30002EA7599F80C3003F07F0389F820
S3150802C6900C3099F80130AB714B4613F80C2BAA8073
S3150802C6A02B6099F903303F4A6B75137099F802307B
S3150802C6B03D4AAB751370D9F80430D9F80810AB6245
S3150802C6C012F07CFF039B03B9FEE7384B28461A781B
S3150802C6D09B682A752B61DDF79EFC88B10378C3F344
S3150802C6E08302032A0CD19B070AD4286807F0F8FEAE
S3150802C6F0AC8800F44050092C02D9002800F0EC82DC
S3150802C700039B03F5005393F83836002B00F0E482B6
S3150802C710274C97F8B982D4F89C3E002B00F0DF80AC
S3150802C720B8F1000F4AD0B4F87C3E9E0606D5EB7DDA
S3150802C730980703D5297D286901F0AAFC00238DF8FC
S3150802C7402C308DF83830D4F8683F0133C4F8683F86
S3150802C750A8F10808B8F1150F00F28C81DFE818F085
S3150802C76080048A018A018A018A018A018A018A0168
S3150802C7708A0186048C049204FD009804E0008A016A
S3150802C7808A018A018A018A018A015602705A0020A0
S3150802C790011A00209B430408295B00205C1B002029
S3150802C7A0F01A0020311B0020301B0020F05900200F
S3150802C7B0F02F002099430408805000204146D4F8FF
S3150802C7C0A02EAF489847B4F87C3E990609D5EB7D6A
S3150802C7D09A0706D5297D286901F05AFCB8F1000F97
S3150802C7E0ACD1B4F8E83E002B40F0838001F0C0FBE0
S3150802C7F000238DF82C308DF83830D4F8683F013391
S3150802C800C4F8683F94F8483ED90740F133819C48FA
S3150802C810DDF7E3FB804600289AD109A99848DDF797
S3150802C82081FD97480CA9DDF755FD9DF82CA0BAF1B4
S3150802C830000F65D009A802F04DF806469DF838B0F3
S3150802C840BBF1010F5ED0BBF1020F6FD08C480DF120
S3150802C8501601DDF73BF948B94FF6FF72BDF81630F7
S3150802C860934203D0B4F8502E9A4259D1BAF1010F25
S3150802C87063D0BAF1020F6AD05946BDF8300007F004
S3150802C8805BFC00286FD0D4F8703F0133C4F8703FC0
S3150802C890286807F040FE002800F01B81784806A9A0
S3150802C8A0DDF7B2F99DF81830052B40F0D98312A9A5
S3150802C8B07348DDF7C9F9724807A9DDF7B5F99DF896
S3150802C8C01CB0BBF1080F54D0BBF1100F00F08C80DE
S3150802C8D0BBF1000F40F0C4836A4A09A986E0B4F89E
S3150802C8E07C3E9E067FF57AAFEB7D9B077FF576AF9A
S3150802C8F070E7EB7D980744BFAB68C4F8F83E75E766
S3150802C90056469BE7BDF83030B4F8822E9A429DD03F
S3150802C91094F8482E520703D54FF6FF72934295D0E4
S3150802C920D4F88C3F0133C4F88C3FD5E156490CA89C
S3150802C930DDF790FC002889D1F2E7002E00F0A283E9
S3150802C9403068716809AB03C302238DF82C304E494F
S3150802C95009A8DDF77FFC00288ED0D4F89C3F013366
S3150802C960C4F89C3FB8E1D4F86C3F0133C4F86C3F75
S3150802C9708EE7002E00F0748341480FA9DDF7C1FA4D
S3150802C9809DF83C30D4F8DCAD013BDBB20AF07F02FD
S3150802C99093428DF83C3022D00AF1FF3202F07F0131
S3150802C9A08B421ED00AF1010A0AF07F02934240F036
S3150802C9B05783364AB37F03F00F03072B0DD1B369AA
S3150802C9C0534500F24D8308D1129BF168581C8142E7
S3150802C9D000F02281994200F2438309A908E02C4A11
S3150802C9E0E8E792462B4AE5E72B492C4A4FF0000A1C
S3150802C9F02348DDF7B7FB002840F03283BBF1080F66
S3150802CA0067D1B37FDFF898B003F00F03072B49D03D
S3150802CA109BF85030D80700F10B814FF000083046DA
S3150802CA20174901F0A5FDD5F800A0504607F073FD99
S3150802CA30002856D012480FA9DDF7F6F89DF83C30C3
S3150802CA40082B4ED1B37F03F00F03062B04D0072B16
S3150802CA5047D0012B40F016839AF8003003F00703FB
S3150802CA60032B07D112A801F0FFFE18B99DF848302A
S3150802CA70042B36D0D4F8A83F0133C4F8A83F2BE1DB
S3150802CA80F01A0020183E0020763E0020B43E002010
S3150802CA90A43E0020943E002088430408A43F0020B8
S3150802CAA0F03F0020B369726953451CBFC6F818A047
S3150802CAB03061129B0133934288BF7361F360D4F8E5
S3150802CAC0DC3D9A45A4D9032251468748F2F78EF8E7
S3150802CAD09EE7864B93F85030D90700F1A980002EBD
S3150802CAE09DD194F8493E022B00F0B280062B00F045
S3150802CAF0BB80012B40F0C6802E68317811F0070101
S3150802CB0040F0A680D4F87C3F0133C4F87C3FD4F8C1
S3150802CB10703E002B77D03C2212A88DF8441011F0F3
S3150802CB2090FA33785E076ED10FAE31467048DDF75C
S3150802CB30F9FB002867D19DF84430022B63D196E8A9
S3150802CB40030012AB83E8030069480DF17A01DDF7A9
S3150802CB5025F820B166480DF17A01DCF7B7FFAB7903
S3150802CB6063488DF87E306B7D8DF87F30AB7D8DF80E
S3150802CB708030DDF762FA06465D48DDF74CFA1D2E6F
S3150802CB8005463AD940F6FF7302889A4235D1837828
S3150802CB909BBBC3788BBB0379032B2ED142799DF8B5
S3150802CBA08130120962F303038DF88130427907A9AD
S3150802CBB062F386138DF8813043799DF88120C3F399
S3150802CBC0C00363F30412831D0793102314A88DF878
S3150802CBD081208DF82030DEF7D2FC14A811F0DCFC97
S3150802CBE0014614A8DBF7DAFA68B1D5F81630CDF89B
S3150802CBF06130D5F81A30CDF86530D4F8703ED4F8DD
S3150802CC00741E12A89847B8F1000F65D0D4F8903F61
S3150802CC100133C4F8903F5FE094F8493E062BF5D1FC
S3150802CC20324B4FF01D0893F85030DA077FF5F7AE0E
S3150802CC302E4B286893F850206FF3C60283F85020CB
S3150802CC4007F04EFCC3067FF54AAF06F049FF46E7F2
S3150802CC5094F8582E94F8523E9A4213D0D4F8843F48
S3150802CC600133C4F8843FCEE79DF838303BB12148FA
S3150802CC70DBF757FC002384F8493E04F0E5FCB8F1DB
S3150802CC80000FC3D12B681E7806F00706012E00F0A6
S3150802CC90D380032E07D0002EE0D1D4F87C3F01338F
S3150802CCA0C4F87C3F2FE012A801F0DEFD9DF848305B
S3150802CCB0042B23D0072B40F0B980D4F8803F0133E8
S3150802CCC0C4F8803F94F8483EDC0705D5D80603D554
S3150802CCD031460948DCF76CFE484606F047FFEEF790
S3150802CCE01FFCFFF766BB00BFC83D0020F03F0020CF
S3150802CCF0F01A0020083F0020383E0020D4F8783F7A
S3150802CD000133C4F8783F0023B74E8DF870308DF89A
S3150802CD107A308DF8B830337A990740F18380B34870
S3150802CD20DDF779F98246B148DDF787F91AA9ADF830
S3150802CD304C00AE48CDF848A0DDF7F4FA002871D1C8
S3150802CD400DF17201A948DDF7C5FA0146002869D135
S3150802CD50182214A811F075F9A44814A9DCF71EFFC5
S3150802CD6018B1A24814A9DCF7B1FEA0480FA9DCF74E
S3150802CD70ADFE18B1BDF85030ADF83C304FF6FF7233
S3150802CD80BDF83C3028689A1A534253419DF85520FB
S3150802CD9063F341028DF8552007F0BDFB80B1934835
S3150802CDA00FA9DCF741FF9DF83C3013F0F70F0CBFD3
S3150802CDB0012200229DF8553062F300038DF85530A2
S3150802CDC0AB79DFF834A28DF852306B7D8DF853308B
S3150802CDD0AB7D8DF85430D6F8D834534512D09DF829
S3150802CDE05530DB070ED596F85930022B0AD11AA808
S3150802CDF001F070FDAAF58A63834203D1AAF10800FD
S3150802CE00F1F772FA2B681B7803F00703012B09D195
S3150802CE10BDF84C20129B042A14D91A7802F0C002D3
S3150802CE20802A10D17248DCF780FDECE6D4F8843FFC
S3150802CE300133C4F8843F66E7D4F8743F0133C4F873
S3150802CE40743F60E771D11A7802F0D802C02A6FD10E
S3150802CE50002312A907A80693F2F768F8002840F0FB
S3150802CE60DA80BDF82050002D40F09780BDF81C608E
S3150802CE7006AA314612A803F0BBFA002840F0CB8076
S3150802CE80069D6B89B34200F2C68031462846DAF718
S3150802CE90C3F9002840F0BF80BDF81E3028466B61F2
S3150802CEA0F1F754FABDF8503005F12C006B829DF863
S3150802CEB052302B729DF95310F1F78CFF05F12E00B3
S3150802CEC09DF85410F1F7ABFF9DF855302846C3F389
S3150802CED0400203F001035B0043EA0223AA8822F414
S3150802CEE081721343AB8002F0BBFF002840F09380A7
S3150802CEF094F8483E580704D42B79990701D501F0CE
S3150802CF0084FD3C48294601F06BFD002001F030FE05
S3150802CF10069DAA896B899A4284D329463548DAF747
S3150802CF200DFE284608F0CCFA7CE7002A3FF47AAFD1
S3150802CF301B7803F0E003602B7FF474AF00210FAA7D
S3150802CF4012A80F9103F054FA28BB0F9DBDF8503072
S3150802CF5005F12C006B829DF852302B729DF9531005
S3150802CF60F1F738FF05F12E009DF85410F1F757FF37
S3150802CF709DF855302846C3F3400203F001035B00CF
S3150802CF8043EA0223AA8822F481721343AB8002F091
S3150802CF9067FF0028C5D00F983EE0D4F8E01F0FA817
S3150802CFA007F031F90F9B53B3BDF81C2059899142FA
S3150802CFB015D1BDF81E005A69824210D19A89954246
S3150802CFC00DD1BDF84C202A448A4208DC19799DF80D
S3150802CFD05520C1F3400102F0010291420ED00FA87A
S3150802CFE0DAF7F2F8DEE700BFF03F0020F01A002079
S3150802CFF0383E0020D03F0020C0440020069394F813
S3150802D000483E069D5A070DD475B99DF85530DB077B
S3150802D01001D501F0FAFC069800283FF403AFDAF7C7
S3150802D020D9F8FFE6002DF6D0BDF84C30129A2846FC
S3150802D030A989DAF731FB2846BDF84C10DAF771F9F7
S3150802D0409DF9531005F12C00F1F7C4FE05F12E00E7
S3150802D0509DF85410F1F7E3FE2846F1F777F957E7FA
S3150802D060D4F8A03F0133C4F8A03F35E6D4F8A43F6C
S3150802D0700133C4F8A43F2FE6D4F8943F0133C4F829
S3150802D080943F29E6D4F8983F0133C4F8983F23E63B
S3150802D090D4F8883F0133C4F8883F1DE64FF4007080
S3150802D0A012F0EEF9044638B131464FF4007012F028
S3150802D0B0CFF90F22FFF7A3B94FF4806012F0E0F917
S3150802D0C0064640B121464FF4806012F0C1F9264661
S3150802D0D00E22FFF794B901464FF4805012F0B8F9C0
S3150802D0E00B22FFF78CB92449A1F12400ECF776FB51
S3150802D0F0044678B92149A1F12400ECF76FFB0446EE
S3150802D10000283FF498A920461D49ECF793FB2046D0
S3150802D1101A49F2E720461B49ECF78CFB20461649CA
S3150802D120E4E7194B194A1978194B1A4800290CBF12
S3150802D13011461946EDF7D1FE002387F8BA32FFF7F2
S3150802D14081B97B230B2220461349ADF86A30DAF7F8
S3150802D150E5FA00287FF49AA9637913F0180F3FF4C9
S3150802D16095A922460D490E4812ABF2F719FE002878
S3150802D1703FF48FA9FFF78AB9301800205418002007
S3150802D180B9640008A1640008201B0020B9400408FD
S3150802D190AD4004082142040851420408F05A00200E
S3150802D1A08836002000F0F003E02B19D100F00E00BB
S3150802D1B00E2819D8DFE800F0091808180E181018F2
S3150802D1C018181818181812002B2008700020704713
S3150802D1D01120FAE72C20F8E73C20F6E72920F4E7A5
S3150802D1E000F0F800F028F3D006207047F7B500F1F2
S3150802D1F0310525F00105AB8904460B2B0F46164669
S3150802D2003DD8C3F10B031B010C29DBB21DD8C9B2E9
S3150802D2100DF101020B4369468DF800306389521AF3
S3150802D2203B4413FA82F3B3F5007F26D2204692B224
S3150802D230DAF774FA38B90B233A4631462046AB81F7
S3150802D240DAF76CFAE8B103B0F0BDB1F5867F07D814
S3150802D250A1F10D028DF801200D210DF10202D9E787
S3150802D2606FF486728A18C2F307218DF801108DF8B9
S3150802D27002200E210DF10302CCE70320E3E7072083
S3150802D280E1E763892B82DEE773B51546044678B172
S3150802D2900222DAF701F802216846ECF715FC0222A7
S3150802D2A069462046DAF718F830B12046D9F792FFD0
S3150802D2B00024204602B070BD114B53F825502B4668
S3150802D2C01E4613F8012B7AB9284611F065F92A4643
S3150802D2D081B22046FFF78AFF0028E6D12046DAF710
S3150802D2E015FB0028E5D0E0E72F2AE9D1711B2A466B
S3150802D2F0204689B2FFF77AFF0028D6D1751CDEE7E9
S3150802D300F03A040813B50024182001A9019406F07E
S3150802D3106DFA00B10194019802B010BD064890F862
S3150802D320483EDB0705D500F6586100F65C60DCF777
S3150802D33051BA0B20704700BFF02F002010B50446E3
S3150802D340E7F786FD002C00DAFEE721180248BDE859
S3150802D3501040DBF7ECBC00BFCC3E0020002200B533
S3150802D36089B0049209224FF400330792ADF81800E7
S3150802D37008AAADF80C0012E903008DE8030002932F
S3150802D38002AA07CAECF7FAFC09B05DF804FB2DE914
S3150802D390F0431E4B054693F838368846164685B03E
S3150802D3A093B3FFF7DBFF08B12D281ED136B300244D
S3150802D3B04FF4003901AFCDF80490ADF80850039444
S3150802D3C06B4697E80700ECF7BEFC2D2811D13846C4
S3150802D3D0CDF80490ADF808500394ECF7ADFC33464B
S3150802D3E0014642460A48E2F77FFA2D2807D9012064
S3150802D3F007E00134092CDED1012000E02120054B8B
S3150802D400185C05B0BDE8F0831120F8E7F03F00206C
S3150802D41098190020404404080CB413B50B4B05AC0C
S3150802D4201B6801946BB1EDF7A4FC22460849083043
S3150802D430D9F738FAEDF79DFC0830D9F748FAEDF72F
S3150802D44098FC02B0BDE8104002B07047B41A00203A
S3150802D4500C15040870B50C4600268B7986B005466D
S3150802D4602A4904F108008DF804308DF80560D9F7C9
S3150802D470DDFC50B340F26D238DF80A60ADF8083032
S3150802D480234A02A892F83037591C8DF80B3082F8D5
S3150802D4903017F0F7B6FA831C13F0070323D102A854
S3150802D4A0F0F7AFFA02A902462846DAF7A9FA50BBFC
S3150802D4B00222284601A9DAF7A3FA20BBA388A0719B
S3150802D4C05BBA08335BBAA3801DE040F26D43ADF840
S3150802D4D0083040238DF80A300E4BB3F85C305BBA3D
S3150802D4E0ADF80C30CCE7C3F10803D9B204A8F0F7BB
S3150802D4F0B1FA04A8F0F785FA04A902462846DAF72B
S3150802D5007FFA0028CBD006B070BD00BF704200205B
S3150802D510F02F0020F03F00202DE9F04794B0044692
S3150802D520DDE91D65DDE91F789246894629B96FF05E
S3150802D5308604204614B0BDE8F087002AF7D0002EEC
S3150802D540F5D00DB9002FF2D12388B3F5105F4DD16E
S3150802D550282200210DEB020010F073FD2022002183
S3150802D56002A810F06EFD0AA813F029F900283AD18C
S3150802D57020465246494602ABF6F741FA04460028C7
S3150802D580D7D1029B23F00802102A01D0202BCED134
S3150802D590AE4221D206F110039D421DD20F2FC6D9E3
S3150802D5A031461022284610F0F0FE2E463346002257
S3150802D5B0009502A90AA805F0A9F9064678B13A46DD
S3150802D5C00021284610F03DFD0023012EC8F8003040
S3150802D5D009D16FF08B04ACE70F2FE7D8A7E7102322
S3150802D5E0C8F80030A5E76FF09204A2E76FF0850449
S3150802D5F09FE773B5054608460C46F1F7BDFC1F4B77
S3150802D6007DB9A27C657422F0030242F00302A27479
S3150802D61003F5127303CB402320606160237402B0C2
S3150802D62070BDD3F8342393F838331344CDE9002375
S3150802D63001216846E0F7CAFC06460028EFD0E0F763
S3150802D640BBFB0028F4D0837803F00F039D42EFD189
S3150802D650A37C214643F00203A3748378A27CC3F316
S3150802D660001363F30002A2748378304603F00F03B3
S3150802D670637402B0BDE87040F1F724BCF03F0020A5
S3150802D6802DE9F0478CB004468A4618460DF1060184
S3150802D69090461D46D9F78EFD074620B1062738461D
S3150802D6A00CB0BDE8F087BDF8066006F46043B3F532
S3150802D6B0C04FF3D1330640F18F80284601A9D9F726
S3150802D6C077FD0028EAD19DF804904FEA191009F06F
S3150802D6D00F0902A9FFF78DFF484607A9FFF789FF39
S3150802D6E024220021201D10F0ACFC00236022637066
S3150802D6F0A370E37006F4C053B3F5C05F227036D048
S3150802D700AB88002BCAD02B6830051B784FEA9303E7
S3150802D71003F0300363700ED401A92846D9F748FDF1
S3150802D7209DF804202178C2F383030B4323706378A0
S3150802D73043EA82136370F10419D4AB88022BADD97C
S3150802D7402B6862781B7803F00F03134363702B6808
S3150802D750A2785B781343A3702B68E2789B7813430D
S3150802D760E370AB882A68033B03322A60AB8016F45F
S3150802D770806933D1284601A9D9F71AFD00288DD127
S3150802D7809DF80430A3714B468AF8003006F44073BC
S3150802D790B3F5007F24D0B3F5407F23D0B3F5807F5D
S3150802D7A022D0284601A9D9F703FD00287FF476AFCF
S3150802D7B09DF80430E37106F03003202B47D015D8C4
S3150802D7C0EBB1102B3AD0730649D46FF001032372DA
S3150802D7D06FF07F0363721DE081467AE70123D3E780
S3150802D7E04023E7E7FF23E5E70123E3E7302BEAD106
S3150802D7F0404604F1100202A9F1F76FFBE3E772064D
S3150802D80008D41022284604F10801D9F7BDFC0028DD
S3150802D8107FF444AF310706F003026DD4022A4FD0D3
S3150802D820032A56D0012A25D073073FF537AF1022AF
S3150802D83004F118012846D9F7A7FC86E0082204F164
S3150802D84010012846D9F7A0FC0028BCD026E7FF23FA
S3150802D850E374FE230222237504F11601F1E79DF80B
S3150802D8601A3098077FF51AAF02A904F10800EFF7F4
S3150802D870EDFECFE7082204F120012846D9F784FCF9
S3150802D88000287FF40BAF76072BD46FF001032376BB
S3150802D8906FF07F036376B9F1000F3FF400AFAB88F0
S3150802D8A0002B3FF4FBAE2B680DF105011878FFF744
S3150802D8B079FC00287FF4F2AE9DF80530A371EEE6F6
S3150802D8C0FF2384F82330FE2304F1260184F824304A
S3150802D8D0D3E704F1200207A908F10A00F1F7FDFAD5
S3150802D8E0CEE79DF82E3098077FF5D8AE07A904F142
S3150802D8F01800EFF7ABFECEE7FF237107237627D48E
S3150802D900022A0FD0032A19D0012A90D1284604F1F7
S3150802D9101901D9F74DFC00287FF4C0AE052204F19F
S3150802D920230187E7284604F11901D9F741FC0028A3
S3150802D9307FF4B4AE032204F125017BE702232846CD
S3150802D940637604F12701D9F733FC0028A3D0A5E6AC
S3150802D950002A7FF4A3AE9DF82E309B077FF59EAE74
S3150802D9600222284604F11901D9F70EFC00287FF491
S3150802D97095AE9DF82C300422E37607AB03CB2162E1
S3150802D980E06104F1240155E773B50C460023054608
S3150802D99069462046ADF80230ADF80430D9F708FCDE
S3150802D9A0D8B99DF8006006F0F803F02B15D1284681
S3150802D9B0D9F76AFA06F00303022B3CD0032B4AD0A6
S3150802D9C0012B20460DF102010AD0D9F7F3FB20B943
S3150802D9D0204601A9D9F7EEFBA8B1062002B070BD10
S3150802D9E0D9F7E8FB0028F8D120460DF10101D9F74D
S3150802D9F0DFFB0028F1D19DF801306FEA03536FEA85
S3150802DA001353ADF80430BDF802305BBA2B80BDF86B
S3150802DA1004305BBA6B809DF800305B07DDD4204684
S3150802DA200DF10601D9F7C6FB0028D6D1BDF8063096
S3150802DA305BBAEB80D2E720460DF10101D9F7B8FBB4
S3150802DA400028CAD19DF801306FEA03536FEA1353CF
S3150802DA50ADF80230BCE720460DF10101D9F7A8FB63
S3150802DA600028BAD14FF2B0039DF8012043EA1211F9
S3150802DA7002F00F02ADF802101343C2E72DE9F04F88
S3150802DA808FB00546894690461C468789134604A8E0
S3150802DA900A460DF10101FFF7F3FD00283FD12822BE
S3150802DAA0284604A9D9F73AFE0646C0BB28212846C5
S3150802DAB0D9F737FCB2469DF8013083B9002C00F03D
S3150802DAC0DB80283CE41B391D64BAA4B2022328462B
S3150802DAD002AA89B2ADF80840D9F7DEFD20E0B8F807
S3150802DAE00420E2B1D8F800100B7803F0F000E02821
S3150802DAF040F09E8003F00E000E2815D10023013156
S3150802DB00013A8DF80130C8F80010A8F80420234617
S3150802DB10424649462846FFF7B1FF0028CBD00626DB
S3150802DB2030460FB0BDE8F08F03F0010340460DF111
S3150802DB3003018DF80130D9F73BFB0028EFD19DF898
S3150802DB400330DB075FD540460DF10201D9F730FBFA
S3150802DB500028E4D19DF80230B8F804105A1C914204
S3150802DB60DDD3D8F8002001A9D05CFFF71BFB0028FB
S3150802DB70D5D19DF8023002220933DB08013B28463B
S3150802DB8001A98DF80530D9F7C9FD0028C7D10221A8
S3150802DB902846D9F7C6FB28469DF80220D8F8001071
S3150802DBA0D9F7BCFD0028BAD19DF802B028465946D5
S3150802DBB0D9F7B7FBB8F80430D8F80020A3EB0B0363
S3150802DBC05A440BF1020B1BF0070BC8F80020A8F801
S3150802DBD004303FF470AFCBF10801C9B202A8EFF7DF
S3150802DBE039FF02A8EFF70DFF02A902462846D9F720
S3150802DBF095FD002893D102A8EFF703FF01462846B0
S3150802DC00D9F78FFB57E7404601A9D9F7D1FA002879
S3150802DC1085D140460DF10201D9F7CAFA00287FF4E8
S3150802DC207EAF9DF80220B8F804309A42A1D976E769
S3150802DC3003F0F803F02B7FF472AF414602A88DF881
S3150802DC4001A0FFF7A1FE00287FF469AF8CB9B8F8E6
S3150802DC500430083308225BBA9BB228460DEB020150
S3150802DC60ADF80C30D9F75AFD00287FF458AF0821D1
S3150802DC70C5E7AB89E31AEDE7B8F80440AB89283C57
S3150802DC801C441FE7FE2313B5ADF8023003680C46A1
S3150802DC900A4601930DF10201012301A8E0F7B8FA39
S3150802DCA018B9BDF8023084F8FE3002B010BD4FF440
S3150802DCB040134FF4201230B58FB00193039200231C
S3150802DCC00822044600910B7004AD0DEB02018DF893
S3150802DCD010300295EFF757FE2A466846238A02490C
S3150802DCE0DAF7EBF90FB030BDE6430408024670B521
S3150802DCF001F10805082411F8010B538883EA00206C
S3150802DD0006B24300002E98B2BCBF13885840631E61
S3150802DD1013F0FF04F4D1A9425080EBD170BD38B597
S3150802DD2003780446FF2B08BF91F825300D4604BF39
S3150802DD3043F0100381F82530EFF7B6FC70B1284698
S3150802DD400849D9F727F92046103504F1100350F887
S3150802DD50042B984245F8042BF9D138BD2846E3F737
S3150802DD60C1FFF0E74042002070B506460C46D9F7D7
S3150802DD700DF9054624B120460521D9F7B9FF04460F
S3150802DD802544756070BD0C4991F85B3083F0080232
S3150802DD909B07C2F3C0020CD491F89E3013F00F0011
S3150802DDA005D0B1F8A000022894BF00200120104334
S3150802DDB070470020FBE700BFF03F0020094A92F8AF
S3150802DDC05030C3F3400181420AD060F3410382F81E
S3150802DDD05030DB0704D5012102F13800DBF71BBD01
S3150802DDE0704700BFF03F002007B5054B0F2200938E
S3150802DDF004491823D9F704F903B05DF804FB00BFF8
S3150802DE0091800108A429040870B5461EC41C002284
S3150802DE1006200D462B780131303BDBB2092B04D99B
S3150802DE2006F8012F58B1062070BD02EB820203EBF9
S3150802DE3042039AB2FF2A4FF00000EAD9F3E7A64254
S3150802DE40287803D02E28EED1691CE0E70028EBD00B
S3150802DE50E9E7012303FA00F20448436C23EA0203C2
S3150802DE60436413B94830DAF75CBB7047F01F0020E9
S3150802DE7010B5044690B001466846DDF701FE0D9BD3
S3150802DE80002B14BF1846204610B010BD38B50D46F3
S3150802DE9060B1104A136843B1196811600022C3E9D8
S3150802DEA000250D4A11681960136038BD0A4B1C68B3
S3150802DEB0002CFAD02946606810F019FB08B12468CC
S3150802DEC0F6E721460448E0F7AFFA024B1A682260E1
S3150802DED01C60EAE7504A0020EC1F002008B5074BF1
S3150802DEE093F8383633B1FFF739FA2D2804D8044B9C
S3150802DEF0185C08BD1120FAE70120FAE7F03F002076
S3150802DF004044040830B50446154A85B0106851687D
S3150802DF1002AB002C03C304F1FF350ED1114B0734B3
S3150802DF209A6CDB6CCDE900232B4602AA12F8011D76
S3150802DF3003F8011FA342F9D110E02A460A4B0B49FE
S3150802DF4013F801098B4202F8010FF9D1082220467B
S3150802DF500DEB020111F06BFA0028DFD005B030BDD7
S3150802DF60EE4304080080E00F0900E00F0100E00F0D
S3150802DF7038B5114CB4F87C3E1B061BD5D4F8083FBD
S3150802DF8004F57060834215D0A023B4F8E85E5D43B9
S3150802DF90DAF72CFFD4F8F03E04F67C605B1BC4F873
S3150802DFA0F03ED4F8F43E5B1BC4F8F43EBDE83840B4
S3150802DFB0DCF720BA38BD00BFF02F0020F8B5194BA0
S3150802DFC09F79EBF790FD10B17F252846F8BD164ECE
S3150802DFD035681DBB1820FFF795F9878280270560EB
S3150802DFE045710771857185600446EBF795FDC0009A
S3150802DFF01028D6BF10230123B3FBF0F3277420465B
S3150802E000E360EBF711FE48B934602368012BFCD0B4
S3150802E010257920466DB2EDF767FFD6E70248EBF79A
S3150802E02065FDD1E7F01A0020B81B0020094B07B599
S3150802E030D3F8702E5AB17F2809D093F8581E8DF856
S3150802E04005008DF8041001A8D3F8741E904703B092
S3150802E0505DF804FBF02F002073B50A4E0A4D3146CF
S3150802E0600446286810F034FBEBF756FD074B01947B
S3150802E0700093C20001233146286810F019FB02B04A
S3150802E08070BD00BF6C1900205C19002045BF01084D
S3150802E09038B50E4D044695F8D83E8B4214D1D5F8BC
S3150802E0A0003E984209D3D5F8082E431C9342C5F878
S3150802E0B0003E02D30648F0F7BDFFD5F8D43E9C428F
S3150802E0C024BF0134C5F8D44E38BD00BFF02F002056
S3150802E0D0484000202DE9F84F13F0010804460E4681
S3150802E0E017461D46DDF8289002D1043B0C2B55D95C
S3150802E0F0FEE710461B0A421C002BFAD1C0B20228C0
S3150802E10038BF0220C0F10F0A022818BF5FFA8AFA3E
S3150802E110331E18BF0123AA1E013852109B015FFA4B
S3150802E12080FB43EAC2034BEA030352464946237479
S3150802E13004F1110010F0A4F93A460F2304F1200164
S3150802E1409A452ED304F1100211462046DBF7BAF897
S3150802E15026B14FF00208637C7340637452464946FF
S3150802E16084F820B004F1210010F08AF90AF121009E
S3150802E1700021CAF10F0220440FF063FF0023C4E90D
S3150802E1801137E364102384F854A084F855502664A2
S3150802E190A4F85080A4F85230BDE8F88F13464046DA
S3150802E1A0A9E7013B01F8012DDBB2120AC8E770475D
S3150802E1B02DE9F0472F4B804693F83836894616469E
S3150802E1C08AB0002B54D000234FF4003A0693CDF8B8
S3150802E1D010A0ADF8140004AACDE9003307CA6B46AD
S3150802E1E0EBF7B1FD0446002838D1009F002F33D043
S3150802E1F0384601A905F0FAFA044678BB019D4DB3E3
S3150802E200099007A8ADF82080CDF81CA0EBF794FD7D
S3150802E21003AB0146804602AA1748E0F713FE0446F6
S3150802E220E0B92A464146039B1348E0F781FD0446B6
S3150802E230A0B932882946BA4228BF3A46484610F05B
S3150802E2401FF928463780E3F7A8F90C4B185D0C2806
S3150802E2500BD1FEE70124F8E72D24F6E7019808B169
S3150802E260E3F79BF92D2CF0D901200AB0BDE8F08717
S3150802E2701124EAE7F03F00209819002040440408D8
S3150802E28037B5262500212A4604460FF0DAFE022370
S3150802E29084F824300023214684F825300DF106023D
S3150802E2A00320ADF80650FFF783FF03B030BDF7B57C
S3150802E2B016460D460DF10602314607461C46ADF8CE
S3150802E2C00630FFF775FF48B9BDF80630A34205D1F7
S3150802E2D022463146284611F0AAF848B1224629466E
S3150802E2E03846FFF754F80C2800D1FEE700B1FEE7DE
S3150802E2F003B0F0BDF0B52024CDB02B4B054612A8CD
S3150802E3000F46019305F030FF07200AAA02A9ADF8C5
S3150802E3102840FFF74DFF70B1214602A8EBF7D4FB60
S3150802E32018B1214602A8EBF7CFFB202307200AAA39
S3150802E33002A9FFF7BCFF4FF4807612A8DBF7FEF9B5
S3150802E3402A7C29460732D20812A8DBF705FA0422E4
S3150802E35012A80DEB0201DBF7FFF90122394612A8D2
S3150802E360DBF7FAF9202202A912A8DBF7F5F90AA9BE
S3150802E37012A8DBF717FA0AAB03CBA860E96005F126
S3150802E3800800EFF71BF9044638B13B78013E013322
S3150802E390B6B23B70002ED0D1012412A805F0DAFEDF
S3150802E3A020464DB0F0BD00BF7770616E08B50028F3
S3150802E3B014BF0220012091F8FE20FEF7E8FF0C2880
S3150802E3C000D1FEE700B1FEE708BD4FF41603F0B52B
S3150802E3D0ABB00446039300230D46164604AF432208
S3150802E3E0134902A88DF810300297D9F766FE0E2156
S3150802E3F02046D9F78BFC0F4B0E22034400930E4995
S3150802E400234602A80D4CD9F758FE3246294602A8D9
S3150802E410D9F732FE21460A4A02A8D9F74EFE3B46EA
S3150802E420224610210120FEF7F7FF2BB0F0BD00BFF0
S3150802E430F74304086E440408FD4304080C1504084F
S3150802E440AC4404080EB403B5054904AA054801926A
S3150802E450FFF7BBFF02B05DF804EB03B0704700BFDD
S3150802E460064404087D440408044890F85030DB0743
S3150802E47003D501213830DBF7CEB97047F03F0020CB
S3150802E480064890F85930022B06D190F85B309B0764
S3150802E49002D45830F1F704BB704700BFF03F0020A2
S3150802E4A010B4124C0246D4F834070021034613B9B5
S3150802E4B05DF8044B70479A4207D019465B69F6E73E
S3150802E4C04B6943B15B694B6105E00029F8D110B18C
S3150802E4D04369C4F83437D37C00216FF341030448F7
S3150802E4E05DF8044BD374EFF7C0BA00BFF02F0020D3
S3150802E4F024370020074BD3F8343723B91720B0FA4C
S3150802E50080F040097047984201D05B69F5E7002020
S3150802E510F5E700BFF02F0020024608B5C37CDB07EB
S3150802E52041BF0A4B03CB106051601046FFF7E2FF6A
S3150802E53058B907480121D0F8343700F234705361CC
S3150802E540BDE808400260EFF790BA08BD38420020DD
S3150802E550F02F0020054B9A6A02439A62DA6A02434E
S3150802E56003F13000DA62D9F747BE00BFF01F002078
S3150802E57073B50D46044690F8246091F915102230B9
S3150802E580F0F75FFC2B6800211A7895F9153002F02E
S3150802E59007020093AB7D2046F0F7DEFF0C4B06F030
S3150802E5A0030693F85920022A0FD103F180029442F6
S3150802E5B00BD193F8A43003F00303B34205D04FF00E
S3150802E5C0004002B0BDE87040C4E702B070BD00BFAB
S3150802E5D0F03F0020F7B5054601290CBF4FF48050DD
S3150802E5E04FF400500C461746FFF7B4FFAE68AEB1BB
S3150802E5F038460097EFF72DF8BDF8042000F00F0310
S3150802E6001B0222F47F5222F03F0243F08003134397
S3150802E61021466846EA68ADF80430B04703B0F0BD53
S3150802E62008490246D1F8380703462BB91061C1F8E2
S3150802E630382705480121CDE79A4201D01B69F4E73C
S3150802E640704700BFF02F00202437002010B40F4C6B
S3150802E6500246D4F838070021034613B95DF8044B7D
S3150802E66070479A4207D019461B69F6E70B6943B108
S3150802E6701B690B6105E00029F8D110B10369C4F8DA
S3150802E6803837002102485DF8044BA3E7F02F002033
S3150802E69024370020024BDB6A184200D15AE770473A
S3150802E6A0F01F002008B510B1182806D008BD4FF48F
S3150802E6B08030FFF74FFF0020F8E74FF48030FFF76E
S3150802E6C0E9FFF8E710B51F4C94F8483EC3F38002F9
S3150802E6D0824235D060F3820384F8483E70B994F8D2
S3150802E6E0483EC3F3C00394F88E2E174863F300021C
S3150802E6F084F88E2EBDE81040DBF717B9B4F84A3E07
S3150802E700590609D504F61870D9F70BFFB4F84A3E2C
S3150802E71023F04003A4F84A3E94F8493E062B08D152
S3150802E7200A48D9F7FEFE0023094884F8493ED9F774
S3150802E73063FD94F8482EC2F380035207CFD5D2E779
S3150802E74010BD00BFF02F0020383E0020083F0020F1
S3150802E750003F002008B50848D9F7E3FE074B93F8AF
S3150802E76043206FF3870283F84320B3F8502002F060
S3150802E7708002A3F8502008BD34400020F03F002054
S3150802E78010B50446FFF79EFF34B1FFF7E3FFBDE875
S3150802E79010400D48D9F7C5BE0C4890F85030D90735
S3150802E7A00CD490F85B20120700D5FEE743F001036C
S3150802E7B080F8503001213830DBF72DF8BDE81040DB
S3150802E7C00348EFF791BD00BFC0440020F03F002088
S3150802E7D0B84400200D4A0E4B506EA2F5805198425D
S3150802E7E028BF18464FF47A7391F8681E5843C9072A
S3150802E7F008D5926E5A43904228BF1046834238BFC4
S3150802E800C01A70474FF47A63F8E700BFF03F00205A
S3150802E8109BC4200070B50B4CE36C04F14405AB4273
S3150802E8200ED0FFF7D7FFE66B864209D1D8F7AEFBC3
S3150802E830E26BA06301462846BDE87040D9F7F8BDE9
S3150802E84070BD00BFF03F002008B5054B0146188091
S3150802E850044B0022186810F08BF900B1FEE708BDD8
S3150802E8600C6300205C190020F8B50E4E05463046AA
S3150802E870DBF77BFBFF28044612D03768384605F0DB
S3150802E88040FE08B9013CE4B20648DBF75FFBB288F2
S3150802E890631C0344934203DC00203B5D2B70F8BDE6
S3150802E8A00620FCE7F01A002010B508490446F0F7DE
S3150802E8B0FFFD40B920460649F0F7FAFD002804484C
S3150802E8C008BF002010BD0148FCE700BF70400020C9
S3150802E8D07C41002007B5037A012B0DD1038800205D
S3150802E8E00122019068468DF80020ADF80230FFF744
S3150802E8F0DBFF03B05DF804FB022B18BF00204FF6BE
S3150802E900FE73EDE74FF4805370B506464B8001F16E
S3150802E9100E000C461546FFF7DDFFB0B1144B93F80F
S3150802E920683EDB0709D594F8213043F0020384F8E0
S3150802E93021304FF40053638007E090F8303099078E
S3150802E940F7D45A07F5D41B07F3D47DB16B89B3FA0A
S3150802E95083F35B0994F82120314663F3820284F833
S3150802E96021202046BDE87040DBF7B2B90123F1E762
S3150802E970F02F0020F8B51F46174B064610461A7A9E
S3150802E9800D469307C2F3400411D5FFF7A3FF0446C9
S3150802E99068B1306805F0AFFD48B13046DBF767FB72
S3150802E9A038B1002F0CBF04200F2025B9E577204681
S3150802E9B0F8BD0420F9E70E2DF9D1E37FA28B0133C6
S3150802E9C0DBB2C2F30802E377002AF0D19842EED806
S3150802E9D00248F1F739F9EAE7F03F002048400020FB
S3150802E9E00B6A994200D0FEE70B796FF382030B712B
S3150802E9F0036823B9C1E90733016041607047002300
S3150802EA00CB6143680B62D961F7E737B50D4C6846A7
S3150802EA10D4F8E01F05F0F7FB04F5805504F57E648B
S3150802EA20009909B903B030BD4B7920465B0902BF8C
S3150802EA302B6A01332B62D9F79BF86846D8F7C4FBD1
S3150802EA40EEE700BFF02F002073B505460F48D0F851
S3150802EA503433C1B14A780232114490F83823134448
S3150802EA60CDE9001301216846DFF7B0FA044638B14A
S3150802EA70E67828463246211DD8F7E2FA8642F1D8C8
S3150802EA80204602B070BD1946E7E700BFF03F0020F6
S3150802EA902DE9F04F4FF0000A07469146564655466D
S3150802EAA085B0DFF8C880019129460198FFF7CCFFA7
S3150802EAB0054640B9002E55D033885BBAA9F800300E
S3150802EAC005B0BDE8F08F294602A895F803B006F00E
S3150802EAD03DF8AB78BB42E7D10EB1D345E4D9002164
S3150802EAE002A8DFF773FA0028DED04378841C013BBC
S3150802EAF0C2189442F3D87EB3D3452DD8A3789B097E
S3150802EB0018F90310B3789B0918F9033099421FD1F3
S3150802EB102346154933F8030BB1F85CC0318840BA6D
S3150802EB2080B249BA89B2604514BF4FF0000E4FF061
S3150802EB30010E614514BF002101218E4503D19A4277
S3150802EB40CDD31C46D8E76045F9D1DA462646F6E71C
S3150802EB5004F10303F3DDF8E7264603349442DA4662
S3150802EB60CAD9BCE70420ABE7F03F0020E824040832
S3150802EB7001230C4A8340516C10B50B43146D536440
S3150802EB8002F148039C420CD1D9F791F840F2E933D5
S3150802EB90B0FBF3F101FB13012046BDE81040D9F79B
S3150802EBA04CBC10BDF01F002070B502230D46164658
S3150802EBB0D8F72FFD044660B9737869880133B1EB3B
S3150802EBC0C30F4FEAC30206D3022128466A80D9F741
S3150802EBD063F8204670BD0624FBE7012A38B50446C9
S3150802EBE00D680DD000230B600068854202D004F040
S3150802EBF073FF25602368002B0CBF0320002038BD55
S3150802EC0028466989D8F733FF05462068A842EDE702
S3150802EC100D4B93F89636013B032B03D8DFE803F036
S3150802EC200409120F002070470078FF3818BF012028
S3150802EC3070470078A0F1FF035842584170470830E0
S3150802EC40EEF7A5BC01207047F02F0020002010B572
S3150802EC50124AD2F8CC3FD2F8EC1F23B9642894BFE3
S3150802EC600020012010BD1A79D20713D58B4211D084
S3150802EC705A79520902F00504012C0DD052B95A8963
S3150802EC8001307F2A80B205D960247F3AB2FBF4F2BA
S3150802EC90104480B2DB69E0E70130FAE7F02F002082
S3150802ECA00379DA071ED500226FF300030371828106
S3150802ECB019B1DBB262F3C303037143795B090BD162
S3150802ECC0037913F0080F084B15BF5A69DA6901323E
S3150802ECD0013214BF5A61DA61436A1BB100224262E9
S3150802ECE0826A1847704700BFF03F002070B5044695
S3150802ECF08AB0D8F74BF923790546DB07A6690FD5FB
S3150802ED00A3896BB9617949090AD128236A4620463B
S3150802ED10D8F7A9FB02A91648F0F7E5FC014610B197
S3150802ED2000200AB070BDA81BB0F5FA7F9DF8013025
S3150802ED30F6D313F0300FC3F3011202D0B0F57A7F7F
S3150802ED4008D302212046FFF7ABFF204604F0A6FEB1
S3150802ED500220E6E7032AE3D023F0300343F0300328
S3150802ED608DF801306A4628232046D8F795FCD7E75E
S3150802ED702437002070B517240B4DD5F8CC0F08B9E7
S3150802ED80204670BDD5F8EC3FC669984209D003798A
S3150802ED90DA0706D5DB0604D4FFF7A8FF022808BF60
S3150802EDA000243046EBE700BFF02F0020F8B50646F0
S3150802EDB01B4FFC6D14B323681A4AFB65B2F860361A
S3150802EDC0B2F8621601339BB28B42A2F8603638BF9C
S3150802EDD00B46A2F86236002323601EE06B79C3F362
S3150802EDE04103B34219D228460321FFF759FF2846A1
S3150802EDF004F054FEDDE70028DBD00EE0FFF7BAFF89
S3150802EE001728F8D12346084A52F8045F002DE5D19F
S3150802EE100133DBB2042BF7D12C462046F8BD00BFDE
S3150802EE20F01F0020F02F0020BC3F0020F8B5064650
S3150802EE3050780F461546FFF7B9FF0446002838D022
S3150802EE40802200210FF0FDF82878A388400040F4BC
S3150802EE50086040EA463023F0820320F4EF605B053F
S3150802EE6020F005005B0D1843E781A08024626A78CA
S3150802EE70032A03D9236A9C420CD0FEE76379002150
S3150802EE8062F3420320466371D8F7C6F90028F1D126
S3150802EE902046F8BD094901F58050CD6DB0F86026C7
S3150802EEA01C68013A1D6092B21D4624B9CB65A0F8CA
S3150802EEB060260024ECE72346F2E700BFF01F002095
S3150802EEC02DE9F04106460F46144600210620174A48
S3150802EED086B09846FFF7AAFF0546D0B1D8F756F886
S3150802EEE022464044009001AC02F1100C23461068F9
S3150802EEF05168083203C362451C46F7D1182269468F
S3150802EF0028468DF81470D8F709FC28B12846D8F790
S3150802EF1061F906B0BDE8F081009906F10800D9F753
S3150802EF20F7FA29463046FFF75BFDF2E700270408A1
S3150802EF3030300A4681B2002078E7014608B5082033
S3150802EF40FFF7F6FF08B10023838108BD13B540F227
S3150802EF500133044601A8ADF80430FFF7EEFF224656
S3150802EF60002102B0BDE81040FEF78EB910B504467E
S3150802EF700448FFF7E2FF2246BDE810400021FEF7EB
S3150802EF8083B900BF002704082DE9F0438DB08846EF
S3150802EF90074602A81C4616469DF85090D8F713F85D
S3150802EFA04FF2BF03B8F1240FADF82A3033D1234804
S3150802EFB0FFF7C3FF42460121FEF766F90546002818
S3150802EFC039D003795B075FBF0122437962F34203B3
S3150802EFD04371B9F1000F22D1B8F1240F09D13B8848
S3150802EFE0212101339AB228463A80DAF7FEF8044616
S3150802EFF0E8B9304602A9FEF792FE169B2946009307
S3150802F0000F48159B02AAD9F7FDFA044678B9204695
S3150802F0100DB0BDE8F0834046FFF7A8FFCEE72246CB
S3150802F0204B461221DAF79FF804460028D4D0284620
S3150802F030D8F7D0F8EBE70324E9E700BF002704086E
S3150802F0400038002003880BB98B8070478B681B68D1
S3150802F0508B6003B9FEE704330B607C238B8003883D
S3150802F0607C2B28BF7C238B800288D31A03807047A7
S3150802F0702DE9F04FA9B01F4614AB12930823ADF839
S3150802F0804C304B890128A3EB070406460D469046E9
S3150802F090A4B202F1100A07D1791D994200F28C80B6
S3150802F0A0D0469246043CA4B20DF11009484608F12E
S3150802F0B00801DBF7C6F899E80300329B0DF1180B35
S3150802F0C08BE80300D3F8010008A9D7F780FF0523C8
S3150802F0D08DF82430329BDFF8E890D3F80500D8F78C
S3150802F0E01FF8D9F8DC2D0146824240D00AAA09F651
S3150802F0F0D850EFF72AFA00220AA909F55F60DBF76A
S3150802F100BAF809F55F63196812A805F040F80423EE
S3150802F11022462A2112A8CDF800B0FEF7DBFF1022FC
S3150802F120414612A8DAF7DFF81022514612A8DAF792
S3150802F130DAF80A22329912A8DAF7D5F839462846B1
S3150802F1400AAB0DF10E02ADF80E40D8F708F9BDF874
S3150802F1502C407CB90AA912A8DAF795F9BEB9042295
S3150802F16028460AA9D8F7DAFA29B0BDE8F08F09F5D0
S3150802F1705E63C8E70A9A12A8114623460096DAF78A
S3150802F180EFF80AA90DF10E00FFF75CFFDFE76989C0
S3150802F19004230439284600940AAA89B2D8F745FAFC
S3150802F1A060B169892846042994BF491A043989B283
S3150802F1B0D8F732F82046D7E70620D5E70820D3E75E
S3150802F1C0F02F00202DE9F043044690461F4685B0ED
S3150802F1D00C9E1022B6F80C907589A5EB0905ADB2FE
S3150802F1E0ADF80250DCF741FC102241462046DCF716
S3150802F1F03CFC2046290ADCF729FC2046E9B2DCF762
S3150802F20025FC00212046DCF721FC39462046DCF79E
S3150802F2101DFC4946304601AB0DF10202D8F79FF8AC
S3150802F220BDF8082012B905B0BDE8F0832046019959
S3150802F230DCF71BFC01A90DF10200FFF703FFEFE75C
S3150802F24008B5EAF750FC014620B9202010F000F96B
S3150802F25010F02AF9002008BD08B5012010F010F9AF
S3150802F260FFF7EEFF40B9054B93F87E2E012A02D02E
S3150802F270012283F87E2E08BDFEE700BFF02F00208C
S3150802F28007B50D4B0DF1060118680FF0D7FA0B4BAF
S3150802F290BDF8061093F90020094B7F2A0B4413F98F
S3150802F2A00B0C05D17F2808BF002003B05DF804FBCC
S3150802F2B09042A8BF1046F8E75C1900209019002072
S3150802F2C0244F002038B50546EAF70DFCE0B9104B85
S3150802F2D01B6813B11B68012B16D0FFF7D1FF014635
S3150802F2E02846EAF7E1FC044660B92846EAF728FC0C
S3150802F2F0044658B90146202010F0AAF8054B9D711C
S3150802F300054B9D71204638BD0D24FBE70124F9E71C
S3150802F310B81B0020F01A0020C01A0020012110B5DF
S3150802F32081400020D8F7D6FC4FF4A07303FB00F403
S3150802F330084B93F88E2ED20709D5D3F8943E9879BE
S3150802F340FFF7C0FF2046BDE81040FDF7F7BFFFF7FD
S3150802F35077FFF7E7F02F002038B5A0230C4DEC68AD
S3150802F3605C4308B9E5F774FD2B69B3FBF4F204FBB9
S3150802F3701233B0FBF4F204FB12002344181AB0FB52
S3150802F380F4F304FB1300A023B0FBF3F080B238BDFC
S3150802F390341B00202DE9F04F054689B0FFF770FFB0
S3150802F3A08D4C0146A54200D0FEE72A688B4B9A424D
S3150802F3B000D0FEE7237F98070DD4642384F82C3007
S3150802F3C0A079EAF771FC0646002840F00081EAF7C0
S3150802F3D08AFB68B1FEE794F82C30022B84BF023B05
S3150802F3E084F82C3094F82C304F2BE9D85023E5E7D3
S3150802F3F031464FF4F85010F02BF8217F784B794DAF
S3150802F4001020C1F38001A3622C6010F021F8237F3B
S3150802F410754FC3F3C003BB72FB6883B1D5F800808E
S3150802F420D8F814305BB94FF0FF300FF00FFB40F6F7
S3150802F430B8322B68C8F810005A610123BB72D5F896
S3150802F4400090FB68D9E904028BB199F81C10C90728
S3150802F4500DD41044A0301FFA83F8FFF77DFF074644
S3150802F4604846DAF70BFE10B1A0F802800780286832
S3150802F47005F059F8EFF31188302383F31188012137
S3150802F48002200FF0E5FFEAF72EFB00B9FEE72B682C
S3150802F49003B9FEE79B884FF0000B8DF80B3001236A
S3150802F4A0DFF858911A460DF10B01D9F800000FF052
S3150802F4B093FA9DF80B202968023A002392B209684A
S3150802F4C0D9F800000FF088FA484BCDF814B0069325
S3150802F4D02B68CDF81CB093F82C2020208DF8142028
S3150802F4E01B6805AF93F800A0CAF3401A0FF0C8FFCD
S3150802F4F050B104F0EDFF594620200FF0A9FF5946F6
S3150802F5004FF400400FF0A4FF29684B6913BB102083
S3150802F5100FF0B6FFA8B12A68354B117E99703549A6
S3150802F5200978D970917900975246D9F800000FF0F8
S3150802F530D9F848B34FF4805010F0C6FFEBF7F0FF46
S3150802F54022E029683B4652468979D9F800000FF02D
S3150802F550C7F8EEE70022962004920A6989791344CD
S3150802F560234AA3F59B7310820C32009201970393E8
S3150802F5705246D9F8000003AB0FF0B6F80028D9D1E5
S3150802F580012140200FF064FF88F31188BFF36F8FC3
S3150802F5904FF480500FF074FFC8B1174D95F83836FE
S3150802F5A0ABB1A5F58055D5F89C3E23B10121D5F816
S3150802F5B0A02E09489847B5F87C3EDB0707D4206891
S3150802F5C004F099FF18B14FF47A50FDF7B7FE3046AA
S3150802F5D009B0BDE8F08F00BFB84F0020E84F002001
S3150802F5E0F01F002064190020341B002020A1070008
S3150802F5F0E8640020DA650020F03F00205C1900204C
S3150802F60010B5154C94F87E3E032B23D1B4F87C2E04
S3150802F610D4F8943ED20613D5042384F87E3ED4F851
S3150802F620940EFFF7B7FE0D2808D1D4F8940E436955
S3150802F6302BB10023C0E90433FFF7ACFE50B1FEE755
S3150802F6409879FFF73FFE00B1FEE794F87E3E042B59
S3150802F650E5D0E1E710BD00BFF02F00200E4B93F86E
S3150802F6607E2E93F87F0E032A1CBF032283F87E2E72
S3150802F670D3F8942E117E69B1127F52070AD5B3F8D0
S3150802F6807C3E03F00C032BB90330C0B2052828BF11
S3150802F690052043E6B4E700BFF02F002037B5234C18
S3150802F6A094F87E3E052B3FD0D4F8945E286804F081
S3150802F6B032FF70B32B7FD8062BD428460DF10701EB
S3150802F6C0DAF7B2FA28BB2B7FD90704D4284694F86E
S3150802F6D0D81EDAF72AFCB4F87C3E9A0619D49DF8A5
S3150802F6E00730082B15D1D4F8940E114B8360037F8B
S3150802F6F0DB0709D4D4F8D45E2946DAF7B5FA2846E0
S3150802F70094F8D81EFEF7C4FC0A49D4F8940EDAF720
S3150802F710BBFC002384F87F3E84F8803E84F8D93EF9
S3150802F72003B0BDE8304099E7FEE700BFF02F00209E
S3150802F730A43E0020763E002038B50546DAF78AFC54
S3150802F74004462846DAF711FCFF2C024601D0FF28A8
S3150802F7500ED1002038BD2B68195B1819C1F3C711E1
S3150802F7601A29F7D01B5D03F07F0302331C44E4B267
S3150802F770A242F0D2EDE74FF000639B6A03F17842AA
S3150802F780B2F5C04F03D21968064A914203D0002344
S3150802F790037083607047012202709A689B6942600F
S3150802F7A0F7E700BF07B0CD5E2DE9F04F9846436BE9
S3150802F7B005460F46144691B0002B00F0B080012191
S3150802F7C04046F6F78DF80028C0F2AB8005F13406FC
S3150802F7D031464046F6F73CF8002880F2A2800AA88D
S3150802F7E0F6F77BFE002201234FF00C09CDE904232C
S3150802F7F0CDE90623CDE90823B9F1010900F08D8088
S3150802F8004FF00C0A05F11C0BBAF1010A00F08580CB
S3150802F810DDE91C2304A92846F7F774F801460028EF
S3150802F82069D1414B0AA9009328465B4604AA03F00C
S3150802F830B5FC014600285ED10AA932463846F6F7D3
S3150802F8402BF90146002856D13846F6F749F800281A
S3150802F850DAD006A92846DDE91A23F6F709FE014693
S3150802F860002848D1034608A928462F4AF7F74AF836
S3150802F870014600283FD1394642462046F6F787F820
S3150802F8800146002837D106A908462246F6F740F867
S3150802F890014680BB06A9084608AAF6F778F8014683
S3150802F8A048BB04A9084608AAF6F771F8014610BB30
S3150802F8B004A908463246F6F7EFF80146D8B904A96C
S3150802F8C032462046F6F72AFB0146A0B921462046CB
S3150802F8D006AAF6F75CF8014668B92146324620467A
S3150802F8E0F6F7DAF8014630B903902046F5F7F8FF3D
S3150802F8F00399002880D00AA80391F7F743FA04A8C7
S3150802F900F5F7C8FD06A8F5F7C5FD08A8F5F7C2FD7F
S3150802F9100399084611B0BDE8F08F0449EBE704499C
S3150802F920F7E70449F5E700BF3189020800B3FFFF8C
S3150802F93080B0FFFF80B3FFFF2DE9F04FAFB0054659
S3150802F94024A88B4691461E4610F039FF804628B1F8
S3150802F9506FF0920420462FB0BDE8F08F2B68102E68
S3150802F96028BF102613F47C1FC3F3054202D0964221
S3150802F97028BF1646594A23F47E13934240F0AB80B9
S3150802F9802822002124A80EF05CFB0023CDE92033AF
S3150802F990CDE922336B6B05F1040A0F2B7CD80023C1
S3150802F9A04F4A58461DA9CDE9242326932C93F4F7EA
S3150802F9B047FA044600287CD11D9924A810F006FFB0
S3150802F9C06F6B24A80F2F8ABF07F00F013946103133
S3150802F9D010F0FCFE584602A9F4F70BFB0446002871
S3150802F9E067D102A924A8F4F741FB584605A9F4F7FA
S3150802F9F017FB044600285CD105A924A8F4F736FBB0
S3150802FA000123384ACDF850A00DF1200C1593169211
S3150802FA1014AA07CA8CE8070007F00F02143542F049
S3150802FA20005217950BAC1893199217AA07CA84E8BD
S3150802FA3007001A951B9347F000531C931AAA0EAB9C
S3150802FA400F2F07CA83E8070043D90A9B614623F0AA
S3150802FA50005324A80A93F4F709FB214624A8F4F7CD
S3150802FA6005FB012320AD1D951E931E4B1DAA1F9350
S3150802FA7011AB07CA83E80700194624A810F0AFFE9F
S3150802FA8024A810F00BFB044698B932462946484684
S3150802FA900EF0F6FCB04612E001225946CDF800A057
S3150802FAA005F1240324A802F031FF044600283FF496
S3150802FAB076AF212C14BF6FF092046FF08604389B40
S3150802FAC024A8C3F8008010F07AFE00283FF442AF5B
S3150802FAD03EE71946C2E76FF088043BE70002C00317
S3150802FAE000000404100000202DE9F04F9FB08A465A
S3150802FAF0984604460092002800F0B78014A810F031
S3150802FB005EFE009A20B16FF092001FB0BDE8F08F3A
S3150802FB102379271D013B042B1BD8DFE803F0030DCD
S3150802FB20222B37001426544904F1100307F1040C5A
S3150802FB3004F1300BB14609E020264FF01C094F4963
S3150802FB4004F1100307F1040C04F1300B40254A4571
S3150802FB5026D2D422002138460EF073FA6FF08900B5
S3150802FB60D3E72026464904F1100307F1040C04F1F1
S3150802FB70300BDFE740264FF03009424904F11803FB
S3150802FB8007F1040C04F1580B8025E0E740263E49AC
S3150802FB90B14604F1180307F1040C04F1580BF3E714
S3150802FBA00CF104020CEBD50E52F8040B002856D1C0
S3150802FBB07245F9D1DCF80020013D1540CDE9141053
S3150802FBC0169029461C9014A80193009210F0FEFD87
S3150802FBD0009A14A8114610F0F9FD019B46F000564A
S3150802FBE01193012345F00055129311AA139602AEFA
S3150802FBF007CA86E80700CDF838B00EAA0F93109503
S3150802FC0005AD07CA85E80700CDF82CA00C9349F084
S3150802FC1000530D930DF120090BAB93E8070089E811
S3150802FC200700314614A8F4F721FA294614A8F4F76E
S3150802FC301DFA494614A810F0D2FD14A810F02EFA9F
S3150802FC400546D422002138460EF0FBF94DB9237831
S3150802FC50032B0DD120232846C8F8003055E70F2577
S3150802FC60EFE7212D7FF44FAF78E76FF086004CE778
S3150802FC706FF0880049E700BF00020303000303038D
S3150802FC800004030300050303000603032DE9F047F6
S3150802FC9017469846354A036805461A40B2F1607F08
S3150802FCA00E46B4B04CD100225FFA83F949F00079C6
S3150802FCB009F17E430A3B012B03923BD900F1DC0C86
S3150802FCC0634604AC00F58E7E2246186859680833E6
S3150802FCD003C273451446F7D18022002160460DF10E
S3150802FCE00C0A0EF0AEF95346802214A9281DFFF716
S3150802FCF0FBFE0446D0B9C023039A009304AB194607
S3150802FD004846CDF804A04032F4F7E2FE044668B944
S3150802FD106D8815F03F0508BF039DAF420DD32A46ED
S3150802FD20304604A90EF0ACFBC8F80050204634B0A1
S3150802FD30BDE8F0876FF08804F8E76FF08904F5E705
S3150802FD402022002104A80EF07CF9294604A8F3F71C
S3150802FD50C7FF04460028E9D13B4632462846CDF875
S3150802FD60008004A9FFF7E8FD0446DFE70000C07F2C
S3150802FD7010F1860F12D010F1850F0ADA10F1930FDF
S3150802FD800FD010F1870F0CBF6FF073004FF0FF30E2
S3150802FD907047003818BF0120404270476FF0710063
S3150802FDA070476FF06F0070472DE9F0431E46002337
S3150802FDB0DFF8A890A1B007930F4690464B464FF43A
S3150802FDC0807207A9F9F7D9FA0446079814B1F9F720
S3150802FDD0BFFA0DE04568D0E908122D0A012D26D092
S3150802FDE01D4B9D4223D04DB1F9F7B2FA6FF0860446
S3150802FDF000232046336021B0BDE8F0831023CDE905
S3150802FE000047CDE90283049608ABFDF785FB10F19E
S3150802FE10860F044616D14C2229460DA80EF011F972
S3150802FE200EA8CDF83090F6F7F4FA0798CFE7102324
S3150802FE30CDE90283002304960093019708ABFDF7E8
S3150802FE406BFB04460798F9F783FA002CD0D10028F1
S3150802FE50D1D00446CCE700BF02008000004440042B
S3150802FE6010B503790446C3F340019B0790B002D547
S3150802FE70002010B010BD3C2201A80EF0E2F821467F
S3150802FE8001A8EDF7A1FD18BB9DF80A30112B0AD07F
S3150802FE903A2B1FD0062B0CD11423282120460BAA55
S3150802FEA0D7F7E1FA04E0282120460BAAEDF747FB2B
S3150802FEB070B907A8EDF7F8FB50B11C4B93F8593007
S3150802FEC0002BD5D09DF80A30062B20D0112B07D04F
S3150802FED00220CEE7282120460BAAEDF730FBE7E7FA
S3150802FEE044F64D41BDF82E2053BA8A429BB2BFD082
S3150802FEF00F4A02F5805191F8D61D01F6E96102EB27
S3150802FF0041020C498A42084606D1002008E0BDF89B
S3150802FF102E305BBA9BB2EBE7048802319C42F1D1E0
S3150802FF20B0FA80F040094000A3E700BFF03F002086
S3150802FF30F01F0020C23D002038B50446E0F78CF9D0
S3150802FF40A04228D00FF016FC012C054602D1214604
S3150802FF50E0F724FCEFF3108072B64FF000710E4AF8
S3150802FF600E4B51664FF48062611E8A401A675A6EBA
S3150802FF70910103D4D3F88420920609D510F0E5FB43
S3150802FF80022C08D12846BDE838400021E0F706BC15
S3150802FF90D3F88420EBE738BD0060005000400050DB
S3150802FFA008B508B90FF0E6FB054B1B7833B1054BCC
S3150802FFB0984203D80120BDE80840BDE70220FAE7C7
S3150802FFC0A84A0020005A620213682DE9F74F8246B2
S3150802FFD00F4615469BBB53688BBBD368003B18BFBD
S3150802FFE001234FF0000B0193DAF8001097F800800E
S3150802FFF09AF8042001EB08060A44B31C9A42C0F098
S3150803000083817378023333449A42C0F07D8111F8B1
S3150803001008305B08012B14D0052B00F08480DAF82E
S315080300200020904498F8013087F801B002339844C9
S31508030030A8EB020887F8008087F802B0D4E7012303
S31508030040CFE7019B002BEAD03046DDF742FE0028B6
S31508030050E5D03046DDF74DFE0028E0D07C7873788E
S31508030060044402333344A21C9342D8D394F801C000
S315080300700CF1020222449342D1D332785208012A60
S3150803008040F0EA802178490802295CD0032900F068
S31508030090B680002959D16B68002B56D04FF0030C54
S315080300A0BB785A1CBA706278B2FBFCF29A424CD9F6
S315080300B00222032010FB0327C5E9021129606D6894
S315080300C0182228460DF0BDFF04EB070829463046DB
S315080300D0EEF7F8FE98F802208C489309C35CC2F33E
S315080300E0401103F00303C2F3001243EA810343EA10
S315080300F042132A7D22F0270213432B75227862F3D3
S31508030100C3032B75E35B824A5BBA6B82E35BB2F884
S315080301105C205BBA9BB29A1A534253412A7D63F316
S3150803012004122A7567E0AB68002B3FF478AF3046B4
S31508030130DDF7E5FD00283FF472AF3046DDF705FE2F
S31508030140023030448AE72B683BB9637887F802B0F4
S31508030150023323441B1A7B7080E7BB785A1CBA7098
S315080301606278B3EB920FF0D201EB83070021C5E95E
S315080301700111E9602D68182228460DF062FF04EB89
S31508030180070829463046EEF79DFEB8F802305F4861
S315080301905BBAC3F38132825CC3F3403102F00302D4
S315080301A042EA8102C3F3003142EAC102C3F3C02122
S315080301B042EA0112C3F3802142EA4112C3F3402102
S315080301C042EA8112C3F3002142EAC1126A74C3F3F5
S315080301D08012C3F3C0135B0043EA8203AA7C22F0AE
S315080301E006021343AB74E35B5BBAAB822278AB7C40
S315080301F062F30003AB74002003B0BDE8F08FD5F8B3
S315080302000C90B9F1000FA0D0BCF1010F9DD9B978B4
S3150803021000299AD1C5E90011A960A178019201F0D4
S315080302200F0189F80010A07899F80110C0F300109F
S3150803023060F3000189F80110207860F3410189F819
S315080302400110304609F10201EEF73CFEE178019A06
S3150803025089F81210BA70CEE7D5F80890B9F1000FED
S315080302603FF473AF22785208062A7FF46EAFB97843
S3150803027000297FF46AAFBCF1010F7FF666AFC5E9C3
S315080302800011E9604FF4017248460DF0DAFEB278C0
S3150803029096F9021002F00F020029B4BFF578F57932
S315080302A089F8002096F90220B4BF06F1040806F17E
S315080302B00808002A25DBD6F80300D6F731FF2A46B5
S315080302C04146C9F8040089F8085009F109000EF0F7
S315080302D0D7F8207899F80611627860F3000189F84F
S315080302E006116188023AD2B249BAA9F8001289F806
S315080302F00721211D09F584700EF0C2F80123BB708E
S3150803030079E74AF6AA70DAE7172075E7E8240408B6
S31508030310F03F002070B5064608460C46EEF72CFE5D
S3150803032030461B49DAF732FE68B100236374A37CAF
S3150803033023F0030343F00303A374154B03CB4023B2
S31508030340206061602374002529463046FEF77CFB4E
S31508030350054600B970BDDDF72FFD0028F4D0EA780D
S31508030360237C9A42F0D9A37C214643F00203A37463
S315080303708378A27CC3F3001363F30002A274837821
S31508030380284603F00F036374EEF79CFDDCE700BF12
S315080303903842002010B50C464FF2BF018A4222D1DB
S315080303A048F2FE02038823F47C53934204D1204681
S315080303B0BDE81040EDF778B90C49DAF7E7FD88B1DF
S315080303C020460A49DAF7E2FD60B92046EDF760F9F7
S315080303D040B92378FF2B05D12046EDF73AF9C31E1A
S315080303E05842584110BD0020FCE700BF38420020A0
S315080303F02DE9F047054688B095F870300DF11008D9
S315080304008946D0E90001174688E8030006AE002BA3
S315080304103ED186E80300314602A8EEF787FD10B9F8
S31508030420BDF80C30BBB9BDF81C30A3B1069B1B78CD
S3150803043003F0E003602B0ED1334605F120020DF1DC
S31508030440070105F13400FDF71BF9044628B12046D8
S3150803045008B0BDE8F0871724F9E795F83A30112B69
S3150803046007D03A2B57D0062B0FD1142205F15C017E
S315080304704DE09DF8073005F15C00002B45D0314669
S31508030480FDF782FA04460028E1D1012385F8703086
S31508030490B5F834A09AFA9AFACAF3851A0AF0380410
S315080304A01F2C3AD8082C3AD0103C18BF012495F8CB
S315080304B03A303A2B35D195F95C30002BA8BF032483
S315080304C00021012332460846ADF818308DF8194045
S315080304D0FEF7ACFC3860002842D04B46424605F18D
S315080304E02001FDF7CBFA04460028B0D1BDF8142045
S315080304F004993868D7F712F904460028A7D1BDF836
S3150803050014103868D6F70DFFA1E7082201463046CE
S31508030510D6F73AFEB6E70822A8E70224C7E7002477
S31508030520C5E7112BCCD144F64D43B5F85E209A4264
S3150803053012D052BA92B205F14C0105F13C00FFF70D
S3150803054029FF0028BCD0BAF10F0F07D0BAF1170F4D
S315080305500CBF00240324B3E70324B1E70124AFE760
S31508030560032474E72DE9F04F4579112A04460E460C
S315080305709146B0F80A809FB001F11007C5F341050B
S3150803058040F0AD804A8C30463946FFF703FF002812
S3150803059000F0A580002D00F0A880032D0CBF0725C9
S315080305A00F256023AD0145F4C0456DBA96F825209D
S315080305B00A93ADF82850C5F3072502F0030325F07F
S315080305C0300545EA031596F8243098FA98F88DF815
S315080305D02950ADF82C808DF82E901BB912F0080F10
S315080305E008BF402330468DF82F30ECF7FCFF002870
S315080305F07FD13378FF2B7CD033460CAD2A46186857
S315080306005968083303C2BB421546F7D110AA924666
S3150803061006F1100306F1200C1546186859680833C5
S3150803062003C563452A46F7D1337CFF2B00F0D580F3
S31508030630282220460DEB0201D7F7E2F905460028E2
S3150803064040F0D980B9F1110FADF850008DF852007A
S3150803065000F0D580B9F13A0F29D14FF002080023EB
S31508030660A18920464144ADF826300DF1260202231E
S3150803067089B2D7F711F84B4652460CA914A8009429
S31508030680FEF7A0FD4FF6FF72A389204608EB030188
S31508030690BDF8503089B293421CBFDB439BB25BBAA9
S315080306A0ADF826300DF126020223D6F7F5FF3846B4
S315080306B0EDF7DAF8002840F0A58096F82530227978
S315080306C0C3F3001363F3451222716289236AB2F5F1
S315080306D0A06F00F2BE809C4200F0BE80FEE735B1F3
S315080306E0A91E4D424D416D015BE7172559E70825BC
S315080306F057E73846ECF7ADFF4FF0000A0490394642
S315080307005948F0F7D1F95546584B0590D3F834B7FD
S31508030710BBF1000F03D1002D53D114256BE05946C5
S315080307205148F0F7D7F928BB802259463846D6F7F9
S3150803073087FC9BF810305FFA80F8434503931CD86F
S315080307405846ECF79EFF0246DDF80C8039465846B4
S315080307500792D6F76BFB98BBA5B15846ECF791FF02
S3150803076006902846ECF78DFF0699079A814206D22A
S31508030770914207D2DBF814B0CAE7049AE6E70BD925
S315080307809042F7D2039B434503D85846ECF779FFC3
S315080307900490C2465D46EDE79BF81210AA7C4A40D0
S315080307A0D20702D5CB07EDD4E4E7C245EAD3E1D1B4
S315080307B059462D48F0F778F9059B8342DAD1E1E7E4
S315080307C05D460CAA05F1100C1346286869680835B6
S315080307D003C365451A46F7D118E73846ECF739FFD8
S315080307E003287FF425AF20460AA9FCF733FE0546FE
S315080307F000283FF41DAF28461FB0BDE8F08F4FF021
S3150803080006082CE760231493BDF82C3016AF5BBAA1
S3150803081028335BBAADF85430154B0FCB87E80F0076
S31508030820144B1EAF0FCB07E90F0044F229032046EA
S3150803083014A9ADF85630FCF70DFE08B10546DAE7FC
S315080308402822204614A9D7F7DBF800283FF435AF4A
S31508030850F4E79C4200D0FEE721460748D7F7FBF9A1
S315080308600648D7F7C9FCC6E748400020F02F002002
S31508030870704200207C29040864360020783600205C
S31508030880F7B50D46114605F108066A461C46089F44
S31508030890EEF723FB31466846DAF778FB30B10020DA
S315080308A0238843F03003238003B0F0BD3046ECF7CA
S315080308B06EFE238848B143F020032380E98938462E
S315080308C049BA89B2D6F752FCEEE743F01003082279
S315080308D0314638462380D6F736FCE5E7F7B50D46A5
S315080308E0114605F108066A461C46089FEEF7F5FA0F
S315080308F031466846DAF74AFB30B10020238843F0CD
S315080309000303238003B0F0BD3046ECF740FE23888B
S3150803091048B143F002032380E989384649BA89B2C4
S31508030920D6F724FCEEE743F001030822314638469E
S315080309302380D6F708FCE5E7FF232DE9F04F0746A2
S3150803094088461546A5B003932B68384605936B6806
S315080309501AAA0793BB8902934FF4C0430299ADF8C9
S315080309602A302823D6F77FFD0446002840F02D8336
S315080309701CA80BA9FFF7CEFC9DF83E30D80702D476
S315080309800BA8EEF7F9FA10A920A8FFF7C3FC9DF800
S315080309905230D90702D410A8EEF7EEFAAB884FF413
S315080309A0C04128460693D6F7E1FB064604460028C7
S315080309B040F00B839DF83D209DF8513052EA030120
S315080309C033D19DF868A09DF869209DF86A909DF833
S315080309D06B104FEA8A0A0AF03C0A93004AEA921A0B
S315080309E049EA010902F00F0252EA090903F0C003B2
S315080309F030D0BAF1000F40F09E80BDF82A101A4392
S31508030A0041F40061ADF82A10284615A98DF854203B
S31508030A10D6F7B8FB8146002840F0D682022228463C
S31508030A200DF16A01D6F78FFB80E04FF4C14143EA23
S31508030A300213ADF82A10284615A98DF85430D6F7AF
S31508030A40A1FB04460028BCD07B89029A934280F016
S31508030A50BE82FEE75AEA0303BDF82A205CD142F4B4
S31508030A60C052ADF82A209DF86E30112B03D0292BDE
S31508030A7001D0002B7CD1039A012A79D0BDF82A30FC
S31508030A8043F48063ADF82A309DF86F30402B79D054
S31508030A90FF2B7CD0012B7FD1BDF82A3043F480731A
S31508030AA0ADF82A301CA8ECF79EFD00287FD0BDF8C8
S31508030AB02A3043F04003ADF82A309DF88030FF2BE7
S31508030AC040F09481BDF82A400DF1810244F00803F1
S31508030AD0ADF82A309146022312F8011F002900F0C7
S31508030AE0EC809DF881200DF1540A022A40F0868095
S31508030AF00F2B40F083809DF88F3044F00B0451464A
S31508030B002846ADF82A408DF85430D6F73BFB044601
S31508030B10002800F0D68097E742F48052284615A9A4
S31508030B20ADF82A208DF85430D6F72CFB0446002856
S31508030B3099D04E4688E74AEA0303284615A98DF84D
S31508030B405430D6F71FFB044600287FF47DAF9DF883
S31508030B506930284603F00F0315A98DF85430D6F7E4
S31508030B6011FB814600283FF459AF264604466BE736
S31508030B70284615A98DF85430D6F704FB04460028F1
S31508030B8082D061E7BDF82A3043F4007388E7BDF8DD
S31508030B902A3043F4407383E7284615A98DF8543061
S31508030BA0D6F7F0FA044600283FF47CAF4CE748F240
S31508030BB0FE02BDF8703023F47C539BB293420CD1EA
S31508030BC0404600950DF12A030BAA1CA9FFF758FE08
S31508030BD0044600283FF471AF36E79DF83E309A077E
S31508030BE006D5BDF82A3043F04003ADF82A30E7E7C7
S31508030BF0102228461CA9D6F7A6FAE9E70C2B18D91A
S31508030C0044F00A0451462846ADF82A408DF8542084
S31508030C10D6F7B8FA044600287FF416AF03220DF177
S31508030C208D012846D6F78FFA00284AD02646044669
S31508030C300AE70A2B11D944F0090451462846ADF8A8
S31508030C402A408DF85420D6F79DFA044600287FF4E7
S31508030C50FBAE05220DF18B01E3E75046EEF78CF95F
S31508030C60B94B93E8030040238AE80300ADF86430E0
S31508030C709DF8663023F0030343F003038DF86630CB
S31508030C809DF88330402B40F0CF800822504621A997
S31508030C900EF0CDFB002840F0C78044F00C04022276
S31508030CA049462846ADF82A40D6F74DFA04460028A1
S31508030CB07FF4CAAE042223A9B3E70133102B7FF4CA
S31508030CC00BAF012628213846D6F72BFB9DF86E90E5
S31508030CD0039B9E4280F01181B9F1110F00F0C78082
S31508030CE0B9F1290F00F05C81B9F1000F40F00581D5
S31508030CF0BB89384604930499022309AAD6F7B3FB9A
S31508030D000446002840F0A98002213846D6F709FB95
S31508030D109DF82490B9F1110F00F08C80B9F1290FD1
S31508030D2000F08880E023284615A98DF85430D6F7B5
S31508030D3029FA0446002840F090804B46284615A910
S31508030D408DF85430D6F71EFA0446002840F08580FD
S31508030D509DF82530DB0003F1060BBBF1FF0F7BD8AB
S31508030D60BA89ADF85420D24392B25A4528BF5A4697
S31508030D70ADF85620BDF856A0BAF1000F5CD15CB1A8
S31508030D809DF82820012A07D80AA8ECF73AFE8246D6
S31508030D90ABEB00031FFA83FBBA8979895A44524499
S31508030DA08A4260DC284615A98DF854B0D6F7EAF9C5
S31508030DB00446002851D1AA88E8880BEB020484422A
S31508030DC0B98952D828685B4602443846D6F74BFB9E
S31508030DD00446002841D1AA8838465A44AA800BEB10
S31508030DE00A010136D6F79DFAF6B271E748F2FE0212
S31508030DF0BDF8803023F47C539BB2934209D1009506
S31508030E000DF12A0310AA20A908F10A00FFF766FDC7
S31508030E107DE69DF852309B0706D5BDF82A3043F088
S31508030E200403ADF82A30EAE71022284620A9D6F7A4
S31508030E308AF96CE6E12381E7394615AA0AA8ECF78D
S31508030E40E7FD044648B90AA8ECF7DBFD014615A8F1
S31508030E50D6F722FF01248DE701247B89049A93425E
S31508030E60BFF4F2ADFEE70624F7E70324F5E7B7F880
S31508030E700CB03846594615AAECF761FB0446002818
S31508030E8079D14FF2B001BDF854A0BDF856909AFA3D
S31508030E909AFA1FFA8AFA2AF00F0399FA99F98B42F2
S31508030EA01FFA89F99AB233D129F00F03934234D141
S31508030EB0F32328460AA98DF82830D6F763F904469A
S31508030EC0002858D109F00F0949EA0A1928460AA938
S31508030ED08DF82890D6F756F9044600284BD1BDF865
S31508030EE05A10284649BA89B2D6F740F90446002863
S31508030EF041D108213846D6F714FA0024BDF82A301A
S31508030F002A6806995BBA5352204625B0BDE8F08F86
S31508030F100AF47F43B3F5704F18D1F22328460AA97A
S31508030F208DF82830D6F72EF9044620BB28460AA999
S31508030F308DF828A0D6F726F90446E0B94946284687
S31508030F40D6F714F9C8E700BF3842002009F47F43EF
S31508030F50B3F5704F14D1F12328460AA98DF8283022
S31508030F60D6F710F9044630B951462846D6F7FEF89F
S31508030F7004460028AAD07B895B45BFF465ADFEE726
S31508030F80F02328460AA98DF82830D6F7FBF8044635
S31508030F900028F0D10422284615A9D6F7D4F89BE7EA
S31508030FA0EE23284615A98DF85430D6F7EBF80446F0
S31508030FB000287FF449AD2A4641463846FFF7BCFC6C
S31508030FC00446002899D03FE5044600263CE5029BE3
S31508030FD0BB81059B2B60079B6B60002E94D0039601
S31508030FE0B2E47F2300222DE9F04F864D95B0D5F85C
S31508030FF00C4FE376237FA28023F01F0343F00403F9
S31508031000237795F8483ED80740F1C18195F8493EBC
S31508031010013B062B08D8DFE813F008000700620037
S31508031020FF0091000700C502FEE74FF6FF70FDF7C4
S315080310300BFC0BA8D5F80C4F03F088F801238DF8A1
S3150803104042308DF8493007234FF6FF7200268DF894
S315080310504C30032321460BA88DF83860ADF83A20A7
S31508031060ADF846200B93D8F733FE002C00F08F819A
S31508031070314695F8583EA371A3762046D8F73AFD2C
S315080310800423237695F8603E6376237FD90600F119
S31508031090B482206803F03FFA002800F0AE822046A7
S315080310A006A9D8F7C1FD9DF81830082B00F0A582CC
S315080310B0102B00F07982002B40F0A782524BA360D5
S315080310C0237FDA0709D42046D5F8381ED8F7CCFD8E
S315080310D0D5F8383E0133C5F8383E4C4987E20BA8A4
S315080310E003F034F8D5F8860ED5F88A1E0CAB03C37D
S315080310F002238DF83830B5F8503E0026ADF8443053
S31508031100012321460BA88DF848308DF842600B96CB
S31508031110D8F7DEFD2046D8F77EFF4FF0FF3303707E
S315080311200F2386704370C67095F8533EA371A37652
S3150803113095F84C1E4B1C85F84C3E9EE795F8533E96
S31508031140334FA371A3760423237695F8603E0BA841
S31508031150637602F0FBFF97F8AA2107F1800602F0EF
S315080311600F0207F5C677072A08BF3E463046D8F763
S315080311704AFB002800F00B814FF6FE73B5F8822E62
S315080311809A4201D0BE4233D103CE0223CDF83A00A8
S31508031190CDF83E10D5F8860ED5F88A1E0CAA8DF81A
S315080311A0423003C28DF83830B5F8503E2046ADF8C4
S315080311B04430ADF846300323ADF82C30154B0022E6
S315080311C0129304230BA98DF84C30FDF79BFB20469D
S315080311D0D8F74DFF18B10022D5F80C3F5A7695F883
S315080311E04D1E20464B1C85F84D3ED8F783FC4CE72D
S315080311F0B38BADF83020ADF83A3001238DF8423081
S31508031200D0E700BFF02F0020183E0020763E0020CE
S31508031210F03F00200101050895F8533EC24FA3711C
S31508031220A3760423237695F8603E63763A7A910784
S3150803123040F1AD80D5F8EC3F002B00F0A88042F0D2
S3150803124008023A725A79520940F0A8819A7902F04B
S315080312500F02012A08D1DA79102A00F0908095F84E
S31508031260682ED20700F1B7803B7A0BA803F0010377
S315080312700093BB88D5F8EC6FB7F806A001934FF037
S31508031280000B02F063FF222200210BA80CF0D9FE03
S3150803129033799F0710D505238DF84A30B37903F0C0
S315080312A00F03032B08D0012B03D1F3790F2B00F07F
S315080312B0978008238DF84B30B5F8503EADF8443087
S315080312C0ADF8463040F20113ADF84830B379C3F3AD
S315080312D0030203F00F03012B09D1F3790F2B00F057
S315080312E08180103B012B02D8738AADF846304FF044
S315080312F001090CAF05F57F6CBCE80F00ADF82C901F
S315080313000FC7DCF8003032463B600BA92046FDF7D1
S31508031310F9FA2046D8F77FFE80462046D8F785FE99
S3150803132007462046D8F712FE3B189BB2C3F17F0740
S31508031330CDF81080B6F80C80BFB2ADF814B0ADF88E
S31508031340167005F57F6CB8F1000F40F0EF80C3F116
S315080313507B03ADF81630009B002B50D0019B8DF80C
S315080313602090ADF81830ADF822A08DF82A903046B3
S3150803137004AA06A9FFF7E0FA00284BD0FEE797F878
S31508031380E432012B0CD013F0FD0F7FF46DAF00216F
S315080313900B22D5F80C0F818015B0BDE8F04FDBE1C1
S315080313A097F8EC32A7F5D670A371A37697F8EC6293
S315080313B03146D8F707FA00283FF456AF95F8483E62
S315080313C0A7F5DC7043F0200385F8483E85F8536E8D
S315080313D0D8F7ABFA48E71A7942F002021A7143E7DB
S315080313E0102367E7337AA376A37195F8523EA3765B
S315080313F04FF6FF738DF84920ADF8463077E70DF1C0
S31508031400180EBCE80F00AEE80F00DCF80030CEF883
S315080314100030ACE77389B6F80C90BDF81420A3EB3B
S315080314200909B91A1FFA89F989B28945ADF81670F7
S3150803143028D931798807C1F3400C04D4B07900F070
S315080314400F0001285CD0716900295FD0C3F30A0332
S315080314506FEA83436FEA9343B18A5BBAADF80C30FC
S315080314604BBAADF80E30131DBB425CD8049F394600
S31508031470381D0CF08AFF039B3B60BDF81430043318
S31508031480ADF81430BDF81610BDF814208B1A9BB2AC
S315080314904B453CBF23F007031FFA83F909EB020305
S315080314A08B4264D804994B460A443046B189D5F72A
S315080314B0DAFF00285BD1BDF8147020464F44BFB24B
S315080314C0ADF81470D8F7B1FD82462046D8F73EFD2D
S315080314D0B3898244994473891FFA89F957444B455A
S315080314E0A78009D92768384602F0FAFF40F01000AA
S315080314F080B23870000A78707389434538D2FEE79C
S3150803150041F00201A6F80CC03171BCE6B5F8C41F58
S3150803151011B90121A5F8C41FB5F8C41F481CA5F8BD
S31508031520C40F716192E7FEE7F03F00207389B28A20
S31508031530C3F30A036FEAC3436FEAD3435BBAADF84F
S31508031540183053BAADF81A3005224FEAD80306A95C
S3150803155004A88DF81C30D5F7F6FD00B1FEE7B6F8FA
S315080315600A90B389A9EB03091FFA89F98AE7FEE703
S31508031570D5F8EC3FA6F80C80A5F8E89F9A7902F00F
S315080315800F02012A05D1DA790B2A02D11A799007B3
S3150803159004D4237F6FF34103237720E65B89A5F8F9
S315080315A0E83FF4E62283F2E64FF0FF330B93174B3B
S315080315B02046A360D5F8AC1F0131C5F8AC1FD8F790
S315080315C053FB2046D8F711FBFF28064600D1FEE752
S315080315D027680536385CD8F760FB0BA90246B819A5
S315080315E00CF04EFFFF212046D8F79FFC0849237FBE
S315080315F01B0702D42046D8F747FD002385F84E3E3D
S3150803160015B0BDE8F04FFEF749B8FEE7A43F002042
S315080316108843040810B5FBF781FE10B9BDE81040EE
S31508031620DFE4084CB4F8500EFDF70EF90020D4F8A1
S31508031630703E84F8490E13B1D4F8741E9847BDE872
S31508031640104001E0F02F002010B53F4C94F8493EB6
S31508031650002B77D194F8483E13F0010307D1A4F879
S315080316604A3E04F61870BDE81040D6F75ABFB4F8D8
S315080316704A3E5A0603D5062384F8493E2EE0180641
S3150803168008D5D5F783FCD4F8643EC01A002801DBD5
S315080316900723F1E7B4F84A3E990701D50123EBE797
S315080316A05A0701D50223E7E7180701D50323E3E71A
S315080316B09906C3F3001202D482B10423DCE72AB3E2
S315080316C094F8483E9B0721D4B4F8483E03F0FD033B
S315080316D043F4806343F00203A4F8483E94F8493E72
S315080316E0B3B101229A40B4F84A3E184823EA0203E2
S315080316F0A4F84A3ED6F715FF94F8493E072B21D896
S31508031700DFE803F0060B0E12121215120523B3E7D0
S315080317100F48BDE81040D8F708B9BDE8104079E787
S31508031720BDE8104000F00FBDBDE8104059E494F839
S31508031730531E084802F0ECFCBDE810406421034838
S31508031740D6F77BBE10BD00BFF02F0020083F002050
S31508031750383E00206C3E00202DE9F04704468CB045
S3150803176000680F46154602F0C6FEA3888046002B7E
S3150803177000F0DD80002603A920468DF81460D8F70B
S31508031780A9FD9DF81410BDF80C0002F0D5FC70B144
S31508031790AF4A92F84E3E0133DBB282F84E3E23B986
S315080317A0FDF77CFF0CB0BDE8F08782F84E6EB8F102
S315080317B0000F00F0BC80002F00F0B980002D40F028
S315080317C0B68003A8FDF786F83E68814630468DF84D
S315080317D020508DF82C5002F09EFE002879D0304612
S315080317E002F08FFE002800F0A1803846D8F7F5FBF3
S315080317F0002840F09B80384601A9D8F705FA9DF8DA
S315080318000430052B40F0928038460DF10701D8F7CE
S315080318100BFA9DF80730082B40F088800DF1050177
S315080318202046D8F76EFB38460DF10601D8F769FB53
S315080318309DF806A09DF80530534577D102A9384689
S31508031840D8F702FA384606A9D8F76CFD9DF8203072
S31508031850002B60D006A8FDF73DF89DF82030064614
S31508031860022B61D0002861D00068716806AB03C3F8
S3150803187002238DF82030764A0AF1FF33D2F8DC1DAD
S31508031880DBB201F07F0083428DF806305ED0481E36
S3150803189000F07F0083425CD0013101F07F018B4267
S315080318A044D102F6C462B37F03F00F03072B03D1B7
S315080318B07169029B994239D8384606A9D8F752FC6A
S315080318C0A0BBB37F03F00F03072B02D1029B01339F
S315080318D07361B9F1000F2AD039464846FCF748FE2A
S315080318E03846D8F7B7FB06463846D8F73EFBFF2EE9
S315080318F005D0FF2803D0DFF86CC1B0422CD2544B75
S3150803190093F8483E590712D42046D8F7B0FB70B16E
S31508031910FCF780FF0BE0204609A9D8F7DBFC9DF806
S315080319202C301BB109A896E70028A4D10E25484EEA
S3150803193096F8493E013B062B2BD8DFE813F02B001C
S315080319402A003800DF0044002A007D0102F6B4624B
S31508031950A9E702F6A462A6E73B689A5B9919C2F35C
S31508031960C7129B5D7AB90A7991F803E0120442EA31
S315080319700E2291F802E042EA0E02624503D14A7941
S31508031980002A00F0BF8103F07F0302333344DEB23B
S31508031990B3E7FEE7D6F8483FB6F85A1E2D48013393
S315080319A0C6F8483F0CB0BDE8F047D6F746BDD6F8AB
S315080319B0443F0133C6F8443F002386F8493E0CB03A
S315080319C0BDE8F04740E6A3881BB1B8F1000F00D184
S315080319D0FEE76DB967B196F8483EDA0708D5386861
S315080319E002F07EFDC30603D506211B48D7F7E0FFA1
S315080319F0D6F8403F0133C6F8403F002386F8493EF0
S31508031A00164E8DF82C3096F85030DF07D7D5A388B5
S31508031A104BB109A92046D8F75DFC01232946204680
S31508031A2009AAFCF7A7FF0E4F96F8AA2107F58673AE
S31508031A3002F00F02072A18BF3B469B7F180713D1EC
S31508031A40FCF788FEA7F12800EEF7FEF8B7E700BF14
S31508031A50F02F0020083F0020383E0020F03F0020EA
S31508031A60704000209BB8EA0005F0FB030B2B26D039
S31508031A7065BB96F8513096F850200F2BC2F38002B7
S31508031A800AD8002A9BD0B6F8503023F4706323F0A3
S31508031A900403A6F850300DE0F03386F85130DBB274
S31508031AA00F2BEED896F8433065F3870386F8433051
S31508031AB0002AE8D101219048D7F7ADFE7FE796F8CB
S31508031AC0503043F0040386F85030F3E796F8513064
S31508031AD020465D1C05F00F0565F3030386F85130B0
S31508031AE0D8F7C5FA00280CBF04230F239D42CADA88
S31508031AF096F8503059073FF562AFE2E7D6F83C3F10
S31508031B000133C6F83C3F6DB1D6F8543F0133C6F8E6
S31508031B10543F002386F8493E4FF44843EB40DA071F
S31508031B2002D4FEE786F8495E4FF00009DFF8D08154
S31508031B308DF82C9098F8083069F3C30388F80830B1
S31508031B409B0727D5A28852B109A92046D8F7C2FB15
S31508031B5009AA4B4629462046FCF70CFF0246D6F847
S31508031B60EC1FA1B10B79D80700D4FEE73DB16FF39B
S31508031B70C3030B71D6F8EC3F5B89A6F8E83FD6F8A2
S31508031B80EC0FB6F8E83F4189994228D983815B4827
S31508031B90D6F732FB98F85030DA077FF510AF98F886
S31508031BA09E301B073FF40BAFB8F8A030022B7FF625
S31508031BB006AF206802F0AFFC00283FF400AF237F8E
S31508031BC09E0704D52046D8F752FA0446F0B9002DE5
S31508031BD07FF4F5AE002F3FF4F2AE2C461CE06AB153
S31508031BE00179138D11F0080F4FF6FF7118BF002105
S31508031BF0C3EBC31340330B44DB0913852946FDF7AF
S31508031C004FF8D6F8EC0F01F049FFC0E715B101F01C
S31508031C1067FFD4E6002FFAD098F850306FF3C6035F
S31508031C2088F85030386802F05BFCC006EFD4FCF73E
S31508031C30F1FD002CEBD1C2E6D6F83C3F304F013319
S31508031C40C6F83C3F002386F8493EFE6A3B63A6B1C5
S31508031C500E2DFB6214D00F2D24D015B10B2D21D0D8
S31508031C60FEE796F8483065F3060386F8483096F893
S31508031C70463065F3040386F846300023FB629EE686
S31508031C80206802F048FC10B1237FD90714D596F8CB
S31508031C9048305A1C02F07F0262F30603032A86F8C9
S31508031CA048300AD8A388002BE7D02568284602F0CF
S31508031CB017FCC20505D5FEE7FEE7002386F848307C
S31508031CC0F0E7AB78284686F8453002F024FC00286E
S31508031CD0D3D0237FDB07D0D509A92046D7F7B4FF8E
S31508031CE0099B2046336406A9D8F70BF99DF81830E3
S31508031CF086F84430C1E700BF28400020FC3F002097
S31508031D00F03F002003F07F03043BDBB2022B3FF6D0
S31508031D10F6ADDFF88CC0DCF85C65002E3FF4EFAD5A
S31508031D2099F8300010F0020F8DF8240004D073B32D
S31508031D308A798DF82C20012210F0040F01F106018F
S31508031D4011D093420FD94FF0FF0A02F1010E8A5CB4
S31508031D5002EB821252007F3292B2B2FBFAF28DF88C
S31508031D602D205FFA8EF2000711D593420FD9895CAD
S31508031D7082237F2213FB0123FF22B3FBF2F36FF0C7
S31508031D807F02823B9342B8BF13468DF82E304946ED
S31508031D90DCF86035B9F81C0009AAB047AFE500BFFF
S31508031DA0F03F00202DE9F0431646054685B0AB48BB
S31508031DB00F46D7F71BF80E2E07D00F2E00F0898093
S31508031DC01EB10B2E00F0B080FEE72B7FC3F3800411
S31508031DD05B0743D4002F40F09B80FCF7C9F8A04B60
S31508031DE0B3F87C3E9C0608D5286802F094FB20B11C
S31508031DF02C7F14F0010440F0BD800022984B83F831
S31508031E007F2E002E40F0A0804FF00008286802F0CD
S31508031E1072FB00238DF80C30AB888146904C002B5F
S31508031E2000F06F81284601A9D8F754FA01A8FCF7F0
S31508031E3051FD002800F01681B9F1000F40F0DE804D
S31508031E40002E40F01181D4F8243F0133C4F8243F0F
S31508031E50D4F8383F0133C4F8383F46E1AA79804BB2
S31508031E6093F8521E914207D093F8681EC9071ED5E8
S31508031E7093F8691E91421AD1B3F8B22F4FF6FF7041
S31508031E80B2F5007F3CBF0132A3F8B22F002C18BF6E
S31508031E900020B3F8B21FB3F8B0EF01F1FF3C4A08CC
S31508031EA00EFB0C220244B2FBF1F2A3F8B02F87BB58
S31508031EB0FCF75EF86A4BB3F87C3E9A0606D52868A3
S31508031EC002F029FB10B12B7FD80753D4002C60D01E
S31508031ED093E72B7FDFF8888113F0040FC3F380049D
S31508031EE00ED1B7B9FCF744F8B8F87C3E980648D43F
S31508031EF0D8F8943E1B7F5C0752D488F87F7E23E08C
S31508031F00D8F85C3FAA7901330024C8F85C3FA6E7F2
S31508031F1001242846D8F7ABF80028C9D0E9F7DFFA31
S31508031F204F4BC3F8F80EC3E7DFF83481B8F87C3EA5
S31508031F3013F0200302D188F87F3E05E0286802F0F3
S31508031F40EAFA88B988F87F0E454BB3F87C2E520710
S31508031F503FF55AAF93F8808E6B7E98452CBF4FF0AA
S31508031F6000084FF0010851E72C7FC4F3000314F06F
S31508031F700104E0D028460DF10201D7F755FE28B330
S31508031F80FEE7286802F0C7FA0028B1D02B7FDB07E3
S31508031F90F0D4334BD3F8943E1B7F59077FF52DAF07
S31508031FA02F4AB2F87C3E03F00C03002B7FF425AFCF
S31508031FB092F87F3E297E99427FF61FAF013382F856
S31508031FC07F3E05B0BDE8F043FDF748BB9DF80230F8
S31508031FD0082B7FF47BAF284601A9D7F735FE00B156
S31508031FE0FEE728460DF10301D7F78BFF00B1FEE79D
S31508031FF09DF803100198FCF74BF867E7B6B10E2E68
S3150803200032D1C38CC3EBC31303F580333F33DB09E8
S31508032010C384B8F1000F2AD1D4F8243F0133C4F896
S31508032020243FB9F1000F3FF413AF0AE0C38CC3EBA7
S31508032030C3134033DB09C384D4F8243F0133C4F8FC
S31508032040243FD4F8303F0133C4F8303F002E4CD137
S31508032050D4F8343F0133C4F8343F46E0CC3E00207D
S31508032060F02F0020002ED7D0B8F1000F27D0D4F8D0
S31508032070503F0133C4F8503F94F8803E0E2E03F1C7
S31508032080010384F8803E2B7F43F002032B7798D114
S3150803209094F87E3E94F8D90E062B1CBF062384F8C3
S315080320A07E3EFDF73BF994F8D93E0133DBB2052BA7
S315080320B028BF052384F8D93E05B0BDE8F083D4F8D4
S315080320C0243F0B2E03F10103C4F8243F2CD1D4F883
S315080320D0603F0133C4F8603FB9F1000F3FF4B8AE6F
S315080320E0D4F8303F0133C4F8303F9DF80C10BDF8DF
S315080320F0040002F021F800B3D4F82C3F0133C4F8E6
S315080321002C3FB8F1000FB7D194F87E3E3246022B26
S3150803211018BF02233946284618BF84F87E3E05B001
S31508032120BDE8F043FFF718BB0F2E7FF47AAFD4F858
S31508032130643F0133C4F8643FCEE7D4F8283F01333C
S31508032140C4F8283FDDE72DE9F047FBF7E7F8464CE7
S3150803215098B9B4F85A3E94F8581EDBB904F67C6568
S3150803216094F8581E284601F0D3FFFBF727FFFBF721
S315080321705DFFFBF7D3F80028F2D00020D4F8703EB1
S3150803218084F8490E13B1D4F8741E9847BDE8F0478E
S31508032190FFF75ABA94F8483E5A0703D404F67C6004
S315080321A001F0B6FF94F87E3E94F8586EB4F85A5E7A
S315080321B0002BE2D0033B032BDFD9B4F87C3E9B0705
S315080321C039D5DFF8A890D9F80080B8F1000F2ED1D9
S315080321D01820FBF797F84FF0800A868201264FF4FA
S315080321E07A77C0F80080867180F804A080F80580A5
S315080321F0C0F808806F430546E7F78EFCB7EBC00FB8
S315080322004FEAC00328BFB7FBF3F6284685F810A0A4
S31508032210EE60E7F709FD50B9C9F8005094F87E3E19
S31508032220052B02D0052384F87E3EBDE8F0870F48C8
S31508032230E7F75CFCF2E73046FDF744F800B1FEE742
S3150803224094F87E3E052B1CBF052384F87E3E7F2328
S3150803225084F88F3ED4F79AFE2844C4F8900E0020DB
S31508032260BDE8F047FBF76AB8F02F0020B81B00203B
S315080322702DE9F041014604463348D8F787FE00287E
S315080322805FD120686168304D304F03C5D7F83447AE
S31508032290A5F51476A5F61C3524BB2D4DD7F8384776
S315080322A005F11408A5F66437A4BB06F51A7206F5F4
S315080322B0127393E8030082E80300264A06F52C7492
S315080322C082E8030006F5277282E80300402284E8C1
S315080322D0030086F89B2286F8AF221020BDE8F0415A
S315080322E0FCF738B9E37CDB0712D5224600212846DA
S315080322F0EBF7BBFBE37C22466FF34103E37406F576
S31508032300127303CB2060616028460121EBF7ADFB0E
S315080323106469C1E7AC4201D0444510D12246002185
S315080323203846FCF757F906F5127303CB402360606A
S31508032330A160224601213846E370FCF74BF924696C
S31508032340B2E7BDE8F08100BF38420020F02F002035
S3150803235088420020704200202DE9F04385B00746E5
S31508032360D8F744FF054640B93C46464E06F63C6850
S3150803237097F8FE303B449C4203D3284605B0BDE894
S31508032380F08323780C2B1CD8DFE803F00720272CCF
S315080323901B3B1B401B1B1B1B4400B4F803903A480A
S315080323A099FA99F95FFA89F94946D8F76CF905460E
S315080323B038B1D4F769FE4A46034634493448FCF72C
S315080323C041F82046D6F71CFD0444D1E761882E4818
S315080323D049BA89B2D7F794FAF3E72E48A11CD8F776
S315080323E0DDFDEEE76378A21C102B28BF102302A994
S315080323F0294802928DF80C30D9F7C1F8FCF752F93F
S31508032400DFE72648A11CEEF75EF9DAE7A01CFFF71B
S315080324102FFFD6E72046D8F73AFE029080B2012866
S315080324209CBF0223ADF80830BDF80830B6F83C2E39
S315080324309A4206D05D2253436422B3FBF2F3A6F80D
S31508032440123E0422404602A90CF0F1FF88B94FF464
S315080324508010FCF71FF9B6F8102EB6F83C3E9A42E0
S31508032460AFD3D6F8DC1D02220C480131ECF7BEFBCC
S31508032470A7E7029B4FF48010C6F83C3EFCF76AF8C0
S31508032480E9E700BFF02F0020383E00200644040881
S315080324907D440408983D0020A03D0020C83D002047
S315080324A073B50223154601AA0446F2F7DAFE18B9EC
S315080324B0019B1BB96FF0630002B070BD226892F9E5
S315080324C00020002AF6DB06462268117839B106B1E0
S315080324D00193042BEED809D10B06EBD406E001329F
S315080324E0013B4FF001062260EED1019300232B60D6
S315080324F0019B013BE0D322682E6812F8011B41EACF
S31508032500062129602260F4E713F07E0F2DE9F047D0
S315080325100C4615460CBF4FF0010A4FF0000A074652
S315080325205246294620461E46C3F34508F2F76AFF74
S3150803253048BB04F108095246484605F10801F2F773
S3150803254061FF00BB08F1FF33D3F1000848EB03082A
S315080325504246204605F11801F2F754FF98B9424658
S31508032560484605F12001F2F74DFF60B92146384682
S31508032570F209F4F7E6F830B904F110000121BDE8D1
S31508032580F047F3F75FB8BDE8F087F0B513460E4694
S315080325900122002185B0CDE902120091021D0546EC
S315080325A0022102A8F3F70FFC044648BB06F1100202
S315080325B01146284602ABF4F731F8044600BB06F188
S315080325C008073A463946284602ABF4F727F804467D
S315080325D0B0B902AB1A4619462846F4F71FF804465B
S315080325E070B932463146284602ABF4F717F8044663
S315080325F030B93A463946284602ABF4F70FF804468B
S3150803260002A8F2F747FF034814F10E0F18BF204636
S3150803261005B0F0BD00B3FFFFF0B5064615461F46E5
S315080326200C469DB0002959D0002A57D020220021F4
S3150803263002A80BF006FD21462A46304602ABF1F7FF
S31508032640DEF90446E0B90AAD02AE0FCE0FC596E829
S315080326500F0085E80F007B1C0E9340230C9A01A9F3
S3150803266022F0807222F4804242F400520AA80D94A2
S315080326700F930C920194F1F755FB20B16FF0920476
S3150803268020461DB0F0BD019D0135412D019528D881
S315080326902822214612A80BF0D4FC12A80EF08FF8B4
S315080326A00028EBD10AAA02A912A8F2F7ADFC012861
S315080326B011D058B1482814BF6FF092046FF08504FF
S315080326C012A80EF07CF80028DAD0D7E704233B706B
S315080326D0229B1D60F4E76FF08B04F1E76FF0860425
S315080326E0CEE76FF08904CBE7F8B5044645180735F6
S315080326F049420D40A5F108063046DFF77BF8A08866
S31508032700331B618800EBE30080B2A1EBE30125F8F4
S31508032710040C25F8061CA188DA10D1B1A4EBC10173
S315080327204F88C880D0194880E188C9B18A1A92B2FD
S3150803273004EBC10125F8022C8A80A2889AB91149AB
S315080327408A681344CA688B60934200D9CB603046C3
S31508032750F8BD15F8081C41F0020105F8081CE3E763
S3150803276025F8021CE9E7A4EBC2042278D207EED5C2
S31508032770044A91680B44D16893608B4288BFD3603F
S31508032780E5E700BF90490020036B826B2DE9F04112
S315080327909A4288BF8363426C436A076892B002FB16
S315080327A00377C36B0E46052203A95B6904463846BD
S315080327B0984703A8DBF77FFF01280146307070D0DE
S315080327C0656CE26B2368606AD2F814C005FB0030B7
S315080327D0052208A9E04708A8DBF76DFF01284FF093
S315080327E000053CD0D4E90A3201219342CDE90D45CF
S315080327F08DF83C5010958DF8441043D11946204660
S31508032800DBF79DFF236B626C14339B1AE062236329
S315080328100E9B1BBB9DF8443003B3636A626C256841
S31508032820D4F83C8002FB03550C350122D8F8143042
S3150803283001A9284698474FF6FF72019B99B2914220
S315080328400CD11B0C1B0443F4254343F0A503029345
S3150803285001222846D8F8183002A998470E9DE36B3B
S3150803286005225B6903A93846984703A8DBF723FFC4
S3150803287030702846236BA26B9A4288BFA36312B0B3
S31508032880BDE8F081237C33B91C490DAA04F108007D
S31508032890DBF7E0FEBCE72046194A0DABDCF7F0F898
S315080328A0B6E7237C23BB2246164904F10800DBF767
S315080328B0D1FE616A2046DDF7F1F8616A421C2046BB
S315080328C0DCF756FB054620B9236B626C1344143BAD
S315080328D023632046A16ADBF732FF2368A062C01A86
S315080328E0636CB0FBF3F060622046DCF749F9B6E7A0
S315080328F000232046044ADCF7C3F8DAE7E1F60008C2
S315080329009DF7000811D2000861D200082DE9F041AD
S3150803291092B0044688461E46189F002B4FD0002FB8
S315080329204DD02849284B0FAD002A08BF0B46036034
S3150803293000232946C0E9013303624046F1F780FACA
S31508032940002839D120460F990DF040FF1021204663
S315080329500DF03CFF69464046F1F74BFB60BB694601
S315080329602046F1F783FB404603A9F1F759FB18BB49
S315080329704FF00108204603A9F1F778FB0F96134E8B
S31508032980CDF8408006AB119695E8070083E8070063
S3150803299019462046F1F76AFB0C9709ABCDF8348044
S315080329A00CAA0E9607CA83E80700204619460DF0B7
S315080329B016FF20460DF072FB12B0BDE8F081212008
S315080329C0FAE700BF0001000400010104100000201B
S315080329D02DE9F043064685B018460D4691469846B6
S315080329E00BF0E2FD0746002862D0494640460BF045
S315080329F0DBFD044600285BD0874259D228460BF0F4
S31508032A00CBFD3B5C3D18202B08BF01352B780D2BDE
S31508032A1008BF01352B780A2B4AD148460BF0BCFD73
S31508032A20235C2218202B08BF0132137801350D2B9E
S31508032A3008BF013213780A2B08BF0132A2EB08023A
S31508032A400C9BA4EB0508B8F1150F1A6005DD1622D1
S31508032A5028461D490CF0EBFC60B3AC422CD9002187
S31508032A602B460846CDF8008003AAF2F731FC2C3032
S31508032A7024D0039C24B321460120DEF795FE07469E
S31508032A8000B321462B46CDF8008003AAF2F720FCB3
S31508032A90044648B138460399F5F70EFBA4F588545E
S31508032AA0204605B0BDE8F083039B37607360F7E7FC
S31508032AB0064CF5E7064CF3E7064CF1E7064CEFE759
S31508032AC0064CEDE7064CEBE78C44040880EFFFFF62
S31508032AD000ECFFFF00EFFFFFD4EEFFFF80EBFFFFE5
S31508032AE080EEFFFF2DE9F84300F4E049B9F5804F7E
S31508032AF006460C4690461F4612D100F44F43B3F5DB
S31508032B00824F02D1C3B2412B0AD0FB0705D57B08F6
S31508032B1044B1E21DB3EBD20F05D06FF0860664E02D
S31508032B203B46F5E7DC0080210120DEF73DFE05463E
S31508032B30002800F08880F3F7F3FC06F44F43B3F557
S31508032B40824F07D1F6B2302E5DD006D8122E17D093
S31508032B50172E63D06FF086040AE0412EFAD1B4F536
S31508032B60807F58D8FE2C8CBF6FF085046FF08604DF
S31508032B702846F4F748F92846DEF70FFD264634E0DB
S31508032B8040F209239C4259D03AD8B4F5807F4AD0FB
S31508032B902ED824F02003C02BDCD1E02C45D0C02C42
S31508032BA04CD101212846F4F73DF9F5F790FA064684
S31508032BB0002846D1B9F5804F39D105F168093B4656
S31508032BC0424649462846F3F7E2FCF5F780FA0446F7
S31508032BD00028CDD149462846F3F7D7FDF5F777FA06
S31508032BE004460028C4D1089B1D603046BDE8F88317
S31508032BF0B4F5C07F0CBF6FF085046FF08604B7E7A2
S31508032C00B4F5047FF6E724F08003B3F5807F15D087
S31508032C10B4F5007FEEE7B4F5E07FEBE7C02C0DD003
S31508032C20B4F5807FE6E70321BCE70221BAE73B4612
S31508032C30424629462878F4F77DF9CFE76FF08504ED
S31508032C4096E7044694E76FF08C06CEE700232DE952
S31508032C50F04385B013600F46904602A91A46F6F765
S31508032C608CFB044640B9029D2B885A0408D428468F
S31508032C70F6F76EFB6FF08604204605B0BDE8F083D1
S31508032C806A68D5E90896120A0BD0012AEFD13B46A2
S31508032C90324649462846CDF80080FFF7BDFC044670
S31508032CA02DE003F4E043B3F5804F1CD1288800F4E4
S31508032CB0E043B3F5804F20F4405244F2010337D181
S31508032CC09A4207D000F44F40B0F5824F02D0B0F5D0
S31508032CD0844F2FD1412E029C18D92046F6F738FB8C
S31508032CE06FF08904C8E73B46324649462846CDF87D
S31508032CF00080FFF791FC10F1860F0446D6D00298A0
S31508032D00F6F726FB002C08BF0446B5E732464946C4
S31508032D1038460BF0B5FB0021C6F14102B8190BF092
S31508032D2090F92046C8F80060F6F712FB0446A3E7B5
S31508032D309A4205D10298F6F70BFB6FF085049BE7D9
S31508032D4000F44F43B3F5824FF4D10023039303AB47
S31508032D5069884A4600933346FFF7C4FE044618B10A
S31508032D600298F6F7F5FA87E7039D43464122394663
S31508032D702846F5F7ACFE04462846F4F744F82846F1
S31508032D80DEF70BFCBBE72DE9F043002304461046A8
S31508032D90C5B0CDE92A332C9326913023014425AABD
S31508032DA026A8F2F75EFA10B1A0F574503CE0DDE907
S31508032DB025371F44394624AA26A8FFF771FB00289E
S31508032DC0F2D1249B012B40F0C7800423394625AA58
S31508032DD026A8F2F746FA0028E6D1DDE92565AB19F8
S31508032DE09F4226932FD0A023394625AA26A8F2F771
S31508032DF038FA28BBDDE92523002A03EB020840F34A
S31508032E00AD801B78062B2A9340F0AA8041462BAA4D
S31508032E1026A8F2F726FA50B1B0F5745004D1214624
S31508032E202AA8F5F7FBF870B145B0BDE8F083269BF1
S31508032E302B9A2C93134498452693F0D04948F3E7E5
S31508032E4010F1620FB0D1902204F1100168460BF01D
S31508032E5017FB94E80F00F4F71BFA334601462A4694
S31508032E600078F4F767F810B1B0F57450DCD1269BF7
S31508032E709F423AD0A123394625AA26A8F2F7F1F9A3
S31508032E8078BBDDE925371F443946032325AA26A837
S31508032E90F2F7E7F9002887D1259911B96FF067008A
S31508032EA082E74B1E2593269B1A78002AF6D15A1CCD
S31508032EB00B449F422692C1D1D4F80480BB1A08F169
S31508032EC0680949464046F3F762FB28B9494640462E
S31508032ED0F3F75BFC0028A7D010F59D4F05D02248D1
S31508032EE0A2E710F1620F7FF45FAF676827A9387806
S31508032EF0F6F787FD0446162200210DF1B6000BF0FE
S31508032F00A0F844F4E24401212DA8ADF8B440DBF758
S31508032F1003FA3246294628AB2DA8F5F70BFE20B14E
S31508032F2045B0BDE8F043F4F783BB289D29AA284694
S31508032F3033A9FFF78BFE04462846F6F781FA0CB148
S31508032F402046EDE70028EBD13846299B33AA07F13B
S31508032F506801F3F71CFB67E7044865E7044863E77A
S31508032F60044861E79AC2FFFF00C3FFFF80C2FFFF61
S31508032F70A0C2FFFF9EC2FFFF2DE9F0438D188BB059
S31508032F80064602913023294601AA02A8F2F769F9EF
S31508032F9010B1A0F574544FE0DDE901371F446A46C2
S31508032FA0394602A8FFF77CFA0028F2D1009B002BCA
S31508032FB040F08F80CDE9043306933946302303AABC
S31508032FC002A8F2F74EF900283CD1029C3B1B002BC2
S31508032FD036DD237808AA0793039B02A81C442146D7
S31508032FE00623F2F73EF968BBDDF80880DDF8209082
S31508032FF0CDF8248008EB09039C42029309D10C21DE
S3150803300004A8F5F74FF83B4C2068002851D13A4CF1
S3150803301012E018F8092001330492214605AA02A8EA
S315080330200293F2F7EDF868B9029B059A06931344DF
S315080330309C420293E7D0314C20460BB0BDE8F0839F
S315080330402F4CF9E7B0F56A54F6D1042339460DEB4C
S31508033050030202A8F2F705F900289AD1019F002F67
S3150803306039D0A4F102085FFA88F8B8F1020FCED86E
S31508033070244B53F828100029C9D03046F4F7F2F840
S3150803308004460028D8D1B8F1020FC0D0314604A8A7
S31508033090F4F7C4FF044640B9DDF808803A464146CA
S315080330A03046FFF770FE044668B13046F4F7CCF8AD
S315080330B0C2E76368994504D14A4641460CF0B7F915
S315080330C058B11434A0E7104BB844454518BF1C46FD
S315080330D0B2E70E4CB0E70E4CAEE7247C012CB4D114
S315080330E0049B052B00D013B9059B002BADD0094CC7
S315080330F0A2E700BF0445040880C3FFFF1AC5FFFF04
S3150803310020C5FFFFBC2F04089AC2FFFF80C2FFFF3A
S31508033110A0C2FFFF80C5FFFF2DE9F84381460430AF
S315080331200D4617461E46F2F7E1FA04464846F3F7F4
S31508033130CBF901288146DDF8208029D1002105F144
S315080331401000F2F7CDFB48B9B8F1000F02D11148C8
S31508033150BDE8F8833070C7F80090F9E70734E40848
S315080331606300013398453B60F1D331460423224675
S31508033170284601F8013BF2F7EBFA0028E8D1611C6F
S315080331802246314405F10800BDE8F843F2F7E0BAF0
S315080331900148DDE700B1FFFF80B1FFFF2DE9F04FDE
S315080331A0B7B0CDE90312114606469A46F3F78AFBEA
S315080331B00446002840F09E8151463046F3F7E5FA67
S315080331C00446002840F096813046F3F77DF9012836
S315080331D0834640F09881336C1821013302204FEA65
S315080331E05309DEF7E1FA0546002800F08A8105F15E
S315080331F01808F3F772F94046F3F76FF915AB03228C
S315080332001F46013A03F1080323F804BC23F8024CCA
S3150803321043F8084CF5D251462846F3F78EF9044687
S3150803322098BB82464FF0180BD1451DD1414630460F
S31508033230F3F742FA044640BB43462A46414630461C
S315080332400097F3F7BCFC0446F8B941463046F3F752
S3150803325033FA0446C8B905F11000F2F71BF905F16C
S315080332602800F2F717F910E0BAFBF9F101238B40AE
S3150803327009FB11A1DBB20BFB0352F9B13B4611461D
S315080332803046F3F796FB044638B34FF0000A07EBCC
S315080332900A000AF1080AF2F7FDF8BAF1200FF6D187
S315080332A0F4B1B36D9D422CD02846F3F779FD404619
S315080332B0F3F776FD2846DEF770F922E003F0FE0100
S315080332C001EB5301104605EBC1010592F3F735F9F6
S315080332D0059A04460028D1D0D7E70AF1010AA3E7DD
S315080332E0012306F1340B21465846CDE90D430794CD
S315080332F00893F2F7EBF9012811D0B36D9D4204D177
S31508033300824C0398F3F74CFDF4E02846F3F748FD9F
S315080333104046F3F745FD2846DEF73FF9F0E7214631
S315080333200498F2F7D3F90499824607A8F2F7DBF86B
S31508033330044630B10DA8F2F7ADF807A8F2F7AAF8D4
S31508033340AFE75946049A0DA8F2F700FB044600288E
S31508033350F0D1BAFA8AFA4FEA5A1A52460DA907A8B9
S31508033360F2F750F804460028E4D1014609F10102B0
S3150803337038460AF066FEBB463B462746B9450493DC
S3150803338061D0394607A8F2F7A1F9049B09EB0701AF
S315080333901C780137044307A8F2F798F9E4B2049BAB
S315080333A044EA400403F8014BE8E79BF801009BF85D
S315080333B0003080EA020C6FEA0C0101F0010113FBED
S315080333C001F3104003EA0C0283EA0C030BF8013FEE
S315080333D01BF8013C024343EAC1130BF8013C0134D1
S315080333E0A742E2D20DF134094846F2F753F807A883
S315080333F0F2F750F807A8F3F770F803224B460120B3
S315080334000021013A03F1080323F8040C23F8021CEC
S3150803341043F8081CF5D207F1D8036B442A4630460D
S3150803342013F8843C0399FFF76FF8044660BB409B87
S31508033430002B63D01A4630460399FFF7A6F80028EF
S315080334405CD0044620E000220124C9E7039A4B46D0
S3150803345011463046013FF3F7ACFA0028F1D12A4664
S3150803346030461BF8073007A9FFF74EF80028E8D1BE
S31508033470039A30461146CDF8009007ABF3F79FFB46
S315080334800028DED1002FE1D107A8F3F77BFC00273C
S315080334900DABD8190837F1F7FDFF202FF8D1002C0B
S315080334A07FF4FFAE524630460399F3F74AF90446CA
S315080334B000287FF4F6AE409B43B11A46304603997B
S315080334C0FFF763F8044600287FF4EBAE304603990A
S315080334D0F3F7F2F8B36D04469D4208D02846F3F78E
S315080334E05FFC4046F3F75CFC2846DEF756F8002CEB
S315080334F07FF407AF204637B0BDE8F08F0DF1540BC4
S31508033500C0E7034CFDE6014CF4E700BF80B0FFFFBC
S3150803351080B2FFFF38B50C46054601212046F2F76F
S315080335204BF928B921462846BDE83840F3F72EBAA1
S3150803353038BD0023F7B50679136004460F46436979
S3150803354026B1FF2E12D16FF0860532E0002BFAD191
S31508033550836823F47F4323F00303002BF3D14FF649
S31508033560F87342889A4227D801A810E06FF04042C0
S31508033570013B9342E7D2806820F47F4020F00300A2
S315080335800028E0D14FF6F87362889A4214D8394670
S31508033590F5F781FD054660B90FCCD7F800C0674635
S315080335A00FC794E8030087E8030016B9019BCCF814
S315080335B01430284603B0F0BD6FF08505F9E72DE909
S315080335C0FF47037906468846002B6AD0D0E9089553
S315080335D0B9F1000F7AD0002D78D0B5F5005F78D20F
S315080335E005F1240739460120DEF7DEF804460028EC
S315080335F072D04FF0000A3A4AC0F808A0136D49463C
S315080336000360536D243040F8203C73682A4640F81B
S31508033610183C338820F8143C738820F8123CB368A6
S3150803362040F8103CF36840F80C3C336940F8045CF6
S3150803363040F8083C0AF024FFD6F814905146484649
S3150803364002AAF0F753F98C3009D039462046F4F725
S3150803365033FD6FF08A05284604B0BDE8F087514666
S3150803366023463A464846CDF800A0F0F7CFF8014678
S3150803367028BB484602AAF0F739F9054620B9029B42
S315080336809F420AD06FF0980548460021F0F74DF996
S3150803369039462046F4F710FDDDE739462046F4F7A8
S315080336A00BFD73690025C8F80030337E012B0BBF69
S315080336B00223C8F8005033766FF09605CBE73946F0
S315080336C02046F4F7F9FC6FF09805C4E76FF0860512
S315080336D0C1E76FF08D05BEE76FF08C05BBE700BF4A
S315080336E004450408F0B507460C461E4615468DB034
S315080336F052B1002B31D0B3F1005F2ED3C2F1005380
S3150803370003F580239E4228D81022002108A80AF030
S3150803371098FC002207AB029305AB019306AB21463F
S315080337200093384608ABCDE90522EFF743FF044675
S3150803373080B9059B32469D4228BF1D46129B0799B1
S315080337401D600748069B0095DBF734FB002818BF66
S315080337506FF0910420460DB0F0BD6FF08604F9E7CB
S315080337609819002030B5204DD5E9053452B38B425C
S315080337700FD0E1B92B6973B92A6982B3002818BF38
S3150803378004462278D20714D5A28842B3A4EBC2040E
S31508033790F7E72B698BB140B92B681A78D2070CD592
S315080337A0DA884AB103EBC203F7E70346F5E78C4227
S315080337B0E2D0C5E9053430BD13468C42DCD0002976
S315080337C0DAD0F6E78B4208D0834228BF03468C42F9
S315080337D007D0844238BF0446EBE70346F7E71446A7
S315080337E0E7E70446E5E700BF9049002000232DE9F3
S315080337F0F04789460B60002800F097804C4F7B689A
S31508033800984280F09280073020F00705EFF3118A7B
S31508033810302383F311887E69AEB133787288DB0768
S315080338204FEAC20204D5F3886BB106EBC306F4E785
S315080338309542F8D816F0070303D045EA03018A42EE
S31508033840F1D3EB1806D18AF31188BFF36F8F1920CA
S31508033850BDE8F08772883969C3EBC2020139272AA2
S3150803386039614FD99D4205F1080846D008213046EB
S31508033870FEF73AFF0446A0444046DDF7BBFF6288DD
S3150803388005F10F01A2EBD102A8F80220E288CB08C2
S31508033890A8F80430002A32D0D31A9BB204EBC2022A
S315080338A0A8F806309380B8F80430ED080022E380C0
S315080338B0314640466580FFF755FFBB68FA6808330B
S315080338C09342BB6088BFFB60237843F001032370F0
S315080338D03B6901333B616288BB6803EBC203FA6841
S315080338E0BB60934288BFFB608AF31188BFF36F8F6F
S315080338F008340020C9F80040AAE73446BBE7A8F80D
S315080339000620D0E79D420ED008213046FEF7ECFE8E
S3150803391004462378012243F00103314620462370E7
S31508033920FFF720FFD7E73446F3E7212090E700BFE8
S31508033930904900202DE9F04F9A468BB09DF85030F8
S31508033940DFF854B10293DBF81030804653450D4631
S315080339501646C0F09B80D146DBF804300193B9F1D3
S31508033960000F00F08F80D8F83C3001225B6907A965
S3150803397001989847079BDBF80010C3F3D3129142CB
S3150803398040F0878013F07E0F1CD1D8F83C30022212
S315080339905B6908A90198984708A8DAF77DFE0827FE
S315080339A00446019B029A3B44002A3CD1A6420FD9FE
S315080339B0361B144640460199DAF7C1FEA9EB0409FA
S315080339C00190CCE707A8DAF767FE04270446E8E779
S315080339D0A41B544528BF5446032C03EB0607AAEB3E
S315080339E0040A4FEA94021CD9D8F83C3029463846CB
S315080339F05B69984724F0030304F003061F441D4438
S31508033A00002ED7D0D8F83C3001225B6908A938467E
S31508033A1098473246284608A935440AF031FD002658
S31508033A20C8E72646ECE7274604F003020392234435
S31508033A302A1904920593049BDD1B059BD81B039B3C
S31508033A409F420FD1002FB5D0D8F83C30012208A9E0
S31508033A505B6998473A46284608A90BF0E8FC78B903
S31508033A603D44A7E7D8F83C30012208A95B69984783
S31508033A700422284608A90BF0DAFC08B9043FDAE75A
S31508033A804FF0360948460BB0BDE8F08F4FF063098F
S31508033A90F8E74FF06F09F5E71C490020037910B5DD
S31508033AA013F00103044611D1094AD2F8EC1F8842E0
S31508033AB00146084804BFC2F8EC3FA2F8E83FD4F72A
S31508033AC083F82046BDE81040D3F784BB10BD00BF7A
S31508033AD0F02F0020BC3F002008B1D3F77BBB70470B
S31508033AE038B5204C94F85030DA0736D5A4F5805506
S31508033AF095F8483E5B0730D494F8AA3104F180025E
S31508033B0003F00F0304F5C670072B18BF1046D5F745
S31508033B107AFE10B304F14400D4F703FD95F8482E52
S31508033B20D0071AD595F8493E052B10D0B5F84A3E65
S31508033B3099060CD4C3F3001383F0010363F341021C
S31508033B400521A4F5DC7085F8482ED5F731FFBDE8C5
S31508033B50384000210448D5F75EBEBDE83840FAF779
S31508033B60F9BD00BFF03F00202840002070B550B3D0
S31508033B70174B1A68904226D3D3E9024104FB012264
S31508033B80904220D2EFF31186302282F3118802681D
S31508033B90541C0ED01C68A2420ED3D3E9025105FB6E
S31508033BA00145AA4208D2121BB2FBF1F401FB142207
S31508033BB012B95A68511C07D15A680260586086F3CD
S31508033BC01188BFF36F8F70BD9042F8D01268F1E782
S31508033BD0A81B0020002370B54FF47A720A250B60E0
S31508033BE0441E14F8010F00B970BDA0F13006F3B2F4
S31508033BF0092B11D8B2F57A7F0B6805D002FB063379
S31508033C00B2FBF5F20B60ECE76B430B6020783038B8
S31508033C1002FB00330B60E4E72E2804D1B2F57A7F62
S31508033C2001D16422DDE70720DEE770B500244FF0F3
S31508033C3060412246204E052A28D8DFE802F03803D9
S31508033C401D1F21230C23D1F8805EED0710D5D6F866
S31508033C50FC5045F08075C6F8FC50D1F8005E45F473
S31508033C608075C1F8005E0D6A002DF0D081F820300A
S31508033C700132112ADFD170BDD123E4E78023E2E7BD
S31508033C800023E0E7651C2346ECB2DCE7A2F10E034A
S31508033C90012B0ED9102A07D14FF06043D3F8803E83
S31508033CA0DB07E8D55D23D2E7831F9B5CCBE75B2362
S31508033CB0C9E75A23C7E700BF00ED00E08B4228BFD8
S31508033CC00B462DE9F04705464FF0000EA1EB030A14
S31508033CD003F00707089CDB084FEA431C02EB431370
S31508033CE09A4205F120050FD1604405464FEA870C31
S31508033CF003EB8707BB4240F081806044BAF1010AAF
S31508033D0080F08B80BDE8F087166855F8201CA4FB65
S31508033D10066816EB0E0648F10008761845F8206C77
S31508033D20566855F81C1CA4FB069E48F1000616EBBC
S31508033D3009064EF1000E761845F81C6C96684EF186
S31508033D40000EA4FB06961EEB090E46F1000855F86D
S31508033D50186C55F8141C1EEB060645F8186CD6683D
S31508033D6002F12002A4FB069E48F1000616EB09069B
S31508033D704EF1000E761845F8146C52F8106C4EF195
S31508033D80000EA4FB06961EEB090E46F1000855F82D
S31508033D90106C55F80C1C1EEB060645F8106C52F809
S31508033DA00C6CA4FB069E48F1000616EB09064EF1B9
S31508033DB0000E761845F80C6C52F8086C4EF1000E96
S31508033DC0A4FB06961EEB090E46F1000855F8086C87
S31508033DD055F8041C1EEB060645F8086C52F8046CE5
S31508033DE0A4FB069E48F1000616EB09064EF1000EE3
S31508033DF076184EF1000E45F8046C71E753F8042B58
S31508033E002968A4FB022612EB0E0246F10006521895
S31508033E1046F1000E45F8042B6CE7036813EB0E0313
S31508033E202CBF4FF0010E4FF0000E40F8043B65E738
S31508033E304FF0004238B51D4B1D4C5A664AF6CD3332
S31508033E40656C236405F00105C0B90120DCF71AFD8A
S31508033E506368D90701D42DBB38BD0122154B5A60B7
S31508033E60154B226BD207F6D4013BFAD1F3E701339C
S31508033E70216B080705D59342F9D1ECE700230F4ACE
S31508033E80F6E79342E7D020220A4B9A620122A3F56A
S31508033E9080535A60084B064A916A8906DBD4013B6C
S31508033EA0FAD1D8E7024B064A1A64D5E700900050C0
S31508033EB0004009500060095041420F0040420F007C
S31508033EC03254FFFF73B5002504468DF80750204684
S31508033ED06169DAF791FB266B864209D2236AB5EB49
S31508033EE0430F05D220460DF10701FEF74DFC50B1ED
S31508033EF09DF80730012B04D120460DF10701FEF783
S31508033F0043FC02B070BD0135E1E70B4B1B788BB15F
S31508033F1007280FD8EFF31182302383F31188074B51
S31508033F2003EB0010037B0BB10023037382F31188A1
S31508033F30BFF36F8F704700BFC1480020204700209A
S31508033F4010B5EFF31184302282F3118803785343B3
S31508033F5003F1A04303F570335B6C4278D34003F057
S31508033F6001030B7084F31188BFF36F8F10BD436889
S31508033F7003B11847704708B1D3F7D4BE7047C0F3E7
S31508033F80C00200F00203134380000A7800F004001D
S31508033F90034322F0070213430B7070474FF4407331
S31508033FA030B587B0054602A90820ADF80830FAF7F8
S31508033FB0BFFF044648B3A5F11003012B4FF0FF33A7
S31508033FC088BF002301228DF807308379C57162F310
S31508033FD0030383710DF10701D3F796FC90B99DF896
S31508033FE0073043B915230A22204603A98DF80C3056
S31508033FF0D3F794FB30B9204603A98DF80C50D3F7B1
S3150803400083FC18B12046D3F7E5F80024204607B009
S3150803401030BD023802288CBF00200120704738B50E
S31508034020194C054694F85900FFF7F3FF50B394F873
S3150803403058200023C2F34002013228461349D2B25C
S31508034040F7F7A8FC94F85930022B17D194F85B308C
S315080340501B0713D494F815324FF47A71FF2B1CBF40
S31508034060013384F815320123094884F81432F9F721
S315080340707BFEBDE838400748EBF7D2B80023A4F81F
S315080340801432F6E738BD00BFF03F00205C4504084C
S3150803409004420020FC41002028B1807F00F00F0075
S315080340A0C31F58425841704710B90520F9F7D1BEC6
S315080340B00520FAF75DBD10B50446D7F737FEA37892
S315080340C023F0780343F02803A37010BD002814BF18
S315080340D04FF000504FF08050FAF73CBA0021FE2209
S315080340E080F8FE10C0F8001109F0ABBF00B5C3B0E5
S315080340F001A8FFF7F3FF054801A9D6F7AFFC10B9E6
S3150803410001A8FEF729F943B05DF804FB603D0020DA
S3150803411010B504460846FBF7D5F820B9A378022B51
S315080341201CBF0223A37010BD10B50446E6F73CF87E
S315080341304FF00043236010BD012905D14FF6FF73E5
S31508034140C31A58425841704700207047222200215B
S3150803415009F077BF006808B520B1F4F719FEE5F74B
S315080341607FFB00B1FEE708BD30B5E024B9B000F126
S3150803417008052246056084800021684609F061FF28
S315080341802246694628460AF07BF939B030BD0368EA
S315080341900BB119607047FEE710B50446D2F7F6FE71
S315080341A0206000F100400138606010BD10B4144669
S315080341B01A4623465DF8044BD3F708B907B5022216
S315080341C0ADF806100DF10601D2F7BDFF03B05DF891
S315080341D004FB10B50A7A0446012A02D0022A04D03F
S315080341E010BD0988BDE81040E8E78388E28803F133
S315080341F008009042F4D820681844D6F762F8A388D2
S315080342000833A380ECE7016001B1C96941607047CF
S3150803421070B5124B92B00546D3F8141802A8FFF7E7
S31508034220F2FF0F4E029C0CB912B070BD214604A8CA
S31508034230D3F724F90D9BB3420BD10E9BAB4208D19E
S315080342400B2200232146CDE90032064804AAD4F7F7
S3150803425098F902A8D2F7B8FFE4E700BFF02F0020C9
S3150803426045F80108003800202DE9F84302F1310723
S3150803427027F0010799467B788046013B032B0E46B8
S31508034280154628D81748FAF758FE044618B3284699
S31508034290D2F789FE014630B101281ED02046BDE873
S315080342A0F843D2F797BF324602212046D2F7F4FFE6
S315080342B07A8804F1310323F001035A8029462046FC
S315080342C0D3F724F80028E9D14A4621464046D4F7CD
S315080342D0C9FA0028E2D1BDE8F88332462046D2F768
S315080342E0DBFFEBE70027040870B504460D46D2F753
S315080342F061FE30B12B462246BDE870404421014891
S31508034300B2E770BD003800202DE9F0410646104695
S31508034310884614461F46D2F74DFEF8B11048FAF7F9
S315080343200CFE0546D0B131344146002224F001047F
S31508034330D2F7B2FF628805F1310323F00103284659
S315080343405A80D3F7CDF93A4629463046D2F739FE8D
S3150803435020B12846BDE8F041D2F73CBFBDE8F0815D
S315080343600027040813B50C4601A9D9F7B6FF20B9E7
S31508034370019B003B18BF0123237002B010BD38B55B
S3150803438005460C4641B90068904704490246284643
S31508034390D2F756FB204638BD0720FCE70C15040860
S315080343A0082307B50A460190ADF802300DF102015C
S315080343B0002301A8D9F72CFF03B05DF804FB38B531
S315080343C005460C4641B90068904704490246284603
S315080343D0D2F736FB204638BD0720FCE75809040800
S315080343E00346084619460BB1E9F74BBA0720704747
S315080343F013B50C4601A9D9F7E1FE30B9019B03F1C0
S315080344008002FF2A8CBF0720237002B010BD13B5A4
S315080344100C466946D9F77EFE40B9009B019AB3F567
S31508034420803F72F100022CBF0720238002B010BD23
S3150803443013B50C466946D9F76DFE40B9009B019A38
S31508034440B3F5807F72F100022CBF0720237002B0F8
S3150803445010BD2DE9F04104460F46144D144E2B8822
S31508034460B6F800C0C3F580639BB2BB4228BF3B4680
S31508034470DFF840E0E01884420AD1FB1A9FB2E7F757
S31508034480A3FD8FB1E7F7E2FD70B9E7F7C9FDE6E7E4
S315080344902A8814F8018B0CEB0201C1F309010132D6
S315080344A00EF801802A80E6E7BDE8F081BE1B0020EE
S315080344B0C01B0020EC1B00204FF0FF3070474FF065
S315080344C0FF307047014B186802F0F8B85C190020F2
S315080344D0024B0122002118680AF0E5B85C1900208E
S315080344E00088704708B5FFF7FBFF10F4807F0CBF01
S315080344F00320022008BD08B5FFF7F2FFC0F34010FA
S3150803450008BD08B5FFF7ECFF00F44050A0F50053CB
S315080345105842584108BD08B5FFF7E2FFC0F3C0008B
S3150803452008BDF4F78DBF2DE9F04F066804469BB026
S315080345303046FFF7F0FF002800F0BA81204607A9A6
S31508034540D5F772FB0546002840F0B2819DF81C702A
S31508034550082F40F0AD81237FDA0600F1A98196F88A
S31508034560008008F00708B8F1020F19D18DF81C006E
S3150803457007A92046D5F7C5FC9DF81C10002900F0AD
S31508034580A181BE4B5B785A1E91420CD08B4209D04F
S315080345900133994200F0088138461BB0BDE8F08F15
S315080345A0B64B5978012510230C2213FB0523B34D6B
S315080345B02B44A360237FDB0710D43378204603F00C
S315080345C00703022B02BF6B682970AB60D5F7ADFCF6
S315080345D0696820464B1C6B60D5F746FB00232068A9
S315080345E00293FFF798FF002800F0628120460DF139
S315080345F00701D5F709FB002840F05A81204602A98E
S31508034600D5F722FB002840F053819D4A03AB106877
S3150803461051689DF8075003C302981946D2F7D7FC89
S3150803462020468DF81850D5F791FCA368861E5FFAC5
S3150803463086F816F00106139340F0B8800638C0B220
S315080346400C2800F2B3802046D5F7F7FC3546074613
S3150803465003466A1C002B40F0AA80EDB2022D38BF30
S3150803466002252046022DC5F10F0918BF5FFA89F9FD
S31508034670D5F7DBFC021E18BF0122013DA8F1020390
S31508034680EDB25B1045EAC30343EA821303A94A461C
S3150803469083460DF11D008DF81C3009F0F1FE0BAAB7
S315080346A039460F2392469945C0F0848007AA1146D6
S315080346B013980BF0B9FFBBF1000F06D002269DF83D
S315080346C01D308BEA03038DF81D304A4603A90DF105
S315080346D02D008DF82C5009F0D3FE07AB09F1110014
S315080346E0C9F10F020021184409F0ABFC10238DF819
S315080346F064904FF000092046CDE91597CDF850B0E0
S31508034700CDF85C90ADF86060ADF862308DF86580E1
S31508034710D5F78BFC8345054652D326688719B742D6
S315080347204FD1159B1D44149B15959D420AD1BDF87F
S31508034730603023B107AA114613980BF075FF0023BF
S31508034740ADF860302046D5F778FC179B169A0344D4
S31508034750934205464FD82046D5F75DFC002680468A
S315080347602F18474548D1179B1D44169B17959D42FD
S3150803477015D3BDF8603023B107AA114613980BF079
S3150803478053FF9DF864200E2A09D802F1110007ABDE
S315080347900021C2F10F0253FA80F009F052FCDDE959
S315080347A016329A426ED0FEE74546FCE6FEE7154604
S315080347B01B0A4EE7013B02F8011DDBB2090A72E741
S315080347C0FEE7BDF86030102B06D107AA11461398E9
S315080347D00BF02AFFADF86090BDF860305A1C6833B9
S315080347E0ADF860206B4416F8012B13F84C1C4A40AD
S315080347F003F84C2C93E7FEE7BDF86230102B12D171
S315080348000FA90F200A469DF864C0604505DD11F817
S31508034810013D0133DBB20B706BB3514613980BF0B2
S3150803482003FFADF86260BDF8623098F800905A1C31
S315080348306833ADF862206B4413F82C3C89EA03030A
S3150803484008F8013BBDF86030102B06D107AA1146BC
S3150803485013980BF0E9FEADF86060BDF860305A1C9A
S315080348606833ADF860206B4413F84C2C89EA0209C7
S3150803487003F84C9C75E70138C7E700BFF0590020D9
S31508034880E85900202046D5F761FBA6880FAA361AF1
S315080348905146139825680BF0C7FE002207ABA819E3
S315080348A09DF865108A4205DB237F43F010032377BF
S315080348B0002771E613F8011B0132DD7F694000F812
S315080348C0011BEDE7012767E608B5C368002098478B
S315080348D0024B1868BDE808400BF037BFA048002014
S315080348E0F0B40C4D049E2D788DB107280FDC0A4DC4
S315080348F0070105EB001494F80CC0BCF1000F06D0B1
S31508034900EB5100236660A360F0BCDCF795B8F0BCF6
S31508034910704700BFC1480020204700202DE9F04F0B
S315080349200026056893462A7999B0D20980460C462B
S31508034930B1469DF888A0019304962AD0814FD7F8EB
S315080349406C2632B36A89B2F5A06F22D87E4904F180
S315080349500800D6F71BFB019B08B3D3B197F8683653
S315080349600BB318342046E8F77FFFE0B9BBF1110F04
S3150803497063D0BBF13A0F16D12046FAF749F990B13D
S315080349802846A9890EAAE8F7DAFD9DF83830802B60
S3150803499009D1049819B0BDE8F04FFFF79DB897F809
S315080349A06826002ADCD15246414604A8FAF715F9C7
S315080349B00028EED1049DADF814006B890EAAADF854
S315080349C0163005A928232846D2F723FE282105A849
S315080349D0D3F762F99DF83E30002B7AD1284602AA0E
S315080349E005A9FAF7E1F80446002872D1BDF816308E
S315080349F0002B34D1022C6AD8002C6AD0BDF8148057
S31508034A00A8F10806B6B2002E6CD108212846D2F7BB
S31508034A1094FC022C7FD19DF808308DF83E30BDF802
S31508034A203C3000215BBA083B5BBAADF83C3028231F
S31508034A300EAA2846D2F730FE4BE00EAA2846A989C5
S31508034A40E8F77DFDBDF83A30D7F8A0265BBA9BB2E6
S31508034A50002AA8D0118A99429BD0126BF8E72946F7
S31508034A6005AA03A8E8F7D4FF98BB9DF80C30012BD9
S31508034A701FD96D2B25D164BB03A8E8F7C2FFBDF880
S31508034A8016800646404528BF46460628BDF81490B4
S31508034A90B6B21ED8B9F12A0F02D19DF80930A3B1CF
S31508034AA0C84409F108041FFA88F8A4EB08035C4212
S31508034AB05C4103A8E8F7A5FF014605A8D3F7ECF878
S31508034AC094E7002C18BF0324F3E70224F1E7032C29
S31508034AD02DD0002328460493D7F87016D7F86C36DA
S31508034AE0984756E7202EB14628BF4FF02009A6EB74
S31508034AF00906B6B2A8EB09084B46314606AA284664
S31508034B001FFA88F8D2F762FC4B464146284606AA9E
S31508034B10D2F7C2FD77E79DF809302821013B8DF8C6
S31508034B2009302846022302AAD2F7B6FD77E7F1B27F
S31508034B3006A8E8F78FFF06A8E8F763FF4946034682
S31508034B4006AA76E7F02F00203842002038B50C462F
S31508034B5005460846D9F7CDF8637802331C44C5E9F8
S31508034B60000438BD2DE9F04FABB00746016820A80D
S31508034B70E8F72AFF002840F033813C686679C6F3D4
S31508034B80C106012E0DD19DF89830FF2B2BD1237921
S31508034B909806C3F3401817D44FF0010ACDF808A0B6
S31508034BA037E022A8E8F72FFD002840F0198126A848
S31508034BB0E8F729FD8046002840F012819DF89830D1
S31508034BC0FF2B10D1002EE2D1874826AA16A9EAF7A9
S31508034BD010FDCDF80880B0F1000818BF4FF00108A2
S31508034BE04FF0010A15E0814826A9EAF77CFD8046BD
S31508034BF0002840F0D98048F2FE02BDF8983023F425
S31508034C007C539BB293420AD1331E18BF01238246B3
S31508034C1002933B685A89272A00F2C980FEE774493A
S31508034C2026A8D6F7B3F9029000284ED001234FF0F1
S31508034C30000A0293EDE7214616A8FFF787FF02212C
S31508034C4016A8D9F7C3F9002833D1214626A8F9F7B8
S31508034C50FBFE04460028EED1664BD3F83447002CF6
S31508034C6035D1DFF89C91214622A8F9F7EDFE0446D3
S31508034C70002837D10525604C013D17D0A37C98073A
S31508034C8040F19080E369002B00F08C808022214656
S31508034C9022A8D2F7D5F9C0B23F2840F28380607EB6
S31508034CA00CAA26A9F9F7F4FE00283DD04FF0000810
S31508034CB096E74378821C023B03449A42BFD851883D
S31508034CC049BAC905B2D40432F7E7029CBDE7802284
S31508034CD0204626A9D2F7B4F9237CC0B28342A5D9C4
S31508034CE06469BCE7D9F705F86178022202312144E1
S31508034CF0D9F736F80028B6D0A0780CAA26A9F9F76A
S31508034D00C7FE88B1214616A8FFF720FF0025DFF85E
S31508034D10ECA0022116A8D9F759F970B9002DA2D02B
S31508034D202B885BBAADF83030344BBDF83020B3F876
S31508034D305C309A427FF47AAFB8E74278831C023A2A
S31508034D4010448342E5D85A8852BA91B2920524D5BB
S31508034D5035B38A0B19F902106A8852BAC2F381323B
S31508034D6019F9022091421AD119882A88BAF85CC01F
S31508034D7049BA89B252BA92B2A1EB0C06D6F1000E21
S31508034D80A2EB0C0B4EEB060EDBF1000242EB0B0219
S31508034D90964502D0614508BF1D460433D1E7FCDDBD
S31508034DA01D46FAE7203467E74FF0000AF6E628229D
S31508034DB09DF886409A81B8F1000F02D1002C40F085
S31508034DC0C38138680223818907AAD2F74CFB38B90D
S31508034DD02C2C00F04F8115D8CCB12B2C40F0B18187
S31508034DE02BB0BDE8F08F00BF2837002024370020FA
S31508034DF038420020F02F0020A8380020F03F00207A
S31508034E00E82404083B2CEBD03C2C40F05D81D7F812
S31508034E100090B9F80C30B9F80A10ADF83030994259
S31508034E202CBFC3EB0102C3EB0302DB4392B29BB273
S31508034E30934228BF1346484608AA0CA9ADF8323050
S31508034E40F9F7B2FE04460028CAD1BDF832305BBB77
S31508034E50002C00F0E880BDF85C201D4652BAADF878
S31508034E60162092B203929DF85B209C460492924ABE
S31508034E709E4610461646D478002C5AD18F4C0EF20D
S31508034E80A95E04EB8E04BCF1000F40F09880E2782B
S31508034E902046002A40F09180844240F2BA80864B2D
S31508034EA0984280F0DE80FEE749460CAA0AA8E8F78E
S31508034EB0AFFD002894D19DF82830012B2FD96D2BEF
S31508034EC02AD1002C8CD10423484616AA0CA9D2F75A
S31508034ED0A0FB002884D19DF85A3003F0C002402A6B
S31508034EE011D002D822B1012419E01906FBD577E7B8
S31508034EF024A8E8F74CFB00283FF472AFBDF89630B8
S31508034F00ADF85C30EFE70623484616AA0CA9D2F794
S31508034F1080FB0028E7D063E73F2B3FF661AF0AA87B
S31508034F20E8F76FFD01460CA8D2F7B6FE8DE7A4464F
S31508034F30A1E7B2F800B03488A3450ED00399A1427D
S31508034F4005D1BCF1000F02D194460135EDB29D425D
S31508034F5084BF2B46304600251646039964465945B1
S31508034F601FD192F802B0049959450ED10522544B24
S31508034F7003EB8E0383F8A72699F8053013F0180F69
S31508034F803FF42EAF4FF000084DE0BCF1000F08D1F7
S31508034F900499A1EB0B0B1BF0800F1EBF14460135BA
S31508034FA0EDB20EF1010E0135BEF1230FEDB202F19A
S31508034FB00402BCD1C278002A4CD01DB9FEE72046AC
S31508034FC06446F7E7328803998A4237D14CB90135E3
S31508034FD0EDB2AB4202D3012BCED906463046394C45
S31508034FE00AE0AB4203D2012DC6D0304601E0012BBD
S31508034FF0C2D0314B9C42BFD934F8043C039A93423E
S31508035000BAD1A0427FF648AF2146021B201D09F0FC
S31508035010BCF9BDF8163008202380049BA37005232A
S31508035020E370F9F7A5FDBDF83220BDF83030134417
S31508035030B9F80A209BB29A4217D2FEE7AB4206D2C8
S31508035040012D99D03046002CD3D10446E1E7012B34
S31508035050F9D191E7A0427FF61FAF174B9C42D3D2F3
S31508035060FEE7043C221A011DD1E7A9F80C309DF886
S315080350701C40A0E6012322463846009320A943464E
S31508035080FFF74CFC3C6816AA2046A189E8F757FAAD
S3150803509000287FF4A5AEBDF85A305BBA9AB2C3F3BB
S315080350A0CC03002B7FF49CAED2073FF599AE0821BB
S315080350B02046D2F736F9DAE794360020F01F0020A7
S315080350C0F02F002020370020B8F1000F3CD0012331
S315080350D0224620A938460093FFF720FC00230CA894
S315080350E00793D1F770FF0CA8D1F76DFF10AD22AB6C
S315080350F00FCB85E80F0026A90CA8D1F74BFF9DF81F
S3150803510087309DF855208DF854309DF88130112C41
S315080351104FEA131363F301028DF8552001D03A2C95
S315080351200DD13946029A07A8F9F757FD38B9112C54
S31508035130DDF81C8000F086803A2C00F0F48007988E
S315080351402EE0B8F1000F0BD1BAF1000F2AD0029B5B
S315080351505BBB22463846009320A9FFF7DFFB3FE6F1
S31508035160292CB4D13B680C9093F804803946029AEB
S315080351700CA8C8F34018F9F730FD18B10C98FEF7D8
S31508035180ABFC2DE60C9D2B79284668F34513A989B4
S315080351902B71D2F7D2F816A81695FFF7E3FC1698E3
S315080351A0FEF79AFC029B43B91AE6012322460093AB
S315080351B03846002320A9FFF7B1FB3868437913F073
S315080351C0180F0BD1B84B93F85930033B012B3FF615
S315080351D007AE9DF88730013B8DF887309DF88730F9
S315080351E0002B3FF4FDAD8DF858300721012316AA8D
S315080351F0D2F752FA3A2C386840F00E810123818996
S3150803520016AAD2F730F900287FF4EAAD07239DF8EA
S315080352105810A64A013B3FF4E3AD12F8010B884246
S31508035220F8D100233C683B602279A38142F001024E
S31508035230636120462271E9F789F8236A9C4200F0E4
S315080352400381FEE74046B8F80C1016AAE8F777F983
S3150803525000287FF474AF2346ADF828008DF82A009A
S315080352600CAA2946CDF800800AA8F9F7ABFF4FF632
S31508035270FF73BDF828209A427FF461AF08214046A0
S31508035280D2F74FF8DFF82CA2169BDAF89C961BBACE
S315080352901493B9F1000F31D1DAF8A096BDF852B0DC
S315080352A0BDF850A0B9F1000F3FF449AFB9F8103073
S315080352B0534520D14846E8F796F920B948460CA93C
S315080352C0D1F7B4FDB8B1B9F82230002B00F0E1806C
S315080352D05B4510D109F1120318460393E8F783F9DE
S315080352E0002840F0D680039B29461846D1F79EFD31
S315080352F0002840F0CE80D9F83090D3E74146D9F854
S315080353000430D9F808000CAA984700287FF417AF89
S31508035310D9F80090BDE74146D9F82430D9F82800D2
S315080353200CAA98470BE74046B8F80C1008AAE8F702
S3150803533006F9814600287FF402AF2346ADF85800E4
S315080353408DF85A000CAA2946CDF8008016A8F9F755
S3150803535039FF4FF6FF73BDF858209A427FF4EFAE34
S315080353609DF82030802B41D116A8D1F72CFE0CA826
S31508035370F9F74EFC002839D00AA8D1F785FD812311
S3150803538048464B498DF82830F9F7D2FD814668B36C
S3150803539004220AA9B8F80CA0D2F7C0F9002837D115
S315080353A0B8F80A300AF1040292B29B1A41464846F3
S315080353B09BB2D2F7E9FA58BB95E80F000DF1680CD2
S315080353C08CE80F009DF83030FF2B03D00CA916A8E4
S315080353D0D1F7E0FD3A22484616A9FBF7C3F8B8B950
S315080353E04846B9F80C100AAAE8F7A9F8082140466E
S315080353F0D1F797FF2F4BD3F89056002D3FF49FAE66
S31508035400D5E90060414608AB0CAAB047AD68F4E796
S315080354104846D1F7DFFE92E64379C3F3C103022B6D
S315080354207FF4FFAE112C7FF4FCAE818916AAE8F748
S3150803543086F800287FF4D4AC4BF6F073BDF85A20EF
S315080354409A427FF4EEAECBE421461B48D2F703FC1F
S315080354501A48D2F7D1FE2579EB0718D5F9F7F6FBE3
S31508035460A8B1C5F3001645F010052571F9F782FCB6
S31508035470237966F30413237110B9F9F7E7FB30B1FF
S3150803548020460221F9F70CFC2046FEF707FB00200D
S3150803549075E64046B8F80C10D1F74FFFB8F80C304C
S315080354A0002B3FF438AFFEE7F03F00205E450408C3
S315080354B000270408F02F0020BC3F0020FC3F0020F3
S315080354C0437907B55B0908BF0A4A019002BF936986
S315080354D001339361838823F4C45343F080038380A1
S315080354E001A8FFF73FFB019803B05DF804EBFEF74D
S315080354F0F3BA00BFF03F00202DE9F84F04460E46E5
S3150803550092461F46EFF31188302383F311880278F6
S31508035510FF2A16D00D68504B4078D3F81013691C30
S3150803552040F08380D3F824C400F0FC0E2CFA00F173
S31508035530C907034648D500210131C9B204293AD11E
S31508035540356031684A1C1DD12378FF2B1AD1424B8B
S315080355506078D3F82454024625FA00F3DB0700F0F3
S31508035560FC0C0DD500230133DBB2042B09D0C2187A
S3150803557002F00302624425FA02FE1EF0010FF2D17D
S315080355801146316033685A1C0FD0344A0A9942F8D7
S31508035590337002EBC30251602278FF2A1FBF012230
S315080355A002FA03F32E4AC2F8243488F31188BFF3A8
S315080355B06F8FBDE8F88F431803F0030373442CFA7F
S315080355C003F919F0010FB7D11D46072D4FF003094B
S315080355D02EDC4FEA850B09FA0BF94946214802FAEC
S315080355E00BF2DAF713FD494662781F4802F0030205
S315080355F002FA0BF2DAF70AFD01231AF0050F1B4A22
S3150803560018BF174903FA05F30CBFC2F81034C1F8DB
S3150803561010341AF0060F18BF114AC2F814340123BE
S31508035620124AAB40C2F820348AE7002DCDDA87E761
S31508035630A5F1080B4FEA8B0B09FA0BF949460C48F7
S3150803564002FA0BF2DAF7E2FC6278494602F0030241
S31508035650084802FA0BF2CDE700C003503046002093
S3150803566000D0035000C4035008C4035000E003509D
S3150803567004C403500CC403502DE9FF4100F1280765
S31508035680044638460E46D4F7BEF828B9204604B071
S31508035690BDE8F041EAF7D8BA04F16C00EAF722FA52
S315080356A0012E24D894F8B53104F5DA75FF2B1CBFFF
S315080356B0013384F8B531574B284693F8682ED20739
S315080356C045BFA022B3F86A3E4FF47A71534341BFEC
S315080356D04FF47A7203F5FA73B3FBF2F399180123BD
S315080356E084F8B431F8F740FB2846E9F799FD0D200D
S315080356F0FEF754FC054600287FD00121E278D3F74C
S3150803570069FDC0B9012E09D0032E0BD0617804298F
S3150803571053D8DFE801F014531514140004F58C70FC
S31508035720D4F7CCFD08230321284604F58C72D3F756
S315080357301AFD0028EAD02846D1F74CFD5DE0FEE7BE
S31508035740DFF8D48000212846B8F85C20D3F74DFD4E
S315080357500028F0D12846E9F7E3FC02460028EAD1F7
S31508035760022E18BFE26802212846D3F74AFD00280D
S31508035770E1D12846E9F7FEFC0028DCD1254B93F84E
S31508035780682ED60719D593F8693E8DF800005BBADB
S31508035790ADF801306A46032350212846D3F7E3FCC4
S315080357A00028C8D1D8F868200AB9D8F86420552142
S315080357B02846D3F726FD0028BDD10021E3789807AC
S315080357C01ED548F2FE020023394602A8CDE9002376
S315080357D0E7F7CBFE69462846EAF718FD0028AAD15B
S315080357E0E3781B0712D4F8F7CBFF0A4B93F8680E36
S315080357F0C04300F00100F8F7E1FA04B0BDE8F08110
S315080358002846EBF776F90028DBD094E70120F8F76A
S31508035810B7FFF2E7F02F0020F03F002000212BE727
S315080358202DE9F04F054685B00E200E46FEF7B6FB6A
S31508035830044668B3B0464FF0000A96F82090634FC3
S31508035840B14407F5805BC14525D1204606F12A01F7
S31508035850EAF7DCFC002865D1BAF1000F18D048F244
S31508035860FE075A4ED6F83447002C40F09380EB785F
S315080358701B070DD4564BD6F8381701A80293019483
S315080358808DF80C40E8F744F9019B002B40F097800C
S3150803589005B0BDE8F08F18F8013B132B2CD8132B52
S315080358A0D1D801A252F823F015590308475803081B
S315080358B039590308475803086B5903087D590308E0
S315080358C047580308475803088559030847580308E0
S315080358D04758030831590308475803084758030824
S315080358E04758030847580308475803084559030800
S315080358F047580308515903081B2B47D0552BA2D1E8
S3150803590097F8683EDA079ED5324B9A6E02B95A6EF5
S31508035910552113E000212046BBF85C20D3F765FC2C
S31508035920002890D0204605B0BDE8F04FD1F752BC09
S315080359302046E9F7F5FBF3E70221EA682046D3F7A1
S3150803594060FCEDE7012211212046D3F743FCE7E784
S31508035950EB7899073FF577AF01212046EBF7C9F8AE
S315080359600028DFD14FF0010A6DE70421204696F897
S31508035970293006F12102D3F7F6FBD1E70521D7F83B
S31508035980002EDBE70821D7F8042ED7E72046E9F7E8
S31508035990F1FBC5E7238823F47C53BB4214D0214685
S315080359A02846EBF781F878B921462846EBF792F8AB
S315080359B050B9204605F50471D1F738FA20B92846B7
S315080359C005B0BDE8F04F29E764694DE7F02F0020DD
S315080359D024370020F03F002000F00CB800F00AB886
S315080359E000F008B800F006B800F004B800F002B8F2
S315080359F000F000B872B61EF0080F09D01EF0040FA7
S31508035A000DD0DFF850E0AEE8FF1F6FF002000CE0A0
S31508035A10DFF840E0AEE8FF1F6FF00E0005E0DFF8A1
S31508035A2034E0AEE8FF1F6FF006006946EFF309821C
S31508035A308EE8070086460848084C854501D3A545E0
S31508035A4001D384F30888E4F7A9FA84F30888E4F70A
S31508035A5097FA000060630020480000200818002019
S31508035A6008B5064B044613B10021AFF30080044B77
S31508035A701B6803B198472046D8F7E5FC00000000E9
S31508035A80A05F002070B50D4D00260D4C641BA410B5
S31508035A90A64209D10B4D00260B4C0AF0B1FE641B36
S31508035AA0A410A64205D170BD55F8043B01369847A4
S31508035AB0EEE755F8043B01369847F2E7E46500201C
S31508035AC0E8650020E8650020EC6500201FB514464C
S31508035AD01A46094B05461B68D86854B9074B1C4632
S31508035AE000910749CDE901342B4600F0B1F808F0D7
S31508035AF045FC044BF4E700BF2C650020AC440408BE
S31508035B005E6E0408516E0408002310B504468360CC
S31508035B10818119464366C28108228361C0E900333D
S31508035B20C0E904335C3008F08CFA0D4B24626362D7
S31508035B300C4BA3620C4BE3620C4B23630C4B9C424A
S31508035B4006D003F16802944202D0D0339C4205D1B1
S31508035B5004F15800BDE8104008F07BBA10BD00BF39
S31508035B6081DF0308A3DF0308DBDF0308FFDF03087E
S31508035B70685E0020024A0349034808F044BA00BF96
S31508035B802065002011E303083065002041680C4BAB
S31508035B90994210B5044601D008F0BAFBA168094B2F
S31508035BA0994202D0204608F0B3FBE168064B9942B6
S31508035BB004D02046BDE8104008F0AABB10BD00BFBC
S31508035BC0685E0020D05E0020385F002010B50B4BBE
S31508035BD004210B4C0B4A20461A600022FFF794FF58
S31508035BE004F1680001220921FFF78EFF04F1D000B2
S31508035BF002221221BDE81040FFF786BFA05F0020EE
S31508035C00685E0020755B0308014808F023BA00BFE5
S31508035C1027630020014808F01EBA00BF2763002047
S31508035C2010B50446FFF7F0FF236A1BB1BDE8104021
S31508035C30FFF7F0BF044B2362044B1B68002BF5D117
S31508035C40FFF7C4FFF2E700BF8D5B0308A05F0020E0
S31508035C500EB403B503AB0146054853F8042B006895
S31508035C60019300F019F802B05DF804EB03B070472E
S31508035C702C65002038B50446064D08461146002211
S31508035C802A601A46D8F7EDFB431C02D12B6803B1E9
S31508035C90236038BDA45F00202DE9F04F0D469DB063
S31508035CA014469846064618B1036A0BB9FFF7B8FFB8
S31508035CB06B6ED90705D4AB899A0502D4A86D08F08B
S31508035CC0C9F9AB891B0701D52B699BB92946304608
S31508035CD000F0FAF870B16B6EDC0704D54FF0FF30AD
S31508035CE01DB0BDE8F08FAB899805F7D4A86D08F009
S31508035CF0B2F9F3E70023CDF80C804FF00109DFF87A
S31508035D00B481099320238DF8293030238DF82A305E
S31508035D1023469A4613F8012B0AB1252AF9D1BAEB79
S31508035D20040B0BD05B4622462946304608F0ABF9EE
S31508035D30013000F0A780099A5A4409929AF800306C
S31508035D40002B00F09F8000234FF0FF320AF1010A6F
S31508035D50049307938DF853301A93CDE905235446D4
S31508035D600522544814F8011B08F0FAFA049AD8B91C
S31508035D70D10644BF20238DF85330130744BF2B2382
S31508035D808DF853309AF800302A2B15D0079A5446C3
S31508035D9000204FF00A0C214611F8013B303B092B32
S31508035DA04BD9B0B1079214E0A0EB0803A24609FA4F
S31508035DB003F313430493D2E7039B191D1B68002BB4
S31508035DC00391BBBF5B4242F0020207930793B8BF36
S31508035DD0049223782E2B0AD163782A2B32D1039B7C
S31508035DE002341A1D1B6843EAE37303920593DFF82B
S31508035DF0D4A003222178504608F0B2FA38B1A0EBB2
S31508035E000A004022049B013482401343049314F886
S31508035E10011B062228488DF8281008F0A1FA002845
S31508035E203FD0264B1BBB039B073323F007030833DB
S31508035E300393099B3B4409936AE70CFB02320C461E
S31508035E400120A8E7002301344FF00A0C19460593ED
S31508035E50204610F8012B303A092A03D9002BC6D05D
S31508035E600591C4E70CFB012104460123F0E703ABC4
S31508035E702A4604A930460093114BAFF30080074620
S31508035E80781CD6D16B6ED90705D4AB899A0502D48B
S31508035E90A86D08F0E0F8AB895B063FF51FAF0998D4
S31508035EA01EE703AB2A4604A930460093044B00F0C9
S31508035EB061F8E4E78E6F0408986F04080000000091
S31508035EC087E00308946F040838B5294B05460C4642
S31508035ED0186818B1036A0BB9FFF7A2FEB4F90C30B8
S31508035EE0190722D4DA0607D409222A6043F04003A5
S31508035EF04FF0FF30A38133E0580712D5616B41B1E8
S31508035F0004F14403994202D02846DBF76EFC0023CA
S31508035F106363A38923F02403A381002363602369AE
S31508035F202360A38943F00803A38123694BB9A38993
S31508035F3003F42073B3F5007F03D02146284608F0FF
S31508035F4063FAB4F90C3013F001020AD00022A260F6
S31508035F5062695242A261226942B913F08000C5D12F
S31508035F6038BD990758BF6269A260F4E70020F7E7CE
S31508035F702C6500202DE9FF470F7E914680460C4687
S31508035F80782F9A460C9E01F1430207D8622F0AD846
S31508035F90002F00F0DD80582F00F0C38004F142067D
S31508035FA084F842703AE0A7F16303152BF6D801A1EA
S31508035FB051F823F00D600308216003089D5F030869
S31508035FC09D5F03089D5F03089D5F0308216003081F
S31508035FD09D5F03089D5F03089D5F03089D5F030894
S31508035FE037610308AF600308EF6003089D5F030882
S31508035FF09D5F0308596103089D5F0308AF600308A3
S315080360009D5F03089D5F0308F760030833681A1D3D
S315080360101B68326004F1420684F842300123A8E083
S3150803602031682368081D30601E0601D50D6803E034
S315080360305D06FBD5B1F90050002D616878DA2D208D
S315080360400029A16084F843002DDA6D425D480A23CE
S315080360501646B5FBF3F103FB1157C75D06F8017D39
S315080360602F460D46BB42F4D9082B0BD12368DF070D
S3150803607008D5236961689942DEBF302306F8013CD7
S3150803608006F1FF36921B22614B4603AA2146404678
S31508036090CDF800A008F047F801306FD14FF0FF3074
S315080360A004B0BDE8F08723F004032360CDE7216835
S315080360B03368080653F8045B02D4490648BFADB2F1
S315080360C06F2F33603F4814BF0A230823002184F83F
S315080360D043106668002EA660BADB216821F0040126
S315080360E02160002DB4D1002EB2D11646BCE7236831
S315080360F043F02003236078273348236884F84570E0
S315080361001F06316851F8045B02D45F0648BFADB277
S315080361103160D90744BF43F0200323601DB1102320
S31508036120D4E72848E9E7236823F020032360F6E742
S3150803613024480A23CDE733682568181D616930604A
S315080361402E061B6801D5196002E06806FBD519807F
S3150803615000231646236197E7336800211A1D326028
S315080361601E686268304608F0FBF808B1801B606059
S3150803617063682361002384F8433085E7236932463D
S3150803618049464046D047013088D023689B0714D434
S31508036190E068039B9842B8BF184681E70123324655
S315080361A049464046D04701303FF478AF0135E368A6
S315080361B003995B1AAB42F1DCEAE7002504F11906F9
S315080361C0F5E700BF9F6F0408B06F040838B50023CE
S315080361D0054D044608462B60D8F732F9431C02D10D
S315080361E02B6803B1236038BDA45F002038B5044685
S315080361F0064D0846114600222A601A46D8F72DF995
S31508036200431C02D12B6803B1236038BDA45F002069
S3150803621038B50446064D0846114600222A601A4632
S31508036220D8F71DF9431C02D12B6803B1236038BD87
S31508036230A45F0020024B0146186808F02EB900BF78
S315080362402C65002038B50023064D0446084611463A
S315080362502B60D8F7F9F8431C02D12B6803B12360E6
S3150803626038BD00BFA45F002038B50023054D04469A
S3150803627008462B60D8F7ECF8431C02D12B6803B108
S31508036280236038BDA45F002038B50023064D0446B5
S31508036290084611462B60D8F7DDF8431C02D12B6854
S315080362A003B1236038BD00BFA45F0020024B03443B
S315080362B0587800F0200070478D6E0408024B03449B
S315080362C0587800F0970070478D6E040807B5009359
S315080362D013460A4601460348006808F012F903B054
S315080362E05DF804FB2C6500200CB4184B30B50C1E66
S315080362F09DB01D6808DA8B234FF0FF302B601DB065
S31508036300BDE8304002B070474FF40273029006901E
S3150803631002A9ADF8143014BF04F1FF332346209ABB
S315080363202846049307934FF6FF73ADF8163021AB4F
S31508036330019300F00DF8431CBCBF8B232B60002C84
S31508036340DDD0029B00221A70D9E700BF2C65002016
S315080363502DE9F04F98468B899DB007461B060D46D7
S31508036360144610D50B6973B94021DBF733FA286055
S31508036370286130B90C233B604FF0FF301DB0BDE8F0
S31508036380F08F40236B610023CDF80C804FF0010991
S31508036390DFF8A081099320238DF8293030238DF85F
S315080363A02A3023469A4613F8012B0AB1252AF9D12E
S315080363B0BAEB040B0BD05B4622462946384608F04F
S315080363C009F9013000F0A780099A5A4409929AF804
S315080363D00030002B00F09F8000234FF0FF320AF1B4
S315080363E0010A049307938DF853301A93CDE90523CD
S315080363F0544605224F4814F8011B07F0B1FF049AC7
S31508036400D8B9D00644BF20238DF85330110744BFAB
S315080364102B238DF853309AF800302A2B15D0079A78
S31508036420544600204FF00A0C214611F8013B303B35
S31508036430092B4BD9B0B1079214E0A0EB0803A24687
S3150803644009FA03F313430493D2E7039B191D1B6845
S31508036450002B0391BBBF5B4242F0020207930793EB
S31508036460B8BF049223782E2B0AD163782A2B32D10C
S31508036470039B02341A1D1B6843EAE37303920593CD
S31508036480DFF8C0A003222178504607F069FF38B128
S31508036490A0EB0A004022049B013482401343049371
S315080364A014F8011B062224488DF8281007F058FF14
S315080364B0002836D0214B1BBB039B073323F0070366
S315080364C008330393099B334409936AE70CFB0232A7
S315080364D00C460120A8E7002301344FF00A0C19469D
S315080364E00593204610F8012B303A092A03D9002BC5
S315080364F0C6D00591C4E70CFB012104460123F0E746
S3150803650003AB2A4604A9384600930D4BAFF3008024
S31508036510421C0646D6D1AB895B063FF52DAF0998D3
S315080365202CE703AB2A4604A938460093044BFFF726
S3150803653021FDEDE78E6F0408986F0408000000003C
S31508036540D5E50308946F0408014808F0EDB800BFC1
S31508036550690345EC1046044A1368591E033102D8E9
S3150803656000211160184770477C650020034B1868A3
S31508036570034B002808BF1846704700BFA85F0020D2
S31508036580EC6F0408014808F086BA00BFB05F002024
S3150803659013B50B4C0229226005D10A4808F07BFA89
S315080365A0002002B010BD0A4600930146064B054873
S315080365B008F052FA003818BF01204000F1E700BF7F
S315080365C07C650020B05F002055650308014808F084
S315080365D073BA00BFB05F00200021014808F08EBAE5
S315080365E0B05F002008B5064B1B68013305D0FFF7DB
S315080365F0EDFF80F00100C0B208BD0020FCE700BF34
S315080366007C6500202DE9F843DFF860900646D9F843
S31508036610008008461746B8F1000F03D00E2420461B
S31508036620BDE8F88306B3336801331DD1E1B100F041
S3150803663075F805460028F1D0C9F8000000F0DAF825
S31508036640284608F078F8044640B14046C9F8008061
S3150803665000F0D0F8284608F069F8E0E73560002F1F
S31508036660DDD02846B847DAE72124D8E7AC5F00200F
S31508036670024B1868003818BF01207047AC5F00202A
S3150803668038B50C4601F044FEA3780B4A13705A1E1C
S3150803669055425541A8420CD0012B04D02846BDE8E3
S315080366A0384001F017BE204601F0E6FD0028F5D074
S315080366B038BD0020FCE700BF28630020002108B589
S315080366C0024B08465B689847002008BD986500207A
S315080366D010B5FFF74BFF0D4B0C461A1A534253419D
S315080366E08B4201D1002010BD094B1B683BB9094AEF
S315080366F0064B002C08BF1346074A1360F2E708F057
S3150803670000FB0028F3D00220EDE700BFC46F04089E
S31508036710AC5F0020EC6F0408A85F0020F8B50446B8
S315080367200AF018F8002607460E4B1B6893B19E68B5
S31508036730AEB196F82420D20711D435460FCC0FC52F
S315080367400FCC0FC523682B6096F8243043F001035A
S3150803675086F82430384609F0F8FF3046F8BD1B683A
S31508036760E4E700BF8C650020431E033306D8044BB9
S31508036770984228BF1846642838BF6420704700BF6C
S3150803678040420F0038B5184B05461B680C4603B143
S31508036790984744B1236833B11B68013303D0E368D0
S315080367A00BB1A36843B908F058FD00209122412193
S315080367B000F0DEFA212038BD204603F0F3F8002363
S315080367C00A4A85F84831C5E93A4313605360636951
S315080367D043B1074A42211068B322C31A58425841A3
S315080367E000F0C6FA0020E6E7046200208065002070
S315080367F03462002010B5044618B9054B054A1360E0
S3150803680010BD00F0E1FDD4F8F430002BF6D1F4E71F
S3150803681009E8030890650020084B10B4002A14BF42
S3150803682014461C46064B1C6019B15DF8044B07F069
S31508036830F8BF08465DF8044B704700BF09E803082C
S315080368409065002008B502460868FFF78DFF0860C3
S315080368504868FFF789FF48608868FFF785FF8860FF
S31508036860C868FFF781FF0B69C860581C03D00B483B
S31508036870834228BF03460B614B69581C03D007485C
S31508036880834228BF034688694B61FFF76DFFBDE85E
S3150803689008408861104601F07FBC00BF40420F00E4
S315080368A0D0F8EC302DE9F04105460C4613B1038EBA
S315080368B08B424CD0D5F8E830002B4BD09E68002E7F
S315080368C048D0D868002845D0013800B200281ADB1A
S315080368D0002106E0128A591CA24217D209B288423D
S315080368E011DB0B1803EBD3735B1003EBC30206EB45
S315080368F08202B2F80EC003F1FF3EA445EAD90FFAA5
S315080369008EF08842EDDA2120BDE8F0814FF6FF725A
S3150803691099B29142F7D09BB203EBC30306EB830606
S315080369202846B6F9122095F83C11D5F8FC80ECF701
S3150803693039FE0746B8F1000F04D00023324628462D
S315080369401946C0472C86C5F8EC6085F845710020C2
S31508036950BDE8F0810E20BDE8F08100BF2DE9F047C0
S3150803696082B004460F46164601F0D8FC002840F0CC
S315080369709C80654D2B68D4F8E890D4F8EC8013B165
S315080369804B4500F09F804FF0000AAF6002F0ECF928
S315080369900128074604D001210022084607F006FF0E
S315080369A0204608F065FB002858D12B68D9F8001053
S315080369B0D8F800201BB11868884200F0908020465A
S315080369C008F027FBBAF1000F11D086B9204601F06B
S315080369D0ADFF0546D4F89830002B38D1012F02D0E5
S315080369E0002D66D10025284602B0BDE8F087474B3F
S315080369F0C5F800901A78C5F804808DF80760002A50
S31508036A003BD1D4F8FC50002D71D0114620460DF128
S31508036A100703A847204601F089FF0546BAF1000F88
S31508036A2040D1B5FA85F040F205423321400900F01A
S31508036A309FF93146204602F09BF8354B05461B68FD
S31508036A40414620469847D4F89830002BC6D00022F2
S31508036A504FF40073204600F0C7FCBFE794F82530CF
S31508036A609A07A2D5D4F8A0305B059ED5294B0122F7
S31508036A70002120461B68984797E7D4F8EC30B4F909
S31508036A80481023B1B3F912309942A8BF19463246C2
S31508036A90204601F09FFE204601F048FF0546BAF15D
S31508036AA0000FBED0002EBCD194E70023164D6B60B1
S31508036AB060E7194B00215B6803209847284602B014
S31508036AC0BDE8F0876B68002B3FF45DAF43457FF461
S31508036AD05AAFAB689F4285D04FF0010A55E76968FC
S31508036AE019B1096891423FF46DAF596867E794F89D
S31508036AF02A1094F845313246994228BF194620464A
S31508036B0001F036FE86E700BF80650020506E040854
S31508036B10906500200862002098650020F8B50F46A6
S31508036B20054609F017FE394606462846FFF7B8FE16
S31508036B30044620B1304609F008FE2046F8BD02F0A7
S31508036B40F3F8224639462846FFF708FF0446002885
S31508036B50F0D1284608F08CFA0028EBD095F82530B2
S31508036B6013F002030DD0D5F8A0305B050DD5B5F8A3
S31508036B703631BB420BD0B5F83831DB1BB3FA83F396
S31508036B805B09044A82F8F430D4E72346F9E701237C
S31508036B90F7E700BF003E00B070B504460E4609F09D
S31508036BA0D9FD314605462046FFF7B8FF044620B906
S31508036BB0044B01465B6803209847284609F0C5FD40
S31508036BC0204670BD9865002070B5044600200D4622
S31508036BD008F047FB094B1B784BB9D4F8FC6036B170
S31508036BE029462046B446BDE870401A4660472946FA
S31508036BF02046BDE8704008F0FBB900BF506E040894
S31508036C0013B56946044607F082FE0C4B1B783BB165
S31508036C109DF800300C2B03D0B4F94E0002B010BD1A
S31508036C20204608F0AFF8FF28024605D020469DF80F
S31508036C300010ECF7B9FCF1E70148EFE7506E0408DA
S31508036C400080FFFF30B4064DBDF908402D781DB10D
S31508036C50029430BC08F0CFB90E2030BC704700BF91
S31508036C6031630020F0B507460E46154685B00AB9C6
S31508036C70D0F898502946384607F059FEEB0702D54F
S31508036C80384605F059F802F005FBEC46254B044651
S31508036C900FCB05F480358CE80F00002E2ED0FF2C81
S31508036CA00DD1336800937368019385B1009B013353
S31508036CB02ED122466146384607F01EFD0CE056F8EB
S31508036CC0242004AB03EB840343F8102CD5B92246DE
S31508036CD06146384608F05CFA70B96EB1FF2C0FBFEF
S31508036CE0009B04AB03EB840353F8103C05BF3360E6
S31508036CF0019B46F82430736005B0F0BD002DE6D03D
S31508036D00FF2CD3D004AB03EB840353F8103C00E009
S31508036D10019B0133CDD022466146384602F054FA28
S31508036D20DAE700BF2070040808B50B460249194084
S31508036D3007F0EFFD002008BD07001100024B18609D
S31508036D40024B1960FEE700BFC86100209465002066
S31508036D5038B5044D044C054B286021601A60FFF7CB
S31508036D60EDFF38BDC861002094650020CC61002082
S31508036D7010B550B90548064B016006480260186805
S31508036D80054B18601868FFF7E3FF10BD94650020EC
S31508036D90AC5F0020CC610020C8610020054B1B684E
S31508036DA00BB918467047834201D01B69F8E70120DF
S31508036DB0704700BFD4610020094A13680BB9184607
S31508036DC07047834207D11B6901201360054A13687C
S31508036DD0013B1360704703F110021B69EEE700BF1E
S31508036DE0D4610020D06100202DE9F74F064609F04B
S31508036DF0BAFCDFF82881012398F800B0DFF8209160
S31508036E000190BBF1000F06D089F8003003B0BDE846
S31508036E10F04F09F0A3BC3F4F88F8003089F800B05B
S31508036E2007F0A0FE08B107F09BFE3D683A495DB935
S31508036E30DFF8F0A0DAF800200024AA423B682ED82F
S31508036E404FF0FF3134483AE06B7D8BB12B68B34280
S31508036E5002D09A1B8A420BD96A6813442B60AB6823
S31508036E60003A18BF0122003B18BF01236A75AB75A8
S31508036E702D69DCE7907D20B1107D88429CBF0146D1
S31508036E8014461269002AF5D1002CD9D094E80B00D0
S31508036E90A275411AE268204698470135CAE71A4699
S31508036EA0FF21EFE75A7D4AB11A68B24224D0921BF2
S31508036EB0824221D8914201D311461C461B69002BF5
S31508036EC0F0D15CB12046FFF777FF38B13B683C60E9
S31508036ED02361DAF800300133CAF800303B685A7D7B
S31508036EE06AB907F03BFE064699F80030002B95D1A0
S31508036EF0019888F8003089E71C460021DEE7186800
S31508036F0000F0D2F8044607F029FE0646002C85D180
S31508036F10EAE700BFD4610020FCFFFFBF2A63002015
S31508036F2029630020D061002038B5054608B3182226
S31508036F30002107F086F809F016FC02462846FFF7F3
S31508036F402DFF20B1104609F009FC022038BD0A4B73
S31508036F501C6854B909491D600B68104601332C6136
S31508036F600B6009F0FBFB2046F0E704F110032469E4
S31508036F70EFE72120EAE700BFD4610020D0610020B3
S31508036F8038B50446FFF70AFF09F0EDFB0546204628
S31508036F90FFF704FF637D23B9284609F0DFFB0E20BC
S31508036FA038BD00236375064B1B68A34203D107F05C
S31508036FB0D5FDFFF719FF284609F0D0FB0020EFE7B8
S31508036FC0D46100202DE9F84FDDF828909846044649
S31508036FD00D469246FFF7E2FEDDF830B009F0C3FB33
S31508036FE0074607F0BBFD06462046FFF7D7FE637D37
S31508036FF023B12046FFF7C4FF0023A375BAF1010F97
S3150803700021D175B9B8F1000F1FD1B9F1000F03D01B
S315080370105A4631462046C847384609F09FFB0020A2
S3150803702017E035440C4BAA1B9A420ED80123637505
S315080370309DF82C30304684E820032375C4F80CB039
S31508037040FFF7D2FEE8E7AE42ECD1384609F086FBF5
S315080370502120BDE8F88F00BFFCFFFFBF2DE9F041F3
S3150803706007468846FFF79AFE09F07DFB3D68064604
S3150803707007F074FD7B7D7BB185420DD0094B2C1A35
S315080370809C4209D8304609F069FBB8F1010F08BFDD
S3150803709025462846BDE8F081304609F05FFB002502
S315080370A0F7E700BFFCFFFFBF0023024A194600F0BB
S315080370B095BA00BF27EB03082DE9F0418AB001AB67
S315080370C00C46054624221846134907F0D9F9002722
S315080370D0002C08BF0446384604F10C0690B95FFA3B
S315080370E087F842462846218807F0C5FF50B9424625
S315080370F02846E18807F0D0FF20B94246314628469C
S3150803710007F0DDFF0137032F06F1080604F1020431
S31508037110E4D10AB0BDE8F08154700408F0B589B02B
S3150803712005460E4601F0DAFE044600BB01AC06F13D
S315080371300C070FCF0FC497E8070084E8070001A9D7
S315080371402846FFF77FFB2846311D07F002FC044655
S3150803715048B92846074900F0D5FF044618B9284612
S3150803716001F086FE044628463168FFF7A5FF204648
S3150803717009B0F0BD4C700408024B0022196807F0E9
S31508037180F5BC00BFC06D040838B5094B5A68094BEE
S315080371909A420AD109F0DEFA054606F025FD0446A9
S315080371A0284609F0D2FA204638BD0024FBE700BF7B
S315080371B09865002035EC0308024BD868C0F30360D2
S315080371C0704700BF000002B810B5054C237823B1F9
S315080371D004F0F8F80020207010BD0E20FCE700BF6D
S315080371E02D63002008B504F0BBF80122014B0020EB
S315080371F01A7008BD2D6300202DE9FF478F78804656
S315080372000F2F0D4603D9212004B0BDE8F08727B90F
S3150803721001224A4B1A700020F6E70E784C7826BBF3
S31508037220002CF0D1E88803F095FAC30943EA4163D1
S31508037230C01A61EBD11103F0BFFAFF288146E2D0E9
S3150803724056EA0403A888DFF80CA113D003F026FB3B
S315080372504FF60403BAF8002001469A4268D1B442AD
S31508037260234638BF3346002431E0082ECBD8082CF2
S31508037270C9D8D7E703F012FB4FF60403BAF8002080
S3150803728001469A4208D12E4B1B6E9BB2934208BF06
S315080372904FF60503AAF80030B1F5803F284B0FD9FE
S315080372A002221A668022C3F88020082301241E4678
S315080372B049084FF6FF720139914228BF114608E083
S315080372C0012480221C66C3F8802008231E46002951
S315080372D0EFD1002202920122013FFFB200920197E9
S315080372E0324608F5827003F06BF91CB14FF480122D
S315080372F0144B5A6595F90310484603F079FA0221A7
S31508037300114BAA681A600D4B197098F82E30013B79
S315080373108B4280D8032301200C4AC2F850320C4B07
S31508037320C3F85002C2F864120422C3F8642272E74F
S3150803733003480266AAF8003091E700BF2B630020D2
S3150803734000C001B800D001B8E4610020006001B8AC
S31508037350005001B8D0650020F8B504460F46164616
S3150803736009F0F8F90546A047044620B1284609F06E
S31508037370ECF92046F8BD06F0DBF804220549D1F8F6
S31508037380083F23EA07033343C1F8083F024B5A640D
S31508037390ECE700BF003000B0002002B800F0180385
S315080373A0182B0BD003070BD440F2011310F010006F
S315080373B018BF1846034BC3F8940070470020F9E733
S315080373C00120F7E7003F00B038B10368044A002BF1
S315080373D008BF1346034A13607047014BFAE700BF19
S315080373E03DEC0308AC65002010B4D0E958412240AF
S315080373F00B4052EA030104D003495DF8044B0968BC
S3150803740008475DF8044B7047AC6500200F2938B56B
S3150803741005460C4610D801F0A7FC01280ED1084AE8
S315080374202846D2F8803023F00F032343C2F880306E
S3150803743007F0A3FE002038BD2120FCE70220FAE767
S31508037440003F00B008B50E4B5A6C12F0A00F01D0DE
S31508037450002008BD9B6C5B070FD40A4BD3F8083F83
S3150803746023F07F4323F0FF033BB1FFF7A5FE09286B
S31508037470EED00C3818BF0120EBE70120E9E700BF7F
S31508037480000002B8003000B0074A084B30B10221A9
S31508037490C2F864120422C3F8642270470421C2F8AE
S315080374A064120222F7E700BF006001B8005001B872
S315080374B070B50D46064620B91A4B1B68CBB10E208C
S315080374C016E001F051FC01282AD1174BD6F8F00033
S315080374D093F9004007F057FDC4F11C04241A641BF2
S315080374E0C4F12B03002BB8BF5B42232B0CDD2120F1
S315080374F070BD01F10F03002BB8BF5B42232BF6DCEB
S31508037500094B19700020F3E786F8285009F022F989
S31508037510054660B201F05EF8284609F016F9F1E768
S315080375200220E5E7AC5F00202C63002010B501F0CC
S31508037530B9FB04F0D7FB09F00DF90A4A0121D2F881
S31508037540D83E044623F02003C2F8D83E0222064B4F
S3150803755008469A60054B5B689847204609F0F5F894
S31508037560002010BD003000B0001002B89865002056
S3150803757008B507F064FB8022024BC3F89000024B60
S315080375801A6108BD003F00B0000002B8014B186835
S31508037590704700BFF061002037B509F0DBF8012317
S315080375A00022002400930023054619461046019439
S315080375B005F0BEFD052002F0C9FE064B21461C60F8
S315080375C0054B02205B689847284609F0BEF8204613
S315080375D003B030BDF8610020986500202DE9FF410E
S315080375E002290D4616469846039004D1FFF7D4FFA1
S315080375F004B0BDE8F08109F0ADF81E4F04463B68B8
S315080376003BB1B34205D009F0A0F8002321203B6023
S31508037610EEE7194B0022C3F800803E6000230126DB
S315080376204FF00008104619460196009605F080FDAE
S31508037630124B052083F8008002F088FE43462A464B
S31508037640052003A902F0A0FE0D4B039A1A6008B998
S315080376502046D8E70B4D2B689847212804D02046A7
S3150803766009F073F80020C3E731466B680220984790
S31508037670F5E700BFF8610020F46100202F630020BE
S31508037680F061002098650020044B5B6E9B044EBF97
S315080376900120034B187800F00100704700C001B8B9
S315080376A02F63002090F82730023B022B05D84B7C2A
S315080376B02BB1012B05D0022B05D007F03BBB0348A2
S315080376C07047034870470348704700BF20A1070067
S315080376D048E8010040420F000A78022A11D0101F19
S315080376E04242424152004B781201022B0BD0191F1A
S315080376F04B424B415B000549054842EA8312FFF7B3
S315080377002BBE0122EFE70123F5E700BFF0FFFF00D9
S31508037710B18D03080B78022B10D0181F434243413F
S315080377205B004A78022A0BD0111F4A424A4152008B
S315080377300F21044843EA8202FFF70EBE0123F0E74E
S315080377400122F5E7DD8D0308D0F8B03010B599426C
S3150803775004460ED0C0F8B01002F03EFA0649A4F863
S3150803776040010123054AD1F8FC1004F5827004F0A0
S3150803777045FC002010BD00BF004F00B0A43F00B079
S315080377802DE9F74304460F4615461E46FFF75AFEEC
S3150803779038B3A38A2BB3204607F03DF978B9754B5E
S315080377A0D3F8082F1EB10E2003B0BDE8F08302F00C
S315080377B03003102BF7D002F0C002402AF3D0DFF8CB
S315080377C0DC8104F08FFAD8F81430D907EBD508F022
S315080377D0C1FF0646032002F0C5FE20B1304608F075
S315080377E0B4FF0220E0E7D8F8142012F00608F5D112
S315080377F0304608F0AAFF5F4B4FF400612046D3F8E2
S31508037800089FD3F8E06E05F0F9FF40B14FF4007214
S315080378100121594B08465A64424606F0C7FF94F8B5
S3150803782025309A0707D5D4F8A0305B0542BF4FF435
S315080378300022524B5A6439462046FFF76FF94D4BDF
S31508037840C3F8089FC3F8E06E0028ADD194F8243036
S31508037850980601D4002D4ED0C5F3400004F04CFE23
S31508037860022315F4807F1FBF444A002153644FF057
S315080378703A420BBF404A91615364536305F058FE7D
S315080378804FF4806315F0040F14BF3D4A3D4A3A4E40
S315080378901365042328467364FFF780FD204607F023
S315080378A093FA38B14FF4807315F0010F16BF334AB4
S315080378B073645364A90647D54FF6FF72B4F842308A
S315080378C093420FD0304A3149526F100CC2F301125A
S315080378D00132B3FBF2F30880294A2A492C481B04D0
S315080378E048675367003D18BF012594F8243065F3AC
S315080378F0451384F82430204607F0BAFBF0B1204636
S3150803790007F062FAD0B14FF40031204605F076FF4E
S31508037910431C03229BB21F4801A907F095FC9DF857
S31508037920042002F00703052B9DF8053015D112072D
S315080379300DD443F48073184AC2F8E830002003B024
S31508037940BDE8F04307F08DBC01F0CEF9CAE713F0A2
S31508037950040F09D19DF80630EBE703F03002202A1D
S3150803796005D113F0010FF4E74FF48073E3E79DF8AD
S315080379700630E0E7003000B0002002B8001002B875
S31508037980005001B8006001B8004001B8D265002074
S315080379900000FFFF0C0000BA003E00B000C001B8AB
S315080379A02DE9F3410646884615461F4608F0D2FEDA
S315080379B00446032002F0D6FD38B1204608F0C5FE7A
S315080379C00E24204602B0BDE8F081042002F0CAFD69
S315080379D00028F2D1204608F0B8FE01232A4641467C
S315080379E03046FFF7CDFE04460028EAD1DFF8C88003
S315080379F077B188F8000039463046FFF7FDFB0028C3
S31508037A004CD198F80030012B08D104F089FCD8E74B
S31508037A1098F80030002BF4D12124D2E72022204BFA
S31508037A2001205A641F4BD3F89030B3F5817F22BFE8
S31508037A3080221D4B1A6107F030FC08F08BFE1B4BA6
S31508037A4006461B6801935BB902F00CFE15F0800528
S31508037A5018D1012002F062FE284604F04BFC17E019
S31508037A60042002F073FC00230122042001A902F07A
S31508037A708BFC0028E8D104F079FD2124304608F070
S31508037A8064FE9EE700220A4B01209A6702F046FE2F
S31508037A90084B01215B6800209847EFE7044690E707
S31508037AA0001002B8003F00B0000002B8E4610020ED
S31508037AB000C001B8986500202B63002010B50C465A
S31508037AC019B107F0D5FA00B10434204602F0E6FEF0
S31508037AD0024B4042C3F8F80E002010BD003000B038
S31508037AE0C38E70B593420C4615461CD3036D8B4261
S31508037AF008BF002408F02EFE0646FFF75DFBC31FEA
S31508037B00DBB2022B01D90C2803D1084B5B6C9B0310
S31508037B1004D401222946204601F0F4FC304608F035
S31508037B2014FE002070BD2120FCE700BF000002B848
S31508037B302DE9F0410B460646154611B92120BDE845
S31508037B40F081002AFAD0032905D8002201F04CFE59
S31508037B5003460028F2D01C889A78B4F5804F02F0C1
S31508037B60070180F08480A1F1070C1879DF88DCF11E
S31508037B70000343EB0C0305292B7394BF0023C2F3BD
S31508037B800013C2F3801C6B73930985F810C003F0C6
S31508037B900203C2F3C00C43EA0C03C2F34012E874AF
S31508037BA06B74AA74D6F8A030AF82D8064BD40639BC
S31508037BB0012948D8B6F81280F76908F1FF38083C56
S31508037BC004EA0804395D002080290CBF6FF07F01A1
S31508037BD03239284B18BF49B25B6DA973A86096F86A
S31508037BE027300134FF2B04EA08040BD13B5D5B0104
S31508037BF003F47E63FF2B9CBFDB43D8B2D6F8F83079
S31508037C0003B19847631CE87303EA0803F95C013375
S31508037C1003EA0803FA5C013303EA080341EA02218B
S31508037C20FA5C013303EA0803F85C41EA02410023DC
S31508037C3041EA00616A7C304604F044FA0623286068
S31508037C40AB7100207BE700230020EB730A4BDA694C
S31508037C50C2F30723120448BF63F0FF035AB212F1B3
S31508037C60800F1CBF323B5AB2AA730346E7E70220CA
S31508037C7065E700BF004000B800C000B870B5064607
S31508037C800C468D88FFF70EFD96F82720617C042A9B
S31508037C904FEAC5031DD1012998BF0333E0B1B3F5F4
S31508037CA0803F19D84FF22441420901FB03220009F8
S31508037CB0B2FBF0F2236800209B1A084A2360D2F825
S31508037CC0C42002F01F02A3EBC20323600523A3719A
S31508037CD070BD023A012ADFE70220F9E7003E00B049
S31508037CE0F8B507460D4614468BB107F090F92946B1
S31508037CF03846BE8A01F0BAF9B44228BF3446A4B25C
S31508037D0022462946044801F02FFB2046F8BD07F012
S31508037D1079F80646F0E700BF0C0000BA082310B14D
S31508037D20024A53647047024AFBE700BF001002B8D1
S31508037D30002002B82DE9F743DDF82880074689466F
S31508037D4016461D4608F006FD0446032002F00AFC03
S31508037D5038B1204608F0F9FC0E24204603B0BDE8E6
S31508037D60F083534B20465B6913F0060FF2D108F0F4
S31508037D70ECFC0123324649463846FFF701FD044623
S31508037D800028EAD1002D7FD0B8F1000F7CD0DFF8A8
S31508037D903C91D9F80030002B47DB04224FF43451C9
S31508037DA0D9F80000D8F736FFD0220021D9F8000009
S31508037DB0D8F735FF4FF480723D4B414638469A65EE
S31508037DC0FFF71AFA04460028C7D13A4B1B78012B4A
S31508037DD05AD02022384B01205A64384BD3F89030B6
S31508037DE0B3F5817F22BF8022354B1A6107F055FA16
S31508037DF008F0B0FC334A8046136813B329682C7914
S31508037E000B4413600193E3B1042002F09FFA0023A5
S31508037E102246042001A902F0B7FA90B904F0A6FB9A
S31508037E202124404608F091FC97E701213B20D8F727
S31508037E301FFA2046D8F77CFE0028C9F80000ACDAFA
S31508037E408AE702F00FFC16F080001FD00022184BB9
S31508037E509A676879431E58425841FFF75FFF2A79A4
S31508037E602B68012AD7F8141101D18B4211D35B1A57
S31508037E7001930320082301A902F086FA58B904F0EE
S31508037E8075FB404608F061FC212466E704F032FAE4
S31508037E90DFE70023ECE70C4D2B68984721280446B7
S31508037EA0BFD1012100206B6898470024B9E700BFBA
S31508037EB000C001B82B630020001002B8003F00B0D1
S31508037EC0000002B8E461002098650020A065002040
S31508037ED0054A12681AB190F82A1119B910470846C3
S31508037EE002F0D4BF01487047DC61002000FEFFFFA3
S31508037EF0394B2DE9F3471C6801F4007900F00103B7
S31508037F00174653EA090206460D463FD04FF00008C6
S31508037F108BB30023002201200021CDF80480CDF87D
S31508037F20008005F005F941462046FFF7D1FF0122F7
S31508037F304FF0FF3A41466086DFF8B080104606F0F8
S31508037F4035FCD4F8A01094F8270003F045F8D8F8C0
S31508037F50000000F077FAC8F800A0DFF89480D8F894
S31508037F60000000F07DFA94F82430C8F800A043F026
S31508037F70040384F82430B9F1000F07D00121204601
S31508037F8007F03EFA25F4007506430D432B463246A1
S31508037F902046FFF729FAFB070FD51049104A086848
S31508037FA000211368116001210E4A117003B1984725
S31508037FB00D4B002102205B68984717F00E0F08D077
S31508037FC040F2C7123B21002002B0BDE8F047FEF796
S31508037FD0CFBE02B0BDE8F087AC5F0020F461002095
S31508037FE0F86100202F63002098650020A86500200B
S31508037FF0A465002008B558220021064806F021F892
S315080380001022FF21044806F01CF805F03BFC00206B
S3150803801008BD00BF0C3F00B0503F00B073B5314AEE
S315080380203149137809784FF0FF350B4386211370CE
S31508038030A0F820116F228221C0F80C21C0E944124E
S315080380406422C0E9462240F2FF320C2382854FF4AC
S315080380500042002680F83C314FF6FF730446A0F829
S315080380604820224A0386026400F154020265204A24
S31508038070C3844263C0F8B0504585856380F8286099
S3150803808004F0FAF82046FFF7B5FF0122194B2046FC
S31508038090C3F8382294F92810FFF70AFA6023164A18
S315080380A041F6FF71D3644FF03A4211631167134ADD
S315080380B02946D3644022124B20465A64D4F8A0209A
S315080380C006F013FE0E2300220193009340F20223C7
S315080380D01046194605F02CF801F01AFD304602B091
S315080380E070BD00BF31630020506E04080700FFFF10
S315080380F0FFFF4000005001B8004000B8005000B828
S31508038100002002B810B50C46FFF774FFC4B1A37874
S31508038110082B17D8E278082A14D843EA021313F06F
S31508038120FF030CBF19466168074AD160217882F8B4
S315080381306010617882F8633082F8611005F0A2FB5B
S31508038140002010BD2120FCE7003F00B0012A10B52E
S3150803815012D8032B10D803EB82020123074C934052
S3150803816094F86200DBB221B10343002084F862303D
S3150803817010BD20EA0303F8E72120F9E7003F00B022
S31508038180044BD3F8083F13F0806F14BF2320002055
S31508038190704700BF003000B00246F8B5B0F840415A
S315080381A000F58275FFF7ECFF0B688E68013304BF91
S315080381B0D2F80C310B604B68013304BFD2F818317F
S315080381C04B60771C3FD1D2F81431CF688B607E1C85
S315080381D040D1D2F810610F69CE60013704BFD2F8D7
S315080381E004710F614F69013704BFD2F808714F61F3
S315080381F08F69013704BFD2F81C718F618F6987BBFA
S31508038200C0F1640408688C6110B16F2838BF6F2009
S31508038210C2F814314B68C2F80C01C2F818310B695D
S315080382202846C2F804314B691149C2F81061C2F8ED
S315080382301C41C2F80831D1F8FC1007230D4A03F094
S31508038240DDFE0020F8BD04F16F031B1AB34238BFE5
S315080382503346BAE704F18606361ABE4238BF3E46A7
S31508038260B9E76F34241ABC4238BF3C46CAE700BF95
S31508038270004F00B0A43F00B038B5054C054B417814
S3150803828000782568236002F0C1FF00B1256038BD78
S31508038290FC6100208070040838B508F05BFA0546CF
S315080382A000F062FD012805D0284608F04EFA02249C
S315080382B0204638BDFEF780FF0028F1D1044BDC6861
S315080382C014F08054ECD1284608F03FFAF0E700BFD3
S315080382D0000002B80A4B10B51B68044673B1094B74
S315080382E048B10121084A1A60022003F011FD002053
S315080382F0064B1C7010BD01461860F5E70220F9E726
S31508038300FC610020006200207870040830630020B6
S31508038310014B1878704700BF306300204FF40022E2
S31508038320034B586C03F500535A64C0F3C0407047B7
S31508038330000002B8024B586900F00100704700BFFD
S3150803834000C001B808B50D4B5A69D10710D518B93D
S31508038350BDE8084001F0D6BF5B69DA070DD401F022
S31508038360C3FF0323064A1364A2F58052536404E049
S315080383705B69DB0701D40028F1D108BD00C001B849
S3150803838000A0095030B56FF040440E4D2040C5F8A3
S3150803839050420D4CD2B2C4F850024FF0FF30C5F824
S315080383A05402C4F85412FF21C5F86412C4F86422AF
S315080383B00649074A0020C2F8C810A2F58052C2F837
S315080383C0C83030BD006001B8005001B80000FFFF97
S315080383D000E000B890F92430002B0CDA4FF08053F4
S315080383E0064A29B19360A2F58052D36000207047EC
S315080383F0D3609360FAE70E20704700BF006001B8A8
S315080384004FF0806310B1024A53617047014AFBE794
S31508038410001002B8002002B8202350B1064AC2F859
S31508038420F433064B196C11F0010104D1032003F050
S315080384306FBC034AF3E77047001002B800C002B8DE
S31508038440002002B8431C07D06FF0FF02034B10400D
S315080384505A62A3F580535862704700BF00E000B81C
S31508038460431C06D06FF07E42024BDA63A3F58053B2
S31508038470D863704700E000B8014BD3F8840070470F
S31508038480003F00B0024B0020C3F88410704700BFBA
S31508038490003F00B003282DE9F74F0C4691467ED8D6
S315080384A0404B13F800A0404B1E5C404B13F800B03A
S315080384B008F050F9804605F005F8074640B1002351
S315080384C000220193009301200023002104F030FECB
S315080384D005F000F848B10023002201930093002019
S315080384E000234FF4004104F023FE002E4AD0304BFC
S315080384F0DD6C05F008050AEB06002E4B23305844BD
S31508038500DD64C0B201F05CFE3146504605F028F83A
S315080385105A463146504605F091F8274BDD649FB11C
S315080385204FF0FF35254B1B68D3F8A01093F82700A7
S3150803853002F052FD22490868FFF784FF0D602149BE
S315080385400868FFF78DFF0D60B9F1000F04D01E4BC5
S31508038550002103205B689847B4B14FF400521B4BC4
S315080385601D6F03F50053C5F340351A67404608F0F7
S31508038570ECF800F0F9FB012808D15DB9002003B037
S31508038580BDE8F08F3546B6E72546EFE7002CF0D170
S315080385900520F4E74FF400520D4B1A67EEE7212046
S315080385A0EDE700BF987004089470040890700408F7
S315080385B0004000B8006000B8005000B8AC5F002067
S315080385C0A8650020A46500209865002000C001B8AE
S315080385D000D001B8054AC002136A00F4FF2023F449
S315080385E0FF23184310620020704700BF00C000B87D
S315080385F0094B08461A6D91020BD4D3F84021D207CA
S3150803860008D4D3F8803013F4706F14BF0120002008
S3150803861070470120704700BF004001B8F8B50D4602
S31508038620144601F00B0323EA0201494A2340D164A5
S315080386306F07A2F580520646D36410D50121FFF7CA
S31508038640D7FF60B104F074FF4FF4007314F0040FFE
S3150803865014BF404A404A13650422404B5A64E9064C
S3150803866006D514F0100F14BF00221B223C4B5A6583
S315080386702A0618D5230611D54FF40012354BDA64AA
S3150803868008F068F80E210746032002F0DDFB40F2E6
S315080386900122334B3846DA6208F057F8214696F832
S315080386A0270002F099FCEF0503D5E00538D502F05B
S315080386B063FCA90503D5A20535D502F069FC15F4B3
S315080386C08C6F18D014F4806232D096F825309B0745
S315080386D00CD5328EB6F83631934227D0B6F83831F0
S315080386E09F1A7B427B411F4A82F8F4303046D6F8FC
S315080386F0F010FEF73DFF2B0510D504F019FF1A4AB3
S3150803870014F4006FD2F8083F14BF43F0006323F054
S315080387100063C2F8083F0422104B5A640020F8BDD0
S3150803872002F024FCC5E702F02DFCC8E70123DAE7CB
S315080387306805DBD596F825309907D7D5094B114631
S3150803874083F8F420094B30461B689847CEE700BFE9
S31508038750006000B8005001B8006001B8002002B8F4
S31508038760004000B8003E00B0003000B008620020A8
S3150803877070B5054690F83C010C460C2822D0FF2913
S3150803878001D1212070BD1AB14FF0FF320F4B1A6089
S3150803879006F06BFD064695F83C0101F00FFA844294
S315080387A028BF0446E4B2B44238BF3446E0B285F87B
S315080387B02B0001F02FFB064A0346107820B9FF2B3E
S315080387C0E0D1DEE70220DDE70020DBE7B465002021
S315080387D0506E04087FB51C4B04461B780E46154697
S315080387E00BB3D0F8EC306BB302AAB3F9123000928C
S315080387F00022EAF765FE02992046C1F3813106F0A5
S31508038800D3FB70B9BDF90C30029902460093C1F344
S315080388100D0103462046FEF715FA2946204606F0BB
S315080388202CFD04B070BD02A906F071F832469DF816
S3150803883008102046EAF7B6FE2A4601462046FFF701
S3150803884097FFEEE71846ECE7506E0408F8B50D46B1
S3150803885090F83C1104460C29174603D12E4B1B7876
S31508038860002B51D02A462046A4F84850EAF79AFE28
S31508038870D4F8EC3084F82A00002B41D0274A16781E
S31508038880D4F8FC204EB1002A40D1B4F94800B3F914
S315080388901210884206DC002607E0BABB94F8452185
S315080388A0824202D20126B3F91250002229462046F3
S315080388B084F82D70FFF78EFF08BB76B1C4F8EC0079
S315080388C0204605F0EDFF4FF6FF739842014615D093
S315080388D02046BDE8F840FEF721B9114B1B7813F083
S315080388E0FD0F0BD1204601F077F90E4901230E4AF5
S315080388F0D1F8FC1004F5827003F080FB0020F8BD64
S31508038900FF2384F82B30F9E70220F8E7B4F944107B
S31508038910B3F912209142BDE7506E04083163002073
S31508038920D4650020004F00B0A43F00B0F0B504465C
S315080389308FB000F007FCD4F8A8300546012B00D009
S3150803894010B128460FB0F0BD7549204606F0ECFC79
S31508038950D4F8EC600146258EC4F8F0003EB13368BE
S315080389602BB15B681BB11A68032A00F2B58007F0BE
S31508038970F1FED4F8F030002B7BD01A68032A78D995
S315080389809F6A7F0E07F0E1FED4F8F010B3898DF8DD
S315080389900E70B0687268EB1A9BB200FB032261483B
S315080389A0ADF80C3003680292994202D02046FEF7CE
S315080389B0DFFD5D4D5D4E00F0D7F90128FBD12B6C29
S315080389C0DB07F8D4736CDF01F5D4D4F8F01020462E
S315080389D00D919DF80E20029908AB02F0A5FF002819
S315080389E05AD100F0C1F90128FBD1504A4E49536CBC
S315080389F0D801FCD40B6CDB07F9D408A901A803F04A
S31508038A0019F90546002847D1228E494B5A6494F82A
S31508038A10243060F3410384F8243000F03BFCD4F897
S31508038A20EC305969431E0E68DBB2FD2B049637D822
S31508038A304B680128059343D10126DF1C06D9013368
S31508038A403C4B5B6859D0DA1C54D80593024604A9F3
S31508038A50204600F0B9FB002E7FF473AFD4F86431D7
S31508038A6099053CD494F8243043F0020384F824305F
S31508038A7067E72F4BDB6BC3F3C20213F0380F03F020
S31508038A80070718BF574313F4E07FC3F382123FF473
S31508038A9079AF02FB07F775E7022528460FB0F0BD45
S31508038AA0F71C13D9234B01361B6818BF0126DA1C9A
S31508038AB01BD804934B68FF280593BED00020C5E74F
S31508038AC00246204604A900F07FFB3AE74B68FF28D5
S31508038AD00593B1D02A46F4E79F6A7F0E56E72046E8
S31508038AE04FF4803106F08CFC2BE7FF284B6813D034
S31508038AF00593B0E7FF28AED1E0E7DE1C06D80246A9
S31508038B00204604A9059300F05FFBA7E7FF28A5D134
S31508038B100022204604A9F6E7012005938DE700BF46
S31508038B20FC4F00B0E061002000C002B8000002B8A4
S31508038B30008001B8BC65002010B504234FF03A4104
S31508038B4001240A4AD1F81801C2F81831C2F81431B7
S31508038B504C634FF400511163410742BFC2F8143105
S31508038B60A2F58052C2F8183110BD00BF002000BA22
S31508038B702DE9F04104460E4619B990F824305906F2
S31508038B8056D44FF6FF73A18ED4F8F070994204D0E9
S31508038B90394B1B680BB120469847384D2B68BB42A7
S31508038BA062D0374B1B6833B1002F60D0396801B1E7
S31508038BB0B968204698474FF00708204601F00CF895
S31508038BC0002E46D02F4B93F90030C3F11C0317B17F
S31508038BD097F926209B1A06202B4994F928600A6AD6
S31508038BE09B1BDB0222F4FF2203F4FF2313430B62CE
S31508038BF0D4F8F020254B2A60986701F0B7F90125C8
S31508038C000022234B234920460D7083F89C2006F047
S31508038C10B4FA214B5B6C5A0203D4D4F8A0301B0672
S31508038C2003D54FF400121D4BDA640020BDE8F0812A
S31508038C304FF6FF71114DD0F8F0702A6866F3861364
S31508038C40BA42818680F82430ABD100F0C5FF4FF0D5
S31508038C500108134A4346D2F8FC1004F58270A2F6BB
S31508038C605C7203F0CBF9ADE74FF00108A5E7394687
S31508038C70204698479FE700BFEC610020E06100208B
S31508038C80E86100202C63002000C000B8006000B82B
S31508038C90003F00B02E630020000002B8005001B860
S31508038CA0004F00B010B50446D0F824210B4B4FF4FF
S31508038CB00061C3F8DC2090F82420D20102F4006294
S31508038CC004F088FD94F8243013F0100F4FF4007362
S31508038CD014BF034A034A536410BD00BF003E00B0E5
S31508038CE0001002B8002002B838B507F033FD4FF676
S31508038CF0FF710A4A13888B4203D107F026FD0E201B
S31508038D0038BD074C074D1B046567A4F58054636794
S31508038D10118007F01AFD0020F2E700BFD265002094
S31508038D20006001B80000FFFF08B50C4BD3F84C21CF
S31508038D30531C11D012F080420ED1094B1B681BB18C
S31508038D4011460320FFF7A6FB4FF08062054B1A6511
S31508038D5001225A6102229A6208BD00BF0080E00F11
S31508038D60AC5F0020001002B80F4BDB68C3F3036344
S31508038D70013B0B2B0FD8DFE803F006060C060606A5
S31508038D8006080A08080802207047042070470520C9
S31508038D90704703207047054B5B6913F0060F0CBF3A
S31508038DA001200420704700BF000002B800C001B8C4
S31508038DB0094AD368C3F303630B2B08D06FF49050A7
S31508038DC0184100F0010080F0010040007047506C24
S31508038DD010F48030EDD17047000002B80C490D4AF3
S31508038DE0CB68C3F30363062B07D8042BD8B20BD877
S31508038DF0C31E5842584140007047072B06D1D1F885
S31508038E0068011040ECD17047022070470020704774
S31508038E10000002B85FFFF9FF094BDB68C3F303637E
S31508038E209A1E012A8CBF00220122012B02701EBF43
S31508038E304FF4026222FA03F303F001030B7070473F
S31508038E40000002B8094AD368C3F30363032B01D0AE
S31508038E50072B08D1936CDB0605D4D06C80F0080089
S31508038E60C0F3C00070470020704700BF000002B877
S31508038E7010B5FF224FF6FF71044606F0FCF868B9F1
S31508038E80FF224FF6FF71204606F006F930B9204651
S31508038E90BDE81040FF22024906F011B910BD00BF14
S31508038EA0A470040810B55B0743EA02439DF808203B
S31508038EB043EAC163520502F0BC621A43064942F407
S31508038EC0C872044604F086FC002220461146FEF7C3
S31508038ED007FE002010BD00BF9007E12D37B50C46ED
S31508038EE005460B4B1A680B4B19680B4B186801F0B0
S31508038EF0E9FD94F828302846009394F82B3094F823
S31508038F00292094F82A10FFF7CDFF03B030BD00BF20
S31508038F1098620020946200209C62002008B5FFF73F
S31508038F2091FF88B1094BDA6912030DD5586C10F411
S31508038F30003009D1DB6C13F0100F4FF010030CBF90
S31508038F40034A044AD36408BD0220FCE7000002B8BA
S31508038F50001002B8002002B838B50546FFF772FFBD
S31508038F6098B10B4B5C6C14F400340ED10220094BF8
S31508038F70094A1B681B6DD0642246AB4214BF2846B8
S31508038F80002000F0BFFA204638BD0224FBE700BFE5
S31508038F90000002B8AC5F0020001002B838B54B1EBB
S31508038FA0012B05460C4616D8022915BF00220122B5
S31508038FB0022100210A480A430A4B0B49FFF7E2F943
S31508038FC0003C18BF012495F82430002064F3C71326
S31508038FD085F8243038BD002204481146EBE700BF64
S31508038FE091D106190000E2EC9E0C4B5490D1061958
S31508038FF004292DE9F04104460F462ED84E1EF6B233
S31508039000032E8BBF0025164BA84613F806809CBF74
S31508039010144B9D5D06F02CF880B94FF000084FF409
S3150803902060320020104B6D045A6245EAC835A3F531
S3150803903080535D6284F82E70BDE8F0812046FFF701
S315080390401BFA80B28428E8D8022EE8D894F82410AC
S315080390502046C909FFF7A2FFE1E72120ECE700BF95
S31508039060A07004089C70040800E000B810B590F8D6
S315080390702700FF2814D0304BD3F8BC2012F0060F74
S3150803908001D001280DD94FF470622C4BDA604FF4E6
S315080390908072A3F58053DA600022274BC3F8B82001
S315080390A010BD02F0020412F0040202D00B789B06EC
S315080390B037D4002C39D00B7803F00F03072B34D1A0
S315080390C04B78022B31D98B7813F03E0F2DD0CC7801
S315080390D014F0040F29D014F0010F0CBF04230A233C
S315080390E0A40748BF0633CB5CFBB1002A14BF022290
S315080390F00122012840F6FF7003F01F0108BF49004B
S31508039100013940EA01310E4801654FF470600B4995
S315080391101202C860A1F58051CA60074AC2F8B8307E
S31508039120BEE7002CC7D18B7823B90023044A1365FD
S315080391300122EAE70222DCE7003E00B0006000B83D
S31508039140004000B810B590F82710012903D8174B2B
S31508039150D3F8B4300BB1002010BD028E272A22D8CB
S31508039160134B14481B68834219D031241248181A22
S31508039170434243415B000D48A0F8CE405024634365
S31508039180282404FB01330D491944895CFA31A0F8F4
S31508039190D4100B490B449A5C0A4B1A70DBE76FF041
S315080391A003040123E7E70E20D6E700BF003E00B01D
S315080391B03462002000F04902005A620234AF040800
S315080391C044AE04085463002010B5124B0C68C3F868
S315080391D07842C3F87C42C8B1D0F8EC30B3B15B69C6
S315080391E0A3B1501EC0B2FD2812D9013404BF6FF0D3
S315080391F0010008600868FF2A186007D14A68013227
S3150803920002D16FF001024A604A685A60002010BD15
S31508039210012AF2E7004001B8F0B585B06D460E465F
S315080392200F4B074614460FCB85E80F000D4BD3F8B3
S3150803923048020090D3F84C2201923EB1631EDBB27A
S31508039240FD2B0AD93060FF2C00D1726022462946CD
S315080392503846FFF7B9FF05B0F0BD012CF4E700BFA8
S31508039260AC7004080080E00FFF2818BFC3434FF013
S31508039270180108BF1023064A18BFDB00C2F8FC13FF
S3150803928018BF03F00803A2F58052C2F8FC337047EF
S31508039290002002B8024BD3F8F807C0F3C040704762
S315080392A0000002B84FF03A43D3F81421D2031ED56F
S315080392B04FF480320E49C1F81421A1F58051C1F843
S315080392C018215A6DD1B2C2F30722C3F8A410C3F802
S315080392D0A4200422C3F8A4200022C3F8A420C3F8B8
S315080392E0A420C3F8A420C3F8A420C3F8A420704775
S315080392F0002000BAF0220B4B01219A64A022A3F5A1
S3150803930080539A644FF03A43026DC3F8F410FC2174
S31508039310C3F8CC10C3F8D0204FF40052C3F8F0209A
S31508039320704700BF006000B8F8B54FF03A440D46E1
S315080393301746064607F00EFA012304226363084B11
S31508039340E76026616561C3F814214FF00042054BB7
S31508039350C3F8802107F0F9F90DB102236363F8BD59
S31508039360002000BA00E100E02DE9F041054601249A
S31508039370006800F00700063004FA00F3A868EC68F2
S315080393805E1EA04200F0928000EA06076C6810444D
S315080393901E430640D81B07EB040C8242644638D9A1
S315080393A0D31AFA18A0B3431E062B74D941EA0C0341
S315080393B09B0770D14B1CACEB0303022B6BD90B46F3
S315080393C020F0030E8E44ACEB01071C68DC51043312
S315080393D09E45FAD120F0030310F0030F01EB030EA9
S315080393E0A0EB03040CEB030700F0888011F8038055
S315080393F0012C0CF8038000F081809EF80130022CC2
S315080394007B7018BF9EF80230084418BFBB7001462C
S315080394106C685AB3531E062B01F101032FD9E01AC0
S3150803942002282CD941EA0400800728D1234622F0D2
S31508039430030CA444081F50F8047F43F8047B6345D0
S31508039440F9D122F00303D01A920701EB030C04EBBC
S3150803945003070BD0CA5C0128E25407D09CF80130F5
S3150803946002287B7002D09CF80230BB7007F072F9B1
S315080394700223AE60AB62BDE8F04107F066B90A4461
S3150803948004F1FF3C00E0013313F8011C93420CF886
S31508039490011FF8D1EAE70B460844ACEB0107D919D3
S315080394A013F8014B83420C70F9D1B0E7042A0DD99E
S315080394B00878043AA86148780431A86111F8020CBF
S315080394C0A86111F8010CA861A8685DE7013A032AA7
S315080394D012D8DFE802F00F1507020B4613F8012B23
S315080394E01946AA610A4612F8013BAB61114611F8FF
S315080394F0013BAB610B78AB61BDE8F081084486E7B5
S315080395000A46F3E738B50B46154601464FF03A4483
S3150803951068B101221048C4F8F4201A46FFF724FF5D
S3150803952025B14FF03A430422C3F8F42038BD73B18A
S31508039530D4F8D8209A4284BF0122C4F8F4204FF005
S315080395403A42C2F8D4300223C2F8F430E8E70123DA
S31508039550C4F8F430E4E700BFCC0000BA38B50446D3
S3150803956007F0F8F84FF03A420121A38F05465167F1
S315080395704BB3B3FA83F3C3F11903DBB2A069C2F899
S31508039580B410C2F88C300723C2F89000C2F8B03082
S315080395904FF4A02302F50052C2F81431A2F5805203
S315080395A0C2F8183100220D4B1A600D4B5B6C5B0237
S315080395B009D54FF480020B4B5A64D4F8A01094F8DB
S315080395C0270001F009FD0023E38707232846A4F8AB
S315080395D04030BDE8384007F0B8B800BF1062002035
S315080395E0000002B8002002B82DE9F84305460C46E8
S315080395F0B1B1D0F81880878F07F0ACF8B5F83EC03C
S31508039600791E01EA0C0323F00702032C0646DFF84A
S3150803961000E1424461D1DEF8004024B907F095F829
S315080396200E20BDE8F88324F00104DEF8000020F0DC
S315080396300100A04256D10023CEF800302388944275
S315080396406FEA43436FEA5343238041D1B5F8403069
S3150803965008EB07091846083880B202F108044C4596
S3150803966028BF4446082804D9B4F800E0BEF5804F5D
S3150803967043D263440F431B1A3B409BB2EB87A5F8BF
S315080396804000947811884FF03A42C1F30C01916572
S31508039690C2F89830C2F8B0004FF48022184B04F091
S315080396A00704C3F814214FF00042164BC3F8802170
S315080396B0FFF7F8FD042C0BD14FF48002124B5B6CB9
S315080396C0124B5A64D5F8A01095F8270001F084FCCC
S315080396D0304607F03AF80020A3E7601E012898BF32
S315080396E01446A2E7B5F840004344E31A48BFDB191A
S315080396F008389842A2DC304690E72246ABE700BF1B
S31508039700002000BA00E100E0000002B8002002B819
S3150803971010620020164B10B51968B1F84020CB8F9C
S31508039720888F13440138073B8C69034023F00703EA
S315080397301C4402F108034FF03A429BB2A1F84030A9
S31508039740C2F8B0304FF480220A4BC3F814214FF005
S315080397500042094BC3F88021A07800F007000428CB
S3150803976003D1064AD3681B03FCD4054B1C6010BD02
S31508039770AC5F0020002000BA00E100E0000002B858
S315080397801062002010B5064C216839B1CB0703D403
S31508039790044B1868FFF728FF0023236010BD00BF9A
S315080397A010620020AC5F00204FF480320C4B0D4949
S315080397B0C3F818214FF03A43C1F81421D3F8AC1073
S315080397C0D3F88C20012302F0070206329340C1F333
S315080397D00C01083B994201D8FFF764BD704700BFE7
S315080397E0002000BA001000BA2DE9F04780460C465F
S315080397F016468769858F06F0ADFFB8F83E2005F152
S31508039800FF3C02EA0C0323F00701032C8246394482
S31508039810B8F8400019D14A4C24689CB90244073A5F
S3150803982002EA0C0222F00702BC183B44E31A48BFBB
S315080398305B19834210DB504606F087FF0024204657
S31508039840BDE8F08724F00104EFE7012C02D0022CCF
S31508039850EBD108380C46E8E7002E3FD08C4241D1BD
S315080398604FF03A42D2F858904FF03A41D1F8AC202B
S31508039870B8F81270C2F30C02934247DA2588B5F595
S31508039880804FD8D2A378C5F30C0503F007037A1ED5
S31508039890A5EB09053A43052B337005EA02052DD8CE
S315080398A02DB2E84340F245420421C00FFDF760FAA2
S315080398B07580E3783374D8F81C207B1E03EA090302
S315080398C0D118B160A9B213FA85F5AF422FBF0023A9
S315080398D0FF1AB780F26024BFB180F360504606F0E2
S315080398E034FFACE7A4F10802974284BFED0802EB04
S315080398F0C502B2F80090C9F30C09B5E7114B5B6DC5
S31508039900003B18BF0123A5EBC305C9E74B6D7A1EB8
S31508039910A3EB09033A431A400B4915B2002DCB684A
S315080399200BDCC3F30363D81E43424341DB003370A6
S31508039930CB6C72801B0A3374BDE70823F7E700BFB5
S3150803994010620020004000B8000002B8134B70B53F
S315080399501E684FF03A43748ADD6D621E5B6DADB2C5
S3150803996092B242EA04015B1B0B40191E18BF012180
S31508039970C90001700A492A40C96C4380090A01745F
S31508039980F169D618A64201EB0205D2BF0021A31A34
S315080399909BB285608380C160002070BDAC5F0020E8
S315080399A0000002B8054BA822D3F84C013121431C09
S315080399B00CBF0120C0F38070FDF7DAB90080E00F11
S315080399C010B50F4B1C78ACB90E4BD3F8F8375B03BD
S315080399D009D490B10F23441EB4FBF3F410300444A6
S315080399E0E4B2204610BD40F648023F212046FDF763
S315080399F0BFF9F6E70001C4B2F3E71024F1E700BFA5
S31508039A00D4650020000002B8014B58800020704737
S31508039A10D465002038B5284D0446297819B920227B
S31508039A20264804F00EFB2378254A264913704FF27D
S31508039A30F002C1F8C821244A4BBBA1F50051D1F85D
S31508039A40F81711F4002F4FF0FF011CBF1F48C0F889
S31508039A50DC3011704FF040731A4AC2F834311C4B8C
S31508039A60D3F8F83713F480230BD14FF47F01C2F8E8
S31508039A7030111849C1F8303148F2C801164BC3F8FA
S31508039A80F4100723C2F8FC330122124B0DE000241D
S31508039A900E48022BC0F8DC404FF0FF001070D9D1F6
S31508039AA007230422C1F8FC330A4BC3F8FC2301231A
S31508039AB000202B7038BD00BF32630020E03F00B0A2
S31508039AC0D4650020002002B8DE650020004001B8F6
S31508039AD0000002B8001002B8003F00B010B50446F3
S31508039AE001F0A6F8094BD3F8F80734B900F4402077
S31508039AF0B0F5402018BF012010BD022C0ABF80F420
S31508039B0000300020C0F34040F6E700BF000002B86B
S31508039B102049D1F8FC37FF2B31D01F48C3F3031272
S31508039B200270D1F8F81703F00F0309035BBFC2EB02
S31508039B3002120F3B02F1FF32D2184ABF03EB02139C
S31508039B40D3B2DBB2154A164913700978154B1A684E
S31508039B50E9B1B2F1A06F1AD3D3F85012124A134BD4
S31508039B60B1F1FF3F18BF1346114A136041F66A0263
S31508039B70104B1B68B3FBF2F30F4A13607047D1F817
S31508039B80F83713F4002F0CBFB4235A23DAE7074B2D
S31508039B90EAE700BF000002B8DF650020346300204F
S31508039BA0DD6500200080E00F5082E00FBC700408DA
S31508039BB014620020346200201862002020B10228B3
S31508039BC004D1034B18787047024BFBE70020704714
S31508039BD0DF650020346300202DE9F74FD0F8B04045
S31508039BE04C22022C38BF02247B49013CCB6CD1F8AA
S31508039BF0DC507A49C3F38213DA400B680646A3425C
S31508039C0090F83C71764BDFF800A2DFF80092DFF894
S31508039C10008202F0010216D11878904213D19AF8FD
S31508039C200000B8420FD1D6F8B40060B1A8420AD1F1
S31508039C3096F82B5099F80000854204D1B8F8040029
S31508039C4003B0BDE8F08F98F800001A700C60FFF7B0
S31508039C50B5FF0346002A00F0918004234FF07F41A5
S31508039C60604AC2F8BC30604BC3F8BC1096F82B3078
S31508039C701B06C2F8BC30002040F271225B4B192147
S31508039C801B68B3FBF2F36343182BB3FBF1F14FEAFB
S31508039C90004400F29380002C00F09B80B4FA84F20F
S31508039CA0C2F12002C2F10F03012B38BF0123D440AE
S31508039CB0A14201D2013B6408421C03F01F01520072
S31508039CC08A40121BDFF838B19208CBF8B0201A0283
S31508039CD042EA03121343019300EB002300EB032527
S31508039CE0434B40F6C20218682B21003818BF0120DF
S31508039CF0FDF73EF8FA223E4B02FB04F01B6840F6DA
S31508039D00FF72B0FBF3F00A2358433A4B00F57A7413
S31508039D10C3F8D820019AA3F58053C3F8D820364A46
S31508039D20A3F58053C3F8DC50D2F8F827520308D4B6
S31508039D30D3F8DC3003F47F02C3F303531343CBF89E
S31508039D40FC30C6F8B4502D4D00F6B8302C6002F03E
S31508039D50CFF84FF47A722A4BC3F8A400C3F8F80075
S31508039D602B68B4FBF2F0B3FBF2F3A8F8043096F8C9
S31508039D702B308AF8007089F8003061E796F82B00D3
S31508039D80984228BF1846C0B22FB1022F7FF473AF8B
S31508039D90FFF716FE70E7184BD3F8F8371903F7D40D
S31508039DA050B10F230138B0FBF3F00130154B1B6894
S31508039DB0034413F8010C5FE70120F7E7B1FA81F2D0
S31508039DC03CB1B4FA84F3D21A002A3FF76BAF0F23D8
S31508039DD06EE70F2370E700BF004001B8B4650020A3
S31508039DE033630020001002B8002002B83462002052
S31508039DF018620020006001B8000002B81C62002047
S31508039E00003F00B014620020DC650020DB650020FB
S31508039E10D465002038B5254B05461A78244C0C2AF8
S31508039E2002D1FF20207038BD104605F01EFA014600
S31508039E301046FFF7C3FEA84228BF2846C0B2884289
S31508039E4038BF08462378C0B28342ECD020703ABBA9
S31508039E50184BD3F8F83713F4002321D14FF2F00146
S31508039E60154AC2F8C811C8B10F230138C0B2B0FBEE
S31508039E70F3F3591CC3EB0313C01A431C0D4A1B0106
S31508039E80D2F8C80143EA01330343C2F8C831D2F80A
S31508039E90C8210A4BC3F8FC202078C4E70121EDE763
S31508039EA0074B1868FFF798FEF6E700BFD46500204E
S31508039EB0DE650020000002B8002002B8003F00B0AB
S31508039EC0AC5F0020014B1870704700BFDD650020AA
S31508039ED010B50446FCF7CCFB78B1154B1B786BB968
S31508039EE064B1144B1B784BB1134B1B78013B012B05
S31508039EF004D84FF40042114B1A6510BD104B1B6D65
S31508039F001B04FAD406F026FC044603F011FB4FF4AF
S31508039F1000420C4B2046BDE810401A6502220A4B44
S31508039F20C3F8D4240422054B5A6406F00EBC00BFBA
S31508039F30356300203663002020620020002002B823
S31508039F40000002B8001002B800D003500122024BE9
S31508039F5000201A70FFF7BCBF356300200022024BAE
S31508039F6001201A70FFF7B4BF35630020054BD3F8F9
S31508039F70843013F0030F4FF4802314BF024A034AB5
S31508039F8093647047004000B8005000B8006000B8FA
S31508039F90F7B50646534C00F04BFE01213A20D6F797
S31508039FA067F9514B2578514F1E7085BB2846FFF735
S31508039FB08FFF2378013B012B19D8E37B01A88DF882
S31508039FC00430237C8DF80530D4F76EFAC7F8D454D9
S31508039FD04FF6FF72464BC3F88420F822A3F5805345
S31508039FE0C3F884200022414BC3F8D4240DE04FF66E
S31508039FF0FF723F4BC7F8D454C3F88420F822A3F55D
S3150803A0008053C3F88420C7F8D4543A4B5BE0002046
S3150803A010FFF75EFF2378013B012B08D8E37B01A8F2
S3150803A0208DF80430237C8DF80530D4F73DFA0023E8
S3150803A030C7F8D434002ECBD062685AB32E4B1B68AC
S3150803A04003EB5203B3FBF2F3013B1B0243F0F803A2
S3150803A05026782749022E294A1ED0032E4FF6FF7566
S3150803A060224826D0012E36D143F00203C1F8845084
S3150803A070C2F884300723C0F8D434E37B01A88DF8EB
S3150803A0800430237C8DF80530D4F7FEF90120FFF759
S3150803A0901FFF17E0F823DBE74FF6FF7043F00103D2
S3150803A0A0C1F88400C2F884300622104BC3F8D424BE
S3150803A0B0E3E743F00503C1F88450C2F88430042368
S3150803A0C0C0F8D4340E4B4FF080421A650020FFF7D0
S3150803A0D04DFF03B0F0BDC1F88450C2F884300023A5
S3150803A0E0EEE700BF206200203663002000C003505D
S3150803A0F0006000B8002002B834620020005000B89F
S3150803A100001002B8F0B52B4F06463D4604460FCE5F
S3150803A1100FC5336885B02B6000F08AFD01213A200C
S3150803A120D6F7A6F80022244BC3F8D424A17A627A78
S3150803A13042EA0142C3F8E024217CE27B42EA014277
S3150803A140C3F8DC24217B627B41EA0240C3F8D804C6
S3150803A1503B78032B2AD8DFE803F022020C178DF885
S3150803A160041004218DF805200DEB01000022D5F714
S3150803A170A3FFE37B00228DF80830237C042102A881
S3150803A1808DF80930D5F798FF637A01228DF80C30DC
S3150803A190A37A042103A88DF80D30D5F78DFF074B55
S3150803A1A0187805B0BDE8F040FFF7F2BE212005B0E8
S3150803A1B0F0BD00BF2062002000C0035036630020B4
S3150803A1C0034B1B6D002BBCBF024BC3F888007047BB
S3150803A1D0000002B8004000B8084B1A6C0A2A0AD9CC
S3150803A1E05A6D4FF0FF3302F00F02934098430CBFAA
S3150803A1F00120002070470120704700BF00C001B846
S3150803A2002DE9F04700F06EFD4FF47A762D4BB0FB3F
S3150803A210F6F618604FF4FA73734307462A48190E7D
S3150803A2201B021818294A4FF0000341F1000103F0F5
S3150803A23017FD274BA0F5807205461A6320B94A22F3
S3150803A2402B21FCF795FD01254FF47A724FF0000A8E
S3150803A2506A4353465008310203F002FD1C4B1D4A5C
S3150803A260B7F57A7F9A601C4B4FEA056819601B4B52
S3150803A2708946044618604FEA152505D29D222B21E7
S3150803A2805046FCF775FD01264FF47A73A8FB0301C4
S3150803A29003FB05117308C01841F100010023324678
S3150803A2A003F0DEFC0E4B023419600E4B49F100092C
S3150803A2B0A408186044EA8974054B013C9C63BDE80D
S3150803A2C0F08700BF3462002020A1070040420F0038
S3150803A2D000C001B802110100446200204062002058
S3150803A2E03C620020386200200822044BC3F884210C
S3150803A2F05A600122024BDA60704700BF00E100E0B2
S3150803A30000C001B80822064BC3F88421C3F8842089
S3150803A310BFF34F8FBFF36F8F0422024BDA60704788
S3150803A32000E100E000C001B810B50446A242A2EB62
S3150803A3300000A3EB010104D2034B01399B6B0133E4
S3150803A340184401F0030110BD00C001B838B5012552
S3150803A3500A4B02019D504FF480730446084A834012
S3150803A360536606F0F7F9074AA540137823EA050367
S3150803A3701370BDE8384006F0E8B900BF00E101B83C
S3150803A38000E001B8406300202DE9F84F164605465C
S3150803A3908A461F4606F0DEF9022E00F091808046B3
S3150803A3A006F0E1F9604B614AD3F8209092F88540AC
S3150803A3B05A6EE4B2520744BFD3F82090013404F02E
S3150803A3C0030406F0CBF94846214600F055FA8446BD
S3150803A3D0DAF80000012E04BF01306044ACEB000C30
S3150803A3E008BFCAF80000BCF1804F7DD300F056FAC7
S3150803A3F08145A1EB040188BF4B4BDFF854C188BFE5
S3150803A40001F1FF3101F0030188BF9B6BA0EB090E35
S3150803A4100CF80510A1B1F90742BF41F61F72444B68
S3150803A4205A67BA0742BF424B424A5A677B0742BF3B
S3150803A43000223D4B9A673C0742BF00223A4B9A6576
S3150803A44011244FF0010A384B05F11002120103EBF0
S3150803A450051BCBF80C0138499C501A6A0AFA05F40D
S3150803A460586E0B78A2EB0902E4B2234372450B70CC
S3150803A47025D34FF48073AB40034220D11CF8052043
S3150803A480002A4CD10EB32D4AF807536607D541F671
S3150803A4901F7140F20110264B596750675967B90770
S3150803A4A006D5234B234A254925485A6748675A67D9
S3150803A4B07A0742BF0122234B1A613B071AD4404647
S3150803A4C006F043F90120BDE8F88F1F4A2D0142F82B
S3150803A4D005A042F89C3C06F03DF917490B7823EA98
S3150803A4E004030B7006F031F9404606F02EF90020F6
S3150803A4F0BDE8F88F2120FFF763FE4FF480310A4A3F
S3150803A500124BD1601A78002AD9D000222D201A704E
S3150803A510FFF756FE1022094B40465A66D0E7074A0C
S3150803A52040465366CCE700BF00C001B8003E00B002
S3150803A53000E001B800001F1F4063002000D001B8E7
S3150803A54000000101000002B800E101B837630020EA
S3150803A55038630020024B1878003818BF012070476B
S3150803A56040630020034B10300001185800F0010027
S3150803A570704700BF00C001B870B50646FDF7DAFE9E
S3150803A580044608B1FFF7BEFE00230A4D3046AB6109
S3150803A590EB612B6200F082F9074BC9B283F8851089
S3150803A5A028622CB1FFF7A0FE4FF08062034B5A6472
S3150803A5B0002070BD00C001B8003E00B0002002B8FC
S3150803A5C02DE9F0419DF818800D46B8F1000F08BF34
S3150803A5D00022214EB5F5803FB168074621F4700184
S3150803A5E041F4A001B1609DF820409DF81C104FEA84
S3150803A5F0042444EA016444EA031444EA084444EAA2
S3150803A60002044FF018014FF436722CBF00200120C4
S3150803A6107465FCF7ADFB3564B8F1000F1AD00F4B20
S3150803A620BC68D3F8B8306F2C38BF6F245B0606D5E1
S3150803A63000F01EFC18B10A4BB3FBF0F31C4420468A
S3150803A64000F02CF90130854238BF0022024B34BF93
S3150803A6505A645864BDE8F08100C001B800C000B868
S3150803A66000093D00F8B5254F3D6E01F0FDFD044692
S3150803A6702846FFF7B1FD7B6C064603B170B3102776
S3150803A6802020FFF79DFD1E4B9F606CB10022002022
S3150803A6900821FDF72DFC80221A4B5F66A3F580532C
S3150803A6A01F6703F540531A6102F0FEFB1022164B8F
S3150803A6B0C3F88421154AD36803F07063B3F1807F26
S3150803A6C0F9D91CB116B10122114B1A700B4B114A59
S3150803A6D01D665A6741F201429A67F8BD002CF5D008
S3150803A6E00D4B084A5366A2F5805213672846FFF7AF
S3150803A6F073FD0028EAD03D6EF8E700BF00C001B835
S3150803A700001002B800E001B800E100E0000002B85A
S3150803A71037630020011B01181000002010B50446FA
S3150803A7202120FFF74DFD1CB14FF48032064BDA604A
S3150803A730064B1A783AB100222D201A70FFF740FD0E
S3150803A7401022034B5A6610BD00C001B837630020B8
S3150803A75000D001B8F8B5174D0446EB6BDB0124D5D9
S3150803A76000F0E6FBA0FB0446E86B070A050C10F0AD
S3150803A770FF0005D140F227422B21FCF7F9FA012005
S3150803A780EDB2AD01B5FBF0F0FBB210EB831005D1CA
S3150803A79040F22C422B21FCF7EBFA01200246002358
S3150803A7A02046314603F05CFAF8BD00F061FBA0FBD6
S3150803A7B00401F9E700C000B80246012030B50B4C86
S3150803A7C0A0F12003C0F1200524FA05F504FA03F3E2
S3150803A7D02B4304FA00F595428B4100D330BD0F286D
S3150803A7E001D00130ECE7FF20F8E700BF40420F0035
S3150803A7F000220B4B40F010001A700F22094BC3F8C6
S3150803A800B820A3F58053C3F8B800A3F580535B6A51
S3150803A810DBB2802B02D0084600F0C0BB704700BFEE
S3150803A8203763002000E000B838B505F09CFF084BF5
S3150803A830084A1D6A92F885405A6EE4B2520744BF25
S3150803A8401D6A013405F08AFF284604F0030138BD62
S3150803A85000C001B8003E00B00346064A103302EBB7
S3150803A86000111B01D1F80C01D158C1F3400104F0C2
S3150803A8701FBD00BF00C001B8064B1B68434303EB6B
S3150803A8808171054B1B68A3FB003013F1004341EBB1
S3150803A890000070473C620020386200200C4A20F012
S3150803A8A04043014610B5002014684FF00042E4FB0C
S3150803A8B00320084A890F126802FB0300064B9B6BA9
S3150803A8C0984204D901330131C01A01F0030110BDBE
S3150803A8D0406200204462002000C001B8044B01F026
S3150803A8E0F071103041F0030100011950704700BFA1
S3150803A8F000C001B808B52220FFF762FC4FF4802296
S3150803A900014BDA6008BD00BF00C001B840B18368D7
S3150803A91033B10649C268096803F13043032A00D8EC
S3150803A920704743F8041B043AF8E700BF786200202F
S3150803A93070B51646054600B3F9B1F2B14268104B35
S3150803A940006803321B68920800F1304098470446B2
S3150803A95088B9EA68A86803323146920800F130409C
S3150803A96004F0C6FC044630B9286921466A6900F131
S3150803A970304003F066FB204670BD2124FBE700BF89
S3150803A980B865002070B50C68651C15D0C4F302665B
S3150803A9909E42C4F3074530D1A4B294422DD804EBA2
S3150803A9A08506B24229D2141BA50824F003040E59BE
S3150803A9B0340F04D0012C08D00022212402E06B1C9A
S3150803A9C051F82320C0E9002470BD0E4C34F8133027
S3150803A9D042EA03431A686B1C51F8234001EB8301CF
S3150803A9E04B6822405E4036F0704404D11B0F032B9C
S3150803A9F004BF8B681A430024E4E7013501EB85019C
S3150803AA00C1E700BFD070040807B501A8D6F713F944
S3150803AA10254B2649D3F86022D2B2FF2A1DBFD1F8A7
S3150803AA207801130243EA0213D1F878311CBF20F4E4
S3150803AA307F621343C1F8F8331C4BD3F8F83719036D
S3150803AA4054BF09200C20D5F725FFC822184B42F21C
S3150803AA5001015A654FF4C02203F51043C3F8682170
S3150803AA604FF48032C3F86C21124AC2F8701202F509
S3150803AA702042D2F8F827120308D44FF470610E4A1D
S3150803AA80C2F8A0104FF42062C3F8A02001220B4B92
S3150803AA90C3F8002403F53043D3F86821084B1A603A
S3150803AAA003B05DF804FB00BF0080E00F000002B8A6
S3150803AAB0008001B8006001B8002002B8005001B850
S3150803AAC00C620020836810B4074C03F130432468F2
S3150803AAD01B689C4203D15DF8044BFFF729BF00208E
S3150803AAE05DF8044B704700BF78620020134B1B7850
S3150803AAF0002B20D0124B134A00201A60124B134A1C
S3150803AB001A60134B134A1A60134B1A68134B1A60CD
S3150803AB10134B144A1A60144B144A1A60144B154AF9
S3150803AB201A60154B154A1A60154B164A1A60164BC6
S3150803AB30164A1A6070470220704700BF4163002017
S3150803AB4084620020D87904087C6200203C710408DA
S3150803AB50806200205C710408CC65002078620020BE
S3150803AB609C6200202471040894620020E07404089F
S3150803AB709862002058710408906200200C7104083A
S3150803AB8088620020607104088C62002054710408EE
S3150803AB900022012138B51E4B5A649A64DA641D4AA9
S3150803ABA0516102219162DA68C2F303620D2A01D068
S3150803ABB0002AF8D111220124174DDA634FF0FF302A
S3150803ABC02C70E8F7F5FC00232B70144D40F2D15294
S3150803ABD028685421C01A18BF0120FCF7C9F8104B7E
S3150803ABE028681A680F4B1968FFF7A2FE01F0A4FA42
S3150803ABF00D4B1868FFF78AFE0C4B1868FFF786FE9D
S3150803AC004FF08062034B5A6103F580535C6138BD8C
S3150803AC10000002B8001002B8416300207C620020DD
S3150803AC2080620020846200209C62002090620020DB
S3150803AC3001230D4A0D49C2F8803291660C4A5360C6
S3150803AC400C4A53600C4A5360A2F580425360A2F53E
S3150803AC504042536002F5C032536002F580425360A6
S3150803AC60A2F500425360704700900050FF0B001690
S3150803AC7000D000B8001000BA005001B810B503247C
S3150803AC80FFF7D6FF114A124B1A65FFF7BDFE114BA4
S3150803AC90C3F8104100F06AF901F024F84FF4607222
S3150803ACA00D4B5A614FF400721A65FEF7F3FA002149
S3150803ACB0FEF7DAFA4022094B1C64A3F580535C6459
S3150803ACC0074BC3F884215A6010BD00BF0048F00043
S3150803ACD0000002B8005001B8001002B800A00950DD
S3150803ACE000E100E008B504F045FD044B1B6FC3F310
S3150803ACF000430133B0FBF3F008BD00BF00800050EA
S3150803AD0070B5044698B1B1B13A4A52F8043B834246
S3150803AD1013D10023384A116CC907FCD4374800EB12
S3150803AD20830004F0EEFA364B106001221A6470BDF4
S3150803AD3001330C2B02D1334D2CE0012352F8041BAB
S3150803AD40A142F5D1304A32F81330E3E7C2F301637F
S3150803AD5035F81300110C93B211F0FE0F43EA0043C2
S3150803AD60606820D00434CAB2022A216808D9666802
S3150803AD70A068033AC3E9001698600C340C33F3E76A
S3150803AD8004D16268C3E90012083403E0012A01D139
S3150803AD90043419602268531CD8D10022164B1A6052
S3150803ADA003F58053C1E7120F072AEDD8DFE802F04F
S3150803ADB00704090D1013181DC04303F50053186043
S3150803ADC0E2E71A6842401A60DEE703F58053F6E7BE
S3150803ADD004F063FAD8E7012203F580538240F2E7C9
S3150803ADE0012203F500538240EDE71A6830EA0202AE
S3150803ADF0FBD1C9E74862002000C002B8404000B052
S3150803AE0000D002B8D07004080C6300200B4B1B68F3
S3150803AE10D3F8F03023B11A68022A01D9186A7047A1
S3150803AE20074B9A6E90B238B1064BC2F307421B68BA
S3150803AE30DB085343B3FBF0F0704700BFAC5F002059
S3150803AE40004001B834620020074BDB68C3F3036391
S3150803AE50984208D1054AD2F8803023F0F00343EA32
S3150803AE600111C2F880107047000002B8003F00B015
S3150803AE70054B1B68D3F8F03013B11A680A2A01D8B0
S3150803AE80FFF7C4BF186C7047AC5F00202DE9F74382
S3150803AE90064604F0FBF900248046DFF8909005F097
S3150803AEA059FC0DF1070105460DF10600FDF7B4FF40
S3150803AEB09DF806308BB9721C29D004F0E7F9A0EB8C
S3150803AEC00804284605F041FC9DF8063013B99DF899
S3150803AED007303BB3A642E2D824E0D9F80C3013F482
S3150803AEE0603FE8D0D9F8180004F05EFA731C0746E9
S3150803AEF003D004F0CBF9A0EB0804284605F025FC9B
S3150803AF0017F5007FE0D0384603B0BDE8F08328463E
S3150803AF1005F01BFC9DF80630002BC0D19DF80730C1
S3150803AF20002BBCD1004FEEE700FEFFFF00C000B8C0
S3150803AF300B4A10B5136F0B4C116F03F00703E35C51
S3150803AF40C1F3CD0101FB0333126F0748C2F3454230
S3150803AF5002FB033300688001B0FBF3F010BD00BFAA
S3150803AF60004001B8C8700408346200200122014B6E
S3150803AF701A657047001002B80122014B1A6570471B
S3150803AF80002002B84022014B1A657047002002B818
S3150803AF904022014B1A657047001002B810F1800F62
S3150803AFA004D04D28CEBF7F20323040B2FF22034B58
S3150803AFB0C0B25A62A3F580535862704700E000B8DE
S3150803AFC0044BD3F8B03010B1C3F30332027003F065
S3150803AFD00F007047000002B8064B01F080015B6C56
S3150803AFE003F480030B4302BF4FF40012024BDA64E7
S3150803AFF0704700BF000002B8006001B80F4B1B780A
S3150803B0008BB1012B11D10E4A012102F580528B42D5
S3150803B01091600FD80A4A0B49002B08BF0A46936862
S3150803B0209B07FCD47047074AEEE700224FF4805388
S3150803B0309A60FFDE00239B68FBE700BF426300209C
S3150803B040004003B8000003B838B50B4B0B4C002877
S3150803B05018BF1C46A569E3691D4007D0084B1B6842
S3150803B0602BB12846984704F50054A56138BD6B05EE
S3150803B070F9D5FFF7C3FFF6E7004003B8000003B8A6
S3150803B080A06200204FF604014FF60502044B012087
S3150803B0901B6C9BB28B4208BF1346024A1366704762
S3150803B0A00080E00F00C001B82DE9F74F81460F462F
S3150803B0B04FF0FF35FFF7B8FB002601908A462C466A
S3150803B0C03046DFF8D8B006F110031B015BF80330EE
S3150803B0D003F00308B8F1010F15D13046FFF7BCFB9F
S3150803B0E002460B4601985146FFF71EF9DBF8643012
S3150803B0F006F10802D340DB0739D5002F40D00025D7
S3150803B1002C463E6040460136082EDCD160B3234AFE
S3150803B1100027D2F808C0916B0CF440330131A4FB25
S3150803B1200141641941F10001B3F5003F30D1536B76
S3150803B1300CF4405C013347F10006BCF5805F22D16D
S3150803B140156B15F5807505FB06F647F1000203FB3B
S3150803B1500266A5FB03323244594304FB0212A3FBDE
S3150803B16004341444C9E9003403B0BDE8F08FA84297
S3150803B17071EB0403C6D207B13E6005460C46C1E728
S3150803B1803D463C46BEE7320242EA13621B02E3E748
S3150803B190136B13F5807347F10002DDE700C001B8AE
S3150803B1A0F8B5062004F095F8044604F06FF842F261
S3150803B1B01073041B9C42054618D94FF080624F242E
S3150803B1C00B4B5A6441F26F770A4E0BE004F05EF8B4
S3150803B1D0401BB8424FF4837221468CBF00200120DE
S3150803B1E0FBF7C6FD736C5B01F0D5F8BD1A24E9E7D6
S3150803B1F0002002B8000002B8034B1A6E596E03F515
S3150803B20000530A401A66704700800A50FF28F8B5AB
S3150803B21006D1FF294FF0070006D0002967D103E0BE
S3150803B220FF2962D10F2862D80026324C324D84F8A2
S3150803B230800084F88160686940F25D124B2100F052
S3150803B2400100FBF795FD11231022AB662B4B6E66A7
S3150803B250C3F888219A6001213B20D5F709F894F8A9
S3150803B2608110274A94F880300A432649063341F861
S3150803B2702320254B3E201D68D5F714F86F08ED07E4
S3150803B280024633462846394602F0EAFC090241EAF1
S3150803B2901061C0F3C05040EA41001C4B2067186B8D
S3150803B2A010F5807005D14FF4D6722B21FBF760FD9C
S3150803B2B00220024600230020012102F0D1FC606728
S3150803B2C03E20D4F7EFFF40F649435843000DFF28C5
S3150803B2D028BFFF20022838BF0220002184F88400F3
S3150803B2E0012000F015FD0020F8BD0F2895D921206F
S3150803B2F0FAE700BF003E00B000800A5000E100E014
S3150803B300020D0C00008003503462002000C001B80F
S3150803B3102DE9F34105460F4668461146FFF7C4FE75
S3150803B3200646B0B1AFB1DDE900321B0A43EA026350
S3150803B330A5FB0384094B120A05FB02441A6812B9D2
S3150803B340FFF7D0FC024600234046214602F088FC5C
S3150803B3503860304602B0BDE8F08100BF3462002091
S3150803B36070B5FFF71DFF0021022000F0D1FC03F0A2
S3150803B3708DFF04460F4D104ED5F8F4331B070BD536
S3150803B38005F0E8F9BDE8704002220C4BDA600122A9
S3150803B3900B4B1A7005F0D9B903F078FF001BB042BE
S3150803B3A04FF405724FF045018CBF00200120FBF7CF
S3150803B3B0DFFCE1E7000002B83F420F0000C001B816
S3150803B3C043630020214910B50B78002B3DD0012299
S3150803B3D01F4C94F881300133DBB202FA03F31D4A9A
S3150803B3E05366136608221C4BC3F8882100230B7087
S3150803B3F003231A4A39211364A2F580525364184B5E
S3150803B40040F2C322586CC0F38060FBF7B1FC4FF4DB
S3150803B4108041144A144BC2F89410144AA16FD26E91
S3150803B420914202BFD3F86C21E267D3F86431E06F27
S3150803B43008BFA4F88630B4F8861000F0DDF8BDE836
S3150803B44010400121022000F063BC10BD43630020B5
S3150803B450003E00B000A00A5000E100E000A0095039
S3150803B460000002B800E001B800C001B800800A5025
S3150803B47010B504463E20D4F715FF6043034B00F589
S3150803B480F42000F59070B0FBF3F010BD40420F00B6
S3150803B4902DE9F74FFFF7ECFF0446FFF781FE05F0AA
S3150803B4A059F900214B4F054668463970FFF7FCFDED
S3150803B4B0494B80469E69494BDB6813F0706F1CD174
S3150803B4C0474B5B6913F0060A17D1E0B1454B611D7B
S3150803B4D01868A1FB00B93E20D4F7E4FE534602469A
S3150803B4E04946584602F0BCFB009B090241EA106133
S3150803B4F000029842019B994105D3284603B0BDE84B
S3150803B500F04F05F022B90021022000F001FC03F0F8
S3150803B510BDFE8146DFF8C4B0DFF8D4A0DBF8F43308
S3150803B5201B0741D5B8F1000F4DD0DDE900893E2050
S3150803B530D4F7B8FE4FEA182141EA09614FEA1923FD
S3150803B540A0FB019800FB0388264B1A6812B9FFF77C
S3150803B550C9FB024600234846414602F081FB012106
S3150803B560214B013493F88130DFF86CC001331F4A4D
S3150803B570361BDFF880E0DBB201FA03F30644CEF8A4
S3150803B5806030CCF86C605366DCF81820DCF86C6025
S3150803B590241A921BA24216D2CEF864300220CEF8A1
S3150803B5A0603000F0B5FBA8E703F070FEA0EB0900D6
S3150803B5B0504540F26A224FF045018CBF0020012016
S3150803B5C0FBF7D6FBAAE70222054BDA6001233B7099
S3150803B5D093E700BF4363002000800A50000002B8C7
S3150803B5E000C001B834620020003E00B000900A5043
S3150803B5F03F420F0000A00A5001232DE9F74F9A4F47
S3150803B600044697F881208A469340984A0E469366DD
S3150803B61097F88020964B0546C3F8D8204FF4003296
S3150803B620944B4FF0000B1A610223DFF85482C8F8D3
S3150803B6300C30914B9B6903F1FF39A3EB0903002BEC
S3150803B64040F3D4800BF1010BBBF1020F57D9EC225F
S3150803B6500D210020FBF78CFB4FF08053874A884F58
S3150803B66053664FF40031804BC7F86C51C3E91E95F6
S3150803B6700025C7F86461A3F8866011617C4AC2F89D
S3150803B680D85093F8812001239340784A936605F0AE
S3150803B69061F82A462B464FF4807E3E6AD7F864C083
S3150803B6A002F110010901795801F00301012910D1AA
S3150803B6B00EFA02F111EA0C0F0BD107EB0215B4428D
S3150803B6C0D5F80C5100F2A580AC4202D2AE4280F006
S3150803B6D0A3800132082AE3D16A4D2968012940F279
S3150803B6E09E803BB16049B1F882201A43A1F88220B3
S3150803B6F0604A536603B0BDE8F04F05F026B8012348
S3150803B70097F881205C4D9340584A936605F022F8D2
S3150803B7104FF08052594B01905A66AB6903F1010900
S3150803B720C5F86C90D8F83010D8F80830DD036DD515
S3150803B730BA6F3E6FA9EB0202A2FB06267B6F01F5E1
S3150803B7408071A6FB03E5A2FB03C313EB0E03A1FB60
S3150803B75003EC45F1000501FB05CCB2EB0E0266EBE3
S3150803B7600C06120A42EA06625244B2EB112F4FEA5A
S3150803B770112603D3013345F10005921B043E964275
S3150803B78028BF1646C8F8186097F88520D8F82010F9
S3150803B790E318D2B245F100058C42D8F8381084BFB5
S3150803B7A002F1FF32D2B2481C0ED04FF0000E01F15F
S3150803B7B0010C99427EEB050008D20132B3EB0C0368
S3150803B7C0D2B265F10005F4E72A44D2B21D4602F067
S3150803B7D0030287F88520C8F82030012397F88120CB
S3150803B7E001989340284A936604F0AFFF224B9B695E
S3150803B7F000BF00BF00BF00BF00BF00BF00BF00BF40
S3150803B800D8F86420D2007FF518AF25E756462546B3
S3150803B810E3E7AC42BFF45AAF19438BB259E71B4A65
S3150803B8201478142C01BF0024194E1470347014783C
S3150803B83001341470002B3FF45DAF0B4EB6F882400B
S3150803B8401C43A6F882400B4C6366114C23780133DC
S3150803B850DBB2022B23707FF44DAF0023013129603D
S3150803B8601370237046E700BF003E00B000A00A50DD
S3150803B8700080035000D001B800800A5000E001B8E8
S3150803B88000C001B8D861002000900A504563002023
S3150803B890446300204FF00052014B1A60704700BF03
S3150803B8A000E100E04FF00052034BC3F88020BFF3DA
S3150803B8B04F8FBFF36F8F704700E100E0F8B50B4673
S3150803B8C0002213F8044B944225D91D68854224D1D6
S3150803B8D006245A791D79124B88181E6804FB05033A
S3150803B8E0104F33F8063C7B43B3420ED900238A5ADA
S3150803B8F07A43964202D804FB0300F8BD9D42FAD95F
S3150803B900013304FB03F2825AF2E740F247423D2130
S3150803B9100020FBF72DFA0020EFE708330132D2E7C0
S3150803B920A462002040420F002DE9F04F4FF0000EAD
S3150803B930A2FB016BDFF8F4C2DFF8F48216EB0C0CFA
S3150803B9401F466BF10003E0457EEB030383B009D280
S3150803B95040F23E220E217046FBF70AFA022003B094
S3150803B960BDE8F08FD7F814A00C4615468146BAF100
S3150803B970000F04D0DAF80030032B00F29A809E4BAE
S3150803B9809E4A9B6BD2F8FCA0C3F314089C4B1B6F0F
S3150803B9905A074EBF4FF440039B0503F0E07348EA8A
S3150803B9A00308984BD3F8EC305B0048BF48F080781F
S3150803B9B048EA456803F042FF012D0246CED1002826
S3150803B9C0CCD0914B984200F0858003F5122303F5FA
S3150803B9D0F863984200F090808C4B984200F0EB8015
S3150803B9E0002501902B4600204FF0007102F038F92C
S3150803B9F02B46019A013006FB03F300FB0B33A6FB28
S3150803BA0000600344C8F31300A0FB0221203300FBA4
S3150803BA1005119B093B607E4BD20C1C6042EA4131FF
S3150803BA207C4B18F4801F08BF494219607A4B0C44B3
S3150803BA301C60BAF1000F5BD00023DAF81C5018F02B
S3150803BA40807F18BF6408BB607B60002D46D099F8D9
S3150803BA502720073A012A41D9694ED6F83C21D00254
S3150803BA607FD4DAF80000002C00F0A980B4FA84F138
S3150803BA70072900F3A480C1F1080325FA03F304FA9E
S3150803BA8001F10133B1FBF3F14B004FEA442C0133C7
S3150803BA90E40D01E002330131A5FB0362B44574EBFF
S3150803BAA00202F7D2C1F30E031B0343F00063BB6024
S3150803BAB016E0042BDAF828807FF47CAF18F0807F31
S3150803BAC014BF4FF4400308F0E07328F0E07848EA1F
S3150803BAD003086FE7002351481D468CE7DAF8000090
S3150803BAE000230628FB603B6102D9DAF830303BB9FC
S3150803BAF0002003B0BDE8F08F002349481D467AE7C6
S3150803BB0003F09CFEDAF83010FFF7D8FE044610B1AE
S3150803BB108378002B56D103F027FEDAF83010FFF7A7
S3150803BB20CDFE04460028E3D08378002BE0D0407985
S3150803BB3040F27352003818BF01203D21FBF718F96C
S3150803BB40207940F2745200384FF03D0118BF0120A6
S3150803BB50FBF70EF9237962791B0243EA02133B6169
S3150803BB60C6E781EAE172A2EBE1722E49C8F381586E
S3150803BB7011F808C019464FEA8C6C6008CCFB020121
S3150803BB80224602F06DF80346DAF800000E280ED9AD
S3150803BB90194A916BB26CD6F83C61D20607D501F403
S3150803BBA0801106F40016314308BFC3F58013C3F3A7
S3150803BBB013037B6057E700231B481D461BE72B46E9
S3150803BBC021025FE740794FF4AB62003818BF0120C2
S3150803BBD03D21FBF7CDF8207940F25952003818BFBA
S3150803BBE001203D21FBF7C4F8237962791B0243EA56
S3150803BBF00213FB608FE700BF008001B8004F00B057
S3150803BC00004001B8000002B800F04902005A620277
S3150803BC10AC620020A8620020A46200200A3BB2DFBF
S3150803BC20313641DCD8700408D694BFD6006CCA886E
S3150803BC30807C814A10B5044686B059B9214B4168C0
S3150803BC40D3F8FC30827A2048059300686B46FFF7E1
S3150803BC506BFE69461D4B0A685A631A4BD3F8FC30C8
S3150803BC6033B34B6843B11A4B1A4AC3F83C214A68A3
S3150803BC70A3F58053C3F83C218B6843B1144B164A8A
S3150803BC80C3F81C218A68A3F58053C3F81C21134AF9
S3150803BC90C868D2F8983123F4EE630343C2F898319F
S3150803BCA0D2F89031096923F4EE630B43C2F8903155
S3150803BCB0002022890A4B9A6203F5A033186406B05A
S3150803BCC010BD00BF004F00B0AC5F0020008001B874
S3150803BCD0006001B8FFFF0F0000F0FF0F000002B875
S3150803BCE0004000B8074BD3F88022D20707D55B6E0E
S3150803BCF0002B4FF48043B4BF034A044A136500205C
S3150803BD00704700BF00800050002002B8001002B838
S3150803BD10064B1A6C9207FCD4022240EA01205860AB
S3150803BD20034B1A640122034B1A70704700C002B80A
S3150803BD3000D002B8466300202DE9F041364F064687
S3150803BD40FB68C3F30363022B64D103F09FFA05462A
S3150803BD50DFF8DC80BC6A14F4802449D104F0FAFCC9
S3150803BD60FB680546C3F30363022B3BD1304603F056
S3150803BD707FF928B1294B93F8F4200AB183F8F540E3
S3150803BD800022274B83F89C20234B5B6C98053DD5F3
S3150803BD90224BD3F8DC3059889A68C90748BF18215B
S3150803BDA0D66848BF927806F4000044BF01FB023305
S3150803BDB003F10C021B4B06F008069B69936080226D
S3150803BDC0194BDA6038B14FF4003203F5A043CF209C
S3150803BDD0DA61FEF7F5F9CEB14FF40072134B5A64E4
S3150803BDE002229A60284604F0B0FC2046BDE8F0819A
S3150803BDF003F04CFA401B40454FF064024FF04701ED
S3150803BE008CBF00200120FAF7B3FFA3E78022024B79
S3150803BE101A61E7E70224E8E7000002B8003E00B02B
S3150803BE20003F00B000C000B800C001B8002002B847
S3150803BE303F420F0010B590B10468012C0FD902696F
S3150803BE406AB11168094B102C1960516859609168D9
S3150803BE5088BFD268996094BFD960DA6010BD102292
S3150803BE600021024802F0EDF8F8E700BFB4620020AB
S3150803BE701B4B2DE9F0410D4616461C6858B34FF483
S3150803BE807A7343438A68A3F6AC539B1A4A689B1A88
S3150803BE90144AD8171168144FA1FB033201FB002279
S3150803BEA013F1807342F100025B0E43EAC213803B2F
S3150803BEB033620E4BD3F8C43073623B6873B12046C2
S3150803BEC003F0D6F850B1324629463B68D4F8E40065
S3150803BED0BDE8F04118474AF6C873D9E7BDE8F081CB
S3150803BEE0AC5F0020C4620020B0620020003F00B0AF
S3150803BEF0084BC1171A68A2FB000302FB013310F1B2
S3150803BF00807043F10003400E40EAC310803820EAEC
S3150803BF10E0707047C46200200722194B70B51A6493
S3150803BF20184B194A1D68194BEC08E005C0184FEA67
S3150803BF30153141F10001002301F092FE144B154E11
S3150803BF4018601548FFF7D4FF4042C6F8DC0049F6E7
S3150803BF505800FFF7CDFFC6F8A8001048FEF79EFC69
S3150803BF60024660B1E301500818184FEA15714FF0FD
S3150803BF70000341F1000101F073FEC6F8B40070BD79
S3150803BF80000002B83462002065CD1D00B2E60E003B
S3150803BF90C4620020003F00B07011010040420F0048
S3150803BFA048B14FF47A72054BDB6802FB0030A0F503
S3150803BFB0FA50FFF79DBF47F23050FAE7B462002004
S3150803BFC010B5044698B10B4BD3F8FC00FFF732FFC4
S3150803BFD04FF47A7303FB04F0074BA0F6AC50DA6808
S3150803BFE09B681044C01ABDE81040FFF781BF4AF6A4
S3150803BFF0C870F8E7004F00B0B4620020F8B50446ED
S3150803C000084615461E46FFF715FF3CB306F002071A
S3150803C01016F0040623D10FB3204600F07DF82863F3
S3150803C0206069FFF7BDFFE862C6B1A068002843D080
S3150803C0304FF47A735843A0F5FA50FFF759FF68612E
S3150803C0404FF47A70236858432BB11D4B1B6803F5CD
S3150803C0501C5310331844FFF74BFFA861F8BD20693A
S3150803C06020B34FF47A735843154BA0F6AC509B682C
S3150803C070C01AFFF73DFFA862A08BD0B14FF47A73BD
S3150803C08058430F4BA0F6AC509B68C01AFFF730FF16
S3150803C090E8612A460A49E068FFF7EAFE0021A06933
S3150803C0A0FFF78EFF6863002FBFD0B5E74AF6C8705F
S3150803C0B0DFE74AF6C870E9E747F23050BDE700BF45
S3150803C0C0B462002070B5064608461C4603F008F914
S3150803C0D00546D6F8F00000F011F84368054A002B28
S3150803C0E0A8BF4FF4FA721A44034B601992FBF3F292
S3150803C0F0104470BD0CFEFFFF18FCFFFF40B1036838
S3150803C100012B05D90069034B002808BF1846704759
S3150803C11000487047E070040843684FF47A70584340
S3150803C1202BB1044B1B6803F51C5310331844FFF754
S3150803C130DFBE00BFB462002070B588B06D46184CE8
S3150803C1400FCC0FC594E80F0085E80F00FC220021E9
S3150803C150144801F076FF94220021134801F071FF79
S3150803C16020220021114801F06CFF03F039F9104B26
S3150803C1701B783BB16D460A4E0FCD0FC695E80F00E7
S3150803C18084E80F000C220B490B4802F079F90B4B94
S3150803C1900B4AD3F87831C3F38243D36708B070BD2B
S3150803C1A0E03F00B0703E00B06C3F00B0E04F00B017
S3150803C1B032630020F0700408C83E00B0000002B8DD
S3150803C1C0003F00B0064BD3F8080F064B9B6C1A01C9
S3150803C1D003D4054B9B6E1B0401D500F5807070478D
S3150803C1E0003000B0000002B8004000B810B504F0F3
S3150803C1F0B1FA0E2104460320FEF726FE40F2012279
S3150803C200034B2046BDE81040DA6204F09EBA00BF2D
S3150803C210004000B8064B00201B6893F82430DB095E
S3150803C22002BF0322034BC3F85022FBF72DB900BF05
S3150803C230AC5F0020006001B8012370B5074C23707A
S3150803C240074B1E68074B3240D3E900531940284071
S3150803C250FBF74EFE0023237070BD00BF4B6300201F
S3150803C260CC620020C0590020024B5868C0F3C000B6
S3150803C270704700BFC059002010B50446FEF7FEFC00
S3150803C28000F0E6FE2046FDF735F8FEF781FCFDF7DC
S3150803C290B7FFFEF729F8FFF73FFE13490723134AAB
S3150803C2A0D1F8FC1004F58270FFF7A8FE4FF08071F1
S3150803C2B00020FEF713FB4FF000720D4B4FF40011ED
S3150803C2C00120C3F80021FEF709FBFEF7DBFE20B9C0
S3150803C2D040F223121421FAF74BFD03F07FF8BDE869
S3150803C2E010400120FDF754BE004F00B0A43F00B034
S3150803C2F000D001B88023074A5364082340B1536426
S3150803C300054AD2F8D83E23F02003C2F8D83E704730
S3150803C310024AF4E7001002B8003000B0002002B861
S3150803C32010B504F017FA012104460020FFF7E2FFCF
S3150803C330044B1961044B5B6898472046BDE81040D7
S3150803C34004F003BA000002B898650020F0B583B07C
S3150803C35014460646FFF7C6FCFBF7ECFF002800F079
S3150803C360A980594B5D6915F0060540F0A38004F0D2
S3150803C370F1F923790095022B054647D1237B022B36
S3150803C38033D00320FEF7EEF820B9504BDB685B0485
S3150803C39040F19280A37B277B003B18BF0123A26849
S3150803C3A04B49012F01920B706FD000F043FE042016
S3150803C3B0FDF7CCFF0420444E0223716F3A4621F061
S3150803C3C0F85121F4F81141F0506141F48031716755
S3150803C3D00DEB0001FDF7D8FF0446002860D00120C5
S3150803C3E030223C493C4B08701A653C4E33689847E3
S3150803C3F02128044604D101210020736898470024A4
S3150803C400284604F0A2F9204603B0F0BD0320FEF740
S3150803C410A9F8002850D12279D6F80C31012A2268C6
S3150803C42030D0D01A00900020274B2D4A2D495A6741
S3150803C4309867637B2C4A23F040000028C3F38013D4
S3150803C4400B700CBF012300231370284B274AD3F81C
S3150803C450D83E4FF003000CBF43F0200323F020031C
S3150803C460C2F8D83EFDF772FF174B214A03205A67D5
S3150803C470694601232279FDF787FFF8B101221D4B8F
S3150803C4801A707BE79A42CDD3CBE72379022B8CD05C
S3150803C490009BD6F80C1100270B441344019384E739
S3150803C4A00320FDF753FF28460D4A124B72671C708B
S3150803C4B004F04BF90E24A6E72846F9E7284604F0C4
S3150803C4C044F921249FE700BF00C001B8000002B861
S3150803C4D0506300204D630020001002B898650020C1
S3150803C4E0000001014E6300204F630020003000B0B6
S3150803C4F0010C01004A630020F8B5194C054620785B
S3150803C50040F27D22B0FA80F03E214009FAF730FC6A
S3150803C51055B9607840F27D22BDE8F840B0FA80F05C
S3150803C5203E214009FAF724BC4FF440660D4F0E4DE1
S3150803C530D7F8083140F27D22C3F381232370C5F867
S3150803C540086160783E21B0FA80F04009FAF710FCDA
S3150803C550D7F80C31C3F381236370C5F80C61F8BDB2
S3150803C56047630020004000B8006000B8A82238B529
S3150803C5701C4B5D6C03F500535A6410229A60A3F5AD
S3150803C580804302F100521A675A6600F0ABFF164B56
S3150803C5901B7813B90320FDF7D9FE0024134B9C67B8
S3150803C5A000F0C6FF124A134BD2F8081F0B40C2F815
S3150803C5B0083F0422104B5A64104BAA06C3F8E040FE
S3150803C5C009D503F58073D3F89030B3F5817F22BF7D
S3150803C5D08022044B1A61FCF787FB0022084B1A706A
S3150803C5E038BD00BF000002B84A63002000C001B886
S3150803C5F0003000B0DF0000FF002002B8003E00B0A4
S3150803C600496300200D4A10B5D2F8A030D2F8A41019
S3150803C6100B40B3F1804F0CD34FF040400849094C07
S3150803C620C1F8A400D467C1F8A0004FF48021064AD4
S3150803C630D161034AC2F8A03010BD00BF00400050C4
S3150803C640006000500000FF01001002B89E4B2DE960
S3150803C650F04F9A6EDB6E85B002EA03089B4BC3F86C
S3150803C66068804FF03A43D3F81461D3F818311E4063
S3150803C670974BC3F81461974B9A68DB6802EA030A77
S3150803C680954BC3F808A003F52043DA691B6A02EA47
S3150803C6900309924B09F47702DA61914BD3F8042222
S3150803C6A0110706D4D3F804311A07C3F3C00740F1B8
S3150803C6B0E98004F04FF88B4B5A695F6E1B6F12F0D3
S3150803C6C0060F07EA0307884A27F0007323F4006373
S3150803C6D014BF4FF0010B4FF0000B53667B0706D5CB
S3150803C6E0824A92F885300133DBB282F8853004F04A
S3150803C6F02CF8B8F1000F00F0E38018F400442BD0AF
S3150803C70004F028F80146FFF75DFD0446784B1D68DB
S3150803C7102A682B689A42FCD02A689A42FCD0FFF70B
S3150803C72051FDA04240F0B080084604F00EF8714B64
S3150803C7301C60714B5D6C15F4E05240F0A78024F041
S3150803C7407F4424F0DF040CB9FFF710FF6B4B01207D
S3150803C7501B6898474FF0807418F0020F4FF00005D6
S3150803C76014D0654B5D495B6C03F460424A64002A46
S3150803C77000F0A0801D0400F1A08013F4005F0CBF35
S3150803C7804FF000534FF0006300251C43C8F34038AD
S3150803C7904FEA48085A4B3340002B4BD016F4206F08
S3150803C7A00AD040F2BC5206210020FAF7E1FA00202B
S3150803C7B000F01CFF26F48026F00506D5FF22474B1A
S3150803C7C044F4C0649A60FFF711FD16F0090F0BD005
S3150803C7D040F2D15208210020FAF7CAFA00F0FAFE0D
S3150803C7E04FF03A4301225A6316F0106F0CD040F209
S3150803C7F0DA5209210020FAF7BBFA00F0EBFE002211
S3150803C80011461046FCF77EFE16F4202F0AD040F296
S3150803C810E25207210020FAF7ABFA002000F0E6FE01
S3150803C82026F48026F10301D5FCF7BEFF002EB8BF18
S3150803C83048F0080872070ED54FF03A431B6B13F4FA
S3150803C840005F4FF4005317BF214A2E4A136344F47B
S3150803C850000408BF1363730548BF44F0040416F4C1
S3150803C8608023019300F0B780FCF754FF01380628AC
S3150803C8704AD8DFE810F03E0141013E014401470171
S3150803C8804A014A01BB4634E7044641E70192FFF7EA
S3150803C8906DFE124B019A5A6415F4805307D115F4A9
S3150803C8A0806F0CBF4FF080544FF0806454E74FF00D
S3150803C8B0804451E74FF0007366E74FF0004363E7A0
S3150803C8C04446454666E700BF004000B8006000B826
S3150803C8D0002000BA004001B8006001B8002002B881
S3150803C8E000E100E000C001B800E001B8003E00B076
S3150803C8F08C700408C8620020000002B8B0650020E6
S3150803C900090B0B89001000BA40F2136203210020B9
S3150803C910FAF72EFA4FF03A420121D2F88C30D2F8C0
S3150803C920AC0003F00703063301FA03F3C0F30C0064
S3150803C9301B1A9BB2072B12D97E4B5B6C58020ED47B
S3150803C9407D48D36CD26E406D58B103F007030633A6
S3150803C9509940C2F30C03C91A89B2072901D844F4CA
S3150803C9600074764B1B78002B35D04FF03A43D3F837
S3150803C970143113F4A02F2ED1714B724A1B7893B935
S3150803C980FB0410D4137873B1E3086F4943EA45737C
S3150803C99083F00103D1F8081F03F001035B0021FAB2
S3150803C9A003F3980717D10420FDF7D0FC674B6849B2
S3150803C9B0596700F03FFB634A137843B9654B1B7805
S3150803C9C02BB1654B654A1B682340134201D144F4D6
S3150803C9D0804427F48057BAF1000F27D01AF4805FF2
S3150803C9E018BF44F480241AF4807F18BF44F4002443
S3150803C9F01AF4005F18BF44F010041AF4007F18BF36
S3150803CA0044F020041AF4806F18BF44F040041AF463
S3150803CA10006F18BF44F080041AF0805F06D0504BAD
S3150803CA200021186845F48055FBF7D4FCB9F1000FCB
S3150803CA303ED019F4802F18BF45F4007519F4803FCA
S3150803CA4005D0484B03201B6844F48054984719F4CF
S3150803CA50801F18BF44F4003419F4001F18BF44F0AC
S3150803CA60020419F4003F18BF44F4801419F4800F24
S3150803CA7018BF45F0100519F4002F19D0324BD3F817
S3150803CA80D83E13F0C00F13D02A4AD368C3F30363FF
S3150803CA90032B01D0072B05D1936CD90602D4D36C8B
S3150803CAA01B0739D54FF400222F4B29F40029DA61E5
S3150803CAB0002F00F02381380540F18E802B49234A45
S3150803CAC091F803A02A4BBAF1000F57D04FF4006030
S3150803CAD00AF1FF3A58665FFA8AF3CB7033B9254BE6
S3150803CAE01B78E3B140F60142234B5A670023002221
S3150803CAF070E044F480340DE744F400640AE744F430
S3150803CB00806407E744F4807404E7164B02201B6825
S3150803CB1044F008049847FDE644F40014C8E7936F05
S3150803CB2013F4A05F15BF4FF4807340F60143936572
S3150803CB309367DBE7000002B8004000B84D630020A6
S3150803CB404C6300204F630020003000B000C001B8DA
S3150803CB50000001014E630020C0590020088D010022
S3150803CB60AC5F0020B0650020002002B838630020BF
S3150803CB7000E001B84A63002000D001B80320FDF79E
S3150803CB80E5FBA54AA54B526912F0060F76D0504627
S3150803CB90FDF7C4FD4FF40061A04B9F4A59665369DC
S3150803CBA09F4813F0060308BF9367B0F882309D4980
S3150803CBB013F4006266D023F40063A0F882300B787E
S3150803CBC003F0FF0A002B61D1FDF794FEFFF7CEFCB5
S3150803CBD0534620221C431543B90009D52E20FDF7D9
S3150803CBE0EFFA4FF000528D4B45F008051A675A665F
S3150803CBF0FA0608D52B20FDF7E3FA1022874B45F4EE
S3150803CC0000151A675A6617F0306F05D1FB0469D504
S3150803CC10BBF1000F00F0BF80380115D52920FDF7B9
S3150803CC20CFFA814B8149DB6803F48042C3F380332F
S3150803CC300B70FFF719FB28B17D4B78497D484B6686
S3150803CC40036732BB45F0040517F0007B2ED004209A
S3150803CC50FDF77CFB2720FDF7B3FAFFF787FC4FF0B8
S3150803CC6000726E4B5A66744BD3F8082F52067AD461
S3150803CC700222724B9A6045F002052EE041F61F72B6
S3150803CC805A6787E70B784FF40053A3E74FF400433B
S3150803CC902DE70B6720204B66FDF792FA45F400153E
S3150803CCA02D2045F00C05FDF78BFACDE717F0807FAD
S3150803CCB0DFF864A142D00420FDF748FB2820FDF7DE
S3150803CCC07FFADAF87830002B35D1FFF74FFC534B50
S3150803CCD0574A45F001051A675A66FFF79BFA002279
S3150803CCE04D4B9A65BB0409D5554A5379002B00F079
S3150803CCF0CC80013B5371002348EA03084246204689
S3150803CD002946FFF799FA019B0BB1FCF73BFD4FF058
S3150803CD1000424C4B06F00436C3F814614A4B19F427
S3150803CD20002FC3F880211EBF4FF40022434BDA615C
S3150803CD3005B0BDE8F08FCAF878B0C8E7F904CED5D0
S3150803CD400420FDF703FB414BCAF87430FDF7D2FD07
S3150803CD50DAF8643013F0407FC1D12A20FDF730FAA0
S3150803CD60FFF704FC7FE7D3F8D83E9B0683D4022259
S3150803CD70374B9A60374B1B6893F8253098077FF52E
S3150803CD807AAF274B93F8F430002B3FF474AF802225
S3150803CD90254B1A616FE72A4A13794BB1013BDBB27C
S3150803CDA0137113B9234B2C4A5A6700231C4399E77B
S3150803CDB00420FDF7CBFA0320FDF7C8FA164B234ADE
S3150803CDC05A6703F0C7FC82460DF10F00FEF7F8F821
S3150803CDD0224B83461B780BB1FFF708FABBF1030F07
S3150803CDE00ED1DFF844B00020FEF7EAF8032807D18E
S3150803CDF0DBF82830D907F6D4DBF84830DA03F2D45F
S3150803CE009DF80F30032B2DD10122154B50461A706E
S3150803CE1003F09BFCC9E700BF00C001B800E001B8F6
S3150803CE20003E00B04A630020000002B849630020B0
S3150803CE301000002000D001B8003000B0002002B86E
S3150803CE4038630020002000BA00E100E00000010179
S3150803CE50001002B8AC5F00200000010D50630020EB
S3150803CE604C6300204FF03A43D3F8143113F4A02F40
S3150803CE70CAD100F0DFF8504603F067FC054B0320E0
S3150803CE801B6898474FF4804390E70520FDF75EFA41
S3150803CE90012331E7B06500200122024B1A62DA61E9
S3150803CEA0704700BF002002B8094A08B5D369116A5A
S3150803CEB00B40084923F47F00DB07C86106D5D16810
S3150803CEC04FF0FF30C1F3036102F093FA08BD00BFC8
S3150803CED0000002B8002002B80C4A08B5936CD26C5D
S3150803CEE013400B4A9364DB070FD50A4B40F66D02D2
S3150803CEF01878122100F00100F9F73AFFBDE8084057
S3150803CF00002201200021FFF797B908BD00C000B829
S3150803CF1000E000B8C059002070B5154D2C6C6B6C39
S3150803CF201C40144B24F002021A64E20705D540F6A6
S3150803CF30D40200202968F9F71BFFA30716D5022296
S3150803CF400C4B1A640C4A6B6814687CB1DBB2042B6D
S3150803CF5007D100220121094B18682346BDE8704012
S3150803CF601847052B02D100221146F4E770BD00BF0E
S3150803CF700080095000A0095008620020AC5F002019
S3150803CF8038B50B4C0B4DD4F88430DB0706D4A36FA6
S3150803CF90D4F884201340084A936738BDD5F804317A
S3150803CFA05A06F0D5FFF7B8FF4023C5F88431EAE7F8
S3150803CFB0008001B800E100E000A001B808B503F05D
S3150803CFC0C9FB0E4B1A78A2B90D4A126812F4843FAC
S3150803CFD00FD10C4A102111651B7863B9084B1B68DE
S3150803CFE0DB0508D4074B20221A65BDE8084003F081
S3150803CFF0ACBB054AEEE7044BF5E700BF4D630020DB
S3150803D000C0590020002002B8001002B810B503F07A
S3150803D010A1FB0E2104460320FDF716FF40F2012269
S3150803D020034B2046BDE81040DA6203F08EBB00BF0F
S3150803D030004000B80022044B1A70044B197811B14A
S3150803D0401A70FFF7BBBF70474C6300204D6300207F
S3150803D05038B503F07FFB4FF08043244C0546C4F8EC
S3150803D0608030BFF34F8FBFF36F8F4FF00043C4F881
S3150803D0708030BFF34F8FBFF36F8F0123C4F884301B
S3150803D080BFF34F8FBFF36F8F0223C4F88430BFF308
S3150803D0904F8FBFF36F8F0423C4F88430BFF34F8FCA
S3150803D0A0BFF36F8FFEF7FEFB0823C4F88430BFF384
S3150803D0B04F8FBFF36F8F1023C4F88430BFF34F8F9E
S3150803D0C0BFF36F8F2023C4F88430BFF34F8FBFF3AA
S3150803D0D06F8F8023C4F88430BFF34F8FBFF36F8FEE
S3150803D0E02846BDE8384003F030BB00BF00E100E046
S3150803D0F038B503F02FFB05464FF080430B4C2360EE
S3150803D1004FF0004323600223636004236360FEF742
S3150803D110C1FB0823636010236360202363608023B5
S3150803D12063602846BDE8384003F00FBB00E100E022
S3150803D1302DE9F047DDF820A003EA0108099B064616
S3150803D1400D4602EA000703EA0A09BAF1000F40F09E
S3150803D1504F81031F0B4300F00F81052871F100036C
S3150803D16080F0E58050EA010300F07581431E0B4306
S3150803D17000F02581FFF76CFFB84AD2E9004323EA9A
S3150803D180050324EA06043C4343EA0807B44BC2E909
S3150803D19000471E6826EA0A0646EA09061E60FFF7DE
S3150803D1A00DFF14F02A4F14BF48F202034FF400434D
S3150803D1B0AC4AB007D26EAC4848BF43F4005383EA7F
S3150803D1C0020122EA0302C266A84A0B408166D366B5
S3150803D1D0C4F380421203210348BF42F48072E30674
S3150803D1E048BF42F40052A24BA50648BF42F4007258
S3150803D1F0600648BF42F480622106D96848BF42F4F4
S3150803D200006282EA010323F080539A4819401A40C0
S3150803D210C1608360984B17F4007FDA60974B07F475
S3150803D220007200F0048101224FF4802583F8A020C0
S3150803D230E30448BF45F48035A00348BF45F4801589
S3150803D240A10748BF45F4001514F4001FDFF86882E8
S3150803D25006D0D8F8000002F0E8F808B945F4002526
S3150803D260E20248BF45F40035FB06854B48BF45F443
S3150803D27080051A6A834985EA020323F001031A40E3
S3150803D2800A621D40CB61804B16F0010F1D627F4B6E
S3150803D2907F4A18BF1A467F4B7D071B6F48BF42F06C
S3150803D2A000627D4882EA030123EA020303677B4B94
S3150803D2B00A4041661A677A4A04F00103D16CA0F55D
S3150803D2C0803081EA030221EA0301C16482641A40B9
S3150803D2D0744B2002DA64D8F8002048BF724B92F8E0
S3150803D2E0022158BF714B610748BF43F4806322B1DB
S3150803D2F014F4C06F18BF43F4807332074FF03A42F1
S3150803D300BDE8F047D2F8181148BF43F0004383EA53
S3150803D310010222F4A02266481140C0F818111340EE
S3150803D320C0F81421634AC2F81831FFF7E1BEA0F525
S3150803D33080630B4306D020F48063A3F500730B4385
S3150803D3407FF418AF03F006FA4449D1E9003223EA19
S3150803D350060322EA050242EA08023B43C1E9003210
S3150803D360554A126892F80211514A09B313F4C06F69
S3150803D3701ED04FF4807311E003F0ECF9374AD2E973
S3150803D380003123F004033B4341EA080157EA08073F
S3150803D390C2E900314FF48063454A0BD0C2F8143111
S3150803D3A0A2F58052C2F81831BDE8F04703F0CDB9AB
S3150803D3B04FF48073C2F81831C2F81431F4E703F056
S3150803D3C0C9F9264AD2E9003123F001033B4341EA6E
S3150803D3D00801C2E900310123384A57EA08071BBF87
S3150803D3E09364A2F58052D364D36408BF9364DBE7DE
S3150803D3F050EA01037FF4BEAEBAF1010F7FF4BAAE69
S3150803D40003F0A8F9164A136823F0010343EA09034C
S3150803D41013604FF40053204AB9F1000F04D0536642
S3150803D420A2F580521367BFE713675366BCE793F801
S3150803D430A01071B183F8A020214BD3F8A41003F5EB
S3150803D4400053C3F8A410C3F8A0104FF05023C3F831
S3150803D450A4200025ECE6BDE8F08700BFC0590020EC
S3150803D460CC620020004000B8006000B8005000B845
S3150803D470004001B8006001B8005001B8003F00B091
S3150803D480000002B8002002B8001002B804380003EE
S3150803D4900418000300C001B800E001B800D001B8C1
S3150803D4A000C000B800D000B80D0A0A09090A0A091B
S3150803D4B0002000BA001000BAAC5F002000E000B8F4
S3150803D4C000400050024B186800F00100704700BF87
S3150803D4D0C0590020024B5868C0F3C030704700BFDC
S3150803D4E0C05900200A4B197801F0FF0229B100211F
S3150803D4F0197008499202C1F80821597801F0FF0208
S3150803D50029B1002159709302024AC2F80C317047B7
S3150803D51047630020005000B84FF40062034B5A6477
S3150803D5204FF40042A3F5E0339A667047001002B839
S3150803D530F8B5084C084D636C0423084F6B64636C99
S3150803D5405B0300D4F8BD042602207E6401F0A5FE21
S3150803D5506E64F4E7000002B8001002B8002002B8AF
S3150803D56038B5044679B948B1164BDB681B0E13F078
S3150803D5700E0F04D04FF4C062134B9A6538BD134B94
S3150803D5801B6CD907F6D4FFF741FD0E4D0020FDF7B6
S3150803D59017FD032801D0092805D1AB6ADA07F5D4A4
S3150803D5A0AB6CDB03F2D4FFF7C3FF0122084B5A61C6
S3150803D5B002229A62042203F580535A64002CDDD0B2
S3150803D5C0D8E700BF000002B8006001B800C002B87F
S3150803D5D0001002B808B503210920FDF735FC2022FF
S3150803D5E0014B1A6108BD00BF000002B838B50546ED
S3150803D5F003F0B0F80E4B04461868FBF7AFFF35B1D6
S3150803D600FFF718FD2046BDE8384003F09EB8094BDE
S3150803D6101B78002BF6D0084B1D78002DF2D1FFF7A7
S3150803D62009FD2A464FF480400021FEF705FEE9E787
S3150803D630AC5F00204C6300204B6300202DE9F84FB4
S3150803D640574B06460D4614465B6C002A40F0A480E9
S3150803D65013F0A00F14BF4FF001094FF00009FBF7B1
S3150803D66043FBA0234FF0000ADFF84C810320C8F8D8
S3150803D6704430FCF76BFE0420FCF768FE494FFFF7BE
S3150803D680D9FC494B4FF0040B7B67C7F878A0FFF723
S3150803D6904FFF464B4FF48071D3F8D82E42F0200241
S3150803D6A0C3F8D82EFF22C8F808203D4A1161D3F8DB
S3150803D6B0082F3F491140C3F8081FC8F844B0C3F8F8
S3150803D6C0E0AE7B6913F0060F04D0FDF713F958464D
S3150803D6D0FCF73CFEB9F1000F01D0FFF71DFF66B159
S3150803D6E0344BDB6C180701D4FFF790FCFFF772FF86
S3150803D6F00420FCF72BFEFFF7F5FE294B5A69D107E1
S3150803D70048D5DA6812F0706FFBD12B4B2B4A5A6453
S3150803D7102B4AD2F8803023F0F003C2F8803015B1D3
S3150803D7202046FFF763FF274BD3F84C315A1C01D029
S3150803D7305B0002D50122204B5A615CB31D4BDA6E9E
S3150803D74003F500539A6603F5D0331B6A1A4A23F086
S3150803D7500103D3611C4BD96803F50053996003F59C
S3150803D7600053D3F8841003F5005399674FF03A43EF
S3150803D770D3F8181103F50053C3F81411134BD96CD6
S3150803D78003F500539964124903F5803359664FF636
S3150803D79008435364BDE8F88F4FF000095FE700BFFD
S3150803D7A0000002B800C001B800000101003000B053
S3150803D7B0DF0000FF004000B8002002B81000300068
S3150803D7C0003F00B00080E00F004001B800C000B879
S3150803D7D05000002F38B514460D4602F0BBFF064B22
S3150803D7E0D3F8D82E54402C405440C3F8D84EBDE83D
S3150803D7F0384002F0AABF00BF003000B0034BD3F88D
S3150803D800D83E99430CBF012000207047003000B072
S3150803D8102DE9F04117460A43012A1D469DF818408B
S3150803D8209DF81C60DDF8208027D8B44225D2082E3F
S3150803D83023D8032B21D8B8F1000F1ED00A4600219E
S3150803D840FAF784FCFF21EB009940C943DFF830C09F
S3150803D85008F1FF38FF00E2B2964202D80020BDE87D
S3150803D860F0813D190CEB85052A6918F8010F0A4062
S3150803D8709840104328610134EDE72120EFE700BF04
S3150803D880003F00B0174BD3F8D82E12F0010312D07D
S3150803D890154B93F86430154A43F08073C2F8D030B9
S3150803D8A04FF4801302F50052C2F8B430A2F5805241
S3150803D8B0C2F8B83070471106EDD40B4B93F86310D2
S3150803D8C021B1D20602D593F86030E4E74FF480120B
S3150803D8D00020074B0549C3F8B820C1F8D000C3F8A0
S3150803D8E0B4207047003000B0003F00B0004000B8D5
S3150803D8F0006000B870B5164E032804460D46337803
S3150803D9001ED023FA04F202F00102AA421DD053B133
S3150803D9100122A240A54023EA02032B43DBB233705C
S3150803D9204BB1012070BD2DB10A4B01201B689847E6
S3150803D9303378EDE73570074B00201B689847F0E707
S3150803D9409A07DED003F0FC03E9E7002070BD00BFA9
S3150803D9505263002008630020F8B505460C4602F01A
S3150803D960F9FE104F06463B7833B1012D04D01CB996
S3150803D9700D4802F07BFC3C7021462846FFF7BAFFA8
S3150803D9800A4B04461B783BB93B782BB901F0F9FAE5
S3150803D99010B1074B1B689847304602F0D6FE20465F
S3150803D9A0F8BD00BF53630020E062002052630020E5
S3150803D9B098650020054A0B46117831B1002111708C
S3150803D9C0034A0121526818781047704753630020A9
S3150803D9D09865002038B5074D04462B78834207D04F
S3150803D9E0FAF71AFD20462C70BDE83840D4F7C8B8B4
S3150803D9F038BD00BF516300201B4B022910B51870B0
S3150803DA0002D0032904D010BD184B1B78002BFAD17A
S3150803DA10F8F72EFE0028F6D04FF00052144BC3F841
S3150803DA208020BFF34F8FBFF36F8FFAF783FC00286D
S3150803DA30E9D0FAF731FC0028E5D10E4B1C6834B15E
S3150803DA4023689847BDE810400020FAF7D9BC00F0D0
S3150803DA50FFFF094B186002F095FA084B1860204639
S3150803DA60FAF770FCEEE700BFE1650020516300207A
S3150803DA7000E100E000620020046300200063002048
S3150803DA8038B504460D46F8F7F3FD80B14FF000525A
S3150803DA90124B1A60FAF74EFC48B9012D07D8012034
S3150803DAA0FAF7AEFC0E4B1B6823B15B6898470D4B20
S3150803DAB01C7038BD02F066FA0B4B1A68801A186098
S3150803DAC002F078FA4FF47A72084B1B6802FB0030AF
S3150803DAD000F0C0FF0120FAF735FCE8E700E100E0B3
S3150803DAE000620020E1650020006300200463002033
S3150803DAF0F0B585B002F02EFE344D04462B7823B1DB
S3150803DB00334802F0B3FB002852D102F04DFA02AAB9
S3150803DB1003A901F020FA0346002838D001F02FFAAA
S3150803DB20029B98421CD100202A4B03991B682A4E54
S3150803DB309942307020D90027C91A012324482B702B
S3150803DB40264A33460197009702F0F6F9002837D19B
S3150803DB50234A1378D90701D53178F9B1204611E05C
S3150803DB6001F00BFA029B984228D00023184619495C
S3150803DB70194A0968137003910121FFF7BBFE0023B5
S3150803DB8020462B7002F0E1FD002005B0F0BD2046CB
S3150803DB902B7002F0DAFD212005B0F0BD03F0FE0379
S3150803DBA01370002BDAD10F4B1B6898472046E9E719
S3150803DBB0204602F0CAFD0E2005B0F0BD0220B3E7E9
S3150803DBC0032320462F703370F3E700BF5363002007
S3150803DBD0E0620020D8610020E0650020B5D903087B
S3150803DBE05263002008630020114B10B55B6F0024B5
S3150803DBF003F44073B3F5007F04BF02220D4B0E49AD
S3150803DC0008BF1A600D4B0E4A1C700E4B0E481A605D
S3150803DC100E4A5A60D3F744FF0D490E48D3F740FF1F
S3150803DC200D4B0E4A1A60D3F7CFFF204610BD00BF2F
S3150803DC3000400050D8610020FC700408536300209C
S3150803DC40F1DA030898650020D062002059D9030841
S3150803DC5004710408D862002008630020D5D9030894
S3150803DC6053B94AB9002908BF00281CBF4FF0FF3132
S3150803DC704FF0FF3000F082B9ADF1080C6DE904CE20
S3150803DC8000F006F8DDF804E0DDE9022304B0704786
S3150803DC902DE9F04F099D0C46002B4DD18A420F46BC
S3150803DCA084469646B2FA82F360D94BB102FA03FE6A
S3150803DCB0C3F120029F4000FA03FC20FA02F217433D
S3150803DCC04FEA1E461FFA8EF44FEA1C42B7FBF6F1DB
S3150803DCD006FB117701FB04F042EA0742904208D992
S3150803DCE01EEB020201F1FF3702D2904200F23181A4
S3150803DCF03946121A1FFA8CFCB2FBF6F006FB102201
S3150803DD0000FB04F44CEA024C644508D91EEB0C0CE0
S3150803DD1000F1FF3202D2644500F21E81104640EA42
S3150803DD200140ACEB040C002125B12CFA03F30022C5
S3150803DD30C5E90032BDE8F08F8B4205D90DB1C5E9B7
S3150803DD40000100210846F5E7B3FA83F100294DD10E
S3150803DD50A342C0F0F380904280F0F0800646234643
S3150803DD600846002DE6D0C5E90063E3E7002B40F03B
S3150803DD70A3808A1A4FEA1E471FFA8EF60121B2FBC1
S3150803DD80F7F407FB14204FEA1C4242EA004206FB5B
S3150803DD9004F090420FD91EEB020204F1FF382CBFA0
S3150803DDA04FF001094FF00009904203D9B9F1000F6A
S3150803DDB000F0CC804446121A1FFA8CFCB2FBF7F02B
S3150803DDC007FB102200FB06F64CEA024C664508D907
S3150803DDD01EEB0C0C00F1FF3202D2664500F2B3804B
S3150803DDE01046ACEB060C40EA04409DE7C1F1200659
S3150803DDF08B4004FA01FE22FA06F720FA06FCF440E1
S3150803DE008A401F434EEA0C0300FA01FE4FEA1748FD
S3150803DE104FEA13491FFA87FCB4FBF8F008FB1044D2
S3150803DE2049EA044400FB0CF9A1450ED93C1900F153
S3150803DE30FF3A2CBF4FF0010B4FF0000BA14503D956
S3150803DE40BBF1000F00F08B805046A4EB09041FFAC0
S3150803DE5083F9B4FBF8F308FB134403FB0CFC49EA08
S3150803DE600444A44506D93C1903F1FF3801D2A44555
S3150803DE707BD8434643EA0040A4EB0C04A0FB029874
S3150803DE804445CC46434602D306D1CE4504D201388F
S3150803DE90B9EB020C68EB0703002D6CD0BEEB0C0242
S3150803DEA064EB030422FA01F304FA06F6CC400021D4
S3150803DEB01E43C5E900643DE702FA03FEC3F12001E8
S3150803DEC004FA03F200FA03FCCC404FEA1E4720FA91
S3150803DED001F11FFA8EF6B4FBF7F00A4307FB104469
S3150803DEE0110C41EA044100FB06F48C420ED91EEBE1
S3150803DEF0010100F1FF382CBF4FF001094FF000096B
S3150803DF008C4202D9B9F1000F2CD04046091B92B2B4
S3150803DF10B1FBF7F407FB141142EA014204FB06F1CD
S3150803DF20914207D91EEB020204F1FF3801D291424E
S3150803DF301ED84446521A44EA004120E7861A64EB7F
S3150803DF40030301200DE7F44402384AE7023C72440E
S3150803DF5031E702397244CCE6F4440238DFE6023884
S3150803DF603C4472E702387144D0E7023B3C4481E7FC
S3150803DF70023C7244DEE72946DCE600BF704700BF71
S3150803DF8010B50C46B1F90E10F8F742F90028ABBFE5
S3150803DF90636DA3891B1823F48053ACBF6365A38100
S3150803DFA010BD2DE9F0411F468B8905460C46DB0556
S3150803DFB0164605D502230022B1F90E10F8F716F90D
S3150803DFC0A3893246B4F90E10284623F48053A38155
S3150803DFD03B46BDE8F041F7F74DBE10B50C46B1F91F
S3150803DFE00E10F8F703F9431CA38915BF606523F4DC
S3150803DFF0805343F48053A38118BFA38110BDB1F99D
S3150803E0000E10F8F7E3B82DE9F84307468846144691
S3150803E0100026D4E90195B9F1010905D52468002C30
S3150803E020F7D13046BDE8F883AB89012B07D9B5F993
S3150803E0300E30013303D029463846C04706436835B0
S3150803E040E9E702440346934200D1704703F8011BEC
S3150803E050F9E77047704770479368013B002B936055
S3150803E06010B408DA9469A34201DB0A2903D15DF8DF
S3150803E070044B00F01AB81368581C10600846197048
S3150803E0805DF8044B7047F8B506460F461446D5188F
S3150803E090AC4201D1002007E03A4614F8011B30468A
S3150803E0A0FFF7DAFF431CF3D1F8BDF8B50E4614465D
S3150803E0B0054618B1036A0BB9F7F7B2FDA369A3605E
S3150803E0C0A3891A0701D5236943B921462846F7F7D1
S3150803E0D0FBFE18B14FF0FF373846F8BD2368F6B292
S3150803E0E022693746981A6369834205DC214628461E
S3150803E0F000F00EF90028EDD1A368013BA36023685D
S3150803E1005A1C22601E70431C62699A4204D0A38972
S3150803E110DB07E1D50A2EDFD12146284600F0F8F8B9
S3150803E1200028D9D0D6E72DE9F047164698468A68D7
S3150803E13007460B690C46DDF820909342B8BF134691
S3150803E140336091F843200AB1013333602368990693
S3150803E15042BF336802333360256815F0060506D1D6
S3150803E16004F1190AE36832689B1AAB422BDC94F86C
S3150803E17043302268003B18BF0123920630D404F1CA
S3150803E180430241463846C847013023D023681A3428
S3150803E19054F80A2C03F00603042B0ABF54F80E5C42
S3150803E1A0002533684FF0000608BFED1A54F8123CF1
S3150803E1B008BF25EAE5759342C4BF9B1AED18B54215
S3150803E1C01AD1002008E00123524641463846C8477B
S3150803E1D0013003D14FF0FF30BDE8F0870135C1E7C1
S3150803E1E0E1185A1C30200233224481F8430094F87C
S3150803E1F0451082F84310C2E70123224641463846B2
S3150803E200C8470130E6D00136D9E7B1F90C202DE924
S3150803E210F041170705460C4656D44B68002B02DC1B
S3150803E2200B6C002B3DDDE66A002E3AD0002312F470
S3150803E23080522F68216A2B6025D0626DA3895807FF
S3150803E24005D56368D21A636B0BB1236CD21A216A9C
S3150803E2500023E66A2846B047411C24D0002363609E
S3150803E26023692360A389DA0400D56065616B2F608F
S3150803E270B9B104F14403994202D02846D3F7B5FA53
S3150803E280002363630DE001232846B047461C024674
S3150803E290D4D12B68002BD1D01D2B01D0162B2AD114
S3150803E2A02F6000202EE02A68B4F90C3042B11D2AEB
S3150803E2B001D0162A21D10023636023692360D5E799
S3150803E2C0626022692260CEE70F69002FE9D09307BF
S3150803E2D00E680F600CBF4B690023A6EB07088B601B
S3150803E2E0B8F1000FDDDD43463A46216A2846A66A99
S3150803E2F0B047002808DCB4F90C3043F040034FF06C
S3150803E300FF30A381BDE8F0810744A8EB0008E7E7DF
S3150803E31038B50B6905460C4613B90025284638BD9A
S3150803E32018B1036A0BB9F7F77BFCB4F90C30002B69
S3150803E330F3D0626ED00704D4990502D4A06DFFF713
S3150803E34089FE28462146FFF760FF636E0546DA070E
S3150803E350E4D4A3899B05E1D4A06DFFF77CFEDDE732
S3150803E360C9B20346024410B59342184601D10020A8
S3150803E37003E0047801338C42F6D110BD062008B5B4
S3150803E380F7F758FF0120D0F75EF8884210B501EB7E
S3150803E390020402D98442234607D8431EA14208D061
S3150803E3A011F8012B03F8012FF8E7024401468A42C4
S3150803E3B000D110BD13F8014D02F8014DF7E770B50A
S3150803E3C00C46B1F90E1096B0154600291E460CDA0E
S3150803E3D0A389002113F0800F14BF40234FF48063F1
S3150803E3E0002031602B6016B070BD6A46F7F72AFF26
S3150803E3F00028EDDB019901F47041A1F50053594258
S3150803E40059414FF48063EBE78B89F7B59D070646B9
S3150803E4100C4607D504F1470323602361012363618F
S3150803E42003B0F0BD01AB6A46FFF7C9FF009F054677
S3150803E43030463946D3F7CEF948B9B4F90C309A05BC
S3150803E440EED423F0030343F00203A381E2E7A3898F
S3150803E450206043F08003A381019BC4E904075BB1F1
S3150803E460B4F90E103046F7F7FFFE28B1A38923F057
S3150803E470030343F00103A381A3891D43A581CFE7C2
S3150803E4800A44431E914200D1704710B511F8014B57
S3150803E490914203F8014FF9D110BD1F2938B5054636
S3150803E4A00C4604D9162303604FF0FF3038BDC26B00
S3150803E4B012B152F821304BB9284600F016F8224615
S3150803E4C001462846BDE83840F7F7DEBE012B0AD0D9
S3150803E4D0591C03D1162303600120E7E700212046D0
S3150803E4E042F8241098470020E0E7CFF7AFBF10F8AB
S3150803E4F0012B11F8013B012A28BF9A42F7D0D01AFB
S3150803E500704730B514469BB005461A46002C05DA03
S3150803E5108B2303604FF0FF301BB030BD4FF40273FB
S3150803E520009104916946ADF80C3014BF04F1FF332A
S3150803E5302346029305934FF6FF73ADF80E301E9BE1
S3150803E540F7F706FF431CBCBF8B232B60002CE3D0D5
S3150803E550009B00221A70DFE7C9B20346184613F870
S3150803E560012B12B18A42F9D17047002918BF00203E
S3150803E57070470139034610B532B111F8014F013A14
S3150803E58003F8014B002CF7D11A440021934200D11A
S3150803E59010BD03F8011BF9E7034613F8012B002AFC
S3150803E5A0FBD1181A013870470A7870B56AB970BD75
S3150803E5B09A4209D10C46054614F8013F002BF6D0BA
S3150803E5C015F8016F9E42F7D001300378002BEFD17F
S3150803E5D01846ECE72DE9F0471F468E6882460C4637
S3150803E5E0BE4290460B682DD8B1F90C2012F4906FF1
S3150803E5F026D06569096905EB4505A3EB01097B1C6B
S3150803E60005EBD5754B446D109D4238BF1D46530522
S3150803E61027D52946D3F7DEF8064660B34A46216965
S3150803E620FFF72EFFA38923F4906343F08003A381A6
S3150803E63026614E446561A5EB090526603E46A5603D
S3150803E640BE4200D93E46324641462068FFF79DFE44
S3150803E650A36800209B1BA360236833442360BDE89B
S3150803E660F0872A46D3F7F0F806460028E0D1216951
S3150803E6705046D3F7BAF80C234FF0FF30CAF80030E8
S3150803E680A38943F04003A381E9E7022070470220E8
S3150803E69070470020704701207047002070470E20FE
S3150803E6A07047FAF761BB08461146012200F07EB8A7
S3150803E6B070B50C4611461A46F7F758FF059B049E94
S3150803E6C00493456933462046AC46BDE87040604727
S3150803E6D010B5F7F74BFFBDE810408369084618479E
S3150803E6E000F076BBF9F75CB9F9F724BB00F0DCB8A0
S3150803E6F000F0EDB8F9F7ECBB70B504460D461646BF
S3150803E7004FF4881100F013F9324629462046BDE82E
S3150803E7107040FAF781BD431E012B03D9031F5842E4
S3150803E720584170470120704700F099BD4FF4E072D5
S3150803E7300021FFF786BC70B50446F9F76FFC05465A
S3150803E740A8B9A169F1B1238AD3B1204604F110020D
S3150803E75000F0D9FB38BBE16919B3638AA3B1204634
S3150803E76004F1120200F0A4FB78B1054603E0002386
S3150803E770A3612361E361002328466361236270BDB5
S3150803E780A061E8E72082E6E7E361216A0029F2D07F
S3150803E790A28A002AEFD02046E38ABDE8704000F03B
S3150803E7A046BB6182F1E76582E561DEE7F9F772BE8A
S3150803E7B00A7838B505461046FFF7ADFF60B14C78C1
S3150803E7C02046FFF7A8FF38B12243530704D4284647
S3150803E7D0BDE83840F8F780BF212038BD10B5044698
S3150803E7E00878FFF798FF58B14A781046FFF793FF62
S3150803E7F030B1042A04D02046BDE81040F8F78ABF92
S3150803E800212010BD00F034BA704711B9D0F8E810CA
S3150803E81021B1CB6813B18B68D88970474FF6FF705F
S3150803E820704710B5F7F7AEFF044608B900F01BFDAD
S3150803E830204610BDF8F7EABD00F066BAD0F8EC300A
S3150803E8400BB90E2070474FF6FF72038E93420B8067
S3150803E850F7D000207047F8B506460D46F7F792FF3E
S3150803E860D8B94FF6FF734FF0240CEF68C1B28F4245
S3150803E87008D81C4621463046F8F750F900F0F3FC51
S3150803E8802046F8BDAA680CFB0122D4899C4202D211
S3150803E890002CEFD023460130E8E74FF6FF74EFE785
S3150803E8A0008E704700F021BA38B504460D4600F0CD
S3150803E8B0B2F850B129462046F8F730F930B9294657
S3150803E8C02046BDE83840F8F731BE0E2038BD70B58E
S3150803E8D004460D46164600F09EF858B129462046CA
S3150803E8E0F8F71CF938B9324629462046BDE8704080
S3150803E8F0FDF72CBD0E2070BD00F049BBF8F724BF09
S3150803E90000F034BA002070470846FBF7DBBA00F07C
S3150803E91041BB38B504460D4601F01CFF0023C4F875
S3150803E9209C50C4F89830BDE8384001F00EBF38B59E
S3150803E93004460D4601F00EFFD4F89C301D40D4F86A
S3150803E940983023EA0505C4F8985001F0FEFE2846D8
S3150803E95038BD73B50D7806460C4635B304238DF8D2
S3150803E96004302379304601A98DF80530FFF736FFC1
S3150803E9700546B8B92278A37952BB8DF80430E379F2
S3150803E980304601A98DF80530FFF712FF054648B949
S3150803E99023783BB161883046F9F790F80121304670
S3150803E9A000F0F8F9284602B070BD294600F0F2F9DE
S3150803E9B02946304600F016FA2946304600F01AFA78
S3150803E9C02378002BCAD123798DF804306379C9E7F4
S3150803E9D002228DF80420D3E7F9F782B9FAF704BFC0
S3150803E9E00846FAF7B3BFF9F7A3B8F9F747B90B46D9
S3150803E9F010B514461846A1689288FFF741FDE168E9
S3150803EA00034631B1A0886288121A92B21844FFF7F6
S3150803EA1037FD002010BD0346408A18B1188A00380E
S3150803EA2018BF012070470846FBF76CBB431C08BF99
S3150803EA300020F8F73DBD10B5044600F072F820B97A
S3150803EA402046BDE81040F8F76FBA10BD00F01EBCAB
S3150803EA5000F01CBCFBF790BD2DE9FF419846044620
S3150803EA600E46174601F07FFE05462046FFF7E3FFED
S3150803EA700A9B3A4602930023314601932046CDF872
S3150803EA800080F8F79FFA0446284601F067FE2046F9
S3150803EA9004B0BDE8F08138B5044601F064FE0546C6
S3150803EAA02046FFF7C8FF2046F8F76AFA04462846C1
S3150803EAB001F054FE204638BD38B5044601F053FE2E
S3150803EAC005462046FFF7B7FF204600F039F8044607
S3150803EAD0284601F043FE204638BD38B5044601F002
S3150803EAE042FE05462046FFF7A6FF204600F02EF80D
S3150803EAF00446284601F032FE204638BD70B5044662
S3150803EB000E4601F030FE05462046FFF794FF3146D0
S3150803EB102046F8F7A3FA0446284601F01FFE2046C6
S3150803EB2070BDF8F73BB910B501F01DFE044600F0B9
S3150803EB3015F8F8F759F92046BDE8104001F00EBE5E
S3150803EB40024608B5F8F72AF9507D08BD024608B506
S3150803EB50F8F724F9507D80F0010008BD00F096BB54
S3150803EB60F8F71ABD00F0CDB800F002BB00F05DBAA5
S3150803EB70022A01D800F07FBA21207047022A01D859
S3150803EB8000F08ABA21207047022A01D800F097BA02
S3150803EB902120704738B504460D4600F069FA28B1B6
S3150803EBA029462046BDE8384000F099BA022038BD08
S3150803EBB070B504460D46164600F05AFA30B1324689
S3150803EBC029462046BDE8704000F091BA022070BD80
S3150803EBD00E20704738B504460D4600F049FA28B1A9
S3150803EBE029462046BDE8384000F0B2BA022038BDAF
S3150803EBF038B504460D4600F03BFA28B129462046A7
S3150803EC00BDE8384000F0ACBA022038BDFAF786B939
S3150803EC100346DB8E08469342114601D3FAF79CB99D
S3150803EC2021207047FAF7E4B9013001D1FBF75EBF3B
S3150803EC302120704700207047002070477047D0F89E
S3150803EC40A03003F06003402B0DD0602B03D0203B8C
S3150803EC5058425841704749B10B68012B06D9486990
S3150803EC6040F00100704740F20110704700207047DA
S3150803EC70F7B504461046D4E958C7DDE908268CEAF1
S3150803EC80020587EA06010540194085EA0C0579401D
S3150803EC90C4E95851002523F4004106EA010320F08C
S3150803ECA0010043F40073024043F002030195009503
S3150803ECB0FEF73EFA94F824309A0713D5D4F864314C
S3150803ECC09B050FD54FF48811204600F099FB94F85D
S3150803ECD02430024665F3410384F8243020460B4664
S3150803ECE0F8F782FB002003B0F0BD30B4D0F8A030AB
S3150803ECF00A4023EA01031343C0F8A03030BCF9F7EE
S3150803ED008DBC0520FBF72EBC08B5D0F8F0304BB107
S3150803ED101A68022A06D993F825204AB1186AB0FB5D
S3150803ED20F2F008BD40F62B324C210020F8F720F804
S3150803ED300020F6E7D0F8F02008B57AB11368022B5D
S3150803ED400CD9536A13F47F4FC3F3072106D0126A0B
S3150803ED50DBB253438B42B3FBF1F006D2002040F6F5
S3150803ED604A324C21F8F704F8002008BD0346B3F8E5
S3150803ED703E2108468A4203D0A3F83E11FAF744BE59
S3150803ED800020704790F83C310C2B14BF90F82B00E9
S3150803ED90FF20704738B50C464FF400610546FEF769
S3150803EDA02DFD60B16CB195F82A3163B94FF48072C1
S3150803EDB02846BDE838404FF48071FEF70BBD2202A2
S3150803EDC0F6E72246F4E738BD4FF48071FEF716BD21
S3150803EDD010B50023F8F7D4FC044608B9FDF7A0FAE2
S3150803EDE0204610BD08B54A024FF40071FEF7F2FC3F
S3150803EDF0002008BD08B58A024FF48061FEF7EAFCD5
S3150803EE00002008BD38B54FF03A430546DC6A808AC8
S3150803EE10C4F30C04A04234BF0020012041F25F4230
S3150803EE200821F7F7A5FFA88A001B80B238BD2DE98C
S3150803EE30F041884618F0030706461546194633D1A6
S3150803EE40B2F5805F30D89A422ED33F2A28D9B2FA30
S3150803EE5082F401220120C4F11F03DBB29A4092B265
S3150803EE60AA422CBFC4F11904C4F11A04E2B2931DD1
S3150803EE70DBB2984080B2A84214D096F80131ABB9F8
S3150803EE80012096F8253060F3000386F825304046BE
S3150803EE90FAF74AFAC6F82080B5823846BDE8F08103
S3150803EEA03A46EAE70020ECE72127F6E70E27F4E7D8
S3150803EEB0F8B511F0030607460D46144621D102B3E9
S3150803EEC013883F2B1DD9B3FA83F3C3F11901C9B2CA
S3150803EED0062901D8192B12D0062928BF0621012392
S3150803EEE08A1DD2B293402846238000F0A3F92388CB
S3150803EEF03846FD617B82FAF731FB3046F8BD314669
S3150803EF00EDE72126F9E738B5148811F003054FEA2A
S3150803EF10C4041ED13F2C1CD9B4FA84F4C4F11903D2
S3150803EF20DBB2052B01D8192C11D0052B28BF0523D5
S3150803EF3001240633DBB204FA03F3C3F3CF041480C4
S3150803EF40816104828387FAF709FB284638BD2B4675
S3150803EF50EEE72125F9E7F8B504460E46174601F00C
S3150803EF60F9FB3A46054631462046FCF7D1F90446ED
S3150803EF70284601F0EAFB2046F8BD05207047032022
S3150803EF807047FBF7E7BA08B190F92600704790F87F
S3150803EF902D00704708B50B46062200F59E711846E4
S3150803EFA0FFF76EFA002008BD0429F8B505460C4696
S3150803EFB00AD10026F7B23846FAF790FD08B13C465F
S3150803EFC002E00136042EF5D12046FAF787FD58B13B
S3150803EFD095F83C31A34209D085F83C4105F59E7066
S3150803EFE0BDE8F840FAF716BD2120F8BD0020FCE776
S3150803EFF00022F9F72BBCA0F84C30BDF90030C0F855
S3150803F0009410A0F84A20A0F84E3000207047F9F76C
S3150803F01093BD10B5144608460121FBF771FE204639
S3150803F020BDE810400121FBF76BBE70B504461546D3
S3150803F0300E4609B9212070BD130617D400F014F93A
S3150803F04031462046FFF707FC4FF6FF739842F1D087
S3150803F05000F00AF920464FF400310022FEF7BAFB06
S3150803F06029462046BDE87040F9F70CBA0E20E2E7B8
S3150803F0708021FEF7C3BB7FB5531C05AA0292022261
S3150803F08001920022ADF8141000921146DBB2FEF786
S3150803F090BFFB07B05DF804FB7FB5531C05AA4FF009
S3150803F0A0040C02920222ADF81410CDE9002C0121BA
S3150803F0B00022DBB2FEF7ACFB07B05DF804FB1FB515
S3150803F0C04FF0080C531C0022CDE9002C01220291B3
S3150803F0D0DBB21146FEF79CFB05B05DF804FB08B5E9
S3150803F0E00A044FF48031FEF775FB002008BDF8B516
S3150803F0F014468A0707460E4601F0010309D4D3B11D
S3150803F100A2044FF48021384602F48022FEF762FBFC
S3150803F11011E065083BB104F0010305F00105AB42B4
S3150803F120EED021200AE04FF48021FEF767FB05F0B5
S3150803F1300105A842F5D1730701D40020F8BDA2063C
S3150803F1404FF08051384602F08052FEF743FBF4E74E
S3150803F15008B50A054FF48011FEF73CFB002008BDED
S3150803F16008B5CA044FF40021FEF734FB002008BD96
S3150803F17009B141F01001F9F785B910B50446F9F755
S3150803F1807BF901462046BDE81040F9F77BB970477D
S3150803F190D0F8EC30C3B15869B0B1531EDBB2FD2BBE
S3150803F1A009D8012A05D143689A1C01D14FF0FF33C8
S3150803F1B04B6000207047036813F1020F08BF4FF036
S3150803F1C0FF33FF2A0B60EDE7212070472DE9F74F40
S3150803F1D001251C469DF830300646019303681746F9
S3150803F1E003F0070306339D4005F1FF380B46A1B12B
S3150803F1F0416804EA080BA5EB0B0A41F0005952458E
S3150803F20009EB0B0114D952461846FFF739F9494653
S3150803F2107A1B5A445044FFF733F9019B2BB13C44FC
S3150803F22048EA050804EA0804F46003B0BDE8F08F69
S3150803F2301846F0E74FF03A4301225A6741F6FF7240
S3150803F240D96418651A67704737B5002514460095BB
S3150803F250FFF7BCFF204603B030BDF9F765BD0020B4
S3150803F2607047002070477047704710F0FD0F14BFB2
S3150803F2704FF0FF300020C0B270470A4690F894104A
S3150803F280A52901D8F9F774BA2120704708B5FBF701
S3150803F290CBFABDE80840FBF7EFBA38B50446FFF7E3
S3150803F2A0F5FF0546FFF7F2FF431BA342FAD338BD22
S3150803F2B038B50D460446FBF7B7FA35B1844200D98B
S3150803F2C00139204601F0030138BD844238BF0131B4
S3150803F2D0F7E708B5FBF7C0FABDE80840FBF7CCBA71
S3150803F2E008B50121FFF7E4FFBDE80840FBF7C4BAF8
S3150803F2F008B521B19200FFF7C3F8002008BD212005
S3150803F300FCE700F06F43B3F1804F02D0B3F1204F0F
S3150803F31002D120F07040704700F06043B3F1204FEC
S3150803F32008BF20F0805070470B0C23F48053B3F5C5
S3150803F330284FF7B50D468FB2064699B216D04AF648
S3150803F3400103994214D04AF60203994212D0B1F541
S3150803F350204F14BF04240324D6F8EC300BB11968E4
S3150803F36051B9D6F8E83093B928680EE00024F3E7D4
S3150803F3700124F1E70224EFE7234668463A46FBF7FA
S3150803F38001FBDDE90003002BEBD103B0F0BD1968DF
S3150803F3900029E9D0234668463A46FBF7F3FADDE93E
S3150803F3A00003002BE0D1F0E70204C0F3891307D565
S3150803F3B06FEA83536FEA935313F5007F18B206D0A7
S3150803F3C0A3F1C8006FF4FF739842B8BF1846704795
S3150803F3D00020FBF739BE0120FBF736BE0E20704727
S3150803F3E07047FDF733B9FDF731B9FDF72FB9FDF7C7
S3150803F3F02DB908B50846FDF74FFD08BDFDF726B933
S3150803F40038B505460C4601F0A5F9D5F89C301C40DD
S3150803F410D5F898302343C5F8983001F096F9211E9C
S3150803F42018BF01210020490238BD00207047013961
S3150803F430024410B5904201D1002005E0037811F883
S3150803F440014FA34201D0181B10BD0130F2E700009B
S3150803F450EFF31182302383F31188084B49B1D3F8AC
S3150803F46058110843C3F8580182F31188BFF36F8F05
S3150803F4707047D3F8581121EA0000F3E7081800206B
S3150803F480EFF31182302383F31188064BD3F85831EF
S3150803F49082F31188BFF36F8F034214BF0120002044
S3150803F4A0704700BF0818002008B5064BD3F8540167
S3150803F4B0FFF7F7F8012801D0F5F70AF8BDE8084081
S3150803F4C0F5F700B80818002008B5DAF70CFB38B1C9
S3150803F4D0044BD3F85C0118B103681878C0F34010DD
S3150803F4E008BD00BF0818002008B5FFF7EDFF00B9EF
S3150803F4F0FEE701F015F900B9FEE701214FF4806034
S3150803F500FFF7A6FF00210220FFF7A2FF00214FF411
S3150803F5108030FFF79DFF00210820FFF799FFF4F7D6
S3150803F520D1FF0022014B83F8602108BD081800208B
S3150803F53008B5DAF7D8FA50B1054BD3F85C0130B100
S3150803F5400368188800F00700C31E5842584108BDCF
S3150803F55008180020014610B568B1174C002104208D
S3150803F560FFF776FF94F8603123B1F4F7ABFF002376
S3150803F57084F8603110BDDAF7B6FA0028FAD01020FD
S3150803F580FFF766FFFFF7A0FF044628B1012108200D
S3150803F590BDE81040FFF75CBFF4F794FF01214FF471
S3150803F5A08070FFF755FF21460220FFF751FF2146DA
S3150803F5B04FF48030ECE700BF0818002038B50C4636
S3150803F5C00546DBF78CFF0023844228BF01F1FF3190
S3150803F5D0044A1B1915B1C2E9B03138BDC2E9BC31B9
S3150803F5E0FBE700BF0818002038B50446EFF310857B
S3150803F5F072B6012100F06CF9012C03D120460449A7
S3150803F600EEF744FC2846BDE8384001F09EB800BF33
S3150803F6100F15040838B50446EFF3108572B60021B2
S3150803F62000F056F9012C03D100200449EEF72EFC0D
S3150803F6302846BDE8384001F088B800BF0F1504080E
S3150803F6404FF400221B4B5A664FF0B4439868C0F335
S3150803F65004400C280AD8DFE800F00B070909270934
S3150803F660191B1D1F212325001348704700207047C7
S3150803F6709B6803F04073B3F1807F17D0B3F1007F23
S3150803F68016D00E4A002B08BF104670470C48704721
S3150803F6900C4870470C4870470C4870470C4870472D
S3150803F6A00C4870470C4870470C4870470C4870471D
S3150803F6B00C48704700900050404B4C0000093D0031
S3150803F6C0405DC6000024F400C0EA2101002D310183
S3150803F6D080BA8C010048E801005A620280969800B5
S3150803F6E080841E0040420F000229F8B596BF104BCE
S3150803F6F000245C5C012805460E4609D002280AD078
S3150803F70008B944F002040B4BD3F8747237B9F8BD41
S3150803F71044F00804F7E744F02004F4E77B681A6822
S3150803F720144203D0314628465B6898473F68EDE79D
S3150803F7305838040830460020094A034692F87802E6
S3150803F74010B558B107498C6D14F0050F02D092F81D
S3150803F750794214B1002BF6D1184610BD0120FCE7F7
S3150803F760304600200040005A014B1868704700BF16
S3150803F770606400200A4B1B6F03F00703013B032B4E
S3150803F78003D8DFE803F00B030609FEE7054B186801
S3150803F7907047044B586870470348704703487047D7
S3150803F7A0008000506064002080D54302002D31019B
S3150803F7B008B5FFF7DFFF044B1B6FC3F303330133AE
S3150803F7C0B0FBF3F008BD00BF00800050164A92F85C
S3150803F7D07C3233B10121154B596015498B69DB0717
S3150803F7E0FCD5144BD2F88002196F21F007010143A7
S3150803F7F01967D3F82011D2F8840221F007010143CF
S3150803F800C3F82011D3F82811D2F8880221F007018A
S3150803F8100143C3F8281192F878321BB14FF48032AA
S3150803F820054B9A62FFF7C4BF3046002000D001504B
S3150803F83000C00150008000500060005A014B586810
S3150803F840704700BF60640020034B5A68D20702D58D
S3150803F850DA69002AF9D1704700800A50054B93F8F4
S3150803F860780218B1D3F8980300EBD000D3F89C3389
S3150803F870184470473046002010B5124C94F8783275
S3150803F88083B194F8DC33CBB90F4B9A6DD10302D508
S3150803F890DA6D920702D49B6DDB0704D54FF48032E9
S3150803F8A00A4B9A6210BD012384F8A43300F06AFB5D
S3150803F8B04FF48032054BC4F8A0039A62002384F8F8
S3150803F8C0DC33EFE7304600200040005A0050005A68
S3150803F8D0022838B506D0294C94F8DD33FF2B02D11C
S3150803F8E0002946D038BD002B40D10029FAD0012380
S3150803F8F084F8DD3394F88C32012BF3D9EFF31085B2
S3150803F90072B694F88E321BB394F8DE3323B9012208
S3150803F91084F88D3284F8DE2394F8DF3323B1FFF7B6
S3150803F920ABFF002384F8DF33284600F00EFF0120DF
S3150803F930FFF702FFEFF3108572B694F8DE3323B1AF
S3150803F940FFF744FF002384F8DE33002384F88E325E
S3150803F950284600F0FAFE94F88C020128C2D0012149
S3150803F960FFF7C2FE012384F88C32BBE709B10133E2
S3150803F970BEE7013B84F8DD33B4E700BF3046002019
S3150803F98038B5124C94F88E32CBB194F8DF3323B1E1
S3150803F990FFF772FF002384F8DF330020FFF7CCFE5E
S3150803F9A094F88C5260B1FFF711FF00230121284612
S3150803F9B084F88E32FFF798FE012384F88C3238BD1B
S3150803F9C0012384F8E05384F88D32F8E730460020A3
S3150803F9D010B5EFF3108472B6054B93F8DE3323B1F3
S3150803F9E02046BDE8104000F0B0BEFFF7C9FFF7E7B1
S3150803F9F03046002070B5164D064695F8DD43FF2CB4
S3150803FA0001D1B0B170BDDCB90028FBD00120114982
S3150803FA10EEF73CFA012495F88C3285F8DD43012B81
S3150803FA20F0D995F88D32002BECD1BDE87040FFF77D
S3150803FA30A7BF0849EEF72AFA013C85F8DD43E1E753
S3150803FA400449EEF723FA002EF6D00134E4B2E2E7CE
S3150803FA50304600203F300408012838B548D002381C
S3150803FA60012863D84A4A4B4C136943F004031361CC
S3150803FA7094F8E133002B5AD10122474B5A67474B77
S3150803FA805B6E5D0142BF464B464AC3F82024BFF36B
S3150803FA904F8FBFF36F8F30BF0122434B434D5A67D6
S3150803FAA094F87832E3B1424B1B6C980718D594F84F
S3150803FAB0E833ABB100F066FAD4F8EC339B69C01AA5
S3150803FAC002280DD8AB6DD90302D5EB6D9A0703D47B
S3150803FAD0364B9B6DDB0751D54FF48032324B9A6216
S3150803FAE0FFF766FE2A4A136923F0040313611DE030
S3150803FAF0284A92F8E23323B128490B6F43F4744337
S3150803FB000B6723490B6923F004030B61BFF34F8F7C
S3150803FB10BFF36F8F30BF92F8E2333BB11F49D2F878
S3150803FB20E4230B6F23F4744313430B6738BD002395
S3150803FB3084F8E133194B1A6F22F0070242F00102E7
S3150803FB401A67D3F8202122F0070242F00302C3F80A
S3150803FB502021D3F8282122F0070242F00302C3F832
S3150803FB60282194F87C3233B10122124B5A60124A87
S3150803FB7053689B07FCD4FFF71BFE7DE7012384F834
S3150803FB80DC3384F8A43300F0FDF9C4F8A003A3E733
S3150803FB9000ED00E0304600200060005A0080005067
S3150803FBA000E003500000FF0F0050005A0040005ABF
S3150803FBB000800A5000E0015000C001502DE9F743C8
S3150803FBC0EFF3108672B6AFF30080C34B1B78002B96
S3150803FBD040F0B580302282F31188C04A02F50051FD
S3150803FBE091F83816002940F0A48081F31188BFF3F1
S3150803FBF06F8FBB4C04F57F7894F8E2332BB1002062
S3150803FC00FFF7F8FE002384F8E23394F8DD0368B9B6
S3150803FC10EFF31185302383F31188D4F8EC33002BE3
S3150803FC2040F0BC8085F31188BFF36F8F94F8DD33FA
S3150803FC3094F88C02002B00F0F780012840F03281FB
S3150803FC4094F88C02FFF708FF94F88D321BB194F8E9
S3150803FC50E03384F88C32AFF30080304600F070FD51
S3150803FC60EFF3108672B694F890326BB1002394F8CA
S3150803FC708C0284F8903294F8E033984204D1012137
S3150803FC8084F88C12FFF730FD404600F0EFFAEFF3E5
S3150803FC90108072B6002394F88F9284F88F325FFA35
S3150803FCA089F900F052FDEFF31183302282F31188AC
S3150803FCB094F8A573FFB283F31188BFF36F8FDAF74E
S3150803FCC04DF9884B05465A6A18689047042804D0A4
S3150803FCD0022840F0EC80002D8ED0002594F88E3251
S3150803FCE084F895539BB194F8DF3384F88D521BB18E
S3150803FCF0FFF7C2FD84F8DF530020FFF71DFD002838
S3150803FD0000F0E080FFF762FD002384F88E3294F852
S3150803FD10E2332BB10020FFF76DFE002384F8E233AC
S3150803FD20002194F88C02FFF7DFFC002384F88C3259
S3150803FD3005E055685DB183F31188BFF36F8FAFF3A1
S3150803FD400080304603B0BDE8F04300F0F9BC664FC7
S3150803FD503B7F03F0FF0213B982F3118847E7634B2E
S3150803FD60D3E90084D5F75EF83B7F03F0FF0213B9A6
S3150803FD7082F31188E1E74045A54104D2B8EB0000B8
S3150803FD80804664F10004002383F31188BFF36F8F61
S3150803FD90B8F1050F74F10004D1D32AE75A69DF884D
S3150803FDA01044002F3ED15249FFF74EFD8B69D4F814
S3150803FDB0F0239B1A98420AD885F31188BFF36F8FED
S3150803FDC00120FFF717FE012384F8E2332EE7FFF736
S3150803FDD03BFD8B69D4F8F013C91A014485F31188DE
S3150803FDE0BFF36F8FD4F8F4338B42E9D2D4F8F823F0
S3150803FDF0FFF734FD10448842E2D294F878920D1A3C
S3150803FE004FEA8909404649F00209C4F8187400F014
S3150803FE102DFA3B4629464046CDE90079354A00F096
S3150803FE2099FB03E79B68FAE694F88E3263B9324A7C
S3150803FE30D2F8203103F00703C4F88432D2F8283104
S3150803FE4003F00703C4F88832022812D002250023D8
S3150803FE5084F8953394F88D3213B92946FFF744FC91
S3150803FE6094F8953384F88C52F3B1022D7FF4E8AEF7
S3150803FE7002E094F8953323B1002384F8953300F010
S3150803FE80BBFC94F88E32002B7FF4DAAE94F89433E5
S3150803FE9023B9012384F8E13384F8DF33012384F893
S3150803FEA08E32CDE60125D2E7022DEAD0C8E6002D2B
S3150803FEB07FF413AFB9F1000F7FF49EAE002F7FF4E2
S3150803FEC09BAE0AE70120FFF7C7FD304600F038FC72
S3150803FED0EFF3108672B60FE7001A0020F01F002012
S3150803FEE030460020C41B00200C180020281B0020C5
S3150803FEF000800A50D1F90308008000500D490B68A9
S3150803FF0098B100229BB1834203D1836822B90B605F
S3150803FF1003E01A469B68F5E7936083681BB15A6941
S3150803FF2041690A445A61002070472220704702201B
S3150803FF30704700BF1C4A0020F0B49DF81050BDF866
S3150803FF401460C0B10024C461EFF31187302484F32D
S3150803FF5011880B4C246814B1A0420AD1012487F3F3
S3150803FF601188BFF36F8F4CB9CDE90456F0BC00F086
S3150803FF70F1BAA468EFE72220F0BC70470320FBE739
S3150803FF801C4A002010B5EFF31184302383F311883C
S3150803FF90FFF75AFC034B986984F31188BFF36F8FF5
S3150803FFA010BD00BF00800A50014B1868704700BF98
S3150803FFB0581800200F4B10B51A689AB14FF47A7186
S3150803FFC0531E1342A0FB01010ED1B2FA82F2C2F10B
S3150803FFD01F04531CD243E04001FA03F3184321FAE2
S3150803FFE002F20243104610BD0023FDF739FE02460E
S3150803FFF0F8E700BF5818002038B50025FFF724FC9A
S31508040000094B0A489C690A4B1A680368E31A2AB119
S3150804001023B15169994203D3C91A5161046038BDA1
S3150804002055615B1A9268F2E700800A50204A00205C
S315080400301C4A002038B5164B5A6E42F004025A661A
S31508040040D3F8802242F00102C3F88022114B5B6880
S31508040050C3F3080343B14FF0A842D36B13F0430F1D
S31508040060FBD11424204638BD4FF0A843DC6B14F0AA
S315080400704304FBD1084DAB6B23B9042105F13800C1
S31508040080E8F7DEFBAB6B013343F00043AB63E9E708
S315080400900080005000ED00E0305A002010B54FF4FF
S315080400A080641B4B9C66BFF34F8F00F06BFB00F01C
S315080400B060FB184B9C6680B1B0F5E02F1ED012D8B1
S315080400C0B0F5403F1CD009D8B0F5803F1AD0B0F53A
S315080400D0003F08BF2A2018BF012010BDB0F5802FA5
S315080400E008BF4B20F7E7B0F5302F0DD0B0F57F0FDA
S315080400F00CD0B0F5202F08BF1020ECE72120ECE740
S315080401002C20EAE74820E8E71120E6E70620E4E79A
S315080401100090005000A00050F8B5C38804460D4668
S315080401204BB9EFF3108772B61B4B1B78012B09D812
S31508040130384600F00AFB194965610B682BBB0C604D
S31508040140A36021E0164B1E68FFF788FB0644384671
S3150804015000F0FBFAB542EED2EFF3108572B6FFF75C
S315080401600FFC284600F0F1FA3546E4E7AD1A9A681A
S31508040170184665616AB113465A69AA42F6D930B176
S315080401808460521BA3605A61F8BD0020F4E70C6032
S31508040190F7E79C60A260F7E7BC4800201C4A0020E9
S315080401A0284A00202DE9F0412A4F3B68002B4ED0FF
S315080401B05C69294B002C3ED0284A294E12681444FF
S315080401C002225A64EFF3108872B6FFF73DFBB5694D
S315080401D000F09AF9F36C326C960704D45A1B032A76
S315080401E001D89D420FD1631B022B98BFEC1CB4F1B6
S315080401F0FF3F38BF013C00F087F90222184BDC6444
S3150804020003F580535A64404600F09FFA154B1A7852
S3150804021022B10121104A916400221A70002312495E
S315080402203A680B7022B1D088800708D501230B7071
S315080402300020BDE8F08102225A641A64EEE7926847
S31508040240002AF5D050690344012BECD9F0E72220A3
S31508040250EFE700BF1C4A002000900A50204A0020FD
S3150804026000800A50AC640020184A002038B50446B9
S31508040270002834D0C388062B09D11A4B5A7832B9C8
S315080402800221194A91640421916401225A70EFF3F8
S31508040290108572B6FFF7B0FE144B20461B68A342BE
S315080402A008D0FFF72BFE0446A0B1284600F04DFA05
S315080402B0204638BDFFF722FE04460028F5D1FFF78D
S315080402C071FF222806D10122064B1A70064B9A643E
S315080402D002225A64284600F038FA0024E8E7222461
S315080402E0E6E700BFAC64002000A00A501C4A0020C0
S315080402F02DE9F84FEFF31187302383F31188584B10
S3150804030058491B6C03F0010213F0020F03F00303B0
S315080403100B640ED13AB1544A136801331360FFF7DC
S315080403206BFEFFF73FFF87F31188BFF36F8FBDE8B6
S31508040330F88F3AB14C4A136801331360FFF75CFE31
S31508040340FFF730FFEFF3118A302585F311884FF054
S31508040350000BFFF751FE5E46DFF80491434B1C6819
S315080403600CB16369C3B10022414B012E1A7003D143
S315080403701BF0020F18BF1E70FFF714FF222806D1C0
S3150804038001223C4B1A70374B9A6402225A648AF348
S315080403901188BFF36F8FC6E723465A693AB91A79A3
S315080403A02179914288BF1C469B68002BF5D18AF3B4
S315080403B01188BFF36F8FD4F810B0BBF1000F1DD0AE
S315080403C0FFF742FAD9F81820A369A2EB030A4FEA01
S315080403D0EA72DA4572F1000211DB5B44A361E36851
S315080403E013B1204621689847B4F806B00136EFF3EE
S315080403F0118A85F31188FFF7FFFDAFE7DA46EFF3B5
S31508040400118885F311882046FFF778FD88F311884B
S31508040410BFF36F8F2369002BE1D0A38BBBEB0A01D3
S3150804042033B1E28B13449BB2B3F57A7F10D2E383DC
S31508040430EFF3118A85F311882046FFF76DFEA36949
S3150804044022691344A3618AF31188BFF36F8FC6E741
S31508040450A3F57A73E383A3690139013BA361E7E74B
S3150804046000800A5000A00A50541800201C4A002094
S31508040470D5490020AC64002010B5EFF3108472B699
S3150804048001210846FFF724FA01200449EDF7FEFC8A
S315080404902046BDE8104000F058B900BF5D42040884
S315080404A010B5EFF3108472B600210120FFF710FA95
S315080404B000200449EDF7EAFC2046BDE8104000F0A8
S315080404C044B900BF5D42040810B50446D9F70BFBCE
S315080404D0B0B1B4F5007F4FF001010ED12046FEF706
S315080404E0B7FF00211020FEF7B3FF00210548FEF7E9
S315080404F0AFFFBDE81040F3F7E5BF4FF48050F2E7CD
S3150804050010BD00BF0A000100034B5A68D20702D582
S315080405109A6D002AF9D1704700800A5080B10368A1
S3150804052013F4E07F03F03F00C3F3821209D0012AD3
S3150804053006D1064B39B103F58053012282401A606D
S315080405407047034BF6E703F50053F6E76880005057
S31508040550648000502DE9F8431F469DF820300D4667
S31508040560037100230446BDF82490DFF8AC80C0E983
S31508040570032383600760A0F806901646FFF764F91C
S31508040580D8F818302B44A3613DB9656116B13946CC
S315080405902046B0470020BDE8F883B9F1060F25D1F7
S315080405A008221C4B9A62EFF3108472B6FFF74CF9D3
S315080405B0D8F81830022D8CBF5B190333B3F1FF3F0B
S315080405C02CBF1946591EFFF79FFF134B2046196582
S315080405D000F0BBF8114B1A78002ADBD00221104A26
S315080405E091640421916400221A70D3E7EFF310860C
S315080405F072B6FFF701FD29462046FFF78DFD094B24
S315080406001B689C4201D1FFF7CDFD304600F09DF8EA
S31508040610C0E700BF0050005A00800A50AD640020AD
S3150804062000900A501C4A00204FF4807370B596B0A7
S315080406300292012421220193102303940493059220
S31508040640069107940893099201AA0A9206AA0B929C
S3150804065004220C9211220D920AAA0E900F9210935C
S3150804066040F611031193194B12930EAB1393184BBF
S31508040670149346F611031593FFF7DCFC1428044675
S3150804068020D1EFF3108072B64FF0A8431E681D6997
S3150804069000F05BF84FF0A843032212A95A631960C5
S315080406A002A919619A63DA6B9207FCD1142C06D154
S315080406B0EFF3108072B61E601D6100F046F8054B14
S315080406C05B6801E00028E5D016B070BD685A0020C2
S315080406D00400002000ED00E0074A10B512780C4625
S315080406E04AB1072807D8054A02EB00131B7B13B146
S315080406F0D0F704FA207010BDC14800202047002016
S315080407000020704783884BB18268013B01328260BE
S3150804071042888380013A428000207047012070474E
S3150804072008B5D9F7E0F920B1BDE808400820FEF776
S31508040730A7BE08BD0846DAF70BBF1046DAF708BFA6
S3150804074010B962B6BFF36F8F704710B962B6BFF3BC
S315080407506F8F7047EFF3108072B6704780F3118875
S31508040760BFF36F8F7047EFF31180302383F311883B
S3150804077070474FF098435A6CD202FCD5586D00F472
S3150804078070207047036A052B14D84FF09842116CF1
S31508040790C902FCD504339B0013650168103B11603C
S315080407A04168116050F8081F11604FF098420344DD
S315080407B0984200D1704750F8041F1160F8E708B54D
S315080407C028220021FDF73DFC002008BD036A042BFE
S315080407D09FBF00EB83020133D160036270478368CD
S315080407E013B9816070475B685A68012AFBD159605E
S315080407F070470121FFF792BE02210120FDF7FCB8DC
S31508040800F8B500BFF8BC08BC9E467047F8B500BFEB
S31508040810F8BC08BC9E4670475FF800F001640020E7
S3150804082045465233320066616C7365005468652028
S31508040830636F6D6D616E6420226C696E6B6D657491
S3150804084072696373207175657279222068617320F1
S315080408506265656E207265706C6163656420627991
S315080408602074686520636F6D6D616E6420226C69FF
S315080408706E6B6D65747269637320726571756573E1
S3150804088074222E0054686520636F6D6D616E642052
S31508040890226C696E6B6D657472696373206D676D1E
S315080408A0742220686173206265656E207265706CB7
S315080408B0616365642062792074686520636F6D6D71
S315080408C0616E6420226C696E6B6D657472696373FC
S315080408D020636F6E666967222E00202D20504455CA
S315080408E020436F756E7465723A20256C752028430B
S315080408F06F756E742F53756D6D6174696F6E29000B
S31508040900202D204C51493A20257520257300202D89
S31508040910204D617267696E3A20257520286442293C
S3150804092020257300202D20525353493A202564204C
S315080409302864426D292025730031352E340052006F
S31508040940617069006C6576656C00506172746974CF
S31508040950696F6E2049443A20256C750057656967A6
S315080409606874696E673A20257500537461626C650C
S3150804097020446174612056657273696F6E3A202546
S3150804098075004C656164657220526F7574657220D2
S3150804099049443A20257500424252205072696D61D5
S315080409A072793A00204E6F6E6500736572766572C9
S315080409B031363A20307825303458007365716E6FB5
S315080409C03A2020202025750064656C61793A202038
S315080409D02020257520736563730074696D656F75CA
S315080409E0743A2020256C75207365637300746F74DC
S315080409F0616C3A20257500667265653A202575008E
S31508040A006D61782D757365643A2025750025733AEA
S31508040A1020257520257520256C75002564206442DB
S31508040A206D006C6E616761696E0052784F6E576827
S31508040A30656E49646C653A20256400446576696385
S31508040A4065547970653A202564004E6574776F722B
S31508040A506B446174613A202564006173796E63009E
S31508040A60616C7473686F727461646472007265741D
S31508040A70726965730064697265637400737570706E
S31508040A806F72746564007072656665727265640077
S31508040A9068656C7000636C69656E740075700064D3
S31508040AA06F776E00556E6B6E6F776E206572726F18
S31508040AB072004F74686572206572726F72005265AF
S31508040AC0636569766564204C696E6B204D6574723E
S31508040AD0696373204D616E6167656D656E74205236
S31508040AE06573706F6E73652066726F6D3A20005376
S31508040AF074617475733A20257300257520627974B8
S31508040B0065732066726F6D20003A2069636D705FA5
S31508040B107365713D257520686C696D3D257520746E
S31508040B20696D653D25756D7300206F726967696E19
S31508040B303A257320706C656E3A2575207072656661
S31508040B4065727265643A25752076616C69643A251E
S31508040B507500616464006C696E6B6C6F63616C002C
S31508040B60726C6F63006D6C656964007C20252D3496
S31508040B70377320007C20252D343773207C0052657A
S31508040B80636569766564204C696E6B204D6574727D
S31508040B90696373206461746120696E20456E6820F8
S31508040BA041636B2066726F6D206E65696768626F54
S31508040BB0722C2073686F727420616464726573732F
S31508040BC03A307825303278202C20657874656E643E
S31508040BD0656420616464726573733A006368656367
S31508040BE06B74696D656F7574006661696C636F759E
S31508040BF06E7465720072656D6F766500616C6C0063
S31508040C006765740073746F70002D49002D6D00506C
S31508040C10696E67696E672073796E74686573697A35
S31508040C206564204950763620616464726573733A44
S31508040C3020005458005258002563005B2573206C25
S31508040C40656E3D253033755D002025303258002009
S31508040C50202000656E6572677900696E76616C6935
S31508040C6064006465746163686564006368696C64D8
S31508040C70006D6F64656C00737776657273696F6E61
S31508040C800061707075726C006E6F6E707265666561
S31508040C90727265646368616E6E656C73006368611D
S31508040CA06E6E656C3A20257500706572696F643AD4
S31508040CB020256C7575730074696D656F75743A20B3
S31508040CC0256C757300506F72743A25642C20507223
S31508040CD0696F726974793A25642C2057656967685F
S31508040CE0743A25642C2054544C3A256C7500486F84
S31508040CF073743A257300486F737441646472657338
S31508040D00733A005458543A002C20003D002E2E2ED7
S31508040D105D00796573006E6F00444941475F474536
S31508040D20542E7273702F616E732066726F6D200075
S31508040D30526F75746549643A2030782530327800E4
S31508040D404C696E6B5175616C6974794F75743A2088
S31508040D502575004C696E6B5175616C697479496EB9
S31508040D603A20257500526F757465436F73743A207B
S31508040D702575002D20526F7574657249643A252DC0
S31508040D80327500205468652071756572696564203A
S31508040D9064657669636500204861734C696E6B3ACD
S31508040DA0252D3373204C696E6B5175616C697479A2
S31508040DB04F75743A2575204C696E6B5175616C696B
S31508040DC07479496E3A257520004E657874486F70B3
S31508040DD03A6E61204E657874486F70436F73743A3F
S31508040DE06E61004E657874486F703A252D32752009
S31508040DF04E657874486F70436F73743A2575002589
S31508040E00733A20256C750025733A202575004368C6
S31508040E10696C6449643A203078253034780054691A
S31508040E206D656F75743A202575004C696E6B205193
S31508040E3075616C6974793A202575004D6F64653A55
S31508040E400042522053746174653A20257300425255
S31508040E50204C6F63616C204F4D5220507265666951
S31508040E60783A20004252204448435076362D50445E
S31508040E70204F4D52205072656669783A20004252D6
S31508040E80204C6F63616C204F6E2D6C696E6B20501D
S31508040E9072656669783A20004252204661766F7216
S31508040EA06564204F6E2D6C696E6B20507265666999
S31508040EB0783A2000436F6E6E65637469766974794F
S31508040EC03A00506172656E745072696F726974790A
S31508040ED03A202564004C696E6B5175616C697479A6
S31508040EE0333A202575004C696E6B5175616C6974CB
S31508040EF079323A202575004C696E6B5175616C69B7
S31508040F007479313A202575004C6561646572436FBE
S31508040F1073743A20257500496453657175656E6363
S31508040F20653A20257500416374697665526F757450
S31508040F306572733A2025750053656442756666655D
S31508040F407253697A653A2025750053656444617459
S31508040F50616772616D436F756E743A202575005228
S31508040F606F757465446174613A00456E68526F75AD
S31508040F7074653A004C656164657220446174613A2B
S31508040F8000506172746974696F6E49643A203078E6
S31508040F902530386C7800537461626C6544617461F9
S31508040FA056657273696F6E3A202575004C656164DF
S31508040FB06572526F7574657249643A2030782530C3
S31508040FC03278004E6574776F726B20446174613AA7
S31508040FD020004D414320436F756E746572733A0061
S31508040FE04D4C4520436F756E746572733A004261C1
S31508040FF07474657279204C6576656C3A2025752576
S315080410002500537570706C7920566F6C746167652A
S315080410103A2025756D56004368616E6E656C2050DE
S31508041020616765733A2027004D6178204368696CC7
S31508041030642054696D656F75743A20256C7500458E
S31508041040554936343A200056656E646F72204E61EF
S315080410506D653A2025730056656E646F72204D6F70
S3150804106064656C3A2025730056656E646F72205366
S31508041070572056657273696F6E3A20257300566554
S315080410806E646F72204170702055524C3A20257355
S315080410900054687265616420537461636B205665F5
S315080410A07273696F6E3A202573004E6F6E2D7072D7
S315080410B065666572726564204368616E6E656C73F5
S315080410C0204D61736B3A203078256C7800425220A3
S315080410D0496E6672612D69662049503620416464FA
S315080410E072657373204C6973743A004578742041A9
S315080410F06464726573733A2000526C6F6331363ACE
S3150804110020307825303478004368696C642054614B
S31508041110626C653A005B52656461637465645D007C
S315080411202D6E730070656E64696E6700746C7673F1
S315080411300053796E74686573697A656420495076D4
S315080411403620444E53207365727665722061646452
S31508041150726573733A200074637000756470006472
S315080411606973616C6C6F77005365727665723A20A1
S3150804117000526573706F6E736554696D656F757427
S315080411803A20256C75206D73004D61785478417446
S3150804119074656D7074733A202575005265637572AB
S315080411A073696F6E446573697265643A20257300C2
S315080411B0536572766963654D6F64653A20257300D5
S315080411C04E617436344D6F64653A20257300526552
S315080411D0636569766564204C696E6B204D65747227
S315080411E0696373205265706F72742066726F6D3A04
S315080411F020004C696E6B204D6574726963732052C6
S3150804120065706F72742C207374617475733A202533
S3150804121073002575207061636B657473207472613D
S315080412206E736D69747465642C202575207061630A
S315080412306B6574732072656365697665642E002030
S315080412405061636B6574206C6F7373203D20256C45
S31508041250752E257525252E0020526F756E642D74FE
S31508041260726970206D696E2F6176672F6D617820BB
S315080412703D2025752F25752E253033752F25752088
S315080412806D732E00444E5320726573706F6E7365CA
S3150804129020666F72202573202D20002054544C3A62
S315080412A0256C752000444E53207175657279207239
S315080412B06573706F6E736520666F722025732000E0
S315080412C0257529005265636F7264547970653A25E9
S315080412D0752C205265636F72644C656E6774683A40
S315080412E025752C2054544C3A256C752C205365636B
S315080412F074696F6E3A2573004E616D653A257300FD
S315080413005265636F7264446174613A5B002E2E2ED3
S315080413100073696E676C6500666F72776172640044
S31508041320286E756C6C29006175746F00636C656151
S31508041330720045787420416464723A2000526C6FD6
S31508041340633A202578004C696E6B205175616C6987
S31508041350747920496E3A202575004C696E6B2051C4
S3150804136075616C697479204F75743A202575004146
S3150804137067653A20256C750043534C20636C6F638C
S315080413806B2061636375726163793A20257500433E
S31508041390534C20756E6365727461696E74793A206C
S315080413A025750073656172636800507265666978AD
S315080413B065733A00202573202530347800526F75FA
S315080413C07465733A0053657276696365733A0020E7
S315080413D07300202530347820257500436F6E7465B4
S315080413E07874733A00436F6D6D697373696F6E69C8
S315080413F06E673A00253034782000206500444E5341
S315080414002062726F77736520726573706F6E736589
S3150804141020666F7220257300444E532073657276D6
S31508041420696365207265736F6C7574696F6E207273
S315080414306573706F6E736520666F722025732066F8
S315080414406F72207365727669636520257300547814
S31508041450546F74616C3A20256C75005278546F7415
S31508041460616C3A20256C750054696D6520257320D6
S315080414704D696C6C693A200054696D652054726133
S31508041480636B6564204D696C6C693A200045727219
S315080414906F722025753A20257300446F6E650046E1
S315080414A0696E697368656420646574616368696EE6
S315080414B067007C20252D31367320007C20253034A6
S315080414C078207C2000207C2025327520007C20256D
S315080414D0336420007C20253375207C007C2025324B
S315080414E075207C20253464207C00677561726474D9
S315080414F0696D6500656E68616E6365642D61636B0D
S315080415000072656769737465720024202573004F39
S3150804151050454E54485245414400626F6F746C6F8F
S31508041520616465720069696400636865636B006C6D
S315080415306C61746E00726C61746E00546F416464FD
S3150804154000416464696E6700546F52656672657318
S31508041550680052656672657368696E6700546F52EF
S31508041560656D6F76650052656D6F76696E670052B4
S315080415706567697374657265640052656D6F76652F
S3150804158064006D656400686967680043616E6E6F20
S315080415907420737570706F7274206E657720736526
S315080415A072696573005365726965732049442061DD
S315080415B06C726561647920726567697374657265AE
S315080415C06400536572696573204944206E6F7420FC
S315080415D07265636F676E697A6564004E6F206D6124
S315080415E0746368696E672073657269657320494414
S315080415F000616E7377657200617574686F726974D9
S3150804160079006164646974696F6E616C00756E73E0
S3150804161070656300737276007372765F747874000B
S315080416207372765F7478745F736570007372765F2D
S315080416307478745F6F70740050656E64696E6720A1
S3150804164054696D657374616D700070656E64696E56
S315080416506774696D657374616D7000416374697646
S31508041660652054696D657374616D7000616374698E
S31508041670766574696D657374616D700057616B6521
S315080416802D7570204368616E6E656C0077616B65B5
S3150804169075706368616E6E656C004368616E6E652D
S315080416A06C204D61736B006368616E6E656C6D6169
S315080416B0736B0044656C61790064656C61790045F7
S315080416C078742050414E2049440065787470616EE0
S315080416D06964004D657368204C6F63616C205072B1
S315080416E065666978006D6573686C6F63616C7072A2
S315080416F065666978004E6574776F726B204B6579F9
S31508041700006E6574776F726B6B6579004E657477D6
S315080417106F726B204E616D65006E6574776F726BC0
S315080417206E616D650050534B630070736B630053B1
S315080417306563757269747920506F6C69637900738F
S3150804174065637572697479706F6C6963790061741D
S315080417507461636874696D650062627200627566B5
S31508041760666572696E666F00636361746872657331
S31508041770686F6C64006368696C6473757065727607
S315080417806973696F6E006368696C6474696D656F03
S31508041790757400636F756E746572730063736C0099
S315080417A06461746173657400646562756700646571
S315080417B07461636800646973636F76657200646E46
S315080417C07300646F6D61696E6E616D650064756141
S315080417D000657569363400657874616464720066F8
S315080417E06163746F727972657365740066656D00FA
S315080417F06966636F6E66696700696E7374616E63A2
S31508041800656964006970616464720069706D616415
S315080418106472006B657973657175656E6365006CD2
S31508041820656164657264617461006C696E6B6D658B
S315080418307472696373006C6F67006D756C74697292
S315080418406164696F006E657464617461006E6574C1
S3150804185073746174006E6574776F726B646961671B
S315080418606E6F73746963006E6574776F726B6B65FC
S315080418707972656600706172656E740070696E6768
S3150804188000706C6174666F726D00706F6C6C706555
S3150804189072696F640070726F6D697363756F7573BF
S315080418A00072637000726567696F6E00726C6F63AD
S315080418B03136007363616E0073696E676C65746FA5
S315080418C06E0073727000746172676574706F776501
S315080418D07200746872656164007478706F776572F3
S315080418E000756E736563757265706F7274007570D2
S315080418F074696D650076656E646F72004966496E33
S31508041900556E6B6E6F776E50726F746F730049669F
S31508041910496E4572726F72730049664F75744572E3
S31508041920726F7273004966496E5563617374506BBE
S315080419307473004966496E42726F616463617374B5
S31508041940506B7473004966496E44697363617264C3
S31508041950730049664F75745563617374506B747379
S315080419600049664F757442726F616463617374509B
S315080419706B74730049664F75744469736361726462
S315080419807300547261636B656454696D65004469D8
S315080419907361626C656454696D650044657461635A
S315080419A068656454696D65004368696C6454696D57
S315080419B06500526F7574657254696D65004C65618E
S315080419C064657254696D650044697361626C656423
S315080419D0526F6C65004465746163686564526F6C24
S315080419E065004368696C64526F6C6500526F757460
S315080419F06572526F6C65004C6561646572526F6CF2
S31508041A006500506172746974696F6E4964436861EC
S31508041A106E676573004265747465725061727469A1
S31508041A2074696F6E417474616368417474656D702A
S31508041A30747300506172656E744368616E6765738A
S31508041A4000756E696E697469616C697A65640064A7
S31508041A50697361626C65640073746F7070656400A1
S31508041A6072756E6E696E670062696E6400636C6F88
S31508041A70736500636F6E6E656374006C696E6B7371
S31508041A8065637572697479006F70656E0069706153
S31508041A90646472202D76006E6574646174612073C3
S31508041AA0686F77006E6574646174612073686F7714
S31508041AB0202D7800706172746974696F6E696400A8
S31508041AC073727020636C69656E74207374617465CF
S31508041AD00073727020636C69656E74207365727620
S31508041AE065720073727020636C69656E7420686F22
S31508041AF073740073727020636C69656E7420736501
S31508041B0072766963650063736C20616363757261D9
S31508041B1063790063736C20756E6365727461696EAC
S31508041B20747900636F756E746572732069700063E7
S31508041B306F756E74657273206D616300636F756E7D
S31508041B4074657273206D6C650064656C617974697B
S31508041B506D657200636F6D6D697400696E697400F2
S31508041B606D676D74676574636F6D6D616E64006D22
S31508041B70676D74736574636F6D6D616E6400726FFF
S31508041B8075746572006C6561646572006175746F5D
S31508041B9073746172740063616C6C6261636B006B6D
S31508041BA065796C65617365696E74657276616C00D6
S31508041BB074746C004D414320416464726573730008
S31508041BC04368004C51490052535349006D61786C7F
S31508041BD0656E677468007374656572696E676461B7
S31508041BE07461004C6F63616C20416464726573733D
S31508041BF000506565722041646472657373006D678D
S31508041C006D740070726F6265007175657279007221
S31508041C1065717565737400736C61616300646863E8
S31508041C207036006D616E75616C0062726F777365EC
S31508041C30007265736F6C7665007265736F6C766592
S31508041C40340073657276696365686F7374004578E2
S31508041C5074656E6465642050414E00547853756308
S31508041C60636573730054784661696C6564005278D9
S31508041C70537563636573730052784661696C65646A
S31508041C8000526F6C652044697361626C6564005226
S31508041C906F6C6520446574616368656400526F6C93
S31508041CA065204368696C6400526F6C6520526F75D1
S31508041CB074657200526F6C65204C656164657200C8
S31508041CC0506172746974696F6E204964204368614F
S31508041CD06E67657300426574746572205061727428
S31508041CE06974696F6E204174746163682041747401
S31508041CF0656D707473004265747465722050617200
S31508041D00656E742041747461636820417474656DEA
S31508041D1070747300506172656E74204368616E67EF
S31508041D206573005278556E6963617374005278421C
S31508041D30726F6164636173740052784461746100FC
S31508041D40527844617461506F6C6C005278426561D4
S31508041D50636F6E005278426561636F6E5265717582
S31508041D606573740052784F746865720052784164DA
S31508041D70647265737346696C746572656400527837
S31508041D80446573744164647246696C746572656407
S31508041D900052784475706C6963617465640052789E
S31508041DA04572724E6F4672616D650052784572725D
S31508041DB04E6F556E6B6E6F776E4E65696768626FA8
S31508041DC072005278457272496E76616C6964537210
S31508041DD063416464720052784572725365630052B3
S31508041DE0784572724663730052784572724F746806
S31508041DF06572005478556E69636173740054784249
S31508041E00726F61646361737400547841636B5265DD
S31508041E107175657374656400547841636B65640011
S31508041E2054784E6F41636B52657175657374656456
S31508041E300054784461746100547844617461506F45
S31508041E406C6C005478426561636F6E005478426521
S31508041E5061636F6E526571756573740054784F7457
S31508041E6068657200547852657472790054784572BC
S31508041E707243636100547845727242757379436894
S31508041E80616E6E656C00547845727241626F727445
S31508041E900054784469726563744D61785265747246
S31508041EA079457870697279005478496E64697265FF
S31508041EB063744D617852657472794578706972797C
S31508041EC000366C6F2073656E6400366C6F2072651D
S31508041ED0617300697036006D706C00636F61702001
S31508041EE0736563757265006170706C6963617469A2
S31508041EF06F6E20636F617000284578706F6E656E2B
S31508041F007469616C204D6F76696E672041766572D7
S31508041F106167652900534C2D4F50454E5448524528
S31508041F2041442F332E302E312E305F47697448755D
S31508041F30622D3631653433636666623B2045465204
S31508041F4033323B204D61722031392032303236200B
S31508041F5030323A31363A31320000000008000000C7
S31508041F60C11E040810000000CA1E04081800000058
S31508041F70D31E040820000000D71E04082800000009
S31508041F80451B040830000000F31E0408380000004E
S31508041F90DB1E040840000000E71E04082A1C040887
S31508041FA0018A010800000000F2170408C587010821
S31508041FB000000000091C0408C18A0108000000008A
S31508041FC0311C04082189010800000000391C040892
S31508041FD09189010800000000FE1A0408B18A010864
S31508041FE000000000421C0408B98A01080000000029
S31508041FF0F2170408BFAF010800000000FE1B04081E
S315080420004D50010800000000031C040861C60108BD
S3150804201000000000091C04083D50010800000000E7
S315080420200F1C04083F91010800000000CF1B040898
S31508042030C550010800000000CC1B04085D520108C5
S31508042040000000009F1A040849A6010800000000C1
S31508042050D61B040891C30108000000008C1B040861
S315080420606392010800000000961B04089D68010895
S3150804207000000000EE1A0408D992010800000000C6
S315080420809F1B0408A9AF010800000000A21B04084E
S3150804209099AF010800000000DC1A0408636A000806
S315080420A000000000FE1A04084B7D0008000000002A
S315080420B0901B04087165000800000000CB1A040888
S315080420C0FD6B000800000000040C0408A96500085C
S315080420D000000000B01B0408C765000800000000E3
S315080420E0681A0408E9650008000000006D1A040867
S315080420F06966000800000000731A0408A96D000840
S31508042100000000007B1A0408316D00080000000076
S31508042110881A04085B6F000800000000C51E04083E
S3150804212053770008000000004E17040829530108D5
S31508042130000000005917040899530108000000001C
S315080421405D170408395401080000000068170408DC
S315080421506D550108000000009216040899570108F5
S3150804216000000000751704087563010800000000E4
S31508042170861704082DAF0108000000009317040809
S315080421804FAA0108000000009C1704089B6F010869
S3150804219000000000A017040851820108000000008E
S315080421A0A817040835B4010800000000AE1704088F
S315080421B0A156010800000000B51704088DC40108DB
S315080421C000000000BE170408FD57010800000000BF
S315080421D0C21704081F6E010800000000CD17040882
S315080421E065C2010800000000D117040887610108C8
S315080421F000000000D7170408A961010800000000C0
S31508042200CA160408FB61010800000000DF17040869
S31508042210719E010800000000EC170408AD5501087A
S3150804222000000000F0170408D15B01080000000054
S31508042230F9170408155E01080000000004180408CC
S31508042240D95E0108000000000B18040813C701082A
S3150804225000000000131804083DAF01080000000040
S315080422601F180408A1520108000000002A180408CF
S315080422708958010800000000361804082952010884
S3150804228000000000381B0408E1560108000000009D
S31508042290B13604082DB20108000000003A180408F3
S315080422A0E9500108000000004518040815590108FA
S315080422B0000000004D180408D16001080000000061
S315080422C055180408416E01080000000001170408A7
S315080422D0B962010800000000671804087D70010847
S315080422E00000000019170408316E010800000000F8
S315080422F0CD1604083964010800000000751804089E
S3150804230065960108000000007C180408696601083F
S3150804231000000000811804089D4F01080000000011
S315080423208A180408AD70010800000000951804080E
S31508042330BD68010800000000A118040859520108E4
S3150804234000000000A5180408696B010800000000D5
S31508042350E617040835C1010800000000AC18040893
S31508042360B54F010800000000B3180408836B010880
S3150804237000000000B8180408D14F01080000000046
S31508042380C2180408A159010800000000CB1A040861
S31508042390416C010800000000C61804083D6D0108D8
S315080423A000000000D2180408D16C010800000000DF
S315080423B0D9180408ED9C0108000000005B11040804
S315080423C0495A010800000000E11804086964010874
S315080423D000000000EE180408E1550108000000009A
S315080423E0F5180408896D010800000000790C040832
S315080423F0ED51010800000000FF0200000000000083
S31508042400000000000000000220240408FF02000067
S3150804241000000000000000000000000190290408E4
S31508042420FF03000000000000000000000000000296
S315080424300C240408701C04088B150408A515040844
S31508042440C2150408DB150408756E6B6E6F776E008B
S31508042450D2180408171C04081D1C0408231C0408A5
S3150804246031310000E31B0408F11B040804060000CC
S31508042470C01B0408C71B040806120405050000004F
S31508042480571C0408B41B0408C01B04081E0A0408C5
S31508042490C31B04084F1A0408620C04086B0C0408CE
S315080424A07E1B0408851B040818000000821904080A
S315080424B0200000008E190408280000009B1904084F
S315080424C030000000A819040838000000B2190408EE
S315080424D040000000BD190408411A04084F1A0408EC
S315080424E0581A0408601A0408000100FF00000000D6
S315080424F0FC180408040000000E190408080000006B
S31508042500191904080C000000251904081000000015
S3150804251033190408140000004519040818000000BB
S31508042520521904081C000000611904082000000060
S315080425307419040800000000C81904080200000001
S31508042540D519040804000000E2190408060000006E
S31508042550EC19040808000000F71904080A0000002A
S31508042560241A04080C000000021A04080E000000CD
S31508042570151A040810000000331A0408381604084B
S315080425804A160408000000005B1604086C160408C2
S3150804259000000000841604089216040800000000CF
S315080425A07C1604088C160408000000009A16040811
S315080425B0A716040800000000B3160408B916040890
S315080425C000000000BF160408CA160408000000002C
S315080425D0D3160408E516040800000000F5160408D6
S315080425E001170408010000000C1704081917040849
S315080425F000000000C3160408CD16040800000000F5
S31508042600251704082A170408010000002F170408D0
S315080426103F170408000000005031040865830108C8
S31508042620000000002C130408874F0108000000006E
S31508042630541B040881840108000000005B1B04087D
S31508042640C983010800000000601B0408A985010865
S31508042650000000006F1B0408C9840108000000007C
S31508042660241104080183010800000000A4170408C3
S315080426702D840108000000002C1104089962010841
S31508042680000000000D160408141604081C16040895
S3150804269018160408201604082C160408323030319B
S315080426A03A343836303A343836303A3A38383838AC
S315080426B000000200000100000500000100000600F9
S315080426C0000214000C00000100000F0002010000C3
S315080426D011000002000012000201000015000201A8
S315080426E000001A000202000021000601000024006E
S315080426F0020100002700000100002F00000102006B
S3150804270001010000F1150408F81504080216040866
S31508042710590000003B150408411504084815040827
S31508042720521504085D150408661504086F1504088F
S315080427307A15040864110408821504088615040821
S3150804274004000000F31D040808000000FD1D040829
S315080427500C000000091E040810000000181E0408D6
S3150804276014000000201E040818000000311E040886
S315080427701C000000381E040820000000431E04083C
S31508042780240000004C1E0408280000005C1E0408EF
S315080427902C000000641E0408380000006C1E04089F
S315080427A040000000751E04083C000000861E04084C
S315080427B030000000911E040834000000A81E040816
S315080427C048000000231D04084C0000002D1D0408C1
S315080427D050000000391D040854000000401D040878
S315080427E0580000004B1D04085C000000541D040832
S315080427F060000000641D0408640000006C1D0408E1
S31508042800680000007E1D04086C000000911D040881
S31508042810700000009E1D040874000000AB1D040827
S3150804282078000000C21D04087C000000D61D0408B8
S3150804283080000000DF1D040884000000E81D040869
S3150804284000000000811C0408020000008F1C040814
S31508042850040000009D1C040806000000A81C0408C7
S3150804286008000000B41C04080A000000E61C04085A
S315080428700C000000C01C04080E000000D51C040847
S3150804288010000000F61C040848000000141D040883
S3150804289018000000861C040820000000941C040884
S315080428A028000000A21C040830000000AD1C04081F
S315080428B038000000B91C0408000000005B1C04086A
S315080428C008000000651C0408040000006E1C0408C7
S315080428D00C000000781C04083E2000666163746FCF
S315080428E07279726573657400790C0408CB1A040846
S315080428F0EE1804084E17040892160408CD160408A0
S31508042900CA1604088D1A04080B180408971A04082A
S31508042910A41A0408B41A04081F1804085D1704083E
S315080429204D180408D7170408AC180408C01A040874
S31508042930D11A0408E31A0408F31A040868170408E1
S315080429409C170408061B0408131B0408231B040805
S315080429502F1B04083C1B0408121206120405050062
S315080429600C1704084E1C0408571C0408B41B040856
S31508042970C01B04081E0A0408C31B0408FF0300003E
S315080429800000000000000000000000FC0000000039
S31508042990FF03000000000000000000000000000122
S315080429A07C2904086C16040800000000495601082E
S315080429B000000000B980010800000000921604080F
S315080429C008000000E54F0108000000001965010829
S315080429D000000000A71604080B00000005500108B3
S315080429E000000000D970010800000000B9160408A8
S315080429F0060000001150010800000000E9700108F3
S31508042A0000000000491B04080600000011500108D4
S31508042A1000000000E970010800000000CA16040856
S31508042A200400000057620108000000002954010848
S31508042A3000000000E916040805000000F970010802
S31508042A4000000000755E010800000000E516040891
S31508042A5005000000F970010800000000755E010811
S31508042A60000000000117040802000000896201083A
S31508042A700000000035610108000000001917040869
S31508042A80030000001D50010800000000EF80010843
S31508042A9000000000CD160408070000002D500108A8
S31508042AA00000000039650108000000004A16040801
S31508042AB0010000005156010800000000D3800108F7
S31508042AC0000000002A1704080900000091620108A2
S31508042AD0000000005B610108000000003F170408BD
S31508042AE00A00000021510108000000004965010898
S31508042AF0000000008C1604080C000000F54F0108BD
S31508042B00000000002965010800000000C41B00201D
S31508042B10981900202D75002D62002D680025783A35
S31508042B2025783A25783A25783A3A2F3634006E616C
S31508042B306D653A002C2073746174653A25732C20EC
S31508042B4061646472733A00696E7374616E63653A9C
S31508042B50222573222C206E616D653A222573002C7A
S31508042B60257300222C2073746174653A25732C200E
S31508042B70706F72743A25642C207072696F72697466
S31508042B80793A25642C207765696768743A25640060
S31508042B90456E61626C6564007C20252A73007C2579
S31508042BA02A2E2A73002B00656E61626C65006469BF
S31508042BB07361626C6500436F6E6E656374696E67F4
S31508042BC020746F2073796E74686573697A656420F6
S31508042BD04950763620616464726573733A200055E9
S31508042BE06E6B6E6F776E4572726F7254797065008C
S31508042BF053525020636C69656E742063616C6C6211
S31508042C0061636B202D206572726F723A25730048D2
S31508042C106F737420696E666F3A00536572766963DA
S31508042C2065206C6973743A0052656D6F7665642025
S31508042C3073657276696365206C6973743A002564F2
S31508042C402062797465732066726F6D20002025648E
S31508042C50200053656E64696E6720746F2073796EFD
S31508042C6074686573697A65642049507636206164A8
S31508042C7064726573733A20002D73002D74003A3A12
S31508042C80002F256400256C75642E00253032753AAC
S31508042C90253032753A25303275002E2530337500C5
S31508042CA045434453410045435F4448004543004F68
S31508042CB04B0044726F70004E6F42756673004E6F18
S31508042CC0526F757465004275737900506172736545
S31508042CD000496E76616C6964417267730053656373
S31508042CE075726974790041646472657373517565A4
S31508042CF07279004E6F41646472657373004E6F7423
S31508042D00496D706C656D656E74656400496E7661AF
S31508042D106C69645374617465004E6F41636B004358
S31508042D2068616E6E656C4163636573734661696C4D
S31508042D3075726500466373457272004E6F4672611A
S31508042D406D65526563656976656400496E76616C7E
S31508042D506964536F7572636541646472657373005D
S31508042D6044657374696E6174696F6E4164647265EF
S31508042D70737346696C7465726564004E6F74466F46
S31508042D80756E6400416C7265616479005265736599
S31508042D90727665644572726F72323500497076369A
S31508042DA0416464726573734372656174696F6E46D0
S31508042DB061696C757265004E6F7443617061626C0B
S31508042DC06500526573706F6E736554696D656F75CA
S31508042DD074005265617373656D626C7954696D65C7
S31508042DE06F7574004E6F74546D66004E6F6E4C6F3B
S31508042DF07770616E446174614672616D65005265EF
S31508042E007365727665644572726F723333004C6902
S31508042E106E6B4D617267696E4C6F7700496E7661A9
S31508042E206C6964436F6D6D616E640050656E6469A8
S31508042E306E670052656A6563746564000000000085
S31508042E4011B60108314E0108254E010849B6010894
S31508042E505D4E0108514E0108506C6174666F726DBF
S31508042E6000000000AF2C04087A1C0408B22C0408DD
S31508042E70B72C0408BE2C0408C62C0408CB2C04085A
S31508042E80D12C0408DD2C0408E62C0408F32C0408C9
S31508042E908B1E0408FD2C04080C2D0408192D04089F
S31508042EA01F2D0408941C0408342D04083B2D04081B
S31508042EB0B21D04084B2D04086B2D0408602D040864
S31508042EC07B2D0408842D04088C2D04089C2D0408E5
S31508042ED0B72D0408C22D0408931D0408D22D04082E
S31508042EE0E42D0408EB2D0408FE2D04080E2E040810
S31508042EF01C2E04082B2E0408332E0408141C203018
S31508042F0040050305040406000601170C081D1D17D1
S31508042F1008060C0101010101010101061B06000254
S31508042F20020204040607000004000000A02C04089A
S31508042F30BD290208E9730208279A0208959E020821
S31508042F400000000000000000B5A002081778020877
S31508042F502D770208C973020803000000A62C04088A
S31508042F60BD290208DD730208000000000000000005
S31508042F700000000000000000B5A002081778020847
S31508042F802D770208C973020802000000AC2C040855
S31508042F90BD290208B1290208279A0208959E020843
S31508042FA00000000000000000B5A002081778020817
S31508042FB02D770208C973020800000000882F040848
S31508042FC0582F0408282F0408011000240011127130
S31508042FD0000000800044400409008003FF06000640
S31508042FE02573222573220000BC0200001027000066
S31508042FF010270000102700001027000010270000E3
S315080430000006020604070607000202020404020771
S315080430105468726561644040000040408080808046
S315080430200000908868480402020C0C0A0101030394
S315080430300505060700020202040406070A0C0950DD
S315080430404D5F494E5445524E414C5F454D315F5292
S315080430504551554952454D454E540070726F636546
S3150804306073730048616E646C6572004F70656E54C4
S3150804307068726561640044656661756C74446F6D55
S3150804308061696E00526573657420696E666F3A20CD
S3150804309030782578202825732900457874656E6468
S315080430A0656420526573657420696E666F3A2030CC
S315080430B0782532582028257329002573206D6F64D6
S315080430C065207573696E6720257320737461636B55
S315080430D0202825346C7820746F2025346C78292CA4
S315080430E0205350203D2025346C78002575206279BC
S315080430F0746573207573656420282575252529202C
S31508043100696E20257320737461636B20286F757448
S31508043110206F6620257520627974657320746F7430
S31508043120616C29005350206973206F757473696440
S315080431306520257320737461636B2072616E6765FD
S3150804314021004E6F20696E746572727570747320EF
S3150804315061637469766500496E7465727275707414
S31508043160732061637469766520286F7220707265AE
S315080431702D656D7074656420616E64207374616373
S315080431806B6564293A0052657365742063617573C7
S31508043190653A205761746368646F67206578706957
S315080431A07265642C206E6F2072656C6961626C6549
S315080431B020657874726120696E666F726D617469D0
S315080431C06F6E0052657365742063617573653A2082
S315080431D05761746368646F672063617567687420F0
S315080431E07769746820656E68616E63656420696EC4
S315080431F0666F00496E737472756374696F6E2061C5
S315080432006464726573733A2025346C780052657366
S3150804321065742063617573653A20417373657274C6
S315080432202025733A256C64005265736574206361BE
S315080432307573653A2048617264204661756C74003A
S31508043240484653522E5645435454424C3A206572C6
S31508043250726F722072656164696E6720766563743D
S315080432606F72207461626C6520666F7220616E20CD
S31508043270657863657074696F6E00484653522E46C6
S315080432804F524345443A20636F6E666967757261A7
S31508043290626C65206661756C7420636F756C642056
S315080432A06E6F742061637469766174650048465369
S315080432B0522E44454255474556543A206661756C24
S315080432C0742072656C6174656420746F2064656229
S315080432D07567202D20652E672E2C20657865637505
S315080432E074656420424B50540052657365742063B8
S315080432F0617573653A204D656D6F7279204D616EFF
S315080433006167656D656E74204661756C7400496CF9
S315080433106C6567616C2061636365737320616464BB
S31508043320726573733A2025346C7800434653522EDB
S3150804333025730052657365742063617573653A2055
S31508043340427573204661756C7400416464726573D2
S3150804335073206973206F6620616E20696E737472B8
S31508043360756374696F6E206166746572206275731D
S31508043370206661756C74206F636375727265642C5C
S31508043380206E6F74207468652063617573652E00FA
S31508043390434653522E286E6F6E6529206C6F6164FE
S315080433A0206F722073746F726520617420616E20B9
S315080433B0696C6C6567616C2061646472657373001B
S315080433C052657365742063617573653A2055736134
S315080433D06765204661756C7400526573657420636D
S315080433E0617573653A204465627567204D6F6E6929
S315080433F0746F72204661756C74002573203D203005
S31508043400782530386C782573004941434356494F2B
S315080434104C3A20617474656D7074656420696E73C2
S315080434207472756374696F6E206665746368206662
S31508043430726F6D2061206E6F2D657865637574658E
S315080434402061646472657373004441434356494F6B
S315080434504C3A20617474656D70746564206C6F6190
S3150804346064206F722073746F726520617420616EB4
S3150804347020696C6C6567616C20616464726573733A
S31508043480004D554E53544B4552523A20756E73743B
S3150804349061636B2066726F6D206578636570746905
S315080434A06F6E2072657475726E20636175736564D8
S315080434B0206163636573732076696F6C6174696FE1
S315080434C06E004D53544B4552523A20737461636BE4
S315080434D0696E672066726F6D2065786365707469B6
S315080434E06F6E2063617573656420616363657373C6
S315080434F02076696F6C6174696F6E004D4D41525642
S31508043500414C49443A204D4D415220636F6E7461D3
S31508043510696E732076616C6964206661756C7420C3
S315080435206164647265737300494255534552523A4D
S3150804353020696E737472756374696F6E2070726530
S315080435406665746368206361757365642062757360
S31508043550206661756C74005052454349534552526E
S315080435603A207072656369736520646174612062C8
S315080435707573206661756C7400494D50524543490C
S31508043580534552523A20696D7072656369736520B2
S315080435906461746120627573206661756C74005584
S315080435A04E53544B4552523A20756E737461636B8D
S315080435B0696E67206F6E20657863657074696F6ECF
S315080435C02072657475726E20636175736564206410
S315080435D061746120627573206661756C7400535456
S315080435E04B4552523A20737461636B696E67206F58
S315080435F06E20657863657074696F6E20656E747283
S3150804360079206361757365642064617461206275E9
S3150804361073206661756C74004246415256414C49A2
S31508043620443A204246415220636F6E7461696E7350
S315080436302076616C6964206661756C7420616464C3
S315080436407265737300554E444546494E5354523A6F
S3150804365020747269656420746F206578656375746F
S315080436606520616E20756E646566696E6564206999
S315080436706E737472756374696F6E00494E5653544B
S315080436804154453A20696E76616C69642045505305
S3150804369052202D20652E672E2C20747269656420AD
S315080436A0746F2073776974636820746F2041524D70
S315080436B0206D6F646500494E5650433A2065786319
S315080436C0657074696F6E2072657475726E20696EA2
S315080436D07465677269747920636865636B732066B9
S315080436E061696C6564004E4F43503A206174746591
S315080436F06D7074656420746F206578656375746588
S31508043700206120636F70726F636573736F722069CB
S315080437106E737472756374696F6E00554E414C49C5
S31508043720474E45443A20617474656D707465642027
S31508043730616E20756E616C69676E6564206D656D72
S315080437406F727920616363657373004449564259FD
S315080437505A45524F3A20617474656D7074656420D5
S31508043760746F2065786563757465205344495620DB
S315080437706F722055444956207769746820646976BF
S3150804378069736F72206F66203000612F616500616E
S315080437902F616E00612F617100612F617200612FC4
S315080437A0617300612F736400612F796C00622F6264
S315080437B06100622F626D7200622F627100632F616D
S315080437C06200632F616700632F617200632F617360
S315080437D000632F636100632F636700632F637000C0
S315080437E0632F637300632F646300632F657200633A
S315080437F02F657300632F6A6500632F6A6600632F5B
S315080438006C6100632F6C7000632F706300632F7004
S315080438106700632F707100632F707300632F7278CB
S3150804382000632F746500632F747800632F75720024
S31508043830632F757400642F646100642F64670064E1
S315080438402F647100642F6472006E2F646E006E2FED
S315080438506472006E2F6D720001041000A4640020C7
S31508043860DB000108FBD90008490201080BCF000850
S3150804387005CF00089C640020DB000108FBD900087A
S31508043880490201080BCF000805CF0008020203000D
S31508043890000000001A0000000300000000000000F9
S315080438A000000000000000000007000800000000F7
S315080438B000000000000000000102040500000000EA
S315080438C000000000000000000006554E4B00464963
S315080438D0420042544C00455854005057520057442D
S315080438E04700205357004352530046534800424169
S315080438F04400464C540042524F00523000523100A4
S3150804390052320052330052340052350052360052B5
S3150804391037005238005239005231300052313100E2
S3150804392052313200523133284C5229004D5350003B
S315080439305053500050430078505352004D53502072
S31508043940757365640050535020757365640043535A
S315080439505441434B20626F74746F6D00494353524C
S3150804396000534843535200494E545F414354495601
S31508043970453000494E545F41435449564531004346
S3150804398046535200484653520044465352004D4D3E
S3150804399041522F42464152004146535200526574E1
S315080439A030005265743100526574320052657433BE
S315080439B000526574340052657435004461743000ED
S315080439C044617431000000001E0000001600000067
S315080439D01B00000001040103030601050105010992
S315080439E00600060B0000070B050B0000000000008C
S315080439F000000000000000000100A002020202020A
S31508043A0064000000B6000000640000000001000025
S31508043A100000000000000000000000000B00000089
S31508043A2064656661756C742E736572766963652E52
S31508043A306172706100DEAD00BEEF00CAFE785816EA
S31508043A4086FDB4580FB092546AECBD1566FDDEAD1A
S31508043A5000BEEF0000000000B43C04085C3C040807
S31508043A60283C04081C3C0408143C0408083C0408C4
S31508043A70F83B0408F03B0408E43B0408D43B040878
S31508043A80B43B0408943B040809340408493404087C
S31508043A90AC44040881340408C2340408AC44040859
S31508043AA0AC440408FB3404082835040857350408CC
S31508043AB0793504089F350408DE350408AC4404083F
S31508043AC0AC44040818360408453604087B3604084A
S31508043AD0B6360408E6360408AC440408AC440408BC
S31508043AE0AC440408AC4404081B3704084B370408E0
S31508043AF08A3704088F370408943704089937040862
S31508043B009E370408A3370408A8370408AD37040801
S31508043B10B2370408B8370408BD370408C23704089E
S31508043B20C7370408CC370408D1370408D63704083D
S31508043B30DB370408E0370408E5370408EA370408DD
S31508043B40EF370408F4370408F9370408FE3704087D
S31508043B5003380408083804080D3804081238040819
S31508043B60173804081C3804082138040826380408B9
S31508043B702B38040830380408353804083A38040859
S31508043B803F38040844380408493804084E380408F9
S31508043B9053380408554E4B00555020005250200007
S31508043BA0415030004150310041502000445020001B
S31508043BB044454300554E4B00485244004D454D007C
S31508043BC0425553005553470044424700444D41006B
S31508043BD056435400554E4B004C434B0058544C0026
S31508043BE04F424600554E4B0056465900494E48002A
S31508043BF0554E4B0041535400554E4B005242540007
S31508043C0044534C00454D3400554E4B00455850001E
S31508043C104C574D00554E4B0048562000554E4B0008
S31508043C2050494E00454D3400554E4B00474F200031
S31508043C3042544C004241440046544C004652430008
S31508043C404F54410044534C004241500055504700DC
S31508043C50544D450046415500545A4600474F2000E6
S31508043C6042544C00474F3200474F3300474F340005
S31508043C70474F3500474F3600474F3700474F380000
S31508043C80474F3900474F4100474F4200474F4300CB
S31508043C90474F4400474F4500474F46004A4D50009A
S31508043CA0424452005550520042544D004D534D0063
S31508043CB046544C00554E4B003BD300085DD30008D0
S31508043CC05D0C01089DD3000869D60008D1D7000801
S31508043CD0B5DA000813B779FAC925DDB7ADF3CFE02D
S31508043CE0F1B614B80102000000000000FFFFFFFF50
S31508043CF002000000010000000000000000000000AF
S31508043D0000000000000000000000000000000000A1
S31508043D100000000000000000000000000000000091
S31508043D20000000006A09E667BB67AE853C6EF3725D
S31508043D30A54FF53A510E527F9B05688C1F83D9AB64
S31508043D405BE0CD1900000000000000007AFF80AF98
S31508043D5079FF00AF73FF80AE000000007AFF809FF2
S31508043D6079FF009F73FF809EB06400200000000066
S31508043D70000001000000000000000000FFFFFFFF34
S31508043D80FFFFFFFFFFFFFFFF99DEF836146BC9B18B
S31508043D90B4D22831FFFFFFFFFFFFFFFFFFFFFFFF3E
S31508043DA0FFFF16A2E0B8F03E13DD29455C5C2A3D08
S31508043DB0FFFFFFFF00000000FFFFFFFFFFFFFFFFFD
S31508043DC0BCE6FAADA7179E84F3B9CAC2FC632551AB
S31508043DD0A43F0408883F040800000000FFFFFFFF13
S31508043DE0FFFFFFFFFEFFFFFFFFFFFFFFFFFFFFFFD2
S31508043DF0FFFFFFFFB1B946C1ECDEB8FE49302472B5
S31508043E00ABE9A70FE7809CE5190521643128D2B4EC
S31508043E10B1C96B1436F8DE99FFFFFFFFFFFFFFFFFA
S31508043E20FFFFFFFF1210FF82FD0AFFF40088A1437B
S31508043E30EB20BF7CF69030B00EA88D181148791E79
S31508043E40A177F973D5CD246BED11106378DAC8FF21
S31508043E50952B19070100000001000000000000006E
S31508043E6000000000FFFFFFFFFFFFFFFFFFFFFFFF4C
S31508043E70FFFFFFFF00000000B4FF552343390B275B
S31508043E80BAD8BFD7B7B04450563241F5ABB3040CD1
S31508043E90850A05B43D2A5C5C4529DD133EF0B8E085
S31508043EA0A216FFFFFFFFFFFFFFFFFFFFFFFFFFFF56
S31508043EB0211D5C11D68032342211C256D3C1034A5D
S31508043EC0B99013327FBFB46BBD0C0EB7347E008530
S31508043ED09981D5446447075AA07543CDE6DF224C39
S31508043EE0FB23F7B5886337BDFFFFFFFFFFFFFFFF1F
S31508043EF0FFFFFFFF000000000000000000000000B4
S31508043F0001000000FFFFFFFF4B60D2273E3CCE3B7B
S31508043F10F6B053CCB0061D65BC86987655BDEBB392
S31508043F20E7933AAAD835C65A512563FCC2CAB9F3E7
S31508043F30849E17A7ADFAE6BCFFFFFFFFFFFFFFFF4E
S31508043F4000000000FFFFFFFF96C298D84539A1F488
S31508043F50A033EB2D817D0377F240A463E5E6BCF834
S31508043F6047422CE1F2D1176BF551BF376840B6CBFF
S31508043F70CE5E316B5733CE2B169E0F7C4AEBE78EFB
S31508043F809B7F1AFEE242E34F020000000000000095
S31508043F90000000001534020815340208372C0208FC
S31508043FA0A13302080200000065410208D550020840
S31508043FB0152A0208172A0208512C02086B2C020833
S31508043FC000000000000000000000000000000000DF
S31508043FD000800000008000000080000000800000CF
S31508043FE000800000008000000180000001800000BD
S31508043FF001800000018000000180000001800000AB
S315080440000180000001800000028000000280000098
S315080440100280000002800000038000000380000084
S31508044020048000000480000005800000068000006B
S31508044030088000000C8000000F8000000A000000C1
S315080440400C0000000D000000100000001200000023
S3150804405015000000190000001F00000027000000DA
S315080440603400000065636B65792E5100C0DE1AB50D
S31508044070C0DE1AB5001234C0DE1AB51234C0DE1A10
S31508044080B51234C0DE0066746420627574746F6E8B
S31508044090004D657373616765205265636569766566
S315080440A0643A2025730D0A005F73756200454D3224
S315080440B02028736C6565702900454D31202869648C
S315080440C06C652900736C656570792D64656D6F2D53
S315080440D073736564207374617274696E6720696E9C
S315080440E020454D31202869646C6529206D6F646507
S315080440F00D0A00507265737320427574746F6E20CE
S315080441003020746F20746F67676C652062657477F6
S3150804411065656E20454D322028736C6565702920C7
S31508044120616E6420454D31202869646C6529206DCB
S315080441306F6465730D0A005B63736C20706572693E
S315080441406F643A2025642075732E5D205B63736C57
S315080441502074696D656F75743A20256420736563E8
S315080441602E5D0D0A00496E697469616C697A617419
S31508044170696F6E206661696C656420776974683A4C
S315080441802025642C2025730D0A00535345442066C4
S3150804419061696C656420746F206F70656E20756440
S315080441A07020736F636B657420776974683A202589
S315080441B0642C2025730D0A0053534544206661690F
S315080441C06C656420746F2062696E6420756470205F
S315080441D0736F636B657420776974683A2025642C59
S315080441E02025730D0A006F745468726561645365FB
S315080441F074456E61626C65642873496E7374616E86
S3150804420063652C207472756529203D3D204F545FE3
S315080442104552524F525F4E4F4E45006170702E63A1
S3150804422000736C656570792D64656D6F2D737365A0
S315080442306420737769746368696E6720746F2025D0
S3150804424073206D6F64650D0A00666630333A3A3139
S31508044250007373656420627574746F6E00494F53F6
S31508044260545245414D5F55415254002D2D2D2D2D47
S31508044270454E442045432050524956415445204B07
S3150804428045592D2D2D2D2D002D2D2D2D2D424547EE
S31508044290494E2045432050524956415445204B45E2
S315080442A0592D2D2D2D2D002D2D2D2D2D454E4420EA
S315080442B050524956415445204B45592D2D2D2D2DE7
S315080442C0002D2D2D2D2D424547494E205052495635
S315080442D0415445204B45592D2D2D2D2D002A864810
S315080442E0CE3D0301010073656370313932723100C2
S315080442F0736563703232347231002A8648CE3D03C0
S3150804430001070073656370323536723100000000A8
S31508044310DD42040808000000E6420408E6420408F0
S3150804432001000000E043040805000000F042040808
S31508044330F042040802000000FA42040808000000DB
S3150804434003430408034304080300000000000000B4
S31508044350000000000000000000000000000000004B
S31508044360505341004B455900092040000000000005
S315080443707BFF80B079FF80B078FF80B176FF00B10B
S315080443806CFF00B36BFF00B23506FEB823D4871260
S315080443906170705F696E6974000D0A082008000070
S315080443A0050000000000000000C201000002000031
S315080443B000100000000000000000000000000000DB
S315080443C0560000000000015B15000000C043040805
S315080443D0DC430408D843040801000F0000000F005A
S315080443E02B81040021005B25735D3A257500FFFFC8
S315080443F0FFFFFFFFFFFF005B25635D2000252E2AD4
S315080444007325733A20004661696C656420746F20CD
S315080444107365742050414E206368616E6E656C2026
S31508044420746F202575207768656E206170706C79C5
S31508044430696E6720646174617365743A2025730034
S315080444400001010101010101010101010101012527
S315080444500107010101010101010101010101010134
S3150804446001070701010101010101010101172D2DB0
S315080444702D2D2D2D2D2D2D2D2D2D2D2D00446174F5
S31508044480617365744D616E616765720050726F631E
S315080444902D547970653A20342C454E43525950545C
S315080444A04544002A864886F70D01010100727361A6
S315080444B0456E6372797074696F6E00525341002AAF
S315080444C08648CE3D02010069642D65635075626CA9
S315080444D069634B65790047656E6572696320454370
S315080444E0206B6579002B8104010C0069642D6563D2
S315080444F04448004543206B657920666F722045431E
S3150804450044480000A344040809000000AD44040814
S31508044510BB44040801000000BF4404080700000067
S31508044520C7440408D644040802000000E544040805
S3150804453005000000EB440408F344040803000000E3
S315080445400000000000000000000000000000000059
S3150804455000000000505341004B4559000C09010264
S315080445600304808150C30000F22B0000EE02000011
S31508044570EE02000050C30000761600007701000022
S3150804458077010000193F0106041001000001010625
S3150804459000102700000C00000000000000000000C6
S315080445A0F5DA0200A41F0000900100009001000043
S315080445B0E5BF0000282300006B0300006B0300001E
S315080445C002000000C017530206140000802FA60438
S315080445D005380000A0080000000058090104070671
S315080445E0100A01040707C80A00040807800B000418
S315080445F00808380C000409086108000000008A0845
S3150804460000000000C709010404032C0B0104040478
S31508044610920C01040504000050C30000E62D0000B6
S31508044620D0070000D0070000193F01060410010056
S315080446300001010600102700000A0000000000001F
S315080446400000000014000000244992000000000045
S3150804465084450408644504080000000000000000BE
S315080446600024F40040420F000101F800C22450035C
S3150804467000000000C0450408000000000000000017
S31508044680000000002B420F0000000000000000009C
S3150804469000000000000000001400000066666600C2
S315080446A0000000008445040874450408000000005E
S315080446B0000000000048E80180841E000101F8009B
S315080446C0F147500200000000C0450408000000003D
S315080446D000000000000000007C841E0000000000AA
S315080446E000000000000000000000000014000000A4
S315080446F01CC771000000000028460408A0450408E9
S3150804470000000000000000000051250240420F008E
S315080447100108F600F147100200000000C04504082D
S315080447200000000000000000000000002A420F00FC
S315080447300000000000000000000000000000000067
S31508044740140000001CC77100000000002846040875
S31508044750B0450408000000000000000000512502CE
S3150804476040420F000102F600F14710020000000063
S31508044770C045040800000000000000000000000016
S315080447802A420F000000000000000000000000009C
S3150804479000000000140000001CC77100000000009F
S315080447A02846040818460408000000000000000013
S315080447B00051250240420F000108F600F147100295
S315080447C000000000C04504080000000000000000C6
S315080447D0000000002A420F0000000000000000004C
S315080447E00000000000000000030A0000FC4F01035B
S315080447F04446040810400100014100003C40010001
S315080448000000000048400100A007000350400100D2
S31508044810000000005C40010000000000084101009F
S31508044820FF4C000054C00700511130000E0009E681
S315080448302D0000000405060708000000D1B6020092
S315080448406435000040400701000050510000A011E3
S3150804485010000000000000861FC081000000002030
S31508044860000000006440050100000040B904F80097
S3150804487040080000020000009200040088400F016E
S31508044880B7033B00000000E0000000000002050D2D
S315080448901C2F42536269686053402E1F110A080888
S315080448A008080706050403030202020101010101BF
S315080448B00000000000000000000000001C41010187
S315080448C00060B18C38410701BC200AF0F662520038
S315080448D0055B98408E6E82941C784852893B40004A
S315080448E0C00300805C410101FFDD00006841070147
S315080448F0E853FA0000000040000000000000000031
S31508044900000000000000000000000000D041030180
S31508044910000000AAD000000004001200E0411301C0
S3150804492000000000FFAB000A5CF10F00D34102004F
S3150804493095EDB100197BD80F1208B904EA1B6D1F4F
S31508044940C9B7C20A0B203B00430600005962F300AC
S31508044950727E9600A73D1900D022F13B000000A004
S315080449600000000038000000000000004C4201016D
S3150804497008000304684201010100000038800101AF
S31508044980C2241000A080020170780300D000000041
S31508044990A8800111F0010000A88001310542CB016D
S315080449A0AC800111F0010000AC800131053EFD0028
S315080449B0EC000112E00F0000EC0001320C2051510A
S315080449C08401010200100000FFFFFFFF030200003C
S315080449D0FC4F0103984604081040010001410000F9
S315080449E03C4001000000000048400100A007000305
S315080449F050400100000000005C4001000000000077
S31508044A0008410100FF4C000054C007005121300042
S31508044A100E000DE62A00000004050607080000003B
S31508044A20D1B602006005000040400701000050515D
S31508044A300000A02110000000000000861FC08100AD
S31508044A40000000200000000064400501000000404A
S31508044A504902F00040080000020000009200080025
S31508044A6088400F01DA032A00000000E00000000075
S31508044A700102071121374B5A676962544029150503
S31508044A8000000000010203040404030303030302F1
S31508044A9002020202020101010000000000000000F7
S31508044AA01C41010100B0B18C38410701BC200AF051
S31508044AB0B6555200055B98408E6E8294233C485244
S31508044AC0893B4000C00300805C410101FFDD000012
S31508044AD068410701E853FA0000000040000000009E
S31508044AE000000000000000000000000000000000B4
S31508044AF0D04103010000AAAAD00000000400120055
S31508044B00E041130100000000FFAB000A5CF10F004E
S31508044B10D341020095EDB100197BD80F1208B904E8
S31508044B20EA1B6D1FC9B7C20A0B203B0043060000E7
S31508044B305962F300727E9600A73D1900D022F13B14
S31508044B40000000A000000000400000000000000073
S31508044B504C420101080003046842010101000000F7
S31508044B6038800101F1471000A08002017078030023
S31508044B70D5C00000A8800111F0010000A880013109
S31508044B800542CB01AC800111F0010000AC80013173
S31508044B9005228D00EC000112E00F0000EC00013242
S31508044BA00C2051118401010200000000FFFFFFFFE1
S31508044BB003080000FC4F010398460408104001004E
S31508044BC0014100003C40010000000000484001008B
S31508044BD0A007000350400100000000005C400100EB
S31508044BE00000000008410100FF4C000054C0070003
S31508044BF0512130000E000DE62A00000004050607C0
S31508044C0008000000D1B60200600500004040070114
S31508044C10000050510000A02110000000000000868A
S31508044C201FC0810000000020000000006440050148
S31508044C30000000404902F00040080000020000009D
S31508044C409200080088400F01D7032A00000000E0FC
S31508044C50000000000002050D1A2D3F5060686963C4
S31508044C6057463525150D09080706050504040403E2
S31508044C700303030202020202010101010101010107
S31508044C80010101011C41010100B0B18C3841070141
S31508044C90BC200AF0B6555200055B98408E6E829485
S31508044CA0233C4852893B4000C00300805C41010113
S31508044CB0FFDD000068410701E853FA0000000040E0
S31508044CC000000000000000000000000000000000D2
S31508044CD000000000D04103010000AAAAD000000089
S31508044CE004001200E041130100000000FFAB000AB3
S31508044CF05CF10F00D341020095EDB100197BD80F82
S31508044D001208B904EA1B6D1FC9B7C20A0B203B0077
S31508044D10430600005962F300727E9600A73D190007
S31508044D20D022F13B000000A0000000004000000073
S31508044D30000000004C420101080003046842010116
S31508044D400100000038800101F1471000A08002012B
S31508044D5070780300FFC00200A8800111F00100006A
S31508044D60A88001310542CB01AC800111F001000095
S31508044D70AC800131050A0D00EC000112E00F0000B9
S31508044D80EC0001320C2051118401010200000000DC
S31508044D90FFFFFFFF03030000FC4F0103EC46040872
S31508044DA010400100004100003C40010010000000D2
S31508044DB04840010020070003504001000004000099
S31508044DC05C4001000D0F00000841010003C001000A
S31508044DD054C00700511130000E000DE62A000000E9
S31508044DE0080B0C0D0D000000D1B60200800500006A
S31508044DF040400701000020700000A01110000000C8
S31508044E00300000461FC881000020003000800000E2
S31508044E106440050100000000B904F80040080000D9
S31508044E201000000092000A0088400F01B703120020
S31508044E3000000060000000000002050D1C2F42530C
S31508044E406269686053402E1F110A08080808070695
S31508044E500504030302020201010101010000000026
S31508044E6000000000000000001C41010100302C8CE9
S31508044E7038410701BC200AF049C05100010000402E
S31508044E80B75635120078085009084000C003008058
S31508044E905C41010100000000684107014CD4E83B6D
S31508044EA004190D70080E141A20262C32383E1032B6
S31508044EB05476980A1D6940B4D041030100000000E5
S31508044EC0D000000000000200E041130100000000C9
S31508044ED0E2CFDD2C7EB63A00600919005122E200C1
S31508044EE04CB9510E3982A904D8229B29E2CFDD2C6C
S31508044EF07EB63A00600919005122E2004CB9510EF7
S31508044F003982A904D8229B29000000000000000069
S31508044F10440000003C3C3C3C4C42010108000004AF
S31508044F20684201010000000038800101F1471000C1
S31508044F30A080020170380300D0000000A880011187
S31508044F40F0010000A8800131055AFD01AC80011169
S31508044F50F0010000AC800131053EFD00EC000112B1
S31508044F60E00F0000EC0001320C205111840101020B
S31508044F7000000000FFFFFFFF03040000FC4F0103CD
S31508044F804047040810400100004100003C4001006D
S31508044F90100000004840010020170003504001009B
S31508044FA0010400005C4001000D0F000008410100E7
S31508044FB003C0010054C00700511130000E000DE66D
S31508044FC02A000000080B0C0D0D000000D1B60200E3
S31508044FD08005000040400701000020700000A01171
S31508044FE010000000300000461FC881000020003071
S31508044FF0008000006440050100000000B904F800C0
S31508045000400800001000000092000A0088400F01C2
S31508045010B703120000000060000000000002050D3E
S315080450201C2F42536269686053402E1F110A0808F0
S315080450300808070605040303020202010101010127
S315080450400000000000000000000000001C410101EF
S3150804505000302C8C38410701BC200AF049C05100A5
S3150804506001000040B7563512007808500908400078
S31508045070C00300805C41010100000000684107018B
S315080450804CD4E83B04190D700A10161C22282E3439
S315080450903A4010325476980A1D6980A4D041030117
S315080450A000000000D000000000000200E0411301E7
S315080450B000000000E2CFDD2C7EB63A006009190034
S315080450C05122E2004CB9510E3982A904D8229B29EF
S315080450D0E2CFDD2C7EB63A00600919005122E200BF
S315080450E04CB9510E3982A904D8229B290000000024
S315080450F000000000440000003C3C3C3C4C420101DA
S31508045100080000046842010100000000388001011B
S31508045110F1471000A080020170380300D000000097
S31508045120A8800111F0010000A8800131055AFD018B
S31508045130AC800111F0010000AC800131053EFD0090
S31508045140EC000112E00F0000EC0001320C205111B2
S315080451508401010200000000FFFFFFFF03050000B1
S31508045160FC4F010394470408104001000041000065
S315080451703C400100000000004840010020070003ED
S3150804518050400100000000005C4001000D0F0000C3
S3150804519008410100FF4C000054C0070051113000BB
S315080451A00E000DE62A000000080B0C0D0D00000089
S315080451B0D1B60200E0040000404007010000207058
S315080451C00000A01110000000000000461FC0810066
S315080451D00000002000800000644005010000000073
S315080451E0B904F8004008000010000000910004000B
S315080451F088400F01B7031200000000600000000099
S315080452000002050D1C2F42536269686053402E1F25
S31508045210110A08080808070605040303020202011E
S315080452200101010100000000000000000000000068
S315080452301C41010100302C8C38410701BC200BF0BD
S3150804524049C05100055BA0408E6E82942182485263
S3150804525009084000C00D00805C410101FFDD000023
S31508045260684107014CD4E83B04190D50080E141A7A
S3150804527020262C32383E10325476980A1D0040B443
S31508045280D041030100000000D00000000400120011
S31508045290E041130100000080E2CFDD2C7EB63A001F
S315080452A0600919005122E2004CB9510E3982A90449
S315080452B0D8229B29E2CFDD2C7EB63A006009190074
S315080452C05122E2004CB9510E3982A904D8229B29ED
S315080452D00000000000000000440000003C3C3C3C88
S315080452E04C42010108000304684201010000000061
S315080452F038800101F1471000A080020170380300CC
S31508045300D0000000A8800111F0010000A880013136
S31508045310055AFD01AC800111F0010000AC80013191
S31508045320053EFD00EC000112E00F0000EC0001321E
S315080453300C2051118401010200000000FFFFFFFF49
S31508045340EC470408809C2B8F80841E000000000014
S315080453502500FF7F0065002000000000E8470408D8
S3150804536000000000EC470408809C2B8F80841E00F4
S31508045370000026002600B700006500200000000093
S31508045380E847040800000000EC470408809C2B8FBB
S3150804539080841E000000270027008C00006500207A
S315080453A000000000E847040800000000D04904088B
S315080453B0809C2B8F80841E00000000002500FF7F40
S315080453C00065002000000000CC4904080000000025
S315080453D0D0490408809C2B8F80841E000000260078
S315080453E02600A0000065002000000000CC4904083F
S315080453F000000000D0490408809C2B8F80841E007E
S31508045400000027002700FF7F006500200000000039
S31508045410CC49040800000000B44B0408809C2B8F78
S3150804542080841E00000000002200FF7F0065002023
S3150804543000000000B04B040800000000B44B040848
S31508045440809C2B8F80841E00000023002300B60056
S315080454500065002000000000B04B040800000000AE
S31508045460B44B0408809C2B8F80841E000000240003
S3150804547024009D000065002000000000B04B0408CD
S3150804548000000000B44B0408809C2B8F80841E0007
S315080454900000250025007D000065002000000000AE
S315080454A0B04B040800000000B44B0408809C2B8F02
S315080454B080841E0000002600260053000065002094
S315080454C000000000B04B040800000000B44B0408B8
S315080454D0809C2B8F80841E00000027002700FF7FF6
S315080454E00065002000000000B04B0408000000001E
S315080454F0984D0408809C2B8F80841E0000000000B1
S315080455002500FF7F0865002000000000944D04086C
S3150804551000000000984D0408809C2B8F80841E0090
S31508045520000026002600B7000865002000000000D9
S31508045530944D040800000000984D0408809C2B8FA5
S3150804554080841E000000270027008C0008650020C0
S3150804555000000000944D0408000000007C4F040875
S31508045560809C2B8F80841E00000000002500FF7F8E
S315080455700865002000000000784F040800000000B9
S315080455807C4F0408809C2B8F80841E000000260014
S315080455902600B7000865002000000000784F0408BC
S315080455A0000000007C4F0408809C2B8F80841E001A
S315080455B00000270027008C00086500200000000072
S315080455C0784F04080000000060510408809C2B8F63
S315080455D080841E00000000002500FF7F0865002067
S315080455E0000000005C510408000000006051040833
S315080455F0809C2B8F80841E00000026002600B7009E
S3150804560008650020000000005C5104080000000042
S3150804561060510408809C2B8F80841E00000027009C
S3150804562027008C0008650020000000005C5104086F
S31508045630000000000C400100018101002040020026
S3150804564000000000010000003040030000000000D4
S3150804565000000000000000004040020000000000B6
S31508045660004000006040010001010000A84001005C
S3150804567007000000BC400400000000000000000011
S3150804568000000000000000000C410300FF4C00006D
S31508045690FF4D0000FF4D000020C0011000F8070070
S315080456A020C00130F502280124C00110FF000000C3
S315080456B024C001300013000028C00800EC80B3039E
S315080456C043754051A00F00F800400000A8AA07003F
S315080456D000000000000000000000000070C009007F
S315080456E0BA10000000042000041880000B3C2001B6
S315080456F0187C10022FFCE0067F0000000000000062
S3150804570000000000A8C00500BD4B721511A31805BA
S3150804571010325476980A000000000000CCC0040039
S31508045720010000000000000001000A000100280032
S31508045730080001010807000018000101AAAAAA0026
S31508045740200001010060DA005C4002010000000349
S315080457500000002078400401294176710000000009
S315080457608C000C0000000000C44004010000000086
S31508045770000000000000000000000000E0400101F5
S315080457800002000010410201331E0500000000005B
S315080457902041020100000000FF0483072C41030195
S315080457A0FF06660CFF0483078813FF0358410101AB
S315080457B000000000644101010C0100008441050158
S315080457C001010000000000000000000000000000C5
S315080457D000000000A44102010000000000000000CF
S315080457E0B04102010000000058923EC0BC410301CA
S315080457F00000000000003C00699006002C420301EA
S315080458006018004000000000000000003C4201014E
S315080458100000000044420101140000008042020115
S315080458200000000081000000984205013F000002C4
S31508045830FFFF0000FFFF0000FF030000FFFF00005A
S31508045840B44201010000000030430A01400020016F
S31508045850A0000000085000011F1F1F1F1F1F1F1B49
S3150804586018151311100E0D0C45C1872F00000000E2
S315080458700000000010800101030000003C800101C3
S3150804588001000000B0800201000300023700000195
S315080458909C000102000C0004D8000302050040AA7B
S315080458A088010000C0000000F00001022B0100007E
S315080458B01001011200FF0F0010010132020000312D
S315080458C05001011200C0010050010132C100A200BA
S315080458D07401010269811B0C7801011200001C0085
S315080458E0780101321004E0CF800101127907000023
S315080458F08001013202000000880101025000000004
S31508045900FFFFFFFFED170000ED170000F40100008C
S315080459100000000002000000C0175302061400002D
S31508045920802FA60405380000A008000000005809C6
S3150804593001040706100A01040707C80A0004080731
S31508045940800B00040808380C0004090861080000E4
S3150804595000008A0800000000C709010404032C0B90
S3150804596001040404920C010405040000E119000072
S31508045970E1190000F401000000000000193F0106C7
S3150804598004100100000101060010270000090000A8
S3150804599000000000000000001400000066666600AF
S315080459A0000000007C5904086C590408000A000029
S315080459B000000000005A620280841E000420F800D9
S315080459C0F1475002000000001459040800000000C2
S315080459D0000000000000000062841E0000000000B1
S315080459E00000000000000000000000001400000091
S315080459F066666600000000007C5904086C590408B1
S31508045A00000B000000000000005A620280841E0099
S31508045A100420F800F1475002000000001459040855
S31508045A2000000000000000000000000062841E0060
S31508045A300000000000000000000000000000000054
S31508045A401400000066666600000000007C5904081D
S31508045A50045904080000000000000000005A62020D
S31508045A6080841E000420F600F1475002000000005E
S31508045A70145904080000000000000000000000009B
S31508045A8062841E0000000000000000000000000000
S31508045A900000000005010000FC4F0103405A0408F9
S31508045AA020C0011000F8070020C0013014022801A4
S31508045AB024C00110FF00000024C001300043000088
S31508045AC044C001002E02000068C00200D1B60200DC
S31508045AD0C0060000D0C00100000000004C400301CD
S31508045AE020F91304070062003870000060400201C0
S31508045AF00068010F40B82440804001012363000078
S31508045B008C40020100800060BE0A000020410101A9
S31508045B10590B00003841010190200AF05C4101014B
S31508045B20001E00006C410B0100140CC0141A212835
S31508045B302E343B42495043557698BA0C23730000D9
S31508045B40010100001721286414171A002004C87DCF
S31508045B50A1203A09A8410101290000003C4201019B
S31508045B6000000000804202010000000081000000DD
S31508045B70A0420301FFFF0000FF030000FFFF00002F
S31508045B80B442010100000000304303014000200133
S31508045B90A0000000085000014C43010145C1872FAD
S31508045BA0FFFFFFFF050E000005020000FC4F01037E
S31508045BB0EC59040820C0011000F8070020C0013081
S31508045BC0FE01280124C00110FF00000024C0013092
S31508045BD00014000044C001000000000068C0020070
S31508045BE088C6020000050000D0C00100A10000001C
S31508045BF04C40030120FB130407C0420000000000C8
S31508045C006040020100000028008002008040010173
S31508045C105A01A0088C400201000000600000000040
S31508045C20204101010000000038410101BC200AF0AE
S31508045C305C410101031000006C410B0100000040A7
S31508045C400000000000000000000000000000000042
S31508045C500000000001010000000000000000000030
S31508045C600000000000000000A84101010000000037
S31508045C703C42010112010000804202010100094070
S31508045C8001081000A04203010000E8030002000016
S31508045C9000001000B44201010000C00030430301B3
S31508045CA0410040024001AC0450B000014C430101DC
S31508045CB05D280F2DFFFFFFFF050A0000FC4F0103B7
S31508045CC0EC59040820C0011000F8070020C0013070
S31508045CD0FE01280124C00110FF00000024C0013081
S31508045CE00014000044C001000000000068C002005F
S31508045CF088C6020000050000D0C00100A10000000B
S31508045D004C40030120FB130407C0420000000000B6
S31508045D106040020100000028008002008040010162
S31508045D205A01A0088C40020100000060000000002F
S31508045D30204101010000000038410101BC200AF09D
S31508045D405C410101031000006C410B010000004096
S31508045D500000000000000000000000000000000031
S31508045D60000000000101000000000000000000001F
S31508045D700000000000000000A84101010000000026
S31508045D803C4201011201000080420201010009405F
S31508045D9001081000A04203010000E8030002000005
S31508045DA000001000B44201010000C00030430301A2
S31508045DB0410040024001B40550B000014C430101C2
S31508045DC05D280F2DFFFFFFFF05090000FC4F0103A7
S31508045DD0405A040820C0011000F8070020C001300A
S31508045DE01402280124C00110FF00000024C0013059
S31508045DF00043000044C001002E02000068C00200EF
S31508045E00D1B60200C0060000D0C0010000000000A0
S31508045E104C40030120F9130407006200387000009F
S31508045E20604002010068010F40B824408040010127
S31508045E30236300008C40020100800060BE0A000053
S31508045E4020410101590B00003841010190200AF054
S31508045E505C410101001E00006C410B0100140CC0DA
S31508045E601A20272E343A41484F56546687A9CB0D33
S31508045E70237300000101000017272E6A14171A005D
S31508045E802004C87DA1203A09A8410101290000007F
S31508045E903C420101000000008042020100000000AB
S31508045EA081000000A0420301FFFF0000FF03000079
S31508045EB0FFFF0000B4420101000000003043030163
S31508045EC040002001A0000000085000014C430101D5
S31508045ED045C1872FFFFFFFFF985A04084063598F6F
S31508045EE0404B4C000B000B001A00FF7F1065002086
S31508045EF000000000945A0408000000000000000096
S31508045F004063598F404B4C000B000B001A00FF7F6F
S31508045F101065002000000000A45B040800000000CF
S31508045F200C400200018014007F400000204002005B
S31508045F3000000000000000003040070000000000D8
S31508045F40000000000000000000000000000000003F
S31508045F5000400000A00700035040010000000000B4
S31508045F605C4002000000000000000000A840010098
S31508045F7007000000BC400400000000000000000008
S31508045F800000000000000000084104000040000072
S31508045F90FF4C000000410000FF4D000020C0011026
S31508045FA000F8070020C00130FE01280124C00110B2
S31508045FB0FF00000024C001300014000028C00800B7
S31508045FC0EC80B30343754051A00F00F8004000006D
S31508045FD0A8AA070000000000000000000000000056
S31508045FE054C0100051313000070007E615000000C0
S31508045FF0040606070700000088C60200000500001C
S31508046000BA10000000042000041880000B3C20018C
S31508046010187C10022FFCE0067F0000000000000038
S3150804602000000000A8C00500BD4B721511A3180591
S3150804603010325476980A000000000000CCC0040010
S3150804604001000000A100000001000A000100280068
S3150804605008000101040700001800010100000000FF
S3150804606020000101088400004040250100000000CA
S31508046070000000001000000020FB130407C04200C3
S3150804608000000000000000000000000300000020DB
S3150804609020B802004902F00041080000020000008E
S315080460A0B0070800A7000000000000005A02A00874
S315080460B09BC34A74F0030F00000000600000000050
S315080460C00101103050707F7F0000000000000000BE
S315080460D000000000000000000000000000000000AE
S315080460E0000000000000000000000000000000009E
S315080460F0000000000000000000000000000000008E
S31508046100E04001010002000010410201731E05006F
S31508046110000000001C4103010090C28B110100001D
S31508046120FF0483072C410A01FF06660CFF04830754
S315080461308813FF03BC200AF0F8545200000000003C
S31508046140B756351200000050803B000000000000DE
S3150804615058410201000000000310000064410D01CB
S315080461600C010000E853FA0000000040000000009B
S31508046170000000000000000000000000000000000D
S3150804618001010000000000000000000000000000FB
S3150804619000000000A4410201000000000000000005
S315080461A0B04102010000000000002000BC410301C8
S315080461B00000000000003C0069900600D04103017D
S315080461C000000000D000000000000200E0411601B3
S315080461D000000000DE635E36BF6F07006FEA160034
S315080461E0E530CE00B2B9D90E4B8494045A1FA924BB
S315080461F0DE635E36BF6F07006FEA1600E530CE0031
S31508046200B2B9D90E4B8494045A1FA924000000007D
S31508046210000000002C00000007EE75366018000028
S3150804622000000000000000003C42010112010000C9
S3150804623044420101140000004C4201010800000414
S315080462406842010100000000804202010100094081
S3150804625001081000984205013F000002FFFF0000F4
S315080462600000E8030002000000001000B442010127
S315080462700000C00030430A01400040024001AC045B
S3150804628050B000011F1F1F1F1F1F1F1B18151311B6
S31508046290100E0D0C5D280F2D0000000000000000F4
S315080462A0108001010300000038800201F147100044
S315080462B0010000009C800301EB400200D5C00000E9
S315080462C0D5C00000A8800111F0010000A8800131A2
S315080462D005228D00AC800111F0010000AC8001316B
S315080462E005228D00B08002013F000001370000013D
S315080462F09C000102000C0004D8000302050040AA11
S3150804630088010000C0000000EC000112E00F000044
S31508046310EC0001320C205111F00001022B0100009F
S315080463201001011200FF0F001001013202000031B2
S315080463305001011200C0010050010132C100A2003F
S315080463407401010269F11F0C7801011200001C0096
S31508046350780101321004E01F800101127907000058
S31508046360840102020000000048000000FC4F0103FB
S3150804637098590408FFFFFFFFAC5B04084063598F74
S31508046380404B4C000B000B001A00FF7F10650020E1
S3150804639000000000A85B040800000000BC5C0408B8
S315080463A04063598F404B4C000B000B001A00FF7FCB
S315080463B01065002000000000B85C04080000000016
S315080463C0CC5D04084063598F404B4C000B000B000E
S315080463D01A00FF7F1065002000000000C85D04084D
S315080463E0000000000C400200018014007F400000F9
S315080463F020400200000000000000000030400700B2
S31508046400000000000000000000000000000000007A
S315080464100000000000400000A007000350400100EF
S31508046420000000005C4002000000000000000000BC
S31508046430A840010007000000BC400400000000005A
S3150804644000000000000000000000000008410400ED
S3150804645000400000FF4C000000410000FF4D000012
S3150804646028C00700EC80B30343754051A00F00F819
S3150804647000400000A8AA0700000000000000000071
S3150804648054C00500513130000E000DE62A00000004
S31508046490080B0C0D0D00000070C00900BA100000AE
S315080464A000042000041880000B3C2001187C10020C
S315080464B02FFCE0067F00000000000000000000003A
S315080464C0A8C00500BD4B721511A3180510325476E1
S315080464D0980A000000000000CCC00100010000007A
S315080464E0D4C0020001000A000100280008000101C6
S315080464F00407000018000101000000002000010143
S315080465000884000040400301000000000000000069
S3150804651010000000584002010000000000000003BB
S31508046520684006014902F000410800000200000024
S31508046530B0070800A700000000000000844002011C
S315080465409BC34A74F0030F009440100101011030F4
S3150804655050707F7F0000000000000000000000006B
S315080465600000000000000000000000000000000019
S315080465700000000000000000000000000000000009
S31508046580000000000000000000000000E0400101D7
S315080465900002000010410201331E0500000000003D
S315080465A01C4101010090C28B24410101FF048307A9
S315080465B02C410301FF06660CFF0483078813FF03B7
S315080465C03C410601F854520000000000B756351243
S315080465D000000050803B0000000000005841010103
S315080465E000000000644102010C010000E853FA00AF
S315080465F0A441010100000000B041020100000000AE
S3150804660000002000BC4103010000000000003C001B
S3150804661069900600D041030100000000D000000084
S3150804662000000200E041160100000000DE635E3649
S31508046630BF6F07006FEA1600E530CE00B2B9D90E6F
S315080466404B8494045A1FA924DE635E36BF6F070081
S315080466506FEA1600E530CE00B2B9D90E4B8494041D
S315080466605A1FA92400000000000000002C000000A6
S3150804667007EE7536601800400000000000000000B0
S3150804668044420101140000004C42010108000004C0
S315080466906842010100000000984202013F0000021E
S315080466A0FFFF00003C4304011F1F1F1F1F1F1F1B62
S315080466B018151311100E0D0C5043020100000000AA
S315080466C00000000010800101030000003880020168
S315080466D0F1471000010000009C800301EB40020012
S315080466E070780300D5C00000A8800111F0010000ED
S315080466F0A88001310542CB01AC800111F0010000EC
S31508046700AC80013105228D00B0800201000300022D
S31508046710370000019C000102000C0004D8000302A3
S31508046720050040AA88010000C0000000EC00011220
S31508046730E00F0000EC0001320C205111F0000102B8
S315080467402B0100001001011200FF0F001001013295
S31508046750020000315001011200C00100500101324B
S31508046760C100A2007401010269811B0C780101129F
S3150804677000001C00780101321004E0CF80010112E8
S315080467807907000080010132020000008401020238
S315080467900000000050000000FFFFFFFF0200000099
S315080467A0C017530206140000802FA60405380000FB
S315080467B0A00800000000580901040706100A01048D
S315080467C00707C80A00040807800B00040808380CE1
S315080467D0000409086108000000008A080000000097
S315080467E0C709010404032C0B01040404920C0104D4
S315080467F005040000DBD61000DBD6100020A1070034
S3150804680000000000193F01060410010000010002FF
S31508046810020000000005000101000000000000005D
S3150804682014000000000000000000000004680408CA
S31508046830F4670408000000000000000070305E01E0
S31508046840E80300000102F20033041003000000000C
S315080468509C67040800000000000000000000000017
S31508046860D00700000000000000000000000000003F
S3150804687000000000000000000000000080080892E4
S3150804688040420F00000000000000FF7F186500204A
S315080468900000000074680408000000000C400200B0
S315080468A00000000000400000204002000F00000025
S315080468B0000000003040070000000000000000004F
S315080468C00000000000000000000000000040000076
S315080468D00007000350400100000000005C4002006D
S315080468E00000000000000000A840010007000000A6
S315080468F0BC40040000000000000000000000000086
S315080469000000000008410400FF40000000000000E9
S31508046910FF4100000000000020C0011000F8070035
S3150804692020C001300001280124C00110FF00000026
S3150804693024C001300013000028C00800EC80B3030B
S3150804694043754051A00F00F800400000A8AA0700AC
S3150804695000000000000000000000000054C0100001
S3150804696051213000F400E3E6A354000086B7CFDCD7
S31508046970E300000088C6020040070000BA100000C1
S3150804698000042000041880000B3C2001187C100227
S315080469902FFCE0067F000000000000000000000055
S315080469A0A8C00500BD4B721511A3180510325476FC
S315080469B0980A000000000000CCC004000100000092
S315080469C00000000001000A00010028000800010177
S315080469D0440700001800010100000000200001011E
S315080469E001A000004040250100000000000000004E
S315080469F0100000009101000001C0020600300000EA
S31508046A000000000000000003000000200000000051
S31508046A104272060041080000F00704001000000056
S31508046A2000000000000000000000AC0800000000A0
S31508046A301C030F00000000600000000000000000B6
S31508046A400000000000000000000000000000000034
S31508046A500000000000000000000000000000000024
S31508046A600000000000000000000000000000000014
S31508046A70000000000000000000000000E0400101E2
S31508046A800002000010410201331E05000000000048
S31508046A901C4103010010568B00000000FF04830705
S31508046AA02C410A01FF06660CFF0483078813FF03BB
S31508046AB0BC200AF05633500000000000B7563512C1
S31508046AC000000050803B000000000000584102010D
S31508046AD0000000000000000064410D010C010000E4
S31508046AE0E853FA000000004000000000000000001F
S31508046AF00000000000000000000000000101000082
S31508046B000000000000000000000000000000000073
S31508046B10A44102010000000000000000B041020187
S31508046B200000000000002000BC4103010000000032
S31508046B3000003C0069900600D041030100000000F3
S31508046B401000000000000200E041160100000000E9
S31508046B50E6E7FF0BCDA10A00BD066A005EB04D004C
S31508046B607D02420EA5B62202FF25B234E6E7FF0BE4
S31508046B70CDA10A00BD066A005EB04D007D02420E34
S31508046B80A5B62202FF25B23400000000000000006A
S31508046B900500000000000000601800400000000026
S31508046BA0000000003C4201010000000044420101CB
S31508046BB0140000004C420101080000046842010167
S31508046BC0000000008042020100000000810000006D
S31508046BD0984205013F000002FFFF0000FFFF000086
S31508046BE0FF030000FFFF0000B4420101000000009B
S31508046BF030430A0140002001A000000008500001AB
S31508046C001F1F1F1F1F1F1F1B18151311100E0D0CF6
S31508046C1045C1872F00000000000000001080010114
S31508046C20030000003880020133041000010000004C
S31508046C30A080020170780300D0000000A88001112A
S31508046C40F0010000A88001310542CB01AC80011196
S31508046C50F0010000AC800131053EFD00B080020160
S31508046C6000030002370000019C000102000C000426
S31508046C70D8000302050040AA88010000C0000000ED
S31508046C80EC000112E00F0000EC0001320C20515117
S31508046C90F00001022B0100001001011200FF0F0091
S31508046CA010010132020000315001011200C0010036
S31508046CB050010132C100A2007401010269811B0C52
S31508046CC07801011200001C00780101321004E0CF9B
S31508046CD080010112790700008001013202000000D8
S31508046CE0840102020010000050000000FC4F01035A
S31508046CF020680408FFFFFFFF34560408000000005C
S31508046D00405304080300000000000000C0175302A3
S31508046D10F86C04083456040800000000AC53040850
S31508046D200300000000000000C0175302146D040895
S31508046D30345604080000000018540408060000002D
S31508046D4000000000C0175302306D0408000000005C
S31508046D50000000003456040800000000F05404083B
S31508046D600300000000000000C0175302546D040815
S31508046D7034560408000000005C55040803000000AB
S31508046D8000000000C0175302706D04083456040846
S31508046D9000000000C85504080300000000000000B5
S31508046DA0C01753028C6D0408E4630408000000004D
S31508046DB0D85E04080100000000000000C017530252
S31508046DC0A86D0408E4630408000000007863040856
S31508046DD00100000000000000C0175302C46D040837
S31508046DE0205F040800000000FC5E0408010000009F
S31508046DF000000000C0175302E06D0408E4630408A9
S31508046E0000000000C0630408010000000000000040
S31508046E10C0175302FC6D0408E4630408000000006C
S31508046E209C6304080100000000000000C017530218
S31508046E30186E04089C6804080000000078680408B2
S31508046E400100000000000000C0175302346E040855
S31508046E50012C2066756E6374696F6E3A200061733F
S31508046E6073657274696F6E202225732220666169C0
S31508046E706C65643A2066696C6520222573222C2089
S31508046E806C696E65202564257325730A0000202025
S31508046E9020202020202020282828282820202020B8
S31508046EA02020202020202020202020202020881078
S31508046EB010101010101010101010101010100404D8
S31508046EC004040404040404041010101010101041DF
S31508046ED04141414141010101010101010101010150
S31508046EE001010101010101010110101010101042E5
S31508046EF04242424242020202020202020202020220
S31508046F0002020202020202020210101010200000FD
S31508046F10000000000000000000000000000000005F
S31508046F20000000000000000000000000000000004F
S31508046F30000000000000000000000000000000003F
S31508046F40000000000000000000000000000000002F
S31508046F50000000000000000000000000000000001F
S31508046F60000000000000000000000000000000000F
S31508046F7000000000000000000000000000000000FF
S31508046F800000000000000000000000000000232D9F
S31508046F90302B2000686C4C00656667454647003010
S31508046FA0313233343536373839414243444546005D
S31508046FB0303132333435363738396162636465665D
S31508046FC00000000091650308D96503088565030870
S31508046FD0E5650308CD65030859EA030897EA030833
S31508046FE0B9EA0308DBEA0308FDEA0308DD750308C2
S31508046FF08D750308997503088976030803ED030854
S315080470008BE603088FE6030893E6030897E6030866
S315080470109BE6030800000000C0010000805700201A
S31508047020FFFFFFFFFFFFFFFFFFFFFFFFFFFFFFFF5E
S31508047030FFFFFFFFFFFFFFFFFFFFFFFFFFFFFFFF4E
S3150804704000021000C85F0020405900200000020812
S3150804705000000000FFFFFFFFFFFFFFFFFFFFFFFF2A
S31508047060000000000000000000000000000000000E
S315080470700000000000000000E5710308C971030858
S315080470800DB2030891B40308C5B3030820C001B8B8
S3150804709000000001000001010001010100010000D7
S315080470A0010202030000000000000000FFFFFFFFCA
S315080470B0FFFFFFFFFFFFFFFFFFFFFFFFC8C8C8C8AA
S315080470C0C8C8C8C8C8C8C8C803040408080808083B
S315080470D000B801B802B800B00304040808050000A3
S315080470E0000000000000000000000000000000008E
S315080470F0040008007C0031003B001B00200000004F
S3150804710081DA030810000000F9D90308643900007D
S3150804711080030000E83C000004000000343E000040
S31508047120040000006C340000F8040000E43C00008D
S3150804713004000000303E00000300000000000000C8
S315080471406C340000EC3C000001000000383E0000EE
S3150804715037000000E93B00006D3400000100000020
S315080471600006800F7047FB21890109684143880B93
S315080471707047934800680104C80F704730B500206B
S3150804718083490A6800238F4C521C6568AA4200D3B7
S3150804719022681578AD06AD0E9D40054328009B1D53
S315080471A01E2BF1D30A6030BD85480168090408D549
S315080471B085490A68764B1A604A68C2618868B24982
S315080471C008607047F3B583B01700C006000E009038
S315080471D01038912833D2FFF7CCFF00282FD0002689
S315080471E07A4C01250398FFF7BBFF002802D0022832
S315080471F003D003E02068284000D001260197744F85
S3150804720004980C21615E40180E21615E4018FFF750
S31508047210AAFF019940183860049800994018FFF7A6
S31508047220A2FF019940187860C02080016949086066
S31508047230300369490860FCF7FFFE9448057005B0F9
S31508047240F0BDFEB5654B664DC02080040290F02063
S31508047250000501901869022805D228680199014099
S3150804726002988142F0D08A480068C01C89490143C3
S3150804727089480160894A8A4C0421A068084204D0D6
S31508047280187D8006C10F490023E00226304022D02B
S315080472901869042805D22F6801983840029FB84215
S315080472A0F6D0187D0007000F072814D1587D022848
S315080472B011DD987D8006800E02280CDBD87D0090AF
S315080472C007460F4207D0C00700D50A21374200D027
S315080472D0891D00290BD173486F490860002018607E
S315080472E080218902704B196010602061F7BD481C23
S315080472F01E69864205D22F68019E3E40029FBE4201
S31508047300F6D06A48405C009020610098C000F821D5
S31508047310014002D08020C004186065480668012E22
S3150804732000D149005960216800291DD15A490B68C2
S315080473302026A65F36039B059B0D33430B60012667
S315080473401660022191600099890909D1006800280C
S3150804735001D1182000E01A20225E0098FFF732FFB8
S31508047360207A000700D42660F7BD4B484D490160D2
S3150804737000211A4A1160802292024B4B1A60474A2E
S3150804738011604C4A0261426140480170704700002E
S31508047390343E000006204849086000204749086032
S315080473A0F0210901464A116080214900454A1160C5
S315080473B00749404A0A604A60344908707047000021
S315080473C0C04101A8983E0000A03E0000BC3E000053
S315080473D0C84101A8C06101A8C05101A8C44000A8B9
S315080473E00C0002A830B581B00400A00314D53048B7
S315080473F00068002801D1162000E00C20FEF7B8FA30
S315080474003148806E0007C10F3048017008203049A2
S315080474100860C003244908602E4D2868000406D570
S31508047420FFF7ACFEE861FFF7A9FE17490860A00755
S3150804743027D58020C0021C490860FCF720FE0028D6
S315080474401FD0254A1068C0B2002802D00621234B53
S315080474501960810915D01C490B68012BFBD94968A9
S315080474600905090D091DC900114B1B68012B00D11B
S315080474704908002B01D1182300E01A23D25EFFF72E
S31508047480A1FE01B030BD00005C4201A86E3E0000BA
S31508047490204000A800F0FF3FB84101A8044003A813
S315080474A0B43E0000FFF3FF3F106001A8D84000A8CF
S315080474B0843F0000FFFF0300006401A8504000A8B1
S315080474C00C6000A80C5000A81C4000A8EC3C000066
S315080474D0846000A8C04101A8B83E0000005401A871
S315080474E070B50822804B1A60804B1B68DC0302D5F2
S315080474F00020088070BD0C880019401E00787C4D59
S31508047500A870641C0C8045076D0F052D05D8794EA7
S315080475103668F60603D5022D0DD0032070BD9604F1
S31508047520AE401E4001D1082070BD052D03D110427E
S3150804753001D1641E0C80AA484860002070BDF3B5CA
S3150804754082B008886C490978491CC9B2814204D2B8
S3150804755002990918491E097800E00021644A517005
S3150804756093785B075B0F01933023019C052C28D184
S31508047570194232D19478E5081E242C40CD0702D549
S31508047580250001242C430125A14EE6402E4072D045
S31508047590019FA04EE641402426403E434C0602D5B0
S315080475A0340020262643947889080D40A7080C2120
S315080475B039402943C02525400D4320212943967087
S315080475C051704A490C685578022123262E4008D062
S315080475D0660302D52B40202B01D0052082E0424BBE
S315080475E0196093789B0601D4202203E09278120747
S315080475F002D540223C4B1A603D4A92786B461A7073
S31508047600C022854B1E680E4001D1154212D06E4623
S31508047610377827263E40232E03D1E60207D40126CF
S3150804762006E0252E03D0212E04D1260302D50426EE
S315080476302D4F3E601B6819402026019F002F1CD140
S315080476401E4027D02A4B5B781A40402A13D00C22B6
S315080476501A40042A0FD02A073BD40122002902D053
S31508047660E100CB0F5A4069460978CB07DB0F1A426B
S315080476702FD021012AD4072034E0022FE2D11E405C
S3150804768008D00029DED1CC232B4003D16B461B78C6
S315080476905B0601D5032025E0A30311D59C4E736927
S315080476A01B051B0D5B1C3668F60205D5994E366814
S315080476B03607B60F9B1B5B1E9BB2052B04D1C1E78D
S315080476C0029B1B78052BBDD006200BE08021064AB9
S315080476D01160E90702D4401C03990880AB48039952
S315080476E04860002004B0F0BD4C1002A8D83E000043
S315080476F0303E0000480002A84C3E0000F2B5864918
S315080477004978CA0705D4009A12888018401E037857
S3150804771000E000239E4A106802249E4D2E68F60651
S3150804772011D512695340DBB2002B03D16E68D30915
S3150804773073402340002B03D0020204D40A20F2BD6E
S31508047740E206954E3260744A1E02C0230B40334348
S31508047750914E336093785E07760F022E06D16D68D4
S315080477602C4003D1002000990880F2BDA0250D40C5
S315080477709E08102737402F433D090E0702D42E00D2
S3150804778010253543CC240C401A262E400A2E04D143
S31508047790CC2C02D02E00FD253540804EEE40F6074F
S315080477A005D4000416D5412B10D1082912D17C48DA
S315080477B0E8401121014021432020084310700D217F
S315080477C00140009808D000F0A9F8F2BD0B2B01D1AE
S315080477D00029ECD00720F2BD00F020F8F2BD000025
S315080477E0CB34000038B50C006E490B781A095339A6
S315080477F09500491925881B071B0FEB1A9A1A801836
S31508047800FEF755FD010002D1200000F007F832BD4D
S31508047810F300A3E3981440684C0002A8F8B50400E2
S31508047820614805683C4F3878D026304202D00D218D
S31508047830014005D008205D490860EF20FEF7F5FCF5
S3150804784039782000314204D00909397000F066F805
S31508047850F2BD052129401FD002884D49CA60544B00
S31508047860EC0705D5521C0280690607D4514B05E07E
S3150804787043242C40422C03D1521C028043600DE061
S3150804788010224A4B1A604C4A09688B00DB0F19010F
S315080478901163802109031160002101800020F2BDD3
S315080478A00A888018401E0078830601D4121D0A80AF
S315080478B01822024004D0088852088018C01E08807E
S315080478C039480068C00702D50888401C088039482A
S315080478D0486000207047344A1368DB0708D51268E5
S315080478E0920705D40A888018401E007804280CD10B
S315080478F010202E4A10603048254A12689300DB0F80
S315080479001A0102638022120302600020088070476D
S315080479100C4000A8080001A8303E000031B581B02B
S315080479202649002000900822254B1D7802230C24A2
S31508047930254202D10022234903E02C40082C00D119
S315080479400222EC0703D50C001E21614000931D4258
S3150804795007D015490968090601D51B4901E0002124
S31508047960C943019B194C21601949FF248C70009C5A
S3150804797015012543CD700870188800994018801899
S31508047980188014485860002036BD00008936000067
S31508047990D83E0000480002A8481002A80D0F0C0D96
S315080479A007170850633F00004C0002A84C2002A8A1
S315080479B02D380000633800001C1002A8DE1B2501C0
S315080479C0303E00002084100000FCFF010C3F00003C
S315080479D0603F000071370000303E00003934000073
S315080479E05134000051340000513400005134000071
S315080479F051340000000000000000000000000000F0
S31508047A0000000000513400005134000051340000D5
S31508047A103D2B0000513400006F2C00007F2C000021
S31508047A20B52D0000172E0000A12E000025300000F9
S31508047A30D12E0000D5300000292F0000752F000034
S31508047A40ED2F00008D32000085330000412C000024
S31508047A502F280000D523000051340000D528000043
S31508047A6051340000152A0000D929000051340000B9
S31508047A7051340000552A00005134000051340000E6
S31508047A8051340000513400005134000051340000D0
S31508047A90451200003512000000000000000400082A
S31508047AA0021402180324000049488068000200D41E
S31508047AB0704780B580208002AB490860CF2000F06B
S31508047AC053FA01BDF8B589480068894C80229203A7
S31508047AD02260884E316809051DD5110BA023034081
S31508047AE001D0216017E002403FD18027824A1760FF
S31508047AF0824A1760084038D0354D287A400705D59C
S31508047B0001207F49086000027E4908602878002819
S31508047B1001D0062801DB0020F2BD00F07BFB71686A
S31508047B2089684E682978052907D1B905A1606E6068
S31508047B30B668CC218901734A116000F074FB012EE2
S31508047B4000DA0226BC20800588490860942080054E
S31508047B508749086068480021C94301647142416441
S31508047B6084490F6040210160D5E783480160FFF727
S31508047B709BFF0120F2BD5D480168890504D5C06EE6
S31508047B800004000F022801D0002070470120704726
S31508047B9038B580245848046000F03CFB0500774853
S31508047BA0006800F06DF9280000F03DFBFFF77CFF44
S31508047BB00748007A000705D5A0004D49086000F07B
S31508047BC041FC31BD60036C490860AC48046031BDB2
S31508047BD0383E0000FEB50500CC208001684948609F
S31508047BE0012668480660FFF7C6FF00287DD0664C64
S31508047BF02078002879D031020195052802D02A4632
S31508047C000A4072D1CC27BF015D4A17608D4A1268B3
S31508047C1081231B02134001D0032301E053075B0FA2
S31508047C20022805D1022B5ED3080136490860F7BD40
S31508047C304D01032804D1022B55D932480560F7BDF6
S31508047C40042802D111404ED0F7BD05284BD101981E
S31508047C50002848D0C005C10F684641700198C00481
S31508047C60C10F6846017000F0D5FA0290606869464B
S31508047C704978002903D006688021204A11602C041B
S31508047C8086496A461278002A0CD0C2680B68D21A4A
S31508047C90834B1B68234001D0066800E04668964279
S31508047CA000DD1600684640786A461278024308D012
S31508047CB008684242B01E824202DA7042886000E0D6
S31508047CC00026029800F0AFFA0198800501D5974876
S31508047CD004600198054001D095480460002E02D03E
S31508047CE008480760F7BDFFF753FFF7BD440002A82D
S31508047CF0442002A8D83E00000CC001A890E001A8C0
S31508047D00C4D000A8145001A838B580248948046052
S31508047D1001201C4908601C4D2878052802D06000FB
S31508047D2085490860FFF727FF002812D01348006822
S31508047D30000A80214140A868000EC9B2814208D2CF
S31508047D40404800684007400F022802D2FFF720FF88
S31508047D5031BD7A480168C0220A4002D1C06F20406A
S31508047D6001D00448046031BD1C1002A808E001A82B
S31508047D7008D001A894D001A8441002A818C000A8E5
S31508047D80106001A8C4E000A8383E0000F1B582B02E
S31508047D900F00A020384003D08020800069494DE0B8
S31508047DA000F038FA009066480468F80202D5A0681C
S31508047DB00069029000F0B1FB80210903606800F0B5
S31508047DC07DF926780020761C6178B14200D2002617
S31508047DD01821714365180C3529780829F3DA2670B1
S31508047DE0A56059492A780A70BA0507D5544800681F
S31508047DF08068C068FA0201D4032290438860012788
S31508047E00384003D100F094FC01F0E0F8F9046869FD
S31508047E1000F054F93C2000F0A7F8F0B200F0A4F8FA
S31508047E2060884A4901406180009800F0FCF93805E9
S31508047E30444908604648076038024649086002987B
S31508047E40FEBD0000184001A810B543480068800527
S31508047E5001D4FE2010BDC02080034049086000F00C
S31508047E60D9F9374909688A78D20702D589688C7896
S31508047E7000E00C7800F0D7F9200010BD100002A825
S31508047E802F4909688A688B78DB0704D59278182302
S31508047E905A438A180C3290607047000048C001A8FB
S31508047EA04C0002A8F1B582B02D4F3C680026200F7D
S31508047EB0000702D1E00102902AE001F087F800F0F9
S31508047EC0A9F9019080210903606800F0F7F825787C
S31508047ED06D1C6078A84200D20025E80020180C30F2
S31508047EE0009000680290802109030098406800F019
S31508047EF0E5F83D2000F038F8E8B200F035F82570CA
S31508047F000098A060019800F08EF902A801F0B6F86E
S31508047F1014480068800407D5F86901F0C8FD029979
S31508047F200818029000D502960298FEBD4C1002A8C5
S31508047F304C2002A894E001A8146001A814C001A862
S31508047F40DC3E0000442002A8383E0000FEFF000084
S31508047F50C0E000A8106001A8440002A8441002A8C2
S31508047F60E03E0000FC0302A84A490968002901D535
S31508047F70494908607047F3B581B0484FB968484C19
S31508047F804A0058D50125090100D521250100FE22FC
S31508047F9092011068566822689206920E94463A68C8
S31508047FA093008022134062461343802252001A43E8
S31508047FB000920A0023D0890601D5012008E0F021A1
S31508047FC0014007D16946097A0C220A4002D00220E8
S31508047FD000F04AF83349096809040AD539680907D3
S31508047FE001D5022605E03968490301D5002600E0D3
S31508047FF003264835009A2C490968890003E0009A43
S315080480002949896B09094023194011430207120FAC
S31508048010032A05D12268120904231A40324316009A
S3150804802080225200002E02D01643266608352166A1
S31508048030024322662566E06D4407640F00F0D4F80F
S31508048040A0070BD0052C09D0B868000406D400F0A4
S31508048050E1F80221154A116000F0E5F800F0CDF8C0
S31508048060002000F001F8F7BDFE2189010A68F02313
S315080480709A43000110430860C0B270478020C002CA
S315080480800B490968890701D10A4900E00A490860C9
S3150804809070470000500002A8884000A8480002A8BB
S315080480A0284000A8684101A8184001A8D4D4035060
S315080480B0844000A8486000A8485000A880B56E4AC5
S315080480C0116001F01FFDFFF7D9FF01BDFEB56B4D29
S315080480D02878000604D5287F002801D0182400E053
S315080480E0462400F097F801906548C0684005C20D1B
S315080480F0D52A01D2D52204E0D1204000824200D9F3
S315080481000200100001005F4B00932B6B5B011DD529
S315080481105D4B1B78022B03D25C4E06277B43F25237
S315080481200025009B1B7CEB40DB070CD5584B062629
S315080481306E439B199B888FB2BB4200D2190086B244
S315080481409E4200D218006D1C022DEAD389B2091981
S315080481500904504B0B40001BC005C00D1843484981
S315080481600860C02000064C4908604648017D00297D
S315080481700CD04A49D52A02D98023DB050B60D123C2
S315080481805B009A4202D280231B060B600021444BF3
S3150804819019604188002900D10280019800F043F84B
S315080481A000F078FDF7BD80B53E483F4908603F4872
S315080481B0C1680902090A192251434160052101606F
S315080481C0FFF784FF01BD80B52C480178090604D55C
S315080481D0007F002801D0FFF779FF34480068C00300
S315080481E001D5FFF773FF01BD8020C002224908604C
S315080481F02F4800684007FBD470478020C0022D49E9
S315080482000860704701E02C4908602C490968014058
S31508048210F9D170472A48006820212A4A116010219A
S31508048220294A116070473021014002D1102025499E
S31508048230086070472248006830210140102901D19E
S315080482400120704700207047204801210160C16061
S31508048250704701201E49086070471E4800780621A9
S31508048260014007D01C480068022803D0032801D01F
S315080482700120704700207047441002A8D83E000029
S315080482807C4000508C3F0000583E0000603E0000D1
S315080482905C3E00000000FF01A0600050A45000509E
S315080482A018E000E07F1A0601540002A810E000E076
S315080482B0440002A8442002A8282002A8280002A8EC
S315080482C0600002A8602002A8601002A8789001A89D
S315080482D084A001A8BC3E0000843F0000F8B56448A9
S315080482E080214902C1610221624A51600021624A21
S315080482F0D162624A118003215E4A1160022101603B
S315080483005F4DCC01A868204010D05B480068F02176
S315080483100905014090200005814207D002205949E9
S315080483200860012001F012FC5748046020205749D0
S315080483300860802056490860CC20800155490860A9
S31508048340012455480460286800900004070F534820
S315080483500068C505ED0D103DC0202843C0B2FFF7DF
S3150804836003FE4548C06B800309D5092F07D0FFF7DC
S3150804837074FF002801D003F0FBF801F01BFA484803
S315080483800668032D41D000980007000F00900328C3
S3150804839003D0022806D1032F37D000F04FFA0098ED
S315080483A0032803D0062F30D1062D2ED03D48006869
S315080483B0C00B204001D001F0F9FC3B4800680001DD
S315080483C008D5052D06D10125384804606005FFF750
S315080483D019FF00E000253100380000F069FA0600AC
S315080483E0002D06D000F022FC3148046002203149F1
S315080483F0086060052E49486580092F490860FFF71B
S315080484002CFF002801D003F09EF81A4821040162C3
S31508048410002F08D10221416000201749C863C020F3
S31508048420C0001C4948643000F2BD80B5FFF7DCFE85
S3150804843022480078800602D4022021490860FFF702
S31508048440DCFE01BD02201F49086070478020000633
S315080484501D49096801400AD0C10D1C4A12789207C1
S3150804846001D51B4A00E01B4A11601B490860704786
S315080484702C1002A8282002A80C0002A8683E0000B6
S31508048480B00002A86C1102A8B82002A894E001A8BA
S315080484900CC001A8146001A8C4E000A804ED00E01B
S315080484A0B44000A800E200E0083F0000645000A8B9
S315080484B0646000A82C4000A880E200E0D83E0000D2
S315080484C0081002A8082002A8440002A8883E000052
S315080484D0FC1302A8FC2302A8442002A88F480068BB
S315080484E0800700D4704770B58D4801210422BF4B1C
S315080484F00C02E025ED0086682E4002D01C601A6145
S3150804850019610068054002D01C609A60996070BDC4
S31508048510B748012181600160704710B5012081497F
S315080485208A680240FCD1B34A042313610C680440E8
S31508048530FCD193600002106010BD7B4908680122D3
S31508048540104200D1704710B5E023DB000340FF2436
S31508048550A41CA34204D3B74B1B689B0600D54868E2
S31508048560024001D000F032F910BDF8B507006F4E8D
S3150804857030683F2188439049097801433160FFF701
S31508048580DCFF8E4C8E488021490308258D4A1268E3
S31508048590D20504D565600322B262016006E0C822EA
S315080485A0B2620622884B1A60934A11608909C1602F
S315080485B0386858390968814201D2009100E0009070
S315080485C00099401A38600121380000F0D5FB0600EE
S315080485D03868009940183860FFF780FF002E12D1DA
S315080485E0002078490A68D20500D410206062086819
S315080485F0284001D0256000E0656092480068400084
S3150804860001D5680260623000F2BD8B48017809061C
S315080486100DD5007F00280AD086484168C90606D4C5
S315080486200068A0210140481E8041C00F7047002001
S31508048630704780B5FFF7E9FF002803D0002104201E
S3150804864001F04CFC01BDF1B57F4F8048F860EE207F
S31508048650C00438607E487F490860FFF7D6FF0028C3
S3150804866003D00021042001F039FC8020C0017A4996
S31508048670086008247948846501257D641D207749A6
S315080486808862774E9B204000B061072001F05EFAAD
S315080486900220724988624B490A68D20603D56F4993
S315080486A0704A0A6008E00F220968214002D03100A6
S315080486B0103101E0310014310A606B490968002958
S315080486C000D4B46169493160C021C900684A126896
S315080486D0F823DB01134001D1F16200E0B9655E4974
S315080486E00A6C2A4008D0496BC90705D46149096848
S315080486F0084001D101F010FC0020C0435E4908601F
S31508048700554C606B054001D1FFF7E8FE009801F06F
S315080487100BFA606B8001FCD4F1BD0000500002A87E
S31508048720900102A8940102A8903F00002C8001A899
S3150804873070B541480178090606D5007F002803D09C
S315080487400021052001F0CAFB4C4801683F229143E9
S315080487504B4A12780A4302603F484A490122436B4E
S31508048760134001D10A638A62972252000A601022D2
S315080487700A60454AE3231B019366444BCB610021F7
S31508048780434B196080235B00072408210D4D2E688E
S315080487900E4005D094672C68234006D1916704E0FF
S315080487A0D4672C68234000D1D1670323136011636F
S315080487B00903016070BD00006A3E0000601102A84A
S315080487C0981002A8FC0302A80C9001A8F02109013C
S315080487D0304A116001403048016020202F49086062
S315080487E02F4909680840C04908607047881102A8DB
S315080487F0902102A8882102A8982002A829482A4973
S3150804880082680A4002D1C268114001D01049016049
S3150804881013480821A74A13680B4000D081611178D0
S31508048820C90602D58C21090101601420AF490860E4
S31508048830FDE10000440002A8D83E000004480549AA
S3150804884008607047EC0002A8242102A8000FFF0064
S3150804885001200000706201A8100002A8C01002A836
S31508048860501102A8BD03000028C000A8302E00003D
S31508048870A88001A8403E0000B46000A82C8001A886
S315080488806B3E0000682102A8E82002A81010000028
S31508048890C00002A8586001A8585001A8482002A898
S315080488A0184001A8704201A80080008070470000A3
S315080488B0F8B586B005000C008D480068400102D55D
S315080488C02000402404438B48C66AFFF7A3FC05909E
S315080488D0B00503D588480068FFF7D2FA002001904E
S315080488E001237006C00F0290FE22920191680020AF
S315080488F09060B8204000814E30606608B820304049
S315080489001278F0261640402E02D102004020104369
S315080489100D2D02D10A00042111434A0704D5020089
S315080489201420104310229443754A12686D462B701E
S31508048930D20506D580225200724B1A600200012025
S315080489401043029A002A11D10C220240082A0DD09B
S315080489500200684B9B6BDD0601D41025AA439B06CF
S3150804896001D420239A43B12313404FD06A46127880
S31508048970002A4ED0A44A956B966D01236D076D0F98
S31508048980AD1DAB40F504ED0C5B1B9BB2082B09D25D
S3150804899080200623574D2B6043029F4D2B600023EE
S315080489A06D462B708123034036D00823029D002D83
S315080489B000D113620D000821294310239C43042384
S315080489C01D059E4E3560DD04974E35606D462D783F
S315080489D0002D1ED0062B24D3454DEE6CF60620D565
S315080489E0974E3668360E01966D69ADB2944EF66B9F
S315080489F0360603D02E0080256D01354315612D12E8
S31508048A0015613F4A1268D50592D40AE008227E4BBE
S31508048A101A620491009031E027A34506ED0E5B5DCA
S31508048A20D4E7049100903348026B85490968764D6A
S31508048A302E686F463E81282616401E43930CDB019A
S31508048A4033431600120E3240102632401A43890068
S31508048A5040231940114302AA9170406B000A02A9E7
S31508048A60C870FFF7F1F902A90871019848717548A9
S31508048A700068C8800298E8660398E8660598FFF7D0
S31508048A80D2FB0825600601D56C488560FFF7E5FB2F
S31508048A90002805D06C480078002801D06B4805608A
S31508048AA00498C1B20098C0B2FFF765FA200007B06F
S31508048AB0F0BD0000F84F000003010706030107068E
S31508048AC0050106060501060603020706030207064C
S31508048AD00502060605020606081A03D25C49096851
S31508048AE04018401C70470000481002A8883F000040
S31508048AF0084000A8180002A81CC000A8B46000A872
S31508048B001C0100AA1C2100AAF8B5524F0F240125FE
S31508048B10514910265148806B30401BD001200870FB
S31508048B204F4800687969FFF7D7FF4E49096F40181F
S31508048B30012868DB01F098FA4B490968090B0C40CF
S31508048B40022C5ED16905494A116049490E644349B4
S31508048B500D6056E02E024148006CC0001ED54548FB
S31508048B600068E021890501404DD03F4D286821035E
S31508048B7001407001814246D1FFF74CFB3E4A3F490A
S31508048B800968314002D03E49096811602968090B11
S31508048B9021400229F3D0FFF746FBF1BD39480068A6
S31508048BA0002830D001220A7000F0BEFF00282AD11E
S31508048BB001F05AFA2C490968090B2140022920D1E7
S31508048BC0284A1278D20705D52F4A12680A4001D0D6
S31508048BD0224A1560264A1160690239601F490E60E7
S31508048BE0214A1168090B21400229FAD01168090B98
S31508048BF00C40032C02D029041C4A11600021214A86
S31508048C00116001F035FAF1BD540000AA80208004F1
S31508048C101E49086070470000141100AA8020400409
S31508048C201A490860704700004C5001A800BF18484C
S31508048C300168490701D0FF2141617047441002A821
S31508048C40184001A8448001A8EC3C0000845000A800
S31508048C5038C001A80CC001A86D3E0000100002A887
S31508048C601CC101A8883E0000B00002A81C1002A876
S31508048C70082002A84C4001A8800000AA084000A8C1
S31508048C80904000A8443E0000083F00003C2002A88B
S31508048C900C4000A87047FF2807D0032805D22B49A3
S31508048CA00978C140C807C00F704700207047000004
S31508048CB0F0B5802000020821254A11600A23012103
S31508048CC0244A01249C40044325A5ED5C254395606C
S31508048CD0F025214E35601E4D24A6F65C022737433F
S31508048CE02F6004262E601D4D2D680D4006D1CD0239
S31508048CF06D1E03D0966C3603FAD401E00220F0BD4B
S31508048D00956CD66C6D036D0BAE4200D220005B1ECB
S31508048D10D7D50823104C23609060A84B1B685B01C9
S31508048D2012D5A74C63785D1C01262E4066701D007B
S31508048D300626754365191268AA80E88023700348D5
S31508048D4002789940114301700020F0BD9C3F000051
S31508048D50889001A8448001A888A001A8140002A844
S31508048D600000000101020408102020005050504061
S31508048D704040403020202000F1B584B0914C924800
S31508048D804068C00516D5606AE021C90008408842D3
S31508048D9010D1A848006E0004000FA7490A68D20635
S31508048DA001D5072804D00968C90603D40B2801D1BC
S31508048DB0002000E1FFF7ACFBA0484069400101D45C
S31508048DC001251CE09E48826B00207D49C3B2062516
S31508048DD06B43CB189B8895B2AB4204D0401CC3B2F4
S31508048DE0022BF3D3FF2008700125944840694001FB
S31508048DF005D50878FFF74FFF002800D000259148CD
S31508048E005021405C000608D58C480078002804D018
S31508048E108A484078002800D10125E06902906A480A
S31508048E200068E061884E0498006831684718012F85
S31508048E3015DB00F0F0FDC001381A01280FDBFFF737
S31508048E406CFB00F0C3F8049800683168401800F019
S31508048E506BFE002803D00021049A116011E0C0209B
S31508048E60C0007A4908602068794F072832D005215E
S31508048E700840052808D021600C2000F067FE002869
S31508048E8002D00299E16196E0724EFF207A30706250
S31508048E900420B062FFF741FB02203060E020C004E2
S31508048EA078606A48802189044160022101600120B2
S31508048EB000F04CFE802080007062022000F046FE1E
S31508048EC08020C00070620820B062022000F03EFED6
S31508048ED00220B062604EE0204000F06159480078F4
S31508048EE0C00705D5802000065C4908604008306044
S31508048EF0042000F02BFE019000284AD10220386095
S31508048F0080027064C001706410204D490860012015
S31508048F10B0674C4F4748006840061ED44748406926
S31508048F20400113D5264800786946087068460078D3
S31508048F30FFF7B1FE002809D02148694609780622B8
S31508048F4051434018C0883E49086406E00120387336
S31508048F50FFF7AEFE019000281BD1012038490860AE
S31508048F600020C867022000F0F1FD3C4E4020F06165
S31508048F70C030F0613878C00705D5C02000063060D7
S31508048F802F48006CF881022000F0E0FD8120C00221
S31508048F907064002D05D027480068800101D4FFF7C6
S31508048FA012F9E069E0214903014002982C4A02407B
S31508048FB00A43E261019805B0F0BD0000083F0000CD
S31508048FC0583E00005C0102A8F80302A838B5FFF76A
S31508048FD09FFAFFF7A2FA23480068C0050AD5224873
S31508048FE00068000B0F210F220240072A20D00140F7
S31508048FF00B291DD00224124804601C4D0820A862BF
S31508049000C0016862012000F0A1FD200268622C609C
S315080490100620A86216486862E020400015490860E0
S315080490200B4804600021144A1160C021C90001607C
S3150804903031BD0000500002A8B04301A8F43E000068
S315080490400C8001A8883E0000DC3F0000981002A8A6
S31508049050982002A85C1102A8109001A810A001A8E3
S31508049060FFFFE3FFFC0302A8B00002A85C2102A8E4
S31508049070F96100002CA001A85C0102A838B5040017
S31508049080FFF74BFA2048C021C900204A1268F82382
S31508049090DB01134001D1816101E01D4A11601D49BC
S315080490A0802252001C4B1D68154003D00825056014
S315080490B0032001E0AC20400088641868024001D10E
S315080490C00A20086015488021490301608909C1609E
S315080490D013480068AF21C90145182068854200D3A2
S315080490E00500401B206000212000FFF745FE21688B
S315080490F04919216032BD802000010A49086000012F
S315080491000949086070470000641102A8AC8001A8E8
S315080491107C2102A80C8001A8FC0302A8981002A8C6
S31508049120A43F0000441002A8685000A8F1B584B012
S31508049130B34800680190B3488069AF21C901401853
S31508049140B1490978C90708D40499884205D2081A86
S3150804915000F0EAFC002800D05EE2AC484068C0078C
S3150804916000D559E20420C749C8628003C649886203
S31508049170A548006D0090A548806B8507AD0F20248F
S31508049180032D03D01020BF49C86224E02003886257
S315080491909E49CA6B224001D0012067E0009A120654
S315080491A010D5CB6B022213400CD1B84B05261E6092
S315080491B0CE6B10273E4032431A6000221A608A6B2F
S315080491C0120A1A600422B04BDA62C96B002902D566
S315080491D0AC4988620025009800060BD5AC4800788F
S315080491E0002807D0A748C462CC4800682040A6498E
S315080491F0C8620EE08548816B490704D5806BC000B8
S31508049200E100084003E07F488068C10701D5FFF7FD
S31508049210DDFA01210098084008D0C148AA0180183F
S31508049220006AC004C00C401ED04A10600020002208
S31508049230CF4B1E68360403D59B6F002B00D401223E
S31508049240C0218900CB4B596529026F4B1B78DB0774
S3150804925001D4002A02D0C022920000E00A00C64BBC
S315080492601A60C0229200C34DAA6559606749096C01
S31508049270942292050A40150000D0012528430006C9
S315080492802ED08348007DC0210140402902D1FFF732
S31508049290CCF801E0FFF7D6F85C4804602D061ED02A
S315080492A0B64C806B400709D58020C0017649886290
S315080492B00220206000F0CAFA002807D00420714969
S315080492C0C862400270498862000120604E485021F5
S315080492D0405C000603D5802000036A4908609BE1C8
S315080492E04A484068C007FAD420036749C862FEF7AB
S315080492F07BFF9E48406E4549096C090408D4C0069C
S3150804930006D5FEF787FF0221C44A1160FEF78BFFD4
S31508049310FEF773FFE0013D490860C14CC0252D06E0
S31508049320A5600001BF4908603848806B4007C10F33
S3150804933068460170BC4EA0270198C00700D4A9E06E
S3150804934000F092FE0290FEF77FFF3048006C40045E
S315080493500DD400BF00BF00BF00BF00BF00BF00BFE1
S3150804936000BF00BF00BF80200006BA490860FEF7A8
S3150804937070FF029800F07CFEEE20C004AB4908603A
S3150804938080200001206203203064FE20C00370643C
S3150804939042200199C90501D4706000E02060676025
S315080493A00820A04908660420AB4908601748006CE1
S315080493B0C00236D51348026F110CA84B1204D20BFF
S315080493C09A5A10292DD30388E72B2AD39526760093
S315080493D0B34205D8F31A1B095A43930A5A4204E0BE
S315080493E09F4E9B191B095A43920A52B289188369DC
S315080493F0466A72439A1882616F2909D36F210AE073
S31508049400FC0302A88C3F0000883E0000100002A856
S315080494100F2900D20F210802084309040143914881
S315080494200160824890498164A90CA16002217D4AA1
S315080494305167A90D8160F02109014165802040002A
S3150804944060610A2000F082FBA56082204002606603
S31508049450012000F07BFB0120A060062000F076FBCB
S3150804946080200002A060082000F070FB8020000322
S31508049470A0608000A060032000F068FB8020400202
S3150804948049E000BF1C2002A81C1002A8E40000AA98
S31508049490F43E00000198400744D56448EE21C90407
S315080494A0016060498222D204CA668022920022623E
S315080494B0D2018A66A90C81646C48A0600A2000F06F
S315080494C045FB002030640199C905306000D50820A1
S315080494D070606760534808210166022141670A20C3
S315080494E000F034FBA56062486066012000F02EFB9C
S315080494F0062000F02BFB0820A060062000F026FBBF
S31508049500E80DA060082000F021FB6020A06003207D
S3150804951000F01CFB02205049086008E0184001A826
S315080495200C0000AA534A4021002001F015F8002037
S31508049530C0431049086000F06EFA964D401DC001FC
S31508049540A96947188020C00193494E6F064093497C
S3150804955008600498874214D2A969401A00F0E4FA0C
S3150804956000280DD08E48066056E000BF204000A8AB
S31508049570684101A8B46000A8085100A8685000A86A
S31508049580049F0198400702D58020800000E08548A2
S31508049590A060012000F0DAFA802040002149086022
S315080495A0380000F0C1FA804C2078C00703D58C2017
S315080495B04005FEF727FE68460078002807D1764856
S315080495C000687A4988608020C0037949086074482D
S315080495D0066016480199490704D5802189008164E3
S315080495E0214903E002218164C02189018164684616
S315080495F0007800280AD0012000F0A8FA5020205C40
S31508049600000603D5802000038F490860A848006C2B
S31508049610C00201D5E86EA86105B0F0BDD4E40350D4
S31508049620641102A8B81002A8600102A8242102A89D
S3150804963080B5FEF7EFFD984900220A600A22CA613E
S31508049640FEF7F1FD9548C0218902016099494160F8
S3150804965001BD000004500950C82102A8C00000003A
S31508049660D6FEFFFFDC4001A8040400000404400001
S3150804967002040000110700008D48806B800300D4A3
S315080496807047F8B58C48006800900024002001262D
S315080496900099314002D0C020800103E000994907AF
S315080496A000D58648864902220A6008640827854840
S315080496B0076085480068C00403D4844800683840B5
S315080496C0FBD0834D37486865042000F03FFA8820AC
S315080496D0C00468650098064024D0A0208003686505
S315080496E0012000F033FA7B48686500F0BDFC0600EB
S315080496F0FEF7AAFD6E48006C40040DD400BF00BFF7
S3150804970000BF00BF00BF00BF00BF00BF00BF00BF4F
S315080497108020000670490860FEF79BFD300000F0C3
S31508049720A7FC08E0602068657803A860012000F0BB
S315080497300DFA6A4868656A4E0098C005346001D512
S31508049740776000E07460C02000066865C00C65494F
S315080497500860012000F0FAF9F0200001E866624882
S315080497600099C90502D50321016000E0046086203A
S3150804977040025E4908605E4868652F60A020286537
S3150804978034647464B8024A49086000015949086097
S31508049790F1BD00008C3F000020C001A894E001A898
S315080497A094D001A802400000883E0000F43E000060
S315080497B01C1002A8F8B5504800680D270740042471
S315080497C0002F00D10427FC208001102566030821F8
S315080497D04A4A4B4B1B682340126816D042603940EC
S315080497E004D00220FEF740FC464806603C4009D0F7
S315080497F0FE20800100680543FE2080010560B0084C
S31508049800404908600220404916E00260394005D004
S315080498100220FEF729FCA0023A4908603C4007D01A
S31508049820FE20800101680D4305607009354908600A
S315080498303548066030032F490860FFF71DFF0021ED
S315080498400020FEF798FBF1BD1C2002A810B5802065
S315080498502E490A6802400AD02D4B1A680624144079
S3150804986005D15C6E2B4A22401B6D9C0101D5002054
S3150804987010BD096808400DD02748824203D118054F
S3150804988001D5012010BD25480068C107C90F481E27
S315080498908041C00F10BD0000D80000AA442002A8C9
S315080498A01F4803210164A821C16310210160704780
S315080498B0100002A804000080FC0302A804040000A7
S315080498C02C1102A8106001A8D84001A8104001A8CC
S315080498D0182102A8018000000460095089050000C7
S315080498E0600102A8B06101A8548001A8C82102A891
S315080498F004340000482002A8B44000A81CC101A8EA
S31508049900480002A8441002A8685000A8440002A807
S3150804991014C001A81F1F0000010C000030C101A8D3
S31508049920082002A86C4800680121084209D16B4A3C
S3150804993012686B4B000C1840F03291400B40984269
S3150804994001D00220704700207047F8B507000F3889
S315080499506A461080604CE0680A0004D16B461B888E
S3150804996082B29A423AD200226B461A80012502260E
S315080499703A0013D02268324007D000292ED059481D
S315080499800088401C5749088000203900216156493F
S315080499900E6080B2B84201D369460D8053484560CB
S315080499A000E030BF2068304003D1FFF7BBFF002832
S315080499B0F7D04D484560390010D02168314005D0AC
S315080499C048490A886B461B88D2180A800660002014
S315080499D02061E068B84201D244480660FFF7A2FF56
S315080499E0F2BD38B5050000F03FFB040001219920BB
S315080499F04543A8093E4A12688018123880B2FFF710
S31508049A00A4FF05008020C0013A490860200000F040
S31508049A102FFB280032BD3348038835490968028874
S31508049A209342F9D1100408187047FEB51238070C8A
S31508049A306946088000F018FB0190274C294D2888B0
S31508049A40B8421ADA01202C490860274E30BF022092
S31508049A502168014006D030604003264908602888FA
S31508049A60401C2880FFF75EFF002802D12988B942E6
S31508049A70ECDB0121716000280DD12888B8420AD18F
S31508049A80E06869460988884205D200216846008844
S31508049A90FFF75BFF01E0FFF745FF04008020C001E4
S31508049AA014490860019800F0E3FA2000FEBD10B5D9
S31508049AB012490A680E4B1B680C689442FAD0DB01FB
S31508049AC04033141A02D288692418641C0C480068A6
S31508049AD04443181B10BD0000280002A804ED00E04A
S31508049AE0FF3F0000683E0000282002A8281002A8AC
S31508049AF0340002A880E200E02C1002A820C001A8C5
S31508049B00B43F0000F0B502E00A601C602E607EC80F
S31508049B104F1C07D05F1C04D06F1CF5D10A601C606B
S31508049B20F0BD0A60F0BD000010B5C409FFF773FF65
S31508049B30201A312806DAC000183801D4C01EFDD50B
S31508049B40002010BD2000FFF770FF10BDC321484355
S31508049B506F3801D41E38FDD50020704780B5FEF74E
S31508049B6083FA01208A49086001BD38B589490C6819
S31508049B70082589490D60FFF7F1FF2C4001D0874875
S31508049B80056031BD80B5EB2000F001F801BD30B5A4
S31508049B9083490B6818401022134210D0814B824C1B
S31508049BA02468224008D0B04A14682402FF252D02EE
S31508049BB025401D6300241460802252031A6008603D
S31508049BC030BDF3B5010016001C0000250095A74812
S31508049BD0019A330000270BE0BC464F5D4743AE00AD
S31508049BE09E597E40575D47433740664637436D1C4A
S31508049BF0A542F1D3390939438A080A43510811435E
S31508049C000840C10901430F208A0B0A430240504009
S31508049C10F6BDF1B582B00E00002093490860944D54
S31508049C20EF7AA87A01900F21394000910ED00B469D
S31508049C30904A91490298FFF7C4FF019901408A485E
S31508049C4001608E4841438E48084001D1012400E052
S31508049C504401380915D032003B0929000298009EB0
S31508049C606D7A75194019FFF7ACFF0199091101407E
S31508049C707D4802680B0113430360002901D048009C
S31508049C80444380480068204001D10420FEBD0020DA
S31508049C90FEBD80B50A00002111807B4952888018D0
S31508049CA0FFF7B7FF02BDF0B50F22784B5C7905784C
S31508049CB00F202040C5402009284001259C79C4402E
S31508049CC02C4001D10320F0BD374C2468254008D028
S31508049CD06F4D9E684700F65B761E2E608026B60199
S31508049CE0EE60DD78DE79C640F00711D5E0060FD5BB
S31508049CF0002D0DD0674848600888488008881C7875
S31508049D0000192A4080185A7880182A09801800E011
S31508049D10002008800020F0BD10B55F4801685F4A3E
S31508049D200820014200D09061C90602D58C21090198
S31508049D3011605B495B4A5C4B1B681B040CD54B687A
S31508049D405C0402D5C303136006E0C024A4011C40C6
S31508049D5043029C4200D010600B68034005D0534B65
S31508049D601B689B0F9B0700D010600F480078C02320
S31508049D70034002D18020400510600868202108406D
S31508049D8010604B480068C00101D4FFF7FBFE10BD04
S31508049D902C4000A84C4000A84C6000A84C5000A8D1
S31508049DA0883F00001C1002A8D83E0000F8B5414FB1
S31508049DB038687E6806404048304040490860802438
S31508049DC0A4033F4DF00227D53E48016801200A0640
S31508049DD005D53D490968A9602870022014E00142A6
S31508049DE002D03A49A9600FE00020C9060CD52949D2
S31508049DF0A960374A91780B071B0F12789A18090934
S31508049E005118A980E880A888A880A888002801D0C5
S31508049E10264301E0FFF7B6FE264023D0274E74609A
S31508049E203460A88800280BD0396A814208D3291DD2
S31508049E302848AA6890470100F3D0FFF78FFEF1BDC2
S31508049E4001000CD0FC218902F16123490203CA618D
S31508049E5034604C603A6A824204D30C60F1BDEB204C
S31508049E60FFF795FEF1BD0000483E0000010101011F
S31508049E70583F0000103F0000503F00001111000039
S31508049E80218400000C3F0000303F0000603F0000C2
S31508049E90204000A8BB220000F84F0000502102A869
S31508049EA0184001A8481002A8684101A84C4201A814
S31508049EB0D04000A8B44000A8FFFFDFFFB46000A8A4
S31508049EC04C3E0000D83E0000E43C0000CF220000CF
S31508049ED0613F0000D84000A8B45000A870B505003A
S31508049EE00C0000F0C1F80600FEF7AEF9200205439F
S31508049EF006480560022006490860FEF7AAF93000FC
S31508049F0000F0B6F801200349087070BD04800950B2
S31508049F10409009506C3E0000FEB5C020C004334989
S31508049F2008603348334948653348886533484024CC
S31508049F30046044601020FFF709FE002854D1FF206E
S31508049F4000052F4908602F482F4908602F482949DA
S31508049F500860A5032A4805602D4807680820FFF706
S31508049F60F5FD002840D108262A4806600120FFF797
S31508049F70EDFD2748806801902748066027481D4953
S31508049F8008601F4805600820FFF7E0FD00282BD16C
S31508049F90204806600120FFF7D9FD1D488068009017
S31508049FA01D480660134D1E4828600199009800F064
S31508049FB03FF88606B60E0198C10B0098C00B00F050
S31508049FC037F80002FC218901014031432960104811
S31508049FD0076060030A49086012480460446012492D
S31508049FE00164124941640020FEBD000020E000A877
S31508049FF0571400004C0102A8FF3FFF3F601102A856
S3150804A000B42002A80000380EB41002A830300000AC
S3150804A010104101A8105101A8106101A810100000F0
S3150804A02020200000602102A8F703F000FF3F00008B
S3150804A03010B54904CA104004C310991A00209A1886
S3150804A040D30F9A18521052188B115B0E5B18DB113A
S3150804A050D2182023541A01D422001843CC0F6118AD
S3150804A06049105B08F6D110BDEFF3108072B670473D
S3150804A070002800D162B6704710B5C20018231340F1
S3150804A080FF249C40E2438907090E9940030004D43F
S3150804A09073489B089B00C01806E0724B0007000F24
S3150804A0A0083880088000181803681A4011430160AC
S3150804A0B010BD80B574225421002000F04DFA01BD6C
S3150804A0C010B5FFF7D1FF684901220A60674B684C4F
S3150804A0D02360684C23600323674C2360674C236022
S3150804A0E0674B1A60674B1A60674B80241C601A60BA
S3150804A0F0664A1A6011228A63FFF7BAFF3F20644949
S3150804A100096801400A1D402A00D2081D614A1070D8
S3150804A110A448017010BD80B501001120FFF7ACFFFB
S3150804A12001BDFFF7A1FF05000024012160B2FFF776
S3150804A130A3FF641C0E2CF8D301210F20FFF79CFF04
S3150804A14001211320FFF798FF01211720FFF794FF39
S3150804A15003210120C043FFF78FFF01211E20FFF7CB
S3150804A1608BFF4D484D49086002204D49086001207F
S3150804A1709B49086047044B4C20693840FCD020684A
S3150804A180800101D4FEF70FF82800FFF771FF46484F
S3150804A1900068000311D4972252005321002000F0CE
S3150804A1A0DBF90AE000281CD0FEF734F819E0206928
S3150804A1B03840FCD02800FFF75BFF206E0004000F30
S3150804A1C0022801D1FEF7A0FCFFF74EFF0500764EE4
S3150804A1D0FEF730F800287078E4D0002801D1FEF79D
S3150804A1E022F801202E493278002A05D16F4A1268CE
S3150804A1F0920600D4086030BF0022327002220A6038
S3150804A20077490860D3E77748016842680A40764880
S3150804A210104017490860800700D4704710B57C4879
S3150804A2200188491C01807B4C2078000617D57A4999
S3150804A2300A680F20120B0240032A10D1774A1268C3
S3150804A2405207520F032A0AD80968090B084003283B
S3150804A25005D10D20FFF789FCE08A401CE08210BD79
S3150804A26000E400E01CED00E0040002A80000FF3F43
S3150804A270282002A82C1002A840E002A844C002A87C
S3150804A28004C001A8044001A8145001A820006006CF
S3150804A2902C8001A86A3E0000FFFF9B4000E100E015
S3150804A2A0602002A8500002A8F80702A8F8B55C4C7A
S3150804A2B0206865680540914805605A48284007D0D3
S3150804A2C0FDF7CBFF002803D02800574909688847BB
S3150804A2D0012102228A480078C00701D5022300E03A
S3150804A2E001232B408748002B10D0874B1A60874AD6
S3150804A2F012680A4007D10268F0231B05134090220E
S3150804A30012059342F3D00902814A116080210D4255
S3150804A31020D0A26AF823DB0113401BD0C022120105
S3150804A320934217D880231B068A4E3360A76AF826F9
S3150804A330F6013E40384F3F683F043F0F022F01D0D5
S3150804A340032F03D1002E01D09642EFD3914A13600E
S3150804A3506A4A11609049097806290DDACC208001E9
S3150804A36028401DD0FFF780FE04002800FDF732FCC4
S3150804A3702000FFF77DFEF1BD806B800510D5874868
S3150804A380284005D0FEF792FA2800FDF723FCF1BD14
S3150804A390A80205D58020400158490860804908600C
S3150804A3A0F1BD00006B3E00006D3E0000F40302A8F8
S3150804A3B010B57C48016844680C407B4804608021D9
S3150804A3C00C4205D04160794801600020FDF702FC83
S3150804A3D0600403D5802040057549086010BD000057
S3150804A3E0601002A8280002A8FFFF00C038B571480B
S3150804A3F0016844680C40E00707D5FFF735FE0500F9
S3150804A400FDF782FC2800FFF733FE6B48046031BD74
S3150804A410683E0000D83E0000B00002A8184001A813
S3150804A420104001A802000600E83C0000FEB5634C93
S3150804A430206C676C074001252F4216D02E0660480B
S3150804A440066020685F490D60002802D00021FDF7E8
S3150804A45035FE5D480068A021C90188428041C04391
S3150804A460C00F5A4948705A480660FDF7D3FE019052
S3150804A470022007403ED06168CEB20F0A5549082229
S3150804A480494B4403012E24D0022E31D1012F22D167
S3150804A490514EF6780096504E37780126BE404F4FF7
S3150804A4A03E604D4E3678760590277F04F7190326C5
S3150804A4B03E434B4F3E601C604A4B1C600B68009C35
S3150804A4C01B194B65444909788D4047490D6047492E
S3150804A4D00DE00090DFE7002F0AD1454E35600025D0
S3150804A4E04D655C601C60C104424B196042490A60B0
S3150804A4F0344908600198FDF796FEF7BD106001A877
S3150804A500883E00000C0002A86C1102A8B44000A8FA
S3150804A510B82002A870B5FDF77DFE0400FFF7A4FD78
S3150804A5202F490A68D2070FD52A4A566D1368334D40
S3150804A5302E60CE686E604968E9818021C904204E80
S3150804A5403160297B59185165FFF792FD2000FDF704
S3150804A5506AFE70BDE06101A8002800D0704770B596
S3150804A5600C00FDF757FE0500FFF77EFD0600FDF714
S3150804A5706BFE234804600121224A1160026C0A40DA
S3150804A580FCD1FDF766FE3000FFF772FD2800FDF7E3
S3150804A5904AFE70BDE05101A8383E0000001040068E
S3150804A5A0145001A890C001A890E001A80CC001A805
S3150804A5B004ED00E0C0C000A8C0E000A800C002A8DE
S3150804A5C0441002A840E002A8404000A86D3E0000DE
S3150804A5D0442002A818800A50813E000068A00A5048
S3150804A5E060C101A894D001A868900A50F42302A86F
S3150804A5F060E101A880E200E0F41302A8783E0000B6
S3150804A600008009504090095080B5FDF726FE0028C1
S3150804A61001D000F0B7FE01BD80B5FDF75FFEC64860
S3150804A620006800030AD4FEF709F9FFF725F8FEF7D0
S3150804A6307FF80120FEF7FCFFFEF7C8FC80208005A2
S3150804A640FDF7E0FD01BD80B5FDF748FE8020400218
S3150804A650FDF7D8FD01BDFEB505208F4908608F4872
S3150804A660046801273C4201D1FDF752FFFDF736FE87
S3150804A6708B49086800908B4849680160A105CA0F90
S3150804A68069460A7100253C4210D0009599494968E3
S3150804A69001609848026898490B68981A9A4202D346
S3150804A6A08B69C018401C954B9842F5D3A34E356068
S3150804A6B068460079002804D021000098FDF766FB57
S3150804A6C0009000243068384003D16846FDF74DFFF2
S3150804A6D00400FDF79AFF002846D08648407C0028E7
S3150804A6E042D19749834DEE680A6933689A4200D085
S3150804A6F00120944A1278022A0DD2934B9C460623CB
S3150804A7005A4363469B5AB446020018267243664661
S3150804A710B218536000E00224009A0192EA68012301
S3150804A720434018204343D61830680861B068086067
S3150804A730A248F1680160316901627069A04908603C
S3150804A74001A8FDF712FF002808D17E4909780229D5
S3150804A75004D27D4A06235943515A716021000400E4
S3150804A7600C4301D16F7401E0002C02D10098FDF767
S3150804A7706AFF9E48076002209D490860C820C004F5
S3150804A780BB4908607804FDF73DFDF7BDF8B5994C5B
S3150804A7908025EF02FDF739FF002808D0964800788F
S3150804A7A0002804D13800FDF72DFD2560F1BD206C85
S3150804A7B0C00506D580200006206000BF00BF4008FB
S3150804A7C02060FEF71BF8FDF789FDFDF77BF9060007
S3150804A7D0A848A9490860FFF717FF3800FDF712FDD6
S3150804A7E0002E00D025600120A4490870F1BDF8B5F3
S3150804A7F00120FFF790FCA24CA24800682060FDF7F0
S3150804A8006DFD7820205C0521014002D0FDF70DFE80
S3150804A81001E0FDF717FE774D0227A06F384001D0F7
S3150804A820012028601020C043974908600026EE637B
S3150804A83096480660FDF711FD002802D000F0EFFDEA
S3150804A84000E06663FDF7D0FC91480068296C0904AA
S3150804A85007D4000705D5FDF7DDFC8E490F60FDF723
S3150804A860E2FCFDF7CAFCFFF757FAB804FDF7CAFC81
S3150804A8700020FFF750FCF1BD80B5FDF72FFD2E48EB
S3150804A8800068000303D4FDF753FFFEF79FFB8020FF
S3150804A8904003FDF7B7FC01BD5C1102A8440002A8F9
S3150804A8A0B83F0000443E000038B5FDF717FD514C8B
S3150804A8B02025FEF7CBFF002806D0606B000704D5D9
S3150804A8C0FEF7EEFFFEF717FC2560FDF731FFFEF7EE
S3150804A8D07DFB714800780C210140042902D1FDF75B
S3150804A8E0A4FD01E0FDF7AEFD6804FDF78BFC4020EE
S3150804A8F0206031BDE43E000020C001A801FF00002D
S3150804A9001CB5052065490860FDF7E8FCFEF7C8FF95
S3150804A9106348006800906846FEF7B0FB0400FFF73A
S3150804A92073FE002C02D10098FEF700FC8020400438
S3150804A930FDF768FC13BD00000C0002A8403E0000A9
S3150804A940348001A8583E00005E3E0000F8B5FDF7C5
S3150804A950C5FC544CA56A5020284002D0FDF765FD75
S3150804A96001E0FDF76FFD234FFEF770FF00281BD1AA
S3150804A970B86B40071DD4786BE0214901014018D112
S3150804A980A80611D4FDF730FCA56A474E354207D010
S3150804A990FF20C0432D18A56280200005A949086038
S3150804A9A0FDF72BFC2E4002D00120386001E0002080
S3150804A9B0206080208004FDF725FCF1BD1C4101A818
S3150804A9C0284000A880B5FDF789FC9F480068C005A3
S3150804A9D001D5FDF7ADFE0120FEF72AFEFEF7F6FACD
S3150804A9E08020C004FDF70EFC01BD0000442002A827
S3150804A9F0305201A8100002A8F53E000010B52648FA
S3150804AA000468FDF76BFC9149096809032AD40321F4
S3150804AA10C00601D5214001E0A0080140012902D160
S3150804AA20FDF703FD0BE0200107D50E20FFF796F886
S3150804AA3087480421016008210160FDF703FDFDF73D
S3150804AA407CFD844C206984490860FFF7DDFD206895
S3150804AA50002807D04000122802D2FFF777F801E051
S3150804AA60FEF7BFFF80208003FDF7CCFB10BD000076
S3150804AA70106001A870012000B46000A86D3E0000B3
S3150804AA80903E000008C000A8482002A8483E0000DE
S3150804AA90844000A8D4E40350083F00005C1102A8CF
S3150804AAA0CC3F0000E03E000000FFFF00FEB5002496
S3150804AAB06A490C730120694608700294FDF70EFC76
S3150804AAC00600624F3868000300D5B5E003209F49A5
S3150804AAD008649F480268FF2080019E4910255F4B41
S3150804AAE01B78DB0720D51207120F022A03D09A4ACD
S3150804AAF012682A4004D1594A5268584B5B7801E0D7
S3150804AB008A680B688E6A096A0091911B142251435C
S3150804AB10DBB2C918009A891A09014068081801D5D0
S3150804AB20019453E0019051E013071B0F032B03D044
S3150804AB301204120F062A3AD18968426802923A6CBC
S3150804AB40920701D5806802900800FEF7B0FF0299C3
S3150804AB50401801D5019400E00190B86B0107C80FAD
S3150804AB6003213F4A12680A40022A1AD12E4018D0F5
S3150804AB703A4A126DD30512D5FE6B984B1E409E4277
S3150804AB8002D172490D640CE092050AD43A6C282362
S3150804AB90134006D16B461C702A4A116001E06A46C6
S3150804ABA01470029068460678002E03D10FE00068F8
S3150804ABB001900126FEF74AFE002808D0FEF770FE2B
S3150804ABC00298002802D0FEF796FA00E00026022032
S3150804ABD05E490860002E10D0214800780C210140F7
S3150804ABE0042902D0F86B054002D0FDF71EFC01E0EB
S3150804ABF0FDF728FC202078601EE018480078C00776
S3150804AC0005D555480068054001D1FDF71FFCFDF739
S3150804AC108FFD802000060B4908600020C043704958
S3150804AC20086001A8FEF72AFA0400FFF7EDFC002CD9
S3150804AC3002D10198FEF77AFA80200004FDF7E2FAB9
S3150804AC40F7BD0000481002A8680102A80C0002A873
S3150804AC5080E200E0AC3F0000443E0000883E00006D
S3150804AC60083F0000FEB500245E490C730094FDF706
S3150804AC7035FBFFF7C9FC5C4DE86E5C4E0007000F18
S3150804AC8007280BD16868002808D40020FEF7D0FCF2
S3150804AC90306857490860FDF7CCFC52E001201027BC
S3150804ACA0696849070DD453490968014009D0010266
S3150804ACB04C4A126D0A4208D0520502D42A68114039
S3150804ACC001D1009001E04C48076046480078C00767
S3150804ACD005D521480068384001D0FDF7B7FB474839
S3150804ACE001680320009A002A01D0890900E00909AD
S3150804ACF0084001900020FEF79BFC0198002805D126
S3150804AD006868074002D1FDF79DFB01E0FDF78DFB5E
S3150804AD1000200099002903D139480068FEF7C7FEC8
S3150804AD207169401801D5009400E000906846FDF763
S3150804AD301CFC002805D10098FDF785FCB0692C4950
S3150804AD40086080200005FDF75DFAF7BD082002A813
S3150804AD50B00002A804C101A8B04301A8F8B5FDF7DC
S3150804AD60BDFA002400252748466B80277F05300650
S3150804AD7006D5300709D5FEF793FDFEF7BCF929E099
S3150804AD8001251C480068284019D00020FEF750FC0D
S3150804AD900220064002D01C490C60C8611B4804689E
S3150804ADA0002D03D02000FDF77DF80400FEF778FD9A
S3150804ADB02000FEF7BBF93800FDF724FAF1BD0F4869
S3150804ADC00078C0210140402902D1FDF72EFB01E09D
S3150804ADD0FDF738FB20200B490860ECE7100000104B
S3150804ADE0B46000A8883E0000440002A8BC3F0000E6
S3150804ADF0443E0000B44000A8481002A8083F0000DA
S3150804AE001CC101A8100002A8180000AAD83F000017
S3150804AE10FFF756F9024803494860FFF782F900BF6D
S3150804AE204B2700000000000080B5EFF305800B28CF
S3150804AE3001D23A2100E02921922252000020FFF78C
S3150804AE408BFBFEE70203030303040404040505005D
S3150804AE5000000001010101020202020303030303C5
S3150804AE60040404040400000001010101070708089A
S3150804AE700303030504040405050506060607070770
S3150804AE800803020204040403040505060606060765
S3150804AE900707020202030303030404040405050561
S3150804AEA00505060606060102020202030303030356
S3150804AEB00404040404050505050606060C0C0C0C16
S3150804AEC00B0B0B0B0B0B0B0B0B0B0B0B0B0B0B0BC0
S3150804AED00B0B0C0C0C0C0C0C0C0C0C0C0B0B0B0BA6
S3150804AEE00B0B0B0B030404040405050505060606EB
S3150804AEF00606070202020203030303040404040405
S3150804AF0005050505050606060202020207070304E7
S3150804AF1006070404030303030405060303050607D7
S3150804AF2008040506040304040303040506060304C7
S3150804AF3005060708C7BFBEBEBEB5B5B4B4ABABDC21
S3150804AF40DCDBDBD2D2D1D1C8C8C8C7BFBEBEBEBD42
S3150804AF50B5B5B4B4B4DCDBDBD2D2D2D11B1B16161E
S3150804AF602E2D2D2A29292925242420201F1B1B1B85
S3150804AF70162E2D2D2A2A29292524242020201F1B74
S3150804AF801B1B2D2DBEB5B5B4B4ABABABAAA2A1A100
S3150804AF90A1A099999898C7BFBEBEBDB5B5B4B4B4B7
S3150804AFA0ABABABAAAAA2A1A1A199999900000000EA
S3150804AFB00303030303020202020202020303020258
S3150804AFC00202010101010101000000000303030359
S3150804AFD003020202D0C7C6C6C6BDBDBCBCB3B3B263
S3150804AFE0B2B2A9DBDBDADAD1D1D0D0C7C7C6C6C6B6
S3150804AFF0BDBDBCBCBCB3B3B2DBDBDADA1F1F2D2B79
S3150804B000221E2E2E323232312D2624303028231F8A
S3150804B0101B2B26222E322E2E31312D282424302C79
S3090804B02027231E1A98
S30D0804B0245C9DFC7F010000009D
S3110804B02C38B004086064002064000000CA
S3150804B038C0EA2101C01753020040170800A00000FF
S3150804B04840510020C8000000FE000000000000006F
S3150804B058B83C040828010000FFFFFFFFFFFFFFFFB5
S3150804B068030000002D78020806000000000000000E
S3150804B07801030200000000000102020001010000A9
S3150804B088C03F0408D4FE64000A002900536C6565A9
S3150804B098707945465233320043E00308000000003D
S3150804B0A80000000000000000000000000B0C00006F
S3150804B0B83000000055090108030505B5400180005C
S3150804B0C800000000000001B5000080000000000030
S3150804B0D8FFFFFFFFFFFFFFFFFFFFFFFFFFFFFFFF66
S3150804B0E8FFFFFFFFFFFFFFFFFFFFFFFFFFFFFFFF56
S3150804B0F80000000003000000685E00203065002098
S3150804B10800000000685E0020D05E0020385F00203A
S3150804B1180000000000000000000000000000000015
S3150804B1280000000000000000000000000000000005
S3150804B13800000000000000000000000000000000F5
S3150804B148000000000000000000000000FFFFFFFFE9
S3150804B1580000000000000000FFFF00001470040847
S3150804B16809E80308FFFFFFFF39EC030835EC030871
S3150804B178FFFFFFFFFFFFFFFFFFFFFFFF3DEC03088D
S3150804B1888FF10308FFFFFFFFF1F20308FFFFFFFF34
S3150804B198FFFFFFFFFFFFFFFFFFFFFFFFD7260000A4
S3150804B1A804F8FFFF0C0000000000B5FF0C01FF0FB0
S3150804B1B803010000FD1701085D4D0108354D010816
S70508010E09DA
