S02100006275696C642F64656275672F6F742D6E63702D6D74642D6370632E73333738
S31508006000081800202D90020815FE030819FE03083B
S31508006010C1C900081DFE030825FE030803840208FB
S31508006020038402080384020803840208038402081E
S3150800603029FE030800D7040803840208038402081B
S3150800604003840208038402080384020803840208FE
S3150800605003840208038402080384020803840208EE
S3150800606003840208038402080384020803840208DE
S3150800607003840208038402080384020821D0020864
S3150800608003840208038402080384020803840208BE
S3150800609003840208038402080384020803840208AE
S315080060A0038402080384020803840208038402089E
S315080060B0038402080384020803840208038402088E
S315080060C0038402080384020803840208A1840208E0
S315080060D00384020803840208038402087D840208F4
S315080060E05984020803840208038402080384020808
S315080060F003840208D96A0408AD730408B395040832
S31508006100AF950408216B0408C9950408B7950408D7
S315080061107D730408BB950408ED73040855740408D8
S31508006120038402080384020803840208038402081D
S31508006130038402080384020803840208038402080D
S3150800614003840208038402080384020803840208FD
S3150800615003840208038402080384020803840208ED
S3150800616003840208038402080384020803840208DD
S3150800617003840208038402080384020803840208CD
S31508006180038402080384020803840208B99C0408ED
S31508006190ED560408038402089D950408A39504088F
S315080061A0038402080384020803840208038402089D
S309080061B0038402084C
S315080061C0F0B5114A114C124E00F00105E3695F075C
S315080061D013D40DB9334213D103EA00078F4207D10E
S315080061E00B4A1A40002A0CBF00206FF00100F0BDD0
S315080061F0013AEBD16FF00200F9E74FF0FF30F6E70E
S315080062006FF00100F3E700BF809698000000035086
S31508006210020001000000000000000000000000006D
S31508006220013800D0FCE7704700F58050D0F8EC0A3A
S31508006230704700F58050C0F8EC1A704710B44368F0
S31508006240D3E9004023465DF8044B184700F5005093
S31508006250B0F80207704700F50050B0F8000770471D
S3150800626000F50050D0F84C08704700F5805090F8BB
S31508006270520F704700F5805090F8600F704701483C
S31508006280704700BF64C904080048704765C9040818
S315080062900048704766C904080048704767C904087B
S315080062A000F58050D0F8F80A7047002908BF4FF467
S315080062B0E151054B00F58050994294BFC0F8F81A91
S315080062C0C0F8F83A704700BF9AC4200000F580501D
S315080062D0D0F8FC0A7047074B00F58050002914BF18
S315080062E00A461A46044B9A4294BFC0F8FC2AC0F8DC
S315080062F0FC3A7047007512009AC4200000F5005059
S31508006300D0F86401704700F5F5501030704700F575
S31508006310F6500130704700F58050D0F8DC0E704713
S3150800632000F58050B0F8120F704700F58050A0F8BD
S31508006330121F704703468288C088114481429DBF58
S315080063401868998080180020704770B505680C4653
S3150800635025B9BDE870404B68084818478B689847C8
S315080063606A680146831A002BB8BF121A2368A8BFA9
S315080063700022BDE870400148184700BFF01A002007
S3150800638038B50C461146A2680346944206D00568FD
S31508006390AC420BD10260FFF7D8FFA46038BD944227
S315080063A00DD011469268002AF9D1F6E72A4600214F
S315080063B0F9E78B68002BF0D09B688B60EDE7002926
S315080063C0F7D1002DE9D0AA681A60E6E72DE9F04171
S315080063D0936805460C4616469847324607462146B0
S315080063E02846FFF7CDFF2868002203466BB161688F
S315080063F0D3F804E0A1EB070CAEEB070898EA0C0FFC
S3150800640013D4A1EB0E01002907DA4AB9A0602C6063
S3150800641031462846BDE8F04197E71A469B68E5E706
S315080064209368A3609460BDE8F081BCF1000FEBE7C8
S3150800643070B5066804460D467EB18B689847736842
S31508006440C01A002809DB20462A463146FFF798FF7E
S3150800645030463368BDE87040184729462046BDE8EF
S31508006460704072E700F5005393F8483813B10249B3
S315080064700830DDE7704700BF68C9040800F5005317
S3150800648093F8483813B102490C30D1E7704700BF7A
S3150800649074C90408012300F00700834013F0220F93
S315080064A009D113F0880F08D113F0440F14BF012047
S315080064B00020C00070470420704710207047D0F8AD
S315080064C0020000BA70474200400800F0553002F05A
S315080064D0AA3202439300920802F0333203F0CC3317
S315080064E0134318011B0903F00F3300F0F03018436B
S315080064F000BA704730B50C4687B0054601A9206832
S3150800650038F052FF70B9606805A938F076FF48B9C7
S31508006510A3684BB92B68024603F5D65001A91C306F
S3150800652018F016FB07B030BD0720FBE710B50C685E
S315080065304CB90068224600F5D6501C30214616F0A4
S3150800654049FD204610BD0720FCE7024B024A13F01E
S3150800655046B800BF336200082962000810F0CEBFB3
S3150800656010F0CCBF70B50E6805460C4686B03046AE
S31508006570194938F04DFBD0B100260434206801A92A
S3150800658038F012FF88B9606805A938F036FF60B997
S31508006590A368F3B9286885F8406000F5B45001AAE5
S315080065A005F10C01183018F038F806B070BD304601
S315080065B00A4938F02DFB10B103260434DEE73046CD
S315080065C0074938F025FB10B101260434D6E7022620
S315080065D0D4E70720E9E700BFD4C70408D7C70408EB
S315080065E0DAC70408014651F80C0B00F5B450183008
S315080065F016F0C4BC1346B0F86C202AB10A4600F15E
S315080066005C01024818F0F4BA0D2070478831002062
S3150800661000F50050B0F802378B420AD0A0F80217EE
S31508006620044890F85931022B03D100F5AC7039F0C3
S31508006630D1BA7047F03A002000F50053B3F80027A6
S315080066408A4205D0A3F8001700F51C5016F05ABD6B
S3150800665070471FB500240294079C00F5D150019499
S31508006660069C1830009418F077FC04B010BD1FB5CE
S3150800667001240294079C00F5D1500194069C183019
S31508006680009418F069FC04B010BD00F5F6500A46EF
S315080066901230002115F002BF00F5F6500A461230F6
S315080066A0012115F0FBBE08B53130313120F001006B
S315080066B021F0010103780A7803F00F0302F00F02B4
S315080066C09A4207D10431043042F097FFB0FA80F0BD
S315080066D0400908BD0020FCE710B5044604F500543F
S315080066E033F05CFAD4F8403133F07C4204D0C3F37B
S315080066F01903984228BF184610BD42F210739942F2
S3150800670010B5044615D800F50053D3F86821914210
S315080067100DD0C3F8681133F04AF8074B93F8683F71
S31508006720DB0704D504F50550183018F003F90020E6
S3150800673010BD0720FCE700BFF02A002000F5055031
S315080067400022183017F0B8BC10B503780446002BA1
S3150800675014BF0520032000F5003012F0F9FA23785B
S31508006760BDE81040002B14BF0620042000F50030B9
S3150800677012F0EEBA00F5F6500022183017F010B9EC
S3150800678038B5044608464D7894F8FE20A91C031B24
S3150800679051FA83F3D21A014441F0EFFE94F8FE3021
S315080067A0023B5B1B84F8FE3038BD37F0BDBE2FF0C8
S315080067B05FBF08B51B4B93F8492F012A03D0062A59
S315080067C005D02AB3FEE7BDE8084031F003B800203B
S315080067D003F5805303F8B70C93F85011CA070CD584
S315080067E0C1F3C302013202F00F0262F3C601042AA2
S315080067F083F8501105D837F097FEBDE808402FF00A
S3150800680037BF93F8502160F3C60283F85021F4E7A6
S3150800681093F8482F520703D5B3F84A3F1B06ECD422
S3150800682008BD00BFF02A00208378072B09D190F80D
S315080068306E00C30903D000F07F0033F0C1BC33F00B
S3150800684091BC704731F0A6BD13B50446006820B95F
S3150800685040F20D13E38102B010BD04F10803009362
S31508006860A389E288A18838F014FBA073B0B96289BD
S315080068702389E1881344A2889BB20A4492B29A42B9
S315080068802CBFC3EB0201C3EB0301A380DB438AB22F
S315080068909BB2934228BF1346E380DCE70023172800
S315080068A008BF1846A3600123A073E373D3E70EB4A9
S315080068B003B503AA52F8041B0192FFF7BFFC02B006
S315080068C05DF804EB03B070470CB473B5054606AC27
S315080068D054F8046B0A46074B0749FFF7E8FF2246B8
S315080068E0314628460194FFF7A9FC02B0BDE870407E
S315080068F002B07047D9E20408ABC804080049D6E7D5
S31508006900DDC704080EB417B5044605AA52F8041BD9
S315080069100192FFF793FC2046FFF7F0FF03B0BDE8AE
S31508006920104003B070472DE9F74305460E46144656
S31508006930DFF8688014B903B0BDE8F08323684246DF
S315080069400093636831462846FFF7BEFFA3687BB904
S31508006950E27D072A10D9FEE749462846FFF7A7FF32
S31508006960A368BAB253F822200137002AF4D1EFE718
S315080069700027DFF82C90F3E7A18A238A0191618A20
S3150800698028460091034951F822200349FFF7BAFF28
S31508006990E469CFE788C30408FCC70408E0C704080D
S315080069A0F8C704082DE9F3470C6807460E4664B98C
S315080069B00368214603F58053D3F8582BFFF7B3FF36
S315080069C00024204602B0BDE8F0872046744938F016
S315080069D01FF9002800F0A480386800F5DC501DF087
S315080069E048F80546002800F0C78000F1100841461F
S315080069F0F06838F002FD044640B9D6F804904846D7
S31508006A0041F0CAFE421C402A09D907243B6803F50F
S31508006A108053D3F8E02BEA61C3F8E05BD1E7494637
S31508006A2005F1940041F024FED6F80890484641F056
S31508006A30B3FE421C602AE8D805F1340349461846D5
S31508006A4041F016FE2C2141F087FE78B94146F068E0
S31508006A5038F0D3FC04460028D8D13069B8B9706933
S31508006A60E8B9B06918BB0023AB7534E005F5887939
S31508006A7005F5947A00F8014B2C2149F8040F41F0EA
S31508006A806BFE0028E2D0CA45F4D10324BEE705F11F
S31508006A90120138F0B2FC04460028E0D0B6E705F14A
S31508006AA0140138F0AAFC04460028DAD0AEE73D49BE
S31508006AB038F0AEF80028D6D140232B86B36905F105
S31508006AC0D402019305F13001012301A81CF06CFFE3
S31508006AD0044600289AD1F06968B9306A98B93868C6
S31508006AE0294600F5D6501C3016F034F8044600281E
S31508006AF03FF466AF8AE705F1200138F06CFC0446DE
S31508006B000028EAD082E705F1240138F064FC04463F
S31508006B1000287FF47BAF736A002B7FF476AFDEE73D
S31508006B202046214938F074F8804620B920461F4986
S31508006B3038F06EF810B3D6F80890B9F1000F1FD0E8
S31508006B40F368EBB93C6804F58053D3F8585B0DB984
S31508006B50172436E76968706838F05AF820B148464D
S31508006B60296838F055F868B9ED69F0E7294602B0A2
S31508006B70BDE8F04716F028B8032422E7232420E7C7
S31508006B8007241EE704F5D6501C30B8F1000FEDD1E6
S31508006B90294616F02CF8044600287FF412AF35E78C
S31508006BA038A6040807E1040887A70408B1AE040854
S31508006BB00CB473B5044606AD55F8046B094B0A4682
S31508006BC00949FFF774FE2A46314620460195FFF724
S31508006BD035FB2046FFF792FE02B0BDE8704002B0D2
S31508006BE0704700BFD9E20408ABC80408F8B50646E2
S31508006BF00C46064F8D18AC4200D1F8BD39463046D2
S31508006C0014F8012BFFF753FEF5E700BFB1A80408F7
S31508006C1010B50446FFF7EAFF2046BDE810406DE6CA
S31508006C20F0B51C46002387B08DF8143052EA0403E9
S31508006C30064615460ED130230DF113078DF813308D
S31508006C4030463A460D49FFF732FE304607B0BDE8F2
S31508006C50F04053E605AF284621460A22002341F0B4
S31508006C60F7F8303207F8012D2A4623460A2A73F127
S31508006C70000305460C46EED2E2E700BF47AF04081C
S31508006C80034A044B00290CBF114619463AE600BFD1
S31508006C9086B7040829C8040810B50C685CB90368E7
S31508006CA003F5805393F8DC1A003918BF0121FFF762
S31508006CB0E7FF204610BD0720FCE74FF4201330B548
S31508006CC08DB0044601930023084602AD69460822A2
S31508006CD08DF80830009515F0C0FB2A462046024973
S31508006CE0FFF7E5FD0DB030BD47AF04082DE9F041CB
S31508006CF015461D4A0446FFF7E7FD2A683AB12046BD
S31508006D001A49FFF7D4FDAB7A072B05D9FEE72046CB
S31508006D101749FFF7CCFDF6E7164A204652F8232016
S31508006D201549FFF7C4FD6E7A26B114492046BDE819
S31508006D30F041E7E520461249FFF7B9FDDFF848803C
S31508006D402B7AF7B2BB4201D80E49EFE71FB141468D
S31508006D502046FFF7ACFD6968204601EB0711FFF7EF
S31508006D60ACFF0136ECE700BF31C8040852CA040874
S31508006D70A5AE040888C3040837C80408ACAE0408DE
S31508006D8090AE040886A804087EA80408F8B5069DEF
S31508006D901C462B7A0F4616462BB3252896BF184B4A
S31508006DA0184A53F8202018492846FFF7ABFD28460D
S31508006DB01649FFF7A7FD3A4604212846FFF796FF2E
S31508006DC028461349FFF79EFD324604212846FFF759
S31508006DD0AAFD4CB128460F49FFF794FD2246042127
S31508006DE02846FFF7A0FD04B9F8BD2B68E26903F54C
S31508006DF08053D3F8E01BE161C3F8E04B1446F2E791
S31508006E00A8C30408B7AE04084AC8040869C8040831
S31508006E1074C8040882C8040810B50446FFF74DFF75
S31508006E202046BDE8104069E537B50546CC884B884D
S31508006E3064BAA4B20A88019489885BBA49BA89B245
S31508006E4052BA00919BB2044992B2FFF730FD284628
S31508006E5003B0BDE8304051E598C8040810B50446AB
S31508006E608CB0084669462EF055FD20466A46044908
S31508006E70FFF71DFD20460CB0BDE810403EE500BFFB
S31508006E8047AF0408F8B505680F6805F5D8560446EF
S31508006E901A3627B93146FFF7E1FF0020F8BD4B68DF
S31508006EA0BBB938460D4937F0B3FE20B13146204606
S31508006EB0FFF7B2FFF1E73846094937F0A9FE50B1A6
S31508006EC005F580552046B5F82A2B0649FFF71AFD21
S31508006ED0E3E70720E2E72320E0E700BFAEAC0408BB
S31508006EE0E9B30408A5A404082DE9F04F05460E46A3
S31508006EF01C461746DFF890B085B003F1FF3802EB61
S31508006F0081094F4517D128461C49FFF7FBFCDFF8D6
S31508006F107090DFF87880264449462846FFF7C7FC74
S31508006F2014F8017B17BBB442F6D12846144905B0BC
S31508006F30BDE8F04FE6E457F8043B18F801AF1846E9
S31508006F40039341F029FC02305045039B06D8594665
S31508006F502846CAF10102FFF7AAFCD2E70093534676
S31508006F60284608495A42FFF7A2FCCAE7414628467E
S31508006F70013FFFF79CFCFFB2D4E700BF23AF04082C
S31508006F80B6C80408AFC80408A9C8040807E1040875
S31508006F9070B506680D463046074937F039FE04468F
S31508006FA020B93046054937F033FE10B100202C7061
S31508006FB070BD2320FCE700BFB8C80408BFC8040892
S31508006FC010B50C680B462CB1BDE8104000F108015D
S31508006FD01846DDE7017AFFF753FE204610BD2DE976
S31508006FE0F041804608680F4616461D4688B008B325
S31508006FF0114638F0D9F9002304462B7098B1396840
S3150800700091B101A82EF064FF70B908F5145002A9D1
S31508007010383020F0B5FD58B9304601AA02A919F052
S3150800702093F801232B700024204608B0BDE8F081B0
S315080070300D24F9E70724F7E7F0B587B00DF1030348
S31508007040044601AA00680D46FFF7C9FF034668BB58
S315080070509DF803303BB120461749FFF728FC204628
S3150800706001A9FFF7D9FE05AF3946686838F0C5F9B2
S315080070700346D8B9AA68E2B9254655F81ECB01AA2F
S31508007080164603CEBE4228606960324605F10805F9
S31508007090F6D132882A80A28B42B904F10C020CF58B
S315080070A0B4501146183017F0B8FA0346184607B018
S315080070B0F0BD0723FAE700BFC7C80408102208B5C1
S315080070C042F09BFAB0FA80F0400908BD88220021F8
S315080070D041F0AFB80023036043607047024608B525
S315080070E00846FFF7F7FF126802B908BD038801339F
S315080070F003800123116841B941880B4443805189B3
S3150800710043680B444360D269EEE701330968DBB292
S31508007110F1E7C1F30002F8B501F0020343EAC2033E
S31508007120C1F380010B4399075AB247D400F50055BD
S3150800713095F85B7142F004039F4224D000F505548C
S315080071401834204685F85B3116F056FF95F85961D4
S31508007150304637F09CFDC0B195F85B1195F858316B
S31508007160C7F34002C1F340008242C3F3C00304D10F
S315080071705BB93A0709D50B0707D400232046A5F8BB
S31508007180803217F0A1FC0020F8BD012E0BD1002695
S315080071902046A5F8806217F013FC314604F5907076
S315080071A017F02CF8EFE7022EEDD12046B5F85C1162
S315080071B018F09AFB204638F00DFDE4E70720E3E7D0
S315080071C01022002141F035B8036823B91720B0FA18
S315080071D080F040097047994201D01B6BF5E7002003
S315080071E0F5E7F8B5054655F80C6B044606F5B557A8
S315080071F029463846FFF7E8FFB0B9284615F01EFFBE
S31508007200012384F84030094B29463846C4E90C3432
S31508007210FFF7DAFF30B906F58056D6F8A036E363ED
S31508007220C6F8A0560020F8BD1820FCE7917600089D
S315080072304FF6FE720B46018891421DBF07C883E8C8
S31508007240070000201720704708B50CF06AFE08BD35
S3150800725001F1100351F8042B994240F8042BF9D197
S315080072607047313020F001000078C0F301107047F4
S3150800727008B5FFF7F6FFB0FA80F0400908BD836D40
S3150800728018472622002140F0D4BF030E0B70030CCA
S315080072904B70030A8B70C870704708B50246FFF733
S315080072A0E7FF30B1313222F001025078831E58428E
S315080072B0584108BD1422002140F0BBBF2DE9F84F04
S315080072C00746884691469A464FF0000B0A9D0BEBF7
S315080072D00904661006FB0A8638463146A847002880
S315080072E0C4F34F0407D0D2BFA14601341FFA84FB6A
S315080072F0CB45ECD300263046BDE8F88F0023F0B521
S31508007300441E184601392AB91BB1024492B290426A
S3150800731011D1F0BD14F8017F11F8016F082A15463E
S3150800732028BF0825B74287EA0603EDD12844521B31
S3150800733080B292B2E7E71906EBD45B000130DBB204
S3150800734080B2E4E700BA7047024608B5D1E90003FF
S315080073505BBA1380FFF7F6FFD388C2F802000889E4
S315080073605BBA03F0010343EA400398B25BBAD380E1
S315080073708B7A20F0010003435BBAD38008BD70B551
S3150800738083880446C0889E188642154608D8206811
S31508007390184441F06DF90020A3881D44A58070BDEE
S315080073A00320FCE707B549BAADF8061002220DF12D
S315080073B00601FFF7E4FF03B05DF804FB0122DEE7F0
S315080073C038B50446A3880846934215460AD3216869
S315080073D041F04EF90020A38822685B1B2A442260EC
S315080073E0A38038BD0620FCE70122E9E710B5022292
S315080073F00C46FFF7E5FF10B923885BBA238010BD5A
S315080074004368036003B1DB694360704710B5436A9C
S31508007410044623B1002202214262826A9847236AFF
S315080074209C420FD1084A02F580512346D06D246844
S315080074301860D365B1F86036013BA1F86036002CB8
S31508007440F3D110BDFEE700BFF01A00202DE9F04188
S31508007450C389044601EB03081FFA88F843450D461D
S3150800746002D90320BDE8F08106465027B84533689F
S315080074700CD800223260124A02F58051A3B9A389BA
S315080074806581AB4200D9A5810020EBE71BB17C37AB
S315080074903668BFB2EAE76079C0F3410032F04AFDC8
S315080074A030600028F3D1DCE7D66D18681E60D36516
S315080074B0B1F86036013BA1F860360346DEE700BF47
S315080074C0F01A0020F8B500F1310424F0010405464D
S315080074D020460F461646FFF7EDFE2378042103F0F3
S315080074E03F0343F04003237000232846AB812182E3
S315080074F0FFF7ACFF2378667023F0300343EA0711E1
S315080075002170F8BD70B500F1310525F001052B781D
S31508007510064623F00F0302F00F00034328461446DD
S3150800752000F8043B41F0A4F82B8A3046E11889B2EA
S315080075302982BDE8704089E7313121F001010A78D6
S3150800754002F00F02082A00D9FEE70431DAE7838938
S3150800755042891944914200DDFEE789B29142818150
S3150800756000D9FEE7704743898B4200D2FEE75B1AD3
S3150800757043818389C2898B4294BF00235B1A0A44DC
S3150800758088BF9BB2C2818381704770B54489A14286
S315080075902FD215880D44AEB2B14201D8A54201DBFF
S315080075A0641A1480C4899860214489B24F2910D876
S315080075B030300844C1F1500189B2998018601088AA
S315080075C0814228BF0146998011889B88CB1A13806F
S315080075D070BD5039986889B20068986000B9FEE7AE
S315080075E07B2904D804300844C1F17C01E4E77C39DE
S315080075F0F0E70021E7E770B5154686B0ADF8063026
S315080076000DF1060203ABFFF7C0FF2C46BDF810606C
S315080076101EB9601B80B206B070BD0399324620467B
S3150800762041F026F803A90DF10600344432F049FD6D
S31508007630ECE770B5054616460C468B894A89ADF5C2
S31508007640BC6DD21A0F49FFF732F9284606F1100128
S31508007650FFF733FB2846728C0B4901AEFFF727F973
S315080076603246A18940F2DB532046FFF7C4FF0023C8
S315080076703246335405492846FFF744F90DF5BC6DE3
S3150800768070BD00BFF0C80408FFC8040847AF040867
S31508007690CFE738B54589CC18AC4203DCFFF7ABFF1A
S315080076A0002038BD0620FCE70246084649893823EB
S315080076B0383989B2EDE70246084649892C232C3920
S315080076C089B2E6E770B51646313104688CB021F008
S315080076D0010514B920460CB070BD04F1310323F03E
S315080076E001036A885B889A4212D102A8FFF7C9FD8E
S315080076F0214601A8FFF7DFFFBDF82A20738C9A42BE
S3150800770006D106F1100106A8FFF7D8FC0028E1D13A
S31508007710E469DEE738B504460D460B46018900687C
S31508007720FFF7B7FF10B923891D44258138BD13B566
S315080077300B880C460C2B0BD90D2B0CD101210DF106
S315080077400602FFF7E7FF20B99DF806300D332380C0
S31508007750002002B010BD0E2B0CD102210DF106023D
S31508007760FFF7D8FF0028F4D1BDF806305BBA03F25C
S315080077700D13ECE70620ECE773B54FF6FF76C388E2
S315080077800446B34206D001210DF10302FFF7C2FFFA
S3150800779018B1E680002002B070BD9DF80350FF2D99
S315080077A00CD12368E68022895B899A42F2D30620A7
S315080077B04FF6FF73E38000232381ECE72B0920466D
S315080077C00DF10601ADF80630FFF7B1FF0028EFD13D
S315080077D005F00F05204601A9ADF80450FFF7A7FFED
S315080077E00028E5D1216823894989BDF80420C91AEA
S315080077F08A42DCDC1344BDF806102381A388E280A4
S315080078000B44A380C6E730B401F1310222F001022D
S31508007810D48912784D8902F00F0204322244954227
S315080078204FF0000404D3C0E90014028130BCA3E77A
S315080078304FF6FF720481C28030BC0620704710B430
S315080078404C889C4203D309885DF8044B21E706203F
S315080078505DF8044B70472DE9F04786B017461C467D
S31508007860ADF806300DF1060203ABDDF83880FFF7F8
S315080078708CFEBDF810507DB1039EB8F1000F11D0F3
S31508007880B94606EB050AB24513D019F8011B16F8D6
S31508007890010BC0470028F6D1B4FA84F0400906B0B7
S315080078A0BDE8F0872A463946304641F0A6FE00284C
S315080078B0F2D12F4403A9651B0DF10600ACB232F0D4
S315080078C000FCD6E770B586B0ADF806300B44144612
S315080078D09AB2914200D9FEE74289934200DDFEE75B
S315080078E003AB0DF10602FFF750FEBDF810500DB9B7
S315080078F006B070BD21462A46039840F03EFE03A90D
S315080079000DF106002C4432F0DCFBEEE770B500F111
S31508007910310424F00104A37C05465BB14389218A1E
S31508007920994207D1012994BF491A01F1FF3189B259
S31508007930FFF78CFD2378224603F00F032846BDE89F
S31508007940704000210433BDE72DE9F041B0F80A8004
S315080079500F4602EB080399B24145054616460CD375
S31508007960FFF774FD044628B933463A464146284689
S31508007970FFF7A8FF2046BDE8F0810324FAE72DE9C2
S31508007980F043074601239BB057F80C4B8DF805309A
S31508007990037A0646884604F5B55039468DF804300C
S315080079A0FFF712FC002800F0B6802622002103A863
S315080079B040F03FFCD8F80830EBB1204641460DAB05
S315080079C007AAFFF70CFB0446002843D19DF834307C
S315080079D03BB130465349FEF76AFF304607A9FFF721
S315080079E01BFAD8F804000DF12E0137F006FD0446FF
S315080079F080BB08F10808082001A932F05DFB05469E
S31508007A00002800F08A80D8F800404749204637F019
S31508007A10FFF800283ED0D8F804000DA937F0EDFC91
S31508007A20044600283FD13023BDF834808DF808304D
S31508007A30B8F1000F12D16B79306813F0180F31D0F6
S31508007A4000F5B4502A46394603AB183017F0D0F87B
S31508007A50044640BB20461BB0BDE8F08301222846F9
S31508007A6002A9FFF771FF0446E8B99DF808305A2BBA
S31508007A700AD07A2B0AD0392B0AD00133DBB208F1A7
S31508007A80FF381FFA88F8D1E76123F8E73023F6E7CD
S31508007A904123F4E72046254937F0BAF820B3D8F849
S31508007AA0043023B907242846FFF7B0FCD2E74FF085
S31508007AB03209029302230DAA0DF1060102A8ADF8B8
S31508007AC006901BF071FF804608B1242827D1284666
S31508007AD0BDF806200DA9FFF737FF04460028E2D1B6
S31508007AE0B8F1000FE6D1A6E72046114937F090F81D
S31508007AF008B108F10408D8F80040002CD2D0204676
S31508007B0040F04AFE214682B22846FFF71DFF04468A
S31508007B10002890D0C7E70D249CE703249AE704467B
S31508007B20C1E700BF04C904082AC90408B1B5040896
S31508007B302DC90408012207E7FF2313B58DF807307E
S31508007B4043890446B3F5007F0FD20DF10701FFF70D
S31508007B50F1FF40B9012204F1310323F001039A74BD
S31508007B6062891A82A28102B010BD0320FBE703785E
S31508007B701BB1012B03D0002070474068E4E60430AF
S31508007B80FFF7FDBB2DE9F04114469A180E4691B24F
S31508007B9086B08C420546ADF8063029D871899142DF
S31508007BA028DBB0F80A80434499B2414524D3FFF74D
S31508007BB04DFC074648B92146304603AB0DF106028F
S31508007BC0FFF7E3FCBDF810401CB9384606B0BDE81F
S31508007BD0F081234641462846039AFFF773FE44443C
S31508007BE003A90DF106001FFA84F832F06AFAE9E7EC
S31508007BF00727EAE70627E8E70327E6E7F8B504468E
S31508007C000E46154600F13007E3899D420BD85B1BEB
S31508007C106289E381A3892A442B4492B29BB29A4291
S31508007C20628117D2FEE76079C0F3410032F082F92B
S31508007C30D0B123680360E38920604F2B06D8303023
S31508007C40C3F15002F918184440F012FDE3897C3359
S31508007C50E381D9E7A3812EB12B463246002120467F
S31508007C60FFF730FE0020F8BD0320FCE7F0B5064616
S31508007C70B2420C461046194689B001D1A34215D323
S31508007C806B460EAAFFF781FCBDF804500DB909B082
S31508007C90F0BD214630462B46009AFFF713FE2C44CA
S31508007CA069460EA8A4B232F00CFAEDE7BDF83850D2
S31508007CB02C441D44A4B2ADB2BDF83820002AE6D043
S31508007CC0202A174628BF2027ED1BD21BADB2E41B7E
S31508007CD03B462946ADF8382030466A46A4B2FFF737
S31508007CE08AFC3B466A4621463046FFF7EBFDE3E74A
S31508007CF073B5054603796E8940798E42C0F3410211
S31508007D0028BF0E46C3F340038DF80520E98901AA6A
S31508007D1040098DF8043032F04DF90446002832D077
S31508007D20334600222946FFF72DFF48BBAB896289F7
S31508007D30B34228BF33469A4200D2FEE7A381AA7906
S31508007D40A37962F30303A3712B792279DB0963F321
S31508007D50C71222716B796279C3F3C10363F3C40254
S31508007D606271AB69A3612B8A23826B8A63822B7A41
S31508007D702372AB8DA385EB8DE385204602B070BDDB
S31508007D802046FFF743FB0024F7E710B50446FFF744
S31508007D90AFFF98B104F1310300F1310223F001037A
S31508007DA022F0010203F1100153F8044B8B4242F80A
S31508007DB0044BF9D1198811809B78937010BD0B6A12
S31508007DC0994200D0FEE70B796FF382030B710368C3
S31508007DD023B9C1E90733016041607047012A4FF0B2
S31508007DE0000205D0C1E907320368196201607047CD
S31508007DF0CA6143680B62D961EEE70368994204BF1A
S31508007E00CB6903604368994204BF0B6A43600B6AF7
S31508007E100BB1CA69DA61CB690BB10A6A1A62002228
S31508007E200B79C1E9072162F382030B71704710B51C
S31508007E30FFF7E3FFBDE810400846FFF7E7BA10B5BD
S31508007E400446216801B910BD2046FFF7F0FFF8E7A0
S31508007E500B7910B55B0700D4FEE74B79C3F34103F2
S31508007E6000EB83025468A14209D10C6A546034B10C
S31508007E706479C4F341049C421CBF00235360036821
S31508007E80994204BFCB690360CB690BB10A6A1A62CF
S31508007E900B6A0BB1CA69DA6100220B79C1E90721BD
S31508007EA062F382030B7110BD4A7970B5C2F34102C1
S31508007EB014460B79061D43F004030B7156F824305B
S31508007EC01BB90134E5B2042DF8D10B624BB903682E
S31508007ED0CB610160CB6903B1196200EB8200416096
S31508007EE070BDDC69CC61D961F4E78B894989038067
S31508007EF099422CBFC3EB0102C3EB0302DB4392B2E8
S31508007F009BB2934228BF1346438070474388028832
S31508007F10994228BF194612FA81F25B1A02804380F9
S31508007F207047F0B50C46064685B003A802AF15465D
S31508007F30FFF7DBFF20463346BDF80E20BDF80C10D0
S31508007F40009736F0A6FF044668B904213846FFF7BD
S31508007F50DDFFBDF80A30022B08D9822B28BF822301
S31508007F60029828606B80204605B0F0BD0624FAE723
S31508007F70084A138803B9FEE748F24E305368A3FB54
S31508007F80003010EB530044BF20F000400130506031
S31508007F90704700BF58610020814210B5044600D8DA
S31508007FA0FEE7FFF7E5FF091BB0FBF1F303FB110042
S31508007FB0204410BD38B50D46814288BF85B2690098
S31508007FC0044601310020FFF7E7FF2044401B38BD77
S31508007FD010B540B10023441E98B2814203D901333B
S31508007FE0E25C002AF8D110BD0139013811F8012FD9
S31508007FF010F8013F3AB9002B14BF01200220831E56
S315080080005842584170479A42F0D00020F7E7A0F14D
S315080080104103052B04D83738C0B2087000207047D2
S31508008020A0F16103052B01D85738F5E73038C0B2FF
S315080080300928F2D90720704770B504460E46E58828
S31508008040134682880068AA4234BFA91A0021104440
S31508008050324638F059FB002800DAFEE7A388E288A2
S31508008060184480B2904228BF2368A08022BF9B187C
S31508008070002203F8012C204670BD0EB417B504463D
S3150800808005AA52F8041B0192FFF7D6FF204603B053
S31508008090BDE8104003B070474FF434132DE9F0479C
S315080080A094B00293002303AA06460C460D46914651
S315080080B091F810C08DF820300CF10703DB100DF194
S315080080C020085F1CCDF804807F0801F1100A964647
S315080080D0286869680835AEE8030055457246F6D142
S315080080E029788EF800106BB14FF0FF3103F14F027B
S315080080F06A4412F8440CCCEBC30C01FA0CF10140AB
S3150800810002F8441C102BC3F1100292B209EB0300CB
S3150800811088BF0022002140F08CF83A46484601A95B
S3150800812014F09BF9237C0733772B03D8084901A859
S31508008130FFF7A3FF227C074901A8FFF79EFF4246E7
S3150800814030460549FEF7B3FB14B0BDE8F08700BF1B
S3150800815030C9040833C9040847AF040870B5064691
S315080081600D460024AC4201D3012070BD305D0134B8
S31508008170030605D438F0B8FA0028F3D00020F4E74F
S3150800818010F04003FAD0810612D5C20612D50307AD
S31508008190F4D4032307E0AC42F0D0325D013402F098
S315080081A0C002802AEAD1013BDBB2FF2BF3D1D9E723
S315080081B00123F8E70223F6E7436853B9054B5A68E3
S315080081C012B9586040607047526842605A685060F9
S315080081D058607047F01A002003685A1A11EA2201FB
S315080081E038BF194643685A1A13EA220338BF0B46A2
S315080081F0436070474160024A01460248FEF7E6B806
S3150800820068C90408F81A0020F7B5724C04214FF41F
S315080082107A70E56CFFF7CEFE291804F14800FFF7DF
S31508008220E9FF636CD80714D5FFF70EF804F5005577
S315080082300646D5F8E010684636F09CFF05F1E007DB
S315080082400099002940F08180D5F8E00008B92EF0A1
S3150800825031F8636C990625D55F4D95F8D5367BB10F
S31508008260FEF7F2FFD5F8D83603F5C333A0331B1A49
S31508008270002BBEBF95F8F63643F0010385F8F636AF
S3150800828095F8FF16B5F8FC3695F8FE26002970D144
S31508008290002A40F08380002B40F08780D5F8FC0642
S315080082A036F0CBFD636C5A0620D54B4EB6F8B4367D
S315080082B043B1013B9BB2A6F8B4361BB906F5D660A6
S315080082C01EF032FFD6F8B0566DB1013DC6F8B0566D
S315080082D04DB902202DF0A6F8404829461FF002F8AD
S315080082E028462DF0FDF83D481AF08BFB636CDB053C
S315080082F06ED50020034605463949A1F2A466CA7818
S315080083007AB1013AD2B2CA7032B1086806EB830272
S31508008310C2F8A406012001330135232D01F1040119
S31508008320EDD1002104EB830404F5B5540734222B60
S3150800833003DC14F8042B002A46D1002848D108206B
S3150800834003B0BDE8F0402DF0B5BF8B69F31AB3F55D
S31508008350FA6F0AD34B7938465B0902BFD5F8203144
S315080083600133C5F82031FFF762FD6846FFF748F884
S3150800837066E70139C9B285F8FF16002988D11AB10E
S31508008380013AD2B285F8FE2623B1013B9BB2A5F885
S31508008390FC368BB11348FFF70FFF7FE7013AD2B2DD
S315080083A085F8FE26002AEFD075E7013B9BB2A5F8B3
S315080083B0FC36002B7FF472AF95F8D536002BE9D042
S315080083C0012385F8D536E5E704F8041C0133AEE742
S315080083D003B0F0BDF01A0020F03A0020A0410020BA
S315080083E094310020AC410020002A00DAFEE711444F
S315080083F000E738B50D460446FEF726FF2A4601462D
S315080084002046BDE83840EFE710B590F8243004461A
S3150800841043B1012B01D1436983612046A169BDE8B7
S315080084201040E6E74169B1EB510F4FEA510001D917
S31508008430FFF7B2FD0023A061E38384F82530ECE75B
S3150800844010B590F8243004467BB1012B08D1016998
S31508008450C0680131FFF7A0FD60612046FFF7D4FF31
S315080084602046236ABDE81040184790F825306BB1BE
S31508008470012BF5D1426922B10369991A8A4298BF3C
S31508008480530063612046BDE81040BDE7012380F82C
S315080084902530D0E90513C91AFFF7ABFFE28BA38B8A
S315080084A09A42DDD310BD064B06485A69196A9142AD
S315080084B008BF9A6901F1804104BF01329A6199E6C1
S315080084C0F01A00200C1B00208368984203D04368EA
S315080084D0CB1A002B00DA8DE670470146014A02489E
S315080084E0FDF74EBF68C90408F81A0020D1E9003123
S315080084F003F10043013B8B4200D07BE6EDE710B564
S31508008500044692B0684636F0FEFD616802A836F069
S3150800851031FE029931B9694604F11000FFF7E6FF0A
S3150800852012B010BD04A8FFF7BFF868460F99FFF709
S3150800853053FE02A8FEF764FFEBE72DE9F041054676
S31508008540144604301E46069F9DF81C80FFF76FFCF4
S315080085502846FFF7D4FF656A3DB143463A46314699
S31508008560AC46A06ABDE8F0416047BDE8F0812DE958
S31508008570F04192B004460D46416802A836F0FAFD6D
S315080085800B274FF00008029E16B912B0BDE8F0811D
S31508008590314604A8FFF788F825B1294604A8FEF74E
S315080085A08DFD38B1002331462046CDE9008704AA5F
S315080085B0FFF7C3FF02A8FEF723FFE4E72DE9F04F14
S315080085C09FB00093289B064608460193FEF749FE8E
S315080085D002280C4617460CD0032801F1310300F097
S315080085E0F480B28923F00103511C52BAB1815A8032
S315080085F045E006A8FEF745FEFEF726FE3A4600F5D4
S315080086007130D83006F12C09059006AB07F1200C1D
S315080086101D4610685168083203C562452B46F7D1D6
S3150800862010682146286092884846AA803A46FFF78D
S3150800863049F8054618BBF16A03A836F09BFDAA4619
S31508008640AB46DDF80C80B8F1000F40F09D801FFAAC
S315080086508AF3092B03D929464846FFF7E8FB204643
S315080086606189FFF792FB054648B12C2205A9FFF759
S315080086706BF9002800F09E802846FEF7C7FE2046C4
S31508008680FFF744F92046FEF7F3FD002800F0A48022
S31508008690B4F80AB0BBF1000F00F0B88010AB3D4645
S315080086A0994607F1100C1A4628686968083503C206
S315080086B065451346F7D17B8C14AAADF8603005F1F1
S315080086C0100C134628686968083503C365451A46B9
S315080086D0F7D1009A97F825301992019AC3F3001337
S315080086E01A92BDF874209B0222F49F6222F00702B8
S315080086F043F00403134340F6B9314FF4FA60ADF87A
S315080087007430FFF749FC9DF875301C906FF3000331
S3150800871020468DF87530FEF7ABFD9DF8753060F391
S3150800872041038DF87530FEF78FFD9DF87530594673
S315080087309B074CBF1C9B394B18441B902046FFF7E0
S3150800874024FB054600285CD038224946FFF7FCF88A
S31508008750002853D106F10408012229464046FFF7AE
S315080087602EFB3046FFF7CBFE21463A463046FEF74B
S3150800877086FD0446002845D040462946FFF757FBA4
S315080087803046FFF7BCFE3DE011A8FEF77AFD4146EC
S3150800879010A8FEF790FF25B1109AA2EB0B02002A4B
S315080087A002DA4546DDF840B003A8FEF729FE0AF1CD
S315080087B0010A46E7294648460122FFF700FB0599C4
S315080087C006F13400FFF780FE59E723F001035B78D2
S315080087D0002B3FF454AFFEE72046FEF742FD012882
S315080087E014D1009B93B104F1310323F0010393F8EC
S315080087F000B00BF00F0B0BF1040B4FE72846FEF702
S3150800880005FE032420461FB0BDE8F08F3A462146F0
S3150800881030461FB0BDE8F04FFEF731BD486B01008A
S31508008820002307B50093FFF7C9FE03B05DF804FB04
S315080088302DE9F0419CB0C568FEF706FD064604A87A
S31508008840FEF71FFD696802A836F094FC1C274FF056
S315080088500008029C2CB92846FFF751FE1CB0BDE85B
S31508008860F08121460EA8FEF71FFF199BF31A002B6D
S315080088700EDB9DF86D309A0702D59DF86C305BB912
S31508008880002321462846CDE900870EAAFFF755FEA4
S3150800889002A8FEF7B5FDDCE7013B8DF86C301A9BA4
S315080088A020465B001A9333441993382361890DEBEC
S315080088B00302383989B2FFF705F89DF86D30DB07F2
S315080088C0E6D40DF1200C12AB0FCB8CE80F00BDF8E7
S315080088D058300EA904A8ADF83230FEF7B9FC9DF859
S315080088E06D309DF83520C3F3800363F304128DF8C9
S315080088F0352061892046383989B2FFF746FA044699
S315080089000028C5D0014604AA2846FEF7B8FC002868
S31508008910BED02046FEF77AFDBAE72DE9F04701F109
S31508008920310727F0010715467B1ACA891C3B9A426C
S3150800893006460C4694B000D2FEE7B1F80C803846DD
S31508008940FEF7B8FC04233A4641462046A7F80E80AF
S31508008950FEF79FFE00284DD13B7803F00F03082B46
S3150800896048D808F1040120463A1D89B2FEF791FE5F
S3150800897000283FD10DF1180821464046FEF743FF6F
S31508008980002837D14FF6FF79BDF81E304B452CD15C
S31508008990FB89BDF820102046C91A89B23982FEF72C
S315080089A0D6FD7B78013B032B35D9716803A836F0D1
S315080089B0E1FB05F1100ADDF80C90B9F1000F40F063
S315080089C0D480F36C002B40F00B812046FEF750FC58
S315080089D020B92046FEF745FC01285DD12B462246E4
S315080089E00321304636F046FC56E04046FEF7C4FE04
S315080089F00028C9D02B78FF2B4ED02046FEF738FC2E
S31508008A00002849D02B4622460321304614B0BDE83B
S31508008A10F04736F02FBC736ADBB92A46214606F1C1
S31508008A202C00FEF74FFE38BB214603A8FEF7EBFEE7
S31508008A304FF6FF77002840F02981BDF81230BB4277
S31508008A4063D0BDF810300B2B5FD003A8FEF794FE59
S31508008A50F0E72946B26A98470028DED017281BD1C6
S31508008A602B78FF2B18D02B4622468421304614B08B
S31508008A70BDE8F04736F0AEBB41892C3989B2FFF71D
S31508008A8084F9074640B1FEF741FF2A463946304683
S31508008A90FEF7F5FB002857D114B0BDE8F087474527
S31508008AA016BF3A46424602F801ABD7180DF139010E
S31508008AB08F42F1D2BDF814100398C91A89B2FEF78D
S31508008AC09AFD03A8FEF758FE002840F0DF80BDF89F
S31508008AD012304B4503D0BDF810300B2BF1D1BDF841
S31508008AE012304B45DBD100233B70776D9FB9376A4F
S31508008AF0CFB9736C23BB2B78FF2BCDD02B462246E0
S31508008B008421304636F066FBC6E747464FF6FF79BE
S31508008B104FF02F0AE3E72B46224641463046B84730
S31508008B200028E4D0B8E741463868FFF75DFA28B16F
S31508008B302A4621467B68B8689847ADE7FF68D7E7B5
S31508008B402A462146B06CF7E7172808D12B78FF2B61
S31508008B5005D02B4622468421304636F03BFB384664
S31508008B6014B0BDE8F047FEF751BC49464046FEF74B
S31508008B709BFD51460AA8FEF7A1FA20B1BDF8382098
S31508008B806B8C9A4207D09DF82830FF2B03D00CA88F
S31508008B9013F020FA00B32046FEF763FB012815D927
S31508008BA00238C0B2012817D809F1310323F00103AE
S31508008BB05A887B889A420FD12046FEF752FB032833
S31508008BC03FF66AAFDFE800F04F55211449462046C4
S31508008BD0FDF769FD0028EFD103A8FEF711FCEAE6C8
S31508008BE02A462146306D984700287FF455AFECE6B3
S31508008BF07B78002B7FF450AF0B22CDE9003242463A
S31508008C0049463046FFF799FC46E77B78E3B99DF875
S31508008C104D309A070CD543F001038DF84D30B9F85D
S31508008C200A10382338394246484689B2FEF74AFEC2
S31508008C300F9B002B7FF430AF301D4946FFF7F7F83E
S31508008C403046FFF75CFC27E73F2B7FF625AF494602
S31508008C502046FDF728FD00283FF41EAF0023CDE986
S31508008C6000532346CBE72B4622460221304636F0F0
S31508008C7001FB0F9F002FF1D09DF82830FF2BEDD177
S31508008C8000232A4621461098B84705E717283FF4D7
S31508008C9032AF01E730B5C46891B001A836F033FAAF
S31508008CA0216803A836F066FA039D35B901A904F1CF
S31508008CB00800FFF71BFC11B030BD06A8FEF7E1FA65
S31508008CC0294605A8FEF7F7FC0599019B5B1A002BB8
S31508008CD007DB29462046FFF7AAF803A8FEF790FB0C
S31508008CE0E2E701A8FFF778FAF7E770B5D0F8FC30A5
S31508008CF004462BB193F82230022B01D1002070BD17
S31508008D0004F13C063046FFF7E8FB04F16C0504F174
S31508008D10FC039D42F2D095F82220012A01D0243581
S31508008D20F7E7032104F1640010F008F800B1FEE744
S31508008D304FF47A72134BC4F8FC50C4E912234FF669
S31508008D40FF7384F86000A4F85830FFF711F90E4B4A
S31508008D50B0FBF3F202FB130000F57A70206530468B
S31508008D60FFF752FB94F8603053B9636C9E4207D004
S31508008D70A36C226D9A4203D030462365FFF744FB65
S31508008D800120BCE7C0D40100D9D001004160024AE5
S31508008D9001460248FDF71ABB74C90408FC1A0020EC
S31508008DA010B5274C94F87E3F033B032B46D8DFE8E3
S31508008DB003F002061713BDE8104031F09DBBD4F846
S31508008DC0943F987931F0FCF9D4F8940F0E22BDE857
S31508008DD0104000212DF0F4BFBDE8104031F0BEBBB5
S31508008DE0B4F87C3F9B0700D5FEE736F03DFB7F28AD
S31508008DF007D094F98F3F7F2B01D0984201DD84F884
S31508008E008F0FFEF721FAD4F8903FC01A002806DA29
S31508008E10D4F8E01F0B488031BDE81040B6E794F857
S31508008E207E3F94F98F0F022B1CBF022384F87E3FE6
S31508008E302DF04CFBBDE810402DF086BB10BD00BFE1
S31508008E40F02A0020CC3A00200146024A0248FDF7E3
S31508008E5097BA00BF74C90408FC1A00204378FF2B90
S31508008E6004D1408840BA80B204307047981C7047D5
S31508008E7038B505460C46FFF7F1FF294682B220466B
S31508008E80BDE83840FEF760BDF7B50E4617460446FE
S31508008E9002236A4639463046FEF7D1FC054680B9B4
S31508008EA09DF8003023709DF80130FF2B0CD002216D
S31508008EB0607002333A68C4F80220A288934214D933
S31508008EC00625284603B0F0BD0423394630460DEB87
S31508008ED00302FEF7B4FCD8B901236370BDF8063067
S31508008EE004215BBA9BB20433E4E79BB2934228BFE2
S31508008EF013466288A380134472899BB29A42DFD3D1
S31508008F00D4F80230A01DC4F80630FEF7FFFFD8E7F4
S31508008F100546D6E773B5044601A80D461646FEF77C
S31508008F20E4FF2946204601AAFFF7AEFF38B92378A1
S31508008F30B34205D0A18801A8FEF7E8FFF1E717209C
S31508008F4002B070BDF0B585B0054616460A4601461C
S31508008F5001A81F46FFF7DEFF044650B9BDF80820F2
S31508008F603B46B24228BF32462846BDF8061036F0C0
S31508008F70D4F8204605B0F0BD1FB514460A4601468A
S31508008F8001A8FFF7C7FF10B9DDF80A30236004B05F
S31508008F9010BDF0B51746428985B0ADF800101E46DB
S31508008FA08A422CBFC1EB0203C1EB0103C9439BB242
S31508008FB089B2994228BF19460546ADF802106A4695
S31508008FC0014601A8FFF760FF044660B9BDF80C200A
S31508008FD03346974228BF174628463A46BDF80A1030
S31508008FE036F09BF8F455204605B0F0BDF0B51746A7
S31508008FF0428985B0ADF800101E468A422CBFC1EBE7
S315080090000203C1EB0103C9439BB289B2994228BF47
S3150800901019460546ADF802106A46014601A8FFF74B
S3150800902033FF044660B9BDF80C2096420BD8B2420D
S315080090303B4628BF32462846BDF80A1036F06DF87A
S31508009040204605B0F0BD0624FAE710B502231446FB
S31508009050FFF7CCFF10B923885BBA238010BD042321
S3150800906010B51446FFF7C2FF034618B92068FEF785
S3150800907069F92060184610BD30B585B00446154616
S315080090800A46014601A8FFF745FF40B901232A46CB
S315080090902046BDF8061005B0BDE83040A6E705B085
S315080090A030BD002213B504468DF80720084663B97B
S315080090B010210DF10702FFF7DFFF0346C8B99DF837
S315080090C00720B2B1FF2A08BF2523002062786FF374
S315080090D041026270D4E9092160620AB118469047D4
S315080090E041F2883104F1180002B0BDE81040FFF7DC
S315080090F080B90623E9E730B585B0044615460A4621
S31508009100014601A8FFF706FF38B92A462046BDF8EA
S31508009110061005B0BDE8304097E705B030BD30B55C
S3150800912085B0044615460A46014601A8FFF7F2FE31
S3150800913038B92A462046BDF8061005B0BDE83040C5
S315080091408DE705B030BD73B5154601AA04461E461F
S31508009150FFF712FF28B933462A46204601A9FEF72B
S315080091606EFB02B070BD10B5044601448C4202D3B2
S315080091700024204610BDA31C9942F9D36378FF2B1F
S3150800918002D1231D9942F3D32046FFF767FE2044F8
S315080091908142EDD323789342EBD00446E6E70422D6
S315080091A0FEF7D2BB0222FEF7CFBBFF2B73B50546EF
S315080091B016461C4612D18DF805304FF47F438DF8BC
S315080091C0041001A9ADF80630FFF7E9FF20B92246D9
S315080091D031462846FEF7B8FB02B070BD8DF8001080
S315080091E069468DF80130FFF7DDFF0028F4D1002C21
S315080091F0F2D0ECE770B505460E461C4611461846F1
S315080092000BB1FEF7E5FE22463146C3B22846BDE855
S315080092107040CAE707B501238DF807200DF107024C
S31508009220FFF7C3FF03B05DF804FB07B552BAADF804
S31508009230062002230DF10602FFF7B7FF03B05DF81B
S3150800924004FB13B504461046FEF77CF80423019088
S315080092500DEB03022046FFF7A8FF02B010BD10B5BC
S315080092600446FDF7F1FFD4E90031E268C01A9A42D4
S3150800927002D10028A8BF013110BD2DE9F3411E46D1
S315080092801B4B044683424FF000038B4115460AD216
S3150800929015A3D3E900233EF0DBFD16491446024622
S315080092A02846FEF7EAFE144B4EF66021B4FBF3F2AD
S315080092B003FB1244B4FBF1F34FF47A7801FB134431
S315080092C0B4FBF8F728460D490097FEF7D6FE46B1D7
S315080092D0284608FB17420A4902B0BDE8F041FEF7E6
S315080092E0CCBE02B0BDE8F081005C26050000000097
S315080092F0FF5B260537C9040880EE36003DC9040819
S315080093004CC9040813B5006850B14AB141B10023ED
S315080093100068019301AB31F01FFC0FF069FB00B147
S31508009320FEE702B010BD2DE9F843436C1546134419
S31508009330026C044693420E461AD84FF000084F199D
S3150800934000F11009B74214D1636C1D44236C65649F
S315080093509D420BD1B4F850302BB104F110021146DE
S315080093602046FFF7CFFF0023A4F85030BDE8F88366
S31508009370FEE7B4F85030102B06D14A464946204637
S31508009380FFF7C0FFA4F85080B4F850305A1CA4F870
S315080093905020234416F8010B1A7C50401874D1E764
S315080093A02DE9F04F1D4685B09DF838309146029359
S315080093B0C36C826C2B4493420446884629D86FF0C6
S315080093C0200B0F46CA466B18019300F12003ABEB3E
S315080093D0000B0393019B9F421CD1E36C1D44A36CB5
S315080093E0E5649D426CD3B4F850302BB104F11002F9
S315080093F011462046FFF786FF002194F8542002F113
S3150800940021002044C2F10F0205B0BDE8F04F3EF03E
S3150800941010BFFEE7B4F85220102A16D104F1300026
S31508009420024694F854600BEB00018E4206DA10F8F7
S31508009430011D0131C9B201700029F4D020460399F3
S31508009440FFF760FF0022A4F85220029B43BB3E7838
S31508009450B9F1000F0AD0B4F85220511CA4F85210E2
S31508009460224492F8302072408AF80020B4F850203E
S31508009470102A08D104F1100211462046FFF742FFD0
S315080094800022A4F85020B4F850200137511CA4F843
S3150800949050102244117C0AF1010A4E40167499E7CD
S315080094A0B4F852209AF80060511CA4F852102244CD
S315080094B092F830205640B8F1000FD7D03E70D5E765
S315080094C005B0BDE8F08F38B5D0E912329A420446A5
S315080094D00D4600D0FEE700F1300200F12001FFF74B
S315080094E011FF002304F10F0294F855108B4200DB9C
S315080094F038BD12F8011F92F820004140E9540133A3
S31508009500F2E72DE9F04F056889461746A5B0002D04
S3150800951000F020812B68002B00F01F81042B33D02C
S31508009520052B36D0012B40F0DF80A868002800F014
S315080095300E818D4B20F47E149C421AD1EB680BB138
S31508009540E86C38B9894825F00AFF0446002800F077
S31508009550F08038E005F002FD10F1860F06D00028ED
S31508009560F1D09330EED16FF06F00ECE76FF0710039
S31508009570E9E77F4B0340B3F1607F40F0E88005F1EF
S31508009580100026F033FCE0E705F1080005F0E6FCDC
S31508009590DBE7D5F88840764B05F1080B2340B3F195
S315080095A0607F40F0CC80D5F8AC10002940F0CF8021
S315080095B028221AA83EF03DFE1AA840F0F5FD80467E
S315080095C028B16FF09204284626F01EFFB2E0E3B2F7
S315080095D043F0007303F17E43053B062B00F29D80A2
S315080095E0DFE803F0909B9B8D9304850030260423C7
S315080095F0C4F30544B44277D8002C18BF2646202E5B
S315080096007AD85C495A1E51FA82F292F81CA0BAF12D
S31508009610200F7FD8584A584602EB03231A93002393
S3150800962012A9CDE91B33229304F094FA04460028C4
S3150800963071D112991AA840F0BEFD39461AA840F011
S31508009640BAFD6946584604F05EFB0446002862D116
S3150800965069461AA804F094FB584603A904F06AFB65
S315080096600446002857D1012403A91AA847F0005731
S3150800967004F086FBCDF83C9006AB10940FAA119720
S3150800968007CA83E8070019461AA804F079FB12AB43
S315080096900C934AF000530D940CAA0E9309AB07CA13
S315080096A083E8070019461AA840F08EFD1AA840F06C
S315080096B031FA044678BB324612A905F18C003EF011
S315080096C0D7FF0023C5F8AC6012AA02F8083008F1E3
S315080096D00108B8F1200FF7D1212C21D11AA840F0A2
S315080096E063FD00287FF46DAF6FF086046BE714F412
S315080096F07C1FC4F305460BD16FF0890463E71C266B
S31508009700022375E71426012372E7202603236FE751
S31508009710052374E721240026D3E76FF0850452E772
S31508009720002C7FF44EAF1AA840F03EFD00287FF4C7
S3150800973048AF002420460FF05BF988B1FEE71346D0
S3150800974005F188000A46594604F05AFEFDE66FF010
S31508009750880438E76FF08604ECE76FF08804E9E7D9
S3150800976025B0BDE8F08F00BF0002C003009FFFFFD1
S315080097700000C07F64C904080001020308B5006838
S3150800978028B1044926F004FB0FF032F900B1FEE7D0
S3150800979008BD00BF0900000208B5006828B121B15C
S315080097A026F024FB0FF024F900B1FEE708BD10B53A
S315080097B086B00446ADF80630084603AB11460DF1EF
S315080097C00602FDF7E2FEBDF810200AB906B010BD84
S315080097D020460399FFF7E0FF03A90DF1060030F0D4
S315080097E070FCF0E7002307B50068019330B120222A
S315080097F001AB26F023FB0FF0FBF800B1FEE703B040
S315080098005DF804FB73B50C46054646220021A01CEC
S315080098103EF00FFD2C2305F580522380B2F8603602
S3150800982005F50356C3F12C036380B2F8623604F1DA
S315080098300801A38006F10C00FDF750FC04F11001A5
S3150800984006F12000FDF74AFC05F5B35004F11801AE
S315080098501430FDF743FC05F5075004F128010430E0
S31508009860FDF73CFC05F5C05004F130011430FDF756
S3150800987035FC05F5C15069461C30FDF72FFC238ED3
S31508009880BDF8002013442386BDF80220638E1344D6
S315080098906386019A636B1344636302B070BD1F2924
S315080098A09DBF0068C84000F001000020704710B551
S315080098B00B780446FF2B04BF0A230B700B780A4665
S315080098C00133D9B21A29117001D9172010BD2046C3
S315080098D0FFF7E5FF10B90131C9B2F3E70020F5E754
S315080098E0837FC22003F00F03D84000F001007047C1
S315080098F038B501290446456832D130F04FF9237E40
S315080099009A0702D5642828BF64205B0715D5A022CC
S31508009910204BB0F57A7FB3F86A3F28BF4FF47A70C8
S31508009920534303F5FA73B3F57A7F06D34FF47A7285
S31508009930B3FBF2F3984228BF1846637E0F2B02D971
S31508009940BC2828BFBC20A36833F07C4204D0C3F3EC
S315080099501903984228BF1846002808BF0A206060E5
S31508009960FDF772FC6369014604F10C0098420DD0BC
S315080099706268AA420DD0531A24680A3BE3424CBFD8
S315080099800A222146BDE83840FEF72EBD62682160EE
S31508009990F8E738BDF02A002008B531B1092914D9ED
S315080099A06FF07C43994228BF19468368C3F31902AE
S315080099B08A4208D061F319038360037EDB0702D568
S315080099C00121FFF795FF002008BD0720FCE700F5F9
S315080099D004503830E0E710B5038904468B4205D1B8
S315080099E0BDE810404FF400402FF08CBF01814FF4C2
S315080099F000402FF053FF2089BDE8104030F00CB925
S31508009A0010B5027804465107437817D4120701D5D2
S31508009A10F3B110BD002BFCD1B0F8A030FBB190F823
S31508009A203630072B1CBF072380F83630838E19067D
S31508009A30EFD4BDE810403430FCF7F6BE002BE8D171
S31508009A404388180604D5E16904F1D000FEF7D2FB75
S31508009A50E17A04F13400BDE8104035F0B4BA90F864
S31508009A604630DA070AD4838EDB0507D594F83630F4
S31508009A70012BCED0012384F83630CAE730F072FBCA
S31508009A800028C6D1F2E738B500F5805494F80C28BA
S31508009A90054612BB94F8482F114B61F3C30284F8AC
S31508009AA0482F104A186811703FF073F900B1FEE7A5
S31508009AB094F8483F05F5FA505907C3F3800258BF92
S31508009AC0C3F3C00294F88E3F083062F3000384F8AB
S31508009AD08E3FFFF795FF002038BD0D20FCE700BF3D
S31508009AE0641900205C190020012342888B40134327
S31508009AF04380437813B9C830FEF75EBB704770B52C
S31508009B000578ED071DD54578012D1CD0468816F039
S31508009B10020F18D1022D16D0C6F38005760712D487
S31508009B208362049B4282C362FF230374C3680029CD
S31508009B3008BF19460B4043610221FFF7D5FF2846A7
S31508009B4070BD0D20FCE70520FAE770B50578ED072E
S31508009B5022D54578012D21D0468816F0020F1DD151
S31508009B60022D1BD0C6F38005760717D48362049BA3
S31508009B70002AC3624FF0FF030374C36808BF4FF49B
S31508009B809672002908BF19460B404282436101219B
S31508009B90FFF7AAFF284670BD0D20FCE70520FAE767
S31508009BA000230380704700F44052B2F5005F034675
S31508009BB020D148F2400220F44E5020F03F00904257
S31508009BC01ED00CD8B0F5446F1AD005D8C8B1B0F578
S31508009BD0046018BF01207047B0F50040F9E703F4A8
S31508009BE04C43B3F5404F0BD04CF64043C01A18BF50
S31508009BF00120704710F4406F14BF01200020704701
S31508009C000020704738B505680C46284635F0A6FC8E
S31508009C10FFF7C9FF40B1284635F0A2FCFF2803D05C
S31508009C202B5A0020238038BD0620FCE738B5056886
S31508009C300C46284635F092FCC30500D5FEE7AC7005
S31508009C4038BD00F44053B3F5005F04D100F44C432B
S31508009C50B3F54C4F07D0B0F5804F04D380F04000E1
S31508009C60C0F3801070470020704710B58388032B17
S31508009C7012D9006835F072FC80F480720446C2F38B
S31508009C800021FFF790FF48B98A1CC4F38123022BF1
S31508009C9006D0032B17D02BB1FF2212E00A1DF4E7DA
S31508009CA00232D2B22046FFF7CCFF08B10232D2B256
S31508009CB0C4F38134022C08D0032C09D0002C18BF19
S31508009CC0FF22104610BD0832EBE70232D2B2F8E79F
S31508009CD00832FBE7F8B507680E46384635F03EFC0D
S31508009CE00546FFF7AEFFD0B1384635F039FC0446D5
S31508009CF02846FFF758FF08B10234E4B2C5F38125B8
S31508009D00022D07D0032D08D0FF2C08D000203B5B7E
S31508009D103380F8BD0234E4B2F6E70834FBE70620E0
S31508009D20F7E710B583880446022B07D9006835F093
S31508009D3030FC18B12046BDE8104096E7FF2010BD5C
S31508009D4038B505460C46FFF7ECFFFF2817BF2B680A
S31508009D5006201B5C00201CBF03F00703237038BDD8
S31508009D6038B505460C46FFF7DCFFFF2817BF2B68FA
S31508009D7006201B5C00201CBF03F01803237038BDA7
S31508009D8038B505460C46FFF7CCFFFF281FBF431C16
S31508009D902A68DBB2D3581ABF00202360062038BDD4
S31508009DA038B505460C46FFF7BCFFFF2800D1FEE78D
S31508009DB02A68431CD9B2545452FA83F3220A5A70B9
S31508009DC0220C240E9A70DC702B7F43F001032B774C
S31508009DD038BD00F01800102805D0A0F11803584225
S31508009DE05841C00070470420704708B5430702462B
S31508009DF008D0FFF7EEFF12F0180F0CBF053006303B
S31508009E00C0B208BDFF20FCE72DE9F04F057B0688A8
S31508009E10B0F8029087B0031D012D04460F4646EAA6
S31508009E20090B019330D0022D0CBF0322002294F8AF
S31508009E3016A04BEA823BBAF1010F04F10E0825D0B1
S31508009E40BAF1020F2FD0BAF1000F21D1A37F94F8EF
S31508009E502120003B18BF0123B9F5805F4BEAC303F5
S31508009E6005D0B9F5005F21D0B9F1000F29D145B168
S31508009E70BAF1000F05D0208B618B884208BF43F0EA
S31508009E804003D60721D5FEE70222D0E74BF4006B44
S31508009E905146E08935F0ABF80028D7D1022E18BF15
S31508009EA04BF0200BD2E74BF4406BF1E7BAF1000F09
S31508009EB040F09480617F002D40F08880002940F0B2
S31508009EC09A80D50748BF43F48073C2F3400243EA39
S31508009ED042253B6804A804934FF4FE0329460593DC
S31508009EE035F023F9E80503D4012104A8FCF722FA82
S31508009EF02846FFF758FE18B1618B04A835F015F906
S31508009F0004A8414635F01CF92846FFF79AFE18B111
S31508009F10218B04A835F009F9211D04A835F010F99C
S31508009F20BDF81430BB80A67FA6B1E37F0DF10F0103
S31508009F301E4304A88DF80F60FDF740FA3046FFF778
S31508009F4054FF411E89B204A8FCF7F4F93046FCF721
S31508009F50A1FA064694F8213099070ED5022104A8DD
S31508009F60FCF7E8F90D2304214370017004A8FCF7F7
S31508009F70E1F93B7F43F008033B77AA0523880ED512
S31508009F80032B03D094F821305B0714D4022104A8CC
S31508009F90FCF7D0F96FF07F0303703F2343702388E3
S31508009FA0032B08D194F820300DF10F0104A88DF881
S31508009FB00F30FDF703FA0236B1B204A8FCF7BAF976
S31508009FC0BDF81430BB8007B0BDE8F08F00297FF4D8
S31508009FD078AF217F00297FF474AF0CE00DB9617F5B
S31508009FE0F8E7022D02D1BAF1020FF8D0208B618B67
S31508009FF088427FF466AF43F0400362E770B50546D2
S3150800A000FFF733FEFF28044611D02E68304635F098
S3150800A010C0FA60B1A9888C420BDA305DFFF7E5FE1D
S3150800A020FF2808D00444E4B2A142B8BFFF24204662
S3150800A03070BDFF24FBE70446F9E770B506460D46F2
S3150800A040FFF76FFEFF28044609D03268105CFFF759
S3150800A050C0FE22440244002053792B7070BD0620AE
S3150800A060FCE770B506460D46FFF75BFEFF2804467B
S3150800A07000D1FEE73268105CFFF7ABFE22440244CB
S3150800A080557170BD10B50446FFF74BFEFF2806D084
S3150800A0902368185CFCF7FEF90230C0B210BD022036
S3150800A0A0FCE770B50646FFF7A9FFFF2804462CD043
S3150800A0B03568284635F052FA83051BD53046FFF732
S3150800A0C0E1FFB188A21C93B210FA82F28A4205EB2C
S3150800A0D004061CDC2A5D02F07F0213449CB210FAC7
S3150800A0E083F3994213DB3288C2F3C7127F2A01D061
S3150800A0F09942E7DC2B7803F00703032B05D12846A2
S3150800A10035F03DFA08B90134A4B2E0B270BDFF24B7
S3150800A110FBE738B50546FFF7C4FFFF28044614D009
S3150800A1202868037803F00703032B04D135F027FAD0
S3150800A13008B10134E4B22846FFF7A4FFAB8804440B
S3150800A1409C42CCBF0620002038BD0620FCE710B58F
S3150800A1500446FFF7A6FFFF2816BF23680020C0188D
S3150800A16010BD10B50446FFF7F2FF2368C01AC0B247
S3150800A17010BD70B505468688FFF7F3FF04462846E6
S3150800A180FFF780FF0444301B80B270BD10B504464B
S3150800A190006835F0E3F9830503D52046BDE810408D
S3150800A1A02CE7FF2010BD08B530F048FA003818BF74
S3150800A1B0012008BD08B530F041FA00B1023008BDEB
S3150800A1C000232DE9F0419EB003930AAB08930823B8
S3150800A1D0044600680D46ADF8243035F0DAF9002853
S3150800A1E059D020460DF10B01FFF7AAFD002852D1E0
S3150800A1F0204603A9FFF7C4FD064600284BD10DF1FA
S3150800A20010084346286869689DF80B2003C303981D
S3150800A2101946FDF73AF8A3688DF81C20196808A8AE
S3150800A22034F06CFF2046FFF72DFF05462046FFF762
S3150800A23098FF07462046FFF79CFFAB1EDBB2024697
S3150800A240394608A8CDF800802FF0D6F92046FFF742
S3150800A25088FF25680246294608A8FFF764F82046BD
S3150800A260FFF775FF05462046FFF783FF2A46034694
S3150800A270294608A80096FFF793F82046FFF702FF3D
S3150800A280A38825681B1AE91808A8FFF71CF9237F75
S3150800A29043F0100323771EB0BDE8F0810023F0B524
S3150800A2A0A3B003930EAB0C930823044600680D462F
S3150800A2B01646ADF8343035F06CF930B120460DF15C
S3150800A2C00B01FFF73DFD10B1082023B0F0BD204675
S3150800A2D003A9FFF755FD0028F6D104AF3B462868C9
S3150800A2E069689DF80B2003C303981946FCF7CDFF50
S3150800A2F031680CA88DF81C2034F000FF2046FFF7C3
S3150800A300C1FE851E2046FFF72CFF06462046FFF7AE
S3150800A31030FFEDB22B46024631460CA800972FF0C7
S3150800A3206BF92046FFF71DFF2668024631460CA842
S3150800A330FEF7F9FF2046FFF70AFF06462046FFF715
S3150800A34018FF01220346314600920CA83246FFF751
S3150800A35027F808A90CA8FFF7B6F82046FFF792FEDB
S3150800A360A3882668181A31182A4608A83FF045F91E
S3150800A370003818BF0120C000A7E70B6803604B68C8
S3150800A3804360037883F0020303707047082208B518
S3150800A3903FF033F9B0FA80F0400908BD10B504461D
S3150800A3A000680EF0D5FC4FF00043236010BDF0B5F1
S3150800A3B0002787B0044600680E46154605970EF036
S3150800A3C0C7FC4FF00043236010234FF41051CDE92A
S3150800A3D00163074A45F44073009705A81EF0A7FFD6
S3150800A3E00EF006FB00B1FEE7059B236007B0F0BD43
S3150800A3F00044400408210EF0A1BC2DE9F04F0026C8
S3150800A400A74B8FB0D3F828900096B9F1000F00F04B
S3150800A410228303F500549E6294F85931002B4BD0E1
S3150800A42019F0030F14D004F55A71A1F6344014F04C
S3150800A430E9F858B904F55C70FFF7DCFF00B1FEE7F0
S3150800A44098482FF00DFA10202FF028FA2FF0BCF9B3
S3150800A45019F4405F04D02BF00BFC08B12FF0B4F9C7
S3150800A46019F4007F05D019F0040F02D18E4814F0B4
S3150800A47061FA19F4827F0AD019F4807F04D194F81E
S3150800A480590134F004FC10B1874813F0B5FD19F4EE
S3150800A490800F11D0854B08A8D3F8542F93F8521F74
S3150800A4A00892FFF7FCF9024630B994F859311BB106
S3150800A4B001467F4813F00AFF19F40073019300F070
S3150800A4C0468194F859310BB12AF01EFF4FF0000A65
S3150800A4D001235746D04602AA8DF8083003928DF814
S3150800A4E010300DF1200B5146724803AA2BF02CF9B7
S3150800A4F0824688B9B8F1000F3AD14FF6FE73A4F830
S3150800A5009036009BC4F89456A4F8923684F8986658
S3150800A51000202AF0E5FF62E0664B08930023CDE9A8
S3150800A52009A3584618F0ABFF0028DCD10A9A5378DD
S3150800A530023B062BF5D9B8F1000F16D094F87F1117
S3150800A540538889025BBA89B21FFA83FC61450CD02D
S3150800A550B8F802305BBA9BB29942E2D010793978E2
S3150800A560884202D8DDD19C45DBD99046171DD8E72D
S3150800A570B7F80130B8F802205BBA98B20090D7F85D
S3150800A5800300FCF7DFFE91B2054652BAB4F890060E
S3150800A5901FFA82F840453E784FF6FF602AD081427E
S3150800A5A0ABD0B5F5967F38BF4FF496754249A4F8F7
S3150800A5B090268D4228BF0D460120A4F89236C4F88D
S3150800A5C0945684F898662AF08BFF94F85B319D07B9
S3150800A5D002D42AF076FF10B1384812F09DFE002307
S3150800A5E0344D03935A46284603A91DF041F8D0B1C5
S3150800A5F000211EE0814280D0B5F5967F38BF4FF422
S3150800A60096752D4A954228BF154694F89826B24263
S3150800A610D2D1B4F892260099C4F894568A4218BF43
S3150800A620A4F8923674E79DF832305807C3F38001D0
S3150800A630D8D594F8AC7681B9002F4AD01122204893
S3150800A6403DF0F7FD94F8D436D90702D51B4834F007
S3150800A65096FD1A4812F038FE3BE09DF83050BD4290
S3150800A66006D12A4658461649FCF748FE854229D996
S3150800A6705E4604F29C650FCE0FC533682B704FB14A
S3150800A68094F8D4360D48DA0702D534F078FD0B482D
S3150800A69012F01AFE94F8AC36002B40F0EE80FEE776
S3150800A6A0F01A0020583E0020483C0020F02A0020DE
S3150800A6B0E43D0020284000209BC42000A84100203B
S3150800A6C08C410020B649A1F57B6013F09BFF00285A
S3150800A6D0E0D005250026DFF8F88208F62847013D70
S3150800A6E040F0EC802E464FF0010A03955A46AD48D5
S3150800A6F003A91CF0BDFF0546002800F00681002EC0
S3150800A70000F03381A84DB5F8B83873B9022105F6BB
S3150800A710A80012F097FC40F2222105F6A80015F0D1
S3150800A72033FD05F6A400FEF7E0FAD4F8745775B1C0
S3150800A7305A4609219B4818F08DFE40B12846FCF779
S3150800A74065FE00239948C4F87437FDF7C6FE40F63F
S3150800A750040319EA030F1CBF0023C4F8583640F651
S3150800A760042319EA030F02D091481DF037F919F0AE
S3150800A77004080DD094F85931022B00F2FD808D485B
S3150800A780FDF7ABFE00238C4884F80E38FDF7A5FECE
S3150800A79019F0805F844E2FD0002308A808932AF06A
S3150800A7A005FE48BB089D3DB3D4F804389D4223D026
S3150800A7B0D6F8543F1D40C4F8045825B97D48FDF71E
S3150800A7C08CFE84F80E58FF2300258DF80C3003A95B
S3150800A7D008A8FFF76CF82B4601350028F7D0DAB23F
S3150800A7E0764B7748B3FBF2F3C4F8083896F8523F2D
S3150800A7F084F8103812F04AFC19F4804F06D096F8FF
S3150800A800523F6F4884F8103812F040FC19F4805F04
S3150800A81003D000216B481CF065FDB8F1000F06D087
S3150800A82094F85931022B02D101202AF059FE019BD6
S3150800A83083B15B49A1F57B6013F0E4FE50B158483B
S3150800A84008A932F02BF89DF832309D0702D45E48ED
S3150800A85012F03AFD94F8590134F019FA002840F03C
S3150800A860BF80C4F8FC0696F8A439002B40F0208176
S3150800A870B8F1000F00F0C780FBE0494884F8F436C9
S3150800A880FCF79EFC514901F1480011F0BBFCD4F8D5
S3150800A890DC36D4F8E02613430AD01146D4F8DC0691
S3150800A8A004F2EC6383E80300474812F000FD10E762
S3150800A8B0454812F0DFFC0028F6D00AE798F822305F
S3150800A8C003B3D8F81C30EBB103965A46384603A9A9
S3150800A8D01CF0CEFE30B140462EF086FF002388F8E5
S3150800A8E022300FE09DF83130DB06EED598F81020BF
S3150800A8F09DF830309A42E8D15946404611F078FC26
S3150800A9000028E2D008F12408E9E69DF83130DF0690
S3150800A910C3F300187FF5EAAE05269DF830702C4B78
S3150800A920013E0AD1FDB19BE80F002F7485E80F00A0
S3150800A93085F822A02B46EE6112E093F8222022B970
S3150800A940002D08BF1D462433EAE71A7CBA42FAD11D
S3150800A95018465946009311F04BFC009B0028F2D08C
S3150800A960BDF834201A844646C0E61A48FDF7B5FDF8
S3150800A970194812F029FBD8E60823A4F83C38002326
S3150800A980164984F84438C4F82C18C4F83018FDF76A
S3150800A990EFFA0948C4F83418FDF736FDF8E600BFA3
S3150800A9A0D441002028400020F02A002068420020D8
S3150800A9B0304100200443002010430020C13F050019
S3150800A9C0F4420020A0410020A84100208C4100202C
S3150800A9D000340020D033002098330020807F0A00FE
S3150800A9E009F00105B8F1000F38D1002D58D196F8B5
S3150800A9F0A43943B1019B002B5DD119F0020F02D097
S3150800AA00854811F064FE19F4047F02D0834815F0D6
S3150800AA1019FC19F0130F12D096F8553B7BB1002795
S3150800AA20D6F83457DFF81082002D40F0CD80002F7D
S3150800AA3040F0E68094F87B339B0740F1D580784B4D
S3150800AA401D4693F84040073403EBC40405F1380368
S3150800AA509C4240F0DA800FB0BDE8F08F94F8583188
S3150800AA60580702D56F4812F057FC75BB96F8A439FB
S3150800AA70F3B994F8590134F00AF90246002800F0AF
S3150800AA809580664812F05CFA96F8DC3A012BBAD142
S3150800AA900421624811F0F9FE604811F0DAFFB2E7C6
S3150800AAA094F8FF36012B14D196F8A439002BAAD0B6
S3150800AAB0019B002B75D04FF0050A5B4DBAF1010AD0
S3150800AAC00FD1554811F003FED2E694F8FF36012B54
S3150800AAD0CCD0012384F8FF36D4F8FC0634F0ADF95F
S3150800AAE0C1E6AB7C990701D42035E7E7002302933A
S3150800AAF04E4808AA02A91CF0BBFD0746C0B1EF697B
S3150800AB00002FF1D1AB7C13F0010B42D0FCF79CFB74
S3150800AB1000F5922101F57871012938BF01214448D1
S3150800AB20E961FDF7D1FC394628462AF0BDFDDBE789
S3150800AB309DF831301A07DBD59DF832305B07D7D43C
S3150800AB409DF83030402BD3D1294608A811F0B0FD26
S3150800AB500028CDD0D6F8A83953B1314808A9984766
S3150800AB6030B128462EF040FEAB7C67F34103AB7448
S3150800AB70284603A931F092FE9DF81E30980748BF73
S3150800AB809DF81D702B7EBB42AED02F762EF01CFE94
S3150800AB90AAE728462EF028FEAA7C6BF34102AA747F
S3150800ABA0A2E719F0020F3FF463AE8AE796F8DC3A9B
S3150800ABB0002B3FF428AF1F49184811F0F7FE012172
S3150800ABC0164811F062FE1EE7454517D028462DF0B7
S3150800ABD02DFCEB7CC3F3400398420CD023B1AB7C2D
S3150800ABE0990701D5DA0707D50C4811F03BFE0B4843
S3150800ABF011F02FFF23E708B10137BFB26D6913E7DC
S3150800AC00B6F8E03ABB42EFD119E7AB6B13B1484649
S3150800AC10E96B9847083519E794340020CC350020AD
S3150800AC20F01A0020A8410020A8340020284000205F
S3150800AC309C34002085C90408583E002001F1080309
S3150800AC4013F8012D8B4200F8012BF9D17047F8B59E
S3150800AC5007680E46384634F083FC0446384634F016
S3150800AC607DFC0546FEF79FFF04EB4003DBB2FF2B96
S3150800AC7013D0C5F38120022805D0032807D0002366
S3150800AC8000203372F8BDFB5A33800123F8E7F91820
S3150800AC903046FFF7D3FF0223F2E70620F2E7F8B5BE
S3150800ACA007680E46384634F059FC0546384634F0EF
S3150800ACB057FC04462846FEF776FF08B10234E4B28C
S3150800ACC0C5F38123022B12D0032B13D02846FEF797
S3150800ACD0B8FF08B10234E4B2FF2C06D0C5F38135BB
S3150800ACE0022D09D0032D0DD04DB1062009E00234FE
S3150800ACF0E4B2EBE70834FBE701253B5B3380002031
S3150800AD003572F8BD30463919FFF798FF0225F6E780
S3150800AD1008B5044BC180002218683EF02EF800B131
S3150800AD20FEE708BD6419002007B50A68C0F80A20BE
S3150800AD304A68C0F80E206846FFF780FF0723094ACD
S3150800AD401DF80310013B02F8011BF9D2064B00223D
S3150800AD50694618683EF017F800B1FEE703B05DF8DB
S3150800AD6004FB00BF60610020641900202DE9F04152
S3150800AD700446B0F86C600EF0C8FEE36F364AC11A96
S3150800AD8094F8800000233230A1FB00013DF060F802
S3150800AD90A02794F881307E4303EB830300EB43003E
S3150800ADA000F1780800F5647520467608B54230F853
S3150800ADB0843B28BF3546B04528BFB04613F080020D
S3150800ADC0A16F1FD0B4F86C607E433144491BFDF770
S3150800ADD0DDFFA36F616F3344A367204B72181A61B6
S3150800ADE0A378626713F0FD0F33D094F86E00A5F5CB
S3150800ADF0167508EB0502491B00F07F00BDE8F04117
S3150800AE0034F06ABB94F86E30DE090BD062F3C713D0
S3150800AE1084F86E30491BFDF7B9FF2046BDE8F041BE
S3150800AE20FBF702BD4144B4F86C50FDF7AFFF94F848
S3150800AE306E307D4343F0800384F86E3009F086F85F
S3150800AE40A26F636F2A44A267044A2B44636713619F
S3150800AE50E3E7BDE8F08100BF40420F00701A00200A
S3150800AE60F8B50446B4F86CC090F86E008C45069D9B
S3150800AE70B4F8706000F07F070CD094F86E0062F3A7
S3150800AE80060084F86E004FF6FF729142A4F87030FF
S3150800AE900CD1FEE7974206D062F306009E4284F87C
S3150800AEA06E00F0D1F8BD9E42E7D1FBE74FF6FD7282
S3150800AEB0934209D815480246C16022F8023B2B681E
S3150800AEC0C0F802306B68536094F86E30A4F86C10C2
S3150800AED06FF3C71384F86E3004F18400FDF7B4FFEE
S3150800AEE0B4F86C304BB10EF010FE606709F02EF81E
S3150800AEF0A0672046BDE8F84038E723881B06D1D46A
S3150800AF002046BDE8F840FBF78FBC00BF701A00204A
S3150800AF1013B590F82030DB0717D590F8212002B931
S3150800AF20827A0B4C343004F5C073009330F8121C47
S3150800AF30B4F89C31FFF794FF2EF039FC04F5AC7099
S3150800AF4002B0BDE8104013F0F5BC02B010BD00BF5A
S3150800AF50F03A002008B519B1A1F10B030F2B0ED852
S3150800AF6000F5805393F8692F8A4206D000F5FA5007
S3150800AF7083F8691F0830FFF7CBFF002008BD0720BC
S3150800AF80FCE710B504460C30FEF789FC00B3A27A3C
S3150800AF908A4205D14FF480402EF0B4FC002010BD43
S3150800AFA04FF48040A1722EF079FC04F5B470FEF7D8
S3150800AFB0F7FD23789B06F1D4A37AE37294F821303F
S3150800AFC013B92046FFF7A4FF2046FEF719FDE5E76B
S3150800AFD00720E4E71FB590F820300446990703F0E8
S3150800AFE001020ED5418C61B1F2B943F0010380F834
S3150800AFF02030FFF78DFF204604B0BDE81040FEF76D
S3150800B000FFBC8AB1002294F8203011466FF3000382
S3150800B01084F8203002AB009304F134004FF6FE7337
S3150800B020CDE90222FFF71CFF04B010BD024608B5A1
S3150800B03069B902F58052B2F86A3F00F5FA5008304D
S3150800B0401BB1A2F86A1FFFF7C5FF002008BDA020A4
S3150800B050B1FBF0F300FB1310F0B94FF6FF70834213
S3150800B06028BF0346B1F51B5F9BB215D302F5FA500C
S3150800B07002F58052B2F86A1F08308B42E5D0A2F872
S3150800B0806A3FB1FA81F2B3FA83F352095B099A422D
S3150800B090D9D1FFF73DFFD8E70720D7E7004865E68F
S3150800B0A06C3A00200A4690F8FE10FEF75CB80029B4
S3150800B0B010B514BF33210E211446FFF7F3FF38B13C
S3150800B0C0D0F802302360D0F806300020636010BD47
S3150800B0D01720FCE7F8B5044618300D46FDF7FDF9CC
S3150800B0E04FF0FF3323746374A374E3742375637595
S3150800B0F0A375E37523726372A372E3722373637392
S3150800B100A373E37395F8FE30DBB1264663782846C9
S3150800B11043F00103637016F8087B32463946FFF799
S3150800B120C6FF28B996E8030004F1100383E8030074
S3150800B13017B928462EF0FEFB2078BDE8F84033F014
S3150800B14008BFF8BD2DE9F0410746884603261B4D82
S3150800B15086B0013E02D106B0BDE8F0813B7803BB5C
S3150800B1606B7803F50033404629780593FFF79AFF75
S3150800B170044600B34278F2B1FF2A0CBF0423022327
S3150800B18003440193012341F20101029200934FF017
S3150800B190004205A81EF0CBF80DF02AFC014610B1B6
S3150800B1A0FEE7AB78DDE76278FF2A0CBF04200220B1
S3150800B1B020443DF03EF80335CBE700BF8DC90408AF
S3150800B1C070B50D46C2B00446FBF7BEFA95F8FE60A8
S3150800B1D0002E3BD12378002B14BF022001202BF030
S3150800B1E007F90C2800D1FEE7637866F300032246C8
S3150800B1F06370284612F8081BFFF759FF48B14FF04D
S3150800B200FF3323726372A372E37223736373A373A8
S3150800B210E373FCF719F823786060012B2FD11948DE
S3150800B220FDF75BF934212846FFF73CFF38B3FBF7F7
S3150800B23046F9154B0246984228BF1A46D5F800111A
S3150800B240104842B0BDE87040FDF7CEB801A833F00B
S3150800B25088FE3246294601A83DF00AFAD5F800319B
S3150800B260204601A941938DF80261FFF76BFF20780C
S3150800B27001A92EF08DFA637843F00103B7E742B0CF
S3150800B28070BD00BF8C3900200014730F70B50C46D2
S3150800B2900546C2B001A833F064FE94F8FE60214664
S3150800B2A0324601A83DF0E4F9D4F80031284601A950
S3150800B2B041938DF80261FFF745FF287801A92EF022
S3150800B2C067FA42B070BD10B591F8FE200446FF2A11
S3150800B2D009D080F8FE203DF0CBF9FBF7B5FFC4F89E
S3150800B2E00001002010BD0720FCE72DE9F8430F46B2
S3150800B2F0984690F8FE4005461646FFF7D3FEC4F179
S3150800B300FE040146A4B208F1020918B94C450AD24E
S3150800B310032021E0437802331C44A4B24C45F7D3FA
S3150800B3202846FBF72DFA95F8FE30B8F1FF0F994439
S3150800B33005EB030085F8FE90EF5414BF022304239F
S3150800B3404246314680F8018018443DF091F9FBF7F2
S3150800B3507BFFC5F800010020BDE8F88310B5044658
S3150800B360FFF7A0FE014620B12046BDE81040FBF7D6
S3150800B37007BA10BD00232DE9F74FFE2281F8FE30EB
S3150800B38003780546002BADF8042014BF02200120DF
S3150800B39001AA0C4631F0F4F80746002842D1BDF858
S3150800B3A00430FE2B3DD88146314E84F8FE3006F136
S3150800B3B0060B2B78002B39D196F801A02046317858
S3150800B3C0FFF770FE804698B142788AB1FF2A0CBF13
S3150800B3D00421022101AB01440AF500300DF06EFC90
S3150800B3E038BB98F80120019B9A4218BF4FF0010913
S3150800B3F003365E45DDD1B9F1000F03D02146284654
S3150800B400FFF744FF2B78BBB933212046FFF7A6FF89
S3150800B41034212046FFF7A2FFFBF716FFC4F8000108
S3150800B42000E01727384603B0BDE8F08F96F802A06B
S3150800B430C4E74FF00109DBE734212046FFF732FE67
S3150800B44006460028EED0FBF73AF80A4B6D68984294
S3150800B45028BF18468046FBF7F7FE431B98458ABF68
S3150800B4602D1A002005EB0800B11CFBF70EFFD3E7E9
S3150800B4708DC904080014730F30B50446C3B001A87B
S3150800B48033F06FFD01A92046FFF774FF054601A9B1
S3150800B4902046FFF71FFE284643B030BD70B50C4660
S3150800B4A00546C2B001A833F05CFDFF220021204604
S3150800B4B03CF0BFFE284601A9FFF75CFF054640B9E8
S3150800B4C09DF802612046324601A93DF0D1F884F87C
S3150800B4D0FE60284642B070BD4FF0FF3310B50446F3
S3150800B4E0037443748374C374037543758375C37592
S3150800B4F0037243728372C372037343738373C37392
S3150800B50043786FF300034370FBF71EF92378002B8B
S3150800B51014BF022001202AF06BFF0C2800D1FEE799
S3150800B52004F11800FCF7D9FF2378012B02D104484F
S3150800B530FCF7D3FF2078BDE8104033F00ABD00BF02
S3150800B5408C39002038B500F5005393F85931044674
S3150800B55093B900F5FA500830FFF713FD054648B9C8
S3150800B56004F5F2500430FFF7B7FF04F5F350103036
S3150800B570FFF7B2FF284638BD0D25FBE738B500F5BD
S3150800B580005393F85951044685B900F5FA50083026
S3150800B590FEF721FA04F5F2500430FFF79DFF04F593
S3150800B5A0F3501030FFF798FF284638BD0D25FBE706
S3150800B5B02DE9F04105460E46B9B300F5005393F858
S3150800B5C05941A4BB00F5805800F5F657D8F8D80EAF
S3150800B5D01837814210D14FF480202EF093F905F5E3
S3150800B5E0F2500430FFF778FF05F5F3501030FFF7F7
S3150800B5F073FF2046BDE8F0810DF0AAFB4FF48020CA
S3150800B600C8F8D86E2EF04AF94FF480702EF046F935
S3150800B6103846C8F8DC4E12F01FF9064BC3E96444F5
S3150800B620C3F89841C3F88C41D9E70724E1E70D240C
S3150800B630DFE700BFF03A002070B58CB0054602A8D7
S3150800B6400C46FBF71EFE4FF2BF03ADF82A306B78A7
S3150800B6509B0726D42B78002B14BF1C200D202AF01C
S3150800B6609BF90646F8B1214694F8FE20FCF76CF9DA
S3150800B670044690B902A81BF03FFD31460B4B0C4817
S3150800B680009502AAFCF79AFF044630B96B7843F096
S3150800B69002036B7020460CB070BD3046FBF7B6FE51
S3150800B6A0F8E71824F6E70324F4E700BFA390000898
S3150800B6B00033002038B515462AF07EF9044650B105
S3150800B6C001462A460448FDF7ABF820B12046BDE8F6
S3150800B6D03840FBF79BBE38BD00330020024690F881
S3150800B6E0403030B5C4189442154606D1402B08D0D0
S3150800B6F05A1C80F84020C15403E02D7801328D424F
S3150800B700F1D130BD2DE9F0419CB0804601A80C4628
S3150800B7101F461646229DFBF7B4FD4FF2BF03ADF850
S3150800B720263000238DF86C3023781BB10E210BA828
S3150800B730FFF7D4FF63781BB133210BA8FFF7CEFFC1
S3150800B740A3781BB105210BA8FFF7C8FFE3781BB147
S3150800B75003210BA8FFF7C2FF23791BB102210BA80F
S3150800B760FFF7BCFF63791BB107210BA8FFF7B6FFEC
S3150800B770A3791BB134210BA8FFF7B0FFE3791BB1FE
S3150800B78001210BA8FFF7AAFF237A1BB100210BA8FA
S3150800B790FFF7A4FF237B1BB14A210BA8FFF79EFFE7
S3150800B7A0637A1BB104210BA8FFF798FFA37A1BB194
S3150800B7B00C210BA8FFF792FFE37A1BB135210BA8E2
S3150800B7C0FFF78CFF3744BE421BD198F80030002B98
S3150800B7D014BF1A200B202AF0DFF8064670B39DF82E
S3150800B7E06C30A3B901A81BF087FCDDB931461448B3
S3150800B7F001AAFDF715F8044680B920461CB0BDE835
S3150800B800F08116F8011B0BA8FFF768FFDBE70D218F
S3150800B8100BAAFDF7CAFC04460028E3D03046FBF71E
S3150800B820F5FDEAE72B4605AC103522461868596837
S3150800B830083303C2AB421446F7D1D7E70324DCE743
S3150800B8400033002030B50446C3B001A833F089FBA5
S3150800B850204601A9FFF78EFD044668B9074D15F87D
S3150800B860011B01A8FFF71EFC20B10134E4B2052C28
S3150800B870F5D1012043B030BD0020FBE793C9040889
S3150800B88010B50C460E21FFF70DFC38B1D0F8023082
S3150800B8902360D0F806300020636010BD1720FCE74F
S3150800B8A0082208B53DF0A9FEB0FA80F0400908BDA7
S3150800B8B02DE9F0434B79804613F0180F0D4693B0E7
S3150800B8C000F0D88008A810F015FE044630BB9DF895
S3150800B8D02830FF2B00F0CA800AA831F01FF820B9DB
S3150800B8E065490EA8FFF7DCFF30B164480AA912F0D3
S3150800B8F089FE002800F0BC809DF8383008F5B3575B
S3150800B900FF2B07F1080710D006A93846069531F02F
S3150800B910A3FF0446069833F0DBFC0025284633F0DF
S3150800B920D7FC204613B0BDE8F0830EA810F088FDBA
S3150800B93040B12946384608AA12F082FD0446002876
S3150800B940ECD1E1E70EA810F06FFD0028DCD0282125
S3150800B9502846FBF708FE9DF8261000297DD102230C
S3150800B96003AAFBF796FE04460028D7D1BDF8242083
S3150800B9709DF80D3052BA013392B2B2EBC30F4FEABB
S3150800B980C30668D301468DF80D302846022303AA5C
S3150800B990FBF798FF214608222846FCF72FF981462F
S3150800B9A004460028BAD10146082328462A460096A6
S3150800B9B0FCF75CF932490AA8FBF780FB00283CD063
S3150800B9C040F26D238DF81290ADF8103008F58058C6
S3150800B9D098F8303704A85A1C88F830278DF81330A1
S3150800B9E010F0A5FD3146034604AA2846FBF76AFF70
S3150800B9F004A810F09CFD10F00701044610D0C1F110
S3150800BA000801C9B206A810F0BBFD06A810F08FFD04
S3150800BA102644B6B203463146284606AAFBF752FF25
S3150800BA20BDF824305BBA08335BBAADF82430282257
S3150800BA30284608A9FCF7E2F880E740F26D43ADF81E
S3150800BA40103040238DF812300E4BB3F85C315BBAD8
S3150800BA50ADF81430BAE7062460E72946384608AA3E
S3150800BA6012F08FFC04460028E1D057E7142455E766
S3150800BA70022453E7072454E7383E002024320020E6
S3150800BA80703E0020F03A002038B504460D46FFF710
S3150800BA9007FF28B1BDE838404FF400302DF032BF1B
S3150800BAA02B684FF4003023606B686360BDE838404C
S3150800BAB02DF0F4BEF0B50546007840B30A88C600F6
S3150800BAC0F6B2B2FBF6F3012706FB1322431EDCB2DD
S3150800BAD0C2F3C403E31A55FA83F35B7802F007024C
S3150800BAE007FA02F213EA020011D04B88B3FBF6F20A
S3150800BAF006FB1233C3F3C402A41A55FA84F003F002
S3150800BB0007039F4043783B4214BF01200020F0BD45
S3150800BB1041F2210337B50C460546014601A80193B3
S3150800BB2029F018FF48F205032080294601A8019349
S3150800BB3029F010FF608003B030BD30B50546C3B0AC
S3150800BB4008A80C4633F06BFA08A8FDF717FE08227A
S3150800BB50294608A8FDF720FE694608A8FDF742FE13
S3150800BB606B4603CB20602378616043F002032370A1
S3150800BB7008A833F04AFA43B030BD13B50446684600
S3150800BB8011F0EAFB638862785BBA022AADF80030E6
S3150800BB9000D1FEE7023AD2B2022A28BF022268463C
S3150800BBA0211D11F0EFFF0020009B9AB262F30F00EF
S3150800BBB01B0C63F31F4002B010BD00232DE9F341AF
S3150800BBC00B60438904460E46002B33D01D4F60890F
S3150800BBD088B301282ED06068218978B302236A4683
S3150800BBE0FBF709FD6D466B78628903F10208424549
S3150800BBF020D32A78C2B9042B1CD1606828B1062341
S3150800BC006A4604F10801FBF71AFED5F80200FBF7AD
S3150800BC1099FBFAF758FC2B78002B0CBF3B46002300
S3150800BC201840336803433360414604F10800FCF7C3
S3150800BC306DF9CCE7062002B0BDE8F08125680D4411
S3150800BC40D1E700BF00F8FF071FB500230293ADF840
S3150800BC500C30831C0193437801A8ADF80E30FFF72A
S3150800BC60ACFF05B05DF804FB73B590F8FE300546E9
S3150800BC70FF2B00EB03065DD1062002B070BD61788C
S3150800BC80FF29F9D0A21C9642F6D32046FDF7E6F81E
S3150800BC9020448642F0D323780E2B0BD80E2B10D8CF
S3150800BCA0DFE803F0213E442E42420F440F0F0F0FE8
S3150800BCB0340F4400352B2CD013D8332B36D0342BE5
S3150800BCC036D0611B2846227889B2FDF74CFA00283F
S3150800BCD0D2D12046FDF7C2F80444B442CFD300209F
S3150800BCE0CBE74A2BEDD10229C6D9A378002BC3D1BD
S3150800BCF0B4F803305BBA0B3B9BB20F2BE1D9BBE719
S3150800BD001046FCF72BFA0028DBD1B5E70229D8D86C
S3150800BD10B2E7204601A9FFF797FF0028D1D0ABE785
S3150800BD2002239942CDD2A7E71023FAE70823F8E7BA
S3150800BD300423F6E70446D0E730B585B00C466A46D4
S3150800BD4035210546FDF718F938B9009BCDE90105F7
S3150800BD50214601A80393FFF730FF05B030BD002345
S3150800BD6010B5044683710948084058B12370042366
S3150800BD706370FAF7A8FBFBF7E5FA0623C4F8020096
S3150800BD80A37110BD002AF1D1FBE700BF00F8FF0739
S3150800BD9073B591F8783005460C465BB16846FBF7F3
S3150800BDA0D3FA08236A460E212846FFF79EFA00288A
S3150800BDB040F0BB8094F879306BB1684604F1100105
S3150800BDC0FBF7C2FA08236A4633212846FFF78DFA9D
S3150800BDD0002840F0AA8094F87E30002B40F0988026
S3150800BDE094F880307BB10021B4F85A306A465BBAC1
S3150800BDF0ADF80130284603238DF80010FFF775FAD1
S3150800BE00002840F0928094F884307BB10022B4F880
S3150800BE105C308DF800205BBAADF801306A46032322
S3150800BE204A212846FFF761FA00287ED194F8833024
S3150800BE306BB100226846616FFFF791FF6A463521AC
S3150800BE4028469DF80630FFF750FA00286DD194F879
S3150800BE507C30002B6BD194F87D3043B10823072141
S3150800BE60284604F14902FFF740FA00285DD194F804
S3150800BE707A3043B110230521284604F12002FFF742
S3150800BE8034FA002851D194F87B306BB104F13006AE
S3150800BE9011213046FCF79CF83246C3B203212846E6
S3150800BEA0FFF723FA002840D194F87F305BB1B4F845
S3150800BEB058306A465BBAADF800300121022328469D
S3150800BEC0FFF713FA88BB94F881303BB1102304219D
S3150800BED0284604F15E02FFF708FA30BB94F8823070
S3150800BEE0A3B1204640F20C43ADF8003030F86E3F5F
S3150800BEF001A95BBAADF8023029F094FF04230C219E
S3150800BF0028460DF10202FFF7F0F970B900200CE09F
S3150800BF10606DFBF717FA042300906A463421284619
S3150800BF20FFF7E3F900283FF45BAF02B070BD0823C2
S3150800BF300221284604F14102FFF7D7F900288AD0E2
S3150800BF40F3E7034608461A7919683CF091BB08B529
S3150800BF50027900683DF051FBB0FA80F0400908BD4F
S3150800BF6073B56E46054603C986E803009DF80410B6
S3150800BF70FCF72EF8C4B2102C10D8294630468DF896
S3150800BF800440FFF7E4FF08B12B5D4BB13046294664
S3150800BF90FFF7D7FF0020285502B070BD0720FBE742
S3150800BFA01820F9E7112337B5054608460C460091CF
S3150800BFB08DF804303CF0F0FB01462046FCF7CEF83D
S3150800BFC028B169462846FFF7CBFF03B030BD0720E6
S3150800BFD0FBE738B500F5005292F859210546B2B983
S3150800BFE0B9B10B78ABB100F5F5501030FFF7DAFFB1
S3150800BFF02DF090FC044605F5F2500430FFF76CFA74
S3150800C00005F5F3501030FFF767FA204638BD0D24C2
S3150800C010FBE70724F9E710B500F5005393F85941F3
S3150800C0204CB900F5F6500130FFF7BCFF182818BFC9
S3150800C0300446204610BD0D24FBE74FF6FF72038821
S3150800C040934208D1D0F80220013204D1C088C01A20
S3150800C05018BF012070470120704708B50346D0F87D
S3150800C0600200FBF76FF9198849BA89B208BDF7B516
S3150800C0700C4606468822002120463CF0DAF835466A
S3150800C08096F8FE3033449D4201D303B0F0BD2B78B9
S3150800C0900E2B0BD80E2B11D8DFE803F0338A507914
S3150800C0A0A568105C10101010B4102000352B31D084
S3150800C0B009D8332B00F08480342B37D02846FCF778
S3150800C0C0CDFE0544DCE74A2BF8D10122B5F803304A
S3150800C0D084F884205BBAA4F85C30EFE70123A81C37
S3150800C0E084F87830FFF7B9FFC4E900012B895BBAF9
S3150800C0F0C3F34E0323812B895BBA03F00103A372B2
S3150800C100DCE70122B5F8033084F880205BBAA4F88E
S3150800C1105A30D3E769462846FFF796FD0028CDD161
S3150800C120012384F88330009B6367C7E72846FAF73C
S3150800C130C6F90123606584F87E30BFE7012384F8D9
S3150800C1407C30D5F80230C4F84130D5F80630C4F84A
S3150800C1504530B3E7012384F87D30D5F80230C4F8BA
S3150800C1604930D5F80630C4F84D30A7E7012304F165
S3150800C170200784F87A3005F1120CAB1C3A46186889
S3150800C1805968083303C263451746F7D196E7012372
S3150800C19084F87B306B78AA1C102B28BF10236946BD
S3150800C1A004F1300000928DF80430FFF7D9FE85E7D8
S3150800C1B001226B8884F87F205BBAA4F858307DE7A3
S3150800C1C00123A81C84F87930FFF747FFC4E9040166
S3150800C1D02B895BBAC3F34E0323832B895BBA03F01F
S3150800C1E00103A3766AE7012304F15E0284F881302D
S3150800C1F005F11201AB1C53F8040B8B4242F8040BF1
S3150800C200F9D15BE72846FFF7B8FC0123009084F8CC
S3150800C2108230C4F86E0051E730B50446C3B001A8B1
S3150800C2200D4632F09EFE214601A8FFF74CF804465B
S3150800C23040B901A8FFF718FD044630B9294601A8F8
S3150800C240FFF715FF204643B030BD0724FAE770B55F
S3150800C2500C460546FFF7F1FE01462046FFF7EDFEC0
S3150800C26081422CD12846FFF7F8FE064620460A46A4
S3150800C270FFF7F3FE8A4208BF864204D0B0429141D6
S3150800C2800ED2012070BDEB885BBAC3F34E0299B299
S3150800C290E3885BBA98B2C3F34E039A4203D0F0D848
S3150800C2A04FF0FF30EEE701F0010300F00102934280
S3150800C2B007D0002B0CBF4FF0FF300120E2E7002922
S3150800C2C0F8E70020DEE72DE9F04180460E4618F82B
S3150800C2D0105B04462946174630464246FEF7E7FEF7
S3150800C2E00543EDB27DB1404604F10801FFF7AFFF03
S3150800C2F000280FDD31462046FEF762FF207832F02F
S3150800C30028FE002004E030462DF014FB0028EAD071
S3150800C310BDE8F081002FEDD10028EFD041F2883139
S3150800C32004F11800FCF765F8E8E770B500F10806AF
S3150800C33004460D46C4B031461030FFF788FF002882
S3150800C34021DA237883B903A832F00BFE03A90F4834
S3150800C350FFF710F801A903A8FFF792FA20B93146AA
S3150800C36001A8FFF774FF70B129462046FFF764F964
S3150800C370032808D141F2883104F1180044B0BDE819
S3150800C3807040FCF736B844B070BD00BF6039002075
S3150800C39043789B0706D4044B93F85931023B012B8B
S3150800C3A000D8C2E7704700BFF03A002038B5044607
S3150800C3B00D46FEF705FF0A4B93F8593133B1022BA8
S3150800C3C009D02078BDE8384032F0C3BD294620465A
S3150800C3D0FEF780FEF5E729462046FFF7D9FFF0E786
S3150800C3E0F03A002030B50C46C3B0054601A832F035
S3150800C3F0B8FD214601A8FEF766FF18B107242046B6
S3150800C40043B030BD01A8FFF72FFC04460028F5D13C
S3150800C410284601A9FFF7CAFFF1E710B50446C2B0DE
S3150800C42001A832F09EFD204601A9FEF7A3FF18B920
S3150800C430204601A9FFF7ACFF42B010BD0048ECE763
S3150800C440343900200048E8E76039002083780288FC
S3150800C45003B90902114489B28A4284BF013189B2FB
S3150800C46083F0010301808370704738B50C468D1838
S3150800C470AC4200D138BD14F8011BFFF7E7FFF7E718
S3150800C48008B503460846FAF75DFF586008BD2DE96A
S3150800C490F043D0F8FC30044697B02BB93C3017B0BF
S3150800C4A0BDE8F043FCF719B893F82230022B0DD0FB
S3150800C4B0032B00F0DF80012B40F0AF80FAF7C4FEB3
S3150800C4C00222D4F8FC30A06683F82220D4F8FC3087
S3150800C4D00CA81E8CFAF7D5FE08206F492DF0ECFD46
S3150800C4E00546002800F0998001238DF81430B4F829
S3150800C4F0643005A9ADF8153094F866308DF8173014
S3150800C500FCF74DFE002840F0AF80644B0593FAF720
S3150800C5109BFEA36E0622C01A4FF47A73B0FBF3F0A3
S3150800C52040BAADF8180005A92846FBF70DFA002809
S3150800C53040F09A800DF10408404629F06DFF98E80E
S3150800C5400300574B059306AB83E80300554B694632
S3150800C55028460093FCF723FE002840F0858005A9AD
S3150800C5600C222846FBF7F0F9014600287CD1D4F8BE
S3150800C570FC30002B78D04C4B40466F891022019333
S3150800C580FFF77EFFCDE9031128464146FBF7DCF9A4
S3150800C590002869D1454B04F19008059304F5907974
S3150800C5A0C8453DD104236A4639462846FBF771F843
S3150800C5B06B893946043BDB1B5BBA2846ADF802306B
S3150800C5C06A460423FBF77EF94FF46063284605A9FB
S3150800C5D00593FCF7E4FD002846D1354F10AB97E8E4
S3150800C5E0030083E803004FF07F431293FE2307F10D
S3150800C5F038010CA876BAADF84C30ADF84E60FAF7AB
S3150800C60027FE40F223232A46ADF85230211D0CABF3
S3150800C610A7F54B6012F0ECFA30BB17B0BDE8F08313
S3150800C62018F8023C013B012B02D908F12408B7E7A8
S3150800C63038F8043CB342F8D1A8F124030DF1180CDC
S3150800C640A8F1140E624618685968083303C2734580
S3150800C6509446F7D100231C22284605A9CDE90A33BA
S3150800C660FBF772F90028E0D0284617B0BDE8F0437A
S3150800C670FAF7CCBE0023C0F8FC30FCF736FB0028DE
S3150800C680CBD104F13C052846FBF727FF201D10F007
S3150800C6909BFC284603E700BF7AC30408000800028B
S3150800C6A00003001B0001000C0003000C0005001825
S3150800C6B0383E00202DE9F0430C4695B00646042383
S3150800C6C02046898903AAFAF7E4FF002840F09A80F1
S3150800C6D004212046FAF73BFF9DF80C30072B40F063
S3150800C6E09180032206F164010DF10D003CF085FFEF
S3150800C6F0002840F0878021460DA8FBF7F6FB204668
S3150800C700BDF83620BDF8341032F00AFC002879D17D
S3150800C710214602200DAAFBF704FC002872D105A8C1
S3150800C72004AD29F079FE2A4621460120FBF7F9FBDC
S3150800C730002867D10C23294620460DAAFBF77FF867
S3150800C74000285FD1BDF83430B3F5407F5AD1BDF823
S3150800C7503630B3F5D85F55D109AF0DF1380898E8EA
S3150800C760030087E80300384605A9FDF70FFE0028F1
S3150800C77048D021460DA8FBF7B8FB0E232046BDF886
S3150800C7803620BDF83410009732F083FB002839D1E3
S3150800C7903846FAF715FD21460DA8FBF7A6FB032335
S3150800C7A02046BDF83620BDF83410009532F071FBEE
S3150800C7B040BB10232946204605AAFBF740F808BBCC
S3150800C7C010212846FBF7A2FB2046BDF81220BDF82B
S3150800C7D0101032F0A5FBA8B9049B09940A93052307
S3150800C7E00C933846FAF730F806F1FC0943E01C23A7
S3150800C7F020460DAA0BA9FBF722F818B906F16C0515
S3150800C800A94502D115B0BDE8F08395F82230002B72
S3150800C8103CD0EB69002B39D1802241462846FAF7ED
S3150800C8206DFD2B7CC0B2834230D898E80F0085E8AE
S3150800C8300F001298FAF786FD0346A8611398FAF7CF
S3150800C84081FD0222E861003818BF0120003B18BFAD
S3150800C85001236A74AA7C43EA400322F003021343C5
S3150800C860AB740323284685F822302CF0F9FF9DF88F
S3150800C8703330002BB5D09DF83330002BB7D09DF858
S3150800C8803230002BBED1B38A13B9FEE72435B7E799
S3150800C890304615B0BDE8F043F9E50448B0F8B838B5
S3150800C8A003B9FEE700F6A400F1E500BFF02A002070
S3150800C8B04068FAF747BD2DE9F04F4AF6AA7785B0E2
S3150800C8C0D1F8048001F10903029301F584730093FA
S3150800C8D0B8EB070318BF01230C7A91F807518DF8B6
S3150800C8E00C402C448146083400F5105091F8066136
S3150800C8F004EB8304414602AA34308DF8045016F03E
S3150800C9001FFEFE2C06F0010603D9032005B0BDE87C
S3150800C910F08F09F5005999F838B499F839345C4418
S3150800C9209C42F2DCD9F834A489F838441AEB0B0493
S3150800C930EBD000230A22B84563700AF80B2033D0DF
S3150800C940A3704046FAF7FEFCC4F803009DF80C30C5
S3150800C95004F10801E37102A8FFF7F3FA204616F07E
S3150800C96069FA2B1D18446070204616F06EFA0022EC
S3150800C970114B0446B3F85C3142700C225BBA027064
S3150800C9804380011D02356846FFF7DBFA65704EB134
S3150800C9901AF80B3043F001030AF80B30237843F0FA
S3150800C9A0010323700020B1E78023A3709DF80C30A3
S3150800C9B0211DE370CFE700BFF03A00200000000019
S3150800C9C0BFF34F8F0549064BCA6802F4E06213436A
S3150800C9D0CB60BFF34F8F00BFFDE700BF00ED00E05F
S3150800C9E00400FA0500F01F03A0F50620A0F5506024
S3150800C9F081280DD801229A40074B400903EB800392
S3150800CA00596811435960996921EA02019961704789
S3150800CA104FF0FF30704700BF4843002000F01F0367
S3150800CA20A0F50620A0F55060812810B518D8012178
S3150800CA300D4A400902EB80049940A3690B43A361A0
S3150800CA40D2E901130B44D1680B4411690B445169AF
S3150800CA505B1804D1C2E90633C2E90833936210BDF4
S3150800CA604FF0FF30FBE700BF4843002030B5074CC6
S3150800CA70E56AE46A6A40D2B2891A101A090A41EAD2
S3150800CA801021634023EA0100C0B230BD48430020AC
S3150800CA9038B5A0F14003054602465A21DBB24120CB
S3150800CAA0FFF7E4FFA5F146032A4604467A21DBB2DE
S3150800CAB06120FFF7DBFF6B1D2A4639210443DBB2F1
S3150800CAC03020FFF7D3FF2B2105F11403E4B22A46E1
S3150800CAD00443DBB20846FFF7C9FF2F2105F111030E
S3150800CAE0E4B22A460443DBB20846FFF7BFFFE4B2C6
S3150800CAF02043013840B238BD044BDB6A584043082E
S3150800CB005B4240421843C017704700BF48430020A5
S3150800CB1010B5C38823B9CA885AB9ABB1012017E042
S3150800CB20026802EB830252F8042C002AF3D1013B77
S3150800CB30F0E70C6804EB820454F8044C0CB9013A8B
S3150800CB40EAE79342EAD80FD3013B5A1C01D10020E9
S3150800CB5010BD026852F823400A6852F8232094420E
S3150800CB60DCD803F1FF33F0D24FF0FF30F0E710B511
S3150800CB700A4CE26AE36A4240594081EA0200C00F61
S3150800CB80FFF7BAFFE36A521A434022EA0302084053
S3150800CB901043C00FBDE81040AEE700BF4843002071
S3150800CBA0002337B50D4614460193FAB1434203F004
S3150800CBB003031844C2E90210684301A92FF03CFC9C
S3150800CBC060B90246019B013DC4E9003391B28D422A
S3150800CBD002F1010204D84FF0FF321A6003B030BDEB
S3150800CBE0E16819441960E1680B44EFE72220F5E78C
S3150800CBF070B515460E462422002104463BF019FB63
S3150800CC0025F04003802B02D0B5F5807F08D1204659
S3150800CC10314640F8045BEA083BF02AFD002070BD67
S3150800CC206FF01F00FBE7E3E7E2E7F8B51346428833
S3150800CC300C460732072A4FEAD20101D0A1423ED15B
S3150800CC40D0E9016705882022184600213BF0F1FA51
S3150800CC50360A034626B1012E10D06FF08B00F8BDB8
S3150800CC606CB341F20102954205D0B5F5885F02D052
S3150800CC70B5F5905F1AD15C600020F0E7C660F4B1A4
S3150800CC8041F2010295420BD15C60B90707F0010237
S3150800CC9044D4002AF0D19A6842F080729A60EBE791
S3150800CCA0B5F5885FF0D0B5F5905FEDD0B5F5105FB6
S3150800CCB00DD1182C06D0202C04D0102C02D06FF0E1
S3150800CCC08600CCE7C3E90044002ED5D0DDE705F49D
S3150800CCD04F42B2F5824F21D1EAB2122A07D11C2C53
S3150800CCE01FD0202C1FD0182C18D1134A04E0412A33
S3150800CCF014D1202C12D1114A25F0FF05B5F5E24FC3
S3150800CD001A6012D0B5F5824FD9D14FF4005217F4F4
S3150800CD10705F0FD017F4864F0AD09A606FF08500BF
S3150800CD209DE7074AE8E7074AE6E74FF48042EEE759
S3150800CD3042F480629A60C7E718000080200000B0BD
S3150800CD401C00008020000080F0B50B46C168044630
S3150800CD5001298DB036D12B2A03D86FF089000DB082
S3150800CD60F0BD13F003071A460DD001AD03F1280CE8
S3150800CD702E4610685168083203C662453546F7D113
S3150800CD80106801AA306001211180002151802168B4
S3150800CD90516061689160A168D1609FB101AA15468A
S3150800CDA00BAE144603CCB44218605960224603F110
S3150800CDB00803F6D12068186000231A46EA5401339E
S3150800CDC02C2BFBD10020CAE7F8B505465009884246
S3150800CDD00C4602F01F0601D80AD136B12846A20031
S3150800CDE00021BDE8F8403BF024BA1F2A02D8F8BD56
S3150800CDF01F2A0FD9820005EB8003291F05EB84073C
S3150800CE00BB421AD1201A38BF0022002105EB800048
S3150800CE103BF00FFA002EEAD0002205EB8404C6F197
S3150800CE202000AC42E3D054F8041C21FA06F313435D
S3150800CE3044F8043D01FA00F2F3E753F804CB41F84D
S3150800CE4004CFDDE710B56821012020F0C3FA0446B7
S3150800CE5018B1682200213BF0ECF9204610BD10B548
S3150800CE602421012020F0B6FA044618B12422002114
S3150800CE703BF0DFF9204610BD10B5044618B1242250
S3150800CE8000213BF0D6F92046BDE8104020F094B9C1
S3150800CE90013901D20020704750F82130002BF7D015
S3150800CEA0B3FA83F00131C0EB4110704710B5044660
S3150800CEB03CF0F8FC0C4BA0F57A729A4212D84FF463
S3150800CEC07A73B0FBF3F05C43084BB3FBF0F3B4FBA7
S3150800CED0F3F0022806D9BDE810400323B0FBF3F0AF
S3150800CEE0F9F79EB910BD00BFFFC99A3B40420F0033
S3150800CEF010B5084C20463BF008FE20B994E8070018
S3150800CF00054B83E80700BDE8104001214FF0FF30CC
S3150800CF103BF0FDBD98D704087843002001F1804115
S3150800CF20013900EB81018142034600D270471B6834
S3150800CF300A681BBA12BA40F8042B41F80439F2E71A
S3150800CF400022C188914201D800207047036853F82F
S3150800CF50223033B193FAA3F0B0FA80F000EB421016
S3150800CF6070470132EEE7FEE7002307B5084601A938
S3150800CF7001932FF061FA019803B05DF804FB0846A7
S3150800CF8020F01AB90846114620F024BA0023036097
S3150800CF904360704700232DE9F3478D4E019373686C
S3150800CFA00C469A42104604D239B912B101A92FF09B
S3150800CFB043FA019802B0BDE8F0871AB9084620F08E
S3150800CFC0FBF8F6E7EFF31189302383F31188A1F113
S3150800CFD0080C31F8061C07304FEAC10820F007058F
S3150800CFE0A84580F0838034F8023C002B69D0591A92
S3150800CFF0012966D10CEBC3071CF83330DA0760D475
S3150800D0007B88A8EB050212EBC3025AD41F2A34DD2B
S3150800D0106019C5F3CF0524F8065C013524F8025CCF
S3150800D020D208FFF7B3FF428034F8023C8380FB88BE
S3150800D03003B37988591A11FA82F292B207EBC3033D
S3150800D040C2809A80002239462FF0B2F93846FFF797
S3150800D0509DFF002234F8061CB368019403EBC10354
S3150800D060F168A3EB08038B42B3603DD872B3083B63
S3150800D070B3602BE00023C380E4E73369013B3361E7
S3150800D08034F8063C7A880133134424F8063CFA88B7
S3150800D0909AB17988511A11FA83F39BB207EBC20247
S3150800D0A024F8023C93806046012239462FF080F925
S3150800D0B03846FFF76BFF0122CCE7002324F8023C31
S3150800D0C0F1E7284601A92FF0B7F920B189F31188AD
S3150800D0D0BFF36F8F6DE74246214601983BF0C8FAC9
S3150800D0E0204620F069F8F1E7F360BFE76ED934F817
S3150800D0F0023CA8EB05075A1E521AA3B30CEBC30A47
S3150800D1001CF83330DB072FD472BBC5F3CF0324F8E2
S3150800D110063C0133601924F8023CFFF737FFBAF8DA
S3150800D120023003EBD703438034F8022C8280BAF826
S3150800D1300620B2B1BAF80210511A11FA83F39BB25B
S3150800D1400AEBC202C3809380002251462FF030F9C1
S3150800D1505046FFF71BFFB36801942B44A3EB080363
S3150800D16086E7C280F0E79A46272F2FD9C5F3CF0363
S3150800D17024F8063C013F0133601924F8023CFF08F5
S3150800D180FFF704FF478034F8023C8380BAF1000FAA
S3150800D19019D0013212FA87F7BFB2C780AAF804700D
S3150800D1A0002233691146013333612FF001F9B36860
S3150800D1B0F26808332B44A3EB080393420194B36047
S3150800D1C084D9F36082E7A0F806A0E9E701947DE731
S3150800D1D00C640020BFF35F8F074B5A6A22F4803233
S3150800D1E05A62D3F8942022F00102C3F89420BFF3C0
S3150800D1F04F8FBFF36F8F704700ED00E02DE9F043C6
S3150800D2002B48079F90F83A4094424CD9066B02EB9C
S3150800D21042024FEA820C16EB820246D05089002859
S3150800D22043D0B2F90440B2F906508C42B2F908E08C
S3150800D2302FDCA942A8BF2946BEF1000F35D000F160
S3150800D240FF381FFA88F80EFB08490A1B92FBFEF204
S3150800D2504D45D8BF404692B2904202D3A94218BF64
S3150800D260104656F80C2052F8206002EB800C18B1D4
S3150800D2705CF8048D46450ED08D421EBF1EFB00F19C
S3150800D280091909B2994209DC00203E60B980BDE857
S3150800D290F0832146D0E7013880B2E8E70028F3D0CA
S3150800D2A0013880B2DFE70E20F1E70220EFE700BF82
S3150800D2B048430020FF207047004870470080FFFF62
S3150800D2C03BF0B1BD2DE9F04FA7B0CDE9022180466C
S3150800D2D01D4604460822319F28FA02F383EA08030A
S3150800D2E09E0702F1080218BF9B00202A1C44F3D1AE
S3150800D2F08123B4FBF3F303EBC313E41A804B04F561
S3150800D300062493F8483004F55064002B3ED17D4935
S3150800D3107D481EF007FF0646002877D101464022C1
S3150800D32006A83AF086FF4022314616A83AF081FF51
S3150800D330DFF8EC91754BCB4609F110094B4528BF30
S3150800D3404B46002603F1FF3A10225B46CDE900A6BC
S3150800D3506D4806A91DF04AFE034606AA9E4242D11A
S3150800D36001231022CDE900A367485B4616A91DF0E4
S3150800D3703DFE4FF0000B824616AED3454BD1644BAB
S3150800D3809945D7D101225E4B83F848204FF0810991
S3150800D3900026DFF86CB1A4F50623A3F550625209FE
S3150800D3A00BEB8202506804F01F01C840C00749D43D
S3150800D3B09269CA40D20737D58122A3F6FF43B3FB49
S3150800D3C0F2F202EBC2129B1A002E08BF264603F59C
S3150800D3D00624B9F1010904F55064DCD1029B2BB38C
S3150800D3E026B334462AE052F8040B05930492FFF755
S3150800D3F0F9FADDE9042301300BD10022404B83F80A
S3150800D40048203F4B93F84830002BBFD16FF091006E
S3150800D4100EE00136A2E756F8040BFFF7FFFA0130D3
S3150800D420EFD00BF1010BA8E7029B23B96FF08B0035
S3150800D43027B0BDE8F08F002E18BF3446329B002077
S3150800D4401C60F5E7309B13B10023309A13600FB1C7
S3150800D45000233B604FF0100A00232A4621462A483B
S3150800D460CDF800A01DF0D6FE002836D1309A294BFB
S3150800D470F2B1C2F800A02A689A421DD02146224875
S3150800D4801EF0BCFC0028D1D1D5E9022303998B42B2
S3150800D49008BF42452AD08123A4F50624A4F6FF44F2
S3150800D4A0B4FBF3F303EBC313E41A04F5062490E77D
S3150800D4B02A689A42E8D0E1E7002FE5D03B462146A4
S3150800D4C0114816AA1DF0EEFE38B9309A3B68126864
S3150800D4D093429BD39B1A3B60D6E70F4B9842CDD01D
S3150800D4E06328CBD00D4B9842CED08FE7029B002BFA
S3150800D4F0A4D06B68012BA1D16FF0840098E700BF18
S3150800D5004843002028700020A0190020816D0800DB
S3150800D510906D0800105D175EFFDF00F0FEDF00F07B
S3150800D520006D08002DE9F04F87B082468946984677
S3150800D5301646DDF840B02AB1002B52D040F26C7383
S3150800D5409A4251D8BBF1010F51D8002406F11007B1
S3150800D5503946012005941FF03DFF0546002849D0AD
S3150800D56021463A463AF065FE05ABCDE901430094FB
S3150800D5702B46012250464946FFF7A4FE044680B1D1
S3150800D58010F18C0F08BF6FF08D043A46002128462B
S3150800D5903AF04FFE28461FF00FFE204607B0BDE8BA
S3150800D5A0F08F164BC5E902A92B60C5F804B02EB159
S3150800D5B03246414605F110003BF05AF8059E3B46B7
S3150800D5C02A4631460E481EF0C1FB38B93046FFF7E9
S3150800D5D009FA013008BF6FF08604D6E76FF09104A8
S3150800D5E0D3E76FF08604D8E76FF09104D5E76FF0BC
S3150800D5F08504D2E76FF08C04CFE700BF105D175E95
S3150800D600A019002070B58CB006460D4614460021B8
S3150800D610102208A83AF00DFE002205AB029307ABCC
S3150800D620019306AB00933046294608ABCDE906229E
S3150800D630FFF748FE18B9099B6360079B23600CB087
S3150800D64070BD30B58DB00C4605461022002108A8DD
S3150800D6503AF0EFFD002205AB029307AB019306AB48
S3150800D66021460093284608ABCDE90622FFF72AFE95
S3150800D670044600BB099B012B20D0059D124829466C
S3150800D6801EF0BCFBE8B9A5F50623A3F55063812B6C
S3150800D69005F01F000DD801210C4A5B0902EB830334
S3150800D6A05A6881404A4028465A60FFF7B7F9013060
S3150800D6B001D16FF0860420460DB030BD6FF08404AA
S3150800D6C0F9E76FF09104F6E7A01900204843002017
S3150800D6D020F0FF03B3F5824F06D14138C0B20128C6
S3150800D6E094BF0020012070470020704710B5002421
S3150800D6F0436814601B0A04D0012B0AD06FF085001A
S3150800D70010BD0088FFF7E4FF00B101310020116069
S3150800D710F6E72C31FAE738B50D460446D8B1D422D7
S3150800D720002104303AF085FD0E4B9D4216D10323A5
S3150800D73023700023C4E902330B4B04F1100203F1F2
S3150800D740200153F8040B8B4242F8040BF9D103234A
S3150800D7500020237138BD6FF08600FBE76FF0850067
S3150800D760F8E700BF0900000254D7040808B518B145
S3150800D770D82200213AF05DFD002008BD0023C360D1
S3150800D78001F138030361202343618B6D43600A6806
S3150800D7900A4922F47E128A4203D001F580718A4230
S3150800D7A008D1102B01D0182B02D103600020704736
S3150800D7B0202BFAD06FF08800704700BF0001C00325
S3150800D7C0036813F0704205D1C3F30E030B60D3B19F
S3150800D7D000207047B2F1004F0AD0B2F1204F07D0AF
S3150800D7E0B2F1304F04D0B2F1404F01D0212070473A
S3150800D7F08268D20404D5C369002BF7D01B68E5E715
S3150800D80003F07F03E2E74368002BEFD00B60DFE706
S3150800D8102DE9F041174600221C4643688CB01B0AC6
S3150800D82080460D46009204D0012B5CD06FF08B0029
S3150800D83094E0018821F0FF03B3F5824F51D1428865
S3150800D84008460732D2080092FFF742FF58B12B78F4
S3150800D850042B05D1013FB7EB420F05F1010509D0AD
S3150800D8606FF086007AE04139C9B2012900F2D78003
S3150800D870BA42F5D1009E224631464046FFF7D5F911
S3150800D88000286BD10337C4E9030527F0030767614E
S3150800D890002E00F0A6802022002101A83AF0C9FC3B
S3150800D8A03146404601AAFFF7C0F9002840F09980A2
S3150800D8B02368019A9A4240F094806368029A9A42D1
S3150800D8C040F08F80A368039A9A4240F08A80A36941
S3150800D8D0079A9A4240F08580E369089A9A423DD0B1
S3150800D8E07FE00097C6E7032FBAD90B78012B40F0E3
S3150800D8F09980497800294BD0F739082996D801A389
S3150800D90053F821F06DD9000829D900082DD8000848
S3150800D91063D900082DD8000887D900082DD8000833
S3150800D92077D900087FD900084FF41056F8253F4FDD
S3150800D9301C22002102A83AF07CFC03230197CDE9BA
S3150800D9400435039601AA09AD134603CBAB42206002
S3150800D95061601A4604F10804F6D100200CB0BDE84F
S3150800D960F08110274FF08076FA25E1E720274FF05F
S3150800D9700076F725DCE7FE252C4F2D4ED8E7FF2548
S3150800D9802A4F2C4ED4E74FF41056FC25274FCFE7E5
S3150800D9902B2F7FF665AF202220463AF04AFC05F188
S3150800D9A010032361AB070DD001AB05F128061A4613
S3150800D9B028686968083503C2B5421346F7D128684E
S3150800D9C001AD10606B68103F2360AB686946636001
S3150800D9D0EB682046A36001236761E360FFF7F0FE6A
S3150800D9E028B12022002120463AF023FC38E7B8F86F
S3150800D9F00030009E03F44F42B2F5824F0DD1DAB2E1
S3150800DA00122A0AD123F0FF03B3F5824F05D173001A
S3150800DA101C339F42BFF43CAFE3E73346F8E76FF0A9
S3150800DA2085009BE76FF0910098E700BF2000008013
S3150800DA300044000200440003002337B50C4601A940
S3150800DA4005460193FFF7BCFE28B9296811F0704115
S3150800DA5003D1019B236003B030BDAA68B1F1004F22
S3150800DA60C2F38033C2F34035C2F3003207D1062130
S3150800DA7003EB450301FB0233019A5343EAE7B1F18D
S3150800DA80204F04D12B4402EB82021344F4E7B1F190
S3150800DA90304F02D0B1F1404F01D12B44ECE72120A1
S3150800DAA0D9E72DE9F34705680F680446BD420E46D7
S3150800DAB090469A4605F070492AD0B9F1004F06D02B
S3150800DAC0B9F1404F03D0212002B0BDE8F08785EABE
S3150800DAD00703B3F1805F0CD3BAF1000F2FD1B8F169
S3150800DAE0000F18D0A368B268534013F4E04F12D061
S3150800DAF0E9E70023204601A90193FFF761FE002804
S3150800DB00E1D1019AC2F30E0215431743BD42DAD199
S3150800DB10B9F1000FE0DB0023204601A90193FFF7C6
S3150800DB204FFE0028D0D1009069463046FFF748FEE0
S3150800DB300028C9D1DDE900329A42C5D0C3E7B268E8
S3150800DB40B8F1000F03D0A3685340D904BBD493049B
S3150800DB50E1D4B8E70023F7B50B600368054603F080
S3150800DB6070430B60C2680C46032A00F28180012AC2
S3150800DB706ED812B143F000632360D5E90223900101
S3150800DB8002F0407167D5B1F1407F67D0002B6FD0A6
S3150800DB904FF00072236823F0407313432360EA684A
S3150800DBA0022A07D12A69032A62D823F47F0343EAA3
S3150800DBB002432360EB68032B03D12B69F62B57D955
S3150800DBC0A370AB681A0442BF236843F4004323607A
S3150800DBD0EB68032B09D023682A6823F4FF4323F054
S3150800DBE07F03C2F30E02134323602B68AE68002B33
S3150800DBF006F480573EDB16F4E84F39D12B6806F455
S3150800DC00806603F0704303F10043B3F1804F04D2FA
S3150800DC101EB1236843F4806323600023284601A9C4
S3150800DC200193FFF7CDFD88B92B6813F0704139D100
S3150800DC302368019A23F4FF4323F07F03C2F30E02FD
S3150800DC401343236017B1EB6993B10F2003B0F0BDFE
S3150800DC5043F0806390E7B1F1407F03D143B14FF0C1
S3150800DC60407297E702F08072002B93D1002A91D078
S3150800DC702120EBE7730406F400520CD4002AF7D0EF
S3150800DC80236843F400532360002FB7D0236843F476
S3150800DC9080532360B2E7236843F480432360002A55
S3150800DCA0F2D0EDE703F05043B3F1004F05D0B1F1E0
S3150800DCB0304F02D0B1F1404FDAD1019B2268013BC7
S3150800DCC003F07F0322F07F0213432360002FBDD0A9
S3150800DCD0EA69002ACCD0B1F1004FB6D1117F61B103
S3150800DCE0002EB3D043F400732360537F002BADD0CE
S3150800DCF0236843F480732360A8E7537F002BA5D0DD
S3150800DD00002EA3D0F4E701234B60C368013B012B27
S3150800DD1008D88269054B1AB10A6000208B607047E3
S3150800DD20034AF9E74FF00053F7E700BF0800002061
S3150800DD30A4D70408012373B54B60C56806469D42FF
S3150800DD400C4616D8002301A90193FFF775FE70B992
S3150800DD50019B05B11C3372699A4207D332696AB1CD
S3150800DD60226043F000530020A36000E01D2002B0AB
S3150800DD7070BD023D012D01D80023F4E72120F6E706
S3150800DD80436813B9416070475B685A68012AFBD13A
S3150800DD90596070472DE9F043012905460E4691461C
S3150800DDA098469DB053D8046824F04003802B02D0CF
S3150800DDB0B4F5807F4ED12022002114A83AF039FA12
S3150800DDC0264A274BE408012E08BF134613932B1D3A
S3150800DDD00A93012344F000540B930C94214C07AF8B
S3150800DDE00AAA07CA04AE87E80700CDF834900DAA38
S3150800DDF00E930F9407CA86E80700CDF84080119362
S3150800DE0010AB129401AC93E8070084E8070013A846
S3150800DE103946FFF7B5FF3146FFF7B2FF21464FF403
S3150800DE2080643CF0D1F92968C9083CF0C4F910218E
S3150800DE303CF0C1F90C4B9C66BFF34F8F3CF094F94C
S3150800DE403CF089F9094B9C661DB0BDE8F0836FF07C
S3150800DE502000F9E76FF07100F6E700BF0001000443
S3150800DE6000010104100000200090005000A000509E
S3150800DE7090E72DE9F04FE3B050AE00F130070446C5
S3150800DE808A4615460FCF0FC697E80F0086E80F009B
S3150800DE9058A83CF089F9034604F13000002B40F0FD
S3150800DEA0A9802668904A26F47E13934240F028817A
S3150800DEB0529F9DF840B1DDF85C914A971DB1BAF1C1
S3150800DEC0000F00F09780C6F30743C6F30546022EF7
S3150800DED000F09080102E00F28D80DB0700F18A801A
S3150800DEE0A9F10703062B00F28580C9F10F03DBB2FF
S3150800DEF0032B03D8626BDB00DA407BD1502200216A
S3150800DF003AF097F94A4653A984F84CB06763A66471
S3150800DF1004F138003AF0ACFB04F10408012349F097
S3150800DF20005245F0005C53A9002F66D135910DF1DA
S3150800DF30500B3693379235AA07CA8BE80700CDF8F7
S3150800DF40C8A032AA33930DF15C0ACDF8D0C007CA2F
S3150800DF508AE8070004F16D022F92309346F00053C9
S3150800DF6031932FAB009293E807001AAB83E80700BA
S3150800DF705E4B40464DA9CDE958375A976097FFF74B
S3150800DF80E9FD002836D158A84D993CF014F946EA1F
S3150800DF9009413CF010F929463CF00DF939463CF0A8
S3150800DFA00AF940461DA9FFF7AEFE18BB58A8FFF7A9
S3150800DFB0E7FE404620A9FFF7BDFED8B958A820A914
S3150800DFC0FFF7DEFE5946FFF7DBFE5146FFF7D8FEA0
S3150800DFD01AA93CF0F9F83BF09DFD30B90020636AB8
S3150800DFE01D44656263B0BDE8F08F1022394600987B
S3150800DFF03AF01FF96FF09200F4E72C910DF1080B37
S3150800E0002D932E922CAA07CA05AF8BE80700CDF8E8
S3150800E010A4A029AA2A93CDF8ACC007CA87E80700A6
S3150800E02004F14D0226920092314A27930DF1200CF5
S3150800E030289226AA07CA8CE807004AAA239224939C
S3150800E0402C4B0DF12C0A259323AB93E807002A4B9A
S3150800E0508AE8070094F84C10284A4046012908BF68
S3150800E0601346589300234DA9CDE959336093FFF71A
S3150800E07071FD01900028BDD158A84D993CF09BF838
S3150800E08046EA09413CF097F829463CF094F8019B8A
S3150800E09019463CF090F840460EA9FFF734FE0028D2
S3150800E0A0A8D158A8FFF76CFE404611A9FFF742FE13
S3150800E0B0064600289ED158A811A9FFF761FE5146C9
S3150800E0C0FFF75EFE5946FFF75BFE3946FFF758FE37
S3150800E0D008A93CF079F83BF01DFD00283FF47EAF17
S3150800E0E02022314683E700BF0001400500000504F1
S3150800E0F02000002004000020010005040100060499
S3150800E100464A934240F087809DF84071579B1DB15F
S3150800E110BAF1000F3FF46EAF0C2B7FF46BAF4822B9
S3150800E12000213AF086F84FF0000C0123C4E90E5C92
S3150800E13084F8717004F1400653AA002D65D0479201
S3150800E140374A48930DF1E008499247AA07CA88E872
S3150800E150070045F00052CDF828A10DF1EC094B93C4
S3150800E1604C924AAA07CA89E807004D964E932D4B4A
S3150800E1700DF1F80A4F934DAB93E807002A4B8AE84E
S3150800E18007002A4A44A9012F08BF1346271D384607
S3150800E190CDE9583CCDF868C1CDF880C1FFF7DAFC67
S3150800E1A0834600287FF426AF58A844993CF003F824
S3150800E1B029463CF000F859463BF0FDFF384641A990
S3150800E1C0FFF7A1FD00287FF415AF58A8FFF7D8FD83
S3150800E1D0384644A9FFF7AEFD074600287FF40AAF84
S3150800E1E058A844A9FFF7CCFD4146FFF7C9FD4946A3
S3150800E1F0FFF7C6FD51463BF0E7FF3BF08BFC0346B5
S3150800E20030B1202239463046F2E607CA86E80700CA
S3150800E21084F87230E2E66FF08500E3E60002400516
S3150800E2200C00002020000020010002040100030465
S3150800E2302DE9F04FADB00E4617460546019398B145
S3150800E24091B18AB1B0F802A00AF10703072B4FEA89
S3150800E250D30800F0CF80038803F4E043B3F5805F6A
S3150800E26005D11AF0070F09D06FF086041AE0B3F546
S3150800E270005FF6D0B3F5804F00F0BC802022002165
S3150800E2801AA839F0D6FF414628461AAAFEF7CDFC49
S3150800E290044638B96B681B0A08D0012B00F0848045
S3150800E2A06FF08B0420462DB0BDE8F08F4745C0F0CF
S3150800E2B0A48032463B4622A8CDE91E233BF074FFD4
S3150800E2C000286ED14FF000732490CDE922302A90B1
S3150800E2D017A91AA8FFF73EFC002859D1179922A8B2
S3150800E2E03BF069FF1C9BDB043ED51A9B002B51DAD9
S3150800E2F04FF0010BDDF8849002A9D9F80040CDF85B
S3150800E3000CB0D9F8042002920494FFF739FDD9F825
S3150800E310082005A9CDF818B005920794FFF730FD37
S3150800E320D9F80C2008A9CDF824B008920A94FFF76A
S3150800E33027FDD9F810200BA9CDF830B00B920D9413
S3150800E340FFF71EFDD9F814200EA9CDF83CB00E92A1
S3150800E3501094FFF715FDD9F8183011A9CDF848B073
S3150800E36011931394FFF70CFD14A91AA8FFF7CBFC19
S3150800E37070B922A8FFF704FD17A91AA8FFF7DAFC57
S3150800E38030B917A922A83BF01FFF3BF0C3FBA0B189
S3150800E39048282CD06FF0920422A83BF005FF0028ED
S3150800E3A080D06FF092047DE708F12C039F4224D3B6
S3150800E3B006F1100208F11C037DE76B681B0A0BD1F6
S3150800E3C052463146288830F02BFA41462846019AAB
S3150800E3D0FFF78CF90446DFE7012BF6D13A463146BA
S3150800E3E01AA8FEF7B1FC04460028EED0D4E76FF071
S3150800E3F08504D1E76FF0850454E76FF08C0451E784
S3150800E4002DE9F04F0646884691461D46B7B02BB112
S3150800E4102CA83BF0C9FE28B16FF09205284637B004
S3150800E420BDE8F08F33686E4A23F47E13934240F0BA
S3150800E430D380726BAB181B09B3EB121F02F00F07E0
S3150800E44000F0B880674B2E90CDE92C30349029A97E
S3150800E4504046FFF77FFB0446002840F0A48005EB02
S3150800E460070B2CA829992BF00F0A3BF0A4FE51465E
S3150800E4703BF0A1FE404602A9FFF745FC04460028EA
S3150800E48040F091802CA8FFF77BFC404605A9FFF7D2
S3150800E49051FC0446002840F086804FF0010805A983
S3150800E4A02CA8FFF76DFC331D1A934F4BCDF86C80E3
S3150800E4B01AAA1C9308AB07CA83E8070019462CA8B2
S3150800E4C0FFF75EFC06F1140347F00052AAEB0707B4
S3150800E4D01D930DF12C0CCDF8788047F000571F924C
S3150800E4E01DAA07CA8CE80700CDF8809020AACDF8A7
S3150800E4F0848022970EAF07CA87E807000D9A6146FF
S3150800E50022F000522CA801930D92FFF739FC3946E8
S3150800E510FFF736FCAAF1100242F000522394324B60
S3150800E520CDF8908011AF259223AA07CA87E807007D
S3150800E53006F12402269214ACCDF89C8026AA2893CC
S3150800E54007CA84E80700139A2CA842F0804213925F
S3150800E550139A394622F0005213923BF035FE2146B3
S3150800E5603BF032FE204B321D299217ACCDF8A8801D
S3150800E5702B9329AB93E8070084E8070021462CA8CB
S3150800E5803BF022FE3BF0C6FA0446019BAAEB0B01C0
S3150800E59029441846ABEB0A0249443AF069F8736B0A
S3150800E5A02B44736384B1212C14BF6FF092056FF06E
S3150800E5B086050AE006F114002A46494638443AF028
S3150800E5C057F8736B2B44736300252CA83BF0ECFDBE
S3150800E5D000283FF423AF1FE76FF088051EE700BF4A
S3150800E5E00002C00303020004100000202DE9F04FCA
S3150800E5F0ABB00F46DDE93494DDE937BA90461E46DE
S3150800E600054628B96FF0860738462BB0BDE8F08F67
S3150800E6100029F7D0002AF5D0B9F1000FF2D0002C66
S3150800E620F0D0369B002BEDD0BBF1000FEAD0BAF143
S3150800E630000FE7D02022002118A839F0FAFD394644
S3150800E6404246284618ABFFF7E3F807460028DBD111
S3150800E6502B8823F0FF02B2F5E24FD3D1DBB2122B9F
S3150800E66026F0FF0640F08E80B6F1062F40F08A802D
S3150800E6706B8823F02002C02A03D0B3F5807F40F0D0
S3150800E68081800733DB08BBEB430F4FEA43057CD396
S3150800E69020A83BF089FD00286AD1189E3C4B06F05D
S3150800E6A07046B6F1404F18BF4FF0C0632290CDE9CF
S3150800E6B02030289015A918A8FFF74CFA00285AD137
S3150800E6C020A815993BF077FD21463BF074FD694675
S3150800E6D018A8FFF718FB00284DD120A8FFF750FB14
S3150800E6E003A918A8FFF726FB002844D14FF0010814
S3150800E6F003A920A844F00054FFF742FBCDF83C904C
S3150800E70006ABCDF840800FAA119407CA83E8070024
S3150800E710194620A8FFF734FBCDF8489009ABCDF889
S3150800E7204C8012AA1494B6F1404F07CA83E8070032
S3150800E73003D1194620A8FFF723FB369B15AA159384
S3150800E7400123169345F0005317930CAB07CA83E8C9
S3150800E7500700194620A83BF037FD3BF0DBF950B916
S3150800E760CAF8005020A83BF01FFD00283FF44CAF24
S3150800E7706FF0920748E7012814BF6FF092076FF011
S3150800E7808B07EFE76FF085073EE76FF089073BE7F2
S3150800E79000000206F0B597B015461F460C461D9EAA
S3150800E7A009B9002A3ED1002F3CD0214B98423CD1D2
S3150800E7B020230CA833603BF0F7FC18B934B92DB107
S3150800E7C0002333606FF0920017B0F0BD0023194A9A
S3150800E7D029460CA8CDE90C230E9314933BF0EBFCC9
S3150800E7E00694012445F000516D46079406AB08913E
S3150800E7F093E80700104B85E8070009970A940B93DE
S3150800E80003AC09AB93E8070084E8070029460CA87F
S3150800E810FFF7B6FA21463BF0D7FC3BF07BF9002818
S3150800E820D2D0CDE76FF08600CEE76FF08500CBE754
S3150800E8300900000200040003200000202DE9F04F23
S3150800E84090F84050D9B0102D06460C461746984603
S3150800E8509DF88891DDF88CA12CD1D0E90020002301
S3150800E8609B1806F13002079206F11002089296F8F4
S3150800E870422040F10000C6E9003096F841B00992FE
S3150800E880002A00F0EB80BBF1000F40F0CF800F2D7F
S3150800E8901CD8B8F1000F40F0BB804FF0210B0021C7
S3150800E8A0659B4A464046197039F0C3FC584659B02C
S3150800E8B0BDE8F08F9DF890319D4200F29781D0E92E
S3150800E8C0002015F00F0318BF2B46C9E7B8F1000F53
S3150800E8D0E3D00DF5A07AA9F104030C2BDDD83B682B
S3150800E8E0103B102BD9D8BB4A22FA03F3D907D4D543
S3150800E8F00023B94A54AE31463846C4E90023A3601A
S3150800E9002362FFF727F983460028C8D12046549981
S3150800E9103BF051FC59463BF04EFC29463BF04BFC7C
S3150800E92038462CA9FFF7EFF983460028B7D12046C9
S3150800E930FFF726FA38462FA9FFF7FCF98346002881
S3150800E940ADD1012720462FA9FFF71AFA089BA34A3B
S3150800E95041930DF1C80C4297439241AA07CA8CE825
S3150800E960070061462046FFF70BFA4FF00053CDF833
S3150800E97010B144AA4597469335AB07CA83E8070002
S3150800E98019462046FFF7FCF9079B45F0005B4793BD
S3150800E99047AA489738ABCDF824B107CA83E80700D9
S3150800E9A019462046FFF7ECF9CDF828A13BAB4B9763
S3150800E9B04AAACDF830B107CA83E80700BAF1000FB2
S3150800E9C003D13D9A42F080423D92194620463BF0DB
S3150800E9D0FBFB01234D964E93814B4DAA4F933EABBD
S3150800E9E007CA83E80700194620463BF0EDFB3BF0D3
S3150800E9F091F88346A0B94A463146404639F038FE72
S3150800EA000F2D00D90025659B4FF0000B1D704DE7B3
S3150800EA10002D3FF460AFBAF1000F7FF45CAF3CE71E
S3150800EA202A460021504639F004FC38E7079B0F2D8B
S3150800EA3002934FF0000388BF0DF5A07ACDE90033A5
S3150800EA402A4639462046CDE90498089BCDF80CA0FD
S3150800EA5026F06DF883460028D2D020E7D6E90221B1
S3150800EA604FEA527CD20012BA51925A0FDB001BBAF7
S3150800EA705393079B42EAC002549301234CEAC10C04
S3150800EA8012BA45F0005E55939CFA8CF1CDF858E120
S3150800EA9052920DF1740C54AA509107CA8CE80700DB
S3150800EAA0089A0DF1680C29924E4A2A932B9229AAA4
S3150800EAB007CA8CE8070050AA2692494A27930DF1FF
S3150800EAC05C0C289226AA07CA102D8CE80700CDF8F8
S3150800EAD08CA023AA2493CDF894E014AB07CA83E844
S3150800EAE0070005D1099A1A609A6842F080429A602E
S3150800EAF00123CDF88080219349F0005322930DF12C
S3150800EB00440A20AB93E80700334B8AE80700364AE5
S3150800EB103846BBF1010F08BF134643EA092343F001
S3150800EB200203236000234DA9C4E901332362FFF7DA
S3150800EB3011F8834600287FF4B9AE20464D993BF07C
S3150800EB403AFB59463BF037FB29463BF034FB38463F
S3150800EB500EA9FFF7D8F8834600287FF4A7AE20460B
S3150800EB60FFF70EF938460BA9FFF7E4F883460028A5
S3150800EB707FF49CAE20460BA9FFF702F91AA9FFF706
S3150800EB80FFF81DA9FFF7FCF817A9FFF7F9F896F89B
S3150800EB904130012B02D15146FFF7F2F8204614A95D
S3150800EBA03BF012FB96F8413013B951463BF00CFB8B
S3150800EBB020463AF0AFFF834600283FF421AF96F887
S3150800EBC0411019B94A46404639F033FB0022659B85
S3150800EBD01A706BE601010100000002040C00002017
S3150800EBE01000002020000020000003044FF0210B35
S3150800EBF05CE6F0B50E46017804460139174693B02F
S3150800EC00042956D8DFE801F00341464B500040215D
S3150800EC10142529480C3400225943C6E901223060DC
S3150800EC20326230463BF0C7FA4FF0010C41F0005112
S3150800EC30099709ABCDF828C006AF0B9145F00055EA
S3150800EC4093E8070003AB87E807000C940CAACDF8F5
S3150800EC5034C00E9507CA83E807000F946C46CDF8B2
S3150800EC6040C012AA119512E9070084E80700194660
S3150800EC703046FFF785F83946FFF782F821463BF01C
S3150800EC80A3FA3AF047FF13B0F0BD402120250B4800
S3150800EC900C34C0E74021202509480C34BBE7802105
S3150800ECA0402508481434B6E7802140250648143420
S3150800ECB0B1E72120E7E700BF0002010300030103D3
S3150800ECC00004010300050103000601032DE9F047CE
S3150800ECD00F46144605468AB0002800F0888061B9B8
S3150800ECE0002A40F0848068463BF05EFA00287CD013
S3150800ECF06FF092000AB0BDE8F08768463BF054FA18
S3150800ED000028F5D1002C70D02B79032B32D8002B94
S3150800ED10EED04026D5F808C005F1080205F13009FD
S3150800ED20134614EB0C0143F8041B4FEAD6082CD201
S3150800ED30424453F8041B0029DAD19A42F9D106F164
S3150800ED40FF3808EA0C080435A6EB080AB8F1000FE4
S3150800ED502CD1544543D3B4FBF6FA3A465346694692
S3150800ED602846FFF746FF0028C2D10AFB06F31F44D0
S3150800ED70E41A33E0043B012BBAD88026D5F808C03C
S3150800ED8005F1080205F15809CAE718465168A2F1C3
S3150800ED90040E01315160C6448645C9D050F8041B9B
S3150800EDA00029F9D1016801310160F5E7544501D21E
S3150800EDB0B442CFE75246394609EB080039F058FC09
S3150800EDC001234A4669462846FFF713FF00288FD1D4
S3150800EDD0A41B4444A64280465744BCD92CB12246BB
S3150800EDE0394609EB080039F043FC002082E76FF04A
S3150800EDF086007FE72DE9FF470C9F0E4615469A4683
S3150800EE00044620B96FF0860004B0BDE8F0870029F3
S3150800EE10F8D00AB9002BF5D14FF4AE72002120467E
S3150800EE2039F007FA4B4B3B40B3F1607F53D1338837
S3150800EE30B3F5885FE6D15FFA87F949F0007904F1FE
S3150800EE40040849464046FEF766FC0028DCD173886C
S3150800EE50DA0852450392D5D8402A04F1DC062DD9A2
S3150800EE6003AB019380232946009348463346FFF7B0
S3150800EE7091FC0028C8D104F1DB052B46039A02F160
S3150800EE80DB012144994220D102F1DC003621C2F18E
S3150800EE904002204439F0CDF9402231464046FFF77A
S3150800EEA015FF0028B0D104F21B1215F8013F83F0B4
S3150800EEB06A0395422B70F8D12760A5E7072BDAD9A4
S3150800EEC02946304639F0D4FBD5E713F8010F80F010
S3150800EED036001870D6E7204B9F4237D13388B3F5F2
S3150800EEE0105F33D127607388DB08182BA36511D010
S3150800EEF0202B1DD0102B85D1BAF10F0F82D93834AB
S3150800EF0005F1100355F8042B9D4244F8042BF9D15A
S3150800EF10002079E7BAF1170F7FF674AF383405F198
S3150800EF20180355F8042B9D4244F8042BF9D1EFE752
S3150800EF30BAF11F0F7FF666AF383405F1200355F88E
S3150800EF40042B9D4244F8042BF9D1E1E76FF08500C4
S3150800EF505AE700BF0000C07F0002C00370B5104B1F
S3150800EF60044600680D460340B3F1607F164688B034
S3150800EF7004D1201D08B0BDE87040A7E60021202274
S3150800EF80684639F056F921466846FEF7F7FB28B970
S3150800EF9033462A4669462046FFF732FA08B070BD5E
S3150800EFA00000C07FF0B50F4616461D4600230446EE
S3150800EFB093B01A4631463846FEF773FD00287FD1CE
S3150800EFC069463046FEF7FCFB002879D1EB68022B30
S3150800EFD00FD039683C48009A81426B6902D01830D4
S3150800EFE0814203D19A4204D9212069E0B3EB420F4A
S3150800EFF0FAD32B68002BF7D14FF060623846C4E984
S3150800F0000023A360236201A9FEF7A4FD002857D1B7
S3150800F0100199204621F4F06101913BF0CCF828468D
S3150800F02002A9FEF797FD00284AD1204602993BF02F
S3150800F030C2F8384609A9FEF766FE002840D12046E0
S3150800F040FEF79EFE384606A9FEF774FE002837D15D
S3150800F050204606A9FEF794FEEB683BB128460CA9A4
S3150800F060FEF751FE60BB2046FEF78AFE30460FA922
S3150800F070FEF760FE20BBB368DA040CD59B0421D5E5
S3150800F0800621F36932691B6801FB03225B0043F022
S3150800F09000530F92119320460FA9FEF771FE2846DA
S3150800F0A003A9FEF747FE58B9204603A93BF08CF89A
S3150800F0B0032520463AF02EFD012801D1013DF8D15D
S3150800F0C013B0F0BD2920FBE7200000B02DE9F04180
S3150800F0D00D4614461E46C4B010B96FF086004FE0C0
S3150800F0E00029FAD0002AF8D0038803F44F42B2F573
S3150800F0F0824F40F0BE80DAB2122A0DD0413A012A78
S3150800F10000F2B7803368002B00F0A4800733B4EB15
S3150800F110D30F00F0A180E0E723F0FF03B3F5E24F39
S3150800F12033D14388336063B9E30033603368E02B37
S3150800F1300CD0B3F5807F26D0C02B40F09A80504A79
S3150800F14005E00733B4EBD30FF0D0C6E74D4A0023EA
S3150800F15018462E19224412F8014D16F8011D0843C7
S3150800F160091B0CBF4FF0FF340024AE4203EA040328
S3150800F17043EA0103EFD10028AFD0002BADDA002017
S3150800F18044B0BDE8F081404AE1E7B3F5824F73D158
S3150800F1900B78042BA1D118A83BF006F807460028DF
S3150800F1A055D101468422229023A839F042F801233A
S3150800F1B02022394610A88DF8883039F03AF82022EE
S3150800F1C04FF08808013C3946013515940DEB0200CD
S3150800F1D0E4001495640839F02CF822AD202239464B
S3150800F1E068460C95CDF8348039F023F8E02CCDE943
S3150800F1F00458346007D0B4F5807F26D0C02C7FF43D
S3150800F2006CAF224B00E0224B109308934FF4005347
S3150800F21012934FF480430734E4080A9310AA6B4606
S3150800F220640008A918A80194FFF7BCFE33680733E1
S3150800F230DB085A0033B10021531E013B297005F142
S3150800F2400105FAD200289AD047E7124BDCE76FF09F
S3150800F250920095E7E40034603368FF2B8FD0B3F54E
S3150800F260807F06D14388B3F5807F02D0FF233360C1
S3150800F27085E76FF0850083E76FF0960080E700BFAB
S3150800F280ACD70408C4D70408E0D7040818000080DF
S3150800F2901C000080200000802DE9F04FA5B015461F
S3150800F2A0DDE92EAB884699460746309A002800F0D5
S3150800F2B0DC80002B00F0D980BAF1000F00F0D58071
S3150800F2C0002900F0D280002D00F0CF800023CBF873
S3150800F2D000300688EB0006F44F41B1F5824F136003
S3150800F2E059D1F1B2122906D04139012912D8202D57
S3150800F2F010D1FF230DE026F0FF01B1F5824F02BFC2
S3150800F300083B5B0813601368B3F5047F02D140F22B
S3150800F3100923136000232A46009341466B46384664
S3150800F320FFF7D4FE044690BB009C30460734E40839
S3150800F330FEF7CEF910B1013D08F10108202200219F
S3150800F34012A8009438F075FF2146384612AAFDF730
S3150800F3506CFC0446D8B90AAE0DF1480CBCE80F009F
S3150800F3600FC69CE80F0086E80F00EB1C23F003038A
S3150800F370282221461AA80F93CDE90D4838F059FFDF
S3150800F3807B681B0A09D0012B15D06FF08B04204629
S3150800F39025B0BDE8F08F2C46D0E7554568D84A46D3
S3150800F3A053461AA8CDE916233AF0FEFE034658B18D
S3150800F3B06FF09204EBE705F12C039A4558D309F14F
S3150800F3C0100205F11C03ECE7012212A90AA8FEF7B0
S3150800F3D068FB70B9159B013B012B0AD84FF0807367
S3150800F3E01C90CDE91A30229007A912A8FEF7B2FBA5
S3150800F3F038B16FF092041AA83AF0D6FE0028C6D0A3
S3150800F400D6E707991AA83AF0D6FE01A90AA8FEF780
S3150800F41091FC0028EDD101A91AA8FEF7B1FC04A9B0
S3150800F42012A8FEF770FC0028E3D11AA8FEF7A8FC7C
S3150800F43007A912A8FEF77EFC0028DAD107A91AA8A0
S3150800F4403AF0C2FE3AF066FB0028D2D15246494647
S3150800F45012A8FDF779FC0446002898D15A46294691
S3150800F4603846FEF743F90446C5E76FF086048EE78B
S3150800F4706FF08C048BE72DE9F8431F460388064690
S3150800F48003F44F43B3F5824F88461546DDF82890B6
S3150800F49017D14B46FFF71AFE044678B9089B9D42DA
S3150800F4A012D82A464146384639F0E2F83946D9F89C
S3150800F4B0002030882FF0B4F9099B1D602046BDE86E
S3150800F4C0F8836FF08504F9E76FF08904F6E7F0B57D
S3150800F4D001230F46154604468FB01A462946384674
S3150800F4E0FEF7DFFA20B9BB6813F4C04F02D121201A
S3150800F4F00FB0F0BDAB6803F4C043B3F5005FF6D1B7
S3150800F500284B0BAEC4E90030A0602062314638466D
S3150800F510FEF720FB0028EBD120460B993AF04BFE6C
S3150800F520384608A9FEF7EFFB0028E1D12046FEF78A
S3150800F53027FC384605A9FEF7FDFB0028D8D120464A
S3150800F54005A9FEF71DFCEB68002BD0D1AB6803F4C8
S3150800F550C043B3F5005FCAD1284601A9FEF76CFA85
S3150800F5600028C5D1019B6A699A4218D32A6943F0D3
S3150800F57000530B9201220C920D9302AB96E80700FA
S3150800F58083E80700194620463AF01EFE0325204662
S3150800F5903AF0C0FA0128ABD1013DF8D1A8E71D2001
S3150800F5A0A6E700BF000001022DE9F0439DB004461E
S3150800F5B0164698460D46DDF8909000296BD0002A2D
S3150800F5C069D0202200210AA838F033FE294632469F
S3150800F5D020460AABFEF71CF9054670BB248804F4DE
S3150800F5E04F43B3F5824F2CD1413CE4B2012C94BF72
S3150800F5F00024012402AE0AAF0FCF0FC697E80F000A
S3150800F60086E80F000021049A08EB0403069322F00B
S3150800F610807209F103031B1B22F48042059123F033
S3150800F620030342F40052019102A801A90793049228
S3150800F630FEF702FA38B16FF0920528461DB0BDE80C
S3150800F640F0830124D6E7019E26444E45019625D827
S3150800F65012A83AF0A9FD0028EDD102AA0AA912A813
S3150800F660FFF735FF012813D058B1482814BF6FF0AB
S3150800F67092056FF0850512A83AF096FD0028DCD0B1
S3150800F680D9E714B1042388F80030259B1E60F2E7F9
S3150800F6906FF08B05EFE76FF08605CEE76FF089050B
S3150800F6A0CBE72DE9F043012906460F46154698464D
S3150800F6B0A9B078D8130779D1046824F04003802BC1
S3150800F6C002D0B4F5807F74D12022002120A838F01A
S3150800F6D0B0FD394A394BE408012F08BF1346012704
S3150800F6E01F9344F00054331D1C931D971E94344CED
S3150800F6F00DF1040C1CAB93E807000DF110098CE81A
S3150800F700070019ABCDF864801A971B9493E8070095
S3150800F71016AB89E80700CDF858801797189493E830
S3150800F7200700309B45F0005E07AC84E8070013939A
S3150800F730149713ABCDF854E093E80700319B0DF10D
S3150800F740280888E80700109310AB1197CDF848E011
S3150800F7500DAF93E8070087E8070061461FA8FEF784
S3150800F7600FFB4946FEF70CFB4146FEF709FB3946F7
S3150800F7703AF02AFD21464FF480643AF025FD3168B7
S3150800F780C9083AF018FD29463AF015FD0D4B9C6656
S3150800F790BFF34F8F3AF0E8FC3AF0DDFC0A4B9C6663
S3150800F7A029B0BDE8F0836FF02000F9E76FF021007B
S3150800F7B0F6E76FF01F00F3E70302000403020104F3
S3150800F7C0100000200090005000A0005070B504689A
S3150800F7D00D1B002D02DC6FF05F0070BD94F9006010
S3150800F7E02378002E0ADB631C036023781360036802
S3150800F7F0C91A13688B42EED80020EEE703F07F03A0
S3150800F8005C1E032C13D89D42E5DD002414600468B1
S3150800F81001340460046815682478013B44EA052429
S3150800F8201460046804F101040460F3D1DFE76FF0A3
S3150800F8306300D2E770B404680E1B002E06DD267836
S3150800F8409E4207D10134046070BCBFE76FF05F00C9
S3150800F85070BC70476FF06100FAE77F2A034610B55F
S3150800F8601AD914460120240A00F10100FBD11C68AC
S3150800F870641A844212DB19684C1E1C6001F8012CBC
S3150800F880120AF8D1012806D01A68511E196000F12B
S3150800F8907F0302F8013C10BD0120E8E76FF06B001A
S3150800F8A0F9E72DE9F84F4FF0000A0746894616464C
S3150800F8B0984655465446DDF828B05C4516D20023CE
S3150800F8C018F8040020280CD0ABEB0402012A41D01A
S3150800F8D00D283FD108EB040252780A2A6ED101346A
S3150800F8E0EBE70134A3454FF00103E9D1A5EB0A0381
S3150800F8F003F00303012B30D0AA072ED1AD0805EB80
S3150800F9004505A5EB0A053560B5BB002508EB0409D6
S3150800F91029463C46DFF8B8A0C14508D018F8010BBF
S3150800F920A0F10A03DBB2162B2CD93D282ED1032DC4
S3150800F9303DD12346C1F38F2203F8022BC1F3970169
S3150800F94061701C463368E41BA34214BF6FF06D0058
S3150800F950002004E00A28C2D01BB16FF02B00BDE8D6
S3150800F960F88F0106F9D43D282AD10AF1010ABAF11D
S3150800F970020FF2D80135B2E70FB14D45C5D96FF080
S3150800F9802900ECE74AFA03F3DB07C5D54FEA811BE2
S3150800F990FDF77EF80135042D40EA0B01BCD10B0CAE
S3150800F9A023700B0A6370A17000250334B4E7022D97
S3150800F9B004BFC1F30F1104F8011BC3E7002BCCD118
S3150800F9C0BAF1000FC9D1FDF763F80028D2DAC4E707
S3150800F9D0F6FFBFFF10B5044648B1006818B1E188C4
S3150800F9E089001FF095FC00220123C4E9002310BDFD
S3150800F9F042F21073994270B504460D4602D96FF06B
S3150800FA000F0070BDC3888B4213D2042128461DF00F
S3150800FA10E1FC06460028F2D0216841B1E28892004E
S3150800FA2038F026FEE188206889001FF071FCE58021
S3150800FA3026600020E5E72DE9F0410D46C988044611
S3150800FA401646FFF7D5FF014610BB3046FDF754F8BA
S3150800FA5003461C4EB4F90420F06A0132584022EAE3
S3150800FA600002B5F90400013018400243013AA280A9
S3150800FA70D5F800E02268B5F80680724503D08C46B2
S3150800FA80043AE04507D8DB43EA88E088824210D387
S3150800FA900846BDE8F081F76A52F8040F5F4020EA8D
S3150800FAA007005EF82C700CF1010C1F4038431060FB
S3150800FAB0E7E7256855F82200184045F82200013284
S3150800FAC0E3E700BF48430020F8B505468D420E46D9
S3150800FAD0104601D10020F8BDFDF70EF8C988044686
S3150800FAE02846FFF785FF0028F5D13046E988FFF755
S3150800FAF07FFF0028EFD11C4AB6F90430B5F9041087
S3150800FB00D06A01310133604021EA000023400343F3
S3150800FB10013BAB80B6F90430D06A0133604021401E
S3150800FB2023EA00030B43013BB38031682B68EE8858
S3150800FB308B42CFD0043903EB86069E42CAD0D06AE0
S3150800FB401D6851F8047F604025EA000027403843C5
S3150800FB5043F8040BD76A0868674020EA070025407F
S3150800FB6028430860E9E700BF4843002038B5044643
S3150800FB700D4619B9FFF72EFF002038BDC2888A4204
S3150800FB8007D100210068920038F053FB0123A380B7
S3150800FB90F2E7FFF71FFF29462046BDE8384027E76A
S3150800FBA0884270B505460E4609D0C988C28841B94B
S3150800FBB02AB1012392008380006838F03AFB0020BE
S3150800FBC070BD4C1E8CB9B6F904300134A242AB8024
S3150800FBD012D221462846FFF70BFF0028F0D13168DC
S3150800FBE02868A20038F044FDE9E7336853F8243062
S3150800FBF0002BE8D1013CE5E72868121B002192009A
S3150800FC0000EB840038F015FBE9E770B50E460121D4
S3150800FC100446FFF7EDFE054648B9E288014692001C
S3150800FC20206838F006FB23681E600123A380284657
S3150800FC3070BD2DE9F341054688461646CF883FB183
S3150800FC40D8F8003003EB870353F8043C33B13EB9C8
S3150800FC500021284602B0BDE8F041D6E7013FEEE7AD
S3150800FC602846791CFFF7C4FE044670B94146284663
S3150800FC70FFF796FF044640B9013E00963B46D8F882
S3150800FC800020E98828682EF011FD204602B0BDE85C
S3150800FC90F081C388B1EB431F3FBF03684A0953F895
S3150800FCA0220001F01F013ABFC84000F00100002001
S3150800FCB07047F8B5C3880646B1EB431F0C4617468E
S3150800FCC04FEA511514D20122316804F01F0451F885
S3150800FCD02530A24023EA020341F82530326807FAA4
S3150800FCE004F452F82530234342F825300020F8BDA5
S3150800FCF0002AFBD0691CFFF77BFE0028E3D0F6E755
S3150800FD00C1880068FDF7C4B82DE9F84312F003036B
S3150800FD1018BF012303EB92068946314680461546ED
S3150800FD20FFF724FF044670B9B8F80620D8F8007023
S3150800FD30964218D83FB101469200384638F079FA0B
S3150800FD4023469D4202D12046BDE8F88319F80310E0
S3150800FD50DA0023F0030002F0180291403A58013302
S3150800FD600A433A50EDE76FF00704ECE72DE9F8434C
S3150800FD7012F0030318BF012303EB920688463146A7
S3150800FD8081461446FFF7F2FE0546B8B9B9F806707B
S3150800FD90BE4216D897B1D9F80090BE000146324641
S3150800FDA0484638F046FA2CB1301B224641464844AC
S3150800FDB038F05EFC39464846FDF7B0F82846BDE8F7
S3150800FDC0F8836FF00705F9E7F8B5C3880E46B2EB76
S3150800FDD0830F07684FEA83041AD813469C420CD14E
S3150800FDE015460023AB4215D1A24204D90021121BA5
S3150800FDF0301938F01EFA0020F8BD23F003003D58EC
S3150800FE0003F00301C900CD40EDB26DB90133E5E752
S3150800FE102546E6E723F00301795803F00300C000FE
S3150800FE20C140F1540133DDE76FF00700E4E703460C
S3150800FE3070B51C68DB880846B2EB830F4FEA83056A
S3150800FE4019D9521B8E18002138F0F3F930462A4684
S3150800FE5000231044934210D1002070BD23F0030103
S3150800FE60615803F00306F600F140C9B281B90133BF
S3150800FE709D42F3D1ECE71346FAE723F003016158F4
S3150800FE8003F00305ED00E94000F8011D0133E1E741
S3150800FE906FF00700E1E7F8B504460D46FFF730FFB7
S3150800FEA0E3882844B0EB431F25D81F2D2368E6882E
S3150800FEB005F01F074FEA551413D96FF003003246B1
S3150800FEC000FB0430944202F1FF3120D3A21BA64264
S3150800FED038BF0022324418460021920038F0A9F9AA
S3150800FEE0034637B1002103EB8403C7F12005A64278
S3150800FEF013D800200AE010F01F0118BF012101EBFA
S3150800FF0050112046FFF774FD0028CED0F8BD50F8F2
S3150800FF10212043F821200A46D4E71868013400FA5C
S3150800FF2007F20A4343F8042B20FA05F1DFE708B580
S3150800FF300A46C18811B10068FCF746FF002008BDD3
S3150800FF4030B5C38823B9CA885AB9002B3DD136E0E3
S3150800FF50026802EB830252F8042C002AF3D1013B13
S3150800FF60F0E70C6804EB820555F8045C4DBB013AD2
S3150800FF70EAE7B1F9045003D2B1F90400404226E099
S3150800FF80B0F90420002A03DD002D0CDA01201EE05A
S3150800FF90002D08DD3AB14FF0FF3018E003F1FF33CA
S3150800FFA00BD2504213E0013B016851F8235054F834
S3150800FFB023108D42F2D9104609E0591CF4D10020CD
S3150800FFC005E0002BD8D09342D3D9B0F9040030BD50
S3150800FFD01FB54A1C14BF0B46012301930123C90F01
S3150800FFE0C1EBC13149000131ADF80C10ADF80E3046
S3150800FFF002A901AB0293FFF7A3FF05B05DF804FB66
S315080100002DE9F84305460E469046D4883CB9F18851
S31508010010A1420ED26FF009073846BDE8F883D8F831
S31508010020003003EB840353F8043C002BEFD1013C69
S31508010030ECE72846FFF7DCFC07460028ECD1F288F6
S3150801004094420BD2AE4209D028683168121B92003D
S3150801005001EB840100EB840038F00AFBEA88F0889A
S31508010060824207D92B68121A0021920003EB8000FD
S3150801007038F0DFF800221346D5F800C0D6F800E0BC
S31508010080D8F80080944203D1BBB90123AB80C3E7FA
S315080100905EF8226058F82200F11A81422CBF4FF00F
S315080100A000094FF00109091A4CF822109E422CBF8B
S315080100B04B4609F101030132E4E72A68E98802EBB4
S315080100C0840402EB8102944202D1002BDDD0A1E720
S315080100D02168C91A34BF0123002344F8041BF2E737
S315080100E02DE9F0411746B1F904509288044612FBEE
S315080100F005F253430E461DD539463046FCF708FD31
S31508010100B0F100080DDB3A4631462046FFF778FF85
S3150801011028B9B8F1000F08BF01250020A580BDE860
S31508010120F08132462046FFF76BFF0028F7D16D4272
S31508010130A580F4E7874202D0814210D13E460123C9
S31508010140A380B6F80680B8F1000FE6D0336803EB52
S31508010150880353F8043C3BB908F1FF38F3E7FFF786
S315080101601FFD0028EAD0DAE741462046FFF740FCA2
S315080101700028D4D1D6F800C0074606462368191FB9
S3150801018051F8042F5CF82700B2182CBF0126002667
S315080101900137121846F10006B8450A60F0D103EB9B
S315080101A08703002EB9D0E28807F10108BA4208D8B8
S315080101B041462046FFF71CFC0028B0D1236803EB13
S315080101C087031A68474692192CBF0126002643F869
S315080101D0042BE6E7012383E74FF0FF3380E72DE998
S315080101E0F04F0123164600228BB0884207460D467A
S315080101F0CDE90823CDE9062306D108A8FFF7D0FCE7
S315080102000446002840D108ADB74207D1394606A8A9
S31508010210FFF7C6FC0446002836D106AEB5F80680B7
S31508010220B8F1000F3AD1B6F80690B9F1000F3FD1EF
S31508010230012308EB090A514638460393FFF7D8FB11
S31508010240044608BB01463846FFF7DFFC0446D8B921
S315080102502A683B680146049218464FEA8A02D6F88C
S3150801026000B037F0E6FFABF1040A834600EB8909D3
S3150801027008F10101D94524D1039B7BBBAB88B28820
S3150801028013FB02F31BB2BB8006A8FFF7A3FB08A862
S31508010290FFF7A0FB20460BB0BDE8F08F2B6803EBF8
S315080102A0880353F8043C002BBDD108F1FF38B7E7A2
S315080102B0336803EB890353F8043C8BB909F1FF3919
S315080102C0B3E75AF8043F58460093049A4346059102
S315080102D00BF1040B2EF0EAF90599CBE70123D2E7D6
S315080102E0B8FA88F35B09A4E72DE9F04F05460F46EE
S315080102F01046002197B09346FFF76AFE0028C0F220
S31508010300878105D16FF00B04204617B0BDE8F08F41
S3150801031000230126CDE90936CDE90B36CDE90D369F
S31508010320CDE90F36674B59461293384613AB1193ED
S31508010330FCF7EEFB002817DA35B139462846FFF7F0
S315080103402FFC0446002849D100212846FFF740FE24
S315080103500028C0F24C8159462846FFF7F1FD0028CE
S3150801036080F24C810024CFE7394609A8FFF718FC2B
S31508010370044698BB59460BA8FFF712FC044668BB0E
S31508010380F9880DA80231ADF83060ADF82860FFF79D
S315080103902FFB044610BB01460DA8FFF736FC0446A1
S315080103A0E0B9F9880FA80231FFF722FB0446A8B97C
S315080103B00BA8FFF7A5FC00F01F001F2821D0C0F1EC
S315080103C01F03194609A80093FFF765FD044628B9D6
S315080103D000990BA8FFF75FFD044698B109A8FFF736
S315080103E0F9FA0BA8FFF7F6FA0DA8FFF7F3FA0FA823
S315080103F0FFF7F0FA0C2113A81EF080FF002CA3D0FA
S3150801040082E70094BDF82A60BDF832900BA8A6EBE6
S31508010410090A4FEA4A184146FFF73DFD04460028F6
S31508010420DCD14FEA8A0A0BA909A8FFF789FD00283A
S3150801043038DA41460BA8FFF77AFD04460028CDD1E4
S3150801044009F1FF3301939B0006F1FF38049306F186
S31508010450804609F18043023B013E9B00A6EB090653
S315080104600793B3000293019B43452DD3002DB5D0C5
S31508010470009909A8FFF75BFD002840F0B480BB8806
S3150801048009A92846ADF82830FFF78AFB0146002856
S3150801049040F0AB802846FFF79BFD00289ED101233B
S315080104A0AB809BE70D9A09A952F80A300846013331
S315080104B042F80A300BAAFFF78FFE04460028B2D08D
S315080104C08CE700BF010003000B9B049A03931344B6
S315080104D0DDF824900693039B4FEA880A9A5859F83F
S315080104E02810AAF104030D9E0593029B91421E440E
S315080104F074D20598002359F8000037F0A9FC0029A1
S3150801050014BF4FF0FF330346B8F1010F33600EBF36
S31508010510002309EB0A0353F8083C079A1393059B32
S3150801052059F80330149359F80A301593336801338F
S315080105303360039B1344994633680021013B3360BA
S315080105400FA8FFF762FB00284DD1019B002B48D06D
S31508010550D9F800200F9B0FA91A60069A0846126857
S315080105605A603268FFF765FB00283CD111A90FA82C
S31508010570FFF7E6FC0028DFDC32680BA90FA8FFF7B6
S3150801058058FB80BB029B0FA84FEAC3094946FFF7F0
S3150801059082FC40BB09A908460FAAFFF71DFE0146C2
S315080105A018BB09A8FFF714FD002812DA0BA90FA832
S315080105B0FFF7F6FAB8B949460FA8FFF76CFC90B9E8
S315080105C009A908460FAAFFF705FE60B93368013B7A
S315080105D03360029B08F1FF38043B43E74FF0FF33D2
S315080105E092E7019AB6E70446F8E60C46F6E65A4655
S315080105F029462846FFF7EEFD0446FFE65A462946F0
S315080106002846FFF7E9FD044600283FF4A4AE7BE639
S315080106106FF0090478E62DE9F04306460F461046C1
S31508010620012197B01546FFF7D3FC002840F3CA818C
S3150801063000220123394612A8CDE90E23CDE90C2360
S31508010640CDE90A23CDE90823CDE91023CDE906230F
S31508010650CDE90423CDE90223CDE90023CDE912230F
S31508010660CDE91423FFF79CFA044608B112A806E05F
S31508010670294614A8FFF794FA044612A81CB3FFF7F3
S31508010680A9F914A8FFF7A6F90EA8FFF7A3F90CA86C
S31508010690FFF7A0F90AA8FFF79DF908A8FFF79AF945
S315080106A010A8FFF797F906A8FFF794F904A8FFF72A
S315080106B091F902A8FFF78EF96846FFF78BF92046EC
S315080106C017B0BDE8F083FCF73BFC814614A8FCF79C
S315080106D037FC804650B9214614A8FFF7DAFA28B93B
S315080106E0394610A8FFF75CFA04463CE00123ADF849
S315080106F05430ADF84C30002112A8FFF769FC58B9FF
S31508010700C145494614A828BF4146FFF7C4FB04461C
S315080107100028ABD114A9E4E712A8FCF711FC01469D
S3150801072012A8FFF704FC0446E8B914A8FCF708FC6C
S31508010730014614A8FFF7FBFB0446A0B914A912A8A1
S31508010740FFF7FEFB0028C0F2A28012A9084614AAE8
S31508010750FFF756FC044630B9012112A8FFF7E7FB5B
S3150801076004460028C7D012A8FFF734F914A8FFF7E2
S3150801077031F9002C88D1012110A8FFF729FC00289E
S3150801078040F01D812A4639460EA8FFF7ADFD0446FD
S3150801079000287FF479AF0EA90CA8FFF701FA0446E1
S315080107A000287FF471AF294606A8FFF7F9F9044630
S315080107B000287FF469AF294604A8FFF7F1F9044632
S315080107C000287FF461AF01210AA8FFF71EFA044643
S315080107D000287FF459AF014608A8FFF716FA044620
S315080107E000287FF451AF014602A8FFF70EFA044626
S315080107F000287FF449AF01216846FFF706FA044647
S3150801080000287FF441AF0C9B1B68D8074BD5049B86
S315080108101B68DB0776D504A90CA8FFF791FB00280E
S31508010820C0F2A3800CA9084604AAFFF7D5FC044622
S3150801083000287FF429AF0AA9084602AAFFF7CCFCCB
S31508010840044600287FF420AF08A96A460846FFF740
S31508010850C3FC044600287FF417AF00210CA8FFF754
S31508010860B7FB0028CFD1002102A8FFF7B1FB00286A
S31508010870C0F29180294602A8FFF762FB002880F2A0
S315080108809480304602A9FFF78BF90446FCE614A9C1
S31508010890084612AAFFF7B4FB044600287FF463AFA3
S315080108A0012114A85AE701210CA8FFF740FB0446C9
S315080108B000287FF4E9AE0A9B1B68DF0710D4089B62
S315080108C01B68DC070CD401210AA8FFF730FB044694
S315080108D000287FF4D9AE012108A8FFF728FB8EE787
S315080108E00AA9084606AAFFF775FC044600287FF4FC
S315080108F0CBAE08A908460EAAFFF76EFC04460028E7
S31508010900E1D0C1E6012104A8FFF711FB044600283E
S315080109107FF4BAAE029B1B68D90714D4009B1B68E7
S31508010920DA0710D4012102A8FFF701FB04460028C3
S315080109307FF4AAAE01216846FFF7F9FA04460028B2
S315080109403FF465AFA0E602A9084606AAFFF742FCEE
S31508010950044600287FF498AE694668460EAAFFF752
S315080109603BFC04460028DDD08EE604A908460CAAFD
S31508010970FFF732FC044600287FF486AE02A9084632
S315080109800AAAFFF729FC044600287FF47DAE6946CA
S31508010990684608AA5BE702A92A460846FFF71AFC31
S315080109A0044600283FF45FAF6EE602A92A460846C8
S315080109B0FFF712FC044600283FF45CAF64E66FF0CB
S315080109C00D0461E66FF0030479E62DE9F04712F0AC
S315080109D0030418BF012404EB92048C420646884698
S315080109E017461D464FEA840AC2EB84091AD84A46B5
S315080109F0002137F01EFCA8EB04020021920006EB49
S31508010A000A0037F016FC3A46089806EB0901A8478A
S31508010A10054620B91CB121463046FCF77FFA28461F
S31508010A20BDE8F0876FF00305F9E72DE9F04F0546B4
S31508010A308BB01046164605910693FFF7C9FA0028AA
S31508010A406EDD2846F188FFF791F80446002844D15F
S31508010A503368B5F806900293D5F80080334D4946B8
S31508010A600298EB6AEB6AFCF713FAC31D272B8CBFB6
S31508010A704FF01E0A4FF0FA0ADA0823F007031B1A89
S31508010A8003920793149B494600934046069B039A93
S31508010A90FFF79BFF044600BB49464046079AFCF709
S31508010AA093F9BAF1010A3ED00599D8F80000FCF786
S31508010AB05EF80122C143EE6A914512D846EA01035E
S31508010AC0EF6A0493EB6A4B46EE6A03F1FF3B7BB987
S31508010AD0049AEB6A17409F42D4D020460BB0BDE872
S31508010AE0F08F58F82200FCF707F801320643E3E7CE
S31508010AF0029B53F82B2058F82B30104619460993B8
S31508010B000892FCF734F8099B089A064311461846D9
S31508010B10FCF72DF820EA06031F4306435B46D4E794
S31508010B206FF00304D9E76FF00D04D6E748430020B8
S31508010B3010B5044688B14378012B04D1BDE81040AD
S31508010B4040681FF05DBE0378012B04D124220021E1
S31508010B50083037F06EFB0023237010BD10B504462C
S31508010B6030B13830FFF7E4FF682120461EF0C6FB96
S31508010B702046BDE810401CF01FBB70B5044686B080
S31508010B8038300E461546FFF7D3FF0122224B84F86B
S31508010B90382093F84C3013EA020129D0002184F851
S31508010BA0392001A8142237F044FB4FF410534FF6AD
S31508010BB0F872ADF800304FF6FF73954298BF2B4691
S31508010BC0ADF80230154B4FF480716846039318F05F
S31508010BD0A4FBEA1D3146684604F13C03D2081FF01E
S31508010BE0C6FA90B104220E4B0E4920F002F80BE02A
S31508010BF084F8391040342422204637F01AFB2A4655
S31508010C0031462046FBF7F4FF10B9002006B070BD47
S31508010C106FF00C00FAE700BF484300200044400487
S31508010C20C1DD020800D8040837B545780C46012D00
S31508010C3013460ED101AB406829F08EFF034628B151
S31508010C400A4B04220A491FF0D4FF0346184603B08B
S31508010C5030BD0178012906D12246083003B0BDE826
S31508010C603040FDF797B8034BF0E700BFC1DD020836
S31508010C7000D80408809CFFFF2DE9F043984600231D
S31508010C8085B005460C46174600F110016A4638300C
S31508010C90CDE90033CDE90233DDF83090FFF7C4FF23
S31508010CA0064658B16B6E43F010036B666846102111
S31508010CB01EF024FB304605B0BDE8F0830DEB0401B8
S31508010CC00446221D974209D2A742EFD918F80430E3
S31508010CD00A5D534009F804300134F5E758F8043041
S31508010CE00859434049F804301446EAE738B5416ED5
S31508010CF0044601F00303032B06D1826A32B9436B1A
S31508010D00023B012B1CD80262002038BD056B2378F3
S31508010D10681E0343606A023A003818BF012043EA95
S31508010D2080130020520843EAC2032370236AC2B221
S31508010D30954200F1010006D853B141F010016166F0
S31508010D406FF00C00E1E7C2F10F02A3541B0AEEE7AC
S31508010D502246214604F13800FFF766FF0028D4D061
S31508010D60636E43F010036366CFE72DE9F0411D4634
S31508010D70073B062B0446164627D8A04600F1110361
S31508010D80C5F10F07416307630F2218460021013F8A
S31508010D9037F04FFA2A46314608F8107F37F068FCD3
S31508010DA0681C226B0021404437F043FA01232A4686
S31508010DB0E377E018314637F05BFC636E204643F073
S31508010DC001036366BDE8F04190E76FF00C00BDE8EA
S31508010DD0F0812DE9F04F9B46436E0446DB068A46B1
S31508010DE0164689B000F1C680836A2BB1C36A1344DB
S31508010DF0026A934200F2BE80129B9E4200F2BA80BA
S31508010E00139B04AF1E6004F1380303930EB93346EE
S31508010E108AE0E36A03F00F08C8F11005B54228BF56
S31508010E2035462B44E362636B23F00203012B41D061
S31508010E30636B33F0020929D153462A4641462046B7
S31508010E400097FFF719FF034600286DD1384604EBD2
S31508010E500803A3F1040C09F1040295426FD24B442D
S31508010E604D4576D82A463946584637F001FC08EBEF
S31508010E700503102B03D0E26A236A9A4276D12246E9
S31508010E8021460398FFF7D0FE034660BBA844B8F194
S31508010E90100F67D10021206BCBB2984266D9C3F1F6
S31508010EA00F0323441A7C01310132D2B21A74002A83
S31508010EB0F2D05BE0002304EB0801181D854201EB23
S31508010EC0030215D29D421CD808EB0503102B03D04B
S31508010ED0E26A236A9A421CD1224621460398FFF701
S31508010EE0A3FE0346A8B1626E42F0100262661BE0D9
S31508010EF05AF8032051F803C082EA0C02CA50034685
S31508010F00DBE71AF8030011780133414002F8011BA7
S31508010F10D8E753462A4641462046CDF800B0FFF7A2
S31508010F20ABFE0346002883D010210DEB0100039385
S31508010F301EF0E4F9039B184609B0BDE8F08F5CF88A
S31508010F40021050F804EB914681EA0E014CF80210A2
S31508010F5081E71A7817F8091009F101094A4003F8D7
S31508010F60012B7DE7E26A236A9A4293D0761BAA444B
S31508010F70AB444BE76FF00C03DDE7F7B5436E174655
S31508010F80DA0604460E4636D4426A0AB11B072AD542
S31508010F90236A2BBB00221046216BD3B2994202F178
S31508010FA0010223D823461022002120460094FFF788
S31508010FB063FE054688B926B13A462146304637F0DA
S31508010FC057FB0026102231462046666637F031F96E
S31508010FD010223146A01837F02CF9284603B0F0BD87
S31508010FE0E26A9342D6D06FF00C05F6E7C3F10F0318
S31508010FF023441874D1E76FF06D05EEE738B590F81C
S3150801100044300446012B11D1C56B4DB12B7A012B06
S3150801101002D168681FF0F4FB0C2128461EF078F906
S315080110202046BDE8384048211EF068B9006C18B161
S315080110304FF4AE711EF06CF9E06B0028F0D023680E
S31508011040DA79044B02F07C0213449B6F9B6998473B
S31508011050E6E700BF98D70408F8B5046C0E460734CE
S31508011060E4089C4228BF1C461146054622463046DE
S31508011070FEF77CFE0746C8B92B6CE100B3EBC40F3B
S315080110800DD3343529463046FEF75AFF00280DDBC5
S315080110902A4631463046BDE8F840FFF79DB8304646
S315080110A0C91AFEF744FF0028EBD007463846F8BDB3
S315080110B00122002300EBC101884200D170470830A4
S315080110C020F8042C20F8023C40F8083CF4E738B52F
S315080110D000EBC104A04200D138BD00F10805FEF7B6
S315080110E079FC2846F6E70346C06920B15B6A002BFE
S315080110F014BF01200220704700220123C0E9002302
S31508011100C0E90223C0E90423704738B50024012544
S315080111100146C0E90254C0E904540470446085617B
S315080111201C30FFF7E9FFC1E90D45C1E90F44C1E9E3
S315080111301144C1E91344C1E91544CC6538BD10B55C
S315080111400446FFF7E2FF00220123C4E9182304F14C
S315080111506800BDE81040CFE708B11DF0D4BE70475E
S3150801116070B5044658B3436C012B11D00C30FEF709
S3150801117031FC04F11400FEF72DFC04F11C00FFF705
S31508011180EBFF04F13400FEF725FC201DFEF722FCD7
S31508011190A36D8BB92046BDE8704060211EF0AEB83C
S315080111A006FB0500FFF7D8FF0135D4E91603AB4264
S315080111B0F6D81CF001F8EDE700251826F5E770BD0D
S315080111C010B5044650B1FFF7CBFF04F16000FEF7F6
S315080111D001FC04F16800BDE81040BDE710BD38B553
S315080111E004460D46FEF7DCFC70B905F1080104F169
S315080111F00800FEF7D5FC38B905F1100104F1100015
S31508011200BDE83840FEF7CCBC38BD2DE9F047467835
S3150801121004460D46174691F8008016BB4FF00109A2
S3150801122000F1040A067080F8029080F801805046A1
S31508011230FFF76BFF04F16C00C4E91969FFF75CFF5E
S3150801124004F18400FFF758FF41465046C4E927696F
S315080112501DF067FEF8B9A378012B05D00F48BDE844
S31508011260F0874645F7D0F9E7012F05F1680104D162
S3150801127004F18400BDE8F047B1E704F16C00FFF71B
S31508011280AEFF0028EBD105F1600104F16400BDE869
S31508011290F047FEF785BC0248E1E700BF80B0FFFFD3
S315080112A080B1FFFF10B501210446FEF7AEFC60B917
S315080112B0012104F10800FEF7A8FC30B9014604F142
S315080112C01000BDE81040FEF7A0BC10BD2DE9F0479F
S315080112D081460D4690461F461BB9354C2046BDE84A
S315080112E0F0870430FEF70CFDC61D4846FFF7FBFEE6
S315080112F002284FEAD60632D1B742EED13A464146DE
S315080113002846FEF701FD04460028E7D105F1080045
S31508011310FEF760FB99F80030092B16D0012105F17B
S315080113201000FEF772FC04460028D7D14846FFF79D
S31508011330DAFE01288246D1D198F800308BB9012FFF
S31508011340CBD12846BDE8F047ACE7F9002246284646
S315080113500139FEF7AEFC04460028DFD0BEE7154C7E
S31508011360E4E706F10109B945B7D83246284608F136
S315080113700101FEF7FBFC04460028AFD1514605F1F1
S315080113801000FEF742FC04460028A7D198F8003061
S31508011390042BA2D173000133BB429ED1324608EB1E
S315080113A0090105F10800BDE8F047FEF7DFBC00BFFB
S315080113B080B0FFFF80B1FFFFF8B50C46064611461F
S315080113C020461A46FEF70BFF054660BBB76C37B9D0
S315080113D021462046321DBDE8F840FEF785BFB4F91F
S315080113E00430002B04DA01462046FEF7F1FD68BBFE
S315080113F02046FEF785FCF36BB0EB430F26D8204653
S31508011400B847054678B90436B4F90430002B04DA2E
S3150801141000212046FEF7DCFD38B931462046FEF7A5
S315080114208FFD00280ADA2846F8BD324621462046AD
S31508011430FEF7D0FE0028E7D00546F4E732462146F6
S315080114402046FEF7DDFD0028E7D0F5E7004DEAE77F
S3150801145080B0FFFF70B50C460646114620461A466F
S31508011460FEF7BAFE054688B90436B4F90430002BEE
S315080114700CDA00212046FEF7ABFD30B13246214693
S315080114802046FEF7A7FE0028EFD00546284670BD80
S3150801149070B50C460546114620461A46FEF79AFED1
S315080114A0064630B9043529462046FEF749FD002887
S315080114B001DA304670BD2A4621462046FEF7A0FDD0
S315080114C00028F0D00646F4E72DE9F74301F11006A6
S315080114D00546894630460021FEF77AFD0446A0B343
S315080114E000230127314668462A1DCDE90037FFF753
S315080114F092F8044630BB09F108086B464246414654
S315080115002846FFF759FF0446E0B96B466A4669461D
S315080115102846FFF751FF0446A0B96B464A46494695
S315080115202846FFF749FF044660B96B4642464146DD
S315080115302846FFF741FF044620B939463046FEF7EB
S3150801154064FB04466846FEF745FA204603B0BDE843
S31508011550F083F7B50D4601230021083504462846D0
S31508011560CDE900131646FEF733FD211D07462A4627
S315080115706846FEF731FE044648B9002F0CBF002223
S3150801158006F0010269462846FEF755FA04466846FA
S31508011590FEF720FA204603B0F0BD2DE9F84F1E46A6
S315080115A003F10805C36804468A469046002B40F0B5
S315080115B0C08002F110031A462946FFF7FDFE0028EE
S315080115C040F0EF8006F110072B4642463946204681
S315080115D0FFF75EFF002840F0E48006F118092B4664
S315080115E0424649462046FFF735FF002840F0D98094
S315080115F04B463A4629462046FFF7DEFE002840F0CC
S31508011600D080032229463046FEF713FB002840F016
S31508011610C880314620461DF063FC002840F0C18091
S3150801162008F1080B06F110075B465A46394620466B
S31508011630FFF7C2FE002840F0B480394620462AF05A
S31508011640B7FC002840F0AD803B4642462946204675
S31508011650FFF7B2FE002840F0A480294620462AF06A
S31508011660A7FC002840F09D8006F118093B463A463A
S3150801167049462046FFF7A0FE002840F092804946D9
S3150801168020462AF095FC002840F08B8033463246E6
S3150801169039462046FFF790FE002840F082802B4607
S315080116A03A4639462046FFF7D5FE002879D12B461A
S315080116B03A4639462046FFF7CDFE002871D13B460A
S315080116C02A4629462046FFF7C5FE002869D1334632
S315080116D02A4629462046FFF76FFE002861D14B4668
S315080116E02A4629462046FFF7B5FE002859D15A460B
S315080116F04946204608F11003FFF75EFE002850D13F
S31508011700494620462AF054FC00284AD13946504613
S31508011710FEF746FA002844D129460AF10800FEF7E1
S315080117203FFAF0BB49460AF11000BDE8F84FFEF74B
S3150801173037BA13462946FFF73FFE90BB03222946CF
S315080117403046FEF776FA60BB314620461DF0C8FBE7
S3150801175038BB04F10C0701463846FEF739FC002868
S315080117603FF45EAF08F110031A4629462046FFF7F3
S3150801177023FEB0B906F110092B462A4649462046EA
S31508011780FFF71AFE68B93B464A4629462046FFF73F
S3150801179013FE30B92B46324631462046FFF778FE0E
S315080117A03BE7BDE8F88F2DE9F14F9A461B690446D8
S315080117B00E4691460A9D002B00F0D08002F11007D3
S315080117C000213846FEF704FC28B95146304601B0D7
S315080117D0BDE8F04F03E50AF1100800214046FEF77F
S315080117E0F7FB08B94946F1E701214046FEF7F0FB48
S315080117F0002840F0B3803B463A4629462046FFF783
S31508011800DBFD002840F0AB8005F108083B462A4677
S3150801181041462046FFF7D0FD002840F0A0805346F8
S315080118202A4629462046FFF7C7FD002840F097803B
S315080118304246414620460AF10803FFF7BDFD002846
S3150801184040F08D804B462A4629462046FFF702FE80
S31508011850002840F0848009F1080B5B464246414660
S315080118602046FFF7F7FD002879D100212846FEF723
S31508011870AFFB014680B94046FEF7AAFB38B92B46AD
S315080118804A463146204601B0BDE8F04F85E6304666
S3150801189001B0BDE8F04F05E52B463A46204606F16C
S315080118A01001FFF789FD002859D105F110072B46CC
S315080118B02A4639462046FFF77FFD00284FD105F114
S315080118C0180A2B463A4651462046FFF775FD002869
S315080118D045D14B463A4639462046FFF76DFD002865
S315080118E03DD139462846FEF75BF9C0BB2946204655
S315080118F02AF05EFB98BB4346424631462046FFF72F
S315080119005BFD60BB2B46324631462046FFF7A2FDFA
S3150801191028BB5346324631462046FFF79BFDF0B9B0
S3150801192033463A4639462046FFF794FDB8B9434649
S315080119303A4639462046FFF73FFD80B95B4652468F
S3150801194051462046FFF738FD48B953463A462046E0
S3150801195006F1080101B0BDE8F04F7BE5014801B089
S31508011960BDE8F08F80B0FFFF2DE9F04F99B0EFF396
S315080119701183302282F31188AF4C94F85A20002A39
S3150801198040F0D485012284F85A2083F31188BFF3E5
S315080119906F8F6FF004035021A848A94D13F0800FEB
S315080119A003F1010240F0BA852B445D2A83F800133E
S315080119B01346F3D14FF00043A24E072273664AF647
S315080119C0CD33A14D0B206F6C2B64A04BDA631BF052
S315080119D07DFA6B68012023F4F87343F480736B6016
S315080119E040F20913AB6040F203132B612CF06EFF32
S315080119F0FF0748BF964B4FF0800048BF2B64954BB5
S31508011A005F6E4FF0004373664AF6CD336E6C2B64F6
S31508011A101BF05CFA2B6AF60723F00F0343F00C035D
S31508011A202B6248BF8A4B8C4848BF2B64002FA2BF44
S31508011A304FF00042894B5A6638F0D0FB884AD2F8F3
S31508011A404C3113F4802300F077854FF07E6292F8CB
S31508011A509C3092F99C20002AB8BF2C234FF4000130
S31508011A60784A022051664FF4D15102F5B8325162D3
S31508011A707C494F2B486028BF4F23012001F580512F
S31508011A80DBB24860116911F48031FBD143F48073EC
S31508011A90536140F201439360714B5160D3F84C2175
S31508011AA0100300F14D85D3F85051EDB26E4B6F4AD4
S31508011AB093F900606E4B2E441A60664B86F308064E
S31508011AC01B6F03F00703032B01D137F0EBFE22F05E
S31508011AD0DBF903284BD04FF480125A4B4FF0A06123
S31508011AE05A6645F60E03634AC2F88030624B99621C
S31508011AF04FF4803103F580539962936DD903FCD471
S31508011B00936D5B00FCD45D4B1361936903F000434D
S31508011B1043EA064343EA052343F0407343F03C0393
S31508011B209361136A23F00F031362916A544B0B40B6
S31508011B3043F48033936253494E4A936D31EA030362
S31508011B40FBD14FF080714C488162136923F470030D
S31508011B5043F4401313614FF000434FF4803283611D
S31508011B60494B99629A62434A936D5F00FCD44FF4DC
S31508011B70C0223B4BD3F89850324B5A6603F598333B
S31508011B805A68012A00F0E38422F07EF905280CD16F
S31508011B9000213E481AF03AFE2E4A136F43F4806339
S31508011BA013674FF48032274B1A67394E394B37681A
S31508011BB025F040759F4202D834482AF067FE364B15
S31508011BC0DA6812F0060FFBD19A689D6099684D4054
S31508011BD015F4F81F0DBF2D4D9A603D46356022F06C
S31508011BE053F905280FD137F05DFE06461AF04CFC6D
S31508011BF00128D4BF0121002130461AF007FE1BF047
S31508011C0027F91BF015F9BD4202D800202AF03EFE3D
S31508011C104FF400220B4D124B2048D3F8C0306A66A8
S31508011C204FF0B44223F04073936038F0D7FA4FF47B
S31508011C30800302226B6633E04843002000ED00E092
S31508011C4000E100E00090005000800950004000507B
S31508011C503254FFFF0080005020D8040800A000502D
S31508011C600080E00F00100250F66F0020C0175302E3
S31508011C70286F00200040005A0050005A2008C00B67
S31508011C80C7FFFEFE030001000060005A00B4C40449
S31508011C90246F0020FFB3C4040000015024D80408AF
S31508011CA0CF4B5A609E6816F48036FBD1CD4D5E62E5
S31508011CB05E601AF0D7FD2B6F304623F0070343F019
S31508011CC003032B671BF0DAF82B6FC74923F4744318
S31508011CD02B67C64BD3F8FC2012F0807F00F03E84B8
S31508011CE0D3F8FC2022F08072C3F8FC20D5F88020B6
S31508011CF022F0030242F00102C5F88020C1F8806093
S31508011D00D3F8FC2042F08072C3F8FC20B54B4FF49F
S31508011D108031D3F82021B64822F0070242F00202A8
S31508011D20C3F82021D3F8282122F0070242F0020243
S31508011D30C3F82821D3F8802122F0030242F00102D8
S31508011D40C3F88021D3F8402122F0030242F00202AF
S31508011D50C3F84021D3F8602122F0030242F00202BF
S31508011D60C3F86021D3F8402222F0030242F00202AE
S31508011D70C3F84022D3F8002222F0070242F00202F9
S31508011D80C3F80022D3F8082222F0070242F0020221
S31508011D90C3F80822D3F8502222F0030242F00202C5
S31508011DA0C3F85022D3F8702222F0030242F001024E
S31508011DB0C3F87022D3F8202222F0070242F001026A
S31508011DC0C3F82022884A5D6E5166426AED0322F005
S31508011DD0010242625CBF874A51664FF0E0210A69F7
S31508011DE042F004020A61D3F8602222F0070242F0A7
S31508011DF00102C3F86022D3F8942222F0070242F0C6
S31508011E000102C3F894227C4B5A6F42F001025A67C9
S31508011E10DA6E22F03002DA66EFF31188302383F3A3
S31508011E20118894F85B70002F39D1744827642760AC
S31508011E30E76338F0D3F9BFF34F8F714D1BF0AEF955
S31508011E406B68012B00F09683EF6038F013F80027D2
S31508011E500F2201256B4BDFF8A891DFF8D4A1C9F849
S31508011E6048705A641A641BF099F9CAF80450C9F8FB
S31508011E70105037F02BFD4FF40022634BC9F8187048
S31508011E80C3F888219A601320CAF844500EA938F07D
S31508011E90FBF80E9A5D4B1A60002A40F07C8388F3A2
S31508011EA01188BFF36F8FFBF795F9504A5849D2F855
S31508011EB0C03023F0FF0343F0A003C2F8C030554BEE
S31508011EC09942554940F072830B685448C2F89830D4
S31508011ED0C2F89C0000F5FF2000F2FE70C2F8A000CF
S31508011EE001330B60BFF35F8F0525404BC3F8945050
S31508011EF05A6A42F480325A62BFF34F8FBFF36F8F2B
S31508011F00BFF34F8FBFF36F8F454C46482CF09DFCAE
S31508011F10B4F85830B4F85A10A26E01EB43010139EE
S31508011F203420FAF73DFE04F16C002CF08EFCB4F86F
S31508011F305830B4F85A10E26E01EB43010139072013
S31508011F40FAF72EFE04F170002CF07FFCB4F8581055
S31508011F50226F490801310120FAF722FE04F17400C3
S31508011F602CF073FC606D626F113080B2B4F85810B2
S31508011F700430FAF715FE04F178002CF066FCB4F883
S31508011F805810A26F01390C20FAF70AFE04F17C00F9
S31508011F902CF05BFC29460025E26F9420FAF700FE37
S31508011FA004F180002CF051FCD4F88020B4F85A10C2
S31508011FB00820FAF7F5FD1C48C4E9185538F00EF95A
S31508011FC0194838F00BF901232A4604210EA8ADF861
S31508011FD038301AF009FA154B0EAA03F1100729E051
S31508011FE000400250008000500090005000ED00E0D3
S31508011FF00000085000A000500040005020D80408F6
S3150801200000C00A5000E00A5000E100E05418002020
S31508012010206F0020C06E00203865002003000020D4
S315080120202C6F0020946F0020FCD6040828D80408D9
S3150801203000D00A50154618685968083303C5BB42CB
S315080120402A46F7D118680BA928600A2038F01CF827
S31508012050C84838F0C3F8C84838F0C0F80B9D22F0D4
S31508012060D3FEC649C64BA94228BF2946B5FBF1F599
S315080120701A69013D22F0870242F081021A619A68C3
S3150801208022F0030242F001029A605A6922F00F0215
S3150801209042F002025A611A6922F07F4242EA056257
S315080120A01A619DF83B2019699DF83C00120142EA24
S315080120B0C01221F0F8010A439DF8431042EAC10211
S315080120C09DF83E1042EA81121A61D8689DF84B20A4
S315080120D09DF84A50120420F0F04042EAC56220F405
S315080120E0702002439DF83A009DF83D1042EA80228D
S315080120F042EAC132DA609A689DF8420022F4C04287
S3150801210042EA40324FF480609A609E4A90605D6A66
S315080121109DF847209C4802F00302284002439DF897
S315080121204400000100F0700002439DF845000002DA
S3150801213000F4E06002439DF84600000300F4E04025
S3150801214002439DF84100000400F4702002435A62DC
S31508012150BDF848209A6121B10022A3F5A823C3F846
S3150801216080209DF83E301BB19DF84020874BDA67E9
S315080121704FF001080427834D40F6FF7022F03AFE1E
S3150801218040F6FF70C5F8048022F034FE40F6FF7071
S31508012190AF6322F02FFE4FF4817342463946C5F8E4
S315080121A038800AA8ADF828301AF01EF940F2022341
S315080121B00022414609A8ADF824301AF015F940F273
S315080121C002334246394608A8ADF820301AF00CF910
S315080121D040F202433946424607A8ADF81C301AF0C8
S315080121E003F96B4B6B4A4FF44870C3F8C8244FF098
S315080121F00212C3F8C424A2F58032C3F8CC241C22E7
S31508012200C3F8B424FAF752FE394602202CF053FBE0
S315080122101420FAF74BFE3946022037F057FE2320E1
S31508012220FAF744FE394602202CF045FB544B9A6CCA
S315080122305006FCD5B9225A649A6C1106FCD50421BC
S315080122400220DB6B37F042FE00224FF48173114600
S3150801225006A8ADF818301AF0C7F8002240F2022392
S31508012260114605A8ADF814301AF0BEF840F202334B
S315080122700122002104A8ADF810301AF0B5F840F291
S3150801228002430122002103A8ADF80C301AF0ACF87C
S3150801229022F0BAFD00213E4B3748C3F8B414C3F8FF
S315080122A0C814C3F8C414C3F8CC1437F0EDFD4FF0C5
S315080122B000639B6A03F17842B2F5C04F4DD21A68A2
S315080122C0354B9A4249D1354D95F85C7017F0FD07A3
S315080122D043D195F85D30002B00F0BA81022385F8C9
S315080122E05D304FF000639B6ADB69984795F85D900E
S315080122F08046B9F1010F40F0258216F0C5FF01307D
S3150801230040F00E826A6E264B1A66AA6E5A66EA6E05
S315080123109A662A6FC3F870216A6F1A64AA6F5A649B
S31508012320EA6F9A64D5F88820D20700F10882D5F8B1
S3150801233080201C4B5A66D5F884209A6632F004F838
S315080123402B6E83F31188BFF36F8F85F85D70B8F133
S31508012350000F02D1012385F85C301AF0DFFE4FF039
S3150801236050234FF40032C7071A6700F1ED810122A5
S31508012370154619E0FCD604083CD80408E07072003A
S3150801238000C0085000D008508C88F0FF0080035028
S3150801239000C003500200030007B0CD5E4843002089
S315080123A00080004400800050114605FA01F30340FD
S315080123B002F1010200F0CA818D4B03EB4103B3F828
S315080123C0A8308C4A062B11688B4F09918AB24FEABD
S315080123D0114140F0C2814FF20F03994240F0BA8190
S315080123E0B2F5406F28BF4FF4C062A7F88C204FF0B2
S315080123F000534CF23C325A80804A536A43F47023A4
S315080124005362EFF308834FF0CD317D4A043B934283
S3150801241080F0B5817B497C4819F084FE00237B480E
S315080124200E9337F0DBFE4FF44073012204210BA80B
S31508012430ADF82C3019F0D8FF0122754B0520C3F8E9
S3150801244044240EA937F020FE002839D16B4BD3F866
S31508012450F02042F00102C3F8F020D3F8FC2042F044
S315080124608072C3F8FC206B4AA3F55D431A600E9B84
S31508012470694A03F5D52303F2FC43B3FBF2F3674A32
S31508012480013B13610223C2F8F0304FF48073C2F89E
S3150801249004334FF06043624AC3F8B02F614AC3F868
S315080124A0802ED3F8002E42F48072C3F8002EFF2244
S315080124B083F82020D3F8002E22F48072C3F8002E68
S315080124C0524837F08BFE584B5A68150603D48022BA
S315080124D0C3F884215A605A68D00504D44FF480722F
S315080124E0C3F884215A604FF060400221D0F8003EBB
S315080124F0DFF808C143F48073C0F8003E4B4BCDE9C1
S315080125000E1300231D46052B00F27481DFE813F034
S315080125104A023A015501570159015B0103F00F03BC
S31508012520043B034419761346FFF738BA83F3118837
S31508012530BFF36F8FFFF73EBAD2F85021FFF78EBA75
S315080125403B4B1D88FF2D88BF5A25FFF7AFBA39497E
S315080125504A605A689607FCD4FFF716BBD5F880304F
S3150801256023F0030343F00103C5F88030C1F8806006
S31508012570FFF7CCBBD5F80490B9F1010F02D01AF0D8
S315080125800DFE61E46B6837F0A1F902232B612A4B32
S31508012590C3F80490F3E73B4640F2E731274835F0A4
S315080125A057FC274B84F85B50186078E423F01F0327
S315080125B0203BB3F1005F0BD30868224CC2F89800A0
S315080125C043F001030130C2F89C40C2F8A03008600C
S315080125D01D4A0B68094822F01F0242F00302C0F89F
S315080125E09830C0F89C20194AC0F8A02078E400BFAA
S315080125F098D70408000000204843002000ED00E0B9
S315080126000800002028700020A0190020FCD6040824
S3150801261000D00350FF030040F8590D00000004E004
S3150801262055CEACC50900010000E100E0006A1810AA
S315080126300001E00F00E0015000E00A5018FCFFFF1E
S3150801264008180020030000203F6F0020E1FF072043
S315080126504FF00108CDE909770B9785F85D80EFF30F
S315080126601183302282F311882B6631F065FE584BAF
S3150801267058495A6EC5F880209B6EC5F884304FF4C8
S3150801268080438B66544B5A68C5F88820534A9A602A
S315080126901A6E6A665A6EAA669A6EEA66D3F8702147
S315080126A02A671A6C6A675A6CAA679A6CEA674C4A6F
S315080126B0106C1864506C5864926C9A64C1F8648002
S315080126C01B6E1A0427D5474AD368DB07FCD44FF09B
S315080126D00068D8F8283003F17843B3F5C04F12D211
S315080126E001238DF8383000230EA8CDE90F3316F0F3
S315080126F0B1FD109B590506D5D8F828300BAA1B6CD5
S315080127000AA909A89847099A374B1A660A9A5A666E
S315080127100B9A9A66E5E5354AD368D807FCD4D6E715
S3150801272016F0B2FD40F2011398423FF4EBAD304B7F
S315080127302C4AC3F86490D368DB07FCD4E2E500228F
S315080127409A60F4E5012700E6002135E6102A7FF4B0
S315080127502BAE36E64FF4C06247E640F207208342C5
S315080127600AD14FF20F00814206D19A4202BF4FF0B9
S3150801277000524CF23C315180A7F88C303CE643F8C4
S31508012780041944E60C22D0F8801EC90710D5DCF8D6
S31508012790FC1041F08071CCF8FC10D0F8001E41F411
S315080127A08071C0F8001E016A0029F0D080F8202047
S315080127B00133112B7FF4A7AE2BE0D122E3E7802268
S315080127C0E1E70022DFE7691C2A46CDB2DBE700BF55
S315080127D000800050009000500080004455CEAC00A7
S315080127E000C000540000044000900044000004505A
S315080127F000900040A3F10E02012A40F2D580102B69
S3150801280040F0CB804FF06042D2F8802ED20700F11B
S31508012810CD804FF06042D2F8003E042123F4807344
S31508012820C2F8003E01220EA8ADF8382019F0DCFDE9
S315080128300023C4E90233C4E90843C4E90D43E06C43
S31508012840AF492361236484F84430A4F8C43084F87A
S315080128502830E36184F83C302363C4E90033836894
S31508012860A1F15008A1F138099847002800F0A08085
S315080128701DF082FB37F01AF9A24B5B6819F026FEA8
S31508012880A14B984200D048B90EA821F021FB28B9DE
S315080128904FF0FF309DF8381036F04DF8FAF728FB5F
S315080128A002229A4B9A49CDE90E234FF04073CDE99E
S315080128B0101305230EA94FF0FF30129336F0B6F91F
S315080128C000214FF0FF3036F0B4F92EF073F8914B32
S315080128D01A78532A40F0B680EFF311824FF020019F
S315080128E081F311880124DC6282F311888A4E202241
S315080128F0002106F12005304687F88F4035F099FC0E
S3150801290018220021284635F094FC0022834B84497D
S315080129101A77996083491A62D9608349C3E90026FF
S31508012920196182499A615961814B824920469960A8
S3150801293081491A77D9608149C3E900251961804916
S315080129401A6259619A6136F081FE8246002840F082
S31508012950B28100220023C7E9322341F60B234FF641
S31508012960FF78784D1022AB80774B28607F21774816
S31508012970C7F8D030ADF820808DF8224035F059FCE3
S315080129807F224FF0FF39724BCDF838901A70714B90
S315080129901B6ADB0700F18280FEE70EAA1A4412F8C9
S315080129A0062CF0E65B22EEE65A22ECE65D22EEE61E
S315080129B0E06C0368984700287FF45AAFE06C4146FB
S315080129C0436898470546C0B9C2460146C4F8980007
S315080129D0C4F8C00084F8BC00A4F89400202208F1C9
S315080129E09C0035F026FC4AF8845FCAE90155E06C7B
S315080129F0C8F89050C368984730B1484618F012F89D
S31508012A00554818F00FF833E750461AF02DFE0028FE
S31508012A10F3D11DF0B1FA04460028EED14FF48440F3
S31508012A201EF0DCF8003818BF01204C4A4C4B87F8D9
S31508012A308E001A604B4B02201C6116F0EDFF16F052
S31508012A4093FF15E74FF4FC720021184635F0F1FBA8
S31508012A500A2245490261426100F5FC728161C2613F
S31508012A604FF4407202620022034682624262C262E7
S31508012A70C0F8081100F59F61C0F80C11C0F81021C3
S31508012A80C0F81821C0F81421C0F81C21374A12F8D9
S31508012A90011D99550136102EF9D11DE7344B5246C1
S31508012AA01B8806F14001A7F8E030324B0EA81B68D7
S31508012AB0C7F8E830304B1B88A7F8E2302F4B1B6864
S31508012AC0C7F8EC308023A7F8E43006F16403C7F8A9
S31508012AD0F0302DF0CDFF00B1FEE729490E982EF012
S31508012AE059FB00B1FEE702210E9835F0A6FF00B1A9
S31508012AF0FEE724490E982EF047FD002844D0FEE74C
S31508012B007C6F002000ED00E0038000F0006A1800E9
S31508012B10000304006C710020D84300200C18002023
S31508012B20AD9A0108C53E010857400108019B0108F5
S31508012B3030180020B1400108D13E0108E1400108E2
S31508012B40E9400108901900204D9B0108AC6100205D
S31508012B50981900200080E00F586F00204194020860
S31508012B60446400204864002075D7040870D8040816
S31508012B702E290508342905082C29050830290508B0
S31508012B800700110074D8040821460E9836F021F979
S31508012B9000B1FEE721460E9836F029F9014600B143
S31508012BA0FEE7594B4022184635F043FB2146A0F86B
S31508012BB03C9080F83E800E982DF0C0FF534E0E983B
S31508012BC0306000B9FEE740F22223D7E93242504984
S31508012BD09A4208BF8C420DD00FF22419D9E900890F
S31508012BE04FF0FF324FF0FF33CDE9008935F00DFF85
S31508012BF0C7E932890021474806F060F901210846EC
S31508012C0036F00CFD306808A92DF070FF044600B1B6
S31508012C10FEE7414B414A98801860414B908013600A
S31508012C2003F1B40203F59A73C7F804322B79C7F88E
S31508012C3020020B2BA7F8FC01C7F8F82102D86B79FB
S31508012C400A2B00D8FEE7374B1D60FAF751F92046E3
S31508012C5006F0C4F908223068114635F026FF044605
S31508012C6000B1FEE70146306836F0DBF82146182246
S31508012C702D4835F0DEFA2D4806F072F82C4B122253
S31508012C802146184635F0D5FA4FF6FE7220F8022C81
S31508012C90EFF3108072B61026264D2C60AE80AC601C
S31508012CA037F0E9F9244B31468C20244AAB60F9F711
S31508012CB077FF00B1FEE71AF031FA214B4FF40032E3
S31508012CC018604FF05023DFF880901A6709F5005411
S31508012CD094F84838002B40F0D2864FF6FF72194D0A
S31508012CE0C9E90133C9F80C302B88934200D1FEE7B4
S31508012CF0002B36D104210AA806F020F830B3FEE7E6
S31508012D000AE020FF22020000686100206419002001
S31508012D100AE020FF90190020401A0020101A00200E
S31508012D20BC4400208C190020701900208819002045
S31508012D30721A0020941A00202DA00408E01A002017
S31508012D40BC61002058610020F01A00200A9B002B64
S31508012D5000F0F9836FF00042934208BF0123E94A64
S31508012D6013602B88002601332B80F4F76DFAE64DA4
S31508012D70E64BC9F8140000F180412846C9F81860E5
S31508012D80C9F81C30C9F82450F5F734FAE04BC9E9FB
S31508012D900A66C9E90C36C9E90E6689F84060C9F8B8
S31508012DA04460C9F85C602D26DA4BC9F8483005F14C
S31508012DB02C03C9F850304435013E2B4605F18005F0
S31508012DC040F0C383D44D05F27460C5F8606685F892
S31508012DD06866C5F86C66C5F87066F4F76BFACF4B8A
S31508012DE08C22C5F888360123A5F89436032385F87D
S31508012DF096364FF44043314605F2A460A5F8983655
S31508012E00C5F88C66C5F89066C5F89C66C5F8A066CF
S31508012E1085F8306735F00DFA0523C5F83467C5F826
S31508012E203867C5F83C67C5F84067C5F8446705F5CE
S31508012E30E962013B40F090830526C5F8A837B84BEF
S31508012E40013E40F09083B74885F80C68F4F742F9DB
S31508012E50F5F78EF8DFF82C83B34B08F11C0AA8F1B5
S31508012E60100BA5F81C085046C5F82038C5F82CB82B
S31508012E70C5F82888C5F83068F4F72CF9AB4B08F182
S31508012E804C00C5F8443808F12403C5F84C38A84B5A
S31508012E90C5F850A8C5F86838C5F85468C5F858681B
S31508012EA0C5F85C68C5F860680AF0C8F8C5F894B84A
S31508012EB0C5F838B84FF0010B9E4B08F18800C5F8E4
S31508012EC090389D4B4FF0FF3AC5F834389B4BC5F8FF
S31508012ED064380AF0B3F89A4B9022C5F8CC3808F151
S31508012EE08403C5F8D038974B3146C5F8E03808F160
S31508012EF0C003C5F8E838944B08F1F000C5F8003965
S31508012F00C5F8EC68C5F8F068C5F8F468C5F8F86856
S31508012F10C5F8FC68A5F80469C5F80C69C5F8A0697F
S31508012F2035F087F9894B80223146C5F8AC3908F561
S31508012F30CC7008F5C673C5F8B43985F8A4B9C5F8CF
S31508012F40A86935F076F908F507700AF077F8804B25
S31508012F5008F51570C5F8603A08F50673C5F8643AB8
S31508012F60F4F7B8F87B4B08F51A70C5F87C3A08F5FA
S31508012F701773C5F8843A2BF068FB4FF4E163C5F87B
S31508012F80E43A4FF4E153C5F8F83A734B08F538704B
S31508012F90C5F8FC3A85F8A86A85F8D96AC5F8DC6ADD
S31508012FA0C5F8E06AC5F8EC6AC5F8F06AC5F8F46AC6
S31508012FB0F4F790F808F53A700AF040F8674BC5F847
S31508012FC0586BC5F82C3B08F52F73C5F8303B644B95
S31508012FD0C8E9CB66C5F85C3B08F54F73C5F8643B91
S31508012FE0604BC8F83463C5F8683B08F55273C5F8F1
S31508012FF0703B072385F8563B08F57173C5F8303DD4
S3150801300008F2F443C5F8E03B574B5849584AC5F806
S315080130105C3E08F23C63C5F8643EC5F8481BC8E93E
S31508013020D566C8F85C63C5F870BE85F87CBBC5F87B
S31508013030406BC5F8446BC5F8006CC5F8446EC5F815
S31508013040486EC5F84CAEC5F850AEC5F854AEC5F8CD
S3150801305058AEC5F8686EC5F86C6EC5F8746EC5F8D5
S31508013060882E08F5CD62C5F8902E424A08F5D1603A
S31508013070C5F89C2E08F27C62C5F8A42EC5F8946E94
S31508013080C5F8986EC5F878AEC5F87CAEC5F880AEB9
S31508013090C5F884AEF4F71EF8344908F5D160153140
S315080130A0F8F7F2FC344908F5D26085F8B06E85F870
S315080130B0C16EF8F777FF26F02DFC304908F2A160BA
S315080130C0F8F770FF08F5D86085F8D66EC5F8DC6E96
S315080130D02BF085FF08F5DA602BF081FF4FF01C72A3
S315080130E0C5F8102F264A08F5E160C5F8182F08F526
S315080130F0DF62C5F8202FC5F8046FC5F8086FC5F853
S315080131000C6F41E05C6100200C1B0020A7840008BD
S31508013110FBA3000809820008F02A0020DDB1010896
S315080131209C3200200433002031880008958C000861
S31508013130F56500081B890008491F0208717E020807
S31508013140B5C60008418400089BC800080BB30108EE
S315080131509FF10108BDF301080075120091CC010821
S315080131605DF4010815B101083DC40008A0D804089A
S3150801317045C40008456800087ED7040889D70408AD
S3150801318025DA010810330020A5F8146F2BF027FF64
S3150801319008F21C70C5F8386F0AF0DEF895F8402F6A
S315080131A008F2BC7B66F3000285F8402F05F04CFC5B
S315080131B04FF0004210210EA8C5F8D82EC5F8242FC5
S315080131C005F0BCFD32460EA908F5D7600AF08EFC5B
S315080131D0C5F8006FC5F8486FF4F7CAFE85F84C0FB5
S315080131E0F4F7C6FEE34A0B21C5F8502FE24A85F8E3
S315080131F04D0FC5F8542F0F2285F8602FD5F8682F83
S3150801320008F2847002F0FC02C5F8682FFB22A5F8C3
S315080132107C2FDA4A85F8581F85F86C1FC5F8942F54
S3150801322085F84E6FA5F85A6FC5F85C6FC5F8706FCB
S31508013230C5F8746FC5F89C6FC5F8A06F2BF0CFFE63
S3150801324008F294702BF0CBFE08F2A4702BF0C7FE9F
S315080132504FF6FE73CA4A08F26670C5F8DC2FC94AEA
S31508013260A5F8823F2260A5F8843FC5F8E4BFA460AB
S31508013270A5F8FCAFA5F87E6F85F8806FF3F72AFFEE
S31508013280B5F88E3F08F2847003F0FE0343F4FE435B
S3150801329043F00103A5F88E3FC5F8906F85F8D96FFD
S315080132A0F7F77CF808F29470F7F778F808F2A47043
S315080132B0F7F774F85846C5F8D46F85F8D86FF5F757
S315080132C0C3FD08F5FC60A5F8EC6FA5F8E86F85F86D
S315080132D0EA6FC5F8F06FC5F8F46FC5F8F86FF5F73A
S315080132E0B3FDD5F8943F08F69400E360A64BC4F8FD
S315080132F0AC60C4E90436A54BA4F8B260A36108F52D
S31508013300FF6323622BF06BFE0EA8F7F773F89DF89F
S31508013310383008F5096023F0010343F002038DF8FC
S315080133203830F6F73DFC08F60400F3F7CFFE95F8BA
S31508013330483F43F0010385F8483F95F87E3F0BB9AE
S3150801334022F0A5FF92480AF087FAB5F8501F91486E
S31508013350F6F741FB90480EA9F7F7E6FCB5F8821F88
S315080133608D48F7F7D5FC00228C498D48F7F71FF8E9
S31508013370F4F7FEFD0026A4F8C4008A48F3F79AFF7D
S315080133808948F3F7A7FE94F80831884823F00F0314
S3150801339084F80831864BA4F8E860C4E94336C4F8D2
S315080133A0EC6084F8F86084F80261C4F80461F3F704
S315080133B007FF4FF4FA63C4E94A367E4B4FF0406083
S315080133C0C4F84431B4F850314FF47A7C03F08003E1
S315080133D0A4F850316FF00113C4E95603F023C4E988
S315080133E058C36423DFF8EC81C4E94C6608F1800010
S315080133F0C4E94E66C4F82461C4F84061C4F868316A
S31508013400C4F8AC61C4F8C061C4F84C81F3F762FE34
S31508013410694B08F19400C4F8CC3108F18803C4F863
S31508013420D43109F00BFE654B4FF0FF0AC4F8FC31A5
S31508013430634B3146C4F8643208F59073C4F86C32AC
S315080134404FF0AF63C4F880325E4B08F1140BC4F831
S31508013450E83208F5A47008F5D273C4F8F032C4E965
S315080134609E66C4F86062C4F8B862C4F8D062C4F84B
S3150801347000B20FF0D0FA08F5A47084F8C7A284F850
S31508013480C8A20AF0ABFE504A3146C4F8002308F533
S31508013490DE72C4F808234D4A08F13C00C4F81C231F
S315080134A008F5EC72C4F82423494AC4E9BE66C4F88F
S315080134B0382308F5FA72C4F8402384F8F462A4F8AC
S315080134C00C63A4F8146384F828630FF0A4FA08F1CE
S315080134D0340084F8BBA184F8BCA1F3F7FBFD08F11D
S315080134E03C0008F098F9314608F13C000FF093FAD0
S315080134F0584684F8BBA184F8BCA10AF09FFC08F5DC
S31508013500037009F0C1F8D4F86023A8F5DF71920CAD
S31508013510920442F4403242F04002C4F8602348F271
S31508013520FE0208F50570C4E9D42608F035FD08F54C
S31508013530097009F0ADF808F50B70F6F75BFF06465A
S31508013540002849D0FEE7012309E4D9F85C2045F8AB
S31508013550802CC9F85C302FE4D5F844175161C5F8B9
S315080135604427183265E4D5F8A8271A61C5F8A8379B
S31508013570183365E4FFFF0B0B00F8FF0740450020F1
S31508013580A18D00089DB00008AF670008B367000861
S31508013590C8390020383A00206C3A0020BDD8040802
S315080135A0A43B0020BC3B0020D03B0020043C00206B
S315080135B075C20108AB670008356F0208BD08020825
S315080135C0D11B02084D2A0208411C0208591C02088F
S315080135D0F51C0208343C002008F50F7009F058F86C
S315080135E04FF07F42FE21C4E9E22194F8921308F5CF
S315080135F0157041F0800184F89213F3F75BFE43F2EC
S31508013600FF21A4F898134FF4807108F51A70A4F8ED
S31508013610A613F3F74FFE43F2FF304FF48071A4F877
S31508013620AC0308F50170A4F8BA13F3F753FD58462D
S31508013630DC490CF00BFDDC4908F57F70C4E9F2168C
S31508013640DA49C4E9F066C4F8D01308F52371C4E968
S31508013650F61694F82E14C4F8E06321F0030184F8F1
S315080136602E1408F2F621C4F834144FF47E4184F876
S31508013670E463A4F83814A4F83C15A4F8EC63C4F878
S31508013680380584F83E66F4F773FC84F83F05F4F7C9
S315080136906FFC4FF6FE7B84F83E054FF4007084F804
S315080136A03C6526F0FBF8C24908F21C50C4F84416DA
S315080136B008F5A061C4F84C16BE49C4F85466C4F8A6
S315080136C0501694F85E16C4F8586666F3000184F835
S315080136D05E16A4F85CB608F0DBFF4FF07F42C4F82B
S315080136E06826A2F57F42023AC4F86C26C4F87866C1
S315080136F0C4F87C66C4F88066F4F73AFC94F8B626F2
S31508013700A4F8840666F3000284F8B626AA4A08F5E0
S31508013710B460C4F8BC26B4F8D426C4F8886602F0A6
S31508013720FE02A4F8D426C4F88C66A4F890B684F8E8
S31508013730AC66C4F8B066A4F8B466C4F8C06684F882
S31508013740D666C4F8D866C4F8FC6608F09DFF94F8F6
S31508013750F62608F5B36022F07E0242F0760284F876
S31508013760F62684F8F566F3F7B5FC8122A4F8022754
S31508013770924A08F2BC50C4F8082708F2C452C4F8A1
S315080137801027BE22A4F8002709F0BCFC8C4B8D4AF1
S31508013790C4F8243708F5BC63C4F82C374FF6FF7311
S315080137A0A4F84437C4F8E037874BC4F84827C4F867
S315080137B0EC3708F2046208F5D563C4F85027C4F853
S315080137C0F437824A824BC4F87827C4F8F83708F2E6
S315080137D0346208F5CB63C4F88027C4F8FC37C4F80B
S315080137E01467C4F81867C4F81C67C4F820A7C4F896
S315080137F04067C4F86467C4F86867C4F86C67C4F8B6
S315080138007067C4F87467C4F88467C4F88867C4F82D
S315080138108C67C4F89067C4F89467C4F89867C4F8C5
S31508013820D867C4F8DC67C4F8E467C4F8E867C4F87D
S315080138300068D5F8901608F2B4630A46002A40F0E3
S315080138406781C4F80018C5F89036FF22C4F8102815
S31508013850604A0023C4F814285F4A6049C4F81C2842
S315080138600C32C4F828285E4AC4F80C38C4F8402833
S315080138704FF4FA72C4F80438C4F80838C4F82C3876
S31508013880C4F83038C4F83438C4F83838C4F83C3881
S31508013890A4F8443884F84838C4F82018A4F80C2841
S315080138A0F4F766FB012384F84838D7F8B832C4F828
S315080138B04C084C480133C7F8B83290F8343013B97C
S315080138C0494918F02FFC4948F7F7D6FD4848F7F754
S315080138D0D3FD00238DF82C3001230BAE3146082089
S315080138E00EAAADF8383028F04BFE18B99DF82C30E1
S315080138F084F8D6360EA828F0EFFE0246002840F0D6
S31508013900BE800F993B480AF04BF8109BB5F87C2FFF
S31508013910C5F8043F119B9106C5F8003FC5F8D43F89
S315080139200AD5EFF31182302181F3118832494B60B0
S3150801393082F31188BFF36F8F9DF8393023F00203A4
S3150801394043F0040384F85B31BDF85C30052B40F085
S3150801395096809DF8383084F85A31023B022B00F2E2
S315080139608E80BDF83A10C1F3080333B12348F7F73F
S31508013970CFF9BDF83A30A4F85C31204813A9F7F716
S31508013980D3F9DDE915014FF6FE7204F55C7383E898
S315080139900300BDF83A30934271D0C3F30803002BF4
S315080139A067D02DE0CDD8040817B10108CDB30108B9
S315080139B0717B0208797B0208B9F601082DD1010845
S315080139C0BBB301089B1E02084D7602084DF8010893
S315080139D0591D0208C5B301080443002041840008A3
S315080139E0F9D00108A01900202870002034390020D8
S315080139F060390020C8390020686100206C3A00202F
S31508013A0000230B9373600223ADF834300A23314641
S31508013A10042007AAADF81C3028F0B2FD804670BB19
S31508013A20CA4D284607F0F7FE414628460EF0F3FF31
S31508013A3096E80300FF2384F8BB3184F8BC31BDF84E
S31508013A40343085E80300A4F8A03194F89E310121A9
S31508013A5043F0F00384F89E31BDF83A30284603F462
S31508013A607C43A4F89C310EF0D6FFB4F89C31A4F837
S31508013A705E3194F8583143F0040384F85831B44C54
S31508013A80C7F8BC9204F60913A3604FF4006304F265
S31508013A90091504F15800A3816560C4F80090F3F78D
S31508013AA019FB04F16000F3F715FB04F15000F3F775
S31508013AB011FB0222002384F82020A64A04F60810E6
S31508013AC0C4E90433C4E906336363A366A4F86C3016
S31508013AD004F16E03C4E90B55C4E90E25C4E91005C2
S31508013AE0C4E912556562A062C4F8803004F1500534
S31508013AF0216D91B9984EA56D9DB9984D266EC6B1A1
S31508013B0028463146F4F779F93046F3F77FFCF5E7AD
S31508013B109A423FF49AAE926890E62846F4F76DF910
S31508013B20E6E730462946F4F768F92846F3F76EFCC6
S31508013B30E1E704258A4BC4F88430043B013DC3E917
S31508013B40226603F10803F9D1C823864A0421C4E988
S31508013B5035234FF6FF73A4F8DC30834B0022C4E902
S31508013B6038350023C4E92B55C4E92D55C4E92F5529
S31508013B70C4E93C23C4E93E23DFF83482A4F8A850FB
S31508013B8084F8CC50C4F8D050C4F8E85084F8001131
S31508013B90C4F8045184F80851A4F80A59A4F88459B8
S31508013BA084F88759C4F88859C4F89459C4F89859B7
S31508013BB0C4F89C59C4F8A059C4F8A459C4F8A8591A
S31508013BC084F8AC59C4F8B059C4F8B459266848E918
S31508013BD00223C4F8B859C4F8BC5984F8C059C4F8C2
S31508013BE0C45906B9FEE7614BDFF8C8912946782220
S31508013BF0A8F1C400C4E90634C9F8004034F019FB39
S31508013C00A8F1440084F8865984F80959F3F762FA49
S31508013C1096F840E006F13801F4460B46544801EBA4
S31508013C20CE059D4240F08580BEF1010F07D0504B6D
S31508013C300EF1010286F8402041F83C306C604D4B8C
S31508013C4006F5805A4FF00008CAF86C3601234A4A2D
S31508013C504A4DC7E9B0244A4A4146C7F8E02205F168
S31508013C602002C7E9BA258AF868363822CAF87046A2
S31508013C7005F14C0087F80833C7E9BC65C7E9BE6595
S31508013C80C7E9C065C7F8C862C7F8CC52A7F8DC828D
S31508013C9034F0CFFA3B4B3C4ACAF8403B05F1940352
S31508013CA0CAF8443B97F86833384923F0070387F87D
S31508013CB0683397F8743305F1080068F3000387F849
S31508013CC07433C7F8D082C7E9D165C7E9D365C7E9AF
S31508013CD0D565C7E9D865C7E9DB65C5E9058887F804
S31508013CE05C83F2F7E4FD0422294B41461D602368F3
S31508013CF0284803F5805383F89626274AC3F8444B88
S31508013D00C3F8402B772212F01BFC2448F4F754FA27
S31508013D10234B244AA3F8D081C3E97828224AC3E968
S31508013D207A28224AC3E97C28D9F80030A34209D067
S31508013D30FEE71A68824203D15A68A2423FF47FAF6E
S31508013D4008336EE719B0BDE8F08F00BF703C00205C
S31508013D50004D00200000FFFF584D0020604D002057
S31508013D60044D002000F8FF07796E02081D6E02084F
S31508013D700F2802080364020879640208084600202D
S31508013D80D99501088D6D000840C4040847AF040899
S31508013D90A8610020F04D0020C5650208E04D00200D
S31508013DA0005D0020D1410108BD4301086192010867
S31508013DB0D0560020581900200348044B834202D0EC
S31508013DC0034B03B1184770476476002064760020D8
S31508013DD000000000064B0749C91A891048BF01317E
S31508013DE0491003D0044B0BB101481847704700BF6F
S31508013DF064760020647600200000000010B5064CA9
S31508013E00237843B9FFF7D8FF044B13B10448AFF33E
S31508013E1000800123237010BDEE6D00200000000014
S31508013E20C067050808B5054B1BB105490548AFF339
S31508013E300080BDE80840FFF7CDBF00BF00000000C5
S31508013E4040610020C0670508A3F5803A704700BFA6
S31508013E50174B002B08BF134B9D46FFF7F5FF0021B3
S31508013E608B460F461348144A121A34F0E2F90E4BE0
S31508013E70002B00D098470D4B002B00D09847002007
S31508013E80002104000D000D48002802D00C48AFF3AC
S31508013E9000802CF015F8200029001DF06FFE2BF08C
S31508013EA0FDFF00BF00000800000000000000000040
S31508013EB00818002008180020206E002000000000C5
S31508013EC000000000014B1868704700BF0818002061
S31508013ED04FF0FF30704710B5044600B9FEE7037F7F
S31508013EE01BB1436998470023237710BD38B50446AB
S31508013EF000B9FEE7038B428B9A420CD900220133A3
S31508013F0002770383D0E90253984701462046A8471A
S31508013F100123237738BD036A01330362BDE83840BC
S31508013F20D9E7014B5B6918470818002010B5EFF36C
S31508013F301184302383F311880348FFF7CCFF84F3F8
S31508013F401188BFF36F8F10BD0C180020014B9B6BB6
S31508013F50184700BF0818002010B5EFF31184302365
S31508013F6083F311880348FFF7B6FF84F31188BFF37B
S31508013F706F8F10BD301800202DE9F8430646144608
S31508013F800D46FFF7A8FF3369984700272D1947EB18
S31508013F9007032C1A63F10005012C75F1000306DAF3
S31508013FA0336A304601333362BDE8F84393E7D6E90D
S31508013FB002839847A04277EB05031CD2F36898471A
S31508013FC03B4602462946204633F042FFF3689146AE
S31508013FD098473B4602462946204633F039FF4C4668
S31508013FE083B200227383214630463283C0470123B8
S31508013FF03377BDE8F8833B46F3E710B5084B5C68B1
S3150801400004B95860EFF31184302383F31188054806
S31508014010FFF7B2FF84F31188BFF36F8F10BD00BF9E
S31508014020081800200C18002010B5084B9C6A04B922
S315080140309862EFF31184302383F311880448FFF75C
S315080140409BFF84F31188BFF36F8F10BD08180020FA
S3150801405030180020704710B535F098FC114B834293
S31508014060114B8B411DD3114BDA6CD2B14FF47A74D3
S31508014070A0FB040304FB0131531E13420DD1B2FA0E
S3150801408082F2C2F11F04531CD243E04001FA03F342
S31508014090184321FA02F2104310BD002333F0D8FE6B
S315080140A0FAE7FEE7EFA7C64B378941000818002053
S315080140B007B50A4600B9FEE7037F03B1FEE7074BDA
S315080140C001900093416801234FF0FF3034F0F0FB73
S315080140D000B1FEE703B05DF804FB00BF27A00408A2
S315080140E04FF0FF3034F0B5BD00B9FEE741684FF037
S315080140F0FF3034F0EDBB08B5FF220021024834F049
S3150801410098F8002008BD00BF581800201FB50023E5
S315080141100C4601A98DF80C30F6F7C1FD024638B9EF
S315080141209DF80C30012B06D0022B09D003B9207259
S31508014130104604B010BD2372BDF804302380F7E79A
S31508014140237201AB03CB20606160F1E7034BD3F81F
S31508014150500100F58F500830F4F72EB808180020E2
S3150801416000F5805393F8D02132B193F8D1311BB9B8
S3150801417000F58F50F4F720B8704710B50024006891
S3150801418000F5005300F51950C3F858461030F4F7F6
S3150801419013F8204610BD10B50C4B4FF40062D3F846
S315080141A05041002104F51D6034F043F8002204F55E
S315080141B0805383F8D121201D0FF079FD28B904F524
S315080141C08F50BDE81040F3F7F7BF10BD081800205F
S315080141D02DE9F04F754B87B0D3F8504104F580555A
S315080141E095F8D031261D002B5ED095F8D131002BDC
S315080141F05AD130460FF05BFD002855D10123804680
S3150801420085F8D13104F51D6A30460FF050FD074691
S31508014210002839D130460FF056FD94F8383030462B
S3150801422004EB8303DB6BA766C4E911332AF0BCFCF4
S315080142304FF6FF73658F9D4220D130460FF037FD4B
S315080142400546002869D14FF00B092F4630460FF075
S315080142503AFD94F838B004EB8B02D36B0293536A98
S315080142600BF10B020493029904EBC2030393049B1B
S31508014270994225D194F8393003B1658708F10207C7
S31508014280EB19B3F5006F4AD3002504F58E502B467A
S315080142904246009504F51D61143015F0A8FA18B1C7
S315080142A004F5805383F8D15104F5805494F8D0313C
S315080142B0002B78D1304607B0BDE8F04F2AF00CBC88
S315080142C05A46304605910FF0BCFC10F4004F05998B
S315080142D002D0029B8B42CDD1430406D5DFB9039B9D
S315080142E01F6817B17A892A4495B2C0F30D000544AF
S315080142F0821C5B4630460FF036FC09F1FF3919F08E
S31508014300FF090146ADB2B2D140F2AE31284B294A76
S3150801431029482BF0F9FDFF69E3E73D46AEE72A0A8E
S3150801432005F102090AEB080357440AF808201FFA9F
S3150801433089F95D703D44AF422ED094F83920032A9D
S315080143402AD04AB3012A06D0022A19D04FF0000B07
S3150801435007F801BBEFE7E16C94F83830304691F87D
S3150801436000B00FF000FCA36CE0649842F0D130462F
S315080143700FF0D1FC0028EBD030462AF015FCE7E710
S31508014380E36CD4F8802013F801BB9342E364DFD1D0
S3150801439030460FF0A3FCEDE7C14430461FFA89F811
S315080143A02AF09AFB30E707B0BDE8F08F081800201D
S315080143B020A204083CA204086DA2040810B5074B04
S315080143C0D3F8504104F58E50143019F0B2F800B103
S315080143D0FEE704F5805484F8D00110BD08180020C2
S315080143E008B5034A03490830F2F78CFA002008BDDC
S315080143F006A3040847AF040808B550F8083F04495E
S3150801440003F50053B3F85C21F2F77CFA002008BDE6
S31508014410B4AF040808B503490830F2F773FA002067
S3150801442008BD00BF0CA30408B1F85A200149F2F7E8
S3150801443069BA00BFA5A40408B1F85C200149F2F7DE
S3150801444061BA00BFA5A404084A6F0149F2F75ABA2E
S3150801445004AB04084A6D0149F2F754BA3EA40408AC
S3150801446001F130020149F2F74DBA00BF47AF04081E
S31508014470B1F858200149F2F745BA00BF77AC0408EC
S3150801448008B50249F2F73EFA232008BD12A304082B
S3150801449008B50249F2F736FA232008BD6AA30408CB
S315080144A070B50B780546DE070C4603D54A681149EF
S315080144B0F2F728FA2378990705D528460E4B227A6A
S315080144C00E49F2F71FFA23785A0705D528460A4BEB
S315080144D0627A0B49F2F716FA23781B0708D528469C
S315080144E094F90A20044B0749BDE87040F2F70ABA65
S315080144F070BD00BFC0A3040888BB0408E6A304086E
S31508014500F4A304080AA4040810B50C684CB9036896
S31508014510054903F5005393F83C25F2F7F3F92046CC
S3150801452010BD0720FCE700BFA5A4040838B50D682F
S315080145307DB900F1080420460749F2F7B8F9204683
S315080145400649F2F7B4F920460549F2F7DBF9284698
S3150801455038BD2320FCE700BF90AE04081FA4040859
S3150801456086A8040838B50C46B1F86E2026490546D2
S31508014570F2F79DF994F87030D80703D528462349F0
S31508014580F2F795F994F87030990703D5284620492A
S31508014590F2F78DF994F870305A0703D528461D4964
S315080145A0F2F785F994F870301B0703D528461A499E
S315080145B0F2F77DF994F87030D80603D528461749DD
S315080145C0F2F775F994F87030990603D52846144917
S315080145D0F2F76DF994F870305A0603D52846114951
S315080145E0F2F765F994F87130DB0703D528460E49C9
S315080145F0F2F75DF994F871202846BDE838400B4971
S31508014600C2F34202F2F77EB93BA9040861B2040873
S3150801461030CC04083ACC0408CBA704089EE2040867
S31508014620EBAF0408F6B9040824A40408A4A40408F2
S3150801463010B50446086838B9084A094904F108005A
S31508014640F2F760F9002010BD06492AF0E1FA18B11F
S3150801465040F225220449F1E72320F4E7A5BB040823
S3150801466047AF040826A40408A5A4040838B50C46CF
S315080146700546084920682AF0CBFA48B164683CB96E
S3150801468005F1080001220449F2F73CF9204638BD34
S315080146900720FCE72AA404083DA504080C20704756
S315080146A010B50B6804464BB903680C4903F500536A
S315080146B093F83E26F2F726F9002010BD1846084958
S315080146C02AF0A6FA38B1236803F5005393F83C2576
S315080146D083F83E26F0E70720EFE700BFA5A4040804
S315080146E0E1B204082DE9F8438568044605F5005545
S315080146F095F859012AF0CBFA50B3164B083493F8BA
S315080147003F7595F87C9185F87D7193F83E6520464D
S31508014710D5F87821104985F87E6195F87F81F2F7F9
S31508014720F1F84A4620460D49F2F7ECF83A46204692
S315080147300B49F2F7E7F8324620460A49F2F7E2F85A
S31508014740204642460849F2F7DDF80020BDE8F8831D
S315080147501020FBE7F03A002030A4040842A404081C
S3150801476057A4040850A4040868A4040870B50B6883
S31508014770054688B063BB846804F5005494F859016A
S315080147802AF085FA014650B11248F4F768FD4FF44C
S315080147907A72002333F05CFBD4F86C11411A0024B9
S315080147A04FF4A8134FF47A706A46A1FB000102AED2
S315080147B00193234600968DF80840F4F75EFD05F14E
S315080147C0080032460449F2F79DF8204608B070BD44
S315080147D00720FBE7041B002047AF040830B50B6828
S315080147E0054685B083BB00F18C0420461749F2F7CC
S315080147F05EF8D5F88C0001A900F51A501030F2F7C9
S3150801480017FDE0B92046F2F779F82046BDF80420ED
S315080148100F49F2F777F820469DF80C200D49F2F773
S3150801482071F82046BDF806200B49F2F76BF82046C9
S31508014830029A0A49F2F766F8002005B030BD20460B
S315080148400749F2F75FF8F7E72320F6E77DA404089E
S315080148508AA404089BA40408A8A40408BAA4040802
S31508014860CDA404080B68181D0860186802F14101F7
S315080148702AF07ABD2DE9F0410446086894B090BB48
S3150801488054F8080F02AF3946F4F7BCFF2046BDF8C5
S3150801489008201C49F2F736F82046BDF80A201A49BD
S315080148A0F2F730F82046BDF80C201849F2F72AF835
S315080148B00926174DDFF86080013E05F1080503D189
S315080148C0002014B0BDE8F08155F8083C2046FA18D6
S315080148D051680191528841460092FB5A55F8042CB9
S315080148E0F2F710F8E8E70B492AF092F938B1A3680C
S315080148F003F58053B3F86026A3F86226E0E707209C
S31508014900DFE700BFD3A40408DDA40408E6A404086D
S31508014910ECBB0408E1B20408F3A4040807B503468E
S31508014920086858B90B4A0C4992F9002003F10800A6
S31508014930F1F7E8FF002003B05DF804FB0DF107016C
S315080149402AF03AFD0028F6D19DF80720014B1A7086
S31508014950F0E700BF5671002001A5040813B50868E1
S315080149600C4680B109492AF053F950B1606850B133
S315080149700DF107012AF020FD002808BF0C2002B01E
S3150801498010BD0720FBE70C20F9E700BF08A50408BE
S3150801499030B50446086889B0C0B94FF4C01254F856
S315080149A0083F02AD8DF8080003F114000192009545
S315080149B0F4F755FC6A460123F4F75FFC2A462046BC
S315080149C00B49F1F79FFF002009B030BD09492AF0CC
S315080149D01FF950B154F8080F1430F4F740FC024699
S315080149E00B462046F2F71CF9EDE70720ECE700BF76
S315080149F047AF04080BAD0408D1E90023F2F710B953
S31508014A00D1E90423F2F70CB970B515460E461378A9
S31508014A1000F1080420460B4A03F00103F2F7C8F82F
S31508014A202B7831462046084AC3F34003F2F7C0F80B
S31508014A302B7831462046BDE87040044AC3F380030B
S31508014A40F2F7B6B810A5040821A5040830A504088C
S31508014A500B4610B50C49044618682AF0D9F80246DF
S31508014A60A36803F50B5034302AB1BDE81040002283
S31508014A70114609F02BBC2246044909F027FC0028F7
S31508014A8008BF242010BD00BF40A5040805950108EC
S31508014A9073B50E6804460D4630461C492AF0B8F827
S31508014AA060B1204650F8083F194903F58053B3F819
S31508014AB0842FF1F727FF002002B070BD3046154953
S31508014AC02AF0A6F8F0B1144968682AF0A1F8D8B115
S31508014AD0A86878B10DF107012AF0A0FC0028EBD1EE
S31508014AE0EB688BB9A3689DF8072003F5805383F813
S31508014AF0602FE1E754F8080FF1F7BCFB07490246B6
S31508014B002046D6E72320D7E70720D5E746A5040898
S31508014B1077AC040853A504085BA50408A5A40408F2
S31508014B2073B50C4606460DF10701206815462AF0AD
S31508014B3075FC28B963682BB99DF807103068A84732
S31508014B4002B070BD0720FBE7F8B50F6805460E46AB
S31508014B50384610492AF05CF805F1080430B10E4AC6
S31508014B600E492046F1F7CEFE0020F8BD38460C491D
S31508014B702AF04EF80028F2D12FB131462046BDE879
S31508014B80F840084ACCE7A868F1F76FFB06490246E0
S31508014B90E7E700BF62A5040800F8FF073DAC040873
S31508014BA06CA5040845B50008A5A4040830B5044653
S31508014BB0086887B048B105A92AF030FCF8B99DF80C
S31508014BC014301F2B1AD8012098400E4BA568019363
S31508014BD0002305904FF6FF720294009305A905F587
S31508014BE00F5023F045F850B9074B04F10800072187
S31508014BF003F10802F2F778F9242000E0072007B04C
S31508014C0030BD00BF219501082CBC04082DE9FF41E0
S31508014C100C680D4600F184062CB120461A4929F084
S31508014C20F7FF90B10024DFF86C80184F58F824205C
S31508014C30394630460334F1F765FE152CF6D12B6853
S31508014C4003BB232004B0BDE8F081114B0722009372
S31508014C500C2310490DEB03000394F2F72FFB0346CF
S31508014C600028EED082685B68511006EB6200D20715
S31508014C7048BF725805F1040148BFD35804B0BDE8CE
S31508014C80F04118470020DDE776A5040847AF040878
S31508014C900575010850BC04082DE9FF410C680D464D
S31508014CA000F1A0062CB120461A4929F0B1FF90B1AE
S31508014CB00024DFF86C80184F58F82420394630460E
S31508014CC00334F1F71FFE0F2CF6D12B6803BB232003
S31508014CD004B0BDE8F081114B052200930C2310495D
S31508014CE00DEB03000394F2F7E9FA03460028EED028
S31508014CF082685B68511006EB6200D20748BF72589A
S31508014D0005F1040148BFD35804B0BDE8F04118477E
S31508014D100020DDE776A5040847AF040807750108F2
S31508014D20A4BC04082DE9FF410C680D4600F13806BC
S31508014D302CB120461A4929F06BFF90B10024DFF8FF
S31508014D406C80184F58F82420394630460334F1F759
S31508014D50D9FD0F2CF6D12B6803BB232004B0BDE87F
S31508014D60F081114B052200930C2310490DEB03002A
S31508014D700394F2F7A3FA03460028EED082685B682B
S31508014D80511006EB6200D20748BF725805F10401BB
S31508014D9048BFD35804B0BDE8F04118470020DDE705
S31508014DA076A5040847AF040809750108E0BC04089C
S31508014DB02DE9FF41054608680E46224938B905F12D
S31508014DC00800F1F79FFD002004B0BDE8F08129F045
S31508014DD01FFFB8B1746894352CB120461A4929F0D9
S31508014DE017FF88B10024DFF86C80184F58F8242083
S31508014DF0394628460334F1F785FD212CF6D1736827
S31508014E00002BE0D12320DFE7114B0B2200930C2363
S31508014E1010490DEB03000394F2F750FA03460028F4
S31508014E20F0D082685B68511005EB6200D20748BF73
S31508014E306A5806F1080148BFD35804B0BDE8F041E5
S31508014E40184700BF7BA5040876A5040847AF0408E0
S31508014E505D6500081CBD04082DE9FF410C680D4677
S31508014E6000F140062CB120461A4929F0D1FE90B12D
S31508014E700024DFF86C80184F58F82420394630464C
S31508014E800334F1F73FFD122CF6D12B6803BB23201F
S31508014E9004B0BDE8F081114B062200930C2310499A
S31508014EA00DEB03000394F2F709FA03460028EED046
S31508014EB082685B68511006EB6200D20748BF7258D8
S31508014EC005F1040148BFD35804B0BDE8F0411847BD
S31508014ED00020DDE776A5040847AF040861650008E8
S31508014EE0A0BD04082DE9F0430B68A3B00293384B23
S31508014EF0054600930E460C233D22364902A8F2F7D1
S31508014F00DDF9044678B182686368511005EB6200E1
S31508014F10D20748BF6A5806F1040148BFD35823B0DF
S31508014F20BDE8F043184737682B49384629F070FE23
S31508014F3040BB044695F81490E3B2994546D92B69C6
S31508014F40384653F8341003EBC40829F061FE0134DE
S31508014F500028F1D00021CBB29A0056F8233001314E
S31508014F606BBBD8F80440A869DAB256F8222019466C
S31508014F700133002AF8D1013903AAC9B2A04723B0DF
S31508014F80BDE8F083DFF84C80144F05F1080658F8A0
S31508014F902420394630460334F1F7B4FCB72CF6D150
S31508014FA000240E4F2A7DE3B29A420DD92A69394661
S31508014FB0304652F83320F1F7A5FC0134F2E788327E
S31508014FC06A4442F8803CC6E70020D8E72320D6E7A2
S31508014FD0FD740108E8BD040876A5040847AF04086E
S31508014FE008B5846821F0E6F904F5F650183008F09A
S31508014FF0ABFD21F0B9F915F042FD38B50D68044647
S315080150006DB9A368083003F5805393F80C3823B1BA
S315080150101349F1F777FC002038BD1249F9E728460C
S315080150200F4929F0F5FD60B1A06800F5805393F8A2
S315080150300C38002BEFD100F5B95014300EF0C0FB37
S31508015040E9E72846074929F0E3FD30B1A06800F5EC
S31508015050B95014300EF0D0FADDE70720DCE700BFBF
S3150801506082A5040885A50408024A096808302AF0B9
S315080150708AB900BF6162000870B505460E46144636
S315080150800C49F1F714FC31462846F1F7C5FE042C04
S315080150900AD8094B03EB8403D3F83C252846BDE817
S315080150A070400649F1F72EBC054A064BFE2C18BF7F
S315080150B01A46F3E7A4A5040888BB0408D5A504087D
S315080150C098A504088AA5040830B50B6815461A1D63
S315080150D00A6085B0694618682AF066F9044628B94F
S315080150E06B4603CBC5F84900C5F84D10204605B0F7
S315080150F030BD37B50D460446428A0A490832284664
S3150801510092B2F1F7D4FB21462846F1F7D6FD238A58
S3150801511028460093A37DA28A0349F1F7F3FB03B05E
S3150801512030BD00BFE0A50408EFA504082DE9F04746
S315080151300D4604464749286888B029F069FD07469F
S3150801514000B104352E687EBBA368434E03F5805330
S31508015150D3F83457DFF81881A6F5AA690DB90020E6
S315080151603BE004F1080A29465046F1F7A6FDB7B116
S315080151706B7CA97C032B98BF09EB8303C1F3400120
S3150801518098BFD3F858252B7C0191A97C88BF324654
S3150801519001F00101009150464146F1F788FB50465E
S315080151A0F1F7ACFB6D69D9E730462C4929F030FD9A
S315080151B0B0B1686802A92AF0F7F870B9069BA06829
S315080151C09B0C9B0443F4403300F5B95043F45073E8
S315080151D002A91430069320F0F3FC08B0BDE8F08765
S315080151E030461F4929F014FD68B1686802A92AF0FA
S315080151F0DBF80028F1D1A06802A900F5B9501430EE
S3150801520009F0D5F9E9E73046164929F001FD40B11B
S31508015210204650F8081F01F50D511031F1F7FCFD34
S315080152209DE73046104929F0F3FC28B1204650F88D
S31508015230081F01F50E51F1E730460C4929F0E8FC43
S3150801524030B1204650F8081F01F50D512831E5E720
S315080152502320C2E794B50408D8C0040838A6040870
S3150801526011A804083CA6040846A604084BA6040887
S315080152700FA604087FB50D6804460E4675B954F89D
S31508015280083F03F58053D3F838570DB9002018E0C5
S3150801529029462046F1F7C0FD2D69F6E7284621493A
S315080152A029F0B6FC78B1694670682AF07DF840B9EC
S315080152B0A068694600F5B950143009F0FFF80028CE
S315080152C0E4D004B070BD2846174929F0A1FC68B19D
S315080152D0694670682AF068F80028F2D1A06869461C
S315080152E000F5B950143009F025F9EAE728460F49BF
S315080152F029F08EFC40B1204650F8081F01F50E51E1
S315080153001831F1F789FDC1E72846094929F080FCDA
S3150801531030B1204650F8081F01F50E512C31F0E73F
S315080153202320CEE738A6040811A8040851A60408C4
S3150801533057A60408F0B50446144B00F108051A1DD2
S31508015340022128468DB0F1F7CFFDA368104E03F56B
S315080153508053D3F8A0460F4F14B920460DB0F0BDBF
S315080153602046694620F0D6FA6A4631462846F1F7BC
S315080153709EFA04F11200694620F0CCFA6A463946CB
S315080153802846F1F7BFFA246BE6E700BFF0C0040828
S315080153905DA6040866A6040873B50C46064601A967
S315080153A0206815462AF017F820B9636823B90199C8
S315080153B03068A84702B070BD0720FBE770B50E68D4
S315080153C004460D4630462A4929F022FC38B13222D4
S315080153D0284904F10800F1F795FA002070BD304616
S315080153E0254929F015FC08B10C22F1E7EEB9A368A5
S315080153F004F1080503F5805393F8692F28461F49D8
S31508015400F1F780FAA022A368284603F58053B3F87A
S315080154106A3F1B495A43F1F775FAA368284603F50B
S315080154200053D3F868211749D5E73046164929F0BC
S31508015430EFFB38B1291D04F10800144ABDE8704094
S31508015440FFF76EBB3046124929F0E2FB30B1114A2B
S31508015450291D04F10800BDE870409DE730460E4954
S3150801546029F0D6FB08B10D4AF2E70720B6E700BFD7
S315080154700AB60408A5A4040817B6040870A6040801
S315080154807CA604088AA604088DB1040855AF00084D
S315080154908EB304082DB0000886B20408FB6600081E
S315080154A010B50C68034608301CB1BDE81040064A21
S315080154B072E79B68054903F58053D3F8D82EF1F7AF
S315080154C021FA204610BD00BFB1B5000804AB040897
S315080154D038B500F108040D462046064A096829F040
S315080154E052FF28B129462046BDE83840024A53E70B
S315080154F038BD00BFD9660008CF9900080B68181D8A
S315080155000860186802F1740129F065BF0B68181D57
S315080155100860186802F1540129F05DBF07B50B68E8
S315080155202032181D08601B680DF102010193102332
S3150801553001A8ADF8023000230EF036FA03B05DF883
S3150801554004FB07B50B685E32181D08601B680DF170
S3150801555002010193102301A8ADF8023000230EF0D1
S3150801556023FA03B05DF804FB0822F1F751BB37B5FE
S315080155700C68054654B9684620F04EFF05F1080047
S315080155806946FFF7F1FF204603B030BD0720FBE768
S3150801559037B50C6805464CB950F8081F01F5FC519A
S315080155A00631FFF7E1FF204603B030BD20466946C4
S315080155B029F0DAFE04460028F5D1AD6805F5005351
S315080155C093F859415CB905F5FB5069461C30F5F766
S315080155D0ABFB05F50550183008F089FDE3E70D2406
S315080155E0E1E737B50C6805464CB950F8081F01F5CF
S315080155F0F5510831FFF7B8FF204603B030BD204604
S31508015600694629F0B1FE04460028F5D1AD6805F5CD
S31508015610005393F8594184B905F5F55069460830A0
S31508015620F6F732FA05F5F2500430F5F755FF05F5A8
S31508015630F3501030F5F750FFDEE70D24DCE7413172
S3150801564092E770B50E461C461546084902461846A5
S31508015650F1F72DF931462046FFF786FF2DB1294688
S315080156602046BDE87040FEF71BBF70BD98A604082A
S3150801567010222031F1F7CCBA10225E31F1F7C8BAFF
S3150801568010B50C683CB9054991F84E215031F1F72E
S31508015690BFFA204610BD0720FCE700BF0818002006
S315080156A010B50B68044686B07BB954F8080F02A9F1
S315080156B000F5F65018300AF079FD1022204602A9A5
S315080156C0F1F7A6FA002006B010BD0193102302AA2D
S315080156D0ADF802300DF10201002301A80EF064F9BC
S315080156E00028F0D1A46804F5005393F8593183B919
S315080156F004F5F65002A918300AF073FD04F5F250C4
S315080157000430F5F7E9FE04F5F3501030F5F7E4FE39
S31508015710D8E70D20D7E710B50446086886B00028F3
S315080157203DD1A06801A900F5055018300AF090FE90
S3150801573098BB083420462549F1F7B9F8204601A94E
S31508015740FFF712FF2046BDF80C202149F1F7DAF8D8
S3150801575020469DF811201F49F1F7D4F820469DF8F7
S3150801576012201D49F1F7CEF820469DF813201B4952
S31508015770F1F7C8F820469DF815201949F1F7C2F83E
S3150801578020469DF816201749F1F7BCF820469DF8E2
S3150801579017201549F1F7B6F8002006B010BD1349D0
S315080157A029F036FA68B1A06800F5005393F8593123
S315080157B0022B08D100F509500421383008F01EFDE6
S315080157C0EAE70720E9E70D20E7E700BFF6A60408A0
S315080157D001A704080AA704081EA7040833A7040892
S315080157E05CA404083CA7040853A7040867A704088F
S315080157F0F7B50C6805460E461F464CB120460DF115
S31508015800060129F0FAFD044650B1204603B0F0BD61
S3150801581000689047074902462846F1F773F8F4E706
S31508015820736823B9BDF806102868B847EDE7072459
S31508015830EBE700BFA5A404082DE9F0410F6804466B
S315080158400D4638461A4929F0E3F938B1194B1A4A6F
S31508015850291D04F10800BDE8F041C9E73846174992
S3150801586029F0D6F9064610B1154B164AF0E738461F
S31508015870154929F0CDF9C0B1686860B9204650F8D4
S31508015880083F124903F50053B3F80427F1F73AF82C
S315080158900020BDE8F0810E4929F0BAF928B1A368BC
S315080158A003F50053A3F80467F2E70720F1E700BF01
S315080158B06EA704083966000857620008A7B60408E7
S315080158C0116600084D6200087BA70408A5A4040810
S315080158D0E1B2040873B50C4606460DF106012068C7
S315080158E0154629F08AFD28B963682BB9BDF8061053
S315080158F03068A84702B070BD0720FBE710B50C68F1
S31508015900034608301CB1BDE81040064AE2E79B6829
S31508015910054903F58053B3F8502FF0F7F3FF2046F6
S3150801592010BD00BF7DB5000877AC04082DE9F0412C
S31508015930D1F8008004460D464046214929F068F908
S31508015940074630B11F4A291D04F10800BDE8F04198
S31508015950C0E740461C4929F05BF9064670B11B4968
S31508015960686829F055F938B1A36803F5805383F8B7
S31508015970D67E0020BDE8F081154AE4E74046154980
S3150801598029F046F9C8B154F8085FDFF84C8005F5E7
S31508015990805393F8D67E05F5F6551035F3B29F4236
S315080159A003D82046F0F7AAFFE3E74146204635F833
S315080159B0022FF0F77CFF0136F0E72320DAE700BF74
S315080159C038A604088B66000887A704088EA704086A
S315080159D09966000892A704083BA904080B68181DD4
S315080159E00860186802F15A0129F007BD0B68181DED
S315080159F00860186802F15C0129F0FFBC0B68181DE4
S31508015A000860186802F1580129F0F7BC0023F7B5B8
S31508015A100C6801930E46206801A9174629F0EDFC8A
S31508015A20054658BB231D33606168D1B1013911F8A8
S31508015A30013FD3B904F108033360A06888B10DF1B9
S31508015A40030129F0EBFC00286ED19DF803200C34E4
S31508015A50072A346011D89DF8073062F343038DF89D
S31508015A6007300198C7F86E0008E0722B05D8622B3B
S31508015A7007D8432B42D0522B4FD00725284603B0CF
S31508015A80F0BD633B0F2BF8D801A252F823F000BFF3
S31508015A90F35A01087B5A0108075B01087B5A01087A
S31508015AA07B5A01087B5A01087B5A01087B5A01086F
S31508015AB07B5A01087B5A01087B5A0108DF5A0108FB
S31508015AC0D15A0108115B01087B5A0108E95A0108F4
S31508015AD09DF8063043F001038DF80630A7E79DF8D7
S31508015AE0063043F00203F7E79DF8063043F0040356
S31508015AF0F2E79DF8063043F00803EDE79DF8063016
S31508015B0043F01003E8E79DF8063043F02003E3E786
S31508015B109DF8063043F04003DEE79DF8073043F071
S31508015B2001038DF8073082E70546A7E7F0B50E6849
S31508015B3005460C4693B03046824929F069F878B192
S31508015B40D5F8AC4004F51F502C3004F50054F2F793
S31508015B50C4FCB4F8E8370133A4F8E8370020D0E0EC
S31508015B603046794929F054F8064600B10434002133
S31508015B703C2203A832F05DFB7449206829F048F8F5
S31508015B8090B1606803A929F00FFC002840F0B9809C
S31508015B90D5F8AC0003A900F5B950143008F032FD68
S31508015BA008B90720ADE008346949206829F030F8BA
S31508015BB018B1012304348DF844302146D5F8AC00D8
S31508015BC00DF1070307AAF1F70AFA002840F09980B0
S31508015BD09DF8073005F1AC073BB138465D49F0F74A
S31508015BE066FE384607A9F1F717F96068002840F0FC
S31508015BF08280A068002840F08680E068002840F08E
S31508015C008A802069002840F08D80606950B102A918
S31508015C1028F0F0FC002874D1029BB3F5803FC0D26E
S31508015C20ADF84030A369002BBBD14B4B0B934B4BC3
S31508015C30CDE90C37D5F8AC7007F51E5E07F50057A8
S31508015C40D7F8F4270EF11C0E0EF150039A4277D1BC
S31508015C5007F29C7C03AC0FCCACE80F000FCCACE888
S31508015C600F000FCCACE80F0094E807008CE807009A
S31508015C70B7F8C83713B90823A7F8C837B7F8CA3722
S31508015C8013B90123A7F8CA37D7F8CC371BB94FF48C
S31508015C907A73C7F8CC37B7F8D0371BB940F6B8339B
S31508015CA0A7F8D037D7F8CC37002BFFF67AAF002301
S31508015CB0C7F8D837C7F8DC374FF6FF73C7F8E037A8
S31508015CC097F8AC377046A3F1FF025342534187F860
S31508015CD0E437B7F8E8370133A7F8E83711F01EFCBF
S31508015CE095F8B43066F3000385F8B430002E7FF4D6
S31508015CF035AF242005E00EA929F07FFB00283FF4E3
S31508015D0078AF13B0F0BD0DF13A0129F076FB002802
S31508015D103FF473AFF5E70FA928F06CFC00283FF4B0
S31508015D2070AFEEE70DF1420129F078FB0028E8D1C2
S31508015D309DF84230B3FA83F35B098DF8433064E783
S31508015D400520DEE796A7040840A504089BA70408D2
S31508015D509EA70408A1A70408F35001082980010891
S31508015D6013B50B68044608468BB9A36804F1080005
S31508015D7003F5805393F8483FC3F3C0011B0744BF9B
S31508015D80174B93F85411F0F77BFF00210EE00DF144
S31508015D900701F1F7FDF8014640B99DF80730A068FB
S31508015DA03BB10121F3F76FFE014678B1084602B00F
S31508015DB010BD00F58050C0F89C1FC0F8A01FA06850
S31508015DC0F3F761FE01460028DFD0EFE7A368054A2D
S31508015DD003F58053C3F89C2FC3F8A04FD5E700BF3E
S31508015DE008180020095E010810B50C680B4634B185
S31508015DF0BDE8104000F108011846F1F7C9B8017A63
S31508015E00F0F73EFF204610BD2DE9F04F036899B023
S31508015E10029383886C48ADF80C306C4B02F1080686
S31508015E20002918BF0346049300233046ADF85E30B7
S31508015E30F0F764FD664F4FF492034FF6FE710022A8
S31508015E400193BDF85E300DF114098B42CDF800902F
S31508015E508DF8142068D04FF6FF718B4200F0B080A0
S31508015E6073B34FF6FD718B426BD04FF6EF75BDF8E4
S31508015E705E406846AC428CBF01251125A2465549AC
S31508015E80F2F7FBF8631E04F110081D44DFF84CB164
S31508015E901FFA88F8ADB2AA4556D168464E49F2F7B7
S31508015EA0ECF8AC426DD168464C49F2F7E6F8BDF814
S31508015EB00C30ADF85E80434521D84FF6FE731CE0E1
S31508015EC03E210498F2F784F800F10A04A4B2C4F159
S31508015ED0480404EBD4754FEA6508C5F34F05A5B91F
S31508015EE06846BDF80C30049A3D49F2F7C6F8A4EBAA
S31508015EF00804A4B28CB94FF6FD73ADF85E304A4674
S31508015F0030463849F0F7FEFC95E73D2239466846A2
S31508015F10013DF2F7B2F8ADB2E1E73D2239466846EE
S31508015F20F2F7ABF8013CE4E74824013C2D22394657
S31508015F306846A4B2F2F7A1F8002CF6D14FF6FF7322
S31508015F40DBE7ADF85E2090E7BDF80C20524513D982
S31508015F50029A684612F80A202349F2F78EF80AF0DF
S31508015F600702072A03D159466846F2F786F80AF165
S31508015F7001031FFA83FA8EE768461C49F2F77DF892
S31508015F80EDE7BDF80C30A34214D9029B13F804A01F
S31508015F90BAF17E0F11D850462AF0AEFB002808BF89
S31508015FA04FF02E0A5246394668460134F2F765F82B
S31508015FB0A4B276E74FF0200AF4E74FF02E0AF1E78C
S31508015FC019B0BDE8F08F00BFC4A70408C7A7040825
S31508015FD0CAA7040823AF0408E3A7040822AF0408E4
S31508015FE0CDA7040847AF0408DBA70408E1A70408FE
S31508015FF0086808B538B132F0CFFB80B2022814BF61
S3150801600007200C2008BD0C20FCE70023F0B50C681E
S3150801601085B005460F4620462649ADF80E3028F0CC
S31508016020F7FD0646A0B9E4B9234B05F1080003F1CB
S3150801603008020521F0F758FFA868214600F5FA502D
S315080160401E4BBDF80E2000950830F3F77EFD28E0BB
S31508016050786860B30DF10E0129F0CFF928BBBC6849
S315080160602CB320460DF10D0129F0D8F9E8B99DF8B0
S315080160700D301F2B18D801249C40002ED4D0104B6C
S3150801608002211A1D05F10800F0F72EFFA86821461E
S3150801609000F5FA500B4BBDF80E2000950830F3F7C2
S315080160A02EFD10B9242000E0072005B0F0BD00241C
S315080160B0E5E700BFE5A7040808C10408219501081A
S315080160C0FCC00408BD95010870B50C4605464A682A
S315080160D01249F0F7ECFB227A284604F10901F0F798
S315080160E085FD28460E49F0F7E2FB284694F8072174
S315080160F004F58471F0F77AFD94F80631DB0703D5C8
S3150801610028460849F0F7D3FB28462378B4F8002235
S315080161100549BDE87040F0F7F5BB00BF25AE040898
S31508016120E3A70408ECA70408EFA704082DE9F04340
S315080161300B6806460D46ADF5057DC3B942F23444F2
S31508016140019300F13805B0684FF6FF7203AB01A958
S31508016150204411F015FB28B1002420460DF5057DD4
S31508016160BDE8F083284603A9FFF7AEFFEBE76868A9
S3150801617004A929F030F904460028EED1FC23ADF82C
S315080161800230AB680DF1150901934A4601230DF159
S31508016190020101A80DF008FC04460028DDD1BDF86E
S315080161A002700FB90724D8E7D5F80080FFB2404638
S315080161B01D498DF8147028F02BFD10B3EB6893B1C7
S315080161C0F8220193ADF80220012345AA0DF1020137
S315080161D001A80DF0E9FB04460028BED1BDF802402E
S315080161E0002CDFD0E4B29DF81231B06843F0010308
S315080161F003A98DF813418DF81231F6F75CFB0446B5
S31508016200ABE74046094928F003FD0028A5D0B06848
S31508016210049900F5105001AA3430CDF804908DF890
S3150801622008700DF08DF9EAE738A6040887A704086F
S3150801623038B50D68044695B9A3681C4903F500539A
S3150801624093F859210830042A97BF194B194A03EBC9
S315080162508203D3F89C25F0F755FB002038BD284664
S31508016260154928F0D5FC38B1A068BDE8384000F5D5
S315080162700550183008F028BC2846104928F0C8FCF3
S3150801628070B1A06800F5005393F8592152B193F8FB
S31508016290791249B900F50950383007F0AFFFDCE744
S315080162A00720DBE70D20D9E70520D7E747AF040824
S315080162B088BB0408F8A7040800A8040809A8040864
S315080162C038B50D6804461549284628F0A1FC40B1A1
S315080162D0A0680021BDE8384000F5055018300AF0DD
S315080162E003B928460E4928F093FC40B1A06801215C
S315080162F000F50550183008F095FB002038BD2846F2
S31508016300084928F085FC30B10522074904F108003F
S31508016310F0F7F8FAF1E72320F0E700BF90B6040892
S3150801632096A7040817A80408A5A4040837B50C46B7
S3150801633005460DF10301206829F070F8C0B99DF8EA
S3150801634003101F2916D80123AA688B4002F580522B
S31508016350D2F8542F13420DD0606801A90DF0FAFA4C
S3150801636030B9019B03F50043B3F5803F02D20C20F7
S3150801637003B030BD0720FBE770B50E6805460C462D
S315080163803046114928F044FC38B1104A616805F1D4
S315080163900800BDE8704028F0D5BF30460C4928F002
S315080163A037FC08B10B4AF1E730460B4928F030FCB7
S315080163B008B10A4AEAE73046094928F029FC08B132
S315080163C0084AE3E7072070BD1BB204087F6200088C
S315080163D00FA804088962000815A804089162000834
S315080163E01FA804089962000870B50C460968064694
S315080163F01D4628F0A7FF48B1216831B1636823B962
S315080164002B463068BDE870401847072070BD024B1F
S31508016410024A0830E8E700BF17C000080F63000802
S31508016420014B024A0830DFE7D3BF000807630008BB
S315080164302DE9F0410F4604464349386892B028F0E1
S31508016440E7FB03467868DBB158B9204650F8083FA0
S315080164503E4903F50053D3F87826F0F753FA00209E
S3150801646049E009A928F0B7FF002844D1BB68002BE9
S3150801647066D1A368099A03F50053C3F87826EEE7AF
S3150801648005A928F091FF002835D105463E1D56F885
S31508016490048FB8F1000F24D13F682D49384628F0FA
S315080164A0B7FBEEB20546002838D0A5689DF814302A
S315080164B005F51A50FF2B00F104001FD12421CDE95F
S315080164C00188009609AB05AA1FF01CFB98B9214B58
S315080164D005F50055C5F88836C5F88C46237FABB94E
S315080164E0FEE7232D2CD009AB5919404628F096FF13
S315080164F001350028CBD012B0BDE8F081164B232117
S31508016500CDE90063029009AB05AADDE704F1200095
S3150801651041F28831F1F76DFF2420ECE738460F493F
S3150801652028F076FB70B1A068252100F51A50CDE94F
S315080165300155009609AB05AA04301FF0E3FA8EE768
S315080165400720D8E72320D6E726A804083DAC040887
S3150801655092A70408E974010841190208E1B204087E
S315080165604931F0F761BC2DE9F047044615460E4658
S31508016570136898B0029313890193D388009393887B
S31508016580574AF0F715FBEB6831462046554AF0F7AE
S315080165900FFB554A31462046F0F796F9204605F194
S315080165A01201F0F78AFB20466A6A5049F0F7AAF900
S315080165B0314620464E4AF0F787F995F82E70002F96
S315080165C040F08280AA6AAB8D20464A490592ADF809
S315080165D01830ADF81A70F0F76AF90122059858B91A
S315080165E045492046F0F763F920462A6B3F4918B01A
S315080165F0BDE8F047F0F786B9BDF818100144BDF8B3
S315080166001A30C6188E42EBD210F8039006F1010A29
S315080166100AEB090C6145E3D301334B44ADF81A3053
S31508016620B9F1000FEBD073783D2BE8D000230DF1BB
S315080166301B011AF803003D2823D103F101085FFA6B
S3150801664088F660336B44A9EB060603F8447C5AFACC
S3150801665088F8B6B21AB920462849F0F728F920462B
S31508016660274907AAF0F723F9B8F1000F1DD02046EC
S315080166702449F0F71CF9324641462046F0F7B6FAA6
S3150801668013E0402B13D11AB920461C49F0F70FF92C
S3150801669020461849F0F70BF9514620464A46F0F7C5
S315080166A0A5FA20461449F0F702F9002296E70133C4
S315080166B001F8010FD8B28145BBD8002660336B4477
S315080166C0B04603F8447CC5E720460A49F0F7EFF8D7
S315080166D0A96A2046AA8DF0F789FA0B4981E700BF16
S315080166E03BA8040864A804086CA804085BA8040865
S315080166F079A8040890AE040886A804087EA80408A8
S3150801670047AF040881A8040883A804082DE9F04FB7
S31508016710E3B016461D460F460390002940F07585DD
S3150801672000F108042046A549F0F7C1F805F1100162
S315080167302046F0F7C2FA2046A149F0F7B8F875895C
S31508016740B389ED1AADB2002D6ED12046F0F7D6F811
S3150801675005B9B5897389AB4240F2578502232946A3
S31508016760304607AAF0F795FF002840F04E859DF8B8
S315080167701D30FF2B40F09D8104232946304607AA88
S31508016780F0F787FF002840F0408505F104091FFA54
S3150801679089F96FEA0903BDF81E709BB27FBABFB2C9
S315080167A09F4228BF1F4607A8ADF81890ADF81A7082
S315080167B0F2F754FB738905EB0008984500F2258525
S315080167C09DF81CA0BAF12B0F00F27486DFE81AF0C7
S315080167D0790188019901BB01CB0184028D03D50397
S315080167E0F30303047206720672067206E204F204E1
S315080167F00105440572066605720672067206760575
S315080168008D059B05AD05BF05E30572067206720681
S31508016810720672067404D105F50502030A062006F6
S315080168205606560656065606102DA84628BF4FF098
S315080168301008B1894346394409AA89B23046F0F7A6
S31508016840DAFEA5EB08054246204609A9B844F0F741
S31508016850CDF9ADB21FFA88F775E75A4608212046E1
S31508016860F0F732F820AB03EB47095146204699F871
S315080168700A20F0F747F899F80B300A212046514AC1
S3150801688003F00303F0F794F999F80B300A2120462F
S315080168904D4AC3F38103F0F78BF999F80B300A21B6
S315080168A020464A4A1B09F0F783F901379DF88920E2
S315080168B0BBB29A42D1D8A84443E020AB03EB870781
S315080168C05A467B7A04212046EFF7FEFFBB7ADA07A0
S315080168D00CD53F492046F0F715F808F101089DF84F
S315080168E088305FFA88F7BB42E7D831E7C3F301126C
S315080168F013F0020F009220460CBF52464A4635490C
S31508016900C3F38103EFF7D3FFFA7A3F2A01D132495C
S31508016910E0E720463B7B3149EFF7F4FFDDE74A46DE
S3150801692004212046EFF7D0FF20AB03EB05112046E3
S315080169300931F0F771FA01379DF88830FDB2AB429B
S31508016940EDD81FFA88F503E755F8083C4A465AF880
S31508016950033004210093204655F8043CF0F728F942
S31508016960013F05F10805EFD1EBE755F8083C4A4622
S315080169703AF8033004210093204655F8043CF0F711
S3150801698017F9013F05F10805EFD10727144DDFF87F
S315080169905490013F05F10805D3D0204655F8042C3B
S315080169A04946EFF784FF55F8083C22AA13442046C6
S315080169B0D3E90023F0F734F9EBE700BF8FA8040801
S315080169C0BAAB0408B6A80408C9A80408DBA80408D1
S315080169D0F9A804080DA904083FA9040859A9040837
S315080169E038C10408AEE104085A4604212046EFF7E7
S315080169F06BFF07F1020920AB03EB8909B9F80220FD
S31508016A0020469E49C2F3C812EFF77CFF99F8023077
S31508016A10062120469A4A03F01F03F0F7C9F899F8A8
S31508016A2002300621C3F341132046964AF0F7C0F80F
S31508016A3006212046944AF0F7BBF852460A210398E4
S31508016A40FDF7E2FF01370AF1040A9DF88820BBB277
S31508016A509A42C9D82FE78D4A02EB8303D3F8E0257A
S31508016A608B491FFA88F52046EFF74CFF70E64A4630
S31508016A7004212046EFF728FF20AB03EB051120463A
S31508016A800931F0F7C9F901379DF88830FDB2AB42F3
S31508016A90EDD856E77F492046EFF709FF204622A998
S31508016AA0F0F7C2F954E67C49F5E77C49F3E77C49F6
S31508016AB0F1E705F102091FFA89F96FEA0907BFB279
S31508016AC06EE608232946304622AAF2F78FFA0028ED
S31508016AD040F09B8373491FFA88F58DF88000FBE324
S31508016AE02946304622AAF2F7B0FA002840F08D83EB
S31508016AF00123BDF888206C491FFA88F58DF8803086
S31508016B00B1E70123294630460DAAF2F76FFA0028A4
S31508016B1040F07B839DF8343022A943F0040308A88A
S31508016B208DF820300BF038FF0223204656498DF8A0
S31508016B308030EFF7E7FE0421039822AA1FFA88F5A9
S31508016B40FDF762FF04E62946304622AAF2F787FADC
S31508016B50002840F05A830323229A54491FFA88F5DC
S31508016B608DF880307FE79DF81D30FF2B00F04D83AF
S31508016B700C23294630460DAAF0F78BFD002840F074
S31508016B8044839DF83530092B02D8072B40F03D8305
S31508016B909DF836103D4A092B02EB91129DF83710E4
S31508016BA092F8F0258DF88910BDF838108DF88820EF
S31508016BB0ADF88A109DF83C20BDF83A108DF88E2064
S31508016BC0ADF88C1054D9BDF83D305BBAADF89030AC
S31508016BD09DF83F3007A88DF89230F2F73FF9042760
S31508016BE02844334985B220468DF88070EFF78AFE2E
S31508016BF0394620469DF988302E4AEFF7D9FF39469E
S31508016C0020469DF889302C4AEFF7D2FF39462046AF
S31508016C109DF88A30294AEFF7CBFF394620469DF879
S31508016C208B30274AEFF7C4FF394620469DF88C304A
S31508016C30244AEFF7BDFF394620469DF88D30224A92
S31508016C40EFF7B6FF394620469DF88E301F4AEFF713
S31508016C50AFFFBDF890301E4A39462046EFF7A8FF28
S31508016C609DF892301B4A04212046EFF7A1FF6FE5F4
S31508016C704FF4A063ADF890300123ABE784A904086B
S31508016C8094A90408A0A90408B1A9040888BB0408A2
S31508016C90B7A90408C4A90408DAA90408F4A90408C8
S31508016CA00EAA040861AC04086FAC0408A8AB040872
S31508016CB02AAA040838AA04084BAA04085CAA0408E4
S31508016CC06DAA04087EAA04088DAA04089CAA0408C9
S31508016CD0AEAA0408C0AA04084A2828BF4A209DF873
S31508016CE01D2083B2FF2A00F09082294630460DAA5C
S31508016CF0F0F7CFFC002840F088829DF83530082B44
S31508016D0040F28382844609270DF1360E013F53D19D
S31508016D10BCF1200F00F27982093BDBB26345C0F072
S31508016D2074823A464FF0800C0DABC2F3C401194484
S31508016D30C97802F007034CFA03F319425FFA82FE97
S31508016D4015D020AB03EB400383F80AE00DAB0344EF
S31508016D50D97A62AB03EB400E8B0803F00C0343EAC6
S31508016D60911343EA011301300EF8FD3CC0B201321A
S31508016D703F2AD9D19DF836308DF8890007A88DF8B4
S31508016D808830F2F76BF80523B749804620468DF817
S31508016D908030EFF7B7FD042120469DF88830B34AC5
S31508016DA0EFF706FF04212046B14AEFF701FFDFF8A6
S31508016DB0F0B2DFF8F0A279E500221EF8011F02F110
S31508016DC0010819B962445FFA82FC9FE74A1E11401D
S31508016DD04246F4E702232946304604AAF0F759FC4D
S31508016DE0002840F012829DF81120FF2A00F00D823A
S31508016DF09DF81030252B40F00882AB1C9BB2ADF8EC
S31508016E002030DB439BB2934228BF13460DF1340968
S31508016E10ADF822304A460823304608A9F0F70FFD97
S31508016E200746002840F0F181082108A8F1F76EF815
S31508016E30B8464FF0800AC8F3C40219F8022008F0D0
S31508016E4007034AFA03F31A425FFA88FB31D0022391
S31508016E50304605AA08A9F0F7F2FC002840F0D581CA
S31508016E60022108A8F1F752F8BDF8142020AB52BA4E
S31508016E7003EB8701C2F38030C2F3C03343EA400310
S31508016E80C2F3013043EA8003C2F3812043EA0013C7
S31508016E90887A03F03F0320F03F0003438B720137E2
S31508016EA0C2F3051302F00F0281F809B0CB720A7317
S31508016EB0FFB208F10108B8F13F0FBCD107A88DF858
S31508016EC08870F1F7CBFF252328446A4985B2204605
S31508016ED08DF880304FF00008EFF714FDDFF8C8B1E0
S31508016EE0DFF8C8A1DFF8C891F9E49DF81D30FF2B3A
S31508016EF000F08B810A23294630460DAAF0F7C9FB13
S31508016F00002840F082819DF83530072B40F27D81BB
S31508016F10DDF83600F0F716FABDF83A305649ADF8FD
S31508016F208C30BDF83C302290ADF88E3006232046D1
S31508016F308DF88030EFF7E6FC04212046229B4F4A64
S31508016F40EFF736FE042120469DF88C304C4AEFF7C0
S31508016F502FFE042120469DF88D304A4AEFF728FE78
S31508016F609DF88E30484A04212046EFF721FE1FFA84
S31508016F7088F59DF88F30454A75E6FE2F00F2458162
S31508016F803A46494630460DF189038DF8887028F04E
S31508016F90C4F8072320463E498DF88030EFF787FC71
S31508016FA020469DF888200DF189011FFA88F5EFF72B
S31508016FB02FFEFFF7CDBB3146069A22A80CF0F8FA48
S31508016FC00823204633498DF880300027EFF79AFCCD
S31508016FD0DFF8CC90B0E42623294630460DAAF0F70F
S31508016FE058FB002840F011819DF83530232B40F2DB
S31508016FF00C81DDF83600F0F7A5F92290DDF83A00A4
S31508017000F0F7A0F92390DDF83E00F0F79BF92490FC
S31508017010DDF84200F0F796F92590DDF84600F0F71D
S3150801702091F92690DDF84A00F0F78CF92790DDF8FA
S315080170304E00F0F787F92890DDF85200F0F782F94B
S315080170402990DDF85600F0F77DF909232A901249AF
S3150801705020468DF880300A27EFF754FC0F4DDFF8EC
S3150801706054900DF1880A7BE4E3AA04088DAA040862
S31508017070D5AA0408E0AA0408EAAA0408F7AA040893
S3150801708042A4040812AB04080CAB040822AB04089A
S3150801709039AB04084FAC040848AB04087CC10408A2
S315080170A01DAE0408A6A80408E9A804088CA80408C3
S315080170B088A8040875A904084423294630460DAA58
S315080170C0F0F7E7FA002840F0A0809DF83530412B0B
S315080170D040F29B80DDE91201BDF836300A275BBA1A
S315080170E0ADF88830BDF83830D24D5BBAADF88A3084
S315080170F0BDF83A30DFF87C935BBAADF88C30BDF851
S315080171003C300DF1880A5BBAADF88E30BDF83E30D9
S315080171105BBAADF89030BDF840305BBAADF8923045
S31508017120BDF842305BBAADF89430BDF844305BBA6D
S31508017130ADF89630BDF846305BBAADF898300CF02C
S3150801714057FACDE92801DDE914010CF051FACDE928
S315080171502A01DDE916010CF04BFACDE92C01DDE92E
S3150801716018010CF045FACDE92E01DDE91A010CF0FA
S315080171703FFACDE93001DDE91C010CF039FA222389
S31508017180CDE932012046AC498DF88030EFF7BAFBDC
S31508017190FFF7F7BB01232946304622AAF1F726FF56
S315080171A098BB0E239DF88820A4491FFA88F58DF807
S315080171B0803058E42946304622AAF1F746FF20BB1B
S315080171C00F23BDF888209E491FFA88F58DF880306F
S315080171D049E40323B7FBF3F303EB4303FF1A14D183
S315080171E08DF888700DF18A08BDF81A30002B00F069
S315080171F065819DF888303E2B00F260810323304675
S315080172000DAA06A9F0F71BFB10B163B0BDE8F08F14
S31508017210BDF8342008A852BA130991B203F06003E5
S31508017220C2F3C422134343EAC113414621F8023B80
S315080172309DF8363008F1040843F004038DF8203030
S315080172400BF0AAFB9DF888300321013306A88DF8B7
S315080172508830F0F75BFEC7E7FE2F3B4628BFFE23C3
S315080172600DF18902494630468DF88830F0F7C3F9A1
S315080172701123204673498DF88030EFF718FB204615
S315080172800DF189019DF88820EFF7B0FC20466E497B
S315080172901FFA88F5EFF736FBFFF75ABA2946304643
S315080172A022AAF1F7DCFE0028AFD11323229A6749F7
S315080172B01FFA88F58DF88030FFF7D5BB08232946D4
S315080172C0304622AAF1F792FE00289ED1172360497B
S315080172D01FFA88F58DF880302046EFF7E8FA204640
S315080172E022A9FEF741F9FFF733BA2946304622AA01
S315080172F0F1F7ABFE002888D118231FFA88F58DF817
S315080173008030FFF725BA20222946304622ABF1F70D
S3150801731040FE00287FF479AF19234E491FFA88F5F4
S315080173208DF8803022AAFFF79EBB202229463046D7
S3150801733022ABF1F72EFE00287FF467AF1A234649E0
S315080173401FFA88F58DF8803022AAFFF78CBB102228
S315080173502946304622ABF1F71CFE00287FF455AFCB
S315080173601B233E491FFA88F58DF8803022AAFFF7BC
S315080173707ABB60222946304622ABF1F70AFE00287D
S315080173807FF443AF232336491FFA88F58DF88030F9
S3150801739022AAFFF768BB40222946304622ABF1F7FD
S315080173A0F8FD00287FF431AF1C232E491FFA88F512
S315080173B08DF8803022AAFFF756BB0023CDE90D369A
S315080173C0069B22A90DA80F93F4F7F7FB00287FF473
S315080173D01CAF2423229A24491FFA88F58DF8803098
S315080173E0FFF741BB0123294630460DAAF1F7FEFDF9
S315080173F000287FF40AAF26229DF834308DF88020C4
S31508017400032B8DF888307FF626AB184AFFF728BB81
S315080174103146069A22A80CF0CBF8272320461449B0
S315080174208DF880300027EFF76DFADFF84C90FFF7FB
S315080174302BBB00BFC4C1040856AB040864AB0408DF
S3150801744078AB04088DAB04089CAB04089EAB040812
S31508017450B5AB0408BDAB0408CDAB0408DEAB040824
S31508017460F4AB040807AC040820AC0408D8C0040827
S3150801747043AC04087DA904081DAE04080823304658
S3150801748022AA06A9F0F7DBF900287FF4BEAE8DF82B
S3150801749080A0AAF1290A1FFA88F5BAF1020F3FF668
S315080174A0F9AA01A353F82AF0A76A0108AB6A0108E9
S315080174B0AF6A01081FFA88F5FFF74CB907A8F1F773
S315080174C0CDFC10238046064920468DF88030DFF82A
S315080174D014B0EFF717FA0DF18C0AFFF7B6BA00BF29
S315080174E07EAC04081DAE040810B4044618461346BB
S315080174F00A4621465DF8044BFFF708B90968006892
S3150801750031F0EDB8FAE7F9E7F8E7F7E7F6E710B586
S3150801751014460B681A1D0A60186821460CF0C6F94C
S3150801752008B92081A07210BD10B514460B681A1D42
S315080175300A60186804F110010CF0B8F908B920833B
S31508017540A07610BD08B50B68186850B1181D0860FB
S31508017550196802F13000F4F725FD182808BF002044
S3150801756008BD0720FCE72DE9F047A4B00446084604
S3150801757002A99146F4F750FE074600282FD038464F
S3150801758024B0BDE8F0876B6801A801931EF091FC51
S315080175904368064690336B4413F8103C6BB1514669
S315080175A020462A68EFF783F9B9F1000F0AD02B7A3A
S315080175B043B120460D49EFF7A5F90C35B8F1010895
S315080175C0E1D1DCE7F268B368511004EB6200D20737
S315080175D048BF625802A948BFD3589847EDE74FF00C
S315080175E00E08034DDFF80CA0E8E700BF8BAC0408D2
S315080175F00CC20408AEE1040830B5E7B0019213687D
S3150801760005460C46BBB9264802A9F4F705FE80B91A
S31508017610636820AAD35C5BB1E268A368511005EBE5
S315080176206200D20748BF6A5802A948BFD35898478B
S31508017630002067B030BD8822002102A830F0F9FD8C
S315080176406069236910F0010F4FEA600018BF2A58D4
S3150801765001A918BFD358284402AA98470028E8D197
S315080176600121636820AA0F4CD15425A827F079FC7B
S3150801767004F1500125A8F3F726FE0028D9D102A95D
S3150801768025A8F4F785FB0028D3D19DF8925125A9A1
S315080176902A4604F1500030F0EBFF84F84E51C7E753
S315080176A05818002008180020F0B50E680D4685B058
S315080176B000F1300436B932462046224905B0BDE804
S315080176C0F04050E73046204927F0A2FA70B100256C
S315080176D01E4F1F4E57F82520314620460335EFF732
S315080176E011F91B2DF6D1002005B0F0BD03A80396AC
S315080176F01EF0DFFB014628B120462A1D05B0BDE86C
S31508017700F04079E72B6809220393124B0F4900933E
S315080177100C230DEB0300EFF7D1FD034678B1826820
S315080177205B68511004EB6200D20748BF625805F145
S31508017730040148BFD35805B0BDE8F04018472320D7
S31508017740D2E700BF5818002076A50408A8C2040885
S3150801775047AF04080B75010870B505460068C0B047
S3150801776000F5F3500E4610306946F3F797FE0446C6
S3150801777098B9366836B9024669462846FFF7F3FED0
S3150801778004460AE030460B4927F042FA40B16946F9
S3150801779028469DF8FE20EFF73BFA204640B070BD1B
S315080177A03046054927F034FA08B10122E4E70724EF
S315080177B0F3E700BFB1B5040896AC040870B50546F1
S315080177C00068C0B000F5F2500E4604306946F3F77A
S315080177D065FE044698B9366836B9024669462846AA
S315080177E0FFF7C1FE04460AE030460B4927F010FAB6
S315080177F040B1694628469DF8FE20EFF709FA20466A
S3150801780040B070BD3046054927F002FA08B1012299
S31508017810E4E70724F3E700BFB1B5040896AC04080A
S3150801782070B50E6805460C463046124927F0F0F940
S3150801783040B12868104900F5F2500430BDE870409F
S31508017840F3F72CBE30460D4927F0E2F928B128682E
S31508017850094900F5F3501030F0E73046084927F09A
S31508017860D7F928B1201D0449BDE870401EF03DB87E
S31508017870072070BD9AAC040858180020A1AC04086A
S31508017880A9AC040830B50D46C1B004466946281DA1
S315080178901EF02BF860B92D680D49284627F0B8F96E
S315080178A040B16946206800F5F2500430F4F79AFDB4
S315080178B041B030BD2846074927F0AAF928B1206802
S315080178C0694600F5F3501030F0E70720F0E700BFEE
S315080178D09AAC0408A1AC040838B50D6804460D49EC
S315080178E0284627F095F940B120680B4900F5F25072
S315080178F00430BDE83840F4F775BD2846074927F036
S3150801790087F928B12068044900F5F3501030F0E7EB
S31508017910072038BD9AAC040858180020A1AC040801
S315080179202DE9F0430E46E5B088220021054602A856
S3150801793030F07FFCFF22002124A830F07AFC2D4F7D
S31508017940331D00930DF18008009B1B68ABB93468A1
S315080179502949204627F05CF900283CD120462749C9
S3150801796027F056F9002843D028689DF88E3100F58E
S31508017970F35024AA02A9103035E001A801931EF09C
S3150801798098FA009C8146B8B14269D9F8103051106D
S3150801799005EB6200D20748BF6A5804F10404009453
S315080179A048BFD358694602AA9847F0B90122D9F8BF
S315080179B0043008F80320C7E73946206827F028F974
S315080179C0B0B1201D24A900901DF08FFF68B9009B56
S315080179D004330093B8E728689DF88E3100F5F25014
S315080179E024AA02A904301DF055FF65B0BDE8F0834D
S315080179F00720FAE7B1B504089AAC0408A1AC040853
S31508017A002DE9F04FCDB004AD0F460D2200210646F3
S31508017A10284630F00EFCFF2200210CA830F009FCA4
S31508017A200024DFF8D080DFF8D09007F1040BDBF8EB
S31508017A3000A0BAF1000F16D13F682C49384627F045
S31508017A40E7F800283ED030689DF82E310CB10DF1CB
S31508017A50200A294600F5F250CDF800A00CAA0430F8
S31508017A60F3F750FE23E003A8CDF80CA01EF021FA87
S31508017A7030B10122DA464368EA540AF1040BD6E723
S31508017A80DBF800A04146504627F0C2F840B10BF199
S31508017A90040A50460CA91DF028FF0028EDD006E07F
S31508017AA04946504627F0B4F8044618B907204DB0A0
S31508017AB0BDE8F08FDBF8040008A90BF1040A27F0EA
S31508017AC073FCEAE738460A4927F0A2F80028EDD000
S31508017AD030689DF82E310CB10DF1200A00F5F350EE
S31508017AE02946CDF800A00CAA1030B9E79AAC0408CB
S31508017AF0A1AC0408B1B50408AEAC04082DE9F743F6
S31508017B0015460E46074620220021286830F091FBCB
S31508017B1033682BB92B600024204603B0BDE8F083F7
S31508017B2031462A6838680DF10603EFF758FA044614
S31508017B300028F1D19DF806303BB138463149EEF7B8
S31508017B40B6FE38462968EFF767F970680028E2D06B
S31508017B502968103127F051FC04460028DCD1B068A9
S31508017B600028D8D02968143127F035FC04460028A6
S31508017B70D2D1F0680028CED02968183127F04EFCFA
S31508017B8004460028C8D130690028C4D00DF1070180
S31508017B9027F0C2FB04460028BED19DF807302A68A3
S31508017BA0C3F1020353767769002FB4D038461649D4
S31508017BB0D5F8009027F02CF840B9DFF858803846F8
S31508017BC058F8041B27F024F870B1E4B289F81B4071
S31508017BD0B469002C9FD020460C4927F019F840B10A
S31508017BE002222B681A7796E70134062CE7D1072477
S31508017BF092E72046064927F00BF80028F7D001221C
S31508017C002B68EFE7B6AC0408A8270508DCAC04081E
S31508017C10E0AC040814C304082DE9F0410B680446D6
S31508017C2092B0002B3FD105683949EEF740FE05F5BC
S31508017C30D451204605F580550831EFF70FF920464E
S31508017C40D5F89C2A3349EEF75DFE204695F8A02A19
S31508017C503149EEF757FE314B95F8A11A304A2046BD
S31508017C60012908BF1A462F49EEF74CFE95F8A32AB3
S31508017C702046052A97BF2C4B2C4A03EB8203D3F8DF
S31508017C808C272B49EEF73EFE95F8A21A294A2A4B6C
S31508017C902046012908BF1A462849EEF733FE002077
S31508017CA012B0BDE8F08102AB01AA0193FFF726FFE6
S31508017CB00028F5D12668DDF8048006F5D15718376E
S31508017CC006F580560AA8B8F1000F12D026F0BDFCB9
S31508017CD041460AAA07F1500004F0ACF9404604F0FF
S31508017CE099F980F0010086F8A80A384606F014FFCB
S31508017CF0D5E706F688250AAC26F0A7FC0FCC0FC5F2
S31508017D0094E80F0085E80F0086F8A88AEDE700BF1A
S31508017D10EDAC0408F6AC04080EAD040888A80408FE
S31508017D208CA8040820AD040888BB0408D8C0040838
S31508017D3035AD0408E4AC0408E7AC040845AD04080D
S31508017D402DE9F0419CB004AB03930B6807460E4638
S31508017D504BB303AA0431FFF7D1FE0446F8B93D68CF
S31508017D60DDF80C800CA805F5D155366803F053FDEE
S31508017D7005F16802414610A88DF8304004F05AF919
S31508017D800A4B1835CDE90D370723224600932846B5
S31508017D9033460CA907F07CF8041E08BF24242046A4
S31508017DA01CB0BDE8F0810724F9E700BFF18101089D
S31508017DB02DE9F0419CB004AB03930B6807460E46C8
S31508017DC053B303AA0431FFF799FE044600BB0CA876
S31508017DD03D683668DDF80C8003F01DFD012305F5C5
S31508017DE0D15505F16802414610A88DF8303004F0E6
S31508017DF021F90A4B1835CDE90D3707232246009399
S31508017E00284633460CA907F043F8041E08BF242464
S31508017E1020461CB0BDE8F0810724F9E7F181010885
S31508017E202DE9F0419CB004AB03930B6807460E4657
S31508017E3053B303AA0431FFF761FE044600BB0CA83D
S31508017E403D683668DDF80C8003F0E5FC022305F58C
S31508017E50D15505F16802414610A88DF8303004F075
S31508017E60E9F80A4B1835CDE90D3707232246009361
S31508017E70284633460CA907F00BF8041E08BF24242C
S31508017E8020461CB0BDE8F0810724F9E709A60108D8
S31508017E9070B58CB004AB03934B6805460C46164681
S31508017EA08BB103AA0831FFF729FE50B9039BCDE927
S31508017EB00053064B2868D4E90012B047002808BFCA
S31508017EC024200CB070BD0720FBE700BF49A70108B5
S31508017ED0004ADDE753660008004AD9E76F660008DD
S31508017EE02DE9F0460C469DB0064604AB20680DF117
S31508017EF00A01039327F081FA70BBA3687BB3304666
S31508017F0003AA04F10C01FFF7F9FD28BBD4E90174B2
S31508017F100CA83568BDF80AA0DDF80C9003F07BFCC7
S31508017F20062305F5D15505F16802494610A88DF8CD
S31508017F303030ADF862A004F07DF80A4B1835CDE96A
S31508017F400D3607233A460093284623460CA906F020
S31508017F509FFF002808BF24201DB0BDE8F086072032
S31508017F60FAE700BF59850108F8B507461C460E46CB
S31508017F70184615491546EEF79AFC39462046EEF796
S31508017F804BFF76B131462046FCF78AFA237ADA079F
S31508017F9019D56FF3000323720020BDE8F8401DF0E0
S31508017FA06FBC042D09D8094B03EB8503D3F83C258F
S31508017FB020460749EEF7A6FCE8E7064A064BFE2DDA
S31508017FC018BF1A46F4E7F8BD53AD040888BB040880
S31508017FD077AD040898A504088AA5040810B51446BF
S31508017FE00A4601462046FDF747F8237A9A0707D538
S31508017FF06FF3410323720020BDE810401DF040BC19
S3150801800010BD10B514460A4601462046FDF734F858
S31508018010237A5A0707D56FF3820323720020BDE836
S3150801802010401DF02DBC10BD73B50D4604460288DF
S3150801803043881F492846EEF73AFC22889AB1237BE2
S315080180408BB963889A420ED34FF47A71D31A4B438C
S315080180500A2193FBF2F3B3FBF1F2284601FB123333
S315080180601449EEF724FC6288A2B14FF47A76606867
S315080180700023A0FB06012FF0EBFEB0FBF6F306FB8F
S315080180801300628900900192284622890A499BB207
S31508018090EEF70DFC2846EEF731FC287A10F00100C0
S315080180A004D102B0BDE870401DF0EABB02B070BD54
S315080180B097AD0408C4AD0408DDAD04082DE9F04FF9
S315080180C040231446EBB007460D46ADF868306068A4
S315080180D0FF232AAA1AA903F06EFC002840F0818022
S315080180E0384641492AAAEEF7E2FB002D73D1A84684
S315080180F0AB4606AE402361681AA83381C6E900B1CA
S3150801810003F0EEFA9DF868301FFA88F9012B02D0C0
S31508018110217F002951D0206814A900F51450383060
S315080181200FF02EFD002853D196E807009DF868A0A8
S3150801813009AB83E80700A268BAF1010C18BF4FF032
S31508018140010C002A44D01A466146204603F085FEF2
S3150801815000283DD10E21BAF1010F0BBF228A228BCD
S31508018160ADF81220ADF812200CBF628A628B03911A
S31508018170012109ABCDE900310DF1300ACDF808A08E
S315080181804B46A0680DF1120103F0ACFD00BB0DF1E1
S315080181903A0214A910A807F0D7FF5046F4F788FB4E
S315080181A00590384610A9EEF788FD3846059A0F4915
S315080181B0EEF77DFB08F101089CE705AB019310ABCF
S315080181C0009332464B46204603F080FE0028E8D04D
S315080181D03846EEF793FB28461DF052FB6BB0BDE817
S315080181E0F08F0546F7E700BF09AE040820AE04087C
S315080181F013460A460146184660E72DE9F04F402323
S315080182001746FBB083460E46ADF868307868FF23FB
S315080182103AAA1AA903F0CFFB002840F09B815846D9
S31508018220C1493AAAEEF76EFB002E40F0D9800596B1
S31508018230122200210DF15600BDF814402FF0F9FF66
S315080182403AAB1493FF23ADF854301AAB1893802335
S315080182507A8AADF86430A24209D8FB8ABDF81410AF
S315080182601344994280F2AB8001238DF866303B8A2C
S315080182702246B86809A9ADF8243003F0E6FC05469C
S31508018280002840F04681FF23B8683AAA09A903F0F5
S3150801829092FB0446002840F03081BDF824800A2369
S315080182A04146B8680AAAEFF7F4F90546002840F0EE
S315080182B03081D7F808A0424651460DA803F0B0FC14
S315080182C00446002840F01981BDF8343008F10A083F
S315080182D05BBAADF84030954B0D22009394490623BD
S315080182E01FFA88F810A8ADF82680EEF7E7FF814651
S315080182F000286BD14D4626F0EBFFBDF82830BDF8B6
S3150801830030405BBA64BA1FFA83FAADF85630A4B2A4
S315080183100AA8ADF85840F4F7CBFA802CA14628BF35
S315080183204FF0800906904B461790ADF864901AAA4B
S31508018330002D00F0EB8000212846EFF75CF928466E
S3150801834026F0C6FF5846BDF814207A49EEF7DAFA40
S31508018350794B10AD93E8070085E807009DF866C0DC
S315080183600421BCF1020F94BF55F82C30A3F52973EB
S315080183700293069B5846CDE90043704A5346EEF7E9
S3150801838017FC3AAB042158466D4AEEF711FC042155
S3150801839058466C4AEEF798FA4A4658461AA9EEF72D
S315080183A025FC802C03D958466749EEF780FA5846CA
S315080183B06649EEF7A7FA059B0133059338E77A8BE9
S315080183C01344994280F2AC8002234EE721460620E7
S315080183D05F4A21F0EFFD054640B926F079FF0326ED
S315080183E030461DF04DFA7BB0BDE8F08F204626F0E9
S315080183F06FFFBDF83C2099F8023052BA92B29A4200
S3150801840004D2284626F064FF0626E9E74246514685
S315080184102846EFF7B7FB044600286ED199F80230D3
S3150801842006904344ADF8263099F803109DF81830A4
S31508018430BDF8262099421ED8BDF83C30A2EB0801AA
S315080184405BBA9BB29942DCDC4344B9F804109B1A27
S315080184509BB29942D5D851462846EFF793FB044675
S3150801846000284AD1BDF828306C895BBA1FFA83FA0D
S31508018470ADF856304CE750460DF12601079203F048
S315080184805AFA0446002838D1079ABAF1000F04D1DE
S31508018490284603F0FAF904462AE0CDF840A0ADF8DB
S315080184A04820ADF84A00ADF84C2010A803F002FAAE
S315080184B0044630B1172C2846EBD026F009FF26468C
S315080184C08EE79DF84630013B3E2B1DD828460DF117
S315080184D04601EFF72FFB044650B928469DF846306A
S315080184E0BDF844201099EFF74DFB04460028DCD06F
S315080184F0069B01330693002C96D0284626F0E8FE03
S31508018500172C18BF26466BE70724F1E74146B868DA
S3150801851013E7002026F0DCFE172D18BF2E465FE76D
S31508018520002026F0D5FE5BE72AAE0408E7B001086D
S315080185302CC3040845AE04087CC3040849AE0408E4
S315080185407DAE040885AE040892AE040886A8040820
S315080185507AC30408064643E713460A4601461846FF
S315080185604BE6F0B50C46054687B02349206826F048
S315080185704FFBA0B100260434206802A926F014FF97
S3150801858058B967681D49384626F042FB48B104F1D7
S31508018590080101A820F040FAA0B107B0F0BD0126F4
S315080185A0EAE73846164926F033FB10B3A0680DF101
S315080185B0070126F033FF02460028EED12B689DF805
S315080185C0070001E02B6801AA0E4903F50053C3F819
S315080185D08417C3F88857014602A826F0D8FB002855
S315080185E0DBD1002ED9D02B7A242043F001032B723C
S315080185F0D3E70720D1E700BF40A5040896AE0408D3
S315080186009DAE0408697F010810B50C4686B020683E
S3150801861002A926F0C9FE90B960680DF1070126F096
S31508018620FDFE60B9A0680DF1060126F0F7FE30B926
S315080186309DF806209DF8071002A827F0ABFB06B0A7
S3150801864010BDFF2330B5C3B005468DF8073099B97B
S3150801865000680DF1070300F5145002AA38300AF034
S3150801866093FE044628B928469DF8072002A9EEF785
S31508018670CFFA204643B030BD0C24FAE713B50A6891
S3150801868004460B4662B9036803F5805393F87C1BCD
S31508018690003918BF0121EEF7F3FA002002B010BD28
S315080186A018460DF10701EEF773FC0028F6D1246888
S315080186B09DF8071004F58053A1B193F87C2BC3F8F4
S315080186C0740BC3F8780B002AE7D1012204F5D654B6
S315080186D01C34204683F87C2B04F032FC204607F034
S315080186E0B1FDDAE793F87C2B002AD6D083F87C1BF8
S315080186F0D3E72DE9F0430C6805460F468BB05CB904
S315080187000268214602F5DA520C32EEF7EFFA002436
S3150801871020460BB0BDE8F08320468F4926F078FA4B
S31508018720002834D07C686CB92B6803F58053D3F8DC
S315080187304C2B8A4B002A08BF1A4628468849EEF769
S31508018740E1F8E4E7BB68002B40F0E480204630F00E
S3150801875023F886B23F2E00F2DD8041F6DC29D5F8F2
S315080187600080214608EB090004F0CAF904460028EE
S31508018770CED108F5DC58721C7968404692B22FF0C2
S3150801878077FF28684146484404F0BAF9C0E720460D
S31508018790744926F03DFA88B17B68002B40F0BA800F
S315080187A02B6803F5805393F8562B072A00D9FEE761
S315080187B06D4B03EB8203D3F80028BEE720466B49CD
S315080187C026F026FA0646002878D07C682E68BCB9B9
S315080187D006F5805696F8554B64B128466449EEF776
S315080187E091F894E7D6F8501B284601EB0311EEF7EA
S315080187F013FB013496F8542BE3B29A42F2D886E772
S3150801880020465B4926F004FA30B306F5805595F8FB
S31508018810553B002B7FF47BAF06F5D6561C36304602
S3150801882004F020F8044600287FF472AF514BD3F8C0
S3150801883034375BB9A5F8E03AC5F8503B4FF4807375
S315080188403046A5F8543B04F004F960E7DA7C6FF387
S315080188504102DA745B69ECE7204602A926F0A4FD19
S31508018860044600287FF454AFB86818B306A926F061
S315080188709BFD044600287FF44BAFFB68E3B902274A
S3150801888041F6DC2828683A4602A9404404F04DF925
S31508018890044600287FF43CAF06F5DE563A0102A9E4
S315080188A030462FF0E5FE28683A463146404404F042
S315080188B03CF92CE70127E3E7032429E720462E495B
S315080188C026F0A6F940B378688DF808608DF8076038
S315080188D058B928689DF8072000F5D6509DF8081064
S315080188E01C3004F0A5F9044612E702A926F014FD86
S315080188F0044600287FF40CAFB8680028E9D00DF1CA
S31508018900070126F009FD044600287FF401AFFB683C
S31508018910002BDED00724FBE62046184926F078F915
S31508018920C0B17C68002CF5D1286800F5D6501C30FA
S3150801893003F0E2FF2B6803F5805203F5DF5103F5D7
S31508018940E85304311433C2F8004CC2F8301DC2F89A
S31508018950E03BDCE62324DBE61BB20408A5AE0408EB
S3150801896047AF0408CBB5040888BB0408AEAC0408B5
S31508018970ACAE0408F02A002087A70408B1AE0408A3
S31508018980094A091A891030B551430346002224259C
S315080189908A4205FB023005D00BB1046A04B130BD29
S315080189A00132F5E70020FAE7398EE33870B50D464E
S315080189B00668EFF31182302181F311880021046AD8
S315080189C0016282F31188BFF36F8F002C00DC70BD42
S315080189D03046013CA847F8E784B08DE80F0028B176
S315080189E00378023B022B94BF0846002004B0704767
S315080189F010F1840F14DA10F1990F21DB993014283C
S31508018A001ED8DFE800F00B1B1B1D1B1B1D1D1D1DA2
S31508018A101919191D131915171F111B00062070475F
S31508018A20003818BF012070470C207047182070477E
S31508018A300D2070471720704703207047082070479C
S31508018A4001207047072070472DE9F04F0027BB46E4
S31508018A50974C9BB0182200210EA82FF0EAFB20465E
S31508018A600EA917F0F2FE064668BB0F9B1B0A012BDF
S31508018A7029D0BDF83830B3F5885F24D040F2011308
S31508018A808C490EA80F930EAD10F030FC0FCD0DF1E9
S31508018A90500CACE80F0095E8030033468CE8030058
S31508018AA03246204609A9CDE90966CDE90B6608963D
S31508018AB017F043FE064688B10A98002840F0F4806C
S31508018AC0099817F025FE01347B4B47F100075F45EE
S31508018AD008BF9C42BED11BB0BDE8F08F099D6B69EA
S31508018AE0A3F50033B3F5003FC0F0C780AB689B0719
S31508018AF0E2D5BDF8383013B12A889A42DCD1BDF8DF
S31508018B003A206B880AB19342D6D1ADF85230B5F8FE
S31508018B100090179BADF85090D5F80CA0194652460F
S31508018B204846079316F08EFE804618992A694846E4
S31508018B30CDE9051216F086FEDDE90512B8F1000F3A
S31508018B4004D1079B13B1BAF1000FB5D110B909B118
S31508018B50002AB1D1AA68169B189013400AA90BAA34
S31508018B6014A8CDE9163823F032FA0028A4D10A9DB3
S31508018B706B681B0A00F0838028460CA917F032FAA5
S31508018B80002899D128460C9916F049FE002893D158
S31508018B90DDE90950D5E9081206464368D0F8209060
S31508018BA04FEA1328B8F1010F56F824EFD5F804C097
S31508018BB082D16B69A3F50038B8F5003FBFF47CAFE5
S31508018BC05FEA1C2C7FF478AFAD6815F002057FF4D7
S31508018BD073AF0D950DAD4B46CDE90165CDF800E0B6
S31508018BE0F6F75AFB00287FF467AF0A9808A923F01D
S31508018BF034FA00287FF460AF099817F089FD054615
S31508018C0000287FF460AF204617F0FAFD089E0D95FF
S31508018C10A6423FF458AF3046294614AAF4F7F2FCA7
S31508018C20804600287FF44FAFDDF850900120494671
S31508018C3014F0D0FB054600283FF445AF0DAB009371
S31508018C404A4603464146304623F072FB60B9159BF6
S31508018C503946009320462B460D9AF4F763FC0146E4
S31508018C6010B93046F4F7EDFC002128460D9A2FF08D
S31508018C70E0FA284614F0A0FA25E7012639E7099B08
S31508018C801EB15A68120A7FF417AFD3E90868284655
S31508018C90414616F0C4FD00287FF40EAF4246314620
S31508018CA0286A2FF0E5FCA0E717F01AF808E700BFD5
S31508018CB001000200F00002000800020008B521B117
S31508018CC017F0E1FDBDE8084092E66FF08600F9E786
S31508018CD010B5044686B01822002168462FF0A9FA75
S31508018CE06946204617F0B1FDB0FA80F0400906B092
S31508018CF010BD10B588B0182204460190002102A8BB
S31508018D002FF097FA40F20113214602A8039310F0B7
S31508018D10EDFA02A84FF4405110F0FFFA054B01A9EC
S31508018D200593054B02A8029323F02AFAFFF760FE82
S31508018D3008B010BDFF0600061271000108B528B17A
S31508018D4017F099F8003818BF012008BD0120FCE783
S31508018D50002801DB26F023BC7047022030F076BCE0
S31508018D6038B50568044675B12B68012B06D1064B43
S31508018D70D3F85C0103F5B4712FF0AAFD284614F067
S31508018D801BFA0023236038BD0818002038B50346AE
S31508018D9010B30568022D1FD14279104800EB8200F5
S31508018DA09A79B2B11C79FFF7DBFF0D4B64B293F8E0
S31508018DB048288AB1A3F5805213F8823C2046022B33
S31508018DC018BF82F87E5F1DF081FBBDE838401DF0B3
S31508018DD0BBBBBDE83840C3E738BD00BF88190020D2
S31508018DE0F03A002038B51446002A39D0D16893687C
S31508018DF001391C4D9942D5F85C014FF0FF3118BF76
S31508018E0000212FF077FD10F5007F0CD18023237404
S31508018E10A368E26801339A42A3600FD92046BDE8E8
S31508018E2038401DF069BB002894F91030B8BF0330EB
S31508018E3040F387008342B8BF2074E9E794F91030FC
S31508018E40237102232360A37913B12046FFF79EFFFE
S31508018E50D5F85C010022BDE8384080212FF025BEF7
S31508018E6038BD00BF0818002008B5074BD3F85C01C8
S31508018E702FF0E5FD30B1054BB3FBF0F083B20BB132
S31508018E80184608BD0120FCE70818002040420F00DB
S31508018E901FB5FF238DF804300023CDE90233064BB5
S31508018EA0014601AAD3F85C012FF020FD003818BF4E
S31508018EB0012005B05DF804FB08180020F8B5064640
S31508018EC02C4D33680C46D5F85C011BB397212FF05E
S31508018ED04AFF024600B1FEE73168D5F85C0127F082
S31508018EE0D1FE00B1FEE73168D5F85C012FF090FD9F
S31508018EF03179814200D0FEE7D5F85C0128F082F885
S31508018F0000B1FEE70122D5F85C0111462FF05FFF9B
S31508018F1020B1FEE728F066FB00B1FEE70322D5F88B
S31508018F205C0111462FF043FF7F2C20D0D5F85C0158
S31508018F302FF0E5FD032814D104EB84046400D5F869
S31508018F405C710A2138462FF0DCFD4FF4E1613846A1
S31508018F502FF0D9FD2146D5F85C0128F06BF830B120
S31508018F60FEE7D5F85C0128F081F80446E7E7C5F87D
S31508018F708461F8BD0818002038B50446164D30F04E
S31508018F8079FB237D95F88C219A4223D895F88D2172
S31508018F909A421FD3D5F8843105F5C470834202D0AD
S31508018FA07F21FFF78BFF8022D5F85C0111462FF050
S31508018FB07CFD10B1012000230AE0207DFFF768FF40
S31508018FC00028F7D120461DF097FA0028F2D101238F
S31508018FD0236038BD2120EEE70818002008B5054BA7
S31508018FE000EB80004100D3F85C0128F023F800B1BA
S31508018FF0FEE708BD0818002038B50F4B0C4693F854
S315080190008C21824215D893F88D21824211D303F51A
S31508019010C475D3F88431AB4204D10846FFF7DEFFA5
S31508019020002038BD26F018FA21462846FFF746FFE4
S31508019030F6E70720F5E700BF0818002013B5044630
S31508019040086868B90E4BD3F85C0128F00FF80D498A
S3150801905042B204F10800EDF755FC002002B010BD3C
S315080190600DF1070126F0A8F90028F7D19DF8072088
S31508019070034B83F8902121F081F8FFF7AFFFECE766
S315080190800818002001A50408037A02680079134329
S3150801909043EA0020704770B58AB001AC84E807003E
S315080190A007AD94E8070085E8070028461E46FFF73E
S315080190B0EBFF06AB014605AA034812F0F3F808B917
S315080190C0069B33600AB070BDA019002082B02DE955
S315080190D0F04F4FF0000B9BB005AE86E8070024AFB2
S315080190E047F8043F09AC0CAD96E8070084E8070089
S315080190F097E8070085E8070094E807000DF13C08A2
S315080191000DF1480988E8070095E8070089E807008E
S3150801911040468DF864B0FFF7B7FF01464846FFF7AA
S31508019120B3FF0B46CDE9000B0422244815A911F01B
S315080191305DFF034600283DD00022D1B204931AAB45
S3150801914003EB810151F8141C1C48039212F056FED8
S31508019150039A049B01329342824601D00028ECD03F
S3150801916096E8070084E8070097E8070085E80700FE
S3150801917094E8070088E8070095E8070089E80700EA
S315080191804046FFF781FF01464846FFF77DFF0B463C
S31508019190CDE9000B0422094815A911F027FF03465A
S315080191A010B1BAF1000FC7D050461BB0BDE8F04F59
S315080191B002B070474FF02D0AF6E700BFA01900204C
S315080191C0002337B500F58E54143405460C2219468A
S315080191D020461CF024FF2E2835D004280AD11B4B23
S315080191E0D3F8500100F58F50103003B0BDE8304078
S315080191F0EEF7E2BF00B1FEE7204601A910F05EF9DD
S3150801920058B9019B124A20469A6510F04AF9204638
S3150801921001A910F053F908B1FEE7FEE7019B0D4AD3
S315080192202046DA6510F03DF9204601A910F046F905
S3150801923000B1FEE7019B084A20465A6710F031F94A
S31508019240064BC5E9043503B030BD00BF0818002038
S3150801925097410108554001084D410108614101083E
S31508019260014BD3F85001ABE7081800201346022238
S315080192700DF0D8BB08B5302383F311884FF000539E
S315080192804FF20F0218805A80BFF35F8F11F0F7FB78
S315080192902DE9F0416D4A6E4B55686E4C5D65516A14
S315080192A099656D49D1F80002D865D1F804021866A6
S315080192B0D1F80812586B5966916A10F0040F99662D
S315080192C0D16A4FF00000D966116B1967516B59675E
S315080192D0D26BD8649A67D3E90E1218BF11465F4A52
S315080192E091421A655DD301F12000A04259D88869D7
S315080192F0C5F308051864CE69062D5E6455D1584D27
S31508019300A84252D3574DA8424FD205884DF642601E
S3150801931085424AD11868C3F894005868C3F898007A
S3150801932040F20170A242154604D22E680432B6F103
S31508019330CD3FF7D00022C3E91F22C3E92122C3E9A1
S315080193402322641BDFF818C1424DDFF818E19C643B
S315080193508D422DD8D3E91FC7D3E92165D3E9234126
S315080193604FF0000E013AD2B2FF2A3BD1BEF1000FEF
S3150801937005D0C3E91FC7C3E92165C3E92341B3F88A
S315080193805430C3F308030C2B3AD8022B53D9DA1EEF
S31508019390092A50D8DFE802F030563F424F4F4F4F67
S315080193A04F4C0021C3E910112C494FF42060B9E74D
S315080193B055F8044D6445CBD37445C9D2E607C7D5DC
S315080193C00026294F57F8048FA045C1D00136062E2D
S315080193D0F8D12AB1013AD2B203EB8206F467B7E7AC
S315080193E00522F9E7E0464FF0010EBC4637462E4600
S315080193F025460C464146B5E740F60120BDE8F08111
S315080194004A2B18D1194B9B6913F0020F40F20253EC
S3150801941018BF1846F2E740F60320EFE740F201725B
S3150801942040F60423B0F5206F14BF10461846E5E749
S3150801943040F60520E2E740F60722013B6B2B98BF71
S315080194401046DBE740F60220D8E700BF00ED00E052
S31508019450206E00200818002000E100E00800002026
S315080194602062000800A20408986E00200040005BF4
S3150801947070B5437F04460A467BB1002934D0BDE85E
S315080194807040252997BF194B194B03EB8103D3F874
S31508019490203818490830EDF735BA037F03B9FEE7D6
S315080194A0242921D000F1080581B928461249EDF78A
S315080194B029FA002304F120002377EFF70EF828464E
S315080194C0BDE870400D4A0E49EDF7F1B9252998BF57
S315080194D0064B28469ABF03EB8103D3F82038044B81
S315080194E00449EDF70FFAE4E770BD00BF88BB04082D
S315080194F0B7AE0408C8AE0408D5AE040840C40408CB
S3150801950047AF040810B5044604490830EDF7FAF9DF
S315080195102046BDE810400021AAE700BFDAAE0408DC
S3150801952038B50C46054620B901462046BDE83840FF
S315080195309EE790F8393008349B0613D500F10802E6
S3150801954017492046EDF7B3F920461649EDF7AFF965
S31508019550204605F119010822EDF748FB2046124974
S31508019560EDF7A5F920466A8E1049EDF7A0F92946C7
S3150801957020460822EDF73AFB204695F836200C4995
S31508019580EDF795F9204695F937200A49EDF78FF950
S31508019590204695F838200849BDE83840EDF7B2B9B4
S315080195A0EDAE0408FDAE0408E3A70408F6AE040808
S315080195B000AF040808AF04080FAF040803460846BD
S315080195C0194603B954E70A7893F901300149083075
S315080195D0EDF798B917AF04080021C06848E7F7B551
S315080195E00D46096807461E4625F0CDFE044650B1CC
S315080195F0286801A925F0EFFE044620B96B682BB946
S3150801960001993868B047204603B0F0BD0724FAE748
S31508019610014B024A0830E2E73D670008FD6200088F
S3150801962070B50E6805460C4630460E4925F0F0FA27
S3150801963038B1211D05F108000B4B0C4ABDE87040F5
S31508019640CDE730460A4925F0E3FA40B1211D05F177
S315080196500800084B084ABDE87040FCF7C9B807205E
S3150801966070BD00BF7FA70408756700081763000867
S3150801967025AF04082B63000821630008014B024A41
S31508019680ADE700BFAB620008A1620008014B024AC0
S31508019690A5E700BFD7620008CD6200080023037062
S315080196A070472DE9F0430D46064689B0604928689A
S315080196B025F0AEFA002843D000270435286804A906
S315080196C025F072FE0446002836D16846FFF7E6FF04
S315080196D0D5F804905749484625F09AFA8046002855
S315080196E06DD001A8FFF7DAFF03A9A86825F096FE51
S315080196F0044608BBEA6862B3511E11F8013F0BBB69
S31508019700002C4CD032689DF80C109DF8000002F52B
S3150801971000528DF808004848C2F89067C2F88C07CD
S3150801972002AA04A825F058FB044628B927B1337ABA
S3150801973043F0020324243372204609B0BDE8F083BE
S315080197400127BBE7642B16D005D8582B1DD0612BF2
S3150801975016D00724F0E76C2B06D0722BF9D19DF8A9
S31508019760003043F0040303E09DF8003043F00103A1
S315080197708DF80030C1E79DF8003043F00203F7E7A2
S315080197809DF8003043F00803F2E78A42E1D15378A5
S31508019790002BDED12B69002BDBD14446ADE705F161
S315080197A0100101A81FF038F904460028C4D16B69D5
S315080197B0002BCED132689DF80C1001ABA5E74846BF
S315080197C01E4925F025FA0028C3D0D5F808801C497A
S315080197D0404625F01DFA48BB40461A4925F018FAB5
S315080197E00028B6D005F10C0103A81FF015F90446A7
S315080197F00028A1D1012403AA3368134903F50053AC
S31508019800C3F88C171149C3F89067C3F89417C3F8BE
S315080198109867214604A825F085FA044600288BD1C5
S31508019820002F89D0337A43F0040383E72246E3E71E
S3150801983040A504089DAE0408DD7F01082FAF040882
S31508019840B1AE04083CAF0408038001084356010879
S315080198507FB5054601A8FFF721FF0C68002C36D114
S31508019860AB6805F1080603F5005393F85B3103ADC0
S3150801987002A928468DF80C3009F08EF89DF80830B3
S31508019880C3F34001C3F38002DB0749BF72232B46AA
S315080198908DF80C300DF10D0311B1642103F8011B8C
S315080198A012B16E2203F8012BAB4208BF2D234FF0EC
S315080198B0000404BF8DF80C300DF10D0330462A461D
S315080198C017491C70EDF71EF8204604B070BD2046F6
S315080198D0144925F09DF918B9013C14F8013F2BB933
S315080198E09DF80410A868EDF714FCEEE76E2B11D06D
S315080198F0722B03D0642B08D00720E6E79DF80430C5
S3150801990043F001038DF80430E7E79DF8043043F08E
S315080199100203F7E79DF8043043F00403F2E700BFBA
S3150801992047AF040807E104082DE9F0478A460025F0
S31508019930A2B006464FF4C07150460195EEF748FBB2
S31508019940B0F5C07F22D2A946DFF8108157461AF82A
S31508019950014B4CBBC5F1200201AB202DD2B24FEA17
S31508019960820203EB850088BF002200212EF061FCEC
S31508019970737F002B51D0002C4ED1019B002B4BD06D
S31508019980304601A9FBF7AEFA044608E0737F002BBF
S3150801999042D1337F002B58D1012306243377214640
S315080199A03046FFF765FD4DE05C2C28D19AF800207A
S315080199B0A2F10903DBB2172B0CD828FA03F3DA074D
S315080199C00AD538462EF0E8FE5146024638462EF0AC
S315080199D0D4FD01E05C2AF4D01AF8013C002BB5D07D
S315080199E02DB11AF8023C002BB0D11F2D12D022AA94
S315080199F06B1C02EB850545F8847CDDB2A6E7093CBC
S31508019A00E4B2172CE8D828FA04F4E30748BF0AF8A1
S31508019A10019CE1E707249DE7FEE7337F23B10C4963
S31508019A20019825F0F5F868B101233377002CB6D1F2
S31508019A30019B002BA4D1074A0749347706F1080090
S31508019A40ECF735FF22B0BDE8F0870624E7E700BF4B
S31508019A5043C4040840C4040847AF0408130080003F
S31508019A600123F0B504461D250E4E0F4F8FB04377DF
S31508019A70013D03D1284665770FB0F0BD56F8041BA2
S31508019A80312201A82EF075FE0023394604F108009B
S31508019A9001AA8DF83530ECF735FF204601A9FFF705
S31508019AA043FFE5E750C4040845AF0408F7B50D467A
S31508019AB0044600B9FEE7037F03F0FF0603B1FEE79C
S31508019AC00D4B1A68914214D840F2E7303146DF6CE3
S31508019AD04FF47A720023E5FB07012EF0B9F9012349
S31508019AE0CDE9006301462346044A60682FF016FF54
S31508019AF000B1FEE703B0F0BD0818002021A0040854
S31508019B0000B9FEE7406830F0A3B870B5EFF31086E8
S31508019B1072B64FF0FF302FF09CF804460A4BD3F883
S31508019B200022C3F80002824288BFD3F804223046D5
S31508019B3084BF0132C3F80422D3F8045230F09BFAE9
S31508019B402046294670BD00BF081800202DE9F04FB0
S31508019B509102064615461F46EBB040F13281FAF7E7
S31508019B60F5F98C4C814608A9D4F85C012FF03BF82D
S31508019B70BDF82280B8F1020F40F223810DF5947CDD
S31508019B800DF1200EBEE80F00ACE80F00DEF800303C
S31508019B90B8F1270FCCF800300AD92723BDF82420BD
S31508019BA0ADF82A31262A82BFADF82C3100234D9310
S31508019BB0D4F85C014AAA2AA92FF01CF89DF82A8133
S31508019BC0B8F1000F00F0FD800A9B0DF1A90093F88A
S31508019BD000A00DF229131690ADF85CA0209325F08C
S31508019BE0CEFC002800F05C8202A916A8FAF78EFAC4
S31508019BF0D4F87432002B40F099804FF0000884F8AD
S31508019C0072820DA825F0FDF900230DF1A9008DF842
S31508019C101C308DF803308DF8043025F0B0FC00288F
S31508019C2000F0CF800DF1A90025F0A3FC002800F073
S31508019C30C88005A916A8F1F70AF8002840F0C180DE
S31508019C409DF81C10002900F0BC80BDF8140025F011
S31508019C50CEF9002840F0B5800DF1420116A8F1F7BA
S31508019C601EF8002840F0AD809DF84A30002B00F020
S31508019C70A8800DF1A90025F08CFC002840F0908001
S31508019C800DF1A90025F06AFC8346EFF7DAFF0028F3
S31508019C9000F08A810DF1060116A8F0F71BF80028D5
S31508019CA040F08F80BDF80630ADF84E3001238DF8AF
S31508019CB051309DF85E302022002122A88DF8863089
S31508019CC02EF0B7FA344B20A90D939DF803300DA851
S31508019CD08DF852309DF804308DF85330F0F794F82A
S31508019CE0DDF880B0584625F039FC20F0100080B226
S31508019CF08BF80000000A8BF80100DDF880B05846A1
S31508019D0025F02CFCB8F1000F00F05A8140F40071DF
S31508019D1089B28BF80010090A8BF801100DF1A90018
S31508019D2025F01CFCC20540F14E81FEE70DA916A8D7
S31508019D30FAF7ECF900287FF460AF9DF83C30012B67
S31508019D400BD0022B7FF459AF082214490DA82FF026
S31508019D5054FC00287FF451AF0BE04FF6FD72B4F8BE
S31508019D60683293423FF649AFBDF834209A427FF4F0
S31508019D7044AF012384F87232B4F87C324FF00608F6
S31508019D8023F4FF4343F45063A4F87C32042384F894
S31508019D907C3236E70818002002000020721A0020DB
S31508019DA00DF1030116A8EFF7CBFF50B99DF8033063
S31508019DB0052B06D101A916A8EFF7D2FF00283FF413
S31508019DC05FAFEB0105F0807240F18E8100202FF024
S31508019DD0A7FC20202FF03AFC05F400510446002880
S31508019DE000F09E8121B101214FF400402FF016FCAD
S31508019DF015F4404F06D0002148F220002FF00EFC42
S31508019E002FF038FC2C0740F18E80BC4C0321D4F886
S31508019E105C012AAA2EF0E5FE0146002800F0C6815B
S31508019E209DF8A830072B40F0C181D4F85C014AAAF5
S31508019E302EF0DCFE002840F0B981BDF8AA802C9BE3
S31508019E4008F1010A1B781FFA8AFA534540F0AE81D8
S31508019E50A8F103037B2B00F2A9812AA830F0E8F8C0
S31508019E60002840F0A381BDF8AC30002B40F070818A
S31508019E702D9B93F800909DF83531002B00F06A81EF
S31508019E8009F00703022B40F09181D4F80812D4F89F
S31508019E905C012AAA2EF0AEFEA4F80CA22FF0FAFB5A
S31508019EA000283BD0D4F86031D4F808221B68927890
S31508019EB09B789A4232D19DF82E31002B00F076819B
S31508019EC008F10208D4F85C014AA9ADF82C812EF0F4
S31508019ED08FFE8046002840F069819DF836310120C1
S31508019EE084F81D329DF837314A9984F81E32844B1D
S31508019EF0C4F830322FF048FC01214FF480702FF05E
S31508019F008DFB804841462FF089FB2FF0F7FB28B1DE
S31508019F1019F0100F1CBF012384F864312FF0EEFBF2
S31508019F2008B925F092FAA80102D501202FF0F8FB0D
S31508019F3015F0084F03D0002104202FF06FFBA90765
S31508019F4005D508202FF082FB08B12FF0B3FBFA05DF
S31508019F501FD530464AAA2AA92EF0A1FC9DF8A83099
S31508019F60BBB1694800212FF059FB04202FF06EFB85
S31508019F7018B1002104202FF051FBFEF7EEFE18B1AF
S31508019F804FF400702FF056FF30F060F808B12FF04B
S31508019F9091FBBB0540F17D810022304611466BB02D
S31508019FA0BDE8F04F27F094B85846EFF7FCFD0028B6
S31508019FB03FF47FAE0DF1060116A8EFF723FE6EE614
S31508019FC020F40071A4E620A89DF8AB10EFF72EFE49
S31508019FD00DF1A90025F0DDFA60B10DF1050116A80C
S31508019FE0F0F72BF800287FF4ECAE9DF8051020A8B1
S31508019FF0F0F737F8B8F1000F12D020A8F0F7C6F835
S3150801A000DDF88080D4F87C2208EB000348F80020AC
S3150801A0103E4A92889A80BDF884300633ADF884307A
S3150801A020364BBDF8220093F872228AB14001C0EB83
S3150801A0304A1000F5F0704844B3F8744220F00AF962
S3150801A040804620A8F0F7B6F810B14480A0F8008041
S3150801A050209825F09EFA28B120A825F0A2FA002812
S3150801A0607FF4AFAE08A82FF0E3FF00287FF4A9AE6E
S3150801A070DDE90A43BDF824202098002A08BF1C46BA
S3150801A08025F087FA18B1237843F004032370BDF845
S3150801A090842030464AA98DF828212EF0B8FE90E68C
S3150801A0A0B8F1010F06D09DF8A93003F00703012B7B
S3150801A0B03FF487AE30462EF0A8FE18B102283FF4C9
S3150801A0C080AEFEE708A82FF0B3FF00287FF479AE2B
S3150801A0D0DDE90A32BDF82410002908BF13461A78AB
S3150801A0E062F07F021A706CE607F002031A430FD07A
S3150801A0F04FF400702FF09EFE6BE600BF0818002093
S3150801A100F01A00200A00010060000100841A0020EC
S3150801A11005F0A8421A433FF45CAE4FF48050E9E7D4
S3150801A12049B101214FF480302FF078FA21464020B9
S3150801A1302FF074FA66E607F020030B433FF462AE8C
S3150801A14040202FF06BFA4FF400602FF073FE59E6AA
S3150801A1502C9B8EE694F8543113B9BAF1040F25D025
S3150801A1609DF82E3113B308F10208D4F85C014AA907
S3150801A170ADF82C812EF03CFDC0B9EFF3108072B614
S3150801A180B4F88EB2B4F890822FF075FFC3450DD09E
S3150801A190EFF31183302282F31188D4F8DC82B8F107
S3150801A1A0FF3F0AD183F31188BFF36F8F4FF0000881
S3150801A1B04146394824F04DFBB5E6414651F80C2B8A
S3150801A1C0C4F8DC2283F31188BFF36F8FD4F85C01DE
S3150801A1D02AAA2EF00FFD88F800A0BDF83C3188F8B0
S3150801A1E001309DF9363188F803309DF8373188F802
S3150801A1F002304A9BC8F80830284BC8F80430EFF3F8
S3150801A200108A72B6B4F88E22B4F89012B4F88C3269
S3150801A2108A4216D21344B3FBF1F001FB1033013223
S3150801A22004EB8303C3F89882A4F88E2250462FF0D4
S3150801A23022FF19F0200922D0012104202FF0EEF97E
S3150801A24071E6D4F8942252B104EB8303D3F8981239
S3150801A2501348904718B950462FF00DFFA8E7B4F8F0
S3150801A2608C3204EB8302C2F89882B4F89022013347
S3150801A270B3FBF2F102FB1133A4F88C32D6E794F85A
S3150801A2806431002B3FF44FAE25F0DFF884F8649172
S3150801A29049E66BB0BDE8F08FE01A0020F01A0020FD
S3150801A2A0941A00202DE9FF41086808B910F0E7FB68
S3150801A2B03E4924F0ADFC002873D00023012401A8EF
S3150801A2C0CDE902338DF804400EF0C4FF039B9802D2
S3150801A2D063D52146364C3D2012F0E2F863680BB18E
S3150801A2E012F06AF80122334B5A6063689907FCD465
S3150801A2F002230125A36063622F4B5D6012F05CF8AF
S3150801A3002B4BE5609A6AD206FCD402221A639F6A2D
S3150801A31017F01007FBD10323264A5361A2F5805291
S3150801A32093614FF08042254B1A604AF6E853244C54
S3150801A330E56EE66E25F0030545F0020546F00306CF
S3150801A340236672B6DFF8908012F08CFAD8F870306E
S3150801A350012023F0070343F00103C8F8703012F017
S3150801A3608DFD384624F0B2FAD8F864305B0142BF55
S3150801A370144B154AC3F82024144BE566E666E566D0
S3150801A380E666E566E666E566E666E5669B6ABFF342
S3150801A3904F8FBFF36F8F30BFFEE70D4B0D4A1A6023
S3150801A3A084E7232004B0BDE8F08100BF4AAF040862
S3150801A3B000C0005000E0005000D0005000E100E06D
S3150801A3C00040005000E003500000FF0F00800950D4
S3150801A3D00000002002020FF0008000502DE9F04F26
S3150801A3E040231446ADF5757D83460E46ADF8D0314A
S3150801A3F06068FF2334AA74A901F0DDFA002840F049
S3150801A400F78058467E4934AAECF77CFA002E40F0CC
S3150801A410F080059613AD00214FF040086268A068E8
S3150801A420C5E90012BDF81430A5F80880002800F027
S3150801A430E080228A0DEB0807ADF834200A22039240
S3150801A4400C22CDE900520297628A0DA901F04AFC55
S3150801A450002840F0CE80D4F808A00DA95046BDF8D2
S3150801A46034908DF8218001F066FA002840F0C18009
S3150801A470A9F10A039AB206923A89BDF8341052BA7A
S3150801A48092B212FA83F30A33994200F2B280ADF816
S3150801A49034900DF190094A4650460DF121030DA954
S3150801A4A001F061FA0790002840F0A3803A89069BDB
S3150801A4B052BABAF80A1013FA82F20A328A4200F23A
S3150801A4C098804A4658464F49ECF71CFAFF22ADF8E0
S3150801A4D06C204FF4007234AB1A9374AB2193ADF828
S3150801A4E08820079B6268CDE90D33C7E90032ADF8CC
S3150801A4F03C30A368A7F8088053B3238AB4F81280BE
S3150801A500ADF82230B8F1000F22D03A46A0680DF115
S3150801A510220101F0D1FAD8B90A2300930C22A068C6
S3150801A5200AAB0DF1220101F0AFFB172854D078B917
S3150801A530BDF82230A26868812A6028462B81AB8142
S3150801A540CDF8249001F0B6F9824640B117283BD0E0
S3150801A5505846ECF7D3F9059B013305935BE70122CE
S3150801A560284609A901F079FA70B3BDF82230A26824
S3150801A5700DF16E00ADF83C30CDE90DA2CDF85CA029
S3150801A580CDF880A0CDF88CA08DF88AA0ECF718FE3E
S3150801A5901A9B33BB0121204617AB0DAA01F089FD91
S3150801A5A00028D5D10121204617AB0DAA01F0EDFBF4
S3150801A5B00028CDD1239B0BB9ADF888300421584624
S3150801A5C017AAFBF7D0FFC3E7BDF83030BDF8222044
S3150801A5D05BBA1344ADF8223008F1FF381FFA88F840
S3150801A5E090E7BDF86C20002AD4D083F800A0D1E703
S3150801A5F0064630461BF044F90DF5757DBDE8F08F2A
S3150801A60055AF040847AF040813460A4601461846DB
S3150801A610E4E62DE9F04F40231446ADF5757D74AD9A
S3150801A62007460E468DF80F302B80294660680DF1D6
S3150801A6300F0314AA01F097F938B1064630461BF004
S3150801A6401FF90DF5757DBDE8F08F0DF1D008FF23D3
S3150801A65042462946606801F0AEF90028EDD1434625
S3150801A6603846384914AAECF74DF9002EE6D1FF23EE
S3150801A670ADF82C304FF400730DF12E094846ADF8AC
S3150801A6804830CDF8288011950796109613968DF8BF
S3150801A6904A60ECF795FD0A9B1BB1BDF82C2002B167
S3150801A6A01E7017254FF0000B4FF0400A6368ADF88E
S3150801A6B018A0CDE904B324A8616801F011F89DF842
S3150801A6C09080B8F1010F15D9A8F10303022B1BD904
S3150801A6D0E468002CEAD1139B0BB9ADF84840002D6C
S3150801A6E0ACD13846294607AAFBF73DFF3846ECF7B1
S3150801A6F005F9A3E710ABCDE90093002320461946D7
S3150801A70004AA01F0E3FBE3E7A8F104035D42A8F11B
S3150801A71005005D414142414107AB204604AA01F0CB
S3150801A720C8FCB8F1050F01D1172801D0002885D139
S3150801A7302946204607AB04AA01F027FB054600284F
S3150801A740C6D07BE770AF040813460A460146184689
S3150801A7505FE72DE9F04300230E46ADF51B7DB749AA
S3150801A760044615460093ECF7CDF87EB9B44FDFF8E9
S3150801A770F482DFF8F4922068694600F514500CAAB1
S3150801A78038300CF075FF002800F0EA802046AD4904
S3150801A790ECF7B8F800230093AEB9DFF8A48206AF48
S3150801A7A0236819A803F5145909F13809ECF708FDC6
S3150801A7B04FF6FF726946484619AB1A9708F04CFBE3
S3150801A7C0002800F0558120469F49ECF79BF80023A5
S3150801A7D04FF6FF7700934FF6FF726946206819AB6B
S3150801A7E0002E00F0908100F5105034300CF0C8FFAF
S3150801A7F0002800F07C81002E40F0AE804FF6FF73F2
S3150801A8009D4240F0A98020469049DFF86082ECF726
S3150801A81079F801AF009642F23859266812AD2846F2
S3150801A8204E44ECF7CDFC2B464FF6FF72694630468F
S3150801A830EF6008F011FB002800F0698127680422FF
S3150801A84007F50053D3F8380593F83C15014408F089
S3150801A850CBFC06461A22002128462DF0EAFC002EDA
S3150801A86047D04F442A460921384608F0F3FDB0FA85
S3150801A87080F02B7E400960F300030B2138462B76C6
S3150801A8800DF14A0208F0E6FDB0FA80F02B7E400988
S3150801A89060F34103122138462B760DF15E0208F06A
S3150801A8A0D9FDB0FA80F02B7E400960F3C3032B76FD
S3150801A8B0384613A90DF021FAB0FA80F040F20B4898
S3150801A8C02B7E400960F382032B767378B71C02331B
S3150801A8D01E44BE420DD93B78083BDBB20A2B04D88D
S3150801A8E028FA03F3DB0700F136812B7E43F01003C8
S3150801A8F02B7620465649ECF705F82B7E9E0740F144
S3150801A9002F8120466A885349EBF7D1FF2B7ED8075A
S3150801A91040F12B8120462A884F49EBF7C8FF2B7E49
S3150801A920190740F127812046EA8A4A49EBF7BFFF12
S3150801A9302B7E5A0740F1238120462A790DF14D01D4
S3150801A940ECF754F92B7EDB0603D520464349EBF792
S3150801A950AEFF2046EBF7D2FF0DF51B7DBDE8F08370
S3150801A9604FF6FF739D4204D0BDF84430AB427FF4E5
S3150801A97002AF20460CA9EDF78FFB9DF841309DF8F3
S3150801A98041205B0749BF702319AB8DF864300DF17F
S3150801A9906503100744BF612203F8012B9DF8412086
S3150801A9A0D10644BF642203F8012B9DF84120920683
S3150801A9B044BF632203F8012B9DF84120500644BF8A
S3150801A9C0722203F8012B9DF84120D2091CBF6F2280
S3150801A9D003F8012B9DF84220D10744BF732203F8DF
S3150801A9E0012B9DF84220920744BF6E2203F8012BE2
S3150801A9F09DF84220500744BF442203F8012B002248
S3150801AA001A709DF8643023B12046154919AAEBF747
S3150801AA104EFF9DF84130394643F301035BB20133DA
S3150801AA20022B9ABF09EB8303D3F8382942462046FD
S3150801AA30BDF84430EBF766FF9DE600BFA6AF0408F4
S3150801AA40B0AF0408B9AF0408C1AF0408CBAF040816
S3150801AA50D5AF04083BA90408E4AF0408EAAF040823
S3150801AA6046AF0408D9E2040888BB0408EDA3040824
S3150801AA704FF6FF739D4203D07B8AAB427FF490AEBB
S3150801AA8039462046EDF708FB3B7D3A7D190749BF54
S3150801AA90732319AB8DF864300DF16503520744BF72
S3150801AAA06E2203F8012B3A7D900644BF612203F812
S3150801AAB0012B00221A709DF8643023B120463249D1
S3150801AAC019AAEBF7F4FE3B7D414643F301035BB25A
S3150801AAD00133022B98BF2D4A20469ABF02EB830306
S3150801AAE0D3F838292A4A7B8AEBF70CFF58E6BD4288
S3150801AAF004D0BDF86432AB427FF46DAE204619A985
S3150801AB00FBF7E2FA67E600F5145038306EE67B7813
S3150801AB107A78990749BF73232B462B700DF14903A0
S3150801AB20D20744BF632203F8012BAB4204BF2D228F
S3150801AB301A704FF0000208BF0DF1490320461A703A
S3150801AB400DF10601EDF7A8FA2B46414620463A785B
S3150801AB50EBF7D8FE5FE63846EEF780F90744B8E624
S3150801AB6020460C49EBF7A3FED0E620460949EBF748
S3150801AB709EFED4E620460749EBF799FED8E620461D
S3150801AB800549EBF794FEDDE646AF040888BB0408E1
S3150801AB90D9E204081DAE040807E104082DE9F74FB8
S3150801ABA04FF0000A4FF6FF7304460F4656465546C0
S3150801ABB0DFF87C80DFF87C90ADF806305FFA8AF31F
S3150801ABC057F823B0BBF1000F09D1BDF80620FDB92E
S3150801ABD046B34FF6FF739A421FD007200FE041464E
S3150801ABE0584624F015F868B94946584624F010F82D
S3150801ABF060B958460DF1060124F0FFFB18B103B000
S3150801AC00BDE8F08F05460AF1010AD7E70646FAE7D5
S3150801AC104FF6FF739A42E0D126B129462046FDF741
S3150801AC2010FDECE720462946FFF793FD0020E6E7ED
S3150801AC3040A60408B1B504082DE9F7430E68044691
S3150801AC400D4686B9083420467349EBF75BFE204664
S3150801AC507249EBF757FE20467149EBF753FE002080
S3150801AC6003B0BDE8F08330466C4923F0D1FF0028D4
S3150801AC704ED0686800283AD154F8085F694905F545
S3150801AC80005605F5005520466A6AEBF73BFE4FF07C
S3150801AC901108654FDFF8B0912436B8F1010807F1BC
S3150801ACA0080718D1AA6E20466049EBF72BFE112733
S3150801ACB05F4DDFF89481013F05F10805CFD055F8BE
S3150801ACC0083C4246F35804210093204655F8043CB3
S3150801ACD0EBF76EFFEFE757F8083C4A46F3580421AD
S3150801ACE00093204657F8043CEBF762FFD5E7514934
S3150801ACF023F08EFF002800F08D80AB68002B40F012
S3150801AD008980A06800F500502430ECF7DFF9A6E742
S3150801AD103046434923F07CFF00284FD06868002855
S3150801AD203FD154F8085F0B2705F5005805F5055579
S3150801AD301835284698F8591103F090F83E4EDFF871
S3150801AD400C91B835013F06F1080611D106273B4E8D
S3150801AD50DFF8FC90013F06F1080613D12046384971
S3150801AD60EBF7A5FDD8E994232046EBF759FF76E7DB
S3150801AD7056F8083C49462046EB5A56F8042CEBF798
S3150801AD80C1FDDFE7204656F8042C4946EBF78FFD4F
S3150801AD9056F8083C20462B44D3E90023EBF740FF3D
S3150801ADA0D8E7244923F034FFA0B3AB6893BBA06866
S3150801ADB000F50550183003F041F850E730461649BA
S3150801ADC023F026FF30B36868B8B9052754F8085F39
S3150801ADD01C4E05F50455DFF870801435013F06F160
S3150801ADE008063FF43CAF56F8083C41462046EB5866
S3150801ADF056F8042CEBF786FDF0E70E4923F008FF19
S3150801AE0040B1AB6833B9A06800F504501430ECF7CB
S3150801AE10D7F924E7072023E72CB6040838B604082F
S3150801AE2045B60408EDAF0408CCC40408FAAF040813
S3150801AE304CC50408E1B20408CCC504081CC60408BC
S3150801AE4017B0040844C6040875A904087DA90408AE
S3150801AE5007B004082DE9F7430C460546474920681B
S3150801AE6023F0D6FE002800F086806468A4B9A96894
S3150801AE7001F50053D3F8DC2612B9D3F8E03633B11D
S3150801AE8001F51B511C3105F10800FAF76DFB002489
S3150801AE90204603B0BDE8F0832046394923F0B8FEC1
S3150801AEA050B3AC6804F50053D3F8DC261AB9D3F8C5
S3150801AEB0E036002BEBD004F51A5505F15C0604F5CE
S3150801AEC01B5404F12C00314638352434F0F7E8FCDC
S3150801AED070B121462B4803F095FB48B1284602F08C
S3150801AEE0F3F9284602F0C6F910B9284602F0DFF947
S3150801AEF03046ECF7EFF8CAE76F462046394624F0A4
S3150801AF0033FA04460028C3D1384601F06EF880BBEF
S3150801AF10D5F8089009F5005509F51A56D5F8DC361D
S3150801AF20383606F1240013B9D5F8E03623B1394687
S3150801AF30F0F7B6FC0028ABD197E8030005F2DC6808
S3150801AF4088E8030009F51B510E48243103F05AFB22
S3150801AF5000289DD0304602F0B7F9D5F8DC363046E0
S3150801AF60C5F8EC36D8F80430C5F8F03602F09FF982
S3150801AF708EE707248CE723248AE700BF2CB0040850
S3150801AF80B1AE04082432002070B50C4605468AB0D5
S3150801AF903B49206823F03CFE08B1606808B90720E0
S3150801AFA047E02F212DF0D8FB064600283AD1002389
S3150801AFB0606802A98DF8203024F0D6F9002838D126
S3150801AFC02D689DF8204005F514553835002C51D0CB
S3150801AFD004A8ECF77FF8631E3F2B41D8DDE9062666
S3150801AFE00DF1170123460846072B3AD8E308C3EBA8
S3150801AFF0431104EBC10414F0FF040AD0C01A01235B
S3150801B000A3400178DBB25C42013B214013400B436C
S3150801B010037001A904A8F0F77BFD284601A90CF0E5
S3150801B02088FE06E004A9013008F040FC18B117288B
S3150801B030BDD00AB070BD049B059AB3F5807F72F145
S3150801B0400002ACD2DBB28DF82030013B3F2BA6D8EB
S3150801B0503070606806A908F029FC1728AED1A6E762
S3150801B060FEE701F80129083B120A42EA0662DBB249
S3150801B070360AB9E704A902A8F0F75FFDC9E700BFD8
S3150801B08030B0040810B590F830200B4682B1013A69
S3150801B090D2B280F8302000EB0210814207D000F1CD
S3150801B0A0100250F8041B904243F8041BF9D110BD55
S3150801B0B0144603CC102C18605960224603F1080384
S3150801B0C0F6D1FFDEA0F14103192B98BF2030A1F17B
S3150801B0D0410398BFC0B2192B9CBF2031C9B20B1AC4
S3150801B0E058425841704700880B88C01A704737B5CF
S3150801B0F00446656E084611461DB1A26E0092E26FBE
S3150801B100A84703B030BD02680B4612B141681868FA
S3150801B1101047704770470020044BD3F8C02383F8C3
S3150801B120E40312B1D3F8C41310477047F03A00206C
S3150801B130142806D80A2806D8022894BF0020012018
S3150801B14070470320704702207047024690F8203066
S3150801B15030B5C4189442154606D1202B08D05A1C7E
S3150801B16080F82020C15403E02D7801328D42F1D1B7
S3150801B17030BD38B50C4B044653F82150036853B11A
S3150801B180ECF762F8D4E90032811A8B4292BF0020AB
S3150801B1909B18181A20602368AB422CBF23602560D0
S3150801B1A0ECF752F8606038BD58CA040837B58DF80F
S3150801B1B0071001393E29054614460DD810460DF1EA
S3150801B1C00701ECF7B7FC28B9294620469DF8072060
S3150801B1D0ECF7BAFB03B030BD0720FBE7F7B50B4D1B
S3150801B1E005F2746605F5CD67D5F874460CB903B052
S3150801B1F0F0BD21463046ECF72BFE384601A90194ED
S3150801B20022F02AFB019824F063F8EDE7F02A0020E2
S3150801B210F8B5D40802F00707224605460E462DF072
S3150801B22027FA67B18023013F3B412A5DDBB2591EEC
S3150801B2300A402A55315D5B420B401A432A55F8BD2F
S3150801B2402DE9F043C37D05468B420C4697B025D0C0
S3150801B25041B902AB00934FF4A003019383688DF8BB
S3150801B2600810A3B90120EC7517B0BDE8F083002AD0
S3150801B27014BF3A46424649466846ECF7FEFE013691
S3150801B280A968B2B251F82230002BF0D1EAE70E468E
S3150801B290034FDFF81080DFF81090F1E70020E3E7AD
S3150801B2A07EA80408D9E2040850CA0408002330B568
S3150801B2B087B08DF803300B780546FF2B0C4611D065
S3150801B2C0204601A921F0EAFA9DF816309A0709D510
S3150801B2D0DB0741BF9DF8153003F00F0363F07F03C9
S3150801B2E08DF8033028460DF10301ECF723FC38B934
S3150801B2F09DF8033033B9102221462846ECF724FB82
S3150801B30007B030BD0822A118F7E737B5684623F01C
S3150801B310FAFE0525114C013D009B0AD1019903F15D
S3150801B3200043013B8B4202D00D48EDF7CDF803B03F
S3150801B33030BDA27C92070BD5E16949B15B1A002B96
S3150801B34008DB20461EF050FAA37C6FF34103A37471
S3150801B3502034E0E76846ECF73FFFF9E7A834002018
S3150801B3609C34002070B505460446002115F80B0FDC
S3150801B37019F036FEFF2629462046EEF798FA68B9EF
S3150801B380E27A237B9A420BD0606804F1100580B9F2
S3150801B39001462846BDE87040EDF72BB8E672EAE7A4
S3150801B3A0A37A002BF0D0013BDBB2A372002BEBD1C1
S3150801B3B070BD2189ECF7FEFDEAE70148D2E700BF37
S3150801B3C0044200200048CDE7F442002010B50E4C97
S3150801B3D094F8E433012B16D104F57B7104F57870E2
S3150801B3E0EEF765FA10B1022384F8E43394F80831CC
S3150801B3F05A0708D56FF3820384F808310348BDE874
S3150801B4001040ECF7D9BE10BDF03A0020FC3B0020F5
S3150801B41010B50346086A0C4650B1CBB1591CECF776
S3150801B42089FB30B1206A08B1EBF7F0FF00232362EC
S3150801B43010BD637F0133DBB2FF2B6377F8D14FF47D
S3150801B440FA71207704F12400BDE81040ECF7D1BF6A
S3150801B4504A69531E13404B6123B90B7F0A69013BA5
S3150801B4604A610B77237F04F124000BB1218BEBE7AB
S3150801B4704FF4FA71E8E7F8B50D68036A04469D4288
S3150801B4804FF080000F79CE790CD01EF007FAB4F888
S3150801B490C4300133A4F8C430256284F8247084F8D2
S3150801B4A02760F8BD1EF02EFAF6E770B500F50A76A4
S3150801B4B0054630460C461EF0C1F960B1B5F836327C
S3150801B4C05BBA9BB2A34206D030461EF08DF93146CF
S3150801B4D00A48EDF74CF821460948EFF719FC4FF6EB
S3150801B4E0FE739C42AC8007D064BAA5F83642304652
S3150801B4F0BDE870401EF0B4B970BD00BF003300202E
S3150801B5006C3A002037B514466A460546EDF734FD10
S3150801B510A0B9009A20720192120C082A134628BF74
S3150801B5200823032AADF806300AD92246284601A976
S3150801B530ECF785F910B9BDF80630237203B030BDB2
S3150801B5400620FBE7F8B50E4615460A4605210746C5
S3150801B550EDF7E5FD044650B92A4608213846EDF7C8
S3150801B560DEFD20B1172812BF062433682B6020465A
S3150801B570F8BD30B585B00D460A220B2101ABEDF7B2
S3150801B580E1FC044670B99DF80530072B0DD9DDF8A5
S3150801B5900600EBF7D7FEBDF80A302860AB80BDF888
S3150801B5A00C30EB80204605B030BD0624FAE713B50A
S3150801B5B004220C4601AB5621EDF7C4FC58B99DF897
S3150801B5C00530012B91BF06209DF8063023709DF8A2
S3150801B5D0073088BF637002B010BD70B50C460546CA
S3150801B5E0C2B001A8164623F0BCFC04F118016A464C
S3150801B5F02846C9B2EDF7C0FC30BBBDF80230FE2BB8
S3150801B60024D86946284601AAECF719F9E0B9BDF824
S3150801B61002308DF80231EBF717FE419001A8F0F7D9
S3150801B62023FB88B9002C0CBF0E213321082332468F
S3150801B63001A8EFF75AFE38B9012C024601A914BF31
S3150801B64003480448F0F73FFE42B070BD0720FBE708
S3150801B650343900206039002038B5437804460BB1E7
S3150801B6600023437004F170052846ECF736FF0D4BAD
S3150801B67093F85931022B0ED144F620612846ECF78E
S3150801B680B8FE00232279E370012A09D12371BDE8A6
S3150801B69038401EF099B8033B012B9CBF0023238138
S3150801B6A038BD00BFF03A002010B40C4A92F859414F
S3150801B6B0022C0FD192F85B1109070BD5D2F8641148
S3150801B6C04FF47A7251430470A1F6B4715DF8044BD4
S3150801B6D01AF0BFBA5DF8044B704700BFF03A002074
S3150801B6E00246402308460021EBF7D3BF30B505468D
S3150801B6F091B008461AF0EEFD0446014605F13C00F4
S3150801B700ECF77BFB0CB911B030BD68462146FFF753
S3150801B710E7FF0F9808B1EBF779FE2046EBF776FEBF
S3150801B7200E9CEFE770B590B006460C466846496828
S3150801B7301546FFF7D5FFDDE901329DF80010062908
S3150801B74009D8DFE801F0040404040404040013B171
S3150801B7502146284698473046616810B0BDE87040D2
S3150801B760C4E7F0B50F46154689B0202200210446E4
S3150801B77068461E462CF05DFD39462A46684619F08C
S3150801B7802BFD0396014630B16B462A462046FFF744
S3150801B790E8FF09B0F0BD024669462046FFF7C2FF39
S3150801B7A0F7E730B593B00D46C16B684623F0E2FC66
S3150801B7B0009C14B9204613B030BD214602A8FFF7F4
S3150801B7C08FFFBDF80A30AB42F4D0109C002CF4D19F
S3150801B7D06846EBF715FEEBE770B50E4688B00446EA
S3150801B7E015460021202268462CF023FD30461AF022
S3150801B7F071FD054B2A46CDE9003069462046FFF71B
S3150801B80091FF08B070BD00BFF01A00200023036045
S3150801B810436083607047402200212CF00ABD38B589
S3150801B8200D4640210446ECF7D3FB2A46C1B2204611
S3150801B830BDE83840BAE42DE9F0418846054688B1A5
S3150801B84000242046A3B2EF5C1FB12E2F01D001348C
S3150801B850F8E7231A13F0FF01A6B206D117B196B974
S3150801B8606B7883B90020BDE8F081FD2E0BD84246DE
S3150801B8702844FFF79BFC0028F5D10136B0B2013404
S3150801B880002FDFD1EEE70720EDE7002307B50DF11D
S3150801B89007018DF80730ECF74DF903B05DF804FBA5
S3150801B8A010B50C46FFF7C7FF18B92046BDE810408A
S3150801B8B0EBE710BD13B504460123218920680DF174
S3150801B8C00502EBF7E6FE58B99DF8053013F0C000FE
S3150801B8D010D13BB9638913B92389013363811720D1
S3150801B8E002B010BD2289A371013292B21344A2801B
S3150801B8F02381F5E7C0281CD10223218920680DF18F
S3150801B9000602EBF7C6FE0028EAD1638913B9238933
S3150801B91002336381BDF8063022685BBA9289C3F3A4
S3150801B9200D031344A2899BB29A4202D92381A381AA
S3150801B930C2E70620D4E71FB500220C460B88009003
S3150801B940ADF80830ADF80A20ADF80C306846FFF7B7
S3150801B950B1FF0028FAD0172802BF0020BDF80A3027
S3150801B960238004B010BDF0B51746002285B01D46E8
S3150801B9700B88009068460C46ADF80830ADF80A20E9
S3150801B980ADF80C30FFF796FF88B99DF806602B785D
S3150801B990B3420ED933463A46BDF804100098EBF780
S3150801B9A078FE20B9BDF80830B8552E70238005B049
S3150801B9B0F0BD0320FBE72DE9FF41144600220F469F
S3150801B9C04FF001081D460B880090ADF80830ADF818
S3150801B9D00A20ADF80C306846FFF76CFF20B117282E
S3150801B9E031D004B0BDE8F081B8F1000F04D12E239F
S3150801B9F0013D04F8013BADB2402D2B4628BF40233B
S3150801BA009DF80660DBB2B34201D80320E9E7334665
S3150801BA102246BDF804100098EBF73BFE0028E0D15A
S3150801BA20A219A055B8F1000F03D1013C14F8013F42
S3150801BA302BB9AE1B14464FF00008B5B2CBE72E2B37
S3150801BA40F4D10620CDE72E23012D2370DDD0002069
S3150801BA50BDF80A3060703B80C3E72DE9F341877969
S3150801BA60D1F8008005460C46404639461646ECF79D
S3150801BA70AFFA874203D0002002B0BDE8F0810D4B32
S3150801BA8042460093A9883B462868EBF7E4FE03463D
S3150801BA900028F0D02068AA7981182160825CB2FA60
S3150801BAA082F04009002EE7D12E2A02BF013118463D
S3150801BAB02160E1E7C5B001082DE9F04313680D4699
S3150801BAC08FB0002B31D00A880021ADF83020ADF8AF
S3150801BAD034201A7806932E2A0A90ADF8321011D01E
S3150801BAE001260AA8FFF7E6FE0446A8B117280FD1D2
S3150801BAF026B1069B1B78002B08BF0024BDF83230FF
S3150801BB002B8005E05A1C5B780692002BE8D00724A7
S3150801BB1020460FB0BDE8F083002EE2D0024606A902
S3150801BB200AA8FFF79AFF0646DBE75668002E59D0A2
S3150801BB300A960126128909880690ADF82010ADF8F3
S3150801BB402230ADF82410ADF83020ADF83230ADF81A
S3150801BB50342006A8FFF7AEFE044658B11728D7D1F8
S3150801BB602EB10AA8FFF7A6FE172808BF0024BDF8BC
S3150801BB702230C5E7002EECD00AA8FFF79BFE264621
S3150801BB800028E6D19DF81E309DF82E409C42E0D152
S3150801BB90BDF81C10069803AB0DF10A02DDF82880E2
S3150801BBA0BDF82C60ADF80A40EBF7EFFCDFF83C90E6
S3150801BBB0BDF8107047B13B4631464046039ACDF869
S3150801BBC00090EBF748FE18B9B4FA84F67609C0E78F
S3150801BBD03E44E41B03A90DF10A00B6B2A4B21EF055
S3150801BBE070FAE5E70FB0BDE8F043A4E6C5B0010871
S3150801BBF030B504460D4685B001AA0A23EBF749FD7F
S3150801BC006289C5F57F43F63313445BBAADF80C3048
S3150801BC1029460A23204601AAEBF754FE05B030BD92
S3150801BC2070B50D461446064602460A23214628469D
S3150801BC30EBF72FFD40B933896A895BBA0A3414FADE
S3150801BC4083F3934288BF062070BD7FB505460E462D
S3150801BC50144614B9204604B070BD31462846FFF78C
S3150801BC606AFE0028F7D12946328801A8FFF7D8FFCE
S3150801BC700028F0D1BDF80C3032885BBA0A33134478
S3150801BC80013C3380A4B2E4E72DE9FF4780460D461F
S3150801BC9092460A88014601A89946BDF83070FFF711
S3150801BCA0BFFF0646B0B9BDF80430BDF80C405BBA13
S3150801BCB064BA9BB2A4B25345298804F10A040DD18A
S3150801BCC0A7420BD83B464A464046EBF7E2FC2B888F
S3150801BCD01F442F80304604B0BDE8F087214417265B
S3150801BCE02980F7E72DE9F04F06468846144687B0BE
S3150801BCF01D460B88BDF844A0BDF84CB0ADF80A3016
S3150801BD00FCB13046109A0DF10A01FFF7D5FEB0B124
S3150801BD10172817D10027BDF80A9031464A4603A8C5
S3150801BD20FFF77EFF70B9013CA4B2C7B9BDF814305C
S3150801BD3009F10A025BBA1A44ADF80A20E0E70127BD
S3150801BD40E9E7172007B0BDE8F08F129B0A371B8970
S3150801BD50013D5BBA1F44ADB2ADF80A70D0E7524651
S3150801BD603046129BCDF800B00DF10A01BDF80A70F4
S3150801BD70FFF78AFF1728C3D00028E3D1002DE4D1A5
S3150801BD80BDF80A30A8F80030DCE72DE9F04F1E6B44
S3150801BD9005461C46104689B0002E3FD19B6A002BEA
S3150801BDA03CD0AB68002B39D0002939D12B8A6A8A55
S3150801BDB0ADF812300A21002384F82E3003911021A0
S3150801BDC0CDE900010DF1140ACDF808A0A8680DF116
S3150801BDD01201FFF787FF00283CD1BDF81C80A38D0F
S3150801BDE098FA98F81FFA88F7D4F828B0BDF812908F
S3150801BDF0BB4228BF3B465A464946A868EBF749FC69
S3150801BE0030BBA38DB944BB42ADF812900DD20123C4
S3150801BE1084F82E305046F0F74BFD206300200CE0E5
S3150801BE202B8B6A8BADF81230C4E7A4F82C80B3B219
S3150801BE309F4205D80028EDD0062009B0BDE8F08F4D
S3150801BE4018B91BF806000136F1E70138C0B2FAE75E
S3150801BE500328DCD01728E1D0EFE72DE9F0430446A3
S3150801BE600F46154628264FF00A0889B00DF1140920
S3150801BE702FBB238A628AADF812300523CDE90298D1
S3150801BE80CDE900530DF112010023A068FFF72AFF3F
S3150801BE90172819D080B9A268BDF81230C5E9000281
S3150801BEA02B81A0680DF11201FFF745FD20B9013E6E
S3150801BEB0B6B2002EDCD1062009B0BDE8F083238B8B
S3150801BEC0628BADF81230D8E70020F5E72DE9F0418D
S3150801BED00546984690B0AB6806AE0F4607CA86E88F
S3150801BEE007009BB3324639462846FFF7B6FF044694
S3150801BEF018BB37BB2B8A6A8AADF816301A23039307
S3150801BF001C23CDE9006309AF02974346A8680DF1E2
S3150801BF101601FFF7E7FE044678B9169A0DF12E03C6
S3150801BF200DF13E0153F8040B8B4242F8040BF9D18B
S3150801BF303846F0F7BDFC179B1860204610B0BDE8DF
S3150801BF40F0812B8B6A8BADF81630D7E71724F4E707
S3150801BF500823EBF79EBB00F038001F2805D80828F0
S3150801BF6005D0103818BF01207047022070470020FD
S3150801BF70704740280ED8272804D8202814BF002047
S3150801BF80012070474FF001332838C0B2C34003F08F
S3150801BF90010070476028F1E713B50B466C461B781C
S3150801BFA002460868496883F0020303C48DF8003025
S3150801BFB06B4603CB1060516002B010BD0368B3F144
S3150801BFC07F4F05D18088A0F1FE035842584170473A
S3150801BFD00020704708B50246FFF7F0FF20B19079B7
S3150801BFE0A0F1FC035842584108BD036813B94368D8
S3150801BFF073B1EFE70333FCD14FF6FF7382889A4298
S3150801C000F7D18379FF2BF4D190F90730002BF0DAB9
S3150801C010012070470268034642B9406840B99A68E8
S3150801C0203AB9D868B0FA80F04009704700207047DD
S3150801C03010467047F8B5044617460D4631B90FCF75
S3150801C0400FC497E80F0084E80F00F8BD06460FCD28
S3150801C0500FC695E80F0086E80F002046FFF7DAFFBE
S3150801C06048B13B46224607F1100153F8040B8B42AF
S3150801C07042F8040BF9D1238A0BB93B8A23826369F7
S3150801C0800BB97B696361237E0BB93B7E2376637E9D
S3150801C0900BB97B7E6376A37E0BB9BB7EA376E37E63
S3150801C0A00BB9FB7EE376237F002BCED13B7F23772B
S3150801C0B0CBE7F0B51C4600238DB0CDE90533ADF8C5
S3150801C0C01C3023680546164613B100200DB0F0BD95
S3150801C0D08068002865D0002956D12B8A6A8AADF86E
S3150801C0E0123010230393212308AFCDE90063029789
S3150801C0F000230DF11201FFF7F5FD0028E6D13846B8
S3150801C100F0F7D6FBBDF82E3020605BBAA380BDF8E8
S3150801C1102A30BDF812605BBAE380BDF82C30E268BC
S3150801C1205BBA2381AF68ADF81C6006978AB33846B7
S3150801C130238A0DF11201FFF73EFC0028C6D1BDF88E
S3150801C1402820A6F1100352BA92B212FA83F3BDF867
S3150801C15012200A339A4226D87A89934223D8ADF80F
S3150801C160123004F112010846FFF754FF0028ACD03B
S3150801C1702434CDE9001400230121284605AAFFF736
S3150801C180A5FE1728A2D1A0E72B8B6A8BADF8123032
S3150801C190A7E738460DF11201FFF7CDFB0028E0D0DD
S3150801C1A094E7172092E7062090E7026803464AB902
S3150801C1B0406848B99A6842B9D86800F17F4358423D
S3150801C1C0584170470020704710467047034630B5FE
S3150801C1D0064C04F11005224603CAAA4218605960A2
S3150801C1E0144603F10803F6D130BD00BF70CA04082E
S3150801C1F010B50C7C2246EBF781F884428CBF0020EF
S3150801C200012010BD0A7CFFF703B808B50278FF2A9A
S3150801C21003D1407800F00F0008BD48F2FE020388FA
S3150801C22023F47C53934206D0FFF7BFFF00280CBFC7
S3150801C2300E200020F0E70220EEE7837C5A0700D49F
S3150801C240E3E7C3F3C300704708B50378FF2B05D1AD
S3150801C250FFF7DBFF831E5842584108BD0020FCE763
S3150801C26048F2FE02038823F47C53934200D0EBE79D
S3150801C27001207047F0B5674D8BB095F8083118075E
S3150801C28006D4590704D4D5F8CC401CB9C5F8EC40F6
S3150801C2900BB0F0BD2379E669DA071BD5C3F380171E
S3150801C2A05B0617D420461DF0E5FD022812D0237936
S3150801C2B0667943F01003760923710DD0DBB267F373
S3150801C2C00413204602212371E6691DF0A9FD2046C3
S3150801C2D022F00DF93446D8E795F808316A4666F32F
S3150801C2E0000385F80831314628232046EBF7D1F9B2
S3150801C2F09DF80830FF2B00F08480474804A9EEF723
S3150801C3003CF80223454985F8F83001F5B570EEF792
S3150801C3103DF838B9424BB3F8823FA5F8F03001230E
S3150801C32085F8F83095F85931012B37D806A8FFF763
S3150801C3308BFF0646002853D148F2FE02BDF8183095
S3150801C34023F47C539BB293425BD1364808A9EEF796
S3150801C35014F8022385F80231237966F3041323714D
S3150801C3602379E669D907B5D5C5F8EC40A389002B29
S3150801C3704BD02B4890F8483FDA0789D590F8493FC2
S3150801C380042B85D0B0F84A3FDB0681D4042100F698
S3150801C39048700BB0BDE8F040EDF7A6BB9DF8182034
S3150801C3A0FF2A13D048F2FE02BDF8183023F47C5355
S3150801C3B09BB293421AD11B4808A9EDF7DEFF022367
S3150801C3C085F8023123796FF30413C8E7022B07D1E5
S3150801C3D02379980704D5A37903F00F03012B05D117
S3150801C3E04FF6FF73A5F8FA300123E9E795F89E3170
S3150801C3F003F00F03072B14BF4FF6FE73B5F89C31F4
S3150801C400F0E7237966F304135BE7237943F008031E
S3150801C4102371AEE7F03A0020E03B0020763A00208F
S3150801C420F02A0020EA3B002008B50378FF2B05D146
S3150801C430FFF7EBFEC31E5842584108BD0020FCE732
S3150801C44008B50378FF2B06D1FFF7DFFE032894BF53
S3150801C4500020012008BD0020FCE72DE9F843074626
S3150801C4600D4616460024DFF82C80DFF82C90A642EC
S3150801C47001D1BDE8F8831CB141462846EBF7FDFD1D
S3150801C48037F81420494652BA284692B2EBF7F5FD19
S3150801C4900134ECE731C9040807A70408F0B51AB353
S3150801C4A00446037900EB4306A642254602D199B113
S3150801C4B0172018E02F8802349742F5D191B1BBB104
S3150801C4C0013BDBB203711AB200EB43039D4209D06B
S3150801C4D030F812302B8005E0022B07D0591C017168
S3150801C4E020F813200020F0BD0720FCE70320FAE717
S3150801C4F01B88FFDE38B50D4604460246282300216F
S3150801C5002846EBF7C6F880B9237803F0F003602BC9
S3150801C5100BD1A3885BBA9BB22833B3F5A06F04D8B5
S3150801C5206A89934218BF062038BD0620FCE70378BE
S3150801C53013B140780230704701207047F8B50F46AD
S3150801C540164605460246012331463846EBF777F982
S3150801C550044610B92B7813B968702046F8BD022332
S3150801C5602A4631463846EBF76AF938B92846FFF7BD
S3150801C570DEFF7388834238BF0624EEE70446ECE7FC
S3150801C580002301290360C0F803301FBF01230239C4
S3150801C590037041707047F7B5937C0646DB090D4673
S3150801C5A0144646D001290CBF202040201DF076F9FB
S3150801C5B0214890F8DC3A93B190F8553B7BB1637CFE
S3150801C5C0012B0CD1D0F8702B00F668339A4206D1AC
S3150801C5D0C5F10501C9B200F53060FEF7CAFD06F1DD
S3150801C5E014039C4203D306F174039C421FD3B76814
S3150801C5F0EFB1237C20468DF804300094FFF71DFE29
S3150801C600A27C00F00F03C2F3000243EA0213E27CA4
S3150801C6102946C2F3000243EA42139DF805206846FB
S3150801C62022F03F0213438DF80530F268B84703B08C
S3150801C630F0BDC1F10200B9E7F02A002010B50446A1
S3150801C640D1B1636803F17802914210D3D833994284
S3150801C6500DD2237A022B0CD0032B0FD0012B0BD131
S3150801C6600846FFF7D7FC10B90B78FF2B04D10969E7
S3150801C670E6E70B78FF2BFAD1216010BD0846FFF7D4
S3150801C680DFFE0028F3D0F7E7182200212BF0D1BDF1
S3150801C69010B50446FFF7F8FF2369034A1A40034B0E
S3150801C6A01343236110BD00BF000080FE40001F0137
S3150801C6B003460846597C027CC90904D0197C914273
S3150801C6C003D1194694E5802AFAE70020704700232A
S3150801C6D02DE9F04F0746DFF888818FB0029308F5F8
S3150801C6E0805A5D4808AA02A90AF0C2FF064610B197
S3150801C6F00FB0BDE8F08F9DF831301907F1D59DF8D7
S3150801C70032305A07EDD49DF83030402BE9D17B6899
S3150801C71063B907F114052C4607F1940B5C450BD157
S3150801C720DAF8344704BB8DF8074033E0404608A9D8
S3150801C73098470028EDD0D4E7A37C9B0704D521466A
S3150801C74008A8FFF7B5FF08B92034E7E7E369002B26
S3150801C750C7D09DF831305807C3D50023012120469B
S3150801C760E36118F0A1FFBCE7214608A8FFF7A0FF7F
S3150801C7700028B6D16469D5E7AB7C99075DD5EB6925
S3150801C7803BB1002C57D0E2699B1A34EA230428BF2F
S3150801C7902C462035AB45EFD1002CA2D0A37C9A07B5
S3150801C7A002D520461DF020F800239DF831209DF87A
S3150801C7B030B0E3612046D30914BFD9464FF080094A
S3150801C7C0C2F38005FFF760FF01236374A37C45F07C
S3150801C7D0020223F003031343A374204684F810903E
S3150801C7E008A9FFF70FFD1D4BD3F8382593F83C35FB
S3150801C7F01344CDE90323012103A806F05AFE054691
S3150801C800E8B90DF107012046657622F01BFC0023E5
S3150801C8102046237603A920F041F89DF81E302046CC
S3150801C8209B0748BF9DF81D60237EB34218BF267635
S3150801C8301DF016F855E72C46ABE72C46AEE7EB7824
S3150801C8405B45D8D15A4608A9281DEAF757FD584528
S3150801C850D1D3AD78D5E700BF28400020F03A0020B3
S3150801C860F01A002090F87A301A1F012A0BD9072BE3
S3150801C87004D1002380F87A300020704713F0FD0FA9
S3150801C880FAD00223F6E70D20704738B50378044637
S3150801C8908B4230D0054605F8801B0239012902D89A
S3150801C8A0DFE801F006272846BDE83840EBF715BE54
S3150801C8B0436ADBB1EAF7C8FCD4E90931421A9A425C
S3150801C8C011D21944091AB1F5FA7F38BF4FF4FA7132
S3150801C8D0002363620A20EBF75FFB01462846BDE8A1
S3150801C8E03840EBF786BD4FF4FA71F1E74FF4FA7168
S3150801C8F0F0E78168F2E738BD037810B5023B032BF0
S3150801C900044602D80421FFF7C0FF63786FF30303D7
S3150801C91063704FF4E163A3600023A367E3672367AA
S3150801C920636794F87A30072B1CBF072384F87A309B
S3150801C93010BD7FB5044601AD00F1700393E8070009
S3150801C94085E8070094F87A10072909D10022226799
S3150801C9505A609A6094F87A30072B18BF84F87A10CF
S3150801C9604FF4E1630421A3602046FFF78EFF0023FD
S3150801C9701A46E16F29B92A462046FEF7B8FB04B0E4
S3150801C98070BDC87DCE69072807D14AB9E06F08B1DD
S3150801C990C069E067CB610B4611460A463146E9E7AD
S3150801C9A0D0690028F6D0C069D061F3E72DE9F043D4
S3150801C9B090F87A80044611F808300F4643459146A7
S3150801C9C014BF01260026C56F8BB018BF80F87A30D0
S3150801C9D055BBB8F1060F23D094F87A30062B1FD130
S3150801C9E094F8A030042B2ED0052B01D0032B17D198
S3150801C9F06A46174604F13E0304F14E0C15461868BB
S3150801CA005968083303C563452A46F7D1B4F84E3049
S3150801CA103946ADF810300C20122305AA1FF073FE13
S3150801CA2030460BB0BDE8F083B9F1010F02D12B6A8C
S3150801CA30002B06DAEB7D2846F95CFEF701FC30434C
S3150801CA40C6B2ED69C4E70C2019F0D2FC0C28E7D16F
S3150801CA50FEE7F7B50446684622F055FB2378012B15
S3150801CA6034D9236F93B394F87A30072B0BD8DFE8C0
S3150801CA7003F01D0A1D0A040A152D01260227E56F72
S3150801CA8045BB16B11EE0052B22D12378042B1DD1F7
S3150801CA90694604F18000EBF729FD17E0E268009B7F
S3150801CAA09B1A002B14DB022384F87A30E36F6BB1EF
S3150801CAB094F8793013B994F878303BB194F87A3010
S3150801CAC0052BDAD102212046FFF7DFFE03B0F0BDC0
S3150801CAD00026D3E7EB7D062B0CD8DFE803F00A0B1B
S3150801CAE00A0B0A0B0400A969009B5B1A002B03DBDE
S3150801CAF0EF750126ED69C3E76846EBF76DFBF9E7C4
S3150801CB0008B571B190F87A3023B90167FFF7A1FF2B
S3150801CB10002008BD072B06D10023016780F87A306B
S3150801CB20F4E70720F5E70D20F3E770B50546164645
S3150801CB3071B16AB1FFF796FE044638B985F87900EE
S3150801CB406967284685F87860FFF783FF204670BD38
S3150801CB500724FBE770B505460C46C66F1EB9236860
S3150801CB606BB907202AE021683068EBF73DFA20B156
S3150801CB7061687068EBF738FA08BBF669EEE763682F
S3150801CB80002BEED0E36807200BB9A37DB3B9226A5F
S3150801CB900C4BE0759A4294BF22622362626A0021B5
S3150801CBA09A4294BF62626362EB6F2046E361EC6767
S3150801CBB0FEF746FB2846FFF74CFF002070BD1820FC
S3150801CBC0FCE700BF9AC4200008B5C36F0BB917204C
S3150801CBD008BD994201D0DB69F8E7CB7D043B012BFF
S3150801CBE001D90423CB75FFF734FF0020F0E710B510
S3150801CBF0C46F002223460BB9172010BD994207D0EE
S3150801CC001A46DB69F7E7D3693BB1DB69D36104E00F
S3150801CC10002AF8D10CB1E369C3670023CB61CB7D48
S3150801CC20072B1CBF0723CB75FFF713FF0020E4E78B
S3150801CC3010B590F87A30072B28D0043B012B04D87D
S3150801CC404378C3F300138B420FD00424437861F36E
S3150801CC5004134370C36F53B990F87A3073B97AB92C
S3150801CC60072380F87A30FFF764FE002010BDD97DCE
S3150801CC700439012988BFDC75DB69ECE7042B02D08E
S3150801CC80042380F87A30FFF7E4FEEEE71820EDE793
S3150801CC902DE9F04304460E468BB004A822F0D4F8D9
S3150801CCA02378B589012BADF8005040F22E81042B6B
S3150801CCB000F02B810C232946304604AAEAF7E9FC41
S3150801CCC0002840F022819DF81230DA0900F01D8112
S3150801CCD0C3F3C303052B40F01881BDF810306288F1
S3150801CCE05BBA9BB2934240F01081904B93F85B314B
S3150801CCF01B0701D418F0EAFA00219DF813208C4B82
S3150801CD0002F00F02134493F82C7084F8A21047B36B
S3150801CD100A2294F87A302046012BA36808BF84F8C2
S3150801CD207A10B3FBF2F3834A03EB0313934294BFDE
S3150801CD30A360A26023783946052B18BF052304F1A1
S3150801CD40700218BF23700023FEF7D1F91D2F02D0F8
S3150801CD50082F40F0DA8020460BB0BDE8F04318F002
S3150801CD60DFB9BDF814300C35ADF800509BB1B3F5F9
S3150801CD70807F40F0CA8069463046FEF7DCFD002810
S3150801CD8040F0C380BDF8003072890433934200F243
S3150801CD90BC80ADF80030BDF81650BDF818306DBA34
S3150801CDA05BBA1D44BDF81A305BBA1D44ADB205BB6A
S3150801CDB063694FF47A70F02B40F2AA80783B5843A6
S3150801CDC003D043F69821EBF7F5F8E3681844E36FC7
S3150801CDD0E060002B40F0A180012257492046FFF769
S3150801CDE0E5FD2046FFF7A5FD20460BB0BDE8F0435B
S3150801CDF02FE669463046BDF80070FEF79CFD00280F
S3150801CE0040F08380BDF800900A234946304601AABE
S3150801CE10EAF73FFC002878D1BDF80C3072895BBA75
S3150801CE2009F10A091FFA83F819FA83F393426CD8B0
S3150801CE30ADF80030BDF80430013DB3F5245FADB25D
S3150801CE40B5D130460DF10201ADF80270FEF773FD5A
S3150801CE50BDF8027073890A37BFB2B8449845ADF870
S3150801CE60027052D81FFA88F8B845A0D90423394662
S3150801CE70304607AAEAF70DFC002843D1BDF81E2063
S3150801CE8052BA92B2131DD91941453ED8BDF81C10A4
S3150801CE909BB2B1F5007F32D1032A36D90C2B28BFB4
S3150801CEA00C233946304607AAEAF7F3FBBDF81E30CC
S3150801CEB0B3F5806F10D107A8EFF7FAFC1F4B98421C
S3150801CEC094BF6061636107A8EFF7F2FC1B4B9842B8
S3150801CED094BFA061A3616AE75BBA9BB2072B14D919
S3150801CEE007A8EFF7E5FC07460998EAF72BFAB842CF
S3150801CEF00BD3124B9F4294BF67616361E6E73B44DC
S3150801CF009FB2B1E717283FF452AF0BB0BDE8F083E3
S3150801CF104343E06800EB530059E7DA7D02F0FD026E
S3150801CF20012A04BFE2689A61DB6952E7F03A0020F8
S3150801CF3058CA040880EE36009BCA04089AC4200021
S3150801CF4010B50B4B044693F8590121F0A0FE68B1C0
S3150801CF5023785BB994F8A030012B07D104F18C0032
S3150801CF604FF47A71BDE81040EBF743BA10BD00BF24
S3150801CF70F03A0020122200212BF05BB938B505469C
S3150801CF8008300C46EAF720F950B1A96800220B4689
S3150801CF9043B92046FFF7EEFF04F11200FFF7EAFF57
S3150801CFA0002038BD9C4207D01A461B6BF0E7136B6D
S3150801CFB03BB11B6B136304E0002AF8D109B10B6B73
S3150801CFC0AB6000232363E4E701460148D6E700BFC7
S3150801CFD08831002073B5037804460D46164623B3F7
S3150801CFE000221549FFF7E2FC04F12C00FFF7ECFFDC
S3150801CFF0637823F01F03637016B94FF4E163A360E6
S3150801D00000212046FFF741FC0023012D84F8A230B8
S3150801D01004D094F8A0305BB902B070BD01A904F13F
S3150801D02098000193FEF76FF8F6E70029F4D1F0E7C7
S3150801D030002384F8A030EFE7A3CA040838220021A8
S3150801D0402BF0F7B8F8B504460D4601460D48EAF740
S3150801D050BBF800B1FEE72046D4E90976FFF7EEFFF3
S3150801D0602146C4E90976074884F83450EAF7ACF84A
S3150801D07028B9054BD3F8A0262263C3F8A046002099
S3150801D080F8BD00BF90310020F02A002010B50368D2
S3150801D090044673B1017BFF2902D0ECF700FC40B9C5
S3150801D0A02146FF2301F80C3F2046BDE81040ECF766
S3150801D0B0FEBB10BD70B5866900F110039E42044699
S3150801D0C00D4603D0837A1D44857270BD4368002BD3
S3150801D0D0FBD00368002BF8D0FFF7D8FF237B218903
S3150801D0E0A572E37201310020EAF756FF0146304680
S3150801D0F0BDE87040EBF77DB901210148DAE700BFC9
S3150801D100F442002030F8083B63B1074A92F85911F6
S3150801D11041B112F8B82C520704D44FF47A71594325
S3150801D120EBF767B9EBF7D9B9F03A002008B50B4820
S3150801D13090F85931022B0CD110F8B83C5B0708D48A
S3150801D140B0F8043700F5AC700133A0F8AC3522F01D
S3150801D15041FDBDE808400248D4E700BFF03A002087
S3150801D160F041002010B50446EAF76EF8A06110BD3B
S3150801D17038B5234D044695F8593133B195F85B0115
S3150801D18010F0080001D11CF0DFFC94F82430012BC3
S3150801D19002D0022B0FD038BD04F11000EBF79DF930
S3150801D1A095F80831590706D56FF38203154885F8AE
S3150801D1B00831EBF701F8144890F8483F9A060AD562
S3150801D1C06FF3451380F8483F90F8523F00F64870D0
S3150801D1D0C372ECF715FC94F86E309B070AD54FF627
S3150801D1E0FF710A48ECF7F7FB94F86E306FF34103C9
S3150801D1F084F86E3004F10800BDE83840EAF7DCBF70
S3150801D200F03A0020FC3B0020F02A0020383A0020A2
S3150801D21038B592F824300546012B144602D0022B64
S3150801D2201FD038BD09B10F2918D12B79284643F0EB
S3150801D23001032B71FFF796FF0C4B0D4AC5E909341B
S3150801D24092F8083104F1100043F0040382F808311A
S3150801D2504FF49671BDE83840EBF7CBB8022382F854
S3150801D26024302046BDE8384082E700BF11D20108C4
S3150801D270F03A002037B5837F04460DF107012C30BB
S3150801D2808DF8073021F0DEFE054668B99DF80730AE
S3150801D290A27F9A4208D0A3778DF800306946012308
S3150801D2A0082001AA1FF02FFA284603B030BD012332
S3150801D2B010B543770446E9F7C7FF206204F12C004D
S3150801D2C0BDE810401CF0CCBA10B5437F0446022BCA
S3150801D2D004D1037FDB0701D521F051FF002294F821
S3150801D2E03E30627762F3000384F83E3004F12C0085
S3150801D2F0BDE810401CF078BA10B50446FFF7E4FF04
S3150801D300A37F20460133A377FFF7B4FF18B9204658
S3150801D310BDE81040CBE710BD1FB5044601A90D486D
S3150801D320E9F786FFA0B9BDF8060001280ED918F05D
S3150801D330B8F8B4F844300BB1834209D9A4F84400CB
S3150801D340606C04B0BDE8104021F077BD0120F0E71C
S3150801D35004B010BD80410020002343804FF4287398
S3150801D36003806FF07003837070474FF4B4732DE92F
S3150801D370F04FADF5457D0FAC064605910DF5D47B0D
S3150801D3800021154620464FF4B272ADF8A431CDF806
S3150801D390A0B12AF04EFF4FF4B272214658462BF03F
S3150801D3A067F900213668182209A807912AF041FF72
S3150801D3B0304609A913F049FA90B920222146304688
S3150801D3C008AB13F060FA58B9089B0090CDE9014300
S3150801D3D0DDE90B32BDF8241007A80BF0A8FF08B148
S3150801D3E000230793079B049373B300236A99089351
S3150801D3F0002940F0FB80DFF8F4924FF4AE726CA876
S3150801D4002AF017FF4B464FF48062049808A913F0D7
S3150801D41094F9824640B9DDF82080B8F80020B2F5C3
S3150801D420885F12D06FF0860A584612F0EDFF089809
S3150801D43013F06EF95046FBF7DBFA0646049813F02B
S3150801D440DFF9002E00F0D580FEE7BDF8AC21D8E95A
S3150801D450087622F4FF7222F0010242F49072ADF8C6
S3150801D460AC21D8F80420120A012A00F08F809E4BBD
S3150801D4709A427FD0002AD5D133463A464146CDF85D
S3150801D48000906CA8F1F7B6FC824630B904230898D7
S3150801D4906A9313F03DF98246CCE710F1860FC3D1A2
S3150801D4A0DDF8B081B8F1000F40F0A0808F4B9048AD
S3150801D4B0402E0DF124096C936D90C9F8006015D9B9
S3150801D4C00023C9F8003040233246009339462346E3
S3150801D4D0CDF8049012F028F9824668B14021204619
S3150801D4E011F00CFF6CA812F065FF9DE726B13246D4
S3150801D4F0394620462BF0BCF8274622460023D9F8A0
S3150801D500006005E01178013381F0360102F8011B4C
S3150801D510B342F7D1C6F140094A463621A0192AF085
S3150801D52088FE0DF2972246451BD1A6AB4A465C21D9
S3150801D53098192AF07EFE6E496EA812F029FC8246D9
S3150801D5400028CBD1214640226EA812F04FFC824614
S3150801D5504021204611F0D2FEBAF1000FC2D10123B3
S3150801D56095E717F8013B08F1010883F06A0302F809
S3150801D570013FD8E733463A464146CDF800906CA8B4
S3150801D580F1F738FC8246002880D04DE7002F3FF49A
S3150801D59049AF0146B8226CA82AF04BFEB8F800300C
S3150801D5A0B3F5885F7FF43EAF3246394640466CABE9
S3150801D5B0CDF83092F0F72CF9824600287FF434AF83
S3150801D5C0B8F80230DA08203BB3F5F47F8B92BFF442
S3150801D5D029AF719B1C329342FFF424AF74AB1846F2
S3150801D5E070992BF045F80523709050E76FF0880A7B
S3150801D5F01AE7059807A9E9F748FE042207A968A8C2
S3150801D600EBF77FFF06223B4968A8EBF77AFF689F8D
S3150801D6100DF12009C9F80060002F00F004813A686D
S3150801D620002A00F0FA807B79DB0740F1F68097F84B
S3150801D6300480B8F1000F00F0F080B8F1200F00F275
S3150801D640EF80042A00F0BA80052A00F0C280012A78
S3150801D65040F0E080BA68002A00F0DF80264B22F409
S3150801D6607E1199424CD1FB68002B3BD0F86C0028FF
S3150801D67038D0002310220993214609AB1DF0B8F9C9
S3150801D68010F1860F064605D030B393362AD16FF0CE
S3150801D6906F0601E06FF071061021204611F02EFE8B
S3150801D6A0304611F05CFE0646002875D0202300207E
S3150801D6B008933871C0F12002212128442AF0B9FDC6
S3150801D6C0384612F0A1FE002E18BF3046FBF790F936
S3150801D6D0002800F0AB80FEE74246214628462AF09C
S3150801D6E0C7FFD9E7054ED7E7020080000900800386
S3150801D6F009000002ABCA04080002C003009FFFFF2D
S3150801D700524B1340B3F1607F40F087800022D7F86F
S3150801D7100C904F495FFA89F343F000738B420992E3
S3150801D7203FD003F17E43043B0F2B3DD8494A1344AE
S3150801D73093F859A007F1100B20222146584609AB48
S3150801D74012F07CFB06460028B0D14946584612F02D
S3150801D7501FFB064650BB5246584607F1F00112F028
S3150801D76045FB064610BB21465846099A12F03EFB70
S3150801D7700646D8B920222146584609AB12F05EFB67
S3150801D780064698B92146424628462AF071FF099964
S3150801D79011B1204611F0B2FDCDF820800026089877
S3150801D7A088E74FF0400AC5E79246C3E70999002979
S3150801D7B03FF47CAF204611F0A1FD77E74B46424680
S3150801D7C0294607F108001DF013F906460028E5D099
S3150801D7D06CE7D7F888301D4A1A40B2F1607F0ED13E
S3150801D7E0D7F8AC20CAB190451AD3284607F18C015F
S3150801D7F02AF03EFFD7F8AC30C9F80030CEE74346E9
S3150801D8002A46CDF8009007F1080107F188001CF0B7
S3150801D81034FFDAE76FF0860648E76FF0880645E7D2
S3150801D8206FF0890642E76FF086004FE7689828B1DE
S3150801D83012F0EAFDFBF7DCF818B1FEE76FF0860097
S3150801D840F8E70DF5457DBDE8F08F00BF0000C07F04
S3150801D8500300000258CA04082DE9F043044697B0AC
S3150801D86041680EAAFFF781FD0AAE00220EA904F14E
S3150801D8700800ECF79CFD06AF304621F0B0FB02AD7F
S3150801D880384621F0ACFB284621F0A9FB0122304697
S3150801D89012A9ECF78CFD616820460EAA0139FFF73B
S3150801D8A064FD0122384612A9ECF781FD616820461C
S3150801D8B00EAA0131FFF759FD2846012212A9ECF7F4
S3150801D8C076FD6368344CDDF81890D4F8A40F03F09C
S3150801D8D07F0808F10108484584F8D88F03D0FBF77B
S3150801D8E037FAC4F8A49FD4F8B40FDDF82890484550
S3150801D8F003D0FBF72DFAC4F8B49FD4F8C40FDDF8AA
S3150801D9000890484503D0FBF723FAC4F8C49FB4F836
S3150801D9107C3F9B063CD5EFF31183302282F31188B5
S3150801D92000221E4C626083F31188BFF36F8F04F1E6
S3150801D9300C0C97E80F0004F11C078CE80F0096E819
S3150801D9400F0004F12C0687E80F0095E80F0086E81A
S3150801D9500F004FF6FF731022A38784F83E30614605
S3150801D960E06801AB84F80180FBF7A8F900B1FEE78E
S3150801D97010223946E06901ABFBF7A0F900B1FEE7D1
S3150801D98010223146E06A01ABFBF798F900B1FEE7D0
S3150801D99017B0BDE8F08300BFF02A002068610020B7
S3150801D9A070B5436804468B42154605D1BDE87040FB
S3150801D9B04FF480701BF0A6BFD00701D5A38F53BBC8
S3150801D9C00023154AA362C2F8D43FB2F87C2F920607
S3150801D9D00AD5EFF31182302080F311880F4843608E
S3150801D9E082F31188BFF36F8F002620466160E662D5
S3150801D9F0FFF732FF04F1400026870949EAF7F9FCE7
S3150801DA00AB0748BF638F4FF4807048BFA387BDE853
S3150801DA1070401BF043BF70BDF02A002068610020EA
S3150801DA2080EE360008B50F490F48EAF7E2FC0F4BBE
S3150801DA30B3F8102FB3F8141F013292B2A3F8102FBE
S3150801DA4011B10139A3F8141FB3F83C1F914207D845
S3150801DA50D3F8DC1E0222BDE80840054801319FE7DC
S3150801DA6008BD00BF80EE3600083A0020F02A0020E3
S3150801DA70C8390020F8B51B4ACE68D2F8DC4E0546EF
S3150801DA80A6422DD90A7D341B52B3022A1CD10F692D
S3150801DA90384621F03FF918B3012C18D06C78204686
S3150801DAA021F0F5F8E0B1BB7F03F00F03072B17D17F
S3150801DAB0022C15D105F128039F4211D12846BDE84C
S3150801DAC0F840012121F0B3BF012C07D1002444F00D
S3150801DAD002023146BDE8F840034861E70022F8E74B
S3150801DAE0F8BD00BFF02A0020C839002030B5044629
S3150801DAF0134887B00D4605909AB10598FBF728F9A2
S3150801DB001023CDE9015301234FF488510D4A00939F
S3150801DB1005A841F201030BF00AFCFAF769FF20B1E7
S3150801DB20FEE7FBF7D5F80028E7D02068059B984261
S3150801DB3001D0FBF70DF9059B236007B030BD00BF87
S3150801DB40010002000900800310B504460830ECF70D
S3150801DB5025FC04F150000A4CECF720FC2046ECF7B2
S3150801DB601DFC04F11000ECF719FC04F12000ECF798
S3150801DB7015FC04F58870BDE81040ECF70FBC00BF32
S3150801DB80943A0020438810B523F47F6323F00F03EA
S3150801DB9043F08F0343800B788478DB0963F3000431
S3150801DBA084700B78E4B2C3F3801363F34104847081
S3150801DBB00B78E4B2C3F3401363F3820484700B78E1
S3150801DBC0E4B2C3F3001363F3C30484700B78E4B2BD
S3150801DBD083F00403C3F3800363F3041484700B789E
S3150801DBE0E4B283F00203C3F3400363F3451484707C
S3150801DBF00B78E4B2DB43012A63F38614847012D0EE
S3150801DC004B78E2B2DB0963F3C71282704A78C378AC
S3150801DC1082F04002C2F3801262F30003C3704A78AD
S3150801DC2062F34303C37010BD10B50378024613F0BF
S3150801DC3001001CBF40230B70137818BF01209B07F6
S3150801DC4041BF0924431C0C54D8B213785C0741BF61
S3150801DC500A24431C0C54D8B213781B0741BF0B2264
S3150801DC60431C0A54D8B210BD7F2930B51FD001EA2A
S3150801DC70E17341785B423F298CBF0022012202EB06
S3150801DC80D10202F01F0262F3C701417001889BB2FB
S3150801DC90DB00551EC1F30A049BB205FB043393FB53
S3150801DCA0F2F30A4663F30A020280002030BD072018
S3150801DCB0FCE74378072B08D90388C3F3C7005B073A
S3150801DCC04CBFC043404240B270477F2070474378FB
S3150801DCD00278FF2B1CBF01334370437810B5082B1C
S3150801DCE028BF08235C1E04FB021191FBF3F10170A6
S3150801DCF010BD7F2938B5044620D04378C170072B5B
S3150801DD008ABF8578FF2505F00305FFF7ADFF0246B3
S3150801DD10A0B92046FFF7CDFF64300306C1B20ED580
S3150801DD20022D1FD8124B2B4493F8693093422CBF0E
S3150801DD3000230123A27863F30102A27038BD022DE4
S3150801DD4095BF162014200A4A0A229BBF521992F837
S3150801DD506930022392F86C20884205D38A4205D39A
S3150801DD600A46E3E70223E1E70323E3E70223E1E7C0
S3150801DD7058CA04080B4610B5C478011DE21D184699
S3150801DD80D2082AF075FC047410BD38B5037A0D461D
S3150801DD90012B144603D0022B1BD0062038BD4FF0A9
S3150801DDA0FF3100230288E1706FF00101237063706F
S3150801DDB0A370637153BA2171E3802A7C402A06D97C
S3150801DDC0403A2046D2B205F10801FDF721FA0020B2
S3150801DDD0E4E701461046FEF7DFF8EEE710B58C8852
S3150801DDE00A68032C01D8062010BD137803F0D8035E
S3150801DDF0C02BF8D113885BBAC3F30A03038053888F
S3150801DE005BBA4380137813F020030DD0042CEAD0B3
S3150801DE1005241379DB0083808B880A681B1B22443F
S3150801DE2000200A608B80DFE70424F4E7132200212F
S3150801DE302AF0FFB903681969FEF700BC10B550222C
S3150801DE4004460021B8302AF0F4F90348EBF707FA3B
S3150801DE50C4E9060110BD00BF041B002038B50446FD
S3150801DE6020480D46EBF7FBF9D4E90632C31A61EBF4
S3150801DE700202C4E90601D4E93E01C01842EB0101D8
S3150801DE80C4E93E01042D0BD8DFE805F0030B131B8B
S3150801DE902300D4E93410C91842EB0000C4E9341050
S3150801DEA038BDD4E93610C91842EB0000C4E936106A
S3150801DEB0F6E7D4E93810C91842EB0000C4E938106E
S3150801DEC0EEE7D4E93A10C91842EB0000C4E93A1062
S3150801DED0E6E7D4E93C10C91842EB0002C4E93C1252
S3150801DEE0DEE700BF041B002038B5457804468D429D
S3150801DEF004D1BDE8384004201BF004BD417004205C
S3150801DF001BF0CCFC012D0CD1607820F0C0FE40B18D
S3150801DF103748EBF7A4F94FF47A72002329F098FFF2
S3150801DF20606129462046FFF799FF6378042B3DD89F
S3150801DF30DFE803F0030B11303600B4F8B8300133CB
S3150801DF40A4F8B830002D3CD031E0B4F8BA3001332A
S3150801DF50A4F8BA30F6E7B4F8BC30012D03F1010391
S3150801DF60A4F8BC3008D1E378227883F00803C3F318
S3150801DF70C00363F3C302227094F846301B0720D00E
S3150801DF80B4F84830022B1CD9E37883F00803C3F3AD
S3150801DF90C00317E0B4F8BE300133A4F8BE30D1E7A8
S3150801DFA0B4F8C0300133A4F8C030CBE7DDB10021A5
S3150801DFB004F1280004F02FFD012D14D16378022BFA
S3150801DFC0D1D000230B4890F8682FC2F3400199423B
S3150801DFD00DD063F3410280F8682FBDE8384000F69A
S3150801DFE04870ECF7F7BF6378022BC5D0E9E738BD6F
S3150801DFF0041B0020F02A002030B5044699B02422DB
S3150801E000002104A82AF015F902236578ADF8343001
S3150801E010284620F03CFE002844D0A388254AADF8BE
S3150801E0201230236AD2F8860FD2F88A1F089309ABF1
S3150801E03003C3D4F81802D4F81C12022D03C34FF0F7
S3150801E04005038DF81050ADF83430A5700DD1A06ACE
S3150801E050E16A01AB03C3B4F848300420ADF80C30CB
S3150801E0600EAA0A2301A91EF04EFB124DA268D5F885
S3150801E070DC3E03200593D5F8043F04A9134406930F
S3150801E080D5F8003F13440793E3780EAA8DF81130AB
S3150801E09026231EF038FB069BC5F80C3F079BC5F8DF
S3150801E0A0083F04E004A81EF017FB0028DDD019B0CC
S3150801E0B030BD00BFF02A0020052938BF0521B1F57A
S3150801E0C0E14F28BF4FF4E14138B5C36804468B4296
S3150801E0D015460BD0C1601BF06AFB6378022B05D18C
S3150801E0E025B92046BDE8384021F074BD38BD38B59C
S3150801E0F0044600F5FC7528461BF076FB04F500700E
S3150801E1000549FDF749FF28461BF0AAFBBDE838403B
S3150801E11008201BF0C3BB00BF763A002040F60B036C
S3150801E120F0B5124C85B094F83F7594F83E650546EE
S3150801E130D4F87801ADF8043084F87D7184F87E61ED
S3150801E140E9F700F994F87C31CDF806008DF80A3024
S3150801E15094F87F31294601A88DF80B708DF80C606B
S3150801E1608DF80D30EAF784FE05B0F0BDF03A0020CF
S3150801E170054B93F85B21120704D41B21B3F8022738
S3150801E180EBF753B800207047F03A002010B5044663
S3150801E1900648EDF752FF38B12046BDE8104008237E
S3150801E1A01621024AEBF701B810BD00BF4439002019
S3150801E1B070B50546FFF7EAFF044658B90648EDF774
S3150801E1C03CFF38B12846BDE8704008231721024AAA
S3150801E1D0EAF7EBBF204670BD7039002010B504463A
S3150801E1E05C2200212AF025F80021204604F013FCC0
S3150801E1F0FF2384F83B3084F83C3010BDF8B5314D27
S3150801E200044695F859210E46002A59D04378002B21
S3150801E21056D1012A18BF03811430FFF7DFFF63784F
S3150801E220A670012B1CBF0123637095F8593104F1BF
S3150801E2307006012B42D1208910BB40F2EE21E9F785
S3150801E240ABFE411C3046EAF7D4F895F85931012B53
S3150801E25036D14FF6FF72238901339BB2002B08BFD3
S3150801E26013462381B5F81A3295F85B01013310F08C
S3150801E2700800A5F81A3223D1BDE8F8401BF008BCFE
S3150801E280013880B21F2812D841F2AC22834093424A
S3150801E2900DD8FB278740E9F76BFE3223B0FBF3F273
S3150801E2A002FB13013944B94238BF3946CAE74FF46C
S3150801E2B0FA610548E9F77EFE0746ECE70121C1E761
S3150801E2C0F8BD00BFF03A0020804F120038B5057836
S3150801E2D00446C5B9C0E901120C4890F8591101293B
S3150801E2E00FD9022903D100F5AC7021F0A0FB4FF438
S3150801E2F07A712046012300F80C3BEAF77AF828469A
S3150801E30038BD2946F5E70525F9E700BFF03A0020AB
S3150801E31038B500F1100504462846EAF7DEF80D4B34
S3150801E32093F85931A3B12378013B012B03D8284629
S3150801E3306168EAF7C9F82378012B09D0237A013BEA
S3150801E340012B05D82846E168BDE83840EAF7BCB88C
S3150801E35038BD00BFF03A0020F8B504460F4690F8DC
S3150801E360306000EB0616B442254601D1002506E0C9
S3150801E37020463946E8F7A2FE10340028F3D028468D
S3150801E380F8BDF0B50027937987B006460D4602F128
S3150801E3900800294914468DF804308DF80570E8F708
S3150801E3A08DFE48B340F26D238DF80A70ADF808303A
S3150801E3B096F8C83002A85A1C86F8C8208DF80B3082
S3150801E3C0FEF7B5F8831C13F0070323D102A8FEF75D
S3150801E3D0AEF802A902462846E9F710FC48BB022214
S3150801E3E0284601A9E9F70AFC18BBA388A0715BBAFC
S3150801E3F008335BBAA3801CE040F26D43ADF80830E0
S3150801E40040238DF80A300D4BB3F85C315BBAADF891
S3150801E4100C30CDE7C3F10803D9B204A8FEF7B0F86A
S3150801E420FEF785F804A902462846E9F7E7FB00281E
S3150801E430CCD007B0F0BD00BF703E0020F03A0020F6
S3150801E440602370B58AB00093938802AD5BBA28330E
S3150801E4505BBAADF804300E4B06460C460FCB85E881
S3150801E4600F000C4B0AAD0FCB05E90F0044F2290347
S3150801E4706A4621463046ADF80630FFF782FF20B9D5
S3150801E480282269462046E9F7B9FB0AB070BD00BFE4
S3150801E490703E0020C8CA0408002370B50D4616460A
S3150801E4A00B6004680CB9204670BD31462046E8F772
S3150801E4B005FE0028F7D12C602469F3E7F7B50B7838
S3150801E4C00546FF2B0C462AD10A46043001A9FFF757
S3150801E4D0E3FF30BB164E21463046E8F7EFFD10BB89
S3150801E4E03669002EF7D16B6FFBB11A691E466A674A
S3150801E4F0224604F11007344610685168083203C4ED
S3150801E500BA422646F7D100241C756A684FF4805032
S3150801E5101A616B601BF0C2F9204603B0F0BD0720F3
S3150801E520FBE71820F9E72520F7E70320F5E700BF01
S3150801E53070CA040837B50A46044601A90430FFF72C
S3150801E540ABFF0546E8B104F1780398421BD304F101
S3150801E550D803984217D2019B6BB963680BB11B6943
S3150801E56063604FF400501BF099F90020636F2B612B
S3150801E570656703B030BD1A69002AF2D012691A61BB
S3150801E580EFE71720F5E72520F3E7002370B50D46D9
S3150801E59016460B6004680CB9204670BD3146204604
S3150801E5A0E8F78CFD0028F7D12C606469F3E737B5E5
S3150801E5B00A4601A90446FFF7E8FF0546F0B104F14A
S3150801E5C0140398421CD304F17403984218D2019B90
S3150801E5D073B923680BB15B69236020462A4600217B
S3150801E5E0FDF7D9FF002023696B61256103B030BDB2
S3150801E5F05A69002AF1D052695A61EEE71720F5E700
S3150801E6002520F3E707B50A4601A9FFF7BEFF00383B
S3150801E61018BF012003B05DF804FBF8B5054610469E
S3150801E6200E461446FDF7F6FC38B92378FF2B04D0BD
S3150801E63021461848FFF7E6FF48B32246334604F158
S3150801E64010071C4610685168083203C4BA422346AB
S3150801E650F7D112882280338A43B94FF6FF722B8885
S3150801E660934205D14FF440432B8033820020F8BDF5
S3150801E6704FF2BF0201339BB2934201D101339BB2E0
S3150801E68003F53B52213292B2132AF7D9ECE7072058
S3150801E690EDE700BF2432002070B501F1310323F004
S3150801E6A0010393F901300546002B0E4686B025DA9B
S3150801E6B0062306AC8DF8073000F10C030FCB04E9ED
S3150801E6C00F002B4C94F8AC36002B4FD004F29C610A
S3150801E6D002A8FDF78DFD002848D0A4F6CC0002A9B2
S3150801E6E0FFF790FF0446D0B19DF80730062B1FD8D7
S3150801E6F0DFE803F01922303438383800042130466F
S3150801E7000DF10702EAF7B8FC044640B901461023A1
S3150801E710304602AAEAF717FD04460028D1D0686CEC
S3150801E72020F08BFB05E0E8F78FFD032328626B7762
S3150801E7300024204606B070BD0E4805F12C01FFF7EE
S3150801E74061FF0028F4D02846FEF7BEFD2846FEF7ED
S3150801E750AEFDEDE72846FEF7B7FDE9E72846FEF7E1
S3150801E760CBFDE5E72846FEF7D7FDE1E70224D6E724
S3150801E770F03A00202432002010B5027F1C2B6FF3DB
S3150801E7800002044602770CD190F84630013B1D2B56
S3150801E7901DD91E2380F84630406CBDE8104020F094
S3150801E7A04CBB23B1201DBDE81040E9F705BD01B9F1
S3150801E7B0FEE701F1310323F001035B78442B01D015
S3150801E7C01B06EFD52046FFF767FF1C28EAD110BDC7
S3150801E7D0028A0B8A9A4201D1E8F770BC0020704779
S3150801E7E02DE9F0430646002491B00AA88846154645
S3150801E7F0FEF7C0FB354BCDE903440293337873B971
S3150801E80005A8FEF7B7FB12230C200DF1060205A990
S3150801E810ADF806301DF0B4FEB0FA80F46409172786
S3150801E82006F13E092CE054B105A90AA8E8F746FC09
S3150801E83028B1BDF83820BDF824309A4231D0172FB7
S3150801E8400CD09DF83A20AB7C9A4207D818D11022F1
S3150801E85029460AA82AF0D1FE002811DA2B460AAA67
S3150801E8600DF1380C174603CF6745186059603A46CB
S3150801E87003F10803F6D138681860BA8800279A8028
S3150801E88041460AAA02A808F0B1FBD8B996F8A03001
S3150801E890033B022BC7D848460AA9FFF799FF002868
S3150801E8A0C1D02A460AAB0EAD1C4603CCAC42106059
S3150801E8B05160234602F10802F6D10027206810604C
S3150801E8C0A3889380384611B0BDE8F083284000201C
S3150801E8D030B50D4687B01823144600216A46E8F775
S3150801E8E0D8FE9DF81430AB4209D12046FDF792FBBC
S3150801E8F018B9214601A8E8F7E1FB07B030BD0020A9
S3150801E900FBE72DE9F04104460D46174606683EB970
S3150801E9103B462A462046BDE8F04107211BF092BB3B
S3150801E9202A4607213046FFF7D3FF08B9F669EEE70D
S3150801E930BDE8F08130B548F2FE020446002385B0F1
S3150801E9400C4902A8CDE90023FDF726FBE56E45B97A
S3150801E95064236A46052104F16C001BF073FB05B0BC
S3150801E96030BD6A4605212846FFF7B2FF0028F6D1D1
S3150801E970ED69ECE7703C002030B548F2FE0204462A
S3150801E980002387B00D4904A8CDE90223FDF704FB4E
S3150801E9906846216820F0EEFB009D0DB907B030BD31
S3150801E9A00521284602AAFFF793FF18B129462046F2
S3150801E9B0E9F73DFA6846E8F723FDEDE7703C0020E4
S3150801E9C070B54FF6FE7204460026154D012105F570
S3150801E9D00053A3F8902683F8AC66FFF785FA04F589
S3150801E9E09070FCF739FE04F16C00FFF7C5FF04F5DA
S3150801E9F0E270E9F772FD237805F5805566F3C303DE
S3150801EA0023700120A4F8B461A4F8BC611BF09CF83A
S3150801EA1095F8483F66F3041385F8483F70BD00BF73
S3150801EA20F01A0020012970B5044605D12348ECF7F0
S3150801EA3023FD2348ECF720FD63787BB304F16C05CD
S3150801EA4004F17400E9F749FD28460025E9F7F7F9C5
S3150801EA5004F5867084F80851E9F73FFD04F5F0706E
S3150801EA60E9F73BFD174884F8D051E9F736FD20460A
S3150801EA70FFF7A6FF04F5157017F050FC04F51070A2
S3150801EA8017F04CFC04F50A701AF0AEFE04F5047092
S3150801EA901AF0AAFE29462046FFF726FA94F89C3171
S3150801EAA0012B0AD1D4E96830002284F89C21C4F8E4
S3150801EAB0A02113B1BDE87040184770BD3439002054
S3150801EAC060390020083A002010B543780446FBB1A6
S3150801EAD0012B03D190F82131012B17D094F823315A
S3150801EAE013B90C48ECF7C8FC2046FFF769FF00216B
S3150801EAF004F1280003F08FFF4FF6FE712046FCF75C
S3150801EB00D4FC002104F59070FFF778FB002010BDB6
S3150801EB100D20FCE76039002010B590F870300446E6
S3150801EB2093B90A4991F87C3B033B022B0CD801F6B1
S3150801EB301A30FDF76FFA38B904F1500001F61A31A7
S3150801EB40BDE81040E8F784BB10BD00BFF02A0020DD
S3150801EB502DE9F341037805460E46904643B100F187
S3150801EB603E013046FFF734FE00283AD0002420E063
S3150801EB7000F12C0702213846FEF764FA0446C0B9AB
S3150801EB80334605F13E0206F1100153F8040B8B4298
S3150801EB9042F8040BF9D11B881380AB8F6BB93A463F
S3150801EBA039461148FFF739FD044630B13846FEF7B4
S3150801EBB00BFA204602B0BDE8F08104212846FDF78C
S3150801EBC064FE2846FDF745FFB8F1010FCED1074887
S3150801EBD0FFF7A2FF01A905F198000196FCF793FA40
S3150801EBE0C4E70524E5E700BF883100202835002061
S3150801EBF0F0B51C468DB0074602A80D461646E8F73D
S3150801EC0040FB238C2BB12A8A9A4202D007200DB0E9
S3150801EC10F0BD234602AA04F1200C14461868596867
S3150801EC20083303C463452246F7D1186820609B88D8
S3150801EC3006A8A380FDF7EEF990B105F11201084681
S3150801EC40FDF7E8F90028E1D10B4606AA05F1220CE1
S3150801EC50144618685968083303C463452246F7D130
S3150801EC60BDF82A3023B96B8C002BCFD0ADF82A30EA
S3150801EC7002A8FDF7CFF918B1294602A8E8F7E8FA7C
S3150801EC802B8A03B32B8A0822ADF828305BBAADF874
S3150801EC900030BDF82A3069465BBAADF8023073898F
S3150801ECA0304608335BBAADF804300023ADF80630B8
S3150801ECB0E8F7A4FF0028AAD1B0811122304602A99B
S3150801ECC01DF07EFEA3E72A4629463846FFF7A5FC2E
S3150801ECD00028D7D09BE72DE9F04315468FB080462B
S3150801ECE001A89946FCF792FD04A80F46E8F7C9FA68
S3150801ECF095F83030013385F83030E8F7A5FA6B6AB4
S3150801ED000344EB606B88002B50D1022101A8FAF766
S3150801ED1015F80446002840F0A180BDF80410002922
S3150801ED20F3D049BA404689B2FCF73BFD0028ECD13D
S3150801ED30BDF804305BBA6B809DF8063095F829203A
S3150801ED4003F00703012A8DF8063004BF43F00103D7
S3150801ED508DF806302B780820032B14BF4FF48073E7
S3150801ED604FF400734749ADF808301BF0A5F906467C
S3150801ED70002800F085800C2201A9E8F7E5FD044684
S3150801ED80002851D17B894022403B394630469BB207
S3150801ED90E8F7F8FE0446002846D12B78062B09D851
S3150801EDA0DFE803F02D23252727292B005BBAADF8C9
S3150801EDB00430C1E700235BBAADF800304FF4807325
S3150801EDC069463046ADF80230EAF7E9F9044658BB18
S3150801EDD02B78032B15D0B28973899B1A95F82C20A9
S3150801EDE09BB2022A24D107241EE00123E3E70C2360
S3150801EDF0E1E72123DFE71023DDE76B8EDBE71C2341
S3150801EE00D9E77B894022403B394630469BB2E8F731
S3150801EE10B9FE044640B91C4B694630460093EAF7E9
S3150801EE20BEF904460028D6D03046E8F7EFFA15E0D1
S3150801EE30B3F5007FD7D808AC05F110030FCB84E8EA
S3150801EE400F002B8C3246ADF83230104804AB08F16E
S3150801EE500401FFF7CDFE04460028E5D1B9F1000FFC
S3150801EE6004D0E96808F14400E9F72EFB3846402347
S3150801EE702A460021E8F726FD20460FB0BDE8F083B3
S3150801EE800324EBE77AC30408001000018831002047
S3150801EE902DE9F0479946838A88B006460C4690467E
S3150801EEA09DF840A05BB10B78012B0FD191F82A3060
S3150801EEB0012B06D1274802A908F062FE30B10D25BB
S3150801EEC000E00725284608B0BDE8F0874A464146CE
S3150801EED0204601AB16F0A0FC05460028F2D1019F99
S3150801EEE00122394606F13C00E8F769FF012322466B
S3150801EEF039463046FFF7EFFE054620B1394630461A
S3150801EF00FCF7F4FBDEE7BAF1070FDBD0608084F883
S3150801EF1030004A464146204684F800A0676302ABA2
S3150801EF2016F07AFC0028CDD1DDF8088022460123A7
S3150801EF3041463046FFF7CFFE39462046FCF7D0FB5F
S3150801EF404023224629463846C4F83880E8F7BAFCF1
S3150801EF50B8E700BF284000202DE9F04393B00446E6
S3150801EF6016461F460D46DDF86C809DF8709019B956
S3150801EF70072013B0BDE8F08302A8FCF74CFC414614
S3150801EF8004F1500206A8FDF755F88DF83990B8F145
S3150801EF90000F03D098F81B30052B0CD09DF83330A1
S3150801EFA0052B08D106A904F17100FFF7D5F910B1AF
S3150801EFB004238DF833309DF83330022B14D0042BFB
S3150801EFC010D0012B18D1072204238DF808301A9B7B
S3150801EFD0009204932A463346204602A90397FFF76F
S3150801EFE057FFC6E70522EFE705238DF80830B9F183
S3150801EFF0000FBDD10722EAE703238DF80830F9E7A8
S3150801F000F0B591B0044668460E46FCF769FB9DF8D3
S3150801F0100030032B02D0012011B0F0BD9DF82B3032
S3150801F020052BF8D104A8FCF7F5FF70BB04F17107AD
S3150801F030384604A9FFF790F938BB94F8A150032D77
S3150801F0400ED1E8F795FFC0B2B0FBF5F505EB45051E
S3150801F050401B04EB001000F171013846FCF712F869
S3150801F06094F8A130032B10D05A1C04EB031384F82F
S3150801F070A120713304AA08AF154603CDBD42186015
S3150801F08059602A4603F10803F6D130467189E8F733
S3150801F0902FFE07460028BED00523002501466A46ED
S3150801F0A08DF8003020460123ADF802508DF8305016
S3150801F0B00D96FFF710FE04236A468DF80030314697
S3150801F0C001232046ADF802508DF830500E97FFF710
S3150801F0D002FE2846A0E72DE9F0410C46E8B00021DA
S3150801F0E00646154603A8202229F0A3F8214618A8A2
S3150801F0F0FCF7F6FA9DF86030033B012B4CD89DF8D6
S3150801F1009130002B48D02A46214603A816F064F808
S3150801F110342200210BA829F08CF8FF23002140276F
S3150801F120ADF83C306A460DF1A0080BAB03A8CDE952
S3150801F1300014CDF83880ADF80870FCF7BAFF05461B
S3150801F14050BB0DF13E00FCF765FF28B320468DF84C
S3150801F1506050ADF862508DF8905017F0BBF829460B
S3150801F16025906B46424618A816F056FB054698B9EF
S3150801F170DDF80080012318AA41463046FFF7ABFDAA
S3150801F180214618A8FCF7ACFA3B462946204618AA98
S3150801F190CDF89880E8F796FB68B0BDE8F0812DE9CF
S3150801F1A0F04399B0064602A80D468C89FCF72EFB5A
S3150801F1B000230246CDE90533ADF81C3021460C2360
S3150801F1C02846E8F766FA002840F0AD809DF80A302F
S3150801F1D00C34DA09ADF8064000F0A58013F0780F73
S3150801F1E040F0A1809A07C3F3400700F19C80BDF85F
S3150801F1F00810304649BA89B2FCF7D3FA0446002802
S3150801F20000F09180014608A8FCF76AFA9DF820806B
S3150801F2104023B8F1030F14BF4FF001094FF002095B
S3150801F220BDF80C20ADF81C3053BA9BB24B45069479
S3150801F23073D1284605AA0DF10601FCF73DFC002805
S3150801F24071D1BDF806300433ADF806307B1C9945FB
S3150801F2504FF00107EDD8BDF80E20284652BA92B2F2
S3150801F2600DF10601FCF7F1FC00285CD1BDF8102070
S3150801F270284652BA92B20DF10601FCF7E6FC0028BF
S3150801F28051D1BDF81220284652BA92B20DF10601A3
S3150801F290FCF7DBFC002846D19DF80B20464B02F013
S3150801F2A00F02134493F82C706FB9B8F1030F0AD102
S3150801F2B006F171080CA94046FFF74EF8014610B150
S3150801F2C04046FBF7DFFE05A8FCF7A0FA214608A889
S3150801F2D0FCF706FA9DF8203063BB9DF84A30012BEE
S3150801F2E028D10C232846A98905AAE8F7D2F908BB2B
S3150801F2F09DF8173013F00F0318D0032B1AD00022EC
S3150801F3000123ADF822208DF850202146304608AA5F
S3150801F3108DF82030FFF7DFFC05E09DF80B301B0761
S3150801F32001D0002A97D019B0BDE8F083BDF81A308C
S3150801F330002BE4D06FB121463046FFF761FE002865
S3150801F340F1D03A462146304619B0BDE8F043FCF7FC
S3150801F35043BA2A4621463046FFF7BDFE204616F037
S3150801F360B9FF07465FB9204616F0B4FF3B4601468A
S3150801F3702A46304619B0BDE8F043FCF7F2B93946DA
S3150801F38008A8FCF7ADF9BC4201D0179B0BB1169F33
S3150801F390E8E7214608A8FCF7A3F9179E002EC2D173
S3150801F3A069892846E8F7A4FC402317903146204688
S3150801F3B008AAE8F787FAB6E758CA040870B5254DCA
S3150801F3C094B068461FF09FFED5F8741A02A81FF07C
S3150801F3D0D1FE05F63825029CD4B9DDE9003103F1E1
S3150801F3E00043013B8B4202D01B48E9F76DF814B084
S3150801F3F070BD21462846FFF703FE20BB214604A817
S3150801F400FCF76EF968460799E8F7E6FE129CB4B16F
S3150801F410214604A8FCF764F9139E002EF6D1009A3A
S3150801F420079BD21A002AEDDB9DF840209DF838305B
S3150801F4309A42DED31C2221462846FCF7CDF902A8BA
S3150801F440E7F7DEFFC7E733462146284604AAFFF752
S3150801F45042FCD7E7F02A00206C35002070B58C4CA9
S3150801F46090B094F8DC3A023B032B00F28380DFE884
S3150801F47013F00400DE000901040000230820854971
S3150801F480019305931AF018FE05460198A84202D081
S3150801F4901FF01EFF0195019B002B00F099800023A8
S3150801F4A001A88DF8083018F0DFFF0546002874D149
S3150801F4B0019843893033B3F5A06F5DD201227649AD
S3150801F4C07648FDF773FA40B1B4F8DE5AE8F750FD0D
S3150801F4D080B28542A4F8DE0AF8D006A81FF0B4FC6B
S3150801F4E00C23002106AA0198E8F7D3F8B4F8DE3A06
S3150801F4F000215BBA0198ADF8183006AA0C23E8F783
S3150801F500E1F9012101A815F07DFD0546002844D140
S3150801F5104FF40073014606AA0198ADF822300C2370
S3150801F520E8F7D0F906A8019DE7F7ABFE5C492A463C
S3150801F53006ABA1F58E60FFF75BFB0646054660BB89
S3150801F5400190E7F781FE94F8DD3AC4F8E80A66F314
S3150801F55003030321514884F8DD3AFDF796F9514B27
S3150801F56093F85B311B0702D40B2016F003F90198B7
S3150801F5701FF0AEFE10B070BD012629468DF8086051
S3150801F580E7F764FF324648494448FDF70FFA01A8F0
S3150801F59018F06AFF0546002890D094F8DC3A052B46
S3150801F5A01CBF052384F8DC3A94F8DD3A03F00F0210
S3150801F5B0072A0FD8013262F303030A21FA2084F8D5
S3150801F5C0DD3AE8F7F7FC01463848E8F712FFCEE7D7
S3150801F5D00325E2E7D4F8E40A78B105214FF6FF736B
S3150801F5E0B0FBF1F1994228BF194689B2B1F5FA7F04
S3150801F5F038BF4FF4FA71E8F7DDFC01462B48E8F706
S3150801F600F8FE0A22D4F8E43A2946B3FBF2F3284A6B
S3150801F61003EB0313934294BFC4F8E43AC4F8E42A0B
S3150801F620244A0023A2F17000FBF761FD9FE70A2235
S3150801F630D4F8E43A0221B3FBF2F31D4A03EB0313B0
S3150801F6401648934294BFC4F8E43AC4F8E42AFDF78D
S3150801F6501CF9184A00231C21A2F17000FBF747FD8B
S3150801F66094F87E3BFF2B05D10C4810B0BDE87040DD
S3150801F67015F056BD0133DBB2022B84F87E3B7FF6CB
S3150801F68079AFF1E7054810B0BDE87040FDF7E1B97B
S3150801F690F02A00207AC30408DCCA0408CC35002005
S3150801F6A0F8350020F03A0020E4CA04084C36002058
S3150801F6B080EE36003C360020F0B593B008A8E7F78F
S3150801F6C0E0FD4FF2BF035C4CADF8423094F85901A6
S3150801F6D01FF0DDFA002800F08A804FF6FE73B4F8B1
S3150801F6E090269A4200F0838094F8D436D9077ED4BE
S3150801F6F094F85B319A0703D415F0E3FE002876D017
S3150801F70094F8D536012B72D194F8FF36002B6ED1B9
S3150801F710272016F041F90646002871D094F8D53607
S3150801F720012B1FD194F8FF76E7B904AD04F2E4631F
S3150801F7300FCB85E80F0010232A4639463046E9F7EC
S3150801F74034FD00284ED10823032130463B4AE9F708
S3150801F7502CFD002846D1022384F8D536E7F774FD37
S3150801F760C4F8D80694F85B319B0702D415F0A9FEB4
S3150801F77098BBB4F890360CAAD4E9D20182E8030002
S3150801F7804FF07F420E92FE222D4D5BBA2D4908A8F5
S3150801F790ADF83C20ADF83E30E7F75AFD31462A4B25
S3150801F7A0009508AAA5F6A860E8F708FF074628BB4A
S3150801F7B094F8D4360C3543F0010384F8D43604ABF7
S3150801F7C00FCB85E80F0094F85B01C4F8FC7610F0BE
S3150801F7D008000CD115F0CEFF09E00DF10F0015F068
S3150801F7E0C1FE30B1032819D03046E7F70FFE13B032
S3150801F7F0F0BD9DF80F30A3F57C73BCE70328F2E74B
S3150801F80094F8FE363BB9052384F8FE36D4F8FC068F
S3150801F8101FF013FBEBE7052BE9D9F4E794F8FE365D
S3150801F820013B042BE0D9052384F8FE36D4F8FC06FF
S3150801F8301FF003FBD8E700BFF03A0020603E002026
S3150801F840A8410020703E002079E7010830B5244C14
S3150801F8508DB0D4F8745785B194F870377BB1D4F864
S3150801F860681704F254734842009301401D4BB4F8DB
S3150801F8706E27A4F1B800EAF742F90DB030BD02A827
S3150801F880E7F7FFFC4FF2BF03ADF82A30698994F810
S3150801F89071370139C91A2846012304F2717289B2EE
S3150801F8A0E8F710F804F5607102A8E7F7D1FC06AD90
S3150801F8B004F254730FCB85E80F00D4F8741702AA23
S3150801F8C0A4F5FE60E8F7ACFF08B9C4F87407D4F8E4
S3150801F8D0740708B1E7F79AFD0023C4F87437CCE733
S3150801F8E0F03A002011B40108F0B5044600268BB0A1
S3150801F8F0FBF7DBFD434D02212046FEF7F5FA04F539
S3150801F9009070FBF7A9FE95F8483F04F5DA776FF38F
S3150801F910041385F8483F3846A4F8B461A4F8BC61D5
S3150801F920FBF7C2FE3846FEF7F3FC84F8086104F5D6
S3150801F9308670E8F7D2FD94F8D031022B1ED184F8EF
S3150801F940D061012694F8D13105F580559E4055F8C8
S3150801F950AC3C1E40C5F814679EBB05F22470E8F757
S3150801F960BCFD85F81E674FF47A73C5F8183700236E
S3150801F97003212548A5F81C37FDF79CFB4FF6FE72B7
S3150801F980E388934218D0B4F844209A4214D0B4F8C4
S3150801F990003168460133A4F80031E7F772FC00200C
S3150801F9A01A491AF089FB054630B10021E7F74EFDE1
S3150801F9B058B12846E7F72AFDB4F84430E3800BB07E
S3150801F9C0F0BD1148FDF762FBCDE7684604F5047101
S3150801F9D0E7F73EFCD4F8F001D4F8F41104AB03C3FD
S3150801F9E04FF07F430693FE23E288694652BAADF883
S3150801F9F01E2028463B22ADF81C301CF0E1FF0028EA
S3150801FA00DAD0D6E7F02A0020044200207AC3040897
S3150801FA102DE9F0410C4690B0054606A8E7F731FCFA
S3150801FA2023460AAC03F110062246186859680833BA
S3150801FA3003C2B3421446F7D1294906A8E7F708FCD9
S3150801FA4044F64C53ADF83A30FF2300218DF83C308B
S3150801FA50284601230DF10B02E7F71BFE9DF80B80E3
S3150801FA60B8F1000F31D103AF1E4E3A4601210A23E0
S3150801FA702846E7F70EFED6F8DC4ED6F8043F2046B0
S3150801FA80CDF80D30E7F75EFC04F07F040A233A4609
S3150801FA900121CDF81100013428468DF81540E7F704
S3150801FAA011FF0B2329464046009706AA16F0FAF8D5
S3150801FAB090B9D6F8043FD6F80C2F01339342C6F80D
S3150801FAC0043F02D30848FEF797FA08492A4606ABC7
S3150801FAD0A1F53460FFF78CF810B0BDE8F08100BFDE
S3150801FAE0403E0020F02A0020483C0020C83C002067
S3150801FAF00346B3F5404F07B5084600D3FEE76FEA5C
S3150801FB0083436FEA93430DF106015BBAADF80630FC
S3150801FB10E9F748FB03B05DF804FB2DE9F04F002730
S3150801FB20D1F800909A4699F8043093B0DB09064655
S3150801FB300D461446B8469DF870B0049700F0EB8060
S3150801FB404368002B00F0A780B9F80A30B3F5A06F17
S3150801FB5007D9022404981FF0BBFB204613B0BDE861
S3150801FB60F08F794902F10800EBF79AFE002859D07F
S3150801FB70BBF1000FEDD03378002B59D129469DF8FA
S3150801FB80742004A81AF031F904460028E2D1049D2C
S3150801FB90ADF814006B8908AAADF8163005A9282313
S3150801FBA02846E7F74CFE282105A8E8F7AFF99DF89E
S3150801FBB02630002B40F0A980284602AA05A91AF08A
S3150801FBC0FBF80446002840F0A080BDF81630002B4B
S3150801FBD063D1022C00F29780002C00F09680BDF8C4
S3150801FBE014200821083A92B2284600922A46E8F7D4
S3150801FBF03DF808212846E7F7B6FC022C40F08D802F
S3150801FC009DF808308DF82630BDF8243000215BBAFE
S3150801FC10083B5BBAADF82430282308AA2846E7F73B
S3150801FC2051FE72E03378002BA8D0BBF1000FA5D0A6
S3150801FC3004F118010846FCF703FC00289ED1BAF125
S3150801FC40110F13D0BAF13A0F98D196F82E001FF07A
S3150801FC5006F9002892D04846B9F80C1008AAFCF70C
S3150801FC6077F99DF82030802B88D172E708AA484693
S3150801FC70B9F80C10FCF76CF9BDF82230334A5BBAB7
S3150801FC80D2F8A0269BB2002A3FF478AF118A99428E
S3150801FC9001D0126BF7E704245CE7294605AA03A8F5
S3150801FCA0FCF74CFC88BB9DF80C30012B1DD96D2B3C
S3150801FCB023D154BB03A8FCF73AFCBDF81620BDF8BE
S3150801FCC014808242174628BF07460628BFB21CD8A9
S3150801FCD0B8F12A0F02D19DF8093093B1424408F1CF
S3150801FCE0080492B2A31A5C425C4103A8FCF71FFC04
S3150801FCF0014605A8E8F70AF967E7002C18BF0324A7
S3150801FD00F3E70224F1E7032C13D0002328460493D2
S3150801FD10D6E90131984700241CE79DF809302821C6
S3150801FD20013B8DF809302846022302AAE7F7CAFDE6
S3150801FD306AE7F9B206A8FCF723FCFCF7F8FB41468B
S3150801FD40034606AA6AE700BF383E0020F02A0020CB
S3150801FD5010B50C4600F5F8712046EBF7A1FD60B128
S3150801FD6004F10800FCF72AF938B1A07BFB288EBFFD
S3150801FD70002080F00200C0F3400010BD10B50C460B
S3150801FD8000F5F8712046EBF78BFD28B104F1080060
S3150801FD90BDE81040FCF71EB910BD13232DE9F04F3D
S3150801FDA085B00C4669460746B0F80A808DF80030DA
S3150801FDB0E9F7F8F9054600283AD138463F49FBF7ED
S3150801FDC075FA0546A0BB012C26D03D49DFF8F8A0F7
S3150801FDD0A1F57B60FEF716FC70B338460AF57B6120
S3150801FDE0FBF764FA002867D10226DFF8E090DFF80E
S3150801FDF0E0B0D9F834470CBB15F03AFF60B1D9F831
S3150801FE00381701A8CDE9014A8DF80C40FCF716FC14
S3150801FE102C4C019900293BD17B896A46023BA3EB0D
S3150801FE2008038DF80130414602233846E7F74AFDB3
S3150801FE30284605B0BDE8F08F0126D6E72046FCF72F
S3150801FE40B4F918BB48F2FE02238823F47C53934283
S3150801FE501CD021465846FFF77BFFB8B921465846BC
S3150801FE60FFF78CFF90B920461449E7F727F968B9D7
S3150801FE7020461349E7F722F940B921463846FBF7E8
S3150801FE8015FAC8B90136F6B2042EC5D06469B2E7C7
S3150801FE9094F85B311B0703D50846FCF7D1FA38B14C
S3150801FEA03846FBF703FA38B90136F6B2042EB3D051
S3150801FEB001A8FDF7BFFFACE70546B9E7583E0020A4
S3150801FEC0D4410020F03A002024320020F02A0020F4
S3150801FED0483C00202DE9FF4100F114070646394642
S3150801FEE04448EAF753FA48B1434890F85931022B86
S3150801FEF07CD0002100F5C07002F08DFD0B201EF0AC
S3150801FF008BFE0546002873D0042196F8593006F170
S3150801FF105102E9F74AF9044600285ED1DFF8E48080
S3150801FF2005212846D8F8002FE9F78BF90446002859
S3150801FF3053D108212846D8F8042FE9F782F904464F
S3150801FF4000284AD108F580580121284698F85B21EE
S3150801FF50E9F760F9044600283FD102212846D8F876
S3150801FF606421E9F76EF90446B8BB05221221284631
S3150801FF70E9F75BF9044680BB2846FEF7F9F804461B
S3150801FF8058BB98F85B319B072ED428463179FFF781
S3150801FF9004FF044608BB02230D212846174AE9F740
S3150801FFA004F90446C8B92846FEF702F90446A0B979
S3150801FFB00721384602F02FFD114B3946C5E90936A6
S3150801FFC048F2FE0302A8CDE90034FBF7E5FF6946CE
S3150801FFD02846FFF71DFD044610B12846E7F716FA2D
S3150801FFE0204604B0BDE8F0810323D5E71824F7E7D6
S3150801FFF00324F5E7703C0020F03A0020ECCA040817
S3150802000009000208F02A002070B5037914461A0777
S3150802001005460BD50C4B93F85B0110F0080605D183
S31508020020012015F0E9FE304619F08EFD2B799B0763
S3150802003008D56378042B05D1012323712046BDE830
S31508020040704047E770BD00BFF03A00202DE9F8433B
S3150802005000F5F876044630460D46EBF721FC0028F3
S3150802006065D13346334F286807F23478C146696842
S3150802007003C3D7F8345765BBD7F838572E4FA7F6B8
S315080200806448002D3CD14022D4F8F0311020C4F83F
S3150802009010327368C4F81432D4F8F031C4F828322E
S315080200A07368C4F82C32D4F8F031C4F84432736851
S315080200B084F84322C4F84832D4F8F031C4F85832E6
S315080200C0736884F85722C4F85C32BDE8F84319F01D
S315080200D0E5BBEB7CDB0711D52A4600214046FCF737
S315080200E05AFAEB7C2A466FF34103EB74134B03CBA4
S315080200F02860696048460121FCF74DFA6D69BAE73E
S31508020100BD4202D00E4B9D420FD12A4600210D4810
S3150802011019F0D2FB094B2A4603CB40236860A96033
S3150802012040460121EB7019F0C7FB2D69A9E7BDE826
S31508020130F88300BFF02A0020883E0020383E0020BF
S315080201409C3E00202432002070B50546087C0E46E7
S315080201501446FBF70EFF00B9FEE72846E7F730F824
S3150802016031462846FCF74EF8337C621EDB08033418
S31508020170082B14BF1946092112F8010F4B1CA2427B
S31508020180DBB26854F4D170BD10B5044686B001A836
S31508020190ADF81410E7F714F8214601AA0248FEF74B
S315080201A03CFA06B010BD00BF8831002037B50546B7
S315080201B000680C46F8F78CFD58B1102221462868CB
S315080201C001ABF8F77BFD00B1FEE7019B102B06D0C9
S315080201D0FEE7204603B0BDE83040E6F7F1BF03B0BC
S315080201E030BD30B503680446002B0D4685B00DDBDD
S315080201F06946FFF7DBFF29466846E6F75FFF28B13F
S315080202004FF4802019F07EFB05B030BD2946002543
S3150802021001222046FDF76AFC4FF4802019F03EFBC6
S315080202204FF4807019F03AFB20466560FDF714FB1F
S31508020230034BC3E96455C3F89851C3F88C51E3E7F5
S31508020240F03A00202DE9F04304469FB004A8FCF7D3
S3150802025091FE18A8FCF78EFE94F8A0504FF00009FC
S31508020260002D00F0BB8023781BB1EB1E022B00F297
S31508020270B58004A8FCF77EFE0021204618AAFEF7E0
S31508020280AFFA70B994F8A030032B02D0032384F88E
S31508020290A03004AE18AF0FCF0FC63B6833800026D6
S315080202A081E06A4B09A8019300234FF01708CDE9AC
S315080202B00233E6F7FFFF0EA901A807F081FD86467D
S315080202C078B1B8F1000F38D00121204618AAFEF7F6
S315080202D087FA0028E3D194F8A030052BD9D0052354
S315080202E0D5E7B8F1170F9DF848C010D109AE0EAF81
S315080202F00FCF0FC6D7F800800EAFC6F8008013AE30
S315080203000FCF0FC6E146C6F80080F046D3E79DF840
S315080203103430A3EB0C031B0605D509AE0EAF0FCF7F
S315080203200FC63B683360CC45C5D913AE0EAF0FCFA7
S315080203300FC63B68E1463360BDE7CDE902880EA9E0
S3150802034001A807F03DFD88B99DF848309DF834208C
S315080203509342F4D09B1ADBB2802BF0D809AE13AFC6
S315080203600FCF0FC68DF85C903B6833600023CDE94A
S3150802037002330EA901A807F023FD90B309A904A820
S31508020380E6F766FF3523ADF8203094F8A030042B43
S315080203909DF8343035D194F8A1209A423FF47FAFC4
S315080203A084F8A130012623785BB104A904F13E0042
S315080203B0FEF70EFA00B18EB1002201212046FCF7A3
S315080203C009FE04A8FBF726FE014600B394F8A030FE
S315080203D0033B022B02D8022384F8A0301FB0BDE8E3
S315080203E0F0839DF848209DF834309A42C1D19DF891
S315080203F035309DF84920934228BF13468DF835308B
S31508020400B7E784F8A130042384F8A030CAE7022D9E
S3150802041015D008D9033D022D15D90122204604A973
S31508020420FEF796FBDAE7D4F8942004F18C039A4295
S3150802043008BF012104F12400FAF79BFEEDE72946DD
S3150802044004F12400F8E70321FAE700BF2840002058
S3150802045038B543780546022B0C4643D10846E6F7DB
S3150802046029FFB5F8443023819B0AA372AB6A23603D
S31508020470EB6A6360237C43F00103237495F86030CA
S31508020480E37295F8463003F00F03DA1F53425341DD
S31508020490227C63F34102227495F86130C3F3031395
S315080204A0237395F84C30C3F30103637395F84C3004
S315080204B0C3F38103A373E6F7C7FE2B6BC01A4FF487
S315080204C07A73B0FBF3F0E073B5F848300020FF2BDF
S315080204D028BFFF23637495F86330A37495F86430D4
S315080204E0E37438BD0D20FCE7F8B53B4B04461B7890
S315080204F00D46002B6DD1394E96F80C38002B68D074
S315080205004FF6FF73B6F8507F9F4207D1E7F730FDE3
S3150802051081B2B942FAD03248E9F75DFA0027204695
S31508020520FEF74EFA04F5047019F09AF904F51070FC
S3150802053015F0DEFE04F5157015F0DAFE2046A188E0
S31508020540FAF7B3FF27492848A6F8147FA6F8107FBA
S31508020550E7F74FFF04F59076A4F82871A5BB234860
S31508020560EAF78AFFB0FA80F0400984F82301204CA2
S3150802057094F85971A4F86052012F25D14FF6FE72EC
S31508020580B4F85C3193421FD0C3F30803E3B194F87D
S315080205905A31022B18D104F5C070E9F7A1F998B1BE
S315080205A004F51C7084F86072E9F724FF0423192104
S315080205B0284684F86132E7F7EFFC411C04F5197006
S315080205C0E7F717FF0020F8BD00213046FDF716FEB3
S315080205D0F8E70D20F7E700BF5C190020F02A002093
S315080205E0383A002080EE3600083A002034390020D6
S315080205F0F03A00202DE9F04FC5B00C4603AA0C21AB
S315080206000646E8F7B9FC0746002845D1BDF80E505C
S31508020610FE2D00F28880BDF80C80728905EB08036E
S315080206209BB29A427FD3A37994F805A00193FE233D
S31508020630434C01468DF80B3004AA0DF10B0304F561
S31508020640A76094F85BB102F09FFE2A4641463046FF
S31508020650D4F838351EF061FDD4F8388584F83C554F
S31508020660C14645444D451BD8019B1BF0010F84F832
S315080206703FA584F83E3502D1324802F0ECFD94F8E3
S315080206803E3694F83C254FF40070934238BF134621
S3150802069084F83E3619F002F9384645B0BDE8F08FBF
S315080206A009F10202954235D399F8016002364E44A1
S315080206B0B5422FD399F800205208012A03D0052AF9
S315080206C01ED0B146CEE7484602F078FB10B348463C
S315080206D002F084FB0028F4D08642F2D9831C9E429B
S315080206E018D343789A1C0244964213D301784908D0
S315080206F006291CD8DFE801F01D1B190C1B1B0C0070
S31508020700484602F071FB28B1484602F09EFBE1E733
S31508020710012B0CD89DF80B5040462A4604A927F00F
S31508020720A7FF84F83C550627B6E79B07F2D1104681
S31508020730D2E705494B43B3F1553FF8D9EAE700BF7B
S31508020740F03A002028400020ABAAAAAA2DE9F043D5
S315080207500D4689B0044606A92868FAF70AFF06462E
S3150802076098B9236A069A9A420BD19DF81C2094F8E6
S3150802077024309A4205D19DF81F2094F827309A42D0
S3150802078007D06378022B1FD00226304609B0BDE88F
S31508020790F0832378DA071FD4E37813F0010F444B6A
S315080207A019BF9DF81D2093F83F359DF81E2093F832
S315080207B03E359B1A1B060FD4002304F5DA70A4F8FB
S315080207C0BC31FDF7A5FDE0E7204606A9FAF753FE78
S315080207D0237843F00103237008231621286804AA04
S315080207E0E8F7B1FC18B117281ED00626CDE731491D
S315080207F004A8EBF72CFD80462868B8F1000F07D04D
S31508020800182102AAE8F7B8FB00283AD14FF00108E6
S315080208100823172128680DEB0302E8F794FC30B188
S315080208201728E2D100270FE04FF00008F0E7224927
S3150802083002A8EBF70CFD074628682FB1192101AA71
S31508020840E8F79AFBE8B9012706A92868FFF7D2FE56
S315080208500146814618B1172815D0064695E7B8F11C
S31508020860000F03D0286804AAFAF7B7FE27B10121B8
S31508020870286802AAFAF7B1FE23786FF300032370F9
S315080208809AE74FF000096B681B78FF2B0DD14FF4DE
S315080208907A710020E7F780FB421C696804F16C0054
S315080208A01031FEF72EF84E466FE70A22F5E700BF2B
S315080208B0F03A0020443900207039002000232DE93F
S315080208C0F04FAFB0CDE9123314938DF854304B790B
S315080208D0044613F0180F0D461746CDE9101240F0DC
S315080208E0B480138A48F2FE0223F47C53934240F002
S315080208F0AC803846FBF7B4FC0646002800F0A58013
S3150802090097F82430FF2B40F0A080012328468989D6
S315080209100DF11102E6F7BDFE002840F0968001218E
S315080209202846E6F714FE9DF81130FF2B40F0C380E7
S3150802093001232846A9890DF11202E6F7AAFE002824
S3150802094040F0838001212846E6F701FE9DF8123021
S31508020950112B7AD1DFF83C8398F8E433012B74D152
S315080209601A2128460BAAE8F707FB00286DD11FAC07
S315080209703C220021204627F05CFC20238DF8B53066
S315080209806B8A05F12C00ADF8AE302B7A07F1180107
S315080209908DF8B230FDF78DF995F82E308DF8B30043
S315080209A020468DF8B4300027E9F7E7FCBDF82E306B
S315080209B05BB998F82E34DD0701D5002F45D0B1482A
S315080209C00DA90D94FAF79FFB3FE029460BAA16A834
S315080209D0E8F75AFAC8BB9DF8593043B99DF858301A
S315080209E0082B3DD009D8022B25D0032B30D0BDF8D1
S315080209F05C100BA8E7F78AFAD8E7122B54D0812B9A
S31508020A00F5D10423284609AA0BA9E6F718FFE0B987
S31508020A109DF82530012B18D99DF82630C3F3C0025C
S31508020A201B0943EA02139DF8B52022F01F0213435D
S31508020A308DF8B530DBE708232846BDF82C100DF1F2
S31508020A409502E8F7D3FA0028D1D02FB0BDE8F08F87
S31508020A5010222846BDF82C1021ABE8F79AFAF2E7DD
S31508020A60BDF86020002AC2D0102A28BF10221746D5
S31508020A70BDF85E900DF19E008DF89D20E6F7A0FB6D
S31508020A803A460DF19E03494628461EF046FB98F85B
S31508020A902E34DF0706D57C490DF19D00EBF70AF8DF
S31508020AA00028D2D03746A2E72846BDF82C102CAA31
S31508020AB0E8F7CBFAC7E76278002AC6D0002BC4D17A
S31508020AC00DAE0A2332462846A989E6F7E2FD002832
S31508020AD0BBD10A212846E6F73AFD9DF83430152B94
S31508020AE0B3D100963A4629460120AB89DDF839800A
S31508020AF0DDF835B015F0D6F80028A6D14046E6F757
S31508020B0021FC01230DF11202A98980462846E6F73F
S31508020B10C0FD09AE0121284607F1180AE6F717FDB6
S31508020B2030465146E9F729FC9DF81290574BB9F120
S31508020B300C0FCDE91F361FA85DD119F09DF80646A0
S31508020B4000285CD1CDE912B80021284608AAE8F7A0
S31508020B50D2FA002840F0008130461EF0DBF8002861
S31508020B6000F0FA8094F82131042B40F0F5800A212E
S31508020B7028460BAAE8F7BFFA002840F0ED80BDF830
S31508020B802C30BDF820209B0AB3EB922F40F0E4806C
S31508020B90284616A9FAF7EDFC002840F0DD800C215C
S31508020BA028461FAAE8F7E8F9002840F0D58016215A
S31508020BB0082328461FAAE8F7C6FA0146002800F0C5
S31508020BC09C83172840F0C88094F82331022B02D15F
S31508020BD02F48EAF781FC0823172128461FAAE8F7B7
S31508020BE0B2FA002800F09483172840F0B580284806
S31508020BF0EAF772FC91E319F03FF8064670B1B37F43
S31508020C0003F00F03072B09D1B369434532D1336980
S31508020C109B45FFF41AAF0BF101033361A9F10403F3
S31508020C20CDE912B814960F2B3FF60FAF01A252F870
S31508020C3023F000BF990C02084B0A02084B0A020865
S31508020C404B0A0208630D02084B0A0208190F02082A
S31508020C504B0A0208490B02082D150208C916020892
S31508020C60B11302084B0A02084B0A02084B0A020889
S31508020C709D180208BFF4E9AE0023C6F81880F3608F
S31508020C807361C8E7B03E0020CC3E00200100FEFF9B
S31508020C9060390020F03A002060781DF0F8FF00283D
S31508020CA05AD00021284616AAE8F725FA002853D171
S31508020CB028461FA9FAF75DFC00284DD16378022B56
S31508020CC045D104F128039E4246D1B4F84420BDF822
S31508020CD058309A4203D02046FDF7F6FE3CE0236AD6
S31508020CE01F9A9A4205D19DF8832094F827309A4292
S31508020CF007D020461FA9FAF7BEFB237843F0010363
S31508020D002370E6F7A1FA20632378D8070FD4E3788D
S31508020D1013F0010F7F4B19BF9DF8812093F83F35D9
S31508020D209DF8822093F83E359B1A19060BD54FF487
S31508020D307A710020E7F730F907F11001421C04F135
S31508020D406C00FDF7DEFD02238DF8543004E03046D0
S31508020D501DF0E0FF0028D7D1204610A9FCF78AFE2D
S31508020D6073E630461DF0D6FF80460028F4D0592196
S31508020D70284608AAE8F700F90646002876D1DFF8D9
S31508020D8094A1DAF88437002B70D083468146CDE9E0
S31508020D901F002190BDF8221041B9B9F1000F40F0A9
S31508020DA0AD80BBF1000F61D01FA9A9E0294608AAA8
S31508020DB016A8E8F769F8002858D19DF85930A3B95A
S31508020DC09DF85830BBB1052B0FD1B9F1000F4DD1A3
S31508020DD0BBF1000F4AD101232846BDF8201007AA05
S31508020DE0E8F704F9002841D1C146BDF85C1008A805
S31508020DF0E7F78CF8CEE7B9F1000F37D10423284676
S31508020E000BAA08A9E6F71BFD80BB9DF82D30012B1E
S31508020E102CD99DF92E309DF82EB0002B0CDB1BF039
S31508020E20400F1AD1BBF10B0F50D007D8BBF1090FEF
S31508020E302ED0BBF10A0F36D0C346D6E7BBF1400F18
S31508020E40FAD19DF87C30DDF82F0043F001038DF8C6
S31508020E507C30E6F777FA2090EEE707232846BDF8B6
S31508020E6020100BAAE6F715FC0028E7D0204610A9A1
S31508020E70FFF76CFC94F8BC310546012B04D0E378E5
S31508020E801A0701D414F022FA002D3FF45CAF63E787
S31508020E909DF87C3043F002038DF87C309DF82F30A4
S31508020EA08DF88430C8E7FF229DF87C3043F00403AE
S31508020EB08DF87C309DF82F3003EB83135B007F336C
S31508020EC09BB2B3FBF2F38DF88530B5E79DF87C301B
S31508020ED07F2243F008038DF87C3082239DF82F1079
S31508020EE013FB0123FF22B3FBF2F36FF07F02823B6F
S31508020EF09342B8BF13468DF886309DE79DF81C606D
S31508020F003246DAF88457DAF8883707F11000A84724
S31508020F10ACE700BFF03A002005F12C0B5846FCF767
S31508020F20C8FE0021064606AA2846E8F7E4F800287D
S31508020F307FF412AF94F82131042B3FF40DAF12213E
S31508020F4028460DF11602E8F7D6F800287FF404AF12
S31508020F50BDF81630012B7FF6FFAE8DF8840004210A
S31508020F6028461FAAFAF7CEFA00287FF4F5AE9DF8AE
S31508020F708420082A7FF4F0AE04F596711FA828F09B
S31508020F803CFB00287FF4E8AEDFF82094514616A809
S31508020F90E9F7F3F999F85931022B0BD116A909F594
S31508020FA0C070E9F7F3F928B194F8203143F0010348
S31508020FB084F8203128460BA9FAF7DBFA00287FF4D1
S31508020FC0CBAE102128460DF11302E8F755F8002892
S31508020FD07FF4C2AE0C220F2128461FAB9DF8137070
S31508020FE0E7F7B0FF00287FF4B7AE9DF87D30092BEE
S31508020FF002D8072B7FF4B0AE284605A9FAF7D7FA26
S3150802100030B117287FF4A8AE4FF6FF73ADF8143047
S31508021010643676B226EAE676F6B2B74228BF37468D
S31508021020012694F852318DF8546003F00F03032B0E
S3150802103035D116A904F59A70E9F7A8F978BB3846A6
S31508021040FAF776F894F85831BDF8181003F0030C3D
S31508021050C3F38103634528BF63469842BDF8162049
S3150802106040F0B980B4F85031C1F30801C3F308035C
S31508021070B1FA81F0B3FA83F340095B0998420BD1BE
S315080210809DF87E30C4499B09CB5694F97A11994248
S3150802109000F09B8003DB5FE600297FF45DAE2846FD
S315080210A008AA07A9FAF74EFA00287FF455AE0321D3
S315080210B0284604F27112FAF725FA064600287FF442
S315080210C04BAE04F59A755146284604F5AB79E9F70D
S315080210D054F94846E8F764FDB4F8583104F5AD709A
S315080210E003F0F00343F4FE43A4F85831E8F758FD39
S315080210F004F5AE70E8F754FD5846FCF7DAFD0146EA
S315080211004846FCF7F6FD84F85361E6F79DF8BDF804
S315080211101830C4F83C01A4F85031079B9DF8130017
S31508021120C4F84031C4F84831089B0321C4F8443155
S31508021130BDF81630A4F8543194F8523143F0F0034E
S3150802114084F85231F9F7F4FF94F8583160F38303BF
S3150802115084F85831284601F05EFC9DF882308E4AA2
S3150802116084F86E31BDF81430C4F84C81A4F86F3196
S315080211709DF87E309B09D35C84F87A319DF87F30DE
S3150802118084F87B31BDF88030A4F87C319DF87D3037
S31508021190092B40F2AC80BDF885305BBAA4F87E31E3
S315080211A09DF8873084F8803104F5C273DDE90B01B6
S315080211B083E803009DF8843084F88171012B8CBF83
S315080211C00023012384F88C31C6E59DF87F1094F834
S315080211D07B31994202D03FF662AFBDE5B4F854318D
S315080211E09A42F8D19DF87D30B4F87E21092B0ED9A2
S315080211F0BDF885305BBA9BB293420DD19DF88760E4
S3150802120094F88031B34209D0BFF4A6AD47E7B2F5E8
S31508021210A06FF5D04FF4A0639342DCE79DF88020D7
S3150802122094F87C319A42D6D19DF8812094F87D3182
S315080212309A42D0D199F85B311B0754D4D9F8681170
S3150802124056484FF41B520023A1FB000126F000FE6C
S31508021250431C41F10002894603FB01FC4FF41B5172
S3150802126002FB00CCA3FB00320646A3FB010E944404
S3150802127001FB0CE10023494A26F0EAFD9DF81530E8
S315080212809DF814E003EB83035B00A3FB06C203FB92
S3150802129009230393AEFB00231CEB020294F870C1E8
S315080212A00EFB01330CEB8C0C4FEA4C0CACFB06E63E
S315080212B00CFB096694F86FC10292ACFB00900CFB1A
S315080212C00100039A42EB03031EEB090E029A46EB50
S315080212D000069E4208BF964505D0724573EB060680
S315080212E0FFF4DDAE38E594F88131BB428CE74FF462
S315080212F0A063A4F87E31012354E728461FAAFAF709
S315080213006CF917283FF460AC00283FF45DAC23E57E
S31508021310012128461FAAFAF760F92148FDF750FB72
S315080213201F4816A9FAF7A7F804F59A731F461D4A25
S3150802133004F5B67C164618685968083303C6634529
S315080213403246F7D1186830601B7938463371FCF794
S3150802135045FF154B284603F58056B6F8BB2116A954
S31508021360A3F8FC2FBDF82030A6F89C31FFF742F906
S31508021370BDF82C1006F5AC70FEF7B6FA96F85B5176
S3150802138015F0080506D1284614F036FD284618F049
S31508021390DBFBD8E40120FAE778C1040840420F00D3
S315080213A0483C0020703C0020F02A0020F03A002039
S315080213B00323142128460BAAE7F7C5FE00287FF463
S315080213C0CBAC08231621284616AABDF82D60E7F7E6
S315080213D0BAFE00287FF4C0AC1521284608AAE7F70A
S315080213E08AFE00287FF4B8AC0223B44D8DF8543037
S315080213F0BDF8583076BA95F8528FF6B2CBB305F6E1
S31508021400546116A8EAF723FF464555D1BDF82020B0
S31508021410B5F8503F9A424FD10028FFF69DAC4ED000
S31508021420A74B93F85931012B3FF496AC1FA813F03A
S3150802143035FF002861D094F8D05116A8EAF70DFEB8
S31508021440012D05D1D4E9762382428B41BFF484ACBF
S31508021450BDF82030C4E97601A4F8D2310123FA2175
S3150802146084F8D16184F8D03104F5F070E6F7C1FF4B
S3150802147072E4DDF85A9005F6546116A8EAF7E7FE13
S31508021480B9F1000F0BD04645C0D0002816DA05F58B
S31508021490805393F85931012B7FF45EACC6E7464573
S315080214A0BDF85E3005D1B5F8501FBDF8202091422F
S315080214B011D0B3F5807F13D000281CDBB6D14FF6C6
S315080214C0FF717F4AB2F83E388B423FF445AC01338E
S315080214D0A2F83E3840E4B3F5807F3FF43DAC9BE783
S315080214E03046002113F07CFD0022304607F1100138
S315080214F013F02AFD30E4724BCBE716A91FA8EAF7C8
S31508021500A6FE002897DBE5F79FFED5F8A42E6D4BBD
S315080215109A4290D0D5F8A03EC21A002ABFF61CAC51
S315080215204EF65F221B1A934285D815E430461DF003
S31508021530F1FB0023804660788DF89C308DF8A53043
S315080215408DF878301DF0A3FB20B994F80831012BE9
S315080215507FF402AC0021284608AAE7F7CCFD00284A
S315080215607FF4FAAB07F110030DF1A602203753F800
S31508021570041BBB4242F8041BF9D11FA80021F9F744
S31508021580E4FD0B21F9F7E1FD032128460DF19D0241
S31508021590F9F7B8FF30B117287FF4DEAB00238DF8D0
S315080215A0A53009E004211FA8F9F7CFFD0821F9F7AC
S315080215B0CCFD0521F9F7C9FD04F128039E426CD139
S315080215C01121284607AAE7F757FD002844D017280D
S315080215D07FF4C2ABB4F84420BDF820309A427FF4B7
S315080215E07AABB8F1000F0FD0204610A9FFF7AEF874
S315080215F000287FF4B1AB1021284606AAE7F73CFD7E
S3150802160080B317287FF4A8AB28460BA9F9F7CFFFB2
S3150802161018B955211FA8F9F798FD0D2128460BAAD6
S31508021620E7F7AAFC48BBBDF82E602846202E28BF3D
S31508021630202616AB3246BDF82C101DF06EFD16ABF1
S315080216401D468DF878601E44AE4219D015F8011B66
S315080216501FA8F9F77AFDF7E79DF81C30012BB9D1D7
S31508021660FFF739BB9DF81800F9F762FD94F84C307C
S3150802167060F3830384F84C30C6E717287FF46CAB13
S315080216800223204610A98DF85430FCF7F3F92046B8
S315080216901FA91EF0A1FAFFF75FBB00211FA88DF84C
S315080216A09C10F9F752FD1121F9F74FFD9DF8A53067
S315080216B0002BECD00421F9F748FDE8E7F02A0020D0
S315080216C0F03A00208C3900200027042128461FAA58
S315080216D08DF88470F9F716FF20B117287FF43CAB12
S315080216E08DF884706378012B02D0022B33D0FEE783
S315080216F094F80831012B7FF42FAB9DF88420082A31
S315080217007FF42AAB04F58C711FA827F076FF002810
S315080217107FF422AB112128460DF11602E7F7ACFC3D
S3150802172030BB2046FDF7D0F9002304F5DA75A4F894
S31508021730B4312846F9F7B8FF94F8BC31012B05D124
S315080217404FF47A7104F5DE7014F083FA2846FCF732
S31508021750DFFDFFF701BB04F128039E427FF4FCAAD2
S3150802176094F8463003F00F03072BD3D0FFF7F4BAE9
S315080217700121284616AAE7F77FFC00287FF4ECAA7F
S315080217809DF85830E27843F004039A427FF4E4AABB
S315080217906378012B02D0022B1AD0FEE728460BAA41
S315080217A008A9F9F7CFFE00287FF4D6AA089B0721D5
S315080217B06363E3630B9B04F12800A36301F02BF92F
S315080217C02046A188FEF790F8237843F00103237098
S315080217D00021284607AAE7F78EFC00287FF4BCAA50
S315080217E0BDF81C30A2889B0AB3EB922F99D12046EA
S315080217F010A9FEF7ABFF00287FF4AEAA02212846FD
S3150802180016AAE7F78CFC30B317287FF4A5AA284650
S3150802181006A9F9F7CCFE70B317287FF49DAAE678D5
S3150802182016F008062DD1304614F0E6FA304618F0BE
S315080218308BF91021284606AAE7F71EFC18B31728C3
S315080218407FF48AAA9DF88430002B14BF0123022351
S315080218508DF8543068E794F89C11169B012904D137
S315080218601BB93448FDF7DEF85EE701221946204621
S31508021870FCF722FCCBE7304BBDF81820A3F8FC2F67
S31508021880CDE70120D3E79DF81800F9F751FC94F843
S315080218904C3060F3830384F84C30D3E730461DF0AE
S315080218A039FA804600283FF457AADFF89090D9F80B
S315080218B08C37002B3FF447AA5821284616AAE7F781
S315080218C05BFB064600287FF43EAABDF85A306BB980
S315080218D0002E3FF438AAD9F88C37D9F890279DF804
S315080218E02C1007F110009847FFF72DBA294616AAB9
S315080218F01FA8E7F7C9FA00287FF425AA9DF87D30C4
S315080219008BB99DF87C30052B0DD1002E7FF41BAACE
S3150802191001232846BDF858100BAAE7F767FB0028EB
S315080219207FF411AA4646BDF8801016A8E6F7EEFA25
S31508021930CBE700BF483C0020F02A0020F03A0020FE
S3150802194030B40446184643B901F1310323F00103C2
S315080219505B78B3F1440018BF012065681DB1AC4637
S31508021960A36830BC604730BC704710B5C38802898B
S315080219709C1C94420BD80268D4186478D35C43EA58
S3150802198004230B80C3880233C380002010BD0620BF
S31508021990FCE770B5C4880389221D9A4211D80568E6
S315080219A02A19937856782C5D1B04D27843EA0623C3
S315080219B0234343EA02630B60C3880433C3800020CF
S315080219C070BD0620FCE770B5C288038902F10804D7
S315080219D09C421CD80568AC18A3786678AA5C1B04D6
S315080219E043EA06231343E278657943EA02632279D6
S315080219F042EA0522A579E47942EA054242EA046204
S31508021A00C1E90032C3880833C380002070BD0620AE
S31508021A10FCE730B5C4880389A5189D42D7BF036879
S31508021A2006201B190B60DFBFC388D218C2800020AC
S31508021A3030BD002313B510220C4601A90193FFF706
S31508021A40E8FF50B9019B53B1214603F1100253F83E
S31508021A50044B934241F8044BF9D102B010BD06205B
S31508021A60FBE7F7B50E460DF1060105461446FFF7E4
S31508021A707CFF40B9BDF8067031463A462846FFF75C
S31508021A80C8FF00B9278003B0F0BD2DE9F04700244E
S31508021A904FF0010C26461D4D95F808E0BEF1000FE1
S31508021AA022D02B688B421FD1D0E902A9A4F12003C8
S31508021AB0C4F120062CFA06F60CFA03F333430CFAA1
S31508021AC004F76FEA0708DE43BAB14AEA070749EAA2
S31508021AD00303C0E90273D0E9007307EA0807334033
S31508021AE0C0E9007331B9764601341F2C05F10C059D
S31508021AF0D2D14EB10020BDE8F08708EA0A0306EA09
S31508021B000906C0E90236EDE70720F4E7F8CC04082F
S31508021B1000F1D801B43028E70C20704707B5B43075
S31508021B200DF10601FFF721FF002808BF0C2003B0BC
S31508021B305DF804FBFEE7FEE713B5044601A9B430D7
S31508021B40FFF727FF28B92368019A03F58053A3F8FC
S31508021B50122F02B010BD00F1DC01B43005E713B54F
S31508021B60044601A9B430FFF714FF70B9019B226835
S31508021B70002B08BF4FF4E153054902F580528B4208
S31508021B8094BFC2F8F83AC2F8F81A02B010BD00BFFC
S31508021B909AC4200013B5044601A9B430FFF7F9FE2A
S31508021BA070B90849019B2268002B08BF0B460649F3
S31508021BB002F580528B4294BFC2F8FC3AC2F8FC1A6C
S31508021BC002B010BD007512009AC4200000207047AA
S31508021BD010B51A4C94F860327BB394F85931012B3C
S31508021BE008D0002384F8603204F51970BDE8104065
S31508021BF0E6F773BC94F861325BB904F5197084F898
S31508021C006032E6F76AFC04F5AC70BDE81040FCF7F2
S31508021C105BBF013B05214FF47A7084F86132E6F71F
S31508021C20C9F9014604F51970E6F7E3FB04F5AC7049
S31508021C300321BDE810401DF0FABE10BDF03A00209F
S31508021C40044890F8F412012903D100F5AC70FCF7A8
S31508021C50E9BE7047F03A00201FB5E5F7F5FA214BC1
S31508021C6093F85921A2B393F80C23013A012A15D8FD
S31508021C70D3F81023821A002A10DB93F80D23032ABD
S31508021C8005D9194805B05DF804EBFCF71DBF03F545
S31508021C90AC7005B05DF804EB1DF09CBF93F81423F5
S31508021CA0013A012A17D8D3F81823801A002812DB1A
S31508021CB093F81533032BE4D848F2FE02002302A850
S31508021CC00A49CDE90023FAF767F968461CF0E5FFE9
S31508021CD005B05DF804FB064805B05DF804EBFCF7B1
S31508021CE017BB00BFF03A0020483C0020703C002099
S31508021CF0FC3D0020F8B5174C94F82853012D28D13D
S31508021D0004F5AC70002194F82973B4F82A63FCF739
S31508021D1089FE0020002114F8AE3CC4E9CC0184F8FF
S31508021D20293334F8B03C3946A4F1B800A4F82A336A
S31508021D30E9F727F93146A4F1B800E7F74CFE022382
S31508021D4084F82833294604F5AC70BDE8F840FEF756
S31508021D50CBBBF8BDF03A00202DE9F0471D46836D4E
S31508021D6000F150079F4204460E46914688B078D045
S31508021D702B78812B75D1AB88B0F84C205BBA9BB215
S31508021D8093426ED10423304689890DEB0302E5F7A7
S31508021D9080FC002865D10198E5F7D4FA02AA8246A2
S31508021DA0904609F1100309F1200E944618685968FD
S31508021DB00833ACE8030073456246F6D1E5F744FA00
S31508021DC04FF6FF73A0EB0A00984228BF1846B1895E
S31508021DD0738982B25B1AADF81820ADF81A30EB880F
S31508021DE05BBAADF81C3099F824308DF81E30E38FB3
S31508021DF00133E387236C03442364B4F846309342E1
S31508021E0038BF1346A4F84630B4F84430934228BF84
S31508021E101346A4F8443094F848305BB9E38D4BB9BD
S31508021E20EB88B4F84E205BBA9BB2934202D138468D
S31508021E30E6F753FB236A13B14046A16A984794F81A
S31508021E40483073B9E38D63B9EB88B4F84E205BBAB0
S31508021E509BB2934205D1636A1BB1A16A04F13C00A5
S31508021E60984708B0BDE8F08738B505464C782B790F
S31508021E700234E4B29C4208460ED82A6891420BD331
S31508021E801A4421448A4207D3521AD2B226F075FB63
S31508021E902B791B1B2B7138BDFEE713B5084C0022A4
S31508021EA004F5E6630093D4F84017064BA4F1B8008C
S31508021EB0E7F74BFE0023C4F8403702B010BD00BF57
S31508021EC0F03A00207174020837B50546102201A9B6
S31508021ED0B430FFF79EFD044648B92868019900F513
S31508021EE0B9501430FCF763FB172818BF044620467E
S31508021EF003B030BD37B50546102201A9B430FFF745
S31508021F0088FD044648B92868019900F5B950143085
S31508021F10FCF710FB172818BF0446204603B030BD4D
S31508021F20F5F7ECBA08B5006800F505501830FBF766
S31508021F3085FF002008BD08B5006800F5005024306A
S31508021F40E5F7C4F8002008BD084608B50A8C103023
S31508021F501AF00EFD00280CBF1F20002008BD012B19
S31508021F6008B50DD0022B15D0D3B98A4237BF4368BC
S31508021F70511A5B1A01683CBF521AD11888B208BDB9
S31508021F808A4289BF4368891A9B1A026884BF891ADA
S31508021F90C918F3E7C721034B034A04481DF0B4FFE7
S31508021FA00021EBE70CA304082CCB04086DA2040855
S31508021FB0F8B5C38805895A1CAA4204460F4610D8A2
S31508021FC00668ED1A1E44ADB229463046E6F700F811
S31508021FD0854206D93E60E38801331844E080002032
S31508021FE0F8BD0620FCE70368D0F8840003F58053A1
S31508021FF093F8521F1CF06EBD0368D0F8840003F5EF
S31508022000805393F8481FC1F3C001490001F0020149
S315080220101CF060BD3221D0F884001CF05BBD0C2197
S31508022020D0F884001CF056BDF8B505460E460024C5
S31508022030012707FA04F3334204D10134202CF8D1DC
S315080220400020F8BDD5F88400E1B21CF043FD002853
S31508022050F3D0F6E7D0F8D410E6E7036803F5805321
S31508022060D3F8541FE0E70149DEE700BF00F8FF078F
S31508022070036803F5805292F8491F01290FD0B2F876
S315080220804A2F12F0020F0ED1022908D052070CD499
S3150802209003F5005393F8E413002918BF0321D0F877
S315080220A084001CF017BD0121F9E70221F7E7012197
S315080220B0D0F884001CF00EBD0021D0F884001CF074
S315080220C009BD0421D0F884001CF004BD90F8001163
S315080220D0D0F884001CF0FEBC9C21D0F884001CF0C9
S315080220E0F9BC0221D0F884001CF0F4BC0368D0F8CD
S315080220F0840003F5805393F8691F1CF0EBBC036850
S31508022100D0F8840003F5805393F8601F1CF0E2BCF4
S315080221100368D0F8840003F5005393F85921042A7A
S3150802212097BF034B00219B1893F874111CF0D2BC7D
S31508022130F8CC0408074A036892F83F1503F50053DA
S3150802214083F87D1192F83E2583F87E21D0F8840023
S315080221501CF0C0BCF03A0020074A036892F83F1503
S3150802216003F5005383F87D1192F83E1583F87E1124
S31508022170D0F884001CF0AEBCF03A00200368D0F810
S31508022180840003F5005393F87F111CF0A3BC03687F
S31508022190D0F8840003F5805393F896164B1E032B4A
S315080221A088BF00211CF096BC7F290B46F7B51ED9BD
S315080221B0B1F5804F1DD3B1F5001F1CD3B1F1805F75
S315080221C02CBF052204226E4600243146571EBC4205
S315080221D0DDB212D104F108030DEB030405F07F0505
S315080221E004F8085C00681CF058FC03B0F0BD012234
S315080221F0E9E70222E7E70322E5E765F07F0506F845
S31508022200015BDB090134E2E72DE9F047056804467C
S3150802221095F81C900E46B9F1020F25D0AB6AD0F894
S315080222202C80984523D14B464146EA6A2846FFF751
S3150802223096FED4F828A007464B46524641462846FB
S31508022240FFF78DFE874212D9C5F82CA094F82530DF
S315080222500021204684F82430FFF7A6FF28B9314624
S315080222602046BDE8F0479FE70D20BDE8F087072026
S31508022270FBE702218430C7E7FBE72DE9F041054673
S3150802228000244FF00C08104F00F18406C4F1200117
S31508022290D5E93E30A4F12002E34000FA01F10B43EE
S315080222A020FA02F21343DB0705D401341F2CEDD1C1
S315080222B00020BDE8F08108FB04F33046D959FFF740
S315080222C073FF0028F1D0F4E7F8CC0408D0F8D01050
S315080222D0843069E710B500F1840404212046FFF72B
S315080222E063FF20B92046BDE8104003215CE710BD14
S315080222F00321843058E70021843055E7FBE710B5FF
S3150802230000F1840405212046FFF74EFF002867D115
S315080223100C212046FFF748FF002861D118212046E4
S31508022320FFF742FF00285BD121212046FFF73CFF39
S31508022330002855D142212046FFF736FF00284FD103
S3150802234043212046FFF730FF002849D13521204690
S31508022350FFF72AFF002843D136212046FFF724FF3C
S31508022360F0BB0E212046FFF71FFFC8BB4FF40271D0
S315080223702046FFF719FF98BB4FF401712046FFF775
S3150802238013FF68BB40F20A212046FFF70DFF38BB50
S3150802239030212046FFF708FF10BB31212046FFF700
S315080223A003FFE8B940F205412046FFF7FDFEB8B93A
S315080223B040F206412046FFF7F7FE88B940F20E21A1
S315080223C02046FFF7F1FE58B940F207412046FFF7CB
S315080223D0EBFE28B92046BDE8104040F20F21E3E69D
S315080223E010BD70B500240A4D00F184062B7A3BB95C
S315080223F00134E4B21F2C05F10C05F7D1002070BD9B
S3150802240030462968FFF7D0FE0028F1D0F7E700BF6B
S31508022410F8CC04080168082201F5FC51D0F88400BA
S3150802242006311CF03ABB08220168D0F8840001F58F
S31508022430F55111441CF031BB0021D0F884001CF080
S315080224402ABB90F88B39034493F88619D0F884008E
S315080224501CF021BB0368D0F8840003F5805393F877
S315080224600C181CF018BB0368D0F8840003F5005357
S3150802247093F85911003918BF01211CF00CBB90F8CA
S315080224808419D0F884001CF006BB90F88A19D0F893
S3150802249084001CF000BB90F8DA10D0F884001CF017
S315080224A0FABA90F8DB10D0F884001CF0F4BA036884
S315080224B0D0F8840003F5805393F89616003918BFAE
S315080224C001211CF0E8BA0368D0F8840003F58053AA
S315080224D093F8681681F001011CF0DDBA90F88519A7
S315080224E0D0F884001CF0D7BA0368D0F8840003F544
S315080224F0805393F8A4191CF0CEBA90F88719D0F82D
S3150802250084001CF0C8BA13B504460DF10601B430AE
S31508022510FFF72BFA38B9BDF80610206802B0BDE8F5
S315080225201040E9F72BB802B010BD37B505460822A8
S3150802253001A9B430FFF76DFA044680B92D6805F58E
S31508022540005393F859416CB905F5FB501C300199B3
S31508022550E8F7EAFB05F505501830FBF7C8FD2046F3
S3150802256003B030BD0D24FAE7002313B501A90446CA
S31508022570019312F09BFC10B9019BC4F8D43002B047
S3150802258010BD13B50446684613F046FF082269468D
S31508022590D4F884001CF081FA02B010BD10B50446C6
S315080225A01CF062FFC1B2D4F88400BDE810401CF0EA
S315080225B091BA37B5002300220446CDE90023F1F784
S315080225C0B0FC6946054604F1B400FFF7FCF960B9A8
S315080225D0DDE90032AB4272F1000108D35B1B62F1FE
S315080225E00002C4F8C839C4F8CC2903B030BD0720A4
S315080225F0FBE713B5044601A9B430FFF7CAF930B9A7
S315080226000199206802B0BDE81040E8F70FBD02B094
S3150802261010BD13B5044601A9B430FFF7BAF930B9AB
S315080226200199206802B0BDE81040E4F766B802B026
S3150802263010BD13B5044601A9B430FFF7AAF948B983
S315080226402068019900F50450383002B0BDE8104000
S31508022650E7F7A2B902B010BD002337B501A90546AE
S31508022660019312F023FC044690B92B6803F5005235
S3150802267092F85941B4B903F58053D3F8542F019906
S3150802268002EA01008A4306D14FF4800017F03AF9AC
S31508022690204603B030BDC3F8540F4FF4800017F03C
S315080226A0FDF8F5E70D24F3E710B50446006800F5D2
S315080226B0F2500430E9F7C6F80146D4F88400BDE8BA
S315080226C010401CF0E8B9002313B5044601A9B4303A
S315080226D00193FFF76DFC30B90199206802B0BDE895
S315080226E01040E9F776BC02B010BD1FB50446006873
S315080226F0694600F5F6501830FDF758FD102269466E
S31508022700D4F884001CF0C9F904B010BD37B50546E3
S3150802271001A9B430FFF73DF9044618B901992868AA
S31508022720E4F728F8204603B030BD1FB5036804460F
S3150802273003F505536A46D3F80802D3F80C120023A8
S3150802274003C26946D4F88400CDE902331CF0C0F905
S3150802275020B94021D4F884001CF0BCF904B010BD9D
S315080227600168D0F8840001F50D5128311CF0B0B982
S315080227700168D0F8840001F50D5110311CF0A8B992
S3150802278070B505460026046804F5805494F8542B5F
S31508022790F3B29A4201D800200AE0D4F8501BD5F8C1
S315080227A0840001EB03111CF093F901360028EDD0E1
S315080227B070BD13B504460DF10601B430FFF7D5F81E
S315080227C0014650B92068BDF8062000F5F6501230C9
S315080227D002B0BDE81040F9F761BE02B010BD37B5C8
S315080227E005460DF10601B430FFF7BFF8044658B99D
S315080227F02868012100F5F650BDF806201230F9F7CF
S315080228004DFE172818BF0446204603B030BDD1F83E
S31508022810E8300343C1F8E83001F1E000E5F7CCBC43
S3150802282037B50546102201A9B430FFF7F2F8044677
S3150802283048B92868019900F5B9501430FBF73EFEED
S31508022840182818BF0446204603B030BD002313B526
S31508022850B43001A90193FFF7ABFB044640B9064B16
S31508022860186800B9FEE7019901B9FEE7F7F75CF8BF
S31508022870204602B010BD00BFA8610020002337B56C
S31508022880054601A9B4300193FFF783F8044638B91F
S315080228902868224600F5055001991830FBF70CFC0A
S315080228A0204603B030BDF7B5054601A9B430FFF797
S315080228B07FFBE0B9019E40213046E5F789FB3F28B8
S315080228C02C6813D841F6DC273146E019FAF718F9CD
S315080228D068B904F5DC543146204625F00AFF286813
S315080228E021463844FAF70CF908B1FEE7072003B087
S315080228F0F0BD2DE9F04188B0E84607460026454670
S315080229000468B7F8BA20B7F8BC309A421FD1F6B2B3
S3150802291004F5D650324629461C30FAF706F910BB9A
S3150802292004F5DE539C4608AA2C4603CC944218604A
S315080229305960254603F10803F6D13868324600F590
S31508022940D65061461C30FAF7F0F860B1FEE7022E5F
S315080229500CD0414607F1B400FFF76BF8013608F1CF
S3150802296010080028CDD008B0BDE8F0810320FAE7A8
S3150802297008B5006800F5D6501C30F9F7BDFF0020EF
S3150802298008BD02460068034900F50B503430FBF7D0
S315080229909DBC00BFAD65020803780A78C3F3C0037D
S315080229A063F300020A7002780B78C2F3400262F3FC
S315080229B041030B70027862F382030B70704713B5FA
S315080229C00368694603F5005393F85B31044601A888
S315080229D08DF80430FFF7E0FF9DF80030D900C3F305
S315080229E0800201F008019B0748BF41F002010AB1C3
S315080229F041F00101D4F8840002B0BDE810401CF091
S31508022A0069B8838823B9036813B9062013F052BC40
S31508022A10062017F0B5B910B5837F044603F00F02F6
S31508022A208A420FD061F30303837703F00F03072B60
S31508022A3008D10548E6F713FC4FF47A72002325F00D
S31508022A4007FA606310BD00BF041B002037B5A74C08
S31508022A5094F8AA3294F8792203F00F03032B0BD1C8
S31508022A60022A12D0032A07D194F87E3201A88DF8D9
S31508022A70043012F0C3FCD8B994F87932042B3ED844
S31508022A80DFE803F03A3F52B8C20001A812F031FA61
S31508022A9000B1FEE79DF8043053B994F8B03203F05A
S31508022AA00302C3F38103934228BF1346032B3BD188
S31508022AB094F85931022B0AD194F87A32012B02D9A9
S31508022AC0033B022B03D894F87832D907D4D5884821
S31508022AD0FDF700FA0028CFD194F87932042B07D1F2
S31508022AE040F2E241834803B0BDE83040E5F781BCD5
S31508022AF0042384F87932F3E70023A4F8803203B07A
S31508022B0030BD02237C48002184F87932FFF783FF1F
S31508022B1094F8783201206FF3000384F878320023A0
S31508022B2084F87D3217F010F894F87D32013384F870
S31508022B307D3294F87932022B00D0FEE70DF10200BD
S31508022B4012F0D7F960B99DF80240204615F0DAFB73
S31508022B50012CC5D014F0FD0FD1D140F2EE21C1E708
S31508022B600023019394F85931022B4DD094F87B3205
S31508022B70002B49D1614D95F8453EDA0704D505F68D
S31508022B805460E9F75AFA18B194F85B319B073BD4BB
S31508022B9001A812F00BFC10B1D5F8543F0193FF239C
S31508022BA000258DF803300DF1030101A8E6F77FFE33
S31508022BB02B4601350028F6D0DBB25A1C4FF4AF6318
S31508022BC0B3FBF2F3502B38BF5023A4F8823294F8A1
S31508022BD079320120032B1CBF032384F8793215F0BE
S31508022BE091FBFF2384F87E32B4F8821200297FF41F
S31508022BF079AF84E7424812F001FC28B9012194F81A
S31508022C007E0212F0EDF9EFE794F8793213B1002358
S31508022C1084F879323848FBF7E1FA94F87B52012DA9
S31508022C2016D0022D2AD094F87A32052B3FF667AFD2
S31508022C3001A252F823F000BF8B2C0208DF2C0208EF
S31508022C40FF2A0208DF2C02088B2C02088B2C0208AA
S31508022C502C48E8F711FCA0B91CF08BF9022384F87A
S31508022C607B3294F879323221012B4FF0000018BFDB
S31508022C7084F87952E5F790F9411CB7E72248E8F754
S31508022C80FBFB002384F87B32CDE794F85931022BFB
S31508022C900ED194F85B4114F008047FF430AF204655
S31508022CA013F0AAF8204603B0BDE8304016F04CBF30
S31508022CB094F82833022B0CD1002394F829131348CD
S31508022CC084F82833E8F75DF9B4F82A130F48E6F7CB
S31508022CD082FE0F4803B0BDE83040FBF7F5BE00217F
S31508022CE0034803B0BDE83040FBF788BAF03A002043
S31508022CF0683D0020D83D00207C3D0020F02A0020B7
S31508022D006E3D00206039002034390020383A002010
S31508022D10483C002038B5037804460D46082B30D8BF
S31508022D20DFE803F0050D202531383E114500887F7E
S31508022D3000F00F00072814BF0020012002E0084611
S31508022D40E6F7CEFDF0B14FF6FE726388934202D0E3
S31508022D50AA8B9A4215D1606870B32946BDE83840F5
S31508022D60E7F714BB8B7F03F00F03042BE3E78B7F94
S31508022D7003F00F03012BE6D00C3303F00F03032BEA
S31508022D80E1D9002038BD8B7F13F00F0F0CBF01204D
S31508022D900020D7E78B7F13F00F0018BF0120D1E779
S31508022DA00846E6F79DFD80F00100C0B2CAE78B7FB0
S31508022DB003F00F03052BBEE70120E3E74378012B57
S31508022DC00AD9C0780730C010821C934204D310284F
S31508022DD0CCBF00200120704700207047C378073314
S31508022DE000EBD3000430704738B505464078A8B1E1
S31508022DF095F90230002B12DA012819D0841C4AF6FA
S31508022E00AA70EB784AF6AA72801A18BF012003EB59
S31508022E1080030433A3428CBF0020012038BD052855
S31508022E2006D9841CD5F80300E4F78CFAEB79E9E7AE
S31508022E300020F3E790F90230002BB5BF02230623E0
S31508022E40C078C0791844C0B2704708B50246FFF781
S31508022E50F1FF0230104408BD2DE9F04F1D461B68EC
S31508022E6082460F46914687B05BBB6B684BBBEB68E5
S31508022E70003B18BF01234FF0000B00933B78DAF8AA
S31508022E8000109AF80420CE1801930A44B31C9A42F9
S31508022E90C0F0A4817378023333449A42C0F09E810B
S31508022EA0019BCB5C5B08012B0DD0052B15D1AB68BA
S31508022EB09BB13046FFF798FF78B13046FFF7C5FF5A
S31508022EC00AE00123D7E7009B3BB13046FFF776FFBE
S31508022ED018B13046FFF782FF18BBDAF80010019BDB
S31508022EE00B445A7887F801B0023213445B1A3B70D6
S31508022EF087F802B0C2E72B6863B14FF0040C4FF6AD
S31508022F00FF7E97F8028008F10103BB706378B8EB7D
S31508022F10930F78D3637887F802B0023323441B1AD7
S31508022F207B707C787378044402333344A21C934240
S31508022F30D3D361788A1C22449342CED333785B0872
S31508022F40012B40F0E58022785208022AD3D0032AC0
S31508022F5000F0AF80002ADDD16B68002BDAD003219E
S31508022F604FF0020E4FF6FF7C97F8028008F1010334
S31508022F70BB706378B3FBF1F34345CBD911FB08E881
S31508022F80E14504EB080305D034F8082052BA92B298
S31508022F904A45E9D10021C5E9021129606D6818225E
S31508022FA02846009325F045F929463046FAF7E2FE07
S31508022FB0009B8B489A789309C35CC2F3401103F0CD
S31508022FC00303C2F3001243EA810343EA42132A7D4A
S31508022FD022F0270213432B75227862F3C3032B755B
S31508022FE034F808307F4A5BBA6B8234F80830B2F894
S31508022FF05C215BBA9BB29A1A534253412A7D63F308
S3150802300004122A7551E01CFB0828F14504EB080353
S3150802301006D034F8081049BA89B249457FF471AF27
S315080230200021C5E90111E9602D6818222846009396
S3150802303025F0FFF829463046FAF79CFE009B6848B9
S315080230405B885BBAC3F38132825CC3F3403102F018
S31508023050030242EA8102C3F3003142EAC102C3F320
S31508023060C02142EA0112C3F3802142EA4112C3F3A4
S31508023070402142EA8112C3F3002142EAC1126A746C
S31508023080C3F38012C3F3C0135B0043EA8203AA7C2C
S3150802309022F006021343AB7434F808305BBAAB82EB
S315080230A02278AB7C62F30003AB74002007B0BDE85C
S315080230B0F08FD5F80C80B8F1000F3FF42BAF012939
S315080230C07FF628AFBA78002A7FF424AFC5E9002232
S315080230D0AA60A278304602F00F0288F80020A1788A
S315080230E098F80120C1F3001161F3000288F8012063
S315080230F02178009361F3410288F8012008F1020160
S31508023100FAF738FEE278009B88F81220BB70CCE703
S31508023110D5F80880B8F1000F3FF4FCAE23785B08B7
S31508023120062B7FF4F7AEBB78002B7FF4F3AE0129AA
S315080231307FF6F0AE4FF6FF73994505D063885BBA02
S315080231409BB24B457FF4E6AE00214FF40172C5E906
S315080231500011E960404625F06CF896F90220B3782A
S31508023160002A03F00F03B4BFF578F57988F8003022
S3150802317096F90230B4BF321D06F10802002B0292FC
S315080231808DF80C5027DBD6F80300E4F7DBF8C8F80D
S31508023190040008F1090102A888F80850E8F7D1FEE8
S315080231A06378221D2178049298F80621023BDBB245
S315080231B061F300028DF8143088F80621628808F552
S315080231C0847152BA88F80731A8F8002204A8E8F7E9
S315080231D0B8FE01239AE74AF6AA70D8E7172065E7E8
S315080231E078C10408F03A00202DE9F0410E46174648
S315080231F0044602F1FF38A31C9E421FD363789D1C26
S315080232002544AE421AD32278B7EB520F0BD1B8F146
S31508023210050F10D8DFE808F0030F0D0F090D204639
S31508023220FFF7CCFD38B92C46E5E72046FFF7DCFD6B
S31508023230F8E7012BF7D92046BDE8F0810024FAE722
S31508023240014608B5FFF7CAFD4B7803220233194433
S31508023250BDE80840C8E72DE9F84306464FF0FF37B0
S3150802326004683279336813449C4201D3BDE8F88373
S3150802327023785A08012A07D0052A5AD0DB0715D51A
S31508023280637802331C44ECE72046FFF7A7FD6FF08C
S315080232900108054663789A1C224495420BD3E278C4
S315080232A00732A3EBD203DBB2022BE9D12146304621
S315080232B0FEF7DAFDD5E72B7895F80190D9072ED5D2
S315080232C05B0821D0022B08D12046FFF7B9FFAA1CBA
S315080232D06B78023B2B449A4203D96B7802331D441E
S315080232E0D8E753885BBA03F4406353B148B183788D
S315080232F003F00F03A3F580635BBA9BB222F8043B83
S31508023300E6E74FF6FF63F9E7AA1C6B78013B2B4405
S315080233109A42E2D8177082F801800332F5E7294605
S315080233203046FEF7A1FD6378023BA3EB09036370FF
S31508023330B0E72046FFF789FD05466278931C2344C9
S315080233409D4204D32046FFF775FD8242ADE72B78EE
S3150802335095F80180DA070DD55B08062B06D1A37806
S3150802336003F00F03A3F57C735BBA6B8008F10208BE
S315080233704544E2E729463046FEF776FD6378023B86
S31508023380A3EB08036370D8E773B5044600921046A8
S3150802339000221D468DF804201B7822790E46934298
S315080233A08DF8053010D3216825F062F92379012EAC
S315080233B08DF8043002D16846FFF74DFF00209DF8CC
S315080233C004302B7002B070BD0320FBE7FF2310B553
S315080233D004460068C2B000F514508DF8073002AAF8
S315080233E00DF1070300213830FFF7CEFF9DF80720BD
S315080233F0D4F8840002A91BF050FB42B010BDFF238B
S3150802340010B504460068C2B000F514508DF80730AE
S3150802341002AA0DF1070301213830FFF7B5FF9DF81F
S315080234200720D4F8840002A91BF037FB42B010BD6E
S31508023430034610B50C460068197904220144FFF7C1
S31508023440D3FE30B12246BDE8104041780230E5F796
S315080234508ABE10BD10B51446FFF7EAFF58B1437885
S31508023460012B0AD9FF2B14BF02230423C35A0020B7
S315080234705BBA238010BD1720FCE70620FAE738B5A9
S31508023480456804460DB9172038BD806868B1427888
S31508023490023210446978062202312944FFF7A4FE53
S315080234A0A0600028EFD00020EEE72846FFF7CDFC03
S315080234B0F0E710B50A460446D0E90001FFF794FE84
S315080234C018B1437802330344236010BD2DE9FF4146
S315080234D00E464AF6AA7815461F4602680379134429
S315080234E0CDE9002305216846FFF7E3FF0446A8B1A4
S315080234F094F90230002B15DA4645F3D1E378211DFB
S31508023500012F2A7902918DF80C3015D19342E9D10F
S31508023510296802A8E8F71BFD0028E3D0204604B074
S31508023520BDE8F081D4F80300E3F70CFF8642D9D14F
S31508023530E37904F10801E3E79342D3D32846E9E79E
S3150802354010B501230446FFF7C1FF014620B1204604
S31508023550FEF78AFC002010BD1720FCE730B590F86C
S315080235608A39044687B00BB300F1B405284602A986
S31508023570FEF70FFAB0B928460DF1060203A9FEF7BF
S3150802358070FA78B9BDF80630FF2B0DD82068039A71
S3150802359000F510500492029904AA34308DF81430BA
S315080235A0FFF7CEFF07B030BD0720FBE70D20F9E78E
S315080235B0F7B5044601920D46002210270126BDF8EA
S315080235C0063022700F2B11D90E2A0FD817FB02626A
S315080235D01023224401A92846E4F731F9102101A84B
S315080235E0E4F794FC22780132D2B2E8E703B0F0BDE0
S315080235F0034608BA19BA70472DE9F04190F8D8304F
S315080236000446002B00F0BC805E4D05F63827D5F837
S31508023610746A002E65D15C48F9F7D6FCB5F87C3891
S3150802362085F8D96A83B15948F9F7CEFC014658B9E3
S315080236305748E4F79CFF5748E4F701FC5648E4F775
S315080236404CFF5648E4F749FF55480021FBF7EAF9CB
S315080236505448F9F7B9FC10B9534816F0C5F8254687
S3150802366055F8141B04F17406002940D1656804F163
S31508023670780604F1D807002D43D12B4666684B4AD3
S31508023680002E4AD166684A4B002E4DD1002584F891
S31508023690D850484C94F808319B071CD516F03EFAC8
S315080236A0284612F007FE04F57070F9F761FD04F179
S315080236B0CC06D4F8CC50002D49D13F48E4F7BFFBDD
S315080236C094F80831284665F3410384F80831C4F8AA
S315080236D0EC5016F0DDF9BDE8F0414FF0807016F0B7
S315080236E0DDB80B2231463846F8F776F88FE7A94255
S315080236F04F6904D3B14202D22046FAF758FF394637
S31508023700B2E7B542D5F8108005D3BD4203D22946A1
S315080237102046FAF70FFF4546ADE7964223D03346D1
S315080237203669ADE71F6122E09E4218D035463669F2
S31508023730AAE74DB9656032460021204616F0BCF864
S315080237403669002EF7D1A1E700232B61F3E730464D
S315080237502946E4F77DFB2846E3F758FEA9E7174B07
S315080237609D42E6D1FEE7124F002BDBD16760324657
S315080237700021204616F0A0F83669BE42F7D181E745
S31508023780BDE8F081F02A00202C3500205C330020A9
S31508023790003300202C33002034330020103300205D
S315080237A0483C0020C83C0020403E002070CA04085D
S315080237B004CB0408F03A0020D03B002018CB0408BA
S315080237C070B5334D044695F8483F43F0010385F832
S315080237D0483F95F87E3F0BB912F059FD2D4E96F8E3
S315080237E008319B0708D4012016F052F996F80831D9
S315080237F043F0020386F80831012384F8D830636857
S3150802380025491A461AB933B9234B636009E08A4235
S3150802381010D01269F6E71A461B69002BFBD11E4B1C
S3150802382013611D4E32460121204616F045F83669C7
S31508023830002EF7D11948FAF75AFC02211848F9F767
S3150802384001FC20B944F64C511548FCF79DFCB5F825
S315080238507C386BB902211348F9F7F4FB40B94FF2E9
S31508023860BF011048FCF790FC10B10E48F9F7ACFB03
S3150802387000210D48F9F7E6FB014610B90A48FCF79C
S3150802388083FCBDE870404FF0807016F007B800BFA1
S31508023890F02A0020F03A002004CB0408483C002015
S315080238A0C83C00205C3300202C3500202DE9F74F58
S315080238B00F46054628B30378302B1BD1437803F00D
S315080238C0DF03582B16D14FF00108023500244FF0BA
S315080238D0993A26464FF00A09DFF874B02878B8F103
S315080238E0000F0AD00DF10701E4F791FBB0B103B05E
S315080238F0BDE8F08F4FF00008E8E73038C0B2092873
S3150802390001D90720F3E7A2457BEB06038DF80700EA
S31508023910F7D3A4FB094309FB063306E0B6F1805F39
S31508023920EFD2330143EA147324019DF807200021DC
S31508023930121953F1000328BF012114461E46002915
S31508023940DFD115F8010F0028C8D1C7E90023CEE751
S315080239509999991913B50C4610B9072002B010BDEA
S31508023960027869462D2A0ED10130FFF79FFF0246DB
S315080239700028F3D14FF00041009B994201998A41F0
S31508023980EBD35B420DE02B2A08BF0130FFF78EFF0F
S315080239900028E3D1009B019AB3F1004F72F10002AD
S315080239A0DBD200202360D9E72DE9F34706460068F3
S315080239B00D4617469846002850D024F0EDFE00F131
S315080239C0010904464FEA5909B8F1000F09D0B8F1BE
S315080239D0010F40D0B9F1000F42D10020A5F800909E
S315080239E036E02B884B4539D104F00104B9F1000FB2
S315080239F0F3D0002C3AD1D6F800A00DF107019AF8B7
S31508023A000000E4F704FB18BB0AF1010333609DF8D2
S31508023A1007301B01DBB23B70D6F800A00DF1070197
S31508023A209AF80000E4F7F3FA90B90AF10103336051
S31508023A303B789DF8072001341343A14507F8013B5B
S31508023A40CBD0B8F1020FD6D12B88A342D3D12420EA
S31508023A5002B0BDE8F0872B884B45C5D20720F7E7A9
S31508023A602B88002BF3D000F00104C2E7002423467A
S31508023A70D1E708B5036ECBB1DA69002102664FF4C5
S31508023A809872184624F0D5FB024600F1340142F832
S31508023A90941B426000F58A72826000F12802C260B5
S31508023AA001220346827500F1D402C262184608BD95
S31508023AB0F7B50546006800F5DC50FFF7DAFF04465D
S31508023AC000284ED005F1B406304601A9FEF770FA71
S31508023AD038B9019F60213846E4F77AFA5F2809D98E
S31508023AE007202B6803F58053D3F8E02BE261C3F86D
S31508023AF0E04B34E0394604F1340024F0FAFD694615
S31508023B003046FEF755FA0028EBD1009F4021384689
S31508023B10E4F75EFA3F28E3D8394604F1940024F024
S31508023B20E8FD304604F11001FDF71FFF0028D8D141
S31508023B30304604F11201FDF718FF0028D1D13046AC
S31508023B4004F11401FDF711FF0028CAD1286821469D
S31508023B5000F5D6501C30F8F7FDFF0028C1D103B096
S31508023B60F0BD0320FBE7012B10B5044608460AD030
S31508023B70022B0FD01BB963681044834200D910BDCB
S31508023B802289801AF9E72368881A8342F7D9228993
S31508023B901044FAE79C21024B024A03481CF0B4F986
S31508023BA00CA3040886CB04086DA204082DE9F04785
S31508023BB090F8242012B90D20BDE8F087013A05686D
S31508023BC0D2B280F8242095F81C90B9F1020FF2D0EF
S31508023BD000EBC204AB6AA6689E42ECD1D5F82CA0CB
S31508023BE031464B4652462846FEF7B9F9676880467B
S31508023BF031464B463A462846FEF7B1F9804506460F
S31508023C00D9D94B46524639462846FEF7A8F901281D
S31508023C10D1D90236464512DC841EA4B23C702B7FEB
S31508023C20012239462846FFF79EFF240A04700146F8
S31508023C30012228462B7FFFF796FF0020BCE70720C4
S31508023C40BAE7134610B501220C78FFF78CFF037802
S31508023C502402E01880B210BD2DE9F041866A077F7A
S31508023C6088463B463146C26A0446FEF778F9012879
S31508023C7005461AD93A4631462046FFF7E2FF023D83
S31508023C80C5F30D0548EA050840EA080085B2C0F3FF
S31508023C9007203B463070012231462046FFF763FF74
S31508023CA00570E36AA362BDE8F081E662FBE7C26BD0
S31508023CB0436A9A4205D1836B006A1B1A58425841D5
S31508023CC070470020704790F8353033B9C36B426AA3
S31508023CD09B1A18BF012380F83430704738B504465A
S31508023CE0406E08B9172038BDB4F8681043898B426C
S31508023CF0F8D904F16A0510232A46E3F77CFC002862
S31508023D00F0D0B4F86830A56403442844E067A4F800
S31508023D1068300020E7E738B590F83450016C2A4637
S31508023D200446FFF78EFF430401D4172038BD636E9D
S31508023D308BB904EBC5056B6D6366002BF5D00023C2
S31508023D402046A4F86830FFF7C9FF0028EED10223FF
S31508023D5084F83530EAE7DB69EEE7416AD0E90E23F3
S31508023D60994209D1017F012906D0531E026893425E
S31508023D700ED34362C3637047016A914207D1027F39
S31508023D802AB142680133934205D2036283637047BC
S31508023D9001890B44EBE701895B1AF4E738B5037F1F
S31508023DA00446022B0AD0083350F8233000F14C059A
S31508023DB0C0E90A33E16C29B9022323772046BDE814
S31508023DC03840CAE72846E4F718F8F3E7F8B5047F57
S31508023DD00546022C0E4605D1E6210E4B0E4A0F4821
S31508023DE01CF092F82346B4FA84F4C76A01223946CB
S31508023DF0FFF7B9FE6409083455F82430834203D024
S31508023E003E70E8620020F8BD2846FFF7C7FF032088
S31508023E10F9E700BFD9CB0408F5CB04086DA204085C
S31508023E2070B5D0E90A239A4205461DD1037F0021BF
S31508023E30083350F82360B31A5E425E41FFF7C6FFA5
S31508023E40F603044670B901462846FFF7BFFF044643
S31508023E5040B9A96A360A2B7F012228460E70FFF757
S31508023E6082FE0470204670BD0024FBE738B5037F46
S31508023E700446022B0D4607D0FFF7D2FF28B929467A
S31508023E802046BDE83840A1E70D2038BD38B50446BE
S31508023E900D460068C9B2FFF7E9FF20B92068290A6A
S31508023EA0BDE83840E2E738BD70B50E46114605460C
S31508023EB01446FFF7EBFF30B9224631462868BDE8BB
S31508023EC070401AF0EABD70BD50F8843B03F5805382
S31508023ED0B3F8501FDAE750F8843B03F58053B3F87A
S31508023EE0821FD3E7B0F8D8108430CFE770B50646FC
S31508023EF056F8844B04F5805393F8D65E04F5F654C7
S31508023F0010340DB9284670BD304634F8021FFFF743
S31508023F10BDFF0028F7D1013DEDB2F2E7B0F8DC109B
S31508023F208430B3E750F8843B03F50053B3F8B01076
S31508023F30ACE710B5044692B054F8840B6946E5F727
S31508023F4061FC2046BDF80010FFF7A0FF002859D1F2
S31508023F502046BDF80210FFF799FF002852D12046E5
S31508023F60BDF80810FFF792FF00284BD12046BDF88E
S31508023F700A10FFF78BFF002844D12046BDF810101F
S31508023F80FFF784FFF0BB2046BDF81210FFF77EFF4D
S31508023F90C0BB2046BDF81810FFF778FF90BB204635
S31508023FA0BDF81A10FFF772FF60BB2046BDF8201055
S31508023FB0FFF76CFF30BB2046BDF82210FFF766FFFD
S31508023FC000BB2046BDF82810FFF760FFD0B920468F
S31508023FD0BDF82A10FFF75AFFA0B901462046FFF797
S31508023FE055FF78B901462046FFF750FF50B92046DB
S31508023FF0BDF83010FFF74AFF20B92046BDF8321047
S31508024000FFF744FF12B010BD38B5044654F8840BC6
S3150802401000F5005500F5055095F859111830F9F7CD
S315080240201DFF2046B5F81012FFF730FF78BB204671
S31508024030B5F81212FFF72AFF48BB2046B5F8141244
S31508024040FFF724FF18BB2046B5F81612FFF71EFF26
S31508024050E8B92046B5F81812FFF718FFB8B920468E
S31508024060B5F81A12FFF712FF88B92046B5F81C12DE
S31508024070FFF70CFF58B92046B5F81E12FFF706FFE0
S3150802408028B92046B5F85812BDE83840FEE638BDCC
S3150802409050F8843B03F50053B3F85C11F6E638B5DD
S315080240A004460D460068C9B2FFF7E0FE80B92068EB
S315080240B0C5F30721FFF7DAFE50B92068C5F30741B1
S315080240C0FFF7D4FE20B92068290EBDE83840CDE6B0
S315080240D038BD036803F5805393F8523F93B10A2B10
S315080240E008D84FF4FA62534303F55C2101F53461AB
S315080240F08430D4E7192B07D841F28832034902FBE8
S315080241000311F5E70249F3E70021F1E7B0DB2300E3
S31508024110CC3F0D00A02150F8843B03F58053B3F839
S315080241206A3F5943BBE750F8843B03F50053D3F87B
S315080241306811B4E730B50446006885B000F51A5030
S3150802414001A91030E3F774F8D8B904F184052846B2
S31508024150BDF80410FFF79AFE98B92846BDF806106E
S31508024160FFF794FE68B928460299FFF798FF40B907
S315080241709DF80C10D4F8840005B0BDE830401AF05A
S31508024180A9BC05B030BD38B5044615F007FD54F88C
S31508024190845B014605F50055D5F8403133F07C427B
S315080241A004D0C3F31903984228BF19462046BDE82E
S315080241B0384074E750F8843B03F58053D3F8DC1E85
S315080241C06DE7084A50F8843B92F83F1503F5005309
S315080241D083F87D1192F83E25D3F8781183F87E216B
S315080241E05DE700BFF03A002050F8843B03F58053A0
S315080241F0B3F8121F53E750F8843B03F50053596A84
S315080242004DE750F8843B03F50053196B47E750F81E
S31508024210843B03F50053596B41E750F8843B03F599
S315080242200053996B3BE750F8843B03F50053D96B6F
S3150802423035E750F8843B03F50053196C2FE750F81D
S31508024240843B03F50053596C29E750F8843B03F580
S315080242500053996C23E750F8843B03F50053D96C55
S315080242601DE750F8843B03F50053196D17E750F81C
S31508024270843B03F50053D96D11E750F8843B03F5E7
S315080242800053996A0BE750F8843B03F50053D96A41
S3150802429005E750F8843B03F50053196EFFE650F81C
S315080242A0843B03F50053996EF9E650F8843B03F50F
S315080242B00053596FF3E650F8843B03F50053996FA0
S315080242C0EDE650F8843B03F50053D96FE7E650F85C
S315080242D0843B03F50053D3F88010E0E650F8843B9C
S315080242E003F50053D3F88410D9E650F8843B03F556
S315080242F00053D3F88810D2E650F8843B03F50053EE
S31508024300D3F88C10CBE650F8843B03F50053D3F868
S315080243109010C4E650F8843B03F50053D96EBEE606
S3150802432050F8843B03F50053196FB8E650F8843BFE
S3150802433003F50053D3F89410B1E650F8843B03F51D
S315080243400053D3F89810AAE650F8843B03F50053B5
S31508024350D3F89C10A3E650F8843B03F50053D3F830
S31508024360A0109CE650F8843B03F50053D3F8A4103A
S3150802437095E650F8843B03F50053D3F8A8108EE669
S31508024380D0F8941984308AE6D0F89819843086E6EB
S31508024390D0F8A819843082E6D0F89C1984307EE6D3
S315080243A0D0F8A01984307AE6D0F8A419843076E6D3
S315080243B0D0F8BC19843072E6D0F8B41984306EE6A7
S315080243C0D0F8B01984306AE650F8843B03F50053F6
S315080243D0D3F8141163E650F8843B03F50053D3F877
S315080243E018115CE650F8843B03F50053D3F81C1108
S315080243F055E650F8843B03F50053D3F820114EE6F0
S3150802440050F8843B03F50053D3F8641147E650F895
S31508024410843B03F58053D3F8F81A40E650F8843BF8
S3150802442003F58053D3F8FC1A39E670B5D1B20446BF
S31508024430006816461D46FFF719FD30BB2068C6F30D
S315080244400721FFF713FD00BB2068C6F30741FFF7F4
S315080244500DFDD0B92068310EFFF708FDA8B920680E
S31508024460E9B2FFF703FD80B92068C5F30721FFF714
S31508024470FDFC50B92068C5F30741FFF7F7FC20B9E0
S315080244802068290EBDE87040F0E470BD00F51D6392
S3150802449053E902238430C8E738B5044608460D4670
S315080244A024F07AF94FF6FF73984228BF1846294630
S315080244B082B220681AF0F1FA014618B92068BDE8F6
S315080244C03840D3E438BD01498430E5E7A5BB040882
S315080244D050F8841B01F5F5511031DDE750F8843B9D
S315080244E003F58053D3F84C1B024B002908BF194623
S315080244F0D2E700BFD9E2040870B590F82450044602
S31508024500032D1DD80668337F022B19D03046FFF7D4
S3150802451087FCA0B9F36A04EBC5056B60B36A01466A
S31508024520AB602068FFF7A2FC48B901462068FFF78E
S315080245309DFC20B994F82430013384F8243070BDE8
S315080245400D20FCE770B500F18404054620460E46A8
S31508024550FFF7D2FF00284ED13378D80737D43378FD
S31508024560990715D52046FFF7C7FF002843D1022130
S31508024570D5F884001AF0AEFA00283CD1317AD5F87B
S3150802458084001AF0A7FAB0BB2046FFF70FFB90BBD0
S3150802459033785A0713D52046FFF7AEFF58BB0421D6
S315080245A0D5F884001AF096FA28BB717AD5F88400F1
S315080245B01AF090FAF8B92046FFF7F8FAD8B933781C
S315080245C01B0719D42046BDE87040FFF7EFBA20460C
S315080245D0FFF792FF78B90121D5F884001AF07AFA22
S315080245E048B920467168FFF75AFD20B92046FFF7F9
S315080245F0DDFA0028B3D070BD2046FFF77DFF0028FC
S31508024600F9D10821D5F884001AF064FA0028F2D103
S31508024610B17AD5F884001AF05DFA0028EBD1204663
S31508024620FFF7C4FA0028CDD0E5E7002370B50446A3
S315080246308CB0ADF8063000F1840502A90DF106002A
S3150802464010F0ACFF08B1002059E09DF82E30DE00CC
S31508024650C3F3800206F008069B0748BF46F0020627
S315080246600AB146F001062846FFF746FF002846D15A
S315080246700822D4F884000DEB02011AF00EFA00287B
S315080246803DD12846BDF81810FFF700FCB8BB2846EE
S315080246900499FFF704FD90BB9DF82410D4F8840012
S315080246A01AF018FA58BB9DF82510D4F884001AF0A7
S315080246B011FA20BB3146D4F884001AF00BFAF0B985
S315080246C09DF82E10D4F88400C1F3C0011AF0E3F95C
S315080246D0A8B928460799FFF7E2FC80B9284608993F
S315080246E0FFF7DDFC58B99DF82610D4F884001AF0B5
S315080246F0F1F920B92846FFF759FA00289DD00CB0DF
S3150802470070BD002330B504468DB0ADF8063000F111
S31508024710840502A90DF1060010F040FF08B1002039
S3150802472030E02846FFF7E8FE60BB0822D4F884008A
S315080247300DEB02011AF0B1F920BB2846BDF8181094
S31508024740FFF7A4FBF0B92846BDF82810FFF79EFB31
S31508024750C0B92846BDF82A10FFF798FB90B99DF80C
S315080247602510D4F884001AF0B5F958B99DF8261020
S31508024770D4F884001AF0AEF920B92846FFF716FADB
S315080247800028C6D00DB030BD7FB591F87830054601
S315080247900C46002B40F0618194F87930EBB105F1B3
S315080247A084063046FFF7A8FE002840F06E8141F2E3
S315080247B01D513046FDF7F8FC002840F06681D4E921
S315080247C004233046FFF731FE002840F05E8130466A
S315080247D0FFF7ECF9002840F0588194F87A30F3B1E3
S315080247E005F184063046FFF787FE002840F04D8122
S315080247F046213046FDF7D8FC002840F046811022B3
S31508024800D5F8840004F120011AF047F9002840F08F
S315080248103C813046FFF7CAF9002840F0368194F801
S315080248207B30E3B105F184063046FFF765FE0028C2
S3150802483040F02B8144213046FDF7B6FC002840F0B3
S315080248402481304604F13001FFF726FE002840F0A5
S315080248501C813046FFF7AAF9002840F0168194F821
S315080248607C30F3B105F184063046FFF745FE002891
S3150802487040F00B8145213046FDF796FC002840F0B2
S3150802488004810822D5F8840004F141011AF005F9D9
S31508024890002840F0FA803046FFF788F9002840F0F1
S315080248A0F48094F87D306BB36B46D4F84900D4F89B
S315080248B04D1005F1840603C300233046CDE90233C1
S315080248C0FFF71AFE002840F0E08062213046FDF725
S315080248D06BFC002840F0D9806946D5F884001AF0A6
S315080248E0F7F8002840F0D1804021D5F884001AF064
S315080248F0F1F8002840F0C9803046FFF757F900283A
S3150802490040F0C38094F87E30002B40F0C08094F8C3
S315080249107F30E3B105F184063046FFF7EDFD002846
S3150802492040F0B38036213046FDF73EFC002840F0C1
S31508024930AC803046B4F85810FFF7A8FA002840F0C1
S31508024940A4803046FFF732F9002840F09E8094F89A
S315080249508030E3B105F184063046FFF7CDFD002825
S3150802496040F0938021213046FDF71EFC002840F0D6
S315080249708C8094F85A10D5F884001AF0ABF80028FF
S3150802498040F083803046FFF711F900287DD194F86C
S315080249908130D3B105F184063046FFF7ADFD002814
S315080249A073D14B213046FDF7FFFB00286DD110224B
S315080249B0D5F8840004F15E011AF06FF8002864D174
S315080249C03046FFF7F3F800285FD194F882305BB3DC
S315080249D004F16E00694605F1840611F023FA3046A1
S315080249E0FFF78AFD002850D141F21F513046FDF7E4
S315080249F0DBFB002849D13046B4F86E10FFF746FAB9
S31508024A00002842D19DF80010D5F884001AF062F801
S31508024A10D8BB9DF80110D5F884001AF05BF8A0BB44
S31508024A203046FFF7C3F880BB94F8830068B305F1F4
S31508024A3084063046FFF760FD38BB22213046FDF773
S31508024A40B3FB10BB2846616FFDF7EEFAE8B93046AC
S31508024A5004B0BDE87040FFF7A9B800F184063046F5
S31508024A60FFF74AFD88B941F21C513046FDF79CFB17
S31508024A7058B9D4E900233046FFF7D7FC28B930469F
S31508024A80FFF794F800283FF487AE04B070BD05F12D
S31508024A9084063046FFF730FD0028F6D141F21E5152
S31508024AA03046FDF781FB0028EFD13046616DFFF7EE
S31508024AB0F6FA0028E9D13046FFF778F800283FF4DD
S31508024AC026AFE2E710B504460068A2B000F5F25038
S31508024AD0694604301AF060FA69462046FFF754FE22
S31508024AE022B010BD10B504460068A2B000F5F35016
S31508024AF0694610301AF050FA69462046FFF744FE16
S31508024B0022B010BD70B50546064655F8843B03F536
S31508024B108053D3F834470CB9204670BD2846FFF7B0
S31508024B20EBFC0028F9D12146D6F8840019F0D0FF0B
S31508024B300028F2D1217CD6F8840019F0CBFF002890
S31508024B40EBD1A17C284641F30001FFF7A8FA002819
S31508024B50E3D1A17C284641F34001FFF7A0FA0028D9
S31508024B60DBD12846FFF722F80028D6D16469D2E7B6
S31508024B7070B50646054656F8843B03F58053D3F8C6
S31508024B8038470CB9204670BD3046FFF7B5FC0028F9
S31508024B90F9D12146D5F8840019F09AFF0028F2D1F6
S31508024BA03046FFF703F80028EDD12469E9E738B55E
S31508024BB0044654F8845B2046FFF79EFC002840F022
S31508024BC0ED8005F500552046696AFFF768FA002860
S31508024BD040F0E4802046A96AFFF761FA002840F00F
S31508024BE0DD802046E96AFFF75AFA002840F0D680A7
S31508024BF02046296BFFF753FA002840F0CF8020465B
S31508024C00696BFFF74CFA002840F0C8802046A96B6A
S31508024C10FFF745FA002840F0C1802046E96BFFF706
S31508024C203EFA002840F0BA802046296CFFF737FA88
S31508024C30002840F0B3802046696CFFF730FA002856
S31508024C4040F0AC802046A96CFFF729FA002840F00C
S31508024C50A5802046E96CFFF722FA002840F09E80DC
S31508024C602046296DFFF71BFA002840F09780204658
S31508024C70E96DFFF714FA002840F090802046296E65
S31508024C80FFF70DFA002840F089802046696EFFF783
S31508024C9006FA002840F082802046696DFFF7FFF980
S31508024CA000287BD12046A96DFFF7F9F9002875D1AE
S31508024CB02046FEF77BFF002870D12046FFF71CFC32
S31508024CC000286BD12046A96EFFF7E9F9002865D1BD
S31508024CD02046E96EFFF7E3F900285FD12046296FDF
S31508024CE0FFF7DDF9002859D12046696FFFF7D7F992
S31508024CF0002853D12046A96FFFF7D1F900284DD1D4
S31508024D002046E96FFFF7CBF9002847D12046D5F8A8
S31508024D108010FFF7C4F9002840D12046D5F8841040
S31508024D20FFF7BDF9D0BB2046D5F88810FFF7B7F9CB
S31508024D30A0BB2046D5F88C10FFF7B1F970BB204608
S31508024D40D5F89010FFF7ABF940BB2046D5F894107A
S31508024D50FFF7A5F910BB2046D5F89810FFF79FF97B
S31508024D60E0B92046D5F89C10FFF799F9B0B9204664
S31508024D70D5F8A010FFF793F980B92046D5F8A41004
S31508024D80FFF78DF950B92046D5F8A810FFF787F92D
S31508024D9020B92046BDE83840FEF708BF38BD38B509
S31508024DA0044654F8845B2046FFF7A6FB30BB05F59C
S31508024DB000552046D5F81411FFF771F9F0B92046C7
S31508024DC0D5F81C11FFF76BF9C0B92046FEF7EEFEBF
S31508024DD0A0B92046FFF790FB80B92046D5F81811EE
S31508024DE0FFF75DF950B92046D5F82011FFF757F9B4
S31508024DF020B92046BDE83840FEF7D8BE38BDF8B51A
S31508024E000C46174B096800F184060546002908BFB7
S31508024E1019463046FFF740FB00BBA17AD5F8840055
S31508024E20072928BF072119F055FEB8B93046FFF7FA
S31508024E3063FB98B90746227AFBB29A4204D83046EF
S31508024E40BDE8F840FEF7B2BE6168D5F8840001EB0A
S31508024E50031119F03DFE01370028ECD0F8BD00BF5A
S31508024E60D9E20408016801F5DA510C31C7E738B509
S31508024E700C4600F184050CB9204638BD2846FFF7D2
S31508024E803BFB0028F9D128462168FFF705FB0028D5
S31508024E90F3D128466168FFF7FFFA0028EDD12846C4
S31508024EA0218AFEF7F3FF0028E7D12846618AFEF732
S31508024EB0EDFF0028E1D12846A18AFEF7E7FF002880
S31508024EC0DBD12846FEF772FE0028D6D1E469D2E77E
S31508024ED0036803F58053D3F8581BC8E710B5C3888F
S31508024EE002895C1C944297BF02680620D35C0B7049
S31508024EF09FBFC3880133C380002010BD13B50C467B
S31508024F000DF10701FFF7EAFF28B99DF8073023B12B
S31508024F10012B04D1237002B010BD0346FAE706201E
S31508024F20F9E713B504460DF10701B430FFF7E6FFBA
S31508024F3098B9236803F5805292F8481FC9070ED517
S31508024F4003F5005393F8590148B992F88E3F9DF834
S31508024F50071061F3000382F88E3F02B010BD0D20E0
S31508024F60FBE7002313B504460DF10701B4308DF8AB
S31508024F700730FFF7C3FF30B994F88B391C449DF804
S31508024F80073084F8863902B010BD002337B50546C6
S31508024F900DF10701B4308DF80730FFF7AFFF04466D
S31508024FA068B92B689DF8072003F5B95014304AB141
S31508024FB003F5805393F80C380BB9FEF701FC20462B
S31508024FC003B030BDFEF718FBF9E7002337B50546EF
S31508024FD00DF10701B4308DF80730FFF78FFF04464D
S31508024FE0C0B928689DF8071000F5005292F85921B1
S31508024FF0003A18BF01228A420CD000F50550183033
S3150802500029B1214603B0BDE83040FBF76DBA01214C
S31508025010F9F708FD204603B030BD002337B504462C
S315080250200DF10701B4308DF80730FFF767FF054623
S3150802503088B994F88A299DF807307AB173B984F841
S315080250408A09206800F5005300F51950C3F8585626
S315080250501030E3F7B1F8284603B030BD84F88A3930
S31508025060F9E700F1DA01B43048E700F1DB01B430C0
S3150802507044E7002313B504460DF10701B4308DF851
S315080250800730FFF73BFF50B99DF807202368002A2F
S315080250900CBF0022032203F5805383F8962602B03A
S315080250A010BD002313B504460DF10701B4308DF87F
S315080250B00730FFF723FF40B923689DF8072003F559
S315080250C0805382F0010283F8682602B010BD00F60A
S315080250D08511B43012E72DE9F34104460DF10701B3
S315080250E0B430FFF70BFF064680B920689DF8071013
S315080250F000F5805898F8A42961B13AB9012200F559
S31508025100CD5088F8A4290430F7F7E1FA304602B000
S31508025110BDE8F081002AF9D000F5CD57043700F52D
S31508025120D15407F114051834AC4207D107F1080027
S31508025130E3F7D3F9002388F8A439E7E7AB7C9B07A2
S3150802514006D5284614F050FBAB7C6FF34103AB74CB
S315080251502035E9E770B500F1B40686B005460DF1CB
S3150802516003013046FFF7CAFE044650B99DF80330DC
S3150802517053B92868224600F5D65021461C30F7F75F
S3150802518029FF204606B070BD304601A9FCF751FC3E
S31508025190C0B9304605A9FCF7E8FB98B930460DF1C7
S315080251A00201FFF7ABFE68B92868224600F5D65019
S315080251B001A91C30F9F7CCFC20B99DF8023085F814
S315080251C0AC39DEE70446DCE72DE9FF41002300F1AE
S315080251D0B404054603A920468DF80730FCF7E8FE15
S315080251E0D8B9204602A9FCF7E3FEB0B9B5F8BA2049
S315080251F0B5F8BC309A4209D1DDE902872E6806F570
S315080252008053D3F8584B5CB9172006E020460DF1B7
S315080252100701FFF773FE0028EED004B0BDE8F0815F
S315080252203846216823F05BFAA0B14046616823F04C
S3150802523056FA78B1E469E6E72146F7F7D8FC00287A
S31508025240EBD12B6803F58053D3F8E02BE261C3F860
S31508025250E04BE2E79DF8073006F5D6501C30002BE6
S31508025260EAD1214604B0BDE8F041F7F7ADBC37B53F
S3150802527000F1B40504460DF107012846FFF73EFE84
S3150802528090B928460DF10601FFF738FE60B9206885
S315080252909DF806209DF8071000F5D6501C3003B07D
S315080252A0BDE83040F7F7C4BC03B030BD13B50446B9
S315080252B00DF10701B430FFF721FE80B99DF80720EA
S315080252C094F8873993420AD0236884F8872903F524
S315080252D0805332B1054AC3F8A04FC3F89C2F02B0D7
S315080252E010BDC3F89C0FC3F8A00FF8E77B64020849
S315080252F070B500F1B405ADF5047D044604A9284647
S31508025300FCF747FB58B928460DF1060202A9FCF735
S31508025310A8FB20B9BDF80660FC2E03D907200DF5B7
S31508025320047D70BD029932460DF1150023F0A0F9ED
S3150802533028460DF105018DF81460FFF7DFFD0028F8
S31508025340EDD19DF812319DF80520284662F3000337
S3150802535002A90DF106028DF81231FCF782FB00282C
S31508025360DDD1BDF80650F82DD8D802992A4645A8A7
S3150802537023F07EF9206803A98DF81351E7F79BFA03
S31508025380CDE790F88A3903B1B2E70D20704713B515
S315080253900C460DF10701FFF7A1FD10B99DF807307C
S315080253A0237002B010BD002307B5B4300DF1070112
S315080253B08DF80730FFF7EBFF18B99DF80720024B67
S315080253C01A7003B05DF804FB56710020002313B56A
S315080253D0B4300DF107018DF80730FFF7D8FF044600
S315080253E038B99DF80720044B1A7014F0C7FEF3F774
S315080253F0F5FD204602B010BD9819002007B5B43055
S315080254000DF10701FFF7C3FF002808BF0C2003B000
S315080254105DF804FB002313B504460DF10701B43009
S315080254208DF80730FFF75AFD30B99DF8071031B1EC
S315080254300139012902D9072002B010BD01212068CD
S3150802544002B0BDE81040E4F71EBB30B500F1B40562
S3150802545085B0284602A9FCF7B6FA044638BB2846A0
S3150802546001A9FCF796FA044608BB28460DF1030182
S31508025470FFF734FD0446D0B9F4F747FBDDE90232FB
S315080254800D46984275EB020110D2191A6FF0010304
S3150802549062EB05028B4274EB020207D3019A9DF86E
S315080254A0030005B0BDE830401AF016B807242046B6
S315080254B005B030BD002310B586B004460DF11301C0
S315080254C0B4308DF81330FFF709FD40B99DF8130083
S315080254D0032803D8DFE800F00305121F0C2006B0E4
S315080254E010BD2068009400F5FA50154BB4F8D82080
S315080254F0D4F8D4100830E4F728FBF0E720680094C3
S3150802550000F5FA500F4BB4F8D820D4F8D410083066
S31508025510E4F7F5FAE3E7D4F8D42094F8DB300592F9
S31508025520074A2068CDE90032029494F8DA30B4F8D2
S31508025530DC2005A900F50F5012F09AFBCFE700BF51
S31508025540A9660208C367020837B500F1B4052846FA
S315080255500DF10701FFF7C2FC0446B0B928460DF162
S315080255600601FFF714FF044678B99DF80720A2F151
S315080255700B030F2B0CD8074B13449DF8062003F890
S31508025580072C14F0FBFDF3F729FD204603B030BDC6
S315080255900724FAE7A8610020002337B50C46B43081
S315080255A00DF1070115468DF80730FFF797FCD0B9BC
S315080255B09DF80730DA0704D5BDB1227842F0010218
S315080255C02270990742BF227842F0020222705A07D5
S315080255D042BF227842F0040222701B0703D52378C1
S315080255E043F00803237003B030BD0720FBE713B569
S315080255F004460DF10701B430FFF770FC38B99DF87F
S315080256000710206802B0BDE81040E5F7A3BC02B057
S3150802561010BD13B504460DF10701B430FFF75EFC61
S3150802562030B923689DF8072003F5805383F8602F65
S3150802563002B010BD73B500F1B40605461022304615
S3150802564001A9FCF7E6F9044600BB30460DF1030151
S31508025650FFF744FC0446C8B99DF80330402B18D11D
S315080256602D6805F5005393F85941A4B905F5055077
S3150802567001991830FAF7EAFC05F5F2500430E5F715
S315080256802BFF05F5F3501030E5F726FF204602B04A
S3150802569070BD0724FAE70D24F8E730B500F1B40522
S315080256A089B0044602A92846FCF7C3F948BB28462E
S315080256B006A9FFF713FC20BB284601A9FCF769F9DE
S315080256C0F8B969462846FCF764F9D0B9009B032263
S315080256D0003B18BF01238DF81920019A5B00002AA6
S315080256E018BF43F0010320689DF81A2000F5B95047
S315080256F022F00302134302A914308DF81A3010F06F
S315080257005FFA09B030BD13B504460DF10701B4308E
S31508025710FFF7E4FB50B99DF807305A1E032A88BFE3
S315080257200023226802F5805282F8963602B010BD2E
S31508025730002330B500F1B40587B0044602A928460D
S315080257408DF80430FCF775F9C8B928460DF107013A
S31508025750FFF7C4FB98B90122204601A9FFF71CFFEF
S3150802576068B92368074A03F50053C3F884279DF8E6
S315080257700710C3F8884701AA02A819F008FB07B060
S3150802578030BD00BF8362020810B500F1B40486B0CA
S31508025790204602A9FCF74DF990B920460DF10701FA
S315080257A0FFF79CFB60B920460DF10601FFF796FB51
S315080257B030B99DF806209DF8071002A81AF0EAFAF1
S315080257C006B010BD002330B500F1B40587B0044613
S315080257D002A928468DF80430FCF72BF910BB284697
S315080257E00DF10701FFF77AFBE0B901AD024629463A
S315080257F02046FFF7D1FEA8B923680B4A03F50053E2
S315080258009DF80710C3F88C27084A0029C3F894277D
S31508025810C3F8904714BF2A460022C3F8984702A83D
S3150802582019F080FA07B030BDD16202080F63020888
S31508025830002330B500F1B40587B0044602A928460C
S315080258408DF80030FCF7F5F830BB28460DF1070154
S31508025850FFF744FB00BB28460DF10601FFF73EFBA6
S31508025860D0B9012269462046FFF796FEA0B99DF8EF
S315080258700620236802F00F028DF80420074A03F572
S315080258800053C3F88C27C3F890479DF807106B4658
S3150802589001AA02A819F0A0FA07B030BDD16202081F
S315080258A0002313B504460DF10701B4308DF807300D
S315080258B0FFF714FB80B99DF807302068C3F3C002CE
S315080258C003F002019B00114303F00403194302B0DB
S315080258D0BDE81040E1F71DBC02B010BDF0B50024CA
S315080258E0C288036807899E182346BF1A9F42C3EBDC
S315080258F0C30E12D0052B10D016F803C001330CF0D4
S315080259007F0505FA0EF51CF0800F44EA0504EDD171
S315080259101A44C28000200C6000E00620F0BD002375
S3150802592013B5044601A9B4300193FFF7D7FF38B976
S315080259309DF80410206802B0BDE81040E5F702BEE3
S3150802594002B010BD13B5044601A9B430FFF7C6FF6D
S3150802595040B90122019904F1F00002B0BDE81040F5
S31508025960FCF793B802B010BD13B5044601A9B430CA
S31508025970FFF7B4FF024638B9019904F1F00002B004
S31508025980BDE81040FCF781B802B010BD002337B558
S31508025990054601A9B4300193FFF7A0FF044618B9DA
S315080259A0019B23B1012B0BD0204603B030BD2868DA
S315080259B000F50550183003B0BDE83040F9F784B851
S315080259C0286800F5005393F859214AB193F87932B9
S315080259D043B900F5095021463830F8F70FFCE3E7DA
S315080259E00D24E1E70524DFE710B4C48803891B1BED
S315080259F09BB213805DF8044B1A46FCF70AB80023DB
S31508025A0037B505460DF1020201A9B4300193FFF735
S31508025A10EBFF0446C8B9BDF80230082B18D12D6829
S31508025A2005F5005393F85941A4B905F5F5500199BE
S31508025A300830E6F729F805F5F2500430E5F74CFD8B
S31508025A4005F5F3501030E5F747FD204603B030BDA3
S31508025A500624FAE70D24F8E7002337B505460DF1C3
S31508025A60020201A9B4300193FFF7BEFF0446C8B982
S31508025A70BDF80230102B18D12D6805F5005393F89E
S31508025A805941A4B905F5F65001991830FAF7A9FB58
S31508025A9005F5F2500430E5F71FFD05F5F350103011
S31508025AA0E5F71AFD204603B030BD0624FAE70D24B1
S31508025AB0F8E72DE9F04F0D46904687B0044688224E
S31508025AC0002128469946DDF840A09DF8447022F048
S31508025AD0B0FBB8F1000F02D00023C8F80030B9F1C4
S31508025AE0000F02D0002389F80030BAF1000F02D065
S31508025AF00023CAF8003004F1B406B4F8BCB0B4F80E
S31508025B00BA305B4501D1002025E094F8BE30032B5C
S31508025B10019300F21882304605A9FBF726FFD0B991
S31508025B20B4F8BA10BDF81420ABEB0100824215DCBA
S31508025B30019B04EB4300A0F8C4B002EB010B1FFA69
S31508025B408BFB01333046A4F8BCB084F8BE3004A9F6
S31508025B50FFF7C4FE20B107B0BDE8F08F0620FAE7CA
S31508025B60049B622B00F0EA8042D84B2B0AD8432BBF
S31508025B7028D8222B00F08C81362B00F01581212B98
S31508025B8000F0238194F8BE30002B00F0DC81B4F8D3
S31508025B90B820B4F8C010914205D294F8BF109942C1
S31508025BA008BFA4F8C020B4F8BC20013BDBB284F8D5
S31508025BB0BE30A4F8BA2004EB4303B3F8C430A4F801
S31508025BC0BC309AE7443B072BDCD801A252F823F0F3
S31508025BD0C55C0208015D02087D5C0208855B020855
S31508025BE0855B0208855B0208855B0208F35D02088D
S31508025BF0A3F5A8531C3B0B2BC4D80B2BC2D801A266
S31508025C0052F823F0355C0208575C0208875D0208E1
S31508025C10355E0208D75E0208855B0208855B0208C4
S31508025C20855B0208855B0208855B0208855B0208BC
S31508025C301B5F02081FB1B4F8BA305B4507D0294684
S31508025C403046FBF7C0FE002885D12881A8720123B9
S31508025C5085F8783096E71FB1B4F8BA305B4509D0B3
S31508025C60304605F11001FBF7AEFE00287FF473AF4C
S31508025C702883A876012385F8793083E71FB1B4F81B
S31508025C80BA305B451AD030460DF10E0205A9FFF768
S31508025C90ABFE00287FF45FAFBDF80E30102B40F044
S31508025CA03A81059B05F1200C03F1100E624618682D
S31508025CB05968083303C273459446F7D1012385F818
S31508025CC07A305FE71FB1B4F8BA305B4514D0304674
S31508025CD005A9FCF76DF900287FF43DAFDDF814B08D
S31508025CE0584622F059FD102800F21581421C5946E1
S31508025CF005F1300022F0BCFC012385F87B3041E730
S31508025D001FB1B4F8BA305B4514D030460DF10E0215
S31508025D1005A9FFF769FE00287FF41DAFBDF80E300E
S31508025D20082B40F0F880059A1368C5F84130536885
S31508025D30C5F84530012385F87C3023E71FB1B4F84E
S31508025D40BA305B451BD01022304605A9FBF761FE27
S31508025D5000287FF400AF30460DF10E01FFF7BEF8BA
S31508025D6000287FF4F8AE9DF80E30402B40F0D38021
S31508025D70059A1368C5F849305368C5F84D300123AA
S31508025D8085F87D30FEE63FB1B4F8BA305B4503D1FB
S31508025D90012385F87E30F5E6304605F15401FBF716
S31508025DA0F8FD0028F4D0D6E63FB1B4F8BA305B4520
S31508025DB003D1012385F87F30E4E6304605F1580120
S31508025DC0FBF7D3FD0028F4D0C5E61FB1B4F8BA3004
S31508025DD05B450AD0304605A9FFF780F800287FF40C
S31508025DE0BAAE9DF81430A5F85A30012385F88030EA
S31508025DF0C8E61FB1B4F8BA305B4517D030460DF184
S31508025E000E0205A9FFF7F0FD00287FF4A4AEBDF83F
S31508025E100E30102B7FD1059B05F15E0203F11001AE
S31508025E2053F8040B8B4242F8040BF9D1012385F887
S31508025E308130A7E61FB1B4F8BA305B4522D005F126
S31508025E406E0B59463046FBF790FD00287FF483AE69
S31508025E50304605A9FFF742F800287FF47CAEB4F86D
S31508025E60BC20B4F8BA309A4210D030460DF115016A
S31508025E70FFF734F800287FF46EAE0222584605A9C9
S31508025E80F7F780FE012385F882307BE60122F5E7E3
S31508025E90CFB900234FF0010B6B67B4F8BA20B4F8F8
S31508025EA0BC309A4213D0304605A9FFF717F80028E6
S31508025EB07FF451AE9DF814301F2B2CD86A6F0BFA5B
S31508025EC003F31343E8E7B4F8BA305B45E1D101239B
S31508025ED085F8833056E627B1B4F8BA305B453FF405
S31508025EE051AE30460DF10E0205A9FFF77DFD0028D9
S31508025EF07FF431AEBDF80E30FF2B0CD8B8F1000F87
S31508025F0002D0059AC8F80020B9F1000F3FF43AAE5C
S31508025F1089F8003036E607201DE627B1B4F8BA300C
S31508025F205B453FF42FAE1022304605A9FBF771FDFB
S31508025F3000287FF410AEBAF1000F3FF423AE059B9A
S31508025F40CAF800301EE60D2005E6002330B5E7B094
S31508025F501A46CDE9003302A90546FFF7AAFD04460B
S31508025F6080B92D6825A805F5F25518F0FAFF04350B
S31508025F7002A925A88DF89241E5F70AFF284625A920
S31508025F80E6F714FA204667B030BD002330B5E7B00D
S31508025F901A46CDE9003302A90546FFF78AFD0446EB
S31508025FA080B92D6825A805F5F35518F0DAFF1035DE
S31508025FB002A925A88DF89241E5F7EAFE284625A901
S31508025FC0E6F7F4F9204667B030BD002310B5A6B04F
S31508025FD0CDE9003303AA0DF10B0304A90446FFF722
S31508025FE068FD48B920689DF80B3000F5F250039A0F
S31508025FF004A904300FF04EFC26B010BD002310B5DC
S31508026000A6B0CDE9003303AA0DF10B0304A9044691
S31508026010FFF74FFD48B920689DF80B3000F5F3509D
S31508026020039A04A910300FF035FC26B010BD0123DF
S3150802603010B5A8B0019304AB009305AA0DF10F039E
S3150802604006A90446FFF735FD58B92068049B00F5F2
S31508026050F2500093059A9DF80F3024A90430E5F70B
S3150802606051FB28B010BD012310B5A8B0019304ABAB
S31508026070009305AA0DF10F0306A90446FFF719FDB9
S3150802608058B92068049B00F5F3500093059A9DF8C9
S315080260900F3024A91030E5F735FB28B010BD0023D0
S315080260A030B500F1B40585B004460DF1060228465E
S315080260B003A90393ADF806300293FBF7D2FCF0B9B5
S315080260C0284601AA02A9FFF78FFCC0B9BDF8061037
S315080260D00E4A03980FF006FB014678B1022243796D
S315080260E062F3C40343712068E5F7E2FB38B9D4F8D2
S315080260F094390133C4F8943905B030BD0320D4F875
S31508026100A8390133C4F8A839F6E700BF7AC30408E8
S31508026110002330B585B00393ADF8063002934FF4E9
S31508026120807300F1B40504460DF10602284603A958
S31508026130ADF80030FBF795FC18BB284601AA02A960
S31508026140FFF752FCE8B9BDF806106A4603980FF045
S31508026150C9FA0146A0B1838823F4C05323F0010388
S3150802616043F4805343F0010383802068E5F7A0FBDC
S3150802617038B9D4F898390133C4F8983905B030BD1E
S315080261800320D4F8A8390133C4F8A839F6E72DE96B
S31508026190F84311F00F0904460F4690461E46056855
S315080261A02AD0002380F824302846FDF7F7FD01237C
S315080261B02B776B6AC5E90A333946206818F08AFCD8
S315080261C020BB41462046FBF7EFFFF8B925682B7F2F
S315080261D0022B1AD02846FDF723FEB8B9EB6A3146D8
S315080261E0A362AB6A2046E36294F8243084F8253029
S315080261F0BDE8F843FBF7D8BF80F824902846FDF798
S31508026200CDFD2B6A85F81C90D4E70D20BDE8F883EE
S31508026210F8B5044694F82450E5B92468237F022B7E
S315080262202DD029462046FDF717FD237F04F14C079A
S3150802623004EB83031A6A2263A26A1A62E66C8EB9AF
S31508026240E66826B12346227F216B2069B0470223DE
S31508026250237705E02046FDF7A9FC05460028D9D094
S315080262602846F8BD31463846E1F7C7FD207F0122A8
S3150802627004EBC00031465430E1F7A1FDDEE70D25F7
S31508026280EEE72DE9F04103F1840807460D46164666
S315080262901C46062241F22E5380214046FFF777FF1D
S315080262A0A0B93946D4F8840018F012FC70B9314600
S315080262B0D4F8840018F00EFC40B929462046FEF7A9
S315080262C041F918B94046BDE8F041A1E7BDE8F081B9
S315080262D0F8B502F1840706460D46144641F23353D1
S315080262E0062280213846FFF752FF78B93146D4F89C
S315080262F0840018F0EDFB48B92946D4F8840018F052
S31508026300E9FB18B93846BDE8F84081E7F8BD2DE93A
S31508026310F04103F1840580460F4616461C460622BE
S3150802632041F2315380212846FFF731FFA0B9414691
S315080263302846FDF7ABFD78B908223946D4F8840019
S3150802634018F0ABFB40B931462046FEF7FBF818B900
S315080263502846BDE8F0415BE7BDE8F0812DE9F04744
S31508026360054600F68C1900F18408D5F88C690EB931
S31508026370344643E031464846E1F73FFD377906227F
S31508026380C7F3400780214046C7F17303FFF7FFFEB4
S31508026390044670BB40467189FDF778FD044640BB4A
S315080263A0D5F884A09AF81C30022B21D05046FDF766
S315080263B037FD0446E8B9012231460AF14C00E1F7F5
S315080263C0FEFC4FF480415046FDF746FC4046FFF777
S315080263D01FFF044668B92FB1D5F89C390133C5F8B1
S315080263E09C39C2E7D5F8A0390133C5F8A039BCE70C
S315080263F00D24002231464846E1F7E1FC2046BDE875
S31508026400F08710B50C460146B0B14389B3F5A26FC1
S3150802641003D9BDE81040E0F7F9BF012204F68C1053
S31508026420E1F7CDFC94F80A2994F80B399A4203D17C
S315080264302046BDE8104091E710BD30B5E1B01346DD
S3150802644004460A4668464FF4C0711AF05DF9051EFD
S315080264500FDD84347523062280212046FFF797FE36
S3150802646038B969462046FEF717F810B92046FFF7ED
S31508026470CFFE284661B030BDDFE7F8B592F8873916
S3150802648004460F461646002B59D002F1840571239D
S31508026490062280212846FFF77AFE00284FD1284691
S315080264A0A188FDF7F3FC002849D1A2882168D6F80D
S315080264B0840018F0F2FA002841D1DFBB94F91510CE
S315080264C0D6F88400C9B218F005FBC0BB8021D6F8FD
S315080264D0840018F0FFFA90BB39462846FDF7D6FC29
S315080264E068BB2846FEF708F848BBA179D6F88400A7
S315080264F018F0F0FA014610BB07B9A17DD6F8840058
S3150802650018F0E8FAD8B9BFB1D4E908232846FDF746
S315080265108CFFA0B92846FDF749FB80B92846FDF746
S31508026520EBFF60B92846FDF741FB40B92846BDE8AE
S31508026530F8406DE67F21C3E7D4E90223E6E7F8BD12
S31508026540002330B5174C25688D4224D165689542DB
S3150802655021D1C3F12004D0E90225A3F1200105FACD
S3150802656004F4DA40224325FA01F10A4312F0010F34
S31508026570C3F12004A3F120020CD1012121FA04F46B
S3150802658001FA02F222439940D0E900430C4313432D
S31508026590C0E9004330BD0133DBB21F2B04F10C0402
S315080265A0D1D1F7E7F8CC04080022C9E710B50446AA
S315080265B04C21F030FFF7F8FF04F1E000BDE8104087
S315080265C0E1F7FABD2DE9F843089E1D4696F8AC395F
S315080265D00746894690469BB106F1840441F61A138A
S315080265E0062280212046FFF7D2FD68B106F1F000A7
S315080265F00B220021FFF7A4FF06F1E000E1F7DCFD1C
S31508026600002D43D1BDE8F8831D2F97BF254B0221E4
S31508026610DB1993F879112046FDF738FC0028E5D1F5
S315080266202046FDF769FF0028E0D149463046FEF7C5
S31508026630E6FB0028DAD12046FDF7B8FA0028D5D1BC
S315080266402046FDF759FF0028D0D141463046FEF7CD
S315080266500EFC0028CAD12046FDF7A8FA0028C5D1A3
S315080266602046FDF749FF0028C0D129463046FEF7E5
S31508026670FEFB0028BAD12046FDF798FA0028B5D1C4
S315080266802046FFF7C5FD0028BAD0AFE73368EA69A6
S3150802669003F58053D3F8E01BE961C3F8E05B1546BE
S315080266A0AEE700BFF8CC0408F8B50D460446002844
S315080266B07BD090F8393001F184061F0107F0F00704
S315080266C0DB064FF007024FF033034FF080013046E6
S315080266D048BF47F00807FFF75AFD00285ED194F82D
S315080266E03610D5F8840018F0F5F9002856D194F832
S315080266F03710D5F8840018F0EDF900284ED1304647
S31508026700FDF7FAFE002849D108222146D5F8840069
S3150802671018F0C3F9002841D14FF6FF713046FDF74C
S31508026720B5FBD8BB3046618EFDF7B0FBB0BB94F81B
S315080267303810D5F8840018F0CDF978BB3046FDF745
S3150802674035FA58BB3046FDF7D7FE38BB032130462B
S31508026750FBF72AFD10BB3946D5F8840018F0BAF9BA
S31508026760E0B9304604F10801FDF796FEB0B90822F1
S31508026770304604F11901FDF797FB78B9304694F8CB
S31508026780212004F12201FDF78FFB38B93046FDF7C7
S315080267900DFA18B93046FFF73BFD88B10B220021E6
S315080267A005F1F000FFF7CCFE04E0302105F1F00018
S315080267B0FFF7FAFE05F1E000BDE8F840E1F7FCBC98
S315080267C0F8BD70B50C460546F8B101F184063923C1
S315080267D0072280213046FFF7DAFC78B92978D4F8FF
S315080267E0840018F077F948B96978D4F8840018F063
S315080267F071F918B93046FFF70BFD88B10B22002153
S3150802680004F1F000FFF79CFE04E0302104F1F000E9
S31508026810FFF7CAFE04F1E000BDE87040E1F7CCBC20
S3150802682070BD1C282ED8DFE800F00F3011132D1585
S3150802683017192D2D2D2D1B1D1F212D2D2D272D2DE4
S315080268402D25232D2D292B00002070470E20704759
S315080268500B2070470C2070470920704703207047A9
S315080268600220704704207047112070471220704793
S315080268701320704714207047162070471720704758
S315080268801820704700F58040704701207047034B77
S31508026890D0F88400197818F01DB900BF5671002087
S315080268A010B5064B044618681AF0E0FBC1B2D4F8D4
S315080268B08400BDE8104018F00DB900BF6419002025
S315080268C0024608B50C20FFF7ACFFBDE808400146B2
S315080268D002F18400FBF798BC024608B50C20FFF7C4
S315080268E0A0FFBDE80840014602F18400FBF78CBC14
S315080268F04FF6FE7330B50268044602F50052B2F846
S315080269005C1185B099420AD11020FFF78AFF014629
S3150802691004F1840005B0BDE83040FBF775BCD2F837
S315080269204803D2F84C1392F87F316D464FF07F42F6
S3150802693003C50292FE229B029BB25BBA6946D4F851
S315080269408400ADF80C20ADF80E3018F0C1F805B089
S3150802695030BDF0B50546044655F8840B87B000F5F8
S31508026960055001A91830F9F773FD002856D19DF88C
S3150802697014309B074DD5266806F506502230F7F7E0
S3150802698098F906F5005607460822D4F8840001A9A4
S3150802699096F9A56118F081F8C8BB2846BDF80C100F
S315080269A0FDF774FA98BB28469DF81310FDF777FB96
S315080269B068BBD4F88400F9B218F08CF838BBD4F85E
S315080269C08400F1B218F086F808BB9DF81110D4F8C5
S315080269D0840018F07FF8D0B99DF81210D4F8840014
S315080269E018F078F898B99DF81510D4F8840018F0BC
S315080269F071F860B99DF81610D4F8840018F06AF890
S31508026A0028B99DF81710D4F8840018F063F807B06F
S31508026A10F0BD14212846FBF7F7FBF8E7FFF701FF5D
S31508026A200146F7E72DE9F8430D4617461A4601F0DF
S31508026A300F0311F00F0106D1022F02D1F030FFF732
S31508026A407FFD00200DE090F80B6990F80AE9A6EBA5
S31508026A500E040E2C07DDF0300E220021FFF770FD22
S31508026A600320BDE8F883C5F30114051995F80959F9
S31508026A70A0468D423DD131460E293ED801F221115A
S31508026A8044F0400400EBC10144EA830444EA0724C3
S31508026A908B8824F08004A40523F45F7323F0030390
S31508026AA0A40D1C438B68013662F317038C808B6036
S31508026AB080F80B69C5E70F3DEDB20E2DFBD805F23E
S31508026AC0211500EBC50595F804C01CF0400F0CD043
S31508026AD00CF00309C84508D1CCF38309894504D1CA
S31508026AE06FF3861C85F804C0C5E70EF1010E5FFA3E
S31508026AF08EFE7645BFD97546DFE70F39C9B2BBE7C1
S31508026B0038B511F0300F00F1840408BFC0F8D02060
S31508026B101546002306222046FFF739FB48B92946BF
S31508026B202046FBF741FB20B92046BDE83840FFF76F
S31508026B306FBB38BDF0B504460C260020013A8242E6
S31508026B400DD870430A1809588B4215BF0023D2E99B
S31508026B500101C4E90033C4E900012046F0BD151855
S31508026B606D0806FB05F7CF599F422CBF2A46681CBB
S31508026B70E5E72DE9F74304460D4616469846684664
S31508026B80134621499422FFF7D5FFDDE9007967B953
S31508026B9019F0010F09D1A6F57053B3F5806F1FD30B
S31508026BA0B8F1000F28D1424627E004F1840833469B
S31508026BB0062229464046FFF7EAFAD0B919F0010F2C
S31508026BC04FEA690318BFE35804EB690018BFDF5997
S31508026BD0B84770B9404603B0BDE8F043FFF718BBA3
S31508026BE033460622294604F18400FFF7D0FA002824
S31508026BF0D6D003B0BDE8F0830D222946204603B05D
S31508026C00BDE8F0437CE700BF90CE040870B50446A1
S31508026C10002694F80A5994F80B39AB4201D10020A0
S31508026C2033E005F2211504EBC5021379590616D489
S31508026C3004EBC5052B796FF386132B7194F80A3981
S31508026C400133DBB20F2B84F80A39E2D194F80B39F7
S31508026C5084F80A690E2B20D884F80B39D9E7C3F3CE
S31508026C600100C3F38301537941EA0011926803F0E4
S31508026C70030361F07F01022BC9B2C2F3170205D1E1
S31508026C802046FFF73DFF0028D2D070BDB3FA83F342
S31508026C9020465B09FFF76DFFF5E70F3BDBB2D9E745
S31508026CA02DE9F047D0F8E8300446CBB3580711D59A
S31508026CB094F8853973B1236803F5005393F859316B
S31508026CC0012B07D90023492184F8853904F1F000FC
S31508026CD0FFF76AFC19264E4F04F1F000013E02D175
S31508026CE0C4F8E8601CE0D7F80080D4F8E85018EA3F
S31508026CF0050F01D10837F1E77968522938D0FFF72D
S31508026D0053FCB8F5007F05D15A21FFF74DFC5B21EC
S31508026D10FFF74AFC25EA0805C4F8E850002DE9D130
S31508026D20D4E93C3213431ED000254FF00109394FEE
S31508026D30DFF8E4A0C5F12001D4E93C30A5F1200230
S31508026D40EB4000FA01F10B4320FA02F2134313F067
S31508026D50010FC5F12008A5F1200611D101351F2D15
S31508026D6007F10C07E6D1012384F8C039BDE8F0879C
S31508026D70002294F8893984F88929002BBFD1C0E703
S31508026D803A68002A39D17B68772B14D1DAF814309D
S31508026D90D9070ED4580628D413F0180F27D1990705
S31508026DA027D49A0627D440F2847213420CBF0722CC
S31508026DB0062202F170031A4680212046FFF7A0FE3A
S31508026DC00028D0D1D4E93C3209FA06F629FA08F89D
S31508026DD046EA080609FA05F123EA010322EA060247
S31508026DE0C4E93C321343B9D1BDE70222E1E70822DE
S31508026DF0DFE70122DDE70322DBE794F8C039002B3F
S31508026E00E0D0012380212046FFF7B3FED8E700BF72
S31508026E1080D50408F8CC0408A861002010B590F8BB
S31508026E20CC30044633B1D0F80431994204BF00236A
S31508026E3080F8CC302046FFF7E9FEE0B994F808114D
S31508026E4089B101230C222046FFF793FE98B994F8DC
S31508026E50003184F80801042B1FBF636BC4F80431A0
S31508026E60012384F8CC302046FFF778FA18B9204671
S31508026E70BDE8104014E710BD014B186810E700BFC3
S31508026E8058190020F7B5002300220446C0E93E231C
S31508026E9000F1B40600F1F007B4F8BA20B4F8BC3031
S31508026EA09A4203D10025284603B0F0BD304601A90F
S31508026EB0FEF714FD054628B9012238460199FAF764
S31508026EC0E4FDE9E7012341F2080280212046FFF7A3
S31508026ED050FEE8E7F7B506460022054641F6D267B0
S31508026EE056F8B43B03F5805383F8D62EB5F8BC3072
S31508026EF0B5F8BA209B1A9BB2012B01D8002416E0DA
S31508026F0030460DF10601FAF730FD044648B92868FD
S31508026F102146BDF806203844F5F7C0FA044600288B
S31508026F20E4D001235C2280212846FFF722FE204670
S31508026F3003B0F0BD30B58DB06846294D18F0E3F8B8
S31508026F4002A8E0F7C7F8D5F8C41104A818F012F990
S31508026F5005F5E275049C7CB969462248E1F7C6FA4A
S31508026F60029904A818F006F91F4C049808BB02A84F
S31508026F70E0F765FF0DB030BD182300210DEB0302C3
S31508026F802046E0F786FB0699009B5B1A002B06DA79
S31508026F906846E1F721F904A8E0F732FADAE721466A
S31508026FA02846E0F72AFF0122214602A8E0F707FF52
S31508026FB0F1E7182300210DEB0302E0F76AFB9DF8BF
S31508026FC02C30052B08D0072B02D107A817F065FE2F
S31508026FD004A8E0F715FAC8E7204618F0FBFDF7E71C
S31508026FE0F03A0020BC3C0020483C00202DE9F04F36
S31508026FF014465D2385B005460F4616220021204613
S315080270008DF807304FF0010A21F013F90DF107093F
S315080270102846FCF734FA0646D0B9AB685B885BBAF1
S31508027020A382002F37D16B6893F90220002AB6BFD4
S3150802703093F8038093F8078003F1040B08F1FF38ED
S315080270405FFA88F8A8BF03F1080BB8F1110F12D836
S31508027050D5E9000102AACDF808908DF80CA00EF029
S3150802706073FB00236860AB600028D1D1172630462F
S3150802707005B0BDE8F08F20460BF10101E0F7E8F80C
S31508027080BBF81130B8F1120F5BBA238201D09BF814
S315080270901370A774EBE7D5F8088098F80130A3F1C6
S315080270A0020B5FFA8BFBBBF1110F0ED9204608F1D2
S315080270B00401E0F7CDF8B8F81430BBF1120F5BBA49
S315080270C0238215D098F81670E3E7042BA0D1094B52
S315080270D0B8F8022003CB6FF0FF036381FE2320601A
S315080270E061602681A381E281AB689B885BBA2382B1
S315080270F03746CEE7383E002038B50A4D04462946BB
S31508027100E0F7A6F8A5F1380303CB002323836FF033
S31508027110FF036383FE23A383FC2320616161E38368
S3150802712038BD00BF703E002000232DE9F047CCB0E1
S315080271308DF82C3183790646D80731D4644D95F8F3
S31508027140590117F0A4FD58B395F85B31990702D493
S315080271500EF0B7F920B34FF6FE73B5F890269A42A9
S315080271601ED00023032205935A4B05A85968069395
S315080271708DF81C204FF00108F5F760FA059F9DF877
S315080271802C418FB964B105A8E0F77BF84FF2BF032B
S31508027190ADF836304FF6FE73B5F890269A422ED1E0
S315080271A001200EF03FF98FE00F2CECD03B7D13BB8C
S315080271B00FAB994603EB041ACA4512D1631C8DF824
S315080271C02C314CAB03EB04143B46F43C07F1100C90
S315080271D0224618685968083303C263451446F7D12C
S315080271E007E048463946DFF769FF09F11009002822
S315080271F0E2D087F8148005A8F6F71CFEBEE7282019
S315080272000EF04CFC074600284ED00E234FEA04180F
S3150802721004A98DF810308DF81180E1F7C3FF0446F2
S31508027220002849D1424638460FA9E0F78DFB0446A5
S31508027230002841D195F85B319A070DD40EF041F931
S3150802724050B10DF10F000EF08DF90446A0BB9DF862
S315080272500F30A3F57C7301E0B5F8903609AAD5E993
S31508027260D20182E803004FF07F420B92FE225BBAFC
S31508027270194905A8ADF83020ADF83230DFF7E8FF36
S315080272803946164B1648009605AAE1F797F90446B9
S3150802729090B9B37943F00103B37195F85B311B07D3
S315080272A012D40EF067FA0FE001200EF0BBF80121A6
S315080272B0304600F017F807E03846E0F7A7F801204D
S315080272C00EF0B0F8032CF2D04CB0BDE8F08700BF40
S315080272D0F03A002024320020703E0020157302087E
S315080272E00033002010B583790446DB0702D583886C
S315080272F07BB1FEE739B98180FFF716FF2046BDE864
S315080273001040FBF77EBB83880BB19942F6D2A18067
S31508027310F4E710BD2DE9F04706220025C2B007465C
S315080273200E461C468DF804518DF8072013B929B963
S3150802733006240025BB79DA0741D4FEE701F13103B9
S3150802734023F001035B78442BF2D1042130460DF178
S315080273500702E1F791FE04460028EBD10E213046DA
S3150802736002AAE1F709FE50B19DF804319DF80750CB
S315080273700BB1002DDCD0B5FA85F56D09DAE7BDF853
S315080273800A301907D4D1FF2BD2D8BDF80A309DF896
S315080273900421002BE8D00F2A1FBF531C8DF8043195
S315080273A005AB03EB021202A908BF002210233046DE
S315080273B0E0F745FA102102A8E0F7A8FDE5E76FF322
S315080273C00003BB71002303220293274B02A85968C4
S315080273D003938DF81020F5F731F9DDF80890B9F125
S315080273E0000F0BD19DF807301C4314F0FF012AD178
S315080273F03846FFF777FF42B0BDE8F08799F81430B0
S31508027400012B1AD1EDB99DF80431A3B105AA90460C
S3150802741002EB031AC245464601D1002607E040465A
S315080274204946DFF74BFE08F110080028F2D0B6FAF3
S3150802743086F35B095B0089F8143002A8F6F7FAFCB2
S31508027440CBE70223F7E7094802A9DFF7F1FE00288E
S31508027450D1D1BDF80A00012803D90EF022F8014657
S31508027460C6E70121C4E700BF24320020804100207C
S3150802747070B50C4606468CB060B1428E8B8A9A422B
S3150802748006D1012290F836309A400B6913430B61F4
S315080274900CB070BD0B69002BFAD002A8DFF7F1FE1B
S315080274A04FF2BF031920ADF82A300EF075FA0546D9
S315080274B00028EDD0324668462169E4F750FC6A4650
S315080274C0352128469DF80630E1F76FFE18B12846A1
S315080274D0DFF79CFFDCE701212846A28AE1F7A5FE31
S315080274E00028F4D10B4902A8DFF7B2FE04F1100610
S315080274F006AA134620686168083403C3B4421A46CA
S31508027500F7D12946044802AAE1F78AF90028BFD02A
S31508027510DDE700BF703E0020003300202DE9F0436E
S3150802752097B00446DFF790FE054602A8DFF7A9FEE4
S31508027530214602A8DFF78CFE06AE04F1100304F119
S315080275402007324618685968083303C2BB421646F2
S31508027550F7D194F8363094F838208DF82C3094F810
S3150802756037300820DB0043EA02139DF82D2003F08A
S31508027570180322F01802134332498DF82D3012F0FF
S315080275809BFD0746002845D02846DFF7DBFE0CA9F7
S315080275900C903846E1F703FE00284DD1A18D7B8970
S315080275A08B4244D3DFF8A0800CA8B8F894360CAD09
S315080275B0A4F84E3002AEB4F84C90DFF762FE0FCE56
S315080275C00FC50FCE0FC596E8030045F8040B2980B0
S315080275D06846DFF77FFD80238DF80030B8F89436C9
S315080275E099FA99F95A1CA8F894265BBA08226946A8
S315080275F03846ADF80490ADF80630E0F7FFFAD8B988
S31508027600B8813A2238460CA915F0DAF9A0B9A38F3F
S315080276100133A387E38D04F15000013B9BB2E38556
S3150802762073B1216B17B0BDE8F043E0F7E2BE384606
S31508027630DFF70CFF0028B5D03846DFF7E7FEE9E7A3
S31508027640A18EEFE77AC30408F02A00200748B0F8AB
S31508027650CA3713B100F29C7060E7D0F8C03723B17D
S31508027660D0F8C41700F5FB6018477047F03A0020B7
S315080276707FB504460D4616466846DFF7A1FD6B46FA
S315080276804FF6FF72294620460096FBF7E5FB04B043
S3150802769070BD002370B5044642F2385588B001938E
S315080276A0206802AA01A92844FFF7E2FF08B10020D0
S315080276B064E004F184063046FCF71EFF00285DD11B
S315080276C0D4F8840002A917F003FA002856D19DF8C7
S315080276D01810D4F8840017F0FDF900284ED19DF849
S315080276E01A10D4F8840001F0010117F0D4F9002821
S315080276F044D19DF81930C3F380014901C9B218076C
S3150802770048BF41F01001DA0648BF41F008015806A1
S3150802771048BF41F002019A0648BF41F00401DA095E
S3150802772043F3010318BF41F00101DBB241EA8311B9
S31508027730D4F88400C9B217F0CDF9F8B90146D4F8DD
S31508027740840017F0A8F9C8B93046BDF81C10FCF732
S315080277509DFB98B99DF81A30D4F88400C3F340010A
S31508027760C9015B07C9B248BF41F0400117F0B2F937
S3150802777020B93046FCF71AFA002891D008B070BD35
S31508027780F0B504460D4616461F4685B06846DFF72D
S3150802779017FD6B463246294620460297FBF75CFBE5
S315080277A005B0F0BD002370B5044642F23855ADF572
S315080277B0027D009320684FF6FF72694601AB2844A2
S315080277C0FFF7DEFF08B1002034E004F184063046F4
S315080277D0FCF792FE70BB9DF80410D4F8840017F0EB
S315080277E079F938BB30460299FCF759FC10BB30468A
S315080277F09DF80C200DF10D01FCF756FBD0B99DF84A
S315080278000A11D4F8840001F0010117F044F988B985
S3150802781030469DF80B2143A9FCF746FB50B9304682
S31508027820BDF80412FCF732FB20B93046FCF7BEF964
S315080278300028BFD00DF5027D70BD002370B5044641
S3150802784042F23445ADF5027D009320684FF6FF7289
S31508027850694601AB2844FFF793FF08B100202DE0E3
S3150802786004F184063046FCF747FE38BB30460299D7
S31508027870FCF715FC10BB30469DF80C200DF10D01E6
S31508027880FCF712FBD0B99DF80A11D4F8840001F06E
S31508027890010117F000F988B930469DF80B2143A972
S315080278A0FCF702FB50B93046BDF80412FCF7EEFAB3
S315080278B020B93046FCF77AF90028C6D00DF5027DC4
S315080278C070BD00232DE9F04F05460E461746ADF268
S315080278D0644D00930DF140080DF1280916AB049387
S315080278E000233A4605936946304602ABCDE902893A
S315080278F0FBF7B2FA00286FD1029CE4B101900DF5AC
S31508027900177AB4F814B006A8DFF75AFC5A4628467E
S3150802791006AB01A9CDF818A0FBF79EFA20B1002004
S315080279200DF2644DBDE8F08F18222146504621F02B
S3150802793064FE0028E5D1039CCCB100230DF5177A25
S315080279400193B4F812B006A8DFF73AFC5A4628465D
S3150802795006AB01A9CDF81CA0FBF77EFA0028DED1FA
S3150802796018222146504621F048FE0028E9D1049CF7
S31508027970002CB3D0002304F1090A06932846B4F86A
S31508027980002297AB06A9FFF7FBFE0028C7D1989AF3
S3150802799063689A42F2D19DF86432227A9A42EDD10C
S315080279A051460DF2652021F028FE0028E6D19DF801
S315080279B0623394F806215340DB07DFD49DF863331C
S315080279C094F807219A42D9D104F58471D9A821F0ED
S315080279D014FE002882D0D1E70120A1E72DE9F04361
S315080279E0DFF8688105468FB098F8590117F04FF904
S315080279F0002872D0AB7FDB076FD4AB691BB1EA688C
S31508027A002B1D9A4269D14C4BAB61B8F85C71D8F818
S31508027A10341498F83824D8F834341344994237D3AE
S31508027A2046493A4601F58270FFF74BFF00284CD1CA
S31508027A30AB8BBB4202D14FF6FE73AB8304A8B5F8F3
S31508027A401C90DFF71EFC4FF2BF030520ADF832305B
S31508027A500DF0A2FF064698B10A238DF80C3098F865
S31508027A60383403A98DF80D30E1F79CFB044600284B
S31508027A7036D03046DFF7CAFC172C2ED0032C59D144
S31508027A804FF47A71281D0FB0BDE8F043E0F7B1BC98
S31508027A900B785B08052B17D10846FBF7D6F9B8F819
S31508027AA05C4164BAA4B24B7802330B44984201D3C0
S31508027AB01946AEE703785B08062B04D1437844805F
S31508027AC002331844EFE7FEE7FEE71D493A46A1F5F9
S31508027AD08270FFF7F6FE0028AAD00FB0BDE8F08341
S31508027AE0304698F83824D8F83414DFF72DFF0446C0
S31508027AF00028BED14FF6FE73994512D104A8FFF7A6
S31508027B00FBFA31460F4B1048009504AAE0F756FDDA
S31508027B1004460028ADD1AB7FAF8343F00103AB77B0
S31508027B20DBE74A4602213046E1F77FFB0446002896
S31508027B30E4D09EE7FEE700BFE0930400243F00205E
S31508027B4028400020517B020800330020F03A00202A
S31508027B50827F0B2B6FF30002827707D01C2B05D08E
S31508027B602BB9816904300131E0F743BC36E7FEE7F9
S31508027B70004833E73041002000482FE73041002013
S31508027B8000232DE9F04707460E4617258CB00193C8
S31508027B900DF1180802A8DFF713FB4FF6FF723846F5
S31508027BA002AB01A9CDF80C80FBF756F918B12846A5
S31508027BB00CB0BDE8F0879DF82C406207EAD59DF81F
S31508027BC028904846F4F7D5F90028E3D0172D19D09E
S31508027BD0317D44F3010241F3010352B25BB29A4288
S31508027BE010DC4C40A307D5D1347CCA46A14528BF30
S31508027BF0A246314652464046DFF780FB82450BD8FD
S31508027C00A145C7D2344645460FCD0FC495E80300B1
S31508027C10002584E80300BDE70CAB03EBE003C110C3
S31508027C2013F8182C735C9A42EBE70023F0B5044666
S31508027C3042F238568DB0019306AD276802A837443A
S31508027C40DFF7BEFA4FF6FF72384602AB01A9039573
S31508027C50FBF702F908B100204BE004F18407384625
S31508027C60FCF74AFC002844D12946D4F8840016F0C9
S31508027C702FFF00283DD19DF82810D4F8840016F06D
S31508027C8029FFB0BB9DF82C10D4F88400C1F3C001BB
S31508027C9016F001FF68BB9DF82C3043F3010149B287
S31508027CA0481C28D04A1E5142514189015B0748BFE8
S31508027CB041F02001D4F8840016F00CFFC8B9014639
S31508027CC0D4F8840016F0E7FE98B99DF82C10D4F87B
S31508027CD08400C1F3001116F0DEFE50B93846BDF82D
S31508027CE02A10FCF7D3F820B93846FBF75FFF0028BD
S31508027CF0A3D00DB0F0BDC021D8E738B50C4608218F
S31508027D00FBF796FB054690B14378102B28BF102344
S31508027D1004F8013B2046DFF753FA6A782046102A10
S31508027D2028BF1022A91C20F0A3FC002038BD17206A
S31508027D30FCE730B587B00D4601A9FFF7DEFF04461A
S31508027D4048B9294601A8E3F7B5FE002808BF172453
S31508027D50204607B030BD0D24FAE708B5006800F5DD
S31508027D6004501430DFF72CFA002008BD10B504467B
S31508027D70006800F500502430DFF7A8F9206800F5FE
S31508027D8004501430DFF71CFA206800F50550183045
S31508027D90F6F754F80020C4F8B009C4F8B409C4F8D0
S31508027DA0B809C4F8BC09C4F89409C4F89809C4F80F
S31508027DB09C09C4F8A009C4F8A409C4F8A80910BD06
S31508027DC02DE9FF415C23054608460C468DF8073027
S31508027DD00127DFF76FFA0DF107082846FBF74FFB75
S31508027DE00646002831D16B6893F902109A78002961
S31508027DF0B4BFD878D879012827D91C4F002903CFD0
S31508027E0020606FF0FF00616060814FF000014FF063
S31508027E10FE0002F00F02A2F57C7252BA2181A081FD
S31508027E20E281B4BF043308335B782374AB685B889A
S31508027E305BBA6382AB685A78022A0CBF0B461B7977
S31508027E406374304604B0BDE8F081D5E9000102AAA0
S31508027E50CDF808808DF80C700DF076FC002368606A
S31508027E60AB600028B9D11726EBE700BF383E0020E1
S31508027E702DE9F0471D46B84EB84B90B01446069108
S31508027E80009329220423314606A8DFF717FA50B1D0
S31508027E90801BC0F38700262805D8132807D898B36D
S31508027EA00B2800F00681002010B0BDE8F0871438D0
S31508027EB01228F8D801A353F820F000BF937F0208CE
S31508027EC0A77E0208A77E0208A77E0208A77E0208E6
S31508027ED0A77E0208BF800208C7800208A77E02089A
S31508027EE0A77E0208A77E0208A77E0208A77E0208C6
S31508027EF0A77E02080183020881810208D781020847
S31508027F00738202082D81020804F1310323F001036A
S31508027F105B78022B36D12046DFF7AAF930B12B78E7
S31508027F20FF2B03D02946204617F094F91023002187
S31508027F30204606AAE1F707F920BB082303212046B3
S31508027F4004AAE1F700F9E8B9854B864DD3F8344718
S31508027F50C4B1204606A9DFF7B1F820B1284604A91C
S31508027F60E3F79EFC08B16469F2E77F4D95F8AC36F3
S31508027F702BB1204605F29C61F4F73AF920B920465E
S31508027F8011F032FC01208FE705F5D760F5F7B4F951
S31508027F90F8E704F1310323F001035B78022BF1D1F0
S31508027FA0362120460DF10B02E1F766F80028E9D1E1
S31508027FB09DF80B303721012B38BF0123032B28BF2D
S31508027FC00323204603AA8DF80B30E1F794F800281C
S31508027FD0D8D1382120460DF10E02E1F78CF8002897
S31508027FE0D0D1204604A9E3F7A7FE0028CAD1049FE8
S31508027FF0002FC7D013200DF0CFFC80465A4ED6F874
S315080280007407804504D008B1DFF700FAC6F874870A
S31508028010D6F87487B8F1000FB4D00022394606A8FC
S31508028020E3F79DFE352140469DF81E3006AAE1F784
S31508028030BCF80028A6D13923D6F8740706A98DF804
S315080280401830E1F7AFF800289CD19DF80B3086F876
S31508028050710786F87037BDF80C304FF47A71A6F8B6
S315080280606C37BDF80E304148C6F86477C6F86877AB
S31508028070A6F86E3705F12007E0F7BBF906F2547643
S3150802808005F11003324618685968083303C2BB4221
S315080280901646F7D12046DFF7EBF800283FF472AF11
S315080280A02B78FF2B3FF46EAF2946204617F0D2F8FD
S315080280B068E72A4621462E48E3F7FCFA62E72A468B
S315080280C021462C48F8E704F1310323F001035B78D3
S315080280D0022B7FF457AF204606A9E3F72DFE0028A8
S315080280E07FF450AF0121204604AAE1F704F80028DC
S315080280F07FF448AF1C4E069B06F5E667C6F840377E
S3150802810005F1200C05F110033A4618685968083338
S3150802811003C263451746F7D1BDF810304FF47A719A
S315080281201548A6F84437E0F764F9B3E704F13103D2
S3150802813023F001035B78022B7FF424AF2046DFF796
S3150802814097F818B12946204617F084F821460B48B5
S31508028150F6F7A2FA16E700BF40D60408211F02085E
S31508028160F02A0020603E0020F03A002068420020F3
S31508028170343900206039002038420020A841002006
S315080281802046DFF78AF800283FF4FCAE66480DF071
S31508028190FAFB21460DF062F9064600283FF4F2AED4
S315080281A003795A0706D463794279C3F3410363F321
S315080281B042024271314620460FF028FB18B130467A
S315080281C0DFF724F9DEE62A4631465848E0F728FB67
S315080281D00028F4D1D6E604F1310323F001035B78D3
S315080281E0022B7FF4CFAE2046DFF742F818B12946B4
S315080281F0204617F02FF806A8DFF743F84FF2BF0319
S315080282002220ADF83A300DF049FC064600283FF424
S31508028210B9AE03795B0706D463794279C3F341039E
S3150802822063F342024271212120460DF10E02E0F764
S3150802823062FFA8B1314620460FF0E8FA0028BED1FF
S315080282403B4B304604A90493E0F7A9FF00287FF4C4
S3150802825099AE06A905F110000DF02EFC06AAB3E7A1
S3150802826021213046BDF80E20E0F7DFFF0028E1D0D5
S31508028270A5E72046DFF711F800283FF483AE02236C
S315080282802046A18906AADFF704FA064600287FF4E3
S3150802829079AE9DF81830122B7FF474AEA789DFF8F1
S315080282A098800237BFB2A8F5AC79A8F59A7A9DF8F4
S315080282B01930F1B28B427FF6F7AE394401232046D4
S315080282C004AA89B2DFF7E5F900287FF45BAE9DF8C8
S315080282D01030222B08D0242B0AD0092B02D1504663
S315080282E0DEF7F4FE0136E2E74046F5F7A7FDF9E7C1
S315080282F0D9F87C36002BF5D0D9F880069847F1E7ED
S315080283002046DEF7CAFF00283FF43CAE094BD3F8F5
S315080283108866002E3FF4C8AE2A4621460020D3F8C6
S315080283208C36B047C0E600BF7AC304080033002083
S3150802833020028000F03A0020483C00200246D0F88D
S31508028340940068B9937B73B9D2F8900050B9D2F801
S315080283508C3043B9537B127B9B1A5842584170475B
S31508028360002070471846704740BA80B24140C1F3B0
S3150802837003135940080380B24840490101F4FF51EA
S3150802838048407047024610B544180020A24200D160
S3150802839010BD12F8011BFFF7E7FFF7E721B101232A
S315080283A000200B704B70704722207047EFF3118341
S315080283B0302282F31188064A107820B1054A1088BD
S315080283C0003818BF012083F31188BFF36F8F7047F7
S315080283D0206F0020C06100204FF4E13070474FF44F
S315080283E0E13070478B7C01F12C0201338B740368F0
S315080283F013B9CB62026070471846F8E701230B747B
S315080284007047FEE7F8B504460127124D0CB314F07F
S3150802841001000BD0002024F0010405EBC002166807
S31508028420002EF3D05168C0B2B047EFE722460130BA
S3150802843020284FEA520201D0D307F8D507FA00F2EC
S315080284400F2824EA0204E8D9421E05EBC2021038B4
S31508028450E5E7F8BDC4610020074BD3F82404D3F836
S31508028460202403F50053104000F0553020F0A040B8
S31508028470C3F82004C6E700BF00C00350074BD3F871
S315080284802404D3F8202403F50053104000F0AA3040
S3150802849020F02040C3F82004B4E700BF00C0035010
S315080284A02DE9F0410F4A136D576D1F4000D5FEE7BF
S315080284B0012600250C4CDFF83480374209D0C8F86B
S315080284C0506023682BB1A168284601316268A16011
S315080284D098470135082D4FEA460604F11004ECD1F7
S315080284E0BDE8F08100000450B46200200020045068
S315080284F010B5416C4369A1F11404DA1CB2FBF4F21B
S3150802850003EBC2000330B0FBF4F0B1F5805F00F173
S31508028510010002D1012828BF0120013010BD73B520
S3150802852006460D460024F36B01225B6901A9281948
S315080285309847019B013309D1736C043462196A4066
S315080285405B421A42EFD0204602B070BD0024FAE719
S315080285502DE9F341154690F842201E46012A0CBF22
S31508028560022304235D43CF7D2C1D844605F00205B4
S31508028570BFB915B1012724F003044868083420441A
S31508028580DCF83C30012A5B6927D101A9984717B163
S31508028590BDF806300193BDF80430336002B0BDE879
S315080285A0F08155B124F0030400230D7E01F1200E5B
S315080285B0D8B2854203D80020E2E72F46F4E73EF810
S315080285C0330003F10108A04204D901EBC303D869B9
S315080285D00834D4E74346241AEAE70122314602B0B0
S315080285E0BDE8F0411847D01E009B42424241187E20
S315080285F0824212D11A688A420FD85A688A420CD322
S315080286005A6901325A61D3E90302824205D298684D
S3150802861040F822101A6901321A61012070470023B4
S315080286204FF0FF3142689A4202D80023037270471C
S31508028630026842F83310026802EBC3025160013342
S31508028640F0E7002370B546689E4210D00568DC0044
S3150802865055F83320B2F1FF3F0AD0C2F31302914212
S3150802866006D14FF0FF322A51036823445A6070BD7F
S315080286700133E9E710B5032A029C07D1A26A5340DF
S31508028680626C5242134201D1FFF7DBFF012010BD93
S315080286900023F0B545689D4202D14FF0FF300EE047
S315080286A00468DE0054F83340671C09D0C4F3130784
S315080286B0B94205D1240D1470036833445868F0BDD5
S315080286C00133E8E773B5164600F108040D4620465D
S315080286D009680DF10702FFF7DBFF032E05D16B6868
S315080286E0834202D12046FFF7ACFF012002B070BDDB
S315080286F02DE9F0414668002E3AD0056898464FF0B3
S31508028700000CAE4655F83C40C4F31307013401D0B9
S31508028710B94222D00CF1010CB4450EF1080EF1D182
S3150802872000273C4603E0B44207F108071DD055F876
S31508028730343001340133F6D16FEA01316FEA11316F
S31508028740E9510168CB59C3F3130343EA0853CB51E2
S3150802875003683B445A60BDE8F08141EA0851CEF805
S315080287600010036803EBCC03F4E7B8F1030F03D157
S3150802877001230372BDE8F08100273C4603E0B442B8
S3150802878007F10807F4D055F834300134C3F3075C0F
S31508028790BCF1030FF3D11B0D1B050B43EB51D0E7BD
S315080287A008B508301346D1E90012FFF7A1FF0120E8
S315080287B008BD4FF48032064B00209A6641F67132A4
S315080287C003F51C33DA63012203F50053DA607047B6
S315080287D0009000500B4B01219B6EDB035EBF4FF4EA
S315080287E08032094B9A6641F67132084BDA63084AB7
S315080287F0D1600022DA634FF48032A3F518339A6601
S31508028800704700BF008000500090005000000350DF
S3150802881000200350704737B5054601F10C04436939
S3150802882001A9012220469847BDF804300122009387
S3150802883069462046AB69984703B030BD202A0B68C3
S315080288401EBF4FF0FF3191408B43590801F0553155
S315080288505B1A03F033319B0803F033330B44017878
S3150802886003EB13130A444FF0013103F00F334B4362
S31508028870A2EB13620270704737B5044600251B2225
S31508028880011D0DF107008DF80750FFF7D7FF636842
S315080288909DF80720B2EBD36F03D123F0784003B0DB
S315080288A030BD1B2204F108018DF80750FFF7C6FFF9
S315080288B0A0689DF80730B3EBD06F0ABFC0434FF0EC
S315080288C0FF3020F07840EAE72DE9F043064699465C
S315080288D089B0036908460F46904698470446002819
S315080288E067D1D9F804305B0A012B22464FEA5303B3
S315080288F004F10104F8D899F8035099F802302D03C7
S31508028900DB0203F4006305F480551D43B9F8003011
S315080289104FF00009C3F30A0352032B4492B29D187F
S31508028920294B0DF107001B2228F0784402A903936C
S3150802893002948DF80790FFF781FF9DF807306FEADA
S31508028940054544EAC36404946FEA08041B2224F02A
S31508028950784402A902948DF80790FFF76FFF9DF8F5
S3150802896007306FEA154544EAC3644FF0FF33012224
S315080289700594069307A9B369079507F11000984766
S3150802898001220446B36905A907F10800984701229E
S31508028990484518BF0446B36904A9381D98470122F9
S315080289A0484518BF0446B369384603A9984728B10B
S315080289B0044639463046FFF72EFF01E0002CF8D16F
S315080289C0204609B0BDE8F08301009AB210B5174BEC
S315080289D00446D3F8200100F0070006281FD8DFE86E
S315080289E000F0040A0E2112161A00012304B12060AF
S315080289F001B10B6010BD0E4B58680523F6E70C4B08
S31508028A0098680323F2E720F0D5FE0723EEE7084B22
S31508028A1058680623EAE7064B98680423E6E7002324
S31508028A201846E3E702230348E0E700BF0080005048
S31508028A30206F0020002D31014FF480322DE9F843D2
S31508028A40204B4FF001089A6641F671331E4D0446D3
S31508028A50EF69EB631D4B0021C3F80C8002236861A2
S31508028A6021202B61174021F0D7FBDFF868900646D4
S31508028A7040B1C9F80C8007B1E96301360CD16E2002
S31508028A80BDE8F883212021F0C7FBC9F80C8007B19D
S31508028A90EE63431CF3D008B17120F1E70C4B9A68D8
S31508028AA001230A3202F01F02934023F003032344F0
S31508028AB09C4201D10020E3E754F8042B0132F7D097
S31508028AC03E20DDE7009000500000035000100350DE
S31508028AD00080E00F0020035038B5202204460D46D8
S31508028AE00C3000211FF0A5FB4FF0FF33C4E9003517
S31508028AF0A36038BD38B50446406F0D4615F069FFC8
S31508028B00034620B1002043F8044B2B6038BD1A20D7
S31508028B10FBE710B5044644EA010313F003030846CB
S31508028B2009D1934201D1002010BD54F8231040F810
S31508028B3023100133F5E7214692001FF099FDF2E76B
S31508028B402DE9F84FEFF31188302383F31188604C2F
S31508028B50D4F874312C2BA3F12C0606D188F311888C
S31508028B60BFF36F8F1B20BDE8F88F53F82C9CB9F121
S31508028B70000F00F0AA80B589DFF874A1554F002DC1
S31508028B8000F098800D22002104F5BC701FF051FBFD
S31508028B90C4E95EA94FF01309B5F5006FC4F88071F0
S31508028BA0C4F8849157D80D22002104F5C470D6F86A
S31508028BB004A0013D1FF03DFB474AADB242EA051249
S31508028BC00225464BC4E964791340C4E9623AD6F8E9
S31508028BD008A0BAF1000F12D0A94604EB091909F543
S31508028BE0BC731022002118461FF023FB3C4A0135AC
S31508028BF0C9E95E2A1322C9F88071EDB2C26004EB94
S31508028C0005191022002109F5BC700E361FF011FB5A
S31508028C10344BC9E95F67C9F87831002304EB0312BC
S31508028C2092F87A1101336FF3041182F87A11DAB2E3
S31508028C30AA42F3D900252C4A2C4BD4F8D8011D7028
S31508028C4002F150012B4616F089FE88F31188BFF30C
S31508028C506F8F284687E7B5F5805F25D8D6F804A032
S31508028C60DFF878B00D22002104F5C4701FF0E1FA8E
S31508028C70C4E962BAC4E9647973680D22002104F56D
S31508028C80CC7003F5006A1FF0D4FA6FF400631D4432
S31508028C90114BADB243EA051303EA0B030325C4E9F4
S31508028CA0663AC4E9687992E788F31188BFF36F8F49
S31508028CB0212058E71022294604F5BC701FF0B9FA9C
S31508028CC0C4E95EA9C4F88071A7E701204BE700BF93
S31508028CD0C06100203C000A5000001030F07F1030BE
S31508028CE0700010301000103038630020206F00200A
S31508028CF06000103010B5EFF31184302383F3118826
S31508028D000A4803882BB984F31188BFF36F8F0320AF
S31508028D1010BD013B038000F5BA70FFF763FBFFF74E
S31508028D200FFF84F31188BFF36F8FF1E7C06100204C
S31508028D302DE9F74F364CA2EB010B1FFA8BFB0E46B9
S31508028D401546A4F8DCB178B9D4F8E00101A9FFF711
S31508028D50D1FE50B1D4F8E40121F050F9012384F888
S31508028D60E83103B0BDE8F08F0190019FB5F5006FB9
S31508028D70DFF8B490DFF8B48007EB060A1CD8102295
S31508028D80002124481FF055FA0BF1FF33C3F30A03F7
S31508028D901B0143F0447303EA0903C4E97B38C4F8A8
S31508028DA0F4A11D4BD4F80C221C49D4F8E40103B0F3
S31508028DB0BDE8F04F16F0D2BDC6F5FF6607360D229E
S31508028DC000211448B6B21FF034FA3601144B46F0A5
S31508028DD040763340C4E97B38132310220021114818
S31508028DE0C4F8F831C4F8F4A11FF023FA6FF400634B
S31508028DF0EB18C3F30A031B0143F0447303EA09039E
S31508028E0007F50067C4E97F38C4F80472C9E700BFEA
S31508028E10C0610020AC63002009A70208D0630020C5
S31508028E20F07F0003BC630020F07F100324000A5081
S31508028E302DE9F341EFF31186302383F31188204C91
S31508028E40D4F8E40121F0DAF894F8E83133B186F37C
S31508028E501188BFF36F8F02B0BDE8F08101A9D4F87B
S31508028E60E001FFF747FE014618B1012384F8E8310D
S31508028E70EDE7B4F8DC5104F5F677013D10223846E1
S31508028E80ADB2DDF80480C5F30A051FF0D2F9D4F8AD
S31508028E90EC210C4B2D01134045F044751D430A4B3A
S31508028EA03A46C4E97C38D4F8E401084B04F504715F
S31508028EB0C4F8EC51C4F80C7216F050FDC7E700BFAF
S31508028EC0C06100200F80EFFC24000A5009A702089F
S31508028ED008B5FFF7ADFF002008BD10B5EFF3118402
S31508028EE0302383F31188124BB3F82022092A04D9B6
S31508028EF084F31188BFF36F8F10BD817C0132013173
S31508028F008174D3F82412A3F8202293F8282240F871
S31508028F102C1FC3F82402002AEAD0002283F828224A
S31508028F2093F8E831002BE3D1FFF782FFE0E700BFB1
S31508028F30C0610020002373B50E460A251C4CC4E9FD
S31508028F408F13C4F8E011C4F82432C4F82C32C4F8DA
S31508028F507431C4F8303284F84432C4F838323046B0
S31508028F6001A90AF0E5FF00BB0198FFF7B6FF013D2C
S31508028F70F5D10A2323804FF400420E4B1A604FF4B0
S31508028F8040624FF0FF310C4B5A610C4A9164012141
S31508028F90A2F58052D164516005225D615A610723A8
S31508028FA0A4F8DC31284602B070BD1925FAE700BFDD
S31508028FB0C061002000E100E000000A5000200A50CB
S31508028FC013B5EFF31184302383F31188094BB3F8F1
S31508028FD02022092A08D8D3F8E00101A90AF0A8FF35
S31508028FE010B90198FFF779FF84F31188BFF36F8FE1
S31508028FF002B010BDC061002010B5EFF31184302312
S3150802900083F31188084B93F8E8213AB1D3F824225E
S3150802901022B1002283F8E821FFF70AFF84F31188B8
S31508029020BFF36F8F10BD00BFC061002008B52A4B81
S3150802903083F30A884FF48041284A294B9360D2F871
S31508029040883043F47003C2F88830264B99664FF08D
S31508029050FF31254B19666FF4003159660D21996661
S315080290600221C2F8D010BFF34F8FBFF36F8F0120D2
S315080290704FF440321D49C1F88001DA600860A3F551
S3150802908000531A611A481B4BC01A80100AF012FFC5
S31508029090194B1A498B4212D30020194B19498B4294
S315080290A018D3EAF7D5FE186850F82240586840F8EF
S315080290B02240013298688242F5D30C33EAE700224D
S315080290C0F8E71C6844F8220001325C68A242F8D329
S315080290D00833E4E70022F8E70800002000ED00E084
S315080290E0006000080090005000A0004400E100E083
S315080290F020620008C0610008C8670508D467050829
S31508029100D4670508D46705082DE9F74F89464FF451
S3150802911080314FEA820A384A384C9166E2698046BB
S3150802912002EA010341F6713201210093E263344AED
S315080291308346D16057464A4677B938460122314BAB
S31508029140DA60009B13B100222C4BDA63431C3DD034
S31508029150002846D071203AE00BF5005525F4FF5554
S3150802916025F01F05C4F814B0A5EB0B05E169BD424D
S3150802917028BF3D46490731D4164656F8041B2A44E9
S31508029180A161964210D1042200212120226121F0F8
S3150802919043F80028D2D1212021F03EF80028CDD16B
S315080291A03246AB447F1BC7E708210846019221F0E5
S315080291B033F8019A70B1042301222361114BDA6054
S315080291C0009B0BB10023E3630130C3D16E2003B0C9
S315080291D0BDE8F08F56F8041BA161D2E74FF0FF30C5
S315080291E0ACE752464946404620F007FA002814BF23
S315080291F03D200020EBE700BF00900050000003501E
S31508029200001003500020035070B50F4C94F84832F2
S31508029210CBB902220D4E0E4D3046AD1BC4E99365FD
S3150802922084F86822C4F87032C4E99866E3F7AEFE99
S3150802923008220123013DED087580C4E99522C4F888
S315080292405C3284F8483270BDC0610020687600201E
S31508029250000008204FF000639A6A02F17841B1F5DE
S31508029260C04F03D21168074A914203D00023037004
S3150802927083607047012202709A6A926842609B6A0A
S315080292809B69F5E707B0CD5E1FB54FF000639B6A91
S3150802929003F17842B2F5C04F23D21B6B03F1784330
S315080292A0B3F5C04F1DD201238DF80430002301A85F
S315080292B0CDE90233FFF7CEFF039BDB0311D5029BF1
S315080292C01A0E0ED0012A03D1C3F307430A2B08D973
S315080292D04FF000639B6A1B6B1B6C05B05DF804EBD1
S315080292E0184740F2011005B05DF804FB4368416176
S315080292F0DAB222B923F0FF0343F001034360704751
S315080293000368D90444BF43F48063036003689A047C
S3150802931044BF43F400630360704713B5044601A8CB
S315080293200191FFF7EDFF019BA36002B010BD2DE985
S31508029330F04786B00546DDE90FA80C461646002119
S31508029340182268461F469DF838901EF072FFBAF139
S31508029350000F3BD0B4F5885F1ED049F48073B9F18B
S31508029360010F019303D168462968FFF7BFFF394603
S315080293706846FFF7D2FFADF8004024F0FF04B4F5C3
S31508029380824F039612D12B4642465146684606F04C
S31508029390EEFE06B0BDE8F087B9F1000F12D13946E4
S315080293A06846FFF7BAFF0396ADF800404FF6F87223
S315080293B0B2EBC80F4FEAC80338BF4FF6FF73ADF8D2
S315080293C00230E0E740F201130193CCE76FF0860022
S315080293D0DFE708B5C36F0A462BB1D0F88010007ACA
S315080293E09847012008BD1846FCE7006800B970478F
S315080293F0037A8B42F9D190F85030002B08BF00202F
S31508029400704708B503683BB901790548FFF7EDFFD0
S3150802941008B190F8500008BD93F85000FBE700BF6A
S315080294202C6F0020054A08B502F51D70FFF7E9FF03
S3150802943005281CBF012382F8803208BDC0610020BE
S31508029440022808B509D1042906D100210948FFF7DF
S31508029450CCFF012380F8A03008BD0328FCD10429DB
S31508029460FAD10022044BDB68002BF5D0C3E9262289
S315080294701B68F9E72C6F0020206F002008B501460B
S31508029480FEF75CFF50B1D1F8880040B9D1F88430B4
S3150802949023B9B1F86800B0FA80F0400908BD002087
S315080294A0FCE7EFF31182302383F311888368013BCB
S315080294B0836082F31188BFF36F8F704710B508B9BE
S315080294C0022010BDEFF31184302282F311888268DC
S315080294D022B984F31188BFF36F8FF1E701328260F4
S315080294E084F31188BFF36F8F036813B100200B60F2
S315080294F0E7E7FFF7D6FFE3E770B5044606460D46EB
S31508029500002016F8011BFEF72FFFAB1B14FA83F394
S315080295109BB2002BF5D1131A5842584170BDF8B5C3
S315080295200546164600248F1F2B5D2819142B08D1D1
S315080295300521B0F80520FFF7DFFF10B106B1348028
S31508029540F8BD0134A4B2BC42EEDB0020F8E72DE9EF
S31508029550F0410446806E0F46164615F03AFA05465D
S31508029560F8B1342200211EF064FEEFF3118830238D
S3150802957083F31188731E042B2CD8DFE803F0182B0B
S3150802958003210300B4F85820B4F86630013A93422E
S315080295900ADB2946A06E15F017FA88F31188BFF37D
S315080295A06F8F1A20BDE8F0810133A4F8663088F37C
S315080295B01188BFF36F8F0020EE74AC613D60F1E74E
S315080295C0B4F86430B4F85A209A42E2D90133A4F8BE
S315080295D06430ECE72120E5E710B550F8044C011F8A
S315080295E0606F15F0F1F9204610BD8B7C01F130024F
S315080295F001338B74036813B90B630260704718460C
S31508029600F8E738B581624469EFF31185302383F3AD
S315080296101188D4F8A430014603F11000FFF7E5FFDC
S3150802962085F31188BFF36F8FD4F8A420074902F196
S31508029630180015F0E6F94FF6FF72B4F8683093424F
S315080296401CBF0133A4F8683038BD00BF519E02081A
S3150802965010B5C06F0C4615F0BCF9206038B100236E
S3150802966003601846226813722268536010BD1A20D6
S31508029670FCE7C06C836A03B118477047F8B504461D
S3150802968000284BD0837C002B4AD10168856911B129
S31508029690284615F09AF9A16819B1D5F8800015F08F
S315080296A093F9E37C022B0AD0032B0AD0012B0AD1A9
S315080296B0606820B1FFF790FF2846FFF7DAFF012618
S315080296C002E06168E1B90026EFF31187302383F3DC
S315080296D011882146A86E15F077F9E37C042B13D17D
S315080296E0B5F86430013BA5F8643087F31188BFF3F7
S315080296F06F8F1EB1E86C436A03B198470020F8BD24
S31508029700286F15F061F9DEE7052B01D0032BECD1A2
S31508029710B5F86630013BA5F86630E6E72220EEE7A3
S315080297200420ECE72DE9F3479146042204468846CD
S31508029730D0F8A4000DEB02019A46FFF708FF074688
S3150802974050B91AF00E0F667A019D1CD0B30707D4DA
S315080297502846FFF793FF2127384602B0BDE8F0876F
S315080297601AF0020F14D11AF0040F14D11AF00806CF
S3150802977013D1324694F85030052B10D02846FFF7FD
S315080297807DFF0227E8E716F00106E1D10122F1E79B
S3150802979006463A46EEE70426FBE70E26F9E7C5F83B
S315080297A00480A5F80C906C61237A6B740A9B2B6271
S315080297B0CAB1A37AE27A1B01DBB21343CAF3001ACF
S315080297C043EACA0A85F810A0A37A013303F007030D
S315080297D0A37249464046FEF7D5FD2946E88120464A
S315080297E00CF0E4FCB8E766F03F062E74F1E72DE9C3
S315080297F0FF410F4603A9064615469846FFF75EFE41
S315080298000446E0B925B30398D0F8A42090F8A0300E
S31508029810B2F85C4040F6F772002C08BF14460BB14A
S31508029820083CA4B2A5420ED80A9B2A46009339469A
S315080298304346FFF777FF04463046FFF732FE2046D7
S3150802984004B0BDE8F0813046FFF72BFE2B24F6E77D
S315080298502124F4E72DE9F7438946174601A903228D
S3150802986006461D469DF82880FFF771FE30BB306F0D
S31508029870019C15F0AEF8606020B9204603B0BDE839
S31508029880F043FBE6012165F06F05A181C4F8149047
S315080298906774257480F800806068FEF773FDE081BE
S315080298A0EFF31185302383F31188214606F1080068
S315080298B0FFF79BFE85F31188BFF36F8F03B0BDE8F0
S315080298C0F08370B516461C460D46B1B1806F15F089
S315080298D080F8A0B1002303606B6804814360022309
S315080298E0837234683CB9022330602846EB74FFF76A
S315080298F0C5FE204670BD2646F3E72220FAE71A205F
S31508029900F8E738B505460C4661B1486820B1FFF755
S3150802991063FE2846FFF7ADFE2146A86FBDE838402C
S3150802992015F052B838BD10B50446182200211EF0AB
S3150802993080FC204610BD07B50022084B014683F875
S31508029940D4200288064B0432009392B201230548BA
S31508029950FFF74DFF03B05DF804FB00BF206F002040
S31508029960DD9B020834640020002307B5012219464C
S315080299700E480CF054FB68B90C4801A9FFF79EFD86
S3150802998040B9019B0A4A09489A65FFF78AFDFFF71B
S3150802999095FD18B1002003B05DF804FB019B054A4A
S315080299A002485A67FFF77DFD0120F4E73464002078
S315080299B0DD9B02082594020810F1840F12DA10F1D1
S315080299C0950F25DB9530102822D8DFE800F01D21F7
S315080299D021211B2121211913110F151F17230900F4
S315080299E008207047003818BF012070471D207047AD
S315080299F02E2070472D20704724207047212070475B
S31508029A001A2070472F2070472C2070472520704750
S31508029A10012070470F2070470146054B93F88102D3
S31508029A2083F88112D3F8843203B11847704700BF0E
S31508029A30C06100202DE9F04F644E044696F8813243
S31508029A400D4692468FB0002B00F0BB80022B08D140
S31508029A50007A012894BF00200120C0000FB0BDE89B
S31508029A60F08F012B00F0AF80033B012B03D8037A5A
S31508029A70012B00F0A88094F8A0000028EED02A68EE
S31508029A80137903F0070123F0070313712B68D6F83D
S31508029A9088020693237A07918DF82C30D4F89830E9
S31508029AA0CDF82D0043F000430D93494BD6F89C029E
S31508029AB09A889B79ADF831208DF8333000234FF41C
S31508029AC0007209930AA9434BD5F80490BAF80070B4
S31508029AD006F033FE834688BBDDF82880D8F80430C2
S31508029AE0D8E908121B0A012B37D03B48834234D0E7
S31508029AF0002B5DD109ABCDE90473069B4046009362
S31508029B00CDE90279CDF804900BAB0BF0DFF810F132
S31508029B10860F83462FD10DF12203B8F800102D487F
S31508029B200DF1230210F0F2FF031E14BF9B466FF0DD
S31508029B30850B002F3FD10A9806F0EAFD5846FFF733
S31508029B403BFF10B9099BAAF800302A6807991379CE
S31508029B5023F007031943117180E709ABCDE90473B2
S31508029B60069B40460093CDE90279CDF804900BABEB
S31508029B700BF0ACF88346BBF1000FDAD10A9806F06F
S31508029B80C7FD14F010FFD4F898200132C4F89820C3
S31508029B90D6F898220132B2F1005FC6F89822CDD1E2
S31508029BA096F88122052AC9D10320FFF735FFC5E7B2
S31508029BB06FF0860BBDE73A46002148461EF039FB90
S31508029BC0B9E703204AE7002048E700BFC061002042
S31508029BD0486400200002480502008000094A13B1C1
S31508029BE0012382F880320121074B83F8D41092F8B8
S31508029BF08132042B04D100230520C2F898320BE7E0
S31508029C00704700BFC0610020206F0020EFB50646EE
S31508029C100D46843803A91746FFF71AFD88B90623A5
S31508029C20039909228B8105230D7245F48055CB8150
S31508029C300E600D610F750123009130460C31FFF756
S31508029C40D6FD04B0E0BD2DE9F0431D460623137088
S31508029C5049681446302987B070D00ED8042905D928
S31508029C60202965D0002363600D2334E001390329D6
S31508029C702FD8DFE801F03256384140F202239942E2
S31508029C807BD00ED850295CD0B1F5007F5ED0402932
S31508029C90E8D1516050F8380CC3699847A060082388
S31508029CA04AE040F2013399426CD0B1F5885F6ED032
S31508029CB0A1F58053FF2B00F28D80C9B241F480537F
S31508029CC04D485360FFF791FB08B190F85000207297
S31508029CD007E000235360A360E1E7012353600623EC
S31508029CE01372052328E003230422C4E90132082259
S31508029CF0C4E9032310231FE01346042243F8042F62
S31508029D003E4A116859605168128999609A810E23F0
S31508029D10638001234374638804332B6007B0BDE86C
S31508029D20F0830223536010F8333CDB000133D2E799
S31508029D30516050F8302C22816380ECE75160C36B86
S31508029D40C9E7516050F8380C036AA6E7516003A8C0
S31508029D50FFF780FA049BE360002323619DF80C3029
S31508029D60012B02D103232372C4E723B923724FF0CE
S31508029D70FF33E360BEE70423F5E7214B5160D3F8CE
S31508029D80A032A8E71E4B516093F88132A3E75160CF
S31508029D9002F1070802F1870900221646531C684693
S31508029DA0CDE90066CDE903668DF804208DF81030FA
S31508029DB002960596FFF725FB074603A8FFF721FB40
S31508029DC047EA001708F8017F0232C145D2B2E5D147
S31508029DD08423B1E7A1F5E063FF2B3FF643AFC9B28F
S31508029DE041F4E06304485360FFF7FFFA00283FF4A2
S31508029DF06EAF90F8A0006AE72C6F0020E4D604083C
S31508029E00C06100200346006818B102681A60002380
S31508029E100360704710B578B1FFF7DEFB0446603081
S31508029E20FFF7F0FF014610B1A06F14F0CDFD2046F2
S31508029E30FFF71FFC002010BD2220FCE708B5FFF73C
S31508029E40E1FF20B110F81E3C3038013B837408BD8F
S31508029E502DE9F047064630274FF0020900F11008AF
S31508029E6033697BB1EFF3118187F311884046FFF717
S31508029E70E5FF4469054694F850302BB981F31188F9
S31508029E80BFF36F8FBDE8F087B4F86830002BF5D0C2
S31508029E90013BA4F8683081F31188BFF36F8F2B7CDE
S31508029EA040697F2B4FEA931231D9032A09D1D0F898
S31508029EB064A0BAF1000F04D0AB6A2A6A6968007A0C
S31508029EC0D04794F85030062B24D0082B22D0032BE7
S31508029ED017D12046FFF7D2FA98B1637A84F85090E0
S31508029EE0DB060ED5EFF31182302383F31188D4F8FB
S31508029EF0A430596844F8041F5C6082F31188BFF3E2
S31508029F006F8F002328466B60FFF7B8FBA8E7D0F8E7
S31508029F1058A0CEE72046FEF711FA0028F1D0D4F869
S31508029F20A4000922217A8430FFF770FE18B10923AA
S31508029F3084F85030E5E794F85030062BE1D1072330
S31508029F40F6E72DE9F04F0646C06CC7B08369984715
S31508029F500746002800F0AD83F36823B9B368002BDF
S31508029F603BD11B2435E0A24B93F8813203F0FB0365
S31508029F70012BF3D1EFF31181302383F3118806F114
S31508029F800C00FFF75BFF054681F31188BFF36F8F5D
S31508029F900028E3D02B7C4FEA931A7F2BAB6898BF35
S31508029FA04FF0000A43BBF06E14F013FD286020BB85
S31508029FB0EFF31182302383F31188AB7C0133AB7440
S31508029FC0B36845F8303FB56082F31188BFF36F8FE7
S31508029FD01A24204647B0BDE8F08FEFF311813023EB
S31508029FE083F3118806F10800FFF728FF054681F377
S31508029FF01188BFF36F8FCDE70027A98900293BD0C7
S3150802A0008B1C9BB2D5F814C0BAF1000F06D12A7C74
S3150802A0109CF80B0022F0070202432A74287C2C685B
S3150802A0207F28D5F8089029D841B3B9F1000F28D16D
S3150802A0309CF8A080B8F1000F27D06D4A92F88122C9
S3150802A04002F0FB02012A1ED02146304614F0BDFC5E
S3150802A050C5F80090EFF31182302383F31188AB7CA5
S3150802A0600133AB74F36845F8303FF56082F3118823
S3150802A070BFF36F8F0024ACE70B46C3E7B9F1000FB5
S3150802A08023D04FF0000808339BB214216A7CA370D0
S3150802A0901B0A21702071052120466270E370FEF7C3
S3150802A0A071F96071000AA071B8F1000F00F0BD8263
S3150802A0B0D6F8800014F08DFC0446A86038B93046FC
S3150802A0C0296814F082FC2C6082E7C846DDE72A6814
S3150802A0D0474C137910A803F0070123F007031371FD
S3150802A0E02B68D5F814B00593AB68D5F804800693A7
S3150802A0F09BF8083018228DF83430DBF89C30099129
S3150802A1000F93D4F88F320021CDF83530B4F8933254
S3150802A110AF89ADF8393094F895328DF83B301EF098
S3150802A12088F80021D4F89C42C02216A80C911EF089
S3150802A13080F820464FF480722E4B0CA906F0FDFAE1
S3150802A140044630B10C9806F0E3FA10A814F090FA17
S3150802A1507CE0DDF83090D9F820300793D9F824301E
S3150802A1600893D9F804301B0A012B47D0224A934296
S3150802A17027D0002B40F0878004230146A82216A880
S3150802A18010931EF056F82023029316ABCDE900432E
S3150802A190DDE907230394494620A809F0E8FE10F1F1
S3150802A1A0860F044621D101231093B9F800101148ED
S3150802A1B00AAB0BAA10F0AAFC002818BF04464846A8
S3150802A1C0C1E704230146A82216A810931EF031F807
S3150802A1D02023029316ABCDE90043DDE90723039456
S3150802A1E0494620A809F0C3FE0446F4B1E7E700BFD2
S3150802A1F0C061002000024805020080000146C02214
S3150802A20016A81EF016F83C231C20CDE9023016AB20
S3150802A210CDE90043DDE90723494626A809F0A7FE4A
S3150802A22004460028CBD105231093B9F800304846D6
S3150802A230ADF8483006F06CFA9E4B044611939DF829
S3150802A240543043F010038DF85430F8B12046FFF726
S3150802A250B3FB2A6809991379044623F007031943BD
S3150802A2601171AA68002800F0CF8122B11146D6F8EA
S3150802A270800014F0A9FB002730462968AF6014F065
S3150802A280A4FB2F60A5E66FF0860498E7109BCBB176
S3150802A2909DF8542012F00E0F14D1042B36D0052B3C
S3150802A2A039D0012B7ED1844B169A9A420DD00523BA
S3150802A2B0CDE913379DF8543043F002038DF8543034
S3150802A2C0109B5BBB6FF0880419E09DF85F30022B88
S3150802A2D019D0102B17D8D90715D40522CDE9212371
S3150802A2E000232393319B18A843F002032097319346
S3150802A2F0E6F7FCFC05F033F804460028D7D010A888
S3150802A30014F0B6F921E76FF00C00F3E7394620A8F6
S3150802A31009F082FEF0E7394626A8F9E79DF85420A7
S3150802A320D207CFD4119A654922F47E128A4203D003
S3150802A33001F580718A4235D1042B36D0052B3FD0E0
S3150802A340012B2FD15C4B169A9A4240F0CE809DF88B
S3150802A3505E100C230DAA01F0010118A8E6F705FD07
S3150802A36004F0FDFF04460028C9D19DF85430109A1E
S3150802A37043F001038DF85430002AA3D09DF85430D7
S3150802A38003F0090101299DD19C0725D5139B042BAE
S3150802A39008D9053B1393042A79D0052A00F0908040
S3150802A3A0012A1ED06FF08604A9E7339B002B89D1B8
S3150802A3B02FAB0DAA07CA83E807000C233393D4E709
S3150802A3C0399B002B7FF47EAF35AB0DAA07CA83E80B
S3150802A3D007000C233993C8E7374B11999942DAD10A
S3150802A3E070E7354B169A9A427FD1059918A80AF052
S3150802A3F02DFB04F0B4FF0446002880D19DF85430A2
S3150802A4000B9043F004038DF85430109B002B3FF455
S3150802A41059AF9DF85420D0077FF554AF91075FD501
S3150802A420139A002ABED1149A9742BBD8D21B149209
S3150802A430042B5DD0052B68D0012BB3D11E4B169A7F
S3150802A4400C979A4251D10CAB3A464146CDE9007374
S3150802A45018A84346E6F7BDFC04F081FF0446002827
S3150802A4607FF44DAF0C9B0B939DF854304FF0000CC4
S3150802A47043F008038DF85430082310980B9CCDF846
S3150802A48028C00C93002848D16FF0880472E0059B17
S3150802A490002B87D0209B002B3FF414AFDDE929322D
S3150802A4A013437FF40FAF0522059920A8E3F7E1FCD1
S3150802A4B0A1E700BF00025005000150050001400552
S3150802A4C0059B002B3FF46EAF269B002B3FF4FAAE9A
S3150802A4D0DDE92F310B437FF4F5AE059926A8E5E7AA
S3150802A4E0754A11999142A3D1ECE66FF0850406E705
S3150802A4F00BABCDE900733A464346414620A809F01C
S3150802A500B3FD04460028AFD0F9E60BABCDE90073DC
S3150802A5103A464346414626A8F1E79DF8543013F0D9
S3150802A520010264D09A0703D5DDE913120A4362D100
S3150802A53013F010035BD0042808EB0401A7EB04020E
S3150802A54040D005284CD0012855D19DF85F20082A0D
S3150802A55054D8594B1699994253D1069918A8E6F731
S3150802A5600CFD04F0FCFE0446002842D10A909DF830
S3150802A5705F000C90069BC0F108020344212118468D
S3150802A5801DF057FE10A814F073F8002C7FF4DDAD09
S3150802A59014F009FADBF89C30484A0133CBF89C30B0
S3150802A5A0D2F898320133B3F1005FC2F898327FF4D9
S3150802A5B04DAE92F88132052B7FF448AE0320FFF7A1
S3150802A5C02BFA43E60CAB0193069B20A800930AAB31
S3150802A5D00AF002F90446002C0C9818BF0020C9E7B5
S3150802A5E00CAB0193069B26A800930AABF0E76FF023
S3150802A5F088040020BEE76FF08604FAE76FF0890444
S3150802A600F7E76FF08504F4E71746D5F80480B5F83E
S3150802A6100C90C144C84527D1083217F8011BFDF72B
S3150802A620A3FE9742F9D10027E881EFF31188302378
S3150802A63083F31188F06C2946436998470446C0B1EA
S3150802A640AB7C0133AB742B46B26843F8302FB36048
S3150802A6502FB13046296814F0B8F900232B6088F325
S3150802A6601188BFF36F8FB4E418F8011BFDF77CFE5F
S3150802A670D0E7686940B9BAF1020F17D088F3118892
S3150802A680BFF36F8F0124A4E4BAF1000F0ED1294655
S3150802A6908C30FEF7AAFF6A69D37B0133D3736C69E0
S3150802A6A0237C1BB91FF072F9C4E9060188F31188E5
S3150802A6B0DEE434248DE400BF00015005C0610020A9
S3150802A6C008B5FFF79FFB20B110F81A3C2C38013B5E
S3150802A6D0837408BD10B5EFF31184302383F3118810
S3150802A6E00848FFF7EDFF086028B984F31188BFF31D
S3150802A6F06F8F1B2010BD84F31188BFF36F8F002064
S3150802A700F8E700BFEC63002000232DE9F04F85B07F
S3150802A7100393ADF80A30EFF31187302282F31188DA
S3150802A720AD4CD4F80C1294F8A4228D6832B194F880
S3150802A730A52284F8A432AD1A84F8A53294F8A63272
S3150802A7409BB32B68A54EC4F8AE32AB880D21A6F88A
S3150802A7500B30AB790DF10A02701C7373FEF7DFFE3C
S3150802A760804678B92B682846C4F8A732AB88B380E6
S3150802A770AB79B371FEF730FF072241460846FEF76A
S3150802A780D7FA33E0BDF80A3001339BB2F218ADF8B6
S3150802A7900A30F3582B609388AB809379AB71002308
S3150802A7A084F8A632012384F8A432DFF83C8298F8AA
S3150802A7B0D510002900F00281EFF31189302383F3C3
S3150802A7C01188B4F82012C9B90123D4F8E40184F82F
S3150802A7D028321FF013FC89F31188BFF36F8F002309
S3150802A7E0C4F8B83215B12846FEF7F6FE87F3118883
S3150802A7F0BFF36F8F002005B0BDE8F08F7848FFF7EA
S3150802A8005FFF06460028E6D00139A4F8201289F32C
S3150802A8101188BFF36F8F94F8A4B2C4F8B802BBF1DB
S3150802A820000F1AD15A4607212846FEF778FE8146B6
S3150802A83098B92A68694BC4F8A722AA8828469A8032
S3150802A840AA799A71FEF7C8FE3046FEF746FB01233F
S3150802A8500722494684F8A63290E76B882846B381D0
S3150802A8602A683368D4F8E0911A60AA889A80AA7985
S3150802A8709A71FEF7B1FEB289BAB90123072288F89E
S3150802A880D530A4F8DC21BBF1000F2CD15946584625
S3150802A890FEF74EFAD4F8B8125248FDF7A3FDD4F8DB
S3150802A8A0E021936C01339364A0E7B4F8DC31B3F585
S3150802A8B0857F56D90623314633774A48FDF792FDF6
S3150802A8C0D9F8483007220133C9F84830012388F8F5
S3150802A8D0D5300023C4F8B832A4F8DC21BBF1000F46
S3150802A8E043D04FF0000B484603A9FEF703F901903F
S3150802A8F000285DD1BDF80A60B4F8DC81C6F1070507
S3150802A900EDB2DFF8D8A0F11D4545039B84F8A552A0
S3150802A910514440D3A5EB080542461846EDB2D4F891
S3150802A920B8B284F8A5521DF0A3FECBF8040065B3AD
S3150802A930484603A9FEF7DEF8C8B9039B08EB0601E9
S3150802A94007312A46514418461DF092FE0722294627
S3150802A950A4F8DC21FEF7ECF90122234B83F8D52073
S3150802A96098E7002388F8D530B6E7594606E7D4F8BB
S3150802A970E4011FF043FB019B84F8A5320723A4F8E0
S3150802A980DC31012384F8E83130E7072229462846D4
S3150802A990A4F8DC21DEE72A4618461DF069FE42467F
S3150802A9A02946FEF7C5F9BBF1000F7FF473AF1DE721
S3150802A9B0D4F8E4011FF022FB0023DDE70722D4F8CE
S3150802A9C0B83208465D60A4F8DC21FEF7B1F9012326
S3150802A9D088F8D5305EE700BFC061002067640020B2
S3150802A9E0E4630020EC630020206F0020036803B9AB
S3150802A9F070478B4204D10B68036000230B607047D3
S3150802AA001846F3E7024608B5937C0846013B937459
S3150802AA1002F13001FFF7EAFFBDE80840332110468C
S3150802AA20FEF7EFBD014610B5EFF31184302383F329
S3150802AA301188037C5BB180684030FFF7D7FF8A68CC
S3150802AA4092F84430013B82F8443000230B7484F3B5
S3150802AA501188BFF36F8F10BD4FF0FF307047FEE7C6
S3150802AA600020704701207047012070474FF0FF30E1
S3150802AA707047002070470020704700207047BFF3D8
S3150802AA804F8F0549054BCA6802F4E0621343CB604F
S3150802AA90BFF34F8F00BFFDE700ED00E00400FA05A3
S3150802AAA008B528B1417800781FF010FA002008BDD1
S3150802AAB02220FCE708B528B14178007813F0FBFE9E
S3150802AAC0002008BD2220FCE738B505460C46FDF7EE
S3150802AAD00FFD6B6CA3F11402B3F5805F02FB00F065
S3150802AAE005D140F6E8736969994288BFCC30E31DFF
S3150802AAF0B3FBF2F3013304EBC304204438BD38B583
S3150802AB00054644692146FFF7DFFF6A6CE31D143ADE
S3150802AB10B3FBF2F3AA69144404EBC3040C342044CD
S3150802AB2038BD03460846EFF3108172B6024ADB6B5C
S3150802AB30C2F8BC12DB681847C06100202DE9F04153
S3150802AB400646406882B0C0B10F4690460024336874
S3150802AB5053F8345003EBC403C5F30752C5F3130184
S3150802AB60013504F1010406D05B683046CDF8008051
S3150802AB70B84710B170688442E9D302B0BDE8F081E3
S3150802AB80036813F07E0F03D1406820F07C407047BB
S3150802AB9013F078001CBF03F07F03D81F70474BF2EF
S3150802ABA09A2210B503680446B2EB134F13D19BB22F
S3150802ABB0012B15D1FDF760FE013011D04FF6FF7259
S3150802ABC0E068B2EB104F4FEA10430BD180B2C01ABD
S3150802ABD018BF012010BD013314BF04200320F9E772
S3150802ABE00420F7E70220F5E7F0B50546002687B008
S3150802ABF0EC69013CB44203D80C46204607B0F0BDC6
S3150802AC0001B14C1E6F6C2868EB6B05225B6901A9C2
S3150802AC1007FB0400984701A8FFF7C1FF0128ECD9F2
S3150802AC2021460136E4E7F0B503680646CC1A436CBA
S3150802AC300025B4FBF3F487B0F36937685A1E9542C8
S3150802AC40706C06D3736C306803FB0400143007B0CB
S3150802AC50F0BD0134B4FBF3F203FB1244F36B052295
S3150802AC605B6901A900FB0470984701A8FFF797FFE3
S3150802AC700128E7D90135DFE710B423F0030422449B
S3150802AC809B070A44436C18BF04325B4282EA0104FA
S3150802AC90234202D05DF8044BC5E710465DF8044B23
S3150802ACA070472DE9F04F144606460F468BB00393BC
S3150802ACB0C36B01225B6907A960689847F36B012297
S3150802ACC05B69384606A99847079B5D1C07D100228F
S3150802ACD0A360A275627500200BB0BDE8F08F012251
S3150802ACE0A2750022217E069D04EBC101CF610A846A
S3150802ACF06068C5F3D31CB84205F07F010CD14FF04A
S3150802AD00FF33C4F800C02175A360237D043B022BE0
S3150802AD1026D80023A375DEE794F814E020688E454A
S3150802AD2003D1A0EB0C004242424103F07F00012806
S3150802AD308CBF0020012001298CBF002101218842F5
S3150802AD4018BF002215F07E0FA27503F07E0304D108
S3150802AD50002BDAD00023A375D7E7002BD5D1F9E764
S3150802AD6015F07E0F0FD1F36B022238465B6908A9EC
S3150802AD70984708A8FFF704FF237D032B4FD8DFE87F
S3150802AD8003F0130D045706A8F4E7CC22237E04EB3E
S3150802AD90C3031A840123694AD35C0AE0237E04EBBF
S3150802ADA0C30318840023F6E7237E04EBC30318843F
S3150802ADB00123149A1370069A12F07E084FEAD26A91
S3150802ADC0227E37D104EBC2020AF0030582F822502A
S3150802ADD0F36BB2F820905B69022208A938469847B5
S3150802ADE020220DF117000DEB02018DF81780FDF7F1
S3150802ADF025FD1A2209A9FDF721FD9DF81730099AA2
S3150802AE004FF0080BB3EB926F0CBF01230023637557
S3150802AE10637D33BB0023A3754FF0000852E0227E00
S3150802AE20013BDBB204EBC202052B1084C0D8B2E7A1
S3150802AE300223B0E7002504EBC202B2F8209082F89A
S3150802AE40225006A91B2208A88DF82050FDF7F6FC09
S3150802AE509DF820204FF0040BA2EB0A0253425341FD
S3150802AE60D5E794F81680B8F1000FD5D0B9F1000FDE
S3150802AE7009D1E5B10123E375637E002B36D1012D95
S3150802AE8029D1657615E0736C07EB0B025B4287EAFC
S3150802AE9002010B421CBF0023A375736C591E0A409C
S3150802AEA09B1A4B45B6D3A37D002BE2D1B4E7E37DCB
S3150802AEB043B94FF000084B465A4639463046FFF723
S3150802AEC0DBFEA060A27D237EBAB9012B33D80133FB
S3150802AED02376A07D00E796F8343063B9F36A013326
S3150802AEE0E9D1032DE7D10123A376E2E7012DE9D0C3
S3150802AEF0032DDED1F7E79846DDE72269012B4A449E
S3150802AF00226118D801332376039B002BE1D0E37D17
S3150802AF10002BDED0B8F1000FDBD1032DD9D0A16802
S3150802AF204B1CD6D0149B2246009330460123FFF7CA
S3150802AF30B8FEA075CDE70023A375CAE7F0D60408C4
S3150802AF4013B50C4600212176009361681346224602
S3150802AF50FFF7A7FE18B1E37D03B1A07EA075A07D19
S3150802AF6002B010BD2DE9F743044616461F460D46A4
S3150802AF70DFF87480816AE36A8B421ED04B1C1CD0B0
S3150802AF80DFF860904846FDF7A7FD012249462046AC
S3150802AF900DF10703FFF7D4FF30B13B4620469DF873
S3150802AFA007201049B04740B1D8F8C8124A1C07D042
S3150802AFB0012D0DD0E36A9942E4D103B0BDE8F083CE
S3150802AFC0D8F8C4122046FFF72EFE012D0146D2D12B
S3150802AFD0D8F8C43281EA0302636C5B421A42ECD1A6
S3150802AFE0C9E700BF80640020C06100202DE9F04156
S3150802AFF00F4616469846044688B060B390F8345011
S3150802B000FDB10121FFF78DFD00210E9BCDE905114A
S3150802B010CDE902379DF83C30CDF804808DF81C3016
S3150802B020237C04968BB90D4901AA04F10800FFF79F
S3150802B03085FDDDE90553E06B002E08BF1D4614F0B9
S3150802B04081FC284608B0BDE8F0812046044A01ABD7
S3150802B050FFF788FFEDE70546F3E700BFE785020835
S3150802B06021B302082DE9F041D0E90A369E42044688
S3150802B07086B028D11422C369456802FB13552846AF
S3150802B08006B0BDE8F0812068676C331AB3FBF7F3A4
S3150802B090E26B07FB0300D2F8148001A90522C04718
S3150802B0A001A8FFF77CFD012804D0636C1D44013B0F
S3150802B0B03340ED1A31462046FFF7B5FD0646A36A28
S3150802B0C0B342E0D1DBE70025F9E72DE9F04F0F4659
S3150802B0D09A46002389B004464FF0FF31104690463F
S3150802B0E08DF80B30FDF7F8FCB7F5801F20D23946EC
S3150802B0F003AA04F10800FDF7CBFA451C014605D15F
S3150802B100237CBBB92D2009B0BDE8F08F4046FDF778
S3150802B110E3FC0122414620460DF10B03FFF710FF1F
S3150802B1200028EDD09DF80B308AF800300020EAE7B7
S3150802B130B81CE5D1E66A711C2CD12046616AFFF774
S3150802B14053FD0646BB1C18BF0123DFF8C4B00093A3
S3150802B150636A626C0193236803A902FB0639E36BEF
S3150802B160484605225B6909F11409984700254946AC
S3150802B1704B1C05D0636C81EA09025B4213420FD06D
S3150802B18031462046FFF730FD019BB3422FD085BBDF
S3150802B1900646DDE72368F61A636CB6FBF3F6D1E7D3
S3150802B1A01A48FDF799FC2046009A18490DF10B0337
S3150802B1B0FFF7C6FE8446B8B1BA1C03D0DBF8EC32F8
S3150802B1C0BB4211D145469DF80B30DFF840E08AF8BC
S3150802B1D00030BEE80F000FC5BEE80F000FC59EE897
S3150802B1E0070085E807006546DBF8F412C0E7002D7C
S3150802B1F088D0B7F5801F99D239469AF80030D8F820
S3150802B200042004F10800FDF773FA8FE7AC64002006
S3150802B210C06100202DE9F04385B00C4617461E464C
S3150802B2200546DDF83080A0B390F834309BB3B1F50B
S3150802B230801F32D2DFF868900121FFF772FC21469F
S3150802B24028460DF10F0309F54672FFF73EFF04463D
S3150802B25088B99DF80F30012B14D1D9F8282306EBAB
S3150802B26008039A4213D30090434632463946284683
S3150802B27013F04CF80446E86B14F064FB204605B05C
S3150802B280BDE8F083022B14BF2D246024F3E7632460
S3150802B290F1E72124F2E71124F0E72924EEE700BFBB
S3150802B2A0C06100202DE9F3411F4600230C461646CD
S3150802B2B005463B6058B390F8343053B3B1F5801F56
S3150802B2C029D2DFF858800121FFF72BFC21462846B0
S3150802B2D00DF1070308F54672FFF7F7FE0446A0B913
S3150802B2E09DF80730032B10D0022B0AD101233360B5
S3150802B2F004233B60E86B14F025FB204602B0BDE848
S3150802B300F0813060D8F82833F3E72D24F2E72124B8
S3150802B310F3E71124F1E72924EFE700BFC061002013
S3150802B32073B50D46D11E4A421C461B7E4A419A42B5
S3150802B33029D129682368994225D36368994222D874
S3150802B340124E0DF1070306F55172FFF7BEFED0B98C
S3150802B350D6F848236B689A4215D19DF80730DA1E4B
S3150802B36053425341227E93420DD16369013363618D
S3150802B370D4E90323934206D22968A26842F8231025
S3150802B380236901332361012002B070BDC061002028
S3150802B39070B50025044686B00562E369AB4202D859
S3150802B3A0206A06B070BD666C2068E36B05225B698D
S3150802B3B006FB050001A9984701A8FFF7F0FB01283B
S3150802B3C098BF236A05F101059CBF01332362E4E7AE
S3150802B3D038B50446456C006804F1400305FB0101D3
S3150802B3E0E06BFDF771FA05462046FFF7D1FF2846BE
S3150802B3F038BD2DE9F04100254FF0FF384FF6FF73AF
S3150802B400044647462E46C0E9085386B0E369B34266
S3150802B4100DD8A5EB0805012D06D94FF6FF730025B1
S3150802B4206362E369AB4223D806B0BDE8F081E26BFA
S3150802B4302368606CD2F814C000FB0630052201A905
S3150802B440E04701A8FFF7ABFB01280FD801A8FDF7D3
S3150802B45013FA874288BF6662804528BF80468542BE
S3150802B46038BF05460746236A013323620136CDE70C
S3150802B470666C2068E36B06FB050005225B6901A979
S3150802B48098470135CDE72DE9F04F97B0CDE9082366
S3150802B4900D460A69416CD31D1439B3FBF1F3013326
S3150802B4A002EBC302036B04469342C0F0D98200231F
S3150802B4B0DFF8C0920C93E36AAD4819460693FDF786
S3150802B4C00BFBD5E903370393099B022B40F0268130
S3150802B4D0CC2F40F0A682089B002B00F0F1800026B4
S3150802B4E06868E36B119601225B6911A908309847CF
S3150802B4F0B04694F84230012B40F0AD80632E2DD928
S3150802B500119B666C069A1293731E1340F61AE36B26
S3150802B51001225B69686814A99847149B13F07E0F89
S3150802B52014BF04230823782F059340F207810122CA
S3150802B53000234FF0080A04922A68C9F8FC72C9F86F
S3150802B540EC22099A032A00F01F81022A00F0C7801A
S3150802B550049A002A14BF00220722C4E0612E08D8E2
S3150802B56014AB324629462046FCF7F2FF9DF85030C6
S3150802B57023B314AB3246294620468DF84C80FCF795
S3150802B580E7FF94F84230DDF850A0012B52D14FF66E
S3150802B590FF739A4500F09280082214A913A8FDF7B2
S3150802B5A04DF99DF84C20CAF307239A4240F086804B
S3150802B5B05FFA8AFA119B534411937FE094F842305A
S3150802B5C0012B2DD132462946204612ABFCF7C0FF85
S3150802B5D02946204613AB721CFCF7BAFF29462046B9
S3150802B5E014ABB21CFCF7B4FF0823102213A90DF101
S3150802B5F043008DF84330FDF721F9102214A9FDF70F
S3150802B6001DF9129BDAB2002A51D19DF84320B2EBFA
S3150802B610132F4CD1DDE9133203EB0243119346E0B3
S3150802B620302E2BD943E09DF84320B2EB134F3ED17F
S3150802B630139BF3E7BAF1FF3F40D0102214A913A8CF
S3150802B640FDF7FCF89DF84C20CAF307439A4235D118
S3150802B6501FFA8AFAAEE7312E3FF652AF89D014ABFB
S3150802B660324629462046FCF773FFBDF85030002BB8
S3150802B6707FF47FAF94F84230012BA3D03246294695
S3150802B680204612ABFCF764FF2946204613AB721C10
S3150802B690FCF75EFF1023202213A90DF143008DF853
S3150802B6A04330FDF7CBF8129B9AB2002ABBD094F826
S3150802B6B04230012B14BF012302231E44013618E728
S3150802B6C0039B01221B684FF0080A12932B68049207
S3150802B6D0C9F8EC3208230593089BC9F8FC72049A48
S3150802B6E0C2F10202D2B289F800234FEA9A020E92F6
S3150802B6F0069A019200220A920D9207920B92606CA8
S3150802B700019A411E1140421A002F3FD053449A42D1
S3150802B71047D8236B1B1A0B4423635BE1666C069AB4
S3150802B720731E1340782FA6EB030619D8EB7D8BB947
S3150802B730089B002B7FF4EBAE042305933B1DB34213
S3150802B7401AD9F7B1082E3FF6F2AE042300229A461A
S3150802B7500492F1E6089B002B7FF4D9AE0823ECE7A6
S3150802B760089B002B7FF4D3AE08230593DFE600BFC0
S3150802B770AC640020C0610020002304934FF0040A41
S3150802B780DAE604230497F9E7099AACE75245C0D3E7
S3150802B790B846019B53440293079B002B18BF032309
S3150802B7A014E0A2EB0A02019B9742B846534428BF0B
S3150802B7B0904697420293EFD90123D9F8FC2289F8D9
S3150802B7C00333974243D1019AC9F8F022079399F8AD
S3150802B7D00333002B3DD099F804230199D31C09EBB6
S3150802B7E0C303C3F8F01207990132A3F8F48283F867
S3150802B7F0F61289F80423B8F1000F14D0099B022B1C
S3150802B8002BD10A9B7BB90D9B4344032B0BD9E36BC4
S3150802B81001229B69029812A998470646002840F019
S3150802B820278101230A9399F800332E688D4A012B42
S3150802B83002EAC61628F07C4B40F289809A1E012A33
S3150802B84003D908F1070303F07F031E4385E00223A9
S3150802B850BCE7019BC9F8F032CDE7089B002B31D132
S3150802B860039BB8F1030F03EB080B28D9DDE90201A4
S3150802B870E36B4FEA98029B6998470646002840F010
S3150802B880CA8018F003025FD0039B28F003063344EC
S3150802B8900393029B1E444FF0FF33039913A8139395
S3150802B8A01CF0E6FEE36B304601229B6913A9984712
S3150802B8B00646CDF80CB0002EB5D0029B6FE0424684
S3150802B8C0029EE8E705F12003DDF808B00F93EB7D49
S3150802B8D068689BB100232E7E0B9AD9B28E4211D983
S3150802B8E00F9903F1010C31F83310914226D90599C3
S3150802B8F005EBC303D8690A44104403E00B9B059A77
S3150802B90013441844E36B01225B6913A99847139BF6
S3150802B910012211930B9B584604330B93E36B11A92F
S3150802B9209B699847029B06464344A3EB0B03042BE9
S3150802B93007D9002872D10BF1040BC8E76346521ADD
S3150802B940CBE7CDF808B0B6E7CDF80CB06BE7079AA7
S3150802B95043EAC263334343F060464FF000038DF86F
S3150802B9604C30049BCDE9146B002B49D0202214A934
S3150802B97013A8FCF763FF1A2215A9FCF75FFF9DF8C7
S3150802B9804C304BEA83631593E36B0E9A9B690198D5
S3150802B99014A99847019A061E0C9B18BF13465246CD
S3150802B9A00C93204643460199FFF766F9236B08F183
S3150802B9B00302A3EB0A0322F003029B1AC9F8F40254
S3150802B9C02363002E54D10D9BA7EB080743440D931E
S3150802B9D0029B019320460199FFF725F9002301905E
S3150802B9E0002F7FF48CAE204A04F10800D2F8F43214
S3150802B9F0D2F8F022E3622968099BFCF779FE11E086
S3150802BA001B2214A913A8FCF719FF9DF84C3046EA25
S3150802BA10C3661496B8E7CDF80CB04EE7CDF808B071
S3150802BA204BE77027384617B0BDE8F08F002760E06D
S3150802BA3004F10800FCF7F3FD3B46394620460B4A5B
S3150802BA40FFF790FA2A69616CD31D1439B3FBF1F337
S3150802BA50013302EBC302236B9342BFF42CAD6DE0B4
S3150802BA601C27DFE780FFFF07C0610020A1870208C5
S3150802BA703D2E63D104F1080301932768069B2046ED
S3150802BA80E16AD4F844A0A3EB070BFFF7CCF8A26A45
S3150802BA90BBFBFAFB8242D5D0616CD9F8F42201F1DC
S3150802BAA0FF3C02EA0C0C226B0C9B521A624422637C
S3150802BAB02268E0629A1AB2FBF1F8C345B6D10AFBCC
S3150802BAC00877069B07F1140BB3EB0B0711D0E36B50
S3150802BAD0BA0859469B6998478246E26A069B3A44DF
S3150802BAE0E262226B0198D21A5A442263FCF797FD46
S3150802BAF057462368616CE06B01FB0831FCF78BFE45
S3150802BB002046FFF745FC2046FFF773FC626A616C24
S3150802BB102368204601FB02331433A362FFF7A2FA15
S3150802BB202063002F84D02A69616CD31D1439B3FBB4
S3150802BB30F1F3013302EBC30290429ED2374671E714
S3150802BB40F7B5089C032A1646256805D1237A012BE0
S3150802BB5025D0012003B0F0BD274F28460DF1070373
S3150802BB6007F55172FFF7B1FA60600028EED1D4F8F2
S3150802BB7000E0D7F84803DEF82810DEF844C048404B
S3150802BB80CCF100031840227AE0D1012A09D1E268F1
S3150802BB90D7F8543313446A69934202D92074207C35
S3150802BBA0D8E7DEF80020DEF82C30891A9B1AB3FB98
S3150802BBB0FCF3B1FBFCF18B420DD1696CEB6A4A1EB0
S3150802BBC013402A6B521A13442B6325682846A96A1E
S3150802BBD0FFF729F8E862D7F85423E36808321344D2
S3150802BBE0E3600122334605492068FFF74CFC606092
S3150802BBF00028ABD00020ADE7C06100200465002014
S3150802BC00032A2DE9F34106460D4617461C4606D178
S3150802BC10237A012B24D0012002B0BDE8F081DFF897
S3150802BC20608009680DF1070308F55172FFF74DFAAE
S3150802BC3060600028ECD19DF80720237A032AE7D012
S3150802BC40D8F848136A689142E2D1012B2969D4F8D7
S3150802BC500CC007D172690CEB0103934202D9207416
S3150802BC60207CD9E708316144E1603B460122294636
S3150802BC703046FFF708FC60600028C9D00020CBE7F1
S3150802BC80C06100202DE9F34104461F461646884640
S3150802BC902C4D4FF0FF3105F55170FCF71DFF9DF84D
S3150802BCA020300022204605F55171C5E9D467C5F84A
S3150802BCB04483FFF7E8FB236E0746002B3DD0204658
S3150802BCC06169FEF701FF626E236B024493422CBF41
S3150802BCD000220122984228BF0023257C38BF1B1A5E
S3150802BCE0002684F85020636584F85850D5B1DFF8E9
S3150802BCF0588033463246314620460196CDF80080B2
S3150802BD00FFF774F901230546CDE900833246334627
S3150802BD1031462046FFF76AF9E36805449D4294BF17
S3150802BD203546ED1A94F85030E56513B994F858304B
S3150802BD301BB1236E04F150009847384602B0BDE89D
S3150802BD40F08100BFC0610020FFFF0F002DE9FF410F
S3150802BD500F4690461E460546002847D090F83430CE
S3150802BD60002B45D0B1F5801F44D2234C0221FEF7A1
S3150802BD70D8FE04F54672394628460DF10F03FFF739
S3150802BD80A4F9024620B16B699E4219D9622410E0D1
S3150802BD909DF80F30012BF6D1D4F828138E42F2D132
S3150802BDA0009341463346284612F0B0FA0446002864
S3150802BDB0E9D1E86B13F0C6FD204604B0BDE8F08170
S3150802BDC0284612F0CDFD31462846FEF77DFE2C6B3D
S3150802BDD0844209D30123424600933946334628460C
S3150802BDE0FFF750FF0446E4E71C24E2E72124E3E7D1
S3150802BDF01124E1E72924DFE7C06100207FB50C465C
S3150802BE00054648B390F8343043B3B1F5801F27D2BC
S3150802BE100221FEF786FE21462846124A0DF10F0335
S3150802BE20FFF753F90646A8B99DF80F30032B11D030
S3150802BE30284612F095FD03232146009332463346DF
S3150802BE402846FFF71FFF0446E86B13F07BFD2046E2
S3150802BE5004B070BD2D24F7E72124F8E71124F6E78C
S3150802BE602924F4E7D8640020F0B504460D46466C4A
S3150802BE70E36B006887B005225B6901A906FB05002A
S3150802BE80984701A8FEF78BFE012804D801A8FCF7FB
S3150802BE90F3FC07B0F0BD29462046FEF7A5FE064686
S3150802BEA0676C2068E36B05225B6901A907FB06003C
S3150802BEB0984701A8FCF7E0FC431CEAD0B54238BF14
S3150802BEC00130E6E72DE9F04F4FF0FF334FF6FF72E8
S3150802BED00025044600F10808C0E909238BB0C362AD
S3150802BEE00562056340468B46FCF799FB2046FFF739
S3150802BEF04FFA40BB4FF6FF79676A00264F4514BFD3
S3150802BF003D460025E3699E423BD32046FFF740FAA9
S3150802BF1008BB5E2028E02368E26B606C566900FB6A
S3150802BF200530052205A9B04705A8FEF738FE0128FF
S3150802BF301DD129462046FFF797FF421C294620466F
S3150802BF40FFF746FA0135E3699D42E4D32046FFF737
S3150802BF501FFA0028CED02046FFF74BFA4FF6FF729B
S3150802BF60636A934237D167200BB0BDE8F08F033876
S3150802BF70C0B20128E6D829462046FFF775FF0246D1
S3150802BF80DCE7E26B2368606CD2F814C000FB05306C
S3150802BF90052205A9E04705A8FEF701FE022807D0F3
S3150802BFA04F450DD10BF1010229462046FFF710FA3B
S3150802BFB0E3690135B5FBF3F2013603FB1255A1E736
S3150802BFC029462046FFF750FFB0F1FF3F14BF02464D
S3150802BFD05A460132E8E7E26B666C2068556969469B
S3150802BFE0052206FB0300A847626A616C23684B4D6B
S3150802BFF001FB02331433A3624FF0FF336FF00101E2
S3150802C000E362204605AB05F55172FFF75EF8002894
S3150802C01049D1D5F84C5329462046E562FCF77FFA02
S3150802C020206320B92046E16AFEF7FDFDE062294653
S3150802C0302046FEF7F8FD0546A36A9D4235D12046FD
S3150802C040FCF756FA002607463546E3699D423ED373
S3150802C050B74257D92046616AFEF7C6FD4FF0000877
S3150802C060054604F1400A464512D8626C23686946B9
S3150802C07002FB0539E36B05225B6948469847684621
S3150802C080FCF7FAFB534602464946E06BFCF71CFCF2
S3150802C09029462046FEF7A8FD08F101084745054648
S3150802C0A0E1D1642060E7A56AB5E729462046FCF790
S3150802C0B036FA236B29460344064623632046FEF7CF
S3150802C0C0B2FD0546002EB7D1C4E90B06B4E7626C89
S3150802C0D0236805A902FB0539E36B05225B69484615
S3150802C0E0984705A8FEF75BFD012809D8204609F1FD
S3150802C0F01401FCF714FA636C143B984208BF013624
S3150802C1000135A2E74046FCF78AFA0023204619467B
S3150802C110034AFEF727FF002026E700BFC06100207A
S3150802C120A18702082DE9F8430023A14F0E46D7F846
S3150802C13070830446C7F8703318B921252846BDE826
S3150802C140F88390F834500DB309680268914240F0BA
S3150802C150248171684268914240F01F81B168826801
S3150802C160914240F01A81F168C268914240F0158105
S3150802C17031694269914240F01081B169C26B9142BC
S3150802C18040F00B8172691D468261D7E7D0F8389074
S3150802C190682229461CF04DF8C4F83890336804F131
S3150802C1A00800236073686360336963617369A36116
S3150802C1B0D6E90223C4E90223FCF731FAB36904F18A
S3150802C1C04000E3639B689847002849D1616C11B126
S3150802C1D06368B3FBF1F194F84330E161002BACD00C
S3150802C1E00023656C2366002D00F0DF80002900F02D
S3150802C1F0DC802368B3FBF5F205FB1233002B40F013
S3150802C200CE80D4F80490B9FBF5F605FB1696002EF7
S3150802C21040F0C5802046FEF772FC8145C0F0C18019
S3150802C22040F634726369CC3B934200F2BC80B5F5A2
S3150802C230805FC0F0BA8003212046FEF772FCD4E97B
S3150802C2400001E36B1B6898470546E36B0220DB682F
S3150802C25098473DB184F83460E06B13F073FB6DE7E1
S3150802C2602946B8E741462046FFF72CFE64280546CC
S3150802C27004D141462046FFF725FE0546636C143B6A
S3150802C28075BB226A204602FB03F6FEF738FC864295
S3150802C29003D284F834505A25DEE70123D4E90096FE
S3150802C2A084F83430D7F87433D7F878830133C7F86B
S3150802C2B07433E0F78FFF1F2E16D8BFF35F8F052260
S3150802C2C03C4BC3F894205A6A42F480325A62BFF34E
S3150802C2D04F8FBFF36F8FBFF34F8FBFF36F8FBBE7DE
S3150802C2E0002384F83430B7E74FF0000C19F01F0F1B
S3150802C2F006F1FF3618BF29F01F0109EB06030CBF2A
S3150802C30049462031DA062B4A18BF23F01F035FFA83
S3150802C3108CF0804526D8D2F8C00021F01F0120F4FF
S3150802C3207F4040F48070C2F8C00041F00301EFF389
S3150802C3301186302080F31188D7F8780323F01F037B
S3150802C34043F00303C2F89800C2F89C10C2F8A03062
S3150802C35086F31188BFF36F8FD7F878330133C7F89E
S3150802C3607833AAE7C2F89800D2F89C00D2F8A060FF
S3150802C37020F01F00884226F01F0601D19E429CD05B
S3150802C3808E4201D3984298D9D2F898000CF1010C42
S3150802C39020F0FF00C2F89800B9E75D25CEE65925D8
S3150802C3A0CCE65A25CAE65F25C8E65B25C6E600BF7F
S3150802C3B0C061002000ED00E0034B5A6812B19A6A88
S3150802C3C0002AFAD1704700BF00C0005030B40446B4
S3150802C3D0EFF3108072B6256885EA02030B406B40BC
S3150802C3E0236030BC1DF047BE2DE9F0410C461546C8
S3150802C3F00746002842D0EFF31186302383F31188CB
S3150802C4001F4BD3F810334B1E0E2B2DD989B34FF081
S3150802C4100008387879784DB31DF058FD0F217A78DF
S3150802C4203B78072A03EB43034FEA031388BF083A0C
S3150802C430144895BF4FEA820C4FEA820C04330C3338
S3150802C44008FA0CF201FA0CF11844FFF7BFFF24B9F7
S3150802C450387879787DB11DF039FD86F31188BFF3F6
S3150802C4606F8F0020BDE8F0818846D2E712F023FAE2
S3150802C470D4E78846D2E712F01EFAEEE72220F1E761
S3150802C48000C0035030C00350044BD3F88420D206B0
S3150802C490FBD4D3F88400C0F38110704700400050E3
S3150802C4A04209531E022B96BF074B002303EB820356
S3150802C4B000F01F0029B103F58053012282401A6059
S3150802C4C0704703F50053F8E76080005010B5EFF3A4
S3150802C4D01182302383F31188204B93F87C432CB1C5
S3150802C4E082F31188BFF36F8F1D4810BD012183F8AF
S3150802C4F07C1382F31188BFF36F8F202083F80041E3
S3150802C50083F8104183F8204183F8304183F840418B
S3150802C51083F8504183F8604183F87041FFF7C0FF02
S3150802C5202120FFF7BDFFFF220E4B59609C609C61DC
S3150802C5309A624FF000429C631C645A654FF0FF32C0
S3150802C54003F500531A6580210822074BC3F8842194
S3150802C55083F823135A602046C7E700BFC06100204C
S3150802C560038000F00000045000E100E038B5174CE3
S3150802C570FF28A26A28D8A36D154D13F4803F18BF69
S3150802C5804FF48031134B18BF99624FF0807199624C
S3150802C590A36995F9D65023F47F03054423F47F4310
S3150802C5A043EA002385F3080543EA0543A3610A48DB
S3150802C5B0FFF70CFFA36DDB0304D54FF48031064861
S3150802C5C0FFF704FF002038BD2120FCE70040005A8F
S3150802C5D0206F00200050005A2840005A38B50F4CE8
S3150802C5E00F48A26AA36D13F4803F18BF4FF4803137
S3150802C5F00C4B18BF99624FF080719962A569FFF7D3
S3150802C600E5FEA36DC5F30725DB0304D54FF4803198
S3150802C6100348FFF7DBFE284638BD00BF0040005A34
S3150802C6202840005A0050005A014B83F8D60070473A
S3150802C630206F0020014B93F9D6007047206F002027
S3150802C6404FF4803310481149826A8B62836D03F076
S3150802C6500303032BFAD14FF080730D488B620A4B02
S3150802C660996D30EA0101FBD1012008490865996DE7
S3150802C6708907FCD4044B996D8807FCD5996D8907FF
S3150802C680FCD504490448A1E60040005A0050005A65
S3150802C69003000100000001012840005A10B5164B9C
S3150802C6A00446D3F8283103F00703013B052B04D8C7
S3150802C6B0DFE803F00A161E120E1A0023184604B102
S3150802C6C0206001B10B6010BD0C4B58680523F6E7D4
S3150802C6D00A4B58680623F2E71DF06CF80723EEE7C3
S3150802C6E0064B98680323EAE7044B98680423E6E7AF
S3150802C6F002230348E3E700BF00800050206F0020B2
S3150802C700002D31010E4BD3F8403103F00303022BFF
S3150802C7100DD0032B0FD0012B0BBF0A2301234FF495
S3150802C7200042002200B1026001B10B607047092382
S3150802C7304FF40042F6E70C234FF47A72F2E700BF91
S3150802C74000800050002337B50193154B0546D3F8F0
S3150802C75060320C4603F00703013B032B1ED8DFE8C1
S3150802C76003F0020E1914002101A8FCF72FF9102371
S3150802C7700DB1019A2A6004B1236003B030BD0021CD
S3150802C78001A8FFF7BFFF1123F2E71DF013F80723ED
S3150802C7900190EDE7034B01930223E9E70023E7E75C
S3150802C7A000800050002D3101002337B50193154B47
S3150802C7B00546D3F894320C4603F00703013B032BD4
S3150802C7C01ED8DFE803F0020E1914002101A8FCF7AF
S3150802C7D0FDF810230DB1019A2A6004B1236003B053
S3150802C7E030BD002101A8FFF78DFF1123F2E71CF0E7
S3150802C7F0E1FF07230190EDE7034B01930223E9E7E3
S3150802C8000023E7E700800050002D31014FF4803203
S3150802C81010B5104B9A66A3F580531B6FC3F3033307
S3150802C82003FB00000C4BDC69144041F67132DA63F3
S3150802C8305A6822F4401259B90849884294BF00201E
S3150802C8400120000502435A600CB10022DA6310BDCA
S3150802C8500349F2E70090005000000350005A6202B2
S3150802C860002D310110B50C4C02200FF0DBFF236FAF
S3150802C8700A4AC3F3802301330021094882F87D332B
S3150802C880FFF7C4FF236F43F4806323674FF48033B3
S3150802C89004F58054236710BD00800050C061002053
S3150802C8A000B4C40410B5124B0446D3F8083203F098
S3150802C8B00703042B17D8DFE803F00319090D110043
S3150802C8C0012204B1236001B10A6010BD09224FF4A6
S3150802C8D00043F6E70C224FF47A73F2E71CF0E2FF04
S3150802C8E00F22830AEDE700221346EAE70A22EEE759
S3150802C8F0008000501FB50023B0F5807F019300F039
S3150802C90056816AD8002800F0F9802038602876D83F
S3150802C910602874D8DFE810F0F2000001F200000186
S3150802C92021012101210121012101000133017E009A
S3150802C9305C01B0007E000001000100017300730073
S3150802C9407300730073007300730073000001000123
S3150802C9500001D200710100017300730073007300B5
S3150802C960730073007300730073007300730073001F
S3150802C9707D012101F200F200F2006C017E007E00C8
S3150802C980DE00810195002E017300730073007300A7
S3150802C9907300E900F200730021012101210121013E
S3150802C9A021012E012E01000173000001000173000E
S3150802C9B073007300730073007300730073007300CF
S3150802C9C073007300730073007300730073007300BF
S3150802C9D07300730073007300EE00B0F5E06F00F0A9
S3150802C9E00C815BD8B0F5607F00F09D801DD8B0F54C
S3150802C9F0007F00F0868006D8B0F5C07F7ED0019809
S3150802CA0005B05DF804FBB0F5207F00F08580B0F52F
S3150802CA10407FF4D11CF046FF934B1B6FC3F3802370
S3150802CA200133B0FBF3F0400866E0B0F5B06F00F0F2
S3150802CA30A6801AD8B0F5806F00F08F80B0F5A06F87
S3150802CA40DDD10021884B0391D3F8203203F0070386
S3150802CA50042B08D8022B00F28980012B00F0828071
S3150802CA60022B00F09E80039BABE0B0F5C06F00F08E
S3150802CA70AF80B0F5D06FC2D17B4BD3F8003203F04A
S3150802CA800700032800F0AF805B0700F1A680013893
S3150802CA9001288CBF00200120C0032DE0B0F5186FD5
S3150802CAA000F0B7800ED8B0F5086F00F0C780B0F571
S3150802CAB0106F00F09D80B0F5F06FA0D16A4BD3F8E5
S3150802CAC060319DE0B0F5286F00F0A78007D8B0F571
S3150802CAD0206F94D1002101A8FFF734FE8FE7B0F545
S3150802CAE0406F47D0B0F5486F89D1002101A8FFF7FA
S3150802CAF05BFE84E71CF0B8FE019080E71CF0D2FECC
S3150802CB00FAE71CF0B1FE584BD3F89030C3F304632E
S3150802CB100133B0FBF3F0EFE71CF0C4FE524B1B6F78
S3150802CB20C3F38023F4E75049D1F8802002F00302C8
S3150802CB30022A0AD0032A0BD0012A0CD11CF094FE31
S3150802CB40D1F88030C3F30113E2E71CF033FEF7E7AE
S3150802CB50464B5868F4E71846F2E7002101A8FBF7A6
S3150802CB6035FF4CE703A8FFF799FD7CE74FF400432E
S3150802CB70039378E7002101A8FFF790FD3FE700211C
S3150802CB80394B0391D3F8803103F00303022B0CD0FF
S3150802CB90032B06D0012B7FF466AF03A8FBF716FF1B
S3150802CBA061E71CF007FE03905DE7314BE0E702936D
S3150802CBB04FF0E0231B695A0705D51CF073FE029055
S3150802CBC0029B01931BE703A902A8FFF79BFDF7E760
S3150802CBD0002101A8FFF796FD11E7042806D11CF0EB
S3150802CBE061FE800A88E74FF47A7085E7002083E7BA
S3150802CBF0002101A8FFF756FE01E71B4BD3F8403286
S3150802CC0003F00303032B16D0003B18BF0123DB03F3
S3150802CC10D7E7154BD3F85032F2E70021124B0391AE
S3150802CC20D3F8703203F00303012B7FF41CAF03A879
S3150802CC30FFF768FD17E74FF47A73C2E70A4BD3F892
S3150802CC40003103F00303022B06D0032B07D0012B76
S3150802CC5007D1064B9B68B4E74FF40043B1E7054B8F
S3150802CC60AFE70023ADE700BF00800050206F002029
S3150802CC70002D310180D543022DE9F0475C481DF0AD
S3150802CC80ADFA5C481DF0AAFA4FF480735A4C042296
S3150802CC9023640F215948FFF799FB4FF400732022AA
S3150802CCA04FF0010A564F2364F0215448FFF78EFBD2
S3150802CCB04FF4700153483A674FF40012FFF786FBA8
S3150802CCC00F2104225048C7F840A0FFF77FFB40F621
S3150802CCD0AA63DFF8548104F5C624C8F804A000251F
S3150802CCE0636141F20503DFF84491484AA5604FF4AF
S3150802CCF02070E565E3602561E561E564C9F84820C9
S3150802CD00A56525656565C9F804A0C8F804A0E360A9
S3150802CD10FFF7F0FD4FF4E112430103F56123B3FB7C
S3150802CD20F2F33B4A203B02EAC3036022C9F8082011
S3150802CD30C8F80850E3610223A565C7F8203804231A
S3150802CD40C8F85C304FF44063656163611023314E65
S3150802CD50314CC6F820384FF40023C6F838384FF459
S3150802CD601023C6F83038D6F8203843F00203C6F83E
S3150802CD7020382A4BC6F82C58C6F82838FFF7A6FBDF
S3150802CD8004F5F27007F0A4F804F5EC7007F0A0F8C1
S3150802CD90B0B194F87C339BB1D4F8E431072B0FD8A1
S3150802CDA0EFF31182302181F3118804EB031393F810
S3150802CDB0001109B183F8005182F31188BFF36F8F0E
S3150802CDC00020174BC4F81402C4F8CC01C3E90100C9
S3150802CDD043E91100134B4FF48022C4F8C8310123EA
S3150802CDE0C4F8102284F8193284F8D131BDE8F087E4
S3150802CDF0F8D60408FCD6040800D003503CC00350F9
S3150802CE0000E0035064C0035034C00350FFFF010022
S3150802CE10F8FF7F0000C00350C06100200100050032
S3150802CE20D46300200200040000100A5000200A50B1
S3150802CE3008B58020FFF75EFD034B98429EBF4FF46C
S3150802CE408032024B1A6708BD005A620200A00050DF
S3150802CE5008B54FF4C070FFF74DFD0649064A8842E9
S3150802CE6094BF00200120136F23F4806343EA8023D2
S3150802CE70136708BD80F0FA020080005038B50546EF
S3150802CE801CF010FD0446FFF7FFFA0128D4BF012162
S3150802CE9000212046FFF7BAFC00200FF0F7FC25B167
S3150802CEA0FFF7D6FFBDE83840C2E70649064A0B6FC8
S3150802CEB092F87D2323F48063013A43EA82230B67BF
S3150802CEC0F0E700BF00800050C0610020024A536BA1
S3150802CED00342FCD1704700BF008009504FF0004260
S3150802CEE070B50F4B04465D6E03F580535A664AF6D3
S3150802CEF0CD330C4980204E6C0B64FFF7E7FF0B6AB3
S3150802CF0023F4F85343EA04230B62F30744BF064BA0
S3150802CF100B64002DA2BF4FF00042044B5A6670BD47
S3150802CF2000800050008009503254FFFF00A00050D4
S3150802CF30012370B5C4B2A3401E4C22F00302236536
S3150802CF4084000D6804F1A04404F588246560302540
S3150802CF5068434C7B00F1A04000F580200466CC7A39
S3150802CF608E7A240544EA06440E7B44EA4654C4658E
S3150802CF700267EFF3118485F311880F4A5365087A1D
S3150802CF8000B11364487A00B1936308798A7942EA50
S3150802CF900042084882614D79CA79074942EA054240
S3150802CFA08A61064A4363936484F31188BFF36F8FD9
S3150802CFB070BD00BF00200450001004500000045049
S3150802CFC00123C0B28340EFF31180302282F3118825
S3150802CFD0054A516D21EA03015165936280F311886E
S3150802CFE0BFF36F8F704700BF000004500123C0B221
S3150802CFF08340EFF31181302282F31188074AD06AFF
S3150802D000184209D1526B93430CBF0120002081F3C9
S3150802D0101188BFF36F8F70470020F8E700000450AD
S3150802D02038B51B4B1B4A9B6C03F0010393646BB325
S3150802D030194C94F87C3353B1D4F8D801072806D88A
S3150802D04004EB001393F800310BB1FFF7CFFF01226F
S3150802D050124B1A70EFF31185302383F311881048A7
S3150802D060FDF72EFB01460F48FBF7BCF985F311883D
S3150802D070BFF36F8F00220C490C4811F0C2FCD4F89A
S3150802D08074311BB1BDE83840FBF75ABD38BD00BF45
S3150802D09000000A5000200A50C0610020206F0020BC
S3150802D0A034630020F06300205DD90208F46300208F
S3150802D0B0114321F0F8014904034B490C41F440217C
S3150802D0C0063043F82010704700800350021E30B520
S3150802D0D04FF000000CBF1025042547F607740849CF
S3150802D0E052B9831D51F82330234023B101308542BA
S3150802D0F0F6D14FF0FF3030BD00F11603F2E700BF5C
S3150802D100008003503AB122F0030202F1A04202F56E
S3150802D110603209B9106070470002FBE7054BD3F885
S3150802D120D800421C02BF044AD2F89400C3F8D800B9
S3150802D130704700BF206F0020004000504FF4803235
S3150802D140084B5A6603F5EE239B69C3F3461203F0AE
S3150802D1500F010A434280C3F30342C3F30333427007
S3150802D160037070470090005013B5044601A8FFF7F4
S3150802D170E5FFBDF80630012223804FF480730020B4
S3150802D1806380054B9B680A3303F01F0302FA03F315
S3150802D190636002B010BD00BF0080E00F054B9A68BD
S3150802D1A09107FCD45A689207F9D4DA69002AF6D1AB
S3150802D1B0704700BF00C00A502DE9F04F85B000281D
S3150802D1C000F00081824AD2F84C329842C0F0FC80C4
S3150802D1D0D2F850120B44984280F0F680D2E9985C55
S3150802D1E0EFF3118B302383F3118810F8083C30F8DB
S3150802D1F0067CDB07A0F1080600D53FB98BF3118838
S3150802D200BFF36F8F012005B0BDE8F08FD2F8544204
S3150802D210D2F85C92A4EBC703C2F85432019309F11F
S3150802D2200103C2F85C3230F804EC791CBEF1000F37
S3150802D23049D04FEACE030293A6EBCE03DC8810F858
S3150802D240088C03941C78B3F802A0E40708F00208D5
S3150802D25027D4B8F1000F27D1039CA4EB0A0EBEF11E
S3150802D260010F30D1019C0237083C07EB0A01C2F8CC
S3150802D2705C92C2F8544230F802ECBEF1000F24D197
S3150802D28010F8084C20F806EC6EF3000400F8084C77
S3150802D2900139598019786EF3000119700021D98075
S3150802D2A048E0B8F1000F0ED0DDE901743C1BC2F864
S3150802D2B0544210F8084C71446FF3410400F8084CC4
S3150802D2C000249C80D7E73346D5E706EBCE08D2E999
S3150802D2D093472744B8450ED310F8084C01396FF323
S3150802D2E0000400F8084C002420F8064C59801978E6
S3150802D2F064F30001D1E716F83E60444616F00106CB
S3150802D30030F8067C30D010F8086C01396FF3000645
S3150802D31000F8086C002689B220F8066C598019783C
S3150802D32066F300011970C3F107012144C1F3CF0165
S3150802D330D980A180002D43D09D4241D86988002911
S3150802D34008BF1D46BCF1000F06D09C4504D3BCF8A5
S3150802D3500210002918BF6346C2E998538BF3118855
S3150802D360BFF36F8F00204EE7AEEB070EBEF1010F3B
S3150802D370C9D1B8F80270A8F802600F44B8F80610C6
S3150802D380E1B108EBC1040026D2F85C120139C2F8F1
S3150802D3905C12D2F854120839C2F8541210F8081C52
S3150802D3A020F8066C6FF3000100F8081C19785F80F4
S3150802D3B066F300011970002CB5D16FE70C46E2E757
S3150802D3C01D46BFE722201EE700235B69FFDE00BF7A
S3150802D3D0C0610020002313B5019369B160B101FB56
S3150802D3E000F401A920460FF027F8014620B9019852
S3150802D3F010B122461AF01DFF019802B010BDF8B509
S3150802D4000446EFF31186302383F31188D0F8A4304B
S3150802D4109D6815BB04F130001CF01AFCD4F8A43040
S3150802D4205D69002D35D1274657F88C5F002D4CD102
S3150802D4302746257457F8905F002D5ED1274657F880
S3150802D440945F002D60D1D4F8A430DF68002F62D132
S3150802D45086F31188BFF36F8FF8BD15F8203CA5F146
S3150802D46030007F2B4FEA9317436998BF0027A342E0
S3150802D4702D68CED1D4F8A4100831FDF7C3FA1FB926
S3150802D480637B01336373C4E7032F04BF0023A373CB
S3150802D490BFE715F8203CA5F130007F2B4FEA93171A
S3150802D4A0436998BF0027A3422D68BAD1D4F8A410BD
S3150802D4B01431FDF7A7FA1FB9637B01336373B0E72B
S3150802D4C0032F04BF0023A373ABE72A4652F8305949
S3150802D4D03846937C02F13001013B9374FDF786FAD4
S3150802D4E0937C33B9637B3321013310466373FCF7AC
S3150802D4F088F8E37B013BE37398E72846394650F8F8
S3150802D5003059FDF77FFA97E72846394650F83059D9
S3150802D510FDF778FA95E7384650F830794369A34219
S3150802D52094D1D4F8A4100C31FDF76CFA84F8A15002
S3150802D5308CE7F8B50546EFF31183302282F311889A
S3150802D540046844B1627AD2060FD483F31188BFF312
S3150802D5506F8F0F20F8BD8268012A58D8846083F33A
S3150802D5601188BFF36F8F0020F4E78268012A4ED82C
S3150802D5700022826083F31188BFF36F8F94F850609C
S3150802D580304611F082FA08B9042E08D1217A31B14F
S3150802D590D4F8A40000B184300222FCF737FB032337
S3150802D5A004F1840684F85030D4F88430ABBB04F115
S3150802D5B08807D4F88860CEBB2046FFF720FF642090
S3150802D5C066811CF001FA002200236061C4E9062381
S3150802D5D02046C4E90823C4E90A23C4E92666FBF7F8
S3150802D5E04DFF88B1022384F85030EFF311823023BD
S3150802D5F083F31188D4F8A430596844F8041F5C6090
S3150802D60082F31188BFF36F8F00232B60ABE783F396
S3150802D6101188BFF36F8F04209CE73046FCF7F2FBB4
S3150802D6200146D4F8A400FCF76CF9BDE73846FCF7C6
S3150802D630E9FB0146D4F8A400FCF763F9B9E710B58B
S3150802D640074C04F51D70FFF774FFFCF78DF930B12E
S3150802D6500122044B83F8D420002384F8803210BDBB
S3150802D660C0610020206F0020F0B5A0F184060223D5
S3150802D6700022314685B0054608F0D1FC2E2804461C
S3150802D68065D0002860D1284603A9FBF717FF044690
S3150802D69048B9039B2F4F28465F66FBF702FFFBF745
S3150802D6A00DFF044618B12846FFF743FF4CE0039BDB
S3150802D6B028469F65FBF7F5FEFBF700FF04460028A0
S3150802D6C0F1D1039B244A28465A67FBF7EAFEFBF781
S3150802D6D0F5FE04460028E6D1039B28469D67FBF71C
S3150802D6E0E0FE3046FBF7B4FF039E0623314641F8B7
S3150802D6F00C5BB3813461FFF711FD4FF050234FF4F1
S3150802D700003210F0400F1A6714BF7323772310F004
S3150802D710800F18BF732310F4806F18BF732310F09D
S3150802D720010F18BF782310F0080F18BF742310F0E2
S3150802D730040F18BF7223736108230C22F38128464B
S3150802D74003230096FCF753F8204605B0F0BD1224D1
S3150802D750FAE700BFF3D70208FD83020810B5436F44
S3150802D760044613B1816F007A98472046BDE81040F7
S3150802D77045E62DE9F0410546302700F114086B69A4
S3150802D7800BB9BDE8F081EFF3118187F311884046A2
S3150802D790FCF754FB034681F31188BFF36F8F90F8A9
S3150802D7A0242044691AB10021FBF72BFFE7E7827CA4
S3150802D7B001328274D4F88C2043F8302FC4F88C30A6
S3150802D7C0237C092B06D90A23204684F85030FFF712
S3150802D7D0C5FFD4E7666941F28830760066611CF0B7
S3150802D7E0F3F8864294BF66616061204612F0D0F86B
S3150802D7F0C5E7F8B5154612681E46A2F18404002943
S3150802D8007ED069683F4B99424CD13F4B94F8C5107C
S3150802D810D3F8A032B1B343BB012302260A2784F800
S3150802D820C43052F8844C3CB92C68843C2946E06FD3
S3150802D830BDE8F84011F0C8B894F85030042B0DD062
S3150802D84003D8012B0AD02468EDE7053B032BFAD847
S3150802D850204684F85070FFF781FFF4E70621204638
S3150802D86084F85060FBF7B5FDEDE74FF000524FF232
S3150802D8700F015180012B4FF000530FD04CF23C326E
S3150802D8805A8009E04FF000524FF20F015180002BE7
S3150802D890F0D140F201231380FDF7F1F840F202229B
S3150802D8A01A80F9E7194A21F0FF03934216D1204656
S3150802D8B0C9B2FBF79AFD0028B8D090F85030042B6D
S3150802D8C0B4D1002E14BF0223052380F85030C36F4B
S3150802D8D0002BA9D03146FBF77CFDA5E70C4A9342FB
S3150802D8E0A4D12046C9B2FBF780FD00289ED090F845
S3150802D8F05030073B012B99D8092380F8503093E71B
S3150802D900F8BD00BFEFBEADDEC061002000BAFECA98
S3150802D91000BAEFBE70B50D46EFF31186302383F3D6
S3150802D92011884C6904F18C00FCF788FA04F130007E
S3150802D9301CF08EF9D4F8A40029461430FBF755FEDC
S3150802D940D4F8A420044902F12C0011F05AF886F3FF
S3150802D9501188BFF36F8F70BD73D702082DE9F04F98
S3150802D96085B0EFF31188302585F311884148FCF715
S3150802D970A7FE0446DFF8049134B988F31188BFF389
S3150802D9806F8F05B0BDE8F08F23681A797F2A4FEAB0
S3150802D99092131ED8EFF3118685F31188D4F814B0C2
S3150802D9A0BBF1000F21D186F31188BFF36F8F88F37D
S3150802D9B01188BFF36F8FEFF3118885F31188B9F8D1
S3150802D9C000302C480133A9F80030FCF779FE0446EA
S3150802D9D0D2E7EFF3118685F3118867699FBB022B9D
S3150802D9E0E1D12046FBF74AFEDDE794F8247037B109
S3150802D9F0002184F824102046FBF703FED3E79BF8A0
S3150802DA00500011F042F8B8B12046FBF737FE042859
S3150802DA10C9D1DBF814100BF1300A5046CBF84C701A
S3150802DA2003911CF015F923465046CDE90077124AB0
S3150802DA3003991CF055FAB6E79BF80D2033210132FB
S3150802DA408BF80D20D7E7032BCBD1BB7B002BAAD0B3
S3150802DA5000212046B973FBF7D4FDD7F89430002B82
S3150802DA60A1D007F19400FCF7E9F90146384608F017
S3150802DA709DFB98E7F063002015D90208C0610020D3
S3150802DA8038B50D461BF070FF1BF0B0FF04462D6833
S3150802DA901BF06AFF1BF0AAFF031BAB42F8D938BD7D
S3150802DAA02DE9F7430627177014464A681E46A2F55B
S3150802DAB08053FF2B81460D46DDF8288075D805234D
S3150802DAC0D1B2638041F4805363602A7A931E012B94
S3150802DAD027D88438FBF789FC022305462372D0B17E
S3150802DAE090F85080404610F0D0FF30B10A2385F8EE
S3150802DAF050302846FFF732FE0DE0B8F1040F0AD17E
S3150802DB0009233946284685F85030FBF762FC10B9D6
S3150802DB106B7ADB06EDD463880433336003B0BDE861
S3150802DB20F083052A16D18438FBF75FFC0223237299
S3150802DB300028F0D090F85030012B01D0042BEAD1FE
S3150802DB40042380F85030052323726F4B0B43C8F821
S3150802DB500030E0E7092A21D18438FBF746FC08B9E8
S3150802DB602272D8E790F85030053B032B10D8DFE82D
S3150802DB7003F007021107082380F850302372CAE718
S3150802DB80082580F85050FAF7D9FB18B92572C2E76A
S3150802DB900923F3E7092323725C4BD7E7042363803F
S3150802DBA0002363600323A360B5E7A2F5E063FF2BB6
S3150802DBB026D84F880C2F03D00023636003235EE028
S3150802DBC0D1F80880D1F80C905148D1B2FBF70DFC78
S3150802DBD080B190F85030012B0CD12346C0E9269823
S3150802DBE041F4E06143F8041FAA685A60EA689A6039
S3150802DBF0678090E700236360082363800423D2E7E3
S3150802DC0040F203239A4272D0B2F5017F21D2602AEA
S3150802DC106AD007D8042A2FD9212A37D0002363606D
S3150802DC200D232CE0B2F5007F26D040F202239A4259
S3150802DC30F4D1042363808B681BB3012BBCD1012367
S3150802DC40344AA360C2F8A03240F202236360082372
S3150802DC5048E0B2F5C06F21D00BD840F201339A42A0
S3150802DC600AD0B2F5A06FD9D10B7A80F83830626043
S3150802DC7037E0B2F5885FD1D1002363601523A3602C
S3150802DC80E5E724496260C1F8A032F8E762600B89C9
S3150802DC90678023810B8920F8283C3CE7CB684361DF
S3150802DCA01D4B8F681B689F4218D8002500F114087F
S3150802DCB0294640F2E730194B4FF47A72D3F800C07E
S3150802DCC00023E7FB0C011AF0C3F843460146CDE9E7
S3150802DCD00055134A09F118001BF020FE4FF4C063E1
S3150802DCE063600423638016E78B68C360BFE70B7A19
S3150802DCF062600822003B628018BF01230022A260EC
S3150802DD0080F8413007E700BF00BAFECA00BAEFBE84
S3150802DD102C6F0020C061002008180020541800202B
S3150802DD2081DA020810B50B6804681C4404600B68A3
S3150802DD309C422CBF0024012443681B1943604C688B
S3150802DD40234443601068496840F100008B4238BF9B
S3150802DD500130106010BD03685B180360137843F145
S3150802DD60000313707047137810B504688C4238BFE5
S3150802DD70013B137003685B1A036010BD0023F0B5FC
S3150802DD805609056855F82340E44345F8234001330C
S3150802DD90B342F6D9002307689D0057F82340013499
S3150802DDA047F823400468013365590DB9B342F2D9DD
S3150802DDB04FF6FF73D2088380A3585B1AA350F0BDAF
S3150802DDC010F1860F13D010F1850F0BDA20F002033B
S3150802DDD093330FD010F1970F0CBF6FF06D004FF011
S3150802DDE0FF307047003818BF0120404270476FF075
S3150802DDF0710070476FF06F007047023802288CBFB7
S3150802DE000020012070474368D86B704700F19903D8
S3150802DE10142B1AD8DFE803F0171719191919191745
S3150802DE20191919191319191A150B0F0D1100084882
S3150802DE3070470848704708487047084870470848B6
S3150802DE4070470848704708487047B9E70748704757
S3150802DE5000C3FFFF80C6FFFF80C5FFFF00C1FFFFAB
S3150802DE6080C0FFFF80C1FFFF00C2FFFF80C7FFFF20
S3150802DE70022243680A70024A68334A608B60704716
S3150802DE80F4D90408023801288CBF00200120704703
S3150802DE90031F5842584170470E4B0340B3F1607F47
S3150802DEA006D1B1F5885F14BF6FF08600002070476F
S3150802DEB0B3F1707F0BD101F4E043B3F5005F06D1ED
S3150802DEC011F4E06F0CBF6FF08600002070476FF008
S3150802DED0860070470000C07F8A42F8B507460C469E
S3150802DEE000F011818C4922F4FF7323F001038B425F
S3150802DEF007D022F47F7323F0030301F500718B42E6
S3150802DF0028D1864B24F0FF0199420FD114F0FF0065
S3150802DF100BD0834B40F00070984240F0F68082EABC
S3150802DF200400FF288CBF00200120F8BD7D4B9942D2
S3150802DF30ECD0A3F588539942E8D024F4FF7323F072
S3150802DF400103B3F1062FE1D077488142DED0774943
S3150802DF508B42DBD004F0FE43B3F1A06F14D102F07A
S3150802DF60FE43B3F1A06F40F0D08082EA040333F493
S3150802DF707E1340F0CA8014F40040D6D0C4F305409C
S3150802DF80C2F305429042CDE7B3F1407F40F0A78045
S3150802DF9002F0FE43B3F1407F40F0B78082EA0405FF
S3150802DFA035F47E1540F0B18039462046FFF774FFF6
S3150802DFB0002840F0AA805E4B12F47C1603EA02039C
S3150802DFC019D0B3F1607FC2F3054673D15949D3B26A
S3150802DFD043F000738B4276D003F17E43043B0F2B4A
S3150802DFE056D8DFE803F0545455705F6163655F6184
S3150802DFF055555F616365B3F1607F35D14D49D3B23B
S3150802E00043F000738B4200F0828003F17E43043BA7
S3150802E0100F2BDBD801A151F823F000BF8BE00208D1
S3150802E0208BE00208CDDF02080FE102085DE0020874
S3150802E03013E1020861E0020865E002085DE00208F1
S3150802E04013E10208CDDF0208CDDF02085DE002080F
S3150802E05013E1020861E0020865E002081C26B5E73A
S3150802E0603026B3E74026B1E7B3F1707F10D107F443
S3150802E070E043B3F5005F0BD10126C7F302239E40A6
S3150802E0800125C7F302218D4002E014269EE71425D6
S3150802E09014F47C1FC4F3054317D1B54214BF0020FC
S3150802E0A0012042E71C25F3E72025F1E73025EFE7B3
S3150802E0B04025EDE7B3F1707FEAD107F4E043B3F503
S3150802E0C0005FE5D1DCE71025E2E712F47C1F01D1F7
S3150802E0D0AB4218D022047FF528AFB34222E7B3F148
S3150802E0E0106F12D124F01F6020F4702068B902F074
S3150802E0F0FE43B3F1106F7FF418AF0F48104040F09B
S3150802E1001060A042CAE701200FE700200DE710269B
S3150802E1105CE720265AE700BF000200060003000655
S3150802E120FF000002001300060009000600040006AC
S3150802E1300000C07F030000020000FFF6037E022BE8
S3150802E14006D1C3695A1C03D00133C3610020704744
S3150802E1506FF09600704700232DE9F3410C2105461E
S3150802E1600193E1F745FC0646002857D12C6801AA17
S3150802E170204604F11801EF88FFF7D4FD29682046E6
S3150802E1802831FFF7CFFD0199A36804F108085B1847
S3150802E190A3602CBF01230023E16840465B18E360B5
S3150802E1A02CBF01230023296801931831FFF7BAFD12
S3150802E1B0296840462031FFF7B5FD296840462831CF
S3150802E1C0FFF7B0FD0199236904F110085B18236172
S3150802E1D02CBF01230023616940465B1863612CBF8B
S3150802E1E001230023296801932031FFF79BFD296843
S3150802E1F0404604EB87072831FFF794FD019B3A1B3B
S3150802E200193AA36122F0030204F119039F4238BFA7
S3150802E2100022314604F11C001AF00BF8304602B00F
S3150802E220BDE8F081002373B50F2104468DF803304B
S3150802E230E1F7DEFB0546002840F0BA8026680DF1B4
S3150802E24003023368F16901A80193FFF78CFDF16AAD
S3150802E250FFF789FD019B9DF90310336026680029A3
S3150802E26073688DF80350019380F2A5804942FFF73F
S3150802E2707AFD316A0DF1030201A8FFF774FD316BCD
S3150802E280FFF771FD019B9DF9031073602668B36859
S3150802E2900193002399428DF8033080F28F80494218
S3150802E2A0FFF761FD716A0DF1030201A8FFF75BFD35
S3150802E2B0716BFFF758FD019B9DF90310B360266841
S3150802E2C0F3680193002399428DF8033079DA4942BB
S3150802E2D0FFF749FDB16A0DF1030201A8FFF743FDF5
S3150802E2E0F169FFF738FDF16AFFF735FD019B9DF9E4
S3150802E2F00310F360266833690193002399428DF867
S3150802E300033061DA4942FFF72EFDF16A0DF1030285
S3150802E31001A8FFF728FD316AFFF71DFD316BFFF7EC
S3150802E3201AFD019B9DF903103361266873690193EF
S3150802E330002399428DF8033049DA4942FFF713FD63
S3150802E340316B0DF1030201A8FFF70DFD716AFFF7A4
S3150802E35002FD716BFFF7FFFC019B9DF903107361C8
S3150802E3602668B3690193002399428DF8033031DA9E
S3150802E3704942FFF7F8FC0DF1030201A8716BFFF79A
S3150802E380F2FCB16AFFF7E7FC019B9DF90310B36142
S3150802E390236821EAE172DA6100200723E288013361
S3150802E3A09A421AD8002903DAE0222046FFF7E6FC49
S3150802E3B0284602B070BDFFF7CEFC5AE7FFF7CBFC42
S3150802E3C070E7FFF7C8FC85E7FFF7C5FC9DE7FFF78F
S3150802E3D0C2FCB5E7FFF7BFFCCDE7226842F8230087
S3150802E3E0DCE70023F7B5112104468DF80330E1F77F
S3150802E3F0FFFA0646002840F0398125680DF1030226
S3150802E4002B6801A8296A0193FFF7A5FC696AFFF739
S3150802E410A2FCE96AFFF7A7FC296BFFF7A4FC696B64
S3150802E420FFF7A1FCA96BFFF79EFC019B9DF9031060
S3150802E4302B60256800296B688DF80360019380F2CA
S3150802E44018814942FFF78FFC0DF1030201A8696A98
S3150802E450FFF781FCA96AFFF77EFC296BFFF783FCAD
S3150802E460696BFFF780FCA96BFFF77DFCE96BFFF789
S3150802E4707AFC019B9DF903106B602568AB680193D2
S3150802E480002399428DF8033080F2F6804942FFF75D
S3150802E4906AFC0DF1030201A8A96AFFF75CFCE96AA6
S3150802E4A0FFF759FC696BFFF75EFCA96BFFF75BFC8C
S3150802E4B0E96BFFF758FC019B9DF90310AB602568D1
S3150802E4C0EB680193002399428DF8033080F2D780D6
S3150802E4D04942FFF748FC0DF1030201A8E96AFFF772
S3150802E4E03AFCFFF738FC296BFFF735FCFFF733FCDC
S3150802E4F0696BFFF730FCE96BFFF735FC296AFFF712
S3150802E50032FC696AFFF72FFC019B9DF90310EB6049
S3150802E51025682B690193002399428DF8033080F20E
S3150802E520B1804942FFF71FFC0DF1030201A8296BCE
S3150802E530FFF711FCFFF70FFC696BFFF70CFCFFF7FF
S3150802E5400AFCA96BFFF707FC696AFFF70CFCA96AC4
S3150802E550FFF709FC019B9DF903102B6125686B697E
S3150802E5600193002399428DF8033080F28E80494246
S3150802E570FFF7F9FB0DF1030201A8696BFFF7EBFB45
S3150802E580FFF7E9FBA96BFFF7E6FBFFF7E4FBE96B8D
S3150802E590FFF7E1FBA96AFFF7E6FBE96AFFF7E3FB88
S3150802E5A0019B9DF903106B612568AB6901930023F2
S3150802E5B099428DF803306BDA4942FFF7D4FBAF6B09
S3150802E5C00DF1030201A83946FFF7C5FBFFF7C3FBA6
S3150802E5D0E96BFFF7C0FBFFF7BEFB3946FFF7BBFB4C
S3150802E5E0696BFFF7B8FB296AFFF7BDFB696AFFF794
S3150802E5F0BAFB019B9DF90310AB612568EB69019390
S3150802E600002399428DF8033045DA4942FFF7ABFBFE
S3150802E6100DF1030201A8E96BFFF79DFBFFF79BFBD0
S3150802E620FFF799FB296AFFF796FBA96AFFF79BFB97
S3150802E630E96AFFF798FB296BFFF795FB696BFFF70A
S3150802E64092FB019B9DF90310EB61236821EAE172B3
S3150802E6501A6200200823E28801339A421ED800294A
S3150802E66004DA4FF480722046FFF788FB304603B07F
S3150802E670F0BDFFF770FBE7E6FFF76DFB09E7FFF76B
S3150802E6806AFB28E7FFF767FB4EE7FFF764FB71E7CC
S3150802E690FFF761FB93E7FFF75EFBB9E7226842F8EB
S3150802E6A02300D8E7F0B5C4880546082C8BB017D9DD
S3150802E6B0083C082C17D80668A70020363A46314681
S3150802E6C002A819F0D5FF3A460021304619F0B1FDE5
S3150802E6D02623009309212346286802AA0FF0E6FF9B
S3150802E6E000200BB0F0BD0148FBE700BF80B0FFFF7A
S3150802E6F010B5036804462BB1054A934205D1043086
S3150802E700DFF734F80020206010BD6FF08800FBE7C1
S3150802E7100900000210B50446E2F752FD2046BDE89C
S3150802E7201040FEF749BD2DE9F341064617461D4638
S3150802E7300190014402236A4601A8E1F77BF818B959
S3150802E740009B23B96FF0670002B0BDE8F081019A19
S3150802E75092F9000011780028F4DB71B1DDF8008027
S3150802E760A845EFD8019CA5EB080021464246384445
S3150802E770444419F07DFFA01BE6E7511C013B0191B9
S3150802E7800093002BEAD05378002BE7D1DAE737B5A6
S3150802E7900C461546027832B15A1BA2420ADA6FF0C3
S3150802E7A06B0003B030BD013C00F10100F2D16FF0FD
S3150802E7B06700F6E71B1B224601461846019319F025
S3150802E7C057FF90F90020002A08DA421B002AE6DDE4
S3150802E7D0421E01920022013400F8012C22462946E3
S3150802E7E001A8E1F73AF80028DBDB019B20445D1B10
S3150802E7F0002DD4DD0222013003F8012CD1E710B531
S3150802E80080210120FEF7E6FD044608B1E2F797FCEF
S3150802E810204610BD13B500216A460446DEF7F2FE0D
S3150802E8208C3002D1002002B010BD00212046DEF74E
S3150802E83008FF014610B16FF09800F4E76A462046D1
S3150802E840DEF7E0FE8C30EDD0F5E72DE9F043CDB0EA
S3150802E8500C46914698460746549E569D002800F057
S3150802E860FC80002900F0F980002A00F0F680002BCF
S3150802E87000F0F380002E00F0F0802DB96FF09404BA
S3150802E88020464DB0BDE8F0832822002120A819F0C1
S3150802E890D0FC2022002110A819F0CBFC21464A46BA
S3150802E8A0384610ABDEF7B4FF04460028E8D17B8869
S3150802E8B0DA1DD208B5EB420FE0D13F8807F44F4282
S3150802E8C0B2F5824F40F0CC80FAB2122A40F0C880E4
S3150802E8D023F02002C02A03D0B3F5807F40F0C0801F
S3150802E8E04FF00009842249462BA827F0FF07CDF8E6
S3150802E8F0A89019F09EFCB7F5E24F2FD118AF0DF18B
S3150802E900400CBCE80F000FC79CE80F0087E80F0011
S3150802E9101A9B20A823F0407323F4804343F4005340
S3150802E920CDE91A392AAB1C9388231D931BF03CFCAC
S3150802E930C0B918AA10A920A8E0F7C9FD074620A859
S3150802E9401BF032FC07430DD10DF1400C18AF0FCF67
S3150802E950ACE80F0097E80F008CE80F0020A81BF020
S3150802E96023FC10B16FF092048AE7129B9B045FD5D1
S3150802E970109B3D4903F070423C4B18AFB2F1404F31
S3150802E98008BF0B462290CDE920302890394610A8B8
S3150802E990DFF7E0F8002847D1189920A81BF00BFCEE
S3150802E9A0314620A81BF007FC01A910A8DFF7ABF92E
S3150802E9B0002839D101A920A8DFF7E2F904A910A88D
S3150802E9C0DFF7B8F980BB04A920A8DFF7D9F94FF019
S3150802E9D0010C46F00056CDF834800DABCDF838C0A0
S3150802E9E00F9693E80700559B07AE86E8070018932B
S3150802E9F0109B45F0005503F07043CDF864C0B3F19F
S3150802EA00404F1A950AAD97E8070085E8070018D11E
S3150802EA10294620A8DFF7B4F9314620A8DFF7B0F96E
S3150802EA2020A81BF077F828B12C2810D0012811D07D
S3150802EA306FF0920420A81BF0B7FB00283FF420AF22
S3150802EA4090E7314620A8DFF79BF92946E5E76FF0FC
S3150802EA509404EFE76FF08B04ECE76FF086040FE798
S3150802EA606FF085040CE700BF0000030600000106EC
S3150802EA702DE9F0430E460546012189B006F110003C
S3150802EA80E1F7A6FA0446002840F0DF802846E2F7B6
S3150802EA902AFB022880465DD13046E1F731F92B6C14
S3150802EAA007300733C008B0EBD30F00F2CE802146F9
S3150802EAB03046E1F78DFA0028C0F2C78001233146B5
S3150802EAC004A804942F780593E1F76AF80446B0B9C6
S3150802EAD00435294604A8E1F733FA002807DA0121A2
S3150802EAE004A8E1F775FA002810DC5A4C07E004A9D5
S3150802EAF02A460846E1F770FB04460028E9D004A82E
S3150802EB00E0F768FF204609B0BDE8F083092F0BD16C
S3150802EB10514904A8E1F714FA0028E6D04F4904A897
S3150802EB20E1F70EFA0028E0D0012302934FF0011311
S3150802EB3004A90793084602AB06AA0693E1F74AFB1D
S3150802EB4004460028DBD1294604A8E1F7F9F900288A
S3150802EB50D5D1CAE701287AD121463046E1F738FAF3
S3150802EB60002872DB06F1080921464846E1F730FA21
S3150802EB7000286ADB2F1D39463046E1F7E1F90028FD
S3150802EB8063DA39464846E1F7DBF900285DDA4B468F
S3150802EB904A46284602A9CDE90248CDE90448E2F7E1
S3150802EBA00BFC044600284CD133463246284604A9B3
S3150802EBB0E2F702FC0446002843D1EB68002B36D163
S3150802EBC0032301934FF0011304A90793084601ABE7
S3150802EBD006AA0693E1F700FB044690BBBDF914307A
S3150802EBE0002B04DA002104A8E1F7F2F9C8B904AA4D
S3150802EBF0334611462846E2F7DFFB044608BB04AA59
S3150802EC001146284605F11403E2F742FC0446C0B948
S3150802EC1004A902A8E1F794F90E4B041E18BF1C4674
S3150802EC200FE004A93A460846E1F7D4FAD4E704AA5B
S3150802EC301146284605F10C03E2F72AFC0446002889
S3150802EC40D5D002A8E0F7C6FE59E7024C5AE7044CAB
S3150802EC5058E700BF80B3FFFF2CDA040834DA040849
S3150802EC6080B0FFFF2DE9F0434FF000084FF001098D
S3150802EC7085B007460D461046414614461E46CDE95E
S3150802EC800289E1F7A5F980B931463846FFF7F0FE61
S3150802EC90044618B92846E2F705FB044602A8E0F737
S3150802ECA099FE204605B0BDE8F08349462046E1F7BD
S3150802ECB08FF958B931463846FFF7DAFE0446002876
S3150802ECC0ECD131462846E2F78AFAE6E74FF0FF31F9
S3150802ECD02046E1F77DF918BB31463846FFF7C8FEEC
S3150802ECE004460028DAD131462846E2F778FA04467D
S3150802ECF00028D3D1083501462846E1F769F92A469C
S3150802ED000646391D02A8E1F767FA04460028C5D166
S3150802ED10321E18BF0122284602A9E0F78CFEBCE77C
S3150802ED203346224629463846CDF800800CF074FD53
S3150802ED30B3E7F8B507460D46E2F7D5F902280646BF
S3150802ED401DD100212846E0F7A4FF60BB0121284611
S3150802ED50E0F79FFF044630BB2846E0F7D1FF3B6C3D
S3150802ED605A1C90421FD1FE2B07D131462846E0F79E
S3150802ED7090FF0E4B041E18BF1C462046F8BD0128FC
S3150802ED800FD101462846E1F723F900280BDB28466E
S3150802ED9007F13401E1F7D4F80028044CB8BF00247F
S3150802EDA0EBE7034CE9E7014CE7E700BF80B3FFFF57
S3150802EDB080B0FFFF2DE9F74306460C469046994672
S3150802EDC0E2F791F9022805463CD1366C2046F70847
S3150802EDD0013717F0030118BF012101EB9701E0F78C
S3150802EDE0C5FE024600283ED1CDF800903A46434673
S3150802EDF0E1882068E1F7E9FD0246A0BBC6EBC70138
S3150802EE0020460139E1F793F8024660BB01223146F2
S3150802EE102046E0F74EFF024628BB01462046E0F7A9
S3150802EE2048FF0246F8B901212046E0F742FF0246AA
S3150802EE30C8B9FE2E17D12946204603B0BDE8F043CD
S3150802EE40E0F737BF012812D14346014606F13402DC
S3150802EE502046CDF80090E1F7E8FD064B10F10E0FBB
S3150802EE6014BF02461A46104603B0BDE8F083024AAA
S3150802EE70F9E700BF00B3FFFF80B0FFFFF8B5066CE5
S3150802EE8004460736B3EBD60F15464FEAD60703D222
S3150802EE90002311480B60F8BD0F60B0F86630ABB1BD
S3150802EEA0E2F721F9022807D13A46294604F1600019
S3150802EEB0BDE8F840E0F788BF012809D13A46294655
S3150802EEC004F16000BDE8F840E0F7B1BF0348E2E7A5
S3150802EED06FF06D00DFE700BF00B1FFFF80B0FFFFF4
S3150802EEE038B50C46051D29462046E1F729F80028BB
S3150802EEF001DA002006E02A4621462046E1F780F894
S3150802EF000028F0D038BD10B50446E0F763FD04F1D9
S3150802EF100800E0F75FFD04F11000BDE81040E0F7D5
S3150802EF2059BD7FB504460D46E2F71AF92046E2F7BF
S3150802EF30ECF82570013D082D00F2BE80DFE805F0E9
S3150802EF4005324EBCBCBCBCBC69005D4B5D4AA364C1
S3150802EF505D4BA260A261A2632262A26203F1600211
S3150802EF6062624FF0011203F11801616103F1300187
S3150802EF70616303F148016360E16122637833E36206
S3150802EF80201DE0F7BDFEE06304F13400E0F7B8FEA9
S3150802EF90012363640023C4E9163320640025284646
S3150802EFA004B070BD494B4A4AA3644A4BA261A360A6
S3150802EFB0494BA2632262A26203F1740262624FF0B3
S3150802EFC0011203F12001616103F13C01616303F15E
S3150802EFD058016360E1612263043BD0E73F4B3D4A37
S3150802EFE0A3643F4BA260A261A2632262A26203F1FA
S3150802EFF0800262624FF0011203F12001616103F19E
S3150802F0004001616303F160016360E1612263943B3D
S3150802F010B5E7344B3449A36404F10C00E0F7F5FD77
S3150802F0200546002844D1261D01213046E0F7EDFDAC
S3150802F030054600283CD1FF213046E0F72CFF05465D
S3150802F040B0BB132301934FF00113314603933046A5
S3150802F05001AB02AA0293E1F7BFF8054640BB304668
S3150802F060E0F74EFE04F13406E063102230461F49EB
S3150802F070E0F77CFE0546D8B90122FC213046E0F7C6
S3150802F08018FE0546A0B9092104F11C00E0F7BDFDEA
S3150802F090054668B9012104F12C00E0F7B6FD0546DC
S3150802F0A030B904F12400E0F795FCFE23236475E7E2
S3150802F0B02046E2F755F872E700230D4D23706EE7F6
S3150802F0C057E10208010006003CDA040825E20208B4
S3150802F0D00100070001000800B8DA0408E3E30208A1
S3150802F0E048DB0408A5E6020842DB0100E8DB04085F
S3150802F0F080B1FFFF2DE9F3410C460746014620463B
S3150802F10016461D46FFF70DFF0246002847D1204640
S3150802F110E1F7E9FF0228804603D0012863D0384A7E
S3150802F12037E0092F3FD1202D67D104F160072A461F
S3150802F13031463846E0F7E8FD024650BB01463846F6
S3150802F140E0F7B7FD024620BB01213846E0F7B1FDDC
S3150802F1500246F0B941463846E0F7ABFD0246C0B969
S3150802F160FF213846E0F7A5FD024690B90122FE21A5
S3150802F1703846E0F79EFD024658B92046E1F7B3FF46
S3150802F180012830D0204604F16001FFF7D2FD02467D
S3150802F19028B104F160000192E0F71CFC019A1046BE
S3150802F1A002B0BDE8F0810D2FB9D1382D25D104F171
S3150802F1B060072A4631463846E0F7A6FD0246002889
S3150802F1C0E7D101463846E0F774FD02460028E0D149
S3150802F1D001213846E0F76DFD02460028D9D1012201
S3150802F1E040F2BF11C4E72A46314604F16000E0F74F
S3150802F1F0BDFD02460028C5D0CBE7024ACFE700BFCD
S3150802F20080B1FFFF80B3FFFF38B504460D4669B1EA
S3150802F21003685BB94B6A13B90020256038BD984765
S3150802F22060600028F8D1A0F57E50F7E70048F5E7B8
S3150802F23080C1FFFFF0B50446A5B000F11007902281
S3150802F2400D466846394619F013FA94E80F00E9F7AD
S3150802F250C3FB902239460646684619F009FA94E82D
S3150802F2600F00E9F7B9FB03780BB1AB4205D1294682
S3150802F270304625B0BDE8F04053E6014825B0F0BD5A
S3150802F28000C3FFFF70B50446A4B00D46164600F14A
S3150802F29010019022684619F0EBF994E80F00E9F795
S3150802F2A09BFB334601462A460078FFF723FF08B13F
S3150802F2B0A0F5745024B070BD70B503680546062BD8
S3150802F2C00E4610D00B4870BD6B6862689A4203D12D
S3150802F2D0A9681AF092F940B1143420680028F3D1CB
S3150802F2E0A0F56850EFE7044CF7E73046217CBDE805
S3150802F2F070409FE780B1FFFFF8DB040810B5034BA7
S3150802F3000A461B6800210446984710BD547000201F
S3150802F31010B5044610B109B1FFF7F0FF2046BDE863
S3150802F3201040FDF749BF10B50446006810B1616880
S3150802F330FFF7EEFFA068FDF73FFF2046BDE8104045
S3150802F3400C21DBE710B5036804461BB19B6A0BB1B7
S3150802F350406898472046BDE81040A021CEE74342C0
S3150802F36013F07F031CD05F2BC3F1000000F3B480B7
S3150802F37010F10E0F31DA10F13B0FC0F2DB8010F1FB
S3150802F380100F00F0F28010F10F0F00F0898010F1D3
S3150802F390210F1FD010F1200F67D010F1220FBBE00A
S3150802F3A010F56E5F00F0D88000F3938010F59C4F3D
S3150802F3B076D05DDC10F5C44F00F0C58031DC10F55F
S3150802F3C0C74F00F0C3803FDB10F5C64F68D010F573
S3150802F3D0C54F39D16FF086007047012300F10E023E
S3150802F3E0934040F217521342F4D100283FD010F14D
S3150802F3F0080F08BF6FF0890018BF6FF083007047C7
S3150802F400012300F16C02934041F250521342E1D1BA
S3150802F410DB0700F1A78010F16A0F08BF6FF08C00B6
S3150802F420EAE710F5A24FD5D011DC10F5C14F1CD072
S3150802F43006DC10F5C34F00F0988010F5C24FC8E7F6
S3150802F44010F5A34F00F091806FF08300704710F516
S3150802F4509E4F00F0878005DC10F5A14F05D010F508
S3150802F4609F4FB6E710F59D4FEED16FF085007047B6
S3150802F47010F5785F6DD01EDC10F5994FAAD008DC1E
S3150802F48010F59B4F71D010F59A4FDDD16FF09300AE
S3150802F490704710F57E5F68D005DC10F5984FD3D11A
S3150802F4A06FF09400704720F0800010F57C5F08BF6B
S3150802F4B06FF08600A0E710F5705F4DD0C4DC10F53A
S3150802F4C0725FD2D0C0DC10F5765F83D010F5745F18
S3150802F4D07FE710F15F0F29DA10F16C0F90DA10F15D
S3150802F4E0700F3CD010F16F0F1ADA10F5645FD7D09F
S3150802F4F00DDC10F5685FB8D006DC10F56C5F3FF4DA
S3150802F50069AF10F56A5FAFE710F5665FACE710F50D
S3150802F510625F27D010F1720F08BF6FF085006BE7A4
S3150802F52010F16E0F08BF6FF0960065E700287FF7A7
S3150802F5301FAF89E710F13D0FA8DA10F1400F08BF97
S3150802F5406FF0930058E76FF0950070476FF09600DA
S3150802F55070476FF0910070476FF0840070476FF044
S3150802F560920070476FF0890070476FF08C00704701
S3150802F5702DE9F74305460E4600F168090021783061
S3150802F58017469846E0F724FD80B133464246494677
S3150802F590284600970CF0E8F8FFF7E1FE0446A0B10A
S3150802F5A03A460021304618F044FE0EE0094B05F1B2
S3150802F5B060020093494605F11C0328460CF02CF913
S3150802F5C0FFF7CDFE04460028DFD0204603B0BDE88B
S3150802F5D0F08300BF65FF020870B5036805460C464E
S3150802F5E00BBB124B994214D1061D3046DEF7BEF804
S3150802F5F021463046DEF78FF80BF06CFA064620B93C
S3150802F6002C603046BDE87040A9E62846FFF770F838
S3150802F610F7E701F0FE44B4F1007F14BF6FF08600ED
S3150802F6206FF0850070BD6FF08800FBE709000002E5
S3150802F6302DE9F34114461D460378394A43F000730F
S3150802F6409342074688462C6006D1002C62D16FF099
S3150802F650890002B0BDE8F08103F17E43043B0F2B1B
S3150802F66022D801A252F823F0FFF60208FFF6020892
S3150802F670A9F602084BF60208F7F60208EFF60208A0
S3150802F680E7F60208DFF60208F7F60208EFF60208BE
S3150802F690A9F60208A9F60208F7F60208EFF6020822
S3150802F6A0E7F60208DFF6020824B12246212140467F
S3150802F6B018F0BFFD00263A681A4B9A422CD100234D
S3150802F6C0202241460193381D01AB0BF0B1F80BF02D
S3150802F6D001FAFFF744FE0028BBD12E60B9E7002CD9
S3150802F6E0B5D040260EE0002CB1D030260AE0002C18
S3150802F6F0ADD0202606E0002CA9D01C2602E0002C5C
S3150802F700A5D0142622462121404618F092FDB4427D
S3150802F710D1D29CE71026F5E76FF0880099E700BF7B
S3150802F72003000002090000022DE9F047BAB0DDE93C
S3150802F7304267CDE900678246884691461D46DFF74D
S3150802F74029F810F1860F04460ED1DC22002103A8FF
S3150802F75018F06FFD51463E6003A8FFF73DFF0446C9
S3150802F76030B103A8FEF7C4FF20463AB0BDE8F087D9
S3150802F770124B039A9A4206D003A8FEF7B9FF6FF016
S3150802F78088052C46F0E74A46414604A8DFF79EFA62
S3150802F7900BF0A0F9FFF7E3FD04460028E1D129465C
S3150802F7A03B46324603A8FFF743FF054603A8FEF782
S3150802F7B09FFF0446002DD7D0E3E700BF09000002E9
S3150802F7C041F2052398421AD8B0F5905F09D241F260
S3150802F7D0010398420CD0B0F5885F09D06FF0850016
S3150802F7E070472923A0F5905080B2C340DB07F5D5B0
S3150802F7F011F0070F0CBF00206FF086007047B0F5B6
S3150802F800105FEBD121F04003802B06D0B1F5807F43
S3150802F8100CBF00206FF0860070470020704770B555
S3150802F820046A05460E463CB90120FDF7D3FD286257
S3150802F83028B120466E6270BD6FF08A00FBE76FF052
S3150802F8408C00F8E79142F8B506460C4600F01D8191
S3150802F85021F0FF00B24988420CD122F0FF0383420D
S3150802F8603CD114F0FF0334D0AE4943F000738B4207
S3150802F8702FD10AE1AC4DA84216D0AC4B98420DD016
S3150802F88024F4FF7323F00103B3F1062F06D0A84F21
S3150802F890B84203D0A7F5A067BB4267D122F0FF039F
S3150802F8A08B422DD10022F0E022F0FF038B42F9D0E1
S3150802F8B0834227D184EA0203FF2BF3D89A4B984254
S3150802F8C000F0FE809949884240F04C8114F0FF010D
S3150802F8D00FD112F0FF0340F0E1801EE192498B42FC
S3150802F8E010D184EA0201FF29DCD814F0FF0100F0E6
S3150802F8F0DC808C4841F00071814240F0EA80C4E025
S3150802F900AB42D6E7894DAB4200F09B8022F4FF71E9
S3150802F91021F00101B1F1062F06D0854FBB424AD02C
S3150802F92005F50075A94221D184EA0201FF29B9D851
S3150802F9307B4D24F4875121F01F01A94240F00E8124
S3150802F94014F0FF01D5D179498B4200F0DD8022F40B
S3150802F950FF7121F00101B1F1062F00F0D58074483C
S3150802F960834200F0D180734B9942B2D004F0FE452F
S3150802F970B5F1A06F2AD102F0FE43B3F1A06F91D17F
S3150802F98084EA020333F47E138CD12504C4F30543B7
S3150802F990C2F3054002F4004140F1F280002900F06A
S3150802F9A0EB80834238BF034624F47E1242EA0342BE
S3150802F9B042F4004269E084EA0201FF2940F2998092
S3150802F9C004F0FE45B5F1A06F3FF46CAFB5F1407F88
S3150802F9D07FF468AF02F0FE43B3F1407F7FF462AF73
S3150802F9E084EA020333F47E157FF45CAF314620467F
S3150802F9F0FEF752FA00287FF455AF14F47C1300F090
S3150802FA00C780C4F3054312F47C1504F4004C02F4CF
S3150802FA10004700F00C81C2F30540BCF1000F00F06C
S3150802FA204F810546002F00F047819D4238BF1D468B
S3150802FA302D0405F47C1524F47E142C4344F4004268
S3150802FA4023E084EA0201FF29BAD8354988421ED042
S3150802FA5001F5805188420FD0984240F0838014F015
S3150802FA60FF017FF446AF31498B424DD112F0FF03B5
S3150802FA7014D104F0FE45A9E714F0FF033FF429AFB9
S3150802FA80284943F000738B4204D11046F8BD14F09E
S3150802FA90FF03F5D112F0FF033FF404AF214943F007
S3150802FAA000738B427FF462AF08E012F0FF02ECD0DB
S3150802FAB01C4B42F000729A427FF4F4AE2246E4E707
S3150802FAC014F0FF030AD0174943F000738B42DCD0C7
S3150802FAD0034615498B427FF436AF15E012F0FF0252
S3150802FAE0D3D0104B42F0007199420CBF2246002235
S3150802FAF0CBE70B4988421FD114F0FF0304D009490A
S3150802FB0043F000738B42C0D012F0FF03C6D104F053
S3150802FB10FE45B5F1A06F7FF459AF1A46B5E700BFA7
S3150802FB2000030006FF00000200130006000200069A
S3150802FB30000900060004000663498842DCD0A84290
S3150802FB408DD0624D24F47F7121F00301A94201D0C0
S3150802FB509842BED114F0FF01BBD0CAE65C4988427E
S3150802FB603FF4EEAE594D24F47F7121F00301A94208
S3150802FB70F0D058498842ECE7834288BF002284E7DE
S3150802FB8000293FF48FAE83422CBF224600227CE72F
S3150802FB9051492140B1F1607F38D15048E1B241F074
S3150802FBA00071814241D001F17E4104390F293FF6A5
S3150802FBB02AAF01A050F821F0FDFB0208FDFB02085E
S3150802FBC007FA02082BFC0208F9FB020801FC0208E4
S3150802FBD005FC020809FC0208F9FB020801FC0208F6
S3150802FBE007FA020807FA0208F9FB020801FC0208EA
S3150802FBF005FC020809FC02081C2304E7142302E791
S3150802FC00202300E73023FEE64023FCE6B1F1707FAD
S3150802FC107FF4F9AE06F4E041B1F5005F7FF4F3AE86
S3150802FC200123C6F302218B40EDE61023EBE62A49AF
S3150802FC301140B1F1607F1ED12848D1B241F000715E
S3150802FC40814237D001F17E4104390F2916D8DFE8FF
S3150802FC5001F00A0A1531080C0E10080C1515080CC5
S3150802FC600E101C20D9E61420D7E62020D5E630202F
S3150802FC70D3E64020D1E6B1F1707F11D03846BCF107
S3150802FC80000F7FF4CFAE002F7FF418AF83427FF4C4
S3150802FC9009AE1B0403F47C1324F47E121A43F4E619
S3150802FCA006F4E041B1F5005FE8D10120C6F3022669
S3150802FCB0B040B2E61020B0E6AB4288BF0022E4E6C6
S3150802FCC0002FE3D05FE700BF00130006000400061A
S3150802FCD000020006000900060000C07F03000002B9
S3150802FCE038B50446006A10B1616AFFF711FB237E34
S3150802FCF0012B0FD0023B012B0FD8E369012B0CBF56
S3150802FD0000256FF0960528220021204618F091FA60
S3150802FD10284638BDE369002BF1E76FF09605F2E74E
S3150802FD2010B50446006838B1012806D0042808D060
S3150802FD306FF088000023236010BD201DFEF7D8FC53
S3150802FD40F8E7201DDDF712FDF4E710B50446F0B119
S3150802FD500368E3B1806838B12279012A11D1FFF725
S3150802FD60DFFFA068FDF728FAE06820B123689978D2
S3150802FD704900FFF7CDFA2046BDE810401021FFF7EB
S3150802FD80BDBA1B78092BECD1DDF7F0FCE9E710BD0B
S3150802FD90F8B50E4601680546F9B906F0FE43B3F111
S3150802FDA0007F20D1071DDC22384618F042FA314678
S3150802FDB03846DDF7B0FC044668B110F1860F0ED15D
S3150802FDC031463846FFF708FC044640B901230024A9
S3150802FDD02B602046F8BD0423F9E76FF0880428460D
S3150802FDE0FFF79EFFF5E76FF08604F8E738B5054694
S3150802FDF02B683BB112B90024204638BD012B04D02A
S3150802FE00042B15D06FF088040EE068680A4B9842F6
S3150802FE10F8D105F10800DEF759FF0AF05BFEFFF795
S3150802FE209EFA04460028E6D02846FFF779FFE3E75C
S3150802FE30281DDEF74BFFF4E70900000238B5002457
S3150802FE401C600546006898B1012808D004280BD022
S3150802FE506FF088042846FFF763FF204638BD281D41
S3150802FE60FFF7E6FB0446F5E7281D0AF0E1FCF9E789
S3150802FE706FF08804F1E72DE9F041384B04465A78C9
S3150802FE800E46022A98B066D11B78072B63D10EA8B4
S3150802FE901AF08AF9054648BB01906EB334B336F0B8
S3150802FEA0030706F0030824D04FF0E063CDE90E30CD
S3150802FEB001230B940C9347F000530D930BAA05AB41
S3150802FEC01090169007CA83E8070019460EA81AF07A
S3150802FED07BF90EA839461AF06EF90EA819F01AFE21
S3150802FEE038B13A462946204618F0A3F96FF092002F
S3150802FEF003E0B8F1000F03D1002018B0BDE8F08185
S3150802FF0000254FF0E063CDE90E3501AB08930123D6
S3150802FF100993134B08AA0A9302AB07CA83E8070098
S3150802FF2019460EA8109516951AF04EF90EA8042130
S3150802FF301AF041F90EA819F0EDFD08B13246D1E7DB
S3150802FF40019A3C44C300013022FA03F3804504F8BF
S3150802FF50013BF7D1D0E76FF08800CEE79443002043
S3150802FF6004000020084608B51146FFF784FF00285A
S3150802FF7018BF6FF03B0008BD10B5174C627823789E
S3150802FF80022A0DD1072B1AD0D9070BD5980713D4F5
S3150802FF900120124943F0020381F84803237007E05F
S3150802FFA0D90702D443F00103237023789807EFD5C3
S3150802FFB012B92378D90704D423785A0707D500201B
S3150802FFC010BD0748DCF7E2FF02236370F4E743F04B
S3150802FFD004032370F3E700BF944300204065002022
S3150802FFE09843002070B542680588120A438806D0ED
S3150802FFF0012A56D000236FF086000B6022E005F432
S31508030000E042B2F5805F02D0B2F5005F05D107334F
S31508030010DB0840D16FF0850014E005F44F42B2F5D2
S31508030020844F03D10733DB080AD1F3E747F201020A
S31508030030954208D15B080133DB0803EBC3033B3363
S3150803004000200B6070BD44F20102954202D1DB0821
S315080300501033F5E747F20202954204D1DB0803EBB6
S3150803006043035A33ECE744F20202954204D1DB0810
S3150803007003EB43034A33E3E725F0FF05B5F5E24F00
S31508030080D0D0B5F5824FC5D10733DB085B00013302
S31508030090012BD5D1BEE725F0FF05B5F5824FCFD1A4
S315080300A0F6E705F4E046DC1DB6F5805F25F0FF00AC
S315080300B04FEAD40202D0B6F5005F06D1002A4DD026
S315080300C0B0F5824F07D1134643E005F44F46B6F51C
S315080300D0844F05D1C2B3D31C23F003032C33AFE7F4
S315080300E047F20106B54210D15B080133DB0803EB7F
S315080300F0C3033B330333920723F0030301D1072CCE
S31508030100ECD1B0F5824F30D0E8E744F20106B542A8
S3150803011002D1DB081033EDE747F20206B54204D1F4
S31508030120DB0803EB43035A33E4E744F20206B5421A
S3150803013004D1DB0803EB43034A33DBE7B0F5E24FAD
S31508030140C8D0B0F5824F02D00B680333C4E7530017
S315080301500133012B00D10B68013BCBE7B0F5824F86
S315080301600B68F2D1023323F003030433B6E72DE910
S31508030170F04F8DB00593154600230792059A8046DE
S315080301800E46CDE909331360002D00F00B81B5F156
S31508030190005F80F00A8109AA0AA90BF018FF8346B3
S315080301A0002878D10A9C636A002B69D00A9C2746E3
S315080301B06388D4F820900893636857F824AF1B0A1A
S315080301C0012B049300F0DB80794B049A9A4200F0E2
S315080301D0C980002A5DD108ABCDE901732A464B468F
S315080301E031462046CDF800A0DFF745F910F1860F12
S315080301F0834640F0A980208800F4E043B3F5805F86
S3150803020002D0B3F5005F5CD1089B002B5ED008993A
S315080302102088FFF7D5FA834600283CD10731B5EB8A
S31508030220D10F36D1AA45C0F0BA802A463146484688
S3150803023018F01EFA089B0733DB0863620A99089BC2
S315080302404A88002A40F0A7804B804FF6F873089A2D
S315080302500A989A4237D8B8F8003013B102889A42F6
S3150803026017D1B8F8023013B142889A4211D10599C9
S315080302700BF0F3FE834670B958460DB0BDE8F08F10
S31508030280D8F804301B0A13D0012B0AD0484A9342E4
S315080302900ED06FF0860B0A980028EDD0FFF720FDE5
S315080302A0EAE7404607A9FFF79DFE83460028F2D1F1
S315080302B020460799FFF7B3FA834600283FF476AF3B
S315080302C0E9E7430405D46FF0850BE4E7EB000893ED
S315080302D09DE720F4435323F03F03B3F5824FF2D14E
S315080302E0049B61880B930BAB009332462B460BF0AA
S315080302F091F90B9D834630B12846E0F761FF2846FE
S31508030300FCF75AFFC7E723882A6C23F4435B2BF0D1
S315080303103F0BBBF5824F03D1DBB2412B08BF01323A
S315080303200892238803F4E043B3F5804F11D13B4683
S31508030330524649462846FFF71BF983462846E0F7FF
S315080303403FFF2846FCF738FFBBF1000F3FF476AFB3
S31508030350A1E753464A4639462846FEF78FFDFEF778
S31508030360FEFFEAE708ABCDE901732A464B46314659
S315080303702046CDF800A0DFF77EF88346E4E708AB0E
S31508030380CDE901732A464B4631462046CDF800A0EF
S31508030390DEF782FFF1E79A427FF47BAF55E76FF00A
S315080303A0890B78E76FF0860B66E76FF0850B63E7D3
S315080303B00200800038B5026804464AB1104B22F49D
S315080303C07E11994206D10430E0F718FE0023236014
S315080303D0002014E00B4B1340B3F1607F08D1402192
S315080303E0E830FEF78BFF04F10800FFF799FCEDE709
S315080303F04FF49472002117F01CFF6FF0880038BD84
S315080304000002C0030000C07F10B50446006888B127
S31508030410042810D0052817D0012817D104F108009D
S31508030420FFF7C8FF00232360A38823F4FF7323F091
S315080304300103A38010BD4FF4AE72002104F1080036
S3150803044017F0F7FE0020EDE7B822F6E76FF086000F
S31508030450E8E7F8B51E4D064695F848330F4683B3C5
S3150803046000242B462246197ED1B13CB9022905D16F
S31508030470D96919B91979002918BF1C460132152AF1
S3150803048003F12803EFD114B96FF08C0006E0204678
S31508030490FDF754FE2046FFF723FC10B100240EE0B7
S315080304A01C46237E83B9012323763EB1651BED10D3
S315080304B003F1CC335D4305F18045356000203C608C
S315080304C0F8BD6FF08800E9E76FF09600E6E700BF2E
S315080304D04065002000232DE9F0470E460B608A4944
S315080304E0054691F8482386B0002A00F0078100F1F3
S315080304F04042142A4ED8282303FB02110B7E022BF3
S315080305003DD031460020FFF7A4FF0446002858D102
S31508030510336821465D610125336804AA5D60D6F810
S315080305200090D9F814703846DDF76CF8044618BB02
S31508030530DDF810A028465146FCF74CFF054600286F
S3150803054000F0D0802146384604AA0394DDF75AF80A
S31508030550044668B903AB2146009352462B463846F0
S315080305600BF0E6FE039B04469A452ED06FF09804DB
S3150803057051462846FEF7CCFE00210846A7E04B69FC
S315080305809842BED10846FDF7D9FD0446B0B9316095
S31508030590002416E0002840F3B4800A46107E022899
S315080305A002D15069854205D00133152B02F1280281
S315080305B0F4D1A6E7282202FB0311E3E710F18C0F17
S315080305C09FD0204606B0BDE8F0870028D0D1BAF1FF
S315080305D0230F68D9082228464C4919F00EF8002833
S315080305E061D1AB68002B5ED12F6AAAF124039F421F
S315080305F05AD8B7F5005F57D28FB339460120FCF7AF
S31508030600E9FE804600285DD03A4605F1240118F034
S315080306102FF8EB685146C9F804302B8A2846A9F8FF
S3150803062000306B8AA9F802306B69C9F80830AB69E0
S31508030630C9F80C30EB69C9F81030B8F1000F00D0CF
S315080306407FB9FEF765FE39464046FEF761FE306818
S31508030650FFF746FB6FF0910400233360B1E7B84612
S31508030660D7E7FEF755FE39464846FFF7D8F8044656
S3150803067058BB3A464146D9F8200017F0F9FF3946E0
S315080306804046FEF745FE30680830F8F739FE33680A
S315080306901A7E012A2FD03068FDF750FD044600283C
S315080306A03FF476AFD8E727466FF0980451462846B5
S315080306B0FEF72EFE39460020FEF72AFE3068FFF7BE
S315080306C00FFBC9E76FF08C04F0E739464046FEF79F
S315080306D01FFE3068FFF704FB14F18C0F08BF6FF099
S315080306E08704B9E72146FEF713FE3068FFF7F8FAE1
S315080306F06FF08C04B0E702221A76CCE76FF0880411
S315080307005FE76FF087045CE74065002048DC040870
S31508030710034668B1017E8A1E012A0BD80329C269DA
S3150803072003D1012A01D1FFF7DBBA1AB1013ADA611B
S31508030730002070476FF0960070472DE9F843884606
S3150803074017461C46FFF7C6FE054688BBD8F8006061
S31508030750B6F8009009F4E043B3F5804FB36808BFD1
S3150803076027F0010737EA03031AD10CB3204A24F00A
S31508030770FF0393421FD114F0FF0304D01D4A43F02D
S31508030780007393422FD022464846F168FDF7A4FB2F
S31508030790074668B9224648463169FDF79DFB28BBDB
S315080307A06FF0840500233046C8F80030FFF7B0FF22
S315080307B02846BDE8F883104A9342DCD024F4FF7335
S315080307C023F00103B3F1062FD5D00C4A9342D2D0B6
S315080307D004F0FE43B3F1407FD5D0B3F1A06FD2D076
S315080307E0044B9C42CEE76FF08605DBE73D46DFE721
S315080307F000030006FF0000020002000600040006CC
S3150803080037B50446C0B101A9FFF764FE044698B993
S31508030810019D2B7E022B12D103232B762B79FF2BDB
S3150803082010D01BB16869FDF7F5FF04462846FFF7A4
S315080308306FFF002818BF0446204603B030BD6FF08B
S315080308409604F3E76FF08404F0E773B50C460546A0
S3150803085018220021204617F0ECFC002328461A46E6
S3150803086001A9FFF76AFF60B9019E35460FCD0FC48C
S3150803087095E8030084E80300304602B0BDE87040FB
S3150803088046E702B070BD2DE9F04F88469A46914671
S31508030890A7B02AB96FF08905284627B0BDE8F08FB7
S315080308A000230122CAF8003001A9FFF746FF0546CF
S315080308B00028F1D1019C6368D4E908761B0A07D09E
S315080308C0012B3BD02046FFF723FF6FF08605E3E7AE
S315080308D0238803F4E042B2F5805F16D0B2F5005FD1
S315080308E013D044F2010223F4405191420DD003F48C
S315080308F04F43B3F5824F08D0B3F5844F05D020464E
S31508030900FFF706FF6FF08505C6E74E4503D9204670
S31508030910FFF7FEFEBEE732463946404617F0A8FE05
S315080309200021A9EB060208EB060017F082FC204615
S31508030930CAF8006027B0BDE8F04FE9E6002FC1D03A
S31508030940002EBFD0B8F1000FBCD0A368DB0705D4CF
S315080309502046FFF7DDFE6FF084059DE7014620225A
S315080309600CA817F066FC3246394620460CABDCF772
S315080309704FFF054618B12046FFF7CAFE8CE714AEAB
S315080309800CAF0FCF0FC697E80F0086E80F0002A932
S3150803099014A826880295DDF74FF805463046DCF796
S315080309A097FE012804BF042308F8013B4FF0000310
S315080309B008BF09F1FF39CDE9173809F1030323F015
S315080309C003030646B4F802B019932DB12046FFF780
S315080309D09FFE6FF092055FE7029FB94597D32822DA
S315080309E029461CA817F025FC1CA819F0DDFB0028CE
S315080309F0ECD12B46012214A90CA8DDF752F870B9DD
S31508030A000F9B013B012B0AD84FF0817309A90CA848
S31508030A10CDE91C351E952495DDF79CF870B16FF06A
S31508030A2092061CA819F0C0FB0028CFD12046FFF771
S31508030A306FFE0546002E3FF42FAFCAE709991CA897
S31508030A4019F0B9FB03A90CA8DDF75DF90028E6D16F
S31508030A5003A91CA8DDF794F906A90CA8DDF76AF91A
S31508030A600028DCD106A91CA8DDF78AF909A914A868
S31508030A70DDF760F90028D2D11CA809A919F0A4FB4F
S31508030A801CA819F047F80028C9D13E445A464146DE
S31508030A9020880DF0C5FECAF800600026C1E72DE9D7
S31508030AA0FF47984600230E461746C8F800301A46ED
S31508030AB002A9FFF742FE044640B9029D2B885A0451
S31508030AC008D42846FFF724FE6FF08604204604B0B0
S31508030AD0BDE8F0876A68D5E908A9120A0BD0012A86
S31508030AE0EFD133464A4651462846CDE90078DEF724
S31508030AF05BFD04462CE003F4E043B3F5804F1BD1BA
S31508030B00288800F4E043B3F5804F20F4405244F2BA
S31508030B10010337D19A4207D000F44F40B0F5824F0C
S31508030B2002D0B0F5844F2FD1B94518D92846FFF717
S31508030B30EFFD6FF08904C9E733464A46514628460E
S31508030B40CDE90078DEF730FD10F1860F0446D7D0DD
S31508030B502846FFF7DDFD002C08BF0446B6E74A46DC
S31508030B605146304617F084FD0021A7EB090206EB30
S31508030B70090017F05EFB2846C8F8009004B0BDE8E4
S31508030B80F047C5E59A4205D12846FFF7C1FD6FF040
S31508030B9085049BE700F44F43B3F5824FF4D1002352
S31508030BA0039303AB6988524600934B460AF032FD1A
S31508030BB0044618B12846FFF7ABFD87E7DDF80C9026
S31508030BC043463A4631464846FEF7D2FC044648466B
S31508030BD0E0F7F6FA4846FCF7EFFAB9E707B5002156
S31508030BE06A46DCF70FFD8C3018BF012003B05DF8A9
S31508030BF004FB30B401EB8202914201D130BC1847A1
S31508030C000C46B4F9005004318542F5D1B4F9020013
S31508030C1030BC704770B5044600B30368F3B1027974
S31508030C201B78012A10D1092B0D4D18BF00258068A2
S31508030C30FFF776F82946A068FFF7AAF8BDE87040DB
S31508030C400422084B0849D4E7092B07D104498068CD
S31508030C50DCF761FDBDE8704009F03CBF034870BD91
S31508030C6009000002C1DD020850DC040800AFFFFFDB
S31508030C7010B5B8B10368ABB10479012C08D1806803
S31508030C80FFF7B4F8BDE810400422074B0749B0E75D
S31508030C901B78092B06D18068DEF718F8BDE81040E3
S31508030CA009F018BF024810BDC1DD020850DC04086C
S31508030CB000AFFFFF10B4046824B1C36813B15DF82D
S31508030CC0044BD5E701485DF8044B704700AFFFFFB7
S31508030CD038B5036804465BB1C5684DB1FFF79AFF9B
S31508030CE038B92368294620469A78BDE83840BFE7CD
S31508030CF0004838BD00AFFFFF07B5E8B10268DAB1AF
S31508030D000379012B0BD101AB52788068FFF796F86C
S31508030D1004220B4B0B4903B05DF804EB69E7137820
S31508030D20092B09D1202201AB806809F081FD03B0A4
S31508030D305DF804EB09F0CEBE034803B05DF804FB87
S31508030D40C1DD020850DC040800AFFFFF2DE9F041BE
S31508030D500E461746054688B000286DD00368002B53
S31508030D606AD0C268002A67D09B78BB4214D2FFF7C1
S31508030D7051FF044600283BD13A4631462846FFF739
S31508030D8077FF0446A0BB69462846FFF7B5FF044626
S31508030D9070BB6E462B685F782B68D5F80C809A78FB
S31508030DA03621404608EB020417F043FA2B685C2108
S31508030DB09A78204617F03DFA0023191D8F4208EB4F
S31508030DC003021DD29F4223D80023191D8F4204EB29
S31508030DD0030224D29F4228D82846FFF71BFF04465E
S31508030DE030B92B68414628469A78FFF741FF0446EF
S31508030DF020216846FEF782FA204608B0BDE8F0814E
S31508030E00F25858F80300424048F803200B46D4E743
S31508030E10F05C11780133414002F8011BD2E7F2581E
S31508030E20E0584240E2500B46CFE7F05C11780133B5
S31508030E30414002F8011BCDE7004CDDE700AFFFFF99
S31508030E40F0B5036804460D4689B0F3B1C668E6B142
S31508030E5069469F78FFF750FFA8B92046FFF7DAFEE1
S31508030E6088B9236820469A78F119FFF701FF50B924
S31508030E702368694620465A78FFF7FAFE18B92946C1
S31508030E802046FFF739FF09B0F0BD0148FBE700BF6D
S31508030E9000AFFFFF2DE9F047066805460F46904663
S31508030EA08AB006B1767897B3B8F1000F0CBF4FF046
S31508030EB001094FF002090023294C05F1100A994547
S31508030EC08DF804301BD92846FFF702FF0446B0B94C
S31508030ED0324651462846FFF7EDFE044678B9012205
S31508030EE0284601A9FFF7E6FE044640B9B9F1020F01
S31508030EF010D0284602A9FFF7A3FF044698B102A813
S31508030F002021FEF7FBF920460AB0BDE8F0874FF02B
S31508030F100109D0E7424639462846FFF7CBFE044681
S31508030F200028E6D0EBE73246284602A9FFF70EFF6C
S31508030F3004460028E3D1324651462846FFF7BAFE4F
S31508030F4004460028DBD151462846FFF779FF0446B5
S31508030F500028D4D19DF804300133DBB2AFE700BFD4
S31508030F6000AFFFFF2DE9F04F1F460023B3B0DDF8AE
S31508030F70F89011F0FF0A0D461646C9F8003009D055
S31508030F80AF4A4AF00073934200F05781F63A934208
S31508030F9040F064813D9B002B00F063812B464FF4A0
S31508030FA0805208A9FFF7C9FB034650B9DDF820B0FC
S31508030FB0BBF8003003F4E043B3F5E04F03D06FF01A
S31508030FC08603002467E0DBF80440DBE90812240AF9
S31508030FD00ED0012CF3D13D9B584603933C9BCDF889
S31508030FE01090CDE9017300962B46DDF7FFFA4CE026
S31508030FF03D9B584603933C9BCDF81090CDE901736E
S3150803100000962B46CDE90612DDF7F0FADDE906125E
S3150803101010F1860F034639D147F2010CBBF80000DD
S315080310206045CCD000F44F4CBCF5824F33D1BBF8A6
S3150803103002C009AB009313460A46614609940AF0AF
S31508031040E9FA034638BB099C0A90E26B07324FEA72
S31508031050D20B01220BFA02F307933D9BCDE90B2032
S31508031060B3EB4B0F0D9228D20AA8DEF7B3FC0CA8F4
S31508031070DEF7B0FC734D099C2046E0F7A1F820463D
S31508031080FCF79AF82846FEF76AF90346002BD9F8BF
S31508031090004018BF002406933D9B21211A1B3C9B45
S315080310A0181917F0C6F80898FFF732FB069B002BAA
S315080310B018BF184633B0BDE8F08FEB0540F18A80B8
S315080310C0BAF1000F09D0256C04F160030735BAF1AC
S315080310D0090F06934FEAD50801D05B4D48E0002176
S315080310E04FF0010A482220A8CDE90E1A17F0A1F8F5
S315080310F042F210734246069810A92F93DEF797FE1D
S31508031100054630BB3B46324620460EA9DFF7A4FF09
S315080311100546F0B910AB424603EB08010EA8DEF705
S3150803112086FE0546A8B9494ACDE92200E02150467C
S315080311302092FCF74FF9229050B1402102208DF8F6
S3150803114084A0FCF747F92390C8B920A8FEF7FDFD4C
S315080311503F4D20A8FEF7F9FD20A84821FEF7CEF853
S3150803116042F210720EA82F92DEF734FC002D48D0F7
S315080311700AA8DEF72FFC0CA8DEF72CFC7BE7202257
S3150803118024A920A8FFF7E2FD05460028E1D120227D
S31508031190514624A817F04DF84FEA480210A920A88B
S315080311A0FFF778FE05460028D3D12378092B0FD0FD
S315080311B0636B6BB120AB0393264B2046CDE90173D2
S315080311C00096069B0CAA0AA90AF032FE0546C0E752
S315080311D01D4DBEE72378092B3FF47FAF636B002BC6
S315080311E03FF47BAF002303931B4B2046CDE90173E2
S315080311F0009604F160030CAA0AA90AF019FE05462B
S31508031200B4E75A463C990AA8DEF711FE05460028B4
S31508031210AED15A463C9B0CA89918DEF708FE05463C
S315080312200AA8DEF7D7FB0CA8DEF7D4FB002D7FF45C
S3150803123022AF079BC9F800301DE76FF0860039E730
S31508031240FF00000200B1FFFF80B0FFFF60DC040867
S3150803125080AEFFFFBF12030865FF02086FF0850023
S3150803126028E76FF0890025E770B5456B0446B5F5A1
S31508031270C07FE0B01DD84FF4C0720021684616F04F
S31508031280D8FF2A466946236C606C9847A0B9666BF3
S31508031290694632462046FFF7FDFD054608B9012390
S315080312A023631EB131466846FEF728F8284660B020
S315080312B070BD6FF00405F9E76FF00805F6E72DE949
S315080312C0F843066804460F46154606B17678B5F51B
S315080312D0806F3BD8236C63B904F11008BDB92A465D
S315080312E029462046FFF7D6FD78B9236B01332363D6
S315080312F00BE0A36B012B03D0226BE36B9A42EBDD66
S315080313002046FFF7B1FF0028E6D0BDE8F883AE42D2
S315080313102046B14628BFA946FFF7DAFC0028F4D1D0
S31508031320324641462046FFF7C5FC0028EDD1414623
S315080313302046FFF785FD0028E7D138464A46414649
S3150803134017F096F94F44A5EB0905C7E76FF00200B6
S31508031350DBE70138082810D8DFE800F01205080F84
S315080313600F0F0F0F0B00E023122004E04FF48073D6
S31508031370FAE7FF2341200B60704700231846FAE774
S31508031380C023F1E7122803D041280BD00020704769
S31508031390E0290CD0B1F5807F0BD0A1F1C0035842E8
S315080313A058417047FF290CBF0920002070470220C7
S315080313B07047032070472DE9F0410546D0E90284BA
S315080313C04068A8EB0406964220440F46144404D901
S315080313D017F04EF9EC60BDE8F0813246A4EB080439
S315080313E017F046F922466868B919F1E72DE9F04F6F
S315080313F04668DBB03546DDE964B715F8680B06A918
S315080314009946FFF7A6FF41232946009390460446CB
S3150803141049AB304607AA0AF0A7F9014688B9079BDC
S31508031420069D0590182217A8049305F1070A16F0D6
S3150803143000FF05994FEADA0A08914FEA4A0624B9E2
S31508031440A44908465BB0BDE8F08F4FF4005117A8CE
S3150803145044F48244ADF85C40F7F75FFF4FF0062388
S31508031460049A1A9349A908AB17A8FEF780FE58B140
S31508031470FCF7CCFC04460898FFF7C2F90146002C92
S3150803148000F01F812146DCE7089B402E049303D90D
S315080314901846FFF7B5F9D3E7CDF874B02DB9049814
S315080314A0FFF7AEF96FF06701CBE70BEB07013023C4
S315080314B023AA1DA8DEF7BEF90146002837D132460E
S315080314C039A816F0B6FE1D9D239C53462146284689
S315080314D039AAFDF728F9011E29DB0D44641A39AA2E
S315080314E021465346284652442394FDF71CF9011E08
S315080314F01DDB0D441D95A5EB0B05641ABD4223940C
S3150803150013D1324639A929A817F0B2F84FF00623A2
S315080315104FF40052049809A9FFF70FF968B1072297
S315080315206D4B6E49FFF765FBA4E76FF065010498F9
S315080315300591FFF765F9059983E7DDF824A0DAF83D
S315080315400440DAE90852240A09D0012C00F0738111
S315080315505046FFF7DDF86FF086073846DFE729AB15
S31508031560CDE9009329464346504602960592FDF770
S315080315706CF910F1860F0746059A40F0958044F2F8
S315080315800103BAF8000020F4405C9C45E0D000F45F
S315080315904F43B3F5824F03D05046FFF7B9F8DCE75C
S315080315A00DF1280B1346BAF80210CBF800402A4669
S315080315B0CDF800B00AF02EF807460028ECD101232F
S315080315C0DBF80050CDE90C30EC6B0B900734E408DC
S315080315D0B6EB440F0E9340F02B81224629A90BA89C
S315080315E0DEF7C4FBFDF7BBFE0746002850D129AB3F
S315080315F0224619190DA8DEF7B9FBFDF7B0FE074613
S31508031600002845D1014605F1780005F1680BDEF798
S31508031610DFFC50B9324B59460093284605F11C03A3
S3150803162005F160020AF0F8F807463846FDF797FE13
S31508031630074668BB01241DA8DFF75EFDCDE9104701
S31508031640CDE91247CDE914470F9716942B78092B42
S3150803165000F0EC806B6B002B00F0E88021460BA8AA
S31508031660DEF7B6FC00283FDA1E4C1DA8FDF74BFC37
S315080316700FA8DEF7AFF911A8DEF7ACF913A8DEF762
S31508031680A9F915A8DEF7A6F92046FDF768FE074669
S315080316900BA8DEF79FF90DA8DEF79CF92846DFF7B6
S315080316A08FFD2846FBF788FD5046FFF731F8002FD4
S315080316B07FF453AF00287FF432AF0498FFF7A0F8FE
S315080316C0014600293FF4BDAE08465BB0BDE8F04FBE
S315080316D0FCF79CBB80C1FFFF0DDE020864DC04082F
S315080316E065FF020800B2FFFF05F1340631460BA871
S315080316F0DEF726FC0028B7DA21460DA8DEF768FCD4
S315080317000028B1DB31460DA8DEF71AFC0028ABDA50
S315080317104B46424628460FA9DFF79EFC0446002897
S31508031720A3D132460DA911A8DEF775FF0446002892
S315080317309BD111AA0FA913A8DEF751FD0446002869
S3150803174093D113A932460846DEF7CEFD0446002890
S315080317508BD111AA0BA915A8DEF741FD044600286B
S3150803176083D115A932460846DEF7BEFD044600288E
S315080317707FF47BAF2846DFF7B6FC012805F11C0486
S3150803178001D0324C71E723A839AFDFF7B5FC042142
S315080317903846DFF78DFC2346284613AA23A9FDF707
S315080317A061FA044638B138460421DFF790FC23A8CA
S315080317B0FDF7A9FB59E75B46284615AA1DA9FDF7B8
S315080317C051FA04460028EED11DAB19462846009760
S315080317D023AADFF7E8FF04460028E4D11DA9284613
S315080317E0DFF772FE044604213846DFF770FC23A8A8
S315080317F0FDF789FB002C7FF438AF214621A8DEF7D5
S31508031800E7FB00283FF430AF1DA932460846DEF74A
S315080318106BFD044600287FF428AF0BA91DA8DEF745
S315080318208FFB044600283FF420AF1DE7084C2BE73F
S315080318306FF094072CE729ABCDE900932946434675
S3150803184050460296FDF701F807462DE780B1FFFFDC
S3150803185080B0FFFF2DE9F04F0025AFB0D0F804B0F4
S315080318608846DDE93864294691460AA8182204936E
S315080318703A9F089516F0DDFC9BF8000007A9FFF7C9
S3150803188068FD079A059007324FEAD20A002800F046
S31508031890E280B2F5847F80F0E1800BF16000524666
S315080318A016A9DEF7C4FA059B834650B116A820216C
S315080318B0FDF724FD2846FEF7A3FF58462FB0BDE8DB
S315080318C0F08F43F4E2434FF480510AA848F0C06B03
S315080318D0ADF828304BF4E06BF7F71FFD16A952460F
S315080318E008AB0AA8CDF834B0FEF741FC0146B0B1FF
S315080318F0FCF78CFA2021044616A8FDF7FFFC089886
S31508031900FEF77EFF8346002C40F0AB80BBF1000F49
S31508031910D3D058462FB0BDE8F04FFCF777BA089DE9
S31508031920182210A816F085FC10A92846FEF78DFF85
S31508031930014628B107224C4B4C49FFF75AF9D9E718
S31508031940182210A8BDF842A016F073FC049B4A4659
S3150803195059462846CDE901470096FFF703FB034698
S3150803196068B18533E6D14A462846CDE90147049B43
S31508031970009648F00621FFF7F5FA0028DAD10AF1AE
S31508031980070334443A684FEAD3090994BAF1000FB6
S3150803199057D0B2EB490F54D1B3F5847F34D24A46B4
S315080319A031461EA816F064FE4A4606EB090126A828
S315080319B016F05EFE23463246494626A8FCF7E7FE9E
S315080319C0B0F1000BFFF672AFA4EB0B0423463246C5
S315080319D049461EA8FCF7DBFED846B0F1000BFFF616
S315080319E065AFD844A4EB0B044246314609A80994CB
S315080319F0DDF733FFB0F1000BFFF658AF099908F18D
S31508031A0001088B1B002B09DC202116A8FDF776FCA1
S31508031A102846FEF7F5FE6FF06B0B4EE730230BEB0C
S31508031A20080401F8013D2246304616F0A6FD20219A
S31508031A3016A83C60FDF762FC2846FEF7E1FE8346DE
S31508031A4064E7202116A8FDF759FC2846FEF7D8FEB9
S31508031A506FF0670B31E7DFF818B02EE76FF06D0B01
S31508031A602BE7A34629E700BF0DDE020864DC04085A
S31508031A7080C1FFFFF0B50C460021D1B018220646F7
S31508031A8004F1100728A8259116F0D3FB90223946AE
S31508031A90684616F0EDFD94E80F00E6F79DFF27A9C3
S31508031AA00078FFF756FC279D0735ED0818B9324C21
S31508031AB0204651B0F0BD40F4E2400121ADF8A00044
S31508031AC028A8F7F72AFC90223946684616F0D0FD6F
S31508031AD094E80F00E6F780FF2A462EA96030DEF762
S31508031AE0A6F9044620B141212EA8FDF707FCDFE736
S31508031AF02A4625AB2EA928A8FEF739FB0446412119
S31508031B002EA8FDF7FBFB2046FCF780F904460028C0
S31508031B10CED1259F412224AB38462EA9FEF7BFFF17
S31508031B20FCF774F904463846FEF76AFE002CBFD163
S31508031B3020B151B0BDE8F040FCF768B9902206F130
S31508031B401001684616F094FD96E80F00E6F744FF81
S31508031B50412326AA009300F168013FAB09F004FE6E
S31508031B6004460028A4D12A463FA92EA817F045FD06
S31508031B70044600289CD09AE780C1FFFF2DE98048D8
S31508031B80D7B0DFF7F1FEDFF834B29BF8C43043B1C0
S31508031B90DBF80030002B6CD183488BF8C430FBF795
S31508031BA063FDDBF8483007930493049B002B66D147
S31508031BB0EFF31182302383F31188DBF84830079952
S31508031BC05B1ACBF8483082F31188BFF36F8F9BF803
S31508031BD094302BB17448FBF7ACFC049B8BF8943018
S31508031BE09BF8BC3093B103236F4828AA38A904F09D
S31508031BF006FB58B9BDF8A03038982BB10278DBF844
S31508031C00C0301344CBF8C030F8F704F9674C23788F
S31508031C102BB1FBF714FD2378002B40F0EC83644BC0
S31508031C201B78002B00F0E783012362480DF12A0293
S31508031C300BA904F0E4FA0446002840F0D2850B9D6C
S31508031C406B885A1E042A00F2D38306225A4F298820
S31508031C5002FB0372B2F85C22914240F0C983023B4D
S31508031C60032B00F2A983DFE813F069047B04A404B9
S31508031C70A60593F85020022A93D11B688AE7DBF856
S31508031C804C0018A9036998470590002840F0248258
S31508031C90189C9BF8503025686BB905212846B5F87A
S31508031CA00520F7F729FC10B12B78142B03D020460F
S31508031CB0F7F7E4FC10E26B782E790393A3897F2E5A
S31508031CC06F884FEA961598BF0025DBB93B1E18BFE8
S31508031CD001230893DBF8543058460A339F4228BF3A
S31508031CE0A3810399F7F781FB044668B9022D07D048
S31508031CF005230146009303465846039AF7F7AAFDB8
S31508031D001898D5E70023E4E790F85030042B08D158
S31508031D103DB9052380F85030C36F13B12946F7F749
S31508031D2058FB94F8508040460CF0AFFE20B1B8F14A
S31508031D30080F1ED1022D07D0052300930023214641
S31508031D40039AD4F8A400D9E7189B5C611B7FABB947
S31508031D5006F00703EFF311820692302282F3118805
S31508031D60D4F88C2062BB069B83F31188BFF36F8F6D
S31508031D7004E0189B15F0FD0F5C61E7D0089B1898E3
S31508031D80002B95D1002F00F0F8804368002B8FD0E5
S31508031D90027F002A40F0F380022F00F21781062201
S31508031DA0E37A0092CBE700BFB06F002040640020BF
S31508031DB0F46F0020346400202CDA04082C6F00200A
S31508031DC052F8302C1179E27BC1F30211481C0A44FC
S31508031DD000F0070002F0070290427ED88342C2D37E
S31508031DE09342C0D84FF000088B4298BF08335B1A5A
S31508031DF0DBB284F81080099317F0C8FDD4E90632DC
S31508031E00C01A61EB0201B94A1379002B6AD0C4E9F7
S31508031E100801400840EAC1704908C4E90A0182F882
S31508031E2004800520D4E90A9817F0CEFD814578F198
S31508031E3000083EBF0023A062E362D4E90A324FEAF0
S31508031E4082084FEA830948EA937841F28830D4E94D
S31508031E50082319EB020948EB030817F0B5FD4FF001
S31508031E60000A48457AEB080307D3052017F0ACFDAB
S31508031E7048457AEB080A38BF4846606104F13000E2
S31508031E8017F0E6FE4FF0010904F18C089DF81430AB
S31508031E90099A93425DD3069B83F31188BFF36F8F29
S31508031EA04FF0300904F19008D4F89030002B3FF432
S31508031EB065AF637B002B3FF461AFEFF3118A89F3B8
S31508031EC011884046F7F7BAFF01468AF31188BFF32C
S31508031ED06F8F204604F06AF9E6E7934282D9834274
S31508031EE080D240E7D4E90839834279EB0102D4E981
S31508031EF00A284FEA920242EA8872B4BFA0EB030C9F
S31508031F00A3EB000C4FEA980812EB020E48EB080AFB
S31508031F104FEA9C0C1EEB020E48EB0A0A1EEB0C0258
S31508031F204FF0070C4FEAD3034AF1000A43EA497311
S31508031F30C4E90A2AA3FB0C234FEAD9090CFB093384
S31508031F40C00840EA4170121843EBD103C4E90823D9
S31508031F5067E74046F7F772FF817C59B9F7F751FBF4
S31508031F60637B01336373E37B013BE373059B0133B4
S31508031F7005938BE780F82490F2E7027F7AB1E37A38
S31508031F800092D4F8A4002146039AF7F763FC0023CA
S31508031F9018980377F7F772FB002F7FF4FDAE4FF01F
S31508031FA00008189F002D40F0F980ADF88080289529
S31508031FB03895627AD4F8A400D207E37A1DD50621A8
S31508031FC0227A00912146F7F745FC26E0189B023F43
S31508031FD058681FFA87F810FA87F77A7810F80830DE
S31508031FE0414643EA0222F7F787FA0028D9D1002D9A
S31508031FF07FF486AE0122E37AD3E6C6F30211994249
S315080320000DD05A1E8A4205D00BB9072902D00221E0
S31508032010227AD6E720460CF016FD384648E63607F8
S315080320200ED43946204620AAF7F704FD00286ED0B9
S315080320300421E37A227A0091D4F8A4002146C2E760
S31508032040227A1AB1062300930B46BBE73946204684
S3150803205020AAF7F7EFFC0028EAD1BDF88020032A67
S3150803206053D9D7F80480B8F8023004339A424CD1CE
S31508032070D4F8A4A028A95046F7F7EAFA0AF184097E
S31508032080064688B928990D4645F80C9B98F80130F9
S315080320904B7398F80030022B21D0032B28D083BB2F
S315080320A00B73CB8104233893786830B1D4F8A480B2
S315080320B0F7F792FA4046F7F7DCFA002338467B60CF
S315080320C0F7F7DCFAE37A2046013303F00703E372F2
S315080320D00CF0B9FC002E4DD0049B013B64E52A465F
S315080320E04146484638ABF7F7AEFDDDE754700020A6
S315080320F0043100912A464146484638ABFBF7D0FCE3
S31508032100D2E7DAF87C000CF05FFC2126CCE73946E7
S31508032110BDF88030D4F8A40004F18402F7F7D1FBA4
S31508032120C8B10321E37A227A0091D4F8A4002146A0
S31508032130F7F790FB3846F7F7A1FA9B4B1B78052B65
S31508032140CAD1D4F89830994A013BC4F89830136930
S31508032150013B1361C0E7E36D43B9E37A20460133D4
S3150803216003F00703E3720CF06EFCB5E7216E207AE1
S315080321709847F2E7289F112329462046BDF8E02011
S315080321800097F7F7CFFA0028A6D0A66D002EA3D09E
S3150803219033233A462946207AB0479DE7022D38D19C
S315080321A0C6F30116012E7FF438AF7B681B78013B13
S315080321B0042B16D801A252F823F000BFD121030835
S315080321C01B2003081B20030809220308FF21030811
S315080321D0D4F88C30002B3FF420AF20460DF0D8FB03
S315080321E01BE73846F7F74AFA0C2504F1300017F0CF
S315080321F02FFD204684F85050FBF7B0FA6CE73846B3
S31508032200F7F73CFA0A25F0E73846F7F737FA0B25C6
S31508032210EBE7002320932893637A9A077FF5FDAEAD
S3150803222016F037061BD15B073FF5F7AEBB8993B1AB
S3150803223043463946D4F8A40004F18802F7F741FB6C
S3150803224000287FF4EAAEE36E002B3FF445AF216F17
S31508032250207A984740E73846F7F710FAF3E7042E4B
S3150803226040F08F80237A002B7FF4D7AEB8F1030FA3
S31508032270D4F8A4A07E687FF6D0AE73880433984555
S315080322807FF4CBAE504628A90AF18409F7F7E0F99B
S3150803229000287FF4C2AE289DA84648F80C9B73789D
S315080322A06B733378022B36D0032B48D0012B62D1BC
S315080322B02B730423EB81082320933D4B1B683BB107
S315080322C0012B24D138A8F6F7C5FF9DF8E030F3B102
S315080322D000232B61374B6B60209E0523414620461E
S315080322E00095B2B2F7F71EFA81463846F7F7C6F9EC
S315080322F0002E3FF4F1AEB9F1000F3FF4EDAE666E72
S31508032300002E3FF4E9AE33232A46414643E7012329
S315080323102B610023DFE77368202B09D05A1E032A93
S3150803232006D923F01002402A02D0B3F5007F18D14C
S3150803233042463146484620ABF7F785FCCCE7736837
S31508032340A3F20222012A03D9212B01D0602B08D13B
S315080323502B1D009342463146484620ABFBF7A0FBAC
S31508032360BAE70D234FF0000EC5E904E30823EB8112
S315080323700C232093B0E72946DAF87C000CF024FBFB
S315080323804BE6312E7FF449AE3846F7F777F9227ACA
S31508032390002A7FF4A1AE62810923114620460092E2
S315080323A0F7F7C0F998E600BF4164002048640020A7
S315080323B060640020EFBEADDE0421AA4B2A7983F8B8
S315080323C04C13002183F84D13012183F84E136FF044
S315080323D07F0183F84F13A4490978002940F0AC809C
S315080323E0012A18BF2424A148C3F85043F7F7A3FAD0
S315080323F00B98F7F70FFDDBF8083013B9DBF80C3049
S3150803240023B15846F7F79DFD0028F4D0DBF80430CE
S31508032410002B40F0F9819BF844803026444600257A
S31508032420934FEFF3118986F311883846F7F7EAFCD9
S3150803243089F31188BFF36F8F002840F01C82EFF3EE
S315080324401182302383F311889BF84430984540F270
S315080324501C8200238BF8443082F31188BFF36F8FF5
S31508032460844E336803F5005292F84828002A40F050
S31508032470108233680493804B1C68002C40F01D823D
S31508032480EFF3108072B67D4B5D8817F0F4FD002DCF
S3150803249040F0D7834FF4F85017F0D8F818B34FF431
S315080324A0807017F0D3F8764E0446002801F0EE80C4
S315080324B0336829461B684FF480701B78714C13F0F8
S315080324C0200F08BF002417F0A9F82A46002330680E
S315080324D0C0E90433836A03F5005393F8483813B104
S315080324E0214604F06DFC684B186820B10368022B7B
S315080324F001D1E6F74BFC6549A1F12400E6F740FA5A
S31508032500002801F0E8806149A1F12400E6F738FACA
S315080325100446002841F0E9805D49A1F12400E6F765
S315080325202FFA044600283FF430AB20465949E6F70C
S315080325303DFA20465649F2E7122454E7042349484C
S3150803254080F84C33002380F84D33022380F84E334A
S315080325506FF07F0380F84F332423C0F850337DE0B0
S315080325604D4A2B1D05F1240153F8040B8B4242F8FF
S31508032570040BF9D105F0CAFC3A4C484B06469A684F
S3150803258004F56D7104F5557016F072F806226B881A
S3150803259004F5537002FB03726FEA43436FEA53432E
S315080325A0B2F85E22A4F84E33A4F84C23C4F8506359
S315080325B01CE72D4B1B78002B00F0ED800021DFF87C
S315080325C0E8A01C2221A8209115F033FE9AF80030C2
S315080325D02E1D052B02D10320F7F71EFA334628AE24
S315080325E003F1200C324618685968083303C2634559
S315080325F01646F7D12A4E40213046FDF73CFCA6F590
S315080326005579C8B9334609F55D7C30AE3246186844
S315080326105968083303C263451646F7D1202318AE13
S315080326200DF1E0080093402233461E48CDF8048096
S3150803263028A9FDF779F8C8B30124C9F85043062237
S315080326406B88084802FB03776FEA43436FEA5343F1
S31508032650B7F85E22A0F84E33A0F84C2300F5537062
S31508032660C4E600BF40650020D64300208C680020DE
S315080326706C6F00200446002058190020941A002085
S3150803268068190020101A0020881900203018002025
S31508032690541800207D640008D46800205470002074
S315080326A094680020090000024164002096E80300AC
S315080326B04646BE4B9DF86E209980090C18609971A1
S315080326C01A98BDF86C10C3F80700A3F80B105A73D1
S315080326D005F1440C05F12403324618685968083392
S315080326E003C263451646F7D1B14B40AE03F1200C3E
S315080326F0324618685968083303C263451646F7D144
S3150803270012AE334610224FF4844048A9FEF7BBF8AD
S3150803271020B150214046FCF7F1FD8DE720235022D6
S3150803272041460093A34820AB0196FCF7FDFF5021D1
S3150803273003904046FCF7E2FD039B13B1202120A832
S31508032740E9E79AF80030032B03D19B4B1868FEF789
S3150803275057F83046F7F7E7F8984B3046F3604FF4E7
S315080327604071F6F7DAFD0023DFF85CC27361C6E948
S3150803277000C3304620A920228F4BFDF7F8FC0646F6
S31508032780202120A8FCF7BAFD002E7FF455AF0420BC
S31508032790F7F742F951E711228948402180F8502377
S315080327A080F8513380F8523380F8533300F5557067
S315080327B0FCF7A4FD43E74FF0AA334FF0AA32CDE95D
S315080327C00C2304237E4880F84C33002380F84D33CA
S315080327D0052380F84E336FF07F0380F84F330823C1
S315080327E0BBE61B280DD1764C94F8D433002B3FF463
S315080327F002AE04F2D530F7F79EF8002384F8D433F3
S31508032800F9E5FAF71CFFF6E5EFF31186302585F3AC
S3150803281011886C48F7F7F6FA044686F31188BFF36E
S315080328206F8F0027DFF89C8194F84C30261F022B04
S3150803283012D13046F6F722FE70B1D4F8A09004F10F
S315080328402C0017F005FA4846314684F84C70F8F719
S31508032850CDF83046FAF7B0FCEFF3118685F3118805
S315080328604046F7F7CFFA044686F31188BFF36F8F0E
S315080328700028D9D1CFE543680574013CC068984759
S3150803288014F0FF047FF4CDADD9E5A3EB0803DBB25F
S31508032890E0E500255C685D60002C3FF4EAAD6068FE
S315080328A0844204D12046236865609847E1E5436876
S315080328B06360036845609847F1E72046E6F780FCBE
S315080328C004F58E5001230BAA18A9143003F097FCBC
S315080328D004F580530393002840F0A28193F8D0317E
S315080328E01BB90123039A82F8D0310023189ABDF83D
S315080328F02C609A428DF82A3008BF1E460121C4F877
S31508032900B420042204F1B40984F888194846A4F8C3
S31508032910B860A4F8BA30A4F8BC6084F8BE30A4F84A
S31508032920C06084F8002184F8CC300DF12A01F2F74F
S31508032930D5FAA0B99DF92A309DF82A50002B0EDA4C
S31508032940D4F8B4390133C4F8B439C5F3011384F898
S315080329508B3973B1062229462046F4F7D1F80023AA
S3150803296084F888391898F7F755FA002800F058813B
S31508032970FEE72768002FEDD0484620A9F2F7AEFFF9
S3150803298028BBDDF88080B8F10B0F00F24781DFE83A
S3150803299018F03101260032003200320032004501B8
S315080329A0450145011D0033011D0000BF4864002091
S315080329B0B4680020090000025C6400200002480590
S315080329C040650020306F0020002400010C20F3F737
S315080329D028FF294602462046E6F748FC69E0B4F88C
S315080329E0BA30B34205D0484638A9F2F777FA00B1A8
S315080329F0FEE7F8F744F80023484628A92893F2F790
S31508032A006DFF024618B1F3F70CFF024627E0B8F14B
S31508032A10030F289F12D0A8F10403012B00F28E801E
S31508032A20B8F1050F40F090803B460622AF4938A817
S31508032A30F4F780F8DDE938A808238EE03B464722F9
S31508032A400EA8AB49F4F776F8DDE90E3000F001027B
S31508032A50002B63D1002A61D10C2F05D00D222946FC
S31508032A602046E6F703FC56E0484638A9F2F736FA55
S31508032A70002849D19DF8E030022B39D003D9DA1E54
S31508032A80012A88BF0323002684F800310C22012378
S31508032A902946204684F80861F4F76BF894F8003160
S31508032AA0042B2ED0012328BB626B84F8CC30C4F8E0
S31508032AB0042194F80A2994F80B399A4202D020463D
S31508032AC0F4F7A4F894F88B3905F00F05234493F823
S31508032AD0092932B195421EBFD4F8B8290132C4F880
S31508032AE0B8290F2D0CBF0125013583F8095936E797
S31508032AF00123C8E7C4F8046184F8CC3084F8085184
S31508032B00D7E70028FAD1D4E7F3F78BFE294602461E
S31508032B102046F3F7F5FF0028CBD058E7002184F8C1
S31508032B208819411004EB60000AB16258D3589847D4
S31508032B30012284F8882900287FF465AF3B46294695
S31508032B402046F3F76FFFE6E73B460622694910A8D6
S31508032B50F3F7F0FFDDE910A80723059308F001034F
S31508032B600693BAF1000F02D1002B3FF477AFB4F8FE
S31508032B70BA3012AAA4F8C03007934FF000034846A8
S31508032B8084F8BF30A4F8C26038A9F2F72DFF079B73
S31508032B90069A9E4288BFA4F8BA304FF0000304EBA6
S31508032BA0680084F888394FEA680312B1E35853F882
S31508032BB00AA0D047012384F8883900287FF423AF75
S31508032BC004F184063B4629463046059ADDF8E0803B
S31508032BD0BDF84890F3F7DBFA60B94A464146D4F89C
S31508032BE084000BF05AFF28B93046F3F711FB002887
S31508032BF03FF45FAF002232E707F5005393F85961B4
S31508032C0056B903F0D7FB07F5F6501830EAF79CFFD9
S31508032C1003F0AAFB3046F6E60D26FBE705221EE778
S31508032C20039B93F8D031002B3FF42AAC201DF1F710
S31508032C303EF800287FF424AC04F58F50D5F7BCFA88
S31508032C401EE400242C4B83F81D44EFF3108072B660
S31508032C502A4B5A8812B917F00EFAFEE7274D013A9E
S31508032C602B882E4605EB8301D1F80C90A9880133EE
S31508032C70B3FBF1F501FB15337280338017F0FBF9CB
S31508032C80B9F1000FE9D01E4D99F80C30EA7DC3F36C
S31508032C90800363F34102EA7599F80C30204603F082
S31508032CA0FB0389F80C30EA7DDB0963F30002EA7556
S31508032CB099F80C3003F07F0389F80C3099F8013042
S31508032CC0AB714B4613F80C2BAA802B6099F903308A
S31508032CD06B7599F80230AB75D9F80430AB62D9F83D
S31508032CE0081016F051FD049B63B9FEE748E0040893
S31508032CF0ACDC040800E0040840650020941A0020B0
S31508032D00401A0020994B28461A789B682A752B6126
S31508032D10D7F71DFA88B10378C3F38302032A0CD1C4
S31508032D209F070AD428680CF019FCAC8800F44050B5
S31508032D30092C02D9002800F0D782049B03F5005317
S31508032D4093F84838002B00F0CF82894B894E93F8C5
S31508032D501D84D6F89C3F06F58054002B00F0BF80EF
S31508032D60B8F1000F30D0B6F87C3F9E0606D5EB7D4A
S31508032D70980703D5297D286906F00CFC00238DF8EE
S31508032D8068308DF88830A36E0133A366A8F1080866
S31508032D90B8F1150F00F27681DFE818F05A047401CA
S31508032DA0740174017401740174017401740160047B
S31508032DB066046C04DE007204C100740174017401B4
S31508032DC074017401740135024146D6F8A02F6A4886
S31508032DD09847B6F87C3F990609D5EB7D9A0706D539
S31508032DE0297D286906F0D6FBB8F1000FC6D1B6F8D7
S31508032DF0E83F002B7CD103F045FB00238DF86830B0
S31508032E008DF88830A36E0133A36696F8483FD90731
S31508032E1040F138815848D7F77CF980460028B5D160
S31508032E2018A95548D7F73BFF534820A9D7F70FFFEB
S31508032E309DF868A0BAF1000F61D018A806F032FF12
S31508032E4007469DF88830012B03935AD0022B6CD082
S31508032E5049480DF12A01D6F7D5FE48B94FF6FF7250
S31508032E60BDF82A30934203D0B6F8502F9A4256D16A
S31508032E70BAF1010F60D0BAF1020F67D00399BDF812
S31508032E8080000CF0B4F800286CD0236F0133236755
S31508032E9028680CF07EFB002800F0168136480BA93B
S31508032EA0D6F74EFF9DF82C30052B40F0D18338A971
S31508032EB03148D6F765FF304812A9D6F751FF9DF872
S31508032EC04830082B03935DD0102B00F09680002B17
S31508032ED040F0BE83DDF80CA0284A18A991E0B6F89D
S31508032EE07C3F9F0680D5EB7D9B077FF57DAF77E714
S31508032EF0EB7D980744BFAB68C6F8F83F7BE75746B0
S31508032F009FE7BDF88030B6F8822F9A42A0D096F88C
S31508032F10482F520703D54FF6FF72934298D0D4F839
S31508032F208C300133C4F88C30DEE1154920A8D7F775
S31508032F302DFA00288CD1F2E7002F00F09B8338681E
S31508032F40796818AB03C302238DF868300C4918A8AF
S31508032F50D7F71CFA002891D0D4F89C300133C4F86B
S31508032F609C30C1E1E36E0133E36691E768610020B3
S31508032F7040650020F02A0020401A0020183A002055
S31508032F80763A0020002F00F06383B54828A9D7F7BF
S31508032F9054F89DF8A030D6F8DCAE013BDBB20AF054
S31508032FA07F0293428DF8A03022D00AF1FF3202F055
S31508032FB07F018B421ED00AF1010A0AF07F0293426F
S31508032FC040F04683A74ABB7F03F00F03072B0DD1B7
S31508032FD0BB69534500F23C8308D1389BF968581CF2
S31508032FE0814200F01681994200F2328318A908E05B
S31508032FF09D4AE8E792469D4AE5E74FF0000A9C4951
S315080330009C4A9748D7F74AF9002840F02183039B3F
S31508033010082B59D1BB7F03F00F03072B38D094F83D
S315080330205031DB0700F100814FF00008384695F967
S3150803303015100BF0BDFAD5F800A050460CF0A9FA06
S31508033040002848D0864828A9D6F78AFE9DF8A030D6
S31508033050082B40D1BB7F03F00F03062B04D0072BA5
S3150803306039D0012B40F006839AF8003003F00703A2
S31508033070032B07D138A806F0DFFD18B99DF8E03011
S31508033080042B28D0D4F8A8300133C4F8A8302BE190
S31508033090BB697A6953451CBFC7F818A03861389BC2
S315080330A001339342FB600AD97B61D6F8DC3E53456C
S315080330B0B5D2032251467048EAF772FCAFE7D6F851
S315080330C0DC3E9A45ABD9F4E794F85031D80700F1BA
S315080330D0AB80002FAAD196F8493F022B00F0B380A4
S315080330E0062B00F0CB80012B40F0D680D5F800A044
S315080330F09AF8001011F0070140F0A580E36F013339
S31508033100E367D6F8703F002B7AD038AF3C223846AF
S315080331108DF8A81015F08DF89AF800305B076FD173
S315080331200DF1A00A51464E48D7F7B9FD002867D1D5
S315080331309DF8A830022B63D19AE8030087E80300B9
S3150803314047480DF58971D6F7C5FD20B144480DF5F5
S315080331508971D6F757FDAB7941488DF816316B7DE2
S315080331608DF81731AB7D8DF81831D7F702F88246FB
S315080331703B48D6F7ECFFBAF11D0F05463AD940F698
S31508033180FF7302889A4235D183789BBBC3788BBB7E
S315080331900379032B2ED142799DF81931120962F36B
S315080331A003038DF81931427912A962F386138DF850
S315080331B0193143799DF81921C3F3C00363F3041244
S315080331C0831D129310233AA88DF819218DF84C30D4
S315080331D0D8F7C6FE3AA815F0DFFA01463AA8D4F797
S315080331E0BDFF68B1D5F81630CDF8F930D5F81A30E1
S315080331F0CDF8FD303846D6F8703FD6F8741F984791
S31508033200B8F1000F70D0D4F890300133C4F8903079
S315080332106AE096F8493F062BF5D194F850314FF0FA
S315080332201D08D9077FF502AF94F8503128686FF364
S31508033230C60384F850310CF091F9C2067FF549AFFD
S315080332400BF072F945E796F8582F96F8523F9A42CB
S3150803325022D0D4F884300133C4F88430D0E700BFD1
S31508033260401A0020B43A0020A43A0020943A0020D9
S3150803327080DC0408A43B0020C83900209DF8883068
S315080332803BB1A548D5F729F9002386F8493F03F04A
S31508033290EFF9B8F1000FB6D12B681F7807F00707C7
S315080332A0012F00F0C180032F05D0002FD1D1E36F82
S315080332B00133E36721E038A806F0BEFC9DF8E03049
S315080332C0042B17D0072B40F0A980D4F8803001339C
S315080332D0C4F8803096F8483FDC0705D5D80603D5E9
S315080332E039468E48D6F700FC49468D480BF0B1FAA5
S315080332F0FFF7C6B8A36F0133A36700238DF8083118
S315080333008DF812318DF8503194F80831990740F148
S3150803331081808448D6F71BFF07468248D6F729FFDC
S3150803332040A9ADF8E4007F483897D7F7B8FC0028DA
S3150803333070D10DF585717B48D7F789FC01460028BE
S3150803334068D118223AA814F074FF76483AA9D6F732
S31508033350C1FC18B173483AA9D6F754FC714828A991
S31508033360D6F750FC18B1BDF8E830ADF8A0304FF6E3
S31508033370FF72BDF8A03028689A1A534253419DF844
S31508033380ED2063F341028DF8ED200CF002F980B1CC
S31508033390644828A9D6F7E4FC9DF8A03013F0F70F84
S315080333A00CBF012200229DF8ED3062F300038DF86D
S315080333B0ED30AB795C4F8DF8EA306B7D8DF8EB30E9
S315080333C0AB7D8DF8EC30D4F81037BB4212D09DF89C
S315080333D0ED30DB070ED594F85931022B0AD140A8F4
S315080333E006F060FCA7F5B163834203D1A7F1080091
S315080333F0E9F788FE2B681B7803F00703012B09D12D
S31508033400BDF8E420389B042A12D91A7802F0C002C0
S31508033410802A0ED14148D6F7F3FAF1E6D4F8843078
S315080334200133C4F8843068E7636F0133636764E77D
S315080334307ED11A7802F0D802C02A7CD1002338A993
S3150803344012A80B93EAF7CAFC002840F0DC80BDF803
S315080334504C50002D40F0A480BDF848700BAA39469D
S3150803346038A80AF04AF9002840F0CD800B9D6B89ED
S31508033470BB4200F2C88039462846D3F7E7FF00283F
S3150803348040F0C180BDF84A3028466B61E9F76AFE09
S31508033490BDF8E83005F12C006B829DF8EA302B72F3
S315080334A09DF9EB10EAF7E0FB05F12E009DF8EC1009
S315080334B0EAF70DFC9DF8ED202B79284662F34103C4
S315080334C02B719DF8ED306A79C3F3400363F3000269
S315080334D06A7109F03BF9002840F0958096F8483F51
S315080334E0580704D42B79990701D506F02BFC0F4806
S315080334F001222946D4F763FC002006F041FC0B9D04
S31508033500AA896B899A4285D329460848D4F775FC54
S3150803351028460BF0E1FE7DE7083B0020383A0020F9
S31508033520E01A0020401A0020F8410020D03B002072
S31508033530002A3FF46FAF1B7803F0E003602B7FF498
S3150803354069AF002128AA38A828910AF0D6F828BB1B
S31508033550289DBDF8E83005F12C006B829DF8EA300A
S315080335602B729DF9EB10EAF77FFB05F12E009DF808
S31508033570EC10EAF7ACFB9DF8ED202B79284662F3AD
S3150803358041032B719DF8ED306A79C3F3400363F366
S3150803359000026A7109F0DAF80028B9D0289833E0EE
S315080335A0D4F8E01028A80BF0E5FD289BFBB1BDF87D
S315080335B048205989914215D1BDF84A005A69824271
S315080335C010D19A8995420DD1BDF8E4202A448A423E
S315080335D008DC19799DF8ED20C1F3400102F00102D8
S315080335E0914203D028A8D3F70BFFDEE70B9396F88F
S315080335F0483F0B9D5A070DD475B99DF8ED30DB0787
S3150803360001D506F09FFB0B9800283FF403AFD3F7C9
S31508033610FDFEFFE6002DF6D0BDF8E430389A2846BD
S31508033620A989D4F74FF92846BDF8E410D3F78FFFD5
S315080336309DF9EB1005F12C00EAF716FB05F12E00B0
S315080336409DF8EC10EAF743FB2846E9F78BFD56E7A6
S31508033650D4F8A0300133C4F8A03045E6D4F8A43032
S315080336600133C4F8A4303FE6D4F894300133C4F8E0
S31508033670943039E6D4F898300133C4F8983033E6F1
S31508033680D4F888300133C4F888302DE64FF4007037
S3150803369015F0DCFF054638B121464FF4007015F0E6
S315080336A0BDFF0F22FEF712BF4FF4806015F0CEFF61
S315080336B0044640B129464FF4806015F0AFFF2C4607
S315080336C00E22FEF703BF01464FF4805015F0A6FFFE
S315080336D00B22FEF7FBBE0949A1F12400E5F750F9D1
S315080336E000287EF410AFFEF750BA20460449E5F7E2
S315080336F05DF920460349FEF709BF00BF54180020A9
S315080337006564000830180020064BD3F8F00A08B998
S31508033710D3F8F80AD3F8EC3A13B1984228BF1846F7
S31508033720704700BFF02A002030B51B49026AD1F85A
S31508033730F83A32F0004208BF1A46184C436AD1F8E1
S31508033740FC5AA24228BF2246002B08BF2B46A34297
S3150803375028BF2346C07D934238BF1346052808D899
S31508033760032808D9D1F8F42A8AB193420FD0002046
S3150803377010E00628FBD1D1F8F00A08B18242F6D147
S31508033780D1F8F40A08B18342F1D1C1F8F02A01202D
S31508033790C1F8F43A30BD00BFF02A00209AC42000CD
S315080337A02DE9F043C5B004460D4691460021202273
S315080337B001A81F4614F03DFD2022002109A814F094
S315080337C038FD2022002111A814F033FD28220021F8
S315080337D019A814F02EFD0021802224A8239114F0A1
S315080337E028FD0CB105B12FB96FF08605284645B0FB
S315080337F0BDE8F083B4F80080638808F4E042B2F5C4
S31508033800804FF1D0DA1DB9EBD20F4FEAD206EBD3CC
S31508033810202E51D847F21212904506D047F241128C
S3150803382090450BD06FF08505E0E7E02B4AD0B3F55A
S31508033830807F4ED0C02BF5D1274B44E0FF2BF1D127
S315080338403946B4462022254B254809932023CDE93A
S3150803385015120D9029460E934A46204601ABCDF81C
S3150803386048C0D9F7D5FF05460028BFD14FF4005302
S3150803387019A80B9316F098FC08BB11AB09AA01A962
S3150803388019A8DBF78FFB044610B14828ACD1C9E762
S3150803389047F2121398450CD10DF18C08324641466E
S315080338A0384614F0E5FE234608F804300134842C20
S315080338B0FAD14C9B1E6099E76FF0890596E76FF07E
S315080338C0920593E7074B842207484FEA460C23A938
S315080338D0BBE7064BF7E700BF18000080200000B0DF
S315080338E0D46800201C000080D568002020000080D2
S315080338F0F7B500F1310525F00105AB8904460B2B15
S315080339000F4616463DD8C3F10B031B010C29DBB240
S315080339101DD8C9B20DF101020B4369468DF8003073
S315080339206389521A3B4413FA82F3B3F5007F26D20E
S31508033930204692B2D4F708F838B90B233A463146EB
S315080339402046AB81D4F700F8E8B103B0F0BDB1F572
S31508033950867F07D8A1F10D028DF801200D210DF1FF
S315080339600202D9E76FF486728A18C2F307218DF823
S3150803397001108DF802200E210DF10302CCE7032076
S31508033980E3E70720E1E763892B82DEE7064890F839
S31508033990483FDB0705D500F6587100F65C70D5F786
S315080339A086BF0B20704700BFF02A002010B50446D7
S315080339B00089216818B1BDE81040ECF799B84B891E
S315080339C02381054BD3F84C0BE7F735FF10B921686C
S315080339D0E088F0E710BD00BFF02A00200023F0B509
S315080339E005460E46ADF5037D144F00934FF6FF7259
S315080339F06946384601ABF3F7C3FE044608B11724F4
S31508033A0017E04AF6AA7202999DF80C309142EDD155
S31508033A102A799A42EAD128460DF10D01D8F797FA81
S31508033A200028E3D09DF80A31DB07DFD59DF804307B
S31508033A30337020460DF5037DF0BD00BF28400020F6
S31508033A4073B51546044678B10222D3F73BFD022126
S31508033A506846E5F773F9022269462046D3F752FD0D
S31508033A6030B12046D3F7D2FC0024204602B070BDFD
S31508033A70114B53F825502B461E4613F8012B7AB9DA
S31508033A80284614F089FE2A4681B22046FFF730FFFE
S31508033A900028E6D12046D4F74FF80028E5D0E0E71A
S31508033AA02F2AE9D1711B2A46204689B2FFF720FF40
S31508033AB00028D6D1751CDEE740D604084FF4805398
S31508033AC070B506464B8001F10E000C46154606F006
S31508033AD0E9F8B0B1144B93F8683FDB0709D594F8B6
S31508033AE0213043F0020384F821304FF400536380F6
S31508033AF007E090F830309907F7D45A07F5D41B072F
S31508033B00F3D47DB16B89B3FA83F35B0994F8212067
S31508033B10314663F3820284F821202046BDE87040CB
S31508033B20D6F772B90123F1E7F02A002030B5124B14
S31508033B3085B001930546FFF7E7FD0C46014601A844
S31508033B40D8F79EFC4FF480532046ADF80C30FFF7A8
S31508033B502DFF70B90A22206801A9D3F7F5FE40B9EB
S31508033B60102229462068D3F7EFFE10B9638901337B
S31508033B70638105B030BD00BF001C00012DE9F04F7D
S31508033B80036A0C4643F0004303620968C67D05468B
S31508033B908FB00068B1F80A90E7F74DFE8346002810
S31508033BA040F01B812168E088EBF7A2FF83460028D3
S31508033BB040F01381043EF6B2012E00F2B1800146AD
S31508033BC0AC4A049204A8D8F75BFC20680A2204A925
S31508033BD04789D3F7B9FE8346002840F0FE8021685B
S31508033BE06868B1F80A80E7F71AFE8346002840F0AA
S31508033BF0F48048462168EBF77BFF8346002840F0AC
S31508033C00EC8039462068E7F7F3FF6289013262815F
S31508033C10AA68002A40F08A8040462168EBF768FFC5
S31508033C208346002840F0D9804FF0FF2201460AA8B0
S31508033C300A92D8F725FC0A2220680AA9ADF830B0FB
S31508033C40D3F782FED9468346002840F0C6806289A8
S31508033C50012E02F10102628140F2BF8040462168CB
S31508033C60EBF746FF002859D1834A0A92FFF74CFD22
S31508033C7001460AA8D8F704FC6A8A206852BAADF83E
S31508033C803220AA8A0AA952BAADF834202A8A52BA25
S31508033C90ADF8362010224689D3F756FE00283DD1C3
S31508033CA02046FFF783FE002838D131462068E7F718
S31508033CB09FFF62894046013221686281EBF718FF4C
S31508033CC060BB6E4A2068049204A90A224789D3F77F
S31508033CD03BFE18BB8DF81C905E464FF03D092268E3
S31508033CE095F8168008925289ED68ADF82420B2B289
S31508033CF090455AD89DF81C20002A00F0A780012A6F
S31508033D0000F0B58000220DF10F018DF80F2007A8EA
S31508033D100122D3F72CFF002800F0A18083465CE03C
S31508033D20574B0493FFF7F0FC01464BE7012E7FF64A
S31508033D3073AF5F46DA46AA68BBB252F82300216816
S31508033D40019300283FF468AFE7F769FD8346002827
S31508033D5043D1019B216833BB4A48B1F80AA0E7F768
S31508033D605EFD8346002838D148462168EBF7C0FE36
S31508033D708346002831D120680A22438904A901937E
S31508033D80D3F7E2FD834640BB40462168EBF7B0FE16
S31508033D900137834608BB01992068E7F729FF63893A
S31508033DA001336381C7E75046E0E728688DF80E902C
S31508033DB058B9696831B12A8922B107A8D3F7D7FE5A
S31508033DC00028ABD101360C3591E74FF48071D4F74F
S31508033DD0FFF8824628B94FF0070B58460FB0BDE8DF
S31508033DE0F08F6A6862B98DF80F0001220DF10F0191
S31508033DF007A8D3F7BCFE002890D152462968DCE70A
S31508033E002A8911180131FF29E5D8013202448DF8B0
S31508033E100F200DF10F01012207A8D3F7A8FE0028EA
S31508033E207FF47CAF5246296807A8D3F7A0FE00287B
S31508033E307FF474AF01220DF10E0107A8D3F797FE9D
S31508033E4000287FF46BAF2A896968B6E7089ABDF834
S31508033E5024105289521A92B2002A3FF453AF3946B4
S31508033E602068E7F7C5FE628901326281B5E7BDF8C6
S31508033E702420F1E7000C00FE0021000100100001D8
S31508033E80000C0001D6E00408094B186F00F0070080
S31508033E90431E032B03D8DFE803F0060809040020B2
S31508033EA0704708207047022070470520704700BFF7
S31508033EB000800050044A054B013800D2704753F876
S31508033EC0041B42F8041BF7E7C06E0020C061000814
S31508033ED030B5134B01461B7803B3EFF31184302334
S31508033EE083F311880F4A00231546107B58B90B60D4
S31508033EF001211A0105EB03131973A85084F31188DA
S31508033F00BFF36F8F30BD0133082B02F11002ECD1DA
S31508033F1084F31188BFF36F8F0348F3E70348F1E788
S31508033F203C650020B4620020048000F0028000F0A3
S31508033F30F7B50646C06E0F460AF04BFD0546A0B117
S31508033F400122304601A9F5F702FB044630B129469A
S31508033F5030460AF03AFD204603B0F0BD019BC3E99B
S31508033F600050988118773B60F5E71A24F3E72DE9A3
S31508033F70F743DDF82C80054616461F460C4629B935
S31508033F806FF08604204603B0BDE8F083002AF7D015
S31508033F904B880733B7EBD30FF2D30B88B3F5105F10
S31508033FA030D100F104097C220021484614F041F976
S31508033FB0174B20462B603A464B463146D9F728FC21
S31508033FC004460028DED1019001A94846D9F7F8FB33
S31508033FD0D8B9019AA2F110011029D1D80D4BCB40BB
S31508033FE0DB07CDD50D9B1A440C9B9A42C8D840468D
S31508033FF0696914F03DFB9DF82830C5F8148085F8E7
S315080340003030BFE76FF08504BCE76FF09204B9E779
S31508034010000248050101010010B50368114C024668
S3150803402023F47E10A04206D004F58074A04204D07F
S315080340306FF0880012E0D80311D41B0C13F03C0F61
S315080340400DD003F03F03102B09D8536A002BEFD189
S31508034050906A0028ECD10523C2E90D3110BD6FF033
S315080340608600FBE7000140052DE9F04FADF5057D18
S3150803407004468A461546002128227AA8DDF83CB26A
S31508034080009314F0D6F87AA816F08EF8002840F0B4
S315080340909D8122688C4922F47E138B4213D194F8AE
S315080340A07D308A4E8E992B448B4200F28983BAF16E
S315080340B0000F01D0009B73B9002D40F084836AB9C1
S315080340C06FF088000BE082498B4240F0768394F8C0
S315080340D07030804EE6E7002AF2D025B900200DF5A8
S315080340E0057DBDE8F08F636A3BB9A26A2AB9114612
S315080340F02046D9F7BEFE0028F1D1744B9E4200F044
S31508034100B6810027CBF80070D4E90C325B1952F15B
S31508034110000228BF0127002F40F058816FF01F01C6
S3150803412099424FF00F039341C0F0508194F8709071
S31508034130231D0193B9F1000F00F04B8104F16003CD
S31508034140019303EB090005EB09030F2B0ED82A4647
S31508034150514614F08DFA94F870302B4484F8703075
S31508034160CBF80070A36A2B44A362B7E7C9F110031F
S315080341705FFA83F84246514614F07AFA94F872E0E5
S31508034180554856490123BEF1000F08BF014604F1FD
S3150803419040063B960DF1500C3C933BAA3D9107CA4A
S315080341A08CE8070001990DF15C0C38914C49399359
S315080341B038AA3A9107CA8CE8070000984849359007
S315080341C035AA36930DF1680C379107CA8CE80700B0
S315080341D04148329632AA33931DAB349007CA83E813
S315080341E00700404A94F871103F4B201D012908BF68
S315080341F01346BEF1000F0CBF0322012277A913430E
S31508034200CDE97A377C978297D9F7A4FC002840F042
S31508034210DD8077997AA815F0CEFF39467AA815F086
S31508034220CAFF10217AA815F0C6FF20A9201DD9F7C1
S315080342306AFD002840F0CA8020A97AA8D9F7A0FD0C
S3150803424023A9201DD9F776FD002840F0BF8023A9AE
S315080342507AA8D9F795FD14A97AA8D9F791FD17A9CC
S315080342607AA8D9F78DFD1AA97AA815F0ADFF7AA809
S315080342701DA915F0A9FF7AA815F04CFC28B1202230
S315080342803946304613F0D5FFA0E0D4E90C32103393
S3150803429042F10002C4E90C32009BA5EB0806103371
S315080342A00F2E84F87270009320D8324601980AEBD1
S315080342B0080114F0DDF9A5F110034B4484F87030B6
S315080342C01023CBF800304DE70001400500015005E7
S315080342D00002400500025005200000200C000020C3
S315080342E0100000200000030400000204C14684F8FD
S315080342F07070DBF800301033CBF8003016F00F027D
S315080343000AEB090710D0102E04F160005FFA86F84D
S3150803431061D926F00F0606EB0901514408F00F0888
S3150803432014F0A6F984F87080D4E90C3294F872C0B4
S315080343309B19DFF8CCE2AC4942F10002C4E90C321E
S31508034340BCF1000F08BF7146012304F14008CDF8FC
S31508034350BC802FAA30930DF1080A319107CA8AE85F
S3150803436007002C9746F000572D932CAA2E970DF18C
S31508034370140907CA89E80700009929AA29912A93E3
S315080343802B9708AF07CA87E80700CDF8988026AAAF
S3150803439027930BAFCDF8A0E007CA944B87E807002D
S315080343A0934A94F87110201D012908BF1346BCF1DE
S315080343B0000F0CBF0322012213437A93002377A924
S315080343C0CDE97B338293D9F7C5FB60B16FF09200D1
S315080343D085E62E4692E73246394614F049F9002314
S315080343E084F870806DE7779900907AA815F0E3FE54
S315080343F0009B7AA8194615F0DEFE31467AA815F011
S31508034400DAFE0EA9201DD9F77EFC0028DED10EA9F7
S315080344107AA8D9F7B5FC11A9201DD9F78BFC00900A
S315080344200028D3D111A97AA8D9F7AAFC51467AA8A4
S31508034430D9F7A6FC49467AA8D9F7A2FC08A97AA807
S3150803444015F0C2FE39467AA815F0BEFE7AA815F00D
S3150803445061FB009B18B120221946404612E7DBF898
S3150803446000303344CBF8003084F872007AE6236BC5
S31508034470626BE9189142A9D8EB184FF00007A5D249
S31508034480009B5A195B4B9A42A0D8CBF8007094F854
S315080344907D30EA180F2A0CD804F16D0018442A4611
S315080344A0514614F0E5F894F87D302B4484F87D30B2
S315080344B058E6261D002B00F0CB80102B86D804F176
S315080344C06D08C3F1100208EB0300514614F0D0F847
S315080344D0236B626B1033934201D11023E6E7012362
S315080344E0DFF81CC104F14D09CDF8DC910DF5A07E6A
S315080344F0789377AACDF8E4C107CA8EE80700DFF8F0
S3150803450004E1CDF8D08174AA75930DF5A678CDF894
S31508034510D8E107CA88E80700009A0DF5AC787192C6
S31508034520729371AACDF8CCE107CA88E80700CDF8DB
S31508034530B8916EAA6F9359ABCDF8C0C107CA83E881
S31508034540070094F84C102C4B2C4A3046012908BF17
S3150803455013466BA9CDE97A377C978297D9F7FAFA86
S3150803456000287FF433AF6B997AA815F024FE10213F
S315080345707AA815F020FE30465CA9D9F7C4FB0028B3
S315080345807FF424AF5CA97AA8D9F7FAFB30465FA96A
S31508034590D9F7D0FB074600287FF418AF5FA97AA896
S315080345A0D9F7EEFB50A97AA8D9F7EAFB53A97AA853
S315080345B0D9F7E6FB41467AA815F006FE7AA859A963
S315080345C015F002FE7AA815F0A5FAE8B12A46394687
S315080345D0009813F02EFE20223946484613F029FE8A
S315080345E0CBF80070F2E600BF0C00002000000204BE
S315080345F00000030400000820030005040300060462
S315080346002000002010000020236B94F87D2010332F
S315080346102363009B84F87D0010330093A5F11003F0
S3150803462003EB0208C2F110029244DBF800201032B1
S31508034630CBF80020B8F10F0F0CD84246514604F1C7
S315080346406D0014F015F894F87D2002EB08032DE7A6
S31508034650A846EFE718F00F020BD0D7B2A8EB02086B
S315080346600AEB08013A4604F16D0014F001F884F8E0
S315080346707D70226B616B4244914217D194F87D2079
S31508034680A2B9A8F110080AEB080204F16D0102F1B8
S31508034690100052F8047B824241F8047BF9D11022B8
S315080346A084F87D20B8F1000F3FF45CAD012704F1CF
S315080346B04D036B930193454B6C9748F0005E6D93DE
S315080346C00DF1F8096BAA07CA0DF5827C89E807007C
S315080346D0CDF8A0A168AA6997CDF8A8E107CA8CE81E
S315080346E00700009A0DF5887A6592669765AACDF84C
S315080346F09CE107CA8AE80700019A6292639762AA4D
S3150803470047AF649307CA87E8070094F84C00304913
S31508034710304A012808BF0A467A92002230464DA934
S31508034720CDE97B228292D9F715FA00287FF44EAE9B
S315080347304D997AA815F03FFD41467AA815F03BFD39
S3150803474030464AA9D9F7DFFA00287FF43FAE4AA9CB
S315080347507AA8D9F715FB30464DA9D9F7EBFA0646D9
S3150803476000287FF433AE4DA97AA8D9F709FB494641
S315080347707AA8D9F705FB41A97AA8D9F701FB5146C7
S315080347807AA815F021FD7AA8394615F01DFD7AA8F1
S3150803479015F0C0F940B142463146009813F049FD79
S315080347A02022314601986DE5DBF800204244CBF818
S315080347B00020226B42442263D4E46FF085008EE422
S315080347C06FF089008BE46FF0860088E420000020F0
S315080347D003000604030005042DE9F04F0446AFB0B1
S315080347E00D4690460021282224A81E46399F13F019
S315080347F020FDB4F802A00AF03F09B9F1080F00F248
S315080348001381B8F1FF0F00F21281389B002B00F0D9
S315080348100E81002333602368002B00F00B81636A43
S315080348202BB32368854A23F47E1393422DD124A8F8
S3150803483015F0BAFC002831D194F84C30002B37D147
S31508034840D4F848A0D14546D394F87DB05FFA88F8E2
S31508034850C34540D8626B04F16D08002A4FD152460E
S315080348604146389813F004FFA36C3B6044E0A26A00
S31508034870002AD6D111462046D9F7FBFA83460028E3
S31508034880CFD058462FB0BDE8F08F6D4A24A893427F
S3150803489007D015F089FC002800F0C3806FF0920B4F
S315080348A0EFE715F081FC0028F8D194F871303BB195
S315080348B06FF0860B24A815F077FC0028E1D0EDE706
S315080348C01AF03C0F04F1300004F104025FFA89F38D
S315080348D05FFA88F102D100233B60E9E7CDE90035A9
S315080348E0CDE90216389B24A9D9F7A8FFC7F8009083
S315080348F00546002840F086804FF0000BDAE74FF0B4
S31508034900010E221D059204F14D0218924D4ACDF867
S3150803491064E00DF1180C1A9218AA07CA8CE8070066
S31508034920CDF86C804BF00058CDF870E00DF1240CEF
S31508034930CDF874801BAA07CA0DF130098CE8070065
S315080349401E951EAACDF87CE0CDF8808007CA89E8B3
S315080349500700389A0DF13C0821924AF00052CDF827
S3150803496088E0239221AA07CA88E80700364A15A9C8
S31508034970201DCDE9242326932C93D9F7EBF8054676
S3150803498000283FD1159924A815F015FC514624A8EB
S3150803499015F011FC594624A815F00DFC12A9201D83
S315080349A0D9F7B1F9054668BB12A924A8D9F7E8F9D6
S315080349B015A9201DD9F7BEF9054618BB15A924A8BC
S315080349C0D9F7DEF906A924A8D9F7DAF909A924A893
S315080349D0D9F7D6F9494624A815F0F6FB94F84C30CE
S315080349E04146012B24A815D1D9F7CAF924A815F0ED
S315080349F091F8054688B10021A26C389813F019FC82
S31508034A00002333700023212D3B603FF451AF6FF031
S31508034A10920B4FE715F0D8FBE8E794F87D3033702F
S31508034A2022E76FF0850B45E76FF0890B29E76FF0EF
S31508034A30860B26E76FF0880B23E700BF00014005C6
S31508034A400002400520000020020005042DE9F84372
S31508034A50436E044613F018060D4644D15907426AB5
S31508034A603DD4042A3FD9017843F0040381EA12218D
S31508034A700170417843664A4042704FF0050804F1D5
S31508034A803807E26A0023023202F00F02C2F110006D
S31508034A90404528BF404604EB020C03F1040E70455B
S31508034AA00CEB030122D2984229D8E36A0244034451
S31508034AB0102AE362A8EB0008054402D0626A93420F
S31508034AC027D1224621463846DCF7AEF808B3064610
S31508034AD0636E43F0100363663046BDE8F883C36A22
S31508034AE005339342C9D96FF00C06F5E7E9585CF824
S31508034AF0039081EA09014CF803107346CDE715F8CC
S31508034B0003E091F800C001338CEA0E0C01F801CBDF
S31508034B10C9E7B8F1000FB4D1E26A636A9A42DBD1F6
S31508034B20636EC4F82C8043F008036366D4E72DE963
S31508034B30F04FA7B00446DDE933970E4615469B4664
S31508034B40DDF8C480002B00F0B880359B002B00F0FD
S31508034B50B480B8F1000F03D0309B002B00F0AD8072
S31508034B603DB1329B002B00F0A880B9F1000F00F08D
S31508034B70A4803B1F0C2B00F2A0803368103B102B3C
S31508034B8000F29B804E4A22FA03F3DB0740F1958035
S31508034B904C4B0DF18C0A43EA072323600023514645
S31508034BA0C4E9013323623046D8F7D4FF0346002805
S31508034BB07FD12046239915F0FEFA4146204615F083
S31508034BC0FAFA2946204615F0F6FA304602A9D9F725
S31508034BD09AF8034600286CD1204602A9D9F7D0F8DB
S31508034BE0304605A9D9F7A6F80346002861D1012658
S31508034BF0204605A9D9F7C4F8334BCDF88CB02496CB
S31508034C00259308AB9AE8070083E807001946204668
S31508034C10D9F7B6F8309B20AA209348F0005321967B
S31508034C2022930BAB07CA83E8070019462046D9F730
S31508034C30A7F8329B45F000581D931DAA1E960EAB86
S31508034C40CDF87C8007CA83E8070019462046D9F7BA
S31508034C5097F8359B47F000571A931AAA1B9611AB78
S31508034C601C9707CA83E8070019462046D9F788F828
S31508034C70CDF85C9014AB189617AACDF8648007CACA
S31508034C8083E80700B9F1000F03D1169A42F0804270
S31508034C9016921946204615F097FA204614F03AFF5D
S31508034CA0034630B101902A460021484613F0C1FA5B
S31508034CB0019B184627B0BDE8F08F2123F9E700BF0B
S31508034CC001010100000003040C0000202DE9F04F48
S31508034CD0A1B08946DDE92B540746CDE907232D9E66
S31508034CE0B0B3B0F800A00AF4E043B3F5005F32D1DD
S31508034CF0CAF30222042A2ED1072C29D94FF0080811
S31508034D0009932DB3A4EB080405EB040B4246594655
S31508034D100AA813F0ADFCB9F1000F19D02A9BBBB151
S31508034D20099B0EB92E9A9AB9B3F5005F16D1CAF341
S31508034D3002231A1F53425341DB00BAF5105F07D10A
S31508034D407A8822F0400180290AD0B2F5807F07D0FD
S31508034D506FF0860716E04FF00008D1E70023ECE76B
S31508034D60002BF5D02822002116A813F062FA202278
S31508034D7000210EA813F05DFA16A815F015FA28B146
S31508034D806FF09207384621B0BDE8F08F384649469A
S31508034D90079A0EABD8F73CFD07460028F2D12E9B9F
S31508034DA09C4221D8B54207D2B34505D9294622469E
S31508034DB0304613F0E2FB35460AABCDE904830523F7
S31508034DC001932A9B22460093CDE90256089B0EA916
S31508034DD016A8FFF7ACFE2128BAD02C2807D000283E
S31508034DE0CED12F9B1C60CDE76FF08907CAE76FF01A
S31508034DF09407C7E7034B5A68D20702D55A6D02428E
S31508034E00F9D1704700C0085010B540F6FF70FFF798
S31508034E10F1FF0823214C2249A363FFF7EBFF022383
S31508034E205020A363FFF7E6FF4B68012B04BF1D4A17
S31508034E3053604B689807FCD48B6C194B9A6C120613
S31508034E4029D49A6C4FF48072144CA2639A6C12F0AC
S31508034E500072FBD1042113482161016121610161BB
S31508034E6021610161216101612021196141F2020178
S31508034E70DA609A6059614FF4A02159620A49DA61E6
S31508034E801A629A619A659A62DA621A65C1641A6342
S31508034E905A631A6310BDDA6BD0E700BF00D0085017
S31508034EA000C0085000E00850FF3F0D03F7B5002384
S31508034EB004460D46012700F1B4062B60B4F8BA2060
S31508034EC0B4F8BC309A4202D1002003B0F0BD304694
S31508034ED00DF10701F0F702F80028F6D19DF807301F
S31508034EE01F2B04D82A6807FA03F31343E5E70720B9
S31508034EF0EBE7144B93F87A22052A07D102220270AC
S31508034F0093F87D32012B15D91720704701220270B9
S31508034F10B3F88022012A0FD893F87A22042A0BD0F1
S31508034F2093F87D32062BEFD8012A03D0022B01D83A
S31508034F30002303700020704793F87D32022BE3D8D1
S31508034F40F6D1F7E7F03A0020F7B505460E460146CF
S31508034F5021481746D4F7A3FCD8B10F2009F05CFE05
S31508034F600446B0B100220379057243F002031B4DD0
S31508034F70037195F8523F8DF800205BBAADF80130FE
S31508034F806A4603231421D4F710F920B12046D2F731
S31508034F903DFA03B0F0BD012F1AD14FF0807300908C
S31508034FA001936A46082316212046D4F7FEF80028FB
S31508034FB0ECD115212046B5F8502FD4F736F9002839
S31508034FC0E4D131462046EAF723FD0028E1D0DDE7A0
S31508034FD02046E9F7DBF8EAE7443A0020F02A0020FE
S31508034FE07FB505460E466C46054B0FCB84E80F0086
S31508034FF0324621462846FFF7A7FF04B070BD00BF17
S3150803500004CB0408F0B5DFB0054624A80C460AF01D
S3150803501006F8182200210DEB020013F00AF93D4B9E
S31508035020012C05934FF00D038DF8203025D02B68FE
S315080350305B89AB812868E6F728FC0446B8B9286873
S315080350401C2205A94689D2F77FFC044678B9284667
S31508035050FEF7ACFC044650B94022286814A9D2F7D7
S3150803506073FC044618B931462868E6F7C1FD24A837
S3150803507009F0CBFF20465FB0F0BDA9892868D2F7AF
S31508035080E5F928681C2205A94689D2F75DFC04467A
S315080350900028ECD1204F2968D7F84C0BE6F7CBFB51
S315080350A004460028E3D12968D7F8480BE6F7F8FB46
S315080350B004460028DBD124A8D4F760FB296806F147
S315080350C00A024B8992B20A3B9B1B9BB224A8D4F7CC
S315080350D06EFB22463346296824A8D4F768FB0CA935
S315080350E024A8D4F77FFB04AB02934023019314ABA4
S315080350F000930A4920230CAA2869FBF733FFE3F731
S3150803510077FC04460028B2D131462868D2F79EF9BF
S3150803511090E700BF001800FFF02A002009060006E2
S315080351202DE9F04104468EB003A8E7F723FF03A849
S31508035130E7F720FF237833B194F8A010042902D0A7
S315080351401DD8032936D003A8E6F764FFA0B903A937
S3150803515004F13E00E9F73CFB70B994F87A300BB1D9
S3150803516084F87A00012220461146E7F733FF012225
S31508035170204603A9E9F7ECFC0EB0BDE8F0814B1F06
S315080351805E425E4194F87A30012BDCD80025114F34
S3150803519004F13E0808A8E7F7EDFE0023CDE901333D
S315080351A000973146684608AAF1F720FF20B1002D7B
S315080351B0F0D1C8E70026E5E735B103AD08AE0FCE53
S315080351C00FC533682B80BEE7404608A9E9F700FBFD
S315080351D00546E6E7284000202DE9F0410C4605463A
S315080351E0164694B004A8E6F77BFA2B4B01A8C5E943
S315080351F00034139B002B18BF1E46B489E6F706FB3B
S3150803520021460C233046AE6001AAD2F742FA04F1CE
S315080352100C01002489B2BDF80830A2B25BBA9BB26E
S315080352209342ADF802102BD8BDF80A80298298FA62
S3150803523098F81FFA88F20DF102013046E6F705FDE4
S31508035240BDF80C70BDF802307FBAAB82BAB20DF165
S3150803525002013046E6F7F9FCBDF80E40BDF8023008
S3150803526064BA30462B83A2B20DF10201E6F7EDFCD0
S315080352701298A5F81280EF826C8314B0BDE8F0810A
S315080352800DF102013046E6F756FBBDF8021001346C
S31508035290043189B2BFE700BFF01A002010B5C2B0C7
S315080352A0044601A809F05DFE074801A9D6F762F886
S315080352B010B1172042B010BD214601A8D6F7E0FA6F
S315080352C00028F7D0F5E700BF603900200D4890F8AD
S315080352D04331032B14D903F0FC02FC2A10D0FC3308
S315080352E080F84331DBB2032B0AD890F851310121F8
S315080352F06FF3071380F8513100F59C70D4F7F8BAA9
S31508035300704700BFF03A00204FF6FF63F0B5244C10
S31508035310ADF5037DB4F86E26B4F85C519A4213D002
S31508035320002304F5A76600932A466946304601AB6F
S31508035330F2F726FA58BBB4F86E369DF804205BBA22
S31508035340103BDBB29A42EFD100234FF6FF67154EA7
S3150803535000932A466946304601ABF2F711FA10B1B3
S315080353600DF5037DF0BD9DF80430B4F86E16A3F56C
S315080353707C734ABA9BB292B29A42EAD0B942EFD147
S315080353805BBA0948A4F86E3604F06AFAE1E70648F8
S3150803539004F02AFA4FF6FF63A4F86E36D4E700BF83
S315080353A0F03A0020284000205041002030B5C3B011
S315080353B0054601A809F0D5FD0E4801A9D5F7DAFF78
S315080353C0044628B9352101A8D5F76CFE18B9172460
S315080353D0204643B030BD6946D6F736FC0028F7D1D8
S315080353E0054B009AD3F8543F13402B60002BEFD19B
S315080353F0EDE700BF34390020F02A0020002313B557
S31508035400044601A80193FFF7D1FF18B1044BD3F85B
S31508035410543F0193214601A8D4F749FA02B010BDB7
S31508035420F02A002030B5032200250B4B85B004462D
S31508035430596801A8019502938DF80C20E7F7FEF841
S31508035440019B0BB905B030BD1A7D01A8A24208BF5E
S315080354501D75E8F7EFFCF3E72432002038B50D464F
S315080354600446A8B144220221D2F72CF805F13103E8
S3150803547023F001035A8804F1310323F00103294673
S3150803548020465A80D2F758F828B12046D1F7BEFFEE
S315080354900024204638BD2046D2F74EFB0028F8D014
S315080354A0F3E7012810B5044600D8FEE7D2F760FDF6
S315080354B0013C83B2B3FBF4F204FB1230013080B231
S315080354C010BD064B93F89E0110F00F0004D0B3F8F5
S315080354D0A001831E58425841704700BFF03A002086
S315080354E030B51D4C054694F85B3185B09B0702D44D
S315080354F0FFF7E7FFB0B14FF6FE73B4F890269A426A
S3150803550010D0164801A9D1F793FEA5B90299B1F5AA
S31508035510967F38BF4FF49671480801300939D2F798
S315080355203BFD0EE00023C4F8B0360D4805B0BDE8D0
S315080355303040EDF766BABDF80600012809D9FFF72A
S31508035540B0FFD4F8B0360BB18342EED9C4F8B0062F
S31508035550EBE70120F5E700BFF03A00208041002081
S31508035560A04100201FB50C4B0146B3F890264FF611
S31508035570FE739A420DD001230DF1070202A88DF896
S31508035580073002928DF80C30FEF728FA05B05DF85D
S3150803559004FB1720FAE700BFF03A002070B5B0F90C
S315080355A000600C460EB1172070BD01233C4D0380E5
S315080355B095F89E3103F00F03072BF4D128223146C1
S315080355C0204612F036FED5E9600184E80300D1F7D8
S315080355D03BFED5F88831C01A4FF47A73B0FBF3F063
S315080355E0A060B5F89C3105F5D1702382D5F88C31C6
S315080355F06361D5F89031A36195F8A431C3F3010328
S315080356002377E8F756FB607795F9A53105F5D17049
S31508035610A377E8F74EFB643040B220EAE070E07700
S31508035620B5F8A63194F826202384B5F8A8316384FF
S3150803563095F89E317F2B94BF0023012363F3000261
S3150803564084F8262095F89E31D2B2C3F3401363F348
S31508035650410284F8262095F89E31D2B21B0963F3DA
S31508035660820284F82620B5F8A031A38495F89E31E2
S3150803567003F00F03072B0AD10A48D3F7F0FD4FF4BB
S315080356807A72002312F0E4FBD5F8B461861B94F80A
S31508035690263000206FF3C303E66084F8263083E7D9
S315080356A0F03A0020041B002038B504460D4604F0E2
S315080356B0C5F8A0B1A37C03F00103AB420FD0224681
S315080356C000210748E6F767FFA37C224665F3000334
S315080356D0A3740121BDE838400148E6F75CBF38BD2D
S315080356E02432002073B513880E460446ADF80430F9
S315080356F030B3272924D9037803F0F003602B1FD18D
S3150803570083885BBA9BB22833B3F5A06F18D899423E
S3150803571016D1008840BAC0F38510E6F71CFC0021B1
S315080357208DF8050001AA084604F044FC054638B17D
S3150803573032462146D2F708F918B12846D1F766FE4C
S315080357400025284602B070BD13B50368007931B148
S315080357504C780344023421445B1AD8B20B460093AF
S315080357608DF8040000234AF6AA716846EDF7AEFEE3
S3150803577002B010BD10B4144B93F8432193F851416A
S3150803578002F0FC01FC291CBF043283F843210028DC
S3150803579008BF082093F851211109814238BF0146F1
S315080357A061F3071283F8512193F85031DB0707D5C4
S315080357B00F2C05D8012105485DF8044BD4F798B892
S315080357C05DF8044B704700BFF03A0020283C0020E0
S315080357D01FB5002348F2FE020B608DF80C300388D0
S315080357E00C4623F47C53934202D0132004B010BD15
S315080357F000F1080101A8D4F7C0FD022301A88DF81A
S315080358000C3004F04FFA20600028EED0038C032BEB
S3150803581034BF1B200020E9E7F8B50E4600211960BE
S315080358201D46436A04468B42174622DB0620134A63
S3150803583004F0C0FB2860F0B121464022D2F784F871
S31508035840044638B929686EB938462968E6F728F848
S31508035850044628B1286818B1D1F7D8FD00232B6070
S315080358602046F8BD3046E5F7DAFF04460028EBD0B4
S31508035870F0E70724EEE70324ECE700BF7AC304083E
S31508035880034B0146186800B9FEE7E3F7F1BD00BF0D
S31508035890A8610020F0B5C3B00F46054601A81C460B
S315080358A0164609F05EFB0023394601A88DF8023136
S315080358B0D6F76EFA9DF802012318FE2B13D801AB0F
S315080358C022463146184412F0D3FE9DF80231284683
S315080358D01C4401A98DF80241D5F7AEFE08B9C5E9FE
S315080358E0090043B0F0BD0320FBE7FE2313B5ADF86B
S315080358F0023003680C460A4601930DF1020101239F
S3150803590001A8EEF751F818B9BDF8023084F8FE304D
S3150803591002B010BD4FF440134FF4201230B58FB0C8
S315080359200193039200230822044600910B7004ADE9
S315080359300DEB02018DF810300295E6F78EFD2A4627
S315080359406846238A0249D2F798FB0FB030BD00BFD9
S31508035950DBE00408024670B501F10805082411F8CE
S31508035960010B538883EA002006B24300002E98B23F
S31508035970BCBF13885840631E13F0FF04F4D1A94231
S315080359805080EBD170BD014608B5082004F094FB9E
S3150803599008B10023838108BD13B540F201330446D9
S315080359A001A8ADF80430FFF7EEFF2246002102B046
S315080359B0BDE81040FEF744B870B5D4B00C460546AA
S315080359C013A809F0CEFA00230D21204601AA8DF863
S315080359D04830D3F7D1FA08B313A92846D5F7CAFC32
S315080359E040F201336846ADF80030FFF7CCFF214695
S315080359F0FFF734FD044600284BD1002432E0012387
S31508035A006A4601A92046D1F71AFF9DF8001002A895
S31508035A10D5F764FE012101A8D2F778FABDF8063056
S31508035A20002BECD19DF84830002BD5D02B78012BD1
S31508035A30D2D1342102A8D5F751FECDE79DF84820E7
S31508035A40297892B905291AD196F83E3FDB0716D469
S31508035A502846D3F703FA05449DF84A3113AA134493
S31508035A609D42EBD3204654B070BD02AB1A449A420A
S31508035A701846EDD0007801338842F8D1E2E721468B
S31508035A802846D3F7F5F90028E2D02046D1F7BEFC1D
S31508035A90B3E7014E13ADDFE7F02A002010B504463D
S31508035AA00448FFF770FF2246BDE810400021FDF7C2
S31508035AB0C7BF00BF7AC3040838B503780446FF2B6B
S31508035AC008BF91F825300D4604BF43F0100381F84B
S31508035AD02530E6F7C5FB70B108492846D1F7B8FB68
S31508035AE02046103504F1100350F8042B984245F864
S31508035AF0042BF9D138BD0249EFE700BF403E002029
S31508035B00703E00202DE9F0438DB08846074602A86B
S31508035B101C4616469DF85090D1F7B3FB4FF2BF03C8
S31508035B20B8F1240FADF82A3033D12348FFF72BFFFA
S31508035B3042460121FDF784FF0546002839D003793B
S31508035B405B075FBF0122437962F342034371B9F1ED
S31508035B50000F22D1B8F1240F09D13B882121013343
S31508035B609AB228463A80D3F760FB0446E8B930462A
S31508035B7002A9FFF7A1FF169B294600930F48159B19
S31508035B8002AAD2F71BFD044678B920460DB0BDE834
S31508035B90F0834046FFF782FFCEE722464B461221A3
S31508035BA0D3F703FB04460028D4D02846D1F72EFCA6
S31508035BB0EBE70324E9E700BF7AC3040800330020B0
S31508035BC0F7B50B780546FF2B0C4602D1072003B021
S31508035BD0F0BD0A4601A9E8F7D8FCC0B105F11403DC
S31508035BE09842F3D37435A842F0D2237C0374637CBA
S31508035BF04374A27C837C62F300038374A37C827C54
S31508035C00C3F3400363F3410282740020DFE748F2DB
S31508035C10FE02238823F47C539BB29342D6D02E6983
S31508035C20AEB1374673692B610FCC0FC794E80300EF
S31508035C3087E80300738A324623F4607373822B68FA
S31508035C400121736128462E60E6F7A5FCDDE70320EC
S31508035C50BDE770B506460C46D1F7F6FA054624B1F4
S31508035C6020460521D2F7A6F904462544756070BD7A
S31508035C700B4991F85B3183F008029B07C2F3C00214
S31508035C800CD491F89E3113F00F0005D0B1F8A0019A
S31508035C90022894BF00200120104370470020FBE729
S31508035CA0F03A00202DE9F04FA9B01F4614AB129322
S31508035CB00823ADF84C304B890128A3EB07040646A5
S31508035CC00D469046A4B202F1100A07D1791D9942EE
S31508035CD000F28B80D0469246043CA4B20DF110091B
S31508035CE0484608F10801D4F748FB99E80300329BB4
S31508035CF00DF1180B8BE80300D3F8010008A9D1F7B7
S31508035D00C4FA05238DF82430329BDFF8E890D3F8DC
S31508035D100500D1F717FBD9F8DC2E014682423FD09E
S31508035D200AAA09F6D860E7F720FB00220AA909F5AB
S31508035D306F60D4F73CFB09F56F63196812A809F07D
S31508035D40DDF9042322462A2112A8CDF800B003F070
S31508035D5053FC1022414612A8D3F7E5FA10225146FE
S31508035D6012A8D3F7E0FA0A22329912A8D3F7DBFA74
S31508035D70394628460AAB0DF10E02ADF80E40D1F7A7
S31508035D8004FCBDF82C4074B90AA912A8D3F79BFBE7
S31508035D90B6B928460AA9D3F702FA29B0BDE8F08F9F
S31508035DA009F56E63C9E70A9A12A8114623460096AF
S31508035DB0D3F7F6FA0AA90DF10E0004F082F9E0E723
S31508035DC0698904230439284600940AAA89B2D1F7B3
S31508035DD042FD60B169892846042994BF491A0439E2
S31508035DE089B2D1F733FB2046D7E70620D5E7082043
S31508035DF0D3E700BFF02A0020094A92F85031C3F3CB
S31508035E00400181420AD060F3410382F85031DB072F
S31508035E1004D5012102F59C70D3F76ABD704700BF0C
S31508035E20F03A002000230B808378DA0744BF8023E7
S31508035E300B7083789B0742BF0B7843F040030B70C4
S31508035E4083785A0742BF0B7843F020030B70837895
S31508035E501B0742BF0B7843F010030B708378DA06EF
S31508035E605EBF0B7843F004030B7083789B065EBF13
S31508035E700B7843F002030B7083785A065EBF0B78E0
S31508035E8043F001030B708378DB091CBF80234B7037
S31508035E90C378DB075EBF4B7843F040034B704B7800
S31508035EA043F038034B70C278C2F3420213434B7074
S31508035EB0704707B5044B0F22009304491823D1F7FB
S31508035EC0FDF903B05DF804FB0D75010864C6040803
S31508035ED070B5461EC41C002206200D462B780131D8
S31508035EE0303BDBB2092B04D906F8012F58B106203B
S31508035EF070BD02EB820203EB42039AB2FF2A4FF00C
S31508035F000000EAD9F3E7A642287803D02E28EED173
S31508035F10691CE0E70028EBD0E9E72DE9F04F0B7899
S31508035F2080463A2B0C4685B024D14B783A2B1DD1A3
S31508035F30002602344FF0000927785FFA89F5002F07
S31508035F404AD023464FF0000A1F4613F801BB03A99C
S31508035F505846CDE90033D2F75AF868B99DF80C20AC
S31508035F60009B02EB0A1ABAF5803FEDD3062005B06B
S31508035F70BDE8F08FFF26DDE7A742F7D0BBF12E0F6A
S31508035F800CD1062DF2D82BD1214603A8FFF7A0FF83
S31508035F900028ECD1039BC8F80C301FE0BBF13A0F7D
S31508035FA002D0BBF1000FE1D1B9F1080FDED09AFA9E
S31508035FB09AFA28F819A03B783A2B03D17B783A2B1F
S31508035FC004D001373C4609F10109B5E7FF2ECDD1C7
S31508035FD00135EEB20237F5E7082D1DD10020C6E7D5
S31508035FE001274FF0060AFF2EC0D0AD1BE8B20546BF
S31508035FF008EB4606AAEB000031466A0008EB4000A8
S3150803600012F0BBFAAAEB090200213046520012F03D
S3150803601010F9002FE2D0B7E74FF0080AE3E72DE9B6
S31508036020F7439946604B0646002914BF88469846A7
S3150803603098F8C4301746002B40F0AE801146404608
S31508036040F3F7D3F9054600285ED1A82101200AF003
S31508036050ADFB0446002800F0A18040F201138381BA
S31508036060022380F8099080F8503007724581C5737A
S315080360700560642013F0A8FC012F94BF00230123B5
S31508036080C4E9265584F8A030C4E92155D8F8003068
S31508036090C4E923556061C4F8A480C4F89450236006
S315080360A0C8F8004041464FF000090A680AB1136868
S315080360B0E3B9B9F1000FF5D1EFF31183302282F377
S315080360C0118801223771B260346083F31188BFF3F4
S315080360D06F8F40F2011337683046BB8101A9F3F786
S315080360E0EDF90446D0B1052C2ED022E0187A157A9C
S315080360F0854223BF18684FF001091A60114622BF6B
S3150803610010600B601946D0E790F85030012B14BF86
S3150803611004242E24204603B0BDE8F083019D2A7B80
S315080361206B7B934201D1012B07D03046F3F7B9F9BC
S3150803613021243846F7F740F8ECE795F85030012B59
S3150803614008D13046F3F7ADF97B7A002443F0100300
S315080361507B72DFE71A1F012AF3D9022B04D03046D4
S31508036160F3F79FF90224E4E7297A19B9052385F891
S315080361705030E6E7D5F8A40090B190F895304BB1C6
S3150803618001228430F3F742FD044618B13046F3F78B
S3150803619088F9A8E70123EAE70424BBE71924B9E742
S315080361A099F81130FFDE00BF2C6F00200B7C10B569
S315080361B07F2B4FEA93124FF030030AD9EFF311847A
S315080361C083F31188032A18D1837BB3B90123837315
S315080361D009E0EFF3118483F31188437B0BB99030FD
S315080361E004E0013B4373D0F8A4000830F3F7FDF944
S315080361F084F31188BFF36F8F10BD9430F6E72DE94A
S31508036200F74399460023884601A90546174601938D
S31508036210F3F754F90446E0B9019E19F0020F15BFC6
S31508036220D6F88830D6F8843006F1880006F184005B
S315080362309BB9727A96F85030D20603D5012B21D032
S31508036240042B1FD0053B022B1CD92846F3F729F943
S315080362500224204603B0BDE8F083F3F7D3FD70B1FB
S315080362604268019BD3F8A430C8F8002002893A8013
S315080362701A6E026018662846F3F713F9E9E7C8F8B1
S31508036280000038802846F3F70CF91B24E1E708B524
S31508036290012013F0DBF903F065FF40B9044B93F8CB
S315080362A07E2F012A02D0012283F87E2F08BDFEE73E
S315080362B0F02A0020012303FA00F20548436C23EA77
S315080362C00203436413B94830D2F707B9704700BFCE
S315080362D0F01A002010B5044690B001466846E5F763
S315080362E0FFF90D9B002B14BF1846204610B010BDAE
S315080362F008490246D1F83807034633B91061C1F88D
S3150803630038270548012103F0D7BA9A4201D01B69F9
S31508036310F3E77047F02A00202432002010B4104C0B
S315080363200246D4F838070021034613B95DF8044B2F
S3150803633070479A4207D019461B69F6E70B6943B1BA
S315080363401B690B6105E00029F8D110B10369C4F88C
S315080363503837002103485DF8044B03F0ADBA00BF94
S31508036360F02A00202432002008B50C4809F017F952
S315080363704FF0021009F013F9094809F010F9094812
S3150803638009F00DF9084809F00AF9084809F007F968
S31508036390BDE80840064809F002B900BF010002003B
S315080363A003000200040002000500020006000200C2
S315080363B00700020000B50D4B89B093F8483893B12E
S315080363C000224FF400331F21CDE905320792092233
S315080363D01F20CDE9031211468DE8030008AA12E926
S315080363E00700E2F773FE09B05DF804FBF03A0020F4
S315080363F008B5074B93F8483833B103F06BF92D28E2
S3150803640004D8044B185C08BD1120FAE70120FAE703
S31508036410F03A00205EE1040830B50446154A85B013
S315080364201068516802AB002C03C304F1FF350ED183
S31508036430114B07349A6CDB6CCDE900232B4602AA71
S3150803644012F8011D03F8011FA342F9D110E02A46E9
S315080364500A4B0B4913F801098B4202F8010FF9D1CC
S31508036460082220460DEB020113F0C7F80028DFD0F7
S3150803647005B030BDE3E004080080E00F0900E00F33
S315080364800100E00F38B5104CB4F87C3F1B061AD54B
S3150803649004F580508368834215D0A023B4F8E85FD7
S315080364A05D43D2F7D1FCD4F8F03F04F67C705B1B4E
S315080364B0C4F8F03FD4F8F43F5B1BC4F8F43FBDE8D7
S315080364C03840D4F753BC38BDF02A002007B5094B2A
S315080364D0D3F8702F5AB17F2809D093F8581F8DF82F
S315080364E005008DF8041001A8D3F8741F904703B06C
S315080364F05DF804FBF02A002073B50A4E0A4D3146AF
S315080365000446286812F0E4F9E2F7AEFC074B019457
S315080365100093C20001233146286812F0C9F902B074
S3150803652070BD00BF7019002064190020E58D0108AD
S3150803653013B50024182001A9019405F07DFF00B1C5
S315080365400194019802B010BD2DE9F047FDF71EFA34
S31508036550454C98B9B4F85A3F94F8581FD3B904F67A
S315080365607C7594F8581F284608F02DFD08F07CFF23
S31508036570FFF7ACFFFDF70AFA0028F2D00020D4F89B
S31508036580703F84F8490F13B1D4F8741F9847BDE8D0
S31508036590F0476DE094F8483F5A0703D404F67C7035
S315080365A008F011FD94F87E3F94F8586FB4F85A5FD3
S315080365B0002BE3D0033B032BE0D9B4F87C3F9B07BE
S315080365C039D5DFF8A890D9F80080B8F1000F2ED195
S315080365D01820FFF7ADFF4FF0800A868201264FF495
S315080365E07A77C0F80080867180F804A080F8058061
S315080365F0C0F808806F430546E2F736FCB7EBC00FD1
S315080366004FEAC00328BFB7FBF3F6284685F810A060
S31508036610EE60E2F7B1FC50B9C9F8005094F87E3F32
S31508036620052B02D0052384F87E3FBDE8F0870F4883
S31508036630E2F796FBF2E7304603F0C2FD00B1FEE748
S3150803664094F87E3F052B1CBF052384F87E3F7F23E2
S3150803665084F88F3FD0F7F8FD2844C4F8900FBDE8B7
S31508036660F047002002F0B8BFF02A0020881900205E
S3150803667010B53F4C94F8493F002B77D194F8483F1F
S3150803668013F0010306D1A4F84A3F3A48BDE810407F
S31508036690D1F723BFB4F84A3F5A0603D5062384F82D
S315080366A0493F2EE0180608D5D0F7CEFDD4F8643F47
S315080366B0C01A002801DB0723F1E7B4F84A3F990714
S315080366C001D50123EBE75A0701D50223E7E71807A4
S315080366D001D50323E3E79906C3F3001202D482B173
S315080366E00423DCE72AB394F8483F9B0721D4B4F87C
S315080366F0483F03F0FD0343F4806343F00203A4F821
S31508036700483F94F8493FB3B101229A40B4F84A3F47
S31508036710184823EA0203A4F84A3FD1F7DEFE94F8A1
S31508036720493F072B22D8DFE803F0060B0F12121294
S3150803673016120523B3E71048BDE81040D3F760B92E
S31508036740BDE8104001F046B8BDE81040FCE6BDE8D8
S31508036750104000F0EFBC94F8531F084808F033FCC8
S31508036760BDE8104064210348D1F743BE10BD00BFFE
S31508036770F02A0020083B0020383A00206C3A002013
S315080367802DE9F04704468CB000680E46154608F016
S31508036790F0FEA3888146002B00F0DE80002703A9BC
S315080367A020468DF81470D4F752FA9DF81410BDF8E4
S315080367B00C0008F01CFC70B1AE4A92F84E3F013348
S315080367C0DBB282F84E3F23B903F0E8FE0CB0BDE80E
S315080367D0F08782F84E7FB9F1000F00F0BD80002ED6
S315080367E000F0BA80002D40F0B78003A803F05AFAE8
S315080367F03768804638468DF820508DF82C5008F0B7
S31508036800C8FE002879D0384608F0B9FE002800F0FB
S31508036810A2803046D3F77DFC002840F09C803046A2
S3150803682001A9D3F78DFA9DF80430052B40F0938020
S3150803683030460DF10701D3F793FA9DF80730082B75
S3150803684040F089800DF105012046D3F7F6FB304663
S315080368500DF10601D3F7F1FB9DF806A09DF8053067
S31508036860534578D102A93046D3F78AFA304606A9A2
S31508036870D4F715FA9DF82030002B61D006A803F04B
S3150803688011FA9DF820300746022B62D0002862D001
S315080368900068796806AB03C302238DF82030754A6E
S315080368A00AF1FF33D2F8DC1EDBB201F07F00834224
S315080368B08DF8063060D0481E00F07F0083425ED014
S315080368C0013101F07F018B4245D102F6C472BB7FC9
S315080368D003F00F03072B03D17969029B99423AD830
S315080368E0304606A9D3F7DAFCA8BBBB7F03F00F0330
S315080368F0072B02D1029B01337B61B8F1000F2BD022
S3150803690096F91510404607F053FE3046D3F73EFC7A
S3150803691007463046D3F7C5FBFF2F05D0FF2803D01C
S31508036920DFF860C1B8422DD2524B93F8483F5B0754
S3150803693012D42046D3F737FC70B103F04FF90BE0B6
S31508036940204609A9D4F783F99DF82C301BB109A869
S3150803695095E70028A3D10E25DFF8188198F8493F53
S31508036960013B062B2BD8DFE813F02B002A00370050
S31508036970D90042002A00730102F6B472A7E702F6A9
S31508036980A472A4E73368DA5BD919C2F3C712DB5DCD
S315080369907AB90A7991F803E0120442EA0E2291F8C9
S315080369A002E042EA0E02624503D14A79002A00F060
S315080369B0B78103F07F0302333B44DFB2B2E7FEE756
S315080369C02D48B8F85A1F836C1830013303630CB08B
S315080369D0BDE8F047D1F70DBD274A536C013353641D
S315080369E0002388F8493F0CB0BDE8F04740E6A38882
S315080369F01BB1B9F1000F00D1FEE76DB966B198F87E
S31508036A00483FDF0708D5306808F0A8FDC60603D552
S31508036A1006211A48D3F768F8174E336C01333364E3
S31508036A20002388F8493F8DF82C3096F85031D8075B
S31508036A30D9D5A3884BB109A92046D4F708F9012368
S31508036A402946204609AA03F045F90D4F96F8AA22C6
S31508036A5007F5867302F00F02072A18BF3B469B7F8A
S31508036A60190711D103F05AF8A7F12800E8F72CF80B
S31508036A70B9E700BFF02A0020F03A0020383A002090
S31508036A80703C00209BB8EA0005F0FB030B2B26D0CD
S31508036A9065BB96F8513196F850210F2BC2F3800245
S31508036AA00AD8002A9FD0B6F8503123F4706323F02E
S31508036AB00403A6F850310DE0F03386F85131DBB202
S31508036AC00F2BEED896F8433165F3870386F84331DF
S31508036AD0002AE8D101218F48D2F70AFF83E796F8FF
S31508036AE0503143F0040386F85031F3E796F85131F1
S31508036AF020465D1C05F00F0565F3030386F851313F
S31508036B00D3F751FB00280CBF04230F239D42CADA8F
S31508036B1096F850315A073FF566AFE2E77E4FFB6BAF
S31508036B200133FB635DB17B6D01337B65002388F815
S31508036B30493F4FF44843EB40DB0702D4FEE788F8A6
S31508036B40495F4FF0000897F808318DF82C8068F3F1
S31508036B50C303980787F8083126D5A08848B109A939
S31508036B602046D4F774F843462946204609AA03F073
S31508036B70B1F8D7F8EC20A2B11379D90700D4FEE708
S31508036B803DB16FF3C3031371D7F8EC305B89A7F8EC
S31508036B90E830D7F8EC20B7F8E8305189994228D974
S31508036BA093815E48D1F708FB97F85031D9077FF5EB
S31508036BB01AAF97F89E311A073FF415AFB7F8A03105
S31508036BC0022B7FF610AF206808F0E3FC00283FF499
S31508036BD00AAF237F9B0704D52046D3F7E4FA044676
S31508036BE000BB002D7FF4FFAE002E3FF4FCAE2C460F
S31508036BF01EE068B11279038D12F0080F4FF6FF7283
S31508036C0018BF0022C3EBC31340331344DB090385C0
S31508036C10D7F8EC00294603F003F9D7F8EC0007F098
S31508036C2066FCBEE715B107F07FFCDCE6002EFAD05A
S31508036C3097F850316FF3C60387F85031306808F078
S31508036C408DFCC006EFD402F0C9FF002CEBD1CAE6CF
S31508036C50314FFB6BD7F82C610133FB63002388F8AC
S31508036C60493FC7F83031AEB10E2DC7F82C3115D0D0
S31508036C700F2D25D015B10B2D22D0FEE796F84830F7
S31508036C8065F3060386F8483096F8463065F3040339
S31508036C9086F846300023C7F82C31A4E6206808F0A6
S31508036CA078FC10B1237FD90714D596F848305A1CB7
S31508036CB002F07F0262F30603032A86F848300AD8ED
S31508036CC0A388002BE6D02568284608F047FCC205AA
S31508036CD005D5FEE7FEE7002386F84830F0E7AB78EC
S31508036CE086F84530206808F054FC0028D2D0237F64
S31508036CF0DB07CFD509A92046D3F742F8099B2046D7
S31508036D00336406A9D3F799F99DF8183086F8443001
S31508036D10C0E700BF283C0020F03A0020FC3B0020D7
S31508036D2003F07F03043BDBB2022B3FF6FDADDFF82E
S31508036D308CC0DCF89477002F3FF4F6AD98F8300052
S31508036D4010F0020F8DF8240004D073B38A798DF8F6
S31508036D502C20012210F0040F01F1060111D09342F1
S31508036D600FD94FF0FF0A02F1010E8A5C02EB821279
S31508036D7052007F3292B2B2FBFAF28DF82D205FFAF7
S31508036D808EF2000711D593420FD9895C82237F229D
S31508036D9013FB0123FF22B3FBF2F36FF07F02823B5F
S31508036DA09342B8BF13468DF82E304146DCF8983720
S31508036DB0B8F81C0009AAB847B6E500BFF03A0020A0
S31508036DC02DE9FF4716460546A6488846D2F73CF8F6
S31508036DD00E2E07D00F2E00F08A801EB10B2E00F060
S31508036DE0B080FEE72B7F5A07C3F3800442D4B8F179
S31508036DF0000F40F09A80FFF745FB9B4BB3F87C3FA7
S31508036E009B0608D5286808F0C4FB20B12C7F14F02C
S31508036E10010440F0BB800022934B83F87F2F002E9A
S31508036E2040F09E804FF00009286808F0A2FB002373
S31508036E308DF80C30AB8882468B4F002B00F05D81B2
S31508036E4001A92846D3F703FF01A802F02BFF07F58C
S31508036E508054002800F00C81BAF1000F40F0DA8064
S31508036E60002E40F00781636A01336362A36B013323
S31508036E70A36338E1AB797C4A92F8521F994207D04B
S31508036E8092F8681FC9071ED592F8692F9A421AD134
S31508036E90764A4FF6FF70B2F8B230B2F8B0C0B3F51F
S31508036EA0007F3CBF0133A2F8B230002C18BF002084
S31508036EB0B2F8B2104F1E4B080CFB07330344B3FB5F
S31508036EC0F1F3A2F8B030B8F1000F2FD1FFF7DAFAD1
S31508036ED0654BB3F87C3F9B0606D5286808F059FB33
S31508036EE010B12B7FD80751D4002C5ED093E72B7FA4
S31508036EF05F07C3F3800411D4B8F1000F16D15A4FB4
S31508036F00FFF7C0FAB7F87C3F980646D4D7F8943FFC
S31508036F101B7F5C0750D487F87F8F21E05349AB79F1
S31508036F20CA6D00240132CA65A5E701242846D3F7AA
S31508036F303AF90028CAD0E2F7E8FD4B4BC3F8F80F35
S31508036F40C4E7494FB7F87C3F13F0200302D187F80B
S31508036F507F3F05E0286808F01CFB88B987F87F0F90
S31508036F60414BB3F87C2F52073FF55CAF93F8809FEC
S31508036F706B7E99452CBF4FF000094FF0010953E783
S31508036F802C7FC4F3000314F00104E0D028460DF166
S31508036F900201D2F7E5FE28B3FEE7286808F0F9FAF6
S31508036FA00028B3D02B7FDF07F0D42F4BD3F8943FB9
S31508036FB01B7F59077FF52FAF2B4AB2F87C3F03F0A7
S31508036FC00C03002B7FF427AF92F87F3F297E994263
S31508036FD07FF621AF013382F87F3F04B0BDE8F0475F
S31508036FE003F0BCBA9DF80230082B7FF47DAF284620
S31508036FF001A9D2F7C5FE00B1FEE728460DF1030144
S31508037000D3F71BF800B1FEE79DF80310019802F0C9
S31508037010C1FA69E7A6B10E2E2CD1C38CC3EBC313F1
S3150803702003F580333F33DB09C384B9F1000F24D159
S31508037030636A01336362BAF1000F3FF417AF08E0DE
S31508037040C38CC3EBC3134033DB09C384636A0133BD
S315080370506362236B01332363002E44D1636B0133CD
S31508037060636340E0CC3A0020F02A0020F03A00207F
S31508037070002EDDD0B9F1000F25D0236D013323652A
S3150803708097F8803F0E2E03F1010387F8803F2B7F85
S3150803709043F002032B77A0D197F87E3F97F8D90FD1
S315080370A0062B1CBF062387F87E3F03F0B5F897F82F
S315080370B0D93F0133DBB2052B28BF052387F8D93F10
S315080370C004B0BDE8F087636A0B2E03F1010363621C
S315080370D026D1236E01332366BAF1000F3FF4C6AEF9
S315080370E0236B013323639DF80C10BDF8040007F0E6
S315080370F07EFFD8B1E36A0133E362B9F1000FBFD16A
S3150803710097F87E3F3246022B18BF0223414628468C
S3150803711018BF87F87E3F04B0BDE8F047FFF730BBDA
S315080371200F2E88D1636E01336366D5E7A36A0133ED
S31508037130A362E2E700232DE9F04F944D97B0EA687E
S31508037140A5F580569380EA68117F63F341011177A9
S31508037150EA68117F63F304111177E9680A7F42F03D
S3150803716004020A77EA68117F63F3000111777F2126
S31508037170EA68D176EA68117F63F3C301117715F8D4
S31508037180B83CDB0740F1D18196F8493F013B062B12
S3150803719008D8DFE813F0080007005E000501910030
S315080371A00700DB02FEE74FF6FF7002F035FD0DA878
S315080371B0EC6807F026FF01238DF84A308DF8513025
S315080371C007234FF6FF7200278DF854300323214611
S315080371D00DA88DF84070ADF84220ADF84E200D93FA
S315080371E0D2F712FE002C00F0A081394696F8583FD4
S315080371F0A371A3762046D2F719FD0423237696F8BE
S31508037200603F6376237FD90600F1CF82206808F0B2
S31508037210C0F9002800F0C982204608A9D2F7A0FDC4
S315080372209DF82030082B00F0C082102B00F09482C2
S31508037230002B40F0C382237F554DDA07A56006D499
S3150803724020462969D2F7ACFD2B6901332B615149D5
S31508037250A5E20DA807F0D5FED6F8860FD6F88A1F3D
S315080372600EAB03C302238DF84030B6F8503F002710
S31508037270ADF84C300123EC680DA821468DF8503043
S315080372808DF84A700D97D2F7BFFD2046D2F75FFFF8
S315080372904FF0FF3303700F2387704370C770002CBA
S315080372A000F0438196F8533FA371A37696F84C1FD3
S315080372B04B1C86F84C3F9DE796F8532FEB680DA8B1
S315080372C09A719A760422EB681A7696F8602FEB6819
S315080372D05A7607F096FE304A95F8AA3202F586776B
S315080372E003F00F03072B14BF14463C462046D2F778
S315080372F0F7FA002800F019814FF6FE73B6F8822FC5
S315080373009A4201D0BC4236D103CC0223CDF84200BF
S31508037310CDF84610D6F8860FD6F88A1F0EAA8DF82A
S315080373204A3003C2EC688DF84030B6F8503F204621
S31508037330ADF84C30ADF84E300323ADF83430174B67
S315080373400022149304230DA98DF85430FCF7B6FBD9
S315080373502046D2F728FF10B10022EB685A76002C94
S3150803736000F0E38096F84D1F4B1C86F84D3F2046E8
S31508037370D2F75CFC46E7A38BADF83820ADF842306C
S315080373800123EC688DF84A30CDE700BFF03A0020B8
S31508037390183A0020763A0020703C002001010508BF
S315080373A096F8532FEB689A719A760422EB681A7645
S315080373B096F8602FEB685A7695F80821970740F1F7
S315080373C0B480D5F8EC30EC68002B00F0AE8042F0C0
S315080373D0080285F808215A79520940F0B3819A7947
S315080373E002F00F02012A08D1DA79102A00F09680F2
S315080373F096F8682FD60700F1BE8095F808310DA8D0
S3150803740003F001030193B5F80431D5F8EC60029350
S31508037410B5F806314FF0000B039307F0F2FDDFF8DA
S31508037420A8A3222200210DA810F003FF3379980799
S3150803743010D505238DF85230B37903F00F03032BC8
S3150803744008D0012B03D1F3790F2B00F09980082379
S315080374508DF85330BAF8503FADF84C30ADF84E308E
S3150803746040F20113ADF85030B379C3F3030203F0C6
S315080374700F03012B09D1F3790F2B00F08380103BFF
S31508037480012B02D8738AADF84E304FF001090EAFBF
S3150803749005F1F00CBCE80F00ADF834900FC7DCF823
S315080374A0003032463B600DA92046FCF707FB204611
S315080374B0D2F74DFE80462046D2F753FE07462046AE
S315080374C0D2F7E0FD3B189BB2C3F17F07CDF81880CE
S315080374D0B6F80C80BFB2ADF81CB0ADF81E7005F156
S315080374E0F00CB8F1000F40F0EF80C3F17B03ADF861
S315080374F01E30019B002B52D0029B8DF82890ADF8C5
S315080375002030039B8DF83290ADF82A30304606AA10
S3150803751008A905F01FFC00284CD0FEE795F8E433CC
S31508037520012B0BD013F0FD0F21D100210B22E868A4
S31508037530818017B0BDE8F04FFFF722B995F8EC3311
S315080375409F48A371A37695F8EC733946D2F7A7F942
S3150803755000283FF452AF96F8483F9A4843F0200371
S3150803756086F8483F86F8537FD2F74AFA45E7002C50
S315080375707FF443AFD9E71A7942F002021A713CE75E
S31508037580102365E7337AA376A3719AF8523FA37655
S315080375904FF6FF738DF85120ADF84E3075E70DF1B0
S315080375A0200EBCE80F00AEE80F00DCF80030CEF87A
S315080375B00030ABE7B389B6F80A90BDF81C20A9EBEF
S315080375C00309BB1A1FFA89F99BB29945ADF81E70D0
S315080375D029D933799907C3F3400004D4B17901F063
S315080375E00F0101295DD07369002B5FD07389B18AB6
S315080375F0C3F30A036FEA83436FEA93435BBAADF8AF
S3150803760014304BBAADF81630131DBB425BD8069F30
S315080376103946381D10F0B1FF059B3B60BDF81C3099
S315080376200433ADF81C30BDF81E10BDF81C208B1AA8
S315080376309BB24B453CBF23F007031FFA83F909EBBB
S3150803764002038B4261D806994B460A443046B189F0
S31508037650D0F71FF8002858D1BDF81C7020464F44B0
S31508037660BFB2ADF81C70D2F77CFD82462046D2F72E
S3150803767009FD82445744A780B389994473891FFA3D
S3150803768089F94B4509D92768384607F067FF40F05B
S31508037690100080B23870000A78707389434535D272
S315080376A0FEE743F00203B0813371BAE6B5F8C43096
S315080376B013B90123A5F8C430B5F8C430591CA5F885
S315080376C0C410736192E7FEE77389B28AC3F30A03A8
S315080376D06FEAC3436FEAD3435BBAADF8203053BAB4
S315080376E0ADF8223005224FEAD80308A906A88DF873
S315080376F02430CFF744FE00B1FEE7B6F80A90B38903
S31508037700A9EB03091FFA89F98DE7FEE7A6F80C80AA
S31508037710D5F8EC30A5F8E8909A7902F00F02012A19
S3150803772005D1DA790B2A02D11A7990070AD4237F6D
S315080377306FF341032377244B93F84D1F4A1C83F8B1
S315080377404D2F14E65B89A5F8E830EEE60023EA68D0
S315080377501376EA685376E8E64FF0FF330D931B4B2F
S315080377602046A360D5F8AC100131C5F8AC10D2F7A2
S3150803777017FB2046D2F7D5FAFF28054600D1FEE7C0
S3150803778026680535305CD2F724FB0DA90246701925
S3150803779010F06EFFFF212046D2F763FC0C49237FC6
S315080377A01B0702D42046D2F70BFD0022064B83F8AB
S315080377B04E2F17B0BDE8F04F02F0F0BEFEE700BF4C
S315080377C0443A0020383A0020F02A0020A43B00203F
S315080377D080DC040810B5FCF7D9F810B9BDE81040E9
S315080377E0A8E4094CB4F8500F02F016FA0020D4F8AE
S315080377F0703F84F8490F13B1D4F8741F9847BDE84E
S315080378001040FEF735BF00BFF02A00202DE9F047E8
S3150803781006469CB020220C4603A8002110F009FD59
S315080378201221304602AAD1F7A7FB0546002840F0E5
S315080378308F808027BDF80A30002B00F0898001234A
S3150803784030460DF1070202A9CFF7F9FF00287ED1CA
S31508037850012102A8D0F75AFB9DF807301CAA02EBB0
S31508037860D30010F8642C03F0070147FA01F111421B
S315080378705FFA81FCDED142EA0C0200F8642C242B61
S31508037880D8D801A252F823F01D7903082B790308E7
S315080378903B7903086D7903083578030835780308B7
S315080378A087790308D1790308DF7903084D7A030832
S315080378B035780308357803083578030835780308D7
S315080378C0357803083578030835780308D37B030826
S315080378D035780308357803083578030835780308B7
S315080378E0357803085979030867790308A57B0308DC
S315080378F0B37B0308BB7B0308CB7B030835780308F4
S315080379003578030835780308357803083578030886
S31508037910E97A0308C37B0308E37B030808230021EA
S31508037920B64A2046D1F741FC0EE00121B44BB3F821
S315080379305C212046D1F779FC06E0B14B02212046AB
S3150803794093F85B21D1F766FC00283FF473AF05462D
S3150803795028461CB0BDE8F0870BA8FEF75DFD082393
S3150803796017210BAADDE705221821E2E7A44B93F8B2
S315080379705B2112073FF55EAF03212046D3F8642146
S31508037980D1F75FFCE0E740F60603DFF87482ADF84B
S315080379902C3098F83FA598F83E95D8F8780188F8DA
S315080379A07DA188F87E91CFF7CDFC98F87C31CDF888
S315080379B02E008DF8323098F87F318DF833A08DF884
S315080379C034908DF8353021460BA8D1F751FABBE729
S315080379D08B4A072192F83C35D2F83825A1E70023CC
S315080379E0DFF83482D8F83427591C02BB9AB212013D
S315080379F0FE2A4FEA03131DDC082220460BA98DF83D
S31508037A002C208DF82D30D1F7CDFB00289FD1D8F83F
S31508037A103487B8F1000F3FF40DAF102241462046D4
S31508037A20CFF792FF002892D1D8F81480F1E70B46D6
S31508037A305269D9E74FF608725BBA20460BA9ADF827
S31508037A402C20ADF82E30D1F7AAFBDEE742F2094324
S31508037A50DFF8AC81ADF82C30D8F88400CFF772FC88
S31508037A60D8E925321344D8F89C20CDF82E001344C0
S31508037A70D8F8A020D8F8A8001344D8F8A4201344AB
S31508037A801844CFF75FFCCDF83200D8F85C00CFF77F
S31508037A9059FCCDF83600D8F86C00CFF753FCCDF86F
S31508037AA03A00D8F87000CFF74DFCCDF83E00D8E978
S31508037AB022031844D8F890301844CFF743FCCDF87E
S31508037AC04200D8F82800CFF73DFCCDF84600D8F891
S31508037AD02C00CFF737FCCDF84A00D8F86400CFF767
S31508037AE031FCCDF84E006EE7DFF8148198F859118A
S31508037AF008F5AC70E6F7B2F9D8E9940144F2222303
S31508037B00ADF82C30B8F810325BBAADF82E30B8F8A9
S31508037B1012325BBAADF83030B8F814325BBAADF846
S31508037B203230B8F816325BBAADF83430B8F81832D2
S31508037B305BBAADF83630B8F81A325BBAADF83830F6
S31508037B40B8F81C325BBAADF83A30B8F81E325BBAED
S31508037B50ADF83C30B8F858325BBAADF83E30EBF7BF
S31508037B6047FDCDE91001D8E98A01EBF741FDCDE9D7
S31508037B701201D8E98C01EBF73BFDCDE91401D8E9ED
S31508037B808E01EBF735FDCDE91601D8E99001EBF740
S31508037B902FFDCDE91801D8E99201EBF729FDCDE9C7
S31508037BA01A0110E720221921164B2046D1F722FB8A
S31508037BB0CAE620221A21144BF7E710221B21134B7E
S31508037BC0F3E760222321124BEFE740221C21114BD6
S31508037BD0EBE740F21113ADF82C3000238DF82E3065
S31508037BE0F1E6074B0122D3F878160BA8D4F7B7F8B2
S31508037BF024219DF832300BAA93E600BF763A00207B
S31508037C00F03A002064C9040865C9040866C904086B
S31508037C1067C90408A5BB0408F02A0020F7B5074678
S31508037C2012200E4606F0F8FF0546F8B158233046EB
S31508037C308DF80430D1F712F901A98DF80500284605
S31508037C40D1F7B0FA044658B929463046D1F710F9A0
S31508037C50044628B939462846E7F7DAFE044610B13A
S31508037C602846CFF7D3FB204603B0F0BD0324FAE733
S31508037C702DE9F043DFF8CC91174699F80C2899B00B
S31508037C801D4604460E469DF88030002A00F0CD8036
S31508037C9090F82420002A40F0CA8090F86E2063F3F7
S31508037CA0000280F86E205BB106A8FEF7B5FB06A9AD
S31508037CB00846D3F742FF04F11C0106A8D3F728FFA9
S31508037CC0219B2360229B636094F86E306FF3410314
S31508037CD084F86E30D9F8542F226233680BB11A40F0
S31508037CE02262102006F098FF0646002800F0A180BD
S31508037CF04FF42073ADF8043000239D428DF8073006
S31508037D000CBF50235823478294F82D508DF806301C
S31508037D104DBB1A2301A88DF80030D1F79FF85FFAF7
S31508037D2080F84544694630468DF80150D1F73AFA4A
S31508037D300546A0B9314601A8D1F79AF8054670B9A0
S31508037D4094F82D30BBBB3C4B02A8C6E90934E4F7CB
S31508037D503DFA304602A9E7F75BFE054698B3304677
S31508037D60CFF754FB5DE0F1238DF81830A36A402D55
S31508037D704FEA13428DF81A204FEA13228DF81B2077
S31508037D808DF81C3000D9FEE72A46EB1C04F12E01B8
S31508037D900DF11D008DF8193010F06AFC1A2301A89D
S31508037DA08DF80030D1F75AF85FFA80F806A8D1F7AC
S31508037DB055F8C5B2B5E7314606A8D1F759F80546C9
S31508037DC00028C0D0CBE7B9F8503F1F404FF6FF73E2
S31508037DD09F420DD1D0F7CCF881B2B942FAD01748F1
S31508037DE0D1F7F9FD94F86E3043F0020384F86E3048
S31508037DF0FF23214604F1200001F82C3FD1F757FD54
S31508037E00002814BF0223012384F824300C4B93F86B
S31508037E10592132B193F85B311B0702D4012001F0D3
S31508037E2093FE284619B0BDE8F0830D25F9E7052525
S31508037E30F7E70325F5E700BF11D20108383A002012
S31508037E40F03A0020F02A00202DE9F34106460720E0
S31508037E500C4690461F4606F0DFFE0546002850D01E
S31508037E60224643460D21D1F7A0F90446002844D1FA
S31508037E7057B357238DF800307B79002B3BD0053356
S31508037E80DBB2694628468DF80130D1F78BF90446EB
S31508037E9098BB012128463A78D1F7BCF9044660BB5A
S31508037EA07B798BB10222284601A98DF804208DF827
S31508037EB00530D1F777F90446F8B928467A79791C53
S31508037EC0CFF742FD0446C0B92846E6F771F90446DA
S31508037ED098B931462846E7F79BFD044668B90A4B25
S31508037EE093F85B311B0702D40820FDF743FC2046B1
S31508037EF002B0BDE8F0810323C3E72846CFF786FA25
S31508037F00F5E70324F3E700BFF03A00200022012334
S31508037F102DE9F04F2020C7B0CDE90B23CDE90D237A
S31508037F20CDE90F2308F0FEFB0646002800F0E3819F
S31508037F30202008F0F7FB0546002800F0DA8111A88F
S31508037F40F1F7F1FC4FF4804111A8F1F7E6F9DFF8F0
S31508037F501083BC4B05A911A8CDF85080119304F0E2
S31508037F600FF9A0B1F1F728FD044620213046F7F7AB
S31508037F70C5F928462021F7F7C1F9284608F0DAFBA0
S31508037F80304608F0D7FB204647B0BDE8F08F059F7B
S31508037F9020223846AC4BAD49F8F781FD044620B19B
S31508037FA03846F8F72DFC2046DCE72022A7490DA81A
S31508037FB0D7F7AAFE2022A5490DA8D7F738FF20220E
S31508037FC0A3490BA8D7F7D2FE2022A1490BA8D7F7B6
S31508037FD0FBFE43464FF48042384607A90794F8F751
S31508037FE0ACFB0446F8B9DDF81C80B8F8003023F07A
S31508037FF0FF03B3F5E24F02D0B3F5E44F06D1B8F861
S3150803800002300733B3F5847F80F03581D8E908B2A7
S31508038010D8F804305FEA13290DD0B9F1010F00F03F
S3150803802021816FF0850420212846F7F724FF079856
S31508038030F8F76EFBB4E70DF1180A2B465946404686
S31508038040CDF800A00392FBF7ABFB10F1860F0446AD
S31508038050039A40F08380B8F8000020F0FF03B3F5D5
S31508038060E24F02D06FF08604DDE708ABB8F80210DA
S31508038070009313465A46CDF8209003F0CBFA0446EC
S315080380800028D0D1CDE90900DDF820800AA998F89F
S315080380900000F9F75EF983462146A4221DA810F0CD
S315080380A0C8F8DDF8289009AB4BF48240009349469B
S315080380B02023674A80B203F0ADFA044620BB0122A7
S315080380C009991DA8D9F7A1F8F7F749F90446D8B9C4
S315080380D0024641461DA8D9F798F8F7F740F904462A
S315080380E090B99DF87630012B64D05A4C2046F7F7A1
S315080380F036F9044640B9DAF8003009F10709B3EB53
S31508038100D90F05D06FF0960420212846F7F7F6F81D
S315080381109DF87630012B0ED11EA8D9F721F836A87B
S31508038120D7F758FC38A8F6F7EEFE3EA8F6F7EBFEA7
S3150803813044A8D7F74FFC0023DDF82490ADF8743034
S3150803814048468DF87630D9F73BF84846F5F734F8BC
S315080381504046D9F735F84046F5F72EF8002C7FF454
S3150803816062AF0798F8F7D4FA044600287FF418AFE5
S31508038170202229460FA8D7F7F9FD202229460FA85A
S31508038180D7F722FE20220AAB019329463346324803
S3150803819000920A94F7F7C8FA80463846B8F1000FF2
S315080381A004D1DDF82890B9F1200F67D0F8F728FB3A
S315080381B04046D7E62D9B002B97D017A8D8F79CFFE8
S315080381C0264B36AA009317A93EAB1EA803F024FB39
S315080381D0044618B117A8F6F796FE87E700211BA8E9
S315080381E0D7F7F6FE18B917A8F6F78DFE7DE717A990
S315080381F044A8D7F7D5FC044617A8F6F784FE002C3F
S315080382007FF474AF44A8D7F77BFD0730B0F5847FB6
S31508038210BFF46BAF2D9B1EA813F0070418BF0124E8
S3150803822004EBD304CAF80040D8F75DFF02282246B8
S31508038230294644A803D1D7F7C7FD044656E7D7F717
S31508038240F6FDFAE74171FF005C700020F468002030
S31508038250D468002080B0FFFF0900000265FF02080A
S315080382600000020906AB009359462B464046FBF726
S3150803827097FA044672E76FF08904D4E6F8F7C0FA6A
S31508038280074628B130464946F7F738F8384669E6C7
S31508038290DFF86C80059498F800300BB1012464E686
S315080382A04FF001091DA8F1F73EFB01211DA82094F3
S315080382B0F1F733F8114B4FF484411DA81D93F1F7D9
S315080382C015F83146102217AB1DA8CDF87890F7F7A5
S315080382D04EFF074610213046F7F710F817B988F806
S315080382E0009042E63846F1F767FB041E18BF0124DF
S315080382F03BE6192444E6192445E600BF011080002D
S31508038300D64300207FB504462048D2F773F8012CDC
S3150803831017D014F0FD0F0CBF01250025ED01092028
S3150803832006F07AFC044670B3194E012196F85B21D0
S31508038330D0F770FF38B1204604B0BDE87040CFF7D8
S3150803834065B8C025EBE708230321204606F5217205
S31508038350D0F72BFF0028EED12A460E212046D0F768
S3150803836059FF0028E7D1052212212046D0F75DFFE1
S315080383700028E0D16846E3F729FF69462046E7F770
S3150803838047FB0028D7D104B070BD00BF743D002059
S31508038390F03A002030B5CDB00BA806F0E2FD1F4831
S315080383A00BA9D2F7E7FFB8B901A90BA8D3F768FA5F
S315080383B090B91B4901A8D3F74AFF002811DD3321D9
S315080383C00BA8D2F7CBFF34210BA8D2F7C7FF01229C
S315080383D014480BA9D3F777FF1048D3F77DF84DB0A8
S315080383E030BD05210BA8D2F75DFE0028F4D0821C08
S315080383F003AD00F112032C4610685168083203C412
S315080384009A422546F7D1084807A9E7F7CFFE03A9F5
S3150803841007A8CEF753FE0028D1D0DDE76039002040
S315080384204439002034390020C839002008B5817C36
S3150803843011F0020FC1F340030FD011F001030CD062
S3150803844048F2FE02038823F47C53934207D0054976
S31508038450D3F726FA80F00103DBB2184608BD0023DA
S31508038460FBE700BF383E00202DE9F047F8B0054684
S3150803847025A806F0E9FC0023A348EB80AB60286136
S315080384808DF83D31E0F724FC002851D09F4C25A9EF
S31508038490B4F8DE3A0C225BBAADF894304FF4807325
S315080384A02868ADF89830ADF89E30CFF74DFA0146F7
S315080384B0002840F0E78029684B89EB80D4F8480BFD
S315080384C0E3F7EEF90146002840F0DC80904B50A90B
S315080384D028685093D0F763FE0146002840F0D280FF
S315080384E094F8562BD4F8583B043A012A40F24D82A5
S315080384F0884EC4F8F00AC4F8F40A002B40F0CE807C
S31508038500D4F8586B002E40F0F9802B79002B40F0F5
S315080385101E814FF47A79D4F8586BDFF8F881002E68
S3150803852000F01581F37D062B00F0FF81F669F6E767
S315080385307E2350AC22460B2030A9ADF8403104F017
S315080385401FF8002840F0A280CDE9500052907249E6
S3150803855020469DF83D81F6F757FE05F1100928AE2A
S3150803856038BBB8F1000F24D008F1FF3A30AB13F843
S315080385700A30C6E90000B060002B5FD124AF30464D
S31508038580664A6749009730AB02F0D4FD00283AD112
S3150803859020466149F6F738FE28B9D6E9001220467F
S315080385A002F052FEE8B150A8F6F7CCFE3046F6F7CD
S315080385B0BAFE2023CDE90163012347F21211594A72
S315080385C0009348464FF44053F0F7B1FEE0F710FA2C
S315080385D0002851D10B20FDF70BFF0C287FF456AF6B
S315080385E0FEE73046F6F79FFE54A99022684610F038
S315080385F03FF894E80F00E0F7EFF9202228A9603046
S31508038600D7F715FCD5E710F59C5FD2D010F5845F34
S31508038610CFD130AB13F80A3083B93046424A4349BF
S31508038620009730AB02F086FD28B9D6E9001220463A
S3150803863002F0C4FEB6E710F5845FBAD14246204677
S3150803864030A902F0BBFE0028CED02046F6F77AFE04
S31508038650002320463049CDE950335293F6F7D4FD2B
S3150803866030B94246204630A902F0EEFD0028BBD0B9
S3150803867050A8F6F767FE9CE72869E0F73AFB014638
S315080386800028A7D0084678B0BDE8F0872869E0F740
S3150803869030FB014600283FF4F9AEF3E71A6AD4F82B
S315080386A0F81A32F0004018BF0146D4F8FC7A5A6A21
S315080386B01862D87DB14228BF3146002A08BF3A4618
S315080386C0032803D0052809D0012815D1D4F8F00AC0
S315080386D010B1814200D0FEE7C4F8F01AB24228BFAF
S315080386E032468A4238BF0A46D4F8F41A11B18A4286
S315080386F000D0FEE7C4F8F42ADB69FEE6F37D062B11
S3150803870016D1F669FEE600BF07000200F02A00202C
S31508038710000600019AC42000F8C90408ECE004081E
S3150803872009E10408FF06000628E1040842E10408F3
S315080387303046FAF7F9FF0028E3D029463046FBF717
S315080387401DFA014600289DD12B79002BD9D0D4F8E0
S31508038750F02AD4F8F83AAA49002A08BF1A46D4F8E0
S31508038760FC0AD4F8F43A8A4228BF0A46002B08BF03
S3150803877003468B4228BF0B46C4F8F43A9A4294BF81
S31508038780C4F8F02AC4F8F03A2846FBF70FF9064668
S31508038790014600287FF476AF4FF0FF2350A8509385
S315080387A0D3F76EFE50A90A222868ADF84861CFF7B9
S315080387B0CBF8014600287FF465AF6B8901336B81DB
S315080387C094F8556B002E00F01581D4F83467A4F895
S315080387D0E00A002E40F0E680B4F8E03A9BB9294651
S315080387E08848FBF7A3F9014600287FF44BAF864A6E
S315080387F092F87B3343F0020382F87B33B4F8E03A0A
S315080388000133A4F8E03A2846FBF7D0F801460028D6
S315080388107FF438AF7D4B2893FAF776FF014628A8ED
S31508038820D3F72EFE7A4B28A92A9340F603530E2232
S315080388302868ADF8AC30CFF787F8014600287FF4EF
S3150803884021AF24AB4122286950A9F8F728F906462F
S315080388500DF2411330AF0DF2811C3A461868596878
S31508038860083303C263451746F7D13046E0F7C0F825
S31508038870014600287FF406AF30A940222868CFF7BF
S3150803888063F8014600287FF4FDAE6B892868013337
S315080388909BB26B815BBAADF89C3025AA0C23CFF744
S315080388A011F82868E2F7F1FF014600287FF4EAAEDB
S315080388B04FF4245330A8ADF8C030D3F7E1FD4FF693
S315080388C00403ADF8C2309DF8C630D4F8F46A63F0F1
S315080388D07F038DF8C6304F4BD4F8F01A50A850933F
S315080388E0D3F7CEFD3046CEF72DFDBDF84231529073
S315080388F05BBA043330A90A2228689CB25BBAADF87E
S31508038900C830CFF721F8014600287FF4BBAE50A93B
S3150803891022462868CFF718F8014600287FF4B2AE36
S315080389202846FCF76FFB0146ACE63046FAF7FCFE31
S3150803893000283FF4FBAD376AD4F8F83A37F0004716
S3150803894008BF1F46D6F818A0CEF77EFC474528BFB2
S31508038950474609FB07F7A0EB0A0010EB57003FF55C
S31508038960E5ADF37D2946022B18BF0223304618BF0F
S31508038970F375FBF703F9014600283FF4D7AD81E603
S315080389801A6A42F000421A62DB69002BF8D194F89E
S31508038990DD2AC4F8F03AD20658BFD4F8FC3AC4F82C
S315080389A0F43AF1E63046FFF741FD90B129463046E1
S315080389B0FBF7BCF8014600287FF464AEF37C43F06A
S315080389C00203F374B4F8E03A0133A4F8E03A76699B
S315080389D0FFE6F37C60F34103F374F8E7D4F8500B2E
S315080389E0294600EB0310FBF7A1F8013601460028D8
S315080389F07FF448AE94F8542BF3B29A42EED802E7C2
S31508038A009AC42000583E0020F03A002000190001BD
S31508038A10004402010002000838B50B6804460D46F7
S31508038A2073B1E0F73BFE2B68013B13F8010F40B126
S31508038A306D38052804D8DFE800F00E0303050A128B
S31508038A40072038BD227842F001022270EDE722782A
S31508038A5042F00202F9E7227842F00402F5E72278A7
S31508038A6042F00802F1E700BF00F0F003E02B19D14A
S31508038A7000F00E000E2819D8DFE800F009180818C8
S31508038A800E18101818181818181812002B20087022
S31508038A90002070471120FAE72C20F8E73C20F6E778
S31508038AA02920F4E700F0F800F028F3D006207047F1
S31508038AB0002010B5124AD2F8CC30D2F8EC1023B9FC
S31508038AC0642894BF0020012010BD1A79D20713D554
S31508038AD08B4211D05A79520902F00504012C0DD0A4
S31508038AE052B95A8901307F2A80B205D960247F3A60
S31508038AF0B2FBF4F2104480B2DB69E0E70130FAE72F
S31508038B00F03A002073B505460F48D0F83835C1B199
S31508038B104A780232114490F83C251344CDE90013F0
S31508038B2001216846EAF7C5FC044638B1E6782846C3
S31508038B303246211DCEF7E2FB8642F1D8204602B023
S31508038B4070BD1946E7E700BFF03A00202DE9F04F5C
S31508038B504FF0000A074691465646554685B0DFF854
S31508038B60C880019129460198FFF7CCFF054640B90D
S31508038B70002E55D033885BBAA9F8003005B0BDE896
S31508038B80F08F294602A895F803B006F044FFAB78A0
S31508038B90BB42E7D10EB1D345E4D9002102A8EAF7CF
S31508038BA088FC0028DED04378841C013BC218944213
S31508038BB0F3D87EB3D3452DD8A3789B0918F90310A8
S31508038BC0B3789B0918F9033099421FD123461549EF
S31508038BD033F8030BB1F85CC1318840BA80B249BA9D
S31508038BE089B2604514BF4FF0000E4FF0010E614580
S31508038BF014BF002101218E4503D19A42CDD31C46C9
S31508038C00D8E76045F9D1DA462646F6E704F10303C1
S31508038C10F3DDF8E7264603349442DA46CAD9BCE7B5
S31508038C200420ABE7F03A002078C104080CB42DE918
S31508038C30F041404BB0B01B7837AD04460295002B84
S31508038C4045D0DBF76EF93C4BB2213C4A009003A8AA
S31508038C5007F078FD601E032896BF394B394B53F846
S31508038C6020309F21384A0DF11F0007F06BFD1330A2
S31508038C702B4684B203AD354AC4F1B20115FA80F026
S31508038C8007F042FD002822DB0444A4B2B22C28BF15
S31508038C90B2240A2204F1C0032D4D6B4403F8B42C05
S31508038CA0EB6A0134012BA4B216D0022B20D073B978
S31508038CB0AB6A6A6A93429CBF296A5B18013B9A1A94
S31508038CC0944204D82246234803A9F8F774FB30B024
S31508038CD0BDE8F04102B07047AB6A6A6A93429CBF2B
S31508038CE0296A5B18013B9A1AA24228BF2246EAE779
S31508038CF06F6A0DF10C08AB6A2E6ABB4298BF9B19C3
S31508038D00F61BA64228BF2646013BDB1B9E4228BF0D
S31508038D101E46E8694146384432460FF0A9FC2B6AD9
S31508038D2037449F4208BF0027A41BB0446F62E2D1B1
S31508038D30CDE700BFD743002091E1040899E1040871
S31508038D4054E304088CE1040841AE040847AF040859
S31508038D506C710020847100200EB44FF4160370B5AD
S31508038D600024ADB043221A4932AE06AD04A80593D2
S31508038D70039604958DF81840CFF77FF92346154ACD
S31508038D8012F8011B09B99BB202E001330E2BF7D186
S31508038D90114A12491344009304A8A2F10F030E22A1
S31508038DA0CFF76BF932460E4904A8CFF745F90D4AB2
S31508038DB00D4904A8CFF761F92B46102101200A4A69
S31508038DC0FFF734FF2DB0BDE8704003B0704700BF0E
S31508038DD0A4E1040864E3040873E30408AAE10408A5
S31508038DE0B3E10408D9E2040847AF04082DE9F041C2
S31508038DF092B0044688461E46189F002B4FD0002F74
S31508038E004DD02849284B0FAD002A08BF0B460360EF
S31508038E1000232946C0E9013303624046D4F79AFE84
S31508038E20002839D120460F9911F0C5F9102120469B
S31508038E3011F0C1F969464046D4F765FF60BB694638
S31508038E402046D4F79DFF404603A9D4F773FF18BB02
S31508038E504FF00108204603A9D4F792FF0F96134E45
S31508038E60CDF8408006AB119695E8070083E807001E
S31508038E7019462046D4F784FF0C9709ABCDF83480FE
S31508038E800CAA0E9607CA83E807002046194611F06E
S31508038E909BF9204610F03EFE12B0BDE8F081212072
S31508038EA0FAE700BF000100040001010410000020D6
S31508038EB02DE9F04794B00446DDE91D65DDE91F7821
S31508038EC09246894629B96FF08604204614B0BDE850
S31508038ED0F087002AF7D0002EF5D00DB9002FF2D16E
S31508038EE02388B3F5105F4DD1282200210DEB02002C
S31508038EF00FF09FF92022002102A80FF09AF90AA879
S31508038F0011F052F900283AD120465246494602AB97
S31508038F10D4F77EFC04460028D7D1029B23F0080227
S31508038F20102A01D0202BCED1AE4221D206F110034E
S31508038F309D421DD20F2FC6D93146102228460FF05F
S31508038F401CFB2E4633460022009502A90AA8FFF702
S31508038F504DFF064678B13A46002128460FF069F9CF
S31508038F600023012EC8F8003009D16FF08B04ACE753
S31508038F700F2FE7D8A7E71023C8F80030A5E76FF047
S31508038F809204A2E76FF085049FE773B5022315469B
S31508038F9001AA0446D6F74EFC18B9019B1BB96FF014
S31508038FA0630002B070BD226892F90020002AF6DB3E
S31508038FB006462268117839B106B10193042BEED817
S31508038FC009D10B06EBD406E00132013B4FF001064B
S31508038FD02260EED1019300232B60019B013BE0D372
S31508038FE022682968127842EA01222A602268013235
S31508038FF02260F3E713F07E0F2DE9F0470C4615467A
S315080390000CBF4FF0010A4FF0000A0746524629469D
S3150803901020461E46C3F34508D6F70DFD48BB04F1A3
S3150803902008095246484605F10801D6F704FD00BB70
S3150803903008F1FF33D3F1000848EB030842462046FC
S3150803904005F11801D6F7F7FC98B94246484605F1E3
S315080390502001D6F7F0FC60B921463846F209D8F75D
S3150803906078FA30B904F110000121BDE8F047D6F7C4
S31508039070CCBDBDE8F087F0B513460E4601220021A4
S3150803908085B0CDE902120091021D0546022102A808
S31508039090D7F7CBFC044648BB06F11002114628460F
S315080390A002ABD8F789F9044600BB06F108073A4626
S315080390B03946284602ABD8F77FF90446B0B902AB5E
S315080390C01A4619462846D8F777F9044670B9324638
S315080390D03146284602ABD8F76FF9044630B93A4603
S315080390E03946284602ABD8F767F9044602A8D6F7E5
S315080390F071FC034814F10E0F18BF204605B0F0BDE6
S3150803910000B3FFFF7FB513460D460122002106462D
S31508039110CDE902120091021D022102A8D7F785FCA8
S31508039120044678B92A462946304602ABD8F744F9A5
S31508039130044638B905F110021146304602ABD8F792
S315080391403BF9044602A8D6F745FC034814F10E0F6B
S3150803915018BF204604B070BD00B3FFFFF8B5044638
S315080391604518073549420D40A5F108063046D3F799
S315080391700DFF6188331BA1EBE30125F8061CA088C4
S31508039180DA1000EBE30080B225F8040CA188D1B10C
S31508039190A4EBC1014F88C880D0194880E188C9B1BA
S315080391A08A1A92B204EBC10125F8022C8A80A28896
S315080391B09AB911498A681344CA688B60934200D9DD
S315080391C0CB603046F8BD15F8081C41F0020105F8D6
S315080391D0081CE3E725F8021CE9E7A4EBC204227896
S315080391E0D207EED5044A91680B44D16893608B4243
S315080391F088BFD360E5E700BF0C64002073B5054656
S3150803920008460C46E4F712FE1F4B7DB9A27C65742B
S3150803921022F0030242F00302A27403F5527303CB4E
S31508039220402320606160237402B070BDD3F83825EB
S3150803923093F83C351344CDE9002301216846EAF740
S3150803924038F906460028EFD0E9F7FAFF0028F4D0E4
S31508039250837803F00F039D42EFD1A37C214643F0A5
S315080392600203A3748378A27CC3F3001363F3000297
S31508039270A2748378304603F00F03637402B0BDE823
S315080392807040E4F777BD00BFF03A00202DE9F047B8
S315080392908CB004468A4618460DF1060190461D46CB
S315080392A0CEF7A4F8074620B1062738460CB0BDE822
S315080392B0F087BDF8066006F46043B3F5C04FF3D1F3
S315080392C0330640F18F80284601A9CEF78DF800288A
S315080392D0EAD19DF804904FEA191009F00F0902A97B
S315080392E0FFF78CFF484607A9FFF788FF24220021CA
S315080392F0201D0EF09EFF002360226370A370E370A7
S3150803930006F4C053B3F5C05F227036D0AB88002B82
S31508039310CAD02B6830051B784FEA930303F0300352
S3150803932063700ED401A92846CEF75EF89DF804208B
S315080393302178C2F383030B432370637843EA8213CA
S315080393406370F10419D4AB88022BADD92B68627804
S315080393501B7803F00F03134363702B68A2785B78BB
S315080393601343A3702B68E2789B781343E370AB88A7
S315080393702A68033B03322A60AB8016F4806933D12B
S31508039380284601A9CEF730F800288DD19DF8043078
S31508039390A3714B468AF8003006F44073B3F5007F91
S315080393A024D0B3F5407F23D0B3F5807F22D0284657
S315080393B001A9CEF719F800287FF476AF9DF8043093
S315080393C0E37106F03003202B47D015D8EBB1102BE9
S315080393D03AD0730649D46FF0010323726FF07F0303
S315080393E063721DE081467AE70123D3E74023E7E763
S315080393F0FF23E5E70123E3E7302BEAD1404604F1EF
S31508039400100202A9E4F7C1FCE3E7720608D41022A6
S31508039410284604F10801CDF7D3FF00287FF444AFAB
S31508039420310706F003026DD4022A4FD0032A56D019
S31508039430012A25D073073FF537AF102204F1180127
S315080394402846CDF7BDFF86E0082204F11001284619
S31508039450CDF7B6FF0028BCD026E7FF23E374FE2327
S315080394600222237504F11601F1E79DF81A309807CD
S315080394707FF51AAF02A904F10800E2F7C3FECFE7A6
S31508039480082204F120012846CDF79AFF00287FF425
S315080394900BAF76072BD46FF0010323766FF07F03A8
S315080394A06376B9F1000F3FF400AFAB88002B3FF4A6
S315080394B0FBAE2B680DF105011878FFF7D5FA0028DE
S315080394C07FF4F2AE9DF80530A371EEE6FF2384F828
S315080394D02330FE2304F1260184F82430D3E704F16C
S315080394E0200207A908F10A00E4F74FFCCEE79DF826
S315080394F02E3098077FF5D8AE07A904F11800E2F7CE
S3150803950081FECEE7FF237107237627D4022A0FD0DD
S31508039510032A19D0012A90D1284604F11901CDF757
S3150803952063FF00287FF4C0AE052204F1230187E711
S31508039530284604F11901CDF757FF00287FF4B4AE86
S31508039540032204F125017BE702232846637604F107
S315080395502701CDF749FF0028A3D0A5E6002A7FF403
S31508039560A3AE9DF82E309B077FF59EAE02222846B2
S3150803957004F11901CDF724FF00287FF495AE9DF871
S315080395802C300422E37607AB03CB2162E06104F1B6
S31508039590240155E738B50E4D044695F8D83F8B4256
S315080395A014D1D5F8003F984209D3D5F8082F431CA0
S315080395B09342C5F8003F02D30648E4F71DFDD5F8E4
S315080395C0D43F9C4224BF0134C5F8D44F38BD00BFED
S315080395D0F02A0020483C002010B50446DAF7B6FC0A
S315080395E0002C00DAFEE721180248BDE81040CFF741
S315080395F0CDBB00BFCC3A00202DE9F84F13F0010884
S3150803960004460E4617461D46DDF8289002D1043B4C
S315080396100C2B55D9FEE710461B0A421C002BFAD120
S31508039620C0B2022838BF0220C0F10F0A022818BFA9
S315080396305FFA8AFA331E18BF0123AA1E013852108D
S315080396409B015FFA80FB43EAC2034BEA03035246D4
S315080396504946237404F111000FF00AF83A460F231A
S3150803966004F120019A452ED304F11002114620462F
S31508039670CFF748FE26B14FF00208637C7340637444
S315080396805246494684F820B004F121000EF0F0FF53
S315080396900AF121000021CAF10F0220440EF0C9FD88
S315080396A00023C4E91137E364102384F854A026641D
S315080396B0A4F85080A4F8523084F85550BDE8F88FC2
S315080396C013464046A9E7013B01F8012DDBB2120A0E
S315080396D0C8E77047002200B589B0049209224FF4FF
S315080396E000330792ADF8180008AAADF80C0012E982
S315080396F003008DE80300029302AA07CADFF7E6FC14
S3150803970009B05DF804FB2DE9F0431E4B054693F8B3
S3150803971048388846164685B093B3FFF7DBFF08B18A
S315080397202D281ED136B300244FF4003901AFCDF8E6
S315080397300490ADF8085003946B4697E80700DFF7E3
S31508039740AAFC2D2811D13846CDF80490ADF8085057
S315080397500394DFF799FC3346014642460A48F2F773
S31508039760F5FA2D2807D9012007E00134092CDED1A3
S31508039770012000E02120054B185C05B0BDE8F08305
S315080397801120F8E7F03A0020A01900205EE104084A
S3150803979008B5002814BF0220012091F8FE20FFF720
S315080397A0B2FF0C2800D1FEE700B1FEE708BD054865
S315080397B090F85031DB0704D5012100F59C70D0F7EA
S315080397C097B87047F03A0020064890F85931022BAB
S315080397D007D190F85B319B0703D400F5AC70E5F726
S315080397E0A9B87047F03A002010B4124C0246D4F8D0
S315080397F034070021034613B95DF8044B70479A42B0
S3150803980007D019465B69F6E74B6943B15B694B6158
S3150803981005E00029F8D110B14369C4F83437D37C7D
S3150803982000216FF3410304485DF8044BD374E2F750
S31508039830B2BE00BFF02A002024320020074BD3F81B
S31508039840343723B91720B0FA80F040097047984295
S3150803985001D05B69F5E70020F5E700BFF02A002091
S31508039860024608B5C37CDB0741BF0A4B03CB10602E
S3150803987051601046FFF7E2FF58B907480121D0F8AF
S31508039880343700F2347053610260BDE80840E2F7EA
S3150803989082BE08BD383E0020F02A0020054B9A6A8E
S315080398A002439A62DA6A024303F13000DA62CEF7B8
S315080398B083BC00BFF01A0020F7B5054601290CBF83
S315080398C04FF480504FF400500C461746FFF7E6FF57
S315080398D0AE68AEB138460097E2F797FCBDF80420A8
S315080398E000F00F031B0222F47F5222F03F0243F0DB
S315080398F08003134321466846EA68ADF80430B04747
S3150803990003B0F0BD024BDB6A184200D1C6E77047C5
S31508039910F01A002008B510B1182806D008BD4FF470
S315080399208030FFF7BBFF0020F8E74FF48030FFF7DE
S31508039930E9FFF8E72DE9F04385B00746D2F794F92E
S31508039940054640B93C46484E06F63C7897F8FE303D
S315080399503B449C4203D3284605B0BDE8F0832378ED
S315080399600C2B20D8DFE803F007242B301F3F1F44B6
S315080399701F1F1F1F4900B4F803903C4899FA99F929
S315080399805FFA89F94946D1F7FCFA054658B12528FD
S3150803999098BF374B4A4694BF53F82030354B364960
S315080399A03648FFF7D9F92046CFF758FA0444CDE7E6
S315080399B061882E4849BA89B2D0F70DF8F3E73048DB
S315080399C0A11CD2F761F8EEE76378A21C102B28BF17
S315080399D0102302A92B4802928DF80C30D2F7C0FA4D
S315080399E0FFF798FFDFE72848A11CE6F7FAFBDAE753
S315080399F02648A11CE6F72AFBD5E72046D2F7BDF889
S31508039A00029080B201289CBF0223ADF80830BDF846
S31508039A100830B6F83C2F9A4206D05D225343642297
S31508039A20B3FBF2F3A6F8123F0422404602A90FF04D
S31508039A30E4FD88B94FF48010FFF764FFB6F8102FDA
S31508039A40B6F83C3F9A42AED3D6F8DC1E02220E483D
S31508039A500131E3F7A5FFA6E7029B4FF48010C6F88A
S31508039A603C3FFFF71BFFE9E7F02A0020383A0020BE
S31508039A70A8C30408B7AE0408B3E1040864E30408FA
S31508039A8098390020A0390020C8390020483C002016
S31508039A9010B51E4C94F8483FC3F38002824234D073
S31508039AA060F3820384F8483F70B994F8483FC3F3D8
S31508039AB0C00394F88E2F164863F3000284F88E2F9A
S31508039AC0BDE81040CFF79CBFB4F84A3F590608D5FE
S31508039AD01048CEF702FDB4F84A3F23F04003A4F832
S31508039AE04A3F94F8493F062B08D10A48CEF7F5FCB6
S31508039AF00023094884F8493FCEF75EFB94F8482FBC
S31508039B00C2F380035207D0D5D3E710BDF02A00204D
S31508039B10383A0020083B0020003B002008B50848D7
S31508039B20CEF7DBFC074B93F843216FF3870283F8E1
S31508039B304321B3F8502102F08002A3F8502108BD4F
S31508039B40343C0020F03A002010B50446FFF7A0FF86
S31508039B5034B1FFF7E3FFBDE810400D48CEF7BDBCAF
S31508039B600C4890F85031D9070DD490F85B211207A9
S31508039B7000D5FEE743F0010380F85031012100F5D3
S31508039B809C70CFF7B5FEBDE810400348E3F7BABAB1
S31508039B90F8410020F03A0020F04100200D4A0E4B10
S31508039BA0D2F8640112F8981C984228BF18464FF455
S31508039BB07A73C90703FB00F009D5D2F868215A431B
S31508039BC0904228BF1046834238BFC01A70474FF4E5
S31508039BD07A63F8E7F03A00209BC4200070B50D4C71
S31508039BE0D4F84C3104F5A275AB4211D0FFF7D6FF72
S31508039BF0D4F83C6186420BD1CDF726FBC4F838016D
S31508039C000146D4F83C212846BDE87040CEF7ECBBA4
S31508039C1070BD00BFF03A002008B5054B0146188011
S31508039C20044B002218680FF0A2F800B1FEE708BD3E
S31508039C30D46D002064190020F8B50E4E054630464B
S31508039C40D0F72FFAFF28044612D03768384605F0AE
S31508039C5096FC08B9013CE4B20648D0F713FAB28871
S31508039C60631C0344934203DC00203B5D2B70F8BD61
S31508039C700620FCE7401A002010B508490446E9F710
S31508039C8049F840B920460649E9F744F80028044844
S31508039C9008BF002010BD0148FCE700BF703C002048
S31508039CA07C3D002007B5037A012B0DD103880020DC
S31508039CB00122019068468DF80020ADF80230FFF7BF
S31508039CC0DBFF03B05DF804FB022B18BF00204FF639
S31508039CD0FE73EDE7F8B51F46184B0646104693F88C
S31508039CE008210D469307C2F3400411D5FFF7DAFF9F
S31508039CF0044668B1306805F03CFC48B13046D0F7F5
S31508039D0052FA38B1002F0CBF04200F2025B9E57786
S31508039D102046F8BD0420F9E70E2DF9D1E37FA28B7F
S31508039D200133DBB2C2F30802E377002AF0D1984283
S31508039D30EED80348E4F7C8FEEAE700BFF03A002086
S31508039D40483C002037B50D4C6846254655F8E01FB4
S31508039D5005F010FA009909B903B030BD4B792846C6
S31508039D605B0902BFD4F820310133C4F82031CEF79A
S31508039D705EF86846CDF744FBECE700BFF03A0020EF
S31508039D80012310B50B4A8340516C146D0B4353647E
S31508039D9002F148039C420CD1CEF7EAF840F2E933C4
S31508039DA0B0FBF3F101FB13012046BDE81040CEF7E3
S31508039DB020BB10BDF01A002070B502230D461646C7
S31508039DC0CDF73DFD044660B9737869880133B1EB75
S31508039DD0C30F4FEAC30206D3022128466A80CEF789
S31508039DE095F8204670BD0624FBE738B5012A0446D4
S31508039DF00D680DD000230B600068854202D005F07C
S31508039E0067FA25602368002B0CBF0320002038BDA2
S31508039E1028466989CDF76CFF05462068A842EDE711
S31508039E200379DA0722D500226FF3000303718281CF
S31508039E3019B1DBB262F3C303037143795B090FD12B
S31508039E40037913F0080F0A4B15BFD3F81421D3F877
S31508039E501C210132013214BFC3F81421C3F81C2193
S31508039E60436A1BB100224262826A1847704700BFE1
S31508039E70F03A002070B504468AB0CDF7E5F92379A0
S31508039E800546DB07A6690FD5A3896BB96179490925
S31508039E900AD128236A462046CDF7FBFB02A91648B2
S31508039EA0E4F7B0FB014610B100200AB070BDA81B49
S31508039EB0B0F5FA7F9DF80130F6D313F0300FC3F3EC
S31508039EC0011202D0B0F57A7F08D302212046FFF7A4
S31508039ED0A7FF204604F00BFB0220E6E7032AE3D09C
S31508039EE023F0300343F030038DF801306A46282304
S31508039EF02046CDF7E7FCD7E72432002070B51724B0
S31508039F000B4DD5F8CC0008B9204670BDD5F8EC3012
S31508039F10C669984209D00379DA0706D5DB0604D45D
S31508039F20FFF7A8FF022808BF00243046EBE700BF67
S31508039F30F03A0020F8B506461B4FFC6D14B32368A8
S31508039F401A4AFB65B2F86036B2F8621601339BB259
S31508039F508B42A2F8603638BF0B46A2F86236002356
S31508039F6023601EE06B79C3F34103B34219D2284633
S31508039F700321FFF755FF284604F0B9FADDE7002861
S31508039F80DBD00EE0FFF7BAFF1728F8D12346084AB5
S31508039F9052F8045F002DE5D10133DBB2042BF7D168
S31508039FA02C462046F8BD00BFF01A0020F02A0020F0
S31508039FB0BC3B0020F8B5074650780E461546FFF712
S31508039FC0B9FF044610B900242046F8BD80220021B3
S31508039FD00EF02FF96379E68167F3471363712B78DC
S31508039FE0A2885B0003F0820322F4C45222F0020221
S31508039FF043F408631343A38024626A78032A12D9B5
S3150803A000236A9C421AD10E4901F580501A46CC6D33
S3150803A0101B681460CA65B0F86026013AA0F8602682
S3150803A020002BF3D1CFE76379002162F3420320467D
S3150803A0306371CDF70BFA0028C6D0E1E7FEE700BF48
S3150803A040F01A00202DE9F04106460F461446002172
S3150803A0500620184A86B09846FFF7ACFF0546D0B1E6
S3150803A060CDF7F2F822464044009001AC02F1100CF9
S3150803A070234610685168083203C362451C46F7D164
S3150803A0801822694628468DF81470CDF75DFC28B169
S3150803A0902846CDF7BBF906B0BDE8F081009906F16D
S3150803A0A00800CEF711FA012229463046CDF787FE76
S3150803A0B0F1E700BF7AC3040830300A4681B20020AC
S3150803A0C078E703880BB98B8070478B681B688B60AE
S3150803A0D003B9FEE704330B607C238B8003887C2B50
S3150803A0E028BF7C238B800288D31A038070472DE907
S3150803A0F0FF41044690461F460A9E1022B389758976
S3150803A100ED1AADB2ADF80250D2F7AFF910224146B7
S3150803A1102046D2F7AAF92046290AD2F797F9204604
S3150803A120E9B2D2F793F900212046D2F78FF93946D7
S3150803A1302046D2F78BF93046B18901AB0DF10202FD
S3150803A140CDF723FABDF8082012B904B0BDE8F081AB
S3150803A15020460199D2F789F901A90DF10200FFF703
S3150803A160B0FFEFE708B5DEF7F8FD014620B9202072
S3150803A1700FF054FA0FF07EFA002008BD07B50D4B11
S3150803A1800DF1060118680EF05CFC0B4BBDF80610C2
S3150803A19093F90020094B7F2A0B4413F90B0C05D1BD
S3150803A1A07F2808BF002003B05DF804FB9042A8BFD0
S3150803A1B01046F8E76419002098190020AC610020BE
S3150803A1C038B50546DEF7C9FDE0B9104B1B6813B170
S3150803A1D01B68012B16D0FFF7D1FF01462846DEF789
S3150803A1E00BFF044660B92846DEF752FE044658B903
S3150803A1F0014620200FF012FA054B9D71054B9D7100
S3150803A200204638BD0D24FBE70124F9E78819002009
S3150803A210401A0020101A0020012110B581400020A1
S3150803A220CDF7BAFE4FF4A07303FB00F4084B93F87B
S3150803A2308E2FD20709D5D3F8943F9879FFF7C0FF35
S3150803A2402046BDE81040FFF7C7B9FFF78BFFF7E7CE
S3150803A250F02A002038B5A0230C4DEC685C4308B9F6
S3150803A260D9F774FE2B69B3FBF4F204FB1233B0FB84
S3150803A270F4F204FB12002344181AB0FBF4F304FBAC
S3150803A2801300A023B0FBF3F080B238BD701A002088
S3150803A2902DE9F04F054689B0FFF770FF8C4C014650
S3150803A2A0A54200D0FEE72A688A4B9A4200D0FEE709
S3150803A2B0237F98070DD4642384F82C30A079DEF71E
S3150803A2C09BFE0646002840F0FE80DEF746FD68B191
S3150803A2D0FEE794F82C30022B84BF023B84F82C301B
S3150803A2E094F82C304F2BE9D85023E5E731464FF441
S3150803A2F0F8500FF093F9217F774B784D1020C1F36F
S3150803A3008001A3622C600FF089F9237F744FC3F38E
S3150803A310C003BB72FB6883B1D5F80080D8F8143044
S3150803A3205BB94FF0FF300EF094FC40F6B8322B6859
S3150803A330C8F810005A610123BB72D5F80090FB6870
S3150803A340D9E904028BB199F81C10C9070DD4104436
S3150803A350A0301FFA83F8FFF77DFF07464846CFF775
S3150803A36029FF10B1A0F802800780286805F019F9BB
S3150803A370EFF31188302383F31188012102200FF0AC
S3150803A3804DF9DEF7EAFC00B9FEE72B6803B9FEE7E9
S3150803A3909B884FF0000B8DF80B300123DFF854919F
S3150803A3A01A460DF10B01D9F800000EF018FC9DF8BA
S3150803A3B00B202968023A002392B20968D9F80000EB
S3150803A3C00EF00DFC474BCDF814B006932B68CDF869
S3150803A3D01CB093F82C2020208DF814201B6805AF99
S3150803A3E093F800A0CAF3401A0FF030F950B105F0FC
S3150803A3F033F8594620200FF011F959464FF4004017
S3150803A4000FF00CF929684B6903BB10200FF01EF9EE
S3150803A41098B12A68344B117E997034490978D970F2
S3150803A420917900975246D9F800000EF05BFA38B3D3
S3150803A4304FF480500FF0FEFC22E029683B46524653
S3150803A4408979D9F800000EF04BFAF0E70022962036
S3150803A45004920A6989791344234AA3F59B731082E4
S3150803A4600C320092019703935246D9F8000003ABC6
S3150803A4700EF03AFA0028DBD1012140200FF0CEF87E
S3150803A48088F31188BFF36F8F4FF480500FF0DEF80F
S3150803A490C8B1174D95F84838ABB155F8643CA5F5DE
S3150803A4A0805523B10121D5F8A02F09489847B5F857
S3150803A4B07C3FDB0707D4206805F05BF818B14FF437
S3150803A4C07A50FFF789F8304609B0BDE8F08F00BF28
S3150803A4D04045002070450020F01A00206819002026
S3150803A4E0701A002020A10700607000205671002012
S3150803A4F0F03A00206419002010B5174C94F87E3FF3
S3150803A500032B27D1B4F87C2FD4F8943FD20617D55A
S3150803A510042384F87E3FD4F8940FFFF7B9FE0D2879
S3150803A5200CD1D4F8942F53694BB100235361D4F853
S3150803A530942F1361D4F8940FFFF7AAFE50B1FEE7E0
S3150803A5409879FFF73DFE00B1FEE794F87E3F042BAA
S3150803A550E1D0DDE710BD00BFF02A00200E4B93F8CB
S3150803A5607E2F93F87F0F032A1CBF032283F87E2FBF
S3150803A570D3F8942F117E69B1127F52070AD5B3F81F
S3150803A5807C3F03F00C032BB90330C0B2052828BF60
S3150803A590052041E6B0E700BFF02A002037B5244C72
S3150803A5A094F87E3F052B41D0D4F8945F286804F0CD
S3150803A5B0F0FF80B32B7FD8062DD428460DF107016B
S3150803A5C0CFF7CEFB38BB2B7FD90704D4284694F89C
S3150803A5D0D81FCFF746FDB4F87C3F9A061BD49DF8DF
S3150803A5E00730082B17D1D4F8943F124A9A60D4F847
S3150803A5F0940F037FDB0709D4D4F8D45F2946CFF732
S3150803A600CFFB284694F8D81FFEF7C4FF0A49D4F8A7
S3150803A610940FCFF7D5FD002384F87F3F84F8803F56
S3150803A62084F8D93F03B0BDE8304097E7FEE700BF9B
S3150803A630F02A0020A43A0020763A002038B50546C9
S3150803A640CFF7A4FD04462846CFF72BFDFF2C024679
S3150803A65001D0FF280ED1002038BD2B68195B1819C5
S3150803A660C1F3C7111A29F7D01B5D03F07F03023321
S3150803A6701C44E4B2A242F0D2EDE72DE9F047AEB0AE
S3150803A680054624A88A4690461E460FF08DFD0746C2
S3150803A69028B16FF0920420462EB0BDE8F0872B68E8
S3150803A6A0102E28BF102613F47C1FC3F3054202D0CD
S3150803A6B0964228BF16465B4A23F47E13934240F01C
S3150803A6C0AD802822002124A80DF0B3FD0023CDE98F
S3150803A6D02033CDE922336B6B05F104090F2B7FD8A1
S3150803A6E00023514A50461DA9CDE9242326932C93CA
S3150803A6F0D3F730FA044600287FD11D9924A80FF012
S3150803A7005AFD696B24A80F2984BF01F00F01103184
S3150803A7100FF051FD504602A9D3F7F5FA044600286F
S3150803A7206BD102A924A8D3F72BFB504605A9D3F767
S3150803A73001FB0446002860D105A924A8D3F720FB0A
S3150803A74001233A4A05F1140E6D6BCDF850900DF1BD
S3150803A750200C1593169214AA07CA8CE8070005F06D
S3150803A7600F0242F00052CDF85CE00BAC1893199235
S3150803A77017AA07CA84E80700CDF868E01B9345F0D3
S3150803A78000531C931AAA0EAB0F2D07CA83E80700BA
S3150803A79042D90A9B614623F0005324A80A93D3F7A8
S3150803A7A0EFFA214624A8D3F7EBFA012320AD1D952A
S3150803A7B01E931E4B1DAA1F9311AB07CA83E80700F6
S3150803A7C0194624A80FF000FD24A80FF0A3F90446A0
S3150803A7D098B93246294640460DF04AFF374612E0F5
S3150803A7E001225146CDF8009005F1240324A8FEF76B
S3150803A7F0FDFA044600283FF473AF212C14BF6FF00B
S3150803A80092046FF08604369B24A81F600FF0CCFCD5
S3150803A81000283FF440AF3CE71946C3E76FF08804C6
S3150803A82039E700BF0002C00300000404100000203B
S3150803A8302DE9F04F8A46984604469FB0002800F053
S3150803A840C78089B114A800920FF0AEFC002840F027
S3150803A850BA802379009A013B271D042B2CD8DFE8FD
S3150803A86003F0141E2F384400002A40F0B18014A8C0
S3150803A8700FF09AFC0146002840F0A580D422201D3B
S3150803A8800DF0D7FC6FF089009FE01426534904F1B5
S3150803A890100307F1040C04F1300BB14609E0202636
S3150803A8A04FF01C094E4904F1100307F1040C04F197
S3150803A8B0300B40254A4522D2D42200213846DFE709
S3150803A8C02026484904F1100307F1040C04F1300B60
S3150803A8D0E3E740264FF03009434904F1180307F12B
S3150803A8E0040C04F1580B8025E4E740263F49B1469A
S3150803A8F004F1180307F1040C04F1580BF3E70CF100
S3150803A90004020CEBD50E52F8040B002856D19645D3
S3150803A910F9D1DCF80020013D1540CDE91410169055
S3150803A92029461C9014A8019300920FF044FC009A40
S3150803A93014A811460FF03FFC019B46F000561193ED
S3150803A940012345F00055129311AA139602AE07CABE
S3150803A95086E80700CDF838B00EAA0F93109505AD13
S3150803A96007CA85E80700CDF82CA00C9349F00053D5
S3150803A9700D930DF120090BAB93E8070089E807004F
S3150803A980314614A8D3F7FCF9294614A8D3F7F8F9DE
S3150803A990494614A80FF018FC14A80FF0BBF805468F
S3150803A9A0D422002138460DF044FC4DB92378032BF5
S3150803A9B011D120232846C8F8003006E00F25EFE713
S3150803A9C0212D3FF45FAF6FF092001FB0BDE8F08F03
S3150803A9D06FF08600F9E76FF08800F6E700020303D5
S3150803A9E0000303030004030300050303000603032C
S3150803A9F02DE9F04717469846354A036805461A402F
S3150803AA00B2F1607F0E46B4B04CD100225FFA83F9E7
S3150803AA1049F0007909F17E430A3B012B03923BD99E
S3150803AA2000F1DC0C634604AC00F58E7E22461868FA
S3150803AA305968083303C273451446F7D180220021A7
S3150803AA4060460DF10C0A0DF0F4FB5346802214A957
S3150803AA50281DFFF7EDFE0446D0B9C023039A0093D9
S3150803AA6004AB19464846CDF804A04032D3F792FE04
S3150803AA70044668B96D8815F03F0508BF039DAF42C4
S3150803AA800DD32A46304604A90DF0F2FDC8F8005046
S3150803AA90204634B0BDE8F0876FF08804F8E76FF016
S3150803AAA08904F5E72022002104A80DF0C2FB2946F4
S3150803AAB004A8D2F763FE04460028E9D13B4632468A
S3150803AAC02846CDF8008004A9FFF7D7FD0446DFE73B
S3150803AAD00000C07F10F1860F12D010F1850F0ADA35
S3150803AAE010F1930F0FD010F1870F0CBF6FF073009F
S3150803AAF04FF0FF307047003818BF012040427047B7
S3150803AB006FF0710070476FF06F00704710B500F073
S3150803AB10FE44B4F1A06F08BF20F47E1000F0FC4495
S3150803AB20B4F1806F0ED10A4CA04202D06FF08500B3
S3150803AB3010BD0220B1F5105F1070F7D10222002074
S3150803AB401A70F5E7034CA042F0D10120F2E700BFE3
S3150803AB50004040040002C0032DE9F04FABB0069352
S3150803AB600023DFF8FC9209930D4690464B464FF4B3
S3150803AB70807209A9F5F7E1FD064630B10998F5F79C
S3150803AB80C7FD0023069A13607AE2099E7768D6E919
S3150803AB9008A23F0A012F00F07E82AA4B9F4200F0CB
S3150803ABA07A822FB13046F5F7B3FD6FF08606E8E7EC
S3150803ABB0069B5146049310233046CDE90283CDE91B
S3150803ABC000750CABFEF774F910F1860F044640F0D6
S3150803ABD070825022394616A80DF02BFB3388484657
S3150803ABE00793CDF85890079910AB0BAA76888DF87A
S3150803ABF04070FFF78BFF58B99DF840009DF82CC0AD
S3150803AC00914ADFF85492D2F804B0BBF1000F0BD186
S3150803AC10169B03F0FE43B3F1806F00F03882099860
S3150803AC20F5F776FD2646ACE79BF80710C1F38401D2
S3150803AC3059F82110097881420AD19BF8051001F0C9
S3150803AC400F0EB6EB8E1F03D1BCEB111F00F0388233
S3150803AC500832D8E790472790002840F040827B487F
S3150803AC60F4F77DFB169B04460028D1D103F0FF4376
S3150803AC70B3F1906F09D0219B9DF85D201033B3FB88
S3150803AC80F2F35343102B00F2E481189A002A7AD17F
S3150803AC906F48F4F764FB0A9E0446102E00F2F4810B
S3150803ACA00028B5D1B8F1000F00D0B044219A10ADF1
S3150803ACB0002A00F03781169B664923F480638B428A
S3150803ACC040F0308110212846F4F718FB6FF086040C
S3150803ACD09EE7263B20E24FF410534FF4407110A829
S3150803ACE0ADF84030EEF719FB234653F8042B5146CB
S3150803ACF01392F21DD20810A8F5F739FA10F1860F48
S3150803AD0000F00D8220B18D30A9D06FF06F00A7E750
S3150803AD100123237219968DF86830079B002003F4E4
S3150803AD20E043B3F5005F09BF079B0023C3F3022281
S3150803AD30012304BF9340DBB28DF85D308DF85C00C8
S3150803AD408EE79BF8072002F00302012A08D89BF82E
S3150803AD50052002F00F02B6EB821F01D03C487FE7BD
S3150803AD60012219968DF868209BF807303A4AC3F3EF
S3150803AD70840352F8233051463246DB6827989847AE
S3150803AD800028CAD06CE79DF8A430012B01D13348BB
S3150803AD907FE7002316790A9316F01F0600F0BE8094
S3150803ADA0537903F0F003102B11D1102E40F0B8801D
S3150803ADB0D379294AC3F3840352F823309DF96810DB
S3150803ADC05C682A46434627980A96A04761E7902B6C
S3150803ADD009D110220AAB01932946434627980092C4
S3150803ADE0D5F7F7FF55E7A8450AD1219A002A7FF434
S3150803ADF04FAF1022B2FBF6F27243102A7FF448AF24
S3150803AE00202BC4D19DF96830219CB3B91B9A331BF7
S3150803AE10B2B10F2B26D904F1A8030DEB0304343C76
S3150803AE2005F1100355F8042B9D4244F8042BF9D178
S3150803AE30219B1033219300202BE7012B12D1331BBF
S3150803AE40102BE7E70200800084E30408809EFFFFD7
S3150803AE50009FFFFF0040400410D80408809FFFFFAF
S3150803AE6000444004002C56D016ABA6EB040A04F1A2
S3150803AE701C005246294618440DF0FAFB189B1DAAD6
S3150803AE80DB790092C3F3840359F82330CDF80480A1
S3150803AE90D3F808B032469DF96810279822ABD847ED
S3150803AEA000287FF4F6AE1034A41B0A962190C2D06C
S3150803AEB008EB060B5544B4FBF6FA06FB1A4ABAF135
S3150803AEC0000F06D19DF968301BB91B9B002B18BFD1
S3150803AED0B246A4EB0A04524629191DA80DF0C8FB6D
S3150803AEE0219B0A9E53442193002CA4D0189B2246E7
S3150803AEF0DB79CDE9005BC3F3840359F823309DF965
S3150803AF0068109D68279822ABA84700287FF4C1AE2E
S3150803AF1034440A94BDE6C3461024CCE78148B8E610
S3150803AF208148B6E61898F8B98048F4F718FA04463B
S3150803AF30002840F096800B9A002A40F08280102160
S3150803AF402846F4F7DBF90B9B069A33441360169BE2
S3150803AF5003F0FE43B3F1806F00F088800998F5F794
S3150803AF60D7FB6FF088060CE69DF8A430012B01D1B8
S3150803AF706F48DAE700230B93417901F0F003202B9E
S3150803AF8008D11C9B002BCFD083794C3B012B18D8B7
S3150803AF900020CAE701F0B004302CF9D001F0E00133
S3150803AFA04029F5D0602BF3D0902BF1D0A02BEFD00E
S3150803AFB081794C390129EBD9102BD9D1002AE7D04D
S3150803AFC037E09DF96830012B2BD11B9B002BF5D05D
S3150803AFD0269911B90179490989001DA89847189B2B
S3150803AFE01DA91A79DB790091C3F3840359F8233031
S3150803AFF001959C689DF96810279822AB02F01F02F9
S3150803B000A047002891D19DF96820189B9AB91C9CE2
S3150803B01013B11F7907F01F07394628460BAAA0471D
S3150803B02083E7037903F01F039A42D8D01B9B002BAF
S3150803B030C4D03D4879E713B11F7907F01F070B976B
S3150803B040A6E7C6F11003934206D210212846F4F761
S3150803B05055F96FF08904DBE5294640460DF008FBF0
S3150803B0606DE710212846F4F749F9D1E518A8D5F76D
S3150803B070C5FF0998F5F74CFB0646002E7FF481AD0C
S3150803B08030462BB0BDE8F08F6FF09604C0E518A8DC
S3150803B090D5F7B4FFC3E5069B514604931023CDE9C0
S3150803B0A0028300233046009301950CABFDF700FF9E
S3150803B0B004460998F5F72CFB0646002CDDD0B1E5C6
S3150803B0C04822002118A80DF0B4F89BF80720C2F30C
S3150803B0D0840259F822205269002A7FF4BBAD9DF8F1
S3150803B0E0A420CDF860B0012A7FF42BAE18220021E4
S3150803B0F010A8279C0DF09DF873077FF42FAE227ACC
S3150803B100002A7FF42BAE9BF80630102B3FF6E1ADF1
S3150803B1100D2B3FF6E0AD023B052B7FF6DCAD04486D
S3150803B1209EE500BF809CFFFF809DFFFF009FFFFFFA
S3150803B130809FFFFF2DE9F043064685B018460D4666
S3150803B140914698460DF030FB0746002862D04946DB
S3150803B15040460DF029FB044600285BD0874259D2A6
S3150803B16028460DF019FB3B5C3D18202B08BF01351B
S3150803B1702B780D2B08BF01352B780A2B4AD1484665
S3150803B1800DF00AFB235C2218202B08BF0132137823
S3150803B19001350D2B08BF013213780A2B08BF01327C
S3150803B1A0A2EB08020C9BA4EB0508B8F1150F1A606D
S3150803B1B005DD162228461D490EF01FFA60B3AC4278
S3150803B1C02CD900212B460846CDF8008003AAD4F7CC
S3150803B1D068FB2C3024D0039C24B321460120F2F7C4
S3150803B1E0F9F8074600B321462B46CDF8008003AA93
S3150803B1F0D4F757FB044648B138460399F4F788F859
S3150803B200A4F58854204605B0BDE8F083039B376050
S3150803B2107360F7E7064CF5E7064CF3E7064CF1E7E8
S3150803B220064CEFE7064CEDE7064CEBE7EDE10408C1
S3150803B23080EFFFFF00ECFFFF00EFFFFFD4EEFFFFF9
S3150803B24080EBFFFF80EEFFFF2DE9F0430023044662
S3150803B250104687B0CDE903330593029130230144A1
S3150803B26001AA02A8D4F7E6FA10B1A0F574503BE098
S3150803B270DDE901371F446A46394602A8FDF785FE0C
S3150803B2800028F2D1009B012B40F08880042339461D
S3150803B2900DEB030202A8D4F7CDFA0028E5D1DDE9C0
S3150803B2A00165AB199F4202932DD0A023394601AA03
S3150803B2B002A8D4F7BFFA18BBDDE90123002A03EB7A
S3150803B2C002086DDD1B78062B03936BD1414604AA4E
S3150803B2D002A8D4F7AFFA50B1B0F5745004D1214699
S3150803B2E003A8F3F7E9FF70B107B0BDE8F083029B43
S3150803B2F0049A0593134498450293F0D02A48F3E732
S3150803B30010F1620FB1D1324629462046F3F7BAFF48
S3150803B3100028E9D1029B9F423AD0A123394601AAC4
S3150803B32002A8D4F787FA78BBDDE901371F44394603
S3150803B330032301AA02A8D4F77DFA002895D1019917
S3150803B34011B96FF0670090E74B1E0193029B1A78B9
S3150803B350002AF6D15A1C0B449F420292CED1D4F846
S3150803B3600480BB1A08F1680949464046D5F7AEFF7B
S3150803B37028B949464046F3F77BFB0028B4D010F5B5
S3150803B3809D4F05D00948AFE710F1620F7FF46DAF03
S3150803B39032462946606803F06DF8A5E70448A3E733
S3150803B3A00448A1E704489FE79AC2FFFF00C3FFFFCB
S3150803B3B080C2FFFFA0C2FFFF9EC2FFFF2DE9F04F29
S3150803B3C08F188BB0064602913023394601AA02A884
S3150803B3D0D4F730FA10B1A0F5745456E0DDE901321A
S3150803B3E002EB030949466A4602A8FDF7CEFD002883
S3150803B3F0F1D1009B002B40F0E780CDE90433069397
S3150803B4004946302303AA02A8D4F714FA002842D1DE
S3150803B410029BA9EB0302002A3BDD1A7802A80792CE
S3150803B420039A03EB02084146062308AAD4F702FA4D
S3150803B430002830D1029D089C09952B19984502933B
S3150803B44011D10C2104A8F3F759FFDFF8C081D8F806
S3150803B450000000286BD1DFF8B881D8F8000000286F
S3150803B46072D1614C11E02A5D01330492414605AA63
S3150803B47002A80293D4F7AAF968B9029B059A069318
S3150803B480134498450293E0D0584C20460BB0BDE8C8
S3150803B490F08F574CF9E7B0F56A54F6D12546A2461C
S3150803B4A0042349460DEB030202A8D4F7C3F900287F
S3150803B4B091D1DDF80480B8F1000F00F08780AAF176
S3150803B4C0020A5FFA8AFABAF1020FCAD8494B53F845
S3150803B4D02A100029C5D03046F3F796FE04460028FD
S3150803B4E0D3D1BAF1020FBCD005F0FB03092B5ED109
S3150803B4F0DDE90423134345D129463046F3F79AFE7B
S3150803B500054600283FD102990423039107AA41441B
S3150803B51003A8D4F78FF968B3A0F57455002D32D173
S3150803B520029B354A43449F4218BF1446ADE7D8F8F1
S3150803B53004309C4205D1224629460EF05EF80028BF
S3150803B5404BD008F1140882E7D8F804309C4205D199
S3150803B550224629460EF051F8002839D008F1140876
S3150803B5607BE7049B052B00D013B9059D002D97D0C7
S3150803B570224C8AE7DDF80CA0DDF81CB00AEB0B03B6
S3150803B580994505D01E4D3046F3F7DCFE2C467CE77D
S3150803B5905A4651463046F3F775FE05460028F2D15A
S3150803B5A05A465146706802F065FF0546B6E73146C6
S3150803B5B004A8F3F781FE05460028E4D1424630463F
S3150803B5C00299FFF741FEF0E70E4C5EE70E4C5CE787
S3150803B5D04FF0020A98F8105062E798F810A0BAF1EB
S3150803B5E0010FBED005465BE780C3FFFF1AC5FFFF01
S3150803B5F020C5FFFF2CCA04089AC2FFFF80C5FFFFB8
S3150803B60000C3FFFF80C2FFFFA0C2FFFF04E40408D4
S3150803B61054E404082DE9F84300F4E049B9F5804FEA
S3150803B62005460C4690461F4612D100F44F43B3F520
S3150803B630824F02D1C3B2412B0AD0FB0705D57B083B
S3150803B64044B1E21DB3EBD20F05D06FF0860562E075
S3150803B6503B46F5E7DC0080210120F1F7BBFE0646F1
S3150803B66000287ED0D5F76BFD05F44F43B3F5824F1B
S3150803B67007D1E8B2302859D00DD8122815D0172883
S3150803B6805CD06FF086043046D5F79AFD3046F1F75D
S3150803B69093FD25463FE04128F3D1B4F5807F52D088
S3150803B6A0B4F5E07F0ED0FF2C0BE040F209239C4251
S3150803B6B008D036D8B4F5807F04D02FD824F02003D9
S3150803B6C0C02BDED12146F5F75DFE0146002843D09F
S3150803B6D03046F3F726FCF3F742FE054600283ED12B
S3150803B6E0B9F5804F31D106F168093B4642464946CA
S3150803B6F03046D5F7EBFDF3F732FE04460028C2D1F0
S3150803B70049463046F3F7B4F9F3F729FE0446002809
S3150803B710B9D1089B1E602846BDE8F883B4F5C07FF7
S3150803B720CFE7B4F5047FACD11C46CBE724F08003FE
S3150803B730B3F5807FC6D0B4F5007FC2E7C02CC1D06D
S3150803B740B4F5807FBDE7FF24BCE73B464246314656
S3150803B7503078F3F7CFFCD7E76FF0850493E7044611
S3150803B76091E76FF08C05D6E72DE9F047824604305A
S3150803B7700E4690461F46D4F7C3FAC51D5046D5F75D
S3150803B780B2FC0228DDF820904FEAD50523D1A94556
S3150803B790C8F8005003D21E4C2046BDE8F0872A4657
S3150803B7A039463046D4F710FB04460028F4D15046F0
S3150803B7B0D5F799FC01288246EED1002106F110003F
S3150803B7C0D4F706FC044640B9B9F1000FE3D0387044
S3150803B7D0C8F800A0E0E70F4CE9E76B000133994589
S3150803B7E0C8F80030D7D3394604232A46304601F829
S3150803B7F0013BD4F71CFB04460028CDD1691C2A4615
S3150803B800394406F10800BDE8F047D4F710BB00BF7A
S3150803B81000B1FFFF80B1FFFF2DE9F04F8946B7B0AE
S3150803B8201146044698460492F3F783FA0646C8B9BE
S3150803B83041462046F3F71CF9064698B92046D5F73C
S3150803B84052FC022840F0CB8101250DA8D5F754FCFC
S3150803B850042115A807960895D5F72AFC409B2BB90A
S3150803B860A6F59F46304637B0BDE8F08F414607A890
S3150803B870D4F796F9064650B10DA8F3F744FB07A883
S3150803B880D4F7A8F8042115A8D5F721FCEAE7414619
S3150803B8900DA8D5F7A4FC06460028EDD12946484647
S3150803B8A0D4F7B3F906460028E6D109F1100501468F
S3150803B8B02846D4F7AAF906460028DDD109F1080077
S3150803B8C0D4F788F804F1040A51460DA8D4F738FBCF
S3150803B8D000282CDA2046409A0DA9FDF713FC0646E4
S3150803B8E00028C9D1D4F840B0BBF1FF3F40F0978098
S3150803B8F049462046409AFDF705FC06460028BBD173
S3150803B900524629462846D4F786FE06460028B3D16A
S3150803B9102B464A4649462046D5F74EFD0646002895
S3150803B920AAD101212846D4F770F9064607E00DA9DE
S3150803B93052460846D4F764FB06460028C4D00DA829
S3150803B940F3F7E1FA07A8D4F745F8042115A8D5F7BC
S3150803B950BEFB002E86D12046D5F7C5FB01288346B4
S3150803B96080D118210220D4F840A0F1F733FD05460B
S3150803B970002800F05982D5F7BFFB05F118031846CE
S3150803B98015AF0393D5F7B8FB04213846D5F790FBD3
S3150803B99041462846D5F723FC0646002840F033815E
S3150803B9A080460AF1010A4FEA5A0AC24540F019814C
S3150803B9B020460399D5F788FD0646002840F02381DB
S3150803B9C0039B2A46194620460097D5F7ECFE0646FA
S3150803B9D0002840F0188120460399D5F775FD0646D9
S3150803B9E0002840F0108105F11000D3F7F3FF05F1A5
S3150803B9F02800D3F7EFFF04213846D5F768FB012261
S3150803BA0004F1340B31465846CDE90D620796089280
S3150803BA10D4F73FF9012800F00D81B14E1BE15946D1
S3150803BA200498D4F736F9C7B23A4648460DA9D4F767
S3150803BA304BF80646002882D13A46284611A9D4F778
S3150803BA4043F8064600287FF47AAF2B464A46204633
S3150803BA5015A9D5F71DFD064600287FF470AF2B46BA
S3150803BA604A46204617A9D5F7F5FC064600287FF46B
S3150803BA7066AF204611AB0DAA19A9D5F709FD0646E7
S3150803BA8000287FF45CAF204611AB0DAA1BA9D5F796
S3150803BA90E1FC064600287FF452AF1BAA114620464E
S3150803BAA015ABD5F789FC064600287FF448AF19AAD3
S3150803BAB01146204617ABD5F77FFC064600287FF4C8
S3150803BAC03EAF15AB1A4619462046D5F775FC06460A
S3150803BAD000287FF434AF17AB1A4619462046D5F724
S3150803BAE06BFC064600287FF42AAF4946204617AB67
S3150803BAF015AAD5F761FC064600287FF420AF15AAD8
S3150803BB001146204617ABD5F7A5FC064600287FF451
S3150803BB1016AF2946204615AB04F10C02D5F74CFCA3
S3150803BB20064600287FF40BAF2B462946204617AA5C
S3150803BB30D5F7AEFC064600287FF401AF204619ABBD
S3150803BB401BAA0DA9D5F7A4FC064600287FF4F7AE71
S3150803BB500DAB1A4619462046D5F72EFC064600288D
S3150803BB607FF4EDAE204619AB1BAA11A9D5F772FCD3
S3150803BB70064600287FF4E3AE11AB1A46194620465B
S3150803BB80D5F71AFC064600287FF4D9AE11AB194639
S3150803BB90204607AAD5F710FC064600287FF4CFAE41
S3150803BBA02B462946204615AAD5F706FC064600283D
S3150803BBB07FF4C5AE3A4648460DA9D3F785FF064630
S3150803BBC000287FF4BCAE3A46284611A9D3F77CFF72
S3150803BBD00BF1FF3B064600283FF486AEAFE6404E20
S3150803BBE0B9E6B8FBFAF118220BFA01F30AFB11813D
S3150803BBF0DBB202FB035259B13B4611462046D5F741
S3150803BC00CCFC064698B104213846D5F760FA22E0FB
S3150803BC1003F0FE0101EB5301104605EBC101059242
S3150803BC20D5F7DDFA059A06460028E5D0EBE708F1CD
S3150803BC300108BAE631460498D4F72BF804998246E4
S3150803BC4007A8D3F7ADFF0646A8B10DA8D3F7C2FEDA
S3150803BC5007A8D3F7BFFEA26D954208D02846D5F7A5
S3150803BC607BFA0398D5F778FA2846F1F7A5FA4846F2
S3150803BC70D5F772FAF6E55946049A0DA8D4F7ACFA3D
S3150803BC8006460028E1D1BAFA8AFA4FEA5A1A524600
S3150803BC900DA907A8D3F7CFFE06460028D5D1014636
S3150803BCA008F1010238460CF0C4FA3A46B045049244
S3150803BCB053D0314607A8D3F7ECFF049A08EB0601DD
S3150803BCC092F800B001364BEA000B07A8D3F7E1FF59
S3150803BCD05FFA8BFB049A4BEA400B02F801BBE5E7D4
S3150803BCE080B0FFFF78783B7880EA020E6FEA0E0190
S3150803BCF001F0010113FB01F3104003EA0E0283EA84
S3150803BD000E0307F8013F17F8013C024343EAC11340
S3150803BD1007F8013C0CF1010CE045E3D20DA8D3F773
S3150803BD2059FE07A8D3F756FE07A8D5F7E5F9042160
S3150803BD300DA8D5F7BDF908F1D8036B442A46494639
S3150803BD40204613F8843CFDF755F9064648B107A87B
S3150803BD50F3F7D9F804210DA857E700224FF0010C91
S3150803BD60DAE7409B3BB11A4649462046FDF783F975
S3150803BD7006460028EBD10DAF0DF1540BB8F1000FB1
S3150803BD8001D146461CE03B464A4649462046D5F776
S3150803BD9004FC08F1FF38064690B92A4620461BF8E4
S3150803BDA0083007A9FDF726F9064648B94A4649461B
S3150803BDB02046009707ABD5F7F6FC06460028DDD0E4
S3150803BDC007A8F3F7A0F804210DA8D5F780F9002EE4
S3150803BDD07FF441AF524649462046D5F7BAFB064695
S3150803BDE000287FF438AF409B4BB11A464946204694
S3150803BDF0FDF741F9064610B1A26DAA422DE7494659
S3150803BE002046D5F761FBA26D0646954208D028461B
S3150803BE10D5F7A2F90398D5F79FF92846F1F7CCF990
S3150803BE20002E3FF41FAD22E7004E20E780B2FFFF46
S3150803BE302DE9F04F05460F461846012191B01446E1
S3150803BE409846D4F7C5F80028C0F2A98005F1340648
S3150803BE5031464046D4F774F8002880F2A0800AA831
S3150803BE60D5F74AF9002201234FF00C09CDE904233B
S3150803BE70CDE90623CDE90823B9F1010900F08D8040
S3150803BE804FF00C0A05F11C0BBAF1010A00F0858084
S3150803BE90DDE91C2304A92846F2F78CFF014600288E
S3150803BEA069D1404B0AA9009328465B4604AAFFF7C3
S3150803BEB0B3FC014600285ED10AA932463846D4F7B0
S3150803BEC013FA0146002856D13846D4F781F80028D4
S3150803BED0DAD006A92846DDE91A23D5F7BDF80146BF
S3150803BEE0002848D1034608A928462E4AF2F762FFD6
S3150803BEF0014600283FD1394642462046D4F76FF912
S3150803BF000146002837D106A908462246D4F762F91E
S3150803BF10014680BB06A9084608AAD4F760F9014674
S3150803BF2048BB04A9084608AAD4F759F9014610BB21
S3150803BF3004A908463246D4F7D7F90146D8B904A95D
S3150803BF4032462046D4F767FB0146A0B92146204668
S3150803BF5006AAD4F744F9014668B92146324620466B
S3150803BF60D4F7C2F9014630B903902046D4F730F81E
S3150803BF700399002880D00AA80391F2F7C4FF04A8FE
S3150803BF80D3F728FD06A8D3F725FD08A8D3F722FD7E
S3150803BF900399084611B0BDE8F08F0349EBE7034957
S3150803BFA0F7E700BF65FF020800B3FFFF80B3FFFF93
S3150803BFB038B50C46054601212046D3F76CFF28B948
S3150803BFC021462846BDE83840F2F78ABF38BD002324
S3150803BFD0F7B51360067904460F46436926B1FF2E63
S3150803BFE012D16FF0860532E0002BFAD1836823F469
S3150803BFF07F4323F00303002BF3D14FF6F8734288EC
S3150803C0009A4227D801A810E06FF04042013B9342B9
S3150803C010E7D2806820F47F4020F003000028E0D1AF
S3150803C0204FF6F87362889A4214D83946F4F711FA28
S3150803C030054660B90FCCD7F800C067460FC794E822
S3150803C040030087E8030016B9019BCCF81430284689
S3150803C05003B0F0BD6FF08505F9E72DE9FF470379CE
S3150803C06006468846002B63D0D0E90895B9F1000F38
S3150803C0707AD0002D78D0B5F5005F78D205F124077C
S3150803C08039460120F1F7A6F90446002872D04FF085
S3150803C090000A3A4AC0F808A0D2F82831494603608C
S3150803C0A0D2F82C31243040F8203C73682A4640F8ED
S3150803C0B0183C338820F8143C738820F8123CB3687C
S3150803C0C040F8103CF36840F80C3C336940F8045CCC
S3150803C0D040F8083C0CF0CCFAD6F814904846F4F726
S3150803C0E07DFD012839D0514623463A464846CDF8C0
S3150803C0F000A0D1F717FA014640BB484602AAD1F772
S3150803C10081FA054620B9029B9F420DD06FF0980528
S3150803C11000214846D1F795FA39462046F3F7F8F849
S3150803C120284604B0BDE8F08739462046F3F7F0F809
S3150803C13073690025C8F80030337E012B0BBF022331
S3150803C140C8F8005033766FF09605E9E73946204676
S3150803C150F3F7DEF86FF09805E2E739462046F3F77A
S3150803C160D7F86FF08A05DBE76FF08605D8E76FF037
S3150803C1708D05D5E76FF08C05D2E700BF54E30408B5
S3150803C18000232DE9F0430B60A5B0019343880646C7
S3150803C1900F46002B00F0C680038803F4E043B3F58B
S3150803C1A0804F00F0BF8002AA01A9FFF710FF0446DB
S3150803C1B000283CD1019D6B6AABB12E466B68D5F856
S3150803C1C020801B0A56F8249F3ED0012B00F09D8041
S3150803C1D06FF08604286A10B1696AF3F799F80023A1
S3150803C1E0C5E9083323E073681B0A25D130887688A6
S3150803C1F000F4E043B3F5805F13D0B3F5005F10D0C6
S3150803C20020F0FF00B0F5E24F40F089800736F608C4
S3150803C210039628460399F3F702FB04460028CCD075
S3150803C22005E03146F3F7CCFA04460028EED0019828
S3150803C230A0B3F3F755FD31E0304603A9F3F7D2FE71
S3150803C24004460028E5D0F2E72B885A040BD428883D
S3150803C25000F4E043B3F5805F24D149464046F3F73B
S3150803C2600AFE044611E003F4E043B3F5805FEED01B
S3150803C270B3F5005FEBD033464A4641462846D1F725
S3150803C280D7FF10F1860F0446E1D0002CA2D1394618
S3150803C2902846FFF7E2FE04460028C8D1204625B003
S3150803C2A0BDE8F083B3F5005FD7D020F0FF03B3F5FD
S3150803C2B0E24F31D16988C0B2F5F764F8044658B33A
S3150803C2C004A8D4F73CFF214604A8F2F72AFE04463D
S3150803C2D070B90346154A1CA904A8F2F76BFD044670
S3150803C2E030B94B464246314604A8F2F7C7FD044621
S3150803C2F004A8D4F735FF1CA8D3F76CFB1EA8D4F7FC
S3150803C3002BFF2046F3F72BF8ABE733464A4641465D
S3150803C3102846D1F78DFFA4E76FF085045AE76FF037
S3150803C320850484E76FF08604B8E700BF65FF020853
S3150803C330F0B507460C461E4615468DB052B1002B7E
S3150803C34031D0B3F1005F2ED3C2F1005303F50023B6
S3150803C3509E4228D81022002108A80BF06AFF002263
S3150803C36007AB029305AB019306AB21460093384608
S3150803C37008ABCDE90522D0F7A5FF044680B9059B8E
S3150803C38032469D4228BF1D46129B07991D600748E2
S3150803C390069B0095EEF73EFF002818BF6FF0910441
S3150803C3A020460DB0F0BD6FF08604F9E7A01900200A
S3150803C3B030B5204DD5E9053452B38B420FD0E1B9D8
S3150803C3C02B6973B92A6982B3002818BF04462278F1
S3150803C3D0D20714D5A28842B3A4EBC204F7E72B69A4
S3150803C3E08BB140B92B681A78D2070CD5DA884AB1CB
S3150803C3F003EBC203F7E70346F5E78C42E2D0C5E948
S3150803C400053430BD13468C42DCD00029DAD0F6E772
S3150803C4108B4208D0834228BF03468C4207D0844206
S3150803C42038BF0446EBE70346F7E71446E7E704464F
S3150803C430E5E700BF0C64002000232DE9F047894691
S3150803C4400B60002800F097804C4F7B68984280F079
S3150803C4509280073020F00705EFF3118A302383F320
S3150803C46011887E69AEB133787288DB074FEAC20258
S3150803C47004D5F3886BB106EBC306F4E79542F8D8FF
S3150803C48016F0070303D045EA03018A42F1D3EB18F2
S3150803C49006D18AF31188BFF36F8F1920BDE8F08799
S3150803C4A072883969C3EBC2020139272A39614FD920
S3150803C4B09D4205F1080846D008213046FCF74EFE92
S3150803C4C00446A0444046D0F761FD628805F10F0192
S3150803C4D0A2EBD102CB08A8F80220A8F80430E28818
S3150803C4E0002A32D0D31A9BB204EBC202A8F806304C
S3150803C4F09380ED086580B8F804300022E38031465E
S3150803C5004046FFF755FFBB68FA6808339342BB609A
S3150803C51088BFFB60237843F0010323703B6901332B
S3150803C5203B616288BB6803EBC203FA68BB6093424C
S3150803C53088BFFB608AF31188BFF36F8F0834002026
S3150803C540C9F80040AAE73446BBE7A8F80620D0E7AF
S3150803C5509D420ED008213046FCF700FE0446237898
S3150803C560012243F00103314620462370FFF720FFDB
S3150803C570D7E73446F3E7212090E700BF0C64002091
S3150803C5802DE9F04F504B064693F848388A469046AD
S3150803C5908FB0002B38D000234FF400370A9308973F
S3150803C5A0ADF8240008AACDE9043307CA04ABDCF7BF
S3150803C5B072FD0446002845D1DDF81090B9F1000F45
S3150803C5C07DD0484605A9FFF737FF0446002839D129
S3150803C5D0059D002D75D00D900BA80B97ADF830600F
S3150803C5E0DCF752FD394E0146074607AB304606AA25
S3150803C5F0EEF758FE044628BB96F83430DDF81CB02F
S3150803C60043B92846F0F7D8FD1124314B185D0C2899
S3150803C6102ED1FEE7B7F5801F04D32846F0F7CCFDE5
S3150803C6202924F2E701213046EEF77BFA39463046EC
S3150803C630284A0DF10F03EEF748FD044648B1F06B9F
S3150803C64003F080F9059808B1F0F7B6FD2D2C0ED83E
S3150803C650DBE79DF80F30012B29D11E4B1B699B4540
S3150803C66009D0F06B03F06EF92846F0F7A5FD012013
S3150803C6700FB0BDE8F08F00225B46294613480092A7
S3150803C68001F044FE0446F06B03F05CF9002CD9D1A3
S3150803C690B8F8002029464A4528BF4A4650460BF0B3
S3150803C6A0E7FF2846A8F80090F0F786FDADE7022BCA
S3150803C6B0F06BD7D003F046F92846F0F77DFD2D2415
S3150803C6C0A3E70124A1E700BFF03A0020A019002040
S3150803C6D05EE10408D864002037B5262500212A46DA
S3150803C6E004460BF0A6FD022384F8243000232146D2
S3150803C6F084F825300DF106020320ADF80650FFF73E
S3150803C7003FFF03B030BDF7B516460D460DF10602D9
S3150803C710314607461C46ADF80630FFF731FF48B9E0
S3150803C720BDF80630A34205D12246314628460CF009
S3150803C73064FF48B1224629463846FCF7E4FF0C282D
S3150803C74000D1FEE700B1FEE703B0F0BD10B50379EB
S3150803C7500446C3F340019B0790B002D5002010B0EE
S3150803C76010BD3C2201A80BF064FD214601A8DFF7A2
S3150803C770C1FE18BB9DF80A30112B0AD03A2B1FD0DD
S3150803C780062B0CD11423282120460BAACAF781FFAE
S3150803C79004E0282120460BAADFF7DAFB70B907A8BD
S3150803C7A0DFF75EFD50B11C4B93F85931002BD5D0FA
S3150803C7B09DF80A30062B20D0112B07D00220CEE78E
S3150803C7C0282120460BAADFF7C3FBE7E744F64D41CA
S3150803C7D0BDF82E2053BA8A429BB2BFD00F4A02F540
S3150803C7E0805191F8D61E01F6697102EB41020C4994
S3150803C7F08A42084606D1002008E0BDF82E305BBA07
S3150803C8009BB2EBE7048802319C42F1D1B0FA80F07F
S3150803C81040094000A3E700BFF03A0020F01A0020C1
S3150803C820C239002038B50446EFF72EFEA04228D0B9
S3150803C8300DF01AF8012C054602D12146EFF7E6FF5B
S3150803C840EFF3108072B64FF000710E4A0E4B516625
S3150803C8504FF48062611E8A401A675A6E910103D4A7
S3150803C860D3F88420920609D50DF005FC022C08D1CD
S3150803C8702846BDE838400021EFF7C8BFD3F884201F
S3150803C880EBE738BD006000500040005008B508B912
S3150803C8900CF0EAFFBDE808400220C3E770B5064678
S3150803C8A008460C46E1F7C2FA30461B49CEF7F8FFAD
S3150803C8B068B100236374A37C23F0030343F00303E3
S3150803C8C0A374154B03CB40232060616023740025B2
S3150803C8D029463046FCF716F9054600B970BDE6F752
S3150803C8E0AFFC0028F4D0EA78237C9A42F0D9A37CDB
S3150803C8F0214643F00203A3748378A27CC3F300138F
S3150803C90063F30002A2748378284603F00F03637463
S3150803C910E1F730FADCE700BF383E002073B5134968
S3150803C9200646CEF7BDFF0446D0B905462946304626
S3150803C930FCF7E8F80546A0B12946684603F06BF804
S3150803C94002216846E6F7B5FD0028EFD04178821C38
S3150803C950023943189A42F3D8518849BAC90503D507
S3150803C9600124204602B070BD0432F3E7383E0020A6
S3150803C97010B50C464FF2BF018A421DD148F2FE029A
S3150803C980038823F47C53934204D12046BDE8104020
S3150803C990DFF766BC0949CEF783FF70B1204607491E
S3150803C9A0CEF77EFF48B92046DFF74EFC28B9204666
S3150803C9B0BDE81040DFF738BD002010BD383E002023
S3150803C9C02DE9F04F4579112A04460E469146B0F8EB
S3150803C9D00A8095B001F11007C5F3410540F0B08010
S3150803C9E04A8C30463946FFF7C3FF002800F0A88073
S3150803C9F0002D00F0AB80032D0CBF07250F25602300
S3150803CA00AD0145F4C0456DBA96F825200A93ADF8ED
S3150803CA102850C5F3072502F0030325F0300545EA38
S3150803CA20031596F8243098FA98F88DF82950ADF836
S3150803CA302C808DF82E901BB912F0080F08BF4023DF
S3150803CA4030468DF82F30DFF7E5FA002840F082806C
S3150803CA503378FF2B7ED033460CAD2A4618685968BF
S3150803CA60083303C2BB421546F7D110AA924606F10C
S3150803CA70100306F1200C154618685968083303C5D0
S3150803CA8063452A46F7D13846DFF7CEFC002840F03F
S3150803CA90D580282220460DEB0201CBF7AFF80546D1
S3150803CAA0002840F0D480B9F1110FADF824008DF8B1
S3150803CAB0260000F0D080B9F13A0F29D14FF00208C9
S3150803CAC00023A18920464144ADF822300DF1220204
S3150803CAD0022389B2CAF7F6FE4B4652460CA909A8A1
S3150803CAE00094FDF704FB4FF6FF72A389204608EB73
S3150803CAF00301BDF8243089B293421CBFDB439BB2C2
S3150803CB005BBAADF822300DF122020223CAF7DAFE28
S3150803CB103846DFF795FC002840F0A08096F82530C4
S3150803CB202279C3F3001363F3451222716289236AD8
S3150803CB30B2F5A06F00F29C809C4200F09C80FEE751
S3150803CB4035B1A91E4D424D416D0158E7172556E7E4
S3150803CB50082554E73846DFF758FB4FF0000A0490D8
S3150803CB6039464948E3F7F4F85546484B0590D3F850
S3150803CB7034B7BBF1000F03D1002D53D1142566E05A
S3150803CB8059464148E3F7FAF828BB802259463846FE
S3150803CB90CAF7B4FB9BF810305FFA80F84345039352
S3150803CBA01CD85846DFF749FB0246DDF80C803946A0
S3150803CBB058460792CAF782FA98BBA5B15846DFF7D3
S3150803CBC03CFB06902846DFF738FB0699079A81420D
S3150803CBD006D2914207D2DBF814B0CAE7049AE6E70D
S3150803CBE00BD99042F7D2039B434503D85846DFF740
S3150803CBF024FB0490C2465D46EDE79BF81210AA7C17
S3150803CC004A40D20702D5CB07EDD4E4E7C245EAD3B7
S3150803CC10E1D159461C48E3F79BF8059B8342DAD1D1
S3150803CC20E1E75D460CAA05F1100C13462868696806
S3150803CC30083503C365451A46F7D116E7214614484E
S3150803CC400AAAE1F79EFB054600283FF422AF2846C9
S3150803CC5015B0BDE8F08F4FF0060831E721460C48BA
S3150803CC600AAAE1F7EDFB00283FF458AF0546EEE7BD
S3150803CC709C4200D0FEE721460648CBF715F906483D
S3150803CC80CBF79AFAE3E700BF483C0020F02A0020D6
S3150803CC90583100206431002078310020F7B50D465D
S3150803CCA0114605F108066A461C46089FE1F76DF822
S3150803CCB031466846CEF7F4FD30B10020238843F0A9
S3150803CCC03003238003B0F0BD3046DFF777F92388B6
S3150803CCD048B143F020032380E989384649BA89B223
S3150803CCE0CAF760FBEEE743F01003082231463846DD
S3150803CCF02380CAF744FBE5E7F7B50D46114605F168
S3150803CD0008066A461C46089FE1F73FF83146684617
S3150803CD10CEF7C6FD30B10020238843F003032380F2
S3150803CD2003B0F0BD3046DFF749F9238848B143F02D
S3150803CD3002032380E989384649BA89B2CAF732FB1E
S3150803CD40EEE743F001030822314638462380CAF743
S3150803CD5016FBE5E7FF232DE9F04F074688461546F8
S3150803CD60A5B003932B68384605936B681AAA0793ED
S3150803CD70BB8902934FF4C0430299ADF82A3028239E
S3150803CD80CAF787FC0446002840F02D831CA80BA984
S3150803CD90FFF784FD9DF83E30D80702D40BA8E1F7C8
S3150803CDA045F810A920A8FFF779FD9DF85230D90751
S3150803CDB002D410A8E1F73AF8AB884FF4C0412846E5
S3150803CDC00693CAF7EFFA06460446002840F00B8393
S3150803CDD09DF83D209DF8513052EA030133D19DF861
S3150803CDE068A09DF869209DF86A909DF86B104FEA34
S3150803CDF08A0A0AF03C0A93004AEA921A49EA01099E
S3150803CE0002F00F0252EA090903F0C00330D0BAF15F
S3150803CE10000F40F09E80BDF82A101A4341F40061C2
S3150803CE20ADF82A10284615A98DF85420CAF7C6FA6C
S3150803CE308146002840F0D682022228460DF16A016F
S3150803CE40CAF79DFA80E04FF4C14143EA0213ADF8ED
S3150803CE502A10284615A98DF85430CAF7AFFA04469E
S3150803CE600028BCD07B89029A934280F0BE82FEE7F3
S3150803CE705AEA0303BDF82A205CD142F4C052ADF83E
S3150803CE802A209DF86E30112B03D0292B01D0002BB5
S3150803CE907CD1039A012A79D0BDF82A3043F48063FA
S3150803CEA0ADF82A309DF86F30402B79D0FF2B7CD014
S3150803CEB0012B7FD1BDF82A3043F48073ADF82A30AD
S3150803CEC01CA8DFF7A7F800287FD0BDF82A3043F05F
S3150803CED04003ADF82A309DF88030FF2B40F094814B
S3150803CEE0BDF82A400DF1810244F00803ADF82A3053
S3150803CEF09146022312F8011F002900F0EC809DF8E1
S3150803CF0081200DF1540A022A40F086800F2B40F047
S3150803CF1083809DF88F3044F00B0451462846ADF8BC
S3150803CF202A408DF85430CAF749FA0446002800F017
S3150803CF30D68097E742F48052284615A9ADF82A20E9
S3150803CF408DF85430CAF73AFA0446002899D04E4663
S3150803CF5088E74AEA0303284615A98DF85430CAF721
S3150803CF602DFA044600287FF47DAF9DF869302846DC
S3150803CF7003F00F0315A98DF85430CAF71FFA814633
S3150803CF8000283FF459AF264604466BE7284615A9F9
S3150803CF908DF85430CAF712FA0446002882D061E79E
S3150803CFA0BDF82A3043F4007388E7BDF82A3043F402
S3150803CFB0407383E7284615A98DF85430CAF7FEF956
S3150803CFC0044600283FF47CAF4CE748F2FE02BDF85E
S3150803CFD0703023F47C539BB293420CD140460095A0
S3150803CFE00DF12A030BAA1CA9FFF758FE04460028CD
S3150803CFF03FF471AF36E79DF83E309A0706D5BDF87C
S3150803D0002A3043F04003ADF82A30E7E710222846D2
S3150803D0101CA9CAF7B4F9E9E70C2B18D944F00A0492
S3150803D02051462846ADF82A408DF85420CAF7C6F962
S3150803D030044600287FF416AF03220DF18D01284616
S3150803D040CAF79DF900284AD0264604460AE70A2B5A
S3150803D05011D944F0090451462846ADF82A408DF8FB
S3150803D0605420CAF7ABF9044600287FF4FBAE052221
S3150803D0700DF18B01E3E75046E0F7D8FEB94B93E889
S3150803D080030040238AE80300ADF864309DF8663050
S3150803D09023F0030343F003038DF866309DF88330CA
S3150803D0A0402B40F0CF800822504621A90CF0A5FA60
S3150803D0B0002840F0C78044F00C040222494628465B
S3150803D0C0ADF82A40CAF75BF9044600287FF4CAAECE
S3150803D0D0042223A9B3E70133102B7FF40BAF0126F0
S3150803D0E028213846CAF733FA9DF86E90039B9E4269
S3150803D0F080F01181B9F1110F00F0C780B9F1290F3A
S3150803D10000F05C81B9F1000F40F00581BB89384610
S3150803D11004930499022309AACAF7BBFA044600280A
S3150803D12040F0A98002213846CAF711FA9DF82490DF
S3150803D130B9F1110F00F08C80B9F1290F00F088803E
S3150803D140E023284615A98DF85430CAF737F904465B
S3150803D150002840F090804B46284615A98DF8543090
S3150803D160CAF72CF90446002840F085809DF8253037
S3150803D170DB0003F1060BBBF1FF0F7BD8BA89ADF8C9
S3150803D1805420D24392B25A4528BF5A46ADF8562080
S3150803D190BDF856A0BAF1000F5CD15CB19DF8282002
S3150803D1A0012A07D80AA8DFF7C2F98246ABEB0003C0
S3150803D1B01FFA83FBBA8979895A4452448A4260DC46
S3150803D1C0284615A98DF854B0CAF7F8F80446002876
S3150803D1D051D1AA88E8880BEB02048442B98952D84C
S3150803D1E028685B4602443846CAF753FA04460028B9
S3150803D1F041D1AA8838465A44AA800BEB0A0101365C
S3150803D200CAF7A5F9F6B271E748F2FE02BDF880300F
S3150803D21023F47C539BB2934209D100950DF12A035B
S3150803D22010AA20A908F10A00FFF766FD7DE69DF816
S3150803D23052309B0706D5BDF82A3043F00403ADF8F0
S3150803D2402A30EAE71022284620A9CAF798F86CE696
S3150803D250E12381E7394615AA0AA8DFF76FF90446D9
S3150803D26048B90AA8DFF763F9014615A8CAF74EFEB7
S3150803D27001248DE701247B89049A9342BFF4F2AD16
S3150803D280FEE70624F7E70324F5E7B7F80CB03846B4
S3150803D290594615AADEF75CFE0446002879D14FF2F3
S3150803D2A0B001BDF854A0BDF856909AFA9AFA1FFA37
S3150803D2B08AFA2AF00F0399FA99F98B421FFA89F920
S3150803D2C09AB233D129F00F03934234D1F323284674
S3150803D2D00AA98DF82830CAF771F80446002858D1E8
S3150803D2E009F00F0949EA0A1928460AA98DF8289068
S3150803D2F0CAF764F8044600284BD1BDF85A102846E5
S3150803D30049BA89B2CAF74EF80446002841D108211A
S3150803D3103846CAF71CF90024BDF82A302A68069944
S3150803D3205BBA5352204625B0BDE8F08F0AF47F4313
S3150803D330B3F5704F18D1F22328460AA98DF8283079
S3150803D340CAF73CF8044620BB28460AA98DF828A044
S3150803D350CAF734F80446E0B949462846CAF722F814
S3150803D360C8E700BF383E002009F47F43B3F5704F82
S3150803D37014D1F12328460AA98DF82830CAF71EF8CE
S3150803D380044630B951462846CAF70CF8044600281D
S3150803D390AAD07B895B45BFF465ADFEE7F023284633
S3150803D3A00AA98DF82830CAF709F804460028F0D1E7
S3150803D3B00422284615A9C9F7E2FF9BE7EE23284668
S3150803D3C015A98DF85430C9F7F9FF044600287FF4E8
S3150803D3D049AD2A4641463846FFF7BCFC04460028B1
S3150803D3E099D03FE5044600263CE5029BBB81059B95
S3150803D3F02B60079B6B60002E94D00396B2E473B53B
S3150803D4000C460023054669462046ADF80230ADF8BA
S3150803D4100430C9F7E9FFD8B99DF8006006F0F803A8
S3150803D420F02B15D12846C9F755FE06F00303022B40
S3150803D4303CD0032B4AD0012B20460DF102010AD01A
S3150803D440C9F7D4FF20B9204601A9C9F7CFFFA8B168
S3150803D450062002B070BDC9F7C9FF0028F8D12046D7
S3150803D4600DF10101C9F7C0FF0028F1D19DF801307C
S3150803D4706FEA03536FEA1353ADF80430BDF802306D
S3150803D4805BBA2B80BDF804305BBA6B809DF800301D
S3150803D4905B07DDD420460DF10601C9F7A7FF00286F
S3150803D4A0D6D1BDF806305BBAEB80D2E720460DF13C
S3150803D4B00101C9F799FF0028CAD19DF801306FEA1F
S3150803D4C003536FEA1353ADF80230BCE720460DF158
S3150803D4D00101C9F789FF0028BAD14FF2B0039DF8B5
S3150803D4E0012043EA121102F00F02ADF802101343AA
S3150803D4F0C2E72DE9F04F8FB00546894690461C468C
S3150803D5008789134604A80A460DF10101FBF7BEFEF7
S3150803D51000283FD12822284604A9CAF715FA064641
S3150803D520C0BB28212846CAF712F8B2469DF801302F
S3150803D53083B9002C00F0DB80283CE41B391D64BA50
S3150803D540A4B20223284602AA89B2ADF80840CAF74C
S3150803D550B9F920E0B8F80420E2B1D8F800100B783E
S3150803D56003F0F000E02840F09E8003F00E000E283A
S3150803D57015D100230131013A8DF80130C8F800109E
S3150803D580A8F804202346424649462846FFF7B1FF32
S3150803D5900028CBD0062630460FB0BDE8F08F03F03F
S3150803D5A0010340460DF103018DF80130C9F71CFF4D
S3150803D5B00028EFD19DF80330DB075FD540460DF110
S3150803D5C00201C9F711FF0028E4D19DF80230B8F823
S3150803D5D004105A1C9142DDD3D8F8002001A9D05C67
S3150803D5E0FBF742FA0028D5D19DF802300222093307
S3150803D5F0DB08013B284601A98DF80530CAF7A4F9CB
S3150803D6000028C7D102212846C9F7A1FF28469DF855
S3150803D6100220D8F80010CAF797F90028BAD19DF85E
S3150803D62002B028465946C9F792FFB8F80430D8F825
S3150803D6300020A3EB0B035A440BF1020B1BF0070B59
S3150803D640C8F80020A8F804303FF470AFCBF10801FE
S3150803D650C9B202A8DEF794FF02A8DEF768FF02A99B
S3150803D66002462846CAF770F9002893D102A8DEF7BE
S3150803D6705EFF01462846C9F76AFF57E7404601A9F0
S3150803D680C9F7B2FE002885D140460DF10201C9F754
S3150803D690ABFE00287FF47EAF9DF80220B8F804306D
S3150803D6A09A42A1D976E703F0F803F02B7FF472AF19
S3150803D6B0414602A88DF801A0FFF7A1FE00287FF4D2
S3150803D6C069AF8CB9B8F80430083308225BBA9BB241
S3150803D6D028460DEB0201ADF80C30CAF735F90028D8
S3150803D6E07FF458AF0821C5E7AB89E31AEDE7B8F825
S3150803D6F00440AB89283C1C441FE72DE9F04705463F
S3150803D70088B095F870300DF110088946D0E9000104
S3150803D710174688E8030006AE002B3ED186E80300C9
S3150803D720314602A8E0F75AFB10B9BDF80C30BBB96D
S3150803D730BDF81C30A3B1069B1B7803F0E003602BEE
S3150803D7400ED1334605F120020DF1070105F1340028
S3150803D750FBF79CFD044628B1204608B0BDE8F087D0
S3150803D7601724F9E795F83A30112B07D03A2B50D0FE
S3150803D770062B0FD1142205F15C0146E09DF807300C
S3150803D78005F15C00002B3ED03146FFF738FE044610
S3150803D7900028E1D1012385F87030A88E40BAC0F37A
S3150803D7A0851A5046DEF7D7FB95F83A3004463A2BE6
S3150803D7B031D195F95C30002BA8BF0324002101233E
S3150803D7C032460846ADF818308DF81940FCF7F2FBD7
S3150803D7D0386000283ED04B46424605F12001FFF744
S3150803D7E088FE04460028B7D1BDF814200499386882
S3150803D7F0CAF7AAF804460028AED1BDF8141038684B
S3150803D800C9F7A5FEA8E7082201463046C9F7D8FD99
S3150803D810BDE70822AFE7112BD0D144F64D43B5F83F
S3150803D8205E209A4212D052BA92B205F14C0105F122
S3150803D8303C00FFF79DF80028C0D0BAF10F0F07D0B8
S3150803D840BAF1170F0CBF00240324B7E70324B5E77F
S3150803D8500124B3E703247FE72DE9F04FADB007466C
S3150803D8600D4622A80968DEF745FE0646002840F05D
S3150803D870AB81D5F8009099F80560C6F3C106012E69
S3150803D8800ED19DF8A030FF2B29D199F804309906BB
S3150803D890C3F3401417D44FF00108CDF8088034E0D9
S3150803D8A024A8DEF782FC002840F0FC8028A8DEF7CF
S3150803D8B07CFC0446002840F0F5809DF8A030FF2B39
S3150803D8C00DD1002EE1D19B4828AA18A9E0F7E4FD5B
S3150803D8D00294041E18BF01244FF0010815E0964868
S3150803D8E028A9E0F78FFE0446002840F0B88048F2DE
S3150803D8F0FE02BDF8A03023F47C539BB293420AD1AF
S3150803D900331E18BF012380460293B9F80A30272B22
S3150803D91000F2A880FEE728A8FFF700F8029020B1D6
S3150803D92001234FF000080293EFE7844BD3F83467DB
S3150803D93026BBDFF814A2314624A8FBF7E3F806460C
S3150803D94038BB4FF005087E4EB8F1010814D0B37CF6
S3150803D950980740F18280F369002B7ED080223146F6
S3150803D96024A8C9F7CBFCC0B23F2876D9707E0EAA85
S3150803D97028A9FBF7EBF888B30024ADE780223046E5
S3150803D98028A9C9F7BBFC337CC0B28342C8D97669D8
S3150803D990CEE7E5F723FA7178022202313144E5F737
S3150803D9A023FC0028C7D0B0780EAA28A9FBF7CEF81F
S3150803D9B0A0B1314618A802F02EF84FF00008DFF898
S3150803D9C084B1022118A8E5F774FD78B9B8F1000FF8
S3150803D9D0B1D0B8F800305BBAADF83830594BBDF85A
S3150803D9E03820B3F85C319A429AD1C5E74278831C4A
S3150803D9F0023A10448342E4D85A8852BA91B292053D
S3150803DA0026D5B8F1000F26D08A0B1AF90210B8F8F2
S3150803DA10022052BAC2F381321AF90220914219D16D
S3150803DA201988B8F80020BBF85CC149BA89B252BA5A
S3150803DA3092B2614514BF4FF0000E4FF0010E6245D6
S3150803DA4014BF00220122964502D0614508BF9846B5
S3150803DA500433CFE7FCDD9846FAE7203674E74FF040
S3150803DA6000081AE72823A9F80C309DF88E901CB9EC
S3150803DA70B9F1000F40F0818128680223818909AA38
S3150803DA80C9F707FE0646002840F09E80B9F12C0F19
S3150803DA9000F04A8108D8B9F1000F0CD0B9F12B0F61
S3150803DAA040F0A58102268FE0B9F13B0FFAD0B9F110
S3150803DAB03C0F40F05F812B680EA819460393CAF7FB
S3150803DAC014FA03980AAA0EA9FCF776F9064600285B
S3150803DAD07AD1BDF83A20002A38D1002E00F0F58015
S3150803DAE0BDF8643007F13C0B5BBAADF81E309BB248
S3150803DAF005939DF86330DE460693584613469446C7
S3150803DB009146CDF810B09EF80360002E66D10BEB54
S3150803DB108906BCF1000F40F0AB80F078002840F08E
S3150803DB20AA803046B04280F0C680584580F0F3801C
S3150803DB30FEE700BF2832002024320020F02A002006
S3150803DB40A8340020F03A002078C1040803990EAAE5
S3150803DB500CA8DEF7F3FC002835D19DF83030012BED
S3150803DB6013D96D2B34D1002E34D10423039818AA64
S3150803DB700EA9C9F764FE30BB9DF8623003F0C002F4
S3150803DB80402A18D009D862B101260CA8DEF7CFFCC3
S3150803DB9001460EA8CAF7BAF99BE71906F4D5062073
S3150803DBA011E026A8DEF70AFA0028F8D0BDF89E3059
S3150803DBB0ADF86430E8E70623039818AA0EA9C9F74F
S3150803DBC03EFE0028E0D0064630462DB0BDE8F08F6D
S3150803DBD03F2BDAD90220F6E7B44694E70499BEF850
S3150803DBE000A00E88B24511D00599B14205D1BCF102
S3150803DBF0000F02D1F4460133DBB29A4238BF1A4604
S3150803DC004FF0000338BF0498CDF810E0059966462F
S3150803DC1051451DD19EF802A0069951450CD10523FD
S3150803DC2007EB890989F83F30039B5B7913F0180FD3
S3150803DC303FF438AF002448E0BCF1000F08D1069939
S3150803DC40A1EB0A0A1AF0800F1EBF76460133DBB230
S3150803DC5009F101090133B9F1230FDBB20EF1040E01
S3150803DC60BAD190F803C0BCF1000F4ED02BB9FEE72A
S3150803DC7030466646F5E73046F8E70499B1F800C03A
S3150803DC8005998C4535D15EBB0133DBB2934207F167
S3150803DC90C80629D8012AC7D95E45C5D936F8043C2A
S3150803DCA0059A9342C0D18642BFF43CAF3146821BE4
S3150803DCB0301D0AF062FCBDF81E3008203380069B2F
S3150803DCC0B3700523F370FCF75BF8BDF83A20BDF88B
S3150803DCD038301344039A9BB252899A421FD2FEE7FD
S3150803DCE0934203D9012B9FD00498D5E7012AD3D1B0
S3150803DCF09AE7934206D9012B96D00498002ECBD1E6
S3150803DD000646D8E7012AF9D18EE7B0427FF60AAF6D
S3150803DD10B345CBD9FEE7043E321A011DC9E7039A78
S3150803DD2093819DF82490A2E601232946CDE9004371
S3150803DD3022AA4B463846E1F7F0FED5F8009018AA12
S3150803DD404846B9F80C10DEF703F9064600287FF4AF
S3150803DD503BAFBDF862305BBA9AB2C3F3CC03002B70
S3150803DD607FF4A0AED2073FF59DAE08214846C9F712
S3150803DD70EEFBD6E7002C40F0AE80B8F1000F5DD07D
S3150803DD800024029BCDE9004329464B46384622AA7E
S3150803DD90E1F7C3FE0646002C51D000230EA80993CB
S3150803DDA0C9F76FFA0EA8C9F76CFA12AC24AB0FCBF6
S3150803DDB084E80F0028A90EA8C9F74AFA9DF88F30F8
S3150803DDC09DF85D208DF85C309DF88930B9F1110F07
S3150803DDD04FEA131363F301028DF85D207DD0B9F181
S3150803DDE03A0F7AD00026099801F072FA27E0002C38
S3150803DDF0C3D0B9F1290F6ED12B680E902946029A22
S3150803DE000EA893F80480FBF7F0FFC8F340180646FC
S3150803DE1018B10E9801F05CFAD6E60E9C23792046D3
S3150803DE2068F34513A1892371C9F79DFB384618A9D9
S3150803DE301894FFF711FD189801F04AFA0026029B79
S3150803DE40002B3FF4C1AE2868437913F0180F0BD1A2
S3150803DE50B04B93F85931033B012B3FF6B5AE9DF80A
S3150803DE608F30013B8DF88F309DF88F30002B3FF4B0
S3150803DE7019AE8DF860300721012318AAC9F722FDC8
S3150803DE80B9F13A0F286840F02B810123818918AA32
S3150803DE90C9F7FFFB064600287FF496AE07239DF8CD
S3150803DEA060109D4A013B3FF4FDAD12F8010B884211
S3150803DEB0F8D1002600232C682B602279A38142F02F
S3150803DEC00102636120462271DFF74CF9236A9C42FB
S3150803DED000F02681FEE7012354E72946029A09A89A
S3150803DEE0FBF783FF064600287FF47DAFB9F1110FD0
S3150803DEF0DDF824807FD0B9F13A0F7FF473AF40463B
S3150803DF00B8F80C100AAADEF723F8064600287FF4A9
S3150803DF106AAF4B46ADF860008DF862000EAA21463B
S3150803DF20CDF8008018A8FCF7E2F84FF6FF73BDF8A2
S3150803DF3060209A427BD19DF82830802B4BD118A8B4
S3150803DF40C9F79FF997F82E000EA900F088FF002855
S3150803DF5041D00CA8C9F7BEF8812330466F498DF81E
S3150803DF603030FCF7A9F88246A8B304220CA9B8F8FE
S3150803DF700CB0C9F7E9FC0346002840F0AA80B8F8B4
S3150803DF800A300BF1040292B29B1A9BB241465046E1
S3150803DF90C9F7F8FD0346002840F09B8094E80F0074
S3150803DFA00DF1700C8CE80F009DF83830FF2B03D069
S3150803DFB00EA918A8C9F74CF93A22504618A9FEF72C
S3150803DFC0FFFC0346002840F084805046BAF80C103C
S3150803DFD00CAADDF7BDFF08214046C9F7B8FABF6AA0
S3150803DFE0002F3FF400AF3C68786841460AAB0EAA97
S3150803DFF0A047BF68F4E74046B8F80C1018AADDF73F
S3150803E000A7FF064600287FF4EEAE4B46ADF8300070
S3150803E0108DF832000EAA2146CDF800800CA8FCF72D
S3150803E02066F84FF6FF73BDF830209A4201D00226F0
S3150803E030D9E608214046C9F78AFA189BD7F834A0C7
S3150803E0401BBA1693BAF1000F2ED1D7F838B0BDF81C
S3150803E0505AA0BDF85870BBF1000F3FF4C4AEBBF825
S3150803E0601030BB421DD15846DDF7D4FF20B95846B8
S3150803E0700EA9C9F723F8A0B1BBF82230002B74D038
S3150803E08053450ED10BF1120318460393DDF7C2FF6E
S3150803E09000286AD1039B21461846C9F70FF80028BA
S3150803E0A063D1DBF830B0D6E74146DAF80430DAF85C
S3150803E0B008000EAA984700287FF495AEDAF800A060
S3150803E0C0C0E74146DBF82430DBF828000EAA984758
S3150803E0D089E650460393C9F799F9039B1E4682E6D8
S3150803E0E04479C4F3C104022C7FF4E4AEB9F1110FE9
S3150803E0F07FF4E0AE818918AADDF72AFF06460028D1
S3150803E1007FF462AD4BF6F073BDF862209A427FF452
S3150803E110D0AEC7E4F03A002084E404087AC30408BE
S3150803E12021461748C9F7C0FE1648CAF745F82579A0
S3150803E130EB0718D5FAF7BCFCA8B1C5F3001745F0E9
S3150803E14010052571FBF7DAFE237967F304132371A8
S3150803E15010B9FAF7ADFC30B120460221FBF760FE91
S3150803E160204600F0C4F9002054E64046B8F80C10DF
S3150803E170C9F7F9F9B8F80C30002BA2D0FEE700BFAF
S3150803E180BC3B0020FC3B00202DE9F041036B826B6E
S3150803E19007689A4288BF8363426C436A92B002FB5C
S3150803E1A00377C36B0E46052203A95B690446384603
S3150803E1B0984703A8ECF7F3FC01280146307070D0A2
S3150803E1C0656CE26B2368606AD2F814C005FB0030FD
S3150803E1D0052208A9E04708A8ECF7E1FC01284FF057
S3150803E1E000053CD0D4E90A3201219342CDE90D4515
S3150803E1F08DF83C5010958DF8441043D119462046A6
S3150803E200ECF711FD236B626C14339B1AE0622363EC
S3150803E2100E9B1BBB9DF8443003B3636A626C256887
S3150803E220D4F83C8002FB03550C350122D8F8143088
S3150803E23001A9284698474FF6FF72019B99B2914266
S3150803E2400CD11B0C1B0443F4254343F0A50302938B
S3150803E25001222846D8F8183002A998470E9DE36B81
S3150803E26005225B6903A93846984703A8ECF797FC88
S3150803E27030702846236BA26B9A4288BFA36312B0F9
S3150803E280BDE8F081237C33B91C490DAA04F10800C3
S3150803E290ECF754FCBCE72046194A0DABECF762FED3
S3150803E2A0B6E7237C23BB2246164904F10800ECF79C
S3150803E2B045FC616A2046EDF7D7FD616A421C204694
S3150803E2C0EDF786F8054620B9236B626C1344143BB5
S3150803E2D023632046A16AECF7A6FC2368A062C01A4A
S3150803E2E0636CB0FBF3F060622046ECF7BBFEB6E75F
S3150803E2F000232046044AECF735FEDAE741BB020859
S3150803E30001BC020875860208C58602082DE9F04F86
S3150803E3109A468BB09DF85030DFF854B10293DBF878
S3150803E3201030804653450D461646C0F09B80D146AD
S3150803E330DBF804300193B9F1000F00F08F80D8F8A9
S3150803E3403C3001225B6907A901989847079BDBF8CC
S3150803E3500010C3F3D312914240F0878013F07E0F67
S3150803E3601CD1D8F83C3002225B6908A90198984762
S3150803E37008A8ECF705FC08270446019B029A3B44C8
S3150803E380002A3CD1A6420FD9361B144640460199AA
S3150803E390ECF749FCA9EB04090190CCE707A8ECF7CD
S3150803E3A0EFFB04270446E8E7A41B544528BF544655
S3150803E3B0032C03EB0607AAEB040A4FEA94021CD9BB
S3150803E3C0D8F83C30294638465B69984724F0030356
S3150803E3D004F003061F441D44002ED7D0D8F83C305A
S3150803E3E001225B6908A9384698473246284608A990
S3150803E3F035440AF03DF90026C8E72646ECE72746E2
S3150803E40004F00302039223442A1904920593049BF6
S3150803E410DD1B059BD81B039B9F420FD1002FB5D04D
S3150803E420D8F83C30012208A95B6998473A4628463A
S3150803E43008A90BF0E2F878B93D44A7E7D8F83C30C9
S3150803E440012208A95B6998470422284608A90BF004
S3150803E450D4F808B9043FDAE74FF0360948460BB053
S3150803E460BDE8F08F4FF06309F8E74FF06F09F5E75A
S3150803E470D8640020F0B59BB00E460446694600787A
S3150803E4801746F2F766FF0546162200210DF10E0020
S3150803E49009F0CFFE45F4E245012103A8ADF80C5077
S3150803E4A0EAF73BFF3A46314601AB03A8F1F75FFEAD
S3150803E4B020B11BB0BDE8F040EFF7A8BC019E41228E
S3150803E4C0304602AB09A9F2F7EAFA05463046F2F7EF
S3150803E4D097F90DB12846ECE70028EAD12046029BB6
S3150803E4E009AA04F16801D2F7F1FE1BB0F0BD10B515
S3150803E4F00379044613F0010311D1094AD2F8EC1043
S3150803E50088420146074804BFC2F8EC30A2F8E8304F
S3150803E510C9F79EFC2046BDE81040C8F777BF10BD73
S3150803E520F03A0020BC3B002038B51F4C94F8503114
S3150803E530DB0734D514F8B83C5D0730D494F8AA320F
S3150803E54004F5C07203F00F0304F52370072B18BFF5
S3150803E5501046CBF7C5F910B304F5A270C9F7BDFF8A
S3150803E56014F8B82CD0071AD514F8B73C052B10D0D5
S3150803E57034F8B63C99060CD4C3F3001383F00103AD
S3150803E58063F341020521A4F1B80004F8B82CCBF7CC
S3150803E590ABFABDE8384000210448CBF7A9B9BDE872
S3150803E5A03840FBF7BBBA00BFF03A0020283C0020EE
S3150803E5B038B5044690F824502230DFF79AFB0C4B03
S3150803E5C005F0030593F85921022A0FD103F5C07202
S3150803E5D094420BD193F8A43103F00303AB4205D05D
S3150803E5E0BDE838404FF00040FBF758B938BD00BFC7
S3150803E5F0F03A0020002370B54FF47A720A250B60AF
S3150803E600441E14F8010F00B970BDA0F13006F3B229
S3150803E610092B11D8B2F57A7F0B6805D002FB0633AE
S3150803E620B2FBF5F20B60ECE76B430B6020783038EE
S3150803E63002FB00330B60E4E72E2804D1B2F57A7F98
S3150803E64001D16422DDE70720DEE710B50649044653
S3150803E650F7F763FC352341F658322382034BC4E9A3
S3150803E66005230123237710BD34E5040803010105B7
S3150803E67038B503680446ABB1012B0CD182690A4B42
S3150803E6809A4208D100F120055830D2F751FA682189
S3150803E6902846F0F733FE2046BDE83840D822002145
S3150803E6A009F0C7BD38BD00BF000150058B4228BF1E
S3150803E6B00B462DE9F04705464FF0000EA1EB030A7A
S3150803E6C003F00707089CDB084FEA431C02EB4313D6
S3150803E6D09A4205F120050FD1604405464FEA870C97
S3150803E6E003EB8707BB4240F081806044BAF1010A15
S3150803E6F080F08B80BDE8F087166855F8201CA4FBCC
S3150803E700066816EB0E0648F10008761845F8206CDD
S3150803E710566855F81C1CA4FB069E48F1000616EB22
S3150803E72009064EF1000E761845F81C6C96684EF1EC
S3150803E730000EA4FB06961EEB090E46F1000855F8D3
S3150803E740186C55F8141C1EEB060645F8186CD668A3
S3150803E75002F12002A4FB069E48F1000616EB090601
S3150803E7604EF1000E761845F8146C52F8106C4EF1FB
S3150803E770000EA4FB06961EEB090E46F1000855F893
S3150803E780106C55F80C1C1EEB060645F8106C52F86F
S3150803E7900C6CA4FB069E48F1000616EB09064EF11F
S3150803E7A0000E761845F80C6C52F8086C4EF1000EFC
S3150803E7B0A4FB06961EEB090E46F1000855F8086CED
S3150803E7C055F8041C1EEB060645F8086C52F8046C4B
S3150803E7D0A4FB069E48F1000616EB09064EF1000E49
S3150803E7E076184EF1000E45F8046C71E753F8042BBE
S3150803E7F02968A4FB022612EB0E0246F100065218FC
S3150803E80046F1000E45F8042B6CE7036813EB0E0379
S3150803E8102CBF4FF0010E4FF0000E40F8043B65E79E
S3150803E82020F0FF03B3F5E24F0ED1C0B241280BD156
S3150803E830FF2A09D10B7823F007030B70CB7F03F06C
S3150803E8407F0343F04003CB77704701461020FDF75B
S3150803E850F3BD70B550B349B30368994226D3D0E9DB
S3150803E860024204FB0233994220D2EFF31186302386
S3150803E87083F311880B685C1C0ED00468A3420ED37D
S3150803E880D0E9025205FB0245AB4208D21B1BB3FB78
S3150803E890F2F402FB143313B943685A1C07D14368CD
S3150803E8A00B60416086F31188BFF36F8F70BD994281
S3150803E8B0F8D01B68F1E7012303FA01F13023584323
S3150803E8C0014B1950704700BF40E003504FF0004218
S3150803E8D038B51D4B1D4C5A664AF6CD33656C236411
S3150803E8E005F00105C0B90120EEF7F0FA6368D90708
S3150803E8F001D42DBB38BD0122154B5A60154B226B2B
S3150803E900D207F6D4013BFAD1F3E70133216B0807A3
S3150803E91005D59342F9D1ECE700230F4AF6E793426C
S3150803E920E7D020220A4B9A620122A3F580535A6044
S3150803E930084B064A916A8906DBD4013BFAD1D8E724
S3150803E940024B064A1A64D5E7009000500080095026
S3150803E95000A0095041420F0040420F003254FFFF06
S3150803E96073B5002504468DF8075020466169ECF710
S3150803E970ABF8266B864209D2236AB5EB430F05D259
S3150803E98020460DF10701FFF7FFFB50B19DF807304D
S3150803E990012B04D120460DF10701FFF7F5FB02B061
S3150803E9A070BD0135E1E77FB518220021684609F0F5
S3150803E9B040FC044B69461868F1F747FF07B05DF852
S3150803E9C004FB00BF5C64002043E709B1C06EFBE7A4
S3150803E9D07047034608B900207047EFF311823021C8
S3150803E9E081F311884068411C04D182F31188BFF36F
S3150803E9F06F8FF0E70168596082F31188BFF36F8F51
S3150803EA00704710B5EFF31184302383F31188037C21
S3150803EA1023B184F31188BFF36F8F10BD8368C26077
S3150803EA20416003F140021B6C53B9036010608268AE
S3150803EA3092F84430013382F8443001230374E8E73B
S3150803EA401A461B68F0E737B504460522D0F8A40032
S3150803EA5001A9EAF77CFDB0B9019B5C61227A5A7475
S3150803EA60E27A62F07F021A74EFF31185302383F397
S3150803EA701188D4F8A40001990830EAF7B6FD85F39E
S3150803EA801188BFF36F8F03B030BD053803288CBFD9
S3150803EA90002001207047E5F7E9B9F8B5037F074673
S3150803EAA0022B0D46164611D0E5F7BAF9044610B9F6
S3150803EAB02E44AE4201D12046F8BD384615F8011B4F
S3150803EAC0E5F784F90028F4D00446F4E70D24F2E7C1
S3150803EAD01022E2E7E5F7CAB92DE9F0470446E5F758
S3150803EAE0E6F868BB2046E5F7EEF894F834300B27CA
S3150803EAF00E3354F82380464694F8345004EB850ABB
S3150803EB00DAF820309E420CD02A4631462046E5F7ED
S3150803EB1098F810F4004F814614D0DAF838309E423C
S3150803EB2010D005F10E0344F823602046E5F715F9DE
S3150803EB30002384F835304FF6FF736669E38626BBF0
S3150803EB40BDE8F08719F4804F0AD0ED0054356019F3
S3150803EB5065592DB12946C9F750F92846C8F756FC11
S3150803EB60C9F30D023146204694F834300232E4F7ED
S3150803EB70FAFF013F17F0FF070646BDD140F24531BC
S3150803EB80064B074A074801F0BFF923462A4641467A
S3150803EB90B446A069BDE8F047604700BF20A2040851
S3150803EBA004E504086DA20408F8B50446656C94F8F0
S3150803EBB03470256404EB8706336A9D4226D03A46A9
S3150803EBC029462046E5F73DF8030402D5B36B9D4273
S3150803EBD01CD1C0F30D00821C3B4629462046E4F7A8
S3150803EBE0C2FF3B4606466064022229462046E4F7EE
S3150803EBF0BAFF8642A06403D0012384F8353004E0C3
S3150803EC002046E5F788F80028D0D1F8BD0323F4E7B2
S3150803EC1008B1C9F7E9B970474FF4407330B587B0FF
S3150803EC20054602A90820ADF80830FBF745FA04465D
S3150803EC3048B3A5F11003012B4FF0FF3388BF002318
S3150803EC4001228DF807308379C57162F30303837153
S3150803EC500DF10701C8F76EFF90B99DF8073043B960
S3150803EC6015230A22204603A98DF80C30C8F76CFE33
S3150803EC7030B9204603A98DF80C50C8F75BFF18B1C5
S3150803EC802046C8F7C3FB0024204607B030BD023828
S3150803EC9002288CBF00200120704738B5194C054659
S3150803ECA094F85901FFF7F3FF50B394F8582100235A
S3150803ECB0C2F34002013228461349D2B2F9F7C4F81F
S3150803ECC094F85931022B17D194F85B311B0713D4E7
S3150803ECD094F815334FF47A71FF2B1CBF013384F86C
S3150803ECE015330123094884F81433F6F7B2FFBDE850
S3150803ECF038400748DFF70CBB0023A4F81433F6E7BC
S3150803ED0038BD00BFF03A002049E50408043E002058
S3150803ED10FC3D002028B1807F00F00F00C31F584236
S3150803ED20584170477FB50E4601A905461446F6F7BE
S3150803ED304FFD40BB7EB944BB40F207138DF80A006A
S3150803ED40ADF80830284602A9F8F768FF0022019BA8
S3150803ED5083F8302017E040F207138DF80A60ADF800
S3150803ED600830019E002CEDD00DF10B012046DEF78D
S3150803ED705BFF01308DF8090002A92846F8F74EFF14
S3150803ED80237886F8303004B070BD0720FBE77FB5DB
S3150803ED900C4601A906461546F6F71AFDB0B90290C0
S3150803EDA0ADF80C008DF8084035B128460DF1090178
S3150803EDB0DEF73AFF8DF80D0014B19DF80D303BB917
S3150803EDC001223046034902ABF9F73EF804B070BD99
S3150803EDD00720FBE74BE50408F0B585B00E4601A905
S3150803EDE0044617461D46F6F7F3FC10BB1EB303236A
S3150803EDF039788DF80830C1F38002C1F340039200D5
S3150803EE0042EA4302C1F300031A43C1F3C00142EACB
S3150803EE10C1028DF80A608DF80B201DB1284603A997
S3150803EE20DEF702FF02308DF8090002A92046F8F73B
S3150803EE30F5FE05B0F0BD0720FBE710B90520F7F787
S3150803EE4039BA0520FAF79CBF10B50446DCF7DEFC91
S3150803EE50A37823F0780343F02803A37010BD013881
S3150803EE60032803D8DFE800F00409130F00207047CE
S3150803EE700878FF3818BF012070470878A0F1FF0308
S3150803EE8058425841704701F10800DDF797B8012049
S3150803EE907047F7B50A441E46438992B29A4228BF79
S3150803EEA01A46ADF800108A422CBFC1EB0203C1EB28
S3150803EEB00103C9439BB289B2994228BF194605463D
S3150803EEC0089CADF80210BDF802300BB917231EE0F3
S3150803EED0042369460DEB03022846C8F7B0FC03462C
S3150803EEE0A8B9BDF80610BDF8027049BA89B204314B
S3150803EEF0B94213D8BDF8042052BA92B2B24209D124
S3150803EF0089B2B94228BF39460098206061801846FD
S3150803EF1003B0F0BD6846C8F7F9FFD4E70623F6E75A
S3150803EF2030B587B003AD0D2300950446FFF7B1FF4F
S3150803EF3010B1002007B030BD06232946204604AA8F
S3150803EF40C8F77DFC0028F4D1BDF8140040BA80B296
S3150803EF50F0E7002814BF4FF000504FF08050FAF73F
S3150803EF609DBC0021FE2280F8FE10C0F8001109F0AE
S3150803EF7060B900B5C3B001A8FFF7F3FF054801A9B7
S3150803EF80CCF7F8F910B901A8FAF7D4FC43B05DF841
S3150803EF9004FB00BF6039002030B50C460546C3B0F4
S3150803EFA001A8FFF7DEFF00218822204609F041F970
S3150803EFB0284601A9CCF7DEF918B9214601A8CDF7E9
S3150803EFC056F843B030BD10B504460846FBF7F8F8C3
S3150803EFD020B9A378022B1CBF0223A37010BD10B55A
S3150803EFE00446C8F7EDF84FF00043236010BD012926
S3150803EFF005D14FF6FF73C31A58425841704700208C
S3150803F00070472222002109F014B908B5006820B117
S3150803F010F0F786FED9F7ECFC00B1FEE708BD30B57C
S3150803F020E024B9B000F10805224605608480002172
S3150803F030684609F0FEF822466946284609F018FB91
S3150803F04039B030BDF0B52024CDB02B4B054612A8F8
S3150803F0500F460193FFF7E3FF07200AAA02A9ADF8B3
S3150803F0602840FDF78DFA70B1214602A8D9F766FE46
S3150803F07018B1214602A8D9F761FE202307200AAA58
S3150803F08002A9FDF740FB4FF4807612A8CAF776FB70
S3150803F0902A7C29460732D20812A8CAF77DFB04221E
S3150803F0A012A80DEB0201CAF777FB0122394612A80B
S3150803F0B0CAF772FB202202A912A8CAF76DFB0AA98E
S3150803F0C012A8CAF78FFB0AAB03CBA860E96005F160
S3150803F0D00800DCF78AFF044638B13B78013E013362
S3150803F0E0B6B23B70002ED0D1012412A8FFF78DFFCC
S3150803F0F020464DB0F0BD00BF7770616E03680BB153
S3150803F10019607047FEE710B50446C8F79DF82060F6
S3150803F11000F100400138606010BD10B414461A4669
S3150803F12023465DF8044BC8F766BA07B50222ADF85D
S3150803F13006100DF10601C8F722F903B05DF804FBC2
S3150803F14010B50A7A0446012A02D0022A04D010BD51
S3150803F1500988BDE81040E8E78388E28803F10800D8
S3150803F1609042F4D820681844CBF768FDA38808337F
S3150803F170A380ECE7016001B1C9694160704770B5C6
S3150803F180114B92B00546D3F8141802A8FFF7F2FFFD
S3150803F1900E4E029C0CB912B070BD214604A8C8F7DE
S3150803F1A083FA0D9BB3420BD10E9BAB4208D10B22BC
S3150803F1B000232146CDE90032054804AAC9F7BDF95B
S3150803F1C002A8C8F71DF9E4E7F02A002079E7010841
S3150803F1D0003300202DE9F84302F1310727F0010730
S3150803F1E099467B788046013B032B0E46154628D85D
S3150803F1F01748F6F7C8FB044618B32846C8F731F884
S3150803F200014630B101281ED02046BDE8F843C8F7A9
S3150803F210FDB8324602212046C8F754F97A8804F124
S3150803F220310323F001035A8029462046C8F784F997
S3150803F2300028E9D14A4621464046C9F7F1FA00288B
S3150803F240E2D1BDE8F88332462046C8F73BF9EBE737
S3150803F2507AC3040870B504460D46C8F709F830B1F1
S3150803F2602B462246BDE8704044210148B2E770BDEB
S3150803F270003300202DE9F041064610468846144619
S3150803F2801F46C7F7F5FFF8B11048F6F77CFB0546A6
S3150803F290D0B131344146002224F00104C8F712F9EB
S3150803F2A0628805F1310323F0010328465A80C8F71B
S3150803F2B02DFB3A4629463046C7F7E1FF20B12846D3
S3150803F2C0BDE8F041C8F7A2B8BDE8F0817AC30408DF
S3150803F2D008B1C8F79BB8704707B5437901905B092E
S3150803F2E008BF0B4A01A902BFD2F818310133C2F885
S3150803F2F01831838823F4C45343F080038380054875
S3150803F300FEF7AAFA019803B05DF804EBE0E700BF3D
S3150803F310F03A00205831002013B50C466946E4F745
S3150803F320C5FA58B94FF0FF32009B9A42019A70EB1F
S3150803F330020205D3003B18BF0123237002B010BD98
S3150803F3400720FBE738B505460C4641B900689047E0
S3150803F350044902462846C7F7D5FA204638BD07208A
S3150803F360FCE700BF47AF0408082307B50A46019020
S3150803F370ADF802300DF10201002301A8E4F714FBEE
S3150803F38003B05DF804FB38B505460C4641B9006879
S3150803F3909047044902462846C7F7B4FA204638BDBB
S3150803F3A00720FCE73EA404080346084619460BB1A2
S3150803F3B0F6F7B3BD0720704713B50C4601A9E4F762
S3150803F3C0C9FA30B9019B03F18002FF2A8CBF0720D3
S3150803F3D0237002B010BD13B50C466946E4F766FA06
S3150803F3E048B94FF0FF32009B9A42019A70EB02022A
S3150803F3F034BF0720236002B010BD13B50C46694617
S3150803F400E4F754FA40B9009B019AB3F5803F72F1C9
S3150803F41000022CBF0720238002B010BD13B50C468B
S3150803F4206946E4F743FA40B9009B019AB3F5807F2E
S3150803F43072F100022CBF0720237002B010BD4FF0F3
S3150803F440FF3070474FF0FF307047024B186801F0E2
S3150803F4506BBB00BF64190020024B01220021186808
S3150803F46009F021BA64190020F8B5194B9F79D9F721
S3150803F47074FC10B17F252846F8BD164E35681DBBAA
S3150803F4801820F7F755F887828027056045710771B5
S3150803F490857185600446D9F7E7FCC0001028D6BFF6
S3150803F4A010230123B3FBF0F327742046E360D9F74F
S3150803F4B063FD48B934602368012BFCD025792046BF
S3150803F4C06DB2D9F763FCD6E70248D9F749FCD1E709
S3150803F4D0401A002088190020F0B589B005460F4662
S3150803F4E01646FAF74BFE044618480AF0AFF818B161
S3150803F4F00124204609B0F0BD21462846D9F77CFDEC
S3150803F50004460028F5D1012120200AF087F8FF23B5
S3150803F5108DF8043001230E48079429468DF81C30CC
S3150803F520006801AB04AACDE902440594049706963C
S3150803F53009F0DEF920B9074B9D71074B9D71D8E792
S3150803F540214620200AF06AF8D2E700BF40000100EE
S3150803F55064190020401A0020101A002000887047FA
S3150803F56008B5FFF7FBFF10F4807F0CBF03200220CA
S3150803F57008BD08B5FFF7F2FFC0F3401008BD08B58C
S3150803F580FFF7ECFF00F44050A0F5005358425841EA
S3150803F59008BD08B5FFF7E2FFC0F3C00008BDF1F7E1
S3150803F5A02FB92DE9F04F066804469BB03046FFF79E
S3150803F5B0F0FF002800F0BA81204607A9CAF7D0FB56
S3150803F5C00546002840F0B2819DF81C70082F40F0CC
S3150803F5D0AD81237FDA0600F1A98196F8008008F049
S3150803F5E00708B8F1020F19D18DF81C0007A92046A0
S3150803F5F0CAF723FD9DF81C10002900F0A181BE4B14
S3150803F6005B785A1E91420CD08B4209D0013399423A
S3150803F61000F0088138461BB0BDE8F08FB64B597821
S3150803F620012510230C2213FB0523B34D2B44A3609A
S3150803F630237FDB0710D43378204603F00703022B16
S3150803F64002BF6B682970AB60CAF70BFD6968204671
S3150803F6504B1C6B60CAF7A4FB002320680293FFF7D1
S3150803F66098FF002800F0628120460DF10701CAF7CA
S3150803F67067FB002840F05A81204602A9CAF780FB97
S3150803F680002840F053819D4A03AB106851689DF8E2
S3150803F690075003C302981946C7F7F7FD20468DF8A6
S3150803F6A01850CAF7EFFCA368861E5FFA86F816F0A9
S3150803F6B00106139340F0B8800638C0B20C2800F24E
S3150803F6C0B3802046CAF755FD3546074603466A1CE6
S3150803F6D0002B40F0AA80EDB2022D38BF0225204642
S3150803F6E0022DC5F10F0918BF5FFA89F9CAF739FD63
S3150803F6F0021E18BF0122013DA8F10203EDB25B10F9
S3150803F70045EAC30343EA821303A94A4683460DF12E
S3150803F7101D008DF81C3008F0ABFF0BAA39460F23E2
S3150803F72092469945C0F0848007AA114613980AF0B1
S3150803F7300DFCBBF1000F06D002269DF81D308BEA9F
S3150803F74003038DF81D304A4603A90DF12D008DF8E4
S3150803F7502C5008F08DFF07AB09F11100C9F10F0210
S3150803F7600021184408F065FD10238DF864904FF0C6
S3150803F77000092046CDE91597CDF850B0CDF85C9031
S3150803F780ADF86060ADF862308DF86580CAF7E9FCBC
S3150803F7908345054652D326688719B7424FD1159B29
S3150803F7A01D44149B15959D420AD1BDF8603023B1BB
S3150803F7B007AA114613980AF0C9FB0023ADF860306F
S3150803F7C02046CAF7D6FC179B169A03449342054666
S3150803F7D04FD82046CAF7BBFC002680462F18474554
S3150803F7E048D1179B1D44169B17959D4215D3BDF803
S3150803F7F0603023B107AA114613980AF0A7FB9DF8B0
S3150803F80064200E2A09D802F1110007AB0021C2F1C0
S3150803F8100F0253FA80F008F00CFDDDE916329A421E
S3150803F8206ED0FEE74546FCE6FEE715461B0A4EE79D
S3150803F830013B02F8011DDBB2090A72E7FEE7BDF8D0
S3150803F8406030102B06D107AA114613980AF07EFBDF
S3150803F850ADF86090BDF860305A1C6833ADF8602087
S3150803F8606B4416F8012B13F84C1C4A4003F84C2C2E
S3150803F87093E7FEE7BDF86230102B12D10FA90F20CC
S3150803F8800A469DF864C0604505DD11F8013D01335C
S3150803F890DBB20B706BB3514613980AF057FBADF8FE
S3150803F8A06260BDF8623098F800905A1C6833ADF868
S3150803F8B062206B4413F82C3C89EA030308F8013BDE
S3150803F8C0BDF86030102B06D107AA114613980AF023
S3150803F8D03DFBADF86060BDF860305A1C6833ADF87F
S3150803F8E060206B4413F84C2C89EA020903F84C9CF4
S3150803F8F075E70138C7E700BF68610020606100202B
S3150803F9002046CAF7BFFBA6880FAA361A514613988C
S3150803F91025680AF01BFB002207ABA8199DF865109A
S3150803F9208A4205DB237F43F010032377002771E61A
S3150803F93013F8011B0132DD7F694000F8011BEDE76F
S3150803F940012767E608B5C36800209847024B18687D
S3150803F950BDE808400AF08FBB7C640020F0B40A4D6A
S3150803F9602D7875B107280CDC084D060105EB001444
S3150803F970277B37B1AB510023C4E90133F0BCEDF75C
S3150803F980D7BAF0BC704700BF3C650020B4620020BC
S3150803F990F8B50546EFF31186302383F311888C30C7
S3150803F9A0EAF74CFA044620B986F31188BFF36F8F3A
S3150803F9B0F8BD837C00F130073BB101338374D5F876
S3150803F9C08C300363C5F88C70EEE705F130000AF056
S3150803F9D03FF986F31188BFF36F8FA6682EB921689E
S3150803F9E0D5F8A400FEF7F1FF2660EFF31181302363
S3150803F9F083F31188A37CD5F8A4200133A3749368F1
S3150803FA00236397602B7C01332B74EB7B013BEB73EE
S3150803FA1081F31188CAE738B50C4605460846E3F765
S3150803FA20DDF9637802331C44C5E9000438BD2DE9C2
S3150803FA30FF4100F12807044638460E46C9F750FF2A
S3150803FA4028B9204604B0BDE8F041DFF73DB804F114
S3150803FA506C00DEF791FF012E24D894F8B53104F52E
S3150803FA60DA75FF2B1CBF013384F8B531574B28468B
S3150803FA7093F8682FD20745BFA022B3F86A3F4FF41D
S3150803FA807A71534341BF4FF47A7203F5FA73B3FBA2
S3150803FA90F2F39918012384F8B431F6F7DAF828460D
S3150803FAA0DEF736FC0D20FFF7B7F8054600287FD0AA
S3150803FAB00121E278C9F7AEFBC0B9012E09D0032E9E
S3150803FAC00BD06178042953D8DFE801F014531514D1
S3150803FAD0140004F58C70CAF78DFC08230321284605
S3150803FAE004F58C72C9F761FB0028EAD02846C7F7E4
S3150803FAF08DFC5DE0FEE7DFF8D88000212846B8F8DC
S3150803FB005C21C9F792FB0028F0D12846DEF706FBED
S3150803FB1002460028EAD1022E18BFE26802212846C7
S3150803FB20C9F78FFB0028E1D12846DEF721FB002819
S3150803FB30DCD1264B93F8682FD60719D593F8693F76
S3150803FB408DF800005BBAADF801306A4603235021ED
S3150803FB502846C9F72AFB0028C8D1D8F868210AB964
S3150803FB60D8F8642155212846C9F76BFB0028BDD16F
S3150803FB700021E37898071ED548F2FE02002339468A
S3150803FB8002A8CDE90023DCF707FA69462846DFF71A
S3150803FB903FFF0028AAD1E3781B0712D4F9F7D4FF4D
S3150803FBA00A4B93F8680FC04300F00100F6F724F9EF
S3150803FBB004B0BDE8F0812846E0F7EFF80028DBD06B
S3150803FBC094E70120F9F7C0FFF2E700BFF02A002007
S3150803FBD0F03A002000212AE72DE9F04F054685B0C3
S3150803FBE00E200E46FFF718F8044668B3B0464FF0E2
S3150803FBF0000A96F82090644FB14407F5805BC14527
S3150803FC0025D1204606F12A01DFF702FF002867D12E
S3150803FC10BAF1000F18D048F2FE075B4ED6F8344700
S3150803FC20002C40F09580EB781B070DD4574BD6F87C
S3150803FC30381701A8029301948DF80C40DCF7FEFCF3
S3150803FC40019B002B40F0998005B0BDE8F08F18F8AA
S3150803FC50013B132B2CD8132BD1D801A252F823F02E
S3150803FC60D1FC0308FFFB0308F5FC0308FFFB0308A5
S3150803FC7027FD030839FD0308FFFB0308FFFB0308F9
S3150803FC8041FD0308FFFB0308FFFB0308EDFC03081C
S3150803FC90FFFB0308FFFB0308FFFB0308FFFB03083F
S3150803FCA0FFFB030801FD0308FFFB03080DFD03081B
S3150803FCB01B2B49D0552BA2D197F8683FDA079ED557
S3150803FCC0334BD3F868210AB9D3F86421552113E0D5
S3150803FCD000212046BBF85C21C9F7A7FA00288ED075
S3150803FCE0204605B0BDE8F04FC7F790BB2046DEF7C0
S3150803FCF015FAF3E70221EA682046C9F7A2FAEDE7FF
S3150803FD00012211212046C9F785FAE7E7EB78990717
S3150803FD103FF575AF01212046E0F73FF80028DFD10C
S3150803FD204FF0010A6BE70421204696F8293006F1BD
S3150803FD302102C9F73AFAD1E70521D7F8002FDBE7FD
S3150803FD400821D7F8042FD7E72046DEF711FAC5E7C7
S3150803FD50238823F47C53BB4214D021462846DFF775
S3150803FD60F7FF78B921462846E0F708F850B9204640
S3150803FD7005F50471C7F7A2F920B9284605B0BDE809
S3150803FD80F04F27E764694BE7F02A00202432002066
S3150803FD90F03A0020F0B595B00D4603A90746164676
S3150803FDA0F5F716FD044670BB402E31D86B1EDBB241
S3150803FDB0FD2B2DD814208DF80750FEF72DFF054689
S3150803FDC020B35A2302A98DF80830731C8DF809301D
S3150803FDD0C9F7E8F9044698B928460DF10701C7F7A4
S3150803FDE0A9FE044660B93246284604A9C7F7ACFDFE
S3150803FDF0044628B939462846DFF70AFE044610B1F1
S3150803FE002846C7F703FB204615B0F0BD0324FAE7D7
S3150803FE100724F8E700F00CB800F00AB800F008B8B1
S3150803FE2000F006B800F004B800F002B800F000B815
S3150803FE3072B61EF0080F09D01EF0040F0DD0DFF8B6
S3150803FE4050E0AEE8FF1F6FF002000CE0DFF840E079
S3150803FE50AEE8FF1F6FF00E0005E0DFF834E0AEE80A
S3150803FE60FF1F6FF006006946EFF309828EE8070065
S3150803FE7086460848084C854501D3A54501D384F32E
S3150803FE800888D9F705FA84F30888D9F7F3F900003F
S3150803FE90206E0020480000200818002008B5064BED
S3150803FEA0044613B10021AFF30080044B1B6803B16A
S3150803FEB098472046EAF7D3FD00000000986A002019
S3150803FEC070B50D4D00260D4C641BA410A64209D12E
S3150803FED00B4D00260B4C0AF093F9641BA410A6429B
S3150803FEE005D170BD55F8043B01369847EEE755F83A
S3150803FEF0043B01369847F2E76071002064710020DD
S3150803FF0064710020687100201FB514461A46094B10
S3150803FF1005461B68D86854B9074B1C460091074920
S3150803FF20CDE901342B4600F0B1F808F01FFB044B6A
S3150803FF30F4E700BFAC700020D9E204084A27050895
S3150803FF403D270508002310B50446836081811946B9
S3150803FF504366C28108228361C0E90033C0E90433DA
S3150803FF605C3008F066F90D4B246263620C4BA3629E
S3150803FF700C4BE3620C4B23630C4B9C4206D003F1F8
S3150803FF806802944202D0D0339C4205D104F158004A
S3150803FF90BDE8104008F055B910BD00BF71810408CB
S3150803FFA093810408CB810408EF8104086069002063
S3150803FFB0024A0349034808F01EB900BFA07000208F
S3150803FFC001850408B070002041680C4B994210B5AE
S3150803FFD0044601D008F094FAA168094B994202D065
S3150803FFE0204608F08DFAE168064B994204D020466C
S3150803FFF0BDE8104008F084BA10BD00BF6069002050
S31508040000C8690020306A002010B50B4B04210B4C3C
S315080400100B4A20461A600022FFF794FF04F1680091
S3150804002001220921FFF78EFF04F1D00002221221D2
S31508040030BDE81040FFF786BF986A00206069002073
S31508040040B1FF0308014808F0FDB800BFEF6D0020B2
S31508040050014808F0F8B800BFEF6D002010B5044653
S31508040060FFF7F0FF236A1BB1BDE81040FFF7F0BFA6
S31508040070044B2362044B1B68002BF5D1FFF7C4FF1E
S31508040080F2E700BFC9FF0308986A00200EB403B557
S3150804009003AB0146054853F8042B0068019300F0A6
S315080400A019F802B05DF804EB03B07047AC70002091
S315080400B038B50446064D0846114600222A601A46F3
S315080400C0EAF7DBFC431C02D12B6803B1236038BD75
S315080400D09C6A00202DE9F04F0D469DB014469846BB
S315080400E0064618B1036A0BB9FFF7B8FF6B6ED90752
S315080400F005D4AB899A0502D4A86D08F0A3F8AB8990
S315080401001B0701D52B699BB92946304600F0FAF836
S3150804011070B16B6EDC0704D54FF0FF301DB0BDE837
S31508040120F08FAB899805F7D4A86D08F08CF8F3E737
S315080401300023CDF80C804FF00109DFF8B481099348
S3150804014020238DF8293030238DF82A3023469A4601
S3150804015013F8012B0AB1252AF9D1BAEB040B0BD0F3
S315080401605B4622462946304608F085F8013000F0F9
S31508040170A780099A5A4409929AF80030002B00F08D
S315080401809F8000234FF0FF320AF1010A0493079374
S315080401908DF853301A93CDE905235446052254485D
S315080401A014F8011B08F0D4F9049AD8B9D10644BF47
S315080401B020238DF85330130744BF2B238DF853306F
S315080401C09AF800302A2B15D0079A544600204FF087
S315080401D00A0C214611F8013B303B092B4BD9B0B127
S315080401E0079214E0A0EB0803A24609FA03F31343A3
S315080401F00493D2E7039B191D1B68002B0391BBBF0D
S315080402005B4242F0020207930793B8BF049223782D
S315080402102E2B0AD163782A2B32D1039B02341A1D5A
S315080402201B6843EAE37303920593DFF8D4A0032219
S315080402302178504608F08CF938B1A0EB0A00402220
S31508040240049B013482401343049314F8011B0622C9
S3150804025028488DF8281008F07BF900283FD0264B4B
S315080402601BBB039B073323F0070308330393099B3C
S315080402703B4409936AE70CFB02320C460120A8E7C3
S31508040280002301344FF00A0C19460593204610F84A
S31508040290012B303A092A03D9002BC6D00591C4E7A5
S315080402A00CFB012104460123F0E703AB2A4604A903
S315080402B030460093114BAFF300800746781CD6D11D
S315080402C06B6ED90705D4AB899A0502D4A86D07F0D5
S315080402D0BAFFAB895B063FF51FAF09981EE703AB68
S315080402E02A4604A930460093044B00F061F8E4E773
S315080402F07927050883270508000000007782040883
S315080403007F27050838B5294B05460C46186818B1E1
S31508040310036A0BB9FFF7A2FEB4F90C30190722D405
S31508040320DA0607D409222A6043F040034FF0FF3067
S31508040330A38133E0580712D5616B41B104F1440334
S31508040340994202D02846CCF71AFE00236363A38990
S3150804035023F02403A3810023636023692360A3890C
S3150804036043F00803A38123694BB9A38903F42073D3
S31508040370B3F5007F03D02146284608F03DF9B4F9C1
S315080403800C3013F001020AD00022A26062695242BC
S31508040390A261226942B913F08000C5D138BD990714
S315080403A058BF6269A260F4E70020F7E7AC70002042
S315080403B02DE9FF470F7E914680460C46782F9A46CC
S315080403C00C9E01F1430207D8622F0AD8002F00F0C9
S315080403D0DD80582F00F0C38004F1420684F8427089
S315080403E03AE0A7F16303152BF6D801A151F823F0D7
S315080403F0490404085D040408D9030408D903040855
S31508040400D9030408D90304085D040408D9030408B5
S31508040410D9030408D9030408D9030408730504088E
S31508040420EB0404082B050408D9030408D9030408B3
S3150804043095050408D9030408EB040408D903040839
S31508040440D90304083305040833681A1D1B68326087
S3150804045004F1420684F842300123A8E0316823688F
S31508040460081D30601E0601D50D6803E05D06FBD540
S31508040470B1F90050002D616878DA2D200029A160B1
S3150804048084F843002DDA6D425D480A231646B5FB07
S31508040490F3F103FB1157C75D06F8017D2F460D4698
S315080404A0BB42F4D9082B0BD12368DF0708D5236987
S315080404B061689942DEBF302306F8013C06F1FF362F
S315080404C0921B22614B4603AA21464046CDF800A05A
S315080404D007F021FF01306FD14FF0FF3004B0BDE8BB
S315080404E0F08723F004032360CDE721683368080600
S315080404F053F8045B02D4490648BFADB26F2F336084
S315080405003F4814BF0A230823002184F84310666869
S31508040510002EA660BADB216821F004012160002DB3
S31508040520B4D1002EB2D11646BCE7236843F02003A3
S31508040530236078273348236884F845701F06316892
S3150804054051F8045B02D45F0648BFADB23160D907DF
S3150804055044BF43F0200323601DB11023D4E7284881
S31508040560E9E7236823F020032360F6E724480A23EF
S31508040570CDE733682568181D616930602E061B6847
S3150804058001D5196002E06806FBD5198000231646D2
S31508040590236197E7336800211A1D32601E68626872
S315080405A0304607F0D5FF08B1801B60606368236195
S315080405B0002384F8433085E7236932464946404692
S315080405C0D047013088D023689B0714D4E068039B7E
S315080405D09842B8BF184681E7012332464946404641
S315080405E0D04701303FF478AF0135E36803995B1AC5
S315080405F0AB42F1DCEAE7002504F11906F5E700BF8A
S315080406008A2705089B27050838B50023054D04469F
S3150804061008462B60EAF720FA431C02D12B6803B17B
S31508040620236038BD9C6A002038B50446064D084642
S31508040630114600222A601A46EAF71BFA431C02D11D
S315080406402B6803B1236038BD9C6A002038B504467C
S31508040650064D0846114600222A601A46EAF70BFA9E
S31508040660431C02D12B6803B1236038BD9C6A002061
S31508040670024B0146186808F008B800BFAC700020A1
S3150804068038B50023064D0446084611462B60EAF79A
S31508040690E7F9431C02D12B6803B1236038BD00BFB8
S315080406A09C6A002038B50023054D044608462B608D
S315080406B0EAF7DAF9431C02D12B6803B1236038BD83
S315080406C09C6A002038B50023064D044608461146A0
S315080406D02B60EAF7CBF9431C02D12B6803B12360DC
S315080406E038BD00BF9C6A0020024B0344587800F0CA
S315080406F020007047AC270508024B0344587800F0DD
S3150804070097007047AC27050807B5009313460A46B1
S3150804071001460348006807F0F4FF03B05DF804FBDC
S31508040720AC700020024B01461868CCF71DBC00BF0C
S31508040730AC700020024B01461868CCF720BC00BFF9
S31508040740AC7000200CB4184B30B50C1E9DB01D6857
S3150804075008DA8B234FF0FF302B601DB0BDE830401C
S3150804076002B070474FF402730290069002A9ADF8DE
S31508040770143014BF04F1FF332346209A2846049301
S3150804078007934FF6FF73ADF8163021AB019300F0CB
S3150804079015F8431CBCBF8B232B60002CDDD0029BB1
S315080407A000221A70D9E700BFAC700020024B0A4633
S315080407B001461868CCF7E6BBAC7000202DE9F04F6B
S315080407C098468B899DB007461B060D46144610D5D8
S315080407D00B6973B94021CCF7C7FB2860286130B987
S315080407E00C233B604FF0FF301DB0BDE8F08F40236B
S315080407F06B610023CDF80C804FF00109DFF8A08166
S31508040800099320238DF8293030238DF82A3023467E
S315080408109A4613F8012B0AB1252AF9D1BAEB040B27
S315080408200BD05B4622462946384607F0D3FF0130EB
S3150804083000F0A780099A5A4409929AF80030002BC6
S3150804084000F09F8000234FF0FF320AF1010A049357
S3150804085007938DF853301A93CDE905235446052298
S315080408604F4814F8011B07F073FE049AD8B9D0064A
S3150804087044BF20238DF85330110744BF2B238DF82A
S3150804088053309AF800302A2B15D0079A544600207C
S315080408904FF00A0C214611F8013B303B092B4BD982
S315080408A0B0B1079214E0A0EB0803A24609FA03F3D1
S315080408B013430493D2E7039B191D1B68002B03916A
S315080408C0BBBF5B4242F0020207930793B8BF049288
S315080408D023782E2B0AD163782A2B32D1039B023430
S315080408E01A1D1B6843EAE37303920593DFF8C0A055
S315080408F003222178504607F02BFE38B1A0EB0A00F4
S315080409004022049B013482401343049314F8011BC8
S31508040910062224488DF8281007F01AFE002836D037
S31508040920214B1BBB039B073323F0070308330393AD
S31508040930099B334409936AE70CFB02320C460120EF
S31508040940A8E7002301344FF00A0C194605932046FC
S3150804095010F8012B303A092A03D9002BC6D0059181
S31508040960C4E70CFB012104460123F0E703AB2A463E
S3150804097004A9384600930D4BAFF30080421C064683
S31508040980D6D1AB895B063FF52DAF09982CE703ABA7
S315080409902A4604A938460093044BFFF709FDEDE7F8
S315080409A0792705088327050800000000D587040869
S315080409B07F270508014807F0B7BF00BF690345EC60
S315080409C01046044A1368591E033102D800211160DF
S315080409D018477047FC700020034B1868034B00281F
S315080409E008BF1846704700BFA06A0020D828050823
S315080409F0014808F04FB900BFA86A002013B50B4C8C
S31508040A000229226005D10A4808F044F9002002B0F8
S31508040A1010BD0A4600930146064B054808F01BF923
S31508040A20003818BF01204000F1E700BFFC70002021
S31508040A30A86A0020C1090408014808F03CB900BFA7
S31508040A40A86A00200021014808F057B9A86A0020BE
S31508040A5008B5064B1B68013305D0FFF7EDFF80F098
S31508040A600100C0B208BD0020FCE700BFFC700020EE
S31508040A702DE9F843DFF860900646D9F80080084661
S31508040A801746B8F1000F03D00E242046BDE8F883B4
S31508040A9006B3336801331DD1E1B100F075F8054694
S31508040AA00028F1D0C9F8000000F0DAF8284607F063
S31508040AB045FF044640B14046C9F8008000F0D0F826
S31508040AC0284607F033FFE0E73560002FDDD02846D7
S31508040AD0B847DAE72124D8E7A46A0020024B186845
S31508040AE0003818BF01207047A46A002038B50C46A0
S31508040AF001F02CFEA3780B4A13705A1E5542554131
S31508040B00A8420CD0012B04D02846BDE8384001F091
S31508040B10FFBD204601F0ECFD0028F5D038BD0020C5
S31508040B20FCE700BFF06D0020002108B5024B08461B
S31508040B305B689847002008BD1871002010B5FFF7B8
S31508040B404BFF0D4B0C461A1A534253418B4201D1A3
S31508040B50002010BD094B1B683BB9094A064B002CFB
S31508040B6008BF1346074A1360F2E708F0C9F90028D4
S31508040B70F3D00220EDE700BFB0280508A46A0020D8
S31508040B80D8280508A06A0020F8B5044609F078FABA
S31508040B90002607460E4B1B6893B19E68AEB196F8BD
S31508040BA02420D20711D435460FCC0FC50FCC0FC558
S31508040BB023682B6096F8243043F0010386F8243022
S31508040BC0384609F058FA3046F8BD1B68E4E700BF12
S31508040BD00C710020431E033306D8044B984228BFE1
S31508040BE01846642838BF6420704700BF40420F0087
S31508040BF038B5184B05461B680C4603B1984744B1EB
S31508040C00236833B11B68013303D0E3680BB1A368C7
S31508040C1043B908F008FC00209122412100F0DEFACD
S31508040C20212038BD204603F0B3F800230A4A85F884
S31508040C304831C5E93A4313605360636943B1074AC7
S31508040C4042211068B322C31A5842584100F0C6FA22
S31508040C500020E6E7FC6C002000710020346D0020BB
S31508040C6010B5044618B9054B054A136010BD00F0C3
S31508040C70C9FDD4F8F430002BF6D1F4E70F8A04083A
S31508040C8010710020084B10B4002A14BF14461C46E1
S31508040C90064B1C6019B15DF8044B07F0C5BE08463F
S31508040CA05DF8044B704700BF0F8A040810710020D2
S31508040CB008B502460868FFF78DFF08604868FFF71D
S31508040CC089FF48608868FFF785FF8860C868FFF76A
S31508040CD081FF0B69C860581C03D00B48834228BFA0
S31508040CE003460B614B69581C03D00748834228BF47
S31508040CF0034688694B61FFF76DFFBDE808408861C4
S31508040D00104601F085BC00BF40420F00D0F8EC3015
S31508040D102DE9F04105460C4613B1038E8B424CD09F
S31508040D20D5F8E830002B4BD09E68002E48D0D868FA
S31508040D30002845D0013800B200281ADB002106E055
S31508040D40128A591CA24217D209B2884211DB0B181F
S31508040D5003EBD3735B1003EBC30206EB8202B2F810
S31508040D600EC003F1FF3EA445EAD90FFA8EF0884275
S31508040D70EDDA2120BDE8F0814FF6FF7299B291426F
S31508040D80F7D09BB203EBC30306EB83062846B6F9F2
S31508040D90122095F83C11D5F8FC80CCF78BFA074657
S31508040DA0B8F1000F04D00023324628461946C04736
S31508040DB02C86C5F8EC6085F845710020BDE8F081FD
S31508040DC00E20BDE8F08100BF2DE9F04782B0044645
S31508040DD00F46164601F0C0FC002840F09C80654D7D
S31508040DE02B68D4F8E890D4F8EC8013B14B4500F09E
S31508040DF09F804FF0000AAF6002F09EF9012807466B
S31508040E0004D001210022084607F0D3FD204608F045
S31508040E1016FA002858D12B68D9F80010D8F80020FB
S31508040E201BB11868884200F09080204608F0D8F96B
S31508040E30BAF1000F11D086B9204601F051FF0546D4
S31508040E40D4F89830002B38D1012F02D0002D66D162
S31508040E500025284602B0BDE8F087474BC5F8009040
S31508040E601A78C5F804808DF80760002A3BD1D4F8AF
S31508040E70FC50002D71D0114620460DF10703A847F2
S31508040E80204601F02DFF0546BAF1000F40D1B5FA08
S31508040E9085F040F205423321400900F09FF93146B6
S31508040EA0204602F03FF8354B05461B684146204666
S31508040EB09847D4F89830002BC6D000224FF4007314
S31508040EC0204600F0AFFCBFE794F825309A07A2D570
S31508040ED0D4F8A0305B059ED5294B01220021204673
S31508040EE01B68984797E7D4F8EC30B4F9481023B14F
S31508040EF0B3F912309942A8BF19463246204601F082
S31508040F0043FE204601F0ECFE0546BAF1000FBED0BA
S31508040F10002EBCD194E70023164D6B6060E7194B8D
S31508040F2000215B6803209847284602B0BDE8F0878D
S31508040F306B68002B3FF45DAF43457FF45AAFAB684B
S31508040F409F4285D04FF0010A55E7696819B10968C7
S31508040F5091423FF46DAF596867E794F82A1094F8FC
S31508040F6045313246994228BF1946204601F0DAFD32
S31508040F7086E700BF007100203C2705081071002091
S31508040F80006D002018710020F8B50F46054609F0D3
S31508040F9077F8394606462846FFF7B8FE044620B1D0
S31508040FA0304609F068F82046F8BD02F0A5F822464E
S31508040FB039462846FFF708FF04460028F0D1284694
S31508040FC008F03DF90028EBD095F8253013F0020314
S31508040FD00DD0D5F8A0305B050DD5B5F83631BB4232
S31508040FE00BD0B5F83831DB1BB3FA83F35B09044A33
S31508040FF082F8D830D4E72346F9E70123F7E700BF98
S31508041000003E00B070B504460E4609F039F831467C
S3150804101005462046FFF7B8FF044620B9044B0146A7
S315080410205B6803209847284609F025F8204670BDD2
S315080410301871002070B5044600200D4608F0F7F92B
S31508041040094B1B784BB9D4F8FC6036B129462046BF
S31508041050B446BDE870401A46604729462046BDE8AE
S31508041060704008F0ACB800BF3C27050813B56946BC
S31508041070044607F04FFD0C4B1B783BB19DF8003036
S315080410800C2B03D0B4F94E0002B010BD204607F06D
S3150804109078FFFF28024605D020469DF80010CCF7B5
S315080410A00BF9F1E70148EFE73C2705080080FFFF45
S315080410B030B4064DBDF908402D781DB1029430BCF4
S315080410C008F080B80E2030BC704700BFFA6D0020C7
S315080410D0F0B507460E46154685B00AB9D0F89850B5
S315080410E02946384607F026FDEB0702D5384605F0AB
S315080410F069F802F0C5FAEC46254B04460FCB05F40D
S3150804110080358CE80F00002E2ED0FF2C0DD13368C5
S3150804111000937368019385B1009B01332ED122464F
S315080411206146384607F0E8FB0CE056F8242004AB81
S3150804113003EB840343F8102CD5B922466146384696
S3150804114008F00CF970B96EB1FF2C0FBF009B04AB05
S3150804115003EB840353F8103C05BF3360019B46F840
S315080411602430736005B0F0BD002DE6D0FF2CD3D033
S3150804117004AB03EB840353F8103C00E0019B0133F2
S31508041180CDD022466146384602F014FADAE700BFA3
S315080411900C29050808B50B460249194007F0BCFC9A
S315080411A0002008BD07001100024B1860024B1960A5
S315080411B0FEE700BFC06C00201471002038B5044D4A
S315080411C0044C054B286021601A60FFF7EDFF38BD13
S315080411D0C06C002014710020C46C002010B550B9EE
S315080411E00548064B0160064802601868054B1860F6
S315080411F01868FFF7E3FF10BD14710020A46A0020E5
S31508041200C46C0020C06C0020054B1B680BB918463B
S315080412107047834201D01B69F8E70120704700BF75
S31508041220CC6C0020094A13680BB9184670478342E8
S3150804123007D11B6901201360054A1368013B136033
S31508041240704703F110021B69EEE700BFCC6C00205F
S31508041250C86C00202DE9F74F064608F006FFDFF8AC
S315080412602881012398F800B0DFF820910190BBF19A
S31508041270000F06D089F8003003B0BDE8F04F08F037
S31508041280EFBE3F4F88F8003089F800B007F069FDD3
S3150804129008B107F064FD3D683A495DB9DFF8F0A086
S315080412A0DAF800200024AA423B682ED84FF0FF3112
S315080412B034483AE06B7D8BB12B68B34202D09A1B53
S315080412C08A420BD96A6813442B60AB68003A18BF84
S315080412D00122003B18BF01236A75AB752D69DCE74B
S315080412E0907D20B1107D88429CBF01461446126940
S315080412F0002AF5D1002CD9D094E80B00A275411A1E
S31508041300E268204698470135CAE71A46FF21EFE7FF
S315080413105A7D4AB11A68B24224D0921B824221D815
S31508041320914201D311461C461B69002BF0D15CB1CE
S315080413302046FFF777FF38B13B683C602361DAF84B
S3150804134000300133CAF800303B685A7D6AB907F0A1
S3150804135004FD064699F80030002B95D1019888F8C3
S31508041360003089E71C460021DEE7186800F0D2F849
S31508041370044607F0F2FC0646002C85D1EAE700BFCE
S31508041380CC6C0020FCFFFFBFF26D0020F16D00203D
S31508041390C86C002038B5054608B31822002106F0A3
S315080413A048FF08F062FE02462846FFF72DFF20B1E3
S315080413B0104608F055FE022038BD0A4B1C6854B97D
S315080413C009491D600B68104601332C610B6008F04F
S315080413D047FE2046F0E704F110032469EFE72120CD
S315080413E0EAE700BFCC6C0020C86C002038B5044678
S315080413F0FFF70AFF08F039FE05462046FFF704FF03
S31508041400637D23B9284608F02BFE0E2038BD002339
S315080414106375064B1B68A34203D107F09EFCFFF7CE
S3150804142019FF284608F01CFE0020EFE7CC6C0020C4
S315080414302DE9F84FDDF82890984604460D4692465D
S31508041440FFF7E2FEDDF830B008F00FFE074607F0B6
S3150804145084FC06462046FFF7D7FE637D23B1204663
S31508041460FFF7C4FF0023A375BAF1010F21D175B99B
S31508041470B8F1000F1FD1B9F1000F03D05A4631460F
S315080414802046C847384608F0EBFD002017E03544E7
S315080414900C4BAA1B9A420ED8012363759DF82C306F
S315080414A0304684E820032375C4F80CB0FFF7D2FE4F
S315080414B0E8E7AE42ECD1384608F0D2FD2120BDE873
S315080414C0F88F00BFFCFFFFBF2DE9F04107468846A9
S315080414D0FFF79AFE08F0C9FD3D68064607F03DFC8D
S315080414E07B7D7BB185420DD0094B2C1A9C4209D8C9
S315080414F0304608F0B5FDB8F1010F08BF2546284661
S31508041500BDE8F081304608F0ABFD0025F7E700BFDB
S31508041510FCFFFFBF0023024A194600F083BA00BF46
S31508041520258D04082DE9F0418AB001AB0C46054621
S3150804153024221846134907F09BF80027002C08BFF5
S315080415400446384604F10C0690B95FFA87F8424611
S315080415502846218807F076FE50B942462846E1888F
S3150804156007F081FE20B942463146284607F08EFE2A
S315080415700137032F06F1080604F10204E4D10AB080
S31508041580BDE8F08140290508F0B589B005460E4640
S3150804159001F09AFE044600BB01AC06F10C070FCF16
S315080415A00FC497E8070084E8070001A92846FFF74F
S315080415B07FFB2846311D07F0CFFA044648B928466A
S315080415C0074900F0D9FF044618B9284601F046FE33
S315080415D0044628463168FFF7A5FF204609B0F0BD42
S315080415E038290508024B0022196807F0BEBB00BF5C
S315080415F03C260508024BD868C0F30360704700BF51
S31508041600000002B810B5054C237823B104F02CF970
S315080416100020207010BD0E20FCE700BFF56D0020E9
S3150804162008B504F0EFF80122014B00201A7008BD32
S31508041630F56D00202DE9FF478F7880460F2F0D465C
S3150804164003D9212004B0BDE8F08727B901224A4B03
S315080416501A700020F6E70E784C7826BB002CF0D1D9
S31508041660E88803F0CBF9C30943EA4163C01A61EB7E
S31508041670D11103F003FAFF288146E2D056EA04039F
S31508041680A888DFF80CA113D003F01AFB4FF604035D
S31508041690BAF8002001469A4268D1B442234638BFB4
S315080416A03346002431E0082ECBD8082CC9D8D7E70E
S315080416B003F006FB4FF60403BAF8002001469A42E3
S315080416C008D12E4B1B6E9BB2934208BF4FF60503F7
S315080416D0AAF80030B1F5803F284B0FD902221A66C2
S315080416E08022C3F88020082301241E4649084FF6A1
S315080416F0FF720139914228BF114608E0012480226D
S315080417001C66C3F8802008231E460029EFD1002250
S3150804171002920122013FFFB200920197324608F570
S31508041720827003F0F1F81CB14FF48012144B5A6519
S3150804173095F90310484603F0D5F90221114BAA6816
S315080417401A600D4B197098F82E30013B8B4280D8DD
S31508041750032301200C4AC2F850320C4BC3F850023A
S31508041760C2F864120422C3F8642272E703480266C4
S31508041770AAF8003091E700BFF36D002000C001B855
S3150804178000D001B8DC6C0020006001B8005001B834
S315080417904C710020F8B504460F46164608F070FC4E
S315080417A00546A047044620B1284608F064FC2046AE
S315080417B0F8BD06F05DF904220549D1F8EC3E23EAA2
S315080417C007033343C1F8EC3E024B5A64ECE700BF07
S315080417D0003000B0002002B800F01803182B0AD015
S315080417E003070AD440F2011310F0100018BF184674
S315080417F0034B986770470020FAE70120F8E700BF13
S31508041800003F00B038B10368044A002B08BF1346EA
S31508041810034A13607047014BFAE700BF3B8E04087E
S315080418202C71002010B4D0E9584122400B4052EAEA
S31508041830030104D003495DF8044B096808475DF8B9
S31508041840044B70472C7100200F2938B505460C4601
S315080418500ED801F071FC01280CD1074A2846536EAC
S3150804186023F00F032343536607F06EFD002038BDAB
S315080418702120FCE70220FAE7003F00B008B50E4B2A
S315080418805A6C12F0A00F01D0002008BD9B6C5B07B0
S315080418900FD40A4BD3F8EC3E23F07F4323F0FF031F
S315080418A03BB1FFF7A7FE0928EED00C3818BF012074
S315080418B0EBE70120E9E700BF000002B8003000B0FA
S315080418C0074A084B30B10221C2F864120422C3F84D
S315080418D0642270470421C2F864120222F7E700BFA3
S315080418E0006001B8005001B870B50D46064620B927
S315080418F01A4B1B68CBB10E2016E001F01DFC01281B
S315080419002AD1174BD6F8F00093F9004007F022FCC9
S31508041910C4F11C04241A641BC4F12B03002BB8BF9E
S315080419205B42232B0CDD212070BD01F10F03002B34
S31508041930B8BF5B42232BF6DC094B19700020F3E78A
S3150804194086F8285008F09CFB054660B201F01CF89E
S31508041950284608F090FBF1E70220E5E7A46A002090
S31508041960F46D002010B5044607F069FC10B1012097
S3150804197001F064FC204601F07DFB04F0F9FB08F055
S315080419807FFB0A4A0121D2F8BC3E044623F0200311
S31508041990C2F8BC3E0222064B08469A60054B5B68B1
S315080419A09847204608F067FB002010BD003000B0B9
S315080419B0001002B81871002008B507F03FFA802213
S315080419C0024B5867024B1A6108BD00BF003F00B0BE
S315080419D0000002B8014B1868704700BFE86C002085
S315080419E037B508F04DFB0123002200240093002399
S315080419F0054619461046019405F012FE052002F024
S31508041A0075FE064B21461C60054B02205B68984709
S31508041A10284608F030FB204603B030BDF06C0020A1
S31508041A20187100202DE9FF4102290D4616469846ED
S31508041A30039004D1FFF7D4FF04B0BDE8F08108F0A1
S31508041A401FFB1E4F04463B683BB1B34205D008F062
S31508041A5012FB002321203B60EEE7194B0022C3F852
S31508041A6000803E60002301264FF000081046194600
S31508041A700196009605F0D4FD124B052083F80080E4
S31508041A8002F034FE43462A46052003A902F04CFE1A
S31508041A900D4B039A1A6008B92046D8E70B4D2B68F4
S31508041AA09847212804D0204608F0E5FA0020C3E721
S31508041AB031466B6802209847F5E700BFF06C0020B2
S31508041AC0EC6C0020F86D0020E86C002018710020EA
S31508041AD0044B5B6E9B044EBF0120034B187800F041
S31508041AE00100704700C001B8F86D002090F827304F
S31508041AF0023B022B05D84B7CDBB1012B1BD0022BF6
S31508041B0015D0D0F868311B0606D5D0F8A4300D2BAD
S31508041B1004D18B8A1A2B10D807F00BBA0F2B03D0D3
S31508041B20102BF6D0112BF7D18B8A1A2BF4D904482B
S31508041B30704704487047044870470448704700BF14
S31508041B4040420F0020A1070048E8010080841E00D7
S31508041B500A78022A11D0101F4242424152004B7899
S31508041B601201022B0BD0191F4B424B415B0005494E
S31508041B70054842EA8312FFF70DBE0122EFE7012367
S31508041B80F5E700BFF0FFFF00813104080B78022B4C
S31508041B9010D0181F434243415B004A78022A0BD0EF
S31508041BA0111F4A424A4152000F21044843EA82025D
S31508041BB0FFF7F0BD0123F0E70122F5E7AD3104088C
S31508041BC0D0F8B03010B5994204460ED0C0F8B0101B
S31508041BD002F0F8F90649A4F840010123054AD1F8A8
S31508041BE0FC1004F5827004F0FFFB002010BD00BF52
S31508041BF0004F00B0A43F00B02DE9F74304460F4652
S31508041C0015461E46FFF73AFE38B3A38A2BB3204679
S31508041C1007F004F878B9754BD3F8EC2E1EB10E20EC
S31508041C2003B0BDE8F08302F03003102BF7D002F0BE
S31508041C30C002402AF3D0DFF8DC8104F099FAD8F818
S31508041C401430D907EBD508F01BFA0646032002F030
S31508041C5051FE20B1304608F00EFA0220E0E7D8F823
S31508041C60142012F00608F5D1304608F004FA5F4B42
S31508041C704FF400612046D3F8EC9ED3F8C46E06F000
S31508041C8067F840B14FF400720121594B08465A646B
S31508041C90424606F08EFE94F825309A0707D5D4F8FE
S31508041CA0A0305B0542BF4FF40022524B5A643946B2
S31508041CB02046FFF769F94D4BC3F8EC9EC3F8C46E8A
S31508041CC00028ADD194F82430980601D4002D4ED0BE
S31508041CD0C5F3400004F050FE022315F4807F1FBFAD
S31508041CE0444A002153644FF03A420BBF404A91617B
S31508041CF05364536305F0BCFE4FF4806315F0040F78
S31508041D0014BF3D4A3D4A3A4E136504232846736474
S31508041D10FFF762FD204607F056F938B14FF4807391
S31508041D2015F0010F16BF334A73645364A90647D5E1
S31508041D304FF6FF72B4F8423093420FD0304A314915
S31508041D40526F100CC2F301120132B3FBF2F308808E
S31508041D50294A2A492C481B0448675367003D18BF7B
S31508041D60012594F8243065F3451384F82430204675
S31508041D7007F065FAF0B1204607F025F9D0B14FF41B
S31508041D800031204605F0E4FF431C03229BB21F489A
S31508041D9001A907F03FFB9DF8042002F00703052B71
S31508041DA09DF8053015D112070DD443F48073184AEB
S31508041DB0C2F8CC30002003B0BDE8F04307F037BBC7
S31508041DC001F07AF9CAE713F0040F09D19DF8063031
S31508041DD0EBE703F03002202A05D113F0010FF4E7EC
S31508041DE04FF48073E3E79DF80630E0E7003000B06F
S31508041DF0002002B8001002B8005001B8006001B80B
S31508041E00004001B84E7100200000FFFF0C0000BA24
S31508041E10003E00B000C001B82DE9F34106468846E5
S31508041E2015461F4608F02CF90446032002F062FD05
S31508041E3038B1204608F01FF90E24204602B0BDE842
S31508041E40F081042002F056FD0028F2D1204608F05D
S31508041E5012F901232A4641463046FFF7CDFE0446C9
S31508041E600028EAD1DFF8C88077B188F80000394637
S31508041E703046FFF7DFFB00284BD198F80030012BDA
S31508041E8008D104F08DFCD8E798F80030002BF4D17B
S31508041E902124D2E72022204B01205A641F4B5B6F72
S31508041EA0B3F5817F22BF80221D4B1A6107F0DBFA46
S31508041EB008F0E6F81B4B06461B6801935BB902F06B
S31508041EC075FD15F0800518D1012002F07BFD284622
S31508041ED004F050FC17E0042002F008FC0023012259
S31508041EE0042001A902F020FC0028E8D104F0A6FD8C
S31508041EF02124304608F0BFF89FE700220A4B012048
S31508041F009A6702F05FFD094B01215B680020984738
S31508041F10EFE7044691E700BF001002B8003F00B09F
S31508041F20000002B8DC6C002000C001B8187100205B
S31508041F30F36D002010B50C4619B107F080F900B10D
S31508041F400434204602F0BCFE024B4042C3F8DC0EC1
S31508041F50002010BD003000B0C38E70B593420C4605
S31508041F6015461CD3036D8B4208BF002408F088F875
S31508041F700646FFF73FFBC31FDBB2022B01D90C2829
S31508041F8003D1084B5B6C9B0304D4012229462046E3
S31508041F9001F0AEFC304608F06EF8002070BD212032
S31508041FA0FCE700BF000002B82DE9F0410B460646DF
S31508041FB0154611B92120BDE8F081002AFAD0032973
S31508041FC005D8002201F006FE03460028F2D01C8834
S31508041FD09A78B4F5804F02F0070180F08480A1F165
S31508041FE0070C1879DF88DCF1000343EB0C03052999
S31508041FF02B7394BF0023C2F30013C2F3801C6B73C4
S31508042000930985F810C003F00203C2F3C00C43EA2F
S315080420100C03C2F34012E8746B74AA74D6F8A030A1
S31508042020AF82D8064BD40639012948D8B6F81280A7
S31508042030F76908F1FF38083C04EA0804395D00200A
S3150804204080290CBF6FF07F013239284B18BF49B27B
S315080420505B6DA973A86096F827300134FF2B04EA50
S3150804206008040BD13B5D5B0103F47E63FF2B9CBF25
S31508042070DB43D8B2D6F8F83003B19847631CE87343
S3150804208003EA0803F95C013303EA0803FA5C01333B
S3150804209003EA080341EA0221FA5C013303EA080366
S315080420A0F85C41EA0241002341EA00616A7C304651
S315080420B004F048FA06232860AB7100207BE7002366
S315080420C00020EB730A4BDA69C2F30723120448BFEC
S315080420D063F0FF035AB212F1800F1CBF323B5AB2A7
S315080420E0AA730346E7E7022065E700BF004000B885
S315080420F000C000B870B506460C468D88FFF7F6FC96
S3150804210096F82720617C042A4FEAC5031DD10129C4
S3150804211098BF0333E0B1B3F5803F19D84FF2244191
S31508042120420901FB03220009B2FBF0F223680020EE
S315080421309B1A084A2360D2F8A82002F01F02A3EBD0
S31508042140C20323600523A37170BD023A012ADFE79F
S315080421500220F9E7003E00B0F8B507460D461446D6
S315080421608BB107F03BF829463846BE8A01F074F964
S31508042170B44228BF3446A4B222462946044801F08C
S31508042180E9FA2046F8BD06F03CFF0646F0E700BF2C
S315080421900C0000BA082310B1024A53647047024A75
S315080421A0FBE700BF001002B8002002B82DE9F74388
S315080421B0DDF828800746894616461D4607F060FF5F
S315080421C00446032002F096FB38B1204607F053FF75
S315080421D00E24204603B0BDE8F083524B20465B69C3
S315080421E013F0060FF2D107F046FF0123324649469B
S315080421F03846FFF701FD04460028EAD1002D7ED0B3
S31508042200B8F1000F7BD0DFF83891D9F80030002BED
S3150804221046DB04224FF43451D9F80000EAF748FFA4
S31508042220E8220021D9F80000EAF76CFF4FF480721F
S315080422303C4B414638469A65FFF7FCF904460028A4
S31508042240C7D1394B1B78012B59D02022374B012093
S315080422505A64374B5B6FB3F5817F22BF8022354BB7
S315080422601A6107F000F907F00BFF334A8046136832
S3150804227013B329682C790B4413600193E3B1042042
S3150804228002F034FA00232246042001A902F04CFA8B
S3150804229090B904F0D3FB2124404607F0ECFE98E7F6
S315080422A001213B20EAF7FCF82046EAF70FFF00284D
S315080422B0C9F80000ADDA8BE702F078FB16F0800067
S315080422C01FD00022174B9A676879431E5842584113
S315080422D0FFF760FF2A792B68012AD7F8141101D170
S315080422E08B4211D35B1A01930320082301A902F038
S315080422F01BFA58B904F0A2FB404607F0BCFE212499
S3150804230067E704F037FADFE70023ECE70B4D2B68A1
S31508042310984721280446BFD1012100206B689847B5
S315080423200024B9E700C001B8F36D0020001002B814
S31508042330003F00B0000002B8DC6C002018710020D1
S3150804234020710020054A12681AB190F82A1119B9A1
S315080423501047084603F014B801487047D46C0020A7
S3150804236000FEFFFF394B2DE9F3471C6801F4007999
S3150804237000F00103174653EA090206460D463FD004
S315080423804FF000088BB30023002201200021CDF86A
S315080423900480CDF8008005F043F941462046FFF74E
S315080423A0D1FF01224FF0FF3A41466086DFF8B0803C
S315080423B0104606F0FEFAD4F8A01094F8270003F0A5
S315080423C085F8D8F8000000F019FAC8F800A0DFF874
S315080423D09480D8F8000000F01FFA94F82430C8F85E
S315080423E000A043F0040384F82430B9F1000F07D0A1
S315080423F00121204607F0EAF825F4007506430D4343
S315080424002B4632462046FFF70DFAFB070FD510492F
S31508042410104A086800211368116001210E4A1170D8
S3150804242003B198470D4B002102205B68984717F0C3
S315080424300E0F08D040F2C7123B21002002B0BDE8B7
S31508042440F047FEF7CBBE02B0BDE8F087A46A0020C9
S31508042450EC6C0020F06C0020F86D00201871002048
S31508042460287100202471002008B558220021064846
S3150804247005F0DFFE1022FF21044805F0DAFE05F018
S31508042480ADFC002008BD00BFF03E00B0343F00B0EC
S3150804249073B5314A3149137809784FF0FF350B4340
S315080424A086211370A0F820116F228221C0F80C210E
S315080424B0C0E944126422C0E9462240F2FF320C23E2
S315080424C082854FF40042002680F83C314FF6FF73AC
S315080424D00446A0F84820224A0386026400F15402FE
S315080424E00265204AC3844263C0F8B05045858563B3
S315080424F080F8286004F000F92046FFF7B5FF0122AA
S31508042500194B2046C3F8382294F92810FFF7ECF93A
S315080425106023164A41F6FF71D3644FF03A421163B9
S315080425201167134A2946D3644022124B20465A643B
S31508042530D4F8A02006F0D8FC0E23002201930093B9
S3150804254040F202231046194605F06AF801F0D6FC53
S31508042550304602B070BD00BFFA6D00203C2705085E
S315080425600700FFFFFFFF4000005001B8004000B815
S31508042570005000B8002002B810B50C46FFF774FFE7
S31508042580CCB1A378082B18D8E278082A15D843EAD8
S31508042590021313F0FF030CBF19466168084AC2F810
S315080425A0F010217882F84411617882F8473182F86C
S315080425B0451105F013FC002010BD2120FCE700BFDF
S315080425C0003E00B0012A10B512D8032B10D803EB2D
S315080425D082020123074C934094F84601DBB221B1E9
S315080425E00343002084F8463110BD20EA0303F8E7C4
S315080425F02120F9E7003E00B0044BD3F8EC3E13F073
S31508042600806F14BF23200020704700BF003000B03D
S315080426100246F8B5B0F8404100F58275FFF7ECFFBD
S315080426200B688E68013304BFD2F80C310B604B6813
S31508042630013304BFD2F818314B60771C3FD1D2F866
S315080426401431CF688B607E1C40D1D2F810610F69B3
S31508042650CE60013704BFD2F804710F614F690137A0
S3150804266004BFD2F808714F618F69013704BFD2F8E5
S315080426701C718F618F6987BBC0F1640408688C611B
S3150804268010B16F2838BF6F20C2F814314B68C2F8EE
S315080426900C01C2F818310B692846C2F804314B6993
S315080426A01149C2F81061C2F81C41C2F80831D1F8C0
S315080426B0FC1007230D4A03F097FE0020F8BD04F129
S315080426C06F031B1AB34238BF3346BAE704F18606CA
S315080426D0361ABE4238BF3E46B9E76F34241ABC429E
S315080426E038BF3C46CAE700BF004F00B0A43F00B05D
S315080426F038B5054C054B417800782568236002F007
S31508042700FFFF00B1256038BDF46C00206C2905086C
S315080427100A4B10B51B68044673B1094B48B101212D
S31508042720084A1A60022003F039FD0020064B1C7083
S3150804273010BD01461860F5E70220F9E7F46C00209D
S31508042740F86C002064290508F96D0020014B1878F7
S31508042750704700BFF96D00204FF40022034B586CF4
S3150804276003F500535A64C0F3C0407047000002B82A
S31508042770024B586900F00100704700BF00C001B859
S3150804278030B56FF040440E4D2040C5F850420D4C0C
S31508042790D2B2C4F850024FF0FF30C5F85402C4F858
S315080427A05412FF21C5F86412C4F864220649074A7C
S315080427B00020C2F8C810A2F58052C2F8C83030BD4D
S315080427C0006001B8005001B80000FFFF00E000B83F
S315080427D090F92430002B0CDA4FF08053064A29B1BD
S315080427E09360A2F58052D36000207047D36093604B
S315080427F0FAE70E20704700BF006001B8431C07D0F3
S315080428006FF0FF02034B10405A62A3F580535862D7
S31508042810704700BF00E000B8431C06D06FF07E4244
S31508042820024BDA63A3F58053D863704700E000B817
S31508042830014B986E704700BF003F00B0014B002063
S3150804284099667047003F00B003282DE9F74F0C46F8
S3150804285091467ED8404B13F800A0404B1E5C404B73
S3150804286013F800B007F00CFC804605F0CBF80746D1
S3150804287040B1002300220193009301200023002184
S3150804288004F0CEFE05F0C6F848B1002300220193F1
S315080428900093002000234FF4004104F0C1FE002EEB
S315080428A04AD0304BDD6C05F008050AEB06002E4BC2
S315080428B023305844DD64C0B201F078FE31465046F0
S315080428C005F0EEF85A463146504605F057F9274BB7
S315080428D0DD649FB14FF0FF35254B1B68D3F8A01074
S315080428E093F8270002F0F2FD22490868FFF786FFED
S315080428F00D6021490868FFF78FFF0D60B9F1000FD5
S3150804290004D01E4B002103205B689847B4B14FF4EA
S3150804291000521B4B1D6F03F50053C5F340351A6768
S31508042920404607F0A8FB00F007FC012808D15DB96A
S31508042930002003B0BDE8F08F3546B6E72546EFE735
S31508042940002CF0D10520F4E74FF400520D4B1A671A
S31508042950EEE72120EDE700BF84290508802905084C
S315080429607C290508004000B8006000B8005000B88B
S31508042970A46A002028710020247100201871002000
S3150804298000C001B800D001B8054AC002136A00F4B1
S31508042990FF2023F4FF23184310620020704700BF6A
S315080429A000C000B8094B08461A6D91020BD4D3F837
S315080429B04021D20708D4D3F8803013F4706F14BFBB
S315080429C00120002070470120704700BF004001B86D
S315080429D0F8B50D46144601F00B0323EA0201494AE9
S315080429E02340D1646F07A2F580520646D36410D5F6
S315080429F00121FFF7D7FF60B105F03AF84FF40073E9
S31508042A0014F0040F14BF404A404A13650422404B8D
S31508042A105A64E90606D514F0100F14BF00221B22C7
S31508042A203C4B5A652A0618D5230611D54FF40012CD
S31508042A30354BDA6407F024FB0E210746032002F01F
S31508042A407FFC40F20122334B3846DA6207F013FB67
S31508042A50214696F8270002F039FDEF0503D5E0056F
S31508042A6038D502F003FDA90503D5A20535D502F02C
S31508042A7009FD15F48C6F18D014F4806232D096F8D8
S31508042A8025309B070CD5328EB6F83631934227D0BB
S31508042A90B6F838319F1A7B427B411F4A82F8D830F0
S31508042AA03046D6F8F010FEF787FF2B0510D504F04C
S31508042AB0DFFF1A4A14F4006FD2F8EC3E14BF43F051
S31508042AC0006323F00063C2F8EC3E0422104B5A64F8
S31508042AD00020F8BD02F0C4FCC5E702F0CDFCC8E747
S31508042AE00123DAE76805DBD596F825309907D7D5A3
S31508042AF0094B114683F8D820094B30461B6898477A
S31508042B00CEE700BF006000B8005001B8006001B805
S31508042B10002002B8004000B8003E00B0003000B003
S31508042B20006D002070B5054690F83C010C460C284B
S31508042B3022D0FF2901D1212070BD1AB14FF0FF32EE
S31508042B400F4B1A6006F077FC064695F83C0101F02F
S31508042B502BFA844228BF0446E4B2B44238BF34464A
S31508042B60E0B285F82B0001F04BFB064A03461078C1
S31508042B7020B9FF2BE0D1DEE70220DDE70020DBE702
S31508042B80307100203C2705087FB51C4B04461B788A
S31508042B900E4615460BB3D0F8EC306BB302AAB3F95C
S31508042BA0123000920022CAF729FB02992046C1F383
S31508042BB0813106F0E0FA70B9BDF90C300299024683
S31508042BC00093C1F30D0103462046FEF771FA294620
S31508042BD0204606F038FC04B070BD02A905F09AFF39
S31508042BE032469DF808102046CAF764FB2A46014671
S31508042BF02046FFF797FFEEE71846ECE73C2705085B
S31508042C00F8B50D4690F83C1104460C29174603D12D
S31508042C102E4B1B78002B51D02A462046A4F8485040
S31508042C20CAF748FBD4F8EC3084F82A00002B41D0C4
S31508042C30274A1678D4F8FC204EB1002A40D1B4F9B4
S31508042C404800B3F91210884206DC002607E0BABB2E
S31508042C5094F84521824202D20126B3F91250002281
S31508042C602946204684F82D70FFF78EFF08BB76B1F7
S31508042C70C4F8EC00204605F016FF4FF6FF73984299
S31508042C80014615D02046BDE8F840FEF77DB9114B3C
S31508042C901B7813F0FD0F0BD1204601F093F90E496A
S31508042CA001230E4AD1F8FC1004F5827003F09CFB4C
S31508042CB00020F8BDFF2384F82B30F9E70220F8E753
S31508042CC0B4F94410B3F912209142BDE73C2705082C
S31508042CD0FA6D002050710020004F00B0A43F00B0E8
S31508042CE0F0B504468FB000F023FCD4F8A8300546A6
S31508042CF0012B00D010B128460FB0F0BD7549204607
S31508042D0006F0F8FBD4F8EC600146258EC4F8F0000A
S31508042D103EB133682BB15B681BB11A68032A00F20B
S31508042D20B58007F0ADF9D4F8F030002B7BD01A68DB
S31508042D30032A78D99F6A7F0E07F09DF9D4F8F01014
S31508042D40B3898DF80E70B0687268EB1A9BB200FBF3
S31508042D5003226148ADF80C3003680292994202D006
S31508042D602046FEF729FE5D4D5D4E00F0E5F9012883
S31508042D70FBD12B6CDB07F8D4736CDF01F5D4D4F8DC
S31508042D80F01020460D919DF80E20029908AB03F029
S31508042D901FF800285AD100F0CFF90128FBD1504A70
S31508042DA04E49536CD801FCD40B6CDB07F9D408A93B
S31508042DB001A803F085F90546002847D1228E494B18
S31508042DC05A6494F8243060F3410384F8243000F0FC
S31508042DD057FCD4F8EC305969431E0E68DBB2FD2B58
S31508042DE0049637D84B680128059343D10126DF1C7E
S31508042DF006D901333C4B5B6859D0DA1C54D8059381
S31508042E00024604A9204600F0D5FB002E7FF473AFD2
S31508042E10D4F8643199053CD494F8243043F0020379
S31508042E2084F8243067E72F4BDB6BC3F3C20213F035
S31508042E30380F03F0070718BF574313F4E07FC3F3AB
S31508042E4082123FF479AF02FB07F775E70225284695
S31508042E500FB0F0BDF71C13D9234B01361B6818BFF6
S31508042E600126DA1C1BD804934B68FF280593BED0A9
S31508042E700020C5E70246204604A900F09BFB3AE772
S31508042E804B68FF280593B1D02A46F4E79F6A7F0E5C
S31508042E9056E720464FF4803106F098FB2BE7FF28C7
S31508042EA04B6813D00593B0E7FF28AED1E0E7DE1CE4
S31508042EB006D80246204604A9059300F07BFBA7E73B
S31508042EC0FF28A5D10022204604A9F6E70120059388
S31508042ED08DE700BFFC4F00B0D86C002000C002B8D4
S31508042EE0000002B8008001B83871002010B5042328
S31508042EF04FF03A4101240A4AD1F81801C2F81831A8
S31508042F00C2F814314C634FF400511163410742BFB0
S31508042F10C2F81431A2F58052C2F8183110BD00BFA8
S31508042F20002000BA2DE9F04104460E4619B990F876
S31508042F30243059065CD4434B434A5B6AA18EC3F3D7
S31508042F40032313704FF6FF739942D4F8F07004D034
S31508042F503E4B1B680BB1204698473D4D2B68BB4238
S31508042F6069D03C4B1B6833B1002F67D0396801B16F
S31508042F70B968204698474FF00708204601F022F81A
S31508042F80002E4DD0344B93F90030C3F11C0317B10E
S31508042F9097F926209B1A06202A4994F928600A6A72
S31508042FA09B1BDB0222F4FF2203F4FF2313430B6269
S31508042FB0D4F8F020294B2A60986701F0CDF9012549
S31508042FC00022274B274920460D7083F8802006F0F7
S31508042FD0BBF9254B5B6C5A0203D4D4F8A0301B0604
S31508042FE003D54FF40012214BDA640020BDE8F081C2
S31508042FF04FF6FF7C66F38613124A80F82430536A28
S31508043000134D1149C3F30323D0F8F0700B702B68E2
S31508043010A0F834C0BB42A4D100F0D4FF4FF0010895
S31508043020134A4346D2F8FC1004F58270A2F65C7281
S3150804303003F0DAF9A6E74FF001089EE73946204679
S31508043040984798E700C000B8F76D0020E46C0020A4
S31508043050D86C0020E06C0020F46D0020006000B8F5
S31508043060003F00B0F66D0020000002B8005001B819
S31508043070004F00B010B50446D0F824210B4B4FF48A
S315080430800061C3F8C02090F82420D20102F400623B
S3150804309004F04AFE94F8243013F0100F4FF400732A
S315080430A014BF034A034A536410BD00BF003E00B070
S315080430B0001002B8002002B838B506F0E1FF4FF652
S315080430C0FF710A4A13888B4203D106F0D4FF0E20F7
S315080430D038BD074C074D1B046567A4F58054636720
S315080430E0118006F0C8FF0020F2E700BF4E710020E9
S315080430F0006001B80000FFFF08B50C4BD3F84C215B
S31508043100531C11D012F080420ED1094B1B681BB117
S3150804311011460320FFF798FB4FF08062054B1A65AA
S3150804312001225A6102229A6208BD00BF0080E00F9C
S31508043130A46A0020001002B80F4BDB68C3F30363CC
S31508043140013B0B2B0FD8DFE803F006060C06060630
S3150804315006080A0808080220704704207047052054
S31508043160704703207047054B5B6913F0060F0CBFC5
S3150804317001200420704700BF000002B800C001B84F
S31508043180094AD368C3F303630B2B08D06FF4905032
S31508043190184100F0010080F0010040007047506CAF
S315080431A010F48030EDD17047000002B80C4AD36899
S315080431B0C3F30363062B07D8042BD8B20BD8C31E54
S315080431C05842584140007047072B06D1D2F8680187
S315080431D00028ECD17047022070470020704700BFD2
S315080431E0000002B8094BDB68C3F303639A1E012A7D
S315080431F08CBF00220122012B02701EBF4FF402620B
S3150804320022FA03F303F001030B707047000002B8B7
S31508043210094AD368C3F30363032B01D0072B08D1E8
S31508043220936CDB0605D4D06C80F00800C0F3C000AC
S3150804323070470020704700BF000002B8024B1B68A5
S3150804324003B11847704700BF0C6D0020024B1B687A
S3150804325003B11847704700BF086D002010B5FF2258
S315080432604FF6FF71044605F0EDFF68B9FF224FF6E5
S31508043270FF71204605F0F7FF30B92046BDE8104037
S31508043280FF22024906F002B810BD00BF90290508BE
S3150804329010B55B0743EA02439DF8082043EAC16375
S315080432A0520502F0BC621A43064942F4C87204463F
S315080432B004F03AFD002220461146FEF74DFE002092
S315080432C010BD00BF9007E12D37B50C4605460B4BDC
S315080432D01A680B4B19680B4B186801F055FE94F8DD
S315080432E028302846009394F82B3094F8292094F82B
S315080432F02A10FFF7CDFF03B030BD00BF9C6D002038
S31508043300986D0020A06D002008B5FFF781FF88B1ED
S31508043310094BDA6912030DD5586C10F4003009D13B
S31508043320DB6C13F0100F4FF010030CBF034A044A6A
S31508043330D36408BD0220FCE7000002B8001002B8F6
S31508043340002002B838B50546FFF762FF98B10B4B63
S315080433505C6C14F400340ED10220094B094A1B682C
S315080433601B6DD0642246AB4214BF2846002000F0E9
S31508043370BFFA204638BD0224FBE700BF000002B8A6
S31508043380A46A0020001002B838B54B1E012B054666
S315080433900C4616D8022915BF002201220221002153
S315080433A00A480A430A4B0B49FFF7EAF9003C18BFD7
S315080433B0012495F82430002064F3C71385F82430D3
S315080433C038BD002204481146EBE700BF91D106191F
S315080433D00000E2EC9E0C4B5490D1061904292DE901
S315080433E0F04104460F462ED84E1EF6B2032E8BBF66
S315080433F00025164BA84613F806809CBF144B9D5D02
S3150804340005F01DFF80B94FF000084FF46032002024
S31508043410104B6D045A6245EAC835A3F580535D62BC
S3150804342084F82E70BDE8F0812046FFF701FA80B2D1
S315080434308428E8D8022EE8D894F824102046C90926
S31508043440FFF7A2FFE1E72120ECE700BF8C29050876
S315080434508829050800E000B810B590F82700FF2869
S3150804346014D0304BD3F8A02012F0060F01D001284F
S315080434700DD94FF470622C4BDA604FF48072A3F5C1
S315080434808053DA600022274BC3F89C2010BD02F053
S31508043490020412F0040202D00B789B0637D4002CDF
S315080434A039D00B7803F00F03072B34D14B78022B52
S315080434B031D98B7813F03E0F2DD0CC7814F0040F45
S315080434C029D014F0010F0CBF04230A23A40748BF0C
S315080434D00633CB5CFBB1002A14BF02220122012861
S315080434E040F6FF7003F01F0108BF4900013940EA9E
S315080434F001310E4801654FF470600B491202C86029
S31508043500A1F58051CA60074AC2F89C30BEE7002C70
S31508043510C7D18B7823B90023044A13650122EAE745
S315080435200222DCE7003E00B0006000B8004000B8A4
S3150804353010B590F82710012903D8174BD3F89830FB
S315080435400BB1002010BD028E272A22D8134B14482B
S315080435501B68834219D031241248181A434243413E
S315080435605B000D48A0F8B24050246343282404FBAA
S3150804357001330D491944895CFA31A0F8B8100B498E
S315080435800B449A5C0A4B1A70DBE76FF003040123B9
S31508043590E7E70E20D6E700BF003E00B0346D0020F2
S315080435A000F04902005A6202D0660508E06505087B
S315080435B01A6E002010B5124B0C68C3F87842C3F88B
S315080435C07C42C8B1D0F8EC30B3B15B69A3B1501EE4
S315080435D0C0B2FD2812D9013404BF6FF00100086097
S315080435E00868FF2A186007D14A68013202D16FF0C9
S315080435F001024A604A685A60002010BD012AF2E7AF
S31508043600004001B8F0B585B06D460E460F4B074627
S3150804361014460FCB85E80F000D4BD3F848020090EB
S31508043620D3F84C2201923EB1631EDBB2FD2B0AD9B4
S315080436303060FF2C00D17260224629463846FFF7CF
S31508043640B9FF05B0F0BD012CF4E700BF98290508B9
S315080436500080E00FFF2818BFC3434FF0180108BFC6
S315080436601023064A18BFDB00C2F8FC1318BF03F080
S315080436700803A2F58052C2F8FC337047002002B84A
S31508043680024BD3F8F807C0F3C0407047000002B8ED
S315080436904FF03A43D3F81421D2031ED54FF480329F
S315080436A00E49C1F81421A1F58051C1F818215A6DA3
S315080436B0D1B2C2F30722C3F8A410C3F8A420042283
S315080436C0C3F8A4200022C3F8A420C3F8A420C3F88E
S315080436D0A420C3F8A420C3F8A4207047002000BA85
S315080436E0F0220B4B01219A64A022A3F580539A6415
S315080436F04FF03A43026DC3F8F410FC21C3F8CC101A
S31508043700C3F8D0204FF40052C3F8F020704700BF26
S31508043710006000B8F8B54FF03A440D461746064619
S3150804372006F0AEFC012304226363084BE7602661B6
S315080437306561C3F814214FF40042054BC3F884218C
S3150804374006F099FC0DB102236363F8BD002000BAA4
S3150804375000E100E02DE9F04105460124006800F087
S315080437600700063004FA00F3A868EC685E1EA04257
S3150804377000F0928000EA06076C6810441E4306406F
S31508043780D81B07EB040C8242644638D9D31AFA18B4
S31508043790A0B3431E062B74D941EA0C039B0770D1C8
S315080437A04B1CACEB0303022B6BD90B4620F0030E20
S315080437B08E44ACEB01071C68DC5104339E45FAD1F0
S315080437C020F0030310F0030F01EB030EA0EB030430
S315080437D00CEB030700F0888011F80380012C0CF821
S315080437E0038000F081809EF80130022C7B7018BF9C
S315080437F09EF80230084418BFBB7001466C685AB379
S31508043800531E062B01F101032FD9E01A02282CD9DD
S3150804381041EA0400800728D1234622F0030CA44475
S31508043820081F50F8047F43F8047B6345F9D122F056
S315080438300303D01A920701EB030C04EB03070BD01E
S31508043840CA5C0128E25407D09CF8013002287B7030
S3150804385002D09CF80230BB7006F012FC0223AE605C
S31508043860AB62BDE8F04106F006BC0A4404F1FF3C2D
S3150804387000E0013313F8011C93420CF8011FF8D138
S31508043880EAE70B460844ACEB0107D91913F8014BD0
S3150804389083420C70F9D1B0E7042A0DD90878043AA2
S315080438A0A86148780431A86111F8020CA86111F8D6
S315080438B0010CA861A8685DE7013A032A12D8DFE873
S315080438C002F00F1507020B4613F8012B1946AA61D5
S315080438D00A4612F8013BAB61114611F8013BAB618C
S315080438E00B78AB61BDE8F081084486E70A46F3E73E
S315080438F038B50B46154601464FF03A4468B10122DD
S315080439001048C4F8F4201A46FFF724FF25B14FF0EF
S315080439103A430422C3F8F42038BD73B1D4F8D82046
S315080439209A4284BF0122C4F8F4204FF03A42C2F8FE
S31508043930D4300223C2F8F430E8E70123C4F8F4309B
S31508043940E4E700BFCC0000BA38B5044606F098FB95
S315080439504FF03A420121A38F054651674BB3B3FA98
S3150804396083F3C3F11903DBB2A069C2F8B410C2F831
S315080439708C300723C2F89000C2F8B0304FF4A02365
S3150804398002F50052C2F81431A2F58052C2F8183171
S3150804399000220D4B1A600D4B5B6C5B0209D54FF484
S315080439A080020B4B5A64D4F8A01094F8270001F04F
S315080439B08DFD0023E38707232846A4F84030BDE895
S315080439C0384006F058BB00BF106D0020000002B84E
S315080439D0002002B82DE9F84305460C46B1B1D0F8E3
S315080439E01880878F06F04CFBB5F83EC0791E01EAAD
S315080439F00C0323F00702032C0646DFF800E14244D1
S31508043A0061D1DEF8004024B906F035FB0E20BDE886
S31508043A10F88324F00104DEF8000020F00100A04237
S31508043A2056D10023CEF80030238894426FEA4343E4
S31508043A306FEA5343238041D1B5F8403008EB0709B0
S31508043A401846083880B202F108044C4528BF444693
S31508043A50082804D9B4F800E0BEF5804F43D263447D
S31508043A600F431B1A3B409BB2EB87A5F8400094789A
S31508043A7011884FF03A42C1F30C019165C2F89830A7
S31508043A80C2F8B0004FF48022184B04F00704C3F8B8
S31508043A9014214FF40042164BC3F88421FFF7F8FDAE
S31508043AA0042C0BD14FF48002124B5B6C124B5A64F4
S31508043AB0D5F8A01095F8270001F008FD304606F061
S31508043AC0DAFA0020A3E7601E012898BF1446A2E785
S31508043AD0B5F840004344E31A48BFDB19083898424E
S31508043AE0A2DC304690E72246ABE700BF002000BAC6
S31508043AF000E100E0000002B8002002B8106D0020C2
S31508043B00164B10B51968B1F84020CB8F888F13442B
S31508043B100138073B8C69034023F007031C4402F170
S31508043B2008034FF03A429BB2A1F84030C2F8B030CD
S31508043B304FF480220A4BC3F814214FF40042094B70
S31508043B40C3F88421A07800F00700042803D1064AA4
S31508043B50D3681B03FCD4054B1C6010BDA46A002063
S31508043B60002000BA00E100E0000002B8106D002051
S31508043B7010B5064C216839B1CB0703D4044B186831
S31508043B80FFF728FF0023236010BD00BF106D002037
S31508043B90A46A00204FF480320C4B0D49C3F818214F
S31508043BA04FF03A43C1F81421D3F8AC10D3F88C205B
S31508043BB0012302F0070206329340C1F30C01083BC5
S31508043BC0994201D8FFF764BD704700BF002000BAC8
S31508043BD0001000BA2DE9F04780460C461646876958
S31508043BE0858F06F04DFAB8F83E2005F1FF3C02EA47
S31508043BF00C0323F00701032C82463944B8F8400025
S31508043C0019D14A4C24689CB90244073A02EA0C02C0
S31508043C1022F00702BC183B44E31A48BF5B198342E7
S31508043C2010DB504606F027FA00242046BDE8F08744
S31508043C3024F00104EFE7012C02D0022CEBD108385A
S31508043C400C46E8E7002E3FD08C4241D14FF03A4269
S31508043C50D2F858904FF03A41D1F8AC20B8F812701F
S31508043C60C2F30C02934247DA2588B5F5804FD8D2B9
S31508043C70A378C5F30C0503F007037A1EA5EB09051B
S31508043C803A43052B337005EA02052DD82DB2E843CD
S31508043C9040F245420421C00FFDF7A0FA7580E37887
S31508043CA03374D8F81C207B1E03EA0903D118B160C3
S31508043CB0A9B213FA85F5AF422FBF0023FF1AB780BE
S31508043CC0F26024BFB180F360504606F0D4F9ACE73D
S31508043CD0A4F10802974284BFED0802EBC502B2F8C4
S31508043CE00090C9F30C09B5E7114B5B6D003B18BF8F
S31508043CF00123A5EBC305C9E74B6D7A1EA3EB09039C
S31508043D003A431A400B4915B2002DCB680BDCC3F3B2
S31508043D100363D81E43424341DB003370CB6C728085
S31508043D201B0A3374BDE70823F7E700BF106D0020AC
S31508043D30004000B8000002B8134B70B51E684FF077
S31508043D403A43748ADD6D621E5B6DADB292B242EA85
S31508043D5004015B1B0B40191E18BF0121C900017021
S31508043D600A492A40C96C4380090A0174F169D618BC
S31508043D70A64201EB0205D2BF0021A31A9BB28560B5
S31508043D808380C160002070BDA46A0020000002B8C8
S31508043D90054BA822D3F84C013121431C0CBF012042
S31508043DA0C0F38070FDF71ABA0080E00F10B50F4B08
S31508043DB01C78ACB90E4BD3F8F8375B0309D490B129
S31508043DC00F23441EB4FBF3F410300444E4B2204633
S31508043DD010BD40F648023F212046FDF7FFF9F6E7F5
S31508043DE00001C4B2F3E71024F1E700BF50710020C4
S31508043DF0000002B8014B588000207047507100201B
S31508043E0038B5284D0446297819B92022264804F0DD
S31508043E1010FA2378254A264913704FF2F002C1F89E
S31508043E20C821244A4BBBA1F50051D1F8F81711F45F
S31508043E30002F4FF0FF011CBF1F48C0F8DC3011707B
S31508043E404FF040731A4AC2F834311C4BD3F8F8378A
S31508043E5013F480230BD14FF47F01C2F830111849AB
S31508043E60C1F8303148F2C801164BC3F8F4100723D9
S31508043E70C2F8FC330122124B0DE000240E48022B33
S31508043E80C0F8DC404FF0FF001070D9D10723042294
S31508043E90C1F8FC330A4BC3F8FC23012300202B701A
S31508043EA038BD00BFFB6D0020E03F00B05071002014
S31508043EB0002002B85A710020004001B8000002B878
S31508043EC0001002B8003F00B010B5044601F02CF902
S31508043ED0094BD3F8F80734B900F44020B0F540206C
S31508043EE018BF012010BD022C0ABF80F40030002040
S31508043EF0C0F34040F6E700BF000002B82049D1F8F5
S31508043F00FC37FF2B31D01F48C3F303120270D1F8D4
S31508043F10F81703F00F0309035BBFC2EB02120F3B4A
S31508043F2002F1FF32D2184ABF03EB0213D3B2DBB253
S31508043F30154A164913700978154B1A68E9B1B2F18E
S31508043F40A06F1AD3D3F85012124A134BB1F1FF3F9C
S31508043F5018BF1346114A136041F66A02104B1B68D0
S31508043F60B3FBF2F30F4A13607047D1F8F83713F42A
S31508043F70002F0CBFB4235A23DAE7074BEAE700BF3E
S31508043F80000002B85B710020FD6D00205971002005
S31508043F900080E00F5082E00FA8290508146D002060
S31508043FA0346D0020186D002020B1022804D1034B7B
S31508043FB018787047024BFBE7002070475B710020B6
S31508043FC0FD6D00202DE9F74FD0F8B0404C22022CA5
S31508043FD038BF02247B49013CCB6CD1F8DC507A49C2
S31508043FE0C3F38213DA400B680646A34290F83C7181
S31508043FF0764BDFF800A2DFF80092DFF8008202F0C1
S31508044000010216D11878904213D19AF80000B842E2
S315080440100FD1D6F8B40060B1A8420AD196F82B504D
S3150804402099F80000854204D1B8F8040003B0BDE845
S31508044030F08F98F800001A700C60FFF7B5FF034676
S31508044040002A00F0918004234FF07F41604AC2F8A9
S31508044050BC30604BC3F8BC1096F82B301B06C2F86C
S31508044060BC30002040F271225B4B19211B68B3FB5C
S31508044070F2F36343182BB3FBF1F14FEA004400F261
S315080440809380002C00F09B80B4FA84F2C2F12002DB
S31508044090C2F10F03012B38BF0123D440A14201D238
S315080440A0013B6408421C03F01F0152008A40121B9C
S315080440B0DFF838B19208CBF8B0201A0242EA0312A4
S315080440C01343019300EB002300EB0325434B40F60F
S315080440D0C20218682B21003818BF0120FDF77EF8A4
S315080440E0FA223E4B02FB04F01B6840F6FF72B0FB53
S315080440F0F3F00A2358433A4B00F57A74C3F8D820E8
S31508044100019AA3F58053C3F8D820364AA3F58053F9
S31508044110C3F8DC50D2F8F827520308D4D3F8DC30B5
S3150804412003F47F02C3F303531343CBF8FC30C6F8F6
S31508044130B4502D4D00F6B8302C6002F0DFF84FF479
S315080441407A722A4BC3F8A400C3F8F8002B68B4FBA8
S31508044150F2F0B3FBF2F3A8F8043096F82B308AF899
S31508044160007089F8003061E796F82B00984228BF5A
S315080441701846C0B22FB1022F7FF473AFFFF716FEAD
S3150804418070E7184BD3F8F8371903F7D450B10F234F
S315080441900138B0FBF3F00130154B1B68034413F8E0
S315080441A0010C5FE70120F7E7B1FA81F23CB1B4FAF2
S315080441B084F3D21A002A3FF76BAF0F236EE70F2357
S315080441C070E700BF004001B830710020FC6D002084
S315080441D0001002B8002002B8346D0020186D0020C3
S315080441E0006001B8000002B81C6D0020003F00B052
S315080441F0146D00205871002057710020507100205A
S3150804420038B5254B05461A78244C0C2A02D1FF20CA
S31508044210207038BD104605F00EF901461046FFF722
S31508044220C3FEA84228BF2846C0B2884238BF0846FB
S315080442302378C0B28342ECD020703ABB184BD3F82B
S31508044240F83713F4002321D14FF2F001154AC2F8C6
S31508044250C811C8B10F230138C0B2B0FBF3F3591C17
S31508044260C3EB0313C01A431C0D4A1B01D2F8C80139
S3150804427043EA01330343C2F8C831D2F8C8210A4BCA
S31508044280C3F8FC202078C4E70121EDE7074B18683A
S31508044290FFF798FEF6E700BF507100205A71002018
S315080442A0000002B8002002B8003F00B0A46A00204B
S315080442B0014B1870704700BF5971002010B50446A9
S315080442C0FCF70CFC78B1154B1B786BB964B1144B2D
S315080442D01B784BB1134B1B78013B012B04D84FF4C5
S315080442E00042114B1A6510BD104B1B6D1B04FAD402
S315080442F005F0C6FE044603F0BBFB4FF400420C4B24
S315080443002046BDE810401A6502220A4BC3F8142554
S315080443100422054B5A6405F0AEBE00BFFE6D0020AC
S31508044320FF6D0020206D0020002002B8000002B8AE
S31508044330001002B800D003500122024B00201A7064
S31508044340FFF7BCBFFE6D00200022024B01201A7045
S31508044350FFF7B4BFFE6D0020054BD3F8843013F085
S31508044360030F4FF4802314BF024A034A9364704729
S31508044370004000B8005000B8006000B8F7B506461B
S31508044380534C00F0D1FE01213A20E8F789F8514B45
S315080443902578514F1E7085BB2846FFF78FFF237873
S315080443A0013B012B19D8E37B01A88DF80430237C43
S315080443B08DF80530E6F77EFBC7F814554FF6FF72FD
S315080443C0464BC3F88420F822A3F58053C3F8842007
S315080443D00022414BC3F814250DE04FF6FF723F4BFC
S315080443E0C7F81455C3F88420F822A3F58053C3F8F4
S315080443F08420C7F814553A4B5BE00020FFF75EFFAC
S315080444002378013B012B08D8E37B01A88DF80430F7
S31508044410237C8DF80530E6F74DFB0023C7F81435E1
S31508044420002ECBD062685AB32E4B1B6803EB52039B
S31508044430B3FBF2F3013B1B0243F0F8032678274942
S31508044440022E294A1ED0032E4FF6FF75224826D07F
S31508044450012E36D143F00203C1F88450C2F88430E1
S315080444600723C0F81435E37B01A88DF80430237CB0
S315080444708DF80530E6F714FB0120FFF71FFF17E058
S31508044480F823DBE74FF6FF7043F00103C1F8840015
S31508044490C2F884300622104BC3F81425E3E743F028
S315080444A00503C1F88450C2F884300423C0F81435CF
S315080444B00E4B4FF080421A650020FFF74DFF03B0FC
S315080444C0F0BDC1F88450C2F884300023EEE700BF7B
S315080444D0206D0020FF6D002000C00350006000B866
S315080444E0002002B8346D0020005000B8001002B84D
S315080444F0F0B52B4F06463D4604460FCE0FC5336826
S3150804450085B02B6000F010FE01213A20E7F7C8FFBA
S315080445100022244BC3F81425A17A627A42EA01429E
S31508044520C3F82025217CE27B42EA0142C3F81C2514
S31508044530217B627B41EA0240C3F818053B78032BCA
S315080445402AD8DFE803F022020C178DF80410042198
S315080445508DF805200DEB01000022E7F745FFE37B04
S3150804456000228DF80830237C042102A88DF809302E
S31508044570E7F73AFF637A01228DF80C30A37A04210F
S3150804458003A88DF80D30E7F72FFF074B187805B009
S31508044590BDE8F040FFF7F2BE212005B0F0BD00BF2C
S315080445A0206D002000C00350FF6D0020034B1B6DD7
S315080445B0002BBCBF024BC3F888007047000002B842
S315080445C0004000B82DE9F04700F008FE4FF47A766B
S315080445D02D4BB0FBF6F618604FF4FA73734307468F
S315080445E02A48190E1B021818294A4FF0000341F1EC
S315080445F0000103F02DFC274BA0F5807205461A63CB
S3150804460020B94A222B21FCF7E9FD01254FF47A72D9
S315080446104FF0000A6A4353465008310203F018FC67
S315080446201C4B1D4AB7F57A7F9A601C4B4FEA0568FE
S3150804463019601B4B8946044618604FEA152505D2AE
S315080446409D222B215046FCF7C9FD01264FF47A73A7
S31508044650A8FB030103FB05117308C01841F1000107
S315080446600023324603F0F4FB0E4B023419600E4B5A
S3150804467049F10009A408186044EA8974054B013C09
S315080446809C63BDE8F08700BF346D002020A10700B5
S3150804469040420F0000C001B802110100486D002015
S315080446A0446D0020406D00203C6D00204FF400222C
S315080446B0034BC3F884215A600122024BDA6070471F
S315080446C000E100E000C001B810B50446A242A2EB1E
S315080446D00000A3EB010104D2034B01399B6B0133A0
S315080446E0184401F0030110BD00C001B838B501250E
S315080446F00A4B02019D504FF480730446084A8340CE
S31508044700536605F0BDFC074AA540137823EA05035A
S315080447101370BDE8384005F0AEBC00BF00E101B82F
S3150804472000E001B8096E00202DE9F84F1646054643
S315080447308A461F4605F0A4FC022E00F091808046A6
S3150804474005F093FC604B614AD3F8209092F87940BF
S315080447505A6EE4B2520744BFD3F82090013404F0E9
S31508044760030405F07DFC4846214600F097FA844682
S31508044770DAF80000012E04BF01306044ACEB000CEB
S3150804478008BFCAF80000BCF1804F7DD300F098FA40
S315080447908145A1EB040188BF4B4BDFF854C188BFA0
S315080447A001F1FF3101F0030188BF9B6BA0EB090EF1
S315080447B00CF80510A1B1F90742BF41F61F72444B24
S315080447C05A67BA0742BF424B424A5A677B0742BFF7
S315080447D000223D4B9A673C0742BF00223A4B9A6532
S315080447E011244FF0010A384B05F11002120103EBAC
S315080447F0051BCBF80C0138499C501A6A0AFA05F4C9
S31508044800586E0B78A2EB0902E4B2234372450B7087
S3150804481025D34FF48073AB40034220D11CF80520FE
S31508044820002A4CD10EB32D4AF807536607D541F62C
S315080448301F7140F20110264B596750675967B9072B
S3150804484006D5234B234A254925485A6748675A6794
S315080448507A0742BF0122234B1A613B071AD4404602
S3150804486005F009FC0120BDE8F88F1F4A2D0142F81E
S3150804487005A042F89C3C05F003FC17490B7823EA8B
S3150804488004030B7005F0F7FB404605F0F4FB002023
S31508044890BDE8F88F2120FFF789FE4FF480310A4AD4
S315080448A0124BD1601A78002AD9D000222D201A700A
S315080448B0FFF77CFE1022094B40465A66D0E7074AA2
S315080448C040465366CCE700BF00C001B8003E00B0BE
S315080448D000E001B800001F1F096E002000D001B8CF
S315080448E000000101000002B800E101B8006E0020D2
S315080448F0016E0020034B10300001185800F0010027
S31508044900704700BF00C001B82DE9F0419DF8188032
S315080449100D46B8F1000F08BF0022214EB5F5803FB9
S31508044920B168074621F4700141F4A001B1609DF80D
S3150804493020409DF81C104FEA042444EA016444EA22
S31508044940031444EA084444EA02044FF018014FF4F5
S3150804495036722CBF002001207465FCF73FFC3564D1
S31508044960B8F1000F1AD00F4BBC68D3F8B8306F2CC7
S3150804497038BF6F245B0606D500F0F4FC18B10A4B61
S31508044980B3FBF0F31C44204600F09AF90130854243
S3150804499038BF0022024B34BF5A645864BDE8F0811C
S315080449A000C001B800C000B800093D00034B044A22
S315080449B05A6741F201429A67704700BF00C001B8BE
S315080449C0011B011810B504462120FFF7EFFD1CB1A1
S315080449D04FF48032064BDA60064B1A783AB1002255
S315080449E02D201A70FFF7E2FD1022034B5A6610BDFC
S315080449F000C001B8006E002000D001B82DE9F041CE
S31508044A001C4D0446EB6BDB012DD500F00BFD064669
S31508044A10A0FB0447E86B4FEA1028050C10F0FF00CA
S31508044A2005D140F227422B21FCF7D8FB0120EDB231
S31508044A30AD01B5FBF0F55FFA88F815EB881506D1D4
S31508044A40284640F22C422B21FCF7C8FB01252A46AE
S31508044A5000232046394603F0FBF9B6FBF5F5064A6A
S31508044A601560BDE8F08100F07DFC0546A0FB040155
S31508044A70F5E700BF00C000B8386D002002460120E3
S31508044A8030B50B4CA0F12003C0F1200524FA05F536
S31508044A9004FA03F32B4304FA00F595428B4100D339
S31508044AA030BD0F2801D00130ECE7FF20F8E700BF3E
S31508044AB040420F0038B505F0D8FA084B084A1D6A73
S31508044AC092F879405A6EE4B2520744BF1D6A01341B
S31508044AD005F0C6FA284604F0030138BD00C001B83B
S31508044AE0003E00B000232DE9F74FDFF88CB1574F8D
S31508044AF08BF80030564B01911B680446B7FBF3F359
S31508044B00009305F0BDFA534E8046D6F860A001F02E
S31508044B10EBFD336C05460A2B40F28A804FF0FF33CF
S31508044B20726D02F00F0293403AEA03030CBF4FF08A
S31508044B3001094FF000091027464B20205E6CFFF749
S31508044B4035FD454A976085B1002200200821FDF706
S31508044B5009FC424A5766A2F58052176716B1B9F19D
S31508044B60000F02D080223E4B1A6102F007FC4FF474
S31508044B70801233263B4B3A4FC3F88421F96801F077
S31508044B807061B1F1807F03D8731E13F0FF0652D10A
S31508044B902DB1B9F1000F02D001238BF800302D4B4B
S31508044BA04046C3F860A005F066FA4FF033082E4D68
S31508044BB0EB6813F4603F04D108F1FF3818F0FF08D6
S31508044BC03DD1012300982B6504F04DFC05F058FAF5
S31508044BD0072C214628BF07210F276B6A621E23F478
S31508044BE0706343EA0223AA6A22F0E05242EA816227
S31508044BF01E49C1F8B8701E4944F010070978A14245
S31508044C001C492BBFAA62C1F8B870C1F8B8706B62A8
S31508044C102CBF6B62AA6205F02EFA134B5B6ADBB2F1
S31508044C20802B10D0019803B0BDE8F04F00F030BCDB
S31508044C304FF001097FE70A2004F015FC9EE70A20D5
S31508044C4004F011FCB4E703B0BDE8F08F40420F004E
S31508044C50386D002000C001B8001002B800E001B8A1
S31508044C60000002B800E100E000C000B800E000B8A7
S31508044C70F76D002000D000B8006E00200346064AEF
S31508044C80103302EB00111B01D1F80C01D158C1F302
S31508044C90400104F0F3BB00BF00C001B8064B1B6813
S31508044CA0434303EB8171054B1B68A3FB003013F1E7
S31508044CB0004341EB00007047406D00203C6D002026
S31508044CC00C4A20F04043014610B5002014684FF002
S31508044CD00042E4FB0320084A890F126802FB03001A
S31508044CE0064B9B6B984204D901330131C01A01F073
S31508044CF0030110BD446D0020486D002000C001B8B2
S31508044D00044B01F0F071103041F003010001195011
S31508044D10704700BF00C001B808B52220FFF746FC5B
S31508044D204FF48022014BDA6008BD00BF00C001B809
S31508044D3040B1836833B10649C268096803F1304350
S31508044D40032A00D8704743F8041B043AF8E700BF5F
S31508044D507C6D002070B51646054600B3F9B1F2B16C
S31508044D604268104B006803321B68920800F1304011
S31508044D709847044688B9EA68A8680332314692080F
S31508044D8000F1304004F09AFB044630B928692146FC
S31508044D906A6900F1304003F04CFA204670BD2124BC
S31508044DA0FBE700BF347100202DE9F04705460E469F
S31508044DB01446DFF88480DFF884901E4F88B01CB947
S31508044DC0204608B0BDE8F087B4F5006F4FF010022E
S31508044DD04FF000016846A24628BF4FF4006A03F064
S31508044DE028FA08238DF800300AF1FF339BB2009A9B
S31508044DF01B0143F0036302EA090203EA08031343A7
S31508044E00102200210DEB0200CDE90036029503F0CD
S31508044E1010FA6A46387804A9E8F78AF8A4EB0A046B
S31508044E2006EB8A0605EB8A053878E8F7DFF80028E2
S31508044E30FAD0C4E75C710020F07F300C0F80CFF302
S31508044E4070B50C68651C15D0C4F302669E42C4F39B
S31508044E50074530D1A4B294422DD804EB8506B24254
S31508044E6029D2141BA50824F003040E59340F04D0C0
S31508044E70012C08D00022212402E06B1C51F82320BF
S31508044E80C0E9002470BD0E4C34F8133042EA0343DB
S31508044E901A686B1C51F8234001EB83014B682240C6
S31508044EA05E4036F0704404D11B0F032B04BF8B6895
S31508044EB01A430024E4E7013501EB8501C1E700BF85
S31508044EC0BC29050807B501A8E8F738F9264B274988
S31508044ED0D3F86022D2B2FF2A1DBFD1F87801130293
S31508044EE043EA0213D1F878311CBF20F47F621343D6
S31508044EF0C1F8F8330C20E7F7F1FF01213F20E7F763
S31508044F00CFFA4FF000421A4B42F201015A60C82206
S31508044F10184B5A654FF4C02203F51043C3F86821A9
S31508044F204FF48032C3F86C21134AC2F8701202F5A2
S31508044F302042D2F8F827120308D44FF470610F4AB6
S31508044F40C2F8A0104FF42062C3F8A02001220C4B2B
S31508044F50C3F8002403F53043D3F86821094B1A60D3
S31508044F6003B05DF804FB00BF0080E00F000002B840
S31508044F7000900950008001B8006001B8002002B80A
S31508044F80005001B8046D0020836810B4074C03F17F
S31508044F90304324681B689C4203D15DF8044BFFF731
S31508044FA0D9BE00205DF8044B704700BF7C6D002015
S31508044FB010B5044605F064F8064B074A1C70074BFF
S31508044FC0FF2C08BF1346064A136005F054F8002060
S31508044FD010BD00BF5C710020BD940408A94D0408E7
S31508044FE034710020134B1B78002B20D0124B134A24
S31508044FF000201A60124B134A1A60134B134A1A609C
S31508045000134B1A68134B1A60134B144A1A60144B41
S31508045010144A1A60144B154A1A60154B154A1A6035
S31508045020154B164A1A60164B164A1A607047022020
S31508045030704700BF0A6E0020886D0020B432050848
S31508045040806D0020182A0508846D0020382A050872
S31508045050487100207C6D0020A06D0020002A0508F8
S31508045060986D0020BC2D05089C6D0020342A05087F
S31508045070946D0020E82905088C6D00203C2A050853
S31508045080906D0020302A05080022012138B51E4BF0
S315080450905A649A64DA641D4A516102219162DA6893
S315080450A0C2F303620D2A01D0002AF8D11122012481
S315080450B0174DDA634FF0FF302C70C8F701F9002357
S315080450C02B70144D40F2D15228685421C01A18BFC7
S315080450D00120FCF783F8104B28681A680F4B1968E7
S315080450E0FFF738FE01F068FA0D4B1868FFF720FE43
S315080450F00C4B1868FFF71CFE4FF08062034B5A618D
S3150804510003F580535C6138BD000002B8001002B88C
S315080451100A6E0020806D0020846D0020886D0020B2
S31508045120A06D0020946D002001230D4A0D49C2F894
S31508045130803291660C4A53600C4A53600C4A536099
S31508045140A2F580425360A2F54042536002F5C0328C
S31508045150536002F580425360A2F5004253607047DB
S3150804516000900050FF0B001600D000B8001000BADB
S31508045170005001B810B50324FFF7D6FF114A124BA5
S315080451801A65FFF79FFE114BC3F8104100F068F942
S3150804519000F0EEFF4FF460720D4B5A614FF4007243
S315080451A01A65FEF76DFA0021FEF754FA4FF48002E9
S315080451B0084B1C64A3F580535C64074BC3F884212D
S315080451C05A6010BD0048F000000002B8005001B84B
S315080451D0001002B800E0095000E100E008B504F048
S315080451E043FB044B1B6FC3F300430133B0FBF3F0DB
S315080451F008BD00BF0080005070B5044698B1B1B12F
S315080452003A4A52F8043B834213D10023384A116CB4
S31508045210C907FCD4374800EB830004F058F9364B29
S31508045220106001221A6470BD01330C2B02D1334D70
S315080452302CE0012352F8041BA142F5D1304A32F876
S315080452401330E3E7C2F3016335F81300110C93B284
S3150804525011F0FE0F43EA0043606820D00434CAB252
S31508045260022A216808D96668A068033AC3E90016C1
S3150804527098600C340C33F3E704D16268C3E900126E
S31508045280083403E0012A01D1043419602268531C46
S31508045290D8D10022164B1A6003F58053C1E7120FC2
S315080452A0072AEDD8DFE802F00704090D1013181DC4
S315080452B0C04303F500531860E2E71A6842401A60CF
S315080452C0DEE703F58053F6E704F0CDF8D8E70122C4
S315080452D003F580538240F2E7012203F50053824026
S315080452E0EDE71A6830EA0202FBD1C9E74C6D0020E3
S315080452F000C002B8404000B000D002B8BC29050876
S31508045300D46D00200B4B1B68D3F8F03023B11A6810
S31508045310022A01D9186A7047074B9A6E90B238B1B7
S31508045320064BC2F307421B68DB085343B3FBF0F092
S31508045330704700BFA46A0020004001B8346D0020FD
S31508045340064BDB68C3F30363984206D1044A536EDB
S3150804535023F0F00343EA011151667047000002B8CE
S31508045360003F00B0054B1B68D3F8F03013B11A6838
S315080453700A2A01D8FFF7C6BF186C7047A46A00202A
S315080453802DE9F743064604F067F800248046DFF85B
S31508045390909004F075FE0DF1070105460DF106001F
S315080453A0FDF720FF9DF806308BB9721C29D004F04E
S315080453B053F8A0EB0804284604F05DFE9DF8063071
S315080453C013B99DF807303BB3A642E2D824E0D9F8CE
S315080453D00C3013F4603FE8D0D9F8180004F0CAF882
S315080453E0731C074603D004F037F8A0EB08042846D4
S315080453F004F041FE17F5007FE0D0384603B0BDE857
S31508045400F083284604F037FE9DF80630002BC0D1F9
S315080454109DF80730002BBCD1004FEEE700FEFFFFD6
S3150804542000C000B80B4A10B5136F0B4C116F03F08C
S315080454300703E35CC1F3CD0101FB0333126F07488D
S31508045440C2F3454202FB033300688001B0FBF3F064
S3150804545010BD00BF004001B8B4290508346D00200A
S315080454600122014B1A657047001002B80122014B4C
S315080454701A657047002002B84022014B1A65704726
S31508045480002002B84022014B1A657047001002B882
S3150804549010F1800F04D04D28CEBF7F20323040B2A1
S315080454A0FF22034BC0B25A62A3F580535862704771
S315080454B000E000B8044BD3F8B03010B1C3F303329C
S315080454C0027003F00F007047000002B8064B01F0A3
S315080454D080015B6C03F480030B4302BF4FF4001294
S315080454E0024BDA64704700BF000002B8006001B8D6
S315080454F00F4B1B788BB1012B11D10E4A012102F5F2
S3150804550080528B4291600FD80A4A0B49002B08BF78
S315080455100A4693689B07FCD47047074AEEE70022BD
S315080455204FF480539A60FFDE00239B68FBE700BFB5
S315080455300B6E0020004003B8000003B838B50B4BC7
S315080455400B4C002818BF1C46A569E3691D4007D003
S31508045550084B1B682BB12846984704F50054A561E7
S3150804556038BD6B05F9D5FFF7C3FFF6E7004003B866
S31508045570000003B8A46D00204FF604014FF6050297
S31508045580044B01201B6C9BB28B4208BF1346024A8C
S31508045590136670470080E00F00C001B82DE9F74F85
S315080455A081460F464FF0FF35FFF784FA002601902F
S315080455B08A462C463046DFF8D8B006F110031B019C
S315080455C05BF8033003F00308B8F1010F15D1304630
S315080455D0FFF754FB02460B4601985146FFF774F849
S315080455E0DBF8643006F10802D340DB0739D5002F0F
S315080455F040D000252C463E6040460136082EDCD1B4
S3150804560060B3234A0027D2F808C0916B0CF44033E0
S315080456100131A4FB0141641941F10001B3F5003FCE
S3150804562030D1536B0CF4405C013347F10006BCF5EA
S31508045630805F22D1156B15F5807505FB06F647F1D3
S31508045640000203FB0266A5FB03323244594304FBFA
S315080456500212A3FB04341444C9E9003403B0BDE8B8
S31508045660F08FA84271EB0403C6D207B13E60054623
S315080456700C46C1E73D463C46BEE7320242EA13629F
S315080456801B02E3E7136B13F5807347F10002DDE7AA
S3150804569000C001B8F8B5062003F001FF044603F07C
S315080456A0DBFE42F21073041B9C42054618D94FF0E0
S315080456B080624F240B4B5A6441F26F770A4E0BE013
S315080456C003F0CAFE401BB8424FF4837221468CBFCE
S315080456D000200120FBF782FD736C5B01F0D5F8BD51
S315080456E01A24E9E7002002B8000002B8034B1A6E30
S315080456F0596E03F500530A401A66704700C00A50EB
S31508045700FF28F8B506D1FF294FF0070006D000296F
S3150804571068D103E0FF2963D10F2863D80026324CE9
S31508045720324D84F8740084F87560686940F25D1235
S315080457304B2100F00100FBF751FD11234FF48012B1
S31508045740AB662B4B6E66C3F888219A6001213B2011
S31508045750E6F7A6FE94F87510264A94F874300A43B8
S315080457602549063341F82320244B3E201D68E7F7D4
S31508045770C1F86F08ED07024633462846394602F053
S3150804578067FB090241EA1061C0F3C05040EA4100D0
S315080457901B4B6066186B10F5807005D14FF4D672F2
S315080457A02B21FBF71BFD02200246002300200121C2
S315080457B002F04EFBA0663E20E7F79CF840F6494304
S315080457C05843000DFF2828BFFF20022838BF0220AF
S315080457D0002184F87800012000F0E0FC0020F8BDE0
S315080457E00F2894D92120FAE7003E00B000C00A50D9
S315080457F000E100E0020D0C0000800350346D002027
S3150804580000C001B870B5FFF745FF0021022000F07B
S31508045810C5FC03F021FE04460F4D104ED5F8F433AB
S315080458201B070BD504F02CFCBDE8704002220C4B78
S31508045830DA6001220B4B1A7004F01DBC03F00CFE4F
S31508045840001BB0424FF405724FF045018CBF00208F
S315080458500120FBF7C3FCE1E7000002B83F420F0052
S3150804586000C001B80C6E0020224910B50B78002B35
S315080458703ED00122204C94F875300133DBB202FA8B
S3150804588003F31E4A536613664FF400221C4BC3F8EF
S31508045890882100230B7003231A4A39211364A2F5BD
S315080458A080525364184B40F2C322586CC0F380608C
S315080458B0FBF794FC4FF48041144A154BC2F8941034
S315080458C0144AE16ED26E914202BFD3F86C21226764
S315080458D0D3F86431206F08BFA4F87A30B4F87A1084
S315080458E000F0DEF8BDE810400121022000F056BCA5
S315080458F010BD00BF0C6E0020003E00B000E00A5048
S3150804590000E100E000E00950000002B800E001B838
S3150804591000C001B800C00A5010B504463E20E6F798
S31508045920E9FF6043034B00F5F42000F59070B0FBE3
S31508045930F3F010BD40420F002DE9F74FFFF7ECFFD7
S315080459400446FFF7A7FE04F09BFB00214B4F0546D0
S3150804595068463970FFF722FE494B80469E69494BD3
S31508045960DB6813F0706F1CD1474B5B6913F0060AAA
S3150804597017D1E0B1454B611D1868A1FB00B93E205B
S31508045980E6F7B8FF534602464946584602F060FA17
S31508045990009B090241EA106100029842019B994161
S315080459A005D3284603B0BDE8F04F04F064BB0021D4
S315080459B0022000F0F3FB03F04FFD8146DFF8C4B084
S315080459C0DFF8D4A0DBF8F4331B0741D5B8F1000F90
S315080459D04DD0DDE900893E20E6F78CFF4FEA182111
S315080459E041EA09614FEA1923A0FB019800FB0388E1
S315080459F0264B1A6812B9FFF7F1FB024600234846FC
S31508045A00414602F025FA0121214B013493F87530F9
S31508045A10DFF86CC001331F4A361BDFF880E0DBB2BF
S31508045A2001FA03F30644CEF86030CCF86C6053668A
S31508045A30DCF81820DCF86C60241A921BA24216D2F1
S31508045A40CEF864300220CEF8603000F0A7FBA8E751
S31508045A5003F002FDA0EB0900504540F26A224FF01C
S31508045A6045018CBF00200120FBF7B8FBAAE70222F8
S31508045A70054BDA6001233B7093E700BF0C6E0020E8
S31508045A8000C00A50000002B800C001B8346D0020F6
S31508045A90003E00B000D00A503F420F0000E00A5012
S31508045AA001232DE9F74F9A4F044697F875208A463D
S31508045AB09340984A0E46936697F87420964B054683
S31508045AC0C3F8F0204FF40032944B4FF0000B1A61E0
S31508045AD00223DFF85482C8F80C30914B9B6903F112
S31508045AE0FF39A3EB0903002B40F3D5800BF1010B17
S31508045AF0BBF1020F58D9EC220D210020FBF76EFBEF
S31508045B004FF08053874A884F53664FF40031804BD1
S31508045B10C7F86C511D670025C3F86C90C7F8646113
S31508045B20A3F87A6011617C4AC2F8F05093F875209C
S31508045B3001239340774A936604F0A2FA2A462B4631
S31508045B404FF4807E3E6AD7F864C002F11001090159
S31508045B50795801F00301012910D10EFA02F111EA6C
S31508045B600C0F0BD107EB0215B442D5F80C5100F211
S31508045B70A580AC4202D2AE4280F0A3800132082A44
S31508045B80E3D16A4D2968012940F29E803BB16049F8
S31508045B90B1F876201A43A1F87620604A536603B012
S31508045BA0BDE8F04F04F067BA012397F875205C4DF9
S31508045BB09340584A936604F063FA4FF08052594B5F
S31508045BC001905A66AB6903F10109C5F86C90D8F8D7
S31508045BD03010D8F80830DD036DD5FA6E7E6EA9EB61
S31508045BE00202A2FB0626BB6E01F58071A6FB03E53D
S31508045BF0A2FB03C313EB0E03A1FB03EC45F100055B
S31508045C0001FB05CCB2EB0E0266EB0C06120A42EA5D
S31508045C1006625244B2EB112F4FEA112603D301331D
S31508045C2045F10005921B043E964228BF1646C8F85D
S31508045C30186097F87920D8F82010E318D2B245F1FD
S31508045C4000058C42D8F8381084BF02F1FF32D2B26C
S31508045C50481C0ED04FF0000E01F1010C99427EEB60
S31508045C60050008D20132B3EB0C03D2B265F1000584
S31508045C70F4E72A44D2B21D4602F0030287F87920D3
S31508045C80C8F82030012397F8752001989340284ACC
S31508045C90936604F0F0F9224B9B6900BF00BF00BF6E
S31508045CA000BF00BF00BF00BF00BFD8F86420D20001
S31508045CB07FF517AF24E756462546E3E7AC42BFF41B
S31508045CC05AAF19438BB259E71A4A1478142C01BFF0
S31508045CD00024194E14703470147801341470002B8F
S31508045CE03FF45DAF0A4EB6F876401C43A6F87640F4
S31508045CF00A4C6366104C23780133DBB2022B2370FB
S31508045D007FF44DAF0023013129601370237046E7F1
S31508045D10003E00B000E00A500080035000D001B8ED
S31508045D2000C00A5000E001B800C001B8D06C0020D9
S31508045D3000D00A500E6E00200D6E00204FF400525B
S31508045D40014B5A60704700BF00E100E04FF400526F
S31508045D50034BC3F88420BFF34F8FBFF36F8F70478D
S31508045D6000E100E0F8B50B46002213F8044B944210
S31508045D7025D91D68854224D106245A791D79124BE2
S31508045D8088181E6804FB0503104F33F8063C7B434A
S31508045D90B3420ED900238A5A7A43964202D804FBA0
S31508045DA00300F8BD9D42FAD9013304FB03F2825A73
S31508045DB0F2E740F247423D210020FBF70FFA0020A4
S31508045DC0EFE708330132D2E7A86D002040420F00FE
S31508045DD000202DE9F84FA2FB017BAA4EDFF8DCC2AE
S31508045DE0BE1998466BF10003B44570EB030307D25A
S31508045DF040F23E220E21FBF7F1F90220BDE8F88FA6
S31508045E00D8F814A00C461546BAF1000F04D0DAF8EF
S31508045E100030032B00F2A9809B4B9C4A9B6BD2F85B
S31508045E20FCA0C3F314099A4B1B6F58074EBF4FF4D3
S31508045E3040039B0503F0E07349EA0309954BD3F83D
S31508045E40EC30590048BF49F0807949EA456903F0BE
S31508045E5037FD012D0646D0D10028CED08E4B984268
S31508045E6000F0948003F5122303F5F863984200F0D2
S31508045E70B6808A4B984200F0BE80002502462B461F
S31508045E8000204FF0007101F0E3FF2B46013007FBB9
S31508045E9003F3C9F3130100FB0B33A7FB0070A1FB43
S31508045EA00662034401FB052220339B09C8F8003027
S31508045EB07B4BF60C1C6046EA42367A4B19F4801F73
S31508045EC008BF76421E60784B34441C60BAF1000F52
S31508045ED048D00023DAF81C5019F0807F18BF6408EC
S31508045EE0C8F80830C8F80430002D53D1DAF8006031
S31508045EF00023062EC8F80C30C8F8103032D9DAF860
S31508045F0030307BB303F0DCFCDAF83010FFF72AFFF5
S31508045F10044618B18378002B40F0998003F09EFC60
S31508045F20DAF83010FFF71EFF0446D8B18378CBB1F0
S31508045F30407940F27352003818BF01203D21FBF71F
S31508045F404DF9207940F2745200384FF03D0118BFDC
S31508045F500120FBF743F9237962791B0243EA02130A
S31508045F60C8F810300020BDE8F88F042BDAF828901A
S31508045F707FF46DAF19F0807F14BF4FF4400309F026
S31508045F80E07329F0E07949EA030960E70023474802
S31508045F901D467CE73E4FD7F83C21D2022FD4DAF8C7
S31508045FA000601CB1B4FA84F107291CDD2B462102D2
S31508045FB0B1FBF3F14B0067020133E40D01E0023350
S31508045FC00131A5FB0302874274EB0202F7D2C1F33F
S31508045FD00E01090341F00061C8F8081088E7002398
S31508045FE033481D4653E7C1F1080325FA03F304FAB7
S31508045FF001F10133DCE700232E481D4647E719461D
S315080460002D4AC9F3815912F80920002EB8BF7642E1
S3150804601092066008C2FB0601224601F019FFDAF867
S3150804602000600E2E0ED9184B9A6BBB6CD7F83C1130
S31508046030DB0607D502F4801201F400110A4308BFEF
S31508046040C0F58010C0F31300C8F80400A9E7407926
S315080460504FF4AB62003818BF01203D21FBF7BEF8A8
S31508046060207940F25952003818BF01203D21FBF728
S31508046070B5F8237962791B0243EA0213C8F80C308F
S315080460804CE700BF006CCA88008001B8004F00B016
S31508046090004001B8000002B800F04902005A620242
S315080460A0B06D0020AC6D0020A86D00200A3BB2DF5D
S315080460B0313641DCD694BFD6C4290508807C814A8A
S315080460C010B5044686B059B9214B4168D3F8FC305B
S315080460D0827A2048059300686B46FFF779FE69467D
S315080460E01D4B0A685A631A4BD3F8FC3033B34B6812
S315080460F043B11A4B1A4AC3F83C214A68A3F580539C
S31508046100C3F83C218B6843B1144B164AC3F81C21C7
S315080461108A68A3F58053C3F81C21134AC868D2F8C1
S31508046120983123F4EE630343C2F89831D2F89031D8
S31508046130096923F4EE630B43C2F8903100202289DF
S315080461400A4B9A6203F5A033186406B010BD00BF63
S31508046150004F00B0A46A0020008001B8006001B8AE
S31508046160FFFF0F0000F0FF0F000002B8004000B860
S31508046170074BD3F88022D20707D55B6E002B4FF462
S315080461808043B4BF034A044A13650020704700BF1E
S3150804619000800050002002B8001002B8064B1A6CA2
S315080461A09207FCD4022240EA01205860034B1A6481
S315080461B00122034B1A70704700C002B800D002B817
S315080461C00F6E00202DE9F041364F0646FB68C3F3EF
S315080461D00363022B64D103F03FF90546DFF8DC803C
S315080461E0BC6A14F4802449D103F04AFFFB680546C7
S315080461F0C3F30363022B3BD1304603F020F828B1DE
S31508046200294B93F8D8200AB183F8D9400022274BA2
S3150804621083F88020234B5B6C98053DD5224BD3F835
S31508046220C03059889A68C90748BF1821D66848BF34
S31508046230927806F4000044BF01FB023303F10C0212
S315080462401B4B06F008069B6993608022194BDA609B
S3150804625038B14FF4003203F5A043CF20DA61FEF7D4
S31508046260A5F9CEB14FF40072134B5A6402229A6010
S31508046270284603F000FF2046BDE8F08103F0ECF859
S31508046280401B40454FF064024FF047018CBF002085
S315080462900120FAF7A3FFA3E78022024B1A61E7E776
S315080462A00224E8E7000002B8003E00B0003F00B050
S315080462B000C000B800C001B8002002B83F420F0071
S315080462C010B590B10468012C0FD902696AB1116836
S315080462D0094B102C196051685960916888BFD268B7
S315080462E0996094BFD960DA6010BD10220021024873
S315080462F001F09FFFF8E700BFB86D0020084BC117EF
S315080463001A68A2FB000302FB013310F1807043F103
S315080463100003400E40EAC310803820EAE070704754
S31508046320C86D00200722194B70B51A64184B194A10
S315080463301D68194BEC08E005C0184FEA153141F100
S315080463400001002301F084FD144B154E186015480E
S31508046350FFF7D4FF4042C6F8DC0049F65800FFF7B9
S31508046360CDFFC6F8A8001048FEF7AAFC024660B19D
S31508046370E301500818184FEA15714FF0000341F16C
S31508046380000101F065FDC6F8B40070BD000002B84E
S31508046390346D002065CD1D00B2E60E00C86D0020E0
S315080463A0003F00B07011010040420F0010B50446CA
S315080463B098B10B4BD3F8FC00FFF782FF4FF47A73BE
S315080463C003FB04F0074BA0F6AC50DA689B6810444C
S315080463D0C01ABDE81040FFF791BF4AF6C870F8E73F
S315080463E0004F00B0B86D00202DE9F843054608466D
S315080463F014461E46FFF764FF9DB106F0020716F021
S31508046400040610D16FB1284600F0C6F820636B69FC
S31508046410002B7ED147F23050FFF770FFE062002E62
S3150804642058D1BDE8F8832869002869D04FF47A73EF
S3150804643058433F4BA0F6AC509B68C01AFFF75EFF63
S31508046440A062A88B00285ED04FF47A735843384B61
S31508046450A0F6AC509B68C01AFFF750FFE061354BB5
S31508046460E968D3F80080002950D04FF47A73594369
S315080464702F4BA1F6AC519A685B68891AC91A2E4B38
S31508046480C8171A68DFF8B890A2FB011302FB003399
S3150804649011F1807143F10003490E41EAC3118039B1
S315080464A0264B2162D3F8C4306362D9F8003053B15D
S315080464B0404602F0C4FE30B12246D9F800301C49E1
S315080464C0D8F8E40098470021A869FFF76FFF6063CE
S315080464D0002F98D1A86828BB47F23050FFF70EFF63
S315080464E060614FF47A702B6858432BB1104B1B68C4
S315080464F003F51C5310331844FFF700FFA06190E717
S315080465004AF6C8709AE74AF6C870A5E74AF6C87103
S31508046510B5E7074AD0684FF47A7202FB0300A0F580
S31508046520FA5079E74FF47A735843A0F5FA50D5E749
S31508046530B86D0020A46A0020C86D0020003F00B092
S31508046540B46D002070B5064608461C4602F0AEFF38
S315080465500546D6F8F00000F011F84368054A002B02
S31508046560A8BF4FF4FA721A44034B601992FBF3F26C
S31508046570104470BD0CFEFFFF18FCFFFF40B1036812
S31508046580012B05D90069034B002808BF1846704734
S3150804659000487047CC29050843684FF47A70584375
S315080465A02BB1044B1B6803F51C5310331844FFF72F
S315080465B0A5BE00BFB86D002070B588B06D46184CEE
S315080465C00FCC0FC594E80F0085E80F00EC220021D4
S315080465D0144801F02EFEB0220021134801F029FECA
S315080465E020220021114801F024FE02F0DFFF104B9F
S315080465F01B783BB16D460A4E0FCD0FC695E80F00C2
S3150804660084E80F000C220B490B4802F031F80B4BB7
S315080466100B4AD3F87831C3F38243136608B070BDC6
S31508046620E03F00B0643E00B0503F00B0E04F00B019
S31508046630FB6D0020DC290508AC3E00B0000002B85A
S31508046640003F00B0064BD3F8EC0E064B9B6C1A01C0
S3150804665003D4054B9B6E1B0401D500F58070704767
S31508046660003000B0000002B8004000B810B503F0CE
S3150804667007FD0E2104460320FEF762FE40F20122BE
S31508046680034B2046BDE81040DA6203F0F4BC00BFB1
S31508046690004000B8064B00201B6893F82430DB0939
S315080466A002BF0322034BC3F85022FBF709B900BF04
S315080466B0A46A0020006001B8012370B5074C237052
S315080466C0074B1E68074B3240D3E90053194028404C
S315080466D0FBF748FE0023237070BD00BF146E00202C
S315080466E0D06D002038610020024B5868C0F3C00002
S315080466F0704700BF3861002010B50446FEF73AFD1E
S3150804670000F012FF2046FCF7EBFFFEF7BDFCFDF791
S3150804671059FFFDF7CBFFFFF705FE13490723134A75
S31508046720D1F8FC1004F58270FFF75EFE4FF0807115
S315080467300020FEF7E5FA4FF000720D4B4FF40011F6
S315080467400120C3F80021FEF7DBFAFEF715FF20B98E
S3150804675040F223121421FAF741FD02F025FFBDE8A1
S3150804676010400120FDF70ABE004F00B0A43F00B058
S3150804677000D001B88023074A5364082340B1536400
S31508046780054AD2F8BC3E23F02003C2F8BC3E704743
S31508046790024AF4E7001002B8003000B0002002B83C
S315080467A010B503F06DFC012104460020FFF7E2FF53
S315080467B0044B1961044B5B6898472046BDE81040B2
S315080467C003F059BC000002B818710020F0B583B074
S315080467D014460646FFF7CCFCFBF7CAFF002800F070
S315080467E0A980594B5D6915F0060540F0A38003F0AE
S315080467F047FC23790095022B054647D1237B022BB8
S3150804680033D00320FEF776F820B9504BDB685B04D7
S3150804681040F19280A37B277B003B18BF0123A26823
S315080468204B49012F01920B706FD000F06FFE0420C4
S31508046830FDF75CFF0420444E0223716F3A4621F0AB
S31508046840F85121F4F81141F0506141F4803171672F
S315080468500DEB0001FDF768FF0446002860D001200F
S3150804686030223C493C4B08701A653C4E33689847BD
S315080468702128044604D1012100207368984700247E
S31508046880284603F0F8FB204603B0F0BD0320FEF7C4
S3150804689031F8002850D12279D6F80C31012A226819
S315080468A030D0D01A00900020274B2D4A2D495A671C
S315080468B09867637B2C4A23F040000028C3F38013AF
S315080468C00B700CBF012300231370284B274AD3F8F7
S315080468D0BC3E4FF003000CBF43F0200323F0200313
S315080468E0C2F8BC3EFDF702FF174B214A03205A673C
S315080468F0694601232279FDF717FFF8B101221D4BDA
S315080469001A707BE79A42CDD3CBE72379022B8CD036
S31508046910009BD6F80C1100270B441344019384E713
S315080469200320FDF7E3FE28460D4A124B72671C70D6
S3150804693003F0A1FB0E24A6E72846F9E7284603F048
S315080469409AFB21249FE700BF00C001B8000002B8E3
S31508046950196E0020166E0020001002B81871002067
S3150804696000000101176E0020186E0020003000B0E8
S31508046970010C0100136E0020F8B5194C0546207861
S3150804698040F27D22B0FA80F03E214009FAF726FC4F
S3150804699055B9607840F27D22BDE8F840B0FA80F037
S315080469A03E214009FAF71ABC4FF440660D4F0E4DC6
S315080469B0D7F8083140F27D22C3F381232370C5F842
S315080469C0086160783E21B0FA80F04009FAF706FCBF
S315080469D0D7F80C31C3F381236370C5F80C61F8BD8D
S315080469E0106E0020004000B8006000B810B5104BC7
S315080469F0104AD3F8B8001478596A9A6A00F00F0056
S31508046A0021F4706122F0E052844241EA042142EA08
S31508046A1084624FF01F04084835BF9A625962596266
S31508046A20C0F8B84034BFC0F8B8409A6210BD00BF79
S31508046A3000C000B8F76D002000E000B8A82238B5F9
S31508046A401C4B5D6C03F500535A6410229A60A3F537
S31508046A50804302F100521A675A6600F0E3FF164BA8
S31508046A601B7813B90320FDF741FE0024134B9C67DA
S31508046A7000F0FEFF124A134BD2F8EC1E0B40C2F884
S31508046A80EC3E0422104B5A64104BC3F8C440FFF77B
S31508046A90ADFFAB0607D50E4B5B6FB3F5817F22BFFF
S31508046AA08022044B1A61FCF707FB0022094B1A7073
S31508046AB038BD00BF000002B8136E002000C001B83C
S31508046AC0003000B0DF0000FF002002B8003E00B02E
S31508046AD0003F00B0126E00200D4A10B5D2F8A0305F
S31508046AE0D2F8A4100B40B3F1804F0CD34FF04040BA
S31508046AF00849094CC1F8A400D467C1F8A0004FF4AA
S31508046B008021064AD161034AC2F8A03010BD00BFED
S31508046B1000400050006000500000FF01001002B859
S31508046B209C4B2DE9F04F9A6EDB6E85B002EA03089A
S31508046B30994BC3F868804FF03A43D3F81461D3F8F5
S31508046B4018311E40954BC3F81461954B9A68DB6857
S31508046B5002EA030A934BC3F808A003F52043DA694B
S31508046B601B6A02EA0309904B09F47702DA618F4B30
S31508046B70D3F80422110306D4D3F804311A03C3F351
S31508046B80C04740F1E58003F07BFA894B5A695F6E8A
S31508046B901B6F12F0060F07EA0307864A27F00073ED
S31508046BA023F4006314BF4FF0010B4FF0000B536638
S31508046BB07B0706D5804A92F879300133DBB282F82E
S31508046BC0793003F058FAB8F1000F00F0DF8018F4B2
S31508046BD0004427D003F054FA0146FFF733FD044670
S31508046BE0764B1D682A682B689A42FCD02A689A4212
S31508046BF0FCD0FFF727FDA04240F0AC80084603F01E
S31508046C003AFA6F4B1C606F4B5D6C15F4E05240F01A
S31508046C10A38024F07F4424F0DF040CB9FFF70EFFA9
S31508046C204FF0807418F0020F4FF0000514D0654B2E
S31508046C305D495B6C03F460424A64002A00F0A08054
S31508046C401D0400F1A08013F4005F0CBF4FF000533D
S31508046C504FF0006300251C43C8F340384FEA480840
S31508046C60594B3340002B4BD016F4206F0AD040F210
S31508046C70BC5206210020FAF7B1FA002000F056FFAC
S31508046C8026F48026F00506D5FF22474B44F4C06453
S31508046C909A60FFF7EBFC16F0090F0BD040F2D152BD
S31508046CA008210020FAF79AFA00F034FF4FF03A4325
S31508046CB001225A6316F0106F0CD040F2DA520921F9
S31508046CC00020FAF78BFA00F025FF00221146104639
S31508046CD0FCF70EFE16F4202F0AD040F2E2520721E2
S31508046CE00020FAF77BFA002000F020FF26F480261D
S31508046CF0F10301D5FCF74EFF002EB8BF48F008088B
S31508046D0072070ED54FF03A431B6B13F4005F4FF42A
S31508046D10005317BF214A2D4A136344F4000408BFDD
S31508046D201363730548BF44F0040416F480230193DF
S31508046D3000F0B580FCF7E4FE0138062848D8DFE8F9
S31508046D4010F042014501420148014B014E014E0132
S31508046D50BB4638E7044645E70192FFF76FFE124B38
S31508046D60019A5A6415F4805307D115F4806F0CBF41
S31508046D704FF080544FF0806454E74FF0804451E755
S31508046D804FF0007366E74FF0004363E74446454611
S31508046D9066E700BF004000B8006000B8002000BAEB
S31508046DA0004001B8006001B8002002B800E100E024
S31508046DB000C001B800E001B8003E00B07829050813
S31508046DC0CC6D0020000002B8090B0B89001000BA2C
S31508046DD040F2136203210020FAF700FA4FF03A4210
S31508046DE00121D2F88C30D2F8AC0003F0070306333D
S31508046DF001FA03F3C0F30C001B1A9BB2072B12D932
S31508046E007F4B5B6C58020ED47E48D36CD26E406DB1
S31508046E1058B103F0070306339940C2F30C03C91AA1
S31508046E2089B2072901D844F40074774B1B78002BE0
S31508046E3035D04FF03A43D3F8143113F4A02F2ED19A
S31508046E40724B734A1B7893B9FB0410D4137873B145
S31508046E50E308704943EA457383F00103D1F8EC1E4D
S31508046E6003F001035B0021FA03F3980717D1042002
S31508046E70FDF73CFC684B6949596700F047FB644ACF
S31508046E80137843B9664B1B782BB1664B664A1B6865
S31508046E902340134201D144F4804427F48057BAF1BD
S31508046EA0000F31D01AF4805F18BF44F480241AF412
S31508046EB0807F18BF44F400241AF4005F18BF44F016
S31508046EC010041AF4007F18BF44F020041AF4806FE3
S31508046ED006D04FF48062554B44F04004DA609A6059
S31508046EE01AF4006F06D04FF40062504B44F0800445
S31508046EF0DA609A601AF0805F06D04D4B0021186854
S31508046F0045F48055FBF764FCB9F1000F3AD019F43F
S31508046F10802F18BF45F4007519F4803F18BF44F450
S31508046F20805419F4801F18BF44F4003419F4001F60
S31508046F3018BF44F0020419F4003F18BF44F480143F
S31508046F4019F4800F18BF45F0100519F4002F19D04D
S31508046F50304BD3F8BC3E13F0C00F13D0284AD3687D
S31508046F60C3F30363032B01D0072B05D1936CD9060E
S31508046F7002D4D36C1A0735D54FF400222D4B29F4C5
S31508046F800029DA61002F00F020813B0540F18A8050
S31508046F902949214A91F803A0284BBAF1000F53D086
S31508046FA04FF400600AF1FF3A58665FFA8AF3CB7029
S31508046FB033B9234B1B78C3B140F60142214B5A67B8
S31508046FC0002300226CE044F4803407E744F40064A8
S31508046FD004E744F4806401E744F48074FEE644F06C
S31508046FE00804FBE644F40014CCE7936F13F4A05F9B
S31508046FF015BF4FF4807340F6014393659367DFE743
S31508047000000002B8004000B8166E0020156E002075
S31508047010186E0020003000B000C001B8000001015D
S31508047020176E002038610020088D0100006001B841
S31508047030A46A0020002002B8016E002000E001B80E
S31508047040136E002000D001B80320FDF74FFBAA4AAF
S31508047050AA4B526912F0060F77D05046FDF7B2FCD8
S315080470604FF40061A54BA44A59665369A44813F022
S31508047070060308BF9367B0F87630A24913F4006292
S3150804708067D023F40063A0F876300B7803F0FF0A80
S31508047090002B62D1FDF740FEFFF7D0FC53462022B1
S315080470A01C431543B80009D52E20FDF77FFA4FF087
S315080470B00052924B45F008051A675A66F90608D530
S315080470C02B20FDF773FA10228C4B45F400151A672A
S315080470D05A6617F0306F05D1FA046AD5BBF1000F6A
S315080470E000F0CA803B0115D52920FDF75FFA864BC7
S315080470F08649DB6803F48042C3F380330B70FFF7D9
S31508047100F3FA28B1824B7D4982484B6603673ABB3A
S3150804711045F0040517F0007B2FD00420FDF7E6FAA6
S315080471202720FDF743FAFFF789FC4FF00072734BEB
S315080471305A66794BD3F8EC2E510600F18480022264
S31508047140764B9A6045F002052EE041F61F725A679F
S3150804715086E70B784FF40053A2E74FF4004330E771
S315080471600B6720204B66FDF721FA45F400152D2000
S3150804717045F00C05FDF71AFACCE717F0807FDFF81F
S3150804718078A14BD00420FDF7B1FA2820FDF70EFAB2
S31508047190DAF87830002B3ED1FFF750FC574B5C4A9F
S315080471A045F001051A675A66FFF774FA0022524B2E
S315080471B09A65BA0409D55A4A5379002B00F0D18046
S315080471C0013B5371002348EA0308534BD3F8BC3EEA
S315080471D01B0603D520462946FCF738F842462046BE
S315080471E02946FFF769FA019B0BB1FCF7C1FC4FF47A
S315080471F000424C4B06F00436C3F814614A4B19F4A2
S31508047200002FC3F884211EBF4FF40022434BDA61D2
S3150804721005B0BDE8F08FCAF878B0BFE7F804C5D55D
S315080472200420FDF763FA414BCAF87430FDF774FD80
S31508047230DAF8643013F0407FB8D12A20FDF7B6F99E
S31508047240FFF7FCFB75E7D3F8BC3E9A063FF57AAF21
S315080472500222374B9A60374B1B6893F825309B07F5
S315080472607FF570AF264B93F8D830002B3FF46AAFFE
S315080472708022254B1A6165E7294A13794BB1013BEC
S31508047280DBB2137113B9234B2B4A5A6700231C43E9
S315080472908FE70420FDF72AFA0320FDF727FA164B91
S315080472A0224A5A6702F0ECFE82460DF10F00FEF7F9
S315080472B001F9224B83461B780BB1FFF7D7F9BBF1CB
S315080472C0030F0ED1DFF840B00020FEF7F3F80328C9
S315080472D007D1DBF82830D807F6D4DBF84830D903C9
S315080472E0F2D49DF80F30032B2CD10122144B5046AF
S315080472F01A7002F0C0FEC9E700C001B800E001B880
S31508047300003E00B0136E0020000002B8126E002082
S315080473101000002000D001B8003000B0002002B8E8
S31508047320016E0020002000BA00E100E0000001011F
S31508047330001002B8A46A00200000010D196E00208E
S31508047340156E00204FF03A43D3F8143113F4A02FE6
S31508047350CBD100F0DBF8504602F08DFE4FF48043A3
S3150804736095E70520FDF7C2F901232CE70122024B14
S315080473701A62DA61704700BF002002B8094A08B5E4
S31508047380D369116A0B40084923F47F00DB07C861F7
S3150804739006D5D1684FF0FF30C1F3036102F00FF947
S315080473A008BD00BF000002B8002002B80C4A08B5A0
S315080473B0936CD26C13400B4A9364DB070FD50A4BC4
S315080473C040F66D021878122100F00100F9F706FF5D
S315080473D0BDE80840002201200021FFF76DB908BD69
S315080473E000C000B800E000B83861002070B5154D3B
S315080473F02C6C6B6C1C40144B24F002021A64E207D2
S3150804740005D540F6D40200202968F9F7E7FEA30754
S3150804741016D502220C4B1A640C4A6B6814687CB1A4
S31508047420DBB2042B07D100220121094B1868234635
S31508047430BDE870401847052B02D100221146F4E72F
S3150804744070BD00BF00C0095000E00950006D00205F
S31508047450A46A002038B50C4C0C4DD4F88430DB07EC
S3150804746006D4A36FD4F884201340094A936738BD19
S31508047470D5F804315A02F0D5FFF7B8FF4FF4800364
S31508047480C5F88431E9E700BF008001B800E100E0EF
S3150804749000A001B808B502F0F3FD0E4B1A78A2B99C
S315080474A00D4A126812F4843F0FD10C4A1021116553
S315080474B01B7863B9084B1B68DB0508D4074B2022E5
S315080474C01A65BDE8084002F0D6BD054AEEE7044B46
S315080474D0F5E700BF166E002038610020002002B8C8
S315080474E0001002B810B502F0CBFD0E2104460320A5
S315080474F0FDF726FF40F20122034B2046BDE8104063
S31508047500DA6202F0B8BD00BF004000B80022044B9E
S315080475101A70044B197811B11A70FFF7BBBF70477C
S31508047520156E0020166E002038B502F0A9FD4FF43A
S315080475308043274C0546C4F88430BFF34F8FBFF306
S315080475406F8F4FF40043C4F88430BFF34F8FBFF3F3
S315080475506F8F4FF48033C4F88430BFF34F8FBFF373
S315080475606F8F4FF40033C4F88430BFF34F8FBFF3E3
S315080475706F8F4FF48023C4F88430BFF34F8FBFF363
S315080475806F8FFEF7E3FB4FF40023C4F88430BFF390
S315080475904F8FBFF36F8F4FF48013C4F88430BFF353
S315080475A04F8FBFF36F8F4FF40013C4F88430BFF3C3
S315080475B04F8FBFF36F8F4FF40003C4F88430BFF3C3
S315080475C04F8FBFF36F8F2846BDE8384002F053BD8E
S315080475D000E100E038B502F053FD05464FF4804358
S315080475E00E4C63604FF4004363604FF400336360EA
S315080475F04FF480236360FEF7A1FB4FF40023636016
S315080476004FF4801363604FF4001363604FF4000370
S3150804761063602846BDE8384002F02DBD00E100E06D
S315080476202DE9F047DDF820A003EA0108099B064680
S315080476300D4602EA000703EA0A09BAF1000F40F008
S315080476406881031F0B4300F02881052871F10003A4
S3150804765080F0FE8050EA010300F0D081431E0B43FC
S3150804766000F03E81FFF760FFBD4AD2E9004323EAF2
S31508047670050324EA06043C4343EA0807B94BC2E96E
S3150804768000471E6826EA0A0646EA09061E60FFF748
S3150804769001FF14F02A4F14BF48F202034FF40043C3
S315080476A0B14AB507D26EB14848BF43F4005383EADA
S315080476B0020122EA0302C266AD4A0B408166D3661A
S315080476C0C4F380421203200348BF42F48072E106E1
S315080476D048BF42F40052A749A30648BF42F40072C1
S315080476E014F0400FD1F88830A34800F031815D05C5
S315080476F005D44FF480652B438560C1F8883014F0AF
S31508047700800FD1F888309C4800F05C811D0505D4AB
S315080477104FF400652B438560C1F88830974B96482B
S31508047720D96817F4007F82EA010323F0805301EA3B
S31508047730030102EA0302C1608360914BDA608D4B50
S3150804774007F4007200F0468101224FF4802583F87D
S315080477508420E30448BF45F48035A00348BF45F4B4
S315080477608015A10748BF45F4001514F4001FDFF877
S315080477704C8206D0D8F8000001F03DFF08B945F45C
S315080477800025E20248BF45F40035FB067D4B48BF99
S3150804779045F480051A6A7C4985EA020323F0010345
S315080477A01A400A621D40CB61784B16F0010F1D6220
S315080477B0774B784A18BF1A46774B7D071B6F48BF25
S315080477C042F00062754882EA030123EA020303676A
S315080477D0734B0A4041661A67724A04F00103D16C76
S315080477E0A0F5803081EA030221EA0301C1648264B8
S315080477F01A406D4B2002DA64D8F8002048BF6B4B58
S3150804780092F8022158BF6A4B610748BF43F4806364
S3150804781022B114F4C06F18BF43F4807332074FF0D3
S315080478203A42BDE8F047D2F8181148BF43F000437E
S3150804783083EA010222F4A0225E481140C0F8181116
S315080478401340C0F814215C4AC2F81831FFF7C2BEC7
S31508047850A0F580630B4306D020F48063A3F5007378
S315080478600B437FF4FFAE02F00BFC3D49D1E900322D
S3150804787023EA060322EA050242EA08023B43C1E96F
S3150804788000324E4A126892F802114A4A09B313F4AE
S31508047890C06F1ED04FF4807311E002F0F1FB304A3A
S315080478A0D2E9003123F004033B4341EA080157EACD
S315080478B00807C2E900314FF480633E4A0BD0C2F888
S315080478C01431A2F58052C2F81831BDE8F04702F027
S315080478D0D2BB4FF48073C2F81831C2F81431F4E7F6
S315080478E002F0CEFB1E4AD2E9003123F001033B43E2
S315080478F041EA0801C2E900310123314A57EA080777
S315080479001BBF9364A2F58052D364D36408BF9364FF
S31508047910DBE750EA01037FF4A5AEBAF1010F7FF461
S31508047920A1AE02F0ADFB0F4A136823F0010343EA44
S31508047930090313604FF40053184AB9F1000F04D031
S315080479405366A2F580521367BFE713675366BCE70D
S3150804795023F48063C1F888304FF480638360CEE6ED
S3150804796038610020D06D0020004000B8006000B8DF
S31508047970005000B8003F00B0006001B8004001B8EC
S31508047980005001B8000002B8002002B8001002B87E
S31508047990043800030418000300C001B800E001B865
S315080479A000D001B800C000B800D000B80D0A0A0912
S315080479B0090A0A09002000BA001000BAA46A0020BD
S315080479C000E000B823F40063C1F888304FF400637C
S315080479D08360A3E693F8841071B183F88420084B76
S315080479E0D3F8A41003F50053C3F8A410C3F8A010E1
S315080479F04FF05023C3F8A4200025AAE6BDE8F08773
S31508047A0000400050024B186800F00100704700BFA0
S31508047A1038610020024B5868C0F3C030704700BF75
S31508047A20386100200A4B197801F0FF0229B10021B8
S31508047A30197008499202C1F80821597801F0FF0221
S31508047A4029B1002159709302024AC2F80C317047D1
S31508047A50106E0020005000B84FF40062034B5A64BD
S31508047A604FF40042A3F5E0339A667047001002B853
S31508047A70F8B5084C084D636C0423084F6B64636CB3
S31508047A805B0300D4F8BD042602207E6401F0EBFCF7
S31508047A906E64F4E7000002B8001002B8002002B8C9
S31508047AA038B5044679B948B1164BDB681B0E13F092
S31508047AB00E0F04D04FF4C062134B9A6538BD134BAE
S31508047AC01B6CD907F6D4FFF70DFD0E4D0020FDF704
S31508047AD0F1FC032801D0092805D1AB6ADA07F5D4E5
S31508047AE0AB6CDB03F2D4FFF7C3FF0122084B5A61E0
S31508047AF002229A62042203F580535A64002CDDD0CC
S31508047B00D8E700BF000002B8006001B800C002B898
S31508047B10001002B808B503210920FDF711FC20223C
S31508047B20014B1A6108BD00BF000002B838B5054606
S31508047B3002F0A6FA0E4B04461868FBF705FF35B1A2
S31508047B40FFF7E4FC2046BDE8384002F094BA094B36
S31508047B501B78002BF6D0084B1D78002DF2D1FFF7C1
S31508047B60D5FC2A464FF480400021FEF7A5FDE9E737
S31508047B70A46A0020156E0020146E00202DE9F84F23
S31508047B805A4B06460D4614465B6C002A40F0AB80F9
S31508047B9013F0A00F14BF4FF001094FF00009FBF7CB
S31508047BA08BFAFEF723FFA0234FF0000ADFF854816F
S31508047BB00320C8F84430FCF799FD0420FCF796FD29
S31508047BC04B4FFFF7A3FC4B4B4FF0040B7B67C7F8EF
S31508047BD078A0FFF74DFF484B4FF48071D3F8BC2EBD
S31508047BE042F02002C3F8BC2EFF22C8F808203F4AF8
S31508047BF01161D3F8EC2E41491140C3F8EC1EC8F8BC
S31508047C0044B0C3F8C4AE7B6913F0060F04D0FDF77D
S31508047C1083F85846FCF76AFDB9F1000F01D0FFF75F
S31508047C201BFF66B1364BDB6C180701D4FFF75AFC09
S31508047C30FFF770FF0420FCF759FDFFF7F3FE2B4B03
S31508047C405A69D1074AD5DA6812F0706FFBD12D4B01
S31508047C502D4A5A642D4A536E23F0F003536615B120
S31508047C602046FFF763FF2A4BD3F84C315A1C01D040
S31508047C705B0002D50122234B5A61002C2ED0204BDF
S31508047C802249DA6E03F500539A6603F5D0331B6A64
S31508047C901C4A23F00103D3611E4BD1F88800DB6824
S31508047CA01D4903438B601D4BC860D3F8841003F544
S31508047CB0005399674FF03A43D3F8181103F5005364
S31508047CC0C3F81411164BD96C03F500539964154976
S31508047CD003F5803359664FF6084353640020BDE81C
S31508047CE0F84FFBF7ABBA4FF0000958E7000002B8A3
S31508047CF000C001B800000101003000B0DF0000FF39
S31508047D00004000B8002002B810003000003F00B060
S31508047D100080E00F004001B8006001B8008001B897
S31508047D2000C000B85000002F38B514460D4602F0BE
S31508047D30A7F9064BD3F8BC2E54402C405440C3F83C
S31508047D40BC4EBDE8384002F096B900BF003000B01A
S31508047D50034BD3F8BC3E99430CBF0120002070475F
S31508047D60003000B02DE9F04117460A43012A1D46A2
S31508047D709DF818409DF81C60DDF8208029D8B44287
S31508047D8027D2082E25D8032B23D8B8F1000F20D0E4
S31508047D900A460021FAF716FCFF21EB009940C9436D
S31508047DA0DFF834C008F1FF38FF00E2B2964202D881
S31508047DB00020BDE8F0813D190CEB8505D5F8F420C3
S31508047DC018F8010F0A4098401043C5F8F400013426
S31508047DD0EBE72120EDE700BF003E00B0174BD3F8D0
S31508047DE0BC2E12F0010312D0154B93F84830154AED
S31508047DF043F08073C2F8D0304FF4801302F5005272
S31508047E00C2F8B430A2F58052C2F8B83070471106E9
S31508047E10EDD40D4B93F8471121B1D20602D593F848
S31508047E204431E4E74FF480120020084B0549C3F8AF
S31508047E30B820C1F8D000C3F8B4207047003000B0A9
S31508047E40003F00B0004000B8003E00B0006000B833
S31508047E5053B94AB9002908BF00281CBF4FF0FF319F
S31508047E604FF0FF3000F082B9ADF1080C6DE904CE8D
S31508047E7000F006F8DDF804E0DDE9022304B07047F3
S31508047E802DE9F04F099D0C46002B4DD18A420F4629
S31508047E9084469646B2FA82F360D94BB102FA03FED7
S31508047EA0C3F120029F4000FA03FC20FA02F21743AA
S31508047EB04FEA1E461FFA8EF44FEA1C42B7FBF6F148
S31508047EC006FB117701FB04F042EA0742904208D9FF
S31508047ED01EEB020201F1FF3702D2904200F2318111
S31508047EE03946121A1FFA8CFCB2FBF6F006FB10226E
S31508047EF000FB04F44CEA024C644508D91EEB0C0C4E
S31508047F0000F1FF3202D2644500F21E81104640EAAF
S31508047F100140ACEB040C002125B12CFA03F3002232
S31508047F20C5E90032BDE8F08F8B4205D90DB1C5E924
S31508047F30000100210846F5E7B3FA83F100294DD17B
S31508047F40A342C0F0F380904280F0F08006462346B0
S31508047F500846002DE6D0C5E90063E3E7002B40F0A8
S31508047F60A3808A1A4FEA1E471FFA8EF60121B2FB2E
S31508047F70F7F407FB14204FEA1C4242EA004206FBC8
S31508047F8004F090420FD91EEB020204F1FF382CBF0D
S31508047F904FF001094FF00009904203D9B9F1000FD7
S31508047FA000F0CC804446121A1FFA8CFCB2FBF7F098
S31508047FB007FB102200FB06F64CEA024C664508D974
S31508047FC01EEB0C0C00F1FF3202D2664500F2B380B8
S31508047FD01046ACEB060C40EA04409DE7C1F12006C6
S31508047FE08B4004FA01FE22FA06F720FA06FCF4404E
S31508047FF08A401F434EEA0C0300FA01FE4FEA17486B
S315080480004FEA13491FFA87FCB4FBF8F008FB10443F
S3150804801049EA044400FB0CF9A1450ED93C1900F1C0
S31508048020FF3A2CBF4FF0010B4FF0000BA14503D9C3
S31508048030BBF1000F00F08B805046A4EB09041FFA2D
S3150804804083F9B4FBF8F308FB134403FB0CFC49EA75
S315080480500444A44506D93C1903F1FF3801D2A445C2
S315080480607BD8434643EA0040A4EB0C04A0FB0298E1
S315080480704445CC46434602D306D1CE4504D20138FC
S31508048080B9EB020C68EB0703002D6CD0BEEB0C02AF
S3150804809064EB030422FA01F304FA06F6CC40002141
S315080480A01E43C5E900643DE702FA03FEC3F1200155
S315080480B004FA03F200FA03FCCC404FEA1E4720FAFE
S315080480C001F11FFA8EF6B4FBF7F00A4307FB1044D6
S315080480D0110C41EA044100FB06F48C420ED91EEB4E
S315080480E0010100F1FF382CBF4FF001094FF00009D8
S315080480F08C4202D9B9F1000F2CD04046091B92B222
S31508048100B1FBF7F407FB141142EA014204FB06F13A
S31508048110914207D91EEB020204F1FF3801D29142BB
S315080481201ED84446521A44EA004120E7861A64EBEC
S31508048130030301200DE7F44402384AE7023C72447B
S3150804814031E702397244CCE6F4440238DFE60238F1
S315080481503C4472E702387144D0E7023B3C4481E769
S31508048160023C7244DEE72946DCE600BF704700BFDE
S3150804817010B50C46B1F90E10F8F768FA0028ABBF2B
S31508048180636DA3891B1823F48053ACBF6365A3816D
S3150804819010BD2DE9F0411F468B8905460C46DB05C3
S315080481A0164605D502230022B1F90E10F8F73CFA53
S315080481B0A3893246B4F90E10284623F48053A381C2
S315080481C03B46BDE8F041F7F773BF10B50C46B1F965
S315080481D00E10F8F729FA431CA38915BF606523F422
S315080481E0805343F48053A38118BFA38110BDB1F90A
S315080481F00E10F8F709BA2DE9F843074688461446D7
S315080482000026D4E90195B9F1010905D52468002C9D
S31508048210F7D13046BDE8F883AB89012B07D9B5F900
S315080482200E30013303D029463846C047064368351D
S31508048230E9E702440346934200D1704703F8011B59
S31508048240F9E77047704770479368013B002B9360C2
S3150804825010B408DA9469A34201DB0A2903D15DF84C
S31508048260044B00F01AB81368581C106008461970B5
S315080482705DF8044B7047F8B506460F461446D518FC
S31508048280AC4201D1002007E03A4614F8011B3046F7
S31508048290FFF7DAFF431CF3D1F8BDF8B50E461446CA
S315080482A0054618B1036A0BB9F7F7D8FEA369A360A4
S315080482B0A3891A0701D5236943B921462846F8F73D
S315080482C021F818B14FF0FF373846F8BD2368F6B2DF
S315080482D022693746981A6369834205DC214628468B
S315080482E000F00EF90028EDD1A368013BA3602368CA
S315080482F05A1C22601E70431C62699A4204D0A389E0
S31508048300DB07E1D50A2EDFD12146284600F0F8F826
S315080483100028D9D0D6E72DE9F047164698468A6844
S3150804832007460B690C46DDF820909342B8BF1346FE
S31508048330336091F843200AB1013333602368990600
S3150804834042BF336802333360256815F0060506D143
S3150804835004F1190AE36832689B1AAB422BDC94F8D9
S3150804836043302268003B18BF0123920630D404F137
S31508048370430241463846C847013023D023681A3495
S3150804838054F80A2C03F00603042B0ABF54F80E5CAF
S31508048390002533684FF0000608BFED1A54F8123C5E
S315080483A008BF25EAE5759342C4BF9B1AED18B54282
S315080483B01AD1002008E00123524641463846C847E8
S315080483C0013003D14FF0FF30BDE8F0870135C1E72E
S315080483D0E1185A1C30200233224481F8430094F8E9
S315080483E0451082F84310C2E701232246414638461F
S315080483F0C8470130E6D00136D9E7B1F90C202DE992
S31508048400F041170705460C4656D44B68002B02DC88
S315080484100B6C002B3DDDE66A002E3AD0002312F4DD
S3150804842080522F68216A2B6025D0626DA38958076C
S3150804843005D56368D21A636B0BB1236CD21A216A09
S315080484400023E66A2846B047411C24D0002363600B
S3150804845023692360A389DA0400D56065616B2F60FC
S31508048460B9B104F14403994202D02846C4F787FDFA
S31508048470002363630DE001232846B047461C0246E1
S31508048480D4D12B68002BD1D01D2B01D0162B2AD181
S315080484902F6000202EE02A68B4F90C3042B11D2A58
S315080484A001D0162A21D10023636023692360D5E706
S315080484B0626022692260CEE70F69002FE9D093072C
S315080484C00E680F600CBF4B690023A6EB07088B6088
S315080484D0B8F1000FDDDD43463A46216A2846A66A06
S315080484E0B047002808DCB4F90C3043F040034FF0D9
S315080484F0FF30A381BDE8F0810744A8EB0008E7E74D
S3150804850038B50B6905460C4613B90025284638BD07
S3150804851018B1036A0BB9F7F7A1FDB4F90C30002BAF
S31508048520F3D0626ED00704D4990502D4A06DFFF780
S3150804853089FE28462146FFF760FF636E0546DA077B
S31508048540E4D4A3899B05E1D4A06DFFF77CFEDDE79F
S31508048550C9B20346024410B59342184601D1002015
S3150804856003E0047801338C42F6D110BD062008B521
S31508048570F8F77EF80120E2F772FA884210B501EBA3
S31508048580020402D98442234607D8431EA14208D0CE
S3150804859011F8012B03F8012FF8E7024401468A4231
S315080485A000D110BD13F8014D02F8014DF7E770B577
S315080485B00C46B1F90E1096B0154600291E460CDA7B
S315080485C0A389002113F0800F14BF40234FF480635E
S315080485D0002031602B6016B070BD6A46F8F750F873
S315080485E00028EDDB019901F47041A1F500535942C5
S315080485F059414FF48063EBE78B89F7B59D07064627
S315080486000C4607D504F147032360236101236361FC
S3150804861003B0F0BD01AB6A46FFF7C9FF009F0546E4
S3150804862030463946C4F7A0FC48B9B4F90C309A0563
S31508048630EED423F0030343F00203A381E2E7A389FC
S31508048640206043F08003A381019BC4E904075BB15E
S31508048650B4F90E103046F8F725F828B1A38923F0A3
S31508048660030343F00103A381A3891D43A581CFE72F
S315080486700A44431E914200D1704710B511F8014BC4
S31508048680914203F8014FF9D110BD1F2938B50546A3
S315080486900C4604D9162303604FF0FF3038BDC26B6D
S315080486A012B152F821304BB9284600F016F8224682
S315080486B001462846BDE83840F8F704B8012B0AD025
S315080486C0591C03D1162303600120E7E7002120463D
S315080486D042F8241098470020E0E7E2F7C3B910F8F7
S315080486E0012B11F8013B012A28BF9A42F7D0D01A68
S315080486F07047034611F8012B03F8012B002AF9D118
S31508048700704730B514469BB005461A46002C05DA60
S315080487108B2303604FF0FF301BB030BD4FF4027358
S31508048720009104916946ADF80C3014BF04F1FF3387
S315080487302346029305934FF6FF73ADF80E301E9B3E
S31508048740F8F73CF8431CBCBF8B232B60002CE3D002
S31508048750009B00221A70DFE7C9B20346184613F8CD
S31508048760012B12B18A42F9D17047002918BF00209B
S3150804877070470139034610B532B111F8014F013A71
S3150804878003F8014B002CF7D11A440021934200D177
S3150804879010BD03F8011BF9E7034613F8012B002A59
S315080487A0FBD1181A013870470A7870B56AB970BDD2
S315080487B09A4209D10C46054614F8013F002BF6D017
S315080487C015F8016F9E42F7D001300378002BEFD1DC
S315080487D01846ECE72DE9F0471F468E6882460C4694
S315080487E0BE4290460B682DD8B1F90C2012F4906F4E
S315080487F026D06569096905EB4505A3EB01097B1CC8
S3150804880005EBD5754B446D109D4238BF1D4653057F
S3150804881027D52946C4F7A8FB064660B34A46216904
S31508048820FFF726FFA38923F4906343F08003A3810B
S3150804883026614E446561A5EB090526603E46A5609A
S31508048840BE4200D93E46324641462068FFF795FEA9
S31508048850A36800209B1BA360236833442360BDE8F8
S31508048860F0872A46C4F796FB06460028E0D1216914
S315080488705046C4F784FB0C234FF0FF30CAF8003087
S31508048880A38943F04003A381E9E702207047022045
S3150804889070470020704701207047002070470E205B
S315080488A07047FAF749BC08461146012200F081B818
S315080488B070B50C4611461A46F8F78EF8059B049EC1
S315080488C00493456933462046AC46BDE87040604784
S315080488D010B5F8F781F8BDE81040836908461847CB
S315080488E000F075BBF9F798BAF9F760BC00F0DFB881
S315080488F000F0F0B8F9F726BD70B504460D461646DD
S315080489004FF4881100F016F9324629462046BDE888
S315080489107040FAF777BE431E012B03D9031F58424A
S31508048920584170470120704700F07FBD4FF4E0724C
S315080489300021FFF77EBC0846FCF73ABB70B504462F
S31508048940F9F7A6FD0546A8B9A169F1B1238AD3B1F9
S31508048950204604F1100200F0D5FB38BBE16919B3CF
S31508048960638AA3B1204604F1120200F0A0FB78B191
S31508048970054603E00023A3612361E3610023284637
S315080489806361236270BDA061E8E72082E6E7E361DC
S31508048990216A0029F2D0A28A002AEFD02046E38A67
S315080489A0BDE8704000F042BB6182F1E76582E5618B
S315080489B0DEE7F9F749BF0A7838B505461046FFF7E2
S315080489C0AAFF60B14C782046FFF7A5FF38B12243C9
S315080489D0530704D42846BDE83840F9F7B9B8212026
S315080489E038BD10B504460878FFF795FF58B14A789C
S315080489F01046FFF790FF30B1042A04D02046BDE89C
S31508048A001040F9F7C3B8212010BD00F030BA7047FA
S31508048A1011B9D0F8E81021B1CB6813B18B68D8899D
S31508048A2070474FF6FF70704710B5F8F7E1F804463B
S31508048A3008B900F0FEFC204610BDF8F705BF00F0A3
S31508048A4062BAD0F8EC300BB90E2070474FF6FF72B5
S31508048A50038E93420B80F7D000207047F8B506467C
S31508048A600D46F8F7C5F8D8B94FF6FF734FF0240C3E
S31508048A70EF68C1B28F4208D81C4621463046F8F73B
S31508048A8083FA00F0D6FC2046F8BDAA680CFB01223E
S31508048A90D4899C4202D2002CEFD023460130E8E761
S31508048AA04FF6FF74EFE7008E704700F01DBA38B52D
S31508048AB004460D4600F0B2F850B129462046F8F7A8
S31508048AC063FA30B929462046BDE83840F8F74ABF64
S31508048AD00E2038BD70B504460D46164600F09EF8BD
S31508048AE058B129462046F8F74FFA38B93246294686
S31508048AF02046BDE87040FDF769BE0E2070BD00F043
S31508048B002DBBF9F75DB800F030BA00207047084667
S31508048B10FBF7CEBB00F025BB38B504460D4601F07D
S31508048B20AFFA0023C4F89C50C4F89830BDE838401E
S31508048B3001F0A1BA38B504460D4601F0A1FAD4F8F5
S31508048B409C301D40D4F8983023EA0505C4F898509B
S31508048B5001F091FA284638BD73B50D7806460C46D9
S31508048B6035B304238DF804302379304601A98DF8EA
S31508048B700530FFF736FF0546B8B92278A37952BB04
S31508048B808DF80430E379304601A98DF80530FFF7EE
S31508048B9012FF054648B923783BB161883046F9F790
S31508048BA0C9F90121304600F0F4F9284602B070BD2F
S31508048BB0294600F0EEF92946304600F012FA29460D
S31508048BC0304600F016FA2378002BCAD123798DF89B
S31508048BD004306379C9E702228DF80420D3E7F9F74C
S31508048BE0BBBAFAF7F7BF0846FBF7A6B8F9F7DCB934
S31508048BF0F9F780BA0B4610B514461846A168928848
S31508048C00FFF736FDE168034631B1A0886288121A77
S31508048C1092B21844FFF72CFD002010BD0346408A83
S31508048C2018B1188A003818BF012070470846FBF7A0
S31508048C305FBC431C08BF0020F8F756BE10B50446AF
S31508048C4000F06EF820B92046BDE81040F8F7A2BB3C
S31508048C5010BD00F001BC2DE9FF41984604460E46B6
S31508048C60174601F002FA05462046FFF7E7FF0A9B76
S31508048C703A4602930023314601932046CDF80080F4
S31508048C80F8F7D6FB0446284601F0EAF9204604B06C
S31508048C90BDE8F08138B5044601F0E7F905462046F3
S31508048CA0FFF7CCFF2046F8F7A1FB0446284601F057
S31508048CB0D7F9204638BD38B5044601F0D6F9054635
S31508048CC02046FFF7BBFF204600F039F8044628463D
S31508048CD001F0C6F9204638BD38B5044601F0C5F991
S31508048CE005462046FFF7AAFF204600F02EF804465C
S31508048CF0284601F0B5F9204638BD70B504460E4637
S31508048D0001F0B3F905462046FFF798FF3146204699
S31508048D10F8F7DAFB0446284601F0A2F9204670BDA6
S31508048D20F8F772BA10B501F0A0F9044600F015F880
S31508048D30F8F790FA2046BDE8104001F091B90246CA
S31508048D4008B5F8F761FA507D08BD024608B5F8F784
S31508048D505BFA507D80F0010008BD00F07DBBF8F792
S31508048D603FBE00F0CDB800F0EABA00F045BA022AD0
S31508048D7001D800F067BA21207047022A01D800F00A
S31508048D8072BA21207047022A01D800F07FBA21203E
S31508048D90704738B504460D4600F051FA28B12946FD
S31508048DA02046BDE8384000F081BA022038BD70B5C7
S31508048DB004460D46164600F042FA30B132462946B4
S31508048DC02046BDE8704000F079BA022070BD0E2036
S31508048DD0704738B504460D4600F031FA28B12946DD
S31508048DE02046BDE8384000F09ABA022038BD38B5A6
S31508048DF004460D4600F023FA28B129462046BDE864
S31508048E00384000F094BA022038BDFAF77DBA034612
S31508048E10DB8E08469342114601D3FAF793BA21200A
S31508048E207047FAF7DBBA013001D1FCF7DBB8212029
S31508048E30704700207047002070477047D0F8A0306C
S31508048E4003F06003402B0DD0602B03D0203B58421F
S31508048E505841704749B10B68012B06D9486940F057
S31508048E600100704740F20110704700207047F7B5BB
S31508048E7004461046D4E958C7DDE908268CEA0205F3
S31508048E8087EA06010540194085EA0C057940C4E9D4
S31508048E905851002523F4004106EA010320F0010095
S31508048EA043F40073024043F0020301950095FEF76C
S31508048EB0B7FB94F824309A0713D5D4F864319B0584
S31508048EC00FD54FF48811204600F080FB94F824301F
S31508048ED0024665F3410384F8243020460B46F8F726
S31508048EE0A1FC002003B0F0BD30B4D0F8A0300A408D
S31508048EF023EA01031343C0F8A03030BCF9F768BD70
S31508048F000520FBF7F7BC08B5D0F8F0304BB11A6862
S31508048F10022A06D993F825204AB1186AB0FBF2F05A
S31508048F2008BD40F62B324C210020F8F757F90020EB
S31508048F30F6E7D0F8F02008B57AB11368022B0CD9F5
S31508048F40536A13F47F4FC3F3072106D0126ADBB2C0
S31508048F5053438B42B3FBF1F006D2002040F64A3263
S31508048F604C21F8F73BF9002008BD0346B3F83E2127
S31508048F7008468A4203D0A3F83E11FAF73BBF0020FD
S31508048F80704790F83C310C2B14BF90F82B00FF2047
S31508048F90704738B50C464FF400610546FEF7D8FE0F
S31508048FA060B16CB195F82A3163B94FF480722846DA
S31508048FB0BDE838404FF48071FEF7B6BE2202F6E7E4
S31508048FC02246F4E738BD4FF48071FEF7C1BE10B5EA
S31508048FD00023F8F711FE044608B9FDF7E1FB20461D
S31508048FE010BD08B54A024FF40071FEF79DFE002035
S31508048FF008BD08B58A024FF48061FEF795FE002085
S3150804900008BD38B54FF03A430546DC6A808AC4F38E
S315080490100C04A04234BF0020012041F25F4208211B
S31508049020F8F7DCF8A88A001B80B238BD2DE9F041B0
S31508049030884618F0030706461546194633D1B2F58D
S31508049040805F30D89A422ED33F2A28D9B2FA82F4BE
S3150804905001220120C4F11F03DBB29A4092B2AA424C
S315080490602CBFC4F11904C4F11A04E2B2931DDBB28D
S31508049070984080B2A84214D096F80131ABB90120C1
S3150804908096F8253060F3000386F825304046FAF74B
S3150804909041FBC6F82080B5823846BDE8F0813A46D9
S315080490A0EAE70020ECE72127F6E70E27F4E7F8B508
S315080490B011F0030607460D46144621D102B3138858
S315080490C03F2B1DD9B3FA83F3C3F11901C9B2062993
S315080490D001D8192B12D0062928BF062101238A1D77
S315080490E0D2B293402846238000F08AF9238838466A
S315080490F0FD617B82FAF728FC3046F8BD3146EDE778
S315080491002126F9E738B5148811F003054FEAC40493
S315080491101ED13F2C1CD9B4FA84F4C4F11903DBB26A
S31508049120052B01D8192C11D0052B28BF052301249A
S315080491300633DBB204FA03F3C3F3CF041480816164
S3150804914004828387FAF700FC284638BD2B46EEE7E7
S315080491502125F9E708B190F92600704790F82D0003
S31508049160704708B50B46062200F59E711846FFF7A8
S315080491707FFA002008BD0429F8B505460C460AD12D
S315080491800026F7B23846FAF79FFE08B13C4602E0D5
S315080491900136042EF5D12046FAF796FE58B195F80D
S315080491A03C31A34209D085F83C4105F59E70BDE8DB
S315080491B0F840FAF725BE2120F8BD0020FCE7002276
S315080491C0F9F71EBDA0F84C30BDF90030C0F894106C
S315080491D0A0F84A20A0F84E3000207047F9F786BE5A
S315080491E010B5144608460121FCF706F82046BDE8E2
S315080491F010400121FCF700B870B5044615460E4622
S3150804920009B9212070BD130617D400F013F93146A5
S315080492102046FFF723FC4FF6FF739842F1D000F07F
S3150804922009F920464FF400310022FEF77DFD294650
S315080492302046BDE87040F9F701BB0E20E2E780211D
S31508049240FEF786BD7FB5531C05AA02920222019237
S315080492500022ADF8141000921146DBB2FEF782FD27
S3150804926007B05DF804FB7FB5531C05AA4FF0040C40
S3150804927002920222ADF81410CDE9002C0121002235
S31508049280DBB2FEF76FFD07B05DF804FB1FB54FF0C0
S31508049290080C531C0022CDE9002C01220291DBB2F2
S315080492A01146FEF75FFD05B05DF804FB08B50A0430
S315080492B04FF48031FEF738FD002008BDF8B5144692
S315080492C08A0707460E4601F0010309D4D3B1A2045E
S315080492D04FF48021384602F48022FEF725FD11E07A
S315080492E065083BB104F0010305F00105AB42EED075
S315080492F021200AE04FF48021FEF72AFD05F0010536
S31508049300A842F5D1730701D40020F8BDA2064FF090
S315080493108051384602F08052FEF706FDF4E708B598
S315080493200A054FF48011FEF7FFFC002008BD08B5B6
S31508049330CA044FF40021FEF7F7FC002008BD09B162
S3150804934041F01001F9F77ABA10B50446F9F770FA3C
S3150804935001462046BDE81040F9F770BAD0F8EC305B
S31508049360C3B15869B0B1531EDBB2FD2B09D8012A23
S3150804937005D143689A1C01D14FF0FF334B60002096
S315080493807047036813F1020F08BF4FF0FF33FF2A33
S315080493900B60EDE7212070472DE9F74F01251C46A0
S315080493A09DF83030064601930368174603F0070311
S315080493B006339D4005F1FF380B46A1B1416804EA1E
S315080493C0080BA5EB0B0A41F00059524509EB0B01B2
S315080493D014D952461846FFF74BF949467A1B5A449C
S315080493E05044FFF745F9019B2BB13C4448EA05086C
S315080493F004EA0804F46003B0BDE8F08F1846F0E701
S315080494004FF03A4301225A6741F6FF72D964186548
S315080494101A67704737B5002514460095FFF7BCFF51
S31508049420204603B030BDF9F767BE00207047002018
S3150804943070477047704710F0FD0F14BF4FF0FF30A8
S315080494400020C0B270470A4690F89410A02901D8A3
S31508049450F9F768BB2120704708B5FBF72BFBBDE875
S315080494600840FBF71BBC38B50446FFF7F5FF05466D
S31508049470FFF7F2FF431BA342FAD338BD38B50D46AE
S315080494800446FBF717FB35B1844200D90139204657
S3150804949001F0030138BD844238BF0131F7E708B546
S315080494A0FBF7ECFBBDE80840FBF7F8BB08B5012160
S315080494B0FFF7E4FFBDE80840FBF7F0BB08B521B1A8
S315080494C09200FFF7D5F8002008BD2120FCE700F03C
S315080494D06F43B3F1804F02D0B3F1204F02D120F08D
S315080494E07040704700F06043B3F1204F08BF20F086
S315080494F0805070470B0C23F48053B3F5284FF7B507
S315080495000D468FB2064699B216D04AF60103994219
S3150804951014D04AF60203994212D0B1F5204F14BF6B
S3150804952004240324D6F8EC300BB1196851B9D6F8DB
S31508049530E83093B928680EE00024F3E70124F1E73C
S315080495400224EFE7234668463A46FBF779FCDDE949
S315080495500003002BEBD103B0F0BD19680029E9D04C
S31508049560234668463A46FBF76BFCDDE90003002B05
S31508049570E0D1F0E70204C0F3891307D56FEA8353F1
S315080495806FEA935313F5007F18B206D0A3F1C80007
S315080495906FF4FF739842B8BF184670470020FBF76C
S315080495A0CDBF0120FBF7CABF0E2070477047FDF7F1
S315080495B0B7BAFDF7B5BAFDF7B3BAFDF7B1BA08B548
S315080495C00846FDF7D3FE08BDFDF7AABA38B5054621
S315080495D00C4600F055FDD5F89C301C40D5F898305B
S315080495E02343C5F8983000F046FD211E18BF012113
S315080495F00020490238BD002070470139024410B5DD
S31508049600904201D1002005E0037811F8014FA342E6
S3150804961001D0181B10BD0130F2E70000EFF31182E8
S31508049620302383F31188084B49B1D3F858110843FA
S31508049630C3F8580182F31188BFF36F8F7047D3F8C4
S31508049640581121EA0000F3E708180020EFF3118205
S31508049650302383F31188064BD3F8583182F31188E3
S31508049660BFF36F8F034214BF01200020704700BF69
S315080496700818002008B5064BD3F85C01FFF711F962
S31508049680012801D0F5F7E8FEBDE80840F5F7DDBE88
S315080496900818002008B5CFF760FB38B1044BD3F897
S315080496A0600118B103681878C0F3401008BD00BFFC
S315080496B00818002008B5FFF7EDFF00B9FEE700F02B
S315080496C0C5FC00B9FEE701214FF48060FFF7A6FF49
S315080496D000210220FFF7A2FF00214FF48030FFF794
S315080496E09DFF00210820FFF799FFF5F7AEFE00223B
S315080496F0014B83F8642108BD0818002008B5CFF784
S315080497002CFB50B1054BD3F8600130B103681888B7
S3150804971000F00700C31E5842584108BD0818002027
S31508049720014610B568B1174C00210420FFF776FFEF
S3150804973094F8643123B1F5F788FE002384F864317C
S3150804974010BDCFF70AFB0028FAD01020FFF766FFF2
S31508049750FFF7A0FF044628B101210820BDE8104000
S31508049760FFF75CBFF5F771FE01214FF48070FFF730
S3150804977055FF21460220FFF751FF21464FF480305A
S31508049780ECE700BF0818002038B50C460546D0F7A4
S31508049790BCF90023844228BF01F1FF31044A1B198E
S315080497A015B1C2E9843138BDC2E99031FBE700BF7F
S315080497B0081800204FF400221B4B5A664FF0B44396
S315080497C09868C0F304400C280AD8DFE800F00B07B1
S315080497D009092709191B1D1F21232500134870474A
S315080497E0002070479B6803F04073B3F1807F17D05D
S315080497F0B3F1007F16D00E4A002B08BF10467047F7
S315080498000C4870470C4870470C4870470C4870471A
S315080498100C4870470C4870470C4870470C4870470A
S315080498200C4870470C48704700900050404B4C0059
S3150804983000093D00405DC6000024F400C0EA210189
S31508049840002D310180BA8C010048E801005A6202F1
S315080498508096980080841E0040420F00014B586889
S31508049860704700BF206F00200A4B1B6F03F00703E5
S31508049870013B032B03D8DFE803F00B030609FEE7D5
S31508049880054B58687047044B9868704703487047F7
S315080498900348704700800050206F002080D543029B
S315080498A0002D310108B5FFF7DFFF044B1B6FC3F327
S315080498B003330133B0FBF3F008BD00BF008000504A
S315080498C0014B9868704700BF206F0020034B5A6805
S315080498D0D20702D5DA69002AF9D1704700C00A50BE
S315080498E00D490B6898B100229BB1834203D1836862
S315080498F022B90B6003E01A469B68F5E79360836810
S315080499001BB15A6941690A445A61002070472220EA
S3150804991070470220704700BF48430020F0B49DF802
S315080499201050BDF81460C0B10024C461EFF3118768
S31508049930302484F311880B4C246814B1A0420AD14C
S31508049940012487F31188BFF36F8F4CB9CDE9045608
S31508049950F0BC00F0C5BAA468EFE72220F0BC704753
S315080499600320FBE74843002010B5EFF311843023A6
S3150804997083F31188FFF7AAFF034B986984F31188C8
S31508049980BFF36F8F10BD00BF00C00A5070B5EFF368
S315080499901186302383F31188FFF798FF084D094B86
S315080499A0A869DC6B2B6CDB0703D5FFF78FFFA86967
S315080499B0013486F31188BFF36F8F214670BD00BF4B
S315080499C000C00A504843002038B50021044640F236
S315080499D0E730054B4FF47A721D680023E5FB040152
S315080499E0FEF736FA38BD00BF5418002010B50F4BE1
S315080499F01A689AB14FF47A71531E1342A0FB0101F7
S31508049A000ED1B2FA82F2C2F11F04531CD243E040CB
S31508049A1001FA03F3184321FA02F20243104610BD71
S31508049A200023FEF715FA0246F8E700BF541800208B
S31508049A3030B50F4C4161236893B9206083600EE00A
S31508049A40891A41619A681D4672B113465A698A424F
S31508049A50F6D93DB1A86083605A69521A5A6130BD75
S31508049A600025F3E72060F6E798608260F7E700BF11
S31508049A704843002038B50025FFF728FF094B0A4854
S31508049A809C69036C0268E31A2AB123B151699942A5
S31508049A9003D3C91A5161046438BD55615B1A9268C7
S31508049AA0F2E700BF00C00A504843002038B5164BF9
S31508049AB05A6E42F004025A66D3F8802242F0010232
S31508049AC0C3F88022114B5B68C3F3080343B14FF014
S31508049AD0A842D36B13F0430FFBD11424204638BD98
S31508049AE04FF0A843DC6B14F04304FBD1084D6B6CB0
S31508049AF023B9042105F14400E6F7BDF96B6C01337B
S31508049B0043F000436B64E9E70080005000ED00E091
S31508049B104843002010B54FF480641B4B9C66BFF382
S31508049B204F8F00F021FB00F016FB184B9C6680B1A2
S31508049B30B0F5E02F1ED012D8B0F5403F1CD009D896
S31508049B40B0F5803F1AD0B0F5003F08BF2A2018BFE9
S31508049B50012010BDB0F5802F08BF4B20F7E7B0F5FC
S31508049B60302F0DD0B0F57F0F0CD0B0F5202F08BFDD
S31508049B701020ECE72120ECE72C20EAE74820E8E768
S31508049B801120E6E70620E4E70090005000A0005004
S31508049B902DE9F0412A4D2B68002B4ED05C69294BE0
S31508049BA0002C3ED02A6C284F144402225A64EFF340
S31508049BB0108872B6FFF78AFEBE6900F05BF9FB6C83
S31508049BC03A6C900704D49A1B032A01D89E420FD1F3
S31508049BD0A31B022B98BFF41CB4F1FF3F38BF013C0A
S31508049BE000F048F90222184BDC6403F580535A64E2
S31508049BF0404600F040FA154B1A7F22B10121114A5A
S31508049C00916400221A7700232A6885F858302AB105
S31508049C10D188890709D5012385F858300020BDE87D
S31508049C20F08102225A641A64EDE79268002AF5D094
S31508049C3051690B44012BEBD9F0E72220EFE700BF6B
S31508049C404843002000D00A5000C00A50287000205B
S31508049C5038B5044638B3EFF3108572B6FFF70AFF32
S31508049C60124B1868A04209D02046FFF739FE04466D
S31508049C70A0B1284600F0FFF9204638BDFFF730FEAC
S31508049C8004460028F5D1FFF783FF222806D10122CE
S31508049C90074B1A77074B9A6402225A64284600F03F
S31508049CA0EAF90024E8E72224E6E700BF484300204F
S31508049CB02870002000E00A502DE9F84FEFF31188C8
S31508049CC0302383F31188574B57491B6C03F0010261
S31508049CD013F0020F03F003030B640ED13AB1534A8F
S31508049CE0D36B0133D363FFF7C5FEFFF751FF88F340
S31508049CF01188BFF36F8FBDE8F88F4C4E32B1F36B02
S31508049D000133F363FFF7B6FEFFF742FFEFF3118A59
S31508049D10302585F311884FF0000BFFF7ABFE5F463D
S31508049D2034680CB16369CBB10023012F86F8593026
S31508049D3004D11BF0020F18BF86F85970FFF728FFE5
S31508049D40222806D101223A4B1A77374B9A64022203
S31508049D505A648AF31188BFF36F8FC8E723465A6992
S31508049D603AB91A792179914288BF1C469B68002B17
S31508049D70F5D18AF31188BFF36F8FD4F810B0BBF10D
S31508049D80000F1DD0FFF7A2FD264B9A69A369A2EB23
S31508049D90030A4FEAEA72DA4572F1000211DB5B4400
S31508049DA0A361E36813B1204621689847B4F806B05E
S31508049DB00137EFF3118A85F31188FFF75BFEAFE7E6
S31508049DC0DA46EFF3118985F311882046FFF788FDF3
S31508049DD089F31188BFF36F8F2369002BE1D0A38B16
S31508049DE0BBEB0A0133B1E28B13449BB2B3F57A7F1A
S31508049DF010D2E383EFF3118A85F311882046FFF71F
S31508049E0017FEA36922691344A3618AF31188BFF371
S31508049E106F8FC6E7A3F57A73E383A3690139013B18
S31508049E20A361E7E700C00A5000E00A50484300204F
S31508049E302870002010B50446CEF78FFFB0B1B4F5EC
S31508049E40007F4FF001010ED12046FFF7E7FB002102
S31508049E501020FFF7E3FB00210548FFF7DFFBBDE809
S31508049E601040F5F7F2BA4FF48050F2E710BD00BF80
S31508049E700A000100034B5A68D20702D59A6D002AD4
S31508049E80F9D1704700C00A50036813F4E07F03F061
S31508049E903F00C3F382120BD0012A0BD0022A06D143
S31508049EA0074B49B103F58053012282401A60704773
S31508049EB0044BF6E7044BF4E703F50053F4E700BF55
S31508049EC06C8000506480005068800050012303FAB7
S31508049ED001F130235843014B1950704740D00350C1
S31508049EE0F8B51F469DF818300D460371002304463D
S31508049EF0C0E903238360BDF81C300760C380164697
S31508049F00FFF7E4FC0F4B9B692B44A36135B96561E4
S31508049F1016B139462046B0470020F8BDEFF310863F
S31508049F2072B6FFF7A7FD29462046FFF781FD064BC3
S31508049F301B689C4201D1FFF72BFE304600F09BF8C4
S31508049F40EAE700BF00C00A50484300204FF4807374
S31508049F5070B596B00292012421220193102303942A
S31508049F6004930592069107940893099201AA0A9202
S31508049F7006AA0B9204220C9211220D920AAA0E909A
S31508049F800F92109340F611031193194B12930EABCB
S31508049F901393184B149346F611031593FFF786FD8E
S31508049FA01428044620D1EFF3108072B64FF0A84364
S31508049FB01E681D6900F05FF84FF0A843032212A932
S31508049FC05A63196002A919619A63DA6B9207FCD17C
S31508049FD0142C06D1EFF3108072B61E601D6100F0D2
S31508049FE04AF8054B5B6801E00028E5D016B070BD59
S31508049FF08C4300200400002000ED00E0064A127895
S3150804A00042B1072806D8054A02EB00131B7B0BB19D
S3150804A010E2F7D6BF704700BF3C650020B462002053
S3150804A0200846C9F763BF1046C9F760BF00207047E2
S3150804A03083884BB18268013B0132826042888380FF
S3150804A040013A4280002070470120704708B5CEF7D0
S3150804A05084FE20B1BDE808400820FFF7F7BA08BD1A
S3150804A06080F31188BFF36F8F7047EFF311803023A5
S3150804A07083F31188704710B962B6BFF36F8F7047C0
S3150804A080EFF3108072B6704738B50C46EFF31185B6
S3150804A090302383F3118820285AD8DFE800F0111BEF
S3150804A0A05920232659292C592F59323559383B3EDC
S3150804A0B05941594459565947594A594D59505300C3
S3150804A0C0FFF7D2FB0023206085F31188BFF36F8F57
S3150804A0D0184638BD4FF4C070E2F70CFCF2E74FF4AB
S3150804A0E02070F9E74FF44070F6E74FF46070F3E731
S3150804A0F04FF40070F0E74FF48060EDE74FF44060EA
S3150804A100EAE74FF4C060E7E74FF4F060E4E74FF49A
S3150804A110B060E1E74FF4D060DEE74FF41060DBE7A8
S3150804A1204FF4E060D8E74FF4A060D5E74FF4186021
S3150804A130D2E74FF42860CFE74FF48070CCE74FF4AA
S3150804A1402060C9E74FF44860C6E74FF40860C3E7E0
S3150804A15000202123B7E74FF098435A6CD202FCD566
S3150804A160586D00F470207047036A10B5052B15D88E
S3150804A1704FF09842116CC902FCD504339B00136551
S3150804A18003684FF09844136043681360034653F812
S3150804A190081F11600022016A914200D810BD53F8C5
S3150804A1A0041F01322160F6E708B528220021FEF7CC
S3150804A1B040F8002008BD036A042B9FBF00EB830206
S3150804A1C00133D16003627047836813B981607047AD
S3150804A1D05B685A68012AFBD1596070470121FFF769
S3150804A1E053BE00000000000000000000000000004C
S3150804A1F0000000000000000000000000000000004D
S3150804A200F8B500BFF8BC08BC9E467047F8B500BF51
S3150804A210F8BC08BC9E4670475FF800F0C16E002083
S3150804A2206E756D5365676D656E7473203C3D206B62
S3150804A2304D61785365676D656E74730075696E74E0
S3150804A24031365F74206F743A3A5370696E656C3AA6
S3150804A2503A4275666665723A3A4F75744672616D26
S3150804A260654765744C656E6774682829002F6769A5
S3150804A270746875622F686F6D652F2E73696C6162D9
S3150804A280732F736C742F696E7374616C6C732F639C
S3150804A2906F6E616E2F702F626173655F626531330D
S3150804A2A03136393033646630662F702F2E2E2F2EB2
S3150804A2B02E2F622F6F70656E746462396364343648
S3150804A2C06437356434342F702F7574696C2F746849
S3150804A2D06972645F70617274792F6F70656E7468E1
S3150804A2E0726561642F7372632F6C69622F73706968
S3150804A2F06E656C2F7370696E656C5F6275666665EC
S3150804A300722E6370700045465233320066616C7370
S3150804A310650054686520636F6D6D616E6420226CF8
S3150804A320696E6B6D6574726963732071756572798C
S3150804A3302220686173206265656E207265706C619F
S3150804A3406365642062792074686520636F6D6D6146
S3150804A3506E6420226C696E6B6D6574726963732012
S3150804A36072657175657374222E0054686520636F6F
S3150804A3706D6D616E6420226C696E6B6D65747269AD
S3150804A3806373206D676D7422206861732062656546
S3150804A3906E207265706C61636564206279207468E6
S3150804A3A06520636F6D6D616E6420226C696E6B6DDA
S3150804A3B065747269637320636F6E666967222E001B
S3150804A3C0202D2050445520436F756E7465723A20CB
S3150804A3D0256C752028436F756E742F53756D6D61E2
S3150804A3E074696F6E2900202D204C51493A20257531
S3150804A3F020257300202D204D617267696E3A202549
S3150804A40075202864422920257300202D2052535391
S3150804A410493A202564202864426D29202573003191
S3150804A420352E34005200617069006C6576656C00DF
S3150804A430506172746974696F6E2049443A20256CB8
S3150804A4407500576569676874696E673A20257500EB
S3150804A450537461626C652044617461205665727335
S3150804A460696F6E3A202575004C65616465722052E1
S3150804A4706F757465722049443A2025750042425224
S3150804A480205072696D6172793A00736572766572E5
S3150804A49031363A20307825303458007365716E6F3A
S3150804A4A03A2020202025750064656C61793A2020BD
S3150804A4B02020257520736563730074696D656F754F
S3150804A4C0743A2020256C75207365637300204E6FDB
S3150804A4D06E6500746F74616C3A2025750066726542
S3150804A4E0653A202575006D61782D757365643A2083
S3150804A4F025750025733A20257520257520256C7544
S3150804A5000025642064426D006C6E616761696E00A3
S3150804A51052784F6E5768656E49646C653A202564AF
S3150804A52000446576696365547970653A2025640044
S3150804A5304E6574776F726B446174613A20256400C2
S3150804A5406173796E6300616C7473686F72746164A5
S3150804A550647200726574726965730064697265630E
S3150804A5607400737570706F727465640070726566D2
S3150804A57065727265640068656C7000636C69656E03
S3150804A5807400757000646F776E00556E6B6E6F7726
S3150804A5906E206572726F72004F74686572206572F8
S3150804A5A0726F72005265636569766564204C696EDC
S3150804A5B06B204D657472696373204D616E616765BE
S3150804A5C06D656E7420526573706F6E73652066725E
S3150804A5D06F6D3A20005374617475733A20257300BD
S3150804A5E025752062797465732066726F6D20003A4A
S3150804A5F02069636D705F7365713D257520686C69A4
S3150804A6006D3D25752074696D653D25756D7300204E
S3150804A6106F726967696E3A257320706C656E3A25A0
S3150804A62075207072656665727265643A257520765A
S3150804A630616C69643A257500616464006C696E6BC3
S3150804A6406C6F63616C00726C6F63006D6C65696432
S3150804A650006C6C61746E00726C61746E007C2025EB
S3150804A6602D34377320007C20252D343773207C0045
S3150804A6706368616E6E656C3A20257500706572694B
S3150804A6806F643A20256C7575730074696D656F750A
S3150804A690743A20256C75730052656365697665643A
S3150804A6A0204C696E6B204D6574726963732064610E
S3150804A6B0746120696E20456E682041636B2066725A
S3150804A6C06F6D206E65696768626F722C2073686F98
S3150804A6D0727420616464726573733A307825303213
S3150804A6E078202C20657874656E64656420616464DA
S3150804A6F0726573733A0045787420416464723A202B
S3150804A70000526C6F633A202578004C696E6B2051B1
S3150804A71075616C69747920496E3A202575004C690F
S3150804A7206E6B205175616C697479204F75743A2083
S3150804A7302575004167653A20256C750043534C20FE
S3150804A740636C6F636B2061636375726163793A2026
S3150804A75025750043534C20756E6365727461696E82
S3150804A76074793A20257500736561726368006368B5
S3150804A77065636B74696D656F7574006661696C638E
S3150804A7806F756E7465720072656D6F766500616CBF
S3150804A7906C006765740073746F70002D49002D6D25
S3150804A7A00050696E67696E672073796E746865739D
S3150804A7B0697A6564204950763620616464726573E3
S3150804A7C0733A20005458005258002563005B2573D9
S3150804A7D0206C656E3D253033755D00202530325872
S3150804A7E00020202000656E657267790020730020BA
S3150804A7F02530347820257500696E76616C696400A5
S3150804A8006465746163686564006368696C64006D93
S3150804A8106F64656C00737776657273696F6E006131
S3150804A820707075726C006E6F6E70726566657272A2
S3150804A83065646368616E6E656C7300506F72743A12
S3150804A84025642C205072696F726974793A25642CD0
S3150804A850205765696768743A25642C2054544C3A21
S3150804A860256C7500486F73743A257300486F7374C2
S3150804A870416464726573733A005458543A002C2040
S3150804A880003D002E2E2E5D00796573006E6F004420
S3150804A8904941475F4745542E7273702F616E732082
S3150804A8A066726F6D2000526F75746549643A20307C
S3150804A8B07825303278004C696E6B5175616C697411
S3150804A8C0794F75743A202575004C696E6B5175611C
S3150804A8D06C697479496E3A20257500526F757465EA
S3150804A8E0436F73743A202575002D20526F7574656D
S3150804A8F07249643A252D32750020546865207175AD
S3150804A90065726965642064657669636500204861D3
S3150804A910734C696E6B3A252D3373204C696E6B51F3
S3150804A92075616C6974794F75743A2575204C696E2E
S3150804A9306B5175616C697479496E3A257520004EB8
S3150804A940657874486F703A6E61204E657874486FFE
S3150804A95070436F73743A6E61004E657874486F700D
S3150804A9603A252D3275204E657874486F70436F7397
S3150804A970743A25750025733A20256C750025733AB3
S3150804A980202575004368696C6449643A2030782543
S3150804A9903034780054696D656F75743A20257500EE
S3150804A9A04C696E6B205175616C6974793A2025750A
S3150804A9B0004D6F64653A0042522053746174653AD7
S3150804A9C0202573004252204C6F63616C204F4D5210
S3150804A9D0205072656669783A2000425220444843FA
S3150804A9E05076362D5044204F4D5220507265666974
S3150804A9F0783A20004252204C6F63616C204F6E2DCA
S3150804AA006C696E6B205072656669783A200042520A
S3150804AA10204661766F726564204F6E2D6C696E6B85
S3150804AA20205072656669783A2000436F6E6E6563D6
S3150804AA307469766974793A00506172656E745072F5
S3150804AA40696F726974793A202564004C696E6B5192
S3150804AA5075616C697479333A202575004C696E6B97
S3150804AA605175616C697479323A202575004C696EA2
S3150804AA706B5175616C697479313A202575004C659A
S3150804AA8061646572436F73743A202575004964538B
S3150804AA90657175656E63653A202575004163746949
S3150804AAA07665526F75746572733A20257500536519
S3150804AAB06442756666657253697A653A2025750037
S3150804AAC0536564446174616772616D436F756E742E
S3150804AAD03A20257500526F757465446174613A00AD
S3150804AAE0456E68526F7574653A004C6561646572A3
S3150804AAF020446174613A00506172746974696F6EB6
S3150804AB0049643A2030782530386C78005374616289
S3150804AB106C654461746156657273696F6E3A202573
S3150804AB2075004C6561646572526F75746572496423
S3150804AB303A20307825303278004E6574776F726B18
S3150804AB4020446174613A20004D414320436F756E79
S3150804AB50746572733A004D4C4520436F756E74657F
S3150804AB6072733A0042617474657279204C6576652D
S3150804AB706C3A202575252500537570706C79205616
S3150804AB806F6C746167653A2025756D560043686174
S3150804AB906E6E656C2050616765733A2027004D61B7
S3150804ABA078204368696C642054696D656F75743AD6
S3150804ABB020256C750045554936343A200056656E8D
S3150804ABC0646F72204E616D653A2025730056656E72
S3150804ABD0646F72204D6F64656C3A20257300566560
S3150804ABE06E646F722053572056657273696F6E3A96
S3150804ABF02025730056656E646F7220417070205567
S3150804AC00524C3A2025730054687265616420537463
S3150804AC1061636B2056657273696F6E3A20257300FB
S3150804AC204E6F6E2D70726566657272656420436830
S3150804AC30616E6E656C73204D61736B3A20307825AE
S3150804AC406C7800425220496E6672612D6966204905
S3150804AC5050362041646472657373204C6973743A80
S3150804AC600045787420416464726573733A2000520F
S3150804AC706C6F6331363A203078253034780043686F
S3150804AC80696C64205461626C653A005B5265646160
S3150804AC90637465645D002D6E73006163746976651B
S3150804ACA00070656E64696E6700746C76730061641F
S3150804ACB064726573730053796E74686573697A652B
S3150804ACC064204950763620444E532073657276655F
S3150804ACD07220616464726573733A20007463700049
S3150804ACE075647000646973616C6C6F770053657280
S3150804ACF07665723A2000526573706F6E736554698F
S3150804AD006D656F75743A20256C75206D73004D61F9
S3150804AD10785478417474656D7074733A2025750097
S3150804AD20526563757273696F6E4465736972656497
S3150804AD303A20257300536572766963654D6F6465B9
S3150804AD403A202573004E617436344D6F64653A2093
S3150804AD502573005265636569766564204C696E6B74
S3150804AD60204D657472696373205265706F7274201E
S3150804AD7066726F6D3A20004C696E6B204D6574726D
S3150804AD80696373205265706F72742C2073746174CE
S3150804AD9075733A202573002575207061636B657495
S3150804ADA073207472616E736D69747465642C2025DE
S3150804ADB075207061636B6574732072656365697663
S3150804ADC065642E00205061636B6574206C6F737321
S3150804ADD0203D20256C752E257525252E0020526FBD
S3150804ADE0756E642D74726970206D696E2F6176674D
S3150804ADF02F6D6178203D2025752F25752E25303336
S3150804AE00752F2575206D732E00444E532072657375
S3150804AE10706F6E736520666F72202573202D20006F
S3150804AE202054544C3A256C752000444E53207175B1
S3150804AE3065727920726573706F6E736520666F72BA
S3150804AE402025732000257529005265636F726454A2
S3150804AE507970653A25752C205265636F72644C6562
S3150804AE606E6774683A25752C2054544C3A256C75CB
S3150804AE702C2053656374696F6E3A2573004E616DB1
S3150804AE80653A2573005265636F7264446174613A66
S3150804AE905B002E2E2E0073696E676C6500666F72F2
S3150804AEA07761726400286E756C6C29006175746F1D
S3150804AEB000636C65617200556E6B6E6F776E4572D2
S3150804AEC0726F7254797065004572726F72202575B7
S3150804AED03A20257300446F6E650046696E69736887
S3150804AEE0656420646574616368696E67007C2025FF
S3150804AEF02D31367320007C2025303478207C2000C0
S3150804AF00207C2025327520007C2025336420007C93
S3150804AF1020253375207C007C20253275207C20254D
S3150804AF203464207C00677561726474696D650065B4
S3150804AF306E68616E6365642D61636B00726567692B
S3150804AF4073746572002420257300626F6F746C6FC6
S3150804AF506164657200444E532062726F777365208C
S3150804AF60726573706F6E736520666F722025730041
S3150804AF70444E532073657276696365207265736FF0
S3150804AF806C7574696F6E20726573706F6E73652065
S3150804AF90666F7220257320666F72207365727669F0
S3150804AFA063652025730050726566697865733A008F
S3150804AFB0202573202530347800526F757465733AEA
S3150804AFC00053657276696365733A00436F6E7465F8
S3150804AFD07874733A00436F6D6D697373696F6E693C
S3150804AFE06E673A002530347820002065005478547A
S3150804AFF06F74616C3A20256C75005278546F7461CD
S3150804B0006C3A20256C750054696D65202573204DAE
S3150804B010696C6C693A200054696D652054726163E1
S3150804B0206B6564204D696C6C693A20006969640033
S3150804B030636865636B00546F4164640041646469C2
S3150804B0406E6700546F52656672657368005265666A
S3150804B05072657368696E6700546F52656D6F7665BD
S3150804B0600052656D6F76696E670052656769737419
S3150804B070657265640052656D6F766564006D656416
S3150804B08000686967680043616E6E6F742073757033
S3150804B090706F7274206E65772073657269657300C4
S3150804B0A053657269657320494420616C72656164ED
S3150804B0B0792072656769737465726564005365728D
S3150804B0C0696573204944206E6F74207265636F67DF
S3150804B0D06E697A6564004E6F206D61746368696E83
S3150804B0E0672073657269657320494400616E7377D6
S3150804B0F0657200617574686F726974790061646455
S3150804B1006974696F6E616C00756E7370656300733C
S3150804B1107276007372765F747874007372765F74ED
S3150804B12078745F736570007372765F7478745F6F92
S3150804B13070740050656E64696E672054696D657332
S3150804B14074616D700070656E64696E6774696D65A7
S3150804B1507374616D70004163746976652054696D12
S3150804B160657374616D700061637469766574696D7D
S3150804B170657374616D700057616B652D7570204336
S3150804B18068616E6E656C0077616B6575706368617E
S3150804B1906E6E656C004368616E6E656C204D6173F6
S3150804B1A06B006368616E6E656C6D61736B004465F4
S3150804B1B06C61790064656C61790045787420504146
S3150804B1C04E2049440065787470616E6964004D6563
S3150804B1D07368204C6F63616C2050726566697800E9
S3150804B1E06D6573686C6F63616C7072656669780007
S3150804B1F04E6574776F726B204B6579006E6574774C
S3150804B2006F726B6B6579004E6574776F726B204E3F
S3150804B210616D65006E6574776F726B6E616D65003E
S3150804B22050534B630070736B63005365637572699F
S3150804B230747920506F6C69637900736563757269F4
S3150804B2407479706F6C696379006174746163687486
S3150804B250696D650062627200627566666572696E1A
S3150804B260666F006363617468726573686F6C640003
S3150804B2706368696C647375706572766973696F6EF1
S3150804B280006368696C6474696D656F757400636FCF
S3150804B290756E746572730063736C006461746173AC
S3150804B2A06574006465627567006465746163680043
S3150804B2B0646973636F76657200646E7300646F6D98
S3150804B2C061696E6E616D65006475610065756936E0
S3150804B2D034006578746164647200666163746F72BD
S3150804B2E07972657365740066656D006966636F6E69
S3150804B2F066696700696E7374616E6365696400697B
S3150804B30070616464720069706D61646472006B656F
S3150804B3107973657175656E6365006C6561646572DC
S3150804B32064617461006C696E6B6D657472696373CC
S3150804B330006C6F67006D6F6465006D756C74697277
S3150804B3406164696F006E657464617461006E657426
S3150804B35073746174006E6574776F726B6469616780
S3150804B3606E6F73746963006E6574776F726B6B6561
S3150804B3707972656600706172656E740070696E67CD
S3150804B38000706C6174666F726D00706F6C6C7065BA
S3150804B39072696F640070726F6D697363756F757324
S3150804B3A00072637000726567696F6E00726C6F6312
S3150804B3B03136007363616E0073696E676C65746F0A
S3150804B3C06E0073727000746172676574706F776566
S3150804B3D07200746872656164007478706F77657258
S3150804B3E000756E736563757265706F727400757037
S3150804B3F074696D650076656E646F72004966496E98
S3150804B400556E6B6E6F776E50726F746F7300496604
S3150804B410496E4572726F72730049664F7574457248
S3150804B420726F7273004966496E5563617374506B23
S3150804B4307473004966496E42726F6164636173741A
S3150804B440506B7473004966496E4469736361726428
S3150804B450730049664F75745563617374506B7473DE
S3150804B4600049664F757442726F6164636173745000
S3150804B4706B74730049664F757444697363617264C7
S3150804B4807300547261636B656454696D650044693D
S3150804B4907361626C656454696D65004465746163BF
S3150804B4A068656454696D65004368696C6454696DBC
S3150804B4B06500526F7574657254696D65004C6561F3
S3150804B4C064657254696D650044697361626C656488
S3150804B4D0526F6C65004465746163686564526F6C89
S3150804B4E065004368696C64526F6C6500526F7574C5
S3150804B4F06572526F6C65004C6561646572526F6C57
S3150804B5006500506172746974696F6E496443686151
S3150804B5106E67657300426574746572506172746906
S3150804B52074696F6E417474616368417474656D708F
S3150804B530747300506172656E744368616E676573EF
S3150804B54000756E696E697469616C697A656400640C
S3150804B550697361626C65640073746F707065640006
S3150804B56072756E6E696E670062696E6400636C6FED
S3150804B570736500636F6E6E656374006C696E6B73D6
S3150804B58065637572697479006F70656E00697061B8
S3150804B590646472202D76006E657464617461207328
S3150804B5A0686F77006E6574646174612073686F7779
S3150804B5B0202D7800706172746974696F6E6964000D
S3150804B5C073727020636C69656E7420737461746534
S3150804B5D00073727020636C69656E74207365727685
S3150804B5E065720073727020636C69656E7420686F87
S3150804B5F073740073727020636C69656E7420736566
S3150804B60072766963650063736C206163637572613E
S3150804B61063790063736C20756E6365727461696E11
S3150804B620747900636F756E7465727320697000634C
S3150804B6306F756E74657273206D616300636F756EE2
S3150804B64074657273206D6C650064656C61797469E0
S3150804B6506D657200636F6D6D697400696E69740057
S3150804B6606D676D74676574636F6D6D616E64006D87
S3150804B670676D74736574636F6D6D616E6400726F64
S3150804B68075746572006C6561646572006175746FC2
S3150804B69073746172740063616C6C6261636B006BD2
S3150804B6A065796C65617365696E74657276616C003B
S3150804B6B074746C004D41432041646472657373006D
S3150804B6C04368004C51490052535349006D61786CE4
S3150804B6D0656E677468007374656572696E6764611C
S3150804B6E07461004C6F63616C2041646472657373A2
S3150804B6F000506565722041646472657373006D67F2
S3150804B7006D740070726F6265007175657279007286
S3150804B71065717565737400736C616163006468634D
S3150804B7207036006D616E75616C0062726F77736551
S3150804B730007265736F6C7665007265736F6C7665F7
S3150804B740340073657276696365686F737400457847
S3150804B75074656E6465642050414E0054785375636D
S3150804B760636573730054784661696C65640052783E
S3150804B770537563636573730052784661696C6564CF
S3150804B78000526F6C652044697361626C656400528B
S3150804B7906F6C6520446574616368656400526F6CF8
S3150804B7A065204368696C6400526F6C6520526F7536
S3150804B7B074657200526F6C65204C6561646572002D
S3150804B7C0506172746974696F6E20496420436861B4
S3150804B7D06E6765730042657474657220506172748D
S3150804B7E06974696F6E204174746163682041747466
S3150804B7F0656D707473004265747465722050617265
S3150804B800656E742041747461636820417474656D4F
S3150804B81070747300506172656E74204368616E6754
S3150804B8206573005278556E69636173740052784281
S3150804B830726F616463617374005278446174610061
S3150804B840527844617461506F6C6C00527842656139
S3150804B850636F6E005278426561636F6E52657175E7
S3150804B8606573740052784F7468657200527841643F
S3150804B870647265737346696C74657265640052789C
S3150804B880446573744164647246696C74657265646C
S3150804B8900052784475706C69636174656400527803
S3150804B8A04572724E6F4672616D65005278457272C2
S3150804B8B04E6F556E6B6E6F776E4E65696768626F0D
S3150804B8C072005278457272496E76616C6964537275
S3150804B8D06341646472005278457272536563005218
S3150804B8E0784572724663730052784572724F74686B
S3150804B8F06572005478556E696361737400547842AE
S3150804B900726F61646361737400547841636B526542
S3150804B9107175657374656400547841636B65640076
S3150804B92054784E6F41636B526571756573746564BB
S3150804B9300054784461746100547844617461506FAA
S3150804B9406C6C005478426561636F6E005478426586
S3150804B95061636F6E526571756573740054784F74BC
S3150804B9606865720054785265747279005478457221
S3150804B97072436361005478457272427573794368F9
S3150804B980616E6E656C00547845727241626F7274AA
S3150804B9900054784469726563744D617852657472AB
S3150804B9A079457870697279005478496E6469726564
S3150804B9B063744D61785265747279457870697279E1
S3150804B9C000366C6F2073656E6400366C6F20726582
S3150804B9D0617300697036006D706C00636F61702066
S3150804B9E0736563757265006170706C696361746907
S3150804B9F06F6E20636F6170004F4B0044726F700066
S3150804BA004E6F42756673004E6F526F7574650042C9
S3150804BA1075737900506172736500496E76616C6955
S3150804BA20644172677300536563757269747900417A
S3150804BA306464726573735175657279004E6F4164F7
S3150804BA406472657373004E6F74496D706C656D65C9
S3150804BA506E74656400496E76616C696453746174C6
S3150804BA6065004E6F41636B004368616E6E656C4199
S3150804BA7063636573734661696C75726500466373BF
S3150804BA80457272004E6F4672616D655265636569EB
S3150804BA9076656400496E76616C6964536F75726382
S3150804BAA065416464726573730044657374696E6191
S3150804BAB074696F6E4164647265737346696C746500
S3150804BAC0726564004E6F74466F756E6400416C72DD
S3150804BAD06561647900526573657276656445727248
S3150804BAE06F723235004970763641646472657373D1
S3150804BAF04372656174696F6E4661696C7572650037
S3150804BB004E6F7443617061626C6500526573706F41
S3150804BB106E736554696D656F7574005265617373E8
S3150804BB20656D626C7954696D656F7574004E6F74D2
S3150804BB30546D66004E6F6E4C6F7770616E44617417
S3150804BB40614672616D650052657365727665644512
S3150804BB5072726F723333004C696E6B4D617267692A
S3150804BB606E4C6F7700496E76616C6964436F6D6DD0
S3150804BB70616E640050656E64696E670052656A6535
S3150804BB806374656400000000284578706F6E656EFE
S3150804BB907469616C204D6F76696E672041766572AB
S3150804BBA06167652900534C2D4F50454E54485245FC
S3150804BBB041442F332E302E312E305F476974487531
S3150804BBC0622D3631653433636666623B20454652D8
S3150804BBD033323B204D6172203139203230323620DF
S3150804BBE030323A30383A3537000000000800000091
S3150804BBF0C1B9040810000000CAB9040818000000F6
S3150804BC00D3B9040820000000D7B9040828000000A6
S3150804BC1045B6040830000000F3B9040838000000EB
S3150804BC20DBB9040840000000E7B90408121206123A
S3150804BC300405050007B204084EB7040857B70408F4
S3150804BC40B4B60408C0B6040804A50408C3B60408B0
S3150804BC502AB70408217E010800000000EDB2040892
S3150804BC60197C01080000000009B70408E17E0108F0
S3150804BC700000000031B70408417D010800000000F7
S3150804BC8039B70408B17D010800000000FEB50408B0
S3150804BC90D17E01080000000042B70408D97E0108D5
S3150804BCA000000000EDB20408A39601080000000095
S3150804BCB0FEB60408914401080000000003B704080E
S3150804BCC0098601080000000009B704088144010830
S3150804BCD0000000000FB7040863850108000000008F
S3150804BCE0CFB604080945010800000000CCB60408CC
S3150804BCF0A1460108000000003CAF04087B41010886
S3150804BD00000000009FB504089DAB01080000000070
S3150804BD10D6B6040889AF0108000000008CB60408EA
S3150804BD207D8601080000000096B60408E95D01084E
S3150804BD3000000000EEB50408F386010800000000C0
S3150804BD409FB604088D96010800000000A2B60408F0
S3150804BD507D96010800000000DCB50408856E00081D
S3150804BD6000000000FEB50408A569000800000000EC
S3150804BD7090B60408F564000800000000CBB5040872
S3150804BD80996C00080000000096A704082D650008B1
S3150804BD9000000000B0B604084B6500080000000067
S3150804BDA068B5040865650008000000006DB5040858
S3150804BDB0E56500080000000073B50408397000083A
S3150804BDC0000000007BB50408C16F000800000000ED
S3150804BDD088B50408E371000800000000C5B9040822
S3150804BDE07F7900080000000049B204086D4701087D
S3150804BDF00000000054B20408DD47010800000000F2
S3150804BE0058B20408754801080000000063B2040823
S3150804BE101D490108000000008DB10408494B0108BA
S3150804BE200000000070B20408395801080000000038
S3150804BE3081B2040811960108000000008EB20408B5
S3150804BE4039AC01080000000097B20408BD53010884
S3150804BE50000000009BB20408A9760108000000004F
S3150804BE60A3B20408619A010800000000A9B20408F4
S3150804BE70514A010800000000B0B20408AD4B01089D
S3150804BE8000000000B9B204080D4C010800000000C7
S3150804BE90BDB204080F64010800000000C8B2040813
S3150804BEA055AE010800000000CCB204086F5501081D
S3150804BEB000000000D2B204089155010800000000F1
S3150804BEC0C5B10408E355010800000000DAB2040805
S3150804BED0E14F010800000000E7B204085D490108C3
S3150804BEE000000000EBB20408FB4F01080000000044
S3150804BEF0F4B204086950010800000000FFB20408FF
S3150804BF002D5101080000000006B304087552010803
S3150804BF10000000000EB30408219601080000000082
S3150804BF201AB30408E54601080000000025B304080E
S3150804BF30994C01080000000031B304086D46010855
S3150804BF400000000038B60408914A01080000000001
S3150804BF5035B3040851980108000000003AB30408F0
S3150804BF602D4501080000000045B30408254D0108C5
S3150804BF70000000004DB30408355301080000000012
S3150804BF8055B304083164010800000000FCB1040834
S3150804BF90A15601080000000067B30408A15401086B
S3150804BFA00000000014B2040821640108000000001F
S3150804BFB0C8B10408FD5801080000000075B3040858
S3150804BFC017570108000000007CB304082D5B01081C
S3150804BFD00000000081B30408E143010800000000E2
S3150804BFE08AB30408D15401080000000095B3040874
S3150804BFF0615D010800000000A1B304089D4601081C
S3150804C00000000000A5B30408F15F01080000000061
S3150804C010E1B20408A5A2010800000000ACB30408B4
S3150804C020F943010800000000B3B304080B600108D3
S3150804C03000000000FEB504082D6101080000000098
S3150804C040B8B304081544010800000000C2B3040884
S3150804C050B14D010800000000CBB50408316201089F
S3150804C06000000000C6B304082D63010800000000A0
S3150804C070D2B30408C162010800000000D9B3040859
S3150804C0803D90010800000000E0AC0408594E010880
S3150804C09000000000E1B304082D590108000000005F
S3150804C0A0EEB304089149010800000000F5B304083A
S3150804C0B0796301080000000017A80408314601083E
S3150804C0C00000000070B7040886B00408A0B004088D
S3150804C0D0BDB00408D6B00408756E6B6E6F776E0033
S3150804C0E0D2B3040817B704081DB7040823B704080D
S3150804C0F031310000E3B60408F1B60408040600006A
S3150804C100C0B60408C7B604080612040505000000EC
S3150804C11057B70408B4B60408C0B6040804A5040846
S3150804C120C3B604084FB5040800A8040809A80408F7
S3150804C1307EB6040885B604081800000082B404080C
S3150804C140200000008EB40408280000009BB40408EC
S3150804C15030000000A8B4040838000000B2B404088B
S3150804C16040000000BDB4040841B504084FB50408EE
S3150804C17058B5040860B50408000100FF0000000073
S3150804C180FCB30408040000000EB404080800000008
S3150804C19019B404080C00000025B4040810000000B3
S3150804C1A033B404081400000045B404081800000059
S3150804C1B052B404081C00000061B4040820000000FE
S3150804C1C074B4040800000000C8B40408020000009F
S3150804C1D0D5B4040804000000E2B40408060000000C
S3150804C1E0ECB4040808000000F7B404080A000000C8
S3150804C1F024B504080C00000002B504080E0000006B
S3150804C20015B504081000000033B5040833B1040852
S3150804C21045B104080000000056B1040867B10408D3
S3150804C220000000007FB104088DB104080000000076
S3150804C23077B1040887B104080000000095B1040822
S3150804C240A2B1040800000000AEB10408B4B10408A1
S3150804C25000000000BAB10408C5B1040800000000D3
S3150804C260CEB10408E0B1040800000000F0B10408E7
S3150804C270FCB104080100000007B2040814B204085B
S3150804C28000000000BEB10408C8B10408000000009C
S3150804C29020B2040825B20408010000002AB20408E2
S3150804C2A03AB20408000000009AAC0408BD770108F5
S3150804C2B000000000B1AE0408F740010800000000C1
S3150804C2C054B60408D9780108000000005BB60408CF
S3150804C2D0217801080000000060B60408017A010804
S3150804C2E0000000006FB60408217901080000000068
S3150804C2F0A1AC040859770108000000009FB204089D
S3150804C3008578010800000000A9AC040881560108D4
S3150804C3100000000008B104080FB1040817B10408A6
S3150804C32013B104081BB1040827B10408020000016C
S3150804C33000000500000100000600000214000C00BD
S3150804C340000100000F0002010000110000020000B5
S3150804C3501200020100001500020100001A00020280
S3150804C3600000210006010000240002010000270045
S3150804C370000100002F00000102000101ECB00408CE
S3150804C380F3B00408FDB0040836B004083CB0040849
S3150804C39043B004084DB0040858B0040861B0040852
S3150804C3A06AB0040875B00408F8B904087AB704082A
S3150804C3B0FBB9040800BA040807BA04080FBA040843
S3150804C3C014BA04081ABA040826BA04082FBA0408C0
S3150804C3D03CBA04088BB9040846BA040855BA0408D2
S3150804C3E062BA040868BA040894B704087DBA04084B
S3150804C3F084BA0408B2B8040894BA0408B4BA040897
S3150804C400A9BA0408C4BA0408CDBA0408D5BA0408F3
S3150804C410E5BA040800BB04080BBB040893B804086F
S3150804C4201BBB04082DBB040834BB040847BB04081B
S3150804C43057BB040865BB040874BB04087CBB040822
S3150804C4403E2000666163746F727972657365740061
S3150804C45017A80408CBB50408EEB3040849B20408BF
S3150804C4608DB10408C8B10408C5B104088DB504081B
S3150804C47006B3040897B50408A4B50408B4B50408B3
S3150804C4801AB3040858B204084DB30408D2B204080F
S3150804C490ACB30408C0B50408D1B50408E3B5040868
S3150804C4A0F3B5040863B2040897B2040806B6040888
S3150804C4B013B6040823B604082FB604083CB60408C1
S3150804C4C0E9AC04087DB0040881B00408040000003F
S3150804C4D0F3B8040808000000FDB804080C000000BE
S3150804C4E009B904081000000018B90408140000006B
S3150804C4F020B904081800000031B904081C0000001B
S3150804C50038B904082000000043B9040824000000D0
S3150804C5104CB90408280000005CB904082C00000083
S3150804C52064B90408380000006CB904084000000027
S3150804C53075B904083C00000086B9040830000000F8
S3150804C54091B9040834000000A8B90408480000009A
S3150804C55023B804084C0000002DB804085000000055
S3150804C56039B804085400000040B80408580000000C
S3150804C5704BB804085C00000054B8040860000000C6
S3150804C58064B80408640000006CB804086800000075
S3150804C5907EB804086C00000091B804087000000016
S3150804C5A09EB8040874000000ABB8040878000000BC
S3150804C5B0C2B804087C000000D6B80408800000004D
S3150804C5C0DFB8040884000000E8B804080000000086
S3150804C5D081B70408020000008FB7040804000000AD
S3150804C5E09DB7040806000000A8B704080800000060
S3150804C5F0B4B704080A000000E6B704080C000000F3
S3150804C600C0B704080E000000D5B7040810000000DF
S3150804C610F6B704084800000014B804081800000017
S3150804C62086B704082000000094B704082800000010
S3150804C630A2B7040830000000ADB7040838000000AB
S3150804C640B9B70408000000005BB704080800000036
S3150804C65065B70408040000006EB704080C0000005F
S3150804C66078B7040867B1040800000000F94901080E
S3150804C670000000000F750108000000008DB10408D1
S3150804C680080000002944010800000000DD590108DB
S3150804C69000000000A2B104080B0000004944010888
S3150804C6A000000000FD54010800000000B4B10408AD
S3150804C6B00600000055440108000000000D55010855
S3150804C6C00000000049B604080600000055440108A5
S3150804C6D0000000000D55010800000000C5B104085B
S3150804C6E0040000003F5601080000000065480108E0
S3150804C6F000000000E4B104080500000061650108B3
S3150804C70000000000C950010800000000E0B1040858
S3150804C710050000006165010800000000C950010811
S3150804C72000000000FCB1040802000000715601086C
S3150804C730000000001D5501080000000014B204089A
S3150804C7400300000061440108000000004575010863
S3150804C75000000000C8B1040807000000714401087D
S3150804C76000000000FD5901080000000045B1040856
S3150804C77001000000014A01080000000029750108AB
S3150804C7800000000025B204080900000079560108D3
S3150804C7900000000043550108000000003AB20408EE
S3150804C7A00A00000065450108000000000D5A01084A
S3150804C7B00000000087B104080C0000003944010891
S3150804C7C000000000ED59010800000000A01900202F
S3150804C7D0000000002D75002D62002D68000D0A006A
S3150804C7E0696E7374616E63653A222573222C206E12
S3150804C7F0616D653A222573002C257300222C20735B
S3150804C800746174653A25732C20706F72743A2564C2
S3150804C8102C207072696F726974793A25642C2077B2
S3150804C82065696768743A256400456E61626C656477
S3150804C830006E616D653A002C2073746174653A253F
S3150804C840732C2061646472733A0053525020636CEB
S3150804C85069656E742063616C6C6261636B202D205C
S3150804C8606572726F723A257300486F737420696E25
S3150804C870666F3A0053657276696365206C697374EA
S3150804C8803A0052656D6F76656420736572766963DE
S3150804C89065206C6973743A0025783A25783A2578C0
S3150804C8A03A25783A3A2F3634007C20252A73007CB8
S3150804C8B0252A2E2A73002B00656E61626C65006456
S3150804C8C0697361626C6500436F6E6E656374696E45
S3150804C8D06720746F2073796E74686573697A656402
S3150804C8E0204950763620616464726573733A200071
S3150804C8F025642062797465732066726F6D20002042
S3150804C9002564200053656E64696E6720746F20730E
S3150804C910796E74686573697A656420495076362039
S3150804C920616464726573733A20002D73002D740074
S3150804C9303A3A002F256400256C75642E002530329A
S3150804C940753A253032753A25303275002E2530333E
S3150804C950750045434453410045435F4448004543F5
S3150804C9600000000000000000FB3F01082D3F0108FD
S3150804C970233F010829400108593F01084D3F010892
S3150804C980141C2030400002020204040607050305AD
S3150804C99004040605030201000400000052C9040841
S3150804C9A007DE020891DE0208ED130308551803088A
S3150804C9B00000000000000000751A0308FFE70208DB
S3150804C9C015E7020871DE02080300000058C90408C6
S3150804C9D007DE020885DE02080000000000000000E9
S3150804C9E00000000000000000751A0308FFE70208AB
S3150804C9F015E7020871DE0208020000005EC9040891
S3150804CA0007DE0208FBDD0208ED13030855180308C0
S3150804CA100000000000000000751A0308FFE702087A
S3150804CA2015E7020871DE020800000000F8C90408C8
S3150804CA30C8C9040898C90408011000240011127111
S3150804CA40000000800044400409008003FF06000635
S3150804CA502573222573220000BC020000102700005B
S3150804CA6010270000102700001027000010270000D8
S3150804CA70FF020000000000000000000000000002A1
S3150804CA8018CB0408000601170C081D1D1708060C08
S3150804CA900101010101010101061B06000602060443
S3150804CAA00706070002020204040207546872656155
S3150804CAB06440400000404080808080000090886880
S3150804CAC0480402020C0C0A00FF03000000000000E0
S3150804CAD000000000000000FC000000000101030340
S3150804CAE00505060700020202040406070A0C0900E3
S3150804CAF0FF03000000000000000000000000000121
S3150804CB00C8CA0408FF020000000000000000000074
S3150804CB1000000001F0CA0408FF030000000000003A
S3150804CB20000000000000000204CB040875696E7456
S3150804CB3031365F74206F743A3A5370696E656C3A8D
S3150804CB403A4275666665723A3A4765744469737417
S3150804CB50616E636528636F6E73742075696E7438C5
S3150804CB605F742A2C20636F6E73742075696E74382B
S3150804CB705F742A2C20446972656374696F6E292070
S3150804CB80636F6E73740075696E74385F742A206FE8
S3150804CB90743A3A5370696E656C3A3A4275666665D4
S3150804CBA0723A3A4765745570646174656442756689
S3150804CBB05074722875696E74385F742A2C207569E6
S3150804CBC06E7431365F742C20446972656374696FB8
S3150804CBD06E2920636F6E7374006D577269746544A9
S3150804CBE06972656374696F6E20213D206B556E6B9F
S3150804CBF06E6F776E006F744572726F72206F743A37
S3150804CC003A5370696E656C3A3A4275666665723A65
S3150804CC103A496E4672616D65417070656E64287531
S3150804CC20696E74385F742900612F616500612F612C
S3150804CC306E00612F617100612F617200612F61734B
S3150804CC4000612F736400612F796C00622F626100A2
S3150804CC50622F626D7200622F627100632F61620037
S3150804CC60632F616700632F617200632F617300632A
S3150804CC702F636100632F636700632F637000632F5C
S3150804CC80637300632F646300632F657200632F6503
S3150804CC907300632F6A6500632F6A6600632F6C61ED
S3150804CCA000632F6C7000632F706300632F70670036
S3150804CCB0632F707100632F707300632F727800639B
S3150804CCC02F746500632F747800632F757200632FC1
S3150804CCD0757400642F646100642F646700642F64AC
S3150804CCE07100642F6472006E2F646E006E2F647276
S3150804CCF0006E2F6D7200000000000000770000002F
S3150804CD0000000000700000000000000001000000A0
S3150804CD10600000000000000001000000610000003F
S3150804CD20000000000100000063000000000000008D
S3150804CD30010000004100000000000000010000009E
S3150804CD404300000000000000010000004800000045
S3150804CD500000000001000000470000000000000079
S3150804CD60010000000D15000000000000010000008D
S3150804CD705200000000000000010000005A000000F4
S3150804CD8000000000010000005B0000000000000035
S3150804CD90010000004200000000000000010000003D
S3150804CDA04900000000000000010000000000000027
S3150804CDB00B00000001000000000000000E00000047
S3150804CDC001000000000000006800000000000000E8
S3150804CDD030000000000000000000000066000000AB
S3150804CDE0000000000100000021000000000000000F
S3150804CDF001000000360000000000000001000000E9
S3150804CE004400000000000000010000004500000086
S3150804CE1000000000010000004600000000000000B9
S3150804CE20010000004B0000000000000001000000A3
S3150804CE304C00000000000000000000002200000072
S3150804CE4000000000010000000D19000000000000A9
S3150804CE50010000003E15000000000000000000006C
S3150804CE60710900000000000000000000040001022F
S3150804CE700300020209020201080502020204020270
S3150804CE800202020202020202030202020207060068
S3150804CE9000000000CD220208000000000100000086
S3150804CEA0D52202080000000002000000C744020858
S3150804CEB00000000003000000F12202080000000040
S3150804CEC004000000F7220208000000000500000024
S3150804CED0FF2202080000000006000000AF20020836
S3150804CEE00000000007000000C3200208000000003C
S3150804CEF0080000008325020800000000090000005D
S3150804CF0073220208000000000C000000CD2002086D
S3150804CF10000000000D000000B9200208000000000F
S3150804CF202000000039240208000000002100000047
S3150804CF30E71F020800000000220000005B20020828
S3150804CF400000000023000000D3400208000000008F
S3150804CF50240000008F680208000000002500000075
S3150804CF60A168020800000000260000009D250208AA
S3150804CF700000000027000000D92002080000000075
S3150804CF8028000000FB240208000000002900000015
S3150804CF9067200208000000002A000000C168020891
S3150804CFA0000000002C000000D968020800000000F8
S3150804CFB03000000071200208000000003100000063
S3150804CFC0552002080000000032000000E53E020871
S3150804CFD000000000340000001524020800000000C8
S3150804CFE035000000D73E02080000000036000000A5
S3150804CFF0C93E020800000000370000004324020866
S3150804D0000000000038000000F91F020800000000B4
S3150804D0103A000000874102080000000040000000B2
S3150804D020A926020800000000410000005524020851
S3150804D0300000000042000000672402080000000007
S3150804D040430000001121020800000000440000000B
S3150804D050D144020800000000450000002724020805
S3150804D0600000000046000000EB260208000000004D
S3150804D07047000000B541020800000000480000000F
S3150804D080C34102080000000049000000DD2402082C
S3150804D090000000004A000000E94102080000000000
S3150804D0A04C000000CD1B02080000000050000000E0
S3150804D0B0F1680208000000005100000053690208E4
S3150804D0C000000000530000007D2102080000000053
S3150804D0D0570000003521020800000000590000002E
S3150804D0E059210208000000005A000000937602083D
S3150804D0F0000000005B0000002B7C02080000000012
S3150804D1005C000000ED3E0208000000005D0000001F
S3150804D1107F240208000000005E000000BF29020800
S3150804D12000000000600000007127020800000000EB
S3150804D1306100000061270208000000006200000088
S3150804D1402B2702080000000063000000054B0208B4
S3150804D15000000000640000007922020800000000B4
S3150804D16065000000AF240208000000006600000005
S3150804D170714B020800000000670000008F210208B6
S3150804D18000000000A00000008B2402080000000034
S3150804D190A10000003B78020800000000A20000007D
S3150804D1A0A57702080000000001050000F7410208FF
S3150804D1B00000000002050000034202080000000007
S3150804D1C0030500000F4202080000000004050000E1
S3150804D1D01B42020800000000050500002742020859
S3150804D1E000000000060500003342020800000000A3
S3150804D1F0070500003F420208000000000805000079
S3150804D2004B420208000000000905000057420208C4
S3150804D210000000000A05000063420208000000003E
S3150804D2200B0500006F420208000000000C05000010
S3150804D2307B420208000000000D0500008742020830
S3150804D240000000000E0500009342020800000000DA
S3150804D250640500009F4202080000000065050000FE
S3150804D260AB4202080000000066050000B742020847
S3150804D2700000000067050000C34202080000000021
S3150804D28068050000CF420208000000006905000096
S3150804D290DD420208000000006A050000EB420208AD
S3150804D2A0000000006B050000F942020800000000B7
S3150804D2B06C0500002D430208000000006D050000FF
S3150804D2C03B430208000000006E05000049430208BB
S3150804D2D0000000006F050000574302080000000024
S3150804D2E0700500006543020800000000710500008F
S3150804D2F07343020800000000720500000743020891
S3150804D3000000000073050000154302080000000031
S3150804D310740500002143020800000000C805000047
S3150804D3208143020800000000C90500008943020879
S3150804D33000000000CA05000091430208000000002E
S3150804D340CB0500009943020800000000CC05000044
S3150804D350A143020800000000CD050000A943020805
S3150804D360000000002C060000B1430208000000007B
S3150804D3702D060000B9430208000000002E0600002E
S3150804D380C14302080000000030060000C943020831
S3150804D3900000000031060000D74302080000000020
S3150804D3A032060000E54302080000000033060000C8
S3150804D3B0F34302080000000090060000333F020809
S3150804D3C00000000091060000AF4B020800000000B0
S3150804D3D092060000094002080000000093060000B7
S3150804D3E09F4D0208000000000408000015200208EA
S3150804D3F000000000050800001F20020800000000C5
S3150804D400081000007B220208000000000910000032
S3150804D410E32302080000000009130000253F020860
S3150804D420000000000A130000FF20020800000000A4
S3150804D4300015000001440208000000000115000060
S3150804D440914002080000000006150000C7240208DF
S3150804D450000000000B1500002B460208000000001F
S3150804D4600D150000CD330208000000000E1500005B
S3150804D470FF33020800000000131500009724020871
S3150804D4800000000014150000A32402080000000090
S3150804D490151500001D3F02080000000018150000BD
S3150804D4A0C54A02080000000019150000E54A0208EA
S3150804D4B000000000221500000347020800000000CF
S3150804D4C02915000015410208000000002A1500006D
S3150804D4D027410208000000002B150000ED20020871
S3150804D4E0000000003715000035410208000000005E
S3150804D4F00E190000E9240208000000000F190000B4
S3150804D500FD22020800000000121900000F44020858
S3150804D51000000000131900001D4402080000000062
S3150804D52014190000654E02080000000015190000D1
S3150804D530DD440208000000001619000081270208CD
S3150804D5400000000017190000D14E02080000000070
S3150804D55000400000351B02080000000001400000DE
S3150804D560E32002080000000002400000371B0208FE
S3150804D57000000000034000008D440208000000007B
S3150804D58001000000630000000200000063000000C0
S3150804D59004000000430000000800000060000000CA
S3150804D5A01000000061000000800000004800000030
S3150804D5B00001000047000000000200000D150000ED
S3150804D5C00004000052000000000800005200000099
S3150804D5D0001000006600000000200000660000003D
S3150804D5E00040000021000000008000003600000012
S3150804D5F0000001004400000000000200450000008D
S3150804D60020000000630000004000000063000000E2
S3150804D6100000040046000000000008004B0000005B
S3150804D620000020000019000000004000220000004D
S3150804D630000000014100000000000002710900001A
S3150804D64028CC04082DCC040832CC040837CC0408AA
S3150804D6503CCC040841CC040846CC04084BCC04084A
S3150804D66050CC040856CC04085BCC040860CC0408E7
S3150804D67065CC04086ACC04086FCC040874CC040886
S3150804D68079CC04087ECC040883CC040888CC040826
S3150804D6908DCC040892CC040897CC04089CCC0408C6
S3150804D6A0A1CC0408A6CC0408ABCC0408B0CC040866
S3150804D6B0B5CC0408BACC0408BFCC0408C4CC040806
S3150804D6C0C9CC0408CECC0408D3CC0408D8CC0408A6
S3150804D6D0DDCC0408E2CC0408E7CC0408ECCC040846
S3150804D6E0F1CC0408554E444546494E4544000000CD
S3150804D6F00202030000000000090000001A000000EE
S3150804D70013B779FAC925DDB7ADF3CFE0F1B614B886
S3150804D7100102000000000000FFFFFFFF02000000F6
S3150804D72001000000000000000000000000000000E6
S3150804D73000000000000000000000000000000000D7
S3150804D74000000000000000000000000000000000C7
S3150804D750008000006A09E667BB67AE853C6EF37213
S3150804D760A54FF53A510E527F9B05688C1F83D9AB9A
S3150804D7705BE0CD19005465726D696E616C004F707B
S3150804D780656E5468726561640044656661756C7497
S3150804D790446F6D61696E0000487000200000000047
S3150804D7A0000001000000000000000000FFFFFFFF6A
S3150804D7B0FFFFFFFFFFFFFFFF99DEF836146BC9B1C1
S3150804D7C0B4D22831FFFFFFFFFFFFFFFFFFFFFFFF74
S3150804D7D0FFFF16A2E0B8F03E13DD29455C5C2A3D3E
S3150804D7E0FFFFFFFF00000000FFFFFFFFFFFFFFFF33
S3150804D7F0BCE6FAADA7179E84F3B9CAC2FC632551E1
S3150804D800000000007AFF809F79FF009F73FF809EC7
S3150804D81010D90408F4D80408D8D80408000000006D
S3150804D8201E000000160000000100000001000000B0
S3150804D830010400000000000000000000570000007A
S3150804D8400104010303060105010501090600060B87
S3150804D8500000070B050B0000000000000000000094
S3150804D86000000000000054545220524547474553CF
S3150804D87000000000000000000100A00202020202EB
S3150804D88064000000B6000000640000000001000007
S3150804D8900000000000000000000000000B0000006B
S3150804D8A064656661756C742E736572766963652E34
S3150804D8B06172706100DEAD00BEEF00CAFE785816CC
S3150804D8C086FDB4580FB092546AECBD1566FDDEADFC
S3150804D8D000BEEF0000000000020000000000000087
S3150804D8E00000000000000000000000000000000026
S3150804D8F00000000002000000000000000000000014
S3150804D9007B0B01087B0B010845CE00085D0B01085B
S3150804D9100200000071DE0008A3F6000827CC000800
S3150804D92029CC00085FCE000879CE00080000000064
S3150804D93000000000000000000080000000800000D5
S3150804D94000800000008000000080000000800000C5
S3150804D95000800000008000000080000000800000B5
S3150804D96000800000008000000180000001800000A3
S3150804D9700180000001800000018000000280000090
S3150804D980028000000280000003800000048000007A
S3150804D9900580000006800000088000000C80000056
S3150804D9A00F800000090000000A0000000C000000B7
S3150804D9B00E0000001100000013000000160000000D
S3150804D9C01B000000220000002D000000B387020897
S3150804D9D0D587020869D1020815880208398A020817
S3150804D9E0138B020809910208010000002C6F00201D
S3150804D9F00000000065636B65792E51002A8648CEBF
S3150804DA003D03010100736563703139327231007365
S3150804DA106563703232347231002A8648CE3D03017A
S3150804DA20070073656370323536723100B0E0040856
S3150804DA300100080090E0040801000800FFFFFFFF4A
S3150804DA40FFFFFFFFFEFFFFFFFFFFFFFFFFFFFFFFD5
S3150804DA50FFFFFFFFB1B946C1ECDEB8FE49302472B8
S3150804DA60ABE9A70FE7809CE5190521643128D2B4F0
S3150804DA70B1C96B1436F8DE99FFFFFFFFFFFFFFFFFE
S3150804DA80FFFFFFFF1210FF82FD0AFFF40088A1437F
S3150804DA90EB20BF7CF69030B00EA88D181148791E7D
S3150804DAA0A177F973D5CD246BED11106378DAC8FF25
S3150804DAB0952B190701000000010000000000000072
S3150804DAC000000000FFFFFFFFFFFFFFFFFFFFFFFF50
S3150804DAD0FFFFFFFF00000000B4FF552343390B275F
S3150804DAE0BAD8BFD7B7B04450563241F5ABB3040CD5
S3150804DAF0850A05B43D2A5C5C4529DD133EF0B8E089
S3150804DB00A216FFFFFFFFFFFFFFFFFFFFFFFFFFFF59
S3150804DB10211D5C11D68032342211C256D3C1034A60
S3150804DB20B99013327FBFB46BBD0C0EB7347E008533
S3150804DB309981D5446447075AA07543CDE6DF224C3C
S3150804DB40FB23F7B5886337BDFFFFFFFFFFFFFFFF22
S3150804DB50FFFFFFFF000000000000000000000000B7
S3150804DB6001000000FFFFFFFF4B60D2273E3CCE3B7F
S3150804DB70F6B053CCB0061D65BC86987655BDEBB396
S3150804DB80E7933AAAD835C65A512563FCC2CAB9F3EB
S3150804DB90849E17A7ADFAE6BCFFFFFFFFFFFFFFFF52
S3150804DBA000000000FFFFFFFF96C298D84539A1F48C
S3150804DBB0A033EB2D817D0377F240A463E5E6BCF838
S3150804DBC047422CE1F2D1176BF551BF376840B6CB03
S3150804DBD0CE5E316B5733CE2B169E0F7C4AEBE78EFF
S3150804DBE09B7F1AFEE242E34F14DEF9DEA2F79CD6C7
S3150804DBF05812631A5CF5D3EDFCD904080800000032
S3150804DC0005DA040805DA040801000000D0E004086F
S3150804DC10050000000FDA04080FDA04080200000001
S3150804DC2019DA04080800000022DA040822DA0408CB
S3150804DC3003000000000000000000000000000000CF
S3150804DC400000000000000000505341004B455900F5
S3150804DC50000000007AFF80AF79FF00AF73FF80AE43
S3150804DC6009204000000000007BFF80B079FF80B0E7
S3150804DC7078FF80B176FF00B16CFF00B36BFF00B28A
S3150804DC803506FEB823D48712000000000000010000
S3150804DC900400010010000400020020002400030010
S3150804DCA040004400040000000400050007000000CA
S3150804DCB0191B020800000000210000001F59020871
S3150804DCC00000000022000000592602080000000097
S3150804DCD024000000A75302080000000025000000E5
S3150804DCE0CD5302080000000028000000AD520208C7
S3150804DCF0000000002A000000FD530208000000008E
S3150804DD002B00000049550208000000002C00000002
S3150804DD101D1B02080000000030000000B55402086C
S3150804DD200000000031000000692502080000000018
S3150804DD3032000000111B0208000000003400000035
S3150804DD402B250208000000003600000007250208FB
S3150804DD500000000037000000634F020800000000BE
S3150804DD603800000015540208000000003A000000BC
S3150804DD7033260208000000003B000000234F020877
S3150804DD80000000003D0000004B540208000000009B
S3150804DD90410000008B4F020800000000420000000A
S3150804DDA0CB4F020800000000430000008D5902080A
S3150804DDB00000000044000000C72602080000000016
S3150804DDC045000000FF590208000000004600000054
S3150804DDD0595A020800000000470000000D270208EF
S3150804DDE00000000049000000CF50020800000000AF
S3150804DDF04A000000391B0208000000004C0000001D
S3150804DE0083290208000000005C000000D56E0208A1
S3150804DE10000000005E000000A1580208000000008F
S3150804DE206200000035560208000000006500000084
S3150804DE307350020800000000670000000757020834
S3150804DE4000000000720000009F6002080000000045
S3150804DE50730000001161020800000000750000004C
S3150804DE604D28020800000000A00000001B5002080C
S3150804DE7000000000000500006D7D02080000000097
S3150804DE8091060000371F02080000000092060000F1
S3150804DE90251F020800000000930600005B7D0208A7
S3150804DEA00000000008100000856E0208000000004B
S3150804DEB00A130000135602080000000000150000AB
S3150804DEC07D2802080000000006150000A350020879
S3150804DED0000000001315000063500208000000004B
S3150804DEE0141500006B500208000000001515000008
S3150804DEF0571B020800000000181500004B5F0208B3
S3150804DF0000000000191500008B5F020800000000DD
S3150804DF101A150000CB5F0208000000001B1500005C
S3150804DF20FD5F020800000000251500002F600208A6
S3150804DF3000000000261500006760020800000000C3
S3150804DF4029150000F3250208000000002A15000020
S3150804DF5013260208000000002B150000EF550208DE
S3150804DF60000000002D1500003157020800000000CB
S3150804DF702F1500008957020800000000301500001C
S3150804DF80C55702080000000032150000315802087F
S3150804DF90000000000E190000D75002080000000017
S3150804DFA0111900005551020800000000121900005A
S3150804DFB05F1B02080000000013190000951B0208E5
S3150804DFC00000000015190000A72802080000000038
S3150804DFD016190000F32802080000000018190000AA
S3150804DFE06F5202080000000019190000712902087E
S3150804DFF00000000003400000B325020800000000EA
S3150804E0005C000000B327020800000000630000005B
S3150804E0109B5602080000000066000000212802083A
S3150804E02000000000A100000083530208000000005D
S3150804E03008100000455902080000000017190000DE
S3150804E040B13A0208000000005C000000DF2702085D
S3150804E0500000000063000000C91E0208000000005A
S3150804E06066000000F51E020800000000A10000007A
S3150804E0705D3502080000000008100000695902080E
S3150804E0800000000017190000C9510208000000002A
S3150804E0905F9C95BCA3508C24B1D0B1559C83EF5B8F
S3150804E0A004445CC4581C8E86D8224EDDD09F115772
S3150804E0B0E0EB7A7C3B41B8AE1656E3FAF19FC46AA4
S3150804E0C0DA098DEB9C32B1FD866205165F49B80004
S3150804E0D02B81040021005F737562005B25735D3A2A
S3150804E0E0257500FFFFFFFFFFFFFFFF002D2D2D2DD8
S3150804E0F02D454E4420454320505249564154452007
S3150804E1004B45592D2D2D2D2D002D2D2D2D2D4245CB
S3150804E11047494E2045432050524956415445204BC1
S3150804E12045592D2D2D2D2D002D2D2D2D2D454E44A6
S3150804E1302050524956415445204B45592D2D2D2DD5
S3150804E1402D002D2D2D2D2D424547494E205052493F
S3150804E15056415445204B45592D2D2D2D2D00000192
S3150804E1600101010101010101010101010125010763
S3150804E1700101010101010101010101010101010777
S3150804E1800701010101010101010101171B5B306D42
S3150804E190001B5B313B33366D0025735B253031300C
S3150804E1A06C755D005B25635D2000252E2A73257337
S3150804E1B03A20004661696C656420746F207365743F
S3150804E1C02050414E206368616E6E656C20746F2022
S3150804E1D02575207768656E206170706C79696E673D
S3150804E1E020646174617365743A2025730050726FF4
S3150804E1F0632D547970653A20342C454E4352595050
S3150804E200544544004145532D3235362D43434D2A52
S3150804E2102D4E4F2D544147004145532D3139322D4A
S3150804E22043434D2A2D4E4F2D544147004145532D06
S3150804E2303132382D43434D2A2D4E4F2D5441470034
S3150804E2404145532D3235362D43434D004145532D13
S3150804E2503139322D43434D004145532D3132382D42
S3150804E26043434D004145532D3235362D47434D0022
S3150804E2704145532D3139322D47434D004145532DE0
S3150804E2803132382D47434D004145532D3235362D0D
S3150804E290434243004145532D3139322D434243000D
S3150804E2A04145532D3132382D434243004145532DC0
S3150804E2B03235362D454342004145532D3139322DE9
S3150804E2C0454342004145532D3132382D45434200DA
S3150804E2D02A864886F70D01010100727361456E634B
S3150804E2E072797074696F6E00525341002A8648CE5B
S3150804E2F03D02010069642D65635075626C69634B60
S3150804E30065790047656E65726963204543206B65C8
S3150804E31079002B8104010C0069642D656344480067
S3150804E3204543206B657920666F722045434448004F
S3150804E3302B656E00583235353139001B5B313B335A
S3150804E340316D001B5B313B33336D001B5B313B3353
S3150804E350326D00003BE3040843E304088CE1040837
S3150804E3604BE30408446174617365744D616E6167B7
S3150804E3706572002D2D2D2D2D2D2D2D2D2D2D2D2D6B
S3150804E3802D00000002000000FCE40408030000005D
S3150804E390F4E4040804000000ECE4040805000000A2
S3150804E3A0E4E4040806000000DCE4040807000000AE
S3150804E3B0D4E404080E000000CCE404080F000000AE
S3150804E3C0C4E4040810000000BCE4040826000000A5
S3150804E3D0B4E4040827000000ACE40408280000009C
S3150804E3E0A4E40408290000009CE404082A000000A8
S3150804E3F094E404082B0000008CE4040800000000E0
S3150804E40000000000D0E2040809000000DAE204086B
S3150804E410E8E2040801000000ECE204080700000032
S3150804E420F4E2040803E304080200000012E3040803
S3150804E4300500000018E3040820E3040803000000AC
S3150804E44000000000000000000000000000000000BA
S3150804E4500000000030E304080300000034E3040865
S3150804E46034E304080900000000000000000000006E
S3150804E47000000000000000000000000050534100A6
S3150804E4804B455900010203048081000004E2040894
S3150804E49070942B0518E2040870932A052CE20408E4
S3150804E4A07092290540E20408708428054CE20408A1
S3150804E4B07083270558E204087082260564E2040876
S3150804E4C07064100970E2040870630F097CE204089A
S3150804E4D070620E0988E204089024070094E204088E
S3150804E4E090230600A0E2040890220500ACE2040882
S3150804E4F010140400B8E2040810130300C4E2040864
S3150804E500101202006F744572726F72206F743A3A71
S3150804E5105370696E656C3A3A4275666665723A3A3C
S3150804E5204F75744672616D6552656D6F76652829F7
S3150804E53000000000323030313A343836303A343854
S3150804E54036303A3A38383838000C095950C300007E
S3150804E550F22B0000EE020000EE02000050C3000099
S3150804E560761600007701000077010000193F0106BE
S3150804E570041001000001010600102700000C000029
S3150804E5800000000000000000F5DA0200A41F0000E5
S3150804E5909001000090010000E5BF00002823000058
S3150804E5A06B0300006B03000002000000C01753024F
S3150804E5B006140000802FA60405380000A0080000F1
S3150804E5C00000580901040706100A01040707C80AC7
S3150804E5D000040807800B00040808380C000409081E
S3150804E5E06108000000008A0800000000C709010449
S3150804E5F004032C0B01040404920C01040504000012
S3150804E60050C30000E62D0000D0070000D007000024
S3150804E610193F010604100100000101060010270035
S3150804E620000A0000000000000000000014000000BA
S3150804E63024499200000000006CE504084CE504082F
S3150804E64000000000000000000024F40040420F000F
S3150804E6500101F800C224500300000000A8E50408DC
S3150804E6600000000000000000000000002B420F001C
S3150804E6700000000000000000000000000000000088
S3150804E6801400000066666600000000006CE50408D5
S3150804E6905CE5040800000000000000000048E801EA
S3150804E6A080841E000101F800F147500200000000B2
S3150804E6B0A8E50408000000000000000000000000AF
S3150804E6C07C841E000000000000000000000000001A
S3150804E6D000000000140000001CC7710000000000C0
S3150804E6E010E6040888E5040800000000000000009D
S3150804E6F00051250240420F000108F600F1471002B6
S3150804E70000000000A8E5040800000000000000005E
S3150804E710000000002A420F0000000000000000006C
S3150804E7200000000000000000140000001CC771006F
S3150804E7300000000010E6040898E50408000000003C
S3150804E740000000000051250240420F000102F600B5
S3150804E750F147100200000000A8E5040800000000C4
S3150804E76000000000000000002A420F00000000001C
S3150804E7700000000000000000000000001400000073
S3150804E7801CC771000000000010E6040800E604082F
S3150804E79000000000000000000051250240420F005E
S3150804E7A00108F600F147100200000000A8E5040875
S3150804E7B00000000000000000000000002A420F00CC
S3150804E7C00000000000000000000000000000000037
S3150804E7D0030A0000FC4F01032CE60408104001005C
S3150804E7E0014100003C4001000000000048400100CF
S3150804E7F0A007000350400100000000005C4001002F
S3150804E8000000000008410100FF4C000054C0070046
S3150804E810511130000E0009E62D0000000405060714
S3150804E82008000000D1B60200643500004040070124
S3150804E830000050510000A0111000000000000086DE
S3150804E8401FC081000000002000000000644005018C
S3150804E85000000040B904F800400800000200000067
S3150804E8609200040088400F01B7033B00000000E053
S3150804E870000000000002050D1C2F425362696860FF
S3150804E88053402E1F110A080808080706050403033F
S3150804E890020202010101010100000000000000005B
S3150804E8A0000000001C4101010060B18C38410701D9
S3150804E8B0BC200AF0F6625200055B98408E6E82947C
S3150804E8C01C784852893B4000C00300805C41010122
S3150804E8D0FFDD000068410701E853FA000000004024
S3150804E8E00000000000000000000000000000000016
S3150804E8F000000000D0410301000000AAD000000077
S3150804E90004001200E041130100000000FFAB000AF6
S3150804E9105CF10F00D341020095EDB100197BD80FC5
S3150804E9201208B904EA1B6D1FC9B7C20A0B203B00BB
S3150804E930430600005962F300727E9600A73D19004B
S3150804E940D022F13B000000A00000000038000000BF
S3150804E950000000004C42010108000304684201015A
S3150804E9600100000038800101C2241000A0800201C1
S3150804E97070780300D0000000A8800111F00100009F
S3150804E980A88001310542CB01AC800111F0010000D9
S3150804E990AC800131053EFD00EC000112E00F0000D9
S3150804E9A0EC0001320C2051518401010200100000D0
S3150804E9B0FFFFFFFF03020000FC4F010380E6040883
S3150804E9C010400100014100003C4001000000000025
S3150804E9D048400100A0070003504001000000000061
S3150804E9E05C4001000000000008410100FF4C0000E3
S3150804E9F054C00700512130000E000DE62A0000001D
S3150804EA000405060708000000D1B6020060050000E8
S3150804EA1040400701000050510000A02110000000EA
S3150804EA20000000861FC081000000002000000000CE
S3150804EA3064400501000000404902F0004008000057
S3150804EA40020000009200080088400F01DA032A0039
S3150804EA50000000E0000000000102071121374B5AAC
S3150804EA606769625440291505000000000102030481
S3150804EA70040403030303030202020202020101015E
S3150804EA8000000000000000001C41010100B0B18C28
S3150804EA9038410701BC200AF0B6555200055B984078
S3150804EAA08E6E8294233C4852893B4000C003008002
S3150804EAB05C410101FFDD000068410701E853FA00E3
S3150804EAC000000040000000000000000000000000F4
S3150804EAD00000000000000000D04103010000AAAABB
S3150804EAE0D000000004001200E041130100000000F9
S3150804EAF0FFAB000A5CF10F00D341020095EDB100AB
S3150804EB00197BD80F1208B904EA1B6D1FC9B7C20AC4
S3150804EB100B203B00430600005962F300727E960000
S3150804EB20A73D1900D022F13B000000A00000000018
S3150804EB3040000000000000004C42010108000304E4
S3150804EB40684201010100000038800101F147100004
S3150804EB50A080020170780300D5C00000A8800111C6
S3150804EB60F0010000A88001310542CB01AC800111F7
S3150804EB70F0010000AC80013105228D00EC00011281
S3150804EB80E00F0000EC0001320C205111840101024F
S3150804EB9000000000FFFFFFFF03080000FC4F01030D
S3150804EBA080E6040810400100014100003C400100D1
S3150804EBB00000000048400100A0070003504001007F
S3150804EBC0000000005C40010000000000084101004C
S3150804EBD0FF4C000054C00700512130000E000DE61A
S3150804EBE02A0000000405060708000000D1B6020042
S3150804EBF06005000040400701000050510000A021B4
S3150804EC0010000000000000861FC0810000000020DC
S3150804EC100000000064400501000000404902F000BD
S3150804EC2040080000020000009200080088400F0116
S3150804EC30D7032A00000000E0000000000002050DCA
S3150804EC401A2D3F506068696357463525150D09081E
S3150804EC500706050504040403030303020202020269
S3150804EC600101010101010101010101011C41010127
S3150804EC7000B0B18C38410701BC200AF0B6555200E1
S3150804EC80055B98408E6E8294233C4852893B40002B
S3150804EC90C00300805C410101FFDD000068410701F3
S3150804ECA0E853FA00000000400000000000000000DD
S3150804ECB0000000000000000000000000D04103012D
S3150804ECC00000AAAAD000000004001200E0411301C3
S3150804ECD000000000FFAB000A5CF10F00D3410200FC
S3150804ECE095EDB100197BD80F1208B904EA1B6D1FFC
S3150804ECF0C9B7C20A0B203B00430600005962F30059
S3150804ED00727E9600A73D1900D022F13B000000A0B0
S3150804ED100000000040000000000000004C42010111
S3150804ED20080003046842010101000000388001015B
S3150804ED30F1471000A080020170780300FFC00200AA
S3150804ED40A8800111F0010000A88001310542CB0119
S3150804ED50AC800111F0010000AC800131050A0D00F8
S3150804ED60EC000112E00F0000EC0001320C205111F6
S3150804ED708401010200000000FFFFFFFF03030000F7
S3150804ED80FC4F0103D4E604081040010000410000CA
S3150804ED903C40010010000000484001002007000321
S3150804EDA050400100000400005C4001000D0F000003
S3150804EDB00841010003C0010054C007005111300086
S3150804EDC00E000DE62A000000080B0C0D0D000000CD
S3150804EDD0D1B60200800500004040070100002070FB
S3150804EDE00000A01110000000300000461FC8810072
S3150804EDF00020003000800000644005010000000087
S3150804EE00B904F800400800001000000092000A0047
S3150804EE1088400F01B70312000000006000000000DC
S3150804EE200002050D1C2F42536269686053402E1F69
S3150804EE30110A080808080706050403030202020162
S3150804EE4001010101000000000000000000000000AC
S3150804EE501C41010100302C8C38410701BC200AF002
S3150804EE6049C0510001000040B756351200780850D1
S3150804EE7009084000C00300805C410101000000004D
S3150804EE80684107014CD4E83B04190D70080E141A9E
S3150804EE9020262C32383E10325476980A1D6940B41E
S3150804EEA0D041030100000000D00000000000020069
S3150804EEB0E041130100000000E2CFDD2C7EB63A00E3
S3150804EEC0600919005122E2004CB9510E3982A9048D
S3150804EED0D8229B29E2CFDD2C7EB63A0060091900B8
S3150804EEE05122E2004CB9510E3982A904D8229B2931
S3150804EEF00000000000000000440000003C3C3C3CCC
S3150804EF004C420101080000046842010100000000A7
S3150804EF1038800101F1471000A0800201703803000F
S3150804EF20D0000000A8800111F0010000A88001317A
S3150804EF30055AFD01AC800111F0010000AC800131D5
S3150804EF40053EFD00EC000112E00F0000EC00013262
S3150804EF500C2051118401010200000000FFFFFFFF8D
S3150804EF6003040000FC4F010328E7040810400100CD
S3150804EF70004100003C400100100000004840010028
S3150804EF802017000350400100010400005C40010002
S3150804EF900D0F00000841010003C0010054C007001A
S3150804EFA0511130000E000DE62A000000080B0C0D66
S3150804EFB00D000000D1B6020080050000404007019C
S3150804EFC0000020700000A011100000003000004668
S3150804EFD01FC881000020003000800000644005013D
S3150804EFE000000000B904F800400800001000000002
S3150804EFF092000A0088400F01B7031200000000605F
S3150804F000000000000002050D1C2F42536269686067
S3150804F01053402E1F110A08080808070605040303A7
S3150804F02002020201010101010000000000000000C3
S3150804F030000000001C41010100302C8C38410701F6
S3150804F040BC200AF049C0510001000040B7563512E9
S3150804F0500078085009084000C00300805C4101019B
S3150804F06000000000684107014CD4E83B04190D7000
S3150804F0700A10161C22282E343A4010325476980A5E
S3150804F0801D6980A4D041030100000000D0000000DF
S3150804F09000000200E041130100000000E2CFDD2C6D
S3150804F0A07EB63A00600919005122E2004CB9510EA5
S3150804F0B03982A904D8229B29E2CFDD2C7EB63A00F0
S3150804F0C0600919005122E2004CB9510E3982A9048B
S3150804F0D0D8229B290000000000000000440000001C
S3150804F0E03C3C3C3C4C4201010800000468420101D6
S3150804F0F00000000038800101F1471000A0800201D9
S3150804F10070380300D0000000A8800111F001000047
S3150804F110A8800131055AFD01AC800111F0010000F7
S3150804F120AC800131053EFD00EC000112E00F000041
S3150804F130EC0001320C205111840101020000000088
S3150804F140FFFFFFFF03050000FC4F01037CE70408EB
S3150804F15010400100004100003C400100000000008E
S3150804F1604840010020070003504001000000000049
S3150804F1705C4001000D0F000008410100FF4C00002F
S3150804F18054C00700511130000E000DE62A00000095
S3150804F190080B0C0D0D000000D1B60200E0040000B7
S3150804F1A040400701000020700000A0111000000074
S3150804F1B0000000461FC081000000002000800000F7
S3150804F1C06440050100000000B904F8004008000086
S3150804F1D0100000009100040088400F01B7031200D4
S3150804F1E000000060000000000002050D1C2F4253B9
S3150804F1F06269686053402E1F110A08080808070642
S3150804F20005040303020202010101010100000000D2
S3150804F21000000000000000001C41010100302C8C95
S3150804F22038410701BC200BF049C05100055BA040DA
S3150804F2308E6E82942182485209084000C00D0080CF
S3150804F2405C410101FFDD0000684107014CD4E83B3D
S3150804F25004190D50080E141A20262C32383E103282
S3150804F2605476980A1D0040B4D041030100000000FA
S3150804F270D000000004001200E041130100000080E1
S3150804F280E2CFDD2C7EB63A00600919005122E2006D
S3150804F2904CB9510E3982A904D8229B29E2CFDD2C18
S3150804F2A07EB63A00600919005122E2004CB9510EA3
S3150804F2B03982A904D8229B29000000000000000016
S3150804F2C0440000003C3C3C3C4C4201010800030459
S3150804F2D0684201010000000038800101F14710006E
S3150804F2E0A080020170380300D0000000A880011134
S3150804F2F0F0010000A8800131055AFD01AC80011116
S3150804F300F0010000AC800131053EFD00EC0001125D
S3150804F310E00F0000EC0001320C20511184010102B7
S3150804F32000000000FFFFFFFFD4E70408809C2B8F32
S3150804F33080841E00000000002500FF7F78700020EE
S3150804F34000000000D0E7040800000000D4E7040821
S3150804F350809C2B8F80841E00000026002600B700A0
S3150804F3607870002000000000D0E7040800000000C0
S3150804F370D4E70408809C2B8F80841E000000270095
S3150804F38027008C007870002000000000D0E70408ED
S3150804F39000000000B8E90408809C2B8F80841E00B6
S3150804F3A0000000002500FF7F7870002000000000A0
S3150804F3B0B4E9040800000000B8E90408809C2B8F0F
S3150804F3C080841E00000026002600A0007870002015
S3150804F3D000000000B4E9040800000000B8E90408C5
S3150804F3E0809C2B8F80841E00000027002700FF7F47
S3150804F3F07870002000000000B4E90408000000004A
S3150804F4009CEB0408809C2B8F80841E00000000005F
S3150804F4102200FF7F787000200000000098EB0408A3
S3150804F420000000009CEB0408809C2B8F80841E003F
S3150804F430000023002300B6007870002000000000B6
S3150804F44098EB0408000000009CEB0408809C2B8FB2
S3150804F45080841E000000240024009D00787000208B
S3150804F4600000000098EB0408000000009CEB040868
S3150804F470809C2B8F80841E000000250025007D00BB
S3150804F480787000200000000098EB040800000000D3
S3150804F4909CEB0408809C2B8F80841E0000002600A9
S3150804F4A026005300787000200000000098EB04083A
S3150804F4B0000000009CEB0408809C2B8F80841E00AF
S3150804F4C0000027002700FF7F787000200000000056
S3150804F4D098EB04080000000080ED0408809C2B8F3C
S3150804F4E080841E00000000002500FF7F8070002035
S3150804F4F0000000007CED04080000000080ED04080C
S3150804F500809C2B8F80841E00000026002600B700EE
S3150804F51080700020000000007CED04080000000054
S3150804F52080ED0408809C2B8F80841E000000270031
S3150804F53027008C0080700020000000007CED040881
S3150804F5400000000064EF0408809C2B8F80841E0052
S3150804F550000000002500FF7F8070002000000000E6
S3150804F56060EF04080000000064EF0408809C2B8FF9
S3150804F57080841E00000026002600B7008070002044
S3150804F5800000000060EF04080000000064EF0408AF
S3150804F590809C2B8F80841E000000270027008C0087
S3150804F5A0807000200000000060EF040800000000DE
S3150804F5B048F10408809C2B8F80841E0000000000FC
S3150804F5C02500FF7F807000200000000044F1040835
S3150804F5D00000000048F10408809C2B8F80841E00DC
S3150804F5E0000026002600B7008070002000000000F6
S3150804F5F044F104080000000048F10408809C2B8F9D
S3150804F60080841E000000270027008C0080700020DC
S3150804F6100000000044F10408000000000C4001004A
S3150804F62001810100204002000000000001000000E2
S3150804F6303040030000000000000000000000000045
S3150804F6404040020000000000004000006040010045
S3150804F65001010000A840010007000000BC400400A6
S3150804F6600000000000000000000000000000000088
S3150804F6700C410300FF4C0000FF4D0000FF4D000045
S3150804F68020C0011000F8070020C00130F502280147
S3150804F69024C00110FF00000024C00130001300003C
S3150804F6A028C00800EC80B30343754051A00F00F846
S3150804F6B000400000A8AA070000000000000000009F
S3150804F6C00000000070C00900BA1000000004200001
S3150804F6D0041880000B3C2001187C10022FFCE0065D
S3150804F6E07F0000000000000000000000A8C005001C
S3150804F6F0BD4B721511A3180510325476980A0000EA
S3150804F70000000000CCC00400010000000000000056
S3150804F71001000A000100280008000101080700008A
S3150804F72018000101AAAAAA00200001010060DA0053
S3150804F7305C40020100000003000000207840040138
S3150804F74029417671000000008C000C0000000000BE
S3150804F750C44004010000000000000000000000008E
S3150804F76000000000E040010100020000104102010F
S3150804F770331E0500000000002041020100000000BD
S3150804F780FF0483072C410301FF06660CFF04830765
S3150804F7908813FF0358410101000000006441010178
S3150804F7A00C0100008441050101010000000000006D
S3150804F7B0000000000000000000000000A44102014F
S3150804F7C00000000000000000B04102010000000033
S3150804F7D058923EC0BC4103010000000000003C00F2
S3150804F7E0699006002C4203016018004000000000DE
S3150804F7F0000000003C4201010000000044420101EF
S3150804F800140000008042020100000000810000008C
S3150804F810984205013F000002FFFF0000FFFF0000B9
S3150804F820FF030000FFFF0000B442010100000000CE
S3150804F83030430A0140002001A000000008500001DE
S3150804F8401F1F1F1F1F1F1F1B18151311100E0D0C2A
S3150804F85045C1872F00000000000000001080010148
S3150804F860030000003C80010101000000B080020191
S3150804F87000030002370000019C000102000C00048A
S3150804F880D8000302050040AA88010000C000000051
S3150804F890F00001022B0100001001011200FF0F0005
S3150804F8A010010132020000315001011200C00100AA
S3150804F8B050010132C100A2007401010269F11B0C56
S3150804F8C07801011200001C00780101321004E0CF0F
S3150804F8D0800101127907000080010132020000004C
S3150804F8E08801010250000000FFFFFFFFED1700002A
S3150804F8F0ED170000F40100000000000050C30000EA
S3150804F900761600007701000077010000193F01060A
S3150804F910041001000001010600102700000C000075
S3150804F920000000000000000002000000C017530297
S3150804F93006140000802FA60405380000A00800005D
S3150804F9400000580901040706100A01040707C80A33
S3150804F95000040807800B00040808380C000409088A
S3150804F9606108000000008A0800000000C7090104B5
S3150804F97004032C0B01040404920C0104050400007E
S3150804F980E1190000E1190000F4010000000000007C
S3150804F990193F0106041001000001010600102700A2
S3150804F9A00009000000000000000000001400000028
S3150804F9B0666666000000000090F9040880F90408E9
S3150804F9C0000A000000000000005A620280841E003B
S3150804F9D00420F800F14750020000000028F9040842
S3150804F9E000000000000000000000000062841E0001
S3150804F9F000000000000000000000000000000000F5
S3150804FA001400000066666600000000000CF904088D
S3150804FA10FCF8040800000000000000000048E801A3
S3150804FA2080841E000101F800F1475002000000001E
S3150804FA3028F9040800000000000000000000000087
S3150804FA407C841E0000000000000000000000000086
S3150804FA50000000001400000066666600000000004E
S3150804FA6090F9040880F90408000B0000000000005F
S3150804FA70005A620280841E000420F800F1475002EE
S3150804FA800000000028F90408000000000000000037
S3150804FA900000000062841E00000000000000000050
S3150804FAA000000000000000001400000066666600FE
S3150804FAB00000000090F90408ECF8040800000000AF
S3150804FAC000000000005A620280841E000420F6002A
S3150804FAD0F14750020000000028F90408000000005D
S3150804FAE0000000000000000062841E000000000000
S3150804FAF0000000000000000000000000FC4F0103A5
S3150804FB0000FA04080C4002000CB111000041000080
S3150804FB10304004002508000000010000FF00000032
S3150804FB2041030100504001000B0000005C40020044
S3150804FB300F0D000001010000084104000140000007
S3150804FB40FF0C000001410000FF0D000020C0011059
S3150804FB5000F8070020C00130F502280124C001106E
S3150804FB60FF00000024C001300013000044C0010057
S3150804FB700000000054C00700512130000E000DE6B5
S3150804FB802A0000000405060708000000D1B6020092
S3150804FB9060050000D0C00100000000000800010153
S3150804FBA00E17000018000101FFFFFFFF20000101E6
S3150804FBB02083B8ED40400601000050510000A02102
S3150804FBC010000000000000861FC08100000000200D
S3150804FBD06040170100000020000000404902F000C0
S3150804FBE04008000002000000920008007C4E78AB32
S3150804FBF0000000008C000C0000000000DA032A0054
S3150804FC0000000060000000000102071121374B5A6A
S3150804FC1067696254402915050000000001020304BF
S3150804FC20040403030303030202020202020101019C
S3150804FC3010410101331E05001C4102010030B38C3A
S3150804FC400000000038410701BC200AF0F8545200AD
S3150804FC50055B9840D51E723E263C4852893B4000B7
S3150804FC60C00300805C410101FFDD00006C410B010B
S3150804FC700000004000000000000000000000000032
S3150804FC800000000000000000010100000000000060
S3150804FC90000000000000000000000000A841010167
S3150804FCA000000000B441010158923EC0D04103014E
S3150804FCB000005555D000000004001200E4410E016E
S3150804FCC0FFAB000A5CF10F00D341020095EDB100C9
S3150804FCD0197BD80F1208B904EA1B6D1FFFAB000A7B
S3150804FCE05CF10F00D341020095EDB100197BD80FE2
S3150804FCF01208B904EA1B6D1F2442030140000000E0
S3150804FD0000000000601800403C42010100000000A9
S3150804FD104C4201010800030480420201000000006D
S3150804FD2081000000A0420301FFFF0000FF0300005A
S3150804FD30FFFF0000B4420101000000003043030144
S3150804FD4040002001A0000000085000014C430101B6
S3150804FD5045C1872FA080020170780300D5C0000032
S3150804FD60A8800111F0010000A88001310542CB01E9
S3150804FD70AC800111F0010000AC80013105228D0030
S3150804FD80B0800101000300027401010269F11B0C31
S3150804FD907801011200001C00780101321004E0CF3A
S3150804FDA08001011279070000800101320200000077
S3150804FDB0840102020000000050000000FFFFFFFF5C
S3150804FDC0FC4F010300FA04080C4002000CB11100B0
S3150804FDD0004100003040040025080000000100002E
S3150804FDE0FF00000054070100504001000B0000000A
S3150804FDF05C4002000F0D00000101000008410400E8
S3150804FE0001400000FF0C000001410000FF0D000046
S3150804FE1020C0011000F8070020C00130F5022801AF
S3150804FE2024C00110FF00000024C0013000130000A4
S3150804FE3044C001000000000054C0070051213000EE
S3150804FE400E000DE62A000000040506070800000057
S3150804FE50D1B6020060050000D0C001000000000011
S3150804FE60080001010E17000018000101FFFFFFFF3B
S3150804FE70200001012083B8ED4040060100005051DE
S3150804FE800000A02110000000000000861FC08100A9
S3150804FE900000002060401701000000200000004018
S3150804FEA04902F00040080000020000009200080021
S3150804FEB083B18754000000008C000C000000000089
S3150804FEC0DA032A000000006000000000010207119E
S3150804FED021374B5A6769625440291505000000000A
S3150804FEE001020304040403030303030202020202D5
S3150804FEF00201010110410101331E05001C410201E2
S3150804FF000030B38C0000000038410701BC200AF019
S3150804FF10F8545200055B98402AE18DC1263C4852A4
S3150804FF20893B4000C00300805C410101FFDD0000FD
S3150804FF306C410B01000000400000000000000000B6
S3150804FF40000000000000000000000000010100009D
S3150804FF50000000000000000000000000000000008F
S3150804FF60A841010100000000B441010158923EC0B5
S3150804FF70D041030100005555D000000004001200CA
S3150804FF80E4410E01FFAB000A5CF10F00D341020005
S3150804FF9095EDB100197BD80F1208B904EA1B6D1F39
S3150804FFA0FFAB000A5CF10F00D341020095EDB100E6
S3150804FFB0197BD80F1208B904EA1B6D1F24420301E2
S3150804FFC04000000000000000601800403C420101A7
S3150804FFD0000000004C4201010800030480420201AB
S3150804FFE00000000081000000A0420301FFFF00009A
S3150804FFF0FF030000FFFF0000B442010100000000F7
S315080500003043030140002001A0000000085000010C
S315080500104C43010145C1872FA08002017078030072
S31508050020D5C00000A8800111F0010000A8800131A3
S315080500300542CB01AC800111F0010000AC8001310D
S3150805004005228D00B080010100030002740101023A
S3150805005069F11B0C7801011200001C0078010132B8
S315080500601004E0CF800101127907000080010132F2
S315080500700200000084010202000000005000000092
S31508050080FFFFFFFF05000000FC4F0103A8FA04085F
S315080500900C400200018014007F4000003040040037
S315080500A0000000000000000000000000000000003D
S315080500B050400100000000005C40020000000000FE
S315080500C0000000000841040000400000FF4C000045
S315080500D000410000FF4D000020C0011000F8070090
S315080500E020C001301402280124C00110FF000000B9
S315080500F024C001300043000044C001002E02000060
S3150805010054C00700514130000E000DE62A000000D4
S31508050110080B0C0D0D000000D1B60200C006000044
S31508050120D0C0010000000000080001010407000016
S3150805013018000101000000002000010108840000E4
S315080501404040060100000000000000001000000005
S3150805015020F9130407026200387000006040170191
S315080501600068010F40B824404902F0004108000024
S3150805017002000000B0070800A70000002F000000D5
S31508050180236300009BC34A74F0030F0000800060D8
S31508050190BE0A00000101103050707F7F0000000084
S315080501A0000000000000000000000000000000003C
S315080501B000000000000000000000000010410101D9
S315080501C0331E05001C4102010090C28B590B000025
S315080501D03841070190200AF0F85452000000000043
S315080501E0B756351200000050803B0000000000009D
S315080501F05C410101001E00006C410B0100148CC016
S31508050200141A21282E343B42495043557698BA0C80
S3150805021028690000010100001721286414171A002F
S315080502202004C869A1203A09A8410101290000004E
S31508050230B441010100002000D0410301000000007F
S31508050240D000000000000200E4410E01DE635E36C0
S31508050250BF6F07006FEA1600E530CE00B2B9D90EB2
S315080502604B8494045A1FA924DE635E36BF6F0700C4
S315080502706FEA1600E530CE00B2B9D90E4B84940460
S315080502805A1FA924244203012C00000007EE7536DF
S31508050290601800403C420101000000004C42010183
S315080502A008000004804202010000000081000000E9
S315080502B0A0420301FFFF0000FF030000FFFF000047
S315080502C0B44201010000000030430301400020014B
S315080502D0A0000000085000014C43010145C1872FC5
S315080502E09C800301EB40020070780300D5C000002E
S315080502F0A8800111F0010000A88001310542CB0153
S31508050300AC800111F0010000AC80013105228D0099
S31508050310B0800101000300027401010269F11B0C9A
S315080503207801011200001C00780101321004E0CFA3
S3150805033080010112790700008001013202000000E0
S31508050340840102020000000050000000FFFFFFFFC5
S31508050350FC4F010300FA04080C4002000CB1110019
S315080503600041000030400400250800000001000097
S31508050370FF00000041030100504001000B0000008A
S315080503805C4002000F0D0000010100000841040051
S3150805039001400000FF0C000001410000FF0D0000B0
S315080503A020C0011000F8070020C00130F502280119
S315080503B024C00110FF00000024C00130001300000E
S315080503C054C00700512130000E000DE62A00000032
S315080503D00405060708000000D1B6020060050000FE
S315080503E0CCC0020001000000000000000800010161
S315080503F00E17000018000101FFFFFFFF200001018D
S315080504002083B8ED40401F01000050510000A0218F
S3150805041010000000000000861FC0810000000020B3
S315080504200000000000000003000000200000004056
S315080504304902F0004008000002000000920008008A
S315080504407C4E78AB000000008C000C000000000014
S31508050450DA032A0000000060000000000102071107
S3150805046021374B5A67696254402915050000000073
S31508050470010203040404030303030302020202023E
S315080504800201010110410201331E050000000000AA
S315080504901C4103010030B38C00000000FF048307EC
S315080504A040410501055B9840D51E723E263C4852DB
S315080504B0893B4000C0030080584102010000000046
S315080504C0FFDD0000B04102010000000058923EC061
S315080504D0D041030100005555D00000000400120064
S315080504E0E041140100000000FFAB000A5CF10F00B3
S315080504F0D341020095EDB100197BD80F1208B9044E
S31508050500EA1B6D1FFFAB000A5CF10F00D341020021
S3150805051095EDB100197BD80F1208B904EA1B6D1FB2
S315080505200000000000000000400000000000000078
S31508050530601800403C420101000000004C420101E0
S315080505400800030480420201000000008100000043
S31508050550A0420301FFFF0000FF030000FFFF0000A4
S31508050560B4420101000000003043030140002001A8
S31508050570A0000000085000014C43010145C1872F22
S31508050580A080020170780300D5C00000A88001117B
S31508050590F0010000A88001310542CB01AC800111AC
S315080505A0F0010000AC80013105228D00B080020102
S315080505B000030002370000017401010269F11B0CF2
S315080505C07801011200001C00780101321004E0CF01
S315080505D0800101127907000080010132020000003E
S315080505E0840102020000000050000000FFFFFFFF23
S315080505F0FC4F0103ACF904080C4002000180140005
S315080506007F400000304004000000000000000000A4
S315080506100000000000000000504001000000000036
S315080506205C400200000000000000000008410400CC
S3150805063000400000FF4C000000410000FF4D00008F
S3150805064020C0011000F8070020C00130FE0128016E
S3150805065024C00110FF00000024C00130001400006A
S3150805066054C0070051313000070007E615000000A1
S31508050670040606070700000088C6020000050000F4
S31508050680CCC0020001000000A1000000080001011D
S315080506900407000018000101000000002000010100
S315080506A00884000040401F0100000000000000000B
S315080506B01000000020FB130407C2420000000000DA
S315080506C000000000000000030000002020B802001A
S315080506D04902F0004108000002000000B0070800C2
S315080506E0A70000002F0000005A02A0089BC34A7401
S315080506F0F0030F0000000060000000000101103043
S3150805070050707F7F00000000000000000000000018
S3150805071000000000000000000000000000000000C6
S315080507200000000010410201731E050000000000CC
S315080507301C4103010090C28B11010000FF048307C9
S315080507404041050100000000B7563512000000506B
S31508050750803B00000000000058410201000000002F
S3150805076003100000B041020100000000000020004F
S31508050770D041030100000000D0000000000002007F
S31508050780E041140100000000DE635E36BF6F070016
S315080507906FEA1600E530CE00B2B9D90E4B8494043B
S315080507A05A1FA924DE635E36BF6F07006FEA160077
S315080507B0E530CE00B2B9D90E4B8494045A1FA92444
S315080507C000000000000000002C00000007EE75364A
S315080507D0601800003C420101120100004C4201016B
S315080507E008000004804202010100094001081000C2
S315080507F0A04203010000E803000200000000100003
S31508050800B44201010000C000304303014000400224
S315080508104001AC0450B000014C4301015D280F2D81
S315080508209C800301EB400200D5C00000D5C000003E
S31508050830A8800111F0010000A880013105228D006C
S31508050840AC800111F0010000AC80013105228D0054
S31508050850B08002013F000001370000017401010262
S3150805086069F11F0C7801011200001C00780101329C
S315080508701004E01F800101127907000084010202B5
S315080508800000000048000000FFFFFFFF030000000E
S31508050890FC4F010300FA04080C4002000CB11100D4
S315080508A00041000030400400250800000001000052
S315080508B0FF00000054070100504001000B0000002E
S315080508C05C4002000F0D000001010000084104000C
S315080508D001400000FF0C000001410000FF0D00006B
S315080508E020C0011000F8070020C00130F5022801D4
S315080508F024C00110FF00000024C0013000130000C9
S3150805090044C001000000000054C007005121300012
S315080509100E000DE62A00000004050607080000007B
S31508050920D1B6020060050000D0C001000000000035
S31508050930080001010E17000018000101FFFFFFFF5F
S31508050940200001012083B8ED404006010000505102
S315080509500000A02110000000000000861FC08100CD
S31508050960000000206040170100000020000000403C
S315080509704902F00040080000020000009200080045
S3150805098083B18754000000008C000C0000000000AD
S31508050990DA032A00000000600000000001020711C2
S315080509A021374B5A6769625440291505000000002E
S315080509B001020304040403030303030202020202F9
S315080509C00201010110410101331E05001C41020106
S315080509D00030B38C0000000038410701BC200AF03E
S315080509E0F8545200055B9F402AE18DC1263C4852C2
S315080509F0893B4000C00300805C410101FFDD000022
S31508050A006C410B01000000400000000000000000DA
S31508050A1000000000000000000000000001010000C1
S31508050A2000000000000000000000000000000000B3
S31508050A30A841010100000000B441010158923EC0D9
S31508050A40D041030100005555D000000004001200EE
S31508050A50E4410E01FFAB000A5CF10F00D341020029
S31508050A6095EDB100197BD80F1208B904EA1B6D1F5D
S31508050A70FFAB000A5CF10F00D341020095EDB1000A
S31508050A80197BD80F1208B904EA1B6D1F2442030106
S31508050A904000000000000000601800403C420101CB
S31508050AA0000000004C4201010800030480420201CF
S31508050AB00000000081000000A0420301FFFF0000BE
S31508050AC0FF030000FFFF0000B4420101000000001B
S31508050AD03043030140002001A00000000850000132
S31508050AE04C43010145C1872FA08002017078030098
S31508050AF0D5C00000A8800111F0010000A8800131C9
S31508050B000542CB01AC800111F0010000AC80013132
S31508050B1005228D00B080010100030002740101025F
S31508050B2069F11B0C7801011200001C0078010132DD
S31508050B301004E0CF80010112790700008001013217
S31508050B4002000000840102020000000050000000B7
S31508050B50FFFFFFFFFC4F0103ACF904080C40020038
S31508050B60018014007F4000003040040000000000AA
S31508050B7000000000000000000000000050400100D1
S31508050B80000000005C4002000000000000000000B4
S31508050B900841040000400000FF4C00000041000029
S31508050BA0FF4D000020C0011000F8070020C00130E5
S31508050BB0FE01280124C00110FF00000024C00130F1
S31508050BC00014000044C001000000000054C00700DE
S31508050BD051313000070007E6150000000406060730
S31508050BE00700000088C6020000050000D0C0010005
S31508050BF0A100000008000101040700001800010112
S31508050C00000000002000010108840000404006019C
S31508050C1000000000000000001000000020FB13047F
S31508050C2007C24200000000006040170100000020CE
S31508050C3020B802004902F000410800000200000041
S31508050C40B0070800A70000002F0000005A02A008F8
S31508050C509BC34A74F0030F00000000600000000003
S31508050C600101103050707F7F000000000000000071
S31508050C700000000000000000000000000000000061
S31508050C80000000000000000010410101731E050068
S31508050C901C4102010090C28B110100003841070171
S31508050CA0BC200AF0F854520000000000B756351269
S31508050CB000000050803B0000000000005C41010177
S31508050CC0031000006C410B01000000400000000005
S31508050CD00000000000000000000000000000000001
S31508050CE001010000000000000000000000000000EF
S31508050CF000000000A841010100000000B4410101FF
S31508050D0000002000D041030100000000D0000000CB
S31508050D1000000200E4410E01DE635E36BF6F070080
S31508050D206FEA1600E530CE00B2B9D90E4B849404A5
S31508050D305A1FA924DE635E36BF6F07006FEA1600E1
S31508050D40E530CE00B2B9D90E4B8494045A1FA924AE
S31508050D50244203012C00000007EE753660180000D2
S31508050D603C420101120100004C4201010800000441
S31508050D70804202010100094001081000A042030152
S31508050D800000E8030002000000001000B44201015B
S31508050D900000C00030430301400040024001AC0496
S31508050DA050B000014C4301015D280F2D9C800301BD
S31508050DB0EB400200D5C00000D5C00000A88001118F
S31508050DC0F0010000A880013105228D00AC800111D3
S31508050DD0F0010000AC80013105228D00B0800101CB
S31508050DE03F0000017401010269F11F0C7801011227
S31508050DF000001C00780101321004E01F8001011271
S31508050E00790700008401020200000000480000007E
S31508050E10FFFFFFFF05010000FC4F0103A8FA0408C0
S31508050E2020C0011000F8070020C00130140228016F
S31508050E3024C00110FF00000024C001300043000053
S31508050E4044C001002E02000068C00200D1B60200A7
S31508050E50C0060000D0C00100000000004C40030198
S31508050E6020F913040700620038700000604002018B
S31508050E700068010F40B82440804001012363000043
S31508050E808C40020100800060BE0A00002041010175
S31508050E90590B00003841010190200AF05C41010117
S31508050EA0001E00006C410B0100140CC0141A212801
S31508050EB02E343B42495043557698BA0C23730000A5
S31508050EC0010100001721286414171A002004C87D9B
S31508050ED0A1203A09A8410101290000003C42010167
S31508050EE000000000804202010000000081000000A9
S31508050EF0A0420301FFFF0000FF030000FFFF0000FB
S31508050F00B4420101000000003043030140002001FE
S31508050F10A0000000085000014C43010145C1872F78
S31508050F20FFFFFFFF050E000005020000FC4F010349
S31508050F3054FA040820C0011000F8070020C0013043
S31508050F40FE01280124C00110FF00000024C001305D
S31508050F500014000044C001000000000068C002003B
S31508050F6088C6020000050000D0C00100A1000000E7
S31508050F704C40030120FB130407C042000000000093
S31508050F80604002010000002800800200804001013F
S31508050F905A01A0088C40020100000060000000000C
S31508050FA0204101010000000038410101BC200AF07A
S31508050FB05C410101031000006C410B010000004073
S31508050FC0000000000000000000000000000000000E
S31508050FD000000000010100000000000000000000FC
S31508050FE00000000000000000A84101010000000003
S31508050FF03C4201011201000080420201010009403C
S3150805100001081000A04203010000E80300020000E1
S3150805101000001000B44201010000C000304303017E
S31508051020410040024001AC0450B000014C430101A7
S315080510305D280F2DFFFFFFFF050A0000FC4F010382
S3150805104054FA040820C0011000F8070020C0013032
S31508051050FE01280124C00110FF00000024C001304C
S315080510600014000044C001000000000068C002002A
S3150805107088C6020000050000D0C00100A1000000D6
S315080510804C40030120FB130407C042000000000082
S31508051090604002010000002800800200804001012E
S315080510A05A01A0088C4002010000006000000000FB
S315080510B0204101010000000038410101BC200AF069
S315080510C05C410101031000006C410B010000004062
S315080510D000000000000000000000000000000000FD
S315080510E000000000010100000000000000000000EB
S315080510F00000000000000000A841010100000000F2
S315080511003C4201011201000080420201010009402A
S3150805111001081000A04203010000E80300020000D0
S3150805112000001000B44201010000C000304303016D
S31508051130410040024001B40550B000014C4301018D
S315080511405D280F2DFFFFFFFF05090000FC4F010372
S31508051150A8FA040820C0011000F8070020C00130CD
S315080511601402280124C00110FF00000024C0013024
S315080511700043000044C001002E02000068C00200BA
S31508051180D1B60200C0060000D0C00100000000006C
S315080511904C40030120F9130407006200387000006B
S315080511A0604002010068010F40B8244080400101F3
S315080511B0236300008C40020100800060BE0A00001F
S315080511C020410101590B00003841010190200AF020
S315080511D05C410101001E00006C410B0100140CC0A6
S315080511E01A20272E343A41484F56546687A9CB0DFF
S315080511F0237300000101000017272E6A14171A0029
S315080512002004C87DA1203A09A8410101290000004A
S315080512103C42010100000000804202010000000076
S3150805122081000000A0420301FFFF0000FF03000044
S31508051230FFFF0000B442010100000000304303012E
S3150805124040002001A0000000085000014C430101A0
S3150805125045C1872FFFFFFFFF880005084063598FA3
S31508051260404B4C000B000B001A00FF7F90700020C6
S31508051270000000008400050800000000FCFA0408C8
S315080512804063598F404B4C001B001B002A00FF7F0B
S3150805129088700020000000008C0805080000000082
S315080512A0880005084063598F404B4C000B000B001E
S315080512B01A00FF7F907000200000000084000508D2
S315080512C000000000C0FD04084063598F404B4C00E0
S315080512D01B001B002A00FF7F887000200000000005
S315080512E08C08050800000000F00505084063598FBD
S315080512F0404B4C000B000B001A00FF7F9070002036
S3150805130000000000240F050800000000500305082A
S315080513104063598F404B4C001B001B002A00FF7F7A
S3150805132088700020000000008C08050800000000F1
S3150805133020400200000000000000000040400300B5
S315080513400000000000400000A0070003A8400100B7
S3150805135007000000BC400400000000000000000073
S31508051360000000000000000028C00800EC80B30358
S3150805137043754051A00F00F800400000A8AA0700D1
S3150805138000000000000000000000000070C0090011
S31508051390BA10000000042000041880000B3C200148
S315080513A0187C10022FFCE0067F00000000000000F4
S315080513B000000000A8C00500BD4B721511A318054D
S315080513C010325476980A000000000000D4C00200C6
S315080513D001000A0001002800BC40060100000000C3
S315080513E000000000000000000000000000000000EA
S315080513F000000000E0400101000200002C41050143
S31508051400FF06660CFF0483078813FF03BC200AF052
S31508051410F854520064410D010C010000E853FA0026
S315080514200000004000000000000000000000000069
S315080514300000000000000000010100000000000097
S31508051440000000000000000000000000A4410201A1
S315080514500000000000000000BC4103010000000078
S3150805146000003C00699006003042020100000000B9
S315080514700000000044420101140000006842010111
S3150805148000000000984202013F000002FFFF00002D
S315080514903C4304011F1F1F1F1F1F1F1B1815131170
S315080514A0100E0D0C5043020100000000000000005C
S315080514B0108001010300000038800201F147100081
S315080514C0010000009C000102000C0004D80003027C
S315080514D0050040AA88010000C0000000EC000112C2
S315080514E0E00F0000EC0001320C205111F00001025A
S315080514F02B0100001001011200FF0F001001013237
S31508051500020000315001011200C0010050010132EC
S31508051510C100A200FFFFFFFF540B05084063598F62
S31508051520404B4C000B000B001A00FF7F9070002003
S3150805153000000000240F05080000000090080508B3
S315080515404063598F404B4C001B001B002A00FF7F48
S3150805155088700020000000008C08050800000000BF
S315080515602040020000000000000000004040030083
S315080515700000000000400000A0070003A840010085
S3150805158007000000BC400400000000000000000041
S31508051590000000000000000028C00700EC80B30327
S315080515A043754051A00F00F800400000A8AA07009F
S315080515B0000000000000000070C00900BA10000015
S315080515C000042000041880000B3C2001187C10023A
S315080515D02FFCE0067F000000000000000000000068
S315080515E0A8C00500BD4B721511A31805103254760F
S315080515F0980A000000000000CCC0010001000000A8
S31508051600D4C0020001000A00010028005840020162
S315080516100000000000000003BC40060100000000B1
S3150805162000000000000000000000000000000000A7
S3150805163000000000E040010100020000144101011C
S315080516400000000024410101FF0483072C41030122
S31508051650FF06660CFF0483078813FF03584101013B
S3150805166000000000644102010C010000E853FA007D
S31508051670A441010100000000B0410101000000007D
S31508051680BC4103010000000000003C00699006000B
S31508051690E0410101000000001C42020100000000B3
S315080516A000000000304202010000000000000000B2
S315080516B044420101140000006842010100000000CF
S315080516C0984202013F000002FFFF00003C43040167
S315080516D01F1F1F1F1F1F1F1B18151311100E0D0C7B
S315080516E050430201000000000000000010800101BF
S315080516F00300000038800201F147100001000000D0
S31508051700B4800101370000019C000102000C0004A9
S31508051710D8000302050040AA88010000C0000000A1
S31508051720EC000112E00F0000EC0001320C2051110B
S31508051730F00001022B0100001001011200FF0F0045
S3150805174010010132020000315001011200C00100EA
S3150805175050010132C100A200FFFFFFFF180E050860
S315080517604063598F404B4C000B000B001A00FF7F56
S315080517709070002000000000140E05080000000007
S31508051780000000004063598F404B4C000B000B00CE
S315080517901A00FF7F9070002000000000240F05083E
S315080517A0000000000C400200018014007F40000084
S315080517B0204002000000000000000000304007003D
S315080517C00000000000000000000000000000000006
S315080517D00000000000400000A0070003504001007B
S315080517E0000000005C400200000000000000000048
S315080517F0A840010007000000BC40040000000000E6
S315080518000000000000000000000000000841040078
S3150805181000400000FF4C000000410000FF4D00009D
S3150805182020C0011000F8070020C00130FE0128017C
S3150805183024C00110FF00000024C001300014000078
S3150805184028C00800EC80B30343754051A00F00F883
S3150805185000400000A8AA07000000000000000000DC
S315080518600000000054C0100051313000070007E69B
S3150805187015000000040606070700000088C60200D2
S3150805188000050000BA1000000004200004188000B6
S315080518900B3C2001187C10022FFCE0067F00000097
S315080518A00000000000000000A8C00500BD4B721529
S315080518B011A3180510325476980A00000000000096
S315080518C0CCC0040001000000A100000001000A00C8
S315080518D0010028000800010104070000180001019D
S315080518E00000000020000101088400004040250191
S315080518F000000000000000001000000020FB130493
S3150805190007C04200000000000000000000000003B8
S315080519100000002020B802004902F0004108000036
S3150805192002000000B0070800A7000000000000003C
S315080519305A02A0089BC34A74F0030F000000006012
S31508051940000000000101103050707F7F0000000084
S315080519500000000000000000000000000000000074
S315080519600000000000000000000000000000000064
S315080519700000000000000000000000000000000054
S3150805198000000000E04001010002000010410201CC
S31508051990731E0500000000001C4103010090C28B60
S315080519A011010000FF0483072C410A01FF06660C96
S315080519B0FF0483078813FF03BC200AF0F854520076
S315080519C000000000B756351200000050803B0000A5
S315080519D00000000058410201000000000310000045
S315080519E064410D010C010000E853FA0000000040AF
S315080519F000000000000000000000000000000000D4
S31508051A0000000000010100000000000000000000C1
S31508051A100000000000000000A441020100000000CB
S31508051A2000000000B041020100000000000020008F
S31508051A30BC4103010000000000003C006990060057
S31508051A40D041030100000000D0000000000002009C
S31508051A50E041160100000000DE635E36BF6F070031
S31508051A606FEA1600E530CE00B2B9D90E4B84940458
S31508051A705A1FA924DE635E36BF6F07006FEA160094
S31508051A80E530CE00B2B9D90E4B8494045A1FA92461
S31508051A9000000000000000002C00000007EE753667
S31508051AA06018000000000000000000003C4201012B
S31508051AB01201000044420101140000004C420101D4
S31508051AC00800000468420101000000008042020186
S31508051AD00100094001081000984205013F0000026F
S31508051AE0FFFF00000000E8030002000000001000E8
S31508051AF0B44201010000C00030430A01400040021B
S31508051B004001AC0450B000011F1F1F1F1F1F1F1BDC
S31508051B1018151311100E0D0C5D280F2D0000000069
S31508051B200000000010800101030000003880020152
S31508051B30F1471000010000009C800301EB400200FC
S31508051B40D5C00000D5C00000A8800111F00100002D
S31508051B50A880013105228D00AC800111F001000035
S31508051B60AC80013105228D00B08002013F000001DD
S31508051B70370000019C000102000C0004D80003028E
S31508051B80050040AA88010000C0000000EC0001120B
S31508051B90E00F0000EC0001320C205111F0000102A3
S31508051BA02B0100001001011200FF0F001001013280
S31508051BB0020000315001011200C001005001013236
S31508051BC0C100A2007401010269F11F0C7801011216
S31508051BD000001C00780101321004E01F8001011283
S31508051BE07907000084010202000000004800000091
S31508051BF0FC4F0103ACF90408FFFFFFFF2C0F05088E
S31508051C004063598F404B4C000B000B001A00FF7FB1
S31508051C109070002000000000280F0508000000004D
S31508051C203C1005084063598F404B4C000B000B00D0
S31508051C301A00FF7F90700020000000003810050884
S31508051C40000000004C1105084063598F404B4C00B5
S31508051C500B000B001A00FF7F9070002000000000A3
S31508051C6048110508000000000C4002000180140018
S31508051C707F40000020400200000000000000000030
S31508051C8030400700000000000000000000000000CA
S31508051C90000000000000000000400000A007000347
S31508051CA050400100000000005C40020000000000F2
S31508051CB000000000A840010007000000BC40040021
S31508051CC00000000000000000000000000000000001
S31508051CD00841040000400000FF4C000000410000D8
S31508051CE0FF4D000028C00700EC80B303437540513B
S31508051CF0A00F00F800400000A8AA07000000000091
S31508051D000000000054C00500513130000E000DE6F4
S31508051D102A000000080B0C0D0D00000070C0090014
S31508051D20BA10000000042000041880000B3C2001AE
S31508051D30187C10022FFCE0067F000000000000005A
S31508051D4000000000A8C00500BD4B721511A31805B3
S31508051D5010325476980A000000000000CCC0010035
S31508051D6001000000D4C0020001000A000100280095
S31508051D700800010104070000180001010000000021
S31508051D80200001010884000040400301000000000E
S31508051D900000000010000000584002010000000085
S31508051DA000000003684006014902F00041080000EA
S31508051DB002000000B0070800A700000000000000A8
S31508051DC0844002019BC34A74F0030F009440100136
S31508051DD00101103050707F7F0000000000000000F0
S31508051DE000000000000000000000000000000000E0
S31508051DF000000000000000000000000000000000D0
S31508051E0000000000000000000000000000000000BF
S31508051E10E04001010002000010410201331E0500E1
S31508051E20000000001C4101010090C28B24410101FC
S31508051E30FF0483072C410301FF06660CFF0483078D
S31508051E408813FF033C410601F854520000000000C0
S31508051E50B756351200000050803B00000000000010
S31508051E605841010100000000644102010C0100000F
S31508051E70E853FA00A441010100000000B04102013F
S31508051E800000000000002000BC410301000000001E
S31508051E9000003C0069900600D041030100000000DF
S31508051EA0D000000000000200E04116010000000015
S31508051EB0DE635E36BF6F07006FEA1600E530CE00B3
S31508051EC0B2B9D90E4B8494045A1FA924DE635E362B
S31508051ED0BF6F07006FEA1600E530CE00B2B9D90E16
S31508051EE04B8494045A1FA924000000000000000032
S31508051EF02C00000007EE753660180040000000004B
S31508051F000000000044420101140000004C42010192
S31508051F100800000468420101000000009842020119
S31508051F203F000002FFFF00003C4304011F1F1F1F5F
S31508051F301F1F1F1B18151311100E0D0C50430201F8
S31508051F4000000000000000001080010103000000E9
S31508051F5038800201F1471000010000009C8003014A
S31508051F60EB40020070780300D5C00000A880011177
S31508051F70F0010000A88001310542CB01AC800111B2
S31508051F80F0010000AC80013105228D00B080020108
S31508051F9000030002370000019C000102000C000442
S31508051FA0D8000302050040AA88010000C000000009
S31508051FB0EC000112E00F0000EC0001320C20511173
S31508051FC0F00001022B0100001001011200FF0F00AD
S31508051FD010010132020000315001011200C0010052
S31508051FE050010132C100A2007401010269F11B0CFE
S31508051FF07801011200001C00780101321004E0CFB7
S3150805200080010112790700008001013202000000F3
S31508052010840102020000000050000000FFFFFFFFD8
S3150805202002000000C017530206140000802FA604FC
S3150805203005380000A0080000000058090104070635
S31508052040100A01040707C80A00040807800B0004DC
S315080520500808380C000409086108000000008A0809
S3150805206000000000C709010404032C0B010404043D
S31508052070920C010405040000DBD61000DBD610001F
S3150805208020A1070000000000193F01060410010001
S315080520900001000202000000000500010100000021
S315080520A00000000014000000000000000000000009
S315080520B088200508782005080000000000000000B3
S315080520C070305E01E80300000102F20033041003D4
S315080520D000000000202005080000000000000000A0
S315080520E000000000D0070000000000000000000006
S315080520F000000000000000000000000000000000CD
S315080521008008089240420F00000000000000FF7F8B
S315080521109870002000000000F8200508000000005F
S315080521200C400200000000000040000020400200AC
S315080521300F00000000000000304007000000000006
S31508052140000000000000000000000000000000007C
S315080521500040000000070003504001000000000091
S315080521605C4002000000000000000000A8400100D5
S3150805217007000000BC400400000000000000000045
S31508052180000000000000000008410400FF400000B0
S3150805219000000000FF4100000000000020C00110FB
S315080521A000F8070020C001300001280124C00110ED
S315080521B0FF00000024C001300013000028C00800F5
S315080521C0EC80B30343754051A00F00F800400000AA
S315080521D0A8AA070000000000000000000000000093
S315080521E054C0100051213000F400E3E6A354000062
S315080521F086B7CFDCE300000088C60200400700006A
S31508052200BA10000000042000041880000B3C2001C9
S31508052210187C10022FFCE0067F0000000000000075
S3150805222000000000A8C00500BD4B721511A31805CE
S3150805223010325476980A000000000000CCC004004D
S31508052240010000000000000001000A000100280046
S3150805225008000101440700001800010100000000FC
S315080522602000010101A000004040250100000000F2
S3150805227000000000100000009101000001C00206E0
S3150805228000300000000000000000000300000020E8
S31508052290000000004272060041080000F00704002D
S315080522A01000000000000000000000000000AC0857
S315080522B0000000001C030F0000000060000000007D
S315080522C000000000000000000000000000000000FB
S315080522D000000000000000000000000000000000EB
S315080522E000000000000000000000000000000000DB
S315080522F000000000000000000000000000000000CB
S31508052300E04001010002000010410201331E0500EC
S31508052310000000001C4103010010568B0000000058
S31508052320FF0483072C410A01FF06660CFF04830791
S315080523308813FF03BC200AF056335000000000003E
S31508052340B756351200000050803B0000000000001B
S3150805235058410201000000000000000064410D011B
S315080523600C010000E853FA000000004000000000D8
S31508052370000000000000000000000000000000004A
S315080523800101000000000000000000000000000038
S3150805239000000000A4410201000000000000000042
S315080523A0B04102010000000000002000BC41030105
S315080523B00000000000003C0069900600D0410301BA
S315080523C0000000001000000000000200E0411601B0
S315080523D000000000E6E7FF0BCDA10A00BD066A006E
S315080523E05EB04D007D02420EA5B62202FF25B23427
S315080523F0E6E7FF0BCDA10A00BD066A005EB04D00F3
S315080524007D02420EA5B62202FF25B2340000000061
S3150805241000000000050000000000000060180040EC
S3150805242000000000000000003C4201010000000019
S3150805243044420101140000004C4201010800000451
S315080524406842010100000000804202010000000008
S3150805245081000000984205013F000002FFFF0000C9
S31508052460FFFF0000FF030000FFFF0000B442010163
S315080524700000000030430A0140002001A0000000CA
S31508052480085000011F1F1F1F1F1F1F1B181513119B
S31508052490100E0D0C45C1872F000000000000000036
S315080524A01080010103000000388002013304100082
S315080524B001000000A080020170780300D00000002A
S315080524C0A8800111F0010000A88001310542CB0161
S315080524D0AC800111F0010000AC800131053EFD001C
S315080524E0B080020100030002370000019C000102CA
S315080524F0000C0004D8000302050040AA8801000064
S31508052500C0000000EC000112E00F0000EC000132EB
S315080525100C205151F00001022B0100001001011297
S3150805252000FF0F00100101320200003150010112AF
S3150805253000C0010050010132C100A2007401010268
S3150805254069F11B0C7801011200001C0078010132A3
S315080525501004E0CF800101127907000080010132DD
S31508052560020000008401020200100000500000006D
S31508052570FC4F0103A4200508FFFFFFFF1CF604080E
S315080525800000000028F3040803000000000000000E
S31508052590C01753027C2505081CF604080000000030
S315080525A094F304080300000000000000C017530256
S315080525B0982505081CF604080000000000F4040820
S315080525C00600000000000000C0175302B4250508E0
S315080525D01CF6040800000000D8F4040803000000EF
S315080525E000000000C0175302D02505081CF604088C
S315080525F00000000044F50408030000000000000080
S31508052600C0175302EC2505081CF60408000000004F
S31508052610B0F504080300000000000000C0175302C7
S3150805262008260508681C0508000000005C1705084B
S315080526300100000000000000C01753022426050803
S31508052640681C050800000000FC1B050801000000C1
S3150805265000000000C017530240260508A417050800
S3150805266000000000801705080100000000000000B2
S31508052670C01753025C26050860150508000000000A
S31508052680A01205080200000000000000C01753024A
S315080526907826050860150508000000005812050883
S315080526A00200000000000000C01753029426050822
S315080526B06015050800000000181505080200000049
S315080526C000000000C0175302B02605083013050898
S315080526D000000000E81205080200000000000000DE
S315080526E0C0175302CC260508681C0508000000001B
S315080526F0441C05080100000000000000C01753022D
S31508052700E8260508681C050800000000201C0508C1
S315080527100100000000000000C01753020427050841
S315080527202021050800000000FC200508010000001E
S3150805273000000000C017530220270508012C206653
S31508052740756E6374696F6E3A20006173736572748A
S31508052750696F6E2022257322206661696C65643A65
S315080527602066696C6520222573222C206C696E65A6
S31508052770202564257325730A00232D302B20006830
S315080527806C4C00656667454647003031323334354B
S3150805279036373839414243444546003031323334B9
S315080527A0353637383961626364656600002020204E
S315080527B020202020202028282828282020202020DE
S315080527C020202020202020202020202020881010AE
S315080527D0101010101010101010101010100404040A
S315080527E004040404040404101010101010104141C8
S315080527F041414141010101010101010101010101B6
S3150805280001010101010101011010101010104242C9
S315080528104242424202020202020202020202020285
S315080528200202020202020202101010102000000025
S315080528300000000000000000000000000000000085
S315080528400000000000000000000000000000000075
S315080528500000000000000000000000000000000065
S315080528600000000000000000000000000000000055
S315080528700000000000000000000000000000000045
S315080528800000000000000000000000000000000035
S315080528900000000000000000000000000000000025
S315080528A00000000000000000000000000000000015
S315080528B0FD090408450A0408F1090408510A04082B
S315080528C0390A0408578C0408958C0408B78C04083B
S315080528D0D98C0408FB8C0408251A0408D51904089C
S315080528E0E1190408D11A0408018F04088B8804081D
S315080528F08F88040893880408978804089B88040821
S3150805290000000000C0010000F85E0020FFFFFFFF81
S31508052910FFFFFFFFFFFFFFFFFFFFFFFFFFFFFFFFB4
S31508052920FFFFFFFFFFFFFFFFFFFFFFFF000210008E
S31508052930C06A0020B86000200000020800000000F8
S31508052940FFFFFFFFFFFFFFFFFFFFFFFF0000000080
S315080529500000000000000000000000000000000064
S315080529600000000021160408051604080157040886
S31508052970395904086958040820C001B8000000013F
S315080529800000010100010101000100000102020326
S315080529900000000000000000FFFFFFFFFFFFFFFF2C
S315080529A0FFFFFFFFFFFFFFFFC8C8C8C8C8C8C8C8DC
S315080529B0C8C8C8C8030404080808080800B801B840
S315080529C002B800B00304040808050000000000006A
S315080529D000000000000000000000000004000800D8
S315080529E07C0031003B001B002438000080030000F2
S315080529F0A83B000004000000283E00000400000073
S31508052A002C330000F8040000A43B00000400000075
S31508052A10243E000003000000000000002C330000DF
S31508052A20AC3B0000010000002C3E0000370000000A
S31508052A30A93A00002D330000010000000006800FAA
S31508052A407047954909684143880B7047934800685C
S31508052A500104C80F704730B5002083490A6800236A
S31508052A608F4C521C6568AA4200D322681578AD06B4
S31508052A70AD0E9D40054328009B1D1E2BF1D30A600C
S31508052A8030BD86480168090408D586490A68764B23
S31508052A901A604A68C2618868B24908607047F3B522
S31508052AA083B01700C006000E00901038912833D25F
S31508052AB0FFF7CCFF00282FD000267B4C012503986D
S31508052AC0FFF7BCFF002802D0022803D003E02068E0
S31508052AD0284000D001260197744F04980C21615EA1
S31508052AE040180E21615E4018FFF7ABFF01994018A3
S31508052AF03860049800994018FFF7A3FF0199401814
S31508052B007860C02080016A49086030036949086011
S31508052B10FCF7D0FF9448057005B0F0BDFEB5664BC9
S31508052B20664DC02080040290F020000501901869C2
S31508052B30022805D228680199014002988142F0D0F9
S31508052B408A480068C01C8A4901438A4801608A4A3E
S31508052B508A4C0421A068084204D0187D8006C10F56
S31508052B60490023E00226304022D01869042805D2F8
S31508052B702F6801983840029FB842F6D0187D00079D
S31508052B80000F072814D1587D022811DD987D800687
S31508052B90800E02280CDBD87D009007460F4207D029
S31508052BA0C00700D50A21374200D0891D00290BD157
S31508052BB07348704908600020186080218902714BA6
S31508052BC0196010602061F7BD481C1E69864205D24A
S31508052BD02F68019E3E40029FBE42F6D06A48405C79
S31508052BE0009020610098C000F821014002D080209D
S31508052BF0C004186065480668012E00D14900596069
S31508052C00216800291DD15B490B682026A65F360376
S31508052C109B059B0D33430B600126166002219160C7
S31508052C200099890909D10068002801D1182000E012
S31508052C301A20225E0098FFF732FF207A000700D493
S31508052C402660F7BD4B484E49016000211A4A1160B6
S31508052C50802292024B4B1A60474A11604C4A026120
S31508052C604261414801707047283E000006204949DF
S31508052C700860002048490860F0210901474A1160A3
S31508052C8080214900464A11600849414A0A604A6056
S31508052C903549087070470000A43E0000C04101A8E8
S31508052CA07C3E0000843E0000A03E0000C84101A805
S31508052CB0C06101A8C05101A8C44000A80C0002A81B
S31508052CC030B581B00400A00314D530480068002843
S31508052CD001D1162000E00C20FEF7D8FA3148806E9F
S31508052CE00007C10F30480170082030490860C00345
S31508052CF0244908602E4D2868000406D5FFF7ABFE63
S31508052D00E861FFF7A8FE17490860A00727D58020C0
S31508052D10C0021C490860FCF7F0FE00281FD0254AAA
S31508052D201068C0B2002802D00621234B1960810914
S31508052D3015D01C490B68012BFBD949680905090DEE
S31508052D40091DC900114B1B68012B00D14908002B29
S31508052D5001D1182300E01A23D25EFFF7A0FE01B0C1
S31508052D6030BD00005C4201A8623E0000204000A874
S31508052D7000F0FF3FB84101A8044003A8983E0000AB
S31508052D80FFF3FF3F106001A8D84000A8683F000080
S31508052D90FFFF0300006401A8504000A80C6000A8C6
S31508052DA00C5000A81C4000A8AC3B0000846000A895
S31508052DB0C04101A89C3E0000005401A870B5082230
S31508052DC0804B1A60804B1B68DC0302D500200880FF
S31508052DD070BD0C880019401E00787C4DA870641CCF
S31508052DE00C8045076D0F052D05D8794E3668F6060C
S31508052DF003D5022D0DD0032070BD9604AE401E40A6
S31508052E0001D1082070BD052D03D1104201D1641EDC
S31508052E100C80AA484860002070BDF3B582B00888C2
S31508052E206C490978491CC9B2814204D20299091824
S31508052E30491E097800E00021644A517093785B07BA
S31508052E405B0F01933023019C052C28D1194232D1F9
S31508052E509478E5081E242C40CD0702D525000124C3
S31508052E602C430125A14EE6402E4072D0019FA04E67
S31508052E70E641402426403E434C0602D5340020262A
S31508052E802643947889080D40A7080C21394029431B
S31508052E90C02525400D4320212943967051704A497E
S31508052EA00C685578022123262E4008D0660302D5DC
S31508052EB02B40202B01D0052082E0424B19609378E0
S31508052EC09B0601D4202203E09278120702D54022F8
S31508052ED03C4B1A603D4A92786B461A70C022854B60
S31508052EE01E680E4001D1154212D06E463778272640
S31508052EF03E40232E03D1E60207D4012606E0252EF9
S31508052F0003D0212E04D1260302D504262D4F3E6073
S31508052F101B6819402026019F002F1CD11E4027D06B
S31508052F202A4B5B781A40402A13D00C221A40042AE9
S31508052F300FD02A073BD40122002902D0E100CB0F86
S31508052F405A4069460978CB07DB0F1A422FD021016B
S31508052F502AD4072034E0022FE2D11E4008D00029E2
S31508052F60DED1CC232B4003D16B461B785B0601D5F6
S31508052F70032025E0A30311D59C4E73691B051B0D7C
S31508052F805B1C3668F60205D5994E36683607B60FC0
S31508052F909B1B5B1E9BB2052B04D1C1E7029B1B78C5
S31508052FA0052BBDD006200BE08021064A1160E907EE
S31508052FB002D4401C03990880AB4803994860002051
S31508052FC004B0F0BD4C1002A8BC3E0000243E00002B
S31508052FD0480002A8403E0000F2B586494978CA0766
S31508052FE005D4009A12888018401E037800E000234D
S31508052FF09E4A106802249E4D2E68F60611D512695A
S315080530005340DBB2002B03D16E68D30973402340C6
S31508053010002B03D0020204D40A20F2BDE206954E1F
S315080530203260744A1E02C0230B403343914E336007
S3150805303093785E07760F022E06D16D682C4003D16C
S31508053040002000990880F2BDA0250D409E0810278E
S3150805305037402F433D090E0702D42E001025354368
S31508053060CC240C401A262E400A2E04D1CC2C02D08C
S315080530702E00FD253540804EEE40F60705D40004A2
S3150805308016D5412B10D1082912D17C48E8401121C3
S31508053090014021432020084310700D210140009866
S315080530A008D000F0A9F8F2BD0B2B01D10029ECD008
S315080530B00720F2BD00F020F8F2BD00008B330000B2
S315080530C038B50C006E490B781A0953399500491914
S315080530D025881B071B0FEB1A9A1A8018FEF775FD2C
S315080530E0010002D1200000F007F832BDF300A3E382
S315080530F0981440684C0002A8F8B5040061480568AC
S315080531003C4F3878D026304202D00D21014005D0F3
S3150805311008205D490860EF20FEF715FD397820007F
S31508053120314204D00909397000F066F8F2BD052167
S3150805313029401FD002884D49CA60544BEC0705D56E
S31508053140521C0280690607D4514B05E043242C40DE
S31508053150422C03D1521C028043600DE010224A4BD3
S315080531601A604C4A09688B00DB0F19011163802127
S3150805317009031160002101800020F2BD0A88801824
S31508053180401E0078830601D4121D0A8018220240C3
S3150805319004D0088852088018C01E08803948006877
S315080531A0C00702D50888401C0880394848600020B1
S315080531B07047344A1368DB0708D51268920705D4A1
S315080531C00A888018401E007804280CD110202E4A3B
S315080531D010603048254A12689300DB0F1A0102630E
S315080531E08022120302600020088070470C4000A860
S315080531F0080001A8243E000031B581B02649002003
S3150805320000900822254B1D7802230C24254202D15D
S315080532100022234903E02C40082C00D10222EC07A2
S3150805322003D50C001E21614000931D4207D01549A0
S315080532300968090601D51B4901E00021C943019B17
S31508053240194C21601949FF248C70009C15012543EA
S31508053250CD70087018880099401880181880144889
S315080532605860002036BD000049350000BC3E000008
S31508053270480002A8481002A80D0F0C0D071708509C
S31508053280473F00004C0002A84C2002A8ED36000076
S31508053290233700001C1002A8DE1B2501243E00006A
S315080532A02084100000FCFF01F03E0000443F0000AA
S315080532B031360000243E0000F932000011330000C3
S315080532C011330000113300001133000011330000DB
S315080532D000000000000000000000000000000000DB
S315080532E0113300001133000011330000292A0000AC
S315080532F0113300005B2B00006B2B0000A12C00008E
S315080533001D2D0000D92D00006D2F00000D2E000083
S3150805331019300000652E0000AD2E0000252F00008F
S31508053320653100003D3200002D2B00002F270000D7
S31508053330D522000011330000D527000011330000FF
S31508053340F9280000C12800001133000011330000D8
S315080533503D29000011330000113300001133000028
S315080533601133000011330000113300006912000003
S315080533705F1200000000000000040008021402188D
S31508053380032400004B488068000200D4704780B5C6
S3150805339080208002AD490860CF2000F075FA01BD8E
S315080533A0F8B58B49886B8B4C8022920322608A4E2E
S315080533B033681B0520D5130BA025054002D10968DE
S315080533C0C90601D5236017E002403FD18027834906
S315080533D00F6083490F60184038D0364D287A400764
S315080533E005D501207F49086000027F4908602878CD
S315080533F0002801D0062801DB0020F2BD00F0A8FB55
S31508053400716889684E682978052907D1B905A160C3
S315080534106E60B668CC218901734A116000F0A1FB7C
S31508053420012E00DA0226BC20800589490860942009
S3150805343080058849086069480021C94301647142C5
S31508053440416485490F6040210160D5E783480360DB
S31508053450FFF798FF0120F2BD81480168890504D563
S31508053460C06E0004000F022801D000207047012015
S31508053470704738B580245948046000F069FB050093
S315080534807848006800F080F9280000F06AFBFFF725
S3150805349079FF0848007A000705D5A0004D49086058
S315080534A000F06EFC31BD60036C490860B1480460E4
S315080534B031BD00002C3E0000FEB50500CC2080017C
S315080534C069494860012669480660FFF7C5FF00286F
S315080534D07DD0674C2078002879D0310201950528DA
S315080534E002D02A460A4072D1CC27BF015E4A176028
S315080534F0914A126881231B02134001D0032301E078
S3150805350053075B0F022805D1022B5ED308013649FE
S315080535100860F7BD4D01032804D1022B55D9324859
S315080535200560F7BD042802D111404ED0F7BD052820
S315080535304BD10198002848D0C005C10F684641708F
S315080535400198C004C10F6846017000F001FB02909E
S31508053550606869464978002903D006688021204AAB
S3150805356011602C0484496A461278002A0CD0C26870
S315080535700B68D21A814B1B68234001D0066800E008
S315080535804668964200DD1600684640786A4612780F
S31508053590024308D008684242B01E824202DA7042E7
S315080535A0886000E00026029800F0DBFA019880059D
S315080535B001D5734804600198054001D07148046037
S315080535C0002E02D008480760F7BDFFF752FFF7BD82
S315080535D00C0002A8442002A8BC3E00000CC001A8A5
S315080535E090E001A8C4D000A8145001A838B58024D5
S315080535F09648046001201D4908601D4D2878052850
S3150805360002D0600092490860FFF726FF002812D00D
S3150805361014480068000A80214140A868000EC9B20E
S31508053620814208D2444800684007400F022802D262
S31508053630FFF71FFF31BD87480168C0220A4002D13E
S31508053640C06F204001D00448046031BD1C1002A893
S3150805365008E001A808D001A894D001A8441002A83A
S31508053660440002A818C000A8106001A8C4E000A874
S315080536702C3E0000F1B582B00F00A020384003D1DA
S3150805368075480068C00603D58020800073494FE059
S3150805369000F05EFA0090FB2080010468F80202D566
S315080536A0A0680069029000F0CEFB802109036068D6
S315080536B000F0A2F926780020761C6178B14200D27E
S315080536C000261821714365180C3529780829F3DA77
S315080536D02670A56062492A780A70BA0508D5FB20BE
S315080536E0800100688068C068FA0201D40322904305
S315080536F088600127384003D100F0AEFC01F09CF83C
S31508053700F904686900F078F93C2000F0BDF8F0B2D4
S3150805371000F0BAF86088534901406180009800F0C6
S3150805372020FA38054D4908604F48076038024F4961
S3150805373008600298FEBD0000184001A810B54C485F
S315080537400068800501D4FE2010BDC02080034949C4
S31508053750086000F0FDF9FB21890109688A78D20716
S3150805376002D589688C7800E00C7800F0FAF9200013
S3150805377010BD0000100002A848C001A84C0002A808
S315080537804C1002A84C2002A8FB21890109688A6801
S315080537908B78DB0704D5927818235A438A180C3296
S315080537A090607047F1B582B0334804680027200F4A
S315080537B0000702D1E001029038E001262F4800688B
S315080537C0304001D101F038F800F0C2F90190F10452
S315080537D0606800F011F925786D1C6078A84200D25A
S315080537E00025E80020180C30009000680290F104C6
S315080537F00098406800F000F920480068304002D07B
S315080538001E201F4908603D2000F03EF8E8B200F08A
S315080538103BF825700098A060019800F0A2F91748B2
S315080538200068064002D102A801F060F8154800684C
S31508053830800408D51048C06901F027FD02990818C3
S31508053840029000D502970298FEBD000094E001A8F3
S31508053850146001A814C001A80C0002A8442002A8F7
S315080538602C3E0000FEFF0000C0E000A8106001A87D
S31508053870440002A8441002A8C43E0000784000A8E7
S31508053880841102A8FC0302A84E490968002901D536
S315080538904D4908607047F3B581B04C4FB8684C4C34
S315080538A0410061D50125000100D52125494908684A
S315080538B04A68160021688B069B0E80214900194324
S315080538C0009180210D2A05D00F2A03D0102A01D090
S315080538D0112A08D1404A12680A4004D03F4A12689C
S315080538E01B2A00D30E436A461279009B9C463B6801
S315080538F09B001940634619430091110023D0910690
S3150805390001D5012008E0F021014007D16946097A69
S315080539100C220A4002D0022000F03FF83049096817
S3150805392009040AD53968090701D5022605E0396863
S31508053930490301D5002600E003264835009A29499A
S315080539400968890003E0009A2649896B0909402315
S31508053950194011439A00002E02D0164326660835EB
S315080539602166024322662566E06D4407640F00F06A
S31508053970D9F8A0070BD0052C09D0B868000406D4D9
S3150805398000F0E6F80221184A116000F0EAF800F09E
S31508053990D2F8002000F001F8F7BD0E490A68F023B1
S315080539A09A43000110430860C0B270478020C002E0
S315080539B00E490968890701D10D4900E00D490860D6
S315080539C070470000500002A8884000A8480002A8D1
S315080539D0284000A8643F0000BC3E0000448001A8BA
S315080539E0684101A8184001A814D50350844000A8C9
S315080539F0486000A8485000A880B56E4A116001F0D5
S31508053A006FFCFFF7D3FF01BDFEB56B4D28780006A1
S31508053A1004D5287F002801D0182400E0462400F0A4
S31508053A2097F801906548C0684005C20DD52A01D2A8
S31508053A30D52204E0D1204000824200D902001000B8
S31508053A4001005F4B00932B6B5B011DD55D4B1B7806
S31508053A50022B03D25C4E06277B43F2520025009BB8
S31508053A601B7CEB40DB070CD5584B06266E439B198A
S31508053A709B888FB2BB4200D2190086B29E4200D2FD
S31508053A8018006D1C022DEAD389B209190904504B91
S31508053A900B40001BC005C00D184348490860C020E7
S31508053AA000064C4908604648017D00290CD04A495C
S31508053AB0D52A02D98023DB050B60D1235B009A4200
S31508053AC002D280231B060B600021444B19604188EE
S31508053AD0002900D10280019800F043F800F05CFD4A
S31508053AE0F7BD80B53E483F4908603F48C1680902A9
S31508053AF0090A19225143416005210160FFF784FF30
S31508053B0001BD80B52C480178090604D5007F002833
S31508053B1001D0FFF779FF34480068C00301D5FFF7E0
S31508053B2073FF01BD8020C002224908602F4800683E
S31508053B304007FBD470478020C0022D4908607047AE
S31508053B4001E02C4908602C4909680140F9D17047FC
S31508053B502A48006820212A4A11601021294A11603D
S31508053B6070473021014002D1102025490860704769
S31508053B702248006830210140102901D101207047EB
S31508053B8000207047204801210160C1607047012067
S31508053B901E49086070471E4800780621014007D06F
S31508053BA01C480068022803D0032801D00120704765
S31508053BB000207047441002A8BC3E00007C40005017
S31508053BC0703F00004C3E0000543E0000503E000089
S31508053BD00000FF01A0600050A450005018E000E066
S31508053BE07F1A0601540002A810E000E0440002A866
S31508053BF0442002A8282002A8280002A8600002A8D6
S31508053C00602002A8601002A8789001A884A001A8DF
S31508053C10A03E0000683F0000F8B55B4880214902D0
S31508053C20C1610221594A51600021594AD162594A4E
S31508053C3011800321554A116002210160564DCC01B8
S31508053C40A868204010D052480068F02109050140AF
S31508053C5090200005814207D00220504908600120BE
S31508053C6001F062FB4E48046020204E49086080201A
S31508053C704D490860CC2080014C49086001244C4810
S31508053C800460286800900004070F4A480068C505BF
S31508053C90ED0D103DC0202843C0B2FFF7F5FD3C48A1
S31508053CA0C06B800309D5092F07D0FFF774FF0028D5
S31508053CB001D003F029F801F065F93F480668032D98
S31508053CC041D000980007000F0090032803D002286A
S31508053CD006D1032F37D000F03FFA0098032803D002
S31508053CE0062F30D1062D2ED034480068C00B20404B
S31508053CF001D001F049FC32480068000108D5052DB8
S31508053D0006D101252F4804606005FFF719FF00E075
S31508053D1000253100380000F059FA0600002D06D0B6
S31508053D2000F006FC2848046002202849086060055A
S31508053D3025494865800926490860FFF72CFF0028AC
S31508053D4001D002F0CDFF114821040162002F08D1E8
S31508053D500221416000200E49C863C020C0001349EE
S31508053D6048643000F2BD80B5FFF7DCFE19480078D7
S31508053D70800602D4022018490860FFF7DCFE01BD5B
S31508053D8002201649086070472C1002A8282002A8A8
S31508053D900C0002A85C3E0000B00002A86C1102A83F
S31508053DA0B82002A894E001A80CC001A8146001A8CF
S31508053DB0C4E000A804ED00E0B44000A800E200E075
S31508053DC0EC3E0000645000A8646000A82C4000A8DA
S31508053DD080E200E0BC3E0000081002A8082002A800
S31508053DE0F8B55B48046804275A4DBE01A0070FD5E8
S31508053DF0594A0120E021C90093680B4002D02E607C
S31508053E002F6128611268114002D02E60AF60A86044
S31508053E10FFF79EFE210506D52E602F61B7490D22AF
S31508053E200A600F220A60FFF79CFEF1BD80B5FFF711
S31508053E308FFE864901228A600A600021B04A116010
S31508053E40FFF78FFE01BD10B5012081498A6802403A
S31508053E50FCD1BE4A042313610C680440FCD1936067
S31508053E600002106010BD7B4908680122104200D186
S31508053E70704710B5E023DB000340FF24A41CA342CA
S31508053E8007D3B34B9C6BA40602D41B68DB0600D587
S31508053E904868024001D000F021F910BDF8B50400C4
S31508053EA0894D28683F21884388490978014329604F
S31508053EB0FFF7D9FFC820A862062085490860802033
S31508053EC040038449086080098349086020688D4D48
S31508053ED0AF68874200D30700C01B20600121200078
S31508053EE000F0B7FB06002068C0192060FFF778FFC9
S31508053EF0854800682860002E11D184481021416242
S31508053F000821834A12680A4001D0016000E0416031
S31508053F1093490968490002D5802149014162300063
S31508053F20F2BD8C480178090610D5007F00280DD00A
S31508053F308748C16BC90609D4816BA0220A4005D1F9
S31508053F400068C006C10F0120484070470020704729
S31508053F50500002A8881102A8900102A880B5FFF7AB
S31508053F60E0FF002803D00021042001F0A5FB01BDD0
S31508053F70F1B57C487C49C860EE20C00408607B48DA
S31508053F807B490860FFF7CDFF002803D000210420F0
S31508053F9001F092FB774C8020C001206008277648FF
S31508053FA087650125704845641D2073498862734EE7
S31508053FB09B204000B061072001F0B6F902206E4942
S31508053FC0886253490A68D20603D56B496C4A0A6062
S31508053FD008E00F220968394002D03100103101E0A6
S31508053FE0310014310A6067490968002900D4B761A8
S31508053FF065493160C021C900644A1268F823DB01A6
S31508054000134001D1F16201E0574A9165216C2940B7
S3150805401008D0616BC90705D45D490968084001D10F
S3150805402001F068FB0020C0435A490860606B0540EB
S3150805403001D1FFF7D5FE009801F064F9606B8001A0
S31508054040FCD4606A54490860F1BD0000902102A8B5
S31508054050940102A8743F000010B53E480178090688
S3150805406006D5007F002803D00021052001F024FB92
S31508054070154801683F229143484A12780A43026067
S315080540803C4C606BC00701D4FFF7D0FE4449972026
S3150805409040000860102008604248E3221201826643
S315080540A0414ACA610021414A11600F210822184B6D
S315080540B01B68134001D0816700E0C16703210160D1
S315080540C002631003206010BD2C8001A85E3E000027
S315080540D00C9001A8982002A8A41002A8F0210901AD
S315080540E0334A11600140334801602020324908608F
S315080540F0324909680840C3490860704700100C50E2
S3150805410000000C50A03F0000340002A8601102A868
S31508054110FC0302A82A482B4982680A4002D1C268CC
S31508054120114001D01149016014480821A84A1368AD
S315080541300B4000D081611178C90602D58C21090189
S3150805414001601420B0490860F3E10000882102A83F
S315080541500C0002A8BC3E00000448054908607047E3
S31508054160EC0002A8000FFF00242102A80120000088
S31508054170706201A8100002A8C01002A8501102A872
S31508054180BD03000028C000A8302E0000A88001A89D
S31508054190343E0000B46000A89C3F00005F3E000066
S315080541A0682102A8E82002A810100000C00002A88D
S315080541B0586001A8585001A8482002A8184001A827
S315080541C0704201A80080008070470000F8B586B0E7
S315080541D005000C008D480068400102D520004024E2
S315080541E004438B48C66AFFF7B3FC0590B00503D5AB
S315080541F088480068FFF7C8FA002001900123700671
S31508054200C00F0290844A916800209060B82040004B
S31508054210824E30606608B82030401278F02616407F
S31508054220402E02D10200402010430D2D02D10A006E
S31508054230042111434A0704D502001420104310220D
S315080542409443774A12686D462B70D20506D58022A7
S315080542505200744B1A60020001201043029A002A84
S3150805426011D10C220240082A0DD00200684B9B6B1F
S31508054270DD0601D41025AA439B0601D420239A43BB
S31508054280B12313404FD06A461278002A4ED0A64A63
S31508054290956B966D01236D076D0FAD1DAB40F50446
S315080542A0ED0C5B1B9BB2082B09D280200623584DC3
S315080542B02B6043029D4D2B6000236D462B70812391
S315080542C0034036D00823029D002D00D113620D0048
S315080542D00821294310239C4304231D05984E356060
S315080542E0DD04984E35606D462D78002D1ED0062BBB
S315080542F025D3464DEE6CF60621D5934E3668360E11
S3150805430001966D69ADB2904EF66B360603D02E0052
S3150805431080256D01354315612D121561404A1268D0
S31508054320D50592D40BE008227F4B1A6204910090BA
S3150805433032E000BF27A34506ED0E5B5DD3E7049182
S3150805434000903348026B80490968774D2E686F4699
S315080543503E81282616401E43930CDB01334316007F
S31508054360120E3240102632401A438900402319405E
S31508054370114302AA9170406B000A02A9C870FFF79B
S31508054380DDF902A908710198487170480068C88066
S315080543900298E8660398E8660598FFF7E2FB08259C
S315080543A0600601D566488560FFF7F5FB002805D048
S315080543B067480078002801D0664805600498C1B2A8
S315080543C00098C0B2FFF767FA200007B0F0BD0000F5
S315080543D0F84F00000301070603010706050106064F
S315080543E00501060603020706030207060502060671
S315080543F005020606081A03D2574909684018401CDB
S3150805440070470000481002A86C3F0000084000A845
S31508054410180002A81CC000A8643F0000B46000A8E4
S315080544201C0100AA1C2100AAF8B54C4F0F2401252A
S315080544304B4910264B48806B30401BD0012008702D
S31508054440494800687969FFF7D5FF4849096840185A
S3150805445001285DDB01F0F6F945490968090B0C40A9
S31508054460022C53D16905434A116043490E643D49F7
S315080544700D604BE02E023B48006CC0001ED53F4838
S315080544800068E0218905014042D0394D2868210395
S315080544900140700181423BD1FFF75AFB384A394939
S315080544A00968314002D03849096811602968090B3D
S315080544B021400229F3D0FFF754FBF1BD33480068C4
S315080544C0002825D00D7000F01DFF002820D101F029
S315080544D0B9F927490968090B2140022916D1264A3F
S315080544E01160690239601F490E60214A1168090B76
S315080544F021400229FAD01168090B0C40032C02D079
S3150805450029041C4A11600021204A116001F09EF910
S31508054510F1BD802080041E4908607047802040044C
S315080545201B49086070470000540000AA141100AA28
S3150805453000BF18480168490701D0FF214161704746
S31508054540441002A84C5001A8184001A8448001A8A7
S31508054550AC3B0000845000A838C001A80CC001A8CF
S31508054560613E0000100002A81CC101A8DC3E00003F
S31508054570B00002A81C1002A8082002A84C4001A8F1
S31508054580800000AA084000A8904000A8383E000010
S315080545903C2002A80C4000A87047FF2808D003282D
S315080545A006D2FE2189010978C140C807C00F7047A0
S315080545B000207047F0B58020000208219B4A11604B
S315080545C00A2301219A4A01249C400443C1A5ED5CAE
S315080545D025439560F025974E3560944DC0A6F65C43
S315080545E0022737432F6004262E60A74D2D680D40F8
S315080545F006D1CD026D1E03D0966C3603FAD401E0BA
S315080546000220F0BD956CD66C6D036D0BAE4200D2DB
S3150805461020005B1ED7D50823864C236090609B4BEC
S315080546201B685B0113D59A4C63785D1C01262E40E1
S3150805463066701D000626754365191268AA80E88006
S315080546402370FE20800102789940114301700020ED
S31508054650F0BDF1B582B0FFF7E9FB8E48006B400166
S3150805466001D401241CE08C48826B00208849C3B21A
S3150805467006246343CB189B8894B2A34204D0401CF6
S31508054680C3B2022BF3D3FF20087001248148006BBF
S31508054690400105D50878FFF780FF002800D00024DB
S315080546A07C480078000608D57A48007F002804D09B
S315080546B07848407F002800D10124784DE8690190A3
S315080546C077480068E861774E02980068316D4718A3
S315080546D0012F16DB00F08DFD3060C001381A012860
S315080546E00FDBFFF7B0FB00F0A7F802980068316DFD
S315080546F0401800F007FE002803D00021029A116031
S3150805470010E0694FC020C00038602868072832D0F5
S3150805471005210840052808D029600C2000F004FE6C
S31508054720002802D00199E961FEBD604EFF207A3066
S3150805473070620420B062FFF786FB02203060E02035
S31508054740C0045B4948608020800478600220386090
S31508054750012000F0E9FD802080007062022000F04B
S31508054760E3FD8020C00070620820B062022000F0D8
S31508054770DBFD0220B0624F4EE02040003060042089
S3150805478000F0D2FD07003ED10220494908608002A3
S31508054790B062C001B06210203F4908600120F0658B
S315080547A04548006840061BD43A48006B400113D5B6
S315080547B0374800786946087068460078FFF7EDFEC1
S315080547C0002809D032486946097806225143401817
S315080547D0C0883149086403E0FFF7ECFE070012D1EB
S315080547E02D48012101600021C167022000F09CFDCA
S315080547F0324E40203060C0303060022000F094FD13
S315080548008120C002B062002C05D02B4800688001C3
S3150805481001D4FFF776F9E869E021490301400198D3
S31508054820274A02400A43EA613800FEBD889001A876
S31508054830448001A888A001A838B5FFF7F7FAFFF75D
S3150805484002FB0224144804601E4D0820A862C00114
S315080548506862012000F068FD200268622C60062067
S31508054860A86219486862E0204000144908601048A3
S3150805487004600021094A1160C021C9000160134876
S3150805488000681349086031BD140002A8EC3E000013
S315080548904C3E0000BC3E00000C8001A85C0102A845
S315080548A0F80302A88C3F0000981002A85C1102A81C
S315080548B0982002A82C9001A8500002A82CA001A8AF
S315080548C0FFFFE3FF5C2102A8F9610000340002A896
S315080548D0943F000000000001010204081020200092
S315080548E050505040404040302020200070B506000A
S315080548F0FFF7A9FAC020C00019490968F822D201AC
S315080549000A4001D1174900E0174908601748AC2144
S31508054910490081640A21016015488021490301601F
S315080549208909C160134C6069AF21C901451830680A
S31508054930854200D30500401B306000213000FFF793
S3150805494088FE3168491931600B490968216070BDCF
S315080549508020000109490860000109490860704777
S31508054960AC8001A87C1102A87C2102A80C8001A8AC
S31508054970981002A8903F0000340002A8441002A827
S31508054980685000A8F1B584B0B74800680190B748E3
S31508054990C06BAF21C90140180499884205D2081A87
S315080549A000F0B0FC002800D048E2B14D6868C007A1
S315080549B000D543E20420AF49C8628003AE49886240
S315080549C0CE480468A86B8607B60F032E03D01020B9
S315080549D0A849C86223E0802080028862E96B8906B7
S315080549E001D5012061E0210610D5EA6B02210A40AE
S315080549F00CD1C34A05231360EB6B10273B401943BB
S31508054A00116000211160A96B090A116004219A4AEF
S31508054A10D162E96B002902D59649886200262006E7
S31508054A200DD5B648007F002809D020209149C862CF
S31508054A30C8480068202108408F49C8620EE0A86B5F
S31508054A40400705D5A86BC00080214900084003E04A
S31508054A5086480069C10701D5FFF740FBE00708D579
S31508054A60CC48B1014018006AC004C00C401ECA49AA
S31508054A700860CA480168090404D5806FC00F01217A
S31508054A80414000E00021C648C02292000260320279
S31508054A90002902D0C021890000E01100C14B196028
S31508054AA0C021890041605A600020296C942292052C
S31508054AB00A40140000D00124802636022043000649
S31508054AC02DD08E483021405CC0210140402902D1B5
S31508054AD0FFF749F901E0FFF753F920202860240676
S31508054AE000D1ABE1A86B400709D570086249886211
S31508054AF00220AD49086000F093FA002807D0042083
S31508054B005C49C86240025C498862A74806607B48DA
S31508054B100078000600D491E13001564937E1686806
S31508054B20C00700D58AE1B0005349C862FEF7FAFF07
S31508054B309948406E296C314008D1C00606D5FFF75D
S31508054B4007F80221BE4A1160FFF70BF8FEF7F3FFD7
S31508054B50F0082860C54CC0273F066760A86B400764
S31508054B60C10F68460170EE20C0040199C90700D433
S31508054B7084E0BF4908603009E0610320BD4908643F
S31508054B80FE20C003486442204860A0202060082013
S31508054B90B94908660420B9490860286CC00238D5A1
S31508054BA0B7484068010C0391B6490004C00B085A7A
S31508054BB00290039810282CD32C480189E72928D375
S31508054BC0018995225200914206D8029B511A090974
S31508054BD04B43990A4A4205E0029A9A4BC9180909AC
S31508054BE04A43920A52B203998918C36B9C46836C49
S31508054BF05A4363469A18C2636F2901D36F2102E0A7
S31508054C000F2900D20F2108020843090401439E48CB
S31508054C10016097489D498164B90C61600221964AED
S31508054C205167B90D8160F02109014165F0092061D7
S31508054C300A2000F079FB6760822040022066012081
S31508054C4000F072FB01206060062000F06DFB6660CF
S31508054C50082000F069FB3001606080006060032071
S31508054C6000F062FB700045E0FC0302A8683F0000FF
S31508054C70100002A81C2002A81C1002A801994907C1
S31508054C8040D57B4908607C4E8220C004F0668020AA
S31508054C908000E061C001B066B80C88647C48606035
S31508054CA00A2000F041FB7349002008640860486043
S31508054CB0A020206008203066022070670A2000F0D0
S31508054CC033FB676073482066012000F02DFB06203C
S31508054CD000F02AFB08206060062000F025FBF80D89
S31508054CE06060082000F020FB60206060032000F06B
S31508054CF01BFB02206149086009E000BFBC3E0000B5
S31508054D00E40000AA644A4021002001F009F8634836
S31508054D100021C943C1630121934A127812061BD59E
S31508054D20AA6B520718D4914A12680D2A05D00F2A7C
S31508054D3003D0102A01D0112A0ED1064A926B5205C4
S31508054D400AD58B4A12681B2A06D217480161C1641F
S31508054D5003E000BF184001A8016000F04AFA834E37
S31508054D60401DC001F16B47188020C0018149496F74
S31508054D7001400291804908600498874217D2F16B71
S31508054D80401A00F0BFFA002810D002987B4908603F
S31508054D9054E000BF0C0000AA204000A8684101A8FD
S31508054DA0086100A8085100A8685000A8049F019842
S31508054DB0400702D58020800000E071486060012028
S31508054DC000F0B2FA686AB063802040002A49086094
S31508054DD0380000F097FA644C68460078002806D132
S31508054DE06448006860628020C0038C4908600298A0
S31508054DF0624908601E480199490704D5802189003A
S31508054E008164224903E002218164C0218901816404
S31508054E10686A306368460078002809D0012000F0E2
S31508054E2083FA2078000603D5802000038F49086099
S31508054E30286CC00202D512480068F06305B0F0BDBB
S31508054E4014E50350D6FEFFFF80B5FEF781FE8C49B3
S31508054E5000220A600A22CA61FEF783FE8948C02134
S31508054E60890201608849416001BD0000681102A8F0
S31508054E70242102A8600102A8B81002A8C82102A820
S31508054E80F83F0000C0000000DC4001A8040400004B
S31508054E90040440000204000011070000786000A819
S31508054EA07A48806B800300D47047F8B57848076858
S31508054EB00024002001252F4202D0C020800102E0EF
S31508054EC0790700D57348744902220A6008640820E0
S31508054ED07249086072480068C00403D471480068BE
S31508054EE00007FBD5704E26487065042000F01CFAAD
S31508054EF08820C00470653D4007D0A02080037065F2
S31508054F00012000F011FA694808E0602070658020E4
S31508054F104002B060012000F007FA65487065654DE6
S31508054F202C606C60C02000067065C00C624908607C
S31508054F30012000F0F9F9F0200001F0665F480460E9
S31508054F40862040025E4908605E4870650820306024
S31508054F50A02030652C646C64802080014B4908606C
S31508054F60000159490860F1BDBC3E0000683F0000D4
S31508054F70448001A820C001A894E001A894D001A8FE
S31508054F8002400000F8B5514800680D25054008207F
S31508054F900424002D01D1042504E009212940092905
S31508054FA000D145404A49102706034A4A4A4B1B6819
S31508054FB02340126814D04A60284004D00220FEF720
S31508054FC0ECFC464806602C4007D045480068074370
S31508054FD043480760B008414908600220414915E081
S31508054FE00A60284005D00220FEF7D7FCA0023B49F7
S31508054FF008602C4006D03A4801680F4307607009D7
S31508055000364908603748066030032F490860FFF7B8
S3150805501047FF00210020FEF73EFCF1BD1C1002A843
S3150805502010B5802030490A6802400AD02F4B1A6805
S315080550300624144005D15C6E2D4A22401B6D9C0141
S3150805504001D5002010BD096808400DD029488242BF
S3150805505003D1180501D5012010BD27480068C107E9
S31508055060C90F481E8041C00F10BD00001C2002A8AC
S31508055070224803210164A821C163102101607047F4
S31508055080D80000AA442002A804000080100002A83F
S31508055090FC0302A8040400002C1102A8106001A84C
S315080550A0D84001A8104001A8182102A801800000CF
S315080550B089050000600102A8B06101A8548001A80D
S315080550C0C82102A804340000482002A8B44000A854
S315080550D0E43E00001CC101A8480002A8441002A825
S315080550E0643F0000685000A8440002A814C001A83F
S315080550F01F1F0000010C000030C101A8082002A8E6
S315080551006C4800680121084209D16B4A12686B4B45
S31508055110000C1840F03291400B40984201D002200D
S31508055120704700207047F8B507000F386A461080A3
S31508055130604CE0680A0004D16B461B8882B29A4225
S315080551403AD200226B461A80012502263A0013D068
S315080551502268324007D000292ED059480088401CBD
S315080551605749088000203900216156490E6080B2EA
S31508055170B84201D369460D805348456000E030BF03
S315080551802068304003D1FFF7BBFF0028F7D04D480C
S315080551904560390010D02168314005D048490A884C
S315080551A06B461B88D2180A80066000202061E068D5
S315080551B0B84201D244480660FFF7A2FFF2BD38B5EA
S315080551C0050000F03FFB0400012199204543A80985
S315080551D03E4A12688018123880B2FFF7A4FF050008
S315080551E08020C0013A490860200000F02FFB2800FE
S315080551F032BD334803883549096802889342F9D18F
S31508055200100408187047FEB51238070C6946088059
S3150805521000F018FB0190274C294D2888B8421ADA60
S3150805522001202C490860274E30BF0220216801401D
S3150805523006D030604003264908602888401C288027
S31508055240FFF75EFF002802D12988B942ECDB012168
S31508055250716000280DD12888B8420AD1E0686946E8
S315080552600988884205D2002168460088FFF75BFF52
S3150805527001E0FFF745FF04008020C00114490860D6
S31508055280019800F0E3FA2000FEBD10B512490A6838
S315080552900E4B1B680C689442FAD0DB014033141A8E
S315080552A002D288692418641C0C4800684443181BF4
S315080552B010BD0000280002A804ED00E0FF3F00002D
S315080552C05C3E0000282002A8281002A8340002A87F
S315080552D080E200E02C1002A820C001A8B43F000017
S315080552E0F0B502E00A601C602E607EC84F1C07D028
S315080552F05F1C04D06F1CF5D10A601C60F0BD0A60FE
S31508055300F0BD000010B5C409FFF773FF201A312850
S3150805531006DAC000183801D4C01EFDD5002010BD18
S315080553202000FFF770FF10BDC32148436F3801D42D
S315080553301E38FDD50020704780B5FEF72EFB0120E7
S315080553408A49086001BD38B589490C68082589491F
S315080553500D60FFF7F1FF2C4001D08748056031BD88
S3150805536080B5EB2000F001F801BD30B583490B681F
S3150805537018401022134210D0814B824C24682240D3
S3150805538008D0B04A14682402FF252D0225401D635E
S3150805539000241460802252031A60086030BDF3B5F4
S315080553A0010016001C0000250095A748019A330040
S315080553B000270BE0BC464F5D4743AE009E597E402D
S315080553C0575D47433740664637436D1CA542F1D3BB
S315080553D0390939438A080A43510811430840C1095E
S315080553E001430F208A0B0A4302405040F6BDF1B52A
S315080553F082B00E00002093490860944DEF7AA87A8A
S3150805540001900F21394000910ED00B46904A9149DB
S315080554100298FFF7C4FF019901408A4801608E4842
S3150805542041438E48084001D1012400E0440138096A
S3150805543015D032003B0929000298009E6D7A751928
S315080554404019FFF7ACFF0199091101407D4802682B
S315080554500B0113430360002901D0480044438048E3
S315080554600068204001D10420FEBD0020FEBD80B5A0
S315080554700A00002111807B4952888018FFF7B7FF7B
S3150805548002BDF0B50F22784B5C7905780F202040D0
S31508055490C5402009284001259C79C4402C4001D1E6
S315080554A00320F0BD374C2468254008D06F4D9E680B
S315080554B04700F65B761E2E608026B601EE60DD781F
S315080554C0DE79C640F00711D5E0060FD5002D0DD0BB
S315080554D0674848600888488008881C7800192A4063
S315080554E080185A7880182A09801800E00020088054
S315080554F00020F0BD10B55F4801685F4A08200142E3
S3150805550000D09061C90602D58C21090111605B4955
S315080555105B4A5C4B1B681B040CD54B685C0402D5BF
S31508055520C303136006E0C024A4011C4043029C4241
S3150805553000D010600B68034005D0534B1B689B0FC2
S315080555409B0700D010600F480078C023034002D19E
S3150805555080204005106008682021084010604B48E7
S315080555600068C00101D4FFF7FBFE10BD2C4000A85A
S315080555704C4000A84C6000A84C5000A86C3F0000A1
S315080555801C1002A8BC3E0000F8B5414F38687E6875
S31508055590064040483040404908608024A4033F4DF2
S315080555A0F00227D53E48016801200A0605D53D497A
S315080555B00968A9602870022014E0014202D03A4918
S315080555C0A9600FE00020C9060CD52949A960374A04
S315080555D091780B071B0F12789A1809095118A98093
S315080555E0E880A888A880A888002801D0264301E075
S315080555F0FFF7B6FE264023D0274E74603460A88888
S3150805560000280BD0396A814208D3291D2848AA687B
S3150805561090470100F3D0FFF78FFEF1BD01000CD0CE
S31508055620FC218902F16123490203CA6134604C6091
S315080556303A6A824204D30C60F1BDEB20FFF795FE6A
S31508055640F1BD00003C3E0000010101013C3F0000A0
S31508055650F43E0000343F00001111000021840000CB
S31508055660F03E0000143F0000443F0000204000A81B
S31508055670BB210000F84F0000502102A8184001A8D8
S31508055680481002A8684101A84C4201A8D04000A8C4
S31508055690B44000A8FFFFDFFFB46000A8403E000045
S315080556A0BC3E0000A43B0000CF210000453F00009A
S315080556B0D84000A8B45000A870B505000C0000F045
S315080556C0C1F80600FEF75EFA20020543064805609E
S315080556D0022006490860FEF75AFA300000F0B6F8C7
S315080556E001200349087070BD04C0095040D009500F
S315080556F0603E0000FEB5C020C00433490860334843
S31508055700334948653348886533484024046044600E
S315080557101020FFF709FE002854D1FF2000052F4960
S3150805572008602F482F4908602F4829490860A503AE
S315080557302A4805602D4807680820FFF7F5FD002863
S3150805574040D108262A4806600120FFF7EDFD2748BF
S31508055750806801902748066027481D4908601F4844
S3150805576005600820FFF7E0FD00282BD120480660D4
S315080557700120FFF7D9FD1D48806800901D48066081
S31508055780134D1E4828600199009800F03FF88606D3
S31508055790B60E0198C10B0098C00B00F037F8000249
S315080557A0FC218901014031432960104807606003DF
S315080557B00A4908601248046044601249016412499E
S315080557C041640020FEBD000020E000A85714000033
S315080557D04C0102A8FF3FFF3F601102A8B42002A8AA
S315080557E00000380EB41002A830300000104101A898
S315080557F0105101A8106101A8101000002020000012
S31508055800602102A8F703F000FF3F000010B5490420
S31508055810CA104004C310991A00209A18D30F9A186B
S31508055820521052188B115B0E5B18DB11D218202308
S31508055830541A01D422001843CC0F611849105B0885
S31508055840F6D110BDEFF3108072B67047002800D167
S3150805585062B6704710B5C20018231340FF249C4052
S31508055860E2438907090E9940030004D473489B0847
S315080558709B00C01806E0724B0007000F0838800821
S315080558808000181803681A401143016010BD80B5D9
S3150805589074225421002000F043FA01BD10B5FFF724
S315080558A0D1FF684901220A60674B684C2360684C3A
S315080558B023600323674C2360674C2360674B1A6094
S315080558C0674B1A60674B80241C601A60664A1A6023
S315080558D011228A63FFF7BAFF3F2064490968014028
S315080558E00A1D402A00D2081D614A1070AD4801708C
S315080558F010BD80B501001120FFF7ACFF01BDFFF70C
S31508055900A1FF05000024012160B2FFF7A3FF641C6F
S315080559100E2CF8D301210F20FFF79CFF0121132038
S31508055920FFF798FF01211720FFF794FF03210120B0
S31508055930C043FFF78FFF01211E20FFF78BFF4D4858
S315080559404D49086002204D4908600120A0490860B4
S3150805595047044B4C20693840FCD02068800101D4A7
S31508055960FEF7BFF82800FFF771FF464800680003F1
S3150805597011D4972252005321002000F0D1F90AE0EC
S3150805598000281CD0FEF7E4F819E020693840FCD059
S315080559902800FFF75BFF206E0004000F022801D1DF
S315080559A0FEF742FDFFF74EFF0500714EFEF7E0F8DC
S315080559B000287078E4D0002801D1FEF7D2F8012036
S315080559C02E493278002A05D1774A1268920600D4FC
S315080559D0086030BF0022327002220A607C490860DE
S315080559E0D3E77C48016842680A407B481040174956
S315080559F00860800700D4704710B578480188491CA7
S31508055A000180774C2078000617D576490A680F2055
S31508055A10120B0240032A10D1A94A12685207520FDF
S31508055A20032A0AD80968090B0840032805D10D2059
S31508055A30FFF789FCE08A401CE08210BD00E400E01F
S31508055A401CED00E0040002A80000FF3F282002A87C
S31508055A502C1002A840E002A844C002A804C001A868
S31508055A60044001A8145001A8200060062C8001A84E
S31508055A705E3E0000FFFF9B4000E100E0602002A8B3
S31508055A80500002A8F80702A8F8B5574C20686568BB
S31508055A9005408C4805605548284007D0FEF77BF831
S31508055AA0002803D0280088490968884787480121BE
S31508055AB00D4211D00222864B1A60864A12680A40A0
S31508055AC007D10268F0231B0513409022120593425D
S31508055AD0F3D00902804A116080210D4220D0A26ABE
S31508055AE0F823DB0113401BD0C0221201934217D8B5
S31508055AF080231B06894E3360A76AF826F6013E40C1
S31508055B00384F3F683F043F0F022F01D0032F03D1BB
S31508055B10002E01D09642EFD3904A1360694A116068
S31508055B208F49097806290DDACC20800128401DD031
S31508055B30FFF788FE04002800FDF7BEFC2000FFF7E6
S31508055B4085FEF1BD806B800510D58648284005D0B1
S31508055B50FEF73AFB2800FDF7AFFCF1BDA80205D50F
S31508055B6080204001574908607F490860F1BD00005B
S31508055B70613E000010B57D48016844680C407C48C4
S31508055B80046080210C4205D041607A4801600020F6
S31508055B90FDF792FC600403D5802040057649086028
S31508055BA010BD00005F3E0000F40302A838B573482F
S31508055BB0016844680C40E00707D5FFF743FE050072
S31508055BC0FDF714FD2800FFF741FE6D48046031BD59
S31508055BD0601002A8280002A8FFFF00C05C3E00006E
S31508055BE0BC3E0000B00002A8104001A8020006004D
S31508055BF0FEB5644C206C676C074001252F4216D00C
S31508055C002E0661480660206860490D60002802D0A6
S31508055C100021FDF7F1FE5E480068A021C90188420A
S31508055C208041C043C00F5B4948705B480660FDF775
S31508055C308FFF0190022007403ED06168CEB20F0A59
S31508055C40564908224A4B4403012E24D0022E31D147
S31508055C50012F22D1524EF6780096514E37780126F5
S31508055C60BE40504F3E604E4E3678760590277F04E7
S31508055C70F71903263E434C4F3E601C604B4B1C6090
S31508055C800B68009C1B194B65454909788D404849A1
S31508055C900D6048490DE00090DFE7002F0AD1464E12
S31508055CA0356000254D655C601C60C104434B196071
S31508055CB043490A60354908600198FDF752FFF7BD63
S31508055CC0184001A8106001A8A83B00000C0002A80E
S31508055CD06C1102A8B44000A8B82002A870B5FDF753
S31508055CE037FF0400FFF7AEFD2F490A68D2070FD51F
S31508055CF02A4A566D1368334D2E60CE686E6049681C
S31508055D00E9818021C904204E3160297B59185165DE
S31508055D10FFF79CFD2000FDF724FF70BDE06101A893
S31508055D20002800D0704770B50C00FDF711FF050077
S31508055D30FFF788FD0600FDF725FF234804600121C6
S31508055D40224A1160026C0A40FCD1FDF720FF30009B
S31508055D50FFF77CFD2800FDF704FF70BDE05101A89B
S31508055D602C3E000000104006145001A890C001A85A
S31508055D7090E001A80CC001A804ED00E0C0C000A889
S31508055D80C0E000A800C002A8441002A840E002A886
S31508055D90404000A8613E0000442002A818C00A50E9
S31508055DA0753E000068E00A5060C101A894D001A8B4
S31508055DB068D00A50F42302A860E101A880E200E051
S31508055DC0F41302A86C3E000000C0095040D00950E3
S31508055DD080B5FDF7E0FE002801D000F0A0FE01BD64
S31508055DE080B5FDF719FFB148006800030AD4FEF728
S31508055DF0B3F9FFF755F8FEF72FF90120FFF724F851
S31508055E00FEF71AFD80208005FDF79AFE01BD80B5CF
S31508055E10FDF702FF80204002FDF792FE01BDFEB5A3
S31508055E200520684908606848046801273C4201D18D
S31508055E30FDF7FCFFFDF7F0FE6449086800909248F7
S31508055E4049680160A105CA0F69460A7100253C42E1
S31508055E5010D00095964949680160954802689549A4
S31508055E600B68981A9A4202D38B69C018401C924B44
S31508055E709842F5D3914E356068460079002804D0D6
S31508055E8021000098FDF7F6FB00900024306838409D
S31508055E9003D16846FEF702F80400FEF742F8002823
S31508055EA046D08348407C002842D19849804DEE6803
S31508055EB00A6933689A4200D00120954A1278022A5F
S31508055EC00DD2944B9C4606235A4363469B5AB446C1
S31508055ED00200182672436646B218536000E002248B
S31508055EE0009A0192EA680123434018204343D618CD
S31508055EF030680861B06808609548F16801603169DD
S31508055F00016270699349086001A8FDF7C7FF002873
S31508055F1008D17F490978022904D27E4A06235943BE
S31508055F20515A7160210004000C4301D16F7401E0D8
S31508055F30002C02D10098FEF71BF887480760022057
S31508055F4086490860C820C004AD4908607804FDF78D
S31508055F50F7FDF7BDF8B59E4C8025EF02FDF7E1FF85
S31508055F60002808D09B480078002804D13800FDF79A
S31508055F70E7FD2560F1BD206CC00506D58020000625
S31508055F80206000BF00BF40082060FEF7C3F89D48A3
S31508055F900068C021090181439B480160FDF73CFE65
S31508055FA0FDF7FEF90600994899490860FFF710FFBD
S31508055FB03800FDF7C5FD002E00D025600120B9493A
S31508055FC00870F1BD5C1102A8440002A8B83F00009C
S31508055FD0F8B5B54800688F49096801408E480160DB
S31508055FE00120FFF786FCFDF717FE8C484421405C27
S31508055FF00521014002D0FDF7B6FE01E0FDF7C0FE1A
S31508056000734C012702258548406C284000D0276037
S315080560101020C043A54908600026E663A448066023
S31508056020FDF7B9FD002802D000F0C6FD01E07B4862
S315080560300660FDF777FD9F480068216C090407D4BB
S31508056040000705D5FDF784FD9B490D60FDF789FD1C
S31508056050FDF771FDFFF74EFA9848006807400CD022
S315080560608020000696490968014006D08E49896A46
S31508056070084002D10D20FFF766F9A804FDF760FD73
S315080560800020FFF736FCF1BD383E000080B5FDF768
S31508056090C3FD06480068000303D4FDF7DDFFFEF7D8
S315080560A0CBFB80204003FDF74BFD01BD0C0002A884
S315080560B0C83E000020C001A801FF0000343E0000CC
S315080560C038B5FDF7A9FD424C2025FEF7A9FF00289E
S315080560D006D0606B000704D5FEF7CAFFFEF738FC45
S315080560E02560FDF7B9FFFEF7A7FB764800780C2172
S315080560F00140042902D1FDF736FE01E0FDF740FE11
S315080561006804FDF71DFD4020206031BD348001A8D7
S315080561104C3E0000523E00001CB505206A49086041
S31508056120FDF77AFDFEF7A4FFB548006800906846B6
S31508056130FEF7DCFB0400FFF74BFE002C02D10098A6
S31508056140FEF720FC80204004FDF7FAFC13BD00008D
S315080561501C4101A8284000A8442002A8305201A8DD
S31508056160F8B5FDF759FDA74CA56A5020284002D079
S31508056170FDF7F9FD01E0FDF703FE154FFEF750FFA4
S3150805618000281BD1B86B40071DD4786BE02149015F
S31508056190014018D1A80611D4FDF7C4FCA56A9A4E84
S315080561A0354207D0FF20C0432D18A562802000057B
S315080561B096490860FDF7BFFC2E4002D001203860DD
S315080561C001E00020206080208004FDF7B9FCF1BDC0
S315080561D0100002A8D93E000080B5FDF71DFD8C48C4
S315080561E00068C00501D5FDF737FF0120FEF72CFE2F
S315080561F0FEF722FB8020C004FDF7A2FC01BD0000C6
S31508056200106001A80C4001A8086001A870012000CB
S31508056210B46000A8883F00000C5001A8A83E0000FD
S3150805622070B528480668FDF7F7FC8024A403794D60
S315080562302968090303D52000FDF782FC70BD0321F3
S31508056240C00601D5314001E0B0080140012902D157
S31508056250FDF789FD0BE0300107D50E20FFF76CF831
S31508056260A0480421016008210160FDF789FDFDF7B5
S31508056270FAFD9D4E30699D490860FFF7A9FD30680E
S31508056280002807D04000122802D2FFF74DF801E092
S31508056290FEF795FF2000FDF753FCA86B8000FCD49C
S315080562A070BD0000613E0000084001A8482002A80C
S315080562B03C3E0000844000A814E50350404101A86F
S315080562C0D44101A8EC3E00005C1102A8F8B584B0DB
S315080562D0012600240294FDF79FFC03904D4D28687E
S315080562E0000371D40320A2490864A248026802275C
S315080562F0FF2189010F200F231340032B03D0120B0F
S31508056300104006283CD19C4800684A6800922A6CC9
S315080563103A4001D089680091FEF7B7FF0099401801
S3150805632001D5019400E00190A86B0007C10F6846E6
S31508056330017003209149096B014002291AD1039975
S31508056340C90617D58D490968CA0512D5EB6B8C4A56
S315080563501340934203D11020854908640AE089054C
S3150805636008D4296C28220A4004D100262749086042
S3150805637000E00026684600780290300002D10EE05B
S3150805638008680190FEF74CFE002808D0FEF770FE57
S315080563900298002802D0FEF7DBFA00E000267448CA
S315080563A00760002E11D075483021405C0C2101404C
S315080563B0042902D0E86BC00602D5FDF7D4FC01E036
S315080563C0FDF7DEFC2020686014E0FDF745FE802019
S315080563D000060E4908600020C0436A49086001A8FE
S315080563E0FEF784FA0400FFF7F3FC002C02D10198A6
S315080563F0FEF7C8FA80200004FDF7A2FB05B0F0BD3C
S31508056400CC3F0000C43E000000FFFF00481002A86C
S31508056410680102A80C0002A8FEB500240194FDF740
S31508056420FBFBFFF7D5FC584EF06E584D0007000FDD
S3150805643007280ED1706800280BD40020FEF704FD46
S3150805644028682A490860FDF789FD3068800044D523
S31508056450FBE701210320494A73685B070BD44C4BBC
S315080564601B680B4007D01368DF050BD55B0502D4FF
S315080564703368DB0503D40191116B890904E0102102
S31508056480444B1960116B0909084000900020FEF776
S31508056490DBFC0098002805D17068C00602D4FDF714
S315080564A06FFC01E0FDF75FFC00200199002903D187
S315080564B039480068FEF7E9FE6969401801D5009470
S315080564C000E000906846FDF7E9FC002805D100982C
S315080564D0FDF74EFDA8690549086080200005FDF70A
S315080564E02FFBF7BD80E200E0AC3F0000383E000018
S315080564F0F8B5FDF791FB002400252848466B80274B
S315080565007F05300606D5300709D5FEF7B1FDFEF736
S315080565101FFA29E001251E480068284019D00020E1
S31508056520FEF792FC0220064002D01D490C60C861A0
S315080565301C480468002D03D02000FDF733F9040034
S31508056540FEF796FD2000FEF71DFA3800FDF7F8FA66
S31508056550F1BD15480078C0210140402902D1FDF753
S3150805656002FC01E0FDF70CFC20200C490860ECE76D
S31508056570082002A8B00002A80CC101A8BC3E00006C
S3150805658010000010B46000A8440002A8BC3F000033
S31508056590B44000A8481002A81CC101A8100002A80A
S315080565A0180000AAD83F0000EC3E0000FFF776F970
S315080565B0024803494860FFF7A2F900BF4B260000C9
S315080565C00000000080B5EFF305800B2801D23A21BB
S315080565D000E02921922252000020FFF7A1FBFEE7E1
S315080565E0020303030304040404050500000000016F
S315080565F0010101020202020303030303040404045E
S315080566000400000001010101070708080303030543
S315080566100404040505050606060707070803020216
S315080566200404040304050506060606070707020209
S315080566300203030303040404040505050505060604
S315080566400606010202020203030303030404040403
S3150805665004050505050606060C0C0C0C0B0B0B0BA1
S315080566600B0B0B0B0B0B0B0B0B0B0B0B0B0B0C0C65
S315080566700C0C0C0C0C0C0C0C0B0B0B0B0B0B0B0B4F
S3150805668003040404040505050506060606060702A9
S3150805669002020203030303040404040405050505AD
S315080566A0050606060202020207070304060704048E
S315080566B0030303030405060303050607080405067D
S315080566C0040304040303040506060304050607086C
S315080566D0C7BFBEBEBEB5B5B4B4ABABDCDCDBDBD27F
S315080566E0D2D1D1C8C8C8C7BFBEBEBEBDB5B5B4B47C
S315080566F0B4DCDBDBD2D2D2D11B1B16162E2D2D2AE6
S3150805670029292925242420201F1B1B1B162E2D2D40
S315080567102A2A29292524242020201F1B1B1B2D2D29
S31508056720BEB5B5B4B4ABABABAAA2A1A1A1A09999C4
S315080567309898C7BFBEBEBDB5B5B4B4B4ABABABAA26
S31508056740AAA2A1A1A1999999000000000303030330
S315080567500302020202020202030302020202010105
S3150805676001010101000000000303030303020202FD
S31508056770D0C7C6C6C6BDBDBCBCB3B3B2B2B2A9DB2B
S31508056780DBDADAD1D1D0D0C7C7C6C6C6BDBDBCBC53
S31508056790BCB3B3B2DBDBDADA1F1F2D2B221E2E2E76
S315080567A0323232312D2624303028231F1B2B262240
S315080567B02E322E2E31312D282424302C27231E1A2D
S30D080567C088D6FB7F01000000E5
S311080567C8D4670508206F0020D1010000E9
S315080567D401000000C0EA2101C017530200000000A9
S315080567E40000000000000000000000000000000092
S315080567F40000000000000000000000000000000082
S315080568040000000000000000000000000000000071
S315080568140000000000000000000000000000000061
S315080568240000000000000000FC6F002000000000C6
S31508056834000100000F000F00000000000000000022
S315080568440000000000000000000000000000000031
S315080568540000000000000000000000000000000021
S315080568640000000000000000000000000000000011
S315080568740000000000000000000000000000000001
S3150805688400000000000000000000000000000000F1
S3150805689400000000000000000000000000000000E1
S315080568A40000000001012800FFFFFFFF79CC02085C
S315080568B4358F02089D830208D18E0208D5A60208DB
S315080568C4F58C0208AD830208D9830208DF8302081A
S315080568D4C18F0208F98F02080040310800A000009C
S315080568E4C0460020C8000000FE00000000000000A5
S315080568F4CCD90408010000002CD90408DEFE64007E
S315080569040A0028003382040801000000200000005C
S31508056914030505B54001800000000000000001B527
S315080569240000800000000000FFFFFFFFFFFFFFFFD8
S31508056934FFFFFFFFFFFFFFFFFFFFFFFFFFFFFFFF50
S31508056944FFFFFFFFFFFFFFFFFFFFFFFFFFFFFFFF40
S31508056954000000000300000060690020B0700020F4
S315080569640000000060690020C8690020306A00201C
S315080569740000000000000000000000000000000000
S3150805698400000000000000000000000000000000F0
S3150805699400000000000000000000000000000000E0
S315080569A4000000000000000000000000FFFFFFFFD4
S315080569B40000000000000000FFFF0000002905088C
S315080569C40F8A0408FFFFFFFF378E0408338E040871
S315080569D4FFFFFFFFFFFFFFFFFFFFFFFF3B8E0408D7
S315080569E4FFFFFFFFBD940408FFFFFFFFFFFFFFFF3F
S315080569F4FFFFFFFFFFFFFFFFE325000004F8FFFF86
S31508056A040C0000000000B5FF0C01FF0FFF00000095
S31508056A1409920208253E0108FD3D0108000000000B
S31508056A24000000000000000000000000000000004F
S31508056A34000000000000000000000000000000003F
S31508056A44000000000000000000000000000000002F
S31508056A54000000000000000000000000000000001F
S31508056A64000000000000000000000000000000000F
S31508056A7400000000000000000000000000000000FF
S31508056A8400000000000000000000000000000000EF
S31508056A9400000000000000000000000000000000DF
S31508056AA400000000000000000000000000000000CF
S31508056AB400000000000000000000000000000000BF
S31508056AC400000000000000000000000000000000AF
S31508056AD4000000000000000000000000000000009F
S31508056AE4000000000000000000000000000000008F
S31508056AF4000000000000000000000000000000007F
S31508056B04000000000000000000000000000000006E
S31508056B14000000000000000000000000000000005E
S31508056B24000000000000000000000000000000004E
S31508056B34000000000000000000000000000000003E
S31508056B44000000000000000000000000000000002E
S31508056B54000000000000000000000000000000001E
S31508056B64000000000000000000000000000000000E
S31508056B7400000000000000000000000000000000FE
S31508056B8400000000000000000000000000000000EE
S31508056B9400000000000000000000000000000000DE
S31508056BA400000000000000000000000000000000CE
S31508056BB400000000000000000000000000000000BE
S31508056BC400000000000000000000000000000000AE
S31508056BD4000000000000000000000000000000009E
S31508056BE4000000000000000000000000000000008E
S31508056BF4000000000000000000000000000000007E
S31508056C04000000000000000000000000000000006D
S31508056C14000000000000000000000000000000005D
S31508056C24000000000000000000000000000000004D
S31508056C34000000000000000000000000000000003D
S31508056C44000000000000000000000000000000002D
S31508056C54000000000000000000000000000000001D
S31508056C64000000000000000000000000000000000D
S31508056C7400000000000000000000000000000000FD
S31508056C8400000000000000000000000000000000ED
S31508056C9400000000000000000000000000000000DD
S31508056CA400000000000000000000000000000000CD
S31508056CB400000000000000000000000000000000BD
S31508056CC400000000000000000000000000000000AD
S31508056CD4000000000000000000000000000000009D
S31508056CE4000000000000000000000000000000008D
S31508056CF4000000000000000000000000000000007D
S31508056D04000000000000000000000000000000006C
S31508056D14000000000000000000000000000000005C
S31508056D24000000000000000000000000000000004C
S31508056D34000000000000000000000000000000003C
S31508056D44000000000000000000000000000000002C
S31508056D54000000000000000000000000000000001C
S31508056D64000000000000000000000000000000000C
S31508056D7400000000000000000000000000000000FC
S31508056D8400000000000000000000000000000000EC
S31508056D9400000000000000000000000000000000DC
S31508056DA400000000000000000000000000000000CC
S31508056DB400000000000000000000000000000000BC
S31508056DC400000000000000000000000000000000AC
S31508056DD4000000000000000000000000000000009C
S31508056DE4000000000000000000000000000000008C
S31508056DF4000000000000000000000000000000007C
S31508056E04000000000000000000000000000000006B
S31508056E14000000000000000000000000000000005B
S31508056E24000000000000000000000000000000004B
S31508056E34000000000000000000000000000000003B
S31508056E44000000000000000000000000000000002B
S31508056E54000000000000000000000000000000001B
S31508056E64000000000000000000000000000000000B
S31508056E7400000000000000000000000000000000FB
S31508056E8400000000000000000000000000000000EB
S31508056E9400000000000000000000000000000000DB
S31508056EA400000000000000000000000000000000CB
S31508056EB400000000000000000000000000000000BB
S31508056EC400000000000000000000000000000000AB
S31508056ED4000000000000000000000000000000009B
S31508056EE4000000000000000000000000000000008B
S31508056EF4000000000000000000000000000000007B
S31508056F04000000000000000000000000000000006A
S30908056F140000000066
S7050802902D33
