S01D00006275696C642F64656275672F6F742D636C692D6D74642E733337A8
S3150800600008180020554D0208C14A0308C54A030866
S31508006010591C0208C94A0308D14A0308771402081A
S31508006020771402087714020877140208771402080E
S31508006030D54A0308280B04087714020877140208BF
S315080060401D3D02087714020877140208771402081F
S3150800605077140208771402087714020877140208DE
S315080060607714020877140208771402088167020871
S315080060707F67020877140208771402087714020863
S3150800608077140208771402087714020877140208AE
S3150800609077140208151502087714020877140208FF
S315080060A077140208F1140208CD14020877140208BE
S315080060B077140208A9AF03087DB80308D7D50308E3
S315080060C0D3D50308F1AF0308EDD50308DBD50308DC
S315080060D04DB80308DFD50308BDB8030825B903087A
S315080060E0771402087714020877140208771402084E
S315080060F0771402087714020877140208771402083E
S31508006100771402087714020877140208771402082D
S31508006110771402087714020877140208771402081D
S31508006120771402087714020877140208771402080D
S3150800613077140208771402087714020877140208FD
S3150800614077140208771402087714020871DC03082A
S31508006150ED9B030877140208C1D50308C7D50308C1
S3150800616077140208771402087714020877140208CD
S31508006180F0B5114A114C124E00F00105E3695F079C
S3150800619013D40DB9334213D103EA00078F4207D14E
S315080061A00B4A1A40002A0CBF00206FF00100F0BD10
S315080061B0013AEBD16FF00200F9E74FF0FF30F6E74E
S315080061C06FF00100F3E700BF8096980000000350C7
S315080061D002000100000000000000000000000000AE
S315080061E0013800D0FCE7704700F58050D0F8F80970
S315080061F0704700F58050D0F8FC09704700F58050CC
S31508006200D0F8EC09704700F58050C0F8EC197047D3
S3150800621000F50050B0F8CA04704700F50050B0F811
S31508006220C804704700F50050D0F83C06704730B5F2
S31508006230E9B100F5805393F8D62D00F5EE501230EB
S3150800624000EB42048442054603D1022A07D1032003
S3150800625004E02D8802308D42F4D1002030BD501C58
S3150800626083F8D60D03EB4203A3F8D21DF5E7072002
S31508006270F4E7F0B529B300F5805500F5EE50123075
S31508006280024695F8D63D00EB43069642144601D1E0
S315080062901720F0BD278802328F42F6D10BB91B882A
S315080062A0FFDE013BDBB285F8D63D1AB200EB4303AD
S315080062B09C4218BF30F812304FF0000018BF2380F8
S315080062C0E7E70720E5E700F5805090F8520E70479B
S315080062D000F5805090F8600E70470148704700BF7F
S315080062E0D807040800487047D907040800487047CB
S315080062F0DA07040800487047DB070408002908BFC6
S315080063004FF4E151044B00F58050994294BFC0F810
S31508006310F819C0F8F83970479AC42000074B00F5F9
S315080063208050002914BF0A461A46054B9A4294BF64
S31508006330C0F8FC29C0F8FC39704700BF0075120088
S315080063409AC4200000F50050406E704700F5ED50E5
S315080063501030704700F5EE500130704700F5805058
S31508006360D0F8DC0D704700F58050B0F8120E704773
S3150800637000F58050A0F8121E704703468288C08830
S31508006380114481429DBF1868998080180020704783
S3150800639070B505680C4625B9BDE870404B680848D5
S315080063A018478B6898476A680146831A002BB8BF56
S315080063B0121A2368A8BF0022BDE870400048184793
S315080063C0C81F002038B50C461146A26803469442F9
S315080063D006D00568AC420BD10260FFF7D9FFA4606E
S315080063E038BD94420DD011469268002AF9D1F6E7D5
S315080063F02A460021F9E78B68002BF0D09B688B6052
S31508006400EDE70029F7D1002DE9D0AA681A60E6E77A
S315080064102DE9F041936805460C46164698473246DC
S31508006420074621462846FFF7CDFF2868002203467F
S315080064306BB16168D3F804E0A1EB070CAEEB070873
S3150800644098EA0C0F13D4A1EB0E01002907DA4AB912
S31508006450A060314628462C60BDE8F04198E71A4608
S315080064609B68E5E79368A3609460BDE8F081BCF19A
S31508006470000FEBE770B5066804460D467EB18B68DB
S3150800648098477368C01A002809DB20462A46314611
S31508006490FFF798FF30463368BDE87040184729462D
S315080064A02046BDE8704073E700F5005393F8383688
S315080064B013B102490830DDE7704700BFDC0704085E
S315080064C000F5005393F8383613B102490C30D1E77A
S315080064D0704700BFE8070408012300F0070083405F
S315080064E013F0220F09D113F0880F08D113F0440FC7
S315080064F014BF01200020C0007047042070471020F8
S315080065007047D0F8020000BA70474200400800F011
S31508006510553002F0AA3202439300920802F0333251
S3150800652003F0CC33134318011B0903F00F3300F0B3
S31508006530F030184300BA704710B590F830200B4673
S3150800654082B1013AD2B280F8302000EB02108142C3
S3150800655007D000F1100250F8041B904243F8041BC0
S31508006560F9D110BD144603CC102C18605960224688
S3150800657003F10803F6D1FFDE0968006836F0CBB8E8
S315080065800968006836F0C7B80968006836F0C3B805
S31508006590014B024A13F049BAFD620008E961000896
S315080065A0014B024A13F041BA1D630008F361000863
S315080065B0014B024A13F039BA07620008FD61000868
S315080065C030B50C4687B0054601A920682DF03AF883
S315080065D070B9606805A92DF04CF848B9A3684BB99D
S315080065E02B68024603F5CE5001A91C3017F0E4FFCC
S315080065F007B030BD0720FBE710B50C684CB900683A
S31508006600224600F5CE501C30214616F043FC2046A3
S3150800661010BD0720FCE770B50E6805460C4686B027
S31508006620304619492CF0D8FDD0B10026043420682C
S3150800663001A92DF007F888B9606805A92DF019F8A1
S3150800664060B9A368F3B9286885F8406000F5B450C6
S3150800665001AA05F10C01183017F0D5FE06B070BD79
S3150800666030460A492CF0B8FD10B103260434DEE79B
S31508006670304607492CF0B0FD10B101260434D6E7A0
S315080066800226D4E70720E9E7540504085705040855
S315080066905A050408014651F80C0B00F5B450183099
S315080066A016F0CCBB1346B0F86C202AB10A4600F1A6
S315080066B05C01024818F0FAB90D20704760360020D0
S315080066C000F50050B0F8CA348B4209D0A0F8CA14B5
S315080066D0044890F85930022B02D158302EF012B9DE
S315080066E0704700BFC83F002000F50053B3F8C82420
S315080066F08A4206D000F51350A3F8C814083016F0DD
S3150800670063BC704708B53130313120F0010021F003
S31508006710010103780A7803F00F0302F00F029A4288
S3150800672007D10431043036F07AFFB0FA80F0400918
S3150800673008BD0020FCE710B5044604F5005427F010
S3150800674097F8236C33F07C4204D0C3F319039842BC
S3150800675028BF184610BD052938BF0521B1F5E14FF8
S3150800676028BF4FF4E14138B500F500556B6E044675
S3150800677099420DD0696626F0C5FE95F85930022B68
S3150800678006D104F501501830BDE838402EF0BAB8E5
S3150800679038BD42F21073994210B5044613D800F575
S315080067A000539A6E91420CD0996626F0ABFE074BC1
S315080067B093F8683EDB0704D504F50150183017F046
S315080067C0F5FF002010BD0720FCE700BFC82F0020FA
S315080067D010B503780446002B14BF0520032000F5E6
S315080067E0003012F0C7F82378BDE81040002B14BF1C
S315080067F00620042000F5003012F0BCB800F5EE5073
S315080068000022183017F062B838B5044608464D78A5
S3150800681094F8FE20A91C031B51FA83F3D21A0144EB
S3150800682035F052FF94F8FE30023B5B1B84F8FE30CD
S3150800683038BD2CF085BA29F067BF08B51B4B93F80D
S31508006840492E012A03D0062A05D02AB3FEE7BDE859
S31508006850084029F03FBF002083F8490E03F580530E
S3150800686093F85010CA070CD5C1F3C302013202F0DF
S315080068700F0262F3C601042A83F8501005D82CF0DB
S315080068805FFABDE8084029F03FBF93F8502060F34F
S31508006890C60283F85020F4E793F8482E520703D52A
S315080068A0B3F84A3E1B06ECD408BD00BFC82F00202B
S315080068B08378072B09D190F86E00C30903D000F03E
S315080068C07F0027F0A1BD27F05DBD704724F0ECB925
S315080068D0436810B4D3E9004023465DF8044B1847D3
S315080068E00EB403B503AA52F8041B0192FFF7F0FF92
S315080068F002B05DF804EB03B070470149F0E700BF4A
S315080069005D05040873B50D460446028843881F4989
S315080069102846FFF7E5FF22889AB1237B8BB963885F
S315080069209A420ED34FF47A71D31A4B430A2193FB3A
S31508006930F2F3B3FBF1F2284601FB12331449FFF7D1
S31508006940CFFF6288A2B14FF47A7660680023A0FB75
S31508006950060135F0A1FCB0FBF6F306FB13006289CD
S3150800696000900192284622890A499BB2FFF7B8FF90
S315080069702846FFF7C2FF287A10F0010004D102B0BA
S31508006980BDE8704026F03CB902B070BD6005040849
S315080069908D050408A6050408F8B506460C46064FF4
S315080069A08D18AC4200D1F8BD3946304614F8012B93
S315080069B0FFF796FFF5E700BF4CE6030810B5044657
S315080069C0FFF7EAFF2046BDE8104096E7FF2330B5FB
S315080069D0C3B005468DF8073099B900680DF107036D
S315080069E000F50C5002AA34301BF06EFC044628B998
S315080069F028469DF8072002A9FFF7E0FF204643B086
S31508006A0030BD0C24FAE72DE9F74F4FF0000A4FF690
S31508006A10FF7304460F4656465546DFF88080DFF872
S31508006A208090ADF806305FFA8AF357F823B0BBF1C9
S31508006A30000F09D1BDF80620FDB946B34FF6FF731E
S31508006A409A421FD007200FE0414658462CF0C4FB57
S31508006A5068B9494658462CF0BFFB60B958460DF14F
S31508006A6006012CF006FE18B103B0BDE8F08F054606
S31508006A700AF1010AD7E70646FAE74FF6FF739A4284
S31508006A80E0D126B129462046FFF7A0FFECE72046CD
S31508006A90294613F0CDFA0020E6E700BF6BE40308A9
S31508006AA003F30308F0B51C46002387B08DF81430AD
S31508006AB052EA0403064615460ED130230DF1130794
S31508006AC08DF8133030463A460D49FFF709FF304630
S31508006AD007B0BDE8F04010E705AF284621460A2270
S31508006AE0002335F0D9FB303207F8012D2A46234614
S31508006AF00A2A73F1000305460C46EED2E2E700BF08
S31508006B005DED03084FF4201330B58DB004460193AC
S31508006B100023084602AD694608228DF8083000951C
S31508006B2015F0ABFD2A4620460249FFF7D9FE0DB0FF
S31508006B3030BD00BF5DED030810B50446FFF7E2FF60
S31508006B402046BDE81040D8E637B50546CC884B88C0
S31508006B5064BAA4B20A88019489885BBA49BA89B228
S31508006B6052BA00919BB2044992B2FFF7B9FE284681
S31508006B7003B0BDE83040C0E6D205040810B50446A7
S31508006B808CB00846694626F085F820466A460449C8
S31508006B90FFF7A6FE20460CB0BDE81040ADE600BFE4
S31508006BA05DED03080CB473B5054606AC54F8046BE2
S31508006BB00A46074B0749FFF793FE22463146284601
S31508006BC00194FFF785FE02B0BDE8704002B0704739
S31508006BD0781B0408D80604080EB417B5044605AA97
S31508006BE052F8041B0192FFF773FE2046FFF785FE55
S31508006BF003B0BDE8104003B0704737B50D460446EC
S31508006C00428A0A490832284692B2FFF769FE2146A7
S31508006C102846FFF777FF238A28460093A37DA28A92
S31508006C200349FFF7D9FF03B030BD00BFE3050408E9
S31508006C30F2050408F8B505680F6805F5D056044648
S31508006C401A3627B93146FFF799FF0020F8BD4B6879
S31508006C50BBB938460D492CF0BFFA20B1314620465B
S31508006C60FFF76AFFF1E7384609492CF0B5FA50B143
S31508006C7005F580552046B5F82A2A0649FFF7ACFFE0
S31508006C80E3E70720E2E72320E0E700BF830F0408D5
S31508006C903BF1030805E303082DE9F04115461D4AB3
S31508006CA00446FFF77FFF2A683AB120461A49FFF7DC
S31508006CB017FEAA7A072A05D9FEE720461749FFF7DD
S31508006CC00FFEF6E7164B204603EB8203DA691549F1
S31508006CD0FFF706FE6E7A26B113492046BDE8F04155
S31508006CE07AE720461149FFF7FBFDDFF848802B7A43
S31508006CF0F7B2BB4201D80E49EFE71FB1414620461D
S31508006D00FFF7EEFD6968204601EB0711FFF7FAFE6B
S31508006D100136ECE7120604080209040818060408F6
S31508006D20D80704081F06040832060408AAEB030855
S31508006D3021E6030819E603082DE9F0470D6804461D
S31508006D400E468AB045B90268294602F5D2520C3277
S31508006D50FFF7A2FF0020FDE02846AC492CF03CFADC
S31508006D6000284FD077686FB9236803F58053D3F8A6
S31508006D704C2AA74B002A08BF1A462046A549FFF702
S31508006D802BFFE7E7D6F80880B8F1000F40F010812E
S31508006D90384635F015FD85B23F2D00F20981206889
S31508006DA000F5805393F8562A0ABBC3F84C7A00F5C7
S31508006DB0D45700F5CE501C3015F078FE6A1C92B2F6
S31508006DC03846716835F09AFC206800F5805393F8C8
S31508006DD0562AA2B1072ABDD10022C3F84C7A83F8F5
S31508006DE0562A00F5CE501C3015F060FEB2E7072A89
S31508006DF040F05F81C3F84C7A83F8568AD7E7C3F820
S31508006E004C7AEEE7284684492CF0E6F980B1736897
S31508006E10002B40F0CD80236803F5805393F8562A5B
S31508006E20072A00D9FEE77D4B03EB8203DA69A4E75C
S31508006E3028467B492CF0D0F90746002800F08D80BB
S31508006E40D6F804802568B8F1000F17D105F58055E6
S31508006E5095F8556A66B120467249FFF7BDFE79E78F
S31508006E60D5F8501A204601EB0311FFF765FE0136E7
S31508006E7095F8542AF3B29A42F2D86BE74046694924
S31508006E802CF0AAF910B305F5805494F8553A002B5E
S31508006E907FF460AF05F5CE551C35284615F02CFD58
S31508006EA0002857D1604BD3F834374BB9A4F8E039EA
S31508006EB0C4F8503A4FF480732846A4F8543A93E736
S31508006EC0DA7C6FF34102DA745B69EEE702AF3946A2
S31508006ED040462CF0B7FB00283CD1B068A8B306A9F9
S31508006EE02CF0B0FBB0BBF3689BBB4FF002082668DA
S31508006EF041F6DC1906EB090A504615F0FDFC48BBBD
S31508006F0006F5805686F8550A05F5D6555046C6F84C
S31508006F10507A86F8548A15F0C9FD394628464FEA4C
S31508006F20081235F0EBFB2468A144484615F0E4FC4A
S31508006F3000287FF40FAF04F5805383F8550AC3F889
S31508006F40505A484683F8548A4EE74FF00108266897
S31508006F50CEE703200AB0BDE8F087284633492CF06F
S31508006F603BF9002864D070688DF808708DF80770B2
S31508006F7068B923689DF8084003F5CE5003F5805399
S31508006F8093F8561A1C30072914D11820E2E702A9EB
S31508006F902CF01AFB0028DDD1B0680028E9D00DF1E5
S31508006FA007012CF011FB0028D4D1F368002BE0D0A0
S31508006FB00720CFE70A1F012A06D893F8DD29C2F36E
S31508006FC00012A2423FF4C6AE042693F8DD299DF8C6
S31508006FD0075064F3041283F8DD29D3F8582A3AB91E
S31508006FE069B97DB9072283F8562A15F022FDB1E65C
S31508006FF0D47D043C012C88BFD675D269EFE70429F5
S315080070003FF4F2AE042283F8562AEDE672EF03083F
S31508007010180604085DED03081DF30308D8070408DD
S31508007020830F040832060408C82F00201DE503084C
S31508007030284622492CF0D0F800283CD07368002B4B
S31508007040B6D1256805F5805696F8DC3905F5CE558E
S31508007050023B032B05F11C0503D80421284615F02D
S315080070605EFC96F8DD3900216FF3030386F8DD39F7
S315080070704FF4E163C6F8E4390023C6F8583A2B679B
S315080070806B67AB6796F8563A072B1CBF072386F83B
S31508007090563A236803F58052C2F8001B03F5D75108
S315080070A003F5E05304311433C2F8301CC2F8E03A51
S315080070B050E60D204EE723204CE700BF4CED0308B1
S315080070C02DE9F74305460E461446DFF86C8014B9D9
S315080070D003B0BDE8F08323684246009363683146EF
S315080070E02846FFF75FFDA3687BB9E17D072910D91C
S315080070F0FEE749462846FFF7F3FBA368BAB253F8FA
S3150800710022200137002AF4D1EFE70027DFF82C9078
S31508007110F3E7074A238A02EB8102A18A28460191EE
S31508007120618AD26900910349FFF756FDE469CEE703
S31508007130D807040853060408370604084F06040847
S31508007140F8B5069D1C462B7A0F4616462BB32528FE
S3150800715096BF184B184A53F8202018492846FFF7B7
S315080071603BFD28461649FFF737FD3A4604212846CF
S31508007170FFF792FD28461349FFF72EFD32460421F4
S315080071802846FFF79DFF4CB128460F49FFF724FD17
S31508007190224604212846FFF793FF04B9F8BD2B6859
S315080071A0E26903F58053D3F8E01AE161C3F8E04ACF
S315080071B01446F2E774020408C7EC030880060408BC
S315080071C09F060408AA060408B8060408034A044BDE
S315080071D000290CBF11461946FEE400BFD8F403087F
S315080071E0CE06040810B50C685CB9036803F580532D
S315080071F093F8DC19003918BF0121FFF7E7FF20468D
S3150800720010BD0720FCE70CB473B5044606AD55F867
S31508007210046B094B0A460949FFF762FB2A463146C1
S3150800722020460195FFF754FB2046FFF766FB02B0A0
S31508007230BDE8704002B07047781B0408D8060408F9
S315080072402DE9F04F05460E461C461746DFF890B066
S3150800725085B003F1FF3802EB81094F4517D128465F
S315080072601C49FFF7B9FCDFF87090DFF878802644F0
S3150800727049462846FFF734FB14F8017B17BBB4428E
S31508007280F6D12846144905B0BDE8F04FA4E457F8EE
S31508007290043B18F801AF1846039335F091FA02300B
S315080072A05045039B06D859462846CAF10102FFF7FE
S315080072B017FBD2E700935346284608495A42FFF778
S315080072C00FFBCAE741462846013FFFF709FBFFB215
S315080072D0D4E700BF33ED0308E3060408DC06040818
S315080072E0D60604084C19040870B506680D463046DB
S315080072F007492BF071FF044620B9304605492BF0A3
S315080073006BFF10B100202C7070BD2320FCE700BF76
S31508007310E5060408EC0604080A6813B50B46044695
S3150800732062B9036803F5805393F87C1A003918BFCD
S315080073300121FFF74BFF002002B010BD18460DF1E2
S315080073400701FFF7D1FF0028F6D124689DF807103A
S3150800735004F58053A1B193F87C2AC3F8740AC3F8DC
S31508007360780A002AE7D1012204F5CE541C342046B7
S3150800737083F87C2A15F044FD204618F073F8DAE7FE
S3150800738093F87C2A002AD6D083F87C1AD3E710B55E
S315080073900C680B462CB1BDE8104000F108011846F0
S315080073A0A2E7017AFFF712FF204610BD10B50C6858
S315080073B00B462CB1BDE8104000F10801184693E7CA
S315080073C0017AFFF703FF204610BD2DE9F0418046FC
S315080073D008680F4616461D4688B008B311462CF0B5
S315080073E031F9002304462B7098B1396891B101A888
S315080073F025F0FEFC70B908F50C5002A934301EF0D1
S315080074006AFC58B9304601AA02A917F0ADFF012354
S315080074102B700024204608B0BDE8F0810D24F9E75A
S315080074200724F7E7F0B587B00DF10303044601AA70
S3150800743000680D46FFF7C9FF034668BB9DF8033091
S315080074403BB120461749FFF74BFA204601A9FFF73B
S3150800745073FB05AF394668682CF00BF90346D8B9B3
S31508007460AA68E2B9254655F81ECB01AA164603CEE8
S31508007470BE4228606960324605F10805F6D13288B1
S315080074802A80A28B42B904F10C020CF5B4501146BD
S31508007490183016F0B8FF0346184607B0F0BD0723A4
S315080074A0FAE700BFF4060408102208B536F0B7F864
S315080074B0B0FA80F0400908BD0FB407B504AA52F81F
S315080074C0041B0448019225F0CEFF03B05DF804EBD7
S315080074D004B070471408040800230360436070472B
S315080074E0036823B91720B0FA80F04009704799421B
S315080074F001D01B6BF5E70020F5E7F8B5054655F80A
S315080075000C6B044606F5B55729463846FFF7E8FFDB
S31508007510B0B9284615F0F4FC012384F84030094B2D
S3150800752029463846C4E90C34FFF7DAFF30B906F5C0
S315080075308056D6F8A036E363C6F8A0560020F8BDF4
S315080075401820FCE78979000808B50CF07EFC08BD10
S3150800755001F1100351F8042B994240F8042BF9D194
S315080075607047313020F001000078C0F301107047F1
S3150800757008B5FFF7F6FFB0FA80F0400908BD836D3D
S3150800758018472622002135F017B8030E0B70030C96
S315080075904B70030A8B70C870704708B50246FFF730
S315080075A0E7FF30B1313222F001025078831E58428B
S315080075B0584108BD1422002134F0FEBF2DE9F84FCA
S315080075C00746884691469A464FF0000B0A9D0BEBF4
S315080075D00904661006FB0A8638463146A84700287D
S315080075E0C4F34F0407D0D2BFA14601341FFA84FB67
S315080075F0CB45ECD300263046BDE8F88F0023F0B51E
S31508007600441E184601392AB91BB1024492B2904267
S3150800761011D1F0BD14F8017F11F8016F082A15463B
S3150800762028BF0825B74287EA0603EDD12844521B2E
S3150800763080B292B2E7E71906EBD45B000130DBB201
S3150800764080B2E4E700BA704708B50346D1E90002FC
S3150800765052BA1A80FFF7F6FF8A7AC3F80200088939
S3150800766042EA400252BADA8008BD838870B50446F9
S31508007670C0889E188642154608D82068184435F0F2
S315080076803DF80020A3881D44A58070BD0320FCE7B3
S3150800769007B549BAADF8061002220DF10601FFF743
S315080076A0E4FF03B05DF804FB0122DEE738B50446C3
S315080076B0A3880846934215460AD3216835F01EF872
S315080076C00020A38822685B1B2A442260A38038BD59
S315080076D00620FCE70122E9E710B502220C46FFF76F
S315080076E0E5FF10B923885BBA238010BD43680360A1
S315080076F003B1DB694360704738B5436A044623B172
S31508007700002202214262826A9847236A9C4200D07C
S31508007710FEE7094A02F58051D56DB1F86036206852
S31508007720013B25609BB2254618B9D465A1F8603699
S3150800773038BD0446F3E700BFC81F0020C3892DE9FA
S31508007740F04101EB03081FFA88F8434504460D4645
S3150800775002D90320BDE8F08106465027B8453368AC
S3150800776015D800221448326000F5805CC66DBCF856
S3150800777060164F1EBFB2C3B912B1C665ACF8601623
S31508007780A3890020AB42658188BFA581E2E71BB1CA
S315080077907C373668BFB2E1E76079C0F3410026F06E
S315080077A077FB30600028F3D1D3E71A6839461E60A4
S315080077B01E4613460122DCE7C81F0020F8B500F173
S315080077C0310424F00104054620460F461646FFF705
S315080077D0F1FE2378042103F03F0343F040032370AE
S315080077E000232846AB812182FFF7A8FF237866701D
S315080077F023F0300343EA07112170F8BD70B500F194
S31508007800310525F001052B78064623F00F0302F013
S315080078100F0003432846144600F8043B34F06EFF75
S315080078202B8A3046E11889B22982BDE8704085E77F
S31508007830313121F001010A7802F00F02082A00D935
S31508007840FEE70431DAE7838942891944914200DD6B
S31508007850FEE789B29142818100D9FEE770474389E4
S315080078608B4200D2FEE75B1A43818389C2898B4229
S3150800787094BF00235B1A0A4488BF9BB2C2818381E6
S31508007880704770B54489A14230D215880D44AEB20E
S31508007890B14201D8A54201DB641A1480C4899860F4
S315080078A0214489B24F29044610D830304418C1F112
S315080078B0500189B2998010881C60814228BF014610
S315080078C0998011889B88CB1A138070BD503924681B
S315080078D089B20CB99C60FEE77B2905D89C60043404
S315080078E00C44C1F17C01E4E77C39F0E70021E7E7C5
S315080078F070B5154686B0ADF806300DF1060203AB35
S31508007900FFF7BFFF2C46BDF810601EB9601B80B29A
S3150800791006B070BD03993246204634F0EFFE03A93F
S315080079200DF10600344426F02FFCECE770B5054649
S3150800793016460C468B894A89ADF5BC6DD21A0F4995
S31508007940FEF7CEFF284606F11001FFF7DBF82846BA
S31508007950728C0B4901AEFEF7C3FF3246A18940F28D
S31508007960DB532046FFF7C4FF00233246335405494C
S315080079702846FFF731F90DF5BC6D70BD1D070408E3
S315080079802C0704085DED0308D0E738B54589CC18FF
S31508007990AC4203DCFFF7ACFF002038BD0620FCE74D
S315080079A00246084649893823383989B2EDE702463E
S315080079B0084649892C232C3989B2E6E770B516465C
S315080079C0313104688CB021F0010514B920460CB099
S315080079D070BD04F1310323F001036A885B889A427B
S315080079E012D102A8FFF7CDFD214601A8FFF7DFFF58
S315080079F0BDF82A20738C9A4206D106F1100106A812
S31508007A00FFF752FD0028E1D1E469DEE738B5044600
S31508007A100D460B4601890068FFF7B7FF10B92389A1
S31508007A201D44258138BD0B8813B50C2B0C460BD984
S31508007A300D2B0CD101210DF10602FFF7E7FF20B946
S31508007A409DF806300D332380002002B010BD0E2BA2
S31508007A500CD102210DF10602FFF7D8FF0028F4D158
S31508007A60BDF806305BBA03F20D13ECE70620ECE727
S31508007A7073B54FF6FF76C3880446B34206D0012194
S31508007A800DF10302FFF7C2FF18B1E680002002B02D
S31508007A9070BD9DF80350FF2D0CD1236822895B89A0
S31508007AA0E6809A42F2D306204FF6FF73E38000235E
S31508007AB02381ECE72B0920460DF10601ADF80630C7
S31508007AC0FFF7B1FF0028EFD105F00F05204601A901
S31508007AD0ADF80450FFF7A7FF0028E5D121682389F0
S31508007AE04989BDF80420C91A8A42DCDC1344BDF86A
S31508007AF006102381A388E2800B44A380C6E730B42E
S31508007B0001F1310222F00102D48912784D8902F07E
S31508007B100F020432224495424FF0000404D3C0E910
S31508007B20001430BC0281A3E74FF6FF720481C280BD
S31508007B3030BC0620704710B44C889C4203D3098891
S31508007B405DF8044B21E706205DF8044B70472DE9E4
S31508007B50F04786B017461C46ADF806300DF106020A
S31508007B6003ABDDF83880FFF78CFEBDF810507DB109
S31508007B70039EB8F1000F11D0B94606EB050AB245C7
S31508007B8013D019F8011B16F8010BC0470028F6D1C7
S31508007B90B4FA84F0400906B0BDE8F0872A463946AB
S31508007BA0304635F03CFD0028F2D12F4403A9651B69
S31508007BB00DF10600ACB226F0E7FAD6E770B586B046
S31508007BC0ADF806300B4414469AB2914200D9FEE746
S31508007BD04289934200DDFEE703AB0DF10602FFF78B
S31508007BE050FEBDF810500DB906B070BD21462A46A4
S31508007BF0039834F069FD03A90DF106002C4426F01C
S31508007C00C3FAEEE770B500F1310424F00104A37C51
S31508007C1005465BB14389218A994207D1012994BF58
S31508007C20491A01F1FF3189B2FFF788FD2378224608
S31508007C3003F00F032846BDE8704000210433BDE772
S31508007C402DE9F041B0F80A800F4602EB080399B215
S31508007C504145054616460CD3FFF770FD044628B97C
S31508007C6033463A4641462846FFF7A8FF2046BDE870
S31508007C70F0810324FAE72DE9F043074601239BB078
S31508007C8057F80C4B8DF80530037A0646884604F5F6
S31508007C90B55039468DF80430FFF722FC002800F06D
S31508007CA0B7802622002103A834F086FCD8F80830CD
S31508007CB0EBB1204641460DAB07AAFFF786FB044603
S31508007CC0002844D19DF834303BB130465349FEF77D
S31508007CD007FE304607A9FEF72FFFD8F804000DF176
S31508007CE02E012BF0C6FC044688BB08F1080838218B
S31508007CF0002001AA26F00CF90546002800F08A8023
S31508007D00D8F80040464920462BF066FA00283ED0AF
S31508007D10D8F804000DA92BF0ACFC044600283FD186
S31508007D203023BDF834808DF80830B8F1000F12D131
S31508007D306B79306813F0180F31D000F5B4502A4625
S31508007D40394603AB183016F0B1FE044640BB204650
S31508007D501BB0BDE8F0830122284602A9FFF770FF91
S31508007D600446E8B99DF808305A2B0AD07A2B0AD06F
S31508007D70392B0AD00133DBB208F1FF381FFA88F82D
S31508007D80D1E76123F8E73023F6E74123F4E72046F5
S31508007D9024492BF021FA20B3D8F8043023B9072454
S31508007DA02846FFF7A9FCD2E74FF0320902930223CF
S31508007DB00DAA0DF1060102A8ADF806901AF098FB77
S31508007DC0804608B1242827D12846BDF806200DA9E3
S31508007DD0FFF736FF04460028E2D1B8F1000FE6D1D6
S31508007DE0A6E7204610492BF0F7F908B108F1040870
S31508007DF0D8F80040002CD2D0204634F0E1FC2146C9
S31508007E0082B22846FFF71CFF0446002890D0C7E731
S31508007E100D249CE703249AE70446C1E731070408C2
S31508007E205707040803F303085A070408012207E75B
S31508007E30FF2313B58DF8073043890446B3F5007F51
S31508007E400FD20DF10701FFF7F1FF40B9012204F146
S31508007E50310323F001039A7462891A82A28102B05F
S31508007E6010BD0320FBE703781BB1012B03D00020CC
S31508007E7070474068E4E60430FFF7F7BB2DE9F041A8
S31508007E8014469A180E4691B286B08C420546ADF84D
S31508007E90063029D87189914228DBB0F80A80434414
S31508007EA099B2414524D3FFF749FC074648B921460C
S31508007EB0304603AB0DF10602FFF7E3FCBDF81040B0
S31508007EC01CB9384606B0BDE8F08123464146284627
S31508007ED0039AFFF773FE444403A90DF106001FFA3F
S31508007EE084F826F051F9E9E70727EAE70627E8E7DD
S31508007EF00327E6E7F8B504460E46154600F13007AF
S31508007F00E3899D420BD85B1B6289E381A3892A44D6
S31508007F102B4492B29BB29A42628117D2FEE76079ED
S31508007F20C0F3410025F0B4FFC8B123680360E389B4
S31508007F3020604F2B06D83030C3F15002F918184488
S31508007F4034F0DCFBE3897C33E381D9E72046A3815F
S31508007F5032462B460021FFF731FE0020F8BD0320EC
S31508007F60FCE773B5054603796E8940798E42C0F3FE
S31508007F70410228BF0E46C3F340038DF80520E98960
S31508007F8001AA40098DF8043025F0C2FF04460028EE
S31508007F9032D0334600222946FFF770FF48BBAB892B
S31508007FA06289B34228BF33469A4200D2FEE7A381CC
S31508007FB0AA79A37962F30303A3712B792279DB09E2
S31508007FC063F3C71222716B796279C3F3C10363F352
S31508007FD0C4026271AB69A3612B8A23826B8A6382AE
S31508007FE02B7A2372AB8DA385EB8DE385204602B0F1
S31508007FF070BD2046FFF780FB0024F7E710B504465E
S31508008000FFF7AFFF98B104F1310300F1310223F015
S31508008010010322F0010203F1100153F8044B8B42CD
S3150800802042F8044BF9D1198811809B78937010BDDA
S315080080300368994204BFCB6903604368994204BF49
S315080080400B6A43600B6A0BB1CA69DA61CB690BB17B
S315080080500A6A1A6200220B79C1E9072162F38203D0
S315080080600B71704710B5FFF7E3FFBDE810400846EF
S31508008070FFF742BB10B50446216801B910BD20467A
S31508008080FFF7F0FFF8E7024608B50846FFF724FAB7
S31508008090126802B908BD03881168013303800123F9
S315080080A041B941880B44438051894368D2690B44DE
S315080080B04360EEE701330968DBB2F1E70B7910B5E7
S315080080C05B0700D4FEE74B79C3F3410300EB830259
S315080080D05468A14209D10C6A546034B16479C4F376
S315080080E041049C421CBF002353600368994204BFA5
S315080080F0CB690360CB690BB10A6A1A620B6A0BB1CA
S31508008100CA69DA6100220B79C1E9072162F38203A1
S315080081100B7110BD024608B50846FFF7DDF912686F
S3150800812002B908BD0388116801330380012341B9E8
S3150800813041880B44438051894368D2690B444360A4
S31508008140EEE701330968DBB2F1E74A7970B5C2F3A5
S31508008150410214460B79061D43F004030B7156F8C9
S3150800816024301BB90134E5B2042DF8D10B624BB9A2
S315080081700368CB610160CB6903B1196200EB820029
S31508008180416070BDDC69CC61D961F4E74388028837
S31508008190994228BF194612FA81F25B1A0280438077
S315080081A07047084A138803B9FEE748F24E30536809
S315080081B0A3FB003010EB530044BF20F00040013011
S315080081C050607047504F0020814210B5044600D8D1
S315080081D0FEE7FFF7E6FF091BB0FBF1F303FB11000F
S315080081E0204410BD38B50D46814288BF85B2690066
S315080081F0044601310020FFF7E7FF2044401B38BD45
S3150800820010B540B10023441E98B2814203D9013308
S31508008210E25C002AF8D110BD0139013811F8012FA6
S3150800822010F8013F3AB9002B14BF01200220831E23
S315080082305842584170479A42F0D00020F7E72DE996
S31508008240F04F0C6807460E4685B04CB903682146C0
S3150800825003F58053D3F8582AFEF732FF002444E08A
S315080082602046A2492AF0B8FF002800F0F1803B68B2
S3150800827003F58053D3F8E05A002D00F02981AB4668
S31508008280EA690021C3F8E02A28464FF4987234F0C8
S3150800829093F905F1340A05F58A734BF894ABAB608C
S315080082A005F12803EB60012305F1D408C5F804B0ED
S315080082B0AB75C5F82C8005F110094946F0682BF016
S315080082C0D8F9044648B971680846019134F078FA35
S315080082D0421C402A01990CD907243B6803F58053B0
S315080082E0D3F8E02AEA61C3F8E05A204605B0BDE8AB
S315080082F0F08F584634F002FAD6F808B0584634F0EB
S315080083005FFA421C602AE7D85946504634F0F6F917
S315080083102C21504634F034FA78B94946F0682BF0E7
S31508008320A8F904460028D8D13069B8B97069E8B9FF
S31508008330B4691CBB0023AB7533E005F5887A05F5EF
S31508008340947B00F8014B2C214AF8040F34F018FAF4
S315080083500028E2D0D345F4D10324BEE705F1120183
S315080083602BF087F904460028E0D0B6E705F114019A
S315080083702BF07FF904460028DAD0AEE720465C49A0
S315080083802AF02AFF0028D5D129464023424621F85B
S31508008390303F03A8012303941AF0AAF804460028DC
S315080083A09BD1F069002830D1306A002835D13E6863
S315080083B006F58059D9F8588A4446002C3AD12B68D4
S315080083C0002B89D06B68002B86D0EB6813B9AB7D80
S315080083D0002B81D107232A6AEB75464BC5F81C800A
S315080083E09A4294BF2A622B626A6A00219A4294BF13
S315080083F06A626B622846C9F8585A14F046FA06F5B6
S31508008400CE501C3014F052FB28E705F120011AF073
S31508008410D4F804460028C7D05FE705F124011AF00E
S31508008420CCF8044600287FF458AF736A002B7FF413
S3150800843053AFBCE729682068FFF7EEFE20B16968EC
S315080084406068FFF7E9FE08B9E469B6E7182444E767
S31508008450204629492AF0C0FE814628B920462749E0
S315080084602AF0BAFE002835D0B3680193002B33D022
S31508008470D6F80CB0BBF1000F2ED1D7F8008008F55E
S31508008480805ADAF8585A2C460CB917242DE7616831
S3150800849070682AF0A1FE28B1216801982AF09CFE8E
S315080084A0002846D1E469EFE7AC4217D0ED69002D04
S315080084B0FAD1EAE79C4223D09B46DB69002BF9D127
S315080084C0E3E7DBF81C3013B3DB69CBF81C301EE09E
S315080084D003240AE7232408E7072406E7E37D043B89
S315080084E0012B8FD90423E3758CE700BF63E40308E7
S315080084F04C1904089AC420001DE503084CED03082E
S31508008500BBF1000FDDD115B1EB69CAF8583A002363
S31508008510E361E37D072B1CBF0723E37514F0C6FA56
S315080085203B6803F58053D3F8E02AE261C3F8E04AD2
S3150800853094E608F5CE501C30B9F1000FB7D12B469A
S31508008540BCE7A0F14103052B04D83738C0B2087040
S3150800855000207047A0F16103052B01D85738F5E7CD
S315080085603038C0B20928F2D90720704770B50446DA
S315080085700E46E588134682880068AA4234BFA91ABF
S315080085800021104432462CF051FC002800DAFEE7A0
S31508008590A388E288184480B2904228BF2368A08046
S315080085A022BF9B18002203F8012C204670BD0EB48A
S315080085B017B5044605AA52F8041B0192FFF7D6FF21
S315080085C0204603B0BDE8104003B070474FF434139B
S315080085D02DE9F04794B00293002303AA06460C46F9
S315080085E00D46914691F810C08DF820300CF107031E
S315080085F0DB100DF120085F1CCDF804807F0801F11F
S31508008600100A9646286869680835AEE80300554595
S315080086107246F6D129788EF800106BB14FF0FF310B
S3150800862003F14F026A4412F8440CCCEBC30C01FA6E
S315080086300CF1014002F8441C102BC3F1100292B24F
S3150800864009EB030088BF0022002133F0B5FF3A4644
S31508008650484601A914F011F8237C0733772B03D871
S31508008660084901A8FFF7A3FF227C074901A8FFF7DD
S315080086709EFF424630460549FEF732F914B0BDE87A
S31508008680F08700BF5D070408600704085DED03086E
S3150800869070B506460D460024AC4201D3012070BDD4
S315080086A0305D0134030605D42CF0B0FB0028F3D066
S315080086B00020F4E710F04003FAD0810612D5C2066E
S315080086C012D50307F4D4032307E0AC42F0D0325D99
S315080086D0013402F0C002802AEAD1013BDBB2FF2B4B
S315080086E0F3D1D9E70123F8E70223F6E743684BB944
S315080086F0054B5A6812B95860406070475168416026
S3150800870050605860704700BFC81F002003685A1A97
S3150800871011EA220138BF194643685A1A13EA220396
S3150800872038BF0B46436070474160024A014602481B
S31508008730FDF76EBEDC070408D01F00202DE9F341C3
S31508008740734C04214FF47A70E56CFFF74BFD29183A
S3150800875004F14800FFF7E8FF636CD80716D5FEF763
S31508008760F3FE04F580560546D6F8E01F68462AF05B
S315080087707CFE04F5FF5704F500580099002940F0DF
S315080087808180D6F8E00F08B924F0D9FB636C990606
S3150800879025D5604D95F89D347BB1FEF7D5FED5F805
S315080087A0A03403F5C333A0331B1A002BBEBF95F8BC
S315080087B0BE3443F0010385F8BE3495F8C714B5F8FE
S315080087C0C43495F8C624002970D1002A40F0838065
S315080087D0002B40F08780D5F8C4042AF097FD636C17
S315080087E05A0620D54B4EB6F87C3443B1013B9BB2B2
S315080087F0A6F87C341BB906F58F6016F014FCD6F87B
S3150800880078546DB1013DC6F878544DB9022021F06F
S31508008810CBF94148294616F0E1FC284621F090FBA1
S315080088203D4815F091FB636CDB056ED500200346C9
S3150800883005463A49A1F2A466CA787AB1013AD2B293
S31508008840CA7032B1086806EB8302C2F8A406012092
S3150800885001330135232D01F10401EDD1002104EB8B
S31508008860830404F5B5540734222B03DC14F8042BCF
S31508008870002A46D1002848D1082002B0BDE8F041B8
S3150800888024F05DBB8B69EB1AB3F5FA6F0AD34B7903
S3150800889038465B0902BFD8F820300133C8F82030C3
S315080088A0FFF7E0FB6846FEF721FF66E70139C9B224
S315080088B085F8C714002988D11AB1013AD2B285F8C9
S315080088C0C62423B1013B9BB2A5F8C4348BB1144826
S315080088D0FFF70CFF7FE7013AD2B285F8C624002AD3
S315080088E0EFD075E7013B9BB2A5F8C434002B7FF4A3
S315080088F072AF95F89D34002BE9D0012385F89D3495
S31508008900E5E704F8041C0133AEE702B0BDE8F081E0
S31508008910C81F0020C83F0020404400206C360020B5
S315080089204C440020002A00DAFEE71144FCE638B57C
S315080089300D460446FEF708FE2A4601462046BDE8CF
S315080089403840EFE710B590F82430044643B1012BC0
S3150800895001D1436983612046A169BDE81040E6E775
S315080089604169B1EB510F4FEA510001D9FFF72CFCD1
S315080089700023A061E38384F82530ECE710B590F86E
S31508008980243004467BB1012B08D10169C068013146
S31508008990FFF71AFC60612046FFF7D4FF2046236ADA
S315080089A0BDE81040184790F825306BB1012BF5D17A
S315080089B0426922B10369991A8A4298BF5300204630
S315080089C06361BDE81040BDE7012380F82530D0E992
S315080089D00513C91AFFF7ABFFE28BA38B9A42DDD3C7
S315080089E010BD064B06485A69196A914208BF9A692A
S315080089F001F1804104BF01329A6195E6C81F002043
S31508008A00E41F00208368984203D04368CB1A002BE2
S31508008A1000DA89E670470146014A0248FDF7D2BCEA
S31508008A20DC070408D01F0020D1E9003103F1004318
S31508008A30013B8B4200D077E6EDE710B5044692B0CD
S31508008A4068462AF0DBFC616802A82AF00EFD029946
S31508008A5031B9694604F11000FFF7E6FF12B010BD00
S31508008A6004A8FEF79DFF68460F99FFF74FFE02A878
S31508008A70FEF73CFEEBE72DE9F041054614460430C7
S31508008A801E46069F9DF81C80FFF7ECFA2846FFF75E
S31508008A90D4FF656A3DB143463A463146AC46A06ABC
S31508008AA0BDE8F0416047BDE8F0812DE9F04192B09C
S31508008AB004460D46416802A82AF0D7FC0B274FF05A
S31508008AC00008029E16B912B0BDE8F081314604A826
S31508008AD0FEF766FF25B1294604A8FEF7E5FC38B17E
S31508008AE0002331462046CDE9008704AAFFF7C3FFD5
S31508008AF002A8FEF7FBFDE4E72DE9F04F9FB00093CF
S31508008B00289B064608460193FEF72BFD02280C46CD
S31508008B1017460CD0032801F1310300F0F280B28920
S31508008B2023F00103511C52BAB1815A8045E006A8C8
S31508008B30FEF727FDFEF708FD3A4600F57130D830F6
S31508008B4006F12C09059006AB07F1200C1D461068A6
S31508008B505168083203C562452B46F7D1106821468D
S31508008B60286092884846AA803A46FEF727FF0546B7
S31508008B7018BBF16A03A82AF078FCAA46AB46DDF8CA
S31508008B800C80B8F1000F40F09C801FFA8AF3092B7D
S31508008B9003D929464846FFF765FA20466189FFF753
S31508008BA02DFA054648B12C2205A9FFF749F80028F1
S31508008BB000F09D802846FEF79FFD2046FFF722F825
S31508008BC02046FEF7D5FC002800F0A280B4F80AB0CB
S31508008BD0BBF1000F00F0B68010AB3D46994607F191
S31508008BE0100C1A4628686968083503C26545134695
S31508008BF0F7D17B8C14AAADF8603005F1100C13463A
S31508008C0028686968083503C365451A46F7D1009A86
S31508008C1097F825301992019AC3F300131A92BDF8F2
S31508008C2074209B0222F49F6222F0070243F0040399
S31508008C30134340F6B9314FF4FA60ADF87430FFF7D4
S31508008C40C3FA9DF875301C906FF3000320468DF823
S31508008C507530FEF78DFC9DF8753060F341038DF88D
S31508008C607530FEF771FC9DF8753059469B074CBF69
S31508008C701C9B384B18441B902046FFF7BFF9054646
S31508008C8000285AD038224946FEF7DAFF002851D183
S31508008C9006F104082946404624F014FF3046FFF73B
S31508008CA0CCFE21463A463046FEF769FC04460028C3
S31508008CB044D040462946FFF7D5F93046FFF7BDFEB2
S31508008CC03CE011A8FEF75DFC414610A8FEF76FFED2
S31508008CD025B1109AA2EB0B02002A02DA4546DDF806
S31508008CE040B003A8FEF702FD0AF1010A47E7294644
S31508008CF0484624F0E7FE059906F13400FFF782FEA0
S31508008D005BE723F001035B78002B3FF456AFFEE7E1
S31508008D102046FEF726FC012814D1009B93B104F1E6
S31508008D20310323F0010393F800B00BF00F0B0BF19E
S31508008D30040B51E72846FEF7DFFC032420461FB044
S31508008D40BDE8F08F3A46214630461FB0BDE8F04FE1
S31508008D50FEF715BC486B0100002307B50093FFF723
S31508008D60CBFE03B05DF804FB2DE9F0419CB0C56865
S31508008D70FEF7EAFB064604A8FEF703FC696802A8A4
S31508008D802AF073FB1C274FF00008029C2CB92846D2
S31508008D90FFF753FE1CB0BDE8F08121460EA8FEF78A
S31508008DA0FFFD199BF31A002B0EDB9DF86D309A0711
S31508008DB002D59DF86C305BB9002321462846CDE9DB
S31508008DC000870EAAFFF757FE02A8FEF78FFCDCE71E
S31508008DD0013B8DF86C301A9B61895B001A9333440A
S31508008DE01993382338390DEB0302204689B2FEF76A
S31508008DF0E5FE9DF86D30DB07E6D40DF1200C12ABCD
S31508008E000FCB8CE80F00BDF858300EA904A8ADF8B2
S31508008E103230FEF79DFB9DF86D309DF83520C3F383
S31508008E20800363F304128DF83520618920463839AA
S31508008E3089B2FFF7E3F804460028C5D0014604AA1C
S31508008E402846FEF79CFB0028BED02046FEF754FCB9
S31508008E50BAE72DE9F04701F1310727F00107154672
S31508008E607B1ACA891C3B9A4206460C4694B000D225
S31508008E70FEE7B1F80C803846FEF79CFB04233A4619
S31508008E8041462046A7F80E80FEF77FFD00284DD103
S31508008E903B7803F00F03082B48D808F10401204655
S31508008EA03A1D89B2FEF771FD00283FD10DF1180869
S31508008EB021464046FEF723FE002837D14FF6FF79B4
S31508008EC0BDF81E304B452CD1FB89BDF82010204635
S31508008ED0C91A89B23982FEF7B6FC7B78013B032BA7
S31508008EE035D9716803A82AF0C0FA05F1100ADDF829
S31508008EF00C90B9F1000F40F0D480F36C002B40F0D1
S31508008F000B812046FEF734FB20B92046FEF729FBE5
S31508008F1001285DD12B462246032130462AF026FB3E
S31508008F2056E04046FEF7A4FD0028C9D02B78FF2B53
S31508008F304ED02046FEF71CFB002849D02B46224679
S31508008F400321304614B0BDE8F0472AF00FBB736A18
S31508008F50DBB92A46214606F12C00FEF72FFD38BB61
S31508008F60214603A8FEF7CBFD4FF6FF77002840F011
S31508008F702981BDF81230BB4263D0BDF810300B2BE7
S31508008F805FD003A8FEF774FDF0E72946B26A984752
S31508008F900028DED017281BD12B78FF2B18D02B469C
S31508008FA022468421304614B0BDE8F0472AF08EBA2E
S31508008FB041892C3989B2FFF721F8074640B1FEF7F7
S31508008FC021FE2A4639463046FEF7D9FA002857D1F7
S31508008FD014B0BDE8F087474516BF3A46424602F840
S31508008FE001ABD7180DF139018F42F1D2BDF8141033
S31508008FF00398C91A89B2FEF77BFC03A8FEF738FD69
S31508009000002840F0DF80BDF812304B4503D0BDF88C
S3150800901010300B2BF1D1BDF812304B45DBD10023B4
S315080090203B70776D9FB9376ACFB9736C23BB2B78C2
S31508009030FF2BCDD02B462246842130462AF046FA0D
S31508009040C6E747464FF6FF794FF02F0AE3E72B4668
S31508009050224641463046B8470028E4D0B8E741469C
S315080090603868FFF7D9F828B12A4621467B68B868D8
S315080090709847ADE7FF68D7E72A462146B06CF7E779
S31508009080172808D12B78FF2B05D02B46224684219A
S3150800909030462AF01BFA384614B0BDE8F047FEF70A
S315080090A02BBB49464046FEF77BFC51460AA8FEF70D
S315080090B0FBF920B1BDF838206B8C9A4207D09DF891
S315080090C02830FF2B03D00CA813F06AF900B320460A
S315080090D0FEF747FA012815D90238C0B2012817D871
S315080090E009F1310323F001035A887B889A420FD18C
S315080090F02046FEF736FA03283FF66AAFDFE800F0A7
S315080091004F55211449462046FDF7FCFA0028EFD1B1
S3150800911003A8FEF7EBFAEAE62A462146306D984799
S3150800912000287FF455AFECE67B78002B7FF450AF30
S315080091300B22CDE90032424649463046FFF79BFCF2
S3150800914046E77B78E3B99DF84D309A070CD543F08E
S3150800915001038DF84D30B9F80A10382338394246DC
S31508009160484689B2FEF72AFD0F9B002B7FF430AFE5
S31508009170301D4946FEF776FF3046FFF75EFC27E7C7
S315080091803F2B7FF625AF49462046FDF7BBFA002858
S315080091903FF41EAF0023CDE900532346CBE72B4609
S315080091A02246022130462AF0E1F90F9F002FF1D01E
S315080091B09DF82830FF2BEDD100232A46214610982A
S315080091C0B84705E717283FF432AF01E730B5C4685A
S315080091D091B001A82AF012F9216803A82AF045F9E6
S315080091E0039D35B901A904F10800FFF71DFC11B06C
S315080091F030BD06A8FEF7C5F9294605A8FEF7D7FB30
S315080092000599019B5B1A002B07DB29462046FEF7CA
S3150800921029FF03A8FEF76AFAE2E701A8FFF776FA3C
S31508009220F7E74160024A01460248FDF7F1B800BF78
S31508009230E8070408D41F002010B5274C94F87E3E92
S31508009240033B032B46D8DFE803F002061713BDE8F5
S31508009250104025F075BAD4F8943E987925F0D4F8DC
S31508009260D4F8940E0E22BDE81040002127F0FABD6E
S31508009270BDE8104025F092BAB4F87C3E9B0700D5AD
S31508009280FEE723F0E9FE7F2807D094F98F3E7F2B6F
S3150800929001D0984201DD84F88F0EFEF755F9D4F80F
S315080092A0903EC01A002806DAD4F8E01E0B48803132
S315080092B0BDE81040B5E794F87E3E94F98F0E022B70
S315080092C01CBF022384F87E3E23F0FEFEBDE8104054
S315080092D027F099BF10BD00BFC82F0020A43E00206C
S315080092E00146024A0248FDF76DB800BFE8070408C0
S315080092F0D41F00204378FF2B04D1408840BA80B29F
S3150800930004307047981C704738B505460C46FFF779
S31508009310F1FF294682B22046BDE83840FEF790BCE8
S31508009320F7B50E461746044602236A4639463046BE
S31508009330FEF701FC054680B99DF8003023709DF8BC
S315080093400130FF2B0CD00221607002333A68C4F852
S315080093500220A288934214D90625284603B0F0BDF8
S315080093600423394630460DEB0302FEF7E4FBD8B971
S3150800937001236370BDF8063004215BBA9BB204333F
S31508009380E4E79BB2934228BF13466288A38013443E
S3150800939072899BB29A42DFD3D4F80230A01DC4F872
S315080093A00630FEF7F3FED8E70546D6E773B58B8990
S315080093B00D4649891646ADF8043099422CBFC3EBD1
S315080093C00102C3EB0302DB4392B29BB2934228BF6E
S315080093D013460446ADF806302946204601AAFFF78B
S315080093E09FFF38B92378B34205D0A18801A8FEF7B4
S315080093F0CDFEF1E7172002B070BDF0B585B0054681
S3150800940016460A46014601A81F46FFF7CFFF04463F
S3150800941050B9BDF808203B46B24228BF3246284616
S31508009420BDF8061029F0F4FF204605B0F0BD1FB5BB
S3150800943014460A46014601A8FFF7B8FF10B9DDF839
S315080094400A30236004B010BDF0B51746428985B0CE
S31508009450ADF800101E468A422CBFC1EB0203C1EBD1
S315080094600103C9439BB289B2994228BF19460546EA
S31508009470ADF802106A46014601A8FFF751FF0446F7
S3150800948060B9BDF80C203346974228BF17462846D0
S315080094903A46BDF80A1029F0BBFFF455204605B038
S315080094A0F0BDF0B51746428985B0ADF800101E46E6
S315080094B08A422CBFC1EB0203C1EB0103C9439BB22D
S315080094C089B2994228BF19460546ADF802106A4680
S315080094D0014601A8FFF724FF044660B9BDF80C2031
S315080094E096420BD8B2423B4628BF32462846BDF8BC
S315080094F00A1029F08DFF204605B0F0BD0624FAE7CC
S3150800950010B502231446FFF7CCFF10B923885BBABF
S31508009510238010BD042310B51446FFF7C2FF034687
S3150800952018B92068FEF78EF82060184610BD30B5C9
S3150800953085B0044615460A46014601A8FFF736FFD8
S3150800954040B901232A462046BDF8061005B0BDE8F5
S315080095503040A6E705B030BD002213B504468DF8A5
S315080095600720084663B910210DF10702FFF7DFFF50
S315080095700346C8B99DF80720B2B1FF2A08BF2523BC
S31508009580002062786FF341026270D4E909216062B3
S315080095900AB11846904741F2883104F1180002B022
S315080095A0BDE81040FFF7C3B90623E9E730B585B033
S315080095B0044615460A46014601A8FFF7F7FE38B9DC
S315080095C02A462046BDF8061005B0BDE8304097E7A4
S315080095D005B030BD30B585B0044615460A46014685
S315080095E001A8FFF7E3FE38B92A462046BDF806105B
S315080095F005B0BDE830408DE705B030BD73B51546FA
S3150800960001AA04461E46FFF712FF28B933462A4622
S31508009610204601A9FEF78FFA02B070BD10B50446C0
S3150800962001448C4202D30024204610BDA31C994253
S31508009630F9D36378FF2B02D1231D9942F3D3204631
S31508009640FFF758FE20448142EDD323789342EBD0AE
S315080096500446E6E70222FEF7F3BAFF2B73B5054682
S3150800966016461C4614D104228DF805304FF47F4364
S315080096708DF804100DEB0201ADF80630FEF7E0FA9E
S3150800968020B9224631462846FEF7DAFA02B070BDFE
S315080096908DF8001069468DF80130FFF7DBFF0028CA
S315080096A0F4D1002CF2D0ECE770B505460E461C4600
S315080096B0114618460BB1FEF7A3FD22463146C3B242
S315080096C02846BDE87040C8E707B501238DF807208E
S315080096D00DF10702FFF7C1FF03B05DF804FB07B5FC
S315080096E052BAADF8062002230DF10602FFF7B5FFC0
S315080096F003B05DF804FB13B504461046FDF7A2FF58
S31508009700042301900DEB03022046FFF7A6FF02B0E3
S3150800971010BD10B50446FDF717FFD4E90031E2681D
S31508009720C01A9A4202D10028A8BF013110BD2DE9FE
S31508009730F3411E461C4B044683424FF000038B41FF
S3150800974015460AD216A3D3E9002332F0A5FD174918
S31508009750144602462846FEF72AFF154B4EF66021A8
S31508009760B4FBF3F203FB1244B4FBF1F34FF47A783B
S3150800977001FB1344B4FBF8F728460E490097FEF799
S3150800978016FF46B1284608FB17420B4902B0BDE84A
S31508009790F041FEF70CBF02B0BDE8F081AFF30080E0
S315080097A0005C260500000000FF5B26056407040828
S315080097B080EE36006A0704087907040813B50068BE
S315080097C050B14AB141B100230068019301AB28F0BA
S315080097D0D4F90EF059FE00B1FEE702B010BD2DE92E
S315080097E0F843436C15461344026C044693420E46EE
S315080097F01AD84FF000084F1900F11009B74214D1D2
S31508009800636C1D44236C65649D420BD1B4F85030DB
S315080098102BB104F1100211462046FFF7CFFF0023B3
S31508009820A4F85030BDE8F883FEE7B4F85030102BA2
S3150800983006D14A4649462046FFF7C0FFA4F850809D
S31508009840B4F850305A1CA4F85020234416F8010BDB
S315080098501A7C50401874D1E72DE9F04F1D4685B0A3
S315080098609DF8383091460293C36C826C2B44934220
S315080098700446884629D86FF0200B0F46CA466B184F
S31508009880019300F12003ABEB000B0393019B9F426E
S315080098901CD1E36C1D44A36CE5649D426CD3B4F8FB
S315080098A050302BB104F1100211462046FFF786FF0F
S315080098B0002194F8542002F121002044C2F10F023D
S315080098C005B0BDE8F04F32F077BEFEE7B4F8522097
S315080098D0102A16D104F13000024694F854600BEBB6
S315080098E000018E4206DA10F8011D0131C9B2017075
S315080098F00029F4D020460399FFF760FF0022A4F858
S315080099005220029B43BB3E78B9F1000F0AD0B4F847
S315080099105220511CA4F85210224492F8302072406A
S315080099208AF80020B4F85020102A08D104F1100251
S3150800993011462046FFF742FF0022A4F85020B4F84B
S3150800994050200137511CA4F850102244117C0AF10A
S31508009950010A4E40167499E7B4F852209AF8006046
S31508009960511CA4F85210224492F830205640B8F1FF
S31508009970000FD7D03E70D5E705B0BDE8F08F38B5F3
S31508009980D0E912329A4204460D4600D0FEE700F1AD
S31508009990300200F12001FFF711FF002304F10F0246
S315080099A094F855108B4200DB38BD12F8011F92F867
S315080099B020004140E9540133F2E72DE9F04F0568EC
S315080099C089461746A5B0002D00F020812B68002B8C
S315080099D000F01F81042B33D0052B36D0012B40F025
S315080099E0DF80A868002800F00E818D4B20F47E14D5
S315080099F09C421AD1EB680BB1E86C38B989481DF05E
S31508009A005AFB0446002800F0F08038E005F0D4FF41
S31508009A1010F1860F06D00028F1D09330EED16FF002
S31508009A206F00ECE76FF07100E9E77F4B0340B3F195
S31508009A30607F40F0E88005F110001EF0D5F9E0E7F8
S31508009A4005F1080005F0B8FFDBE7D5F88840764B46
S31508009A5005F1080B2340B3F1607F40F0CC80D5F8C0
S31508009A60AC10002940F0CF8028221AA832F0A4FDB5
S31508009A701AA834F03DFB804628B16FF092042846B8
S31508009A801EF0FAFAB2E0E3B243F0007303F17E4344
S31508009A90053B062B00F29D80DFE803F0909B9B8D2B
S31508009AA09304850030260423C4F30544B44277D8CA
S31508009AB0002C18BF2646202E7AD85C495A1E51FA21
S31508009AC082F292F845A0BAF1200F7FD8584A584634
S31508009AD002EB03231A93002312A9CDE91B33229321
S31508009AE004F01AFF0446002871D112991AA834F016
S31508009AF006FB39461AA834F002FB6946584604F0B4
S31508009B00E4FF0446002862D169461AA805F01AF847
S31508009B10584603A904F0F0FF0446002857D101244B
S31508009B2003A91AA847F0005705F00CF8CDF83C90A1
S31508009B3006AB10940FAA119707CA83E807001946BF
S31508009B401AA804F0FFFF12AB0C934AF000530D94C9
S31508009B500CAA0E9309AB07CA83E8070019461AA888
S31508009B6034F0D6FA1AA833F05FFF044678BB3246BB
S31508009B7012A905F18C0032F0C1FD0023C5F8AC60CE
S31508009B8012AA02F8083008F10108B8F1200FF7D137
S31508009B90212C21D11AA834F0ABFA00287FF46DAF36
S31508009BA06FF086046BE714F47C1FC4F305460BD1EB
S31508009BB06FF0890463E71C26022375E71426012340
S31508009BC072E7202603236FE7052374E7212400267E
S31508009BD0D3E76FF0850452E7002C7FF44EAF1AA83E
S31508009BE034F086FA00287FF448AF002420460EF0A9
S31508009BF04BFC88B1FEE7134605F188000A4659462C
S31508009C0005F008FBFDE66FF0880438E76FF0860478
S31508009C10ECE76FF08804E9E725B0BDE8F08F00BFF0
S31508009C200002C003009FFFFF0000C07FD80704089A
S31508009C3000010203006808B528B104491EF02AF994
S31508009C400EF022FC00B1FEE708BD00BF09000002C5
S31508009C50006808B528B121B11EF0C6F80EF014FC4C
S31508009C6000B1FEE708BD10B586B00446ADF806306B
S31508009C70084603AB11460DF10602FDF702FEBDF8D4
S31508009C8010200AB906B010BD20460399FFF7E0FF79
S31508009C9003A90DF1060024F077FAF0E7002307B5CB
S31508009CA00068019330B1202201AB1EF09DF90EF039
S31508009CB0EBFB00B1FEE703B05DF804FB1F299DBF6F
S31508009CC00068C84000F001000020704710B50B7806
S31508009CD00446FF2B04BF0A230B700B780A46013390
S31508009CE0D9B21A29117001D9172010BD2046FFF7DD
S31508009CF0E5FF10B90131C9B2F3E70020F5E7837F24
S31508009D00C22003F00F03D84000F001007047012974
S31508009D1038B50446456832D123F0AAFD237E9A0752
S31508009D2002D5642828BF64205B0715D5A022214BDD
S31508009D30B0F57A7FB3F86A3E28BF4FF47A7053437A
S31508009D4003F5FA73B3F57A7F06D34FF47A72B3FB49
S31508009D50F2F3984228BF1846637E0F2B02D9BC2817
S31508009D6028BFBC20A36833F07C4204D0C3F3190390
S31508009D70984228BF1846002808BF0A206060FDF7E9
S31508009D80E3FB6369014604F10C0098420DD0626852
S31508009D90AA420DD0531A24680A3BE3424CBF0A2252
S31508009DA02146BDE83840FEF7BDBD62682160F8E788
S31508009DB038BD00BFC82F002010B531B1092919D9FF
S31508009DC06FF07C43994228BF194600F50052136C80
S31508009DD0C3F319048C420BD061F31903136492F888
S31508009DE05030DB0704D5104601213830FFF78FFFC6
S31508009DF0002010BD0720FCE7038910B58B420C46EE
S31508009E0005D1BDE810404FF4004023F091BC018114
S31508009E104FF4004023F0ECFB2046BDE8104023F049
S31508009E2061BD10B5027804465107437817D4120766
S31508009E3001D5F3B110BD002BFCD1B0F8A030FBB1B1
S31508009E4090F83630072B1CBF072380F83630838EF0
S31508009E501906EFD4BDE810403430FCF729BD002BB5
S31508009E60E8D14388180604D5E16904F1D000FEF765
S31508009E705BFCE17A04F13400BDE8104029F07ABAB7
S31508009E8090F84630DA070AD4838EDB0507D594F8AE
S31508009E903630012BCED0012384F83630CAE724F0B9
S31508009EA071FA0028C6D1F2E7012342888B40134392
S31508009EB04380437813B9C830FEF718BC704770B5AD
S31508009EC00578ED071DD54578012D1CD0468816F076
S31508009ED0020F18D1022D16D0C6F38005760712D4C4
S31508009EE08362049B4282C362FF230374C36800290A
S31508009EF008BF19460B4043610221FFF7D5FF2846E4
S31508009F0070BD0D20FCE70520FAE770B50578ED076A
S31508009F1022D54578012D21D0468816F0020F1DD18D
S31508009F20022D1BD0C6F38005760717D48362049BDF
S31508009F30002AC3624FF0FF030374C36808BF4FF4D7
S31508009F409672002908BF19460B40428243610121D7
S31508009F50FFF7AAFF284670BD0D20FCE70520FAE7A3
S31508009F6000230380704700F44052B2F5005F0346B1
S31508009F7020D148F2400220F44E5020F03F00904293
S31508009F801ED00CD8B0F5446F1AD005D8C8B1B0F5B4
S31508009F90046018BF01207047B0F50040F9E703F4E4
S31508009FA04C43B3F5404F0BD04CF64043C01A18BF8C
S31508009FB00120704710F4406F14BF0120002070473D
S31508009FC00020704738B505680C46284629F0BAFBC4
S31508009FD0FFF7C9FF40B1284629F0B6FBFF2803D092
S31508009FE02B5A0020238038BD0620FCE738B50568C3
S31508009FF00C46284629F0A6FBC30500D5FEE7AC703B
S3150800A00038BD00F44053B3F5005F04D100F44C4367
S3150800A010B3F54C4F07D0B0F5804F04D380F040001D
S3150800A020C0F38010704700207047838810B5032B53
S3150800A03012D9006829F086FB80F480720446C2F3C0
S3150800A0400021FFF790FF48B98A1CC4F38123022B2D
S3150800A05006D0032B17D02BB1FF2212E00A1DF4E716
S3150800A0600232D2B22046FFF7CCFF08B10232D2B292
S3150800A070C4F38134022C08D0032C09D0002C18BF55
S3150800A080FF22104610BD0832EBE70232D2B2F8E7DB
S3150800A0900832FBE7F8B507680E46384629F052FB42
S3150800A0A00546FFF7AEFFD0B1384629F04DFB04460A
S3150800A0B02846FFF758FF08B10234E4B2C5F38125F4
S3150800A0C0022D07D0032D08D0FF2C08D000203B5BBB
S3150800A0D03380F8BD0234E4B2F6E70834FBE706201D
S3150800A0E0F7E7838810B5022B044607D9006829F0DC
S3150800A0F044FB18B12046BDE8104096E7FF2010BD86
S3150800A10038B505460C46FFF7ECFFFF2817BF2B6846
S3150800A11006201B5C00201CBF03F00703237038BD14
S3150800A12038B505460C46FFF7DCFFFF2817BF2B6836
S3150800A13006201B5C00201CBF03F01803237038BDE3
S3150800A14038B505460C46FFF7CCFFFF281FBF431C52
S3150800A1502A68DBB2D35816BF00200620236038BD14
S3150800A16038B505460C46FFF7BCFFFF2800D1FEE7C9
S3150800A1702A68431CD9B2545452FA83F3220A5A70F5
S3150800A180220C240E9A70DC702B7F43F001032B7788
S3150800A19038BD00F01800102805D0A0F11803584261
S3150800A1A05841C00070470420704708B54307024667
S3150800A1B008D0FFF7EEFF12F0180F0CBF0530063077
S3150800A1C0C0B208BDFF20FCE72DE9F04F057B0688E5
S3150800A1D0B0F8029087B0031D012D04460F4646EAE3
S3150800A1E0090B019330D0022D0CBF0322002294F8EC
S3150800A1F016A04BEA823BBAF1010F04F10E0825D0EE
S3150800A200BAF1020F2FD0BAF1000F21D1A37F94F82B
S3150800A2102120003B18BF0123B9F5805F4BEAC30331
S3150800A22005D0B9F5005F21D0B9F1000F29D145B1A4
S3150800A230BAF1000F05D0208B618B884208BF43F026
S3150800A2404003D60721D5FEE70222D0E74BF4006B80
S3150800A2505146E08929F0A2F80028D7D1022E18BF66
S3150800A2604BF0200BD2E74BF4406BF1E7BAF1000F45
S3150800A27040F09480617F002D40F08880002940F0EE
S3150800A2809A80D50748BF43F48073C2F3400243EA75
S3150800A29042253B6804A804934FF4FE032946059318
S3150800A2A029F0BEF8E80503D4012104A8FCF765F8EF
S3150800A2B02846FFF758FE18B1618B04A829F0B0F8B4
S3150800A2C004A8414629F0B7F82846FFF79AFE18B1C0
S3150800A2D0218B04A829F0A4F8211D04A829F0ABF8BD
S3150800A2E0BDF81430BB80A67FA6B1E37F0DF10F0140
S3150800A2F01E4304A88DF80F60FDF7D6F93046FFF720
S3150800A30054FF411E89B204A8FCF737F83046FCF71B
S3150800A310E3F8064694F8213099070ED5022104A8D9
S3150800A320FCF72BF80D2304214370017004A8FCF7F1
S3150800A33024F83B7F43F008033B77AA0523880ED50C
S3150800A340032B03D094F821305B0714D4022104A808
S3150800A350FCF713F86FF07F0303703F2343702388DD
S3150800A360032B08D194F820300DF10F0104A88DF8BD
S3150800A3700F30FDF799F90236B1B204A8FBF7FDFFD5
S3150800A380BDF81430BB8007B0BDE8F08F00297FF414
S3150800A39078AF217F00297FF474AF0CE00DB9617F97
S3150800A3A0F8E7022D02D1BAF1020FF8D0208B618BA3
S3150800A3B088427FF466AF43F0400362E770B505460E
S3150800A3C0FFF733FEFF28044611D02E68304629F0E1
S3150800A3D0D4F960B1A9888C420BDA305DFFF7E5FE47
S3150800A3E0FF2808D00444E4B2A142B8BFFF2420469F
S3150800A3F070BDFF24FBE70446F9E770B506460D462F
S3150800A400FFF76FFEFF28044609D03268105CFFF795
S3150800A410C0FE22440244002053792B7070BD0620EA
S3150800A420FCE770B506460D46FFF75BFEFF280446B7
S3150800A43000D1FEE73268105CFFF7ABFE2244024407
S3150800A440557170BD10B50446FFF74BFEFF2806D0C0
S3150800A4502368185CFCF740F80230C0B210BD022031
S3150800A460FCE770B50646FFF7A9FFFF2804462CD07F
S3150800A4703568284629F066F983051BD53046FFF767
S3150800A480E1FFB188A21C93B210FA82F28A4205EB68
S3150800A49004061CDC2A5D02F07F0213449CB210FA03
S3150800A4A083F3994213DB3288C2F3C7127F2A01D09D
S3150800A4B09942E7DC2B7803F00703032B05D12846DE
S3150800A4C029F051F908B90134A4B2E0B270BDFF24ED
S3150800A4D0FBE738B50546FFF7C4FFFF28044614D046
S3150800A4E02868037803F00703032B04D129F03BF906
S3150800A4F008B10134E4B22846FFF7A4FFAB88044448
S3150800A5009C42CCBF0620002038BD0620FCE710B5CB
S3150800A5100446FFF7A6FFFF2816BF23680020C018C9
S3150800A52010BD10B50446FFF7F2FF2368C01AC0B283
S3150800A53010BD70B505468688FFF7F3FF0446284622
S3150800A540FFF780FF0444301B80B270BD10B5044687
S3150800A550006829F0F7F8830503D52046BDE81040C2
S3150800A5602CE7FF2010BD08B524F086F9003818BF7F
S3150800A570012008BD08B524F07FF900B1023008BDF6
S3150800A58000232DE9F0419EB003930AAB08930823F4
S3150800A590044600680D46ADF8243029F0EEF8002888
S3150800A5A059D020460DF10B01FFF7AAFD002852D11C
S3150800A5B0204603A9FFF7C4FD064600284BD10DF136
S3150800A5C010084346286869689DF80B2003C303985A
S3150800A5D01946FCF7DAFFA3688DF81C20196808A845
S3150800A5E028F007FF2046FFF72DFF05462046FFF710
S3150800A5F098FF07462046FFF79CFFAB1EDBB20246D4
S3150800A600394608A8CDF8008022F0B2FD2046FFF7AB
S3150800A61088FF25680246294608A8FFF7E0F820467D
S3150800A620FFF775FF05462046FFF783FF2A460346D0
S3150800A630294608A80096FFF70FF92046FFF702FFFC
S3150800A640A38825681B1AE91808A8FFF798F9237F35
S3150800A65043F0100323771EB0BDE8F0810023F0B560
S3150800A660A3B003930EAB0C930823044600680D466B
S3150800A6701646ADF8343029F080F830B120460DF191
S3150800A6800B01FFF73DFD10B1082023B0F0BD2046B1
S3150800A69003A9FFF755FD0028F6D104AF3B46286805
S3150800A6A069689DF80B2003C303981946FCF76DFFEC
S3150800A6B031680CA88DF81C2028F09BFE2046FFF771
S3150800A6C0C1FE851E2046FFF72CFF06462046FFF7EB
S3150800A6D030FFEDB22B46024631460CA8009722F011
S3150800A6E047FD2046FFF71DFF2668024631460CA89F
S3150800A6F0FFF775F82046FFF70AFF06462046FFF7DC
S3150800A70018FF01220346314600920CA83246FFF78D
S3150800A710A3F808A90CA8FFF732F92046FFF792FE1E
S3150800A720A3882668181A31182A4608A832F077FF2F
S3150800A730003818BF0120C000A7E70B6803604B6804
S3150800A7404360037883F0020303707047082208B554
S3150800A75032F065FFB0FA80F0400908BD10B504462E
S3150800A76000680EF007F94FF00043236010BDF0B5FE
S3150800A770002787B0044600680E46154605970EF072
S3150800A780F9F84FF00043236010234FF41051CDE938
S3150800A7900163074A45F44073009705A817F060FF60
S3150800A7A00DF072FE00B1FEE7059B236007B0F0BD11
S3150800A7B00044400408210EF0D3B801F1080313F849
S3150800A7C0012D8B4200F8012BF9D17047F8B50768BF
S3150800A7D00E46384628F0B8FF0446384628F0B2FF39
S3150800A7E00546FFF7C0FB04EB4003DBB2FF2B13D093
S3150800A7F0C5F38120022805D0032807D000230020AE
S3150800A8003372F8BDFB5A33800123F8E7F91830464E
S3150800A810FFF7D3FF0223F2E70620F2E7F8B5076849
S3150800A8200E46384628F08EFF0546384628F08CFF37
S3150800A83004462846FFF797FB08B10234E4B2C5F38D
S3150800A8408123022B12D0032B13D02846FFF7D9FBFE
S3150800A85008B10234E4B2FF2C06D0C5F38135022DC7
S3150800A86009D0032D0DD04DB1062009E00234E4B21B
S3150800A870EBE70834FBE701253B5B338000203572A4
S3150800A880F8BD30463919FFF798FF0225F6E708B5EF
S3150800A890044BC1800022186832F080FA00B1FEE746
S3150800A8A008BD00BF5C19002007B50A68C0F80A2071
S3150800A8B04A68C0F80E206846FFF77FFF0723094A53
S3150800A8C01DF80310013B02F8011BF9D2064B0022C2
S3150800A8D06946186832F068FA00B1FEE703B05DF819
S3150800A8E004FB00BF584F00205C1900202DE9F043F7
S3150800A8F0044689B0B0F86C600FF015FEE36F514A54
S3150800A900C11A94F8800000233230A1FB000131F00F
S3150800A910C3FCA02794F881307E4303EB830300EB46
S3150800A920430000F1780300F5647520467608B542C1
S3150800A93028BF35469E4228BF1E4630F8843BA16F85
S3150800A94013F0800254D0B4F86C305F433944491B85
S3150800A950FEF767FCA36FD4F874803B44A3673A4BB1
S3150800A96007EB08021A61A378626713F0FD0F35D06A
S3150800A97094F86E7023F026FD04463448C7F306099A
S3150800A98007F07F0732F074FE40BB214638460EF0CA
S3150800A99045F9044610BB0121202032F051FEFF2361
S3150800A9A08DF804300123A5F51675294807948DF806
S3150800A9B01C30A8EB0503049335443946006801ABFF
S3150800A9C004AACDE902440594069531F0A5FF40B9DD
S3150800A9D0204B83F80690204B83F8069009B0BDE813
S3150800A9E0F0832146202009B0BDE8F04332F028BEA6
S3150800A9F094F86E305FEAD31C0CD062F3C71384F860
S3150800AA006E30491BFEF70DFC204609B0BDE8F04341
S3150800AA10FBF74EBF3144B4F86C50FEF702FC94F8CD
S3150800AA206E307D4343F0800384F86E3009F022FAD5
S3150800AA30A26F636F2A44A267034A2B4463671361B4
S3150800AA40E2E700BF40420F00441F0020400001001B
S3150800AA505C190020101F0020E01E0020F8B50446EF
S3150800AA60B4F86CC090F86E008C45069DB4F870601A
S3150800AA7000F07F070CD094F86E0062F3060084F8A5
S3150800AA806E004FF6FF729142A4F870300CD1FEE7C3
S3150800AA90974206D062F306009E4284F86E00F0D113
S3150800AAA0F8BD9E42E7D1FBE74FF6FD72934209D8FF
S3150800AAB015480246C16022F8023B2B68C0F80230EE
S3150800AAC06B68536094F86E30A4F86C106FF3C71374
S3150800AAD084F86E3004F18400FEF702FCB4F86C309A
S3150800AAE04BB10FF020FD606709F0C4F9A067204656
S3150800AAF0BDE8F840FAE623881B06D1D42046BDE80F
S3150800AB00F840FBF7D5BE00BF441F002013B590F8E8
S3150800AB102030DB0717D590F8212002B9827A0B4C32
S3150800AB20343004F18003009330F8121CB4F89C30DA
S3150800AB30FFF794FF22F0E6FC04F1580002B0BDE8E6
S3150800AB40104013F033BE02B010BD00BFC83F00204E
S3150800AB5008B519B1A1F10B030F2B0ED800F58053D8
S3150800AB6093F8692E8A4206D000F5F25083F8691EDA
S3150800AB700830FFF7CBFF002008BD0720FCE710B51B
S3150800AB8004460C30FFF79AF800B3A27A8A4205D138
S3150800AB904FF4804022F0CCFD002010BD4FF48040D9
S3150800ABA0A17222F025FD04F5B470FFF7D9F92378D0
S3150800ABB09B06F1D4A37AE37294F8213013B92046A0
S3150800ABC0FFF7A4FF2046FFF72CF9E5E70720E4E79F
S3150800ABD01FB590F820300446990703F001020ED5F8
S3150800ABE0418C61B1F2B943F0010380F82030FFF7D8
S3150800ABF08DFF204604B0BDE81040FFF712B98AB1B0
S3150800AC00002294F8203011466FF3000384F82030B0
S3150800AC1002AB009304F134004FF6FE73CDE902222D
S3150800AC20FFF71CFF04B010BD024608B569B902F566
S3150800AC308052B2F86A3E00F5F25008301BB1A2F80D
S3150800AC406A1EFFF7C5FF002008BDA020B1FBF0F380
S3150800AC5000FB1310F0B94FF6FF70834228BF034676
S3150800AC60B1F51B5F9BB215D302F5F25002F580527F
S3150800AC70B2F86A1E08308B42E5D0A2F86A3EB1FAED
S3150800AC8081F2B3FA83F352095B099A42D9D1FFF7E5
S3150800AC903DFFD8E70720D7E7004827E6443E0020CF
S3150800ACA00A4690F8FE10FEF7B9BC002910B514BF85
S3150800ACB033210E211446FFF7F3FF38B1D0F80230DE
S3150800ACC02360D0F806300020636010BD1720FCE72B
S3150800ACD0F8B5044618300D46FDF79DFE4FF0FF33D4
S3150800ACE023746374A374E37423756375A375E3759A
S3150800ACF023726372A372E37223736373A373E3739A
S3150800AD0095F8FE30DBB126466378284643F0010302
S3150800AD10637016F8087B32463946FFF7C6FF28B92E
S3150800AD2096E8030004F1100383E8030017B92846E0
S3150800AD3026F072FB2078BDE8F84028F0F9BAF8BD8D
S3150800AD402DE9F0410746884603261B4D86B0013E8D
S3150800AD5002D106B0BDE8F0813B7803BB6B7803F5FA
S3150800AD600033404629780593FFF79AFF044600B357
S3150800AD704278F2B1FF2A0CBF04230223034401934D
S3150800AD80012341F20101029200934FF0004205A807
S3150800AD9017F066FC0DF078FB014610B1FEE7AB78BC
S3150800ADA0DDE76278FF2A0CBF04200220204431F038
S3150800ADB003FC0335CBE700BF2208040870B50D462F
S3150800ADC0C2B00446FBF704FD95F8FE60002E3BD1A1
S3150800ADD02378002B14BF0220012022F0CDF80C287E
S3150800ADE000D1FEE7637866F30003224663702846BF
S3150800ADF012F8081BFFF759FF48B14FF0FF332372CB
S3150800AE006372A372E37223736373A373E373FCF72A
S3150800AE109BFB23786060012B2FD11948FDF7FBFDBA
S3150800AE2034212846FFF73CFF38B3FBF76AFB154B7E
S3150800AE300246984228BF1A46D5F80011104842B073
S3150800AE40BDE87040FDF76EBD01A828F079FA3246D4
S3150800AE50294601A831F052FCD5F80031204601A94F
S3150800AE6041938DF80261FFF76BFF207801A922F064
S3150800AE70EBFA637843F00103B7E742B070BD00BF51
S3150800AE80643D00200014730F70B50C460546C2B029
S3150800AE9001A828F055FA94F8FE602146324601A822
S3150800AEA031F02CFCD4F80031284601A941938DF8DD
S3150800AEB00261FFF745FF287801A922F0C5FA42B0DA
S3150800AEC070BD10B591F8FE200446FF2A09D080F817
S3150800AED0FE2031F013FCFCF737FBC4F80001002014
S3150800AEE010BD0720FCE72DE9F8430F46984690F871
S3150800AEF0FE4005461646FFF7D3FEC4F1FE0401469A
S3150800AF00A4B208F1020918B94C450AD2032021E077
S3150800AF10437802331C44A4B24C45F7D32846FBF7C2
S3150800AF2073FC95F8FE30B8F1FF0F994405EB030062
S3150800AF3085F8FE90EF5414BF022304234246314697
S3150800AF4080F80180184431F0D9FBFCF7FDFAC5F802
S3150800AF5000010020BDE8F88310B50446FFF7A0FEFF
S3150800AF60014620B12046BDE81040FBF74DBC10BD98
S3150800AF7000232DE9F74FFE2281F8FE3003780546B7
S3150800AF80002BADF8042014BF0220012001AA0C46AC
S3150800AF9022F05CF90746002842D1BDF80430FE2BA2
S3150800AFA03DD88146314E84F8FE3006F1060B2B78E3
S3150800AFB0002B39D196F801A020463178FFF770FEAC
S3150800AFC0804698B142788AB1FF2A0CBF0421022133
S3150800AFD001AB01440AF500300DF0BAFB38BB98F80E
S3150800AFE00120019B9A4218BF4FF0010903365E45BE
S3150800AFF0DDD1B9F1000F03D021462846FFF744FFFB
S3150800B0002B78BBB933212046FFF7A6FF342120460B
S3150800B010FFF7A2FFFCF798FAC4F8000100E017272B
S3150800B020384603B0BDE8F08F96F802A0C4E74FF0A3
S3150800B0300109DBE734212046FFF732FE06460028E1
S3150800B040EED0FBF75EFA0A4B6D68984228BF1846A1
S3150800B0508046FCF779FA431B98458ABF2D1A0020CB
S3150800B06005EB0800B11CFCF790FAD3E722080408A0
S3150800B0700014730F30B50446C3B001A828F060F970
S3150800B08001A92046FFF774FF054601A92046FFF7E8
S3150800B0901FFE284643B030BD70B50C460546C2B003
S3150800B0A001A828F04DF9FF220021204631F084FA44
S3150800B0B0284601A9FFF75CFF054640B99DF80261DD
S3150800B0C02046324601A931F019FB84F8FE6028466D
S3150800B0D042B070BD4FF0FF3310B504460374437495
S3150800B0E08374C374037543758375C375037243729A
S3150800B0F08372C372037343738373C37343786FF3A3
S3150800B10000034370FBF764FB2378002B14BF02206F
S3150800B110012021F031FF0C2800D1FEE704F11800C8
S3150800B120FDF779FC2378012B02D10448FDF773FC5F
S3150800B1302078BDE8104028F0FBB800BF643D002029
S3150800B14038B500F5005393F85930044693B900F51D
S3150800B150F2500830FFF713FD054648B904F5EA50E2
S3150800B1600430FFF7B7FF04F5EB501030FFF7B2FFD6
S3150800B170284638BD0D25FBE738B500F5005393F88A
S3150800B1805950044685B900F5F2500830FEF734FEEA
S3150800B19004F5EA500430FFF79DFF04F5EB50103034
S3150800B1A0FFF798FF284638BD0D25FBE72DE9F04146
S3150800B1B005460E46B9B300F5005393F85940A4BBAB
S3150800B1C000F5805800F5EE57D8F8D80D18378142A3
S3150800B1D010D14FF4802022F0ABFA05F5EA5004307E
S3150800B1E0FFF778FF05F5EB501030FFF773FF2046A1
S3150800B1F0BDE8F0810DF0BEFB4FF48020C8F8D86D8D
S3150800B20022F0F6F94FF4807022F0F2F93846C8F8C1
S3150800B210DC4D12F0B7FA064BC3E92444C3F898404C
S3150800B220C3F88C40D9E70724E1E70D24DFE700BF20
S3150800B230C83F002070B58CB0054602A80C46FCF73E
S3150800B240A0F94FF2BF03ADF82A306B78990732D4CC
S3150800B2502B78002B14BF1C200D2022F019FF064660
S3150800B26058B3214694F8FE20FCF7EAFC0446F0B9E8
S3150800B27002A81AF0C9FC4FF07F42114C06AB94E8BD
S3150800B280030083E803000F4BA4F63820CDE9082312
S3150800B29031460D4B009502AAFDF72EFC044630B93F
S3150800B2A06B7843F002036B7020460CB070BD3046D5
S3150800B2B0FCF722FAF8E71824F6E70324F4E700BFB8
S3150800B2C010420020FE00FC005995000838B51546C6
S3150800B2D01EF091FD044650B101462A460448FDF782
S3150800B2E03BFD20B12046BDE83840FCF705BA38BD1D
S3150800B2F0D8370020024690F8403030B5C41894423A
S3150800B300154606D1402B08D05A1C80F84020C15457
S3150800B31003E02D7801328D42F1D130BD2DE9F0419F
S3150800B3209CB0804601A80C461F461646229DFCF78F
S3150800B33028F94FF2BF03ADF8263000238DF86C309C
S3150800B34023781BB10E210BA8FFF7D4FF63781BB136
S3150800B35033210BA8FFF7CEFFA3781BB105210BA855
S3150800B360FFF7C8FFE3781BB103210BA8FFF7C2FF5D
S3150800B37023791BB102210BA8FFF7BCFF63791BB128
S3150800B38007210BA8FFF7B6FFA3791BB134210BA839
S3150800B390FFF7B0FFE3791BB101210BA8FFF7AAFF5E
S3150800B3A0237A1BB100210BA8FFF7A4FF237B1BB14F
S3150800B3B04A210BA8FFF79EFF637A1BB104210BA84D
S3150800B3C0FFF798FFA37A1BB10C210BA8FFF792FF92
S3150800B3D0E37A1BB135210BA8FFF78CFF3744BE4231
S3150800B3E02BD198F80030002B14BF1A200B2022F01E
S3150800B3F04FFE064600283CD09DF86C301BBB01A8C2
S3150800B4001AF002FC1C4B05AA93E803004FF07F4391
S3150800B41082E803000793FE23ADF82030F5B9FC2334
S3150800B420ADF822303146154801AAFDF795FC0446C9
S3150800B43080B920461CB0BDE8F08116F8011B0BA8A0
S3150800B440FFF758FFCBE70D210BAAFEF706F90446CE
S3150800B4500028D4D03046FCF74FF9EAE72B461035DA
S3150800B460144618685968083303C4AB422246F7D114
S3150800B470D8E70324DDE700BF10420020D8370020B4
S3150800B48010B50C460E21FFF70BFC38B1D0F8023088
S3150800B4902360D0F806300020636010BD1720FCE753
S3150800B4A0082208B532F0BBF8B0FA80F0400908BDAA
S3150800B4B038B504460D46FFF7F3FF28B1BDE8384016
S3150800B4C04FF4003022F034B92B684FF40030236073
S3150800B4D06B686360BDE8384022F08AB8F0B5054667
S3150800B4E0007840B30A88C600F6B2B2FBF6F3012725
S3150800B4F006FB1322431EDCB2C2F3C403E31A55FA51
S3150800B50083F35B7802F0070207FA02F213EA0200F5
S3150800B51011D04B88B3FBF6F206FB1233C3F3C40211
S3150800B520A41A55FA84F003F007039F4043783B4278
S3150800B53014BF01200020F0BD41F2210337B50C46A7
S3150800B5400546014601A8019321F0C4FB48F205030C
S3150800B5502080294601A8019321F0BCFB608003B036
S3150800B56030BD30B50546C3B008A80C4627F02EFFF7
S3150800B57008A8FEF75FFB0822294608A8FEF768FB1D
S3150800B580694608A8FEF78AFB6B4603CB206023783A
S3150800B590616043F00203237008A827F00DFF43B04B
S3150800B5A030BD13B50446684611F036FE63886178E7
S3150800B5B05BBA0229ADF8003000D1FEE722790329EB
S3150800B5C04FEAD213C2F3801043F0800343EA4003E4
S3150800B5D0C2F3401043EA8003C2F3001043EAC003F3
S3150800B5E082F00400C0F3800043EA001382F00200F0
S3150800B5F06FEA0202C0F3400002F0010243EA401378
S3150800B60043EA8213BDF8022022F47F6222F00F0279
S3150800B61043EA0203ADF8023011D0617923F4786366
S3150800B62081F0400001F08002C0F3801042EA002257
S3150800B63001F0070142EA41221343ADF80230002027
S3150800B640009B9AB262F30F001B0C63F31F4002B013
S3150800B65010BD00232DE9F3410B60438904460E46CD
S3150800B660002B33D01D4F608988B301282ED060681F
S3150800B670218978B302236A46FCF73AF96D466B7856
S3150800B680628903F10208424520D32A78C2B9042BFD
S3150800B6901CD1606828B106236A4604F10801FCF744
S3150800B6A04AFAD5F80200FBF7CDFFFAF72EFF2B78FA
S3150800B6B0002B0CBF3B460023184033680343336016
S3150800B6C0414604F10800FCF761FDCCE7062002B00C
S3150800B6D0BDE8F08125680D44D1E700BF00F8FF07F3
S3150800B6E01FB500230293ADF80C30831C01934378F1
S3150800B6F001A8ADF80E30FFF7ACFF05B05DF804FB06
S3150800B70073B590F8FE300546FF2B00EB03065DD1B6
S3150800B710062002B070BD6178FF29F9D0A21C9642B6
S3150800B720F6D32046FDF7E6FD20448642F0D323787B
S3150800B7300E2B0BD80E2B10D8DFE803F0213E442E33
S3150800B74042420F440F0F0F0F340F4400352B2CD0F5
S3150800B75013D8332B36D0342B36D0611B28462278A3
S3150800B76089B2FDF75BFF0028D2D12046FDF7C2FD5E
S3150800B7700444B442CFD30020CBE74A2BEDD10229AB
S3150800B780C6D9A378002BC3D1B4F803305BBA0B3BF8
S3150800B7909BB20F2BE1D9BBE71046FCF779FF0028CF
S3150800B7A0DBD1B5E70229D8D8B2E7204601A9FFF7C9
S3150800B7B097FF0028D1D0ABE702239942CDD2A7E75D
S3150800B7C01023FAE70823F8E70423F6E70446D0E748
S3150800B7D030B585B00C466A4635210546FDF727FE85
S3150800B7E038B9009BCDE90105214601A80393FFF767
S3150800B7F030FF05B030BD002310B5044683710948F3
S3150800B800084058B1237004236370FAF77EFEFBF7ED
S3150800B81019FF0623C4F80200A37110BD002AF1D14E
S3150800B820FBE700BF00F8FF0791F8783073B50546C7
S3150800B8300C465BB16846FBF707FF08236A460E21EC
S3150800B8402846FFF750FB002840F0168194F8793017
S3150800B8506BB1684604F11001FBF7F6FE08236A4649
S3150800B86033212846FFF73FFB002840F0058194F86E
S3150800B8707E30002B40F0F38094F880307BB10021B5
S3150800B880B4F85A306A465BBAADF801302846032345
S3150800B8908DF80010FFF727FB002840F0ED8094F89C
S3150800B8A0843083B10022B4F85C308DF800205BBA8E
S3150800B8B0ADF801306A4603234A212846FFF713FBF1
S3150800B8C0002840F0D98094F8833073B10022684686
S3150800B8D0616FFFF790FF6A46352128469DF80630C6
S3150800B8E0FFF701FB002840F0C78094F87C30002B56
S3150800B8F040F0C48094F87D304BB1082307212846D0
S3150800B90004F14902FFF7EFFA002840F0B58094F8F1
S3150800B9107A304BB110230521284604F12002FFF79F
S3150800B920E2FA002840F0A88094F87B3073B104F15D
S3150800B930300611213046FCF763FC3246C3B20321B8
S3150800B9402846FFF7D0FA002840F0968094F87F3012
S3150800B9506BB1B4F858306A465BBAADF800300121CD
S3150800B96002232846FFF7BFFA002840F0858094F89E
S3150800B970813043B110230421284604F15E02FFF703
S3150800B980B2FA002878D194F88230002B65D040F2BC
S3150800B9900C43ADF80030B4F86E305BBAADF802303F
S3150800B9A00023ADF8043094F87030DE0744BF8022D7
S3150800B9B08DF80420980742BF9DF8042042F0400203
S3150800B9C08DF80420590742BF9DF8042042F0200252
S3150800B9D08DF804201A0742BF9DF8042042F0100291
S3150800B9E08DF80420DE065EBF9DF8042042F00402AE
S3150800B9F08DF80420980658BF9DF8042028465CBF99
S3150800BA0042F002028DF80420590658BF9DF804201A
S3150800BA104FF00C015CBF42F001028DF80420DB09EF
S3150800BA201CBF80238DF8053094F87130DA075EBFA5
S3150800BA309DF8052042F040028DF80520C3F3420226
S3150800BA409DF80530134343F038038DF805300DF1A2
S3150800BA5002020423FFF747FA70B900200CE0606D74
S3150800BA60FBF7F0FD042300906A4634212846FFF7C9
S3150800BA703AFA00283FF400AF02B070BD082302214D
S3150800BA80284604F14102FFF72EFA00283FF432AFA8
S3150800BA90F2E770B50E68054609793046FCF7B0FB43
S3150800BAA0C4B2102C0FD822462946304631F0B7FDCD
S3150800BAB008B92B5D4BB122463146284630F01EFEAA
S3150800BAC00020285570BD0720FCE71820FAE7112347
S3150800BAD037B5054608460C4600918DF8043030F017
S3150800BAE06FFE01462046FCF7D3FD28B16946284675
S3150800BAF0FFF7CFFF03B030BD0720FBE738B500F5E9
S3150800BB00005292F859200546B2B9B9B10B78ABB1D3
S3150800BB1000F5ED501030FFF7DAFF21F011FE04466C
S3150800BB2005F5EA500430FFF7D5FA05F5EB50103065
S3150800BB30FFF7D0FA204638BD0D24FBE70724F9E7BE
S3150800BB4010B500F5005393F859404CB900F5EE507E
S3150800BB500130FFF7BCFF182818BF0446204610BD61
S3150800BB600D24FBE74FF6FF720388934208D1D0F8FD
S3150800BB700220013204D1C088C01A18BF01207047BC
S3150800BB800120704708B50346D0F80200FBF75AFDB6
S3150800BB90198849BA89B208BDF0B50546C5B003A8E3
S3150800BBA00C4627F0CDFB294603A8FFF78AF9064677
S3150800BBB090B903A8FFF7A4FD0646002840F0D080F8
S3150800BBC001468822204630F0F7FC03AD9DF80A317D
S3150800BBD003AA13449D4202D3304645B0F0BD2B78E4
S3150800BBE00E2B0BD80E2B11D8DFE803F031884E77D1
S3150800BBF0A166105A10101010B0102000352B2FD047
S3150800BC0009D8332B00F08280342B35D02846FDF72F
S3150800BC1071FB0544DAE74A2BF8D10122B5F803305F
S3150800BC2084F884205BBAA4F85C30EFE70123A81CEB
S3150800BC3084F87830FFF7A6FFC4E900012B895BBAC0
S3150800BC40C3F34E0203F001032281A372DEE7012249
S3150800BC50B5F8033084F880205BBAA4F85A30D5E7E3
S3150800BC60284601A9FFF73CFD0028CFD1012384F817
S3150800BC708330019B6367C9E72846FAF742FC01232C
S3150800BC80606584F87E30C1E7012384F87C30D5F8F6
S3150800BC900230C4F84130D5F80630C4F84530B5E767
S3150800BCA0012384F87D30D5F80230C4F84930D5F838
S3150800BCB00630C4F84D30A9E7012304F1200784F8BB
S3150800BCC07A3005F1120CAB1C3A46186859680833E5
S3150800BCD003C263451746F7D198E7012384F87B30FA
S3150800BCE06B78AA1C102B28BF102301A904F1300079
S3150800BCF001928DF80830FFF7CCFE87E701226B88A2
S3150800BD0084F87F205BBAA4F858307FE70123A81C83
S3150800BD1084F87930FFF736FFC4E904012B895BBA4A
S3150800BD20C3F34E0203F001032283A3766EE70123D1
S3150800BD3004F15E0284F8813005F11201AB1C53F858
S3150800BD40040B8B4242F8040BF9D15FE72846FFF74C
S3150800BD5028FC0123019084F88230C4F86E0055E768
S3150800BD60072639E770B50C460546FFF7FBFE014680
S3150800BD702046FFF7F7FE81422CD12846FFF702FF3F
S3150800BD80064620460A46FFF7FDFE8A4208BF864257
S3150800BD9004D0B04291410ED2012070BDEB885BBA47
S3150800BDA0C3F34E0299B2E3885BBA98B2C3F34E0363
S3150800BDB09A4203D0F0D84FF0FF30EEE701F00103C6
S3150800BDC000F00102934207D0002B0CBF4FF0FF3062
S3150800BDD00120E2E70029F8E70020DEE72DE9F04137
S3150800BDE080460E4618F8105B044629461746304624
S3150800BDF04246FEF75AFF0543EDB27DB1404604F1CF
S3150800BE000801FFF7AFFF00280FDD31462046FEF791
S3150800BE10D5FF207827F08CFA002004E0304625F07C
S3150800BE20FBFA0028EAD0BDE8F081002FEDD1002802
S3150800BE30EFD041F2883104F11800FCF778FDE8E705
S3150800BE4070B500F1080604460D46C4B031461030F8
S3150800BE50FFF788FF002821DA237883B903A827F09B
S3150800BE606FFA03A90E48FFF783F801A903A8FFF79D
S3150800BE7007FB20B9314601A8FFF774FF70B12946C0
S3150800BE802046FFF7D7F9032808D141F2883104F193
S3150800BE90180044B0BDE87040FCF749BD44B070BD19
S3150800BEA0383D002043789B0706D4044B93F8593055
S3150800BEB0023B012B00D8C3E7704700BFC83F0020EC
S3150800BEC030B50D46C3B0044601A827F039FA29460D
S3150800BED001A8FEF7F6FF18B10725284643B030BD7E
S3150800BEE001A8FFF70DFC05460028F5D1204601A953
S3150800BEF0FEF764FF094B93F859302BB1022B08D093
S3150800BF00207827F015FAE8E7204601A9FEF7E0FEB3
S3150800BF10F6E7204601A9FFF7C5FFF1E7C83F00206D
S3150800BF2010B50446C2B001A827F00AFA204601A9AE
S3150800BF30FFF71EF818B9204601A9FFF7B3FF42B06C
S3150800BF4010BD0148ECE700BF0C3D00200048E7E7BC
S3150800BF50383D00208378028803B90902114489B262
S3150800BF608A4284BF013189B283F00103018083705C
S3150800BF70704738B50C468D18AC4200D138BD14F858
S3150800BF80011BFFF7E7FFF7E70246402308460021B3
S3150800BF90FBF7FBBC30B5054691B0084620F0DEFF3E
S3150800BFA00446014605F13C00FCF742F80CB911B00D
S3150800BFB030BD68462146FFF7E7FF0F9808B1FBF743
S3150800BFC09BFB2046FBF798FB0E9CEFE770B590B0FD
S3150800BFD006460C46684649681546FFF7D5FFDDE96B
S3150800BFE001329DF80010062909D8DFE801F004049B
S3150800BFF004040404040013B1214628469847304631
S3150800C000616810B0BDE87040C4E7F0B50F46154644
S3150800C01089B020220021044668461E4630F0CCFA34
S3150800C02039462A4668461DF0EDFC0396014630B1AE
S3150800C0306B462A462046FFF7E8FF09B0F0BD0246E0
S3150800C04069462046FFF7C2FFF7E730B593B00D46BD
S3150800C050C16B684627F009FA009C14B9204613B04C
S3150800C06030BD214602A8FFF78FFFBDF80A30AB4264
S3150800C070F4D0109C002CF4D16846FBF737FBEBE7AD
S3150800C080F8B5044617460D4631B90FCF0FC497E8E1
S3150800C0900F0084E80F00F8BD06460FCD0FC695E8D9
S3150800C0A00F0086E80F00204610F09AF948B13B4683
S3150800C0B0224607F1100153F8040B8B4242F8040B91
S3150800C0C0F9D1238A0BB93B8A238263690BB97B6949
S3150800C0D06361237E0BB93B7E2376637E0BB97B7E39
S3150800C0E06376A37E0BB9BB7EA376E37E0BB9FB7E94
S3150800C0F0E376237F002BCED13B7F2377CBE7F0B5C2
S3150800C10004461F4691B0A36806AD0E4607CA85E8E1
S3150800C110070093B32A463146204610F0D4F8024663
S3150800C12018BB2EBB238A628AADF816301A230393EE
S3150800C13009AB02931C23CDE900530DF116013B46CA
S3150800C140A06810F06DF8024678B916990DF12E031D
S3150800C1500DF13E0053F8044B834241F8044BF9D1E4
S3150800C1600A98FBF76FFA179B1860104611B0F0BDD6
S3150800C170238B628BADF81630D8E71722F5E7F0B5B2
S3150800C1801C4600238DB0CDE90533ADF81C30236875
S3150800C1900546164613B100200DB0F0BD806800288C
S3150800C1A065D0002956D12B8A6A8AADF81230102339
S3150800C1B0039308AB029321230DF11201CDE9006325
S3150800C1C0002310F02DF80028E6D10998FBF73AFA73
S3150800C1D0BDF82E30AF685BBAA380BDF82A30BDF82B
S3150800C1E012605BBAE380BDF82C30E2685BBA206067
S3150800C1F023810697ADF81C608AB33846238A0DF169
S3150800C20012010FF075FE0028C6D1BDF82820A6F148
S3150800C210100352BA92B212FA83F3BDF812200A3307
S3150800C2209A4226D87A89934223D8ADF8123004F177
S3150800C2301206304610F0D4F80028ACD02434002377
S3150800C24001212846CDE9006405AAFFF758FF1728FB
S3150800C250A2D1A0E72B8B6A8BADF81230A7E7384638
S3150800C2600DF112010FF004FE0028E0D094E7172024
S3150800C27092E7062090E72DE9F0411E6B0546174622
S3150800C2801C4688B0002E3ED19B6A002B3BD08068A6
S3150800C290002838D0002938D12B8A6A8AADF812309E
S3150800C2A00A21002384F82E30039105A90291102152
S3150800C2B0CDE900710DF112010FF0B2FF00283CD153
S3150800C2C0BDF81C30A28D5BBA9BB2A76ABDF8128076
S3150800C2D0934228BF134641463A46A868FBF755FBE2
S3150800C2E048BBBDF81C30A18D5BBA9AB218FA83F820
S3150800C2F09142ADF812800DD2012384F82E300698AB
S3150800C300FBF7A0F9206300200BE02B8B6A8BADF8B6
S3150800C3101230C5E7A385B3B29A4205D80028EED0F5
S3150800C320062008B0BDE8F08110B9B85D0136F2E71D
S3150800C3300138C0B2FAE70328DED01728E3D0F0E7C1
S3150800C34038B590F87030044693B90A4D95F87C3A9A
S3150800C350033B022B0CD805F61A2010F041F838B921
S3150800C36005F61A2104F15000BDE83840FBF7F0B88D
S3150800C37038BD00BFC82F002070B50E4688B00446E9
S3150800C380154600212022684630F016F9304620F07E
S3150800C390E5FD054B2A46CDE9003069462046FFF7FC
S3150800C3A015FE08B070BD00BFC81F0020002303603B
S3150800C3B04360836070472DE9F04315468FB0804689
S3150800C3C001A89946FFF7F2FF04A80F46FBF7D9F82C
S3150800C3D095F83030013385F83030FBF7B5F86B6ADD
S3150800C3E00344EB606B88002B51D1022101A80CF0A5
S3150800C3F0B7FA0446002840F0A480BDF804100029C6
S3150800C400F3D049BA404689B2FFF71FFE0028ECD19F
S3150800C410BDF804305BBA6B809DF8063095F8292084
S3150800C42003F00703012A8DF8063004BF43F0010321
S3150800C4308DF806302B783821032B14BF4FF4807300
S3150800C4404FF400730020494AADF8083021F060FD2A
S3150800C4500646002800F087800C2201A9FBF7F0FBAE
S3150800C4600446002853D17B894022403B3946304652
S3150800C4709BB2FBF703FD0446002848D12B78062B10
S3150800C48009D8DFE803F02E242628282A2C005BBAD0
S3150800C490ADF80430C0E700235BBAADF800304FF4BE
S3150800C4A08073042269463046ADF80230FBF7C8FBB4
S3150800C4B0044660BB2B78032B15D0B28973899B1A67
S3150800C4C095F82C209BB2022A25D107241FE00123C8
S3150800C4D0E2E70C23E0E72123DEE71023DCE76B8E97
S3150800C4E0DAE71C23D8E77B894022403B39463046A9
S3150800C4F09BB2FBF7C3FC044648B91D4B04226946A8
S3150800C50030460093FBF79CFB04460028D5D03046FE
S3150800C510FBF7F2F815E0B3F5007FD6D808AC05F1BD
S3150800C52010030FCB84E80F002B8C3246ADF832305F
S3150800C530104804AB08F1040112F0B8FA04460028C2
S3150800C540E5D1B9F1000F04D0E96808F14400FCF719
S3150800C55059FA384640232A460021FBF72FFB204686
S3150800C5600FB0BDE8F0830324EBE700BFCA00040858
S3150800C57000100001603600202DE9F0479946838AAD
S3150800C58088B006460C4690469DF840A05BB10B78ED
S3150800C590012B0FD191F82A30012B06D1264802A982
S3150800C5A019F099FB30B10D2500E00725284608B09B
S3150800C5B0BDE8F0874A464146204601AB21F02AFDF0
S3150800C5C005460028F2D1019F06F13C00394621F0C4
S3150800C5D079FA0123224639463046FFF7ECFE05462E
S3150800C5E020B139463046FFF7D5FCDFE7BAF1070F29
S3150800C5F0DCD0608084F830004A464146204684F8FC
S3150800C60000A0676302AB21F005FD0028CED1DDF856
S3150800C61008802246012341463046FFF7CCFE3946BC
S3150800C6202046FFF7B1FC4023224629463846C4F87F
S3150800C6303880FBF7C3FAB9E7FC4200202DE9F0433E
S3150800C64093B0044616461F460D46DDF86C809DF8E5
S3150800C650709019B9072013B0BDE8F08302A80FF04F
S3150800C66077FB414604F1500206A8FFF709FD8DF84D
S3150800C6703990B8F1000F03D098F81B30052B0CD071
S3150800C6809DF83330052B08D106A904F1710011F085
S3150800C69020FE10B104238DF833309DF83330022B79
S3150800C6A014D0042B10D0012B18D1072204238DF89F
S3150800C6B008301A9B009204932A463346204602A95C
S3150800C6C00397FFF759FFC6E70522EFE705238DF81D
S3150800C6D00830B9F1000FBDD10722EAE703238DF828
S3150800C6E00830F9E71FB500240294079C00F5C950E5
S3150800C6F00194069C18300094FFF7A0FF04B010BD03
S3150800C7001FB501240294079C00F5C9500194069CA4
S3150800C71018300094FFF792FF04B010BDF0B591B041
S3150800C720044668460E46FFF72FFC9DF80030032B9B
S3150800C73002D0012011B0F0BD9DF82B30052BF8D1A1
S3150800C74004A80FF04DFE70BB04F17105284604A934
S3150800C75011F0BFFD38BB94F8A11003290ED1FBF7E1
S3150800C76020FDC0B2B0FBF1F101EB4101401A04EB28
S3150800C770001000F171012846F9F7DEFE94F8A130A1
S3150800C780032B10D05A1C04EB031384F8A120713331
S3150800C79004AA08AF154603CDBD42186059602A465B
S3150800C7A003F10803F6D130467189FBF7DAFB074631
S3150800C7B00028BED00523002501466A468DF80030BC
S3150800C7C020460123ADF802508DF830500D96FFF73C
S3150800C7D0F2FD04236A468DF80030314601232046CF
S3150800C7E0ADF802508DF830500E97FFF7E4FD284655
S3150800C7F0A0E72DE9F0410C46E8B0002106461546AB
S3150800C80003A820222FF0D8FE214618A8FFF7BCFB64
S3150800C8109DF86030033B012B4CD89DF89130002BD6
S3150800C82048D02A46214603A81DF0ECF834220021F8
S3150800C8300BA82FF0C1FEFF2300214027ADF83C309E
S3150800C8406A460DF1A0080BAB03A8CDE90014CDF894
S3150800C8503880ADF80870FFF792FC054650BB0DF11D
S3150800C8603E000FF0BDFD28B320468DF86050ADF8A8
S3150800C87062508DF8905020F071FB294625906B4642
S3150800C880424618A821F0C6FB054698B9DDF800808F
S3150800C890012318AA41463046FFF78DFD214618A800
S3150800C8A0FFF772FB3B462946204618AACDF8988022
S3150800C8B0FBF784F968B0BDE8F08170B5254D94B0F2
S3150800C8C0684626F09BFDD5F8741902A826F0CDFD1A
S3150800C8D005F63815029CD4B9DDE9003103F10043A9
S3150800C8E0013B8B4202D01C48FCF78CF814B070BD93
S3150800C8F021462846FFF712FF20BB214604A8FFF76A
S3150800C90043FB68460799FBF701FF129CB4B1214621
S3150800C91004A8FFF739FB139E009A002EF5D1079B52
S3150800C920D21A002AEDDB9DF840209DF838309A424D
S3150800C930DED31C2221462846FFF71EFD02A8FAF779
S3150800C940D5FEC7E733462146284604AAFFF733FD36
S3150800C950D7E700BFC82F0020443900202DE9F0434F
S3150800C9600D4699B08989064602A8ADF80610FFF764
S3150800C9701DFD00230246CDE90533ADF81C302846D7
S3150800C9800C23FBF702F8002840F0B080BDF806300B
S3150800C9900C33ADF806309DF80A30DA0900F0A680A7
S3150800C9A013F0780F40F0A2809A07C3F3400700F10E
S3150800C9B09D80BDF80810304649BA89B2FFF745FB95
S3150800C9C00446002800F09280014608A8FFF7DCFA22
S3150800C9D09DF820804023B8F1030F14BF4FF00109DA
S3150800C9E04FF00209BDF80C20ADF81C3053BA9BB2C3
S3150800C9F04B45CDE9057473D1284605AA0DF1060104
S3150800CA000FF0F8FA002871D1BDF806300433ADF8F6
S3150800CA1006307B1C99454FF00107EDD8BDF80E206E
S3150800CA20284652BA92B20DF106010FF0ACFB002867
S3150800CA305CD1BDF81020284652BA92B20DF1060113
S3150800CA400FF0A1FB002851D1BDF81220284652BA92
S3150800CA5092B20DF106010FF096FB002846D19DF81B
S3150800CA600B20464B02F00F02134493F850706FB92F
S3150800CA70B8F1030F0AD106F171080CA9404611F066
S3150800CA8028FC014610B14046F9F756FD05A8FFF700
S3150800CA908DFC214608A8FFF777FA9DF8203063BB7E
S3150800CAA09DF84A30012B28D10C232846A98905AAC6
S3150800CAB0FAF76BFF08BB9DF8173013F00F0318D071
S3150800CAC0032B1AD000220123ADF822208DF850201E
S3150800CAD02146304608AA8DF82030FFF76CFC05E0A1
S3150800CAE09DF80B301B0701D0002A97D019B0BDE876
S3150800CAF0F083BDF81A30002BE4D067B121463046E2
S3150800CB00FFF70CFE0028F1D03A462146304619B008
S3150800CB10BDE8F04330E42A4621463046FFF769FE71
S3150800CB20204620F01BFA07465FB9204620F016FA81
S3150800CB303B4601462A46304619B0BDE8F043FFF7A2
S3150800CB4064BA394608A8FFF71FFABC4201D0179BFA
S3150800CB500BB1169FE8E7214608A8FFF715FA179EB6
S3150800CB60002EC3D169892846FBF7FBF940231790A5
S3150800CB703146204608AAFBF721F8B7E7D807040884
S3150800CB802DE9F04F0027DFF8B0B2B846DBF8285099
S3150800CB908FB0002D00F05B820BF5005494F85930E5
S3150800CBA0CBF82870002B46D0A80714D004F51A71C4
S3150800CBB0A1F6343011F01CFC58B904F51C70FDF7C9
S3150800CBC0F9FD00B1FEE7944820F0F4FC102020F0AF
S3150800CBD00FFD20F0A3FC15F4405F04D020F0C7F841
S3150800CBE008B120F09BFCA90504D56A0702D48B4836
S3150800CBF011F0DCFD15F4827F09D0EB0504D494F816
S3150800CC00590026F038FB10B1844811F083F8680201
S3150800CC1011D5834B08A8D3F8542E93F8521E0892C0
S3150800CC20FDF74CF8024630B994F859301BB1014665
S3150800CC307C4811F045F915F40073009300F017814C
S3150800CC400021012389468A4602AA8DF808300392F4
S3150800CC508DF81030744803AA1DF0ACF9014680B966
S3150800CC60BAF1000F3CD14FF6FE73A4F85A84A4F823
S3150800CC705834C4F85C6484F8607400201DF060F9C8
S3150800CC8066E00023CDE9091308A8019115F065FBB4
S3150800CC9001990028DED10A9A5378023B062BF3D96C
S3150800CCA0BAF1000F18D094F87F00538880025BBA57
S3150800CCB080B21FFA83FE70450ED0BAF802305BBA0E
S3150800CCC09BB29842E0D092F804C099F800008445D7
S3150800CCD002D8D9D19E45D7D9924602F10409D3E79D
S3150800CCE0D9F80300FAF7AEFCBAF802200646B9F8F6
S3150800CCF00130B4F8580491B252BA1FFA82FA5BBAF4
S3150800CD00504599F800704FF6FF601FFA83F82AD04D
S3150800CD108142A8D0B6F5967F38BF4FF49676434938
S3150800CD20A4F858248E4228BF0E460120A4F85A3487
S3150800CD30C4F85C6484F860741DF002F994F85B30FA
S3150800CD40990702D41DF0EEF810B1394810F044FAEC
S3150800CD500023354E0393304608AA03A918F0ACFF02
S3150800CD60D0B100211EE081423FF47DAFB6F5967F33
S3150800CD7038BF4FF496762D4A964228BF164694F841
S3150800CD806024BA42D1D1B4F85A24C4F85C64424546
S3150800CD9018BFA4F85A3470E79DF832305A07C3F31F
S3150800CDA08001D8D594F8748489B9B8F1000F4CD0AD
S3150800CDB0112220482FF000FC94F89C34DB0702D59A
S3150800CDC01B4826F057FB1A4810F0DEF93DE09DF89F
S3150800CDD03060464506D13246164908A8FAF70EFCD1
S3150800CDE086422BD904F2644608AF0FCF0FC63B68BC
S3150800CDF03370B8F1000F09D094F89C340C48DF075B
S3150800CE0002D526F037FB0A4810F0BEF994F87434B8
S3150800CE10002B40F0AE80FEE7304200202040002084
S3150800CE20C82F0020BC410020FC4200209BC42000E3
S3150800CE30484400202C440020C81F0020A949A1F618
S3150800CE40785011F0D5FA0028E0D0D4F83C6576B1D0
S3150800CE500921A54808AA15F06BFA40B13046FAF739
S3150800CE604BFC0023A148C4F83C35FBF7D4FD15F06C
S3150800CE7004090DD094F85930022B00F29B809C4887
S3150800CE80FBF7C9FD00239B4884F8FE35FBF7C3FD75
S3150800CE9015F0805F984F2FD0002308A808931CF040
S3150800CEA047FE48BB089E3EB3D4F8F4359E4223D0CD
S3150800CEB0D7F8543E1E40C4F8F46526B98C48FBF7EB
S3150800CEC0AAFD84F8FE65FF2300268DF80C3003A919
S3150800CED008A8FCF7FBFE334601360028F7D0DAB27D
S3150800CEE0864B8748B3FBF2F3C4F8F83597F8523EF9
S3150800CEF084F8003610F02CF86E0406D597F8523EE2
S3150800CF007F4884F8003610F023F8E80403D500219A
S3150800CF107C4812F063F9B9F1000F06D094F859303D
S3150800CF20022B02D101201DF00BF8009B83B16D493D
S3150800CF30A1F6785011F05CFA50B108A9694822F0B8
S3150800CF4049FA9DF83230990702D46F4810F01CF957
S3150800CF5094F8590026F08FF900283ED1C4F8C40485
S3150800CF6097F8A438002B40F09F80B9F1000F45D000
S3150800CF707BE05C4884F8BC340CF056F9634901F14F
S3150800CF8048000FF05FFAD4F8A434D4F8A824134361
S3150800CF900AD01146D4F8A40404F2B44383E8030083
S3150800CFA0594810F0E4F850E7574810F0C3F800283D
S3150800CFB0F6D04AE70823A4F82C360023544984F807
S3150800CFC03436C4F81C16C4F82016FBF7EAF84948A4
S3150800CFD0C4F82416FBF7B6FC5AE705F00106B9F1C2
S3150800CFE0000F37D1002E57D197F8A43833B1009BDC
S3150800CFF0002B5DD1AA0701D51CF010FE15F4047F9D
S3150800D00002D0444812F02EFA15F0130F14D097F8F0
S3150800D010553A8BB14FF00008D7F83467DFF800911E
S3150800D020002E40F0F180B8F1000F40F00B8194F823
S3150800D0307B329B0740F1F8809BF84040364E073418
S3150800D0400BEBC40406F138039C4240F000810FB094
S3150800D050BDE8F08F94F858305B0702D52A4810F0DF
S3150800D060BBF876BB97F8A438F3B994F8590026F0BC
S3150800D07002F90246002800F0B98026480FF0C0FEE3
S3150800D08097F8DC39012BB9D1042122480FF047FC67
S3150800D09020480FF00BFDB1E794F8C734012B14D1E3
S3150800D0A097F8A438002BA9D0009B002B00F09A8093
S3150800D0B04FF0050A194EBAF1010A0ED11CF0AEFD61
S3150800D0C053E794F8C734012BCCD0012384F8C7342E
S3150800D0D0D4F8C40426F01AF942E7B37C980721D499
S3150800D0E02036E8E774440020FC420020084500206A
S3150800D0F0CC450020D8450020C82F0020C13F050098
S3150800D100BC45002040440020484400202C44002010
S3150800D110807F0A00A4390020C81F0020803800201C
S3150800D12030420020002302934C4808AA02A918F0AE
S3150800D130C3FD8046D0B1D6F81C80B8F1000FCFD118
S3150800D140B37C13F0010343D0FAF7FEF900F59221F8
S3150800D15001F57871012938BF01214148F161FBF7D2
S3150800D16051FC414630461CF03BFDB9E79DF831308D
S3150800D1701907D9D59DF832305A07D5D49DF83030DD
S3150800D180402BD1D1314608A80FF066FB0028CBD03A
S3150800D190D7F8A83853B1334808A9984730B130466C
S3150800D1A020F0CCF9B37C68F34103B374304603A985
S3150800D1B022F010F99DF81E309B0748BF9DF81D8088
S3150800D1C0337E43458CD086F8188020F0A7F987E788
S3150800D1D03046009320F0B2F9B27C009B63F341021B
S3150800D1E0B2747DE7A8073FF569AFBEE697F8DC3964
S3150800D1F0002B3FF403AF1C491C480FF0C7FB012165
S3150800D2001A480FF08CFBF9E64E4519D030461DF04A
S3150800D21097FDF37CC3F3400398420CD023B1B37C4B
S3150800D220990701D5DA0707D510480FF065FB0F48AF
S3150800D2300FF03CFC00E718B108F101081FFA88F85E
S3150800D2407669EDE6B7F8E0394345EDD1F4E6B36B18
S3150800D25013B12846F16B98470836F3E6FC420020DE
S3150800D26074380020C81F00203F080408A43900208D
S3150800D27000F01F03A0F50620A0F5506081280DD800
S3150800D28001229A40074B400903EB80035968114372
S3150800D2905960996921EA0201996170474FF0FF3098
S3150800D2A0704700BF1046002000F01F03A0F50620B7
S3150800D2B0A0F55060812810B518D801210D4A4009FB
S3150800D2C002EB80049940A3690B43A361D2E90113D9
S3150800D2D00B44D1680B4411690B4451695B1804D19E
S3150800D2E0C2E90633C2E90833936210BD4FF0FF3036
S3150800D2F0FBE700BF10460020036813F0704205D113
S3150800D300C3F30E030B60D3B100207047B2F1004F90
S3150800D3100AD0B2F1204F07D0B2F1304F04D0B2F1A3
S3150800D320404F01D0212070478268D20404D5C369D2
S3150800D330002BF7D01B68E5E703F07F03E2E74368B5
S3150800D340002BEFD00B60DFE730B5074CE56AE46ADF
S3150800D3506A40D2B2891A101A090A41EA10216340B2
S3150800D36023EA0100C0B230BD1046002038B5A0F14E
S3150800D3704003054602465A21DBB24120FFF7E4FF87
S3150800D380A5F146032A4604467A21DBB26120FFF757
S3150800D390DBFF6B1D2A4639210443DBB23020FFF739
S3150800D3A0D3FF2B2105F11403E4B22A460443DBB26A
S3150800D3B00846FFF7C9FF2F2105F11103E4B22A46F3
S3150800D3C00443DBB20846FFF7BFFFE4B22043013847
S3150800D3D040B238BD044BDB6A584043085B424042C2
S3150800D3E01843C017704700BF1046002010B5C38801
S3150800D3F023B9CA885AB9ABB1012017E0026802EB13
S3150800D400830252F8042C002AF3D1013BF0E70C689A
S3150800D41004EB820454F8044C0CB9013AEAE7934247
S3150800D420EAD80FD3013B5A1C01D1002010BD02686F
S3150800D43052F823400A6852F823209442DCD803F1B4
S3150800D440FF33F0D24FF0FF30F0E710B50A4CE26A2E
S3150800D450E36A4240594081EA0200C00FFFF7BAFF6B
S3150800D460E36A521A434022EA030208401043C00FF7
S3150800D470BDE81040AEE700BF104600200B6810B5A7
S3150800D48004681C4404600B689C422CBF00240124D9
S3150800D49043681B1943604C68234443601068496815
S3150800D4A040F100008B4238BF0130106010BD0368A0
S3150800D4B05B180360137843F1000313707047137801
S3150800D4C010B504688C4238BF013B137003685B1AB9
S3150800D4D0036010BDF0B504685509231F1E4604EB0A
S3150800D4E0850556F8047FFF43AE423760F9D153F8F5
S3150800D4F0046F01361E600EB9AB42F8D14FF6FF73C2
S3150800D500D2088380A3585B1AA350F0BDF8B513461A
S3150800D51042880C460732072A4FEAD20101D0A142B7
S3150800D5203ED1D0E9016705882022184600212FF050
S3150800D53043F8360A034626B1012E10D06FF08B0049
S3150800D540F8BD6CB341F20102954205D0B5F5885F86
S3150800D55002D0B5F5905F1AD15C600020F0E7C6608E
S3150800D560F4B141F2010295420BD15C60B90707F0AC
S3150800D57001023ED4002AF0D19A6842F080729A607D
S3150800D580EBE7B5F5885FF0D0B5F5905FEDD0B5F56A
S3150800D590105F0DD1182C06D0202C04D0102C02D0E8
S3150800D5A06FF08600CCE7C3E90044002ED5D0DDE74E
S3150800D5B005F44F42B2F5824F1BD1EAB2122A18D1AE
S3150800D5C01C2C19D0202C19D0182C12D1104A25F051
S3150800D5D0FF05B5F5E24F1A6012D0B5F5824FDFD1D7
S3150800D5E04FF4005217F4705F0FD017F4864F0AD025
S3150800D5F09A606FF08500A3E7064AE8E7064AE6E779
S3150800D6004FF48042EEE742F480629A60CDE700BFAD
S3150800D610180000801C00008020000080F8B5054630
S3150800D620500988420C4602F01F0601D80AD136B1C5
S3150800D6302846A2000021BDE8F8402EF0BDBF1F2AEB
S3150800D64002D8F8BD1F2A0FD9820005EB8003291FCF
S3150800D65005EB8407BB421AD1201A38BF00220021E5
S3150800D66005EB80002EF0A8FF002EEAD0002205EB7D
S3150800D6708404C6F12000AC42E3D054F8041C21FA15
S3150800D68006F3134344F8043D01FA00F2F3E753F8AE
S3150800D69004CB41F804CFDDE70A46C18808B511B1C5
S3150800D6A00068FFF7BBFF002008BD013901D2002042
S3150800D6B0704750F82130002BF7D0B3FA83F00131C8
S3150800D6C0C0EB4110704710B5044630F001F90C4B19
S3150800D6D0A0F57A729A4212D84FF47A73B0FBF3F037
S3150800D6E05C43084BB3FBF0F3B4FBF3F0022806D90E
S3150800D6F0BDE810400323B0FBF3F0F8F771BD10BD89
S3150800D700FFC99A3B40420F0010B5084C20462FF03F
S3150800D7100DFA20B994E80700054B83E80700BDE831
S3150800D720104001214FF0FF302FF002BACC12040846
S3150800D7304446002070B515460E46242200210446AC
S3150800D7402EF03AFF25F04003802B02D0B5F5807FF6
S3150800D75008D12046314640F8045BEA082EF0CEFF91
S3150800D760002070BD6FF01F00FBE7E3E7E2E7F0B5C6
S3150800D7700B46C168044601298DB036D12B2A03D839
S3150800D7806FF089000DB0F0BD13F003071A460DD0EF
S3150800D79001AD03F1280C2E4610685168083203C6FD
S3150800D7A062453546F7D1106801AA3060012111801B
S3150800D7B0002151802168516061689160A168D1603B
S3150800D7C09FB101AA15460BAE144603CCB4421860A5
S3150800D7D05960224603F10803F6D120681860002331
S3150800D7E01A46EA5401332C2BFBD10020CAE710B5A0
S3150800D7F06821012017F0A2FE044618B1682200210C
S3150800D8002EF0DAFE204610BD10B52421012017F0AF
S3150800D81095FE044618B1242200212EF0CDFE20469E
S3150800D82010BD10B5044618B1242200212EF0C4FEFE
S3150800D8302046BDE8104017F079BD42F210739942B0
S3150800D84070B504460D4602D96FF00F0070BDC38847
S3150800D8508B4213D20421284617F070FE064600288C
S3150800D860F2D0216841B1E28892002EF047FFE188A4
S3150800D8702068890019F0F8FBE58026600020E5E7B6
S3150800D8802DE9F84305460E469046D4883CB9F188FA
S3150800D890A1420ED26FF009073846BDE8F883D8F8DA
S3150800D8A0003003EB840353F8043C002BEFD1013C12
S3150800D8B0ECE72846FFF7C1FF07460028ECD1F288B7
S3150800D8C094420BD2AE4209D028683168121B9200E6
S3150800D8D001EB840100EB84002EF010FFEA88F08843
S3150800D8E0824207D92B68121A0021920003EB8000A6
S3150800D8F02EF062FE002213462968D6F800E0D8F812
S3150800D9000080944203D1C3B90123AB80C4E75EF813
S3150800D91022C058F82260ACEB0300B0422CBF4FF08F
S3150800D92000094FF00109801B41F822009C452CBFD5
S3150800D9304B4609F101030132E3E7EA8801EB840467
S3150800D94001EB82018C4202D1002BDDD0A2E72268CE
S3150800D950D21A34BF0123002344F8042BF2E700232C
S3150800D9602DE9F7430C2106460193FFF766FF0546A6
S3150800D970002856D1346801AA04F11808414604F172
S3150800D98028072046F688FFF779FD39462046FFF72F
S3150800D99075FD0199A36804F108095B182CBF0121DC
S3150800D9A00021A360E3684846C9182CBF0123002359
S3150800D9B0E160414604F120080193FFF75FFD484600
S3150800D9C04146FFF75BFD48463946FFF757FD019983
S3150800D9D0236904F110095B1823612CBF0123002376
S3150800D9E0616948465B1863612CBF012300234146E1
S3150800D9F0019304EB8606FFF741FD39464846FFF7D3
S3150800DA003DFD019B321B193AA36122F0030204F182
S3150800DA1019039E4238BF0022294604F11C002EF045
S3150800DA20CBFD284603B0BDE8F08300232DE9F04F6F
S3150800DA300F2185B006468DF80B30FFF7FEFE05462A
S3150800DA40002840F0C98034680DF10B02D4F81CB0E8
S3150800DA502368594603A80393FFF731FDD4F82C90A1
S3150800DA604946FFF72CFD039B9DF90B10236063685D
S3150800DA70002903938DF80B5080F2B2804942FFF7D4
S3150800DA801EFDD4F820A00DF10B02514603A8FFF79E
S3150800DA9016FDD4F830804146FFF711FD039B9DF92A
S3150800DAA00B106360A3680393002399428DF80B302B
S3150800DAB080F299804942FFF702FD636A0DF10B0275
S3150800DAC0194603A80093FFF7FAFC676B3946FFF778
S3150800DAD0F6FC039B9DF90B10A360E36803930023F0
S3150800DAE099428DF80B3080F281804942FFF7E7FCB6
S3150800DAF0A36A0DF10B02194603A80193FFF7DFFC91
S3150800DB005946FFF7D4FC4946FFF7D1FC039B9DF91C
S3150800DB100B10E36023690393002399428DF80B30B9
S3150800DB2067DA4942FFF7CBFC0DF10B0203A8494619
S3150800DB30FFF7C5FC5146FFF7BAFC4146FFF7B7FCAD
S3150800DB40039B9DF90B102361636903930023994294
S3150800DB508DF80B3050DA4942FFF7B1FC0DF10B0294
S3150800DB6003A84146FFF7ABFC0099FFF7A0FC39462E
S3150800DB70FFF79DFC039B9DF90B106361A369039353
S3150800DB80002399428DF80B3039DA4942FFF797FCA2
S3150800DB9039460DF10B0203A8FFF791FC0199FFF72F
S3150800DBA086FC039B9DF90B70A36127EAE773E36183
S3150800DBB0F3880021072BA3F108024FEA820204F139
S3150800DBC0200098BF00222EF0F7FC002F04DAE0228E
S3150800DBD039463046FFF77EFC284605B0BDE8F08F8B
S3150800DBE0FFF765FC4DE7FFF762FC66E7FFF75FFCAA
S3150800DBF07EE7FFF75CFC97E7FFF759FCAEE7FFF710
S3150800DC0056FCC5E700232DE9F04F112187B0039094
S3150800DC108DF81330FFF711FE0290002840F0488176
S3150800DC20039B0DF113021C6805A823680593236A54
S3150800DC3019460193FFF73BFCD4F824B05946FFF781
S3150800DC4036FCD4F82C904946FFF739FCD4F83080D6
S3150800DC504146FFF734FC656B2946FFF730FCA66B97
S3150800DC603146FFF72CFC059B9DF91310236063686A
S3150800DC7000290593029B8DF8133080F21D814942D5
S3150800DC80FFF71DFC0DF1130205A85946FFF70FFC17
S3150800DC90D4F828A05146FFF70AFC4146FFF70FFCC7
S3150800DCA02946FFF70CFC3146FFF709FCE76B3946B6
S3150800DCB0FFF705FC059B9DF913106360A3680593A0
S3150800DCC0002399428DF8133080F2F9804942FFF714
S3150800DCD0F6FB0DF1130205A85146FFF7E8FB494686
S3150800DCE0FFF7E5FB2946FFF7EAFB3146FFF7E7FBB7
S3150800DCF03946FFF7E4FB059B9DF91310A360E3681B
S3150800DD000593002399428DF8133080F2DB8049424F
S3150800DD10FFF7D5FB0DF1130205A84946FFF7C7FB28
S3150800DD20FFF7C5FB4146FFF7C2FBFFF7C0FB2946D5
S3150800DD30FFF7BDFB3946FFF7C2FB0199FFF7BFFBAB
S3150800DD405946FFF7BCFB059B9DF91310E360236951
S3150800DD500593002399428DF8133080F2B680494224
S3150800DD60FFF7ADFB0DF1130205A84146FFF79FFB30
S3150800DD70FFF79DFB2946FFF79AFBFFF798FB31460D
S3150800DD80FFF795FB5946FFF79AFB5146FFF797FBB6
S3150800DD90059B9DF913102361636905930023994236
S3150800DDA08DF8133080F294804942FFF788FB0DF115
S3150800DDB0130205A82946FFF77AFBFFF778FB3146D9
S3150800DDC0FFF775FBFFF773FB3946FFF770FB514604
S3150800DDD0FFF775FB4946FFF772FB059B9DF9131084
S3150800DDE06361A3690593002399428DF8133072DAAB
S3150800DDF04942FFF764FB0DF1130205A83146FFF708
S3150800DE0056FBFFF754FB3946FFF751FBFFF74FFB6D
S3150800DE103146FFF74CFB2946FFF749FB0199FFF707
S3150800DE204EFB5946FFF74BFB059B9DF91310A36163
S3150800DE30E3690593002399428DF813304EDA494277
S3150800DE40FFF73DFB0DF1130205A83946FFF72FFB37
S3150800DE50FFF72DFBFFF72BFB0199FFF728FB514630
S3150800DE60FFF72DFB4946FFF72AFB4146FFF727FB3D
S3150800DE702946FFF724FB059B9DF91350E36125EA24
S3150800DE80E5732362039B0021DB8804F12400082B39
S3150800DE90A3F109024FEA820298BF00222EF08CFBFA
S3150800DEA0002D05DA4FF4807229460398FFF712FB16
S3150800DEB0029807B0BDE8F08FFFF7F9FAE2E6FFF738
S3150800DEC0F6FA06E7FFF7F3FA24E7FFF7F0FA49E769
S3150800DED0FFF7EDFA6BE7FFF7EAFA8CE7FFF7E7FAE1
S3150800DEE0B0E70022C188914201D800207047036834
S3150800DEF053F8223033B193FAA3F0B0FA80F000EB6E
S3150800DF00421070470132EEE701F18041013900EB1A
S3150800DF1081018142034600D270471B680A681BBA12
S3150800DF2012BA40F8042B41F80439F2E710B5044652
S3150800DF3088B14378012B04D1BDE8104040681AF037
S3150800DF4095BA0378012B04D12422002108302EF03B
S3150800DF5033FB0023237010BD10B5044630B13830AA
S3150800DF60FFF7E4FF6821204619F074F82046BDE85B
S3150800DF70104017F0DBB970B5044686B038300E4647
S3150800DF801546FFF7D3FF0122224B84F8382093F871
S3150800DF90403013EA020129D0002184F8392001A86B
S3150800DFA014222EF009FB4FF410534FF6F872ADF811
S3150800DFB000304FF6FF73954298BF2B46ADF80230F6
S3150800DFC0154B4FF480716846039314F03FFBEA1D26
S3150800DFD03146684604F13C03D20819F09FFD90B11A
S3150800DFE004220E4B0E491AF09CFB0BE084F83910FC
S3150800DFF04034242220462EF0DFFA2A4631462046AF
S3150800E000FFF798FB10B9002006B070BD6FF00C0042
S3150800E010FAE700BF1046002000444004A164020845
S3150800E020D81204082DE9F0432B48079F90F83E4084
S3150800E03094424CD9466B02EB42024FEA820C16EB2D
S3150800E040820246D05089002843D0B2F90440B2F97A
S3150800E05006508C42B2F908E02FDCA942A8BF29462F
S3150800E060BEF1000F35D000F1FF381FFA88F80EFB15
S3150800E07008490A1B92FBFEF24D45D8BF404692B2AC
S3150800E080904202D3A94218BF104656F80C2052F8FF
S3150800E090206002EB800C18B15CF8048D46450ED062
S3150800E0A08D421EBF1EFB00F1091909B2994209DC0F
S3150800E0B000203E60B980BDE8F0832146D0E70138EC
S3150800E0C080B2E8E70028F3D0013880B2DFE70E20F7
S3150800E0D0F1E70220EFE700BF10460020FF20704757
S3150800E0E0004870470080FFFF2EF0AEBE2DE9F04FC6
S3150800E0F0A7B0CDE9022180461D4604460822319F75
S3150800E10028FA02F383EA08039E0702F1080218BFF9
S3150800E1109B00202A1C44F3D18123B4FBF3F303EBC1
S3150800E120C313E41A7F4B04F5062493F8503004F51C
S3150800E1305064002B3CD117F0D9FC0646002877D14D
S3150800E1400146402206A82EF037FA4022314616A884
S3150800E1502EF032FADFF8E891734BCB4609F1100935
S3150800E1604B4528BF4B46002603F1FF3A10225B4673
S3150800E170CDE900A66D4806A914F088FE034606AA4E
S3150800E1809E4242D101231022CDE900A367485B468F
S3150800E19016A914F07BFE4FF0000B824616AED34547
S3150800E1A04BD1634B9945D7D101225E4B83F850205A
S3150800E1B04FF081090026DFF86CB1A4F50623A3F514
S3150800E1C0506252090BEB8202506804F01F01C840E6
S3150800E1D0C00749D49269CA40D20737D58122A3F627
S3150800E1E0FF43B3FBF2F202EBC2129B1A002E08BFE2
S3150800E1F0264603F50624B9F1010904F55064DCD175
S3150800E200029B2BB326B334462AE052F8040B059337
S3150800E2100492FFF72DF8DDE9042301300BD1002223
S3150800E220404B83F850203F4B93F85030002BBFD11A
S3150800E2306FF091000EE00136A2E756F8040BFFF7DF
S3150800E24033F80130EFD00BF1010BA8E7029B23B995
S3150800E2506FF08B0027B0BDE8F08F002E18BF34464C
S3150800E260329B00201C60F5E7309B13B10023309ADF
S3150800E27013600FB100233B604FF0100A00232A46B3
S3150800E28021462A48CDF800A014F056FF002836D1BA
S3150800E290309A284BF2B1C2F800A02A689A421DD0DB
S3150800E2A02146224815F086FD0028D1D1D5E902235A
S3150800E2B003998B4208BF42452AD08123A4F5062438
S3150800E2C0A4F6FF44B4FBF3F303EBC313E41A04F513
S3150800E2D0062490E72A689A42E8D0E1E7002FE5D0BD
S3150800E2E03B462146114816AA14F06EFF38B9309AF3
S3150800E2F03B68126893429BD39B1A3B60D6E70E4B4A
S3150800E3009842CDD06328CBD00C4B9842CED08FE71D
S3150800E310029B002BA4D06B68012BA1D16FF084005F
S3150800E32098E700BF10460020816D08009819002064
S3150800E330906D0800105D175EFFDF00F0FEDF00F04D
S3150800E340006D08002DE9F04F87B082468946984649
S3150800E3501646DDF840B02AB1002B52D040F26C7355
S3150800E3609A4251D8BBF1010F51D8002406F1100783
S3150800E37039460120059417F0E1F80546002849D0EA
S3150800E38021463A462EF018F905ABCDE9014300942B
S3150800E3902B46012250464946FFF7A8FE044680B19F
S3150800E3A010F18C0F08BF6FF08D043A4600212846FD
S3150800E3B02EF002F9284616F0B9FF204607B0BDE848
S3150800E3C0F08F164BC5E902A92B60C5F804B02EB12B
S3150800E3D03246414605F110002EF090F9059E3B465F
S3150800E3E02A4631460E4815F041FC38B93046FEF744
S3150800E3F03FFF013008BF6FF08604D6E76FF091043F
S3150800E400D3E76FF08604D8E76FF09104D5E76FF08D
S3150800E4108504D2E76FF08C04CFE700BF105D175E66
S3150800E4209819002070B58CB006460D461446002192
S3150800E430102208A82EF0C0F8002205AB029307ABFD
S3150800E440019306AB00933046294608ABCDE9062270
S3150800E450FFF74CFE18B9099B6360079B23600CB055
S3150800E46070BD30B58DB00C4605461022002108A8AF
S3150800E4702EF0A2F8002205AB029307AB019306AB78
S3150800E48021460093284608ABCDE90622FFF72EFE63
S3150800E490044600BB099B012B20D0059D124829463E
S3150800E4A015F088FCE8B9A5F50623A3F55063812B7A
S3150800E4B005F01F000DD801210C4A5B0902EB830306
S3150800E4C05A6881404A4028465A60FEF7EDFE0130F8
S3150800E4D001D16FF0860420460DB030BD6FF084047C
S3150800E4E0F9E76FF09104F6E7981900201046002026
S3150800E4F020F0FF03B3F5824F06D14138C0B2012898
S3150800E50094BF0020012070470020704710B50024F2
S3150800E510436814601B0A04D0012B0AD06FF08500EB
S3150800E52010BD0088FFF7E4FF00B10131002011603B
S3150800E530F6E72C31FAE72DE9F041174600221C468A
S3150800E54043688CB01B0A80460D46009204D0012B06
S3150800E55056D06FF08B008FE0008820F0FF03B3F5EC
S3150800E560824F15D1B8F802200732D2080092FFF779
S3150800E570BFFF002800F0E1800B78042B05D1013F8E
S3150800E580B7EB420F05F1010503D06FF0860073E083
S3150800E5900097009E224631464046FEF7B7FF002800
S3150800E5A06AD10337C4E9030527F003076761002E1C
S3150800E5B000F0A5802022002101A82DF0FDFF31469C
S3150800E5C0404601AAFEF7A2FF002840F0988023687B
S3150800E5D0019A9A4240F093806368029A9A4240F000
S3150800E5E08E80A368039A9A4240F08980A369079AA5
S3150800E5F09A4240F08480E369089A9A423CD07EE0C9
S3150800E600032FC2D90B78012B40F09A80497800294C
S3150800E6104CD0F73908299CD801A353F821F000BF3C
S3150800E62089E6000845E6000853E500087FE6000885
S3150800E63053E50008A3E6000853E5000893E600083A
S3150800E6409BE600084FF41056F8253F4F1C22002180
S3150800E65002A82DF0B1FF03230197CDE904350396EF
S3150800E66001AA09AD134603CBAB42206061601A4686
S3150800E67004F10804F6D100200CB0BDE8F08110279B
S3150800E6804FF08076FA25E1E720274FF00076F72548
S3150800E690DCE7FE252C4F2D4ED8E7FF252A4F2C4EBA
S3150800E6A0D4E74FF41056FC25274FCFE72B2F7FF6DC
S3150800E6B06CAF202220462DF07FFF05F11003236161
S3150800E6C0AB070DD001AB05F128061A46286869681C
S3150800E6D0083503C2B5421346F7D1286801AD106064
S3150800E6E06B68103F2360AB6869466360EB68204639
S3150800E6F0A36001236761E360FEF7FEFD28B12022CF
S3150800E700002120462DF058FF3FE7B8F80030009E5C
S3150800E71003F44F42B2F5824F0DD1DAB2122A0AD16A
S3150800E72023F0FF03B3F5824F05D173001C339F42D4
S3150800E730BFF43DAFE3E73346F8E76FF085009BE7A4
S3150800E7406FF0910098E700BF2000008000440002A7
S3150800E7500044000338B50D460446D8B1D42200213A
S3150800E76004302DF029FF0E4B9D4216D1032323704A
S3150800E7700023C4E902330B4B04F1100203F1200114
S3150800E78053F8040B8B4242F8040BF9D103230020FB
S3150800E790237138BD6FF08600FBE76FF08500F8E758
S3150800E7A0090000027C0B040808B518B1D82200211C
S3150800E7B02DF002FF002008BD0023C36001F13803D5
S3150800E7C0036120230A6843618B6D0B4922F47E128C
S3150800E7D08A42436003D001F580718A4208D1102B22
S3150800E7E001D0182B02D1036000207047202BFAD0E5
S3150800E7F06FF08800704700BF0001C003002337B5DB
S3150800E8000C4601A905460193FEF776FD28B9296845
S3150800E81011F0704103D1019B236003B030BDAA6893
S3150800E820B1F1004FC2F38033C2F34035C2F3003270
S3150800E83007D1062103EB450301FB0233019A534333
S3150800E840EAE7B1F1204F04D12B4402EB82021344CC
S3150800E850F4E7B1F1304F02D0B1F1404F01D12B446A
S3150800E860ECE72120D9E72DE9F34705680F68044648
S3150800E870BD420E4690469A4605F070492AD0B9F12F
S3150800E880004F06D0B9F1404F03D0212002B0BDE8B1
S3150800E890F08785EA0703B3F1805F0CD3BAF1000F5E
S3150800E8A02FD1B8F1000F18D0A368B268534013F4FB
S3150800E8B0E04F12D0E9E70023204601A90193FEF7AD
S3150800E8C01BFD0028E1D1019AC2F30E021543174336
S3150800E8D0BD42DAD1B9F1000FE0DB0023204601A9D9
S3150800E8E00193FEF709FD0028D0D10090694630460D
S3150800E8F0FEF702FD0028C9D1DDE900329A42C5D0EB
S3150800E900C3E7B268B8F1000F03D0A3685340D9042F
S3150800E910BBD49304E1D4B8E70023F7B50B600368CA
S3150800E920054603F070430B60C2680C46032A00F2E2
S3150800E9308180012A6ED812B143F000632360D5E9BD
S3150800E9400223900102F0407167D5B1F1407F67D08C
S3150800E950002B6FD04FF00072236823F040731343E7
S3150800E9602360EA68022A07D12A69032A62D823F4AF
S3150800E9707F0343EA02432360EB68032B03D12B6929
S3150800E980F62B57D9A370AB681A0442BF236843F421
S3150800E99000432360EB68032B09D023682A6823F415
S3150800E9A0FF4323F07F03C2F30E02134323602B6851
S3150800E9B0AE68002B06F480573EDB16F4E84F39D1D3
S3150800E9C02B6806F4806603F0704303F10043B3F145
S3150800E9D0804F04D21EB1236843F48063236000236A
S3150800E9E0284601A90193FEF787FC88B92B6813F01E
S3150800E9F0704139D12368019A23F4FF4323F07F033A
S3150800EA00C2F30E021343236017B1EB6993B10F20CB
S3150800EA1003B0F0BD43F0806390E7B1F1407F03D1C6
S3150800EA2043B14FF0407297E702F08072002B93D102
S3150800EA30002A91D02120EBE7730406F400520CD487
S3150800EA40002AF7D0236843F400532360002FB7D079
S3150800EA50236843F480532360B2E7236843F4804372
S3150800EA602360002AF2D0EDE703F05043B3F1004FDC
S3150800EA7005D0B1F1304F02D0B1F1404FDAD1019B48
S3150800EA802268013B03F07F0322F07F0213432360D1
S3150800EA90002FBDD0EA69002ACCD0B1F1004FB6D11B
S3150800EAA0117F61B1002EB3D043F400732360537F06
S3150800EAB0002BADD0236843F480732360A8E7537F07
S3150800EAC0002BA5D0002EA3D0F4E701234B60C36822
S3150800EAD0013B012B08D88269054B1AB10A60002050
S3150800EAE08B607047034AF9E74FF00053F7E700BF1A
S3150800EAF008000020E8120408012373B5C568064615
S3150800EB009D420C464B6016D8002301A90193FFF7D6
S3150800EB1075FE70B9019B05B11C3372699A4207D319
S3150800EB2032696AB1226043F000530020A36000E016
S3150800EB301D2002B070BD023D012D01D80023F4E767
S3150800EB402120F6E7436813B9416070475B685A6845
S3150800EB50012AFBD1596070472DE9F0430129054682
S3150800EB600E46914698469DB057D8046824F040034F
S3150800EB70802B02D0B4F5807F52D12022002114A820
S3150800EB802DF01AFD284A294B0435012E08BF1346D5
S3150800EB900A950125E408DFF8A0C0139344F0005352
S3150800EBA00B9507AF0C930AAB93E8070004AE87E80A
S3150800EBB007000DABCDF834900E95CDF83CC093E820
S3150800EBC0070010AB86E80700CDF840801195CDF810
S3150800EBD048C001AD93E8070085E8070013A8394641
S3150800EBE0FFF7B0FF3146FFF7ADFF29462FF090FA41
S3150800EBF021464FF480642FF082FA10212FF07FFA15
S3150800EC000B4B9C66BFF34F8F2FF055FA2FF04AFA3D
S3150800EC10084B9C661DB0BDE8F0836FF02000F9E74D
S3150800EC206FF07100F6E700BF00010004000101045F
S3150800EC300090005000A00050100000208CE72DE93D
S3150800EC40F0410D4614461E46D4B028B321B31AB374
S3150800EC50038803F44F42B2F5824F14D1DAB2122A6E
S3150800EC6011D123F0FF03B3F5E24F37D14388336060
S3150800EC7073B9E30033603368E02B10D0B3F5807FB7
S3150800EC8028D0C02B28D06FF0850054B0BDE8F0819D
S3150800EC900733B4EBD30FEED06FF08600F5E7744A6E
S3150800ECA0002318462E19224412F8014D16F8011DA4
S3150800ECB00843091B0CBF4FF0FF340024B54203EA92
S3150800ECC0040343EA0103EFD10028E5D0002BE3DA79
S3150800ECD00020DAE7674AE3E7674AE1E7B3F5824FD8
S3150800ECE040F0C3800B78042BD6D128A82FF000FA61
S3150800ECF00746002840F0B68001468422329033A8A1
S3150800ED002DF05AFC01234FF0880820223946013C91
S3150800ED1020A88DF8C83001352DF04EFC2022394642
S3150800ED20259418A8E400249564082DF045FC32AD16
S3150800ED302022394610A81C95CDF874802DF03CFC8D
S3150800ED40E02CCDE91458346006D0B4F5807F1BD08A
S3150800ED50C02CA1D1494B00E0494B209318934FF49E
S3150800ED60005322934FF480431A9300230734E40890
S3150800ED7064001A4620A918A81194FFF774FD28B153
S3150800ED80002C89D0013C10E03E4BE6E703A920A8F9
S3150800ED90FEF7B2FA0028F3D1039B5B00882B0BD948
S3150800EDA0002C3FF479AF2120013C0022013C2A7057
S3150800EDB005F10105FAD251E04FF060632A90CDE9DA
S3150800EDC02830309002A918A8FFF7A6FD0028D7D149
S3150800EDD0029928A821F4F06102912FF090F901A96F
S3150800EDE010A8FFF799FD0028CAD1019928A82FF085
S3150800EDF086F907A918A8FFF768FE0028C0D128A831
S3150800EE00FFF7A0FE0AA918A8FFF776FE0028B7D1D3
S3150800EE100AA928A8FFF796FE04A920A8FFF76CFE02
S3150800EE200028ADD104A928A8FFF78CFE0DA910A8C3
S3150800EE30FFF762FE0028A3D10DA928A82FF068F9CC
S3150800EE40032428A82EF0F0FD012801D1013CF8D1B1
S3150800EE5033680733DB085C00002B93D100283FF4A6
S3150800EE6037AF19E76FF092000FE76FF096000CE7DF
S3150800EE700813040824130408F01204081800008074
S3150800EE801C000080200000802DE9F04F89461646B8
S3150800EE9098460546ABB080B179B172B14288D31DA8
S3150800EEA0072B4FEAD30700F0C780038803F4E04333
S3150800EEB0B3F5805F04D1520709D06FF086041AE0D3
S3150800EEC0B3F5005FF7D0B3F5804F00F0B580202288
S3150800EED0002118A82DF070FB3946284618AAFEF717
S3150800EEE015FB044638B96B681B0A08D0012B00F0DD
S3150800EEF083806FF08B0420462BB0BDE8F08FBE42AE
S3150800EF00C0F09D804A46334620A8CDE91C232FF041
S3150800EF10EFF800286DD14FF000732290CDE920302C
S3150800EF20289015A918A8FFF7F7FC002858D11599B5
S3150800EF3020A82FF0E4F81A9BDB043DD5189B002B7C
S3150800EF4050DA4FF0010B1F9C6946D4F800A063689D
S3150800EF50CDF804B00093CDF808A0FFF7F3FDA36839
S3150800EF6003A9CDF810B00393CDF814A0FFF7EAFD76
S3150800EF70E36806A9CDF81CB00693CDF820A0FFF7E4
S3150800EF80E1FD236909A9CDF828B00993CDF82CA08D
S3150800EF90FFF7D8FD63690CA9CDF834B00C93CDF80A
S3150800EFA038A0FFF7CFFDA3690FA9CDF840B00F939E
S3150800EFB0CDF844A0FFF7C6FD12A918A8FFF785FDEE
S3150800EFC070B920A8FFF7BEFD15A918A8FFF794FD8C
S3150800EFD030B915A920A82FF09BF82EF025FDA0B171
S3150800EFE0482826D06FF0920420A82FF081F8002830
S3150800EFF081D06FF092047EE707F12C039E421ED360
S3150800F00009F1100207F11C037EE76B681B0A012B46
S3150800F01006D0424639462846FFF778FA0446E3E71B
S3150800F0203246494618A8FEF7A2FB04460028F0D047
S3150800F030DAE76FF08504D7E76FF085045BE76FF0D2
S3150800F0408C0458E72DE9F04FA5B01546DDE92EAB3F
S3150800F050884699460746309A002800F0D580002B46
S3150800F06000F0D280BAF1000F00F0CE80002900F03F
S3150800F070CB80002D00F0C88000230688CBF800302E
S3150800F08006F44F41EB00B1F5824F136052D1F1B24D
S3150800F09012290ED126F0FF01B1F5824F02BF083BB7
S3150800F0A05B0813601368B3F5047F04BF40F20923B5
S3150800F0B0136000232A46009341466B463846FFF7FD
S3150800F0C0BEFD044690BB009C30460734E408FFF7B3
S3150800F0D00FFA10B1013D08F101082022002112A8FB
S3150800F0E000942DF069FA2146384612AAFEF70EFA60
S3150800F0F00446D8B90AAE0DF1480CBCE80F000FC695
S3150800F1009CE80F0086E80F00EB1C23F00303282277
S3150800F11021461AA80F93CDE90D482DF04DFA7B68C4
S3150800F1201B0A09D0012B15D06FF08B04204625B099
S3150800F130BDE8F08F2C46D0E7554568D84A46534671
S3150800F1401AA8CDE916232EF0D3FF034658B16FF05F
S3150800F1509204EBE705F12C039A4558D309F11002FE
S3150800F16005F11C03ECE7012212A90AA8FFF77BFBAD
S3150800F17070B9159B013B012B0AD84FF080731C9080
S3150800F180CDE91A30229007A912A8FFF7C5FB38B1B6
S3150800F1906FF092041AA82EF0ABFF0028C6D0D6E767
S3150800F1A007991AA82EF0ABFF01A90AA8FFF7A4FC35
S3150800F1B00028EDD101A91AA8FFF7C4FC04A912A8D2
S3150800F1C0FFF783FC0028E3D11AA8FFF7BBFC07A9C1
S3150800F1D012A8FFF791FC0028DAD107A91AA82EF081
S3150800F1E097FF2EF021FC0028D2D15246494612A894
S3150800F1F0FEF7BDFA0446002898D15A4629463846ED
S3150800F200FFF784F90446C5E76FF086048EE76FF0CA
S3150800F2108C048BE72DE9F04F0646884691461D4635
S3150800F220B7B02BB12CA82EF063FF28B16FF092056A
S3150800F230284637B0BDE8F08F33686E4A23F47E134C
S3150800F240934240F0D380726BAB181B09B3EB121FC5
S3150800F25002F00F0700F0B880674B2E90CDE92C30EE
S3150800F260349029A94046FFF757FB0446002840F08A
S3150800F270A48005EB070B2CA829992BF00F0A2EF072
S3150800F2803EFF51462EF03BFF404602A9FFF71DFC04
S3150800F2900446002840F091802CA8FFF753FC40460E
S3150800F2A005A9FFF729FC0446002840F086804FF0A0
S3150800F2B0010805A92CA8FFF745FC331D1A934F4BE7
S3150800F2C0CDF86C801AAA1C9308AB07CA83E8070016
S3150800F2D019462CA8FFF736FC06F1140347F000522E
S3150800F2E0AAEB07071D930DF12C0CCDF8788047F093
S3150800F2F000571F921DAA07CA8CE80700CDF8809010
S3150800F30020AACDF8848022970EAF07CA87E807009F
S3150800F3100D9A614622F000522CA801930D92FFF730
S3150800F32011FC3946FFF70EFCAAF1100242F0005212
S3150800F3302394324BCDF8908011AF259223AA07CAA1
S3150800F34087E8070006F12402269214ACCDF89C80C3
S3150800F35026AA289307CA84E80700139A2CA842F01D
S3150800F36080421392139A394622F0005213922EF0D5
S3150800F370CFFE21462EF0CCFE204B321D299217AC2B
S3150800F380CDF8A8802B9329AB93E8070084E80700FB
S3150800F39021462CA82EF0BCFE2EF046FB0446019B07
S3150800F3A0AAEB0B0129441846ABEB0A0249442DF097
S3150800F3B0A5F9736B2B44736384B1212C14BF6FF0CA
S3150800F3C092056FF086050AE006F114002A464946BA
S3150800F3D038442DF093F9736B2B44736300252CA8DE
S3150800F3E02EF086FE00283FF423AF1FE76FF088054E
S3150800F3F01EE700BF0002C00303020004100000203D
S3150800F4002DE9F04FABB00F46DDE93494DDE937BAA4
S3150800F41090461E46054628B96FF0860738462BB033
S3150800F420BDE8F08F0029F7D0002AF5D0B9F1000F12
S3150800F430F2D0002CF0D0369B002BEDD0BBF1000F9C
S3150800F440EAD0BAF1000FE7D02022002118A82DF043
S3150800F450B3F839464246284618ABFFF76CF8074614
S3150800F4600028DBD12B8823F0FF02B2F5E24FD3D177
S3150800F470DBB2122B26F0FF0640F08E80B6F1062F7F
S3150800F48040F08A806B8823F02002C02A03D0B3F5A7
S3150800F490807F40F081800733DB08BBEB430F4FEAE0
S3150800F4A043057CD320A82EF023FE00286AD1189E97
S3150800F4B03C4B06F07046B6F1404F18BF4FF0C0639C
S3150800F4C02290CDE92030289015A918A8FFF724FA2C
S3150800F4D000285AD120A815992EF011FE21462EF0A3
S3150800F4E00EFE694618A8FFF7F0FA00284DD120A8A5
S3150800F4F0FFF728FB03A918A8FFF7FEFA002844D14E
S3150800F5004FF0010803A920A844F00054FFF71AFB9E
S3150800F510CDF83C9006ABCDF840800FAA119407CAE7
S3150800F52083E80700194620A8FFF70CFBCDF848909A
S3150800F53009ABCDF84C8012AA1494B6F1404F07CA0D
S3150800F54083E8070003D1194620A8FFF7FBFA369B84
S3150800F55015AA15930123169345F0005317930CAB80
S3150800F56007CA83E80700194620A82EF0D1FD2EF019
S3150800F5705BFA50B9CAF8005020A82EF0B9FD002849
S3150800F5803FF44CAF6FF0920748E7012814BF6FF0BD
S3150800F59092076FF08B07EFE76FF085073EE76FF08E
S3150800F5A089073BE700000206F0B597B015461F46E7
S3150800F5B00C461D9E09B9002A3DD1224B98423DD1E1
S3150800F5C020230CA833602EF093FD18B16FF092003B
S3150800F5D017B0F0BD1CB915B100233360F6E7002358
S3150800F5E0194A29460CA8CDE90C230E9314932EF03C
S3150800F5F086FD0694012445F000516D46079406AB36
S3150800F600089193E80700114B85E8070009970A94C3
S3150800F6100B9303AC09AB93E8070084E80700294677
S3150800F6200CA8FFF78FFA21462EF072FD2EF0FCF992
S3150800F6300028CDD0D0E76FF08600C9E76FF08500C7
S3150800F640C6E700BF090000020004000320000020EE
S3150800F650F0B50E46017804460139174693B00429D9
S3150800F66056D8DFE801F00341464B500040211425E7
S3150800F67028480C3400225943C6E901223060326218
S3150800F68030462EF03CFD4FF0010C41F00051099731
S3150800F69009ABCDF828C006AF0B9145F0005593E8A5
S3150800F6A0070003AB87E807000C940CAACDF834C012
S3150800F6B00E9507CA83E807000F946C46CDF840C03C
S3150800F6C012AA119512E9070084E807001946304680
S3150800F6D0FFF738FA3946FFF735FA21462EF018FDB6
S3150800F6E02EF0A2F913B0F0BD402120250A480C34AB
S3150800F6F0C0E74021202509480C34BBE78021402576
S3150800F70007481434B6E78021402506481434B1E783
S3150800F7102120E7E7000201030003010300040103B7
S3150800F72000050103000601032DE9F0470F461446BC
S3150800F73005468AB0002800F0888061B9002A40F0A2
S3150800F740848068462EF0D4FC00287CD06FF09200A6
S3150800F7500AB0BDE8F08768462EF0CAFC0028F5D145
S3150800F760002C70D02B79032B32D8002BEED04026F4
S3150800F770D5F808C005F1080205F13009134614EB5F
S3150800F7800C0143F8041B4FEAD6082CD2424453F81E
S3150800F790041B0029DAD19A42F9D106F1FF3808EAA2
S3150800F7A00C080435A6EB080AB8F1000F2CD154450D
S3150800F7B043D3B4FBF6FA3A46534669462846FFF75A
S3150800F7C047FF0028C2D10AFB06F31F44E41A33E0B8
S3150800F7D0043B012BBAD88026D5F808C005F10802E3
S3150800F7E005F15809CAE718465168A2F1040E013115
S3150800F7F05160C6448645C9D050F8041B0029F9D182
S3150800F800016801310160F5E7544501D2B442CFE7FA
S3150800F8105246394609EB08002CF070FF01234A4688
S3150800F82069462846FFF714FF00288FD1A41B4444D5
S3150800F830A64280465744BCD92CB12246394609EB24
S3150800F84008002CF05BFF002082E76FF086007FE758
S3150800F8502DE9FF470C9F0E4615469A46044620B9E1
S3150800F8606FF0860004B0BDE8F0870029F8D00AB921
S3150800F870002BF5D14FF4AE72002120462CF09CFEE9
S3150800F8804B4B3B40B3F1607F53D13388B3F5885F68
S3150800F890E6D15FFA87F949F0007904F10408494688
S3150800F8A04046FEF757FF0028DCD17388DA08524530
S3150800F8B00392D5D8402A04F1DC062DD903AB01936F
S3150800F8C080232946009348463346FFF76DFE0028F5
S3150800F8D0C8D104F1DB052B46039A02F1DB0121446A
S3150800F8E0994220D102F1DC003621C2F140022044BF
S3150800F8F02CF062FE402231464046FFF715FF0028ED
S3150800F900B0D104F21B1215F8013F83F06A03954241
S3150800F9102B70F8D12760A5E7072BDAD92946304698
S3150800F9202CF0ECFED5E713F8010F80F036001870BE
S3150800F930D6E7204B9F4237D13388B3F5105F33D1D2
S3150800F94073882760DB08182BA36511D0202B1DD0E0
S3150800F950102B85D1BAF10F0F82D9383405F110036F
S3150800F96055F8042B9D4244F8042BF9D1002079E779
S3150800F970BAF1170F7FF674AF383405F1180355F846
S3150800F980042B9D4244F8042BF9D1EFE7BAF11F0F77
S3150800F9907FF666AF383405F1200355F8042B9D42EF
S3150800F9A044F8042BF9D1E1E76FF085005AE700BF68
S3150800F9B00000C07F0002C00370B5104B0446006803
S3150800F9C00D460340B3F1607F164688B004D1201D6A
S3150800F9D008B0BDE87040A7E60021202268462CF052
S3150800F9E0EBFD21466846FEF7E7FE28B933462A4668
S3150800F9F069462046FFF70EFC08B070BD0000C07FC0
S3150800FA00F0B501230F46154604468FB01A46294617
S3150800FA103846FEF728FF20B9BB6813F4C04F02D159
S3150800FA2021200FB0F0BDAB6803F4C043B3F5005F07
S3150800FA30F6D1254B0BAEC4E90030A06020623146F2
S3150800FA403846FEF769FF0028EBD120460B992EF0C1
S3150800FA5056FB384608A9FFF738F80028E1D12046B2
S3150800FA60FFF770F8384605A9FFF746F80028D8D1F9
S3150800FA70204605A9FFF766F8EB68002BD0D1284683
S3150800FA8001A9FEF7BBFE0028CBD1019B6A699A4201
S3150800FA9018D32A6943F000530B9201220C920D9356
S3150800FAA002AB96E8070083E80700194620462EF0C1
S3150800FAB02FFB032520462DF0B7FF0128B1D1013DC4
S3150800FAC0F8D1AEE71D20ACE7000001022DE9F043AE
S3150800FAD001290546884616461F46A9B079D8130750
S3150800FAE07AD1046824F04003802B02D0B4F5807FD5
S3150800FAF075D12022002120A82CF05EFD394A3A4B08
S3150800FB000435B8F1010F08BF13461C950125E40812
S3150800FB10DFF8E0E01F9344F000531D950DF1040C47
S3150800FB201E931CAB93E807000DF110098CE807003B
S3150800FB3019AB19971A95CDF86CE093E8070016AB40
S3150800FB4089E8070016971795CDF860E093E807004F
S3150800FB50309B46F0005E07AF87E8070013931495BD
S3150800FB6013ABCDF854E093E80700319B0DF1280854
S3150800FB7088E80700109310AB1195CDF848E00DAD55
S3150800FB8093E8070085E8070061461FA8FEF7DAFF35
S3150800FB904946FEF7D7FF4146FEF7D4FF29462EF021
S3150800FBA0B7FA39462EF0B4FA21464FF480642EF09F
S3150800FBB0A6FA31462EF0A3FA0C4B9C66BFF34F8F7C
S3150800FBC02EF079FA2EF06EFA094B9C6629B0BDE83C
S3150800FBD0F0836FF02000F9E76FF02100F6E76FF089
S3150800FBE01F00F3E70302000403020104009000501B
S3150800FBF000A000501000002070B504680D1B002DF1
S3150800FC0002DC6FF05F0070BD94F900602378002E67
S3150800FC100ADB631C0360237813600368C91A136838
S3150800FC208B42EED80020EEE703F07F035E1E032E1C
S3150800FC3010D89D42E5DD002501341560046004688E
S3150800FC40166814F8015B013B45EA06251560046051
S3150800FC50F5D1E2E76FF06300D5E770B404680E1BD0
S3150800FC60002E06DD26789E4207D10134046070BC5A
S3150800FC70C2E76FF05F0070BC70476FF06100FAE78B
S3150800FC807F2A034610B51AD914460120240A00F122
S3150800FC900100FBD11C68641A844212DB19684C1EE9
S3150800FCA01C6001F8012C120AF8D1012806D01A683E
S3150800FCB0511E196000F17F0302F8013C10BD0120B6
S3150800FCC0E8E76FF06B00F9E72DE9F84F4FF0000A07
S3150800FCD0074689461646984655465446DDF828B0DE
S3150800FCE05C4516D2002318F8040020280CD0ABEB8C
S3150800FCF00402012A41D00D283FD108EB04025278AC
S3150800FD000A2A6ED10134EBE70134A3454FF001030B
S3150800FD10E9D1A5EB0A0303F00303012B30D0AA07A8
S3150800FD202ED1AD0805EB4505A5EB0A053560B5BB33
S3150800FD30002508EB040929463C46DFF8BCA0C14566
S3150800FD4008D018F8010BA0F10A03DBB2162B2CD940
S3150800FD503D282ED1032D3DD12346C1F38F2203F82A
S3150800FD60022BC1F3970161701C463368E41BA3425A
S3150800FD7014BF6FF06D00002004E00A28C2D01BB142
S3150800FD806FF02B00BDE8F88F0106F9D43D282AD17B
S3150800FD900AF1010ABAF1020FF2D80135B2E70FB13A
S3150800FDA04D45C5D96FF02900ECE74AFA03F3DB079E
S3150800FDB0C5D54FEA811BFDF7D9FA0135042D40EA6E
S3150800FDC00B01BCD10B0C23700B0A6370A1700025C4
S3150800FDD00334B4E7022D04BFC1F30F1104F8011B65
S3150800FDE0C3E7002BCCD1BAF1000FC9D1FDF7BEFA93
S3150800FDF00028D2DAC4E700BFF6FFBFFF2DE9F041BD
S3150800FE000D46C98804461646FDF717FD014608BB88
S3150800FE103046FDF7DFFA03461B4EB4F90420F06AB4
S3150800FE200132584022EA0002B5F904002768013079
S3150800FE30D5F8008018400243013A4745A280EA886F
S3150800FE4004D08C46A7F1040E624506D8DB43E48845
S3150800FE50A24211D30846BDE8F081F56A5EF8040FA0
S3150800FE605D4020EA050058F82C500CF1010C1D40A5
S3150800FE702843CEF80000E7E757F82200184047F86D
S3150800FE8022000132E4E700BF1046002010B5044600
S3150800FE9048B1006818B1E188890017F0E5F8002232
S3150800FEA00123C4E9002310BD38B504460D4619B927
S3150800FEB0FFF7ECFF002038BDC2888A4207D100212F
S3150800FEC0006892002CF078FB0123A380F2E7FFF785
S3150800FED0DDFF29462046BDE83840FDF7AEBC88421E
S3150800FEE070B505460E4609D0C988C28841B92AB1F7
S3150800FEF001239200838000682CF05EFB002070BD11
S3150800FF004C1E8CB9B6F904300134A242AB8012D229
S3150800FF1021462846FDF791FC0028F0D1316828686B
S3150800FF20A2002CF0EBFBE9E7336853F82430002BEA
S3150800FF30E8D1013CE5E72868121B0021920000EB96
S3150800FF4084002CF039FBE9E72DE9F0411746B1F9B1
S3150800FF5004509288044612FB05F253430E461DD5FB
S3150800FF6039463046FDF742FAB0F100080DDB3A464D
S3150800FF7031462046FDF784FC28B9B8F1000F08BFC2
S3150800FF8001250020A580BDE8F08132462046FDF710
S3150800FF9077FC0028F7D16D42A580F4E7874202D0A6
S3150800FFA0814210D13E460123B6F80680A380B8F1F7
S3150800FFB0000FE6D0336803EB880353F8043C3BB9DB
S3150800FFC008F1FF38F3E7FFF78AFF0028EAD0DAE7F7
S3150800FFD041462046FDF731FC0028D4D1D6F800C0AA
S3150800FFE0074606462368191F51F8042F5CF82700B0
S3150800FFF0B2182CBF012600260137121846F1000652
S31508010000B8450A60F0D103EB8703002EB9D0E28820
S3150801001007F10108BA4208D841462046FDF70DFC0A
S315080100200028B0D1236803EB87031A68474692195B
S315080100302CBF0126002643F8042BE6E770B50E46C9
S3150801004001210446FDF7F9FB054648B9E288014650
S31508010050920020682CF0B0FA23681E600123A38061
S31508010060284670BD2DE9F341054688461646CF88D0
S315080100703FB1D8F8003003EB870353F8043C33B19A
S315080100803EB90021284602B0BDE8F041D6E7013F56
S31508010090EEE72846791CFDF7D0FB044670B94146C0
S315080100A02846FFF71CFF044640B9013E00963B4629
S315080100B0D8F80020E988286822F042FF204602B0D5
S315080100C0BDE8F081C388B1EB431F3FBF03684A0906
S315080100D053F8220001F01F013ABFC84000F00100A1
S315080100E000207047C1880068FDF7DFBA2DE9F8439B
S315080100F012F0030318BF012303EB92068846314623
S3150801010081461446FFF7D0FE0546B8B9B9F8067018
S31508010110BE4216D897B1D9F80090BE0001463246BC
S3150801012048462CF049FA2CB1301B22464146484430
S315080101302CF0E4FA39464846FDF7E6FE2846BDE8BE
S31508010140F8836FF00705F9E7034670B51C68DB8885
S315080101500846B2EB830F4FEA830519D9521B8E184D
S3150801016000212CF029FA30462A46002310449342EE
S3150801017010D1002070BD23F00301615803F0030676
S31508010180F600F140C9B281B901339D42F3D1ECE7DA
S315080101901346FAE723F00301615803F00305ED005E
S315080101A0E94000F8011D0133E1E76FF00700E1E7D7
S315080101B0F8B504460D46FFF795FFE3882844B0EBEA
S315080101C0431F25D81F2D2368E68805F01F074FEA28
S315080101D0551413D96FF00300324600FB04309442DC
S315080101E002F1FF3120D3A21BA64238BF00223244B6
S315080101F01846002192002CF0DFF9034637B1002199
S3150801020003EB8403C7F12005A64213D800200AE0B0
S3150801021010F01F0118BF012101EB50112046FDF70F
S315080102200CFB0028CED0F8BD50F8212043F8212038
S315080102300A46D4E71868013400FA07F20A4343F874
S31508010240042B20FA05F1DFE730B5C38823B9CA883C
S315080102505AB9002B3DD136E0026802EB830252F807
S31508010260042C002AF3D1013BF0E70C6804EB820564
S3150801027055F8045C4DBB013AEAE7B1F9045003D2DB
S31508010280B1F90400404226E0B0F90420002A03DD52
S31508010290002D0CDA01201EE0002D08DD3AB14FF0E1
S315080102A0FF3018E003F1FF330BD2504213E0013B54
S315080102B0016851F8235054F823108D42F2D910469B
S315080102C009E0591CF4D1002005E0002BD8D093424F
S315080102D0D3D9B0F9040030BD1FB54A1C14BF0B466B
S315080102E0012301930123C90FC1EBC1314900013132
S315080102F0ADF80C10ADF80E3002A901AB0293FFF769
S31508010300A3FF05B05DF804FB01231DE670B50C4695
S315080103100546114620461A46FFF7F6FF064630B946
S31508010320043529462046FFF78FFF002801DA3046B3
S3150801033070BD2A4621462046FDF7A2FA0028F0D0CC
S315080103400646F4E74FF0FF33FEE570B50C46064660
S31508010350114620461A46FFF7F5FF054688B90436C1
S31508010360B4F90430002B0CDA00212046FFF7B4FF5C
S3150801037030B1324621462046FFF7C6FF0028EFD0A6
S315080103800546284670BD2DE9F04F01231646002281
S315080103908BB0884207460D46CDE90823CDE90623E9
S315080103A006D108A8FFF79BFD0446002840D108ADF1
S315080103B0B74207D1394606A8FFF791FD044600283A
S315080103C036D106AEB5F80680B8F1000F3AD1B6F8BF
S315080103D00690B9F1000F3FD1012308EB090A5146EE
S315080103E038460393FDF729FA044608BB0146384601
S315080103F0FFF724FE0446D8B92A683B6801460492E9
S3150801040018464FEA8A02D6F800B02CF0D5F8ABF1B7
S31508010410040A834600EB890908F10101D94524D16B
S31508010420039B7BBBAB88B28813FB02F31BB2BB8071
S3150801043006A8FFF72BFD08A8FFF728FD20460BB0F5
S31508010440BDE8F08F2B6803EB880353F8043C002BB7
S31508010450BDD108F1FF38B7E7336803EB890353F8D1
S31508010460043C8BB909F1FF39B3E75AF8043F5846FA
S315080104700093049A434605910BF1040B22F060FDA3
S315080104800599CBE70123D2E7B8FA88F35B09A4E714
S315080104902DE9F04F05460F461046002197B09346C1
S315080104A0FFF71AFF0028C0F2878105D16FF00B0408
S315080104B0204617B0BDE8F08F00230126CDE909369D
S315080104C0CDE90B36CDE90D36CDE90F36674B5946E1
S315080104D01293384613AB1193FCF788FF002817DAF5
S315080104E035B139462846FFF7FAFC0446002849D1B2
S315080104F000212846FFF7F0FE0028C0F24C81594634
S315080105002846FFF7A1FE002880F24C810024CFE798
S31508010510394609A8FFF7E3FC044698BB59460BA8D8
S31508010520FFF7DDFC044668BBF9880DA80231ADF872
S315080105303060ADF82860FDF780F9044610BB014626
S315080105400DA8FFF77BFD0446E0B9F9880FA802312B
S31508010550FDF773F90446A8B90BA8FFF7C3FD00F028
S315080105601F001F2821D0C0F11F03194609A80093AF
S31508010570FFF71EFE044628B900990BA8FFF718FED7
S31508010580044698B109A8FFF781FC0BA8FFF77EFC82
S315080105900DA8FFF77BFC0FA8FFF778FC0C2113A821
S315080105A016F058FD002CA3D082E70094BDF82A6006
S315080105B0BDF832900BA8A6EB090A4FEA4A1841463C
S315080105C0FFF7F6FD04460028DCD14FEA8A0A0BA993
S315080105D009A8FFF739FE002838DA41460BA8FDF7C6
S315080105E05BF804460028CDD109F1FF3301939B003E
S315080105F006F1FF38049306F1804609F18043023B70
S31508010600013E9B00A6EB09060793B3000293019BE3
S3150801061043452DD3002DB5D0009909A8FDF73CF81F
S31508010620002840F0B480BB8809A92846ADF82830CF
S31508010630FFF755FC0146002840F0AB802846FFF736
S315080106404BFE00289ED10123AB809BE70D9A09A991
S3150801065052F80A300846013342F80A300BAAFFF766
S3150801066071FE04460028B2D08CE700BF01000300E2
S315080106700B9B049A03931344DDF824900693039B7A
S315080106804FEA880A9A5859F82810AAF104030D9EC8
S315080106900593029B91421E4474D20598002359F88A
S315080106A000002BF0F9FD002914BF4FF0FF33034674
S315080106B0B8F1010F33600EBF002309EB0A0353F8A3
S315080106C0083C079A1393059B59F80330149359F874
S315080106D00A301593336801333360039B13449946F3
S315080106E033680021013B33600FA8FFF7A7FC0028F8
S315080106F04DD1019B002B48D0D9F800200F9B0FA99B
S315080107001A60069A084612685A603268FFF7AAFC08
S3150801071000283CD111A90FA8FFF796FD0028DFDCB8
S3150801072032680BA90FA8FFF79DFC80BB029B0FA897
S315080107304FEAC3094946FFF73BFD40BB09A90846ED
S315080107400FAAFFF7FFFD014618BB09A8FFF7C4FD6D
S31508010750002812DA0BA90FA8FFF7C1FBB8B9494659
S315080107600FA8FFF725FD90B909A908460FAAFFF7B3
S31508010770CBFD60B93368013B3360029B08F1FF3852
S31508010780043B43E74FF0FF3392E7019AB6E7044685
S31508010790F8E60C46F6E65A4629462846FFF7B4FD1A
S315080107A00446FFE65A4629462846FFF7CBFD044686
S315080107B000283FF4A4AE7BE66FF0090478E62DE93C
S315080107C0F04F05468FB01046164609910A93FFF772
S315080107D083FD002840F395802846F188FFF764FBDE
S315080107E00446002866D13368B5F806900193484F48
S315080107F049460198FB6AFB6AFCF757FFC31DDA08ED
S31508010800272B2E6804928CBF1E22FA2213F0180594
S3150801081018BF012505EB53150292AA00A2EBD301D5
S31508010820B2180592A9EB0502920023F00703069276
S315080108301B1A7218039107920B93A94561D30021DC
S31508010840039A30462BF0B8FE0021069A05982BF03C
S31508010850B3FE049A079918980A9B9847044648BB19
S315080108601DB129463046FDF74FFB494630460B9ADE
S31508010870FCF7D4FE029B013B029345D009993068E7
S31508010880FCF7E3FD0122C143D7F82C80914515D821
S3150801089048EA0103D7F82CA00893FB6A4B46D7F818
S315080108A02C8003F1FF3B8BB9089AFB6A0AEA020A14
S315080108B09A45C2D020460FB0BDE8F08F56F82200FF
S315080108C0FCF788FD013248EA0008DFE7019B53F887
S315080108D02B2056F82B30104619460D930C92FCF72F
S315080108E0B4FD0D9B0C9A40EA080811461846FCF718
S315080108F0ACFD20EA08034AEA030A48EA00085B460F
S31508010900CFE76FF00304D5E76FF00D04D2E700BF18
S31508010910104600202DE9F04306460F4610460121F0
S3150801092097B01546FFF7D8FC002840F3CA81002284
S315080109300123394612A8CDE90E23CDE90C23CDE9C9
S315080109400A23CDE90823CDE91023CDE90623CDE90C
S315080109500423CDE90223CDE90023CDE91223CDE90C
S315080109601423FFF7BCFA044608B112A806E0294683
S3150801097014A8FFF7B4FA044612A81CB3FFF786FABF
S3150801098014A8FFF783FA0EA8FFF780FA0CA8FFF759
S315080109907DFA0AA8FFF77AFA08A8FFF777FA10A8E6
S315080109A0FFF774FA06A8FFF771FA04A8FFF76EFABB
S315080109B002A8FFF76BFA6846FFF768FA204617B0F0
S315080109C0BDE8F083FDF78DFA814614A8FDF789FA8B
S315080109D0804650B9214614A8FFF774FB28B9394651
S315080109E010A8FFF77CFA04463CE00123ADF8543021
S315080109F0ADF84C30002112A8FFF76EFC58B9C14575
S31508010A00494614A828BF4146FFF7D2FB04460028E9
S31508010A10ABD114A9E4E712A8FDF763FA014612A8B7
S31508010A20FCF73AFE0446E8B914A8FDF75AFA014656
S31508010A3014A8FCF731FE0446A0B914A912A8FFF7B9
S31508010A4003FC0028C0F2A28012A9084614AAFCF7E2
S31508010A5017FF044630B9012112A8FCF71DFE04460A
S31508010A600028C7D012A8FFF711FA14A8FFF70EFA43
S31508010A70002C88D1012110A8FFF72EFC002840F090
S31508010A801D812A4639460EA8FFF702FD04460028AD
S31508010A907FF479AF0EA90CA8FFF721FA04460028BE
S31508010AA07FF471AF294606A8FFF719FA044600280C
S31508010AB07FF469AF294604A8FFF711FA044600280E
S31508010AC07FF461AF01210AA8FFF7B8FA04460028A6
S31508010AD07FF459AF014608A8FFF7B0FA0446002883
S31508010AE07FF451AF014602A8FFF7A8FA0446002889
S31508010AF07FF449AF01216846FFF7A0FA04460028AA
S31508010B007FF441AF0C9B1B68D8074BD5049B1B6828
S31508010B10DB0776D504A90CA8FFF796FB0028C0F2D7
S31508010B20A3800CA9084604AAFFF70CFC0446002872
S31508010B307FF429AF0AA9084602AAFFF703FC04466F
S31508010B4000287FF420AF08A96A460846FFF7FAFB92
S31508010B50044600287FF417AF00210CA8FFF7BCFB59
S31508010B600028CFD1002102A8FFF7B6FB0028C0F262
S31508010B709180294602A8FFF767FB002880F2948036
S31508010B80304602A9FFF7ABF90446FCE614A9084664
S31508010B9012AAFCF775FE044600287FF463AF01210B
S31508010BA014A85AE701210CA8FCF776FD044600288B
S31508010BB07FF4E9AE0A9B1B68DF0710D4089B1B6804
S31508010BC0DC070CD401210AA8FCF766FD04460028B7
S31508010BD07FF4D9AE012108A8FCF75EFD8EE70AA9C4
S31508010BE0084606AAFFF790FB044600287FF4CBAE19
S31508010BF008A908460EAAFFF7A5FB04460028E1D076
S31508010C00C1E6012104A8FCF747FD044600287FF444
S31508010C10BAAE029B1B68D90714D4009B1B68DA0776
S31508010C2010D4012102A8FCF737FD044600287FF4F9
S31508010C30AAAE01216846FCF72FFD044600283FF4B9
S31508010C4065AFA0E602A9084606AAFFF75DFB0446BA
S31508010C5000287FF498AE694668460EAAFFF772FB2C
S31508010C6004460028DDD08EE604A908460CAAFFF73B
S31508010C7069FB044600287FF486AE02A908460AAA3B
S31508010C80FFF760FB044600287FF47DAE6946684697
S31508010C9008AA5BE702A92A460846FFF735FB044678
S31508010CA000283FF45FAF6EE602A92A460846FFF719
S31508010CB049FB044600283FF45CAF64E66FF00D0477
S31508010CC061E66FF0030479E637B545780C46012DE0
S31508010CD013460ED101AB406820F04FFF034628B1F9
S31508010CE00A4B04220A4917F01CFD0346184603B0AD
S31508010CF030BD0178012906D12246083003B0BDE886
S31508010D003040FDF729BF034BF0E700BFA164020895
S31508010D10D8120408809CFFFF2DE9F043984600236A
S31508010D2085B005460C46174600F110016A4638306B
S31508010D30CDE90033CDE90233DDF83090FFF7C4FF82
S31508010D40064658B16B6E43F010036B666846102170
S31508010D5016F080F9304605B0BDE8F0830DEB0401C5
S31508010D600446221D974209D2A742EFD918F8043042
S31508010D700A5D534009F804300134F5E758F80430A0
S31508010D800859434049F804301446EAE7416E38B534
S31508010D9001F00303032B044606D1826A32B9436B79
S31508010DA0023B012B1CD80262002038BD056B237853
S31508010DB0681E0343606A023A003818BF012043EAF5
S31508010DC080130020520843EAC2032370236AC2B281
S31508010DD0954200F1010006D853B141F01001616650
S31508010DE06FF00C00E1E7C2F10F02A3541B0AEEE70C
S31508010DF02246214604F13800FFF766FF0028D4D0C1
S31508010E00636E43F010036366CFE738B590F8443054
S31508010E100446012B11D1C56B4DB12B7A012B02D199
S31508010E20686817F023FB0C21284616F01DF92046A1
S31508010E30BDE83840482116F00DB9006C18B14FF4D9
S31508010E40AE7116F011F9E06B0028F0D02368DA7953
S31508010E50034B02F07C0213449B6F9B699847E6E7B4
S31508010E60CC120408F8B5046C0E460734E4089C4213
S31508010E7028BF1C461146054622463046FFF736F975
S31508010E800746C8B92B6CE100B3EBC40F0DD3343553
S31508010E9029463046FFF7D8F900280DDB2A463146A0
S31508010EA03046BDE8F840FFF74DBA3046C91AFCF797
S31508010EB0F3FB0028EBD007463846F8BD0346C06960
S31508010EC020B15B6A002B14BF012002207047002263
S31508010ED00123C0E90023C0E90223C0E904237047BE
S31508010EE038B5002401250146C0E90254C0E9045475
S31508010EF00470446085611C30FFF7E9FFC1E90D45BF
S31508010F00C1E90F44C1E91144C1E91344C1E91544D2
S31508010F10CC6538BD10B50446FFF7E2FF0022012370
S31508010F2004F16800C4E91823BDE81040CFE738B5D5
S31508010F3004460D46FEF7D3FF70B905F1080104F121
S31508010F400800FEF7CCFF38B905F1100104F11000CD
S31508010F50BDE83840FEF7C3BF38BD10B501210446C8
S31508010F60FFF76CF860B9012104F10800FFF766F88C
S31508010F7030B9014604F11000BDE81040FFF75EB82C
S31508010F8010BD2DE9F84380460D4616461F4613B98E
S31508010F901D48BDE8F8830430FFF7A4F80446404627
S31508010FA0FFF78CFF012881462BD113782BB9012F26
S31508010FB0EED12846BDE8F843CFE70734E40804F143
S31508010FC00108B845E4D822462846711CFFF78EF871
S31508010FD00028DED1494605F11000FFF72FF8002851
S31508010FE0D7D13378042BD3D163000133BB42CFD198
S31508010FF0224606EB080105F10800BDE8F843FFF7AC
S3150801100075B80248C5E700BF80B0FFFF80B1FFFF92
S31508011010F8B50C460646114620461A46FFF7B3F9B7
S31508011020054660BBB76C37B921462046321DBDE877
S31508011030F840FFF72DBAB4F90430002B04DA01465B
S315080110402046FFF749F968BB2046FFF74BF8F36BD3
S31508011050B0EB430F26D82046B847054678B904367B
S31508011060B4F90430002B04DA00212046FFF734F9DD
S3150801107038B931462046FFF7E7F800280ADA284644
S31508011080F8BD324621462046FFF73EF90028E7D04B
S315080110900546F4E7324621462046FCF7F1FB0028CF
S315080110A0E7D0F5E7004DEAE780B0FFFF2DE9F74302
S315080110B001F110060546894630460021FFF70CF96D
S315080110C00446A0B300230127314668462A1DCDE907
S315080110D00037FFF71FFC044630BB09F108086B46C9
S315080110E0424641462846FFF793FF0446E0B96B4658
S315080110F06A4669462846FFF78BFF0446A0B96B4640
S315080111004A4649462846FFF783FF044660B96B46B7
S31508011110424641462846FFF77BFF044620B9394631
S315080111203046FEF78BFF04466846FEF7AFFE2046BB
S3150801113003B0BDE8F083F7B50D4601230021083554
S3150801114004462846CDE900131646FFF7C5F8211DC2
S3150801115007462A466846FFF7F5F8044648B9002FB8
S315080111600CBF002206F0010269462846FEF746FE34
S3150801117004466846FEF78AFE204603B0F0BD2DE90F
S31508011180F0430E460546012189B006F11000FFF726
S31508011190A3F80446002840F086802846FFF78EFE0D
S315080111A00128804640F0818021463046FFF794F8B1
S315080111B0002878DB06F1080921464846FFF78CF82E
S315080111C0002870DB2F1D39463046FFF73DF8002809
S315080111D069DA39464846FFF737F8002863DA4B4695
S315080111E04A46284602A9CDE90248CDE90448FFF74F
S315080111F00FFF044600284CD133463246284604A937
S31508011200FFF706FF0446002843D1EB68002B36D1C9
S31508011210032301934FF0011304A90793084601AB71
S3150801122006AA0693FFF78EF8044690BBBDF914305B
S31508011230002B04DA002104A8FFF74EF8C8B904AA5E
S31508011240334611462846FFF7E3FE044608BB04AABF
S315080112501146284605F11403FFF758F80446C0B9A4
S3150801126004A902A8FEF7F0FF114B041E18BF1C467D
S315080112700FE004A93A460846FFF746F8D4E704AA58
S315080112801146284605F10C03FFF740F804460028E5
S31508011290D5D002A8FEF7FAFD04A8FEF7F7FD204609
S315080112A009B0BDE8F083024CF9E7024CF7E700BF45
S315080112B080B3FFFF80B0FFFF38B50546FFF7FEFD97
S315080112C001280C4601460ED12046FFF705F80028ED
S315080112D00BDB204605F13401FEF7B6FF002804486A
S315080112E0B8BF002038BD0348FCE70148FAE700BF4C
S315080112F080B3FFFF80B0FFFF73B505461E46FFF7B3
S31508011300DDFD01280C4601460ED1134620460096FE
S3150801131005F13402FFF753FA044B10F10E0F18BF0B
S315080113200346184602B070BD014BFAE700B3FFFF4A
S3150801133080B0FFFF70B5066C0D460736B3EBD60FC6
S31508011340114604464FEAD60203D200230A482B6007
S3150801135070BDB0F866302A604BB1FFF7AFFD0128C2
S3150801136007D104F16000BDE87040FEF7EDBE034801
S31508011370EEE76FF06D00EBE700B1FFFF80B0FFFF0E
S3150801138038B50C46051D29462046FEF75DFF00289F
S3150801139001DA002006E02A4621462046FCF770FAC3
S315080113A00028F0D038BD2DE9F84F1E4603F108058F
S315080113B0C36804468A469046002B40F0C08002F175
S315080113C010031A462946FFF723FE002840F0EF804E
S315080113D006F110072B46424639462046FEF796FF88
S315080113E0002840F0E48006F118092B464246494692
S315080113F02046FEF7AAFF002840F0D9804B463A4618
S3150801140029462046FFF704FE002840F0D080032233
S3150801141029463046FEF726FE002840F0C8803146A8
S315080114202046FFF7ADFF002840F0C18008F1080B00
S3150801143006F110075B465A4639462046FFF7E8FD8E
S31508011440002840F0B4803946204621F093F9002857
S3150801145040F0AD803B46424629462046FFF7D8FD77
S31508011460002840F0A4802946204621F083F9002867
S3150801147040F09D8006F118093B463A464946204602
S31508011480FFF7C6FD002840F092804946204621F024
S3150801149071F9002840F08B8033463246394620469A
S315080114A0FFF7B6FD002840F082802B463A463946BA
S315080114B02046FEF74AFF002879D12B463A46394697
S315080114C02046FEF742FF002871D13B462A462946A7
S315080114D02046FEF73AFF002869D133462A462946AF
S315080114E02046FFF795FD002861D14B462A46294635
S315080114F02046FEF72AFF002859D15A464946204672
S3150801150008F11003FFF784FD002850D1494620460B
S3150801151021F030F900284AD139465046FEF7DFFC5A
S31508011520002844D129460AF10800FEF7D8FCF0BB89
S3150801153049460AF11000BDE8F84FFEF7D0BC13463C
S315080115402946FFF765FD90BB032229463046FEF77B
S3150801155089FD60BB31462046FFF712FF38BB04F10F
S315080115600C0701463846FEF7B7FE00283FF45EAF82
S3150801157008F110031A4629462046FFF749FDB0B976
S3150801158006F110092B462A4649462046FFF740FD33
S3150801159068B93B464A4629462046FFF739FD30B920
S315080115A02B46324631462046FEF7B0FE3BE7BDE8FC
S315080115B0F88F2DE9F14F9A461B6904460E46914666
S315080115C00A9D002B00F0D18002F110070021384650
S315080115D0FEF782FE28B95146304601B0BDE8F04F04
S315080115E0A5E40AF1100800214046FEF775FE08B980
S315080115F04946F1E701214046FEF76EFE002840F014
S31508011600B4803B463A4629462046FFF701FD0028A5
S3150801161040F0AC8005F108083B462A46414620467B
S31508011620FFF7F6FC002840F0A18053462A462946D2
S315080116302046FFF7EDFC002840F0988042464146D7
S3150801164020460AF10803FFF7E3FC002840F08E80E4
S315080116504B462A4629462046FEF777FE002840F0E3
S31508011660858009F1080B5B46424641462046FEF74E
S315080116706CFE00287AD100212846FEF72DFE014688
S3150801168080B94046FEF728FE38B92B464A46314608
S31508011690204601B0BDE8F04F85E6304601B0BDE809
S315080116A0F04F5AE42B463A46204606F11001FFF759
S315080116B0AFFC00285AD105F110072B462A463946B0
S315080116C02046FFF7A5FC002850D105F1180A2B463C
S315080116D03A4651462046FFF79BFC002846D14B4621
S315080116E03A4639462046FFF793FC00283ED139464B
S315080116F02846FEF7F4FBC8BB2946204621F03AF8EE
S31508011700A0BB4346424631462046FFF781FC68BBEB
S315080117102B46324631462046FEF717FE30BB534666
S31508011720324631462046FEF710FEF8B933463A46A8
S3150801173039462046FEF709FEC0B943463A463946B8
S315080117402046FFF765FC88B95B4652465146204656
S31508011750FFF75EFC50B953463A46204606F10801A2
S3150801176001B0BDE8F04FFEF7F0BD024801B0BDE893
S31508011770F08F00BF80B0FFFF10B50446FEF786FB69
S3150801178004F10800FEF782FB04F11000BDE81040E1
S31508011790FEF77CBB00B1EFE7704770B5044658B356
S315080117A0436C012B11D00C30FEF770FB04F11400C9
S315080117B0FEF76CFB04F11C00FFF7ECFF04F13400A3
S315080117C0FEF764FB201DFEF761FBA36D8BB920466E
S315080117D0BDE87040602115F03DBC06FB0500FFF72A
S315080117E0D9FF0135D4E91603AB42F6D813F09EFDAD
S315080117F0EDE700251826F5E770BD10B5044650B18A
S31508011800FFF7CBFF04F16000FEF740FB04F1680027
S31508011810BDE81040BEE710BD38B504460D46FFF7D2
S31508011820BCFF2046FFF75CFB022D25702DD0032D4A
S3150801183047D0012D60D1324B324AA364324BA260A4
S31508011840A261A2632262A26203F1600262624FF0A0
S31508011850011203F11801616103F13001616303F1BA
S3150801186048016360E16122637833E362201DFEF774
S3150801187039FCE06304F13400FEF734FC20640020EF
S315080118800123C4E91600636438BD204B204AA364CA
S31508011890204BA261A360204BA2632262A26203F1DC
S315080118A0740262624FF0011203F12001616103F1D2
S315080118B03C01616303F158016360E1612263043B02
S315080118C0D3E7164B134AA364154BA260A261A26320
S315080118D02262A26203F1800262624FF0011203F1F1
S315080118E02001616103F14001616303F160016360F5
S315080118F0E1612263943BB8E700230A482370C3E7F2
S315080119005FD9000801000600501304082BDA000805
S315080119100100070001000800CC13040805DC0008D3
S315080119205C14040880B1FFFF2DE9F0410D4601461C
S31508011930284617469846FFF76FFF0446B0B928466A
S31508011940FFF7BCFA012805F1600612D1424639466D
S315080119503046FEF7CBFB044628B931462846FFF741
S31508011960ABFC044610B13046FEF790FA2046BDE8B6
S31508011970F081014CF7E700BF80B1FFFF2DE9F04F79
S31508011980CFB0EFF31183302282F31188AF4E96F868
S315080119905320002A40F0F985012286F8532083F363
S315080119A01188BFF36F8F6FF004035021A848A94C23
S315080119B013F0800F03F1010240F0DF8523444C2A1E
S315080119C083F800131346F3D14FF00043A24D0722C3
S315080119D06B664AF6CD33A14C0B20676C2364A04B8A
S315080119E0DA6312F0FDFE6368012023F4F87343F409
S315080119F08073636040F20913A36040F20313236105
S31508011A0021F062FBFF0748BF964B4FF0800048BFA5
S31508011A102364954B5F6E4FF000436B664AF6CD33F0
S31508011A20656C236412F0DCFE236AED0723F00F03CD
S31508011A3043F00C03236248BF8A4B8C4848BF236492
S31508011A40002FA2BF4FF00042894B5A662CF06AFB61
S31508011A50884AD2F84C3113F4802300F09C854FF064
S31508011A607E6292F89C3092F99C20002AB8BF242302
S31508011A704FF40001784A022051664FF4D15102F51C
S31508011A80B83251627C494F2B486028BF4F23012049
S31508011A9001F58051DBB24860116911F48031FBD13F
S31508011AA043F48073536140F201439360714B516073
S31508011AB0D3F84C21100300F17285D3F85041E4B2F2
S31508011AC06E4B6F4A93F900506E4B25441A60664B6C
S31508011AD085F308051B6F03F00703032B01D12BF0D0
S31508011AE0F7FE17F09FFD03284BD04FF480125A4B8F
S31508011AF04FF0A0615A6645F60E03634AC2F8803074
S31508011B00624B99624FF4803103F580539962936D64
S31508011B10D903FCD4936D5B00FCD45D4B13619369C7
S31508011B2003F0004343EA054343EA042343F04073C1
S31508011B3043F03C039361136A23F00F031362916A1E
S31508011B40544B0B4043F48033936253494E4A936D89
S31508011B5031EA0303FBD14FF080714C488162136966
S31508011B6023F4700343F4401313614FF000434FF419
S31508011B7080328361494B99629A62434A936D5F0049
S31508011B80FCD44FF4C0223B4BD3F89840324B5A66EB
S31508011B9003F598335A68012A00F0088517F042FDC3
S31508011BA005280CD100213E4812F090FD2E4A136FEC
S31508011BB043F4806313674FF48032274B1A67394D14
S31508011BC0394B2F6824F040749F4202D834481DF0DF
S31508011BD02BFA364BDA6812F0060FFBD19A689C602D
S31508011BE099684C4014F4F81F0DBF2D4C9A603C4679
S31508011BF02C6017F017FD05280FD12BF069FE054655
S31508011C0012F0D8FA0128D4BF01210021284612F082
S31508011C105DFD12F0A7FD12F049FDBC4202D8002075
S31508011C201DF002FA4FF400220B4C124B2048D3F850
S31508011C30C03062664FF0B44223F0407393602CF0D3
S31508011C4071FA4FF480030222636633E010460020DE
S31508011C5000ED00E000E100E000900050004009506E
S31508011C60004000503254FFFF00800050F815040868
S31508011C7000A000500080E00F00100250C86200204A
S31508011C80C0175302C46200200040005A0050005A8F
S31508011C902008C00BC7FFFEFE030001000060005AC2
S31508011CA000B4C404C0620020FFB3C404000001509C
S31508011CB0FC150408CB4B5A609D6815F480320292D4
S31508011CC0FAD15A62029AC84C5A6012F02BFD236F58
S31508011CD0029823F0070343F00303236712F058FD24
S31508011CE0236FC24923F474432367C14BD3F8FC20FD
S31508011CF012F0807F00F06184D3F8FC2022F0807214
S31508011D00C3F8FC20D4F8802022F0030242F0010235
S31508011D10C4F88020029AC1F88020D3F8FC2042F04A
S31508011D208072C3F8FC20B04B4FF48031D3F82021E0
S31508011D30B04822F0070242F00202C3F82021D3F884
S31508011D40282122F0070242F00202C3F82821D3F81B
S31508011D50802122F0030242F00102C3F88021D3F860
S31508011D60402122F0030242F00202C3F84021D3F8CF
S31508011D70602122F0030242F00202C3F86021D3F87F
S31508011D80402222F0030242F00202C3F84022D3F8AD
S31508011D90002222F0070242F00202C3F80022D3F819
S31508011DA0082222F0070242F00202C3F80822D3F8F9
S31508011DB0702222F0030242F00102C3F87022D3F81E
S31508011DC0202222F0070242F00102C3F82022874AA4
S31508011DD05C6E5166426AE40322F0010242625CBF0C
S31508011DE0854A51664FF0E0210A6942F004020A6108
S31508011DF0D3F8602222F0070242F00102C3F86022FA
S31508011E00D3F8942222F0070242F00102C3F8942281
S31508011E107A4B5A6F42F001025A67DA6E22F03002A3
S31508011E20DA66EFF31188302383F3118896F8547034
S31508011E30002F37D1724B7348376337601F602CF018
S31508011E4071F9BFF34F8F704C12F068FF6368012B6D
S31508011E5000F0C083E7602BF0F1FF4FF000090F2176
S31508011E6001256A4A684C6A4FC4F84890516411645E
S31508011E7012F054FF7D6025612BF03EFD0822654B6B
S31508011E804320C4F81890C3F8882112F055FF13208F
S31508011E907D640EA92CF0A2F80E9A5F4B1A60002AEF
S31508011EA040F0A68388F31188BFF36F8F13F0C2FC45
S31508011EB04F4A5A49D2F8C03023F0FF0343F0A00332
S31508011EC0C2F8C030564B9942564940F09C830B687C
S31508011ED05548C2F89830C2F89C0000F57F3000F2E8
S31508011EE0FE30C2F8A00001330B60BFF35F8F0522F5
S31508011EF03F4BC3F894205A6A42F480325A62BFF3C0
S31508011F004F8FBFF36F8FBFF34F8FBFF36F8F0127CC
S31508011F1046482CF007F945482CF004F9002204211B
S31508011F200EA8ADF8387012F0F1F80EA90A202CF0B7
S31508011F3055F83E482CF0F6F83D482CF0F3F80E9D7E
S31508011F4017F09EFB3B4A3C4CAA4228BF2A46B5FBE2
S31508011F50F2F8236908F1FF3823F0870343F0810378
S31508011F602361A368042523F003033B43A360636944
S31508011F70DFF8CC9023F00F0343F002036361236972
S31508011F8040F6FF7023F07F4343EA08632361236920
S31508011F904FF0000823F0F80343F080032361E36858
S31508011FA023F0F04323F47023E360A36823F4C043CA
S31508011FB0A3604FF48063C9F80830626A1F4B134067
S31508011FC043F480236362C4F8188017F04FFB40F688
S31508011FD0FF70C9F8047017F049FB40F6FF70C9F89D
S31508011FE038502FE000400250008000500090005009
S31508011FF000ED00E000C0075000A00050004000506E
S3150801200054180020F815040800800A5000A00A5048
S3150801201000900A5000E100E058180020C062002034
S315080120206062002004530020030000200016040803
S3150801203004160408E070720000000A508C88F0FF4C
S3150801204000100A5017F012FB4FF481733A462946DD
S31508012050C9F838700BA8ADF82C3012F057F840F2D1
S315080120600223424639460AA8ADF8283012F04EF83E
S3150801207040F202333A46294609A8ADF8243012F04F
S3150801208045F840F2024329463A4608A8ADF82030F9
S3150801209012F03CF8BB4BBC4A4FF44870C3F8C8244D
S315080120A04FF00212C3F8C424A2F58032C3F8CC2437
S315080120B01C22C3F8B424FBF706FB2946022020F0AC
S315080120C0F9FF1420FBF7FFFA294602202BF0DCFE64
S315080120D02320FBF7F8FA2946022020F0EBFFA36C30
S315080120E05806FCD5B9236364A36C1906FCD50421EB
S315080120F00220E36B2BF0C8FE00224FF481731146D0
S3150801210007A8ADF81C3012F001F8002240F20223AC
S31508012110114606A8ADF8183011F0F8FF40F202335F
S315080121200122002105A8ADF8143011F0EFFF40F2A5
S3150801213002430122002104A8ADF8103011F0E6FF90
S3150801214017F09EFA00218F4B9048C3F8B414C3F8D0
S31508012150C814C3F8C414C3F8CC142BF079FE4FF095
S3150801216000639B6A03F17842B2F5C04F5DD21A68E3
S31508012170874B9A4259D196F8557017F0FD0754D1F5
S31508012180844D2B78002B00F0958202232B704FF09B
S3150801219001094FF48034804B0020C3F880917F4BAE
S315080121A0DC6012F0C9FD7E4B1C614FF000639B6A2F
S315080121B0DB6998472C7806464C4540F0248310F095
S315080121C00EFA013040F00E83764C774BA26E1A66F2
S315080121D0E26E5A66226FC3F87021626F1A64A26FA3
S315080121E05A64D4F88420D20700F10A836F4B5A68DF
S315080121F0013207D194F8552022B96D494968C907B2
S3150801220048BF5A60E26F6B4B5A66D4F880209A66CB
S3150801221026F0DCFBA36D83F31188BFF36F8F2F7054
S315080122201EB901225F4B83F85520604F4FF40031E8
S31508012230BA68501C04BF604BD3F894204FF0502362
S3150801224008BFBA601967D10700F1DF8201210C4680
S31508012250084604FA00F3134001F1010100F0D782A0
S31508012260564B03EB4003B3F83C33554A062B11682A
S315080122704C4C09918AB24FEA114140F0CF824FF294
S315080122800F03994240F0C782B2F5406F28BF4FF459
S31508012290C062A4F888204FF000534CF23C325A80B1
S315080122A0484A536A43F470235362EFF308834FF0A5
S315080122B0CD31454A043B934280F0C28213F016FCA5
S315080122C0002342480E932BF02DFF4FF44073012251
S315080122D004210BA8ADF82C3011F018FF01223C4B54
S315080122E00520C3F844240EA92BF078FE002839D11D
S315080122F0344BD3F8F02042F00102C3F8F020D3F8AA
S31508012300FC2042F08072C3F8FC20324AA3F55D43F3
S315080123101A600E9B304A03F5D52303F2FC43B3FB3F
S31508012320F2F32E4A013B13610223C2F8F0304FF44F
S315080123308073C2F804334FF06043294AC3F8B02FBB
S31508012340284AC3F8802ED3F8002E42F48072C3F8C7
S31508012350002EFF2283F82020D3F8002E22F4807263
S31508012360C3F8002E0C4E19482BF0DCFE33689B018E
S315080123703AD44FF000731920C6F8803112F0DCFC0C
S3150801238032E000BF00C0035002000300041604082F
S3150801239007B0CD5EC852002000E100E000A000446D
S315080123A0009000441046002000800044E8620020A6
S315080123B000C005500080005000400050CC120408AF
S315080123C00000002000ED00E00800002000160408C7
S315080123D000D00350FF030040F8590D00000004E047
S315080123E055CEACC50900010033685D0106D44FF02E
S315080123F080631A20C6F8803112F09EFC4FF06046C1
S315080124000220D6F8003E43F48073C6F8003E8E4B90
S31508012410CDE90E030EA820F04BFD0122D6F8003EA9
S31508012420042123F48073C6F8003E0EA8ADF83820BF
S3150801243011F06CFE94F84120022A03D194F8403039
S31508012440072B1DD094F84030D90703D443F0010374
S3150801245084F8403094F840309E075FBF012143F06D
S31508012460020384F80C1484F8403022B994F84030F9
S31508012470DD0700F1E88194F84030580740F1EA8118
S315080124804FF0020B2BF09CFA704B714E5B6817F0FC
S31508012490B1FFFBF739F96F4BDFF814C2CDE90EB37B
S315080124A04FF04073CDE910C305230EA94FF0FF3055
S315080124B012932AF0CCFB00214FF0FF302AF0CAFB19
S315080124C006F1200522F0F0FD2022002130462AF0EF
S315080124D073F81822002128462AF06EF800225E4B6E
S315080124E05E491A7799605E491A62D9605D49C3E9FE
S315080124F0002619615C499A6159615C4B5C49012066
S3150801250099605C491A77D9605B49C3E90025196165
S315080125105A491A6259619A612BF0AAF803460028AA
S3150801252040F0CF8200200021B146E9E9E10141F6F8
S315080125300B214FF6FF754FF00108514A06F58660E3
S31508012540136091804F4A7F21C4F8182410220393FF
S31508012550ADF820508DF822802AF02EF87F214FF011
S31508012560FF3A494A039B1170484ACDF838A0126AC6
S3150801257012F0010F40F07381FEE703F00F03043BED
S31508012580034419761346FFF713BA83F31188BFF389
S315080125906F8FFFF719BAD2F85021FFF769BA3C4B8A
S315080125A01C88FF2C88BF5724FFF78ABA39494A6025
S315080125B05A689507FCD4FFF7F1BAD4F8803023F0AE
S315080125C0030343F00103C4F88030029BC1F880304D
S315080125D0FFF7A9BB6568012D02D012F09FFB39E40C
S315080125E063682BF089F9022323612B4B5D60F4E7BD
S315080125F04B4640F2E731294829F04EFE284B86F82A
S31508012600545018604EE423F01F03203BB3F1005FDA
S315080126100BD30868234CC2F8980043F00103013034
S31508012620C2F89C40C2F8A03008601F4A0B680748E8
S3150801263022F01F0242F00302C0F89830C0F89C202D
S315080126401A4AC0F8A0204EE4006A181000ED00E00E
S315080126509C460020006A18000C180020C9A401082D
S31508012660ED3D01087D3F01081DA501083018002030
S3150801267001400108F93D01083140010839400108C6
S315080126808C19002069A50108941900200080E00F23
S315080126900001E00F00E0015000A00A5018FCFFFFFE
S315080126A00818002003000020DF620020E1FF032054
S315080126B0000304000124CDE90A772C70EFF3118396
S315080126C0302282F31188B36526F078F996F85C30E2
S315080126D05BB913F00BFA40B908239F4A9F49A048F2
S315080126E010F0E8FC08B986F85C409E4B9E4C5A6E81
S315080126F09E49E2679B6EC4F880304FF480438B662F
S315080127009B4B5A68C4F884209A4A9A601A6EA26644
S315080127105A6EE266D3F8702122671A6C62675A6CA0
S31508012720A267954A106C1864526C5A6401224A666B
S315080127301B6E9A043AD5914AD368DB07FCD4904BB1
S315080127405A68501C37D04FF4801393408D4A13664C
S3150801275004228C4B4FF400211A664FF400721A6654
S3150801276008221A664FF480521A664FF00062966A7A
S315080127701A66596606F17843B3F5C04F07D20023A6
S315080127800EA810931CF097F8109B590525D40A9AA0
S315080127907C4B1A660B9A5A6694F85C20002A3FF419
S315080127A0F6AC226E1A66626E5A66F0E4764AD36809
S315080127B0DE07FCD4C3E794F85530002BC8D14FF493
S315080127C000726A4B5A6603F5A6235B68002BBFD1D4
S315080127D04FF480126B4B1A66BAE7336C0BA90AA839
S315080127E09847D4E70FF0FBFE40F2011398423FF4F5
S315080127F0EBAC664B614A5C66D368D807FCD4E3E464
S3150801280000229A60F2E44F4609E5002028E51029DE
S315080128107FF41EAD29E54FF4C0623AE540F2072080
S3150801282083420AD14FF20F00814206D19A4202BF72
S315080128304FF000524CF23C315180A4F888302FE514
S3150801284043F8041937E5524812F09EFE022384F82C
S31508012850413010E643F0040384F8403010E64D4A4F
S3150801286006F5637112880EA8A4F828244A4A126844
S31508012870C4F83024494A1288A4F82A24484A126816
S31508012880C4F834248022A4F82C2406F56C72C4F802
S3150801289038241A4622F066FC00B1FEE741490E9833
S315080128A022F0F2FF00B1FEE759460E982AF0D6F853
S315080128B000B1FEE73C490E9823F0E0F900B1FEE7C6
S315080128C041460E982AF096FA00B1FEE741460E985F
S315080128D02AF09EFA014600B1FEE7344B402218461B
S315080128E029F06AFE414680F83E50A0F83CA00E98B1
S315080128F022F09EFC2E4D0E98286000B9FEE740F2A4
S315080129002223D4F81014D9F804202A4E9A4208BF73
S31508012910B1420ED00FF2380BDBE900AB4FF0FF33B3
S315080129204FF0FF32CDE900AB2AF080F8224BC3E91C
S3150801293000AB0021214806F0D3F8012108462AF008
S315080129407FFE286808A922F04BFC0646C0B3FEE7BD
S315080129500AE020FF220200007046002000710800EC
S315080129609819002000800050104600200090005061
S315080129700080004455CEAC0000C00054000004405D
S31508012980E8620020009000440000045000900040D6
S3150801299054460020EA460408F0460408E8460408B6
S315080129A0EC4604080700110028160408604F0020A9
S315080129B05C1900200AE020FF204A00208C1900201B
S315080129C0544B554A18609880544B9080136003F114
S315080129D0B402C4F850259C2203F59A73C4F85C35F1
S315080129E04F4BC4F878051A70A4F8540506F006FC8E
S315080129F0066006F0E3FE031D00F1B4021946103322
S31508012A009342066007D1474B1A790B2A02D85A799D
S31508012A100A2A04D8FEE743F8106C0E46EEE7424A46
S31508012A201360FAF771FE002006F0EAF80822286812
S31508012A3011462AF04BF8064600B1FEE7014628681A
S31508012A402AF000FA31461822384829F0B5FD3848E7
S31508012A5005F098FF374B12223146184629F0ACFD8E
S31508012A604FF6FE7220F8022CEFF3108072B610258D
S31508012A70DFF8D480C8F80060C8F80860A8F80450E0
S31508012A802BF098FA2C4B0E96C8F808308C232B4E4F
S31508012A904FF40C600EA9C6E902531FF0D7FF0028B0
S31508012AA030D10F220E9BC6E90033F168013A194469
S31508012AB01960F16892B20B44002AF6D14FF0FF3241
S31508012AC01A60BB684FF40032013308BF1C4BDFF8AC
S31508012AD07CA004BFD3F89430BB604FF050230AF5AD
S31508012AE0005797F838561A67002D40F09B864FF61F
S31508012AF0FF72144ECAE901553388CAF80C5093423D
S31508012B0001D1FEE7FEE773BB04210AA805F028FFF9
S31508012B10F0B1FEE7101F0020E01E0020DC4A00206D
S31508012B20581F00208C190020881900206C190020D4
S31508012B3084190020461F002081DF0308B81F0020E2
S31508012B4000400050504F00206C1F0020C81F002075
S31508012B500A9B002B00F0F4836FF00042934208BFF2
S31508012B600123ED4A13603388DFF81084013333807B
S31508012B70F4F7EAFC0026E94BCAF8140000F1804193
S31508012B804046CAF81C30CAF82480CAF81860F5F716
S31508012B90CBFDE34BCAE90A66CAE90C36E14BCAE939
S31508012BA00E66CAF8483008F12C03CAF850302D23AE
S31508012BB08AF84060CAF84460CAF85C6008F14408BB
S31508012BC0013B424608F1800840F0BC830DB1CAF8C2
S31508012BD05C600025D44E4FF0010B06F27460C6F80E
S31508012BE0605686F86856C6F86C56C6F87056F4F7F5
S31508012BF0E1FCCE4B2946C6F88836032386F8963675
S31508012C004FF440438C2206F2A460A6F894B6A6F8BF
S31508012C109836C6F88C56C6F89056C6F89C56C6F825
S31508012C20A05686F8305729F0C7FC06F5E963C6F8B9
S31508012C30743706F5EC63C6F88C3706F5EF63C6F804
S31508012C40A43706F5F263C6F8443706F2AC73C6F83C
S31508012C50D43706F2C473C6F8EC3706F2DC73C6F845
S31508012C60043806F6140006F2F473C6F8A837C6F84F
S31508012C703457C6F83857C6F83C57C6F84057C6F809
S31508012C805C57C6F8BC5786F80C58F4F725FCF5F7D7
S31508012C9088FAA74B06F63C0906F50168A6F81C084A
S31508012CA0C6F82038484606F50263C6F82838C6F835
S31508012CB02C88C6F83058F4F70FFC9E4A06F66C00C5
S31508012CC0C6F8442806F64402C6F84C289A4AC6F8B5
S31508012CD05098C6F86828C6F85458C6F85858C6F819
S31508012CE05C58C6F860580AF00BF9944A944BC6F832
S31508012CF09028C6F86438934A934B2946C6F834286F
S31508012D00C6F8AC38802206F6AC0306F6B800C6F853
S31508012D10B438C6F89488C6F8388886F8A4B8C6F8C8
S31508012D20A85829F049FC06F63C100AF0E9F8874B41
S31508012D3006F67410C6F8603906F63813C6F864390B
S31508012D40F4F7CAFB824B06F68810C6F87C3906F6F4
S31508012D507C13C6F8843920F098F84FF4E163C6F875
S31508012D60E4394FF4E153C6F8F8397A4B06F5206091
S31508012D70C6F8FC3986F8A85986F8D959C6F8DC592F
S31508012D80C6F8E059C6F8EC59C6F8F059C6F8F45928
S31508012D90F4F7A2FB06F608200AF0B2F86E4B4FF0DC
S31508012DA0FF39C6F82C3A06F6DC13C6F8303A6B4BEF
S31508012DB0C6F8545AC6F85C3A06F65C23C6F8643A6D
S31508012DC0674BDFF8BC81C6F8683A06F66823C6F889
S31508012DD0703A072386F8563A06F6E423C6F8303CD5
S31508012DE006F61443C6F8E03A5E4BC6F8488AC6F8B2
S31508012DF05C3D06F65C53C6F8643D5B4BC6F87C5AE7
S31508012E00C6F870BD86F87CBAC6F8405AC6F8445A60
S31508012E10C6F8585AC6F8745AC6F8785AC6F84C5AB3
S31508012E20C6F8505AC6F8005BC6F8445DC6F8485D50
S31508012E30C6F84C9DC6F8509DC6F8549DC6F8589DCF
S31508012E40C6F8685DC6F86C5DC6F8745DC6F8883D57
S31508012E5006F68853C6F8903D444B06F6A850C6F8C0
S31508012E609C3D06F69C53C6F8A43DC6F8945DC6F883
S31508012E70985DC6F8789DC6F87C9DC6F8809DC6F80B
S31508012E80849DF4F729FB08F1150106F6A850F8F711
S31508012E900FFB374906F55B6086F8B05D86F8C15DBC
S31508012EA0F8F715FE1AF04CFC324906F6C150F8F748
S31508012EB00EFE06F55E6086F8D65DC6F8DC5D20F086
S31508012EC065FA06F55F6020F061FA4FF01C73C6F8E3
S31508012ED0103E294B06F62860C6F8183E06F6186312
S31508012EE0C6F8203EC6F8045EC6F8085EC6F80C5E4B
S31508012EF0A6F8145E20F04AFA06F63C60C6F8385E73
S31508012F000AF08AF996F8403E06F6DC6B65F300038B
S31508012F1086F8403E36E000BF544F0020E38900089A
S31508012F2081CB00083D870008C82F0020ABB50108F2
S31508012F30698D0008CD910008A5660008538E000822
S31508012F40895E0208251D020809B601085DC900083F
S31508012F50BBC800080075120061CB010893EB010894
S31508012F60FFB4010843BF00084DBF0008CD6800083B
S31508012F70AD0B0408B80B040851D90108E41F002059
S31508012F805416040805F0ACFA4FF0004310210EA8B8
S31508012F90C6F8D83DC6F8243E05F0E2FC0EA92A4635
S31508012FA006F6D8500AF038FDC6F8005EC6F8485E3F
S31508012FB0F5F7F7F886F84C0EF5F7F3F8E44B0B221C
S31508012FC0C6F8503EE34B86F84D0EC6F8543E0F231D
S31508012FD086F8603ED6F8683E06F6A46003F0FC0360
S31508012FE0C6F8683EFB23A6F87C3EDB4B86F8582ECE
S31508012FF086F86C2EC6F8943E86F84E5EA6F85A5E9A
S31508013000C6F85C5EC6F8705EC6F8745EC6F89C5E65
S31508013010C6F8A05E20F0BAF906F6B46020F0B6F953
S3150801302006F6C46020F0B2F9CC4B06F57068C6F80E
S31508013030DC3ECB4B06F68660C6F8003F4FF6FE73BC
S31508013040C6F8E4BEA6F8823EA6F8843EC6F8088FFE
S31508013050A6F8FC9EA6F87E5E86F8805EF4F73CFA32
S31508013060B6F88E3E06F6A46003F0FE0343F4FE436B
S3150801307043F00103A6F88E3EC6F8905E86F8D95E3F
S31508013080F7F76CFB06F6B460F7F768FB06F6C4605B
S31508013090F7F764FB5846C6F8D45E86F8D85EF6F7A5
S315080130A01FF94046A6F8EC5EA6F8E85E86F8EA5EE1
S315080130B0C6F8F05EC6F8F45EC6F8F85EF6F710F9DB
S315080130C0D6F8943E06F6B470C6F80C3FA54BC6F87A
S315080130D0145FC6F8103FA44BC6F8AC5FC6F8183F94
S315080130E006F61873C6F8203FA6F8B25F20F04EF927
S315080130F00EA8F7F75FFB9DF8383006F57B6023F0DD
S31508013100010343F002038DF83830F6F729FF8822C8
S31508013110294606F6247029F04FFA96F8483E43F0F8
S31508013120010386F8483E96F87E3E0BB91BF036F940
S315080131308E480AF027FBB6F8501E8D48F6F75CFE56
S315080131408C480EA9F7F7B0FBB6F8821E8948F7F73F
S315080131509EFB002288498948F7F709FBF5F721F80C
S315080131604FF00008A6F8C40F8548F4F723FA8548F6
S31508013170F4F7B2F93B7A844823F00F033B72834B89
S31508013180A6F8E88FC7E90338C6F8EC8F86F8F88FF2
S3150801319087F80280C7F8048006F046F84FF4FA6308
S315080131A0C7E90A387A4B4FF040627B64B7F850306A
S315080131B04FF47A7103F08003A7F850306FF00113CA
S315080131C0C7E91623F023C7E918136423DFF8E89142
S315080131D0C7E90C8809F18000C7E90E88C7F8248079
S315080131E0C7F84080BB66C7F8AC80C7F8C080C7F887
S315080131F04C90F4F771F9674B09F19400C7F8CC3094
S3150801320009F18803C7F8D43009F07AFE624A4FF00B
S31508013210FF0BC7F8642109F59072C7F86C214FF0C6
S31508013220AF625E4BC7F880215D4A4146C7F8FC305C
S31508013230C7F8E82109F1140309F5D27209F5A47052
S31508013240C7F80031C7F8F021C7E95E88C7F8608179
S31508013250C7F8B881C7F8D0810AF080FE09F5A470CD
S3150801326087F8C7B187F8C8B10AF01AFF4D4A41462F
S31508013270C7F8002209F5DE72C7F808224A4A09F199
S315080132803C00C7F81C2209F5EC72C7F82422474A04
S31508013290C7E97E88C7F8382209F5FA72C7F84022C5
S315080132A087F8F481A7F80C82A7F8148287F8288290
S315080132B00AF054FE09F1340087F8BBB087F8BCB0B0
S315080132C0F4F70AF909F13C0008F042FD414609F113
S315080132D03C000AF043FE09F11403184687F8BBB00F
S315080132E087F8BCB00AF0C0FC09F5037009F0B0FA1A
S315080132F0D7F86032A9F5DF719B0C9B0443F4403380
S3150801330043F04003C7F8603248F2FE0309F5057039
S31508013310C7E9943809F026F809F5097009F098FA09
S31508013320D7F87832224A09F50B701A40214B134314
S31508013330C7F87832F7F73EFA804600283ED0FEE70E
S3150801334001230EE448F8806C0125164638E400BFCF
S31508013350FFFF0B0B00F8FF07604B002039920008AE
S3150801336099AC0008376800083B680008A03D0020B2
S31508013370103E0020443E0020711604087C3F0020C0
S31508013380943F0020A83F0020DC3F0020B5C4010877
S31508013390336800089DBC0108A5E901087500020803
S315080133A0E1FA010841E9010815EA01087DF7010872
S315080133B0000080FE40001F010C40002009F50F7037
S315080133C009F046FAFE224FF07F43C7E9A232D7F841
S315080133D0903209F5157003F07E41DB4B0B43C7F8B4
S315080133E09032F4F7E7F843F2FF23A7F898324FF43F
S315080133F0807309F51A70A7F8A632F4F7DBF843F2D9
S31508013400FF314FF4807309F50170A7F8AC12A7F8DC
S31508013410BA32F4F761F8CD481DF08AFFFE22CC4B8B
S3150801342087F83923C7E9B238CA4BC7E9B088C7F85C
S31508013430D03209F52373C7E9B63897F82E33C7F89A
S31508013440E08223F0030387F82E3309F53E73C7F8A4
S31508013450343387F8E482A7F8EC8287F83A84F4F7DC
S31508013460A0FE87F83B03F4F79CFE87F83A034FF46E
S31508013470007087F838831AF0BBF8C7F84084C7F894
S315080134804484C7F84884F4F78CFE4FF6FE73A7F810
S31508013490583497F87E34A7F84C0468F3000387F884
S315080134A07E34AD4B09F58D60C7F88434B7F89C3482
S315080134B0C7F8508403F0FE03A7F89C34C7F8548470
S315080134C087F87484C7F87884A7F87C84C7F8888451
S315080134D087F89E84C7F8A084C7F8C48409F0B8F9A8
S315080134E097F8BE3409F58C6023F07E0343F0760322
S315080134F087F8BE3487F8BD84F3F7EEFF8123A7F872
S31508013500CA34964B09F28440C7F8D03409F28C4381
S31508013510C7F8D834BE23A7F8C83409F055FD904B2F
S31508013520904AC7F8EC3409F59563C7F8F4344FF6B1
S31508013530FF73C7F8102509F2CC42C7F818258A4A3D
S31508013540A7F80C35C7F84025C7F8D03509F2FC426B
S31508013550864BC7F8482509F5A562C7F87C25C7F83B
S31508013560DC3509F5A76209F5B363C7F86825C7F815
S31508013570DC84C7F8E084C7F8E484C7F8E8B4C7F878
S315080135800885C7F82C85C7F83085C7F83485C7F884
S315080135903885C7F83C85C7F84C85C7F85085C7F8FC
S315080135A05485C7F85885C7F85C85C7F86085C7F894
S315080135B06C85C7F8C885C7F8CC85C7F8D485C7F818
S315080135C0D885C7F8E435D6F89016694B0A46C7F880
S315080135D0E83509F5A963C7F8EC35C7F8F08509F2A6
S315080135E0A453002A40F02A82624AC7F8F015C2F8A5
S315080135F090360023FF22C7F8FC35C7F8F435C7F81B
S31508013600F835C7F81C36C7F82036C7F82436C7F880
S315080136102836C7F82C36A7F834364FF4FA73C7F8A4
S315080136200026554A5549C7F80426554AA7F8FC35D0
S31508013630C7F80C260C32C7F81826524AC7F81016CE
S31508013640C7F83026F4F7ADFD012387F83836D4F8E4
S315080136501036C7F83C064C480133C4F8103690F8C2
S31508013660343013B9494912F0F9F84948F7F702FD18
S315080136704848F7F7FFFC00238DF82C300123082072
S315080136800EAA0BA9ADF8383019F0E0FD18B99DF866
S315080136902C3087F89E340EA819F040FE0246002801
S315080136A040F0C0800F993C480AF010F9314B109A46
S315080136B0C3F8042E119AC3F8002EC3F8D42EB3F812
S315080136C07C3E9B060AD5EFF31183302181F31188DD
S315080136D032494A6083F31188BFF36F8F9DF83930F9
S315080136E023F0020343F0040387F85B30BDF85C302E
S315080136F0052B40F097809DF8383087F85A30023B01
S31508013700022B00F28F80BDF83A10C1F3080333B1DA
S315080137102348F7F7BCF8BDF83A30A7F85C302048DB
S3150801372013A9F7F7C1F8DDE915014FF6FE7207F59A
S315080137301C7383E80300BDF83A30934272D0C3F391
S315080137400803002B68D02DE040009F01811604086C
S3150801375001B5010809B7010849B70108F5CF0108FC
S31508013760F7B60108F91C02083FB901087D64020889
S31508013770431D0208C82F002001B701087D890008EA
S31508013780CC450020BDCF010898190020CC62002045
S315080137900C3D0020383D0020A03D0020604F002050
S315080137A0443E00200023CDE90B330223ADF8343023
S315080137B00A230BAE3146042007AAADF81C3019F0CE
S315080137C045FD814670BBDFF8A083404608F0C0FA84
S315080137D0494640460AF0C2FB96E80300FF2387F8EC
S315080137E0BB3087F8BC30338988E80300A7F8A030D6
S315080137F097F89E30012143F0F00387F89E30BDF813
S315080138003A30404603F47C43A7F89C300AF0A6FBFD
S31508013810B7F89C30A7F85E3097F8583043F00403A0
S3150801382087F858300027B04BB04E1F80B04B38226E
S315080138301F80B04B39461F80AF4B06F14C00C4F8C8
S315080138402036AE4BC4F814A6C4F8403606F1200358
S31508013850C4F848360123A4F8187684F86836C4F8FB
S3150801386024A6C4F828A6C4F82C66A4F83C76C4F89D
S315080138704C66C4F850A6C4F85466C4F858A6C4F8E9
S315080138805C66C4F860A6C4F8646628F095FE9C4B8D
S315080138909C4A9D49C3F8402A06F19402C3F8442A72
S315080138A094F8C836994A23F0070384F8C83694F879
S315080138B0D43606F1080067F3000384F8D436C4F851
S315080138C03076C4F8A4A6C6E90577C4F8A866C4F88C
S315080138D0ACA6C4F8B066C4F8B4A6C4F8B86684F849
S315080138E0BC76C4F8C0A6C4F8C466C4F8CCA6C4F8A5
S315080138F0D066F2F7F5FFB4F88830854AB3F5406F1C
S315080139004FEA132138BF02EB81028248C4F8D86610
S31508013910F3F7D2FDB4F888107F4B0A0A03EB82034A
S31508013920D3F8C033CAB203EB82027C48F3F7C4FD6D
S315080139300123B4F88820120A934040F2A172134277
S3150801394079D0774C7748D4E90D325F0748BF00260E
S31508013950D4E9121B4EBFB046D4F850808B46D4F832
S315080139603CA05DBF704E9246DFF80092DFF80092E8
S3150801397013F0080F6D4B6E4918BF1946B6EB0807C9
S315080139801FBF64227B0802FB0B33B3FBF7F31ABF95
S315080139909BB21D463D4643464A46CDE9006ABFB23B
S315080139A0F3F78AFD4B462A46624800971FFA8BF1C0
S315080139B0F3F782FD564501D3D04503D949465E48FA
S315080139C0F3F77AFDD4E917231343626E13433AD109
S315080139D05A48F3F771FD40F60522594BB3F888307A
S315080139E093420ED8B3F5206F4BD840F20252934258
S315080139F055D040F20172934259D040F20152934296
S31508013A0049D00024FC2221460FA80E94264628F008
S31508013A10D3FDDFF860B1424FDFF85C81DFF85C91D6
S31508013A20DFF85CA19BF80030002B40F0218114B12E
S31508013A300EA8F3F741FD4FB0BDE8F08F9A423FF467
S31508013A40D8AD9268CDE53F48F3F736FD00274FF02C
S31508013A50010ADFF8CC80DFF82C910026D8F85C2023
S31508013A600AFA06F3134203D04846B919F3F724FDB7
S31508013A700136202EF2D12037602F08F10408ECD147
S31508013A80A9E7A3F60223032B17D8DFE813F07D0075
S31508013A90A800D600EF002C48F3F70EFDB1E72B4836
S31508013AA0F3F70AFD216C2A48F3F706FDA9E7294829
S31508013AB0D4E92512F3F700FDA3E72748F3F7FCFC41
S31508013AC094F86C309E0702D52448F3F7F5FC94F870
S31508013AD06F305D0602D52248F3F7EEFC94F96F3094
S31508013AE0002B8EDA1F48D7E7021A0020304C002037
S31508013AF0041A0020001A002039910108259A0108A4
S31508013B00C82F0020417100085DED03080C03040865
S31508013B10FC140408C60B0408CC120408DC0B0408C0
S31508013B20C0610020FC0B040808180020B10B04082A
S31508013B30A50B04082D0C0408660C0408840C04085B
S31508013B4010460020990C0408C80C0408050D040841
S31508013B50350D04084F0D04086A0D0408820D040882
S31508013B60BC0D0408EF0D040848400020C10B0408E9
S31508013B709D0B04082C15040819E60308781B04088C
S31508013B803C0F040804E303084B48F3F795FC94F843
S31508013B906830980703D0216C4848F3F78DFC94F9EF
S31508013BA06830002B03DA616F4548F3F785FC012677
S31508013BB0444FDFF81C81029BA26E06FA03F31342F7
S31508013BC007D0029B57F823100B7813B14046F3F739
S31508013BD073FC029B0133082B0293ECD111E73A4897
S31508013BE0F3F76AFC216C3548F3F766FC94F86930FB
S31508013BF0590702D53548F3F75FFC94F96930002B6C
S31508013C0003DA616F2E48F3F757FC08252D4E304F1E
S31508013C10A36EEB40DA0706D556F825100B7813B1D3
S31508013C203846F3F749FC0135102DF1D194F868307F
S31508013C30002B7FF4E6AE27482EE72748F3F73CFC2E
S31508013C40216C1E48F3F738FC10251E4E204FA36E33
S31508013C50EB40DB0706D556F825100B7813B1384625
S31508013C60F3F72AFC01351A2DF1D1CAE61B4817E7E5
S31508013C7006F00302032A14BF43464B46019357F83D
S31508013C80043B0EA8009352465B464FF480712044CC
S31508013C9021F0DAF81BF8013B002BFBD1721C12F05C
S31508013CA00305D6B203D02044C5B22C46BAE60EA8FF
S31508013CB0F3F702FCF9E700BF2B0E0408350D0408DB
S31508013CC0500E0408BC160408750E04088C0E040868
S31508013CD06D0E0408D20E0408020F04081B0F04080F
S31508013CE00348044B834202D0034B03B1184770477C
S31508013CF0106400201064002000000000064B0749EC
S31508013D00C91A891048BF0131491003D0044B0BB1B8
S31508013D1001481847704700BF10640020106400204E
S31508013D200000000010B5064C237843B9FFF7D8FF09
S31508013D30044B13B10448AFF300800123237010BD6F
S31508013D407E61002000000000BC86040808B5054B0A
S31508013D501BB105490548AFF30080BDE80840FFF7E8
S31508013D60CDBF00BF00000000384F0020BC86040804
S31508013D70A3F5803A704700BF174B002B08BF134BBA
S31508013D809D46FFF7F5FF00218B460F461348144A57
S31508013D90121A28F011FC0E4B002B00D098470D4B38
S31508013DA0002B00D098470020002104000D000D4883
S31508013DB0002802D00C48AFF3008020F0D7FE20007F
S31508013DC0290017F0FDFA20F0BFFE00BF0000080029
S31508013DD00000000000000000081800200818002054
S31508013DE0C06100200000000000000000014B1868B7
S31508013DF0704700BF081800204FF0FF30704710B514
S31508013E00044600B9FEE7037F1BB1436998470023BF
S31508013E10237710BD38B5044600B9FEE7038B428BFC
S31508013E209A420CD90022013302770383D0E902535F
S31508013E30984701462046A8470123237738BD036AD8
S31508013E4001330362BDE83840D9E7014B5B6918477E
S31508013E500818002010B5EFF31184302383F3118875
S31508013E600348FFF7CCFF84F31188BFF36F8F10BDAA
S31508013E700C180020014B9B6B184700BF081800203F
S31508013E8010B5EFF31184302383F311880348FFF744
S31508013E90B6FF84F31188BFF36F8F10BD3018002069
S31508013EA02DE9F843064614460D46FFF7A8FF336980
S31508013EB0984700272D1947EB07032C1A63F10005CC
S31508013EC0012C75F1000306DA336A30460133336291
S31508013ED0BDE8F84393E7D6E902839847A04277EB12
S31508013EE005031CD2F36898473B46024629462046F5
S31508013EF028F0D2F9F368914698473B460246294687
S31508013F00204628F0C9F94C4683B20022738321461C
S31508013F1030463283C04701233377BDE8F8833B46F1
S31508013F20F3E7094B10B55C6804B95860EFF31184DF
S31508013F30302383F311880548FFF7B2FF84F311880C
S31508013F40BFF36F8F10BD00BF081800200C180020A2
S31508013F50084B10B59C6A04B99862EFF311843023B3
S31508013F6083F311880448FFF79BFF84F31188BFF395
S31508013F706F8F10BD0818002030180020F8B5EFF330
S31508013F801187302383F31188194D1A4E29F0B4FC91
S31508013F90A869F46C2B6CDB0703D529F0ADFCA8697D
S31508013FA0013487F31188BFF36F8F134B8342134B89
S31508013FB0A3411CD3326DD2B14FF47A73A0FB03012E
S31508013FC003FB0411531E13420DD1B2FA82F2C2F158
S31508013FD01F04531CD243E04001FA03F3184321FAA4
S31508013FE002F21043F8BD002328F056F9FAE7FEE776
S31508013FF000800A5008180020EFA7C64B37894100F0
S3150801400007B50A4600B9FEE7037F03B1FEE7074B8A
S3150801401001900093416801234FF0FF3028F05CFCC2
S3150801402000B1FEE703B05DF804FB00BF7BDF0308C0
S315080140304FF0FF3028F01EBE00B9FEE741684FF089
S31508014040FF3028F059BC08B5FF220021024828F0A4
S31508014050B3FA002008BD00BF5C1800201FB5002375
S315080140600C4601A98DF80C30F6F7D8FB024638B98B
S315080140709DF80C30012B06D0022B09D003B920720A
S31508014080104604B010BD2372BDF804302380F7E74B
S31508014090237201AB03CB20606160F1E708B5034ADF
S315080140A003490830F2F798FD002008BD60E10308CE
S315080140B05DED030808B550F8083F044903F50053B8
S315080140C0B3F85C20F2F788FD002008BD6EED030801
S315080140D008B503490830F2F77FFD002008BD00BF87
S315080140E066E10308B1F85A200149F2F775BD00BF28
S315080140F005E30308B1F85C200149F2F76DBD00BF7D
S3150801410005E303084A6F0149F2F766BD9FE803080C
S315080141104A6D0149F2F760BD98E2030801F13002E0
S315080141200149F2F759BD00BF5DED0308B1F8582002
S315080141300149F2F751BD00BF12EA030808B5024961
S31508014140F2F74AFD232008BD6CE1030808B50249C8
S31508014150F2F742FD232008BDC4E103080B7870B5C8
S31508014160DE0705460C4603D54A681149F2F734FDC0
S315080141702378990705D528460E4B227A0E49F2F778
S315080141802BFD23785A0705D528460A4B627A0B492F
S31508014190F2F722FD23781B0708D5284694F90A2049
S315080141A0044B0749BDE87040F2F716BD70BD00BF64
S315080141B01AE20308D8F8030840E203084EE20308A6
S315080141C064E2030810B50C684CB90368054903F5A0
S315080141D0005393F83823F2F7FFFC204610BD072059
S315080141E0FCE700BF05E3030838B50D687DB900F1A2
S315080141F0080420460749F2F773FB20460649F2F7F9
S315080142006FFB20460549F2F7E7FC284638BD23200F
S31508014210FCE700BFAAEB030879E2030821E60308D5
S3150801422038B50C46B1F86E2026490546F2F758FB13
S3150801423094F87030D80703D528462349F2F750FB7E
S3150801424094F87030990703D528462049F2F748FBB8
S3150801425094F870305A0703D528461D49F2F740FBF2
S3150801426094F870301B0703D528461A49F2F738FB2C
S3150801427094F87030D80603D528461749F2F730FB6B
S3150801428094F87030990603D528461449F2F728FBA5
S3150801429094F870305A0603D528461149F2F720FBDF
S315080142A094F87130DB0703D528460E49F2F718FB57
S315080142B094F871202846BDE838400B49C2F34202FA
S315080142C0F2F78ABCD6E60308330D04086709040821
S315080142D07109040861E503088C070408B1ED0308B0
S315080142E048F703087EE2030804E3030810B5044609
S315080142F0086838B9084A094904F10800F2F76CFC5C
S31508014300002010BD06491EF067FF18B140F22522AC
S315080143100449F1E72320F4E7F5F803085DED0308FE
S3150801432080E2030805E3030838B50C460546084943
S3150801433020681EF051FF48B164683CB905F10800D0
S3150801434001220449F2F748FC204638BD0720FCE75C
S3150801435084E2030897E303080C2070470B6810B53D
S3150801436004464BB903680C4903F5005393F83A24FC
S31508014370F2F732FC002010BD184608491EF02CFF42
S3150801438038B1236803F5005393F8382383F83A24A0
S31508014390F0E70720EFE700BF05E3030838F0030855
S315080143A02DE9F8438568044605F5005595F8590041
S315080143B01EF061FF48B3164B083493F83B7395F822
S315080143C07C9085F87D7093F83A632046AA6F114967
S315080143D085F87E6095F87F80F2F7FEFB4A4620460F
S315080143E00D49F2F7F9FB3A4620460C49F2F7F4FB78
S315080143F0324620460A49F2F7EFFB2046424609496A
S31508014400F2F7EAFB0020BDE8F8831020FBE700BFBE
S31508014410C83F00208AE203089CE20308B1E20308C8
S31508014420AAE20308C2E2030870B50B68054688B01C
S315080144305BBB846804F5005494F859001EF01BFF11
S31508014440014648B11248F5F764F94FF47A72002328
S3150801445027F022FFE16E411A00244FF4A8134FF406
S315080144607A706A46A1FB000102AE019323460096C3
S315080144708DF80840F5F75BF905F10800324605495C
S31508014480F2F7AAFB204608B070BD0720FBE700BF7C
S31508014490DC1F00205DED03080B682DE9F041054698
S315080144A0A3BB00F18C0420461949F2F719FA4FF615
S315080144B0FE72D5F88C3003F50053B3F8585495427B
S315080144C006D120461349F2F787FB0020BDE8F081A3
S315080144D093F860842046B3F85A74D3F85C64F2F70B
S315080144E00CFA2A4620460C49F2F776FB4246204644
S315080144F00A49F2F771FB3A4620460949F2F76CFB7D
S31508014500324620460749F2F767FBDEE72320DDE757
S31508014510D7E20308E4E20308EAE20308FBE2030838
S3150801452008E303081AE303080B68181D08601868EE
S3150801453002F141011FF066B82DE9F0410446086809
S3150801454096B0002877D12C2654F8085F01464222F6
S315080145500DF1160028F030F805F58052B2F86036EC
S3150801456005F5FE50F31AADF81230B2F8623606A90F
S315080145700C30ADF81430ADF81060F3F7CBFD05F546
S31508014580FF5008A9F3F77FFD05F5B3500AA91430C2
S31508014590F3F7C0FD05F503500EA90430F3F773FDD3
S315080145A005F5C05010A91430F3F76DFD05F5C15096
S315080145B002A91C30F3F767FDBDF84030BDF80820A5
S315080145C020461344ADF84030BDF80A20BDF8423004
S315080145D020491344ADF84230039A119B1E4D1344EA
S315080145E032461193F2F7F8FA2046BDF812201B4914
S315080145F0F2F7F2FA2046BDF814201949F2F7ECFA57
S315080146000926DFF8648004AF013E05F1080503D1E8
S31508014610002016B0BDE8F08155F8083C2046FA1886
S3150801462051680191528841460092FB5A55F8042C6B
S31508014630F2F7D2FAE8E70B491EF0CEFD38B1A368C6
S3150801464003F58053B3F86026A3F86226E0E707204E
S31508014650DFE700BF2DE303083CF9030837E3030846
S3150801466040E3030838F003084DE30308034607B59A
S31508014670086858B90B4A0C4992F9002003F1080059
S31508014680F2F7AAFA002003B05DF804FB0DF1070161
S315080146901EF0E0FF0028F6D19DF80720014B1A709D
S315080146A0F0E700BFFE6300205BE3030813B5086863
S315080146B00C4680B109491EF08FFD50B1606850B1B2
S315080146C00DF107011EF0C6FF002808BF0C2002B035
S315080146D010BD0720FBE70C20F9E700BF62E30308DA
S315080146E030B50446086889B0C0B94FF4C01254F809
S315080146F0083F02AD8DF8080003F1140001920095F8
S31508014700F5F707F86A460123F5F711F82A46204610
S315080147100B49F2F761FA002009B030BD09491EF0CC
S315080147205BFD50B154F8080F1430F4F7F2FF024656
S315080147300B462046F2F7B6F9EDE70720ECE700BF8E
S315080147405DED030897EA0308D1E90023F2F7AAB950
S31508014750D1E90423F2F7A6B970B515460E461378C2
S3150801476000F1080420460B4A03F00103F2F74BFD5A
S315080147702B7831462046084AC3F34003F2F743FD36
S315080147802B7831462046BDE87040044AC3F38003BE
S31508014790F2F739BD6AE303087BE303088AE30308F2
S315080147A00B4610B50C49044618681EF015FD02465D
S315080147B0A36803F5075034302AB1BDE8104000223A
S315080147C0114609F07DBB2246044909F079FB002808
S315080147D008BF242010BD00BF9AE3030851990108B8
S315080147E073B50E6804460D4630461C491EF0F4FCA6
S315080147F060B1204650F8083F194903F58053B3F8CC
S31508014800842EF2F7E9F9002002B070BD3046154949
S315080148101EF0E2FCF0B1144968681EF0DDFCD8B15F
S31508014820A86878B10DF107011EF034FF0028EBD115
S31508014830EB688BB9A3689DF8072003F5805383F8C5
S31508014840602EE1E754F8080FF1F742FD07490246E1
S315080148502046D6E72320D7E70720D5E7A0E30308B4
S3150801486012EA0308ADE30308B5E3030805E3030801
S3150801487073B50C4606460DF10701206815461EF06C
S3150801488009FF28B963682BB99DF807103068A8474E
S3150801489002B070BD0720FBE7F8B50F6805460E465E
S315080148A0384610491EF098FC05F1080430B10E4A45
S315080148B00E492046F2F790F90020F8BD38460C4912
S315080148C01EF08AFC0028F2D12FB131462046BDE8F8
S315080148D0F840084ACCE7A868F1F7F5FC064902460C
S315080148E0E7E700BFBCE3030800F8FF07D8E90308B8
S315080148F0C6E3030841B1000805E303082DE9FF41B2
S315080149000C680D4600F184062CB120461A491EF0A2
S3150801491063FC90B10024DFF86C80184F58F8242006
S31508014920394630460334F2F757F9152CF6D12B6878
S3150801493003BB232004B0BDE8F081114B0722009385
S315080149400C2310490DEB03000394F2F737FE0346D7
S315080149500028EED082685B68511006EB6200D20728
S3150801496048BF725805F1040148BFD35804B0BDE8E1
S31508014970F04118470020DDE7D0E303085DED0308A1
S31508014980017201087CF903082DE9FF410C680D46FF
S3150801499000F1A0062CB120461A491EF01DFC90B163
S315080149A00024DFF86C80184F58F824203946304621
S315080149B00334F2F711F90F2CF6D12B6803BB232028
S315080149C004B0BDE8F081114B052200930C23104970
S315080149D00DEB03000394F2F7F1FD03460028EED030
S315080149E082685B68511006EB6200D20748BF7258AD
S315080149F005F1040148BFD35804B0BDE8F041184792
S31508014A000020DDE7D0E303085DED0308097201081C
S31508014A10D0F903082DE9FF410C680D4600F1380667
S31508014A202CB120461A491EF0D7FB90B10024DFF8B5
S31508014A306C80184F58F82420394630460334F2F76B
S31508014A40CBF80C2CF6D12B6803BB232004B0BDE8A8
S31508014A50F081114B042200930C2310490DEB03003E
S31508014A600394F2F7ABFD03460028EED082685B6833
S31508014A70511006EB6200D20748BF725805F10401CE
S31508014A8048BFD35804B0BDE8F04118470020DDE718
S31508014A90D0E303085DED0308796500080CFA0308FD
S31508014AA02DE9FF41054608680E46224938B905F140
S31508014AB00800F2F791F8002004B0BDE8F0811EF075
S31508014AC08BFBB8B1746894352CB120461A491EF08F
S31508014AD083FB88B10024DFF86C80184F58F824202E
S31508014AE0394628460334F2F777F8212CF6D173684C
S31508014AF0002BE0D12320DFE7114B0B2200930C2377
S31508014B0010490DEB03000394F2F758FD03460028FC
S31508014B10F0D082685B68511005EB6200D20748BF86
S31508014B206A5806F1080148BFD35804B0BDE8F041F8
S31508014B30184700BFD5E30308D0E303085DED030872
S31508014B40816500083CFA03082DE9FF410C680D460A
S31508014B5000F140062CB120461A491EF03DFB90B1E2
S31508014B600024DFF86C80184F58F82420394630465F
S31508014B700334F2F731F8122CF6D12B6803BB232044
S31508014B8004B0BDE8F081114B062200930C231049AD
S31508014B900DEB03000394F2F711FD03460028EED04E
S31508014BA082685B68511006EB6200D20748BF7258EB
S31508014BB005F1040148BFD35804B0BDE8F0411847D0
S31508014BC00020DDE7D0E303085DED030889650008E9
S31508014BD0C0FA03082DE9F0430B68A3B00293384BDA
S31508014BE0054600930E460C233C22364902A8F2F7E5
S31508014BF0E5FC044678B182686368511005EB6200EA
S31508014C00D20748BF6A5806F1040148BFD35823B0F2
S31508014C10BDE8F043184737682B4938461EF0DCFAD9
S31508014C2040BB044695F81490E3B2994546D92B69D9
S31508014C30384653F8341003EBC4081EF0CDFA013494
S31508014C400028F1D00021CBB29A0056F82330013161
S31508014C506BBBD8F80440A869DAB256F8222019467F
S31508014C600133002AF8D1013903AAC9B2A04723B0F2
S31508014C70BDE8F083DFF84C80144F05F1080658F8B3
S31508014C802420394630460334F1F7A6FFB42CF6D171
S31508014C9000240E4F2A7DE3B29A420DD92A69394674
S31508014CA0304652F83320F1F797FF0134F2E788329C
S31508014CB06A4442F8803CC6E70020D8E72320D6E7B5
S31508014CC0E971010808FB0308D0E303085DED030851
S31508014CD02DE9F0470D68044675B9A368083003F550
S31508014CE0805393F80C382BB1A849F1F775FF0020CA
S31508014CF0BDE8F087A649F8E72846A4491EF06CFAEC
S31508014D0000286CD0A56805F5805494F80C38002B5A
S31508014D10EDD1A04E96F8483E43F0010386F8483E89
S31508014D2096F87E3E0BB919F039FB9B4F3B7A9A07E9
S31508014D3006D4012018F014FD3B7A43F002033B72B6
S31508014D40012384F80C38D4F8383794491A4622B91D
S31508014D503BB9924BC4F8383709E08A4213D0126935
S31508014D60F5E71A461B69002BFBD18C4B136105F538
S31508014D70B9558A4C143522460121284618F078FC83
S31508014D802469002CF7D1864809F024F802218548C0
S31508014D9008F0BAF820B944F64C5182480AF004FBE7
S31508014DA0B6F87C386BB902217F4808F0ADF840B9EE
S31508014DB04FF2BF017C480AF0F7FA10B17A4808F0B9
S31508014DC063F80021794808F09FF8014610B9774839
S31508014DD00AF0EAFA4FF0807018F00AFC87E72846CD
S31508014DE06B491EF0F9F9002800F0BB80A56805F5A6
S31508014DF0805696F80C38002B3FF479AFDFF894818A
S31508014E0008F63817D8F87449002C63D1674808F0B2
S31508014E103BF8B8F87C3888F8D94983B1624808F074
S31508014E2033F8014658B96248F3F73FFE6148F3F78C
S31508014E3021F96148F3F7EFFD6048F3F7ECFD5848AF
S31508014E40002109F02BFD574808F01EF810B95C48F7
S31508014E5018F074FB05F5B95705F5BA54D6F83417A1
S31508014E601437083400293BD105F5BD59D6F838471A
S31508014E7009F10C09002C41D12346D6F83857514A75
S31508014E80002D4AD1D6F83857444B002D4DD1002470
S31508014E90414D86F80C482B7A9B079BD518F0A8FC40
S31508014EA0204618F04CF805F5307008F0C5F8A5F15C
S31508014EB03406D8F8CC4F002C4BD14348F3F7DAF82F
S31508014EC02B7A204664F341032B72C8F8EC4F18F08D
S31508014ED047FC7FE70B2221463846F7F74DFA91E75B
S31508014EE0A142D1F8149007D305F5BD530833994269
S31508014EF002D2384609F051FA4946B3E74C45D4F887
S31508014F0010A008D305F5C0530C339C4203D22146A1
S31508014F10384609F005FA5446ACE7954227D02B46A0
S31508014F202D69ADE7C3F8109027E09D421BD02C46AA
S31508014F302D69AAE754B9C6F838472A4600213846E2
S31508014F4018F096FB2D69002DF7D1A0E70023236100
S31508014F50F3E730462146F3F7B1F82046F2F7CCFBE2
S31508014F60A7E70720C4E6194B9C42E3D1FEE7DFF821
S31508014F702C90002BD6D1C6F838972A4600213846F8
S31508014F8018F076FB2D694D45F7D17BE7DCE303087D
S31508014F90DFE30308C82F0020C83F0020D8FD030817
S31508014FA020400020A0400020343800200439002089
S31508014FB0D8370020043800200C380020E8370020B4
S31508014FC018420020ECFD0308A83F002000FE030854
S31508014FD0024A096808301EF024BB00BF2562000892
S31508014FE070B505460E4614460C49F1F779FC31466B
S31508014FF02846F1F7A1FD042C0AD8094B03EB8403D3
S31508015000D3F83C252846BDE870400649F1F7E4BDCA
S31508015010054A064BFE2C18BF1A46F3E7FEE30308BA
S31508015020D8F803082FE40308F2E30308E4E30308C6
S3150801503030B50B6885B015461A1D0A6018686946A9
S315080150401EF000FB044628B96B4603CBC5F8490098
S31508015050C5F84D10204605B030BD2DE9F0470D467F
S315080150600446734928688AB01EF0B6F8074600B1A7
S3150801507004352E687EBBA3686E4E03F58053D3F8BC
S315080150803457DFF8C881A6F5AA690DB9002640E0AC
S3150801509004F1080A29465046F1F734FDB7B16B7C8D
S315080150A0A97C032B98BF09EB8303C1F3400198BF81
S315080150B0D3F858252B7C0191A97C88BF324601F08B
S315080150C00101009150464146F1F70AFC5046F1F7B5
S315080150D014FC6D69D9E7304657491EF07DF800285A
S315080150E06AD0686804A91EF0ADFA064688B9089B15
S315080150F0A4689B0C9B0443F4403343F45073089310
S315080151009DF8103004F5B958FF2B08F1140804D19D
S31508015110072630460AB0BDE8F087404604AA03A927
S3150801512009F029F9E8B104F5BA5308339842EFD3DF
S3150801513004F5BD540834A042EAD2402303749DF80D
S31508015140213043749DF82220837C62F30003837423
S315080151509DF82230827CC3F3400363F341028274D3
S31508015160D7E748F2FE02BDF8103023F47C539BB210
S315080151709342CDD004F58054D4F84477D7B1BC46D0
S315080151807B6904ADC4F844370FCDACE80F0095E848
S3150801519003008CE803007B8A3A4623F460737B821A
S315080151A0D4F8343701217B614046C4F8347707F0D7
S315080151B0D6FAAEE70326ACE7304620491EF00CF8CE
S315080151C078B1686804A91EF03DFA06460028A0D100
S315080151D0A06804A900F5B950143009F0DEF80646AE
S315080151E097E7304616491DF0F7FF40B1204650F8BB
S315080151F0081F01F509511031F1F79EFC46E73046C3
S3150801520010491DF0E9FF28B1204650F8081F01F59D
S315080152100A51F1E730460C491DF0DEFF30B1204650
S3150801522050F8081F01F509512831E5E7232670E7EB
S31508015230E6F2030828FE030863E4030884E5030885
S3150801524067E4030871E4030876E403083AE403080B
S3150801525038B50D68044695B9A3681C4903F500538A
S3150801526093F859200830042A97BF194B194A03EBBA
S315080152708203D3F86825F1F7AFFC002038BD28462C
S3150801528015491DF0A9FF38B1A068BDE8384000F5F9
S315080152900150183009F05EBB284610491DF09CFFE5
S315080152A070B1A06800F5005393F8592052B193F8EC
S315080152B0791149B900F50550383008F001FFDCE7E6
S315080152C00720DBE70D20D9E70520D7E75DED0308C1
S315080152D0D8F803087CE4030884E403088DE403088A
S315080152E0F0B50446144B00F108051A1D022128469B
S315080152F08DB0F1F7A5FFA368104E03F58053D3F8D7
S31508015300A0460F4F14B920460DB0F0BD2046694698
S3150801531017F0C0FC6A4631462846F1F7E1FA04F16E
S315080153201200694617F0B6FC6A4639462846F1F76F
S3150801533053FC246BE6E700BF54FE030893E4030815
S315080153409CE4030807B50B682032181D1B68086022
S31508015350019310230DF10201ADF8023001A80023D3
S315080153600DF0C6F803B05DF804FB07B50B685E32AD
S31508015370181D1B680860019310230DF10201ADF891
S31508015380023001A800230DF0B3F803B05DF804FB61
S315080153900822F1F713BB37B50C68054654B96846B8
S315080153A017F0FEFD05F108006946FFF7F1FF2046F3
S315080153B003B030BD0720FBE737B50C6805464CB985
S315080153C050F8081F01F5F4510631FFF7E1FF2046B1
S315080153D003B030BD204669461EF014F9044600287C
S315080153E0F5D1AD6805F5005393F859405CB905F553
S315080153F0F35069461C30F5F757FA05F50150183090
S3150801540008F0E8FCE3E70D24E1E737B50C68054643
S315080154104CB950F8081F01F5ED510831FFF7B8FFEF
S31508015420204603B030BD204669461EF0EBF8044617
S315080154300028F5D1AD6805F5005393F8594084B9AC
S3150801544005F5ED5069460830F6F732F805F5EA50E4
S315080154500430F5F73FFE05F5EB501030F5F73AFE47
S31508015460DEE70D24DCE7413192E770B50E461C46AE
S315080154701546084902461846F1F732FA31462046DA
S31508015480FFF786FF2DB129462046BDE87040FEF795
S3150801549065BE70BDA6E4030810222031F1F78EBA65
S315080154A010225E31F1F78ABA10B50C683CB9054984
S315080154B091F852215431F1F781FA204610BD07209F
S315080154C0FCE700BF0818002010B50B68044686B033
S315080154D07BB954F8080F02A900F5EE50183009F007
S315080154E075FF1022204602A9F1F768FA002006B0D6
S315080154F010BD0193102302AAADF802300DF1020185
S31508015500002301A80CF0F4FF0028F0D1A46804F5E3
S31508015510005393F8593083B904F5EE5002A91830AF
S3150801552009F06FFF04F5EA500430F5F7D3FD04F5E9
S31508015530EB501030F5F7CEFDD8E70D20D7E7F7B5D4
S315080155400C6805460E461F464CB120460DF106016C
S315080155501EF08FF8044650B1204603B0F0BD00682E
S315080155609047074902462846F1F736FBF4E7736880
S3150801557023B9BDF806102868B847EDE70724EBE715
S3150801558005E303082DE9F0410F6804460D46384640
S315080155901A491DF021FE38B1194B1A4A291D04F181
S315080155A00800BDE8F041CAE7384617491DF014FE60
S315080155B0064610B1154B164AF0E7384615491DF04F
S315080155C00BFEC0B1686860B9204650F8083F124919
S315080155D003F50053B3F8CC24F1F7FEFA0020BDE831
S315080155E0F0810E491DF0F8FD28B1A36803F50053B3
S315080155F0A3F8CC64F2E70720F1E700BF04E5030846
S31508015600E96600081B620008F9F30308C166000889
S315080156101162000811E5030805E3030838F00308D9
S3150801562073B50C4606460DF10601206815461EF0AF
S3150801563020F828B963682BB9BDF806103068A84761
S3150801564002B070BD0720FBE710B50C6803460830A9
S315080156501CB1BDE81040064AE2E79B68054903F517
S315080156608053B3F8502EF1F7B7FA204610BD00BFA4
S3150801567079B1000812EA03082DE9F041D1F8008052
S3150801568004460D46404621491DF0A6FD074630B1A0
S315080156901F4A291D04F10800BDE8F041C0E740464C
S315080156A01C491DF099FD064670B11B4968681DF035
S315080156B093FD38B1A36803F5805383F8D67D00209E
S315080156C0BDE8F081154AE4E7404615491DF084FD19
S315080156D0C8B154F8085FDFF84C8005F5805393F894
S315080156E0D67D05F5EE551035F3B29F4203D820460F
S315080156F0F1F703F9E3E74146204635F8022FF1F7BA
S31508015700EFF80136F0E72320DAE700BF63E4030880
S315080157102F6200081DE5030824E5030873620008E3
S3150801572028E50308D6E603080B68181D08601868FB
S3150801573002F15A011DF09DBF0B68181D0860186813
S3150801574002F15C011DF095BF0B68181D0860186809
S3150801575002F158011DF08DBF0023F7B50C680193BE
S315080157600E46206801A917461DF083FF054658BB5A
S315080157706168231D3360D1B1013911F8013FD3B9ED
S31508015780A06804F10803336088B10DF103011DF027
S3150801579081FF00286ED19DF803200C34072A346056
S315080157A011D89DF8073062F343038DF80730019845
S315080157B0C7F86E0008E0722B05D8622B07D8432B71
S315080157C042D0522B4FD00725284603B0F0BD633B84
S315080157D00F2BF8D801A252F823F000BF3F58010851
S315080157E0C757010853580108C7570108C757010881
S315080157F0C7570108C7570108C7570108C7570108FE
S31508015800C7570108C75701082B5801081D58010831
S315080158105D580108C7570108355801089DF8063033
S3150801582043F001038DF80630A7E79DF8063043F0EB
S315080158300203F7E79DF8063043F00403F2E79DF803
S31508015840063043F00803EDE79DF8063043F01003F0
S31508015850E8E79DF8063043F02003E3E79DF80630B4
S3150801586043F04003DEE79DF8073043F001038DF866
S31508015870073082E70546A7E7F0B50E6805460C46E8
S3150801588093B0304682491DF0A7FC78B1D5F8AC40F3
S3150801589004F517501C3004F50054F3F7BCF8B4F8B6
S315080158A0D8350133A4F8D8350020D0E030467949F7
S315080158B01DF092FC064600B1043400213C2203A8DF
S315080158C026F07AFE744920681DF086FC90B160685E
S315080158D003A91DF0B7FE002840F0B980D5F8AC0041
S315080158E003A900F5B950143008F082FD08B907205C
S315080158F0ADE00834694920681DF06EFC18B1012332
S3150801590004348DF844302146D5F8AC000DF107036F
S3150801591007AAF1F75AFD002840F099809DF807304B
S3150801592005F1AC073BB138465D49F0F7D9FF384672
S3150801593007A9F1F701F96068002840F08280A0689C
S31508015940002840F08680E068002840F08A802069B7
S31508015950002840F08D80606950B102A91DF06AFAED
S31508015960002874D1029BB3F5803FC0D2ADF8403010
S31508015970A369002BBBD14B4B0B934B4BCDE90C3792
S31508015980D5F8AC7007F5165E07F50057D7F8E42584
S315080159900EF10C0E0EF150039A4277D107F28C5C88
S315080159A003AC0FCCACE80F000FCCACE80F000FCC62
S315080159B0ACE80F0094E807008CE80700B7F8B8359B
S315080159C013B90823A7F8B835B7F8BA3513B90123B7
S315080159D0A7F8BA35D7F8BC351BB94FF47A73C7F8A7
S315080159E0BC35B7F8C0351BB940F6B833A7F8C0358A
S315080159F0D7F8BC35002BFFF67AAF0023C7F8C835B0
S31508015A00C7F8CC354FF6FF73C7F8D03597F89C35EC
S31508015A107046A3F1FF025342534187F8D435B7F8CC
S31508015A20D8350133A7F8D83510F08EFC95F8B4307F
S31508015A3066F3000385F8B430002E7FF435AF2420D1
S31508015A4005E00EA91DF015FE00283FF478AF13B046
S31508015A50F0BD0DF13A011DF00CFE00283FF473AFBD
S31508015A60F5E70FA91DF0E6F900283FF470AFEEE758
S31508015A700DF142011DF00EFE0028E8D19DF84230D5
S31508015A80B3FA83F35B098DF8433064E70520DEE753
S31508015A902CE503089AE3030831E5030834E503080E
S31508015AA037E50308FB6B0008056900080B68F7B5BD
S31508015AB00446084693B9A36804F1080003F5805320
S31508015AC093F8483E1C07C3F3C00144BF264B93F81D
S31508015AD05311F1F77BFB002003B0F0BD0DF107016F
S31508015AE0F1F702FC0028F7D19DF8075035B9A368EC
S31508015AF003F58053C3F89C5EC3F8A05EA76807F553
S31508015B00805696F80C386BBB96F8483E294665F3DD
S31508015B10C30386F8483E144BD3F8540183F853510E
S31508015B2027F048F900B1FEE796F8483E07F5F25026
S31508015B305907C3F3800258BFC3F3C00296F88E3ED5
S31508015B40083062F3000386F88E3EF4F76AF9002DF1
S31508015B50C1D0A368054A03F58053C3F89C2EC3F840
S31508015B60A04EB8E70D20B7E708180020715B0108B9
S31508015B702DE9F04F036899B0029383886C48ADF814
S31508015B800C306C4B02F10806002918BF0346049332
S31508015B9000233046ADF85E30F0F7AFFE664F4FF49E
S31508015BA092034FF6FE7100220193BDF85E300DF1A6
S31508015BB014098B42CDF800908DF8142068D04FF661
S31508015BC0FF718B4200F0B08073B34FF6FD718B42C3
S31508015BD06BD04FF6EF75BDF85E406846AC428CBF98
S31508015BE001251125A2465549F2F7E1FC631E04F188
S31508015BF010081D44DFF84CB11FFA88F8ADB2AA4562
S31508015C0056D168464E49F2F7D2FCAC426DD1684688
S31508015C104C49F2F7CCFCBDF80C30ADF85E80434533
S31508015C2021D84FF6FE731CE03E210498F2F7E8FAF4
S31508015C3000F10A04A4B2C4F1480404EBD4754FEA8E
S31508015C406508C5F34F05A5B96846BDF80C30049A31
S31508015C503D49F2F7ACFCA4EB0804A4B28CB94FF6A3
S31508015C60FD73ADF85E304A4630463849F0F7B4FF61
S31508015C7095E73D2239466846013DF2F798FCADB2F3
S31508015C80E1E73D2239466846F2F791FC013CE4E733
S31508015C904824013C2D2239466846A4B2F2F787FC0E
S31508015CA0002CF6D14FF6FF73DBE7ADF85E2090E7DF
S31508015CB0BDF80C20524513D9029A684612F80A20F3
S31508015CC02349F2F774FC0AF00702072A03D1594659
S31508015CD06846F2F76CFC0AF101031FFA83FA8EE7AC
S31508015CE068461C49F2F763FCEDE7BDF80C30A342A0
S31508015CF014D9029B13F804A0BAF17E0F11D85046A5
S31508015D001FF08CF8002808BF4FF02E0A5246394674
S31508015D1068460134F2F74BFCA4B276E74FF0200A45
S31508015D20F4E74FF02E0AF1E719B0BDE8F08F00BF8E
S31508015D305AE503085DE5030860E5030833ED030842
S31508015D4079E5030832ED030863E503085DED030809
S31508015D5071E5030877E50308086808B538B126F040
S31508015D602FFD80B2022814BF07200C2008BD0C2085
S31508015D70FCE70023F0B50C6885B005460F462046BA
S31508015D802649ADF80E301DF027FA0646A0B9E4B942
S31508015D90234B05F1080003F108020521F1F750FA32
S31508015DA0A868214600F5F2501E4BBDF80E20009555
S31508015DB00830F4F7AAF828E0786860B30DF10E0107
S31508015DC01DF057FC28BBBC682CB320460DF10D010C
S31508015DD01DF060FCE8B99DF80D301F2B18D8012479
S31508015DE09C40002ED4D0104B02211A1D05F1080043
S31508015DF0F1F726FAA868214600F5F2500B4BBDF8D3
S31508015E000E2000950830F4F75AF810B9242000E05E
S31508015E10072005B0F0BD0024E5E700BF7BE50308D0
S31508015E206CFE03086D99010860FE0308099A0108CA
S31508015E3038B50D680446154928461DF0CDF940B117
S31508015E40A0680021BDE8384000F50150183009F076
S31508015E500FBC28460E491DF0BFF940B1A0680121C3
S31508015E6000F50150183008F019FD002038BD284604
S31508015E7008491DF0B1F930B10522074904F10800B6
S31508015E80F0F7AAFEF1E72320F0E700BFE2F30308E3
S31508015E902CE503088AE5030805E3030837B50C462C
S31508015EA005460DF1030120681DF0F4FBC0B99DF804
S31508015EB003101F2916D80123AA688B4002F58052C0
S31508015EC0D2F8542E13420DD0606801A90CF0E6FAF7
S31508015ED030B9019B03F50043B3F5803F02D20C208C
S31508015EE003B030BD0720FBE770B50E6805460C46C2
S31508015EF0304611491DF070F938B1104A616805F14B
S31508015F000800BDE870401DF06CBB30460C491DF019
S31508015F1063F908B10B4AF1E730460B491DF05CF904
S31508015F2008B10A4AEAE7304609491DF055F908B1A8
S31508015F30084AE3E7072070BD72EF0308DB62000831
S31508015F4082E50308E562000888E50308ED620008B2
S31508015F5092E50308F562000870B50C46096806461D
S31508015F601D461DF03EFB48B1216831B1636823B96E
S31508015F702B463068BDE870401847072070BD024BB4
S31508015F80024A0830E8E700BF41BB0008556300082C
S31508015F90014B024A0830DFE7FDBA00084D630008E5
S31508015FA02DE9F0410F4604464349386892B01DF081
S31508015FB013F903467868DBB158B9204650F8083F0B
S31508015FC03E4903F50053D3F84024F0F705FE0020B7
S31508015FD049E009A90CF0F1FA002844D1BB68002B65
S31508015FE066D1A368099A03F50053C3F84024EEE77E
S31508015FF005A91DF027FB002835D105463E1D56F893
S31508016000048FB8F1000F24D13F682D4938461DF099
S31508016010E3F8EEB20546002838D0A5689DF8143095
S3150801602005F51150FF2B00F10C001FD12421CDE9F4
S315080160300188009609AB05AA18F048F898B9214BCA
S3150801604005F50055C5F85034237FC5F85444ABB956
S31508016050FEE7232D2CD009AB591940461DF01AFB32
S3150801606001350028CBD012B0BDE8F081164B2321AB
S31508016070CDE90063029009AB05AADDE704F120002A
S3150801608041F28831F2F753FC2420ECE738460F49F0
S315080160901DF0A2F870B1A068252100F51150CDE9CF
S315080160A00155009609AB05AA0C3018F00FF88EE7D2
S315080160B00720D8E72320D6E799E50308D8E9030896
S315080160C028E50308D57101084D14020838F00308BC
S315080160D073B50C46064601A9206815460CF06DFAFB
S315080160E048B9636833B92B460199306802B0BDE8EF
S315080160F070401847072002B070BD70B50E68044697
S315080161000D46304629491DF067F838B1322228492B
S3150801611004F10800F0F760FD002070BD30462549FE
S315080161201DF05AF808B10C22F1E7E6B9A36804F1A3
S31508016130080503F5805393F8692E28461E49F0F79A
S315080161404BFDA022A368284603F58053B3F86A3E9F
S315080161501A495A43F0F740FDA368284603F5005348
S315080161609A6E1749D6E7304616491DF035F838B103
S31508016170291D04F10800144ABDE87040FEF778BBF2
S31508016180304612491DF028F830B1114A291D04F18B
S315080161900800BDE870409BE730460E491DF01CF823
S315080161A008B10D4AF2E70720B7E700BF5CF3030819
S315080161B005E3030869F30308AEE50308BAE503082E
S315080161C0C8E50308E4EE030851AB0008E0F003084C
S315080161D029AC0008DDEF03089367000810B50C68C1
S315080161E0034608301CB1BDE81040064A70E79B68B3
S315080161F0054903F58053D3F8D82DF0F7EDFC204671
S3150801620010BD00BFADB100089FE8030838B500F11D
S3150801621008040D462046064A09681DF002FA28B107
S3150801622029462046BDE83840024A51E738BD00BF35
S3150801623037670008B99D00080B68181D08601868BB
S3150801624002F174010CF0B9B90B68181D08601868D9
S3150801625002F154010CF0B1B94931F0F775BC2DE9D9
S31508016260F047044615460E46136898B002931389FB
S315080162700193D38800939388574AF0F7C4FFEB68D4
S3150801628031462046554AF0F7BEFF554A3146204663
S31508016290F0F788FC204605F11201F0F733FC204699
S315080162A06A6A5049F0F798FC314620464E4AF0F79B
S315080162B079FC95F82E70002F40F08280AA6AAB8D82
S315080162C020464A490592ADF81830ADF81A70F0F72C
S315080162D007FB0122059858B945492046F0F700FB06
S315080162E020462A6B3F4918B0BDE8F047F0F774BC61
S315080162F0BDF818100144BDF81A30C6188E42EBD203
S3150801630010F8039006F1010A0AEB090C6145E3D37B
S3150801631001334B44ADF81A30B9F1000FEBD073785D
S315080163203D2BE8D000230DF11B011AF803003D2887
S3150801633023D103F101085FFA88F660336B44A9EBB0
S31508016340060603F8447C5AFA88F8B6B21AB9204602
S315080163502849F0F7C5FA2046274907AAF0F7C0FAEF
S31508016360B8F1000F1DD020462449F0F7B9FA324694
S3150801637041462046F0F710FB13E0402B13D11AB91A
S3150801638020461C49F0F7ACFA20461849F0F7A8FA56
S31508016390514620464A46F0F7FFFA20461449F0F7D7
S315080163A09FFA002296E7013301F8010FD8B2814519
S315080163B0BBD8002660336B44B04603F8447CC5E776
S315080163C020460A49F0F78CFAA96A2046AA8DF0F701
S315080163D0E3FA0B4981E700BFD6E50308FFE50308A1
S315080163E007E60308F6E5030814E60308AAEB03081B
S315080163F021E6030819E603085DED03081CE6030810
S315080164001EE603082DE9F04FE3B016461D460F4672
S315080164100390002940F0738500F108042046A54938
S31508016420F0F75EFA05F110012046F0F76BFB2046FE
S31508016430A149F0F755FA7589B389ED1AADB2002D60
S315080164406ED12046F0F759FA05B9B5897389AB4279
S3150801645040F2558502232946304607AAF1F795FAEF
S31508016460002840F04C859DF81D30FF2B40F09D819A
S3150801647004232946304607AAF1F787FA002840F08F
S315080164803E8505F104091FFA89F96FEA0903BDF882
S315080164901E709BB27FBABFB29F4228BF1F4607A88C
S315080164A0ADF81890ADF81A70F2F724FF738905EB69
S315080164B00008984500F223859DF81CA0BAF12B0F18
S315080164C000F26E86DFE81AF0790188019901B801B0
S315080164D0C80182028B03D303F10301046C066C061F
S315080164E06C066C06E004F004FF043F056C066105C2
S315080164F06C066C066C06710588059605A805BA052D
S31508016500DE056C066C066C066C066C067204CC0518
S31508016510F005000305061B065006500650065006F0
S31508016520102DA84628BF4FF01008B18943463944B3
S3150801653009AA89B23046F1F7DBF9A5EB0805424607
S31508016540204609A9B844F0F727FAADB21FFA88F729
S3150801655075E75A4608212046F0F724FB20AB03EBE2
S3150801656047095146204699F80A20F0F735FB99F86C
S315080165700B300A212046514A03F00303F0F743FE84
S3150801658099F80B300A2120464D4AC3F38103F0F7E7
S315080165903AFE99F80B300A2120464A4A1B09F0F7B8
S315080165A032FE01379DF88920BBB29A42D1D8A84458
S315080165B043E020AB03EB87075A467B7A0421204642
S315080165C0F0F7F0FABB7ADA070CD53F492046F0F71F
S315080165D003FB08F101089DF888305FFA88F7BB428A
S315080165E0E7D831E7C3F3011213F0020F00922046F0
S315080165F00CBF52464A463549C3F38103F0F770F991
S31508016600FA7A3F2A01D13249E0E720463B7B3149F4
S31508016610F0F7E2FADDE74A4604212046F0F7C2FA26
S3150801662020AB03EB051120460931F0F785FA01374E
S315080166309DF88830FDB2AB42EDD81FFA88F503E71D
S3150801664055F8083C4A465AF8033004210093204677
S3150801665055F8043CF0F7D7FD013F05F10805EFD1E0
S31508016660EBE755F8083C4A463AF80330042100930B
S31508016670204655F8043CF0F7C6FD013F05F108052B
S31508016680EFD10727144DDFF85490013F05F10805AE
S31508016690D3D0204655F8042C4946F0F721F955F888
S315080166A0083C22AA13442046D3E90023F0F7FAF955
S315080166B0EBE700BF2AE6030855E9030851E6030894
S315080166C064E6030876E6030894E60308A8E60308E1
S315080166D0DAE60308F4E6030888FE0308CD1A040877
S315080166E05A4604212046F0F75DFA07F1020920AB64
S315080166F003EB8909B9F8022020469D49C2F3C8125D
S31508016700F0F76AFA99F8023006212046994A03F009
S315080167101F03F0F778FD99F802300621C3F34113F8
S315080167202046954AF0F76FFD06212046934AF0F771
S315080167306AFD52460A210398FEF70EF801370AF157
S31508016740040A9DF88820BBB29A42C9D82FE78C4A19
S3150801675002EB8303D3F8E0258A491FFA88F5204618
S31508016760F0F73AFA70E64A4604212046F0F71AFA93
S3150801677020AB03EB051120460931F0F7DDF90137A6
S315080167809DF88830FDB2AB42EDD856E77E492046E2
S31508016790F0F7A6F8204622A9F0F7D6F954E67B4980
S315080167A0F5E77B49F3E77B49F1E705F102091FFAAA
S315080167B089F96FEA0907BFB26EE60823294630460A
S315080167C022AAF2F76EFE002840F0998372491FFA51
S315080167D088F58DF88000F6E32946304622AAF2F7B5
S315080167E08FFE002840F08B830123BDF888206B4972
S315080167F01FFA88F58DF88030B1E70123294630461E
S315080168000DAAF2F74EFE002840F079839DF8340070
S3150801681022A940F004001CF0E3FC02232046574954
S315080168208DF88030F0F7D8F90421039822AA1FFAC7
S3150801683088F5FDF791FF07E62946304622AAF2F7C1
S3150801684069FE002840F05B830323229A54491FFA04
S3150801685088F58DF8803082E79DF81D30FF2B00F012
S315080168604E830C23294630460DAAF1F78EF80028E7
S3150801687040F045839DF83530092B02D8072B40F0A7
S315080168803E839DF836103E4A092B02EB91129DF87C
S31508016890371092F8F0258DF88910BDF838108DF863
S315080168A08820ADF88A109DF83C20BDF83A108DF87D
S315080168B08E20ADF88C1054D9BDF83D305BBAADF8D1
S315080168C090309DF83F3007A88DF89230F2F712FD07
S315080168D004272844334985B220468DF88070F0F79D
S315080168E07BF9394620469DF988302F4AF0F78BFC0B
S315080168F0394620469DF889302C4AF0F784FC3946FA
S3150801690020469DF88A302A4AF0F77DFC394620460A
S315080169109DF88B30274AF0F776FC394620469DF8D4
S315080169208C30254AF0F76FFC394620469DF88D30A4
S31508016930224AF0F768FC394620469DF88E30204AEF
S31508016940F0F761FCBDF890301E4A39462046F0F74B
S315080169505AFC9DF892301C4A04212046F0F753FC54
S3150801696072E54FF4A063ADF890300123ABE700BFA1
S315080169701FE703082FE703083BE703084CE703086B
S31508016980D8F8030852E703085FE7030875E7030821
S315080169908FE70308A9E70308FCE903080AEA0308DD
S315080169A043E90308C5E70308D3E70308E6E703084D
S315080169B0F7E7030808E8030819E8030828E80308BD
S315080169C037E8030849E803085BE803084A2828BFAB
S315080169D04A209DF81D2083B2FF2A00F0908229469D
S315080169E030460DAAF0F7D1FF002840F088829DF8BD
S315080169F03530082B40F28382844609270DF1360E7D
S31508016A00013F53D1BCF1200F00F27982093BDBB279
S31508016A106345C0F074823A464FF0800C0DABC2F361
S31508016A20C4011944C97802F007034CFA03F3194261
S31508016A305FFA82FE15D020AB03EB400383F80AE028
S31508016A400DAB0344D97A62AB03EB400E8B0803F016
S31508016A500C0343EA911343EA011301300EF8FD3C96
S31508016A60C0B201323F2AD9D19DF836308DF8890056
S31508016A7007A88DF88830F2F73DFC0523B74980460B
S31508016A8020468DF88030F0F7A7F8042120469DF8B6
S31508016A908830B34AF0F7B7FB04212046B14AF0F72C
S31508016AA0B2FBDFF8F0B2DFF8F0A27BE500221EF8B0
S31508016AB0011F02F1010819B962445FFA82FC9FE7D6
S31508016AC04A1E11404246F4E702232946304604AAE3
S31508016AD0F0F75BFF002840F012829DF81120FF2A8B
S31508016AE000F00D829DF81030252B40F00882AB1C72
S31508016AF09BB2ADF82030DB439BB2934228BF1346C5
S31508016B000DF13409ADF822304A460823304608A962
S31508016B10F1F711F80746002840F0F181082108A885
S31508016B20F1F734FBB8464FF0800AC8F3C40219F8E6
S31508016B30022008F007034AFA03F31A425FFA88FBB0
S31508016B4031D00223304605AA08A9F0F7F4FF002838
S31508016B5040F0D581022108A8F1F718FBBDF81420E9
S31508016B6020AB52BA03EB8701C2F38030C2F3C033BC
S31508016B7043EA4003C2F3013043EA8003C2F38120AA
S31508016B8043EA0013887A03F03F0320F03F000343EA
S31508016B908B720137C2F3051302F00F0281F809B0AF
S31508016BA0CB720A73FFB208F10108B8F13F0FBCD1E5
S31508016BB007A88DF88870F2F79DFB252328446A49B2
S31508016BC085B220468DF880304FF00008F0F704F8BA
S31508016BD0DFF8C8B1DFF8C8A1DFF8C891FBE49DF872
S31508016BE01D30FF2B00F08B810A23294630460DAA5A
S31508016BF0F0F7CBFE002840F082819DF83530072B4F
S31508016C0040F27D81DDF83600F0F71CFDBDF83A301B
S31508016C105649ADF88C30BDF83C302290ADF88E302F
S31508016C20062320468DF88030EFF7D6FF042120464B
S31508016C30229B4F4AF0F7E7FA042120469DF88C304B
S31508016C404C4AF0F7E0FA042120469DF88D304A4A6D
S31508016C50F0F7D9FA9DF88E30484A04212046F0F714
S31508016C60D2FA1FFA88F59DF88F30454A74E6FE2F49
S31508016C7000F245813A46494630460DF189038DF8B9
S31508016C8088701CF0C5FB072320463E498DF88030E5
S31508016C90EFF726FE20469DF888200DF189011FFA97
S31508016CA088F5EFF78BFEFFF7CFBB3146069A22A888
S31508016CB00BF07CFB0823204633498DF880300027EA
S31508016CC0EFF78AFFDFF8CC90B2E42623294630464F
S31508016CD00DAAF0F75AFE002840F011819DF83530CB
S31508016CE0232B40F20C81DDF83600F0F7ABFC22903D
S31508016CF0DDF83A00F0F7A6FC2390DDF83E00F0F740
S31508016D00A1FC2490DDF84200F0F79CFC2590DDF803
S31508016D104600F0F797FC2690DDF84A00F0F792FC5A
S31508016D202790DDF84E00F0F78DFC2890DDF852002B
S31508016D30F0F788FC2990DDF85600F0F783FC092363
S31508016D402A90124920468DF880300A27EFF744FF2A
S31508016D500F4DDFF854900DF1880A7DE47EE80308AB
S31508016D6028E8030870E803087BE8030885E80308B0
S31508016D7092E803089CE20308ADE80308A7E80308BC
S31508016D80BDE80308D4E80308EAE90308E3E80308C9
S31508016D90CCFE030837EB030841E6030884E603083B
S31508016DA027E6030823E6030810E7030844232946D0
S31508016DB030460DAAF0F7E9FD002840F0A0809DF8BD
S31508016DC03530412B40F29B80DDE91201BDF83630A2
S31508016DD00A275BBAADF88830BDF83830D04D5BBAB2
S31508016DE0ADF88A30BDF83A30DFF874935BBAADF87E
S31508016DF08C30BDF83C300DF1880A5BBAADF88E309F
S31508016E00BDF83E305BBAADF89030BDF840305BBA9C
S31508016E10ADF89230BDF842305BBAADF89430BDF8A2
S31508016E2044305BBAADF89630BDF846305BBAADF87A
S31508016E3098300BF0DBFACDE92801DDE914010BF0F6
S31508016E40D5FACDE92A01DDE916010BF0CFFACDE92C
S31508016E502C01DDE918010BF0C9FACDE92E01DDE9AE
S31508016E601A010BF0C3FACDE93001DDE91C010BF07B
S31508016E70BDFA2223CDE932012046AA498DF8803090
S31508016E80EFF7AAFEFFF7F9BB01232946304622AAE6
S31508016E90F2F707FB98BB0E239DF88820A2491FFA33
S31508016EA088F58DF880305AE42946304622AAF2F749
S31508016EB027FB20BB0F23BDF888209C491FFA88F5BC
S31508016EC08DF880304BE40323B7FBF3F303EB43035D
S31508016ED0FF1A14D18DF888700DF18A08BDF81A3099
S31508016EE0002B00F061819DF888303E2B00F25C8111
S31508016EF0032330460DAA06A9F0F71DFE10B163B0AB
S31508016F00BDE8F08FBDF834209DF8360052BA130952
S31508016F1091B203F06003C2F3C422134343EAC113D7
S31508016F20414640F0040021F8023B1CF059F99DF84E
S31508016F3088300321013306A88DF8883008F1040842
S31508016F40F1F724F9CAE7FE2F3B4628BFFE230DF1C8
S31508016F508902494630468DF88830F0F7C9FC112375
S31508016F60204673498DF88030EFF7BAFC20460DF1BB
S31508016F7089019DF88820EFF70FFD20466D491FFA14
S31508016F8088F5EFF729FEFFF75FBA2946304622AAA8
S31508016F90F2F7C0FA0028B2D11323229A66491FFADA
S31508016FA088F58DF88030FFF7DABB08232946304685
S31508016FB022AAF2F776FA0028A1D117235F491FFA08
S31508016FC088F58DF880302046EFF78AFC204622A9FD
S31508016FD0FEF7DEF9FFF738BA2946304622AAF2F754
S31508016FE08FFA00288BD118231FFA88F58DF880307F
S31508016FF0FFF72ABA20222946304622ABF2F724FAAD
S3150801700000287FF47CAF19234D491FFA88F58DF8BE
S31508017010803022AAFFF7A3BB20222946304622AB9D
S31508017020F2F712FA00287FF46AAF1A2345491FFAC4
S3150801703088F58DF8803022AAFFF791BB10222946E0
S31508017040304622ABF2F700FA00287FF458AF1B232B
S315080170503D491FFA88F58DF8803022AAFFF77FBBD4
S3150801706060222946304622ABF2F7EEF900287FF472
S3150801707046AF232335491FFA88F58DF8803022AAB1
S31508017080FFF76DBB40222946304622ABF2F7DCF901
S3150801709000287FF434AF1C232D491FFA88F58DF893
S315080170A0803022AAFFF75BBB0023CDE90D36069B8C
S315080170B022A90DA80F93F4F7CCFA00287FF41FAF85
S315080170C02423229A23491FFA88F58DF88030FFF781
S315080170D046BB0123294630460DAAF2F7E2F90028F4
S315080170E07FF40DAF26229DF834308DF88020032BCE
S315080170F08DF888307FF62BAB174AFFF72DBB314643
S31508017100069A22A80BF052F92723204613498DF82F
S3150801711080300027EFF760FDDFF84890FFF730BBB6
S3150801712014FF0308F1E80308FFE8030813E9030855
S3150801713028E9030837E9030839E9030850E9030888
S3150801714058E9030868E9030879E903088FE9030898
S31508017150A2E90308BBE9030828FE0308DEE90308D8
S3150801716018E7030837EB03080823304622AA06A9BD
S31508017170F0F7E1FC00287FF4C2AE8DF880A0AAF1F1
S31508017180290A1FFA88F5BAF1020F3FF6FFAA01A3E9
S3150801719053F82AF09F670108A3670108A767010842
S315080171A01FFA88F5FFF752B907A8F2F7A3F81023D3
S315080171B08046064920468DF88030DFF814B0EFF78F
S315080171C00BFD0DF18C0AFFF7BCBA00BF19EA0308DB
S315080171D037EB030810B40446184613460A462146F7
S315080171E05DF8044BFFF70EB90968006825F093BAF4
S315080171F00968006825F08FBA0968006825F08BBA16
S315080172000968006825F087BA0968006825F083BA15
S3150801721010B514460B681A1D0A60186821460BF04A
S31508017220E9F808B92081A07210BD10B514460B689B
S315080172301A1D0A60186804F110010BF0DBF808B989
S315080172402083A07610BD10B50C680B46216849B19C
S3150801725004341C6002F13000F4F739FC182808BF21
S31508017260002010BD0720FCE72DE9F047A4B004462D
S31508017270084602A99146F4F78FFC074600282FD045
S31508017280384624B0BDE8F0876B6801A8019315F06C
S315080172909FFD4368064690336B4413F8103C6BB167
S315080172A0514620462A68EFF71BFBB9F1000F0AD0B1
S315080172B02B7A43B120460D49EFF78EFC0C35B8F110
S315080172C00108E1D1DCE7F268B368511004EB62000A
S315080172D0D20748BF625802A948BFD3589847EDE775
S315080172E04FF00E08024DDFF80CA0E8E726EA03087E
S315080172F05CFF0308CD1A040830B51368E7B00546E4
S315080173000C460192BBB9264802A9F4F745FC80B997
S31508017310636820AAD35C5BB1E268A368511005EBE8
S315080173206200D20748BF6A5802A948BFD35898478E
S31508017330002067B030BD8822002102A825F03CF95B
S315080173406069236910F0010F4FEA600018BF2A58D7
S3150801735001A918BFD358284402AA98470028E8D19A
S315080173600121636820AA0F4CD15425A81BF0E8FF18
S3150801737004F1540125A8F3F7A4FD0028D9D102A9DF
S3150801738025A8F4F751FA0028D3D19DF8925125A9D9
S315080173902A4604F1540025F0B1F984F85251C7E799
S315080173A05C18002008180020F0B50E680D4685B057
S315080173B000F1300436B932462046224905B0BDE807
S315080173C0F04051E7304620491BF006FF70B1002511
S315080173D01E4F1F4E57F82520314620460335EFF735
S315080173E0FBFB1B2DF6D1002005B0F0BD03A80396C3
S315080173F015F0EEFC014628B120462A1D05B0BDE868
S31508017400F04079E72B6809220393124B0F49009341
S315080174100C230DEB0300F0F7D1F8034678B1826827
S315080174205B68511004EB6200D20748BF625805F148
S31508017430040148BFD35805B0BDE8F04018472320DA
S31508017440D2E700BF5C180020D0E30308F8FF030861
S315080174505DED0308F971010870B505460068C0B00D
S3150801746000F5EB500E4610306946F3F715FE044653
S3150801747098B9366836B9024669462846FFF7F4FED2
S3150801748004460AE030460B491BF0A6FE40B16946A0
S3150801749028469DF8FE20EFF791FA204640B070BDC8
S315080174A0304605491BF098FE08B10122E4E7072496
S315080174B0F3E700BF03F3030831EA030870B505468D
S315080174C00068C0B000F5EA500E4604306946F3F785
S315080174D0E3FD044698B9366836B902466946284630
S315080174E0FFF7C2FE04460AE030460B491BF074FE5C
S315080174F040B1694628469DF8FE20EFF75FFA204617
S3150801750040B070BD304605491BF066FE08B1012240
S31508017510E4E70724F3E700BF03F3030831EA0308A6
S3150801752070B50E6805460C46304612491BF054FEE6
S3150801753040B12868104900F5EA500430BDE87040AA
S31508017540F3F7AABD30460D491BF046FE28B1286857
S31508017550094900F5EB501030F0E7304608491BF0B1
S315080175603BFE28B1201D0449BDE8704015F07DBBDE
S31508017570072070BD920C04085C18002035EA030840
S315080175803DEA030830B50D46C1B004466946281DD3
S3150801759015F06BFB60B92D680D4928461BF01CFEDA
S315080175A040B16946206800F5EA500430F4F788FCD2
S315080175B041B030BD284607491BF00EFE28B12068A8
S315080175C0694600F5EB501030F0E70720F0E700BFF9
S315080175D0920C040835EA030838B50D6804460D49C6
S315080175E028461BF0F9FD40B120680B4900F5EA5021
S315080175F00430BDE83840F4F763BC284607491BF058
S31508017600EBFD28B12068044900F5EB501030F0E78E
S31508017610072038BD920C04085C18002035EA0308D7
S315080176202DE9F0430E46E5B088220021054602A859
S3150801763024F0C2FFFF22002124A824F0BDFF2D4F0C
S31508017640331D00930DF18008009B1B68ABB93468A4
S31508017650294920461BF0C0FD00283CD12046274970
S315080176601BF0BAFD002843D028689DF88E3100F535
S31508017670EB5024AA02A9103035E001A8019315F0B0
S31508017680A7FB009C8146B8B14269D9F81030511060
S3150801769005EB6200D20748BF6A5804F10404009456
S315080176A048BFD358694602AA9847F0B90122D9F8C2
S315080176B0043008F80320C7E7394620681BF08CFD1B
S315080176C0B0B1201D24A9009015F0CFFA68B9009B26
S315080176D004330093B8E728689DF88E3100F5EA501F
S315080176E024AA02A9043015F095FA65B0BDE8F0831D
S315080176F00720FAE703F30308920C040835EA03089E
S315080177002DE9F04FCDB004AD0F460D2200210646F6
S31508017710284624F051FFFF2200210CA824F04CFF33
S315080177200024DFF8D080DFF8D09007F1040BDBF8EE
S3150801773000A0BAF1000F16D13F682C4938461BF054
S315080177404BFD00283ED030689DF82E310CB10DF165
S31508017750200A294600F5EA50CDF800A00CAA043003
S31508017760F3F7DCFD23E003A8CDF80CA015F030FBF8
S3150801777030B10122DA464368EA540AF1040BD6E726
S31508017780DBF800A0414650461BF026FD40B10BF13F
S31508017790040A50460CA915F068FA0028EDD006E04F
S315080177A0494650461BF018FD044618B907204DB046
S315080177B0BDE8F08FDBF8040008A90BF1040A1BF0F9
S315080177C041FFEAE738460A491BF006FD0028EDD0D5
S315080177D030689DF82E310CB10DF1200A00F5EB50F9
S315080177E02946CDF800A00CAA1030B9E7920C040876
S315080177F035EA030803F30308830F04082DE9F74361
S3150801780015460E46074620220021286824F0D4FE94
S3150801781033682BB92B600024204603B0BDE8F083FA
S3150801782031462A6838680DF10603EFF7CEFD04469E
S315080178300028F1D19DF806303BB138463249EFF7B9
S315080178404FF838462968EFF777F970680028E2D0CB
S315080178502F6807F110011BF00CFF04460028DBD145
S31508017860B0680028D7D007F114010AF0A6FE04462D
S315080178700028D1D1F0680028CDD007F118011BF0F6
S3150801788009FF04460028C7D130690028C3D00DF185
S3150801789007011BF099FE04460028BDD19DF8073063
S315080178A0D5F80080C3F1020388F819307769002FEB
S315080178B0B1D0384615491BF08FFC40B9DFF858900E
S315080178C0384659F8041B1BF087FC70B1E4B288F8F6
S315080178D01B40B469002C9ED020460D491BF07CFC48
S315080178E040B102222B681A7795E70134062CE7D1B5
S315080178F0072491E7204607491BF06EFC0028F7D0BC
S3150801790001222B68EFE700BF42EA03085446040840
S3150801791068EA03086CEA0308640004082DE9F041E3
S315080179200B68044692B0002B3FD105683949EEF73A
S31508017930D7FF05F5CC51204605F580550831EFF7F7
S315080179401DF92046D5F89C293349EFF745F9204614
S3150801795095F8A0293149EFF73FF9314B95F8A11967
S31508017960304A2046012908BF1A462F49EFF734F94C
S3150801797095F8A3292046052A97BF2C4B2C4A03EBD9
S315080179808203D3F88C272B49EFF726F995F8A21924
S31508017990294A2A4B2046012908BF1A462849EFF7E2
S315080179A01BF9002012B0BDE8F08102AB01AA0193D0
S315080179B0FFF724FF0028F5D12668DDF8048006F5CF
S315080179C0C957183706F580560AA8B8F1000F12D01C
S315080179D01BF05BFA41460AAA07F15000F4F750FB7F
S315080179E0404604F0FDFC80F0010086F8A8093846F7
S315080179F0F4F7A6FCD5E706F688150AAC1BF045FA96
S31508017A000FCC0FC594E80F0085E80F0086F8A88902
S31508017A10EDE700BF79EA030882EA03089AEA030850
S31508017A2023E6030827E60308ACEA0308D8F803089F
S31508017A3028FE0308C1EA030870EA030873EA030883
S31508017A40D1EA03082DE9F0419CB004AB03930B6816
S31508017A5007460E464BB303AA0431FFF7CFFE044689
S31508017A60F8B93D68DDF80C800CA805F5C9553668E6
S31508017A7004F06EF905F16802414610A88DF8304008
S31508017A80F4F7FEFA0A4B1835CDE90D3707232246D6
S31508017A900093284633460CA9F4F76EFD041E08BF69
S31508017AA0242420461CB0BDE8F0810724F9E700BF6D
S31508017AB0617E01082DE9F0419CB004AB03930B6884
S31508017AC007460E4653B303AA0431FFF797FE044649
S31508017AD000BB0CA83D683668DDF80C8004F038F95F
S31508017AE0012305F5C95505F16802414610A88DF827
S31508017AF03030F4F7C5FA0A4B1835CDE90D370723A7
S31508017B0022460093284633460CA9F4F735FD041E90
S31508017B1008BF242420461CB0BDE8F0810724F9E7F4
S31508017B20617E01082DE9F0419CB004AB03930B6813
S31508017B3007460E4653B303AA0431FFF75FFE044610
S31508017B4000BB0CA83D683668DDF80C8004F000F926
S31508017B50022305F5C95505F16802414610A88DF8B5
S31508017B603030F4F78DFA0A4B1835CDE90D3707236E
S31508017B7022460093284633460CA9F4F7FDFC041E59
S31508017B8008BF242420461CB0BDE8F0810724F9E784
S31508017B905D94010870B58CB004AB03934B68054638
S31508017BA00C4616468BB103AA0831FFF727FE50B9D2
S31508017BB0039BCDE90053064B2868D4E90012B04768
S31508017BC0002808BF24200CB070BD0720FBE700BFC2
S31508017BD091950108004ADDE7E5C60008004AD9E79C
S31508017BE001C700082DE9F0460C469DB0064604ABD0
S31508017BF020680DF10A0103931BF03BFD70BBA368D6
S31508017C007BB3304603AA04F10C01FFF7F7FD28BB45
S31508017C10D4E901740CA83568BDF80AA0DDF80C9002
S31508017C2004F096F8062305F5C95505F16802494693
S31508017C3010A88DF83030ADF862A0F4F721FA0A4B96
S31508017C401835CDE90D3607233A46009328462346CB
S31508017C500CA9F4F791FC002808BF24201DB0BDE843
S31508017C60F0860720FAE700BFC5810108F8B507467F
S31508017C701C460E46184615491546EEF731FE394695
S31508017C802046EEF759FF76B131462046FCF766FAEB
S31508017C90237ADA0719D56FF3000323720020BDE8AA
S31508017CA0F84014F0ADBF042D09D8094B03EB850341
S31508017CB0D3F83C2520460749EEF78EFFE8E7064A42
S31508017CC0064BFE2D18BF1A46F4E7F8BDDFEA03088E
S31508017CD0D8F8030803EB0308F2E30308E4E303080F
S31508017CE010B514460A4601462046FDF779F9237A66
S31508017CF09A0707D56FF3410323720020BDE81040A8
S31508017D0014F07EBF10BD10B514460A46014620463A
S31508017D10FDF766F9237A5A0707D56FF382032372AB
S31508017D200020BDE8104014F06BBF10BD2DE9F04FDF
S31508017D3040231446EBB007460D46ADF86830606837
S31508017D40FF232AAA1AA904F0D3F8002840F0818053
S31508017D50384641492AAAEEF7C3FD002D73D1A84634
S31508017D60AB4606AE402361681AA83381C6E900B15D
S31508017D70F4F70AF99DF868301FFA88F9012B02D041
S31508017D80217F002951D0206814A900F50C50343000
S31508017D900DF0A1FF002853D196E807009DF868A0C9
S31508017DA009AB83E80700A268BAF1010C18BF4FF0C6
S31508017DB0010C002A44D01A466146204604F083FA8B
S31508017DC000283DD10E21BAF1010F0BBF228A228B61
S31508017DD0ADF81220ADF812200CBF628A628B0391AE
S31508017DE0012109ABCDE900310DF1300ACDF808A022
S31508017DF04B46A0680DF1120104F012FA00BB0DF111
S31508017E003A0214A910A807F0AFFA0D98EFF71AFC71
S31508017E100590384610A9EEF775FE3846059A0F49BA
S31508017E20EEF75EFD08F101089CE705AB019310AB7F
S31508017E30009332464B462046F4F761F90028E8D00C
S31508017E403846EEF75AFD284614F0DAFE6BB0BDE85F
S31508017E50F08F0546F7E700BF23EB03083AEB030863
S31508017E6013460A460146184660E72DE9F04F4023B6
S31508017E701746FBB081460E46ADF868307868FF2391
S31508017E803AAA1AA904F034F8002840F08281484633
S31508017E90C1493AAAEEF7A0FE002E40F0D880059611
S31508017EA0122200210DF15600BDF8144024F084FB7E
S31508017EB03AAB1493FF23ADF854301AAB18938023C9
S31508017EC07A8AADF86430A24209D8FB8ABDF8141043
S31508017ED01344994280F2AA8001238DF866303B8AC1
S31508017EE02246B86809A9ADF8243004F04CF90546CC
S31508017EF0002840F04381FF23B8683AAA09A903F08C
S31508017F00F7FF0446002840F02D81BDF824800A2396
S31508017F104146B8680AAAEFF738FD0546002840F039
S31508017F202D81D7F808B0424659460DA804F016F92E
S31508017F300446002840F01681BDF8343008F10A08D5
S31508017F405BBAADF84030954B0D2200939449062350
S31508017F501FFA88F810A8ADF82680EFF72FFB82469E
S31508017F6000286AD155461AF0E7FEBDF82830BDF853
S31508017F7030405BBA64BAADF85630A4B20B98ADF886
S31508017F805840EFF75FFB802CA24628BF4FF0800AC6
S31508017F90834653461790ADF864A01AAA002D00F03F
S31508017FA0EA8000212846EFF7A3FC28461AF0C4FE0A
S31508017FB07C4D4846BDF814207B49EEF70DFE95E841
S31508017FC007000DF1400C8CE807009DF866E00421D6
S31508017FD0BEF1020F94BF5CF82E50A5F529754846E7
S31508017FE0BDF85630714ACDE901B50094EFF70BF9A2
S31508017FF03AAB042148466E4AEFF705F9042148468B
S315080180006C4AEEF7CFFD524648461AA9EEF7C4FC6C
S31508018010802C03D948466849EEF762FC4846674909
S31508018020EEF7DAFD059B0133059339E77A8B13449D
S31508018030994280F2AA8002234FE721460620604A28
S3150801804015F066FF054640B91AF076FE0326304656
S3150801805014F0D6FD7BB0BDE8F08F20461AF06CFE11
S31508018060BDF83C209AF8023052BA92B29A4204D22A
S3150801807028461AF061FE0626E9E742465946284689
S31508018080EFF7FCFE044600286CD19AF802300690F8
S315080180904344ADF826309AF803109DF81830BDF818
S315080180A0262099421CD8BDF83C30A2EB08015BBAE0
S315080180B09BB29942DCDC4344BAF804109B1A9BB282
S315080180C09942D5D859462846EFF7D8FE04460028DE
S315080180D048D1BDF828306C895BBAADF856304DE702
S315080180E058460DF12601079203F0C2FE0446002800
S315080180F038D1079ABBF1000F04D1284603F062FE76
S3150801810004462AE0CDF840B0ADF84820ADF84A005B
S31508018110ADF84C2010A803F06AFE044630B1172CBE
S315080181202846EBD01AF008FE264690E79DF8463019
S31508018130013B3E2B1DD828460DF14601EFF776FE89
S31508018140044650B928469DF84630BDF84420109992
S31508018150EFF794FE04460028DCD0069B013306930C
S31508018160002C98D028461AF0E7FD172C18BF26468A
S315080181706DE70724F1E74146B86814E700201AF0CD
S31508018180DBFD172D18BF2E4661E700201AF0D4FD36
S315080181905DE706465BE700BF44EB0308DFB4010869
S315080181A07C000408CC0004085FEB030863EB0308B2
S315080181B097EB03089FEB0308ACEB030821E60308DA
S315080181C0CA00040813460A46014618464DE6F0B5A4
S315080181D00D46064689B0334928681AF0FDFFB8B13D
S315080181E000270435286804A91BF02CFA044660B94F
S315080181F06C682D4920461AF0EFFF58B1684605F11B
S31508018200080116F019FF0446C0B1204609B0F0BDB1
S315080182100127E7E7204625491AF0DEFF08B90724B2
S31508018220F3E7A8680DF103011BF034FA0446054685
S315080182300028EAD133689DF8034001E06D463368AA
S315080182401B4A03F50053C3F84C25C3F8506501A929
S3150801825004A815F0A5FB08B10446D6E70290ADF8C7
S315080182600C008DF8084035B128460DF1090105F0D5
S3150801827001FC8DF80D001CB19DF80D30002BCED1F7
S3150801828001220C4902AB04A814F058FC0446002844
S31508018290BBD1002FB9D0337A242443F001033372BA
S315080182A0B3E700BF9AE30308B0EB0308B7EB03088B
S315080182B06D7C0108D800040870B50446086886B0C4
S315080182C0002840F08D80A66806F5005595F85930C6
S315080182D0022B40F0978001A8EFF76CF9B5F89C30AE
S315080182E006F5025671683068ADF80C309B0A8DF8B0
S315080182F00E3001AB03C395F8B83008348DF80F304A
S3150801830095F89E3003F00F03DA1F534253419DF847
S3150801831014205B0022F0030243F0010313438DF896
S31508018320143095F8B930C3F303138DF8103095F866
S31508018330A430C3F30102C3F381038DF811208DF82C
S315080183401230EFF701F9D5F888303049C01A4FF4E1
S315080183507A73B0FBF3F0B5F8A0308DF81300FF2B54
S3150801836028BFFF238DF8153095F8BB3020468DF8C8
S31508018370163095F8BC308DF81730EEF7B1FA20466D
S3150801838001A9FDF705F82046BDF80C202049EEF7AE
S3150801839023FC20469DF811201E49EEF71DFC2046B8
S315080183A09DF812201C49EEF717FC20469DF813206C
S315080183B01A49EEF711FC20469DF815201849EEF7E3
S315080183C00BFC20469DF816201649EEF705FC2046BB
S315080183D09DF817201449EEF7FFFB002006B070BD83
S315080183E012491AF0F9FE78B1A06800F5005393F81E
S315080183F05930022B06D100F505500421383005F015
S315080184005FFEEAE70D20E9E70720E7E7BFEB030888
S31508018410CAEB0308D3EB0308E7EB0308FCEB0308F5
S31508018420B6E2030805EC03081CEC030830EC030864
S31508018430094A091A891030B55143034600222425F1
S315080184408A4205FB023005D00BB1046A04B130BD7E
S315080184500132F5E70020FAE7398EE33870B50D46A3
S315080184600668EFF31182302181F311880021046A2D
S31508018470016282F31188BFF36F8F002C00DC70BD97
S315080184803046013CA847F8E710F1840F14DA10F1D9
S31508018490990F21DB993014281ED8DFE800F00B1B51
S315080184A01B1D1B1B1D1D1D1D1919191D131915171B
S315080184B01F111B0006207047003818BF012070479E
S315080184C00C207047182070470D20704717207047F9
S315080184D0032070470820704701207047072070471E
S315080184E02DE9F04F0027BB46964C9BB01822002178
S315080184F00EA824F061F820460EA90FF0EFFF0646F4
S3150801850058BB0F9B1B0A012B27D0BDF83830B3F592
S31508018510885F22D040F201130F938B4B0DF1500C5B
S3150801852013930EADCDE909000FCDACE80F0095E820
S31508018530030033468CE803003246204609A9CDE9F3
S315080185400B6608960FF02FFF064688B10A98002891
S3150801855040F0F48009980FF011FF01347B4B47F185
S3150801856000075F4508BF9C42C0D11BB0BDE8F08F2C
S31508018570099D6B69A3F50033B3F5003FC0F0C780C9
S31508018580AB689B07E2D5BDF8383013B12A889A4201
S31508018590DCD1BDF83A206B880AB19342D6D1B5F839
S315080185A00090ADF85230D5F80CA0179B52461946E3
S315080185B048460793ADF850900EF0C8FE80461899C4
S315080185C02A694846CDE905120EF0C0FEDDE9051215
S315080185D0B8F1000F04D1079B13B1BAF1000FB5D159
S315080185E010B909B1002AB1D1AA68169B189013408F
S315080185F00AA90BAA14A8CDE916381AF0CAF8002850
S31508018600A4D10A9D6B681B0A00F0838028460CA931
S315080186100FF08CF9002899D128460C990EF083FEA3
S31508018620002893D1DDE90950D5E9081206464368C1
S31508018630D0F820904FEA1328B8F1010F56F824EF25
S31508018640D5F804C082D16B69A3F50038B8F5003FA7
S31508018650BFF47CAF5FEA1C2C7FF478AFAD6815F0E8
S3150801866002057FF473AF0D950DAD4B46CDE9016556
S31508018670CDF800E0F6F7E6FC00287FF467AF0A9824
S3150801868008A91AF0CCF800287FF460AF09980FF012
S3150801869075FE054600287FF460AF20460FF0E6FE1A
S315080186A0089E0D95A6423FF458AF3046294614AAAE
S315080186B0F5F7B8FE804600287FF44FAFDDF85090F5
S315080186C0012049460CF03AFF054600283FF445AF1C
S315080186D00DAB00934A460346414630461AF032F935
S315080186E060B9159B3946009320462B460D9AF5F736
S315080186F029FE014610B93046F5F7B3FE0021284692
S315080187000D9A23F059FF28460CF010FE25E701269D
S3150801871039E7099B1EB15A68120A7FF417AFD3E9E4
S315080187200868284641460EF0FEFD00287FF40EAF84
S3150801873042463146286A23F0E1FFA0E70FF054F8D4
S3150801874008E700BF01000200F0000200080002006D
S3150801875008B521B10FF0E0FEBDE8084094E66FF0D8
S315080187608600F9E710B5044686B018220021684646
S3150801877023F022FF694620460FF0B0FEB0FA80F0DA
S31508018780400906B010BD2DE9F0410024ACB0CDE991
S315080187900A404FF44051019006A809F057FF6D4B66
S315080187A06D48099340F2011304AACDE9060303A90A
S315080187B006A8CDE90344019419F0EBFF0446002805
S315080187C03FD1039E736AB3B1039D2E466B682F6A28
S315080187D01B0A56F8248F42D0012B00F0AD806FF0AA
S315080187E08604039D286A10B1696A0EF03DFC0023D0
S315080187F0C5E9083325E0079B1B0A28D1BDF81800EF
S31508018800BDF81A5000F4E043B3F5805F13D0B3F511
S31508018810005F10D020F0FF00B0F5E24F40F09680DF
S315080188200735ED080595304605990EF07CFD044699
S315080188300028C9D005E029460EF046FD0446002861
S31508018840EED00398002834D00EF0CEFF31E005A90A
S3150801885006A80FF06BF804460028E4D0F1E72B8848
S315080188605A040BD42B8803F4E042B2F5805F26D173
S31508018870414638460EF0D8FF044611E003F4E043BA
S31508018880B3F5805FEED0B3F5005FEBD033464246D1
S3150801889039462846F6F7F8FA10F1860F0446E1D06C
S315080188A00398002C9DD101A919F0B9FF04460028A7
S315080188B0C7D12046FFF7E8FD2CB0BDE8F081B2F537
S315080188C0005FD5D023F0FF02B2F5E24F3BD1DBB210
S315080188D0122B6A8837D1E02A06D0B2F5807F29D0D3
S315080188E0C02A30D1012400E002240CA8F8F712FBB3
S315080188F021460CA8F8F790FF044670B90346174AB3
S3150801890024A90CA8F8F7F8FC044630B943463A46B8
S3150801891031460CA8F8F70EFD04460CA8F8F73DFFFA
S3150801892024A8F7F7B3FA26A8F8F734FF20460EF07D
S31508018930C2FBA1E70324D8E733464246394628460F
S31508018940F6F7A2FA98E76FF085044AE76FF085040F
S3150801895077E700BFFF0600061271000119790208C0
S3150801896008B528B10EF060FF003818BF012008BD10
S315080189700120FCE7002801DB1AF005BF7047022039
S3150801898024F076BE38B50568044675B12B68012B07
S3150801899006D1064BD3F8540103F5B27123F0ACFFA7
S315080189A028460CF0C3FC0023236038BD08180020B4
S315080189B038B5034610B30568022D1FD14279104810
S315080189C000EB82009A79B2B11C79FFF7DBFF0D4BF8
S315080189D064B293F838268AB1A3F5805393F87E2EAC
S315080189E02046022A18BF83F87E5E14F06DFBBDE8A7
S315080189F0384018F008BCBDE83840C3E738BD00BFA9
S31508018A0084190020C83F002038B51446002A39D0F9
S31508018A10D168936801391C4D9942D5F854014FF034
S31508018A20FF3118BF002123F079FF10F5007F0CD123
S31508018A3080232374A368E26801339A42A3600FD99D
S31508018A402046BDE8384014F055BB002894F910308B
S31508018A50B8BF033040F387008342B8BF2074E9E703
S31508018A6094F91030237102232360A37913B12046A8
S31508018A70FFF79EFFD5F854010022BDE83840802152
S31508018A8024F024B838BD00BF0818002008B5074BE4
S31508018A90D3F8540123F0E4FF30B1054BB3FBF0F0F2
S31508018AA083B20BB1184608BD0120FCE7081800205F
S31508018AB040420F001FB5FF238DF804300023CDE98E
S31508018AC00233064B014601AAD3F8540123F022FFCB
S31508018AD0003818BF012005B05DF804FB081800200E
S31508018AE0F8B506462C4D33680C46D5F854011BB328
S31508018AF0972124F049F9024600B1FEE73168D5F815
S31508018B0054011CF039FC00B1FEE73168D5F854016F
S31508018B1023F08FFF3179814200D0FEE7D5F8540161
S31508018B201CF0EAFD00B1FEE70122D5F85401114611
S31508018B3024F05EF920B1FEE71DF0CEF800B1FEE79C
S31508018B400322D5F85401114624F042F97F2C20D08E
S31508018B50D5F8540123F0E4FF032814D104EB840467
S31508018B606400D5F854710A21384623F0DBFF4FF427
S31508018B70E161384623F0D8FF2146D5F854011CF0A7
S31508018B80D3FD30B1FEE7D5F854011CF0E9FD0446E2
S31508018B90E7E7C5F88061F8BD0818002038B504462E
S31508018BA0164D24F079FD237D95F888219A4223D81C
S31508018BB095F889219A421FD3D5F8803105F5C270F7
S31508018BC0834202D07F21FFF78BFF8022D5F854011B
S31508018BD0114623F07BFF10B1012000230AE0207D16
S31508018BE0FFF768FF0028F7D1204614F083FA00281A
S31508018BF0F2D10123236038BD2120EEE708180020B1
S31508018C0008B5054B00EB80004100D3F854011CF070
S31508018C108BFD00B1FEE708BD0818002038B50F4BDB
S31508018C200C4693F88821824215D893F88921824205
S31508018C3011D303F5C275D3F88031AB4204D1084686
S31508018C40FFF7DEFF002038BD1AF074FD21462846DD
S31508018C50FFF746FFF6E70720F5E700BF08180020EB
S31508018C6013B50446086868B90E4BD3F854011CF0CD
S31508018C7077FD0D4942B204F10800EDF7ADFF00207A
S31508018C8002B010BD0DF107011AF0E4FC0028F7D176
S31508018C909DF80720034B83F88C2115F093FBFFF70A
S31508018CA0AFFFECE7081800205BE30308037A0268C4
S31508018CB00079134343EA0020704770B58AB001ACC6
S31508018CC084E8070007AD94E8070085E80700284609
S31508018CD01E46FFF7EBFF06AB014605AA03480AF055
S31508018CE073FA08B9069B33600AB070BD981900205B
S31508018CF082B02DE9F04F4FF0000B9BB005AE86E828
S31508018D00070024AF47F8043F09AC0CAD96E8070005
S31508018D1084E8070097E8070085E8070094E8070054
S31508018D200DF13C080DF1480988E8070095E80700A8
S31508018D3089E8070040468DF864B0FFF7B7FF01469A
S31508018D404846FFF7B3FF0B46CDE9000B042224483A
S31508018D5015A90AF09BF8034600283DD00022D1B296
S31508018D6004931AAB03EB810151F8141C1C480392B6
S31508018D700BF020F8039A049B01329342824601D0F4
S31508018D800028ECD096E8070084E8070097E8070072
S31508018D9085E8070094E8070088E8070095E80700D2
S31508018DA089E807004046FFF781FF01464846FFF775
S31508018DB07DFF0B46CDE9000B0422094815A90AF0E7
S31508018DC065F8034610B1BAF1000FC7D050461BB07B
S31508018DD0BDE8F04F02B070474FF02D0AF6E700BF25
S31508018DE09819002000B5234B856893F8383689B061
S31508018DF093B100224FF400331F21CDE905320792C2
S31508018E0009221F20CDE9031211468DE8030008AA9D
S31508018E1012E90700FFF76CFF05F5EF5005F5EE546B
S31508018E20F1F79CFC04F16800F1F798FC1248F1F798
S31508018E3095FC1248F1F792FC1148F1F78FFC11489D
S31508018E40F1F78CFC10481AF09EFC4FF002101AF04C
S31508018E509AFC0E481AF097FC0D481AF094FC0D4836
S31508018E601AF091FC0C481AF08EFC0C481AF08BFC8F
S31508018E7009F061FCC83F00206C3E00207C3E0020C2
S31508018E808C3E00207C3F0020010002000300020006
S31508018E9004000200050002000600020007000200A5
S31508018EA008B5302383F311884FF000534FF20F02B0
S31508018EB018805A80BFF35F8F09F03DFC6E4A2DE991
S31508018EC0F0416E4B55686E4C5D65516A99656D4901
S31508018ED0D1F80002D865D1F804021866D1F808124B
S31508018EE0586B5966916A10F0040F9966D16A4FF06A
S31508018EF00000D966116B1967516B5967D26BD86433
S31508018F009A67D3E90E1218BF11465F4A91421A654C
S31508018F105DD301F12000A04259D88869C5F3080537
S31508018F201864CE69062D5E6455D1584DA84252D3B0
S31508018F30574DA8424FD205884DF6426085424AD11F
S31508018F401868C3F894005868C3F8980040F201708D
S31508018F50A242154604D22E680432B6F1CD3FF7D0A7
S31508018F600022C3E91F22C3E92122C3E92322641B84
S31508018F70DFF818C1424DDFF818E19C648D422DD8FF
S31508018F80D3E91FC7D3E92165D3E923414FF0000E81
S31508018F90013AD2B2FF2A3BD1BEF1000F05D0C3E98F
S31508018FA01FC7C3E92165C3E92341B3F85430C3F3A5
S31508018FB008030C2B3AD8022B53D9DA1E092A50D8A2
S31508018FC0DFE802F030563F424F4F4F4F4F4C0021DA
S31508018FD0C3E910112C494FF42060B9E755F8044D3F
S31508018FE06445CBD37445C9D2E607C7D50026294FB0
S31508018FF057F8048FA045C1D00136062EF8D12AB1FB
S31508019000013AD2B203EB8206F467B7E70522F9E71C
S31508019010E0464FF0010EBC4637462E4625460C461D
S315080190204146B5E740F60120BDE8F0813A2B18D153
S31508019030194B9B6913F0020F40F2025318BF1846E9
S31508019040F2E740F60320EFE740F2017240F6042307
S31508019050B0F5206F14BF10461846E5E740F605201F
S31508019060E2E740F60722013B5A2B98BF1046DBE799
S3150801907040F60220D8E700BF00ED00E0C0610020FD
S315080190800818002000E100E008000020E06100085F
S3150801909040E10308386200200040005B094BB3F841
S315080190A0F811B3F8FA210A44C2F30902A3F8FA211E
S315080190B0B3F8FC21521AA3F8FC210022A3F8F821DF
S315080190C012E000BF08180020064B10B593F8FE21E0
S315080190D032B1002483F8FE41FFF7E0FF204610BDB8
S315080190E00D20FCE70818002070B5114CB4F8F831CA
S315080190F0EBB9B4F8FA61B4F8FC51C6F580639D4240
S31508019100C8BF9DB2A4F8F8518DB194F8FE310BB1E0
S31508019110FFF7DAFFD4F804324BB106492A46D4F8E8
S3150801912000023144984710B9012384F8FE3170BD15
S3150801913008180020241A00202DE9F3412D4D0F4669
S31508019140B5F8FC81134605F50770B8F1000F14D17F
S315080191500A464FF480611BF069FEB0F5806F04463C
S3150801916007D2A5F8FA81A5F8FC01A5F8F881FFF759
S31508019170BBFF204602B0BDE8F081B5F8FA6101925D
S31508019180B044C8F3090846458CBFA6EB0806C8F5DE
S315080191908066B6B20A46404431461BF047FE041EB5
S315080191A0E5DBA64205DDB5F8FC312344A5F8FC311B
S315080191B0DDE7B4F5806FDADAB5F8FC3123B1FFF7EC
S315080191C093FFFFF781FF48B13A464FF48061019B4F
S315080191D009481BF02BFE041E03DCFEE7FFF75EFFC2
S315080191E0EAE70023A5F8FC41A5F8FA31A5F8F83114
S315080191F0BDE700BF08180020241A0020084B03F217
S315080192001C62D2E8AF2FD20707D493F81C2622B9DD
S31508019210C3F82026012283F81C260248704700BF9E
S3150801922008180020281E00201022002123F0C4B9A6
S315080192302DE9F04F40231446ADF5757D83460E465C
S31508019240ADF8D0316068FF2334AA74A902F050FE44
S31508019250002840F0F78058467E4934AAEDF7BCFC51
S31508019260002E40F0F080059613AD00214FF040081E
S315080192706268A068C5E90012BDF81430A5F808802F
S31508019280002800F0E080228A0DEB0807ADF83420AB
S315080192900A2203920C22CDE900520297628A0DA98D
S315080192A002F0BEFF002840F0CE80D4F808A00DA930
S315080192B05046BDF834908DF8218002F0D9FD00287A
S315080192C040F0C180A9F10A039AB206923A89BDF81B
S315080192D0341052BA92B212FA83F30A33994200F25F
S315080192E0B280ADF834900DF190094A4650460DF119
S315080192F021030DA902F0D4FD0790002840F0A380B0
S315080193003A89069B52BABAF80A1013FA82F20A3255
S315080193108A4200F298804A4658464F49EDF75CFC66
S31508019320FF22ADF86C204FF4007234AB1A9374AB7C
S315080193302193ADF88820079B6268CDE90D33C7E90B
S315080193400032ADF83C30A368A7F8088053B3238AE6
S31508019350B4F81280ADF82230B8F1000F22D03A469F
S31508019360A0680DF1220102F045FED8B90A2300933F
S315080193700C22A0680AAB0DF1220102F023FF17287F
S3150801938054D078B9BDF82230A26868812A60284687
S315080193902B81AB81CDF8249002F029FD824640B19C
S315080193A017283BD05846EDF7A8FA059B01330593D4
S315080193B05BE70122284609A902F0ECFD70B3BDF866
S315080193C02230A2680DF16E00ADF83C30CDE90DA250
S315080193D0CDF85CA0CDF880A0CDF88CA08DF88AA038
S315080193E0FFF722FF1A9B33BB0121204617AB0DAAB3
S315080193F0F2F7C5FE0028D5D10121204617AB0DAAE3
S31508019400F2F739FF0028CDD1239B0BB9ADF8883087
S315080194100421584617AAFCF722FFC3E7BDF83030E6
S31508019420BDF822205BBA1344ADF8223008F1FF38A3
S315080194301FFA88F890E7BDF86C20002AD4D083F883
S3150801944000A0D1E70646304613F0DAFB0DF5757D27
S31508019450BDE8F08F37EC03085DED030813460A46AD
S3150801946001461846E4E62DE9F04F14464FF0400947
S31508019470ADF5757D0DF5E87807460E4660684146F7
S315080194800DF10F0314AAA8F800908DF80F9002F0B9
S3150801949007FD38B10646304613F0B2FB0DF5757D6A
S315080194A0BDE8F08F34ADFF232A464146606802F0D5
S315080194B01FFD0028EED12B463846344914AAEDF78C
S315080194C08BFB002EE7D1FF23ADF82C304FF4007348
S315080194D00DF12E0A50460A95CDF84480ADF848306C
S315080194E00796109613968DF84A60B346FFF79CFEC9
S315080194F02E701725616824A8CDE904B1ADF8189036
S31508019500F2F742FD9DF89080B8F1010F15D9A8F13F
S315080195100303022B1BD9E468002CEBD1139B0BB96F
S31508019520ADF84840002DB6D13846294607AAFCF7BA
S3150801953096FE3846EDF7E1F9ADE710ABCDE900A3A4
S3150801954000232046194604AAF2F7D9FDE3E7A8F154
S3150801955004035D42A8F105005D414142414107AB63
S31508019560204604AAF2F70BFEB8F1050F01D1172818
S3150801957001D000288FD12946204607AB04AAF2F765
S315080195807AFE05460028C6D085E700BF52EC0308D7
S3150801959013460A460146184665E72DE9F7430E685C
S315080195A004460D4686B9083420467549EDF714FB7D
S315080195B020467449EDF710FB20467349EDF70CFB7D
S315080195C0002003B0BDE8F08330466E4919F004FE69
S315080195D0002851D0686800283CD154F8085F6B49C7
S315080195E005F5F95605F580552046D5F8242FEDF7EA
S315080195F0F3FA4FF01108664FDFF8B4910436B8F163
S31508019600010807F1080719D1D5F8682F20466149DD
S31508019610EDF7E2FA1127604DDFF89481013F05F174
S315080196200805CDD055F8083C4246F3580421009365
S31508019630204655F8043CEDF7E6FDEFE757F8083CF8
S315080196404A46F35804210093204657F8043CEDF79F
S31508019650DAFDD4E7514919F0BFFD002800F08E80E4
S31508019660A968002940F08A80A068882200F5F95087
S31508019670043022F0A1FFA3E73046434919F0ACFDB7
S3150801968000284FD0686800283FD154F8085F0B2797
S3150801969005F5005805F501551835284698F8591065
S315080196A004F0F2FA3E4EDFF80C91B835013F06F1A7
S315080196B0080611D106273B4EDFF8FC90013F06F15B
S315080196C0080613D120463849EDF70AF9D8E9542393
S315080196D02046EDF7E7F973E756F8083C4946204670
S315080196E0EB5A56F8042CEDF777FADFE7204656F8D9
S315080196F0042C4946EDF7F4F856F8083C20462B4465
S31508019700D3E90023EDF7CEF9D8E7244919F064FD2A
S31508019710A0B3AB6893BBA06800F50150183004F0FC
S31508019720A3FA4DE73046164919F056FD30B3686875
S31508019730B8B9052754F8085F1C4E05F50055DFF83A
S3150801974070801435013F06F108063FF439AF56F823
S31508019750083C41462046EB5856F8042CEDF73CFAEE
S31508019760F0E70E4919F038FD40B1AB6833B9A06886
S3150801977000F500501430FFF757FD21E7072020E7D1
S315080197807EF303088AF3030897F3030888EC0308B2
S31508019790DC00040895EC03085C01040838F00308AA
S315080197A0DC0104082C020408B2EC0308540204087C
S315080197B010E7030818E70308A2EC030870B5144D6F
S315080197C005F22463D3E8AF4F14F0010416D195F8D6
S315080197D024369BB9C5F8284605F22C66301910348B
S315080197E0FFF722FDA02CF9D10B220A4B013A1946A3
S315080197F003F1100304D1012385F82436064870BD08
S31508019800D5F8280643F8100CC5F82816EEE700BF68
S3150801981008180020341E0020301E00202DE9F041D2
S3150801982015468846E9070746C5F34002C5F380038E
S31508019830C5F3C0060AD44AB943B93EB9FFF7DEFCF7
S315080198400268144664B91720BDE8F081FFF7D6FC13
S31508019850046884B9FFF7B2FF04688CB90320F3E7FB
S31508019860E188B9421FD026462468EBE73268FAB187
S31508019870126832601CE0E388BB420BD02468E8E733
S31508019880236803602046FFF7CFFCFFF7B7FC0368A0
S31508019890236004602571E780D8F80030A360D8F802
S315080198A00430E36009E0002EE0D10AB113680360D1
S315080198B0FFF784FF0368236004600020C4E7437F41
S315080198C070B50A4604467BB1002934D0BDE870401C
S315080198D0252997BF184B194B03EB8103D3F89C39FC
S315080198E017490830EDF778B9037F03B9FEE724294C
S315080198F021D000F1080581B928461249EDF76CF91E
S31508019900002304F120002377EFF785F82846BDE800
S3150801991070400D4A0D49ECF7E3BF252998BF064B60
S3150801992028469ABF03EB8103D3F89C39034B0449B4
S31508019930EDF752F9E4E770BDD8F80308C7EC030858
S31508019940D8EC0308E5EC03080C0304085DED0308ED
S3150801995010B5044604490830EDF73EF92046BDE83E
S3150801996010400021ABE700BFEAEC030838B50C4606
S31508019970054620B901462046BDE838409FE790F8DC
S31508019980393008349B0613D500F1080217492046D9
S31508019990ECF7A6FF20461649ECF7A2FF204605F18B
S315080199A019010822ECF7F8FF20461249ECF798FF4F
S315080199B020466A8E1049ECF793FF2946204608226D
S315080199C0ECF7EAFF204695F836200C49ECF788FFB4
S315080199D0204695F937200A49ECF782FF204695F883
S315080199E038200849BDE83840EDF7F6B8FDEC03081C
S315080199F00DED030879E5030806ED030810ED0308E4
S31508019A0018ED03081FED030803460846194603B96E
S31508019A1055E70A7893F9013001490830EDF7DCB8C2
S31508019A2027ED03080021C06849E7F7B50D4609681F
S31508019A3007461E4619F0F5FD044650B1286801A9E6
S31508019A4008F0BBFD044620B96B682BB90199386843
S31508019A50B047204603B0F0BD0724FAE7014B024A96
S31508019A600830E2E7576700084563000870B50E68D5
S31508019A7005460C4630460E4919F0AEFB38B1211D94
S31508019A8005F108000B4B0C4ABDE87040CDE730469E
S31508019A900A4919F0A1FB40B1211D05F10800084B3F
S31508019AA0084ABDE87040FBF74ABD072070BD00BFF4
S31508019AB015E50308FD6700085D63000835ED030831
S31508019AC071630008676300080023037070472DE976
S31508019AD0F04F0F4605468DB09049386819F07CFB62
S31508019AE0002872D000260437386808A919F0AAFD9B
S31508019AF00446002865D102A8FFF7E6FFD7F80490C7
S31508019B008749484619F068FB8046002800F09D8081
S31508019B1003A8FFF7D9FF04A9B86819F0BBFD0446E5
S31508019B2000284ED1FA68002A58D0511E11F8013F73
S31508019B30002B4CD1002C77D098462A689DF810A0A6
S31508019B409DF80890774902F50052C9F38003C2F8D7
S31508019B505415C2F8585505A908A8019313F020FF12
S31508019B60C9F3000BC9F340070446C9F3C00940BB52
S31508019B70019BBAF1000F31D003227F0047EA830720
S31508019B8047EA0B0747EAC9078DF818208DF81AA086
S31508019B908DF81B70B8F1000F04D0404607A903F0F1
S31508019BA069FF0446023406A908A88DF8194011F080
S31508019BB009F8044628B926B124242B7A43F002036E
S31508019BC02B7220460DB0BDE8F08F01268CE7642B79
S31508019BD016D005D8582B1DD0612B16D00724F0E7CF
S31508019BE06C2B06D0722BF9D19DF8083043F004038B
S31508019BF003E09DF8083043F001038DF8083095E736
S31508019C009DF8083043F00203F7E79DF8083043F062
S31508019C100803F2E78A42E1D15378002BDED13B698A
S31508019C20002BDBD1444681E707F1100103A815F0A3
S31508019C3003FA04460028C4D17B69002BCED12A68D1
S31508019C409DF810A00DF10C087AE74846364919F037
S31508019C50C3FA0028C2D0D7F808803449404619F01B
S31508019C60BBFA002833D14046314919F0B5FA002824
S31508019C7051D007F10C0103A815F0DEF9002848D1E7
S31508019C80012403AF2B682B4A03F50053C3F8542567
S31508019C90294AC3F85855C3F85C25C3F8605505A980
S31508019CA008A813F07DFEA0BB9CB9A7BB07238DF8B6
S31508019CB01A708DF81830012306A908A88DF81930ED
S31508019CC010F080FF0022059B83F830201AE0274612
S31508019CD0D8E740F20713ADF818300123059C8DF833
S31508019CE01A30002FE7D00DF11B01384603F0C2FEEA
S31508019CF001308DF8190006A908A810F063FF3B7812
S31508019D0084F8303028B926B124202B7A43F004038D
S31508019D102B72044655E70720FBE700BF9AE30308C1
S31508019D20B7EB0308E17C01083FED03084CED030896
S31508019D3052ED0308077D01086B540108F7B505467E
S31508019D406846FFF7C1FE0C6894BBAB6801AE03F524
S31508019D50005393F85B00314619F042FA9DF8043036
S31508019D6005F10807D807C3F34001C3F3800249BFC9
S31508019D70722333468DF804300DF1050311B16421C0
S31508019D8003F8011B12B16E2203F8012BB34208BF77
S31508019D902D234FF0000404BF8DF804300DF105039F
S31508019DA0324638463F491C70ECF716FF002019E089
S31508019DB020463D4919F010FA18B9013C14F8013F3B
S31508019DC093B99DF80020AC68C2F30003C2F34001C1
S31508019DD0DB0043EA4103C2F38002134399075AB2EF
S31508019DE019D5072003B0F0BD6E2B0FD0722B06D004
S31508019DF0642BF6D19DF8003043F0020303E09DF889
S31508019E00003043F001038DF80030D7E79DF80030A4
S31508019E1043F00403F7E704F5005595F85B7042F043
S31508019E2004039F42C2D004F501541834204685F82C
S31508019E305B3003F06FFF95F85960304619F01BFA4D
S31508019E40B8B195F85B1095F85830C7F34002C1F3DD
S31508019E5040008242C3F3C00304D153B93A0708D577
S31508019E600B0706D400232046A5F8803104F072FDBD
S31508019E709CE7012E0BD100262046A5F8806104F047
S31508019E80DBFC314604F5907004F01AF98EE7022ED0
S31508019E908CD12046B5F85C1004F0AAFF20461AF0CA
S31508019EA031FD83E75DED03084C1904082DE9F047F8
S31508019EB08A460025A2B006464FF4C0715046019560
S31508019EC0EEF79EF9B0F5C07F22D2A946DFF81081D8
S31508019ED057461AF8014B4CBBC5F1200201AB202DA0
S31508019EE0D2B24FEA820203EB850088BF0022002125
S31508019EF022F062FB737F002B51D0002C4ED1019BBF
S31508019F00002B4BD0304601A9FAF764FE044608E057
S31508019F10737F002B42D1337F002B58D101230624AE
S31508019F20337721463046FFF7CAFC4DE05C2C28D131
S31508019F309AF80020A2F10903DBB2172B0CD828FAEC
S31508019F4003F3DA070AD5384622F03AFC51460246A7
S31508019F50384622F0B9FB01E05C2AF4D01AF8013C34
S31508019F60002BB5D02DB11AF8023C002BB0D11F2D0C
S31508019F7012D022AA6B1C02EB850545F8847CDDB25A
S31508019F80A6E7093CE4B2172CE8D828FA04F4E30753
S31508019F9048BF0AF8019CE1E707249DE7FEE7337FFE
S31508019FA023B10C49019819F017F968B101233377E0
S31508019FB0002CB6D1019B002BA4D1074A0749347757
S31508019FC006F10800ECF78CFC22B0BDE8F087062400
S31508019FD0E7E700BF0F0304080C0304085DED030857
S31508019FE0130080000123F0B504461D250E4E0F4FC0
S31508019FF08FB04377013D03D1284665770FB0F0BD91
S3150801A00056F8041B312201A822F0C7FB0023394662
S3150801A01004F1080001AA8DF83530ECF7DDFD20467C
S3150801A02001A9FFF743FFE5E71C0304085BED0308F5
S3150801A0302DE9F04300230D46ADF51B7DB6490446CF
S3150801A04016460093ECF7C8FD7DB9B44FDFF8F082E8
S3150801A050DFF8F0922068694600F50C500CAA3430F6
S3150801A0600BF02AFE002800F0EA802046AC49ECF7FE
S3150801A070B3FD002300939DB9DFF8A08206AF2368DC
S3150801A08019A803F50C5909F13409FFF7CDF8694602
S3150801A090484619AA1A9714F0F6FF002800F05881C5
S3150801A0A02046A049ECF798FD00230093002D40F0C7
S3150801A0B0C280DFF894920DF16408276812AD07F59E
S3150801A0C00C5728463437FFF7AFF82A46694638460B
S3150801A0D0C5F8088014F0D7FF4FF6FF73002800F083
S3150801A0E076819E4240F0A78020468F49ECF774FDA1
S3150801A0F00023DFF85882009301AF42F2343926680B
S3150801A10028464E44FFF790F82A4669463046EF60DE
S3150801A11014F0B9FF002800F089812768042207F5A1
S3150801A1200053D3F8340393F83813014407F0FBFFBF
S3150801A13006461A220021284622F03EFA002E47D06A
S3150801A1404F442A460921384608F0F2F8B0FA80F059
S3150801A1502B7E400960F300030B2138462B760DF15F
S3150801A1604A0208F0E5F8B0FA80F02B7E400960F360
S3150801A1704103122138462B760DF15E0208F0D8F814
S3150801A180B0FA80F02B7E400960F3C3032B7638467C
S3150801A19013A90BF0F3FDB0FA80F040F20B482B7EC1
S3150801A1A0400960F382032B767378B71C02331E4489
S3150801A1B0BE420DD93B78083BDBB20A2B04D828FAF4
S3150801A1C003F3DB0700F156812B7E43F010032B7650
S3150801A1D020465649ECF700FD2B7E9E0740F14F813C
S3150801A1E020466A885249ECF77BFB2B7ED80740F15B
S3150801A1F04B8120462A884F49ECF772FB2B7E1907BB
S3150801A20040F147812046EA8A4949ECF769FB2B7EEA
S3150801A2105A0740F1438120462A790DF14D01ECF7A1
S3150801A220BBFB2B7EDB0603D520464349ECF758FBDF
S3150801A2302046ECF762FB0DF51B7DBDE8F0834FF672
S3150801A240FF739E4204D0BDF84430B3427FF402AF97
S3150801A2500CA92046EEF7BAF99DF841309DF8412040
S3150801A260590749BF702319AB8DF864300DF16503A1
S3150801A270120744BF612203F8012B9DF84120D0063D
S3150801A28044BF642203F8012B9DF84120910644BF7F
S3150801A290632203F8012B9DF84120520644BF72221E
S3150801A2A003F8012B9DF84120D2091CBF6F2203F840
S3150801A2B0012B9DF84220D00744BF732203F8012BD6
S3150801A2C09DF84220910744BF6E2203F8012B9DF8A1
S3150801A2D04220520744BF442203F8012B00221A7078
S3150801A2E09DF8643023B12046144919AAECF7F8FA07
S3150801A2F09DF84130394643F301035BB20133022B22
S3150801A3009ABF09EB8303D3F8B42A42462046BDF81F
S3150801A3104430ECF761FC9DE660ED03086AED03083D
S3150801A32073ED03087BED030891ED03089BED030824
S3150801A330D6E60308AAED0308B0ED03085CED0308A9
S3150801A340781B0408D8F803083FEB030847E203081B
S3150801A3504FF6FF739E4203D07B8AB3427FF48FAEDA
S3150801A36039462046EEF732F93B7D3A7D180749BF53
S3150801A370732319AB8DF864300DF16503510744BF9A
S3150801A3806E2203F8012B3A7D920644BF612203F837
S3150801A390012B00221A709DF8643023B120464249E8
S3150801A3A019AAECF79DFA3B7D414643F301035BB2DB
S3150801A3B00133022B98BF3D4A20469ABF02EB83031D
S3150801A3C0D3F8B42A3A4A7B8AECF706FC57E69E424A
S3150801A3D004D0B8F80032B3427FF46FAE494620463E
S3150801A3E0D8F80420ECF77CFA98F8082020460DF1F5
S3150801A3F06D01ECF7D1FA20462E49ECF771FA2046A1
S3150801A40098F807215BA9ECF7C7FA98F80631D80737
S3150801A41003D520462849ECF763FA204698F8003018
S3150801A420B8F800222549ECF7D7FB46E67B787A7817
S3150801A430990749BF73232B462B700DF14903D207A0
S3150801A44044BF632203F8012BAB4204BF2D221A70C5
S3150801A4504FF0000208BF0DF1490320461A700DF1AD
S3150801A4600601EEF7B3F82B46414620463A78ECF753
S3150801A470B3FB42E63846EEF73DFF074498E6204629
S3150801A4800F49ECF72DFAB0E620460D49ECF728FA04
S3150801A490B4E620460A49ECF723FAB8E62046094904
S3150801A4A0ECF71EFABDE600BF5CED0308D8F8030811
S3150801A4B0781B040879E5030885ED030888ED030888
S3150801A4C037EB03084C190408F7B50D46044600B9DD
S3150801A4D0FEE7037F03F0FF0603B1FEE70D4B1A689B
S3150801A4E0914214D840F2E73031461F6D4FF47A7223
S3150801A4F00023E5FB070121F0CFFE0123CDE9006327
S3150801A50001462346044A606823F02CFB00B1FEE7A6
S3150801A51003B0F0BD0818002075DF030800B9FEE78F
S3150801A520406823F071BB70B5EFF3108672B64FF031
S3150801A530FF3022F09FFB04460A4BD3F8CC26C3F81A
S3150801A540CC06824288BFD3F8D026304684BF013272
S3150801A550C3F8D026D3F8D05623F02CFD2046294639
S3150801A56070BD00BF081800202DE9F04F99469302E7
S3150801A57080461746EDB040F1B981F9F77BFCAD4C41
S3150801A58001900AA9D4F8540122F03EFBBDF82AC06D
S3150801A590BCF1020F40F2AA814CAD0AAE0FCE0FC52F
S3150801A5A03368BCF1270F2B600AD92723BDF82C2065
S3150801A5B0ADF83231262A82BFADF8343100234F93E4
S3150801A5C0D4F854014CAA2CA922F025FB9DF8325146
S3150801A5D0002D00F08B810C9B0DF1B10093F800B0B2
S3150801A5E00DF231131890ADF864B0229319F0BBF847
S3150801A5F0002800F0ED8204A918A8F9F72FFD9DF8A7
S3150801A600183094F83867012B94F9395715D1FEF7A4
S3150801A610F5FDBDF81020D0F800A0BAF1000F05D15C
S3150801A620D4F8483783B30026B246F4E0BAF80610E0
S3150801A630914215D0DAF800A0EFE7022BF0D1FEF728
S3150801A640DDFDD0F800A0BAF1000FE9D0082204A96F
S3150801A6500AEB020022F0E3FF10B1DAF800A0F2E7F4
S3150801A6609AF80400D4F8482710F0020FC0F38003C3
S3150801A670C0F3400140F09980002B40F0A680010705
S3150801A68000F1C180002ACED1002584F846570FA8CB
S3150801A69018F08EFE00230DF1B1008DF824308DF8E7
S3150801A6A009308DF80A3019F05EF8002800F01E818D
S3150801A6B00DF1B10019F051F8002800F0178107A92A
S3150801A6C018A8F0F783F8002840F010819DF82410A7
S3150801A6D0002900F00B81BDF81C0018F05FFE002868
S3150801A6E040F004810DF14A0118A8F0F797F80028FF
S3150801A6F040F0FC809DF85230002B00F0F7800DF1F8
S3150801A700B10019F03AF8002840F0DE800DF1B100E9
S3150801A71019F018F80446EFF774FC002800F0D78101
S3150801A7200DF10E0118A8EFF7B5FC002840F0DE8000
S3150801A730BDF80E30ADF8563001238DF859309DF825
S3150801A74066302022002124A88DF88E3021F034FFAE
S3150801A750394B22A90F939DF809300FA88DF85A3065
S3150801A7609DF80A308DF85B30EFF72EFD229C2046C6
S3150801A77018F0E8FF20F0100080B22070000A60701F
S3150801A780229C204618F0DEFF002D00F0AC8140F433
S3150801A790007080B22070000A60700DF1B10018F0E7
S3150801A7A0D1FFC60540F1AE81FEE78DF80C6033BBDB
S3150801A7B003072AD5012082238235C5EB0525B5FB7A
S3150801A7C0F3F503A9461C0D5414E00E4694F85037C8
S3150801A7D0EB1A5BB2002B14DB7F2D08BF00234FF069
S3150801A7E0820CC3EB0323B3FBFCF303A98B55002EA1
S3150801A7F0DED00226002A00F0CF828A460BE0012627
S3150801A800E4E70023EBE71846D5E70126002A00F01E
S3150801A810C3820DF10C0A0FA918A8F9F71FFC28B96C
S3150801A8209DF84420012A09D0022A45D0002584F83A
S3150801A83046571CE008180020020000204FF6FD715B
S3150801A840B4F83C278A42F1D8BDF83C109142EDD1C3
S3150801A850012284F84627B4F85127062522F4FF4237
S3150801A86042F45062A4F85127042284F85127BAF118
S3150801A870000F3FF40CAF002E3FF409AFB4F851278F
S3150801A880514622F4FF42A4F85127321D84F8512774
S3150801A8909B2284F85327B82284F85427EA2284F89D
S3150801A8A05527002284F8562732462E448F48063605
S3150801A8B021F024FFF5B2EAE608228D490FA822F015
S3150801A8C0AEFE0028B2D1C3E70DF1090118A8EFF7CA
S3150801A8D017FC58B99DF80930052B07D10DF10A0166
S3150801A8E018A8EFF71DFC00283FF410AFFD0107F08B
S3150801A8F0807240F19081002022F024FF202022F06E
S3150801A900B7FE07F400510446002800F0958121B1ED
S3150801A91001214FF4004022F093FE17F4404F06D070
S3150801A920002148F2200022F08BFE22F0B5FE3C07FA
S3150801A93040F18A806F4C0321D4F854012CAA22F0E5
S3150801A94061F90146002800F0BB819DF8B030072B5C
S3150801A95040F0B681D4F854014CAA22F058F90028DF
S3150801A96040F0AE81BDF8B2502E9B05F1010A1B7865
S3150801A9701FFA8AFA534540F0A381EB1E7B2B00F29E
S3150801A9809F812CA823F0FEFA002840F09981BDF892
S3150801A990B430002B40F068812F9B1E789DF83D311D
S3150801A9A0002B00F0638106F00703022B40F0888133
S3150801A9B0D4F8D816D4F854012CAA22F02CF9A4F804
S3150801A9C0DCA622F079FE002839D0D4F85C31D4F817
S3150801A9D0D8261B6892789B789A4230D19DF83631F1
S3150801A9E0002B00F06D810235D4F854014CA9ADF85D
S3150801A9F0345122F00EF90546002840F061819DF890
S3150801AA003E31012084F8ED369DF83F314C9984F8A2
S3150801AA10EE36394BC4F8003722F0C8FE01214FF44F
S3150801AA20807022F00DFE3548294622F009FE22F0F3
S3150801AA3077FE20B1F00644BF012384F8603122F085
S3150801AA406FFE08B918F070FEBA0102D5012022F08E
S3150801AA5079FE17F0084F03D00021042022F0F0FDFB
S3150801AA60BB0705D5082022F003FE08B122F034FE03
S3150801AA7019F4807F1FD040464CAA2CA921F023FF48
S3150801AA809DF8B030BBB11E48002122F0D9FD042043
S3150801AA9022F0EEFD18B10021042022F0D1FDFDF7C8
S3150801AAA06EFF18B14FF4007023F0A8F923F078FA75
S3150801AAB008B122F011FE19F4007F00F0738100221B
S3150801AAC0404611466DB0BDE8F04F1AF07BBE2046F0
S3150801AAD0EFF749FA00283FF432AE0DF10E0118A836
S3150801AAE0EFF770FA21E620F4007052E65F1F0020A6
S3150801AAF0461F002008180020C81F00200A00010070
S3150801AB006000010022A89DF8B310EFF76FFA0DF166
S3150801AB10B10018F032FE60B10DF10B0118A8EFF77C
S3150801AB206CFC00287FF4E2AE9DF80B1022A8EFF723
S3150801AB3078FC6DB122A8EFF709FD229C2A469B49AC
S3150801AB40204421F0DBFDBDF88C302B44ADF88C3068
S3150801AB50974BBDF82A0093F846278AB14001B3F806
S3150801AB604847C0EB4B10019B00F5F070184413F0F1
S3150801AB7095FC054622A8EFF7FDFC08B1448005803F
S3150801AB80229818F0FAFD28B122A818F0FEFD00282F
S3150801AB907FF4ACAE0AA823F0F5F900287FF4A6AE37
S3150801ABA0DDE90C43BDF82C202298002A08BF1C4673
S3150801ABB018F0E3FD18B1237843F004032370BDF8B8
S3150801ABC08C2040464CA98DF8302122F031F98DE6CA
S3150801ABD0012D06D09DF8B13003F00703012B3FF490
S3150801ABE085AE404622F022F918B102283FF47EAE1E
S3150801ABF0FEE70AA823F0C6F900287FF477AEDDE957
S3150801AC000C32BDF82C10002908BF13461A7862F0D9
S3150801AC107F021A706AE609F002031A4304D04FF458
S3150801AC20007023F0EBF869E607F0A8421A433FF4EF
S3150801AC3065AE4FF48050F4E749B101214FF48030F5
S3150801AC4022F0FEFC2146402022F0FAFC6FE609F0CC
S3150801AC5020030B433FF46BAE402022F0F1FC4FF486
S3150801AC60006023F0CBF862E62E9B96E694F8533102
S3150801AC7013B9BAF1040F23D09DF8363103B302355F
S3150801AC80D4F854014CA9ADF8345121F0C2FFB8B932
S3150801AC90EFF3108072B6B4F866B7B4F8685723F0C4
S3150801ACA089F9AB450CD0EFF31183302282F3118871
S3150801ACB0D4F8B457691C08D183F31188BFF36F8F91
S3150801ACC00025284618F082F8BEE6294651F80C2BCD
S3150801ACD0C4F8B42783F31188BFF36F8FD4F85401EE
S3150801ACE02CAA21F098FF85F800A0BDF844316B70B5
S3150801ACF09DF93E31EB709DF83F31AB704C9BAB60D3
S3150801AD002C4B6B60EFF3108A72B6B4F86627B4F869
S3150801AD106817B4F864378A4216D21344B3FBF1F0C4
S3150801AD2001FB1033013204EB8303C3F87057A4F80F
S3150801AD306627504623F03EF916F0200622D0012157
S3150801AD40042022F07DFC7FE6D4F86C2752B104EB8F
S3150801AD508303D3F870171848904718B9504623F05B
S3150801AD6029F9AEE7B4F8643704EB8302C2F87057E1
S3150801AD70B4F868270133B3FBF2F102FB1133A4F8E7
S3150801AD806437D6E794F86031002B3FF45DAE18F0CE
S3150801AD90CBFC84F8606157E600250DF10C0A84F8AE
S3150801ADA046576BE56DB0BDE8F08F00BF591F00200F
S3150801ADB008180020C81F00206C1F00202DE9FF413C
S3150801ADC0086808B907F0B7FC3D4918F005FA0028E4
S3150801ADD072D00023012401A8CDE902338DF804407D
S3150801ADE013F069FD039B980262D52146354C3D2037
S3150801ADF009F0ECF963680BB109F070F90122324BDD
S3150801AE005A6063689907FCD402230125A36063622B
S3150801AE102E4B5D6009F062F92A4BE5609A6AD20603
S3150801AE20FCD402221A639F6A17F01007FBD1032389
S3150801AE30254A11205361A2F58052936109F07CFFDE
S3150801AE404AF6E853224CE56EE66E25F0030545F011
S3150801AE50020546F00306236672B6DFF88C8009F010
S3150801AE6061FCD8F87030012023F0070343F0010391
S3150801AE70C8F8703009F08CFC384618F025F9D8F86E
S3150801AE8064305B0142BF134B134AC3F82024134BAA
S3150801AE90E566E666E566E666E566E666E566E66647
S3150801AEA0E5669B6ABFF34F8FBFF36F8F30BFFEE72F
S3150801AEB00B4B0C4A1A6085E7232004B0BDE8F081E4
S3150801AEC0B3ED0308004006500060065000500650D6
S3150801AED00040005000E003500000FF0F00400950F9
S3150801AEE00000002002020FF0008000502DE9F74310
S3150801AEF00C4605464549206818F06EF9002800F009
S3150801AF0083806468A4B9A96801F50053D3F8A42419
S3150801AF1012B9D3F8A83433B101F51251243105F128
S3150801AF200800FAF735FA0024204603B0BDE8F08395
S3150801AF302046374918F050F940B3AC6804F5005378
S3150801AF40D3F8A4241AB9D3F8A834002BEBD004F506
S3150801AF5012552C4605F12406314605F134002C34E8
S3150801AF60F0F79EFA70B121462A4803F041FA48B132
S3150801AF70284602F009F9284602F0DCF810B92846F5
S3150801AF8002F0F5F83046ECF7A7FACCE76E4620460C
S3150801AF90314618F037FB04460028C5D1304601F082
S3150801AFA00AFA78BBD5F8089009F50055D5F8A434FE
S3150801AFB009F5125707F1240013B9D5F8A83423B1B6
S3150801AFC03146F0F76DFA0028AED196E8030005F28E
S3150801AFD0A44888E8030009F512510E482C3103F0FC
S3150801AFE007FA0028A0D0384602F0CEF8D5F8A434DE
S3150801AFF03846C5F8B434D8F80430C5F8B83402F080
S3150801B000B6F891E707248FE723248DE7BEED0308F9
S3150801B0104CED0308FC36002070B50C4605468AB08F
S3150801B0203B49206818F0D8F808B1606808B90720C4
S3150801B03047E02F2121F0A4FB064600283AD1002338
S3150801B040606802A98DF8203018F0DCFA002838D19A
S3150801B0502D689DF8204005F50C553435002C51D046
S3150801B06004A8ECF739FA631E3F2B41D8DDE9062619
S3150801B0700DF1170123460846072B3AD8E308C3EB17
S3150801B080431104EBC10414F0FF040AD0C01A0123CA
S3150801B090A3400178DBB25C42013B214013400B43DC
S3150801B0A0037001A904A8F0F747FA284601A90AF08E
S3150801B0B081FE06E004A9013007F09CF918B11728AA
S3150801B0C0BDD00AB070BD049B059AB3F5807F72F1B5
S3150801B0D00002ACD2DBB28DF82030013B3F2BA6D85B
S3150801B0E03070606806A907F085F91728AED1A6E77A
S3150801B0F0FEE701F80129083B120A42EA0662DBB2B9
S3150801B100360AB9E704A902A8F0F72BFAC9E700BF7E
S3150801B110C2ED03082DE9F0430746086899B058B10E
S3150801B12006A918F0B7FA0446002848D19DF8183040
S3150801B1301F2B43D801209840DFF8A881D7F808903B
S3150801B14098F80C38002B00F0BB8009F5005595F8E6
S3150801B150E432002B40F0B6805C4BC5E9B03795F870
S3150801B1602E3323F0030385F82E33D8F8543EC5F859
S3150801B170E03210B10340C5F8E032102018F03FF86C
S3150801B1800646002800F0A0804FF6FF73438295F823
S3150801B190ED224F4B019302B3F1238DF81830D5F800
S3150801B1A0E832402A4FEA13418DF81A104FEA132163
S3150801B1B08DF81B108DF81C3005D9FEE707242046AB
S3150801B1C019B0BDE8F08309F50B51D31C2E310DF1E9
S3150801B1D01D008DF8193021F091FA1A2301A88DF86E
S3150801B1E00030EEF787F8C4B295F8ED0218B106A853
S3150801B1F0EEF780F8C0B20444694630468DF801403E
S3150801B200EEF728FA0446B8B9314601A8EEF77CF8F4
S3150801B210044688B995F8ED3293B92E4B09F50B59C1
S3150801B220736202A8C6F8289001F0FBF8304602A915
S3150801B23003F074FE044658B13046ECF75DFABEE7F2
S3150801B240314606A8EEF760F804460028E5D0F3E78C
S3150801B2504FF6FF73B8F8504E9C420DD1ECF7A1FF9B
S3150801B26081B2A142FAD01C48EEF7C6FD95F82E33F5
S3150801B27043F0020385F82E33FF2309F12C0185F8E3
S3150801B280EC3209F12000EEF721FD002814BF022354
S3150801B290012385F8E432114B93F8592032B193F81A
S3150801B2A05B301B0702D4012012F0B8FA0C4B0721B8
S3150801B2B003F1080207F10800EBF7C2FF24247EE731
S3150801B2C00D247CE705247AE7032478E76D990108BC
S3150801B2D080025000D5D00108103E0020C83F00204A
S3150801B2E098030408C82F002070B50D4698B0286841
S3150801B2F004A918F0A7F90446002847D168680DF192
S3150801B300060118F0C7F9044600283FD1A8680DF1CF
S3150801B310050118F0BFF90446C0BB03A904A89DF8A6
S3150801B32006509DF8056012F03BFB044670BB402EA3
S3150801B33031D86B1EDBB2FD2B2DD814208DF80750A2
S3150801B34017F05DFF054620B35A2302A98DF8083088
S3150801B350731C8DF80930EEF77DF9044698B928462D
S3150801B3600DF10701ECF762FD044660B9324628463D
S3150801B37008A9ECF765FC044628B9284604A903F090
S3150801B380CDFD044610B12846ECF7B6F9204618B0AB
S3150801B39070BD0324FAE70724F8E7F0B50D680446FB
S3150801B3A00F4687B07DB954F8083F03F58053D3F8A3
S3150801B3B0385715B9002007B0F0BD29462046EBF7E6
S3150801B3C0BBFB2D69F5E72846374917F005FF002825
S3150801B3D03BD002AE3146786818F034F90028EAD134
S3150801B3E09DF80830A568FF2B27D105F5B9503246D7
S3150801B3F001A9183002F082FF08BB2C4F31463846A6
S3150801B400ECF752F8E8B93F69002FF7D105F58055F1
S3150801B410D5F8A847BCB12369C5F8A83796E80F003F
S3150801B42084E80F002775D5F838374FF48050236123
S3150801B430C5F8384712F0DCF8BCE70720BBE7182047
S3150801B440B9E72520B7E70320B5E72846184917F0D5
S3150801B450C3FE68B1786802A918F0F4F80028AAD1E1
S3150801B460A06802A900F5B950143002F059FFA2E705
S3150801B4702846104917F0B0FE40B1204650F8081F7B
S3150801B48001F50A511831EBF757FB93E728460A49A4
S3150801B49017F0A2FE30B1204650F8081F01F50A51EF
S3150801B4A02C31F0E7232086E763E40308ECFD030863
S3150801B4B084E50308C8ED0308CEED0308A0F14103AE
S3150801B4C0192B98BF2030A1F1410398BFC0B2192B9F
S3150801B4D09CBF2031C9B20B1A58425841704700889F
S3150801B4E00B88C01A704737B50446656E084611467B
S3150801B4F01DB1A26E0092E26FA84703B030BD704736
S3150801B5000020054BD3F8C02283F8E40212B1D3F820
S3150801B510C4121047704700BFC83F00204378072B65
S3150801B52008D90388C3F3C7005B074CBFC043404231
S3150801B53040B270477F207047142806D80A2806D8D3
S3150801B540022894BF0020012070470320704702207B
S3150801B5507047024690F8203030B5C4189442154613
S3150801B56006D1202B08D05A1C80F82020C15403E0AC
S3150801B5702D7801328D42F1D130BD37B58DF80710DE
S3150801B58001393E29054614460DD810460DF1070125
S3150801B590ECF74CFC28B9294620469DF80720ECF71C
S3150801B5A04FFB03B030BD0720FBE773B5094D05F224
S3150801B5B07466D5F874460CB902B070BD214630469A
S3150801B5C0ECF77CFD01A8019418F0FEFB019817F031
S3150801B5D0B3FBEEE7C82F0020F8B5D40802F0070739
S3150801B5E0224605460E4621F089F867B18023013FB8
S3150801B5F03B412A5DDBB2591E0A402A55315D5B4241
S3150801B6000B401A432A55F8BD37B5684617F0F6FEBA
S3150801B6100525124C013D009B0AD1019903F100430E
S3150801B620013B8B4202D00E48EDF7ECF903B030BD71
S3150801B630A27C92070BD5E16949B15B1A002B08DB9D
S3150801B640204611F07BFFA37C6FF34103A3742034DA
S3150801B650E0E76846EDF75AF8F9E700BF80380020B9
S3150801B6607438002038B50D4B044653F82150036849
S3150801B67053B1EBF769FFD4E90032811A8B4292BFC5
S3150801B68000209B18181A20602368AB422CBF236040
S3150801B6902560EBF759FF606038BD00BF080904084B
S3150801B6A070B505460446002115F80B0F0EF0AEF8E5
S3150801B6B0FF2629462046EEF709FB68B9E27A237B7D
S3150801B6C09A420BD0606804F1100580B901462846F4
S3150801B6D0BDE87040EDF72BB9E672EAE7A37A002BCD
S3150801B6E0F0D0013BDBB2A372002BEBD170BD2189EF
S3150801B6F0ECF778FDEAE70148D2E700BFA444002049
S3150801B7000048CDE7BC45002010B50D4C94F8E4324D
S3150801B710012B14D104F53B7104F53870EEF7D6FA0E
S3150801B72010B1022384F8E432237A5A0707D56FF356
S3150801B730820323720348BDE81040ECF7D7BF10BD5A
S3150801B740C83F0020D43F0020F0B593B008A8EBF716
S3150801B75018FF4FF2BF035C4CADF8423094F859001C
S3150801B76017F089FD002800F08A804FF6FE73B4F8B9
S3150801B77058249A4200F0838094F89C34D9077ED4E1
S3150801B78094F85B309A0703D40EF0CCFB002876D0E8
S3150801B79094F89D34012B72D194F8C734002B6ED1DD
S3150801B7A0272012F075FC0546002871D094F89D34BF
S3150801B7B0012B1FD194F8C774E7B904AE04F2AC4360
S3150801B7C00FCB86E80F001023324639462846EDF797
S3150801B7D044FF00284ED10823032128463B4AEDF7AA
S3150801B7E03CFF002846D1022384F89D34EBF7ACFED2
S3150801B7F0C4F8A00494F85B309B0702D40EF092FBC0
S3150801B80098BBB4F858340CAAD4E9920182E803002B
S3150801B8104FF07F420E92FE225BBA08A8ADF83C2093
S3150801B820ADF83E300AF0F0F9294829460090294B2F
S3150801B83008AAA0F54760EDF75FF9064630BB94F80C
S3150801B8409C3404F28C4543F0010384F89C3404AB20
S3150801B8500FCB85E80F0094F85B00C4F8C46410F0B8
S3150801B86008000CD111F03CF909E00DF10F000FF0B9
S3150801B8708BFD30B1032819D02846EBF73DFF13B0ED
S3150801B880F0BD9DF80F30A3F57C73BCE70328F2E7FA
S3150801B89094F8C6343BB9052384F8C634D4F8C404ED
S3150801B8A017F034FDEBE7052BE9D9F4E794F8C6342C
S3150801B8B0013B042BE0D9052384F8C634D4F8C40423
S3150801B8C017F024FDD8E700BFC83F00203842002002
S3150801B8D04844002051E501080346086A10B50C469C
S3150801B8E050B1CBB1591CECF7A1FA30B1206A08B1B5
S3150801B8F0EBF702FF0023236210BD637F0133DBB23E
S3150801B900FF2B6377F8D14FF4FA71207704F12400FD
S3150801B910BDE81040EDF70BB84A69531E13404B6159
S3150801B92023B90B7F0A69013B4A610B77237F04F12F
S3150801B93024000BB1218BEBE74FF4FA71E8E730B538
S3150801B940234C8DB0D4F83C5585B194F838357BB184
S3150801B950D4F8301504F21C534842009301401D4B9C
S3150801B960B4F83625A4F5DC70EEF7A9FA0DB030BDAA
S3150801B97002A8EBF706FE4FF2BF03ADF82A30698934
S3150801B98094F839350139C91A2846012304F239527E
S3150801B99089B2ECF713F902A80AF036F906AD04F2F2
S3150801B9A01C530FCB85E80F00D4F83C1502AAA4F561
S3150801B9B0FE60EDF7D1F908B9C4F83C05D4F83C05A1
S3150801B9C008B1EBF799FE0023C4F83C35CEE700BF72
S3150801B9D0C83F0020D9B80108F8B5036A0D680446BE
S3150801B9E09D424FF080000F79CE790CD011F000FE00
S3150801B9F0B4F8C4300133A4F8C43084F8247084F848
S3150801BA0027602562F8BD11F093FEF6E770B500F5DB
S3150801BA100A76054630460C4611F0BAFD60B1B5F80E
S3150801BA2036325BBA9BB2A34206D0304611F086FD88
S3150801BA3031460A48EDF739F821460948EEF727FF56
S3150801BA404FF6FE739C42AC8007D064BAA5F836421D
S3150801BA503046BDE8704011F0ADBD70BDD837002045
S3150801BA60443E002037B514466A460546EDF7DFFC25
S3150801BA70A0B9009A20720192120C082A134628BF0F
S3150801BA800823032AADF806300AD92246284601A911
S3150801BA90ECF751F810B9BDF80630237203B030BD82
S3150801BAA00620FBE7002330B587B08DF803300B7805
S3150801BAB00546FF2B0C4611D0204601A913F08AFC36
S3150801BAC09DF816309A0709D5DB0741BF9DF8153051
S3150801BAD003F00F0363F07F038DF8033028460DF159
S3150801BAE00301ECF7A3F938B99DF8033033B91022ED
S3150801BAF021462846ECF7A4F807B030BD0822A1185C
S3150801BB00F7E7F8B50E4615460A4605210746EDF745
S3150801BB1061FD044650B92A4608213846EDF75AFD13
S3150801BB2020B1172812BF062433682B602046F8BDBA
S3150801BB3030B585B00D460A220B2101ABEDF75DFC48
S3150801BB40044670B99DF80530072B0DD9DDF80600B6
S3150801BB50EBF778FDBDF80A302860AB80BDF80C30EC
S3150801BB60EB80204605B030BD0624FAE713B504225A
S3150801BB700C4601AB5621EDF740FC58B99DF8053046
S3150801BB80012B91BF06209DF8063023709DF80730DA
S3150801BB9088BF637002B010BD70B50C460546C2B0C9
S3150801BBA001A8164617F0CCFB04F118016A46284687
S3150801BBB0C9B2EDF73CFC30BBBDF80230FE2B24D8E8
S3150801BBC06946284601AAEBF7B6FFE0B9BDF8023087
S3150801BBD08DF80231EBF7B8FC419001A8EFF790FD1B
S3150801BBE088B9002C0CBF0E2133210823324601A83F
S3150801BBF0EFF779F938B9012C024601A914BF0448AF
S3150801BC000448F0F7EBF842B070BD0720FBE700BF28
S3150801BC100C3D0020383D002038B5437804460BB169
S3150801BC200023437004F170052846ECF7F4FE0D4B2A
S3150801BC3093F85930022B0ED144F620612846ECF7C9
S3150801BC4076FE00232279E370012A09D12371BDE822
S3150801BC50384011F063BC033B012B9CBF00232381B1
S3150801BC6038BD00BFC83F002010B40B4A92F85940AE
S3150801BC70022C0ED192F85B1009070AD5516E4FF4C2
S3150801BC807A7251430470A1F6B4715DF8044B11F050
S3150801BC905FB85DF8044B7047C83F002030B58DB0DA
S3150801BCA06846284D17F0AAFB02A8EBF715FC55F8CC
S3150801BCB0C41F04A817F0D9FB049C7CB9694622481D
S3150801BCC0ECF7B2FE029904A817F0CFFB1F4C0498B3
S3150801BCD000BB02A8ECF7CEF90DB030BD1823002140
S3150801BCE00DEB03022046EBF750FE0699009B5B1A03
S3150801BCF0002B06DA6846ECF709FD04A8EBF7F6FC13
S3150801BD00DAE721462846ECF793F9214602A811F00D
S3150801BD10D9FEF2E7182300210DEB0302EBF735FEF6
S3150801BD209DF82C30052B08D0072B02D107A817F050
S3150801BD30A8FA04A8EBF7DAFCC9E7204618F0E2FDF1
S3150801BD40F7E700BFC83F00209440002020400020AC
S3150801BD504022002120F030BC38B50D46402104466A
S3150801BD60ECF74EFA2A46C1B22046BDE8384004E44B
S3150801BD702DE9F0418846054688B100242046A3B23C
S3150801BD80EF5C1FB12E2F01D00134F8E7231A13F007
S3150801BD90FF01A6B206D117B196B96B7883B900200F
S3150801BDA0BDE8F081FD2E0BD842462844FFF7E5FB96
S3150801BDB00028F5D10136B0B20134002FDFD1EEE704
S3150801BDC00720EDE7002307B50DF107018DF80730C8
S3150801BDD0ECF72CF803B05DF804FB10B50C46FFF739
S3150801BDE0C7FF18B92046BDE81040EBE710BD13B5EB
S3150801BDF004460123218920680DF10502EBF7C5FDEB
S3150801BE0058B99DF8053013F0C00010D13BB96389C4
S3150801BE1013B9238901336381172002B010BD228922
S3150801BE20A371013292B21344A2802381F5E7C02897
S3150801BE301CD10223218920680DF10602EBF7A5FD25
S3150801BE400028EAD1638913B9238902336381BDF8CE
S3150801BE50063022685BBA9289C3F30D031344A2899B
S3150801BE609BB29A4202D92381A381C2E70620D4E76D
S3150801BE701FB500220C460B880090ADF80830ADF8C6
S3150801BE800A20ADF80C306846FFF7B1FF0028FAD052
S3150801BE90172802BF0020BDF80A30238004B010BD60
S3150801BEA0F0B51746002285B01D460B8800906846F6
S3150801BEB00C46ADF80830ADF80A20ADF80C30FFF79E
S3150801BEC096FF88B99DF806602B78B3420ED933469A
S3150801BED03A46BDF804100098EBF757FD20B9BDF8AE
S3150801BEE00830B8552E70238005B0F0BD0320FBE756
S3150801BEF02DE9FF41144600220F464FF001081D4661
S3150801BF000B880090ADF80830ADF80A20ADF80C3072
S3150801BF106846FFF76CFF20B1172831D004B0BDE899
S3150801BF20F081B8F1000F04D12E23013D04F8013B3D
S3150801BF30ADB2402D2B4628BF40239DF80660DBB2E3
S3150801BF40B34201D80320E9E733462246BDF8041077
S3150801BF500098EBF71AFD0028E0D1A219A055B8F10F
S3150801BF60000F03D1013C14F8013F2BB9AE1B14464F
S3150801BF704FF00008B5B2CBE72E2BF4D10620CDE75A
S3150801BF802E23012D2370DDD00020BDF80A30607004
S3150801BF903B80C3E72DE9F341D1F80080877905464F
S3150801BFA00C46404639461646ECF72AF9874203D02D
S3150801BFB0002002B0BDE8F0810D4B42460093A988E6
S3150801BFC03B462868EBF7C3FD03460028F0D02068F6
S3150801BFD0AA7981182160825CB2FA82F04009002EA2
S3150801BFE0E7D12E2A02BF013118462160E1E700BFD9
S3150801BFF0BDB401082DE9F04313680D468FB0002B37
S3150801C00031D00A880021ADF83020ADF834201A78ED
S3150801C01006932E2A0A90ADF8321011D001260AA8E5
S3150801C020FFF7E5FE0446A8B117280FD126B1069BEE
S3150801C0301B78002B08BF0024BDF832302B8005E0A1
S3150801C0405A1C5B780692002BE8D0072420460FB0CD
S3150801C050BDE8F083002EE2D0024606A90AA8FFF73A
S3150801C06099FF0646DBE75668002E59D00A9601263F
S3150801C070128909880690ADF82010ADF82230ADF87E
S3150801C0802410ADF83020ADF83230ADF8342006A8CA
S3150801C090FFF7ADFE044658B11728D7D12EB10AA825
S3150801C0A0FFF7A5FE172808BF0024BDF82230C5E70B
S3150801C0B0002EECD00AA8FFF79AFE26460028E6D1FC
S3150801C0C09DF81E309DF82E409C42E0D1BDF81C100B
S3150801C0D0069803AB0DF10A02DDF82880BDF82C603D
S3150801C0E0ADF80A40EBF7CDFBDFF83C90BDF81070D0
S3150801C0F047B13B4631464046039ACDF80090EBF7E7
S3150801C10026FD18B9B4FA84F67609C0E73E44E41B5D
S3150801C11003A90DF10A00B6B2A4B212F035F8E5E7A3
S3150801C1200FB0BDE8F043A3E6BDB4010830B5044637
S3150801C1300D4685B001AA0A23EBF727FC6289C5F5E6
S3150801C1407F43F63313445BBAADF80C3029460A230C
S3150801C150204601AAEBF732FD05B030BD70B50D4694
S3150801C1601446064602460A2321462846EBF70DFCE5
S3150801C17040B933896A895BBA0A3414FA83F393425C
S3150801C18088BF062070BD7FB505460E46144614B90C
S3150801C190204604B070BD31462846FFF769FE0028DF
S3150801C1A0F7D12946328801A8FFF7D8FF0028F0D130
S3150801C1B0BDF80C3032885BBA0A331344013C33802C
S3150801C1C0A4B2E4E72DE9FF4780460D4692460A8860
S3150801C1D0014601A89946BDF83070FFF7BFFF06462C
S3150801C1E0B0B9BDF80430BDF80C405BBA64BA9BB26D
S3150801C1F0A4B25345298804F10A040DD1A7420BD8E4
S3150801C2003B464A464046EBF7C0FB2B881F442F8026
S3150801C210304604B0BDE8F087214417262980F7E7A0
S3150801C2202DE9F04F06468846144687B01D460B8809
S3150801C230BDF844A0BDF84CB0ADF80A30FCB13046A3
S3150801C240109A0DF10A01FFF7D5FEB0B1172817D1DB
S3150801C2500027BDF80A9031464A4603A8FFF77EFF34
S3150801C26070B9013CA4B2C7B9BDF8143009F10A0284
S3150801C2705BBA1A44ADF80A20E0E70127E9E7172077
S3150801C28007B0BDE8F08F129B0A371B89013D5BBADF
S3150801C2901F44ADB2ADF80A70D0E752463046129B3C
S3150801C2A0CDF800B00DF10A01BDF80A70FFF78AFF53
S3150801C2B01728C3D00028E3D1002DE4D1BDF80A30F0
S3150801C2C0A8F80030DCE72DE9F04304460F46154689
S3150801C2D028264FF00A0889B00DF114092FBB238AC5
S3150801C2E0628AADF812300523CDE90298CDE90053EB
S3150801C2F00DF112010023A068FFF792FF172819D044
S3150801C30080B9A368BDF81220C5E900032A81184639
S3150801C3100DF11201FFF7ACFD20B9013EB6B2002EB0
S3150801C320DCD1062009B0BDE8F083238B628BADF81A
S3150801C3301230D8E70020F5E70823EBF726BB40289B
S3150801C3400ED8272804D8202814BF002001207047BA
S3150801C3504FF001332838C0B2C34003F001007047DB
S3150801C3606028F1E713B50B466C461B780246086848
S3150801C370496883F0020303C48DF800306B4603CB8A
S3150801C3801060516002B010BD0368B3F17F4F05D14B
S3150801C3908088A0F1FE035842584170470020704733
S3150801C3A008B50246FFF7F0FF20B19079A0F1FC032A
S3150801C3B05842584108BD036813B9436873B1EFE79A
S3150801C3C00333FCD14FF6FF7382889A42F7D18379FA
S3150801C3D0FF2BF4D190F90730002BF0DA01207047D2
S3150801C3E00268034642B9406840B99A683AB9D868BA
S3150801C3F0B0FA80F040097047002070471046704730
S3150801C400026803464AB9406848B99A6842B9D86881
S3150801C41000F17F4358425841704700207047104643
S3150801C4207047034630B5064C04F11005224603CA87
S3150801C430AA4218605960144603F10803F6D130BDC3
S3150801C440ECFD03080A7CFFF7C7B808B50278FF2A8E
S3150801C45003D1407800F00F0008BD48F2FE020388B8
S3150801C46023F47C53934206D0FFF7CAFF00280CBF7A
S3150801C4700E200020F0E70220EEE7837C5A0700D45D
S3150801C480E3E7C3F3C300704708B50378FF2B05D16B
S3150801C490FFF7DBFF831E5842584108BD0020FCE721
S3150801C4A048F2FE02038823F47C53934200D0EBE75B
S3150801C4B0012070472DE9F041644D8AB02B7A18079F
S3150801C4C008D4590706D455F8344CA5F5805624B92D
S3150801C4D0C6F8EC4F0AB0BDE8F0812379E769DA07B7
S3150801C4E01BD5C3F380185B0617D4204611F070FCE0
S3150801C4F0022812D02379677943F010037F09237143
S3150801C5000DD0DBB268F30413204602212371E769D3
S3150801C51011F038FC204616F0F1FB3C46D7E72B7A9A
S3150801C5206A4667F300032B72394628232046EBF740
S3150801C5302CFA9DF80830FF2B7ED0454804A9EEF762
S3150801C540FCF80223434986F8F83F01F5B570EEF782
S3150801C550FDF830B9B6F8823EA6F8F03F012386F811
S3150801C560F83F95F85930012B34D806A8FFF78CFF08
S3150801C570074600284FD148F2FE02BDF8183023F4C9
S3150801C5807C539BB2934257D1334808A9EEF7D5F8A5
S3150801C5900223AB70237967F3041323712379E769BF
S3150801C5A0D907BAD5A389C6F8EC4F002B48D096F817
S3150801C5B0483EDA078ED596F8493E042B8AD0B6F856
S3150801C5C04A3EDB0686D4042124480AB0BDE8F04178
S3150801C5D0EDF76ABC9DF81820FF2A12D048F2FE0230
S3150801C5E0BDF8183023F47C539BB2934219D11A48EB
S3150801C5F008A9EEF7A2F80223AB7023796FF30413A7
S3150801C600CBE7022B07D12379980704D5A37903F041
S3150801C6100F03012B05D14FF6FF73A6F8FA3F012345
S3150801C620EAE795F89E3003F00F03072B14BF4FF680
S3150801C630FE73B5F89C30F0E7237967F3041363E7D3
S3150801C640237943F008032371B1E700BFC83F0020EF
S3150801C650B83F00204E3E0020C23F0020103E002079
S3150801C66008B50378FF2B06D1FFF7EFFE032894BF21
S3150801C6700020012008BD0020FCE72DE9F843074604
S3150801C6800D4616460024DFF82C80DFF82C90A642CA
S3150801C69001D1BDE8F8831CB141462846EBF787FF6F
S3150801C6A037F81420494652BA284692B2EBF77FFF6B
S3150801C6B00134ECE7C60C0408D0EB030838B50D467F
S3150801C6C004460246282300212846EBF75EF980B97D
S3150801C6D0237803F0F003602B0BD1A3885BBA9BB2D6
S3150801C6E02833B3F5A06F04D86A89934218BF062088
S3150801C6F038BD0620FCE7037813B14078023070474D
S3150801C70001207047F8B50F4616460546024601232D
S3150801C71031463846EBF70FFA044610B92B7813B9A8
S3150801C72068702046F8BD02232A4631463846EBF79B
S3150801C73002FA38B92846FFF7DEFF7388834238BF05
S3150801C7400624EEE70446ECE7002301290360C0F856
S3150801C75003301FBF01230239037041707047F7B5D3
S3150801C760937C0646DB090D46144646D001290CBFC3
S3150801C7702020402010F03CFF214890F8DC3993B185
S3150801C78090F8553A7BB1637C012B0CD1D0F8702A0D
S3150801C79000F668239A4206D1C5F10501C9B200F52A
S3150801C7A02060FEF75FFF06F114039C4203D306F1EE
S3150801C7B074039C421FD3B768EFB1237C20468DF8DA
S3150801C7C004300094FFF759FEA27C00F00F03C2F370
S3150801C7D0000243EA0213E27C2946C2F3000243EA55
S3150801C7E042139DF80520684622F03F0213438DF84F
S3150801C7F00530F268B84703B0F0BDC1F10200B9E7E8
S3150801C800C82F002010B50446D1B1636803F1780238
S3150801C810914210D3D83399420DD2237A022B0CD0E8
S3150801C820032B0FD0012B0BD10846FFF7D9FD10B901
S3150801C8300B78FF2B04D10969E6E70B78FF2BFAD1B0
S3150801C840216010BD0846FFF70BFF0028F3D0F7E774
S3150801C850182200211FF0B0BE034610B55A7C0846BF
S3150801C860D209097C05D01A7C8A4204D000221046D6
S3150801C87010BD8029FBD11C7C19462246EAF7BEFE6B
S3150801C88084428CBF00220122F1E72DE9F043C37DE2
S3150801C89005468B420C4697B025D041B902AB0093A9
S3150801C8A04FF4A003019383688DF80810A3B90120FA
S3150801C8B0EC7517B0BDE8F083002A14BF3A46424624
S3150801C8C049466846EBF773FE0136A968B2B251F8D4
S3150801C8D02230002BF0D1EAE70E46044FDFF810802C
S3150801C8E0DFF81090F1E70020E3E700BF19E6030837
S3150801C8F0781B04080009040890F87A301A1F012ADF
S3150801C9000BD9072B04D1002380F87A300020704711
S3150801C91013F0FD0FFAD00223F6E70D20704738B55C
S3150801C920037804468B4230D0054605F8801B023948
S3150801C930012902D8DFE801F006272846BDE8384074
S3150801C940ECF769B8436ADBB1EAF7FEFDD4E90931C8
S3150801C950421A9A4211D21944091AB1F5FA7F38BF17
S3150801C9604FF4FA71002363620A20EBF72DFC0146A6
S3150801C9702846BDE83840EBF7DABF4FF4FA71F1E71C
S3150801C9804FF4FA71F0E78168F2E738BD2DE9F04313
S3150801C99090F87A80044611F808300F4643459146C7
S3150801C9A014BF01260026C56F8BB018BF80F87A30F0
S3150801C9B055BBB8F1060F23D094F87A30062B1FD150
S3150801C9C094F8A030042B2ED0052B01D0032B17D1B8
S3150801C9D06A46174604F13E0304F14E0C15461868DB
S3150801C9E05968083303C563452A46F7D1B4F84E306A
S3150801C9F03946ADF810300C20122305AA10F0A5FC13
S3150801CA0030460BB0BDE8F083B9F1010F02D12B6AAC
S3150801CA10002B06DAEB7D2846F95CFFF736FF304333
S3150801CA20C6B2ED69C4E70C2010F0A6FA0C28E7D1C6
S3150801CA30FEE77FB5044601AD00F1700393E80700F0
S3150801CA4085E8070094F87A10072909D10022226798
S3150801CA505A609A6094F87A30072B18BF84F87A10CE
S3150801CA604FF4E1630421A3602046FFF758FF002332
S3150801CA701A46E16F29B92A462046FEF734FD04B065
S3150801CA8070BDC87DCE69072807D14AB9E06F08B1DC
S3150801CA90C069E067CB610B4611460A463146E9E7AC
S3150801CAA0D0690028F6D0C069D061F3E72DE9F341D2
S3150801CAB00446684616F0A2FC2778012F34D9236F5D
S3150801CAC093B394F87A30072B0CD8DFE803F01D0BE3
S3150801CAD01D0B040B152D01264FF00208E56F45BB0A
S3150801CAE016B11DE0052B22D1042F1DD1694604F18B
S3150801CAF08000EBF799FF17E0E268009B9B1A002B71
S3150801CB0015DB022384F87A30E36F6BB194F8793038
S3150801CB1013B994F878303BB194F87A30052BDAD109
S3150801CB2002212046FFF7FBFE02B0BDE8F081002690
S3150801CB30D2E7EB7D062B0DD8DFE803F00B0C0B0CC7
S3150801CB400B0C0400A969009B5B1A002B04DB85F812
S3150801CB5017800126ED69C2E76846EBF7D7FDF9E7C5
S3150801CB602DE9F04304460E468BB004A816F0D5FB12
S3150801CB702378B589012BADF8005040F22781042BA3
S3150801CB8000F024810C232946304604AAEAF7FDFE63
S3150801CB90002840F01B819DF81230DA0900F0168151
S3150801CBA0C3F3C303052B40F01181BDF81030628829
S3150801CBB05BBA9BB2934240F009818C4B93F85B3088
S3150801CBC01B0701D40CF098FF00229DF81330884901
S3150801CBD003F00F03CF5C84F8A2203FB394F87A30B0
S3150801CBE03946012B08BF84F87A200A22A368204611
S3150801CBF0B3FBF2F37F4A03EB0313934294BFA3609B
S3150801CC00A260237804F17002052B1CBF052323704B
S3150801CC100023FEF768FC1D2F02D0082F40F0D680AE
S3150801CC2020460BB0BDE8F0430CF090BEBDF81430B9
S3150801CC300C35ADF800509BB1B3F5807F40F0C68046
S3150801CC4069463046FFF714F9002840F0BF80BDF861
S3150801CC50003072890433934200F2B880ADF800308F
S3150801CC60BDF81650BDF818306DBA5BBA1D44BDF84B
S3150801CC701A305BBA1D44ADB205BB63694FF47A70CD
S3150801CC80F02B40F2A680783B584303D043F698210F
S3150801CC90EBF7A8FAE3681844E36FE060002B40F06D
S3150801CCA09D80012254492046FFF770FE2046FFF772
S3150801CCB0C0FE20460BB0BDE8F043F7E669463046AC
S3150801CCC0BDF80070FFF7D4F800287FD1BDF80090B1
S3150801CCD00A234946304601AAEAF757FE002875D1C4
S3150801CCE0BDF80C3072895BBA09F10A091FFA83F893
S3150801CCF019FA83F3934269D8ADF80030BDF80430C8
S3150801CD00013DB3F5245FADB2B6D130460DF102014E
S3150801CD10ADF80270FFF7ACF8BDF8027073890A37EF
S3150801CD20BFB2B8449845ADF802704FD81FFA88F8D3
S3150801CD30B845A1D904233946304607AAEAF725FE9C
S3150801CD40002840D1BDF81E2052BA92B2131DD91936
S3150801CD5041453BD8BDF81C109BB2B1F5007F2FD1D8
S3150801CD60032A33D90C2B28BF0C233946304607AA88
S3150801CD70EAF70BFEBDF81E30B3F5806F0ED10898A1
S3150801CD80EAF760FC1D4B834228BF03461F461B4B2F
S3150801CD906761984294BFA061A3616DE75BBA9BB2D4
S3150801CDA0072B13D90898EAF74DFC07460998EAF7BD
S3150801CDB049FCB8420AD3114B9F4228BF1F46E6E7F2
S3150801CDC03B449FB2B4E717283FF456AF0BB0BDE812
S3150801CDD0F0834343E06800EB53005DE7DA7D02F038
S3150801CDE0FD02012A08BF9861DB6957E7C83F0020A1
S3150801CDF02808040880EE3600200904089AC4200091
S3150801CE0010B50B4B044693F8590016F034FA68B17D
S3150801CE1023785BB994F8A030012B07D104F18C0073
S3150801CE204FF47A71BDE81040EBF781BD10BD00BF24
S3150801CE30C83F0020122200211FF0BEBB38B50546A7
S3150801CE4008300C46EAF74CFB50B1A96800220B469C
S3150801CE5043B92046FFF7EEFF04F11200FFF7EAFF98
S3150801CE60002038BD9C4207D01A461B6BF0E7136BAE
S3150801CE703BB11B6B136304E0002AF8D109B10B6BB4
S3150801CE80AB6000232363E4E701460148D6E700BF08
S3150801CE906036002070B5037804460D4616462BB356
S3150801CEA000221649FFF772FD04F12C00FFF7ECFF8B
S3150801CEB0637823F01F03637016B94FF4E163A36027
S3150801CEC020460021FFF72BFD0020012D84F8A20042
S3150801CED003D094F8A03063B970BDD4F89830002B0C
S3150801CEE0FAD0D4F89C10BDE8704018470029F3D150
S3150801CEF0EFE7002384F8A030EEE700BF280904080D
S3150801CF00382200211FF058BBF8B504460D460146E4
S3150801CF100D48EAF7E5FA00B1FEE72046D4E90976B5
S3150801CF20FFF7EEFF2146C4E90976074884F834502D
S3150801CF30EAF7D6FA28B9054BD3F8A0262263C3F82F
S3150801CF40A0460020F8BD00BF68360020C82F002083
S3150801CF50036810B5044673B1017BFF2902D0ECF7CB
S3150801CF60ADFE40B92146FF2301F80C3F2046BDE836
S3150801CF701040ECF7ABBE10BD70B5866900F1100321
S3150801CF809E4204460D4603D0837A1D44857270BDC0
S3150801CF904368002BFBD00368002BF8D0FFF7D8FFB6
S3150801CFA0237B2189A572E37201310020EBF70CF985
S3150801CFB001463046BDE87040EBF7B9BC012101488E
S3150801CFC0DAE700BFBC45002030F8082B72B1084BE0
S3150801CFD093F8591051B1A3F5805393F8483E5B076E
S3150801CFE004D44FF47A715143EBF7A1BCEBF713BDA7
S3150801CFF0C83F002008B50B4890F85930022B0DD1CF
S3150801D000A0F5805393F8483E5B0707D4B0F8CC34B3
S3150801D01058300133A0F8743417F074FCBDE80840A1
S3150801D0200148D1E7C83F00209044002010B50446C6
S3150801D030EAF78AFAA06110BD38B5224D044695F87B
S3150801D040593033B195F85B0010F0080001D110F0A2
S3150801D050E5FB94F82430012B02D0022B0DD038BD04
S3150801D06004F11000EBF7D7FC2B7A590705D56FF3B6
S3150801D070820315482B72EBF739FB144890F8483EA2
S3150801D0809A060AD56FF3451380F8483E90F8523E42
S3150801D09000F64860C372ECF7C4FE94F86E309B073D
S3150801D0A00AD54FF6FF710A48ECF7A6FE94F86E30DA
S3150801D0B06FF3410384F86E3004F10800BDE8384087
S3150801D0C0EBF714BBC83F0020D43F0020C82F00202F
S3150801D0D0103E002038B592F824300546012B144637
S3150801D0E002D0022B1DD038BD09B10F2916D12B79D3
S3150801D0F0284643F001032B71FFF798FF0B4B0C4AA7
S3150801D100C5E90934137A04F1100043F004031372D4
S3150801D1104FF49671BDE83840EBF709BC022382F853
S3150801D12024302046BDE8384086E700BFD5D001083F
S3150801D130C83F002037B5837F04460DF107012C301F
S3150801D1408DF8073010F024F9054668B99DF80730BF
S3150801D150A27F9A4208D0A3778DF800306946012349
S3150801D160082001AA10F0F1F8284603B030BD0123C2
S3150801D17010B543770446EAF7E7F9206204F12C0073
S3150801D180BDE8104010F016BA10B5437F0446022BCD
S3150801D19004D1037FDB0701D516F06CF9002294F858
S3150801D1A03E30627762F3000384F83E3004F12C00C6
S3150801D1B0BDE8104010F0C2B910B50446FFF7E4FF08
S3150801D1C0A37F20460133A377FFF7B4FF18B920469A
S3150801D1D0BDE81040CBE710BD4FF6FE720D4B10B5FA
S3150801D1E0B3F858140446914213D0B3F85A040128E7
S3150801D1F00DD90CF087FEB4F844300BB1834208D937
S3150801D200A4F84400606CBDE8104016F07FB8012010
S3150801D210F1E710BDC83F0020002343804FF428736F
S3150801D22003806FF07003837070474FF4B4732DE970
S3150801D230F04FADF54F7D19AE0446059174AF002147
S3150801D240154630464FF4B272ADF8CC3172971FF0DD
S3150801D250B3F94FF4B272314638461FF04FFA00213E
S3150801D2602468182209A807911FF0A6F9204609A9DA
S3150801D2700BF034F990B920223146204608AB0BF061
S3150801D2804BF958B9089B0090CDE90163DDE90B32EA
S3150801D290BDF8241007A805F0E3F908B100230793A0
S3150801D2A0079B049363B3002374990793002940F0FD
S3150801D2B03681DFF810834FF4AE7276A81FF07CF939
S3150801D2C043464FF48062049807A90BF06CF882462E
S3150801D2D030B9079F3A88B2F5885F12D06FF0860A8F
S3150801D2E074A80AF0C9FE07980BF048F85046FBF7F0
S3150801D2F0CBF8044604980BF0B9F8002C00F012811B
S3150801D300FEE7BDF8D421D7E9086422F4FF7222F0BA
S3150801D310010242F49072ADF8D4217A68120A012A00
S3150801D32000F0CF80A64B9A4200F0BE80002AD5D1E4
S3150801D330234632463946CDF8008076A8F2F788FAB0
S3150801D340824630B90423079874930BF017F882467E
S3150801D350CCE710F1860FC3D1DDF8D881B8F1000FFB
S3150801D36040F0DD80974BDFF86092402C08AF76934A
S3150801D370CDF8DC913C6055D940234FF0000B22468D
S3150801D380C7F800B0314600934846019709ABF2F752
S3150801D3900BF910F1860F824638D15946DC2219A8B5
S3150801D3A01FF00AF9402349463B6019A80AF044FDD3
S3150801D3B0834658B119A80AF0CDFCDA46402109A8D6
S3150801D3C009F048FE76A80AF02CFE89E7199B4B4519
S3150801D3D025D1224631461AA8F2F7A6F911F068FDB9
S3150801D3E009F069FE83460028E4D13B46402209A993
S3150801D3F019A80AF07DFD834619A80AF0ABFC8246F6
S3150801D400BBF1000FD9D110F1860FD7D0BAF1000FB1
S3150801D410D4D109AE324600233746089C10E06FF096
S3150801D420880BC7E7002CF4D02246314609A81FF01D
S3150801D43065F9EEE71178013381F0360102F8011B2F
S3150801D440A342F7D1C4F140094A46362130191FF0E3
S3150801D450B3F80DF2BF2244450ED1B0AB4A465C2162
S3150801D46018191FF0A9F8584978A80AF013FD824639
S3150801D47058B140213846A3E716F8013B08F10108DF
S3150801D48083F06A0302F8013FE5E709A9402278A873
S3150801D4900AF0AAFC8246402109A809F0DBFDBAF187
S3150801D4A0000F8FD101234EE7234632463946CDF880
S3150801D4B0008076A8F2F7CCF9824600283FF442AFFD
S3150801D4C00EE7002E3FF40AAF0146B82276A81FF0F0
S3150801D4D073F83B88B3F5885F7FF400AF224631467F
S3150801D4E0384676ABCDF85882F1F725F882460028FA
S3150801D4F07FF4F6AE7B88DA08203BB3F5F47F959284
S3150801D500BFF4ECAE7B9B1C329342FFF4E7AE7EABD5
S3150801D51018467A991FF0F2F805237A9013E76FF007
S3150801D520880ADDE6059807A9EAF72FF8042207A96C
S3150801D53072A8ECF742FA0622244972A8ECF73DFADA
S3150801D540729E0DF12008C8F80040002E00F00081F7
S3150801D5503368002B00F0F6807279D20740F1F28029
S3150801D5603779002F00F0EE80202F00F2EE80042B91
S3150801D57000F0B980052B00F0C180012B40F0DF8057
S3150801D580B268002A00F0DE80114B22F47E1199421E
S3150801D5904BD1F368002B46D0F06C002843D000230A
S3150801D5A01022099319A909AB11F010FC10F1860F85
S3150801D5B004460FD088B3933435D16FF06F040BE06E
S3150801D5C002008000090080030900000230090408EE
S3150801D5D00002C0036FF07104102119A809F03AFD81
S3150801D5E0204609F068FD044600286AD02023002059
S3150801D5F0C8F800303071C0F12002212128441EF0FC
S3150801D600DBFF30460AF038FD002C18BF2046FAF732
S3150801D6103BFF002800F09F80FEE73A46284619A9F5
S3150801D6201FF06CF8D8E7534CD6E7534B1340B3F1C8
S3150801D630607F40F087800022D6F80C904F495FFA48
S3150801D64089F343F000738B42099240D003F17E437C
S3150801D650043B0F2B3ED84A4A134493F82EA006F1F1
S3150801D660100B2022584609AB19A90AF0BDFC04463D
S3150801D6700028BBD1494658460AF00CFC044658BB5B
S3150801D6805246584606F1F0010AF0AEFB044618BBAD
S3150801D6905846099A19A90AF0A7FB0446E0B92022B7
S3150801D6A0584609AB19A90AF09FFC0446A0B919A95D
S3150801D6B03A4628461FF022F8099911B119A809F026
S3150801D6C0C9FCC8F800700024D8F8000093E74FF0A9
S3150801D6D0400AC4E79246C2E70999002986D019A8E3
S3150801D6E009F0B8FC82E743463A46294606F108009E
S3150801D6F011F06CFB04460028E5D077E7D6F88820B8
S3150801D7001D4B1340B3F1607F0ED1D6F8AC20CAB1D8
S3150801D71097421AD3284606F18C011EF0EFFFD6F878
S3150801D720AC30C8F80030CEE73B462A46CDF8008033
S3150801D73006F1080106F1880011F09EF9DAE76FF0A3
S3150801D740860453E76FF0880450E76FF089044DE7C4
S3150801D7506FF086005BE7729828B10AF08DFCFAF73C
S3150801D76093FE18B1FEE76FF08600F8E70DF54F7DD9
S3150801D770BDE8F08F009FFFFF0000C07F0300000295
S3150801D780080904082DE9F043044697B041680EAA32
S3150801D790FFF74BFD0AAE00220EA904F10800ECF7CB
S3150801D7A0E6FF06AF304615F0F1FD02AD384615F035
S3150801D7B0EDFD284615F0EAFD0122304612A9ECF7DF
S3150801D7C0D6FF616820460EAA0139FFF72EFD012210
S3150801D7D0384612A9ECF7CBFF616820460EAA01313B
S3150801D7E0FFF723FD2846012212A9ECF7C0FF63685B
S3150801D7F0344CDDF81890D4F8A40E03F07F0808F12C
S3150801D8000108484584F8D88E03D0FBF7B3F8C4F865
S3150801D810A49ED4F8B40EDDF82890484503D0FBF74A
S3150801D820A9F8C4F8B49ED4F8C40EDDF808904845A2
S3150801D83003D0FBF79FF8C4F8C49EB4F87C3E9B0658
S3150801D8403CD5EFF31183302282F3118800221E4C56
S3150801D850626083F31188BFF36F8F04F10C0C97E8AC
S3150801D8600F0004F11C078CE80F0096E80F0004F17D
S3150801D8702C0687E80F0095E80F0086E80F004FF69B
S3150801D880FF731022A38784F83E306146E06801AB36
S3150801D89084F80180FAF75CFF00B1FEE710223946E9
S3150801D8A0E06901ABFAF754FF00B1FEE710223146F1
S3150801D8B0E06A01ABFAF74CFF00B1FEE717B0BDE825
S3150801D8C0F08300BFC82F0020604F0020436870B561
S3150801D8D08B420446154605D1BDE870404FF4807069
S3150801D8E00FF026BFD00701D5A38F53BB0023154AD6
S3150801D8F0A362C2F8D43EB2F87C2E92060AD5EFF39B
S3150801D9001182302080F311880F48436082F3118811
S3150801D910BFF36F8F002620466160E662FFF732FF8C
S3150801D92004F1400026870949EBF701F8AB0748BF20
S3150801D930638F4FF4807048BFA387BDE870400FF02E
S3150801D94057BE70BDC82F0020604F002080EE3600FC
S3150801D95008B50F490F48EAF7EAFF0F4BB3F8102E3F
S3150801D960B3F8141E013292B2A3F8102E11B101397F
S3150801D970A3F8141EB3F83C1E914207D8D3F8DC1D50
S3150801D9800222BDE80840054801319FE708BD00BFEE
S3150801D99080EE3600E03D0020C82F0020A03D002083
S3150801D9A01B4AF8B5CE68D2F8DC4D0546A6422DD9F4
S3150801D9B00A7D341B52B3022A1CD10F69384615F069
S3150801D9C09DFC18B3012C18D06C78204615F053FC31
S3150801D9D0E0B1BB7F03F00F03072B17D1022C15D13A
S3150801D9E005F128039F4211D12846BDE8F8400121D7
S3150801D9F016F0B6BE012C07D1002444F002023146C6
S3150801DA00BDE8F840034861E70022F8E7F8BD00BF22
S3150801DA10C82F0020A03D002030B50446134887B022
S3150801DA200D4605909AB10598FAF7A4FF1023CDE99A
S3150801DA30015301234FF488510D4A009305A841F279
S3150801DA40010304F00DFEFAF71FFD20B1FEE7FAF710
S3150801DA5089FE0028E7D02068059B984201D0FAF78D
S3150801DA6089FF059B236007B030BD00BF0100020096
S3150801DA70090080030378024613F001001CBF402306
S3150801DA800B70137818BF01209B0710B541BF0924F5
S3150801DA90431C0C54D8B213785C0741BF0A24431CB3
S3150801DAA00C54D8B213781B0741BF0B22431C0A54E6
S3150801DAB0D8B210BD7F2930B51FD001EAE17341788C
S3150801DAC05B423F298CBF0022012202EBD10202F000
S3150801DAD01F0262F3C701417001889BB2DB00551E24
S3150801DAE0C1F30A049BB205FB043393FBF2F30A461E
S3150801DAF063F30A020280002030BD0720FCE7437861
S3150801DB000278FF2B1CBF01334370437810B5082BED
S3150801DB1028BF08235C1E04FB021191FBF3F1017077
S3150801DB2010BD7F2938B5044620D04378C170072B2C
S3150801DB308ABF8578FF2505F00305FFF7BBFF024677
S3150801DB40A0B92046FDF7EAFC64300306C1B20ED53A
S3150801DB50022D1FD8124B2B4493F83E3093422CBF0B
S3150801DB6000230123A27863F30102A27038BD022DB6
S3150801DB7095BF162014200A4A0A229BBF521992F809
S3150801DB803E30022392F84120884205D38A4205D3C2
S3150801DB900A46E3E70223E1E70323E3E70223E1E792
S3150801DBA0080904080B4610B5C478011DE21D18467C
S3150801DBB0D2081EF0A3FD047410BD38B5037A0D46CC
S3150801DBC0012B144603D0022B1BD0062038BD4FF07B
S3150801DBD0FF3100230288E1706FF001012370637041
S3150801DBE0A370637153BA2171E3802A7C402A06D94E
S3150801DBF0403A2046D2B205F10801FDF7EDFC0020B6
S3150801DC00E4E701461046FEF7ADFBEEE730B58C8832
S3150801DC100A68032C01D8062030BD137803F0D8030F
S3150801DC20C02BF8D113885BBAC3F30A030380538860
S3150801DC305BBA4380137813F020030BD0042CEAD087
S3150801DC4005251379DB002A44641B838000200A60BA
S3150801DC508C80E1E70425F6E7132200211EF0ACBC0F
S3150801DC6003681969FEF7CEBD10B550220446002196
S3150801DC70B8301EF0A1FC0348EBF74BFDC4E90601D9
S3150801DC8010BD00BFDC1F002038B5044620480D46EC
S3150801DC90EBF73FFDD4E90632C31A61EB0202C4E988
S3150801DCA00601D4E93E01C01842EB0101C4E93E016F
S3150801DCB0042D0BD8DFE805F0030B131B2300D4E969
S3150801DCC03410C91842EB0000C4E9341038BDD4E950
S3150801DCD03610C91842EB0000C4E93610F6E7D4E954
S3150801DCE03810C91842EB0000C4E93810EEE7D4E948
S3150801DCF03A10C91842EB0000C4E93A10E6E7D4E93C
S3150801DD003C10C91842EB0002C4E93C12DEE700BF29
S3150801DD10DC1F002030B5044699B02422002104A84E
S3150801DD201EF04AFC02236578ADF83430284615F012
S3150801DD30A2FA002844D0A388254AADF81230236AEE
S3150801DD40D2F8860ED2F88A1E089309AB03C3D4F813
S3150801DD501802D4F81C12022D03C34FF005038DF8DF
S3150801DD601050ADF83430A5700DD1A06AE16A01AB47
S3150801DD7003C3B4F848300420ADF80C300EAA0A23C0
S3150801DD8001A90FF0E2FA124DA268D5F8DC3D03208D
S3150801DD900593D5F8043E04A913440693D5F8003E25
S3150801DDA013440793E3780EAA8DF8113026230FF052
S3150801DDB0CCFA069BC5F80C3E079BC5F8083E04E05D
S3150801DDC004A80FF0ABFA0028DDD019B030BD00BFAA
S3150801DDD0C82F002038B5044600F5FC7528460FF013
S3150801DDE0ADFB04F500700549FEF7BCFA28460FF0AD
S3150801DDF0E1FBBDE8384008200FF0FABB4E3E002093
S3150801DE0040F60B03F0B5124C85B094F83B7394F8C1
S3150801DE103A630546A06FADF8043084F87D7084F83E
S3150801DE207E60E9F70FFC94F87C30CDF806008DF892
S3150801DE300A3094F87F30294601A88DF80B708DF8C1
S3150801DE400C608DF80D30EBF75FFA05B0F0BD00BF39
S3150801DE50C83F0020054B93F85B20120704D41B2109
S3150801DE60B3F8CA24EBF73BBC00207047C83F002033
S3150801DE7010B504460648EDF775FE38B12046BDE8EB
S3150801DE80104008231621024AEBF7E7BB10BD00BF75
S3150801DE901C3D002070B50546FFF7EAFF044658B950
S3150801DEA00648EDF75FFE38B12846BDE870400823FD
S3150801DEB01721024AEBF7D1BB204670BD483D002029
S3150801DEC038B505780446BDB9C0E901120B4890F882
S3150801DED0591001290ED9022902D1583016F040FCF1
S3150801DEE04FF47A712046012300F80C3BEAF71FFD2F
S3150801DEF0284638BD2946F5E70525F9E7C83F002034
S3150801DF0038B500F1100504462846EAF784FD0D4B9D
S3150801DF1093F85930A3B12378013B012B03D828463E
S3150801DF206168EAF76FFD2378012B09D0237A013B53
S3150801DF30012B05D82846E168BDE83840EAF762BDF5
S3150801DF4038BD00BFC83F0020838823B9036813B9C9
S3150801DF5006200EF0F4BF06200FF07CBE10B5837FB5
S3150801DF60044603F00F028A420FD061F30303837755
S3150801DF7003F00F03072B08D10448EBF7CAFB4FF44C
S3150801DF807A7200231EF088F9606310BDDC1F002039
S3150801DF9038B5457804468D4204D1BDE83840042099
S3150801DFA00FF0C6BB417004200FF022FB012D0CD1E6
S3150801DFB0607815F060F940B13748EBF7AAFB4FF4E2
S3150801DFC07A7200231EF068F9606129462046FFF738
S3150801DFD05BFE6378042B3DD8DFE803F0030B1130B1
S3150801DFE03600B4F8B8300133A4F8B830002D3CD067
S3150801DFF031E0B4F8BA300133A4F8BA30F6E7B4F828
S3150801E000BC30012D03F10103A4F8BC3008D1E37833
S3150801E010227883F00803C3F3C00363F3C3022270B3
S3150801E02094F846301B0720D0B4F84830022B1CD987
S3150801E030E37883F00803C3F3C00317E0B4F8BE30EE
S3150801E0400133A4F8BE30D1E7B4F8C0300133A4F8DF
S3150801E050C030CBE7DDB1002104F12800FFF77EFFD0
S3150801E060012D14D16378022BD1D000230B4890F8E7
S3150801E070682EC2F3400199420DD063F3410280F83C
S3150801E080682EBDE8384000F64860ECF7A1BD637814
S3150801E090022BC5D0E9E738BDDC1F0020C82F0020B8
S3150801E0A010B504465C2200211EF086FA002120469E
S3150801E0B0FFF754FFFF2384F83B3084F83C3010BD4A
S3150801E0C0F8B5314D044695F859200E46002A59D01F
S3150801E0D04378002B56D1012A18BF03811430FFF764
S3150801E0E0DFFF6378A670012B1CBF0123637095F8C7
S3150801E0F0593004F17006012B42D1208910BB40F238
S3150801E100EE21EAF761F8411C3046EAF710FC95F86A
S3150801E1105930012B36D14FF6FF72238901339BB251
S3150801E120002B08BF13462381B5F81A3195F85B0011
S3150801E130013310F00800A5F81A3123D1BDE8F840DB
S3150801E1400FF00EBB013880B21F2812D841F2AC225B
S3150801E150834093420DD8FB278740EAF722F83223FA
S3150801E160B0FBF3F202FB13013944B94238BF394611
S3150801E170CAE74FF4FA610548EAF734F80746ECE7C7
S3150801E1800121C1E7F8BD00BFC83F0020804F12003A
S3150801E19038B5037804460D46082B30D8DFE803F076
S3150801E1A0050D202531383E114500887F00F00F0006
S3150801E1B0072814BF0020012002E00846EBF79FFD5F
S3150801E1C0F0B14FF6FE726388934202D0AA8B9A4247
S3150801E1D015D1606870B32946BDE83840ECF7B6BA80
S3150801E1E08B7F03F00F03042BE3E78B7F03F00F0309
S3150801E1F0012BE6D00C3303F00F03032BE1D90020E2
S3150801E20038BD8B7F13F00F0F0CBF01200020D7E715
S3150801E2108B7F13F00F0018BF0120D1E70846EBF7F3
S3150801E2206EFD80F00100C0B2CAE78B7F03F00F03D1
S3150801E230052BBEE70120E3E72DE9F0410D46164619
S3150801E2401F469DF91880C46A0CB9BDE8F08115B15D
S3150801E2502379AB4212D1032E10D8DFE806F0021F4C
S3150801E260363263799A0709D4DB0709D42468002C66
S3150801E270EBD0002DF5D02379AB42F2D02468E3E741
S3150801E280E3683946013304F10A00E360FFF737FC16
S3150801E290414604F10800FFF70DFCE7E76079C0F392
S3150801E2A040000028EAD0E3683946013304F10A0040
S3150801E2B0E360FFF724FC414604F10800FFF7FAFB87
S3150801E2C0DCE76079C0F38000EBE76079C0F3C00052
S3150801E2D0E7E7F8B504460F4690F8306000EB0616F6
S3150801E2E0B442254601D1002506E020463946E9F71C
S3150801E2F0DBF810340028F3D02846F8BD002370B5A2
S3150801E3000D4616460B6004680CB9204670BD3146A9
S3150801E3102046E9F7C9F80028F7D12C602469F3E704
S3150801E32037B50A46044601A90430FFF7E7FF054653
S3150801E330E8B104F1780398421BD304F1D803984253
S3150801E34017D2019B6BB963680BB11B6963604FF404
S3150801E35000500FF04DF90020636F2B61656703B01C
S3150801E36030BD1A69002AF2D012691A61EFE717203F
S3150801E370F5E72520F3E7002370B50D4616460B6031
S3150801E38004680CB9204670BD31462046E9F78CF879
S3150801E3900028F7D12C606469F3E737B50A4601A965
S3150801E3A00446FFF7E8FF0546F0B104F11403984265
S3150801E3B01CD304F17403984218D2019B73B92368DC
S3150801E3C00BB15B69236020462A460021FEF7C7F98F
S3150801E3D0002023696B61256103B030BD5A69002AA3
S3150801E3E0F1D052695A61EEE71720F5E72520F3E7E0
S3150801E3F007B50A4601A9FFF7BEFF003818BF012075
S3150801E40003B05DF804FBF8B5054610460E461446FA
S3150801E410FDF7E6FF38B92378FF2B04D021461848C3
S3150801E420FFF7E6FF48B32246334604F110071C46B8
S3150801E43010685168083203C4BA422346F7D11288D4
S3150801E4402280338A43B94FF6FF722B88934205D14E
S3150801E4504FF440432B8033820020F8BD4FF2BF02B0
S3150801E46001339BB2934201D101339BB203F53B526F
S3150801E470213292B2132AF7D9ECE70720EDE700BF5C
S3150801E480FC36002070B501F1310323F0010393F93D
S3150801E49001300546002B0E4686B01DDA062306AC6A
S3150801E4A08DF8073000F10C030FCB04E90F0002A821
S3150801E4B00BF014FD002847D0244802A9FFF798FF5E
S3150801E4C00446D0B19DF80730062B1FD8DFE803F0C4
S3150801E4D01922303438383800042130460DF1070244
S3150801E4E0EBF725F8044640B901461023304602AA3F
S3150801E4F0EBF784F804460028D9D0686C14F006FFB7
S3150801E50005E0E9F721F8032328626B770024204602
S3150801E51006B070BD0D4805F12C01FFF769FF00280B
S3150801E520F4D02846FEF730FE2846FEF720FEEDE732
S3150801E5302846FEF729FEE9E72846FEF73DFEE5E708
S3150801E5402846FEF749FEE1E70224D6E7FC36002015
S3150801E55010B5027F1C2B6FF30002044602770CD11B
S3150801E56090F84630013B1D2B1DD9BDE810401E23EE
S3150801E57080F84630406C14F0C9BE23B1201DBDE8B1
S3150801E5801040EAF7B3B801B9FEE701F1310323F008
S3150801E59001035B78442B01D01B06EFD52046FFF714
S3150801E5A071FF1C28EAD110BD028A0B8A9A4201D151
S3150801E5B0E8F77ABF002070472DE9F0410378044651
S3150801E5C00E46904643B100F13E013046FFF7ECFF97
S3150801E5D000283BD0002520E000F12C07022138460F
S3150801E5E0FEF792FC0546C0B9334604F13E0206F130
S3150801E5F0100153F8040B8B4242F8040BF9D11B881E
S3150801E6001380A38F63B93A4639461148FFF7FBFED3
S3150801E610054628B13846FEF737FC2846BDE8F0819D
S3150801E62004212046FEF77BF92046FEF73FFAB8F1AA
S3150801E630010FCFD10748EDF783FED4F89830002BA8
S3150801E640C8D03046D4F89C109847C3E70525E4E7B7
S3150801E65060360020003900202DE9F04306460024E3
S3150801E66091B00AA888461546FEF7E4FB354BCDE975
S3150801E67003440293337873B905A8FEF7DBFB12232B
S3150801E6800C200DF1060205A9ADF806300EF0DEFDE7
S3150801E690B0FA80F46409172706F13E092CE054B153
S3150801E6A005A90AA8E8F700FF28B1BDF83820BDF882
S3150801E6B024309A4231D0172F0CD09DF83A20AB7CE2
S3150801E6C09A4207D818D1102229460AA81EF0A7FF90
S3150801E6D0002811DA2B460AAA0DF1380C174603CF82
S3150801E6E06745186059603A4603F10803F6D1386858
S3150801E6F01860BA8800279A8041460AAA02A807F034
S3150801E700FDF9D8B996F8A030033B022BC7D848467D
S3150801E7100AA9FFF749FF0028C1D02A460AAB0EAD60
S3150801E7201C4603CCAC4210605160234602F1080234
S3150801E730F6D1002720681060A3889380384611B067
S3150801E740BDE8F083FC42002030B50D4687B018239A
S3150801E750144600216A46E9F718F99DF81430AB42C8
S3150801E76009D12046FDF73CFE18B9214601A8E8F76C
S3150801E7709BFE07B030BD0020FBE72DE9F0410446BA
S3150801E7800D46174606683EB93B462A462046BDE869
S3150801E790F04107210FF006BC2A4607213046FFF74C
S3150801E7A0D3FF08B9F669EEE7BDE8F08130B548F25E
S3150801E7B0FE020446002385B00C4902A8CDE90023D0
S3150801E7C0FDF7D0FDE56E45B964236A46052104F1D6
S3150801E7D06C000FF0E7FB05B030BD6A4605212846F7
S3150801E7E0FFF7B2FF0028F6D1ED69ECE748400020B3
S3150801E7F030B548F2FE020446002387B00D4904A845
S3150801E800CDE90223FDF7AEFD6846216814F02DFE19
S3150801E810009D0DB907B030BD0521284602AAFFF7AC
S3150801E82093FF18B129462046E9F71CFC6846E8F724
S3150801E8305DFFEDE74840002070B54FF6FE720446CD
S3150801E8400026154D012105F50053A3F8582483F830
S3150801E8507464FFF79DFB04F59070FDF7DDF904F18B
S3150801E8606C00FFF7C5FF04F5E270EAF7D4F82378E0
S3150801E87005F5805566F3C30323700120A4F8B46136
S3150801E880A4F8BC610EF0CAFF95F8483E66F3041376
S3150801E89085F8483E70BD00BFC81F0020012970B524
S3150801E8A0044605D12348ECF7E5FB2348ECF7E2FBE0
S3150801E8B063787BB304F16C0504F17400EAF7ABF8ED
S3150801E8C028460025E9F7D6FB04F5867084F8085131
S3150801E8D0EAF7A1F804F5F070EAF79DF8174884F805
S3150801E8E0D051EAF798F82046FFF7A6FF04F5157008
S3150801E8F00EF0FAFE04F510700EF0F6FE04F50A7035
S3150801E9000EF01CFE04F504700EF018FE294620468A
S3150801E910FFF73EFB94F89C31012B0AD1D4E9683004
S3150801E920002284F89C21C4F8A02113B1BDE87040E7
S3150801E930184770BD0C3D0020383D0020E03D002001
S3150801E940034890F8F411012901D15830A6E7704718
S3150801E950C83F002010B543780446FBB1012B03D10B
S3150801E96090F82131012B17D094F8233113B90C48AB
S3150801E970ECF780FB2046FFF75FFF002104F1280032
S3150801E980FFF7ECFA4FF6FE712046FDF73FF8002136
S3150801E99004F59070FFF794FB002010BD0D20FCE7ED
S3150801E9A0383D002010B51A4C94F8603173B394F8C9
S3150801E9B05930012B08D0002384F8603104F5B27070
S3150801E9C0BDE81040EAF727B894F8613153B904F560
S3150801E9D0B27084F86031EAF71EF804F15800BDE810
S3150801E9E01040B7E7013B05214FF47A7084F861318D
S3150801E9F0E9F7F8FB014604F5B270E9F798FF04F167
S3150801EA0058000321BDE8104015F0AABE10BD00BF8D
S3150801EA10C83F00201FB5E8F797FD204B93F859200A
S3150801EA209AB393F80C22013A012A14D8D3F8102282
S3150801EA30821A002A0FDB93F80D22032A04D91848F3
S3150801EA4005B05DF804EB85E703F1580005B05DF8FC
S3150801EA5004EB15F057BF93F81422013A012A17D887
S3150801EA60D3F81822801A002812DB93F81532032BE3
S3150801EA70E5D848F2FE02002302A80A49CDE9002397
S3150801EA80FDF770FC684614F0FCFB05B05DF804FB65
S3150801EA90054805B05DF804EBFFF732BAC83F002018
S3150801EAA02040002048400020D4410020F0B51C46F3
S3150801EAB08DB0074602A80D461646E8F762FD238C77
S3150801EAC02BB12A8A9A4202D007200DB0F0BD2346FF
S3150801EAD002AA04F1200C144618685968083303C4BD
S3150801EAE063452246F7D1186820609B8806A8A3804B
S3150801EAF0FDF776FC90B105F112010846FDF770FCA9
S3150801EB000028E1D10B4606AA05F1220C144618681D
S3150801EB105968083303C463452246F7D1BDF82A303C
S3150801EB2023B96B8C002BCFD0ADF82A3002A8FDF79C
S3150801EB3057FC18B1294602A8E8F70AFD2B8A03B340
S3150801EB402B8A0822ADF828305BBAADF80030BDF83B
S3150801EB502A3069465BBAADF8023073893046083304
S3150801EB605BBAADF804300023ADF80630E9F7C2F90F
S3150801EB700028AAD1B0811122304602A910F052FD0F
S3150801EB80A3E72A4629463846FFF73DFC0028D7D091
S3150801EB909BE770B58C4C90B094F8DC39023B032B9B
S3150801EBA000F28380DFE813F00400DE0009010400A7
S3150801EBB000203821854A019005900FF0A9F90546EC
S3150801EBC00198A84202D014F0B7F80195019B002BD1
S3150801EBD000F09980002301A88DF808300CF0CEF8D2
S3150801EBE00546002874D1019843893033B3F5A06FDF
S3150801EBF05DD2012276497748FDF7C8FE40B1B4F8DF
S3150801EC00DE59E9F7CEFA80B28542A4F8DE09F8D0D2
S3150801EC1006A814F082FB0C23002106AA0198E8F73E
S3150801EC20B4FEB4F8DE3900215BBA0198ADF81830A4
S3150801EC3006AA0C23E8F7C2FF012101A80AF0F8FD8C
S3150801EC400546002844D14FF40073014606AA0198E7
S3150801EC50ADF822300C23E8F7B1FF06A8019DE8F7C5
S3150801EC6090FC5D492A4606ABA1F55C70FFF71EFFCD
S3150801EC700646054660BB0190E8F766FC94F8DD395F
S3150801EC80C4F8E80966F303030321524884F8DD3919
S3150801EC90FDF745FE514B93F85B301B0702D40B2059
S3150801ECA00DF01EFF019814F047F810B070BD01264B
S3150801ECB029468DF80860E8F741FD32464849454836
S3150801ECC0FDF764FE01A80CF059F80546002890D016
S3150801ECD094F8DC39052B1CBF052384F8DC3994F834
S3150801ECE0DD3903F00F02072A0FD8013262F3030355
S3150801ECF00A21FA2084F8DD39E9F774FA0146394818
S3150801ED00E9F715FECEE70325E2E7D4F8E40978B179
S3150801ED1005214FF6FF73B0FBF1F1994228BF194659
S3150801ED2089B2B1F5FA7F38BF4FF4FA71E9F75AFAA1
S3150801ED3001462C48E9F7FBFD0A22D4F8E4392946AD
S3150801ED40B3FBF2F3284A03EB0313934294BFC4F8C7
S3150801ED50E439C4F8E429254A0023A2F17000FCF736
S3150801ED60C2FB9FE70A22D4F8E4390221B3FBF2F386
S3150801ED701D4A03EB03131748934294BFC4F8E439B9
S3150801ED80C4F8E429FDF7CBFD184A00231C21A2F19A
S3150801ED907000FCF7A8FB94F87E3AFF2B05D10D48C5
S3150801EDA010B0BDE870400AF0D1BD0133DBB2022BC9
S3150801EDB084F87E3A7FF679AFF1E7064810B0BDE8E8
S3150801EDC07040FDF773BE00BFC82F0020CA000408B3
S3150801EDD04C090408A4390020D0390020C83F002076
S3150801EDE054090408243A002080EE3600143A00201B
S3150801EDF0F0B5044600268BB0FCF708FE444D022107
S3150801EE002046FFF7C5F804F59070FCF705FF95F85D
S3150801EE10483E04F5DA776FF3041385F8483E384619
S3150801EE20A4F8B461A4F8BC61FCF71EFF3846FFF7E5
S3150801EE3067F884F8086104F58670E9F7ECFD94F83B
S3150801EE40D031022B1ED184F8D061012694F8D13134
S3150801EE509E40D5F8543E05F580551E40C5F8DC643C
S3150801EE60A6BB05F2EC40E9F7D6FD85F8E6644FF452
S3150801EE707A73C5F8E034002303212648A5F8E4345B
S3150801EE80FEF77AF84FF6FE72E388934219D0B4F882
S3150801EE9044209A4215D0B4F8003168460133A4F8E3
S3150801EEA00031E8F76EFB302100201B4A0FF030F8DD
S3150801EEB0054630B10021E8F741FC58B12846E8F784
S3150801EEC01BFCB4F84430E3800BB0F0BD1148FEF7E3
S3150801EED03FF8CCE7684604F50471E8F739FBD4F83E
S3150801EEE0F001D4F8F41104AB03C34FF07F43069342
S3150801EEF0FE23E288694652BAADF81E2028463B220F
S3150801EF00ADF81C3010F08EFB0028DAD0D6E700BF2A
S3150801EF10C82F0020A4440020CA0004082DE9F041A6
S3150801EF200C4690B0054606A8E8F72BFB23460AAC23
S3150801EF3003F11006224618685968083303C2B3421A
S3150801EF401446F7D1294906A8E8F702FB44F64C53BB
S3150801EF50ADF83A30FF2300218DF83C3028460123CD
S3150801EF600DF10B02E8F711FD9DF80B80B8F1000FC2
S3150801EF7031D103AF1E4E3A4601210A232846E8F746
S3150801EF8004FDD6F8DC4DD6F8043E2046CDF80D3002
S3150801EF90E8F758FB04F07F040A233A460121CDF825
S3150801EFA01100013428468DF81540E8F707FE0B23B2
S3150801EFB029464046009706AA0FF0FCF890B9D6F8FC
S3150801EFC0043ED6F80C2E01339342C6F8043E02D30A
S3150801EFD00848FEF79FFE08492A4606ABA1F52460B4
S3150801EFE0FFF764FD10B0BDE8F08100BF18420020AC
S3150801EFF0C82F002020400020A04000200346B3F57A
S3150801F000404F07B5084600D3FEE76FEA83436FEA28
S3150801F01093430DF106015BBAADF80630EAF71AFB20
S3150801F02003B05DF804FB00232DE9F047CCB08DF859
S3150801F0302C3183790646D80731D4644D95F85900A1
S3150801F04014F019F958B395F85B30990702D40AF008
S3150801F05069FF20B34FF6FE73B5F858249A421ED0BD
S3150801F0600023032205935A4B05A8596806938DF880
S3150801F0701C204FF00108FDF7C5FB059F9DF82C41A3
S3150801F0808FB964B105A8E8F77CFA4FF2BF03ADF86A
S3150801F09036304FF6FE73B5F858249A422ED1012020
S3150801F0A00AF082FD8EE00F2CECD03B7D13BB0FAB33
S3150801F0B0994603EB041ACA4512D1631C8DF82C3103
S3150801F0C04CAB03EB04143B46F43C07F1100C224607
S3150801F0D018685968083303C263451446F7D107E02F
S3150801F0E048463946E8F7E0F909F110090028E2D05F
S3150801F0F087F8148005A8FEF7B3FDBEE728200EF0B1
S3150801F100D7FF074600284DD00E234FEA041804A955
S3150801F1108DF810308DF81180EAF79CFA044600281C
S3150801F12048D1424638460FA9E8F78AFD0446002821
S3150801F13040D195F85B309A070DD40AF0F3FE50B129
S3150801F1400DF10F000CF020F9044698BB9DF80F301D
S3150801F150A3F57C7301E0B5F8583409AAD5E99201FB
S3150801F16082E803004FF07F420B92FE225BBA05A8A4
S3150801F170ADF83020ADF8323006F046FD3946154B6C
S3150801F1801548009605AAE9F7B7FC044690B9B3797C
S3150801F19043F00103B37195F85B301B0712D40DF0E8
S3150801F1A09FFC0FE001200AF0FFFC0121304600F028
S3150801F1B015F807E03846E8F79FFA01200AF0F4FC4B
S3150801F1C0032CF2D04CB0BDE8F08700BFC83F002041
S3150801F1D0FC3600200DF20108D8370020837910B5D6
S3150801F1E0DB07044602D583887BB1FEE739B98180FE
S3150801F1F0FFF719FF2046BDE81040FEF7A5BE838834
S3150801F2000BB19942F6D2A180F4E710BD2DE9F0477A
S3150801F21006220025C2B007460E461C468DF8045143
S3150801F2208DF8072013B929B906240025BB79DA0711
S3150801F23041D4FEE701F1310323F001035B78442B46
S3150801F240F2D1042130460DF10702EAF770F90446B6
S3150801F2500028EBD10E21304602AAEAF7E8F850B1A8
S3150801F2609DF804319DF807500BB1002DDCD0B5FA95
S3150801F27085F56D09DAE7BDF80A301907D4D1FF2BF0
S3150801F280D2D8BDF80A309DF80421002BE8D00F2A00
S3150801F2901FBF531C8DF8043105AB03EB021202A9FB
S3150801F2A008BF002210233046E8F745FC102102A8C2
S3150801F2B0E8F76CFFE5E76FF30003BB710023032250
S3150801F2C00293274B02A8596803938DF81020FDF77E
S3150801F2D099FADDF80890B9F1000F0BD19DF80730BE
S3150801F2E01C4314F0FF012AD13846FFF777FF42B0D5
S3150801F2F0BDE8F08799F81430012B1AD1EDB99DF8BC
S3150801F3000431A3B105AA904602EB031AC245464643
S3150801F31001D1002607E040464946E8F7C5F808F155
S3150801F32010080028F2D0B6FA86F35B095B0089F863
S3150801F330143002A8FEF794FCCBE70223F7E74FF651
S3150801F340FE72084BB3F858149142D0D0B3F85A0458
S3150801F350012803D90AF0D6FD0146C5E70121C3E70D
S3150801F360FC360020C83F002070B50546087C0E46CD
S3150801F3701446FCF7E4FF00B9FEE72846F9F754FFFF
S3150801F38031462846FDF75EF8337C621EDB080334F6
S3150801F390082B14BF1946092112F8010F4B1CA2426A
S3150801F3A0DBB26854F4D170BD10B5044686B001A825
S3150801F3B0ADF81410F9F738FF214601AA0248FFF7FC
S3150801F3C022F806B010BD00BF6036002037B50546E5
S3150801F3D000680C46F9F7C6F958B110222146286883
S3150801F3E001ABF9F7B5F900B1FEE7019B102B06D081
S3150801F3F0FEE7204603B0BDE83040F9F715BF03B074
S3150801F40030BD30B503680446002B0D4685B00DDBCB
S3150801F4106946FFF7DBFF29466846E8F745F828B14C
S3150801F4204FF480200EF084F905B030BD2946002539
S3150801F43001222046FEF7F0FA4FF480200EF0D8F8A4
S3150801F4404FF480700EF0D4F820466560FEF79AF9FD
S3150801F450034BC3E92455C3F89850C3F88C50E3E726
S3150801F460C83F00202DE9F04304469FB004A8FDF7E4
S3150801F470E1FC18A8FDF7DEFC94F8A0504FF000094E
S3150801F480002D00F0BB8023781BB1EB1E022B00F286
S3150801F490B58004A8FDF7CEFC0021204618AAFFF77F
S3150801F4A0DBF870B994F8A030032B02D0032384F853
S3150801F4B0A03004AE18AF0FCF0FC63B6833800026C5
S3150801F4C081E06A4B09A8019300234FF01708CDE99B
S3150801F4D00233E8F76FF80EA901A806F07FFC864605
S3150801F4E078B1B8F1000F38D00121204618AAFFF7E4
S3150801F4F0B3F80028E3D194F8A030052BD9D0052319
S3150801F500D5E7B8F1170F9DF848C010D109AE0EAF6F
S3150801F5100FCF0FC6D7F800800EAFC6F8008013AE1E
S3150801F5200FCF0FC6E146C6F80080F046D3E79DF82F
S3150801F5303430A3EB0C031B0605D509AE0EAF0FCF6E
S3150801F5400FC63B683360CC45C5D913AE0EAF0FCF96
S3150801F5500FC63B68E1463360BDE7CDE902880EA9CF
S3150801F56001A806F03BFC88B99DF848309DF834207F
S3150801F5709342F4D09B1ADBB2802BF0D809AE13AFB5
S3150801F5800FCF0FC68DF85C903B6833600023CDE939
S3150801F59002330EA901A806F021FC90B309A904A813
S3150801F5A0E7F7D6FF3523ADF8203094F8A030042BC1
S3150801F5B09DF8343035D194F8A1209A423FF47FAFB3
S3150801F5C084F8A130012623785BB104A904F13E0031
S3150801F5D0FEF7EAFF00B18EB1002201212046FDF7B0
S3150801F5E059FC04A8FCF7FCFE014600B394F8A030C8
S3150801F5F0033B022B02D8022384F8A0301FB0BDE8D2
S3150801F600F0839DF848209DF834309A42C1D19DF87F
S3150801F61035309DF84920934228BF13468DF8353079
S3150801F620B7E784F8A130042384F8A030CAE7022D8D
S3150801F63015D008D9033D022D15D90122204604A962
S3150801F640FEF7BAFFDAE7D4F8942004F18C039A425C
S3150801F65008BF012104F12400FCF704F8EDE7294667
S3150801F66004F12400F8E70321FAE700BFFC42002071
S3150801F670F8B53B4B04461B780D46002B6DD1394E28
S3150801F68096F80C38002B68D04FF6FF73B6F8507E03
S3150801F6909F4207D1E8F785FD81B2B942FAD03248CF
S3150801F6A0EAF7AAFB00272046FFF7C6F804F5047017
S3150801F6B00DF080FF04F510700EF000F804F51570D2
S3150801F6C00DF0FCFF2046A188FCF7A0F92749284838
S3150801F6D0A6F8147EA6F8107EE9F729F904F59076BE
S3150801F6E0A4F82871A5BB2348EBF7C4FCB0FA80F04F
S3150801F6F0400984F82301204C94F85970A4F8605104
S3150801F700012F25D14FF6FE72B4F85C3093421FD013
S3150801F710C3F30803E3B194F85A30022B18D104F164
S3150801F7208000EAF7ECFA98B104F5B87084F86071CC
S3150801F730EBF740F804231921284684F86131E8F7E4
S3150801F74043FD411C04F5B270E9F7F1F80020F8BD54
S3150801F75000213046FEF7B4FCF8E70D20F7E700BFB5
S3150801F7605B190020C82F0020103E002080EE3600CD
S3150801F770E03D00200C3D0020C83F0020F8B5184C9C
S3150801F78094F82852012D29D104F15800002194F842
S3150801F7902972B4F82A62FFF781F800200021A4F53E
S3150801F7A0805393F8522EB3F8503EC4E98C0139467A
S3150801F7B0A4F5DC70A4F82A3284F82922EBF7DFF9DC
S3150801F7C03146A4F5DC70EAF717FB022384F82832E0
S3150801F7D0294604F15800BDE8F84049E7F8BD00BFDD
S3150801F7E0C83F002010B50C4600F5F8712046EBF726
S3150801F7F057FE60B104F10800FCF7C6FD38B1A07BDD
S3150801F800FB288EBF002080F00200C0F3400010BD27
S3150801F81010B50C4600F5F8712046EBF741FE28B104
S3150801F82004F10800BDE81040FCF7BABD10BD13236A
S3150801F8302DE9F04F85B00C4669460746B0F80A80AF
S3150801F8408DF80030E9F706FF054600283AD1384613
S3150801F8503F49FCF727F90546A0BB012C26D03D49AF
S3150801F860DFF8F8A0A1F67850FEF7C2FD70B3384666
S3150801F8700AF67851FCF716F9002867D10226DFF84F
S3150801F880E090DFF8E0B0D9F834470CBB0DF06FFA19
S3150801F89060B1D9F8381701A8CDE9014A8DF80C40AD
S3150801F8A0FCF7B0FF2C4C019900293BD17B896A46AC
S3150801F8B0023BA3EB08038DF8013041460223384683
S3150801F8C0E8F77CF9284605B0BDE8F08F0126D6E7AA
S3150801F8D02046FCF795FD18BB48F2FE02238823F45F
S3150801F8E07C5393421CD021465846FFF77BFFB8B993
S3150801F8F021465846FFF78CFF90B920461449E7F789
S3150801F900D3FD68B920461349E7F7CEFD40B921462C
S3150801F9103846FCF7C7F8C8B90136F6B2042EC5D081
S3150801F9206469B2E794F85B301B0703D50846FCF710
S3150801F93097FE38B13846FCF7B5F838B90136F6B24C
S3150801F940042EB3D001A8FEF78BF9ACE70546B9E753
S3150801F9503042002074440020C83F0020FC360020B5
S3150801F960C82F0020204000202DE9FF4100F114078F
S3150801F970064639464448EAF7E9FE40B1434890F855
S3150801F9805930022B7BD000218030FEF7E7FA0B2095
S3150801F99013F035FC0546002873D0042196F8593032
S3150801F9A006F15102E9F759FE044600285ED1DFF84F
S3150801F9B0E88005212846D8F8002EE9F79CFE04467A
S3150801F9C0002853D108212846D8F8042EE9F793FED2
S3150801F9D0044600284AD108F580580121284698F896
S3150801F9E05B20E9F771FE044600283FD1022128462B
S3150801F9F0D8F86420E9F77FFE0446B8BB0522122130
S3150801FA002846E9F76CFE044680BB2846FEF722FA2B
S3150801FA10044658BB98F85B309B072ED428463179A3
S3150801FA20FFF705FF044608BB02230D212846184A9D
S3150801FA30E9F713FE0446C8B92846FEF72BFA044629
S3150801FA40A0B907213846FEF789FA124B3946C5E9A6
S3150801FA50093648F2FE0302A8CDE90034FCF782FC18
S3150801FA6069462846FFF75AFA044610B12846E7F7C9
S3150801FA7043FE204604B0BDE8F0810323D5E71824E8
S3150801FA80F7E70324F5E700BF48400020C83F0020F8
S3150801FA905C0904089DFA0108C82F0020037970B58E
S3150801FAA014461A0705460BD50C4B93F85B0010F064
S3150801FAB0080605D101200DF075F930460DF0AEFEA8
S3150801FAC02B799B0708D56378042B05D1012323716C
S3150801FAD02046BDE8704047E770BD00BFC83F00201B
S3150801FAE037B5A74C94F8AA3194F8792103F00F0396
S3150801FAF0032B0BD1022A12D0032A07D194F87E319F
S3150801FB0001A88DF804300AF03BF8D8B994F8793190
S3150801FB10042B3ED8DFE803F03A3F52B8C20001A8E9
S3150801FB2009F000FE00B1FEE79DF8043053B994F8D8
S3150801FB30B03103F00302C3F38103934228BF13468E
S3150801FB40032B3BD194F85930022B0AD194F87A3118
S3150801FB50012B02D9033B022B03D894F87831D90734
S3150801FB60D4D58848FFF700FF0028CFD194F879311A
S3150801FB70042B07D140F2E241834803B0BDE8304087
S3150801FB80E8F7D5BE042384F87931F3E70023A4F80E
S3150801FB90803103B030BD02237C48002184F87931D5
S3150801FBA0FEF7DCF994F8783101206FF3000384F845
S3150801FBB07831002384F87D310DF030FE94F87D31DB
S3150801FBC0013384F87D3194F87931022B00D0FEE7B0
S3150801FBD00DF1020009F0A6FD60B99DF80240204624
S3150801FBE00BF01AF8012CC5D014F0FD0FD1D140F253
S3150801FBF0EE21C1E70023019394F85930022B4DD029
S3150801FC0094F87B31002B49D1614D95F8453DDA07CA
S3150801FC1004D505F65450EBF7A5FF18B194F85B30F7
S3150801FC209B073BD401A809F083FF10B1D5F8543ED0
S3150801FC300193FF2300258DF803300DF1030101A877
S3150801FC40EAF744F82B4601350028F6D0DBB25A1CF0
S3150801FC504FF4AF63B3FBF2F3502B38BF5023A4F82C
S3150801FC60823194F879310120032B1CBF032384F8D0
S3150801FC7079310AF0D1FFFF2384F87E31B4F8821175
S3150801FC8000297FF479AF84E7424809F079FF28B95A
S3150801FC90012194F87E0109F0B9FDEFE794F879316D
S3150801FCA013B1002384F879313848FEF7F9F994F845
S3150801FCB07B51012D16D0022D2AD094F87A31052BC5
S3150801FCC03FF667AF01A252F823F000BF1FFD0108F6
S3150801FCD073FD010893FB010873FD01081FFD010867
S3150801FCE01FFD01082C48EBF7C5F9A0B913F030FB45
S3150801FCF0022384F87B3194F879313221012B4FF0B4
S3150801FD00000018BF84F87951E8F75EFA411CB7E795
S3150801FD102248EBF7AFF9002384F87B31CDE794F855
S3150801FD205930022B0ED194F85B4014F008047FF485
S3150801FD3030AF20460DF036F8204603B0BDE8304016
S3150801FD400DF06CBD94F82832022B0CD1002394F8DF
S3150801FD502912134884F82832EAF711FFB4F82A124F
S3150801FD600F48EAF749F80F4803B0BDE83040FEF7F7
S3150801FD70F1BD0021034803B0BDE83040FEF7A0B944
S3150801FD80C83F002040410020B041002054410020D6
S3150801FD90C82F002046410020383D00200C3D002098
S3150801FDA0103E0020204000202DE9F04FC5B00C463A
S3150801FDB003AA0C210646E9F73AFB0746002846D16D
S3150801FDC0BDF80E50FE2D00F28B80BDF80C807289AD
S3150801FDD005EB08039BB29A42C0F08280A37994F896
S3150801FDE005A00193FE23444C01468DF80B3004AA65
S3150801FDF00DF10B0304F54D7094F85BB002F064FA4B
S3150801FE002A4641463046D4F8343313F001FBD4F878
S3150801FE10348384F83853C14645444D451BD8019B64
S3150801FE201BF0010F84F83BA384F83A3302D1334817
S3150801FE3002F0B0F994F83A3494F838234FF4007084
S3150801FE40934238BF134684F83A340DF0D1FB38464D
S3150801FE5045B0BDE8F08F09F10202954237D399F80A
S3150801FE60016002364E44B54231D399F80020520852
S3150801FE70012A03D0052A1ED0B146CEE7484602F02C
S3150801FE800BF920B3484602F017F90028F4D0864248
S3150801FE90F2D9831C9E421AD343789A1C024496428D
S3150801FEA015D30178490806291ED8DFE801F01F1D78
S3150801FEB01B0E1D1D0E00484602F004F938B14846CE
S3150801FEC002F026F902304844E1E7012B0CD89DF8E7
S3150801FED00B5040462A4604A91CF010FC84F83853F6
S3150801FEE00627B4E79B07F2D11046D0E704494B43EE
S3150801FEF0B3F1553FF8D9EAE7C83F0020FC42002094
S3150801FF00ABAAAAAA2DE9F0430D4689B0044606A96B
S3150801FF102868FBF70DFE064698B9236A069A9A429F
S3150801FF200BD19DF81C2094F824309A4205D19DF8EE
S3150801FF301F2094F827309A4207D06378022B1FD0E6
S3150801FF400226304609B0BDE8F0832378DA071FD4C4
S3150801FF50E37813F0010F444B19BF9DF81D2093F860
S3150801FF603B339DF81E2093F83A339B1A1B060FD490
S3150801FF70002304F5DA70A4F8BC31FDF7C1FFE0E708
S3150801FF80204606A9FBF728FD237843F001032370D1
S3150801FF9008231621286804AAE9F730FB18B117289F
S3150801FFA01ED00626CDE7314904A8EBF7DBFE8046CD
S3150801FFB02868B8F1000F07D0182102AAE9F737FA1D
S3150801FFC000283AD14FF001080823172128680DEBBC
S3150801FFD00302E9F713FB30B11728E2D100270FE036
S3150801FFE04FF00008F0E7224902A8EBF7BBFE0746E7
S3150801FFF028682FB1192101AAE9F719FAE8B90127E1
S3150802000006A92868FFF7D0FE0146814618B11728C7
S3150802001015D0064695E7B8F1000F03D0286804AA5A
S31508020020FBF7BAFD27B10121286802AAFBF7B4FD3E
S3150802003023786FF3000323709AE74FF000096D687F
S315080200402B78FF2B0DD14FF47A710020E8F7BCF814
S31508020050421C05F1100104F16C00FEF78EFB4E46B8
S315080200606FE70A22F5E700BFC83F00201C3D0020C3
S31508020070483D002000232DE9F04FAFB0CDE91233F9
S3150802008014938DF854304B79044613F0180F0D4625
S315080200909146CDE9101240F0B580138A48F2FE0265
S315080200A023F47C53934240F0AD804846FCF7F8F9B6
S315080200B00646002800F0A68099F82430FF2B40F067
S315080200C0A1800123284689890DF11102E7F75DFC13
S315080200D0002840F0978001212846E7F7B4FB9DF8EF
S315080200E01130FF2B40F0C48001232846A9890DF15F
S315080200F01202E7F74AFC002840F0848001212846CC
S31508020100E7F7A1FB9DF81230112B7BD1A84C94F886
S31508020110E432012B76D11A2128460DAAE9F787F986
S3150802012000286FD13C2200211FA81CF045FA202383
S315080201308DF8B5306B8A05F12C00ADF8AE302B7A06
S3150802014009F118018DF8B230FBF7E8F995F82E3067
S315080201508DF8B3001FA88DF8B4300027EAF7EDFA38
S31508020160BDF8363073B994F82E33DB0701D5002F64
S3150802017048D0D4F8C032002B44D0D4F8C4121FA8F1
S3150802018098473FE029460DAA16A8E9F7C9F8C8BB59
S315080201909DF8593043B99DF85830082B3DD009D8F7
S315080201A0022B25D0032B30D0BDF85C100DA8E7F73B
S315080201B0EDFFD5E7122B54D0812BF5D1042328461F
S315080201C00BAA0DA9E7F7B7FCE0B99DF82D30012B6C
S315080201D018D99DF82E30C3F3C0021B0943EA02134D
S315080201E09DF8B52022F01F0213438DF8B530DBE7E0
S315080201F008232846BDF834100DF19502E9F751F99E
S315080202000028D1D02FB0BDE8F08F10222846BDF8BD
S31508020210341021ABE9F718F9F2E7BDF86020002A95
S31508020220C2D0102A28BF10221746BDF85E800DF1EB
S315080202309E008DF89D20F8F7F7FF3A460DF19E03CA
S315080202404146284613F0E4F894F82E33DA0706D521
S3150802025058490DF19D00EBF741F90028D2D03746EF
S31508020260A2E72846BDF834102CAAE9F749F9C7E7E8
S315080202706278002AC6D0002BC4D10DAE0A233246B4
S315080202802846A989E7F781FB0028BBD10A21284617
S31508020290E7F7D9FA9DF83430152BB3D100964A46BA
S315080202A029460120AB89DDF83970DDF835B00DF045
S315080202B081FF0028A6D13846E7F7C4F901230DF1D4
S315080202C01202A98980462846E7F75FFB09AE012193
S315080202D0284609F1180AE7F7B6FA30465146EAF708
S315080202E02CFA9DF81270344B0C2FCDE91F361FA835
S315080202F066D10DF027FB0646002865D1CDE912B86E
S315080203000021284608AAE9F751F9002840F0008199
S31508020310304612F0F3FF002800F0FA8094F82131F3
S31508020320042B40F0F5800A2128460BAAE9F73EF984
S31508020330002840F0ED80BDF82C30BDF820209B0A3D
S31508020340B3EB922F40F0E480284616A9FBF7F0FBA0
S31508020350002840F0DD800C2128461FAAE9F767F835
S31508020360002840F0D5801621082328461FAAE9F757
S3150802037045F90146002800F09C83172840F0C880FA
S3150802038094F82331022B02D10C48EAF7A3FE08237C
S31508020390172128461FAAE9F731F9002800F09483A5
S315080203A0172840F0B5800548EAF794FE91E300BFA6
S315080203B0C83F0020A44200200100FEFF383D00206D
S315080203C00DF0C0FA064670B1B37F03F00F03072B90
S315080203D009D1B369434533D133699B45FFF412AF5B
S315080203E00BF1010333613B1FCDE912B81496102BAA
S315080203F03FF608AF01A252F823F000BF51040208E3
S315080204000502020805020208050202081B0502087F
S3150802041005020208D10602080502020801030208BB
S31508020420E50C0208810E0208690B02080502020899
S31508020430050202086910020845130208DB130208BE
S31508020440BFF4E0AE0023C6F81880F3607361C7E70D
S31508020450607812F010FF00285AD00021284616AA02
S31508020460E9F7A4F8002853D128461FA9FBF760FB31
S3150802047000284DD16378022B45D104F128039E4208
S3150802048046D1B4F84420BDF858309A4203D02046E3
S31508020490FEF760FA3CE0236A1F9A9A4205D19DF854
S315080204A0832094F827309A4207D020461FA9FBF7E3
S315080204B093FA237843F001032370E7F745F820639C
S315080204C02378DE070FD4E37813F0010F7F4B19BFA9
S315080204D09DF8812093F83B339DF8822093F83A33AE
S315080204E09B1A1D060BD54FF47A710020E7F76CFEAE
S315080204F009F11001421C04F16C00FEF73EF90223D1
S315080205008DF8543004E0304612F0F8FE0028D7D1B0
S31508020510204610A9FDF744FA74E6304612F0EEFEBC
S3150802052007460028F4D05921284608AAE8F77FFF8B
S315080205300646002876D1DFF894A1DAF84C35002B66
S3150802054070D083468046CDE91F002190BDF822105F
S3150802055041B9B8F1000F40F0AD80BBF1000F61D090
S315080205601FA9A9E0294608AA16A8E8F7D9FE00286D
S3150802057058D19DF85930A3B99DF85830BBB1052B0F
S315080205800FD1B8F1000F4DD1BBF1000F4AD10123AB
S315080205902846BDF8201007AAE8F783FF002841D1AC
S315080205A0B846BDF85C1008A8E7F7F0FDCEE7B8F143
S315080205B0000F37D1042328460BAA08A9E7F7BBFA86
S315080205C080BB9DF82D30012B2CD99DF92E309DF834
S315080205D02EB0002B0CDB1BF0400F1AD1BBF10B0F10
S315080205E050D007D8BBF1090F2ED0BBF10A0F36D06F
S315080205F0BB46D6E7BBF1400FFAD19DF87C30DDF851
S315080206002F0043F001038DF87C30E7F71BF82090A2
S31508020610EEE707232846BDF820100BAAE7F7B5F937
S315080206200028E7D0204610A9FFF76CFC94F8BC31E5
S315080206300546012B04D0E378180701D409F05CFAC1
S31508020640002D3FF45CAF63E79DF87C3043F002036C
S315080206508DF87C309DF82F308DF88430C8E7FF225C
S315080206609DF87C3043F004038DF87C309DF82F30DA
S3150802067003EB83135B007F339BB2B3FBF2F38DF874
S315080206808530B5E79DF87C307F2243F008038DF864
S315080206907C3082239DF82F1013FB0123FF22B3FB24
S315080206A0F2F36FF07F02823B9342B8BF13468DF88E
S315080206B086309DE79DF81C603246DAF84C55DAF822
S315080206C0503509F11000A847ACE700BFC83F002023
S315080206D005F12C0B5846FAF721FF0021064606AA11
S315080206E02846E8F763FF00287FF412AF94F8213111
S315080206F0042B3FF40DAF122128460DF11602E8F736
S3150802070055FF00287FF404AFBDF81630012B7FF69B
S31508020710FFAE8DF88400042128461FAAFBF7A2F92A
S3150802072000287FF4F5AE9DF88420082A7FF4F0AEFF
S3150802073004F596711FA81CF072FF00287FF4E8AE34
S31508020740DFF82094514616A8E9F7F7FF99F85930C9
S31508020750022B0BD116A909F18000E9F7F7FF28B198
S3150802076094F8203143F0010384F8203128460BA976
S31508020770FBF7DEF900287FF4CBAE102128460DF1EF
S315080207801302E8F7D4FE00287FF4C2AE0C220F212A
S3150802079028461FAB9DF81370E8F72FFE00287FF452
S315080207A0B7AE9DF87D30092B02D8072B7FF4B0AE81
S315080207B0284605A9FBF7DAF930B117287FF4A8AE5F
S315080207C04FF6FF73ADF81430643676B226EAE6764B
S315080207D0F6B2B74228BF3746012694F852318DF849
S315080207E0546003F00F03032B35D116A904F59A704A
S315080207F0E9F7ACFF78BB3846FAF79EFE94F858310B
S31508020800BDF8181003F0030CC3F38103634528BF30
S3150802081063469842BDF8162040F0B980B4F85031C4
S31508020820C1F30801C3F30803B1FA81F0B3FA83F3FB
S3150802083040095B0998420BD19DF87E30C4499B0951
S31508020840CB5694F97A11994200F09B8003DB5FE656
S3150802085000297FF45DAE284608AA07A9FBF751F9D5
S3150802086000287FF455AE0321284604F27112FBF7DD
S31508020870F9F8064600287FF44BAE04F59A755146F8
S31508020880284604F5AB79E9F758FF4846E9F768FBC5
S31508020890B4F8583104F5AD7003F0F00343F4FE439F
S315080208A0A4F85831E9F75CFB04F5AE70E9F758FB92
S315080208B05846FAF733FE01464846FDF732F984F8F8
S315080208C05361E6F741FEBDF81830C4F83C01A4F8B6
S315080208D05031079B9DF81300C4F84031C4F84831DB
S315080208E0089B0321C4F84431BDF81630A4F85431E4
S315080208F094F8523143F0F00384F85231FAF71CFEA9
S3150802090094F8583160F3830384F858312846FDF782
S3150802091025FB9DF882308E4A84F86E31BDF8143074
S31508020920C4F84C81A4F86F319DF87E309B09D35CDC
S3150802093084F87A319DF87F3084F87B31BDF88030AF
S31508020940A4F87C319DF87D30092B40F2AC80BDF8C5
S3150802095085305BBAA4F87E319DF8873084F88031F9
S3150802096004F5C273DDE90B0183E803009DF88430C0
S3150802097084F88171012B8CBF0023012384F88C3102
S31508020980C6E59DF87F1094F87B31994202D03FF66E
S3150802099062AFBDE5B4F854319A42F8D19DF87D307C
S315080209A0B4F87E21092B0ED9BDF885305BBA9BB205
S315080209B093420DD19DF8876094F88031B34209D0ED
S315080209C0BFF4A6AD47E7B2F5A06FF5D04FF4A06322
S315080209D09342DCE79DF8802094F87C319A42D6D17E
S315080209E09DF8812094F87D319A42D0D199F85B30EE
S315080209F0190754D4D9F8681056484FF41B520023E5
S31508020A00A1FB00011BF048FC431C41F10002894688
S31508020A1003FB01FC4FF41B5102FB00CCA3FB003283
S31508020A200646A3FB010E944401FB0CE10023494A46
S31508020A301BF032FC9DF815309DF814E003EB830396
S31508020A405B00A3FB06C203FB09230393AEFB002349
S31508020A501CEB020294F870C10EFB01330CEB8C0CF2
S31508020A604FEA4C0CACFB06E60CFB096694F86FC120
S31508020A700292ACFB00900CFB0100039A42EB0303C3
S31508020A801EEB090E029A46EB00069E4208BF9645E1
S31508020A9005D0724573EB0606FFF4DDAE38E594F829
S31508020AA08131BB428CE74FF4A063A4F87E3101235F
S31508020AB054E728461FAAFBF76FF817283FF460ACDD
S31508020AC000283FF45DAC23E5012128461FAAFBF75F
S31508020AD063F82148FDF7B0FE1F4816A9FAF77CFF0E
S31508020AE004F59A731F461D4A04F5B67C164618681D
S31508020AF05968083303C663453246F7D11868306029
S31508020B001B7938463371FDF7CBFA154B284603F5A0
S31508020B108056B6F8BB2016A9A3F8FC2EBDF82030DD
S31508020B20A6F89C30FFF740F9BDF82C1006F15800DC
S31508020B30FEF75EF996F85B5015F0080506D12846C9
S31508020B400CF030F928460CF069FED8E40120FAE7E1
S31508020B50C8FE030840420F002040002048400020FB
S31508020B60C82F0020C83F00200323142128460BAAB9
S31508020B70E8F744FD00287FF4CBAC08231621284663
S31508020B8016AABDF82D60E8F739FD00287FF4C0AC37
S31508020B901521284608AAE8F709FD00287FF4B8AC0B
S31508020BA00223B44D8DF85430BDF8583076BA95F80C
S31508020BB0527EF6B2CBB305F6545116A8EBF7D2F825
S31508020BC0BE4255D1BDF82020B5F8503E9A424FD1C3
S31508020BD00028FFF69DAC4ED0A74B93F85930012B4F
S31508020BE03FF496AC1FA808F06FFF002861D094F86E
S31508020BF0D05116A8EAF7C6FF012D05D1D4E9762306
S31508020C0082428B41BFF484ACBDF82030C4E9760138
S31508020C10A4F8D2310123FA2184F8D16184F8D031BB
S31508020C2004F5F070E7F783FE72E4DDF85A8005F6FC
S31508020C30545116A8EBF796F8B8F1000F0BD0BE423E
S31508020C40C0D0002816DA05F5805393F85930012BDF
S31508020C507FF45EACC6E7BE42BDF85E3005D1B5F894
S31508020C60501EBDF82020914211D0B3F5807F13D0D3
S31508020C7000281CDBB6D14FF6FF717F4AB2F82E3632
S31508020C808B423FF445AC0133A2F82E3640E4B3F565
S31508020C90807F3FF43DAC9BE73046002108F0B6FD65
S31508020CA00022304609F1100108F064FD30E4724B67
S31508020CB0CBE716A91FA8EBF755F8002897DBE6F746
S31508020CC043FCD5F8A42D6D4B9A4290D0D5F8A03D99
S31508020CD0C21A002ABFF61CAC4EF65F221B1A9342B2
S31508020CE085D815E4304612F009FB002307466078DA
S31508020CF08DF89C308DF8A5308DF8783012F0BBFA55
S31508020D0020B994F80831012B7FF402AC0021284659
S31508020D1008AAE8F74BFC00287FF4FAAB09F110039E
S31508020D200DF1A60209F1200953F8041B4B4542F8B6
S31508020D30041BF9D11FA80021FAF70BFC0B21FAF7BD
S31508020D4008FC032128460DF19D02FAF78BFE30B105
S31508020D5017287FF4DDAB00238DF8A53009E00421BE
S31508020D601FA8FAF7F6FB0821FAF7F3FB0521FAF7AB
S31508020D70F0FB04F128039E426AD11121284607AAEC
S31508020D80E8F7D5FB002842D017287FF4C1ABB4F8A0
S31508020D904420BDF820309A427FF479AB7FB12046D1
S31508020DA010A9FFF7AFF800287FF4B2AB1021284646
S31508020DB006AAE8F7BCFB80B317287FF4A9AB284636
S31508020DC00BA9FAF7D3FE18B955211FA8FAF7C1FBE2
S31508020DD00D2128460BAAE8F72AFB48BBBDF82E6068
S31508020DE02846202E28BF202616AB3246BDF82C10E0
S31508020DF012F00EFB16AB1D468DF878601E44AE4205
S31508020E0019D015F8011B1FA8FAF7A3FBF7E79DF8F7
S31508020E101C30012BBBD1FFF73ABB9DF81800FAF735
S31508020E208BFB94F84C3060F3830384F84C30C6E7A6
S31508020E3017287FF46DAB0223204610A98DF854308B
S31508020E40FCF7AEFD20461FA913F05EFDFFF760BB57
S31508020E5000211FA88DF89C10FAF77BFB1121FAF7DF
S31508020E6078FB9DF8A530002BECD00421FAF771FB2C
S31508020E70E8E700BFC82F0020C83F0020643D0020D5
S31508020E800027042128461FAA8DF88470FAF7EAFD7E
S31508020E9020B117287FF43CAB8DF884706378012B58
S31508020EA002D0022B33D0FEE794F80831012B7FF4E7
S31508020EB02FAB9DF88420082A7FF42AAB04F58C719F
S31508020EC01FA81CF0ACFB00287FF422AB1121284690
S31508020ED00DF11602E8F72BFB30BB2046FDF73AFD6B
S31508020EE0002304F5DA75A4F8B4312846FAF7BCFEED
S31508020EF094F8BC31012B05D14FF47A7104F5DE70F2
S31508020F000BF026FF2846FCF7FBFFFFF701BB04F1AF
S31508020F1028039E427FF4FCAA94F8463003F00F0396
S31508020F20072BD3D0FFF7F4BA0121284616AAE8F709
S31508020F30FEFA00287FF4ECAA9DF85830E27843F0CE
S31508020F4004039A427FF4E4AA6378012B02D0022BA7
S31508020F501AD0FEE728460BAA08A9FAF7D2FD0028F6
S31508020F607FF4D6AA089B07216363E3630B9B04F10C
S31508020F702800A363FCF7F2FF2046A188FDF738FF95
S31508020F80237843F0010323700021284607AAE8F7CD
S31508020F900DFB00287FF4BCAABDF81C30A2889B0A68
S31508020FA0B3EB922F99D1204610A9FEF7ABFF002882
S31508020FB07FF4AEAA0221284616AAE8F70BFB38B335
S31508020FC017287FF4A5AA284606A9FAF7CFFD00280E
S31508020FD037D017287FF49CAAE67816F0080636D189
S31508020FE030460BF0DFFE30460CF018FC102128467E
S31508020FF006AAE8F79CFA60B317287FF489AA9DF82F
S315080210008430002B14BF012302238DF8543067E77E
S3150802101094F89C11169B012904D11BB9B448FDF713
S315080210203DFC5DE7052B38BF0523B3F5E14F28BF25
S315080210304FF4E143E2689342C5D0E3600CF062FAEA
S31508021040C1E7AC4BBDF81820A3F8FC2EC4E7012073
S31508021050CAE79DF81800FAF76FFA94F84C3060F36D
S31508021060830384F84C30CAE7304612F047F9002861
S315080210703FF44EAA5821284606AAE8F7D8F90746A1
S3150802108000287FF445AA8DF859008DF82D00BDF881
S315080210901A30002B3DD19DF859309BB19DF85A1054
S315080210A0002900F002819DF85B30D6F82C80002BCF
S315080210B040F0D680FF2940F0B3808F4AF36A002BAE
S315080210C040F0B2809DF82D303BB19DF814209DF872
S315080210D02E30D50640F1ED80FE2713208DF82C70B0
S315080210E012F08DF8054600283FF409AA40F20513C6
S315080210F0ADF87C304FF4567316A9ADF85830E8F7B8
S31508021100A9FA002800F007812846E6F7F5FAFFF75C
S31508021110F6B9294606AA1FA8E8F702F900287FF4B5
S31508021120F7A99DF87D305BBB9DF87C30DDF87E0023
S31508021130032B07902AD0072B22D14FF0030A0BAABA
S315080211409DF859309DF82D100B437FF4E1A9BDF89F
S3150802115080305345FFF4DCA95346284607A9E6F72B
S31508021160EAFC804600287FF4D3A9514607A8E7F788
S315080211700DF8079B8DF814800893BDF822304BB9F9
S31508021180BDF8801006A8E7F701F880E74FF0040AD1
S3150802119016AAD5E7012328460DF1160208A9E6F78D
S315080211A0CAFC0028ECD19DF816300B2B25D008D89E
S315080211B0092B12D00A2B18D09DF8143043F01003CD
S315080211C008E0402B21D19DF81430DA073FF5A0A993
S315080211D043F001038DF814301DE09DF8143098078A
S315080211E03FF596A943F00203F4E79DF81430590730
S315080211F03FF58EA943F00403ECE79DF814301A076D
S315080212003FF586A943F00803E4E71B06D4D5012176
S3150802121008A8E6F7BBFF012108A8E6F7B7FFACE77F
S3150802122042464AB903274DE71968F162D2F86815AA
S315080212301960C2F8683541E71079884200F0F480EF
S3150802124013461268EDE71968002900F0F680096866
S315080212501960F2E098F804208A4228D0D8F800806B
S31508021260B8F1000FF6D12448D0F868550DB9012710
S3150802127028E72A6803F00F03C0F868256A792971F6
S3150802128022F00F0213436B719DF8143005F1080022
S31508021290AB71E8F765FE05F10A00E8F761FEF36A45
S315080212A0C5F80C802B60F5620CE7FE270AE70227D1
S315080212B008E7012B22D1D0073FF50EAF9107C2F3FB
S315080212C080030ED413B917077FF506AF9DF81420CD
S315080212D03146B08BF8F7A2FA074600283FF4FDAE6E
S315080212E0FAE6002BF2D015073FF5F6AEEEE700BF99
S315080212F020400020C82F0020C83F0020002B7FF482
S31508021300EBAE90073FF5E8AE51073FF5E5AE13079A
S315080213103FF5E2AEDCE728461FA9E8F79BF9002865
S315080213207FF4F2AE28460BA9E6F780FD00287FF483
S31508021330EBAE284609F11001FDF7F0FD00283FF44F
S31508021340DEA8E1E6304611F0D9FF074600283FF449
S31508021350DFA8DFF8F480D8F85435002B3FF4CFA87D
S315080213605821284616AAE8F762F8064600287FF4A6
S31508021370C6A8BDF85A306BB9002E3FF4C0A8D8F8F3
S315080213805435D8F858259DF82C1009F110009847BD
S31508021390FFF7B5B8294616AA1FA8E7F7C1FF00281E
S315080213A07FF4ADA89DF87D308BB99DF87C30052B6E
S315080213B00DD1002E7FF4A3A801232846BDF85810A4
S315080213C00BAAE8F76EF800287FF499A83E46BDF8FE
S315080213D0801016A8E6F7DAFECBE7304611F08EFF44
S315080213E000283FF495A85A2128461FAAE8F71FF8AD
S315080213F000287FF48DA816AA012328461FA9E6F716
S315080214009AFB024600287FF483A805F12C00FAF716
S3150802141085F895F82E709DF8581000903B46304690
S31508021420FCF70AFFFFF76BB8002B7FF40CAFB8F195
S31508021430000F02D0D8F80030F362034BD3F86815D0
S315080214401160C3F868253DE6C83F002030B404465B
S31508021450184643B901F1310323F001035B78B3F16E
S31508021460440018BF012065681DB1AC46A36830BCAC
S31508021470604730BC7047FEE7F8B504460127124DAF
S315080214800CB314F001000BD0002024F0010405EB84
S31508021490C0021668002EF3D05168C0B2B047EFE713
S315080214A02246013020284FEA520201D0D307F8D546
S315080214B007FA00F20F2824EA0204E8D9421E05EBCD
S315080214C0C2021038E5E7F8BDA04F0020074BD3F853
S315080214D02404D3F8202403F50053104000F05530B5
S315080214E020F05020C3F82004C6E700BF00C003500E
S315080214F0074BD3F82404D3F8202403F500531040ED
S3150802150000F0AA3020F0A020C3F82004B4E700BFF8
S3150802151000C003501A4B2DE9F0411F6D5B6D1F4049
S3150802152000D5FEE701260025164CDFF86080374213
S315080215301CD0C8F850602368C3B1A1682846013197
S315080215406268A1609847637B012B0FD170B90E4B75
S3150802155003EB451393F87C2160F3410283F87C215F
S3150802156093F88C2160F3410283F88C210135082D0A
S315080215704FEA460604F11004D9D1BDE8F08100BF4E
S315080215800000045090500020A04F00200020045074
S31508021590416C436910B5DA1CA1F11404B2FBF4F2EA
S315080215A003EBC2000330B0FBF4F0B1F5805F00F143
S315080215B0010002D1012828BF0120013010BD73B5F0
S315080215C006460D460024F36B01225B6901A9281918
S315080215D09847019B013309D1736C043462196A4036
S315080215E05B421A42EFD0204602B070BD0024FAE7E9
S315080215F02DE9F341154690F842201E46012A0CBFF2
S31508021600022304235D43CF7D2C1D844605F0020583
S31508021610BFB915B1012724F00304486808342044E9
S31508021620DCF83C30012A5B6927D101A9984717B132
S31508021630BDF806300193BDF80430336002B0BDE848
S31508021640F08155B124F0030400230D7E01F1200E2A
S31508021650D8B2854203D80020E2E72F46F4E73EF8DF
S31508021660330003F10108A04204D901EBC303D86988
S315080216700834D4E74346241AEAE70122314602B07F
S31508021680BDE8F041184703460846EFF3108172B6E3
S31508021690024ADB6BC2F87012DB681847A04F0020BB
S315080216A0D01E009B42424241187E824211D11A68DC
S315080216B08A420ED85A688A420BD35A6901325A614B
S315080216C0D3E9030282423FBF986840F822100132EA
S315080216D01A610120704700234FF0FF3230B5446883
S315080216E09C4202D10023037230BD016801EBC30597
S315080216F041F833206A600133F2E70023F0B5456802
S315080217009D4210D00468DF0054F8332004EBC30668
S31508021710B2F1FF3F08D0C2F31302914204D14FF04F
S31508021720FF33E3517360F0BD0133E9E710B5032ACD
S31508021730029C07D1A26A5340626C5242134201D1FB
S31508021740FFF7DBFF012010BD0023F0B545689D4277
S3150802175002D14FF0FF300EE00468DE0054F8334041
S31508021760671C09D0C4F31307B94205D1240D1470B6
S31508021770036833445868F0BD0133E8E773B5164683
S3150802178000F108040D46204609680DF10702FFF725
S31508021790DBFF032E05D16B68834202D12046FFF791
S315080217A0ACFF012002B070BD2DE9F043466886B34E
S315080217B0056898464FF0000CA946AE4655F83C40D7
S315080217C00CF1010CC4F31307013401D0B94217D046
S315080217D066450EF1080EF1D12F46002403E0A64213
S315080217E007F1080712D055F8343001340133F6D11F
S315080217F0C1F3130141EA0851C7E90012BDE8F083B3
S3150802180041EA0851CEE90012BDE8F083B8F1030FA8
S3150802181003D101230372BDE8F083002303E09E424D
S3150802182009F10809F5D055F833400133C4F30754D2
S31508021830032CF4D1C1F3130343EA0853C9E900326E
S31508021840BDE8F08308B508301346D1E90012FFF760
S31508021850ABFF012008BD4FF48032064B00209A6682
S3150802186041F6713203F51C33DA63012203F500539C
S31508021870DA607047009000500B4B01219B6EDB0328
S315080218805EBF4FF48032094B9A6641F67132084BB5
S31508021890DA63084AD1600022DA634FF48032A3F58C
S315080218A018339A66704700BF0080005000900050B7
S315080218B00000035000200350704737B5054601F172
S315080218C00C04436901A9012220469847BDF8043051
S315080218D00122009369462046AB69984703B030BD9A
S315080218E0202A0B681EBF4FF0FF3191408B435908DF
S315080218F001F055315B1A03F033319B0803F0333399
S315080219000B44017803EB13130A444FF0013103F039
S315080219100F334B43A2EB13620270704737B5044686
S3150802192000251B22011D0DF107008DF80750FFF750
S31508021930D7FF63689DF80720B2EBD36F03D123F074
S31508021940784003B030BD1B2204F108018DF8075018
S31508021950FFF7C6FFA0689DF80730B3EBD06F0ABF42
S31508021960C0434FF0FF3020F07840EAE72DE9F04314
S315080219700646994689B0036908460F46904698472F
S315080219800446002867D1D9F804305B0A012B22469F
S315080219904FEA530304F10104F8D899F8035099F869
S315080219A002302D03DB0203F4006305F480551D4360
S315080219B0B9F800304FF00009C3F30A0352032B4467
S315080219C092B29D18294B0DF107001B2228F0784484
S315080219D002A9039302948DF80790FFF781FF9DF8F9
S315080219E007306FEA054544EAC36404946FEA0804BB
S315080219F01B2224F0784402A902948DF80790FFF777
S31508021A006FFF9DF807306FEA154544EAC3644FF045
S31508021A10FF3301220594069307A9B369079507F1CF
S31508021A201000984701220446B36905A907F1080080
S31508021A3098470122484518BF0446B36904A9381DC8
S31508021A4098470122484518BF0446B369384603A990
S31508021A50984728B1044639463046FFF72EFF01E07B
S31508021A60002CF8D1204609B0BDE8F08301009AB2ED
S31508021A70164B10B5D3F82831044603F00703013B89
S31508021A80052B04D8DFE803F00A161E120E1A0023E5
S31508021A90184604B1206001B10B6010BD0C4B1868E2
S31508021AA00523F6E70A4B18680623F2E71BF098FEA9
S31508021AB00723EEE7064B58680323EAE7044B586800
S31508021AC00423E6E702230348E3E700BF0080005049
S31508021AD0C0620020002D3101174B10B50446D3F819
S31508021AE0200100F0070006281FD8DFE800F0040AE4
S31508021AF00E2112161A00012304B1206001B10B60EF
S31508021B0010BD0E4B18680523F6E70C4B58680323DD
S31508021B10F2E71BF065FE0723EEE7084B1868062373
S31508021B20EAE7064B58680423E6E700231846E3E784
S31508021B3002230348E0E700BF00800050C06200208D
S31508021B40002D31010E4BD3F8403103F00303022B6B
S31508021B500DD0032B0FD0012B0BBF0A2301234FF401
S31508021B600042002200B1026001B10B6070470923EE
S31508021B704FF40042F6E70C234FF47A72F2E700BFFD
S31508021B80008000504FF480322DE9F843204B4FF085
S31508021B9001089A6641F671331E4D0446EF69EB63F6
S31508021BA01D4B0021C3F80C800223686121202B619A
S31508021BB017401CF0D1FADFF86890064640B1C9F81A
S31508021BC00C8007B1E96301360CD16E20BDE8F883B3
S31508021BD021201CF0C1FAC9F80C8007B1EE63431C38
S31508021BE0F3D008B17120F1E70C4B9A6801230A3247
S31508021BF002F01F02934023F0030323449C4201D1BF
S31508021C000020E3E754F8042B0132F7D03E20DDE743
S31508021C100090005000000350001003500080E00FAF
S31508021C2000200350D0F8A0301B689A6C5206FCD5E7
S31508021C30002059647047D0F8A0301B689A6C1206C7
S31508021C4043BFDB6B00200B701B20704780F8951092
S31508021C50704790F895007047BFF34F8F0549064BBA
S31508021C60CA6802F4E0621343CB60BFF34F8F00BF2A
S31508021C70FDE700BF00ED00E00400FA0510B50446D2
S31508021C8044EA010313F00303084609D1934201D13A
S31508021C90002010BD54F8231040F823100133F5E74D
S31508021CA0214692001AF02AFDF2E738B505464C7825
S31508021CB02B790234E4B29C4208460ED82A6891422D
S31508021CC00BD31A4421448A4207D3521AD2B21AF0C3
S31508021CD0FBFC2B791B1B2B7138BDFEE738B520227E
S31508021CE004460D460C3000211AF066FC4FF0FF330D
S31508021CF0C4E90035A36038BD13B5084C002204F5C3
S31508021D009F630093D4F80815054BA4F5DC70E8F731
S31508021D10FCF80023C4F8083502B010BDC83F0020FD
S31508021D20155C0208084608B50A8C10300DF092FBBD
S31508021D3000280CBF1F20002008BD096800681AF099
S31508021D40EABC2DE9F0471D46836D00F150079F4214
S31508021D5004460E46914688B078D02B78812B75D1E9
S31508021D60AB88B0F84C205BBA9BB293426ED104237F
S31508021D70304689890DEB0302E5F707FE002865D18F
S31508021D800198E5F75FFC02AA8246904609F110031C
S31508021D9009F1200E9446186859680833ACE803001E
S31508021DA073456246F6D1E5F7CFFB4FF6FF73A0EB14
S31508021DB00A00984228BF1846B189738982B25B1A0B
S31508021DC0ADF81820ADF81A30EB885BBAADF81C30BE
S31508021DD099F824308DF81E30E38F0133E387236C9C
S31508021DE003442364B4F84630934238BF1346A4F832
S31508021DF04630B4F84430934228BF1346A4F8443018
S31508021E0094F848305BB9E38D4BB9EB88B4F84E20A9
S31508021E105BBA9BB2934202D13846E6F7FCFD236AC7
S31508021E2013B14046A16A984794F8483073B9E38DCE
S31508021E3063B9EB88B4F84E205BBA9BB2934205D1DC
S31508021E40636A1BB1A16A04F13C00984708B0BDE871
S31508021E50F0872DE9F74F89464FF480314FEA820A17
S31508021E60374A384C9166E269804602EA010341F62E
S31508021E70713201210093E263334A8346D1605746A1
S31508021E804A4677B938460122304BDA60009B13B1CD
S31508021E9000222C4BDA63431C3DD0002846D0712021
S31508021EA03AE00BF5005525F4FF5525F01F05C4F851
S31508021EB014B0A5EB0B05E169BD4228BF3D464907AB
S31508021EC031D4164656F8041B2A44A161964210D10B
S31508021ED004220021212022611CF03EF90028D2D1D9
S31508021EE021201CF039F90028CDD13246AB447F1B9C
S31508021EF0C7E70821084601921CF02EF9019A70B12B
S31508021F00042301222361114BDA60009B0BB10023E3
S31508021F10E3630130C3D16E2003B0BDE8F08F56F8F3
S31508021F20041BA161D2E74FF0FF30ACE7524649469F
S31508021F3040461BF074FB002814BF3D200020EBE747
S31508021F400090005000000350001003500020035078
S31508021F502DE9F743D0E9043404F17C07D0F80C9054
S31508021F600646013B102200213846D4F874809DB2F9
S31508021F701AF022FB0B4BC5F30A0543EA0513C4E91B
S31508021F801F39012394F8780084F88C30C4F88480C9
S31508021F903A46054B009604F1640111F0D3FD03B0ED
S31508021FA0BDE8F08300001030AD1F0208536910B572
S31508021FB014460022D3F8900083F88C2028B10168D1
S31508021FC0C3F890100260FFF7C3FF63681BB10021D4
S31508021FD02046A2689847002010BD034693F894202D
S31508021FE0084610B5FAB10A69B2F5006F1DD8EFF3C3
S31508021FF01184302282F3118893F88C204B617AB1CE
S3150802200003F19002D3F890303BB90360106084F371
S315080220101188BFF36F8F002010BD1A461B68F3E7BD
S31508022020FFF796FFF3E70E20F6E72120F4E73023C1
S3150802203037B5007D0DF10701434303F1A04303F5CC
S315080220408023DD6E1C6F1BF081FF9DF8070040B9E7
S31508022050054B9D4203D184F00204C4F3400003B049
S3150802206030BD0120FBE700BF1452002010B504461C
S31508022070FFF7DDFF38B1236DD4E912020244934219
S3150802208018BF184610BD3022237D534303F1A043DF
S3150802209003F58023DB6EEFE74378012B0AD9C07874
S315080220A00730C010821C934204D31028CCBF0020EC
S315080220B00120704700207047C378073300EBD3002E
S315080220C00430704738B505464078A8B195F902300C
S315080220D0002B12DA012819D0841C4AF6AA70EB786A
S315080220E04AF6AA72801A18BF012003EB800304334A
S315080220F0A3428CBF0020012038BD052806D9841CBE
S31508022100D5F80300E5F79EFAEB79E9E70020F3E74D
S3150802211090F90230002BB5BF02230623C078C07996
S315080221201844C0B270472DE9F0410E4617460446D8
S3150802213002F1FF38A31C9E421FD363789D1C2544D7
S31508022140AE421AD32278B7EB520F0BD1B8F1050F6C
S3150802215010D8DFE808F0030F0D0F090D2046FFF728
S315080221609BFF38B92C46E5E72046FFF7ABFFF8E7B1
S31508022170012BF7D92046BDE8F0810024FAE701468B
S3150802218008B5FFF799FF4B78032202331944BDE8D5
S315080221900840C8E72DE9F84306464FF0FF370468BA
S315080221A03279336813449C4201D3BDE8F883237815
S315080221B05A08012A07D0052A5AD0DB0715D56378AB
S315080221C002331C44ECE72046FFF776FF6FF001085E
S315080221D0054663789A1C224495420BD3E278073265
S315080221E0A3EBD203DBB2022BE9D121463046FFF735
S315080221F05CFDD5E72B7895F80190D9072ED55B08B3
S3150802220021D0022B08D12046FFF7B9FFA9F1020116
S31508022210AA1C29448A4203D909F102094D44D8E77E
S3150802222053885BBA03F4406353B148B1837803F029
S315080222300F03A3F580635BBA9BB222F8043BE9E776
S315080222404FF6FF63F9E709F1FF32AB1C2A449342C2
S31508022250E2D81F7083F801800333F8E7294630462F
S31508022260FFF723FD6378023BA3EB09036370B0E72C
S315080222702046FFF74DFF851C25446278931C2344AC
S315080222809D4204D32046FFF743FF8242ACE72B78F0
S3150802229095F80180DA070DD55B08062B06D1A378D7
S315080222A003F00F03A3F57C735BBA6B8008F102088F
S315080222B04544E2E729463046FFF7F7FC6378023BD6
S315080222C0A3EB08036370D8E773B504460092104679
S315080222D000221D468DF804201B7822790E46934269
S315080222E08DF8053010D321681AF008FA2379012EE1
S315080222F08DF8043002D16846FFF74CFF00209DF89E
S3150802230004302B7002B070BD0320FBE7034610B5FC
S3150802231000680C46197904220144FFF704FF30B11C
S315080223202246BDE8104041780230E7F777B910BD7A
S3150802233010B51446FFF7EAFF58B14378012B0AD9BC
S31508022340FF2B14BF02230423C35A00205BBA23803F
S3150802235010BD1720FCE70620FAE738B5456804469B
S315080223600DB9172038BD806868B142780232104428
S315080223706978062202312944FFF7D5FEA0600028B3
S31508022380EFD00020EEE72846FFF7C2FE831CE818C6
S31508022390EEE710B50A460446D0E90001FFF7C3FE88
S315080223A018B1437802330344236010BDF7B50446D7
S315080223B001920D46002210270126BDF8063022702A
S315080223C00F2B11D90E2A0FD817FB026210232244AB
S315080223D001A92846E5F7AFFB102101A8E5F7D6FEC5
S315080223E022780132D2B2E8E703B0F0BD034608BA52
S315080223F019BA70472DE9F74F0F46054628B30378F1
S31508022400302B1BD1437803F0DF03582B16D14FF03C
S315080224100108023500244FF0993A26464FF00A0978
S31508022420DFF874B02878B8F1000F0AD00DF1070169
S31508022430E6F787F8B0B103B0BDE8F08F4FF00008B1
S31508022440E8E73038C0B2092801D90720F3E7A245E0
S315080224507BEB06038DF80700F7D3A4FB094309FBB8
S31508022460063306E0B6F1805FEFD2330143EA14730E
S3150802247024019DF807200021121953F1000328BFF1
S31508022480012114461E460029DFD115F8010F00283E
S31508022490C8D1C7E90023CEE79999991913B50C460D
S315080224A010B9072002B010BD027869462D2A0ED14E
S315080224B00130FFF79FFF02460028F3D14FF0004193
S315080224C0009B994201998A41EBD35B420DE02B2A84
S315080224D008BF0130FFF78EFF0028E3D1009B019A5F
S315080224E0B3F1004F72F10002DBD200202360D9E774
S315080224F02DE9F347064600680D4617469846002812
S3150802250050D01AF05DF900F1010904464FEA59095B
S31508022510B8F1000F09D0B8F1010F40D0B9F1000F98
S3150802252042D10020A5F8009036E02B884B4539D1D8
S3150802253004F00104B9F1000FF3D0002C3AD1D6F811
S3150802254000A00DF107019AF80000E5F7FAFF18BB9B
S315080225500AF1010333609DF807301B01DBB23B70B9
S31508022560D6F800A00DF107019AF80000E5F7E9FF91
S3150802257090B90AF1010333603B789DF807200134CC
S315080225801343A14507F8013BCBD0B8F1020FD6D1C8
S315080225902B88A342D3D1242002B0BDE8F0872B882A
S315080225A04B45C5D20720F7E72B88002BF3D000F05E
S315080225B00104C2E700242346D1E713B50C4669464F
S315080225C0FFF718FF48B94FF0FF32009B9A42019A6B
S315080225D070EB020234BF0720236002B010BD1FB59C
S315080225E04FF000639B6A03F17842B2F5C04F1CD2E2
S315080225F01C6B04F17843B3F5C04F16D2002301A829
S31508022600CDE902330CF057F9039BDB030DD5029B88
S315080226101A0E0AD0012A03D1C3F307430A2B04D997
S31508022620236C04B0BDE81040184740F2011004B00C
S3150802263010BD0368D90444BF43F48063036003688A
S315080226409A0444BF43F400630360704713B5044613
S3150802265001A80191FFF7EDFF019BA36002B010BD2F
S315080226602DE9F04786B00546DDE90F980C46164671
S315080226700021182268461F469DF838A019F09CFFCB
S31508022680B9F1000F41D0B4F5885F1ED04AF48073C1
S31508022690BAF1010F019303D12A68DBB2059283B31B
S315080226A039466846FFF7D2FFADF8004024F0FF042A
S315080226B0B4F5824F039612D12B46424649466846DE
S315080226C005F02CFA06B0BDE8F087BAF1000F12D170
S315080226D039466846FFF7BAFF0396ADF800404FF64B
S315080226E0F872B2EBC80F4FEAC80338BF4FF6FF734A
S315080226F0ADF80230E0E740F2011301932B68059327
S31508022700E6E740F201130193CAE76FF08600D9E7BC
S315080227104FF0FF307047FEE70020704701207047F0
S31508022720012070474FF0FF307047002070470020A5
S31508022730704700207047BFF34F8F0549054BCA689B
S3150802274002F4E0621343CB60BFF34F8F00BFFDE78D
S3150802275000ED00E00400FA0508B528B141780078D2
S315080227601BF092FB002008BD2220FCE708B528B121
S315080227704178007810F09EFC002008BD2220FCE774
S315080227800B4B93F8752262B107280CD803EB00139A
S3150802279093F8FC304BB10123064A834013640020A8
S315080227A0704705487047054870470548704700BF97
S315080227B0A04F002000100450028000F0018000F0B3
S315080227C0078000F00B4B93F8752262B107280CD8E4
S315080227D003EB001393F8FC304BB10123064A8340FE
S315080227E01364002070470548704705487047054836
S315080227F0704700BFA04F002000200450028000F05E
S31508022800018000F0078000F010B50446007DFFF74E
S31508022810B7FF3023207D434303F1A04303F580230A
S31508022820DA6E196F084B9A420BD111F0020104D0E5
S31508022830216D236ACB1A59425941FFF7C3FF08464D
S3150802284010BD0021F9E700BF145200202DE9F84F08
S3150802285090F8943004460D46002B65D14FF03008A7
S3150802286090F895708E18B5424CD094F89630BBB352
S315080228702046FFF7C9FF98BBEFF3118988F3118841
S31508022880207DFFF77DFF2046FFF7F0FBD4F848A02E
S31508022890411E514538BFE16C94F854B038BF01F176
S315080228A0FF31207D38BF5144FFF78CFFBBF1000F83
S315080228B012D10B46D4F8980098420BD013F8012986
S315080228C0112A01D0132A20D1A2F111035A425A41E0
S315080228D084F89C20C4F8981089F31188BFF36F8F87
S315080228E094F89C30002BBED0236EA9462A785B68E2
S315080228F097B9236E20465B6899F800100135984708
S315080229000028B0D00020BDE8F88F9A4582BFE36C54
S3150802291003F1FF335344CFE70A2AEAD10D212046B1
S3150802292098470028E5D0EDE70E20ECE710B5EFF35F
S315080229301184302383F3118800220E490B7B73B965
S315080229400D49026001EB02120121C2F8F03082F849
S31508022950FC1084F31188BFF36F8F184610BD01323D
S31508022960082A01F11001E9D184F31188BFF36F8FA8
S315080229700248F3E790500020A04F0020048000F0A0
S3150802298038B505460C46FEF703FE6B6CA3F1140236
S31508022990B3F5805F02FB00F005D140F6E87369697A
S315080229A0994288BFCC30E31DB3FBF2F3013304EB43
S315080229B0C304204438BD38B5054644692146FFF7A5
S315080229C0DFFF6A6CE31D143AB3FBF2F3AA691444F7
S315080229D004EBC3040C34204438BD00BF2DE9F04192
S315080229E00646406882B0C0B10F4690460024336856
S315080229F053F8345003EBC403C5F30752C5F3130166
S31508022A00013504F1010406D05B683046CDF8008032
S31508022A10B84710B170688442E9D302B0BDE8F081C4
S31508022A20036813F07E0F03D1406820F07C4070479C
S31508022A3013F078001CBF03F07F03D81F70474BF2D0
S31508022A409A22036810B5B2EB134F044613D19BB210
S31508022A50012B15D1FEF762FF013011D04FF6FF7236
S31508022A60E068B2EB104F4FEA10430BD180B2C01A9E
S31508022A7018BF012010BD013314BF04200320F9E753
S31508022A800420F7E70220F5E7F0B50546002687B0E9
S31508022A90EC69013CB44203D80C46204607B0F0BDA7
S31508022AA001B14C1E6F6C2868EB6B05225B6901A9A4
S31508022AB007FB0400984701A8FFF7C1FF0128ECD9D4
S31508022AC021460136E4E70368F0B5CC1A436C06469C
S31508022AD0B4FBF3F4002587B0F36937685A1E9542AA
S31508022AE0706C06D3736C306803FB0400143007B0AD
S31508022AF0F0BD0134B4FBF3F203FB1244F36B052277
S31508022B005B6901A900FB0470984701A8FFF797FFC4
S31508022B100128E7D90135DFE710B423F0030422447C
S31508022B209B070A44436C18BF04325B4282EA0104DB
S31508022B30234202D05DF8044BC5E710465DF8044B04
S31508022B4070472DE9F04F144606460F468BB003939D
S31508022B50C36B01225B6907A960689847F36B012278
S31508022B605B69384606A99847079B5D1C07D1002270
S31508022B70A360A275627500200BB0BDE8F08F012232
S31508022B80A2750022217E069D04EBC101CF610A844B
S31508022B906068C5F3D31CB84205F07F010CD14FF02B
S31508022BA0FF33C4F800C02175A360237D043B022BC2
S31508022BB026D80023A375DEE794F814E020688E452C
S31508022BC003D1A0EB0C004242424103F07F000128E8
S31508022BD08CBF0020012001298CBF002101218842D7
S31508022BE018BF002215F07E0FA27503F07E0304D1EA
S31508022BF0002BDAD00023A375D7E7002BD5D1F9E746
S31508022C0015F07E0F0FD1F36B022238465B6908A9CD
S31508022C10984708A8FFF704FF237D032B4FD8DFE860
S31508022C2003F0130D045706A8F4E7CC22237E04EB1F
S31508022C30C3031A840123694AD35C0AE0237E04EBA0
S31508022C40C30318840023F6E7237E04EBC303188420
S31508022C500123149A1370069A12F07E084FEAD26A72
S31508022C60227E37D1F36B04EBC2020AF003055B69D5
S31508022C70B2F8209082F8225008A9022238469847CC
S31508022C8020220DF117000DEB02018DF81780FEF7D1
S31508022C9027FE1A2209A9FEF723FE9DF81730099A7C
S31508022CA04FF0080BB3EB926F0CBF01230023637539
S31508022CB0637D33BB0023A3754FF0000851E0227EE3
S31508022CC0013BDBB204EBC202052B1084C0D8B2E783
S31508022CD00223B0E7002504EBC202B2F8209082F87C
S31508022CE0225006A91B2208A88DF82050FEF7F8FDE7
S31508022CF09DF820204FF0040BA2EB0A0253425341DF
S31508022D00D5E794F81680B8F1000FD5D0B9F1000FBF
S31508022D1009D1DDB10123E375637E002B35D1012D7F
S31508022D2028D1657614E0736C07EB0B02594287EAE1
S31508022D30020008421CBF0021A175591E0A409B1AAF
S31508022D404B45B7D3A37D002BE3D1B5E7E37D43B962
S31508022D504FF000084B465A4639463046FFF7DCFE26
S31508022D60A060A27D237EBAB9012B33D8013323761C
S31508022D70A07D01E796F8343063B9F36A0133E9D1E5
S31508022D80032DE7D10123A376E2E7012DE9D0032D2E
S31508022D90DED1F7E79846DDE72269012B4A4422612C
S31508022DA018D801332376039B002BE1D0E37D002B51
S31508022DB0DED0B8F1000FDBD1032DD9D0A1684B1CA8
S31508022DC0D6D0149B2246009330460123FFF7B9FE5C
S31508022DD0A075CDE70023A375CAE700BF300A040829
S31508022DE013B50C46002121760093616813462246E4
S31508022DF0FFF7A7FE18B1E37D03B1A07EA075A07DFB
S31508022E0002B010BD2DE9F743044616461F460D4685
S31508022E10DFF87480816AE36A8B421ED04B1C1CD091
S31508022E20DFF860904846FEF759FF012249462046D8
S31508022E300DF10703FFF7D4FF30B13B4620469DF854
S31508022E4007201049B04740B1D8F880124A1C07D06B
S31508022E50012D0DD0E36A9942E4D103B0BDE8F083AF
S31508022E60D8F87C122046FFF72EFE012D0146D2D154
S31508022E70D8F87C3281EA0302636C5B421A42ECD1CF
S31508022E80C9E700BF18520020A04F00202DE9F041E3
S31508022E900F4616469846044688B060B390F83450F2
S31508022EA0FDB10121FEF7EFFB00210E9BCDE90511CD
S31508022EB0CDE902379DF83C30CDF804808DF81C30F8
S31508022EC0237C04968BB90D4901AA04F10800FFF781
S31508022ED085FDDDE90553E06B002E08BF1D4610F09F
S31508022EE025FE284608B0BDE8F0812046044A01AB13
S31508022EF0FFF788FFEDE70546F3E700BFA1160208CC
S31508022F00453202082DE9F041D0E90A369E420446C6
S31508022F1086B028D11422C369456802FB1355284690
S31508022F2006B0BDE8F0812068676C331AB3FBF7F385
S31508022F30E26B07FB0300D2F8148001A90522C047F9
S31508022F4001A8FFF77CFD012804D0636C1D44013BF0
S31508022F503340ED1A31462046FFF7B5FD0646A36A09
S31508022F60B342E0D1DBE70025F9E72DE9F04F0F463A
S31508022F709A46002389B004464FF0FF311046904620
S31508022F808DF80B30FEF7AAFEB7F5801F20D2394618
S31508022F9003AA04F10800FEF7D7FB451C014605D132
S31508022FA0237CBBB92D2009B0BDE8F08F4046FEF759
S31508022FB095FE0122414620460DF10B03FFF710FF4D
S31508022FC00028EDD09DF80B308AF800300020EAE799
S31508022FD0B81CE5D1E66A711C2CD12046616AFFF756
S31508022FE053FD0646BB1C18BF0123DFF8C4B0009385
S31508022FF0636A626C0193236803A902FB0639E36BD1
S31508023000484605225B6909F114099847002549468D
S315080230104B1C05D0636C81EA09025B4213420FD04E
S3150802302031462046FFF730FD019BB3422FD085BBC0
S315080230300646DDE72368F61A636CB6FBF3F6D1E7B4
S315080230401A48FEF74BFE2046009A18490DF10B0363
S31508023050FFF7C6FE8446B8B1BA1C03D0DBF8A43221
S31508023060BB4211D145469DF80B30DFF840E08AF89D
S315080230700030BEE80F000FC5BEE80F000FC59EE878
S31508023080070085E807006546DBF8AC12C0E7002DA5
S3150802309088D0B7F5801F99D239469AF80030D8F801
S315080230A0042004F10800FEF77FFB8FE74452002054
S315080230B0A04F00202DE9FF410C4617461E4605463D
S315080230C090B390F834308BB3B1F5801F30D2DFF865
S315080230D064800121FEF7D7FA214628460DF10F032F
S315080230E008F53472FFF741FF044678B99DF80F30A8
S315080230F0012B12D1D8F8E0329E4213D10246009033
S315080231003346394628460FF045FD0446E86B10F06B
S315080231100DFD204604B0BDE8F081022B14BF2D2414
S315080231206024F3E76324F1E72124F2E71124F0E7A8
S315080231302924EEE7A04F00202DE9F04385B00C467E
S3150802314017461E460546DDF83080A0B390F834309F
S315080231509BB3B1F5801F32D2DFF868900121FEF7E2
S3150802316092FA214628460DF10F0309F53472FFF744
S31508023170FCFE044688B99DF80F30012B14D1D9F804
S31508023180E02206EB08039A4213D3009043463246DE
S31508023190394628460FF0FEFC0446E86B10F0C6FCDA
S315080231A0204605B0BDE8F083022B14BF2D24602407
S315080231B0F3E76324F1E72124F2E71124F0E729244F
S315080231C0EEE700BFA04F00202DE9F3411F4600237A
S315080231D00C46164605463B6058B390F8343053B34E
S315080231E0B1F5801F29D2DFF858800121FEF74BFA84
S315080231F0214628460DF1070308F53472FFF7B5FE96
S315080232000446A0B99DF80730032B10D0022B0AD129
S315080232100123336004233B60E86B10F087FC2046E9
S3150802322002B0BDE8F0813060D8F8E032F3E72D2429
S31508023230F2E72124F3E71124F1E72924EFE700BF97
S31508023240A04F002073B50D46D11E4A421C461B7E6E
S315080232504A419A4228D129682368994224D3636845
S31508023260994221D8124E0DF1070306F53F72FFF770
S315080232707CFEC8B9D6F800236B689A4214D19DF829
S315080232800730DA1E53425341227E93420CD16369B8
S3150802329001336361D4E90323934205D22968A268FC
S315080232A042F8231001332361012002B070BD00BF2A
S315080232B0A04F002070B50025044686B00562E36972
S315080232C0AB4202D8206A06B070BD666C2068E36B12
S315080232D005225B6906FB050001A9984701A8FFF7C5
S315080232E0AEFB012898BF236A05F101059CBF01338D
S315080232F02362E4E738B50446456C006804F14003E6
S3150802330005FB0101E06BFEF731FB05462046FFF798
S31508023310D1FF284638BD2DE9F04100254FF0FF3888
S315080233204FF6FF73044647462E46C0E9085386B051
S31508023330E369B3420DD8A5EB0805012D06D94FF668
S31508023340FF7300256362E369AB4223D806B0BDE882
S31508023350F081E26B2368606CD2F814C000FB063079
S31508023360052201A9E04701A8FFF769FB01280FD842
S3150802337001A8FEF7D3FA874288BF6662804528BF4E
S315080233808046854238BF05460746236A01332362CB
S315080233900136CDE7666C2068E36B06FB050005225D
S315080233A05B6901A998470135CDE72DE9F04F97B03A
S315080233B0CDE908230D460A69416CD31D1439B3FBBE
S315080233C0F1F3013302EBC302036B04469342C0F0E6
S315080233D0D9820023DFF8C0920C93E36AAD481946F6
S315080233E00693FEF77BFCD5E903370393099B022B69
S315080233F040F02681CC2F40F0A682089B002B00F0D5
S31508023400F18000266868E36B01225B69119611A9AF
S3150802341008309847B04694F84230012B40F0AD8008
S31508023420632E2DD9119B666C069A1293731E13404E
S31508023430F61AE36B01225B69686814A99847149B1C
S3150802344013F07E0F14BF04230823782F059340F246
S315080234500781012200234FF0080A04922A68C9F854
S31508023460B472C9F8A422099A032A00F01F81022A13
S3150802347000F0C780049A002A14BF00220722C4E07B
S31508023480612E08D814AB324629462046FEF7B0F814
S315080234909DF8503023B314AB3246294620468DF8A0
S315080234A04C80FEF7A5F894F84230DDF850A0012BBF
S315080234B052D14FF6FF739A4500F09280082214A95A
S315080234C013A8FEF70DFA9DF84C20CAF307239A4271
S315080234D040F086805FFA8AFA119B534411937FE083
S315080234E094F84230012B2DD132462946204612AB9A
S315080234F0FEF77EF82946204613AB721CFEF778F8CB
S315080235002946204614ABB21CFEF772F8082310228D
S3150802351013A90DF143008DF84330FEF7E1F91022A5
S3150802352014A9FEF7DDF9129BDAB2002A51D19DF8E9
S315080235304320B2EB132F4CD1DDE9133203EB0243DE
S31508023540119346E0302E2BD943E09DF84320B2EB87
S31508023550134F3ED1139BF3E7BAF1FF3F40D0102237
S3150802356014A913A8FEF7BCF99DF84C20CAF3074321
S315080235709A4235D11FFA8AFAAEE7312E3FF652AF92
S3150802358089D014AB324629462046FEF731F8BDF8F3
S315080235905030002B7FF47FAF94F84230012BA3D032
S315080235A032462946204612ABFEF722F8294620461D
S315080235B013AB721CFEF71CF81023202213A90DF177
S315080235C043008DF84330FEF78BF9129B9AB2002A14
S315080235D0BBD094F84230012B14BF012302231E44A8
S315080235E0013618E7039B01221B684FF0080A12935B
S315080235F02B680492C9F8A43208230593089BC9F8D4
S31508023600B472049AC2F10202D2B289F8B8224FEA17
S315080236109A020E92069A019200220A920D92079235
S315080236200B92606C019A411E1140421A002F3FD03C
S3150802363053449A4247D8236B1B1A0B4423635BE114
S31508023640666C069A731E1340782FA6EB030619D8E2
S31508023650EB7D8BB9089B002B7FF4EBAE0423059315
S315080236603B1DB3421AD9F7B1082E3FF6F2AE042330
S3150802367000229A460492F1E6089B002B7FF4D9AE03
S315080236800823ECE7089B002B7FF4D3AE08230593A7
S31508023690DFE600BF44520020A04F00200023049317
S315080236A04FF0040ADAE604230497F9E7099AACE725
S315080236B05245C0D3B846019B53440293079B002B3D
S315080236C018BF032314E0A2EB0A02019B9742B846ED
S315080236D0534428BF904697420293EFD90123D9F85B
S315080236E0B42289F8BB32974243D1019AC9F8A82273
S315080236F0079399F8BB32002B3DD099F8BC22019961
S31508023700D31C09EBC303C3F8A81207990132A3F81D
S31508023710AC8283F8AE1289F8BC22B8F1000F14D035
S31508023720099B022B2BD10A9B7BB90D9B4344032B86
S315080237300BD9E36B01229B69029812A998470646A0
S31508023740002840F0278101230A9399F8B8322E6897
S315080237508D4A012B02EAC61628F07C4B40F2898074
S315080237609A1E012A03D908F1070303F07F031E43B1
S3150802377085E00223BCE7019BC9F8A832CDE7089B7E
S31508023780002B31D1039BB8F1030F03EB080B28D9A1
S31508023790DDE90201E36B4FEA98029B699847064600
S315080237A0002840F0CA8018F003025FD0039B28F075
S315080237B0030633440393029B1E444FF0FF330399D7
S315080237C013A8139318F09AFFE36B304601229B69FC
S315080237D013A998470646CDF80CB0002EB5D0029B21
S315080237E06FE04246029EE8E705F12003DDF808B0DD
S315080237F00F93EB7D68689BB100232E7E0B9AD9B294
S315080238008E4211D90F9903F1010C31F83310914206
S3150802381026D9059905EBC303D8690A44104403E07F
S315080238200B9B059A13441844E36B01225B6913A99F
S315080238309847139B012211930B9B584604330B930B
S31508023840E36B11A99B699847029B06464344A3EB7F
S315080238500B03042B07D9002872D10BF1040BC8E716
S315080238606346521ACBE7CDF808B0B6E7CDF80CB0E6
S315080238706BE7079A43EAC263334343F060464FF065
S3150802388000038DF84C30049BCDE9146B002B49D00C
S31508023890202214A913A8FEF723F81A2215A9FEF75F
S315080238A01FF89DF84C304BEA83631593E36B0E9A27
S315080238B09B69019814A99847019A061E0C9B18BF82
S315080238C0134652460C93204643460199FFF724F9BC
S315080238D0236B08F10302A3EB0A0322F003029B1AE5
S315080238E0C9F8AC022363002E54D10D9BA7EB080737
S315080238F043440D93029B019320460199FFF7E3F88F
S3150802390000230190002F7FF48CAE204A2968D2F852
S31508023910AC3204F10800E362D2F8A822099BFDF74B
S3150802392043FF11E01B2214A913A8FDF7D9FF9DF83E
S315080239304C3046EAC3661496B8E7CDF80CB04EE7A3
S31508023940CDF808B04BE77027384617B0BDE8F08FB8
S31508023950002760E004F10800FDF7BDFE3B46394644
S3150802396020460B4AFFF74EFA2A69616CD31D1439B1
S31508023970B3FBF1F3013302EBC302236B9342BFF4A9
S315080239802CAD6DE01C27DFE780FFFF07A04F002064
S31508023990451802083D2E63D104F1080301932768EE
S315080239A0069B2046E16AD4F844A0A3EB070BFFF76F
S315080239B08AF8A26ABBFBFAFB8242D5D0616CD9F8B7
S315080239C0AC2201F1FF3C02EA0C0C226B0C9B521A48
S315080239D0624422632268E0629A1AB2FBF1F8C3458E
S315080239E0B6D10AFB0877069B07F1140BB3EB0B0754
S315080239F011D0E36BBA0859469B6998478246E26A30
S31508023A00069B3A44E262226B0198D21A5A4422630E
S31508023A10FDF761FE57462368616CE06B01FB0831CE
S31508023A20FDF74BFF2046FFF745FC2046FFF773FCE0
S31508023A30626A616C2368204601FB02331433A3626F
S31508023A40FFF760FA2063002F84D02A69616CD31DC0
S31508023A501439B3FBF1F3013302EBC30290429ED24F
S31508023A60374671E72DE9F341089C032A174626686B
S31508023A7006D1237A012B25D0012002B0BDE8F081B8
S31508023A80DFF8988030460DF1070308F53F72FFF715
S31508023A906CFA60600028ECD12568D8F80033A96A68
S31508023AA0D5F844C04B40CCF100021340207AE0D14D
S31508023AB0012809D1E068D8F80C23024470698242C9
S31508023AC002D92374207CD8E72868EB6A1B1A081ADD
S31508023AD0B3FBFCF3B0FBFCF083420BD1706CF36AC8
S31508023AE0421E1340326B121A134428463363FEF7FA
S31508023AF0EAFFE862D8F80C23E36808321344E36065
S31508023B0001223B4604492068FFF74FFC6060002803
S31508023B10AFD00020B1E700BF9C520020A04F002082
S31508023B20032A2DE9F34106460D4617461C4606D1D9
S31508023B30237A012B24D0012002B0BDE8F081DFF8F8
S31508023B40608009680DF1070308F53F72FFF70DFA61
S31508023B5060600028ECD19DF80720237A032AE7D073
S31508023B60D8F800136A689142E2D1012B2969D4F880
S31508023B700CC007D172690CEB0103934202D9207477
S31508023B80207CD9E708316144E1603B460122294697
S31508023B903046FFF70AFC60600028C9D00020CBE750
S31508023BA0A04F00202DE9F34104461F4616468846D3
S31508023BB02C4D4FF0FF3105F53F70FEF78FF89DF853
S31508023BC020300022204605F53F71C5E9C267C5F8CF
S31508023BD0FC82FFF7EAFB236E0746002B3DD0204600
S31508023BE06169FEF7CDFE626E236B024493422CBFD7
S31508023BF000220122984228BF0023257C38BF1B1ABF
S31508023C00002684F85020636584F85850D5B1DFF849
S31508023C10588033463246314620460196CDF8008012
S31508023C20FFF734F901230546CDE9008332463346C8
S31508023C3031462046FFF72AF9E36805449D4294BFB8
S31508023C403546ED1A94F85030E56513B994F85830AC
S31508023C501BB1236E04F150009847384602B0BDE8FE
S31508023C60F08100BFA04F0020FFFF0F002DE9FF41A2
S31508023C700F4690461E460546002847D090F834302F
S31508023C80002B45D0B1F5801F44D2234C0221FDF703
S31508023C90FAFC04F53472394628460DF10F03FFF78C
S31508023CA064F9024620B16B699E4219D9622410E072
S31508023CB09DF80F30012BF6D1D4F8E0128E42F2D1DC
S31508023CC000934146334628460EF064FF0446002810
S31508023CD0E9D1E86B0FF02AFF204604B0BDE8F0816F
S31508023CE028460FF03BFA31462846FEF749FE2C6B6A
S31508023CF0844209D30123424600933946334628466D
S31508023D00FFF750FF0446E4E71C24E2E72124E3E731
S31508023D101124E1E72924DFE7A04F002007B51F4B4E
S31508023D2093F8283303B9FEE700236A46CDE9003340
S31508023D301B4908231B48FFF7BDF9E8B91A4AD2F806
S31508023D404031D2F840211F2B4FF001030FD9203AF8
S31508023D509340019A1A43019208236A461049114868
S31508023D60FFF784FF114B124A1A60FEF7E4FC9340F0
S31508023D70009A1A430092EFE72D28F3D10A4AD2F89D
S31508023D804031D2F840211F2B4FF0010385BF203A5C
S31508023D9093409340019398BF0093DDE7A04F00201C
S31508023DA000710800981900200080004400000020D5
S31508023DB00B020FF07FB50C46054648B390F834302F
S31508023DC043B3B1F5801F27D20221FDF75CFC2146D9
S31508023DD02846124A0DF10F03FFF7C7F80646A8B997
S31508023DE09DF80F30032B11D028460FF0B7F903239D
S31508023DF021460093324633462846FFF7D3FE044649
S31508023E00E86B0FF093FE204604B070BD2D24F7E749
S31508023E102124F8E71124F6E72924F4E77052002052
S31508023E20F0B504460D46466CE36B006887B005227A
S31508023E305B6901A906FB0500984701A8FEF7FFFD85
S31508023E40012804D801A8FDF769FD07B0F0BD294687
S31508023E502046FEF719FE0646676C2068E36B0522C4
S31508023E605B6901A907FB0600984701A8FDF756FDFD
S31508023E70431CEAD0B54238BF0130E6E72DE9F04FD8
S31508023E804FF0FF334FF6FF720025044600F108088B
S31508023E90C0E909238BB0C3620562056340468B46B7
S31508023EA0FDF719FC2046FFF705FA40BB4FF6FF79E6
S31508023EB0676A00264F4514BF3D460025E3699E42C0
S31508023EC03BD32046FFF7F6F908BB5E2028E02368B5
S31508023ED0E26B606C566900FB0530052205A9B047FE
S31508023EE005A8FEF7ACFD01281DD129462046FFF795
S31508023EF097FF421C29462046FFF7FCF90135E3697C
S31508023F009D42E4D32046FFF7D5F90028CED02046B5
S31508023F10FFF701FA4FF6FF72636A934237D16720B9
S31508023F200BB0BDE8F08F0338C0B20128E6D829469F
S31508023F302046FFF775FF0246DCE7E26B2368606CF2
S31508023F40D2F814C000FB0530052205A9E04705A8EA
S31508023F50FEF775FD022807D04F450DD10BF1010278
S31508023F6029462046FFF7C6F9E3690135B5FBF3F2A0
S31508023F70013603FB1255A1E729462046FFF750FFF3
S31508023F80B0F1FF3F14BF02465A460132E8E7E26B38
S31508023F90666C206855696946052206FB0300A84730
S31508023FA0626A616C23684B4D01FB02331433A362C8
S31508023FB04FF0FF336FF00101E362204605AB05F5CA
S31508023FC03F72FEF7D2FF002849D1D5F80453294695
S31508023FD02046E562FDF7F3FA206320B92046E16A36
S31508023FE0FEF771FDE06229462046FEF76CFD05469E
S31508023FF0A36A9D4235D12046FDF7CAFA002607462E
S315080240003546E3699D423ED3B74257D92046616A8F
S31508024010FEF73AFD4FF00008054604F1400A464508
S3150802402012D8626C2368694602FB0539E36B0522DE
S315080240305B69484698476846FDF770FC5346024650
S315080240404946E06BFDF792FC29462046FEF71CFD21
S3150802405008F1010847450546E1D1642060E7A56AEB
S31508024060B5E729462046FDF7AAFA236B29460344F3
S31508024070064623632046FEF726FD0546002EB7D1DF
S31508024080C4E90B06B4E7626C236805A902FB053985
S31508024090E36B05225B694846984705A8FEF7CFFCFD
S315080240A0012809D8204609F11401FDF788FA636C3C
S315080240B0143B984208BF01360135A2E74046FDF790
S315080240C00AFB002320461946034AFEF79BFE0020F8
S315080240D026E700BFA04F002045180208034B5A687E
S315080240E012B19A6A002AFAD1704700BF00400650F8
S315080240F030B40446EFF3108072B6256885EA0203E7
S315080241000B406B40236030BC19F054BF2DE9F047D1
S315080241100E4617460546002845D0EFF31188302388
S3150802412083F31188214B0478D3F810334B1E0E2BD8
S3150802413090F801A02DD989B34FF0000951462046BF
S315080241404FB319F0A1FE0F21BAF1070F04EB44048D
S3150802415088BFAAF1080A4FEA0414154895BF4FEA20
S315080241608A0A4FEA8A0A04340C3409FA0AF201FA6C
S315080241700AF12044FFF7BCFF26B9287869787FB18F
S3150802418019F082FE88F31188BFF36F8F0020BDE80D
S31508024190F0878946D2E70EF08DFFD4E78946D2E743
S315080241A00EF088FFEEE72220F1E700BF00C00350B9
S315080241B030C00350044BD3F88420D206FBD4D3F87C
S315080241C08400C0F38110704700400050430905D0AF
S315080241D0012B0CD0022B084B18BF002300F01F003E
S315080241E039B103F58053012282401A607047034BA6
S315080241F0F4E703F50053F6E7688000506480005040
S315080242001FB50023B0F5807F019300F03E816BD87D
S315080242105E2862D85E2863D8DFE810F0770062006D
S31508024220620062006200620062006200620062006E
S31508024230620062006200620062006200620062005E
S31508024240620062006200620062006200620062004E
S315080242506200620062006200620062007700F20099
S315080242607700F20013011301130113011301F2007F
S3150802427025018000AB0048018000F200F200F2003E
S31508024280620062006200620062006200620062000E
S31508024290F200F200F200C1006701F2006200620059
S315080242A062006200620062006200620062006200EE
S315080242B062006200620013017700770077005801F6
S315080242C0800080007301D00096002001620062001F
S315080242D0620062006200DD007700802800F08180BB
S315080242E0019805B05DF804FBB0F5D06F00F0DE80EA
S315080242F044D8B0F5607F00F08A801AD8B0F5007FFE
S3150802430073D005D8B0F5C07FEAD119F0E1FA6AE0B0
S31508024310B0F5207F74D0B0F5407FE1D119F0D8FA14
S31508024320924B1B6FC3F380230133B0FBF3F04008B3
S3150802433059E0B0F5B06F00F0968017D8B0F5806FE7
S315080243407FD0B0F5A06FCBD10021884B0391D3F86B
S31508024350203203F00703042B06D8022B7AD8012B46
S3150802436074D0022B00F0E380039B98E0B0F5C06F8F
S31508024370B6D1002101A8FDF7E5FBB1E7B0F5106F4C
S3150802438000F0A4800FD8B0F5086F00F0D980A7D83E
S31508024390B0F5E06F00F0A980B0F5F06FA0D1734BCD
S315080243A0D3F86031A4E0B0F5406F57D010D8B0F515
S315080243B0206F00F0A680B0F5286F91D100216B4BD3
S315080243C00391D3F8703203F00303012BCCD1AAE090
S315080243D0B0F5486F84D100230393644BD3F8943223
S315080243E094E019F057FA01907AE719F053FA5F4BFD
S315080243F0D3F89030C3F304630133B0FBF3F0F2E76A
S3150802440019F066FA594B1B6FC3F38023F4E7574931
S31508024410D1F8802002F00302022A0AD0032A0BD01E
S31508024420012A0CD119F036FAD1F88030C3F30113F8
S31508024430E2E719F0D5F9F7E74D4B1868F4E718469D
S31508024440F2E7002101A8FDF747FB49E703A8FDF7B4
S315080244500FFB89E74FF40043039385E7002101A880
S31508024460FDF706FB3CE70021404B0391D3F8803168
S3150802447003F00303022B5ED0032B58D0012B7FF4E3
S3150802448073AF03A8FDF728FB6EE702934FF0E0230C
S315080244901B695A0705D519F01BFA0290029B01936C
S315080244A01EE703A902A8FDF74DFBF7E72F4BD3F842
S315080244B0003203F00700032812D05B070AD401383A
S315080244C001288CBF00200120C0038CE7274BD3F8B4
S315080244D00832EEE7042806D119F0FAF9800A82E7CB
S315080244E04FF47A707FE700207DE7204BD3F84032FD
S315080244F003F00303032B20D0003B18BF0123DB0381
S31508024500CDE700230393194BD3F8603203F0070370
S31508024510013B032B3FF628AFDFE803F002040D093F
S315080245200021AEE7002103A8FDF70CFB1CE719F0F2
S3150802453057F9039018E70F4B8EE74FF47A73AEE7F5
S315080245400A4BD3F8003103F00303022B06D0032BE0
S3150802455007D0012B07D1064B5B68A0E74FF400434F
S315080245609DE7054B9BE7002399E700BF00800050B3
S31508024570C0620020002D310180D5430238B5174CA0
S31508024580FF28A26A28D8A36D154D13F4803F18BFD9
S315080245904FF48031134B18BF99624FF080719962BC
S315080245A0A36995F9085023F47F03054423F47F434E
S315080245B043EA002385F3080543EA0543A3610A484B
S315080245C0FFF796FDA36DDB0304D54FF48031064849
S315080245D0FFF78EFD002038BD2120FCE70040005A77
S315080245E0C06200200050005A2840005A38B50F4CC5
S315080245F00F48A26AA36D13F4803F18BF4FF48031A7
S315080246000C4B18BF99624FF080719962A569FFF742
S315080246106FFDA36DC5F30725DB0304D54FF480317F
S315080246200348FFF765FD284638BD00BF0040005A1B
S315080246302840005A0050005A014B1872704700BFB2
S31508024640C0620020014B93F908007047C06200203F
S315080246504FF4803310481149826A8B62836D03F0E6
S315080246600303032BFAD14FF080730D488B620A4B72
S31508024670996D30EA0101FBD1012008490865996D57
S315080246808907FCD4044B996D8807FCD5996D89076F
S31508024690FCD5044904482BE50040005A0050005A4C
S315080246A003000100000001012840005A08B58020D5
S315080246B0FFF7A6FD034B98429EBF4FF48032024B8A
S315080246C01A6708BD005A620200A000504FF48032F1
S315080246D0104B10B59A66A3F580531B6FC3F30333C9
S315080246E003FB00000C4BDC69144041F67132DA63B5
S315080246F05A6822F4401259B90849884294BF0020E0
S315080247000120000502435A600CB10022DA6310BD8B
S315080247100349F2E70090005000000350005A620273
S31508024720002D310110B50C4C02200AF049FC236F0A
S315080247300A4AC3F3802301330021094882F8293340
S31508024740FFF7C4FF236F43F4806323674FF4803374
S3150802475004F58054236710BD00800050A04F002046
S3150802476000B4C40408B54FF4C070FFF749FD064902
S31508024770064A884294BF00200120136F23F48063FF
S3150802478043EA8023136708BD80F0FA0200800050CE
S3150802479038B5054619F09CF80446FFF70BFD0128C3
S315080247A0D4BF012100212046FFF790FF00200AF01E
S315080247B03BFC25B1FFF7D6FFBDE8384076E7064948
S315080247C0064A0B6F92F8292323F48063013A43EAD7
S315080247D082230B67F0E700BF00800050A04F00203D
S315080247E0024A536B0342FCD1704700BF004009508E
S315080247F04FF000420F4B70B55D6E03F580535A6653
S315080248004AF6CD3304460C4980204E6C0B64FFF7FA
S31508024810E7FF0B6A23F4F85343EA04230B62F30710
S3150802482044BF064B0B64002DA2BF4FF00042044B57
S315080248305A6670BD00800050004009503254FFFF8E
S3150802484000A000504368DA0715D58368DB0702D54E
S315080248500369D90708D50A238363436D13F0500FFA
S31508024860FBD1836C9A07FCD1012200F500535A60EA
S3150802487043689B07FCD47047012200F580535A60AF
S3150802488001F00F02436DC3F30B03002BFAD18263C7
S31508024890436D13F0780FFBD101F001034A0748BFB5
S315080248A043F00203826C02F003029A42FAD170477D
S315080248B02DE9F04105460F461E4690464AB10123A8
S315080248C03022194C8B4002FB004436B304F582545D
S315080248D023600F21072F05EB450388BFA7F10804BC
S315080248E04FEA0313114895BFBC00A40004330C33E6
S315080248F008FA04F2A1401844FFF7FAFBB8F1000FD0
S3150802490009D101233021084ABB4001FB05223EB1E9
S3150802491002F582521360BDE8F08104F50154D7E727
S3150802492002F50152F6E700BF00C0035030C003503B
S3150802493038B50446D0F8A0301D68AB6C5906FCD5CC
S31508024940002394F8A9101A4694F8A800FFF7B0FFB6
S31508024950002394F8AB101A4694F8AA00FFF7A8FFAA
S3150802496094F8B030DA0707D5002394F8AD101A4642
S3150802497094F8AC00FFF79CFF94F8B0309B0707D574
S31508024980002394F8AF101A4694F8AE00FFF790FF8A
S31508024990042205F5005328461A65FFF753FFD4F893
S315080249A0A400002119F054FA002038BD0123F0B5FD
S315080249B0C4B2214DA340D1F800C08F7ACC7A0E7BBF
S315080249C02B65850005F1A04505F58825C5F804C0BF
S315080249D030256843240591F80DC044EA074400F1DE
S315080249E0A04000F5802044EA465422F00302C0F8AB
S315080249F060C0C4650267EFF3118485F311880F4A14
S31508024A00087A536500B11364487A00B1936308794A
S31508024A108A7942EA0042084882614D79CA79074989
S31508024A2042EA05428A61064A4363936484F311881B
S31508024A30BFF36F8FF0BD00BF002004500010045072
S31508024A40000004500123C0B28340EFF311803022E4
S31508024A5082F31188054A516D21EA03015165936271
S31508024A6080F31188BFF36F8F704700BF00000450B0
S31508024A700123C0B28340EFF31181302282F31188F9
S31508024A80074AD06A184209D1526B93430CBF0120D8
S31508024A90002081F31188BFF36F8F70470020F8E773
S31508024AA000000450021E30B54FF000000CBF10255E
S31508024AB0042547F60774084952B9831D51F823306D
S31508024AC0234023B101308542F6D14FF0FF3030BD85
S31508024AD000F11603F2E700BF0080035010B5C2F3D7
S31508024AE0062402F0070241B942EA042242F44022AD
S31508024AF00630234B43F8202010BD142C2DD008D89D
S31508024B00012C32D0122C22D0631E312B07D9002356
S31508024B1008E0242C04F1FF3308D8202C08D81949B8
S31508024B200B449B7942EA03221630E2E7322CEBD198
S31508024B30042AF4D8DFE802F0030517070900002261
S31508024B40EDE70122EBE70322E9E70422E7E7022A77
S31508024B500DD0032A0DD01123E1E7022A0BD0032A2E
S31508024B600BD01323DBE70222D9E70023D7E700227B
S31508024B70F1E70122EFE70022F3E70122F1E700BF9E
S31508024B8000800350300A04080A4392B20021FFF754
S31508024B90A5BF3AB122F0030202F1A04202F5603241
S31508024BA009B9106070470002FBE74FF48032074BE1
S31508024BB05A6603F5E6239B69C3F38512827003F0EE
S31508024BC03F021B0B42700370704700BF00900050F3
S31508024BD007B5014601A8FFF7E8FF9DF8063001224E
S31508024BE00B804FF4807300204B80054B9B680A3379
S31508024BF003F01F0302FA03F34B6003B05DF804FBEC
S31508024C000080E00F10B5036BDC0702D503695A066C
S31508024C10F9D4012200F500531A63036B9B07FCD4EF
S31508024C200B794A881B0243EA82438A7A13434A78F3
S31508024C3043EA8213CA7A43EAC2130A7B43EA421355
S31508024C404A7B43EA02138A7B43EAC203CA7B43EAE4
S31508024C50C2238A7943EA0243CA7943EA42430122D2
S31508024C60436000F580531A630A780AB90223C360BF
S31508024C70002343624B790C7A1B01497A43EA84037F
S31508024C800B4383600AB10123C36010BD012200F5FC
S31508024C9080531A630223C36000231F4900F500529A
S31508024CA08360836151614FF6FF710362C1614CF6FD
S31508024CB080614362436683660367C0F88430C0F83E
S31508024CC08830C0F89030C0F8A430C0F8A830C0F8D0
S31508024CD0B030C0F8FC10C0F8EC30C0F8F0301F2332
S31508024CE0C0F8F830036BD90702D503695B06F9D415
S31508024CF001231363036B13F00203FBD143600366BC
S31508024D00C0F88030C0F8A030C0F8E030C0F8E8300B
S31508024D10C0F8E430704700BF77007707054B9A68FA
S31508024D209107FCD45A689207F9D4DA69002AF6D1AF
S31508024D30704700BF00800A50002807DB012341099B
S31508024D40034A00F01F00834042F82130704700BF33
S31508024D5000E100E008B52A4B83F30A884FF4804144
S31508024D60284B294A9A60D3F8882042F47002C3F87D
S31508024D708820264A91664FF0FF31254A1166254951
S31508024D8051660221C3F8D010BFF34F8FBFF36F8F5E
S31508024D9001214FF44034A3F54063C3F88011002083
S31508024DA0D460FFF7C9FF1C4B1C481C611C4BC01A78
S31508024DB0801004F04DFC1B4B1B498B4212D300207A
S31508024DC01A4B1B498B4218D3EEF7D6FF186850F8D0
S31508024DD02240586840F82240013298688242F5D348
S31508024DE00C33EAE70022F8E71C6844F8220001328D
S31508024DF05C68A242F8D30833E4E70022F8E700BF6A
S31508024E000800002000ED00E0006000080090005055
S31508024E1000A00044F7FF370000800044E061000864
S31508024E2080610008C4860408D0860408D08604086F
S31508024E30D0860408EFF31183302282F31188044ADC
S31508024E40D2F82C0383F31188BFF36F8F704700BF24
S31508024E50A04F00202DE9F0410568044695F8941004
S31508024E60002974D1EFF31183302787F31188C5E936
S31508024E70161183F31188BFF36F8FFFF7DBFF8442A6
S31508024E80344E09D1EFF3118387F31188C6F82C1330
S31508024E9083F31188BFF36F8F2B6E93F91030002BB3
S31508024EA011DB012203F01F015B099B0003F160433A
S31508024EB08A4003F56143C3F88021C3F88020BFF313
S31508024EC04F8FBFF36F8F96F87532287D43B1072847
S31508024ED006D806EB001393F8FC300BB1FFF7B2FDC8
S31508024EE0287D0EF05EF9EFF31187302383F31188DC
S31508024EF00023194A117BD1B90133082B02F110029A
S31508024F00F8D14FF40012154BC3F88020BFF34F8F28
S31508024F10BFF36F8FFF22124B202059659A625960A0
S31508024F20FFF754F92120FFF751F986F8751287F32E
S31508024F301188BFF36F8F0023C4E90033C4E9053330
S31508024F40E3602B6E2846BDE8F041DB6818470F2060
S31508024F50BDE8F081A04F00209050002000E100E05B
S31508024F60000004502DE9F04F044685B0007D04F197
S31508024F703806FDF705FC00211022304617F01CFB07
S31508024F804FF0300B4FF44473DFF80CA1207DDFF8A5
S31508024F900C910AF51D7763870BFB0093C4E90F771B
S31508024FA0DB6EBB4204D105B0BDE8F04FFDF70ABC83
S31508024FB00DF10F0118F0CAFF9DF80F70002F62D18C
S31508024FC02046FDF753F89AF875228046237DEAB102
S31508024FD0072B1BD80AEB031A9AF8FC20B2B1EFF397
S31508024FE011818BF31188D9F834000BFB0399D9F890
S31508024FF0642081F31188BFF36F8F012101FA03F34D
S31508025000034204BFC2F30A135F183D4604F11807A8
S31508025010102200213846D4F8109017F0CDFA302223
S31508025020237D013D5343C5F30A052D0145F040751D
S31508025030C4E9065903F1A043C4F8208003F5802386
S315080250401A6F94F82410520862F3410184F8241066
S31508025050196F94F8242027F0030761F3000284F8F5
S3150802506024201B6F626A9B0863F39F0247F00207BC
S31508025070626267640094207D32462146054B0EF033
S3150802508061FD207D8FE794F844306FF3410384F87D
S315080250904430EFE7BD520208A04F0020000004503A
S315080250A02DE9F04F9B460023044687B005910392EB
S315080250B0CBF80030DBF80050039B5E1B00F09980AA
S315080250C0059B5D1900F095802046FDF79DFB8246FB
S315080250D0002840F08E802046FCF7C8FF216D94F820
S315080250E0968088429CBFD4E91203C018401A8642A9
S315080250F028BF0646B8F1000F00F0AB80EFF3118324
S315080251000493302383F311883746D4F85090204607
S31508025110FCF78DFF09EB06029145D4F8983071D158
S31508025120D4E912120A44934208BFC4F89810049BA1
S3150802513083F31188BFF36F8F8046207DFDF720FB2E
S315080251402046FCF774FF05462046FCF78FFFD4F885
S3150802515050A08146504540F28A80A36CB5B29A4562
S315080251607DD123691022049304F1280300211846ED
S3150802517017F022FA3021049A013DC4E90B2A227D4E
S31508025180C5F30A054A432D0120F0030302F1A042A2
S3150802519045F0407543F0020302F58022A5621367C3
S315080251A0236DD4E9121233440A44934208BF0B46CC
S315080251B04B45236505D10123204684F85430FFF771
S315080251C0D1FE207DFDF7FEFA94F896303BB1B8F190
S315080251D0000F04D0236E112120465B689847DBF83E
S315080251E0003037B1039A3B449342CBF80030FFF4C0
S315080251F061AFDBF80030002B14BF00201B2007B07C
S31508025200BDE8F08F09F1010909F1FF318B4210D18E
S31508025210C4F8989019F8013C112B01D0132B14D11C
S31508025220013FA3F111014B424B41C24684F89C301F
S3150802523072E719F8013C03F0FD01112906D1013F75
S31508025240BAF1000F3FF468AFEBE7C24605F8013B37
S3150802525062E73246284617F051FA37466DE7238D3C
S31508025260C3F30A12154465F30E13238598E7207DC6
S3150802527095B93023434303F1A04303F58023596EBE
S315080252805A6EC1F30A1122F4FF42314422F0700227
S3150802529042EA01125A6683E7CDE900644A4623695F
S315080252A0216805F03FF83022237D534303F1A043DA
S315080252B003F580235A6E22F48012EBE792F85430F3
S315080252C037B5144633B1936D0BB1D06D98470023A9
S315080252D084F8543094F896301BB32046FCF7A7FEA0
S315080252E0F8B1236E132120465B6898471025236E72
S315080252F020461B680DF10701984778B99DF80730D3
S3150802530003F0FD02112A05D1A3F1110253425341BA
S3150802531084F89C30013D15F0FF05E8D12046FFF7D9
S3150802532021FE002084F8540003B030BD2DE9F04F69
S3150802533085B0002800F0FA807F49D1F830339842C8
S31508025340C0F0F680D1F834231344984280F0F080F6
S31508025350D1E9D14EEFF3118B302383F3118810F87C
S31508025360087C30F806CCFB07A0F1080602D5BCF18A
S31508025370000F07D18BF31188BFF36F8F012005B099
S31508025380BDE8F08FD1F83853D1F84093A5EBCC039A
S3150802539030F8048C0193C1F8383309F101030CF192
S315080253A00102C1F84033B8F1000F42D04FEAC803F0
S315080253B00293A6EBC803DD88B3F802A003951D780D
S315080253C007F00207ED0724D427BB039DA5EB0A07BE
S315080253D0012F2ED1019D0CF10202083D5244C1F85B
S315080253E04093C1F8385330F8028CB8F1000F22D135
S315080253F010F8085C20F8068C68F3000500F8085CCB
S31508025400013A5A801A7868F300021A700022DA8082
S3150802541044E077B1DDE901757D1BC1F8385310F810
S31508025420085C42446FF3410500F8085C00259D803C
S31508025430D9E73346D7E706EBC809D1E9CC572F4453
S31508025440B9450ED310F8085C013A6FF3000500F867
S31508025450085C002520F8065C5A801A7865F3000273
S31508025460D3E716F838604D4616F0010630D010F824
S31508025470086C013A6FF3000600F8086C002692B22F
S3150802548020F8066C5A801A7866F300021A70C3F17D
S3150802549007022A44C2F3CF02DA80AA80002C43D03C
S315080254A09C4241D86288002A08BF1C46BEF1000FFA
S315080254B006D09E4504D3BEF80220002A18BF7346BA
S315080254C0C1E9D1438BF31188BFF36F8F002056E7EA
S315080254D0A8EB0C08B8F1010FC9D1B9F80270A9F8FE
S315080254E002601744B9F80620E2B109EBC2050026A4
S315080254F0D1F84023013AC1F84023D1F83823083AB3
S31508025500C1F8382310F8082C20F8066C6FF300024D
S3150802551000F8082C1A785F8066F300021A70002DCC
S31508025520B5D173E71546E2E71C46BFE7222026E710
S3150802553000235B69FFDE00BFA04F0020002313B5DE
S31508025540019369B160B101FB00F401A920460DF08F
S315080255507DFA014620B9019810B1224617F02CF8B7
S31508025560019802B010BDFEE7002307B5084601A957
S3150802557001930DF06BFA019803B05DF804FB084637
S31508025580D4E608461146D9E700230360436070470C
S315080255900F4A10B592F85833C3B902240D480E497A
S315080255A0C2F85433091AC2E9CC010139C908C2E959
S315080255B0D10082F84C43FFF7E7FF41800821012317
S315080255C0C2E9CE11C2F8403382F8583310BD00BF83
S315080255D0A04F0020106400200000042000232DE9BB
S315080255E0F743934E0193D6F834330C469A42104643
S315080255F004D239B912B101A90DF028FA019803B0FB
S31508025600BDE8F0831AB90846FFF790FEF6E7EFF30E
S315080256101188302383F3118831F8063C0730DF00FE
S3150802562020F00705AF42A1F1080C80F08A8031F814
S31508025630022C002A6FD0D11A01296CD10CEBC209AF
S315080256401CF83220D20766D4B9F802107A1B12EB7C
S31508025650C10260D41F2A39DD6019C5F3CF0524F8C3
S31508025660065C013524F8025CFFF78EFFD30834F88E
S31508025670022C43808280B9F8062022B3B9F80210B8
S31508025680511A11FA83F39BB209EBC202C3809380C3
S31508025690002249460DF096F94846FFF775FF0022A3
S315080256A034F8061CD6F83833019403EBC103D6F84E
S315080256B03C13DB1B8B42C6F838333FD882B3083B10
S315080256C0C6F838332CE00023C380E1E7D6F8402336
S315080256D00133013AC6F84023B9F806200B4424F8E8
S315080256E0063CA2B1B9F80210511A11FA83F39BB219
S315080256F009EBC20224F8023C93806046012249461D
S315080257000DF060F94846FFF73FFF0122C8E700237C
S3150802571024F8023CF1E7284601A90DF097F920B1D1
S3150802572088F31188BFF36F8F68E73A4621460198D6
S3150802573016F0E4FF2046FFF7F9FDF1E7C6F83C3319
S31508025740BCE772D934F8020C791B421ED21AA0B3EE
S315080257501CF830300CEBC009DB072FD472BBC5F33B
S31508025760CF0324F8063C0133601924F8023CFFF7FC
S315080257700BFFB9F8022002EBD10334F8022C43805E
S315080257808280B9F80620B2B1B9F80210511A11FA94
S3150802579083F39BB209EBC202C38093800022494677
S315080257A00DF010F94846FFF7EFFED6F838330194A4
S315080257B02B44DB1B84E7C280F0E78146272934D9CC
S315080257C0C5F3CF0324F8063C0133601924F8023CDA
S315080257D0FFF7DAFE4B1E34F8021CDB084380818091
S315080257E0B9F1000F1ED0013212FA83F39BB2C380BD
S315080257F0A9F804300022D6F8403311460133C6F818
S3150802580040330DF0DFF8D6F83833D6F83C230833A0
S315080258102B44DB1B93420194C6F8383380D9C6F869
S315080258203C337DE7A0F80690E4E7019478E700BFE9
S31508025830A04F0020BFF35F8F074B5A6A22F48032CB
S315080258405A62D3F8942022F00102C3F89420BFF3D7
S315080258504F8FBFF36F8F704700ED00E02DE9F843D5
S315080258600023A04F0E46D7F85C830446C7F85C337C
S3150802587018B921252846BDE8F88390F834500DB3A7
S3150802588009680268914240F0238171684268914230
S3150802589040F01E81B1688268914240F01981F16830
S315080258A0C268914240F0148131694269914240F0DE
S315080258B00F81B169C26B914240F00A8172691D4635
S315080258C08261D7E768222946D0F8389016F074FE26
S315080258D0336804F1080023607368C4F8389063607B
S315080258E0336963617369A361D6E90223C4E90223B2
S315080258F0FBF7F1FEB36904F14000E3639B6898473E
S31508025900002849D1616C11B16368B3FBF1F194F8CF
S315080259104330E161002BACD00023656C2366002D71
S3150802592000F0DE80002900F0DB802368B3FBF5F285
S3150802593005FB1233002B40F0CD80D4F80490B9FB56
S31508025940F5F605FB1696002E40F0C4802046FDF7B4
S3150802595032F88145C0F0C08040F634726369CC3BA8
S31508025960934200F2BB80B5F5805FC0F0B98003218F
S315080259702046FBF788FED4E90001E36B1B689847CB
S315080259800546E36B0220DB6898473DB184F834602C
S31508025990E06B0EF0CBF86DE72946B8E7414620469C
S315080259A0FEF76CFA6428054604D141462046FEF7FE
S315080259B065FA0546636C143B75BB226A204602FBF0
S315080259C003F6FCF7F8FF864203D284F834505A25C8
S315080259D0DEE70123D4E9006084F83430D7F860336F
S315080259E0D7F864830133C7F86033FFF723FF1F280C
S315080259F016D8BFF35F8F05223B4BC3F894205A6A29
S31508025A0042F480325A62BFF34F8FBFF36F8FBFF3F0
S31508025A104F8FBFF36F8FBBE7002384F83430B7E7A5
S31508025A204FF0000CF10600F1FF3018BF26F01F01F7
S31508025A3006EB00030CBF31462031DA062A4A18BFA4
S31508025A4023F01F035FFA8CF0804526D8D2F8C000EF
S31508025A5021F01F0120F47F4040F48070C2F8C00094
S31508025A6041F00301EFF31186302080F31188D7F84D
S31508025A70640323F01F0343F00303C2F89800C2F835
S31508025A809C10C2F8A03086F31188BFF36F8FD7F83F
S31508025A9064330133C7F86433ABE7C2F89800D2F827
S31508025AA09C00D2F8A06020F01F00884226F01F064C
S31508025AB001D19E429DD08E4201D3984299D9D2F8FD
S31508025AC098000CF1010C20F0FF00C2F89800B9E723
S31508025AD05D25CFE65925CDE65A25CBE65F25C9E6EB
S31508025AE05B25C7E6A04F002000ED00E00149024809
S31508025AF0B4E600BFCC620020981900202DE9F04FC9
S31508025B0014465D2385B005460F4616220021204617
S31508025B108DF807304FF0010A16F04EFD0DF1070910
S31508025B202846FCF71AFC0646E0B9D5F80880B8F804
S31508025B3002305BBAA382002F37D16B6893F9022031
S31508025B40002AB6BF93F8038093F8078003F1040B83
S31508025B5008F1FF385FFA88F8A8BF03F1080BB8F115
S31508025B60110F12D8D5E9000102AACDF808908DF8CE
S31508025B700CA004F01FFA00236860AB600028CFD19E
S31508025B801726304605B0BDE8F08F20460BF1010115
S31508025B90E1F7DEFCBBF81130B8F1120F5BBA2382CB
S31508025BA001D09BF81370A774EBE798F80130A3F1BC
S31508025BB0020B5FFA8BFBBBF1110F0ED9204608F1D7
S31508025BC00401E1F7C5FCB8F81430BBF1120F5BBA51
S31508025BD0238215D098F81670E5E7042BA0D1094B55
S31508025BE0B8F8022003CB6FF0FF036381FE2320601F
S31508025BF061602681A381E281AB689B885BBA2382B6
S31508025C003746D0E7104200200149E1F7A1BC00BFA0
S31508025C104842002070B50C4606468CB060B1428EEA
S31508025C208B8A9A4206D1012290F836309A400B693D
S31508025C3013430B610CB070BD0B69002BFAD002A896
S31508025C40E1F79FFC4FF2BF031920ADF82A3008F09E
S31508025C501FFA05460028EDD0324668462169E5F75F
S31508025C60CAFD6A46352128469DF80630E3F7F5FC53
S31508025C7018B12846E1F740FDDCE701212846A28A49
S31508025C80E3F72DFD0028F4D102A8FFF7BDFF04F1C2
S31508025C90100606AA134620686168083403C3B4428C
S31508025CA01A46F7D12946034802AAE3F755F8002807
S31508025CB0C0D0DEE7D83700207FB504460D46164623
S31508025CC06846F3F7B1FA6A4629462046009609F06D
S31508025CD0DAF904B070BD00232DE9F04707460E46EF
S31508025CE017258CB001930DF1180802A8F3F79CFA50
S31508025CF0384602AA01A9CDF80C8009F0C4F918B1F0
S31508025D0028460CB0BDE8F0879DF82C406207ECD512
S31508025D109DF828904846F6F712FB0028E5D0172D7D
S31508025D2019D0317D44F3010241F3010352B25BB249
S31508025D309A4210DC4C40A307D7D1347CCA46A14507
S31508025D4028BFA246314652464046E1F757FC8245ED
S31508025D500BD8A145C9D2344645460FCD0FC495E89E
S31508025D600300002584E80300BFE70CAB03EBE0035E
S31508025D70C11013F8182C735C9A42EBE738B50C4637
S31508025D800821FCF7C3FA054690B14378102B28BFC1
S31508025D90102304F8013B2046F3F746FA6A782046B0
S31508025DA0102A28BF1022A91C16F0A8FC002038BD0C
S31508025DB01720FCE730B587B00D4601A9FFF7DEFFCD
S31508025DC0044648B9294601A8E5F788FB002808BF12
S31508025DD01724204607B030BD0D24FAE72DE9FF4106
S31508025DE05C23054608460C468DF807300127E1F77D
S31508025DF0E1FB0DF107082846FCF7AFFA064600282C
S31508025E0030D16B6893F902109A780029B4BFD87812
S31508025E10D879012826D91B4F002903CF20606FF0B5
S31508025E20FF00616060814FF000014FF0FE0002F052
S31508025E300F02A2F57C7252BA2181A081E281B4BF17
S31508025E40043308335B782374AB685A8852BA628281
S31508025E505A78022A0CBF0B461B796374304604B083
S31508025E60BDE8F081D5E9000102AACDF808808DF8CF
S31508025E700C7004F09FF800236860AB600028BAD162
S31508025E801726EBE7104200202DE9F0471D46B44ECF
S31508025E90B44B90B014460691009329220423314646
S31508025EA006A8E1F78BFB50B1801BC0F387002628B2
S31508025EB005D8132807D898B30B2800F0FF800020CE
S31508025EC010B0BDE8F08714381228F8D801A353F8A1
S31508025ED020F000BF9D5F0208BF5E0208BF5E02088F
S31508025EE0BF5E0208BF5E0208BF5E0208C9600208FA
S31508025EF0D1600208BF5E0208BF5E0208BF5E0208E2
S31508025F00BF5E0208BF5E0208BF5E02080F63020890
S31508025F1089610208DF6102087D62020837610208A8
S31508025F2004F1310323F001035B78022B30D12046BA
S31508025F30E1F71EFB30B12B78FF2B03D0294620460A
S31508025F400DF004FB10230021204606AAE3F756FBB0
S31508025F50F0B908230321204604AAE3F74FFBB8B990
S31508025F60814B824DD3F8344794B1204606A9E1F70E
S31508025F709BFA20B1284604A9E5F792FA08B16469A2
S31508025F80F2E7204603F0AAFF20B17948F7F714F999
S31508025F90012095E7204607F0D1FAF9E704F1310323
S31508025FA023F001035B78022BF2D1362120460DF14C
S31508025FB00B02E3F7BCFA0028EAD19DF80B30372129
S31508025FC0012B38BF0123032B28BF0323204603AA2C
S31508025FD08DF80B30E3F7EAFA0028D9D138212046A2
S31508025FE00DF10E02E3F7E2FA0028D1D1204604A900
S31508025FF0E5F7EEFB0028CBD1049F002FC8D013206B
S3150802600008F046F880465B4ED6F83C05804504D033
S3150802601008B1E1F771FBC6F83C85D6F83C85B8F1BC
S31508026020000FB5D00022394606A8E5F7E4FB35216C
S3150802603040469DF81E3006AAE3F70FFB0028A7D1B3
S315080260403923D6F83C0506A98DF81830E3F702FB82
S3150802605000289DD19DF80B3086F8390586F8383523
S31508026060BDF80C304FF47A71A6F83435BDF80E3007
S315080260704148C6F82C75C6F83075A6F8363505F1C6
S315080260802007E2F754FC06F21C5605F110033246C5
S3150802609018685968083303C2BB421646F7D1204628
S315080260A0E1F766FA00283FF473AF2B78FF2B3FF42B
S315080260B06FAF294620460DF049FA69E72A46214676
S315080260C02E48E5F703F963E72A4621462C48F8E7FE
S315080260D004F1310323F001035B78022B7FF458AFF6
S315080260E0204606A9E5F774FB00287FF451AF012183
S315080260F0204604AAE3F75AFA00287FF449AF1D4E50
S31508026100069B06F59F67C6F8083505F1200C05F1CA
S3150802611010033A4618685968083303C26345174696
S31508026120F7D1BDF810304FF47A711648A6F80C3537
S31508026130E2F7FDFBB3E704F1310323F001035B78D1
S31508026140022B7FF425AF2046E1F712FA18B1294649
S3150802615020460DF0FBF921460548F8F793F917E7AB
S31508026160680A04083B1D0208C82F0020384200208E
S3150802617048440020C83F0020084500200C3D002066
S31508026180383D0020D84400202046E1F706FA0028C8
S315080261903FF4FEAE674807F071FF214603F008FE9A
S315080261A0064600283FF4F4AE03795A0706D4637903
S315080261B04279C3F3410363F34202427131462046F0
S315080261C004F0F4FA18B13046E1F796FAE0E62A4600
S315080261D031465948E2F7C0FD0028F4D1D8E604F161
S315080261E0310323F001035B78022B7FF4D1AE2046FC
S315080261F0E1F7BEF918B1294620460DF0A7F906A817
S31508026200E1F7BFF94FF2BF032220ADF83A3007F0A3
S315080262104FFF064600283FF4BBAE03795B0706D458
S3150802622063794279C3F3410363F34202427121213E
S3150802623020460DF10E02E3F7B9F9B0B13146204610
S3150802624004F0B4FA0028BED13C4B0422304604A915
S315080262500493E1F7F5FC00287FF49AAE06A905F146
S31508026260100006F050FD06AAB2E721213046BDF815
S315080262700E20E3F734FA0028E0D0A4E72046E1F737
S315080262808CF900283FF484AE02232046A18906AA87
S31508026290E1F77BFB064600287FF47AAE9DF81830B4
S315080262A0122B7FF475AEA789DFF898800237BFB242
S315080262B0A8F15809A8F59A7A9DF81930F1B28B42D5
S315080262C07FF6F7AE394489B20123204604AAE1F7DC
S315080262D05CFB014600287FF45BAE9DF81030222B4A
S315080262E009D0242B0BD0092B03D18822504616F04D
S315080262F063F90136E0E74046F7F7B6FCF9E7D9F85D
S315080263004434002BF5D0D9F848049847F1E72046DB
S31508026310E1F743F900283FF43BAE094BD3F8506442
S31508026320002E3FF4C6AE2A4621460020D3F854343E
S31508026330B047BEE6CA000408D8370020200280000B
S31508026340C83F0020204000202DE9F04397B00446BC
S31508026350E1F7FAF8054602A8E1F713F9214602A879
S31508026360E1F7F6F806AE04F1100304F12007324607
S3150802637018685968083303C2BB421646F7D194F81F
S31508026380363094F838208DF82C3094F83730382186
S31508026390DB0043EA02139DF82D2003F0180322F0CE
S315080263A0180213430020334A8DF82D3007F0B0FD4A
S315080263B00746002846D02846E1F744F904220C90FD
S315080263C00CA93846E1F73CFC00284DD1A18D7B8902
S315080263D08B4244D3DFF8A0800CA8B8F894360CADEB
S315080263E0A4F84E3002AEB4F84C90E1F7CAF80FCED4
S315080263F00FC50FCE0FC596E8030045F8040B298092
S315080264006846E1F769F880238DF80030B8F89436C3
S3150802641099FA99F95A1CA8F894265BBA0822694689
S315080264203846ADF80490ADF80630E1F763FDD8B901
S31508026430B8813A2238460CA909F0F4F8A0B9A38F14
S315080264400133A387E38D04F15000013B9BB2E38538
S3150802645073B1216B17B0BDE8F043E2F768BA384664
S31508026460E1F76CF90028B5D03846E1F745F9E9E7CE
S31508026470A18EEFE7CA000408C82F00200748B0F823
S31508026480BA3513B100F28C505EE7D0F8B03523B1B5
S31508026490D0F8B41500F5B96018477047C83F002010
S315080264A010F1860F13D010F1850F0BDA20F00203D4
S315080264B093330FD010F1970F0CBF6FF06D004FF0AA
S315080264C0FF307047003818BF0120404270476FF00E
S315080264D0710070476FF06F007047023802288CBF50
S315080264E00020012070474368D86B704700F1990372
S315080264F0142B1AD8DFE803F01717191919191917DF
S31508026500191919191319191A150B0F0D110008481B
S31508026510704708487047084870470848704708484F
S3150802652070470848704708487047B9E707487047F0
S3150802653000C3FFFF80C6FFFF80C5FFFF00C1FFFF44
S3150802654080C0FFFF80C1FFFF00C2FFFF80C7FFFFB9
S31508026550022243680A70024A68334A608B607047AF
S3150802656024190408023801288CBF0020012070472C
S31508026570031F5842584170470E4B0340B3F1607FE0
S3150802658006D1B1F5885F14BF6FF086000020704708
S31508026590B3F1707F0BD101F4E043B3F5005F06D186
S315080265A011F4E06F0CBF6FF08600002070476FF0A1
S315080265B0860070470000C07F8A42F8B507460C4637
S315080265C000F0BE805F4922F4FF7323F001038B4279
S315080265D007D022F47F7323F0030301F500718B427F
S315080265E028D1594B24F0FF0199420FD114F0FF002C
S315080265F036D0564B40F00070984240F09F8082EAAF
S315080266000400FF288CBF0020012029E0504B994244
S31508026610ECD0A3F588539942E8D024F4FF7323F00B
S315080266200103B3F1062FE1D04A488142DED04A4936
S315080266308B42DBD004F0FE43B3F1A06F11D102F016
S31508026640FE43B3F1A06F79D114F4004008D062403A
S3150802665022F47E12C4F3054422430CBF0120002013
S31508026660F8BDB3F1407F69D102F0FE43B3F1407F32
S3150802667064D182EA040535F47E155FD1394620468F
S31508026680FFF77AFF002859D1344BC4F30546134065
S31508026690B3F1607F22D1324BD2B242F000729A42F3
S315080266A034D002F17E42131F0F2B0AD8DFE803F01B
S315080266B03D3D092E262A0828262A0909262A0828B7
S315080266C03025043A0F2A29D8DFE802F0303028218B
S315080266D01E2D23251E2D28281E2D2325B3F1707F56
S315080266E01CD107F4E043B3F5005F17D10121C7F3C4
S315080266F0022399400D46DEB90E4610E01C25E0E756
S315080267004025DEE72025DCE71C21F4E710251021C9
S31508026710F1E73021EFE76EB9402600E056B9AA1B29
S31508026720504250419CE72021E5E714251421E2E76F
S31508026730B14205D0230493D5AE4263E700208FE722
S3150802674001208DE70002000600030006FF00000292
S315080267500013000600090006000400060000C07FB8
S3150802676003000002037E022B06D1C3695A1C03D01A
S315080267700133C361002070476FF096007047704777
S315080267807047064BD3F8F00908B9D3F8F809D3F8D5
S31508026790EC3913B1984228BF18467047C82F002013
S315080267A01B49026AD1F8F83932F0004208BF1A4684
S315080267B030B5184C436AD1F8FC59A24228BF224682
S315080267C0002B08BF2B46A34228BF2346C07D93420F
S315080267D038BF1346052808D8032808D9D1F8F4295A
S315080267E08AB193420FD0002010E00628FBD1D1F8D7
S315080267F0F00908B18242F6D1D1F8F40908B1834208
S31508026800F1D1C1F8F0290120C1F8F43930BD00BF31
S31508026810C82F00209AC4200010B50446EAF7EDFFF7
S315080268202046BDE81040FEF781BD2DE9F341064634
S3150802683017461D460190014402236A4601A8E9F754
S315080268400CFA18B9009B23B96FF0670002B0BDE8CD
S31508026850F081019A92F9000011780028F4DB71B1EF
S31508026860DDF80080A845EFD8019CA5EB0800214673
S3150802687042463844444415F041FFA01BE6E7511C42
S31508026880013B01910093002BEAD05378002BE7D104
S31508026890DAE737B50C461546027832B15A1BA242D8
S315080268A00ADA6FF06B0003B030BD013C00F101005B
S315080268B0F2D16FF06700F6E71B1B2246014618461F
S315080268C0019315F01BFF90F90020002A08DA421BF3
S315080268D0002AE6DD421E01920022013400F8012C4C
S315080268E02246294601A8E9F7CBF90028DBDB019BFA
S315080268F020445D1B002DD4DD0222013003F8012C51
S31508026900D1E710B580210120FEF718FE044608B12A
S31508026910EAF700FB204610BD2DE9F0434FF00008C8
S315080269204FF0010985B007460D4610464146144602
S315080269301E46CDE90289E9F7CFFC80B931463846C9
S31508026940EAF71DFC044618B92846EAF706FB044688
S3150802695002A8E9F79BFA204605B0BDE8F083494646
S315080269602046E9F7B9FC58B931463846EAF707FC32
S3150802697004460028ECD131462846EAF7D8FAE6E773
S315080269804FF0FF312046E9F7A7FC18BB31463846D7
S31508026990EAF7F5FB04460028DAD131462846EAF733
S315080269A0C6FA04460028D3D1083501462846E9F72F
S315080269B093FC2A460646391D02A8E9F7C3FC044693
S315080269C00028C5D1321E18BF0122284602A9E9F7B6
S315080269D015FABCE73346224629463846CDF80080E2
S315080269E00BF00CFDB3E72DE9F043CDB00C4690460B
S315080269F099460746549E569D002800F0FA800029BB
S31508026A0000F0F780002A00F0F480002B00F0F180F5
S31508026A10002E00F0EE802DB96FF0940420464DB09A
S31508026A20BDE8F0832822002120A815F0C5FD202202
S31508026A30002110A815F0C0FD21464246384610AB83
S31508026A40E7F779FD04460028E8D17B88DA1DD208E3
S31508026A50B5EB420FE0D13F8807F44F42B2F5824FB9
S31508026A6040F0CA80FAB2122A40F0C68023F0200209
S31508026A70C02A03D0B3F5807F40F0BE804FF00008ED
S31508026A80842241462BA827F0FF07CDF8A88015F0E7
S31508026A9093FDB7F5E24F2FD118AF0DF1400CBCE8C4
S31508026AA00F000FC79CE80F0087E80F001A9B20A863
S31508026AB023F0407323F4804343F40053CDE91A3894
S31508026AC02AAB1C9388231D9317F012FBC0B918AA88
S31508026AD010A920A8E8F794FF074620A817F008FB94
S31508026AE007430DD10DF1400C18AF0FCFACE80F00DC
S31508026AF097E80F008CE80F0020A817F0F9FA10B1F2
S31508026B006FF092048AE7129B9B045DD5109F3C4B5B
S31508026B103C4A07F07047B7F1404F18BF13460DF1CC
S31508026B206008CDE9203022902890414610A8E7F760
S31508026B30F3FE002844D1189920A817F0E0FA314646
S31508026B4020A817F0DCFA01A910A8E7F7BEFF00286B
S31508026B5036D101A920A8E7F7F5FF04A910A8E7F797
S31508026B60CBFF68BB04A920A8E7F7ECFF4FF0010C9E
S31508026B7046F00056CDF834900DABCDF838C00F96D6
S31508026B8093E80700559B45F0005507AE86E80700CF
S31508026B90B7F1404F1893CDF864C01A950AAD98E834
S31508026BA0070085E8070018D1294620A8E7F7CAFF93
S31508026BB0314620A8E7F7C6FF20A816F035FF28B108
S31508026BC02C2810D0012811D06FF0920420A817F0B3
S31508026BD08FFA00283FF422AF92E7314620A8E7F75A
S31508026BE0B1FF2946E5E76FF09404EFE76FF08B04EF
S31508026BF0ECE76FF0860411E76FF085040EE700BF35
S31508026C00000003060000010610B504460089216843
S31508026C1018B1BDE81040F8F7F1B94B892381054B45
S31508026C20D3F84C0AF5F7A4F810B92168E088F0E71A
S31508026C3010BD00BFC82F002030B5114B85B0019397
S31508026C400546FFF79EFD0C46E0F7FCFC4FF4805321
S31508026C5002902046ADF80C30FFF7D6FF70B90A222B
S31508026C60206801A9E0F7ECFF40B9102229462068FE
S31508026C70E0F7E6FF10B963890133638105B030BDD9
S31508026C80001C00012DE9F04F036A0C4643F000434D
S31508026C900968C67D036205468FB00068B1F80A9096
S31508026CA0F5F766F88346002840F017812168E088E0
S31508026CB0F8F7A4F98346002840F00F81043EF6B29D
S31508026CC0012E00F2AE80AB4A0492E0F7BBFC0590B7
S31508026CD020680A2204A94789E0F7B2FF83460028FA
S31508026CE040F0FB8021686868B1F80A80F5F734F845
S31508026CF08346002840F0F18048462168F8F77EF975
S31508026D008346002840F0E98039462068F5F70EFAEE
S31508026D10628901326281AA68002A40F08780404669
S31508026D202168F8F76BF98346002840F0D6804FF0C1
S31508026D30FF220A92E0F786FC0A220B900AA920682B
S31508026D40ADF830B0E0F77CFFD9468346002840F01C
S31508026D50C4806289012E02F10102628140F2BD807D
S31508026D6040462168F8F74AF9002858D1824A0A9219
S31508026D70FFF707FDE0F766FC6A8A0B9052BAADF890
S31508026D803220AA8A206852BAADF834202A8A0AA979
S31508026D9052BAADF8362010224689E0F751FF00288C
S31508026DA03DD12046FFF730FF002838D1314620680A
S31508026DB0F5F7BCF962894046013221686281F8F723
S31508026DC01DF960BB6D4A2068049204A90A22478904
S31508026DD0E0F736FF18BB8DF81C905E464FF03D096A
S31508026DE0226895F8168008925289ED68ADF8242033
S31508026DF0B2B2904559D89DF81C20002A00F0A68008
S31508026E00012A00F0B48000220DF10F018DF80F203F
S31508026E1007A80122E1F727F8002800F0A080834698
S31508026E205BE0574B0493FFF7ACFC4EE7012E7FF667
S31508026E3076AF5F46DA46AA68BBB252F823002168E3
S31508026E40019300283FF46BAFF4F786FF83460028C8
S31508026E5043D1019B216833BB4A48B1F80AA0F4F72B
S31508026E607BFF8346002838D148462168F8F7C6F8DA
S31508026E708346002831D120680A22438904A901934E
S31508026E80E0F7DEFE834640BB40462168F8F7B6F8CF
S31508026E900137834608BB01992068F5F747F96389E4
S31508026EA001336381C7E75046E0E728688DF80E90FC
S31508026EB058B9696831B12A8922B107A8E0F7D3FF20
S31508026EC00028ACD101360C3592E74FF48071E1F710
S31508026ED097F9824628B94FF0070B58460FB0BDE816
S31508026EE0F08F6A6862B98DF80F0001220DF10F0161
S31508026EF007A8E0F7B8FF002891D152462968DCE7CF
S31508026F002A8911180131FF29E5D8013202448DF880
S31508026F100F200DF10F01012207A8E0F7A4FF0028B0
S31508026F207FF47DAF5246296807A8E0F79CFF002840
S31508026F307FF475AF01220DF10E0107A8E0F793FF62
S31508026F4000287FF46CAF2A896968B6E7089ABDF803
S31508026F5024105289521A92B2002A3FF454AF394683
S31508026F602068F5F7E3F8628901326281B5E7BDF870
S31508026F702420F1E7000C00FE0021000100100001A8
S31508026F80000C00012C19040838B504460D4669B1EF
S31508026F9003685BB94B6A13B90020256038BD984768
S31508026FA060600028F8D1A0F57E50F7E70048F5E7BB
S31508026FB080C1FFFF84B08DE80F0028B10378023B39
S31508026FC0022B94BF0846002004B07047F0B5036848
S31508026FD00646062B0C46A5B011D01B4825B0F0BDB7
S31508026FE073686A689A4203D1B16816F018FB50B101
S31508026FF0143528680028F3D1A0F56850EEE7134D3A
S31508027000F7E71348EAE704F110079022394668467B
S315080270102E7C15F073FB94E80F00FFF7CBFF902246
S3150802702039460546684615F069FB94E80F00FFF7EE
S31508027030C1FF03780BB19E42E3D13146284625B0FB
S31508027040BDE8F040EAF7E8BB80B1FFFFD4190408AF
S3150802705000C3FFFF034B0A4610B500211B6804460E
S31508027060984710BD0063002010B5044610B109B157
S31508027070FFF7F0FF2046BDE81040FEF757B910B5F6
S315080270800446006810B16168FFF7EEFFA068FEF7D4
S315080270904DF92046BDE810400C21DBE7036810B520
S315080270A004461BB19B6A0BB1406898472046BDE867
S315080270B01040A021CEE7434213F07F031CD05F2B7A
S315080270C0C3F1000000F3B48010F10E0F31DA10F1AB
S315080270D03B0FC0F2DB8010F1100F00F0F28010F1C6
S315080270E00F0F00F0898010F1210F1FD010F1200F29
S315080270F067D010F1220FBBE010F56E5F00F0D88062
S3150802710000F3938010F59C4F76D05DDC10F5C44FE2
S3150802711000F0C58031DC10F5C74F00F0C3803FDBB5
S3150802712010F5C64F68D010F5C54F39D16FF08600F5
S315080271307047012300F10E02934040F217521342A0
S31508027140F4D100283FD010F1080F08BF6FF089006C
S3150802715018BF6FF083007047012300F16C02934059
S3150802716041F250521342E1D1DB0700F1A78010F138
S315080271706A0F08BF6FF08C00EAE710F5A24FD5D068
S3150802718011DC10F5C14F1CD006DC10F5C34F00F018
S31508027190988010F5C24FC8E710F5A34F00F091800A
S315080271A06FF08300704710F59E4F00F0878005DC6C
S315080271B010F5A14F05D010F59F4FB6E710F59D4F74
S315080271C0EED16FF08500704710F5785F6DD01EDC42
S315080271D010F5994FAAD008DC10F59B4F71D010F51F
S315080271E09A4FDDD16FF09300704710F57E5F68D035
S315080271F005DC10F5984FD3D16FF09400704720F054
S31508027200800010F57C5F08BF6FF08600A0E710F5D6
S31508027210705F4DD0C4DC10F5725FD2D0C0DC10F5B9
S31508027220765F83D010F5745F7FE710F15F0F29DA76
S3150802723010F16C0F90DA10F1700F3CD010F16F0F4D
S315080272401ADA10F5645FD7D00DDC10F5685FB8D08E
S3150802725006DC10F56C5F3FF469AF10F56A5FAFE7BD
S3150802726010F5665FACE710F5625F27D010F1720F72
S3150802727008BF6FF085006BE710F16E0F08BF6FF05D
S31508027280960065E700287FF71FAF89E710F13D0FE3
S31508027290A8DA10F1400F08BF6FF0930058E76FF0B5
S315080272A0950070476FF0960070476FF0910070472F
S315080272B06FF0840070476FF0920070476FF0890094
S315080272C070476FF08C00704741F2052398421AD82E
S315080272D0B0F5905F09D241F2010398420CD0B0F59D
S315080272E0885F09D06FF0850070472923A0F5905072
S315080272F080B2C340DB07F5D511F0070F0CBF00209B
S315080273006FF086007047B0F5105FEBD121F04003AD
S31508027310802B06D0B1F5807F0CBF00206FF0860067
S3150802732070470020704770B5046A05460E463CB998
S315080273300120FEF703F9286228B120466E6270BD65
S315080273406FF08A00FBE76FF08C00F8E79142F8B518
S3150802735006460C4600F01D8121F0FF00B24988421C
S315080273600CD122F0FF0383423CD114F0FF0334D040
S31508027370AE4943F000738B422FD10AE1AC4DA842C5
S3150802738016D0AC4B98420DD024F4FF7323F00103B8
S31508027390B3F1062F06D0A84FB84203D0A7F5A067C7
S315080273A0BB4267D122F0FF038B422DD10022F0E0C7
S315080273B022F0FF038B42F9D0834227D184EA0203E3
S315080273C0FF2BF3D89A4B984200F0FE8099498842DF
S315080273D040F04C8114F0FF010FD112F0FF0340F088
S315080273E0E1801EE192498B4210D184EA0201FF290B
S315080273F0DCD814F0FF0100F0DC808C4841F0007103
S31508027400814240F0EA80C4E0AB42D6E7894DAB42FE
S3150802741000F09B8022F4FF7121F00101B1F1062FE1
S3150802742006D0854FBB424AD005F50075A94221D13F
S3150802743084EA0201FF29B9D87B4D24F4875121F049
S315080274401F01A94240F00E8114F0FF01D5D17949F6
S315080274508B4200F0DD8022F4FF7121F00101B1F1C7
S31508027460062F00F0D5807448834200F0D180734B12
S315080274709942B2D004F0FE45B5F1A06F2AD102F0C6
S31508027480FE43B3F1A06F91D184EA020333F47E136B
S315080274908CD12504C4F30543C2F3054002F4004126
S315080274A040F1F280002900F0EB80834238BF0346A0
S315080274B024F47E1242EA034242F4004269E084EA74
S315080274C00201FF2940F2998004F0FE45B5F1A06F4A
S315080274D03FF46CAFB5F1407F7FF468AF02F0FE432C
S315080274E0B3F1407F7FF462AF84EA020333F47E1578
S315080274F07FF45CAF31462046FFF73EF800287FF45A
S3150802750055AF14F47C1300F0C780C4F3054312F494
S315080275107C1504F4004C02F4004700F00C81C2F317
S315080275200540BCF1000F00F04F810546002F00F020
S3150802753047819D4238BF1D462D0405F47C1524F467
S315080275407E142C4344F4004223E084EA0201FF2914
S31508027550BAD8354988421ED001F5805188420FD0E3
S31508027560984240F0838014F0FF017FF446AF314918
S315080275708B424DD112F0FF0314D104F0FE45A9E760
S3150802758014F0FF033FF429AF284943F000738B42F6
S3150802759004D11046F8BD14F0FF03F5D112F0FF032B
S315080275A03FF404AF214943F000738B427FF462AF84
S315080275B008E012F0FF02ECD01C4B42F000729A422D
S315080275C07FF4F4AE2246E4E714F0FF030AD0174923
S315080275D043F000738B42DCD0034615498B427FF495
S315080275E036AF15E012F0FF02D3D0104B42F000710D
S315080275F099420CBF22460022CBE70B4988421FD18B
S3150802760014F0FF0304D0094943F000738B42C0D03B
S3150802761012F0FF03C6D104F0FE45B5F1A06F7FF460
S3150802762059AF1A46B5E700BF00030006FF0000027D
S315080276300013000600020006000900060004000600
S3150802764063498842DCD0A8428DD0624D24F47F710A
S3150802765021F00301A94201D09842BED114F0FF01DC
S31508027660BBD0CAE65C4988423FF4EEAE594D24F4D3
S315080276707F7121F00301A942F0D058498842ECE70C
S31508027680834288BF002284E700293FF48FAE8342F3
S315080276902CBF224600227CE751492140B1F1607F86
S315080276A038D15048E1B241F00071814241D001F12E
S315080276B07E4104390F293FF62AAF01A050F821F07E
S315080276C005770208057702080F750208337702085C
S315080276D001770208097702080D770208117702086E
S315080276E001770208097702080F7502080F75020862
S315080276F001770208097702080D770208117702084E
S315080277001C2304E7142302E7202300E73023FEE6BE
S315080277104023FCE6B1F1707F7FF4F9AE06F4E0414E
S31508027720B1F5005F7FF4F3AE0123C6F302218B4065
S31508027730EDE61023EBE62A491140B1F1607F1ED12E
S315080277402848D1B241F00071814237D001F17E4119
S3150802775004390F2916D8DFE801F00A0A1531080C90
S315080277600E10080C1515080C0E101C20D9E614204C
S31508027770D7E62020D5E63020D3E64020D1E6B1F17F
S31508027780707F11D03846BCF1000F7FF4CFAE002FC0
S315080277907FF418AF83427FF409AE1B0403F47C130B
S315080277A024F47E121A43F4E606F4E041B1F5005FCA
S315080277B0E8D10120C6F30226B040B2E61020B0E6B0
S315080277C0AB4288BF0022E4E6002FE3D05FE700BFA2
S315080277D0001300060004000600020006000900065F
S315080277E00000C07F0300000238B50446006A10B1E3
S315080277F0616AFFF739FC237E012B0FD0023B012B6E
S315080278000FD8E369012B0CBF00256FF096052822D5
S315080278100021204614F0D0FE284638BDE369002B25
S31508027820F1E76FF09605F2E72DE9F041384B044689
S315080278305A780E46022A98B066D11B78072B63D16E
S315080278400EA816F055FC054648BB01906EB334B334
S3150802785036F0030706F0030824D04FF0E063CDE9BB
S315080278600E3001230B940C9347F000530D930BAA89
S3150802787005AB1090169007CA83E8070019460EA8AA
S3150802788016F046FC0EA8394616F039FC0EA816F074
S31508027890CBF838B13A462946204614F08DFE6FF0E9
S315080278A0920003E0B8F1000F03D1002018B0BDE83A
S315080278B0F08100254FF0E063CDE90E3501AB089360
S315080278C001230993134B08AA0A9302AB07CA83E852
S315080278D0070019460EA81095169516F019FC0EA85B
S315080278E0042116F00CFC0EA816F09EF808B13246D2
S315080278F0D1E7019A3C44C300013022FA03F38045DA
S3150802790004F8013BF7D1D0E76FF08800CEE700BF55
S315080279105046002004000020084608B51146FFF725
S3150802792083FF002818BF6FF03B0008BD426870B598
S31508027930120A0588438806D0012A56D000236FF01A
S3150802794086000B6022E005F4E042B2F5805F02D0C1
S31508027950B2F5005F05D10733DB0840D16FF0850029
S3150802796014E005F44F42B2F5844F03D10733DB081E
S315080279700AD1F3E747F20102954208D15B080133BF
S31508027980DB0803EBC3033B3300200B6070BD44F2F4
S315080279900102954202D1DB081033F5E747F20202EB
S315080279A0954204D1DB0803EB43035A33ECE744F26E
S315080279B00202954204D1DB0803EB43034A33E3E7A9
S315080279C025F0FF05B5F5E24FD0D0B5F5824FC5D102
S315080279D00733DB085B000133012BD5D1BEE725F05F
S315080279E0FF05B5F5824FCFD1F6E705F4E046DC1D73
S315080279F0B6F5805F25F0FF004FEAD40202D0B6F54D
S31508027A00005F06D1002A4DD0B0F5824F07D1134642
S31508027A1043E005F44F46B6F5844F05D1C2B3D31CED
S31508027A2023F003032C33AFE747F20106B54210D120
S31508027A305B080133DB0803EBC3033B3303339207CB
S31508027A4023F0030301D1072CECD1B0F5824F30D0D5
S31508027A50E8E744F20106B54202D1DB081033EDE746
S31508027A6047F20206B54204D1DB0803EB43035A3355
S31508027A70E4E744F20206B54204D1DB0803EB43030A
S31508027A804A33DBE7B0F5E24FC8D0B0F5824F02D0F1
S31508027A900B680333C4E753000133012B00D10B688B
S31508027AA0013BCBE7B0F5824F0B68F2D1023323F0E4
S31508027AB003030433B6E72DE9F74305460E4600F1FC
S31508027AC068090021783017469846E8F705FC80B120
S31508027AD0334642464946284600970AF04DFCFFF7C8
S31508027AE0EAFA0446A0B13A460021304614F064FD8B
S31508027AF00EE0094B05F160020093494605F11C03A5
S31508027B0028460AF07BFCFFF7D6FA04460028DFD09F
S31508027B10204603B0BDE8F083197902082DE9F04F33
S31508027B208DB00593144600230792059A07460E461A
S31508027B30CDE909331360002C00F00381B4F1005F2C
S31508027B4080F0028109AA0AA90AF023FE83460028C0
S31508027B5037D10A9D6B6A53B30A9DAA466B88D5F834
S31508027B60208008936B685AF8249F1B0A012B00F0A1
S31508027B70D780774A934200F09D8003BB2B8803F493
S31508027B804F43B3F5824F32D0288800F4E043B3F569
S31508027B90805F3DD1089B002B42D00899FFF794FBE2
S31508027BA0834670B90731B4EBD10F28D007E07B685A
S31508027BB01B0A14D0012B0BD0654A93420FD06FF0E3
S31508027BC0860B0A98002800F0A780FFF70DFEA3E0AF
S31508027BD0384607A9FFF7AAFE83460028F1D12846A8
S31508027BE00799FFF7A0FB83460028B5D0E9E72246A6
S31508027BF03146284608ABE7F722F8834620B9A1455D
S31508027C0068D26FF0890BDCE710F1860FD9D1BBE792
S31508027C10B3F5005FBED0430405D46FF0850BD0E7F9
S31508027C20E3000893B9E720F4435323F03F03B3F57F
S31508027C30824FF2D100230B930BAB6988324600932D
S31508027C4023460AF07FF80B9C834630B12046E9F7B3
S31508027C50D4FD2046FDF76AFBB3E72B88216C23F493
S31508027C60435222F03F02B2F5824F03D1DAB2412AD9
S31508027C7008BF013103F4E043B3F5804F089110D1F0
S31508027C8053464A4641462046FFF715FF8346204695
S31508027C90E9F7B3FD2046FDF749FBBBF1000F1FD0FC
S31508027CA08FE74B46424651462046E9F743FBFFF724
S31508027CB002FAEBE72B8803F44F43B3F5824FACD1B4
S31508027CC022463146284608ABE6F7B9FF834600281E
S31508027CD095D076E722463146404614F00FFD6C628F
S31508027CE00A98089B428842BB43804FF6F872934231
S31508027CF093D83B881BB102889A427FF460AF7B888F
S31508027D001BB142889A427FF45AAF05990AF087FD59
S31508027D10834600287FF455AF58460DB0BDE8F08F6C
S31508027D2008ABCDE901A32246434631462846CDF89B
S31508027D300090E7F787F98346AFE79A427FF43FAFA9
S31508027D40D3E76FF0860BE7E76FF0850BE4E700BF32
S31508027D5002008000036810B504462BB1054A934217
S31508027D6005D10430E6F720FD0020206010BD6FF033
S31508027D708800FBE70900000210B50446006838B11E
S31508027D80012806D0042808D06FF088000023236053
S31508027D9010BD201DFFF7DEFFF8E7201DE6F704FDFC
S31508027DA0F4E710B50446F0B10368E3B1806838B168
S31508027DB02279012A11D1FFF7DFFFA068FDF7B6FA8B
S31508027DC0E06820B1236899784900FFF74DF9204603
S31508027DD0BDE810401021FFF73DB91B78092BECD1FD
S31508027DE0E6F7E2FCE9E710BD38B505462B683BB174
S31508027DF012B90024204638BD012B04D0042B15D015
S31508027E006FF088040EE068680A4B9842F8D105F1CB
S31508027E100800E7F789FC07F04BF8FFF74CF9044628
S31508027E200028E6D02846FFF7A7FFE3E7281DE7F76D
S31508027E307BFCF4E709000002036870B505460C46A8
S31508027E4013BB134B994215D1061D3046E6F7ACFC17
S31508027E5021463046E6F77EFC07F02AF8064628B998
S31508027E602C603046BDE87040FFF725B92846FFF773
S31508027E7071FFF6E701F0FE44B4F1007F14BF6FF01C
S31508027E8086006FF0850070BD6FF08800FBE700BFC3
S31508027E9009000002F8B50E4601680546F9B906F06A
S31508027EA0FE43B3F1007F20D1071DDC22384614F0C9
S31508027EB083FB31463846E6F74DFC044668B110F1B5
S31508027EC0860F0ED131463846FFF7B6FF044640B94B
S31508027ED0012300242B602046F8BD0423F9E76FF03E
S31508027EE088042846FFF748FFF5E76FF08604F8E7A7
S31508027EF02DE9F34114461D460378394A43F00073C7
S31508027F009342074688462C6006D1002C62D16FF050
S31508027F10890002B0BDE8F08103F17E43043B0F2BD2
S31508027F2022D801A252F823F0BF7F0208BF7F0208B7
S31508027F30697F02080B7F0208B77F0208AF7F020833
S31508027F40A77F02089F7F0208B77F0208AF7F020851
S31508027F50697F0208697F0208B77F0208AF7F0208B5
S31508027F60A77F02089F7F020824B1224621214046A4
S31508027F7014F022FB00263A681A4B9A422CD10023A7
S31508027F80202241460193381D01AB06F04DFE06F04C
S31508027F908FFFFFF790F80028BBD12E60B9E7002CB7
S31508027FA0B5D040260EE0002CB1D030260AE0002CCF
S31508027FB0ADD0202606E0002CA9D01C2602E0002C13
S31508027FC0A5D0142622462121404614F0F5FAB442D9
S31508027FD0D1D29CE71026F5E76FF0880099E700BF33
S31508027FE0030000020900000238B500241C60054699
S31508027FF0006898B1012808D004280BD06FF08804CD
S315080280002846FFF7B9FE204638BD281DFFF770FF40
S315080280100446F5E7281D06F007FEF9E76FF088041F
S31508028020F1E7026838B504464AB1114B22F47E11CB
S31508028030994206D10430E8F7E8FE002323600020BF
S3150802804014E00C4B1340B3F1607F08D14021E830AD
S31508028050FFF700F804F10800FFF78EFEEDE74FF48C
S315080280609472002114F0A8FA6FF0880038BD00BF98
S315080280700002C0030000C07F10B50446006888B13C
S31508028080042810D0052817D0012817D104F10800B2
S31508028090FFF7C7FF00232360A38823F4FF7323F0A7
S315080280A00103A38010BD4FF4AE72002104F108004B
S315080280B014F082FA0020EDE7B822F6E76FF08600A0
S315080280C0E8E7F8B51E4D064695F848330F4683B3DA
S315080280D000242B462246197ED1B13CB9022905D184
S315080280E0D96919B91979002918BF1C460132152A06
S315080280F003F12803EFD114B96FF08C0006E020468D
S31508028100FEF730FB2046FFF76FFB10B100240EE0A6
S315080281101C46237E83B9012323763EB1651BED10E7
S3150802812003F1CC335D4305F18045356000203C60A0
S31508028130F8BD6FF08800E9E76FF09600E6E700BF42
S31508028140D446002000232DE9F0470F460B608949E3
S31508028150064691F8482386B0002A00F0058100F108
S315080281604042142A4CD8282303FB02110B7E022B09
S315080281703BD039460020FFF7A4FF0446002856D113
S315080281800125D7F8008021463046C8F81460C8F899
S31508028190045004AAE6F746F9044618BBDDF810A00F
S315080281A028465146FDF7CAF90546002800F0D08050
S315080281B02146304604AA0394E6F734F9044668B918
S315080281C003AB2146009352462B4630460AF0BAFBC9
S315080281D0039B04469A452ED06FF0980451462846CA
S315080281E0FEF742FF00210846A7E04B699842C0D134
S315080281F00846FEF7B7FA0446B0B93960002416E015
S31508028200002840F3B4800A46107E022802D150693B
S31508028210864205D00133152B02F12802F4D1A8E7CC
S31508028220282202FB0311E3E710F18C0FA1D02046A6
S3150802823006B0BDE8F0870028D0D1BAF1230F68D975
S31508028240082228464C4915F0EAF9002861D1AB689C
S31508028250002B5ED12E6AAAF124039E425AD8B6F59D
S31508028260005F57D28EB331460120FDF767F9814682
S3150802827000285DD0324605F1240114F03FFAEB6876
S315080282805146C8F804302B8A2846A8F800306B8A6B
S31508028290A8F802306B69C8F80830AB69C8F80C3020
S315080282A0EB69C8F81030B9F1000F00D07EB9FEF7B5
S315080282B0DBFE31464846FEF7D7FE3868FFF794FAE2
S315080282C06FF0910400233B60B1E7B146D7E7FEF7AA
S315080282D0CBFE31464046FFF726F8044658BB3246DF
S315080282E04946D8F8200014F009FA31464846FEF7FE
S315080282F0BBFE3C6804F10800FAF79BF9237E012BC2
S315080283002FD02046FEF72EFA044600283FF476AF11
S31508028310D8E726466FF0980451462846FEF7A4FE8B
S3150802832031460020FEF7A0FE3868FFF75DFAC9E776
S315080283306FF08C04F0E731464846FEF795FE38683A
S31508028340FFF752FA14F18C0F08BF6FF08704B9E7EA
S315080283502146FEF789FE3868FFF746FA6FF08C0465
S31508028360B0E702232376CCE76FF088045FE76FF065
S3150802837087045CE7D4460020241A0408034668B139
S31508028380017E8A1E012A0BD80329C26903D1012A52
S3150802839001D1FFF729BA1AB1013ADA61002070470A
S315080283A06FF0960070472DE9F843884617461C4633
S315080283B0FFF7C8FE054688BBD8F80060B6F80090F5
S315080283C009F4E043B3F5804FB36808BF27F0010705
S315080283D037EA03031AD10CB3204A24F0FF03934267
S315080283E01FD114F0FF0304D01D4A43F000739342D1
S315080283F02FD022464846F168FEF7DEF8074668B9E6
S31508028400224648463169FEF7D7F828BB6FF084053D
S3150802841000233046C8F80030FFF7B0FF2846BDE80B
S31508028420F883104A9342DCD024F4FF7323F0010345
S31508028430B3F1062FD5D00C4A9342D2D004F0FE43AC
S31508028440B3F1407FD5D0B3F1A06FD2D0044B9C4292
S31508028450CEE76FF08605DBE73D46DFE70003000659
S31508028460FF00000200020006000400067FB504466B
S3150802847018B301A9FFF766FE0446F0B9019D2B7EE3
S31508028480022B25D103232B762B79FF2B23D073B10D
S315080284906E692146304602AAE5F7C4FF8C3006D03B
S315080284A030462146E5F7DDFF50B16FF098042846BD
S315080284B0FFF764FF002818BF0446204604B070BDC3
S315080284C03046214602AAE5F7ADFF8C30EFD0ECE73D
S315080284D06FF09604EBE76FF08404E8E773B50C4691
S315080284E0054618220021204614F066F8002328467D
S315080284F01A4601A9FFF757FF60B9019E35460FCD07
S315080285000FC495E8030084E80300304602B0BDE8CC
S31508028510704033E702B070BD2DE9F04789469A46A6
S315080285209046A6B02AB96FF08905284626B0BDE856
S31508028530F08700230122CAF8003001A9FFF733FFAA
S3150802854005460028F1D1019C6368D4E908761B0A1E
S3150802855007D0012B3BD02046FFF710FF6FF08605A8
S31508028560E3E7238803F4E042B2F5805F16D0B2F55A
S31508028570005F13D044F2010223F4405191420DD018
S3150802858003F44F43B3F5824F08D0B3F5844F05D0B1
S315080285902046FFF7F3FE6FF08505C6E7464503D981
S315080285A02046FFF7EBFEBEE732463946484614F048
S315080285B0A5F80021A8EB060209EB060013F0FCFF5A
S315080285C02046CAF8006026B0BDE8F047D6E6002F76
S315080285D0C1D0002EBFD0B9F1000FBCD0A368DB070B
S315080285E005D42046FFF7CAFE6FF084059DE70146CB
S315080285F020220CA813F0E0FF3246394620460CAB7F
S31508028600E5F799FF054618B12046FFF7B7FE8CE74E
S3150802861014AE0CAF0FCF0FC697E80F0086E80F000F
S3150802862002A914A826880295E6F7E8F80546304610
S31508028630E5F75EFF012804BF042309F8013B4FF062
S31508028640000308BF08F1FF38CDE9173908F103031B
S3150802865023F00303064619932DB12046FFF78EFE33
S315080286606FF0920561E7029FB84599D328222946F9
S315080286701CA813F0A1FF1CA815F03AFD0028ECD19E
S315080286802B46012214A90CA8E6F7EDF870B90F9B40
S31508028690013B012B0AD84FF0817309A90CA8CDE931
S315080286A01C351E952495E6F737F970B16FF09206D8
S315080286B01CA815F01DFD0028CFD12046FFF75EFE47
S315080286C00546002E3FF431AFCAE709991CA815F0F2
S315080286D016FD03A90CA8E6F7F8F90028E6D103A9BE
S315080286E01CA8E6F72FFA06A90CA8E6F705FA002849
S315080286F0DCD106A91CA8E6F725FA09A914A8E6F703
S31508028700FBF90028D2D11CA809A915F001FD1CA85D
S3150802871015F08AF90028C9D13E44CAF80060002635
S31508028720C6E730B401EB8202914201D130BC184748
S315080287300C46B4F9005004318542F5D1B4F9020069
S3150802874030BC704770B5044600B30368F3B10279CA
S315080287501B78012A10D1092B0D4D18BF00258068F8
S31508028760FFF70AFB2946A068FFF794FBBDE87040AD
S315080287700422084B0849D4E7092B07D10449806823
S31508028780E5F7E8FFBDE8704006F092BB034870BD06
S3150802879009000002A16402082C1A040800AFFFFFB0
S315080287A010B5B8B10368ABB10479012C08D1806859
S315080287B0FFF71AFBBDE810400422074B0749B0E74A
S315080287C01B78092B06D18068E6F7AEFFBDE8104094
S315080287D006F06EBB024810BDA16402082C1A0408F2
S315080287E000AFFFFF10B4046824B1C36813B15DF883
S315080287F0044BD5E701485DF8044B704700AFFFFF0D
S3150802880038B5036804465BB1C5684DB1FFF79AFFF0
S3150802881038B92368294620469A78BDE83840BFE722
S31508028820004838BD00AFFFFF07B5E8B10268DAB104
S315080288300379012B0BD101AB52788068FFF7D4FB81
S3150802884004220B4B0B4903B05DF804EB69E7137876
S31508028850092B09D1202201AB806806F0E5F903B09D
S315080288605DF804EB06F024BB034803B05DF804FB8D
S31508028870A16402082C1A040800AFFFFF2DE9F04193
S315080288800E461746054688B000286DD00368002BA9
S315080288906AD0C268002A67D09B78BB4214D2FFF717
S315080288A051FF044600283BD13A4631462846FFF78F
S315080288B077FF0446A0BB69462846FFF7B5FF04467C
S315080288C070BB6E462B685F782B68D5F80C809A7851
S315080288D03621404608EB020413F06EFE2B685C2133
S315080288E09A78204613F068FE0023191D8F4208EB7A
S315080288F003021DD29F4223D80023191D8F4204EB7F
S31508028900030224D29F4228D82846FFF71BFF0446B3
S3150802891030B92B68414628469A78FFF741FF044644
S3150802892020216846FEF796FB204608B0BDE8F0818E
S31508028930F25858F80300424048F803200B46D4E799
S31508028940F05C11780133414002F8011BD2E7F25874
S31508028950E0584240E2500B46CFE7F05C117801330B
S31508028960414002F8011BCDE7004CDDE700AFFFFFEF
S31508028970F0B5036804460D4689B0F3B1C668E6B198
S3150802898069469F78FFF750FFA8B92046FFF7DAFE37
S3150802899088B9236820469A78F119FFF701FF50B97A
S315080289A02368694620465A78FFF7FAFE18B9294617
S315080289B02046FFF739FF09B0F0BD0148FBE700BFC3
S315080289C000AFFFFF2DE9F047066805460F469046B9
S315080289D08AB006B1767897B3B8F1000F0CBF4FF09C
S315080289E001094FF002090023294C05F1100A99459D
S315080289F08DF804301BD92846FFF702FF0446B0B9A2
S31508028A00324651462846FFF7EDFE044678B901225A
S31508028A10284601A9FFF7E6FE044640B9B9F1020F56
S31508028A2010D0284602A9FFF7A3FF044698B102A868
S31508028A302021FEF70FFB20460AB0BDE8F0874FF06B
S31508028A400109D0E7424639462846FFF7CBFE0446D7
S31508028A500028E6D0EBE73246284602A9FFF70EFFC2
S31508028A6004460028E3D1324651462846FFF7BAFEA5
S31508028A7004460028DBD151462846FFF779FF04460B
S31508028A800028D4D19DF804300133DBB2AFE700BF2A
S31508028A9000AFFFFF2DE9F04F1F460023B3B016467D
S31508028AA03E9A11F0FF0A0D46136009D0AD4A4AF004
S31508028AB00073934200F04C81F63A934240F04B81A0
S31508028AC03D9B002B00F04A812B464FF4805208A9A1
S31508028AD0FFF769FC834650B9DDF82080B8F8003004
S31508028AE003F4E043B3F5E04F03D06FF0860B00249E
S31508028AF069E0D8F80440D8E90812240A0ED0012CF5
S31508028B00F3D13E9B404604933D9B009603933C9BC0
S31508028B10CDE901732B46E6F773FC4DE03E9B4046D2
S31508028B2004933D9B009603933C9BCDE90612CDE93F
S31508028B3001732B46E6F764FCDDE9061210F1860F8F
S31508028B4083463AD147F20103B8F800009842CCD0DE
S31508028B5000F44F43B3F5824F35D1B8F802C009ABDA
S31508028B60009313460A466146099409F0EBF88346D0
S31508028B7048BB0123DDF82480CDE90B30D8F83C4008
S31508028B800D930734E40804FA03F307933D9B0A900E
S31508028B90B3EB440F28D20AA8E7F778F90CA8E7F747
S31508028BA075F9714D099C2046E8F727FE2046FCF721
S31508028BB0BDFB2846FEF77FFA83463E9BBBF1000FB4
S31508028BC01C6818BF00243D9B21211A1B3C9B1819BF
S31508028BD013F0F2FC0898FFF7D1FBBBF1000F18BFA0
S31508028BE0584633B0BDE8F08FEB0540F1A280BAF1E2
S31508028BF0000F0AD0D8F8405008F160030735BAF1D9
S31508028C00090F06934FEAD50907D0584D0AA8E7F780
S31508028C103DF90CA8E7F73AF9C4E700214FF0010B32
S31508028C200DF1800A48225046CDE90E1B13F0C4FC0A
S31508028C3042F210734A46069810A92F93E7F784FA68
S31508028C400546D8B93B46324640460EA9E8F70AF920
S31508028C50054698B910AB4A4603EB09010EA8E7F791
S31508028C6073FA054650B9424ACDE92200E021584630
S31508028C702092FCF763FC229058BB3E4D20A8FFF7D2
S31508028C8090F820A84821FEF7E5F942F210720EA8DC
S31508028C902F92E7F7FBF8002DB8D122463C990AA88D
S31508028CA0E7F752FA05460028B0D13C9B2246191925
S31508028CB00CA8E7F749FA05460AA8E7F7E7F80CA861
S31508028CC0E7F7E4F8002D7FF46DAF3E9B079A1A602A
S31508028CD068E7402102208DF884B0FCF72FFC239028
S31508028CE018B95046FFF75DF8C7E72022504624A96F
S31508028CF0FFF7C4FD05460028C0D12022594624A8FC
S31508028D0013F05AFC50464FEA490210A9FFF75AFED9
S31508028D1005460028B2D1184B4046CDE90173CDF875
S31508028D200CA0069B00960CAA0AA905F0DDFD0546CD
S31508028D30A4E700230393114B4046CDE9017300963D
S31508028D4008F160030CAA0AA905F0CEFD0546A2E7BA
S31508028D506FF0860045E76FF0850042E76FF08900FD
S31508028D603FE700BFFF00000200B1FFFF80B0FFFF30
S31508028D703C1A040880AEFFFFD78D0208197902084B
S31508028D8070B5456B0446B5F5C07FE0B01DD84FF403
S31508028D90C0720021684613F00FFC2A466946236C06
S31508028DA0606C9847A0B9666B694632462046FFF75B
S31508028DB009FE054608B9012323631EB131466846F2
S31508028DC0FEF748F9284660B070BD6FF00405F9E76A
S31508028DD06FF00805F6E72DE9F843066804460F46DC
S31508028DE0154606B17678B5F5806F3BD8236C63B91C
S31508028DF004F11008BDB92A4629462046FFF7E2FDC6
S31508028E0078B9236B013323630BE0A36B012B03D0E1
S31508028E10226BE36B9A42EBDD2046FFF7B1FF00288F
S31508028E20E6D0BDE8F883AE422046B14628BFA94639
S31508028E30FFF7E6FC0028F4D1324641462046FFF702
S31508028E40D1FC0028EDD141462046FFF791FD0028C6
S31508028E50E7D138464A46414613F050FC4F44A5EB43
S31508028E600905C7E76FF00200DBE7022807D00328E7
S31508028E7008D0012809D0002318460B607047E02362
S31508028E801220FAE74FF48073FAE7C023F8E72DE9D0
S31508028E90F04F4668DBB03546DDE964B715F8680B6E
S31508028EA006A99946FFF7E1FF412329460093904612
S31508028EB0044649AB304607AA09F05EFA014688B964
S31508028EC0079B069D0590182217A8049305F1070A21
S31508028ED013F072FB05994FEADA0A08914FEA4A0635
S31508028EE024B9A34908465BB0BDE8F08F4FF4005198
S31508028EF017A844F48244ADF85C40F9F7A7FB4FF093
S31508028F000623049A1A9349A908AB17A8FEF706FE80
S31508028F1058B1FDF7EBFA04460898FFF7A7FA014697
S31508028F20002C00F01B812146DCE7089B402E0493A7
S31508028F3003D91846FFF79AFAD3E7CDF874B02DB9D4
S31508028F400498FFF793FA6FF06701CBE70BEB07017B
S31508028F50302323AA1DA8E6F780FE0146002837D14A
S31508028F60324639A813F028FB1D9D239C53462146F9
S31508028F70284639AAFDF759FC011E29DB0D44641A55
S31508028F8039AA21465346284652442394FDF74DFCF6
S31508028F90011E1DDB0D441D95A5EB0B05641ABD428A
S31508028FA0239413D1324639A929A813F0A7FB4FF007
S31508028FB006234FF40052049809A9FFF7F4F968B199
S31508028FC007226C4B6C49FFF7ACFBA4E76FF065010F
S31508028FD004980591FFF74AFA059983E7DDF824A074
S31508028FE0DAF80440DAE90852240A09D0012C00F01A
S31508028FF078815046FFF7C2F96FF086073846DFE7F1
S3150802900029ABCDE900932946434650460296059276
S31508029010FDF7E9FC10F1860F0746059A40F09180A4
S3150802902044F20103BAF8000020F4405C9C45E0D003
S3150802903000F44F43B3F5824F03D05046FFF79EF92B
S31508029040DCE70DF1280B1346BAF80210CBF80040FC
S315080290502A46CDF800B008F075FE07460028ECD17E
S315080290600123DBF80050CDE90C30EC6B0B9007348A
S31508029070E408B6EB440F0E9340F03081224629A944
S315080290800BA8E7F733F8FEF716F8074600284CD17F
S3150802909029AB224619190DA8E7F728F8FEF70BF8A7
S315080290A00746002841D1014605F1780005F1680B0B
S315080290B0E7F712F950B9314B59460093284605F19C
S315080290C01C0305F1600209F099F907463846FDF7CF
S315080290D0F2FF074648BB01241DA8E7F7F8FE6B6BAB
S315080290E0CDE91047CDE91247CDE914470F971694F3
S315080290F0002B00F0F18021460BA8E7F7EDF80028CF
S3150802910040DA1F4C1DA8E8F737FB0FA8E6F7BEFEA4
S3150802911011A8E6F7BBFE13A8E6F7B8FE15A8E6F708
S31508029120B5FE2046FDF7C7FF07460BA8E6F7AEFED3
S315080291300DA8E6F7ABFE2846E8F75FFB2846FCF7DC
S31508029140F5F85046FFF71AF9002F7FF457AF0028B3
S315080291507FF436AF0498FFF789F9014600293FF4F0
S31508029160C1AE08465BB0BDE8F04FFDF7BFB900BF18
S3150802917080C1FFFFED640208401A04081979020843
S3150802918000B2FFFF05F1340631460BA8E7F75CF893
S315080291900028B6DA21460DA8E7F79EF80028B0DBC4
S315080291A031460DA8E7F750F80028AADA4B46424698
S315080291B028460FA9E7F756FE04460028A2D13246EA
S315080291C00DA911A8E7F7A6FB044600289AD111AA09
S315080291D00FA913A8E7F7D7F80446002892D113A9CE
S315080291E032460846E7F754F9044600288AD111AAF6
S315080291F00BA915A8E7F7C7F80446002882D115A9CE
S3150802920032460846E7F744F9044600287FF47AAF5F
S315080292102846E7F753FE0128074605F11C0902D03E
S31508029220A4F59D446EE74FF0040823A8E7F74FFE1E
S3150802923039ABB8F1010803F1080323F8047C23F8D3
S31508029240024C43F8084CF4D14B46284613AA23A9E4
S31508029250FDF762FB0446B0B95B46284615AA1DA966
S31508029260FDF75AFB044670B939AB00931DAB194694
S31508029270284623AAE8F79DF9044620B928461DA9D7
S31508029280E7F714FF044639AB03EB080008F10808B0
S31508029290E6F7FCFDB8F1200FF5D123A8E8F76CFA3A
S315080292A0002C7FF42FAF214621A8E7F715F80028EE
S315080292B03FF427AF1DA932460846E7F7E9F8044600
S315080292C000287FF41FAF0BA91DA8E6F7BDFF0446C9
S315080292D000283FF417AF14E7074C22E76FF094070C
S315080292E023E729ABCDE90093294643465046029621
S315080292F0FDF779FB074624E780B0FFFF2DE9F04F1B
S315080293000025AFB0D0F804B08846DDE938642946AE
S3150802931091460AA8182204933A9F089513F04CF925
S315080293209BF8000007A9FFF7A0FD079A05900732E8
S315080293304FEAD20A002800F0E280B2F5847F80F074
S31508029340E1800BF16000524616A9E6F7FDFE059B81
S31508029350834650B116A82021FDF77CFE2846FFF762
S3150802936085F858462FB0BDE8F08F43F4E2434FF430
S3150802937080510AA848F0C06BADF828304BF4E06B70
S31508029380F9F764F916A9524608AB0AA8CDF834B01B
S31508029390FEF7C4FB0146B0B1FDF7A8F82021044642
S315080293A016A8FDF757FE0898FFF760F88346002CC3
S315080293B040F0AB80BBF1000FD3D058462FB0BDE8C2
S315080293C0F04FFDF793B8089D182210A813F0F4F889
S315080293D010A92846FFF782F8014628B107224C4B06
S315080293E04C49FFF79EF9D9E7182210A8BDF842A002
S315080293F013F0E2F8049B4A4659462846CDE9014746
S315080294000096FFF747FB034668B18533E6D14A461D
S315080294102846CDE90147049B009648F00621FFF746
S3150802942039FB0028DAD10AF1070334443A684FEACD
S31508029430D3090994BAF1000F57D0B2EB490F54D1A8
S31508029440B3F5847F34D24A4631461EA813F056F93C
S315080294504A4606EB090126A813F050F92346324676
S31508029460494626A8FDF715FAB0F1000BFFF672AFCA
S31508029470A4EB0B042346324649461EA8FDF709FA11
S31508029480D846B0F1000BFFF665AFD844A4EB0B043F
S315080294904246314609A80994E6F7F2FBB0F1000BF9
S315080294A0FFF658AF099908F101088B1B002B09DC56
S315080294B0202116A8FDF7CEFD2846FEF7D7FF6FF046
S315080294C06B0B4EE730230BEB080401F8013D2246ED
S315080294D0304613F0F9F8202116A83C60FDF7BAFDCC
S315080294E02846FEF7C3FF834664E7202116A8FDF740
S315080294F0B1FD2846FEF7BAFF6FF0670B31E7DFF8D2
S3150802950018B02EE76FF06D0B2BE7A34629E700BFCD
S31508029510ED640208401A040880C1FFFFF0B50C4644
S315080295200021D1B01822064604F1100728A8259171
S3150802953013F042F890223946684613F0DFF894E8A9
S315080295400F00FDF737FD27A90078FFF78EFC279D48
S315080295500735ED0818B9324C204651B0F0BD40F433
S31508029560E2400121ADF8A00028A8F9F76FF8902289
S315080295703946684613F0C2F894E80F00FDF71AFD5B
S315080295802A462EA96030E6F7DFFD044620B14121BE
S315080295902EA8FDF75FFDDFE72A4625AB2EA928A8E8
S315080295A0FEF7BCFA044641212EA8FDF753FD2046D4
S315080295B0FCF79CFF04460028CED1259F24AA3846EC
S315080295C02EA908F073FCFCF791FF04463846FEF70D
S315080295D04DFF002CC0D120B151B0BDE8F040FCF7D8
S315080295E085BF902206F11001684613F087F896E8BF
S315080295F00F00FDF7DFFC412326AA009300F168015C
S315080296003FAB08F0B9FE04460028A5D12A463FA971
S315080296102EA814F004F8044600289DD09BE700BF44
S3150802962080C1FFFF094B186F00F00700431E032B8A
S3150802963003D8DFE803F0060809040020704708206B
S315080296407047022070470520704700BF008000500F
S31508029650044A054B013800D2704753F8041B42F8F6
S31508029660041BF7E76062002080610008034B5A6812
S31508029670D20702D55A6D0242F9D1704700000A5044
S3150802968010B540F6FF70FFF7F1FF0823214C224977
S31508029690A363FFF7EBFF02235020A363FFF7E6FF5E
S315080296A04B68012B04BF1D4A53604B689807FCD4CC
S315080296B08B6C194B9A6C120629D49A6C4FF48072E9
S315080296C0144CA2639A6C12F00072FBD1042113485F
S315080296D021610161216101612161016121610161EA
S315080296E02021196141F20201DA609A6059614FF448
S315080296F0A02159620A49DA611A629A619A659A62DE
S31508029700DA621A65C1641A635A631A6310BDDA6BA0
S31508029710D0E700BF00100A5000000A5000200A5085
S31508029720FF3F0D03124B93F87A21052A07D102222D
S31508029730027093F87D31012B13D917207047012146
S315080297400170B3F8801193F87D3101290BD8042AE8
S3150802975009D0062BF1D8012A03D0022B01D80023FF
S31508029760037000207047022BE7D8F8D1F9E700BF4B
S31508029770C83F0020F7B505460E460146214817465A
S31508029780E0F79CFAD8B10F2009F039FD0446B0B1CA
S3150802979000220379057243F002031B4D037195F803
S315080297A0523E8DF800205BBAADF801306A460323B3
S315080297B01421DFF752FF20B12046DDF79DFF03B0E3
S315080297C0F0BD012F1AD14FF08073009001936A46BB
S315080297D0082316212046DFF740FF0028ECD1152181
S315080297E02046B5F8502EDFF77AFF0028E4D1314635
S315080297F02046F5F793FB0028E1D0DDE72046F4F78B
S3150802980037FBEAE71C3E0020C82F00207FB5054635
S315080298100E466C46054B0FCB84E80F0032462146AE
S315080298202846FFF7A7FF04B070BD00BFD8FD03089E
S31508029830F0B5DFB0054624A80C4609F0C7FD182284
S3150802984000210DEB020012F0B7FE3D4B012C0593E9
S315080298504FF00D038DF8203025D02B685B89AB813C
S315080298602868F2F7AFFA0446B8B928681C2205A98F
S315080298704689DEF7E5F9044678B92846FDF7C4F9BC
S31508029880044650B94022286814A9DEF7D9F90446D5
S3150802989018B931462868F2F749FC24A809F08CFD64
S315080298A020465FB0F0BDA9892868DDF747FF28681A
S315080298B01C2205A94689DEF7C3F904460028ECD11D
S315080298C0204F2968D7F84C0AF2F752FA04460028BC
S315080298D0E3D12968D7F8480AF2F77FFA044600283E
S315080298E0DBD124A8E0F7A6F9296806F10A024B8912
S315080298F092B20A3B9B1B9BB224A8E0F7B4F9224614
S315080299003346296824A8E0F7AEF90CA924A8E0F79B
S31508029910C5F904AB02934023019314AB00930A4999
S3150802992020230CAA2869FFF7B5F8EEF7ADFD044621
S315080299300028B2D131462868DDF700FF90E700BF5C
S31508029940001800FFC82F0020090600062DE9F0417D
S3150802995004468EB003A8F3F76DFA03A8F3F76AFA7A
S31508029960237833B194F8A010042902D01DD803290C
S3150802997036D003A8F2F734FDA0B903A904F13E00D4
S31508029980F4F712FE70B994F87A300BB184F87A00BB
S31508029990012220461146F3F77DFA0122204603A941
S315080299A0F4F70AFE0EB0BDE8F0814B1F5E425E4137
S315080299B094F87A30012BDCD80025114F04F13E08C1
S315080299C008A8F3F737FA0023CDE9013300973146A1
S315080299D0684608AAFCF792F820B1002DF0D1C8E72C
S315080299E00026E5E735B103AD08AE0FCE0FC53368DD
S315080299F02B80BEE7404608A9F4F7D6FD0546E6E7FA
S31508029A00FC4200202DE9F0410C460546164694B064
S31508029A1004A8E2F7B9FA2B4B01A8C5E90034139B4F
S31508029A20002B18BF1E46B489E2F7C0FC21460C2358
S31508029A303046AE6001AADDF7A8FF04F10C01002446
S31508029A4089B2BDF80830A2B25BBA9BB29342ADF8AE
S31508029A5002102BD8BDF80A80298298FA98F81FFABC
S31508029A6088F20DF102013046F2F78DFBBDF80C7053
S31508029A70BDF802307FBAAB82BAB20DF102013046A6
S31508029A80F2F781FBBDF80E40BDF8023064BA3046E3
S31508029A902B83A2B20DF10201F2F775FB1298A5F813
S31508029AA01280EF826C8314B0BDE8F0810DF10201D9
S31508029AB03046F2F7DDF9BDF802100134043189B2F5
S31508029AC0BFE700BFC81F002010B5C2B0044601A8F0
S31508029AD009F036FC074801A9E1F74AFA10B117203E
S31508029AE042B010BD214601A8E1F7CAFC0028F7D00A
S31508029AF0F5E700BF383D00200C4890F84330032BA9
S31508029B0013D903F0FC02FC2A0FD0FC3380F8433049
S31508029B10DBB2032B09D890F8513001216FF30713F2
S31508029B2080F851303830E0F7F2B87047C83F002065
S31508029B3030B5C3B0054601A809F002FC0E4801A9D2
S31508029B40E1F716FA044628B9352101A8E1F7A8F87B
S31508029B5018B91724204643B030BD6946E1F7C0FD5F
S31508029B600028F7D1054B009AD3F8543E13402B60D0
S31508029B70002BEFD1EDE700BF0C3D0020C82F0020D7
S31508029B80002313B5044601A80193FFF7D1FF18B1C4
S31508029B90044BD3F8543E0193214601A8E0F796F800
S31508029BA002B010BDC82F002030B5032200250B4B8A
S31508029BB085B00446596801A8019502938DF80C20D0
S31508029BC0F2F720FE019B0BB905B030BD1A7D01A83C
S31508029BD0A24208BF1D75F4F743F8F3E7FC360020E6
S31508029BE038B504460D4603F0D3FCA0B1A37C03F0B6
S31508029BF00103AB420FD0224600210748F2F7AFFD18
S31508029C00A37C224665F30003A3740121BDE838400C
S31508029C100148F2F7A4BD38BDFC36002000232DE921
S31508029C20F047DFF888818EB05C4F0293404608AA57
S31508029C3002A9FCF741F8064610B10EB0BDE8F08756
S31508029C409DF831301907F1D59DF832305A07EDD40F
S31508029C509DF83030402BE9D1D7F8A8385BB90525ED
S31508029C604F4C013D0DD1D7F8344714BB05214C4B57
S31508029C708DF8074033E04B4808A998470028EED0EC
S31508029C80D4E7A37C9B0704D5214608A8F2F7E4FD8E
S31508029C9008B92034E5E7E369002BC7D09DF83130CF
S31508029CA05D07C3D5002301212046E361FFF798FF2C
S31508029CB0BCE7214608A8F2F7CFFD0028B6D16469A9
S31508029CC0D3E79A7C90075BD5DA693AB1002C55D06E
S31508029CD0E069121A34EA220428BF1C4620330139E5
S31508029CE0EFD1002CA2D0A37C9A0702D5204603F016
S31508029CF025FC0023E3619DF831309DF83090DA099E
S31508029D00204614BFCA464FF0800AC3F38005F2F70D
S31508029D109FFD01236374A37C204623F0030245F0CA
S31508029D2002031343A37484F810A008A9F2F78AFB66
S31508029D301D4BD3F8342393F838331344CDE9032360
S31508029D40012103A8F8F725FB0546D8B90DF1070145
S31508029D502046667603F01CFB00232046237603A9D9
S31508029D6005F038FB9DF81E309B0703D59DF81D307C
S31508029D7003B12376204603F01DFC57E71C46ADE7E0
S31508029D801C46B0E7EB789945DAD14A4608A9281D58
S31508029D90DDF734FC4845D3D3AE78D7E7C82F002081
S31508029DA080380020C81F0020C83F0020FC4200203F
S31508029DB038B50D460446A8B144220221DDF7FEFC59
S31508029DC005F1310323F001035A8804F1310323F024
S31508029DD00103294620465A80DDF72AFD28B1204686
S31508029DE0DDF78AFC0024204638BD2046DEF720F837
S31508029DF00028F8D0F3E770B5D4B00C46054613A888
S31508029E0009F09EFA00230D21204601AA8DF8483052
S31508029E10DFF70DFB08B313A92846E1F7A9F840F2C4
S31508029E2001336846ADF8003004F028F92146FFF7F9
S31508029E30BFFF044600284BD1002432E001236A46BC
S31508029E4001A92046DDF777FE9DF8001002A8E1F782
S31508029E5051FA012101A8DEF799F9BDF80630002B5F
S31508029E60ECD19DF84830002BD5D02B78012BD2D1D6
S31508029E70342102A8E1F73EFACDE79DF84820297871
S31508029E8092B905291AD196F83E3EDB0716D428461A
S31508029E90DFF730FA05449DF84A3113AA13449D4266
S31508029EA0EBD3204654B070BD02AB1A449A42184608
S31508029EB0EDD0007801338842F8D1E2E721462846F8
S31508029EC0DFF722FA0028E2D02046DDF715FCB3E7D1
S31508029ED0014E13ADDFE700BFC82F002010B50849B1
S31508029EE091F874444CB1224601F26441DDF786FBCF
S31508029EF084428CBF0020012010BD2046FCE700BF2B
S31508029F00C83F0020012810B5044600D8FEE7DEF750
S31508029F1048F9013C83B2B3FBF4F204FB1230013078
S31508029F2080B210BD054B93F89E0010F00F0004D0C6
S31508029F30B3F8A000831E584258417047C83F002014
S31508029F4010B51A4C024694F85B309B0702D4FFF709
S31508029F50E9FFA8B14FF6FE73B4F8581499420FD028
S31508029F60B4F85A04D4F85C1492B9B1F5967F38BF9E
S31508029F704FF49671480801300939DEF725F90BE0E6
S31508029F800023C4F878340A48BDE81040F3F7DCBF6A
S31508029F90012809D9FFF7B6FFD4F878340BB1834202
S31508029FA0F1D9C4F87804EEE70120F5E7C83F0020A6
S31508029FB04044002073B503681546027931B14878E2
S31508029FC01344023001445B1ADAB20B464AF6AA7601
S31508029FD000931344019305216846F8F7DAF9044613
S31508029FE0B8B194F90230002B09DBD4F80300DDF787
S31508029FF029FBB042EFD1E37904F1080101E0E378E5
S3150802A000211D2A799342E6D3286813F008FB002813
S3150802A010E1D1204602B070BDF8B504460E46436843
S3150802A0201BB1636DC3F30B03FAE72046FAF70AFC82
S3150802A030042304F5005204F580510B6113610B6188
S3150802A04013610B6113610B611361202341F2020054
S3150802A05023610023E360A36060614FF4A020A3613B
S3150802A060A36560629848E3612362A362E36263635D
S3150802A0702365D0642363F089737B62690343308A5C
S3150802A08022F44C52034322F00F0213436361A2687F
S3150802A090337B307E22F0804222F0E20203431343EE
S3150802A0A072691343A360B568F369A5B9A26842F059
S3150802A0B00042A260002B32D101234B603178204640
S3150802A0C0002940F02981FAF7BDFBA36CDB4313F4A0
S3150802A0D0405FFAD1F8BD13BB01234B60706848B9DB
S3150802A0E07A4B9C4200F0A580794B9C4208BF5720C8
S3150802A0F0FAF786F8A36813F0010F636800F0D480B4
S3150802A100B0FBF5F5D90705F1FF354FEA056500F10C
S3150802A1109280236923F07F432B432361CEE79A7A01
S3150802A120187A5204A76842EA80526A4838400243BB
S3150802A130988800F4C0400243587842EA8002587B65
S3150802A14042EAC002987B42EA0012987842EA8022E2
S3150802A150A260E768D3E9042002435F483840024315
S3150802A160987942EA8022D87942EA4022E2601A784D
S3150802A1705648012A13D1E26842F00402E260844298
S3150802A1804BD0534A94420CBF01224FF0FF32520180
S3150802A19002F1A04242F2944002F5703214E0032A18
S3150802A1A035D1E26842F00402E260844233D0484A7A
S3150802A1B094420CBF01224FF0FF3241F29440520101
S3150802A1C002F1A04202F57032022717505A7A8A62C1
S3150802A1D01AB1E26842F40062E260DA7A5AB1E268D7
S3150802A1E042F40042E260394A944218D11A7B3B484B
S3150802A1F002F00F024267626ADB7B22F00302134314
S3150802A200636201234B60002D3FF458AF66E7023ABA
S3150802A210012ACAD9B3E70022CFE70022B7E72C4AB8
S3150802A220944201BF1A7B2D4802F00F02C0F8802023
S3150802A230E1E756205CE7636D13F0280FFBD1A36CA8
S3150802A2409A070CD02046FAF7FDFA0521236923F06E
S3150802A2507F432B4323612046FAF70EFB2EE7A36CB6
S3150802A260DB0717D4A36C20469F0708D5FAF7EAFA44
S3150802A2702369062123F07F432B432361EBE7FAF791
S3150802A280E1FA2369204623F07F432B432361FAF739
S3150802A290D9FA13E72046FAF7D5FA2369092123F0F2
S3150802A2A07F432B432361D6E7A36DD907A36848BF2B
S3150802A2B06D0003F0E003402B28D011D843B3202BBE
S3150802A2C07FF4FCAE082311E0FF3F0D030000015B9B
S3150802A2D000000A50E39BBDFFFFF9F0870090035088
S3150802A2E0602B17D0802B7FF4E9AE01236B43400124
S3150802A2F0B0FBF3F00A4B203803EAC003626DD207BB
S3150802A300FCD42363636DDB07FCD4D7E60623EDE7AB
S3150802A3101023EBE70423E9E7FAF7AEFAD5E600BF1E
S3150802A320F8FF7F002DE9F04F98462A4B87B01B7835
S3150802A330054691460091002B46D0072846D8002AA2
S3150802A34044D0B8F1000F41D0109BB3F5006F3DDC45
S3150802A350DFF898B003010BEB001701933B7B002B48
S3150802A36036D00024DFF888A043010AEB40161022F3
S3150802A370214630460193CDE90344059412F01CF9AF
S3150802A380009BC6E901890293109B13495A1E019B39
S3150802A390C2F30A025AF803001201014042F044725B
S3150802A3A00A434AF803200D4B2A014BF80230119B47
S3150802A3B02846324602A9C7E901347C73FAF7F6FA47
S3150802A3C0204607B0BDE8F08F0548FAE70548F8E7E2
S3150802A3D00548F6E7155200200F80EFF0BD52020835
S3150802A3E0028000F0018000F0078000F09050002003
S3150802A3F0105100202DE9F04F00254FF4702BABB019
S3150802A400CDE909550B95CDF820B01BAC08AE0FCE99
S3150802A410CDE904550FC4C54B0695039303AEDFF881
S3150802A4207CA3DFF87C930FCE20ACC14E0FC40FCEAF
S3150802A43013ACCDF81C90CDF830A00FC496E80F00E7
S3150802A44084E80F000DAB29461822184612F0B4F814
S3150802A45003230126B74F8DF83430B74BB74C7B60D0
S3150802A460B74B04F52178C7E9023529464546B54B67
S3150802A4701A908C2204F526703B618DF83A6012F028
S3150802A4809BF8CDF86CB04FF0800BCDF87CA00DF19F
S3150802A4906C0CBCE80F000FC5A44BC5F800A0CDF89C
S3150802A4A09090209304F53A750DF1800CBCE80F00E4
S3150802A4B00FC504F54E73C4E9B4B3C4F8CC32C4F874
S3150802A4C01C333B1DC5F80090C4F8E432DFF8D49279
S3150802A4D09D4B84F82063C9F804309C4B84F8D862F3
S3150802A4E0C9F808309A4BC9F80080C9F80C30994B5C
S3150802A4F0C9F81430984BC9F81830984BC9F8103077
S3150802A500EFF31183302282F31188DFF89CA29AF8BE
S3150802A51000500DB383F31188BFF36F8F9AF800309A
S3150802A52073B102A8F8F702FA50B9029B84F8983276
S3150802A5309AF80030002B47D194F8980208F031FEB9
S3150802A54010250122864B13A8CDE9132308F0B0FC87
S3150802A55028462BB0BDE8F08F8AF8006083F311888D
S3150802A560BFF36F8F7F4B314620201D731D7783F80B
S3150802A5702C5083F83C5083F84C5083F85C5083F88F
S3150802A5806C5083F87C50F9F721FE31462120F9F701
S3150802A5901DFEFF22744B15205E609D609D619A62C6
S3150802A5A04FF000429D631D645A654FF0FF3203F572
S3150802A5B000531A654FF400126C4BC3F8802183F8D6
S3150802A5C015B3FAF7B9FBA9E702A8F8F7AFF9002815
S3150802A5D0B2D1029B94F8980284F8FC32F8F7D0F8C4
S3150802A5E00028ADD1CDF80480D4F8D0320093D4F83F
S3150802A5F09432D4F8CC22D4F8841294F89802FFF74D
S3150802A60091FE00289CD1302294F898324FF480119A
S3150802A610534342F2640203F1A04303F5802399509F
S3150802A62097F91400002808DB012200F01F018A406E
S3150802A63043094E49603341F82320FAF77DFB00238C
S3150802A640C4F81433EFF31183302282F31188484A8F
S3150802A650C2F8009083F31188BFF36F8F4548FAF763
S3150802A66081FC94F89802F8F7ADF8054600287FF4BD
S3150802A67067AF40F20153404E40494148C4E9CB1303
S3150802A680331DC4F82433C4F8286313F04BFD0123A1
S3150802A690042208212846FAF70BF901230222092186
S3150802A6A02846FAF705F9304684F8345313F03AFD8A
S3150802A6B0344813A9FFF7B0FC1421334A94F834330B
S3150802A6C0C2F894144FF40021C2F8AC144FF41021C6
S3150802A6D043F00503C2F8A41401200222052184F8D6
S3150802A6E034332B46FAF7E4F894F83433284643F021
S3150802A6F0020384F8343304222B462946FAF7D8F89B
S3150802A70094F83433D80708D5204B214AC3F89C2439
S3150802A7100222C3F89424C3F8A0541E4B1E4A0521EC
S3150802A7201848DA64FAF7A8F80BE700BF01000F0029
S3150802A7306C1A040800630020371C020848590020D6
S3150802A740251C0208314902084D280208DB1F0208A7
S3150802A750A15002084D1C0208531C0208554E020855
S3150802A76000C201C0905000200000045000E100E041
S3150802A770CC520020CC5B00208C1A04080008000981
S3150802A780001604080000015B00C0035000D0035005
S3150802A790010005000020015BFF3F0D033C00015B41
S3150802A7A04400015B081A0020155200202DE9F047E3
S3150802A7B006469CB020220C4603A8002111F0FCFE96
S3150802A7C01221304602AADEF732FE0546002840F07C
S3150802A7D08F808027BDF80A30002B00F0898001237C
S3150802A7E030460DF1070202A9DDF7A5F900287ED148
S3150802A7F0012102A8DDF7CAFC9DF807301CAA02EB64
S3150802A800D30010F8642C03F0070147FA01F111424C
S3150802A8105FFA81FCDED142EA0C0200F8642C242B92
S3150802A820D8D801A252F823F0BDA80208CBA802087C
S3150802A830DBA802080DA90208D5A70208D5A70208AF
S3150802A84025A902086FA902087DA90208EDA902082E
S3150802A850D5A70208D5A70208D5A70208D5A70208D0
S3150802A860D5A70208D5A70208D5A702087BAB020816
S3150802A870D5A70208D5A70208D5A70208D5A70208B0
S3150802A880D5A70208F9A8020807A902084DAB0208CB
S3150802A8905BAB020863AB020873AB0208D5A70208D2
S3150802A8A0D5A70208D5A70208D5A70208D5A7020880
S3150802A8B091AA02086BAB02088BAB02080823002197
S3150802A8C0B84A2046DEF7C9FE0EE00121B64BB3F8B8
S3150802A8D05C202046DEF703FF06E0B34B0221204642
S3150802A8E093F85B20DEF7F0FE00283FF473AF0546C7
S3150802A8F028461CB0BDE8F0870BA802F051FB0823D6
S3150802A90017210BAADDE705221821E2E7A64B93F8E1
S3150802A9105B2012073FF55EAF032120465A6EDEF72B
S3150802A920EAFEE1E740F60603DFF87C82ADF82C3052
S3150802A93098F83BA398F83A93D8F8780088F87DA057
S3150802A94088F87E90DCF77EFE98F87C30CDF82E00EB
S3150802A9508DF8323098F87F308DF833A08DF8349020
S3150802A9608DF8353021460BA8DEF7CEFCBCE78E4AB9
S3150802A970072192F83833D2F83423A2E70023DFF806
S3150802A9804082D8F83427591C02BB9AB21201FE2A11
S3150802A9904FEA03131DDC082220460BA98DF82C204A
S3150802A9A08DF82D30DEF756FE0028A0D1D8F8348768
S3150802A9B0B8F1000F3FF40EAF102241462046DDF7EC
S3150802A9C03FF9002893D1D8F81480F1E70B4652696B
S3150802A9D0D9E74FF608725BBAADF82C202046042256
S3150802A9E00BA9ADF82E30DDF72BF9DDE742F2094364
S3150802A9F0DFF8CC81ADF82C30D8F8840FDCF722FECC
S3150802AA00D8F8982FD8F8943FCDF82E001344D8F8E2
S3150802AA109C2FD8F8A80F1344D8F8A02F1344D8F8B7
S3150802AA20A42F13441844DCF70DFECDF83200D8F8EB
S3150802AA305C0FDCF707FECDF83600D8F86C0FDCF7AA
S3150802AA4001FECDF83A00D8F8700FDCF7FBFDD8F80E
S3150802AA508C3FCDF83E00D8F8880F1844D8F8903FB6
S3150802AA601844DCF7EFFDCDF84200D8F8280FDCF7DA
S3150802AA70E9FDCDF84600D8F82C0FDCF7E3FDCDF852
S3150802AA804A00D8F8640FDCF7DDFDCDF84E0069E719
S3150802AA90DFF8148198F8591008F15800F3F7F4F81A
S3150802AAA0D8E9540144F22223ADF82C30B8F8103113
S3150802AAB05BBAADF82E30B8F812315BBAADF8303061
S3150802AAC0B8F814315BBAADF83230B8F816315BBA59
S3150802AAD0ADF83430B8F818315BBAADF83630B8F894
S3150802AAE01A315BBAADF83830B8F81C315BBAADF832
S3150802AAF03A30B8F81E315BBAADF83C30B8F858317E
S3150802AB005BBAADF83E30F7F771FCCDE91001D8E92A
S3150802AB104A01F7F76BFCCDE91201D8E94C01F7F7C0
S3150802AB2065FCCDE91401D8E94E01F7F75FFCCDE9DA
S3150802AB301601D8E95001F7F759FCCDE91801D8E909
S3150802AB405201F7F753FCCDE91A010BE72022192126
S3150802AB50164B2046DEF7A8FDC6E620221A21144B1C
S3150802AB60F7E710221B21134BF3E760222321124B2E
S3150802AB70EFE740221C21114BEBE740F21113ADF827
S3150802AB802C3000238DF82E30ECE6074B0122D3F841
S3150802AB9040140BA8E0F72FFE24219DF832300BAAA9
S3150802ABA08FE600BF4E3E0020C83F0020D8070408A3
S3150802ABB0D9070408DA070408DB070408F5F80308C6
S3150802ABC0C82F0020F7B5074612200E4608F017FBD5
S3150802ABD00546F8B1582330468DF80430DEF78AFB6D
S3150802ABE001A98DF805002846DEF734FD044658B952
S3150802ABF029463046DEF788FB044628B939462846F0
S3150802AC00F4F78CF9044610B12846DCF775FD2046A0
S3150802AC1003B0F0BD0324FAE77FB504462048DFF700
S3150802AC20C9FD012C17D014F0FD0F0CBF0125002514
S3150802AC30ED01092008F0E3FA044670B3194E012122
S3150802AC4096F85B20DEF740FD38B1204604B0BDE831
S3150802AC507040DCF751BDC025EBE7082303212046E7
S3150802AC6006F5C272DEF7F9FC0028EED12A460E2155
S3150802AC702046DEF729FD0028E7D1052212212046C3
S3150802AC80DEF72DFD0028E0D16846F1F7CAFB6946D2
S3150802AC902046F4F743F90028D7D104B070BD00BFA7
S3150802ACA04C410020C83F002030B5CDB00BA808F0B3
S3150802ACB047FB1F480BA9E0F75BF9B8B901A90BA82E
S3150802ACC0E0F7DEFB90B91B4901A8E1F74BF800282B
S3150802ACD011DD33210BA8E0F73FF934210BA8E0F781
S3150802ACE03BF9012214480BA9E1F778F81048E0F776
S3150802ACF0F1F94DB030BD05210BA8DFF7D1FF0028C9
S3150802AD00F4D0821C03AD00F112032C461068516878
S3150802AD10083203C49A422546F7D1084807A9F4F728
S3150802AD2055FB03A907A8DCF7BFFB0028D1D0DDE74E
S3150802AD30383D00201C3D00200C3D0020A03D00208F
S3150802AD4008B5817C11F0020FC1F340030FD011F050
S3150802AD5001030CD048F2FE02038823F47C53934283
S3150802AD6007D00549E0F79CFB80F00103DBB21846E1
S3150802AD7008BD0023FBE700BF104200202DE9F0477B
S3150802AD80D8B0054605A808F0C8FA0023A348EB8000
S3150802AD90AB6028618DF8BD30EDF7E4FC002855D08C
S3150802ADA09F4C05A9B4F8DE390C225BBAADF814300B
S3150802ADB04FF480732868ADF81830ADF81E30DCF70A
S3150802ADC03FFF0146002840F0EB802968D4F8480A7C
S3150802ADD04B89EB80F1F701F80146002840F0E08044
S3150802ADE0904B30A9042228683093DCF729FF0146E4
S3150802ADF0002840F0D58094F8563AD4F8586A043BAD
S3150802AE00012B40F241823246D4F8F8C9D4F8FCE95B
S3150802AE10854FC4F8F009C4F8F409002A40F0CC803A
S3150802AE20002E40F0F6802B79002B40F01A814FF461
S3150802AE307A79D4F8586ADFF8F081002E00F0118189
S3150802AE40F37D062B00F0F081F669F6E77E230B20E8
S3150802AE5030AA10A9ADF8C03002F0F8F9002840F07F
S3150802AE60A380CDE930003290704930A89DF8BD60C4
S3150802AE70FCF78AF805F1100808AC28BB26B306F1D8
S3150802AE80FF3910AB13F80930C4E90000A060002BA3
S3150802AE9060D104AF2046664A6649009710AB06F0B1
S3150802AEA0C7FE00283BD1614930A8FCF76DF828B9DE
S3150802AEB0D4E9001230A807F096F8E8B130A8FCF7F2
S3150802AEC0EDF82046FCF7DBF82023CDE90143012300
S3150802AED047F21211584A009340464FF44053F7F787
S3150802AEE0BFFBEDF7D1FA002854D10B2002F044F843
S3150802AEF00C287FF455AFFEE72046FCF7C0F8DDE9DB
S3150802AF003030002B44D01B78023B032B28BF00208D
S3150802AF10202260300DEB0201E5F716F9D4E710F5A9
S3150802AF209C5FD1D010F5845FCED110AB13F80930EF
S3150802AF3083B92046414A4249009710AB06F078FE8B
S3150802AF4028B9D4E9001230A807F046F9B5E710F592
S3150802AF50845FB9D1324610A930A807F03DF9002816
S3150802AF60CDD030A8FCF79AF80023304930A8CDE9AD
S3150802AF7030333293FCF708F830B9324610A930A8B4
S3150802AF8007F031F80028BAD030A8FCF787F89BE713
S3150802AF901846BDE72869EDF7F6FB01460028A4D056
S3150802AFA0084658B0BDE8F0872869EDF7ECFB01467C
S3150802AFB000283FF4F5AEF3E7136A33F0004014BFF6
S3150802AFC001466146536A1062D07DB94228BF3946A6
S3150802AFD0002B08BF7346032803D0052809D0012889
S3150802AFE015D1D4F8F00910B1814200D0FEE7C4F8B1
S3150802AFF0F019BB4228BF3B468B4238BF0B46D4F8F2
S3150802B000F41911B18B4200D0FEE7C4F8F439D269BB
S3150802B01003E7F37D062B15D1F66901E7070002005F
S3150802B020C82F0020000600019AC42000A8080408B8
S3150802B030311904084E190408FF0600066D1904089A
S3150802B040871904083046FBF7ABFB0028E4D02946EB
S3150802B0503046FBF717FE01460028A1D12B79002BB3
S3150802B060DAD0D4F8F029D4F8F839A549002A08BF65
S3150802B0701A46D4F8FC09D4F8F4398A4228BF0A4693
S3150802B080002B08BF03468B4228BF0B46C4F8F43987
S3150802B0909A4294BFC4F8F029C4F8F0392846FBF757
S3150802B0A0B3FD0746014600287FF47AAF4FF0FF2327
S3150802B0B03093DCF7C7FA30A9319006460A22286887
S3150802B0C0ADF8C870DCF7BCFD014600287FF468AF0E
S3150802B0D06B8994F8557A01336B81002F00F0098148
S3150802B0E0D4F83477A4F8E009002F40F0DA80B4F8EF
S3150802B0F0E0399BB929468348FBF79EFD014600289D
S3150802B1007FF44EAF804A92F87B3243F0020382F80C
S3150802B1107B32B4F8E0390133A4F8E0392846FBF764
S3150802B12073FD014600287FF43BAF784B0893FBF783
S3150802B13028FBDCF787FA764B09900A9340F6035305
S3150802B14008A90E222868ADF82C30DCF779FD0146ED
S3150802B15000287FF425AF286904AA30A906F0A6FEBE
S3150802B16007460DF1C1030DF1400C0DF2011E6246B0
S3150802B17018685968083303C273459446F7D13846A6
S3150802B180EDF782F9014600287FF40AAF40222868C3
S3150802B1900DEB0201DCF754FD014600287FF400AFEF
S3150802B1A06B89286801339BB26B815BBAADF81C3098
S3150802B1B005AA0C23DCF702FD2868F0F703FE014610
S3150802B1C000287FF4EDAE534B11961093C6F307464B
S3150802B1D0514BD4F8F00966F07F0630938DF8466035
S3150802B1E0DCF730FAD4F8F46931903046DCF72AFAFB
S3150802B1F04FF44063329010A90A222868ADF8483005
S3150802B200DCF71EFD014600287FF4CAAE30A90C22DF
S3150802B2102868DCF715FD014600287FF4C1AE2846EA
S3150802B220FEF706FB0146BBE63046FBF7B9FA0028ED
S3150802B2303FF40AAE376AD4F8F83937F0004708BF40
S3150802B2401F46D6F818A0DCF77FF9474528BF4746B8
S3150802B25009FB07F7A0EB0A0010EB57003FF5F4AD20
S3150802B260F37D2946022B18BF0223304618BFF37511
S3150802B270FBF708FD014600283FF4E6AD90E6336A7F
S3150802B28043F000433362F669002EF8D194F8DD39AB
S3150802B290C4F8F069DB0658BFD4F8FC69C4F8F46947
S3150802B2A0FCE63846FFF74CFD90B129463846FBF7CF
S3150802B2B0C3FC014600287FF473AEFB7C43F002030D
S3150802B2C0FB74B4F8E0390133A4F8E0397F690BE777
S3150802B2D0FB7C60F34103FB74F8E7D4F8500A29466D
S3150802B2E000EB0310FBF7A8FC0137014600287FF4A0
S3150802B2F057AE94F8542AFBB29A42EED80EE700BF2C
S3150802B3009AC4200030420020C83F002000190001DC
S3150802B31000440201002904F80002000800232DE96E
S3150802B320F04106460F46ADF5067DDFF858800093D4
S3150802B33005AD01A8EDF778FF6946404601AA0395CF
S3150802B34003F0A1FE044608B1172415E04AF6AA73CB
S3150802B35069682A7A9942ECD133799A42E9D13068F6
S3150802B3600DF11D0112F05BF90028E2D195F80631BC
S3150802B370DB07DED52B783B7020460DF5067DBDE84A
S3150802B380F08100BFFC4200201FB50C4B0146B3F802
S3150802B39058244FF6FE739A420DD001230DF1070287
S3150802B3A002A88DF8073002928DF80C30FFF7B6FF27
S3150802B3B005B05DF804FB1720FAE700BFC83F002076
S3150802B3C02DE98048AFB0E6F7D9FADFF8B482AB4B7D
S3150802B3D01B6803F5005292F83826002A74D1A74B47
S3150802B3E000241B6810940193012388F8803098F88A
S3150802B3F0803003F0FF0753B180222146A04811F09E
S3150802B400DBF8A048C568002D71D188F88050EDF7A1
S3150802B4105BFEEFF3108072B69B4B5D8812F0CAFD95
S3150802B420002D40F0D1804FF4F85012F021F918B3EC
S3150802B4304FF4807012F01CF9944E0446002800F06E
S3150802B4400D86336829461B684FF480701B78904C2A
S3150802B45013F0200F08BF002412F0F2F82A46002340
S3150802B4603068C0E90433836A03F5005393F8383623
S3150802B47013B1214605F0F6FC864B186820B103681D
S3150802B480022B01D1EDF794FA8349A1F12400ECF7D6
S3150802B490CFFF002800F007867F49A1F12400ECF7C8
S3150802B4A0C7FF0446002840F008867C49A1F124001B
S3150802B4B0ECF7BEFF0446002889D020467849ECF707
S3150802B4C0CDFF20467549F3E700255C685D60002CD0
S3150802B4D085D06068844204D120462368656098470F
S3150802B4E07DE743686360036845609847F1E7802211
S3150802B4F06349006810ABA84788F88040002886D1BF
S3150802B500BDF840605E4DDFF8B891664C4644AE42DF
S3150802B5107FF67DAF2B780D2B28D011D8082B11D0AA
S3150802B5200A2B1FD02388B3F5FF7F48D80121284666
S3150802B53008F0C1F823882A78591C218043440EE072
S3150802B5407F2BEFD12388002B39D00321564808F0E8
S3150802B550B2F800222388013B9BB22380434483F836
S3150802B56082202CE098F881300D2B28D002214846FB
S3150802B57008F0A1F800221046238808EB030181F897
S3150802B58082204A4919442BB902B12380484B1868CC
S3150802B59080B9FEE711F801CDBCF10A0F02D0BCF161
S3150802B5A00D0FF1D15A1E93B218FA82F282F882006E
S3150802B5B03A46E8E73D49EEF779FC0023238015F879
S3150802B5C0013B88F88130A2E74FF0000388F88232FF
S3150802B5D0EFF3108072B62C4B5A8812B912F0EAFCB5
S3150802B5E0FEE7294C013A2388254604EB8301D1F864
S3150802B5F00C90A1880133B3FBF1F401FB14336A8082
S3150802B6002B8012F0D7FCB9F1000FE9D0294D99F831
S3150802B6100C30EA7DC3F3800363F34102EA7599F8B5
S3150802B6200C30002003F0FB0389F80C30EA7DDB09B5
S3150802B63063F30002EA7599F80C3003F07F0389F880
S3150802B6400C3099F80130AB714B4613F80C2BAA80D3
S3150802B6502B6099F90330184A6B75137099F8023002
S3150802B660164AAB751370D9F80430D9F80810AB62CC
S3150802B67012F09CF8019B2BBBFEE700BF244C00206E
S3150802B68048590020081A00206C1F0020641900205F
S3150802B690E01E0020841900203018002054180020CB
S3150802B6A0C1640008284C0020661A0408CA590020FA
S3150802B6B0E84C0020101F0020411F0020401F0020D8
S3150802B6C0641A04089B4B28461A789B682A752B61CC
S3150802B6D0DEF71DFF88B10378C3F38302032A0CD170
S3150802B6E09F070AD4286808F02DF8AC8800F4405061
S3150802B6F0092C02D9002800F0DA82019B03F50053CF
S3150802B70093F83836002B00F0D2828B4C98F8827266
S3150802B710D4F89C3E002B00F0C28087B3B4F87C3E76
S3150802B7209E0606D5EB7D980703D5297D286901F083
S3150802B730FDFC00238DF824308DF83030D4F8683FAC
S3150802B7400133C4F8683F083F152F00F27D81DFE810
S3150802B75017F067047B017B017B017B017B017B017F
S3150802B7607B017B016D0473047904E4007F04C7003E
S3150802B7707B017B017B017B017B017B013902394617
S3150802B780D4F8A02E6D489847B4F87C3E990608D599
S3150802B790EB7D9A0705D5297D286901F0C7FC002F9C
S3150802B7A0C7D1B4F8E83E002B40F0838001F02EFCA6
S3150802B7B000238DF824308DF83030D4F8683F0133F1
S3150802B7C0C4F8683F94F8483ED90740F13D815B4882
S3150802B7D0DEF77FFE07460028B5D107A95748DFF7E7
S3150802B7E01DF856480AA9DEF7F1FF9DF824A0BAF11A
S3150802B7F0000F65D007A802F0BBF806469DF830B0E0
S3150802B800BBF1010F5ED0BBF1020F6FD04B480DF1B1
S3150802B8100E01DEF7D7FB48B94FF6FF72BDF80E30B8
S3150802B820934203D0B4F8502E9A4259D1BAF1010F75
S3150802B83063D0BAF1020F6AD05946BDF8280007F05C
S3150802B840ADFD00286FD0D4F8703F0133C4F8703FBD
S3150802B850286807F092FF002800F01381374804A9E8
S3150802B860DEF74EFC9DF81030052B40F0D98310A95F
S3150802B8703248DEF765FC314805A9DEF751FC9DF82A
S3150802B88014B0BBF1080F5FD0BBF1100F00F0978020
S3150802B890BBF1000F40F0C483294A07A991E0B4F826
S3150802B8A07C3E9E067FF57BAFEB7D9B077FF577AFE8
S3150802B8B071E7EB7D980744BFAB68C4F8F83E75E7B5
S3150802B8C056469BE7BDF82830B4F8822E9A429DD098
S3150802B8D094F8482E520703D54FF6FF72934295D035
S3150802B8E0D4F88C3F0133C4F88C3FE0E115490AA825
S3150802B8F0DEF72CFF002889D1F2E7002E00F0A2839A
S3150802B9003068716807AB03C302238DF824300D49EA
S3150802B91007A8DEF71BFF00288ED0D4F89C3F013318
S3150802B920C4F89C3FC3E1D4F86C3F0133C4F86C3FBA
S3150802B9308EE700BF604F0020C82F0020101F00208E
S3150802B940F03D00204E3E0020002E00F06983B448E8
S3150802B9500DA9DEF752FD9DF83430D4F8DCAD013B73
S3150802B960DBB20AF07F0293428DF8343022D00AF114
S3150802B970FF3202F07F018B421ED00AF1010A0AF059
S3150802B9807F02934240F04C83A64AB37F03F00F032B
S3150802B990072B0DD1B369534500F2428308D1109B98
S3150802B9A0F168581C814200F01381994200F23883EB
S3150802B9B007A908E09C4AE8E792469C4AE5E79C49BB
S3150802B9C09C4A4FF0000A9648DEF748FE002840F0E7
S3150802B9D02783BBF1080F54D1B37FDFF860B203F0B7
S3150802B9E00F03072B36D09BF85030DB0700F1FB809C
S3150802B9F0002730468A4901F009FED5F800A05046CC
S3150802BA0007F0BBFE002844D085480DA9DEF788FB5F
S3150802BA109DF83430082B3CD1B37F03F00F03062B75
S3150802BA2004D0072B35D0012B40F00C839AF800304E
S3150802BA3003F00703032B07D110A801F063FF18B917
S3150802BA409DF84030042B24D0D4F8A83F0133C4F81B
S3150802BA50A83F2CE1B369726953451CBFC6F818A002
S3150802BA603061109B0133934288BF7361F360D4F847
S3150802BA70DC3D9A45B7D9032251466F48F1F726FFAE
S3150802BA80B1E76E4B93F85030D80700F1AC80002E20
S3150802BA90AFD194F8493E022B00F0B580062B00F090
S3150802BAA0CF80012B40F0D980D5F800A09AF8001073
S3150802BAB011F0070140F0A780D4F87C3F0133C4F89F
S3150802BAC07C3FD4F8703E002B7AD010AE3C2230462A
S3150802BAD08DF83C1010F070FD9AF800305B076FD1B4
S3150802BAE00DF1340A51464E48DEF798FE002867D112
S3150802BAF09DF83C30022B63D19AE8030086E80300DE
S3150802BB0047480DF17201DEF7C5FA20B144480DF136
S3150802BB107201DEF757FAAB7941488DF876306B7DBC
S3150802BB208DF87730AB7D8DF87830DEF702FD8246E8
S3150802BB303B48DEF7ECFCBAF11D0F05463AD940F64A
S3150802BB40FF7302889A4235D183789BBBC3788BBB35
S3150802BB500379032B2ED142799DF87930120962F3C3
S3150802BB6003038DF87930427905A962F386138DF8B5
S3150802BB70793043799DF87920C3F3C00363F304123D
S3150802BB80831D0593102312A88DF879208DF8183095
S3150802BB90DFF77FFF12A810F013FE014612A8DCF7A2
S3150802BBA077FD68B1D5F81630CDF85930D5F81A3080
S3150802BBB0CDF85D303046D4F8703ED4F8741E9847F6
S3150802BBC0002F74D0D4F8903F0133C4F8903F6EE04A
S3150802BBD094F8493E062BF5D1184B1D2793F8503099
S3150802BBE0D9077FF506AF154B286893F850206FF3EF
S3150802BBF0C60283F8502007F0A5FDC2067FF547AFB7
S3150802BC0007F09EF843E794F8582E94F8523E9A4263
S3150802BC1023D0D4F8843F0133C4F8843FD0E700BF69
S3150802BC20101F00208C3E00207C3E00206C3E002027
S3150802BC305C1A04087C3F0020A03D0020C83F002073
S3150802BC409DF830303BB1A848DCF7E5FE002384F8BE
S3150802BC50493E04F059FD002FB4D12B681E7806F030
S3150802BC600706012E00F0C680032E07D0002ED0D17B
S3150802BC70D4F87C3F0133C4F87C3F22E010A801F0D7
S3150802BC8041FE9DF84030042B16D0072B40F0AC80BD
S3150802BC90D4F8803F0133C4F8803F94F8483EDC0765
S3150802BCA005D5D80603D531469048DEF7FDF848464D
S3150802BCB007F08CF8FFF7ADBBD4F8783F0133C4F828
S3150802BCC0783F00238A4E8DF868308DF872308DF8E9
S3150802BCD0B030337A990740F183808648DEF717FC3D
S3150802BCE082468448DEF725FC18A9ADF84400814847
S3150802BCF0CDF840A0DEF792FD002871D10DF16A0158
S3150802BD007C48DEF763FD0146002869D1182212A88D
S3150802BD1010F052FC774812A9DEF7BCF918B175483B
S3150802BD2012A9DEF74FF973480DA9DEF74BF918B1D8
S3150802BD30BDF84830ADF834304FF6FF72BDF83430EE
S3150802BD4028689A1A534253419DF84D2063F34102DB
S3150802BD508DF84D2007F011FD80B166480DA9DEF772
S3150802BD60DFF99DF8343013F0F70F0CBF01220022D9
S3150802BD709DF84D3062F300038DF84D30AB79DFF84C
S3150802BD807CA18DF84A306B7D8DF84B30AB7D8DF8F2
S3150802BD904C30D6F8D834534512D09DF84D30DB07CF
S3150802BDA00ED596F85930022B0AD118A801F0E0FDF3
S3150802BDB0AAF58A63834203D1AAF10800F1F704F9C6
S3150802BDC02B681B7803F00703012B09D1BDF8442021
S3150802BDD0109B042A14D91A7802F0C002802A10D1BC
S3150802BDE04248DEF71EF8EBE6D4F8843F0133C4F87E
S3150802BDF0843F66E7D4F8743F0133C4F8743F60E7BA
S3150802BE007ED11A7802F0D802C02A7CD1002310A962
S3150802BE1005A80493F1F7FAFE002840F0DC80BDF885
S3150802BE201850002D40F0A480BDF8146004AA3146CB
S3150802BE3010A803F03DFB002840F0CD80049D6B89D5
S3150802BE40B34200F2C88031462846DBF777FC002861
S3150802BE5040F0C180BDF8163028466B61F1F7E6F866
S3150802BE60BDF8483005F12C006B829DF84A302B72DA
S3150802BE709DF94B10F1F71EFE05F12E009DF84C10A8
S3150802BE80F1F73DFE9DF84D302846C3F3400203F014
S3150802BE9001035B0043EA0223AA8822F48172134350
S3150802BEA0AB8003F021F8002840F0958094F8483ECC
S3150802BEB0580704D42B79990701D501F018FE0E48C4
S3150802BEC0294601F0FFFD002001F0C4FE049DAA895F
S3150802BED06B899A4284D329460748DCF7A9F828468B
S3150802BEE008F022FC7CE700BFE03E0020103E00205E
S3150802BEF0C83F0020101F0020A83F002098440020B9
S3150802BF00002A3FF46DAF1B7803F0E003602B7FF441
S3150802BF1067AF00210DAA10A80D9103F0C9FA28BB34
S3150802BF200D9DBDF8483005F12C006B829DF84A300C
S3150802BF302B729DF94B10F1F7BDFD05F12E009DF808
S3150802BF404C10F1F7DCFD9DF84D302846C3F340024C
S3150802BF5003F001035B0043EA0223AA8822F48172F2
S3150802BF601343AB8002F0C0FF0028B8D00D9833E027
S3150802BF70D4F8E01F0DA807F078FA0D9BFBB1BDF8BF
S3150802BF8014205989914215D1BDF816005A69824280
S3150802BF9010D19A8995420DD1BDF844202A448A4285
S3150802BFA008DC19799DF84D20C1F3400102F001021F
S3150802BFB0914203D00DA8DBF799FBDEE7049394F8C8
S3150802BFC0483E049D5A070DD475B99DF84D30DB07D6
S3150802BFD001D501F08CFD049800283FF401AFDBF788
S3150802BFE08BFBFDE6002DF6D0BDF84430109A2846A4
S3150802BFF0A989DBF7E3FD2846BDF84410DBF723FCE5
S3150802C0009DF94B1005F12C00F1F754FD05F12E00B0
S3150802C0109DF84C10F1F773FD2846F1F707F855E736
S3150802C020D4F8A03F0133C4F8A03F40E6D4F8A43FB1
S3150802C0300133C4F8A43F3AE6D4F8943F0133C4F86E
S3150802C040943F34E6D4F8983F0133C4F8983F2EE675
S3150802C050D4F8883F0133C4F8883F28E64FF40070C5
S3150802C06011F006FB054638B121464FF4007011F06F
S3150802C070E7FA0F22FFF7F3B94FF4806011F0F8FAE6
S3150802C080044640B129464FF4806011F0D9FA2C468D
S3150802C0900E22FFF7E4B901464FF4805011F0D0FAA8
S3150802C0A00B22FFF7DCB90949A1F12400ECF7C0F924
S3150802C0B000287FF4F1A9FFF78AB920460449ECF76C
S3150802C0C0CDF920460349FFF7EAB900BF5418002004
S3150802C0D0A96400083018002000F0F003E02B19D1FB
S3150802C0E000F00E000E2819D8DFE800F00918081823
S3150802C0F00E18101818181818181812002B2008707D
S3150802C100002070471120FAE72C20F8E73C20F6E7D2
S3150802C1102920F4E700F0F800F028F3D0062070474B
S3150802C120F7B500F1310525F00105AB8904460B2B5D
S3150802C1300F4616463DD8C3F10B031B010C29DBB289
S3150802C1401DD8C9B20DF101020B4369468DF80030BC
S3150802C1506389521A3B4413FA82F3B3F5007F26D257
S3150802C160204692B2DBF76CFD38B90B233A463146C4
S3150802C1702046AB81DBF764FDE8B103B0F0BDB1F54B
S3150802C180867F07D8A1F10D028DF801200D210DF148
S3150802C1900202D9E76FF486728A18C2F307218DF86C
S3150802C1A001108DF802200E210DF10302CCE70320BF
S3150802C1B0E3E70720E1E763892B82DEE773B51546D5
S3150802C1C0044678B10222DBF7F9FA02216846ECF74F
S3150802C1D0C7FB022269462046DBF710FB30B1204630
S3150802C1E0DBF78AFA0024204602B070BD114B53F8D9
S3150802C1F025502B461E4613F8012B7AB9284610F00D
S3150802C200DFFA2A4681B22046FFF78AFF0028E6D1DE
S3150802C2102046DBF70DFE0028E5D0E0E72F2AE9D114
S3150802C220711B2A46204689B2FFF77AFF0028D6D123
S3150802C230751CDEE7680A040813B50024182001A94C
S3150802C240019406F003FC00B10194019802B010BDF6
S3150802C250064890F8483EDB0705D500F6586100F611
S3150802C2605C60DDF733BD0B20704700BFC82F002086
S3150802C27010B50446E7F7FEFD002C00DAFEE72118A2
S3150802C2800248BDE81040DCF7CCBF00BFA43E002040
S3150802C290002200B589B0049209224FF400330792AE
S3150802C2A0ADF8180008AAADF80C0012E903008DE8EB
S3150802C2B00300029302AA07CAECF71AFD09B05DF851
S3150802C2C004FB2DE9F0431E4B054693F8383688469B
S3150802C2D0164685B093B3FFF7DBFF08B12D281ED1AA
S3150802C2E036B300244FF4003901AFCDF80490ADF807
S3150802C2F0085003946B4697E80700ECF7DEFC2D28F6
S3150802C30011D13846CDF80490ADF808500394ECF7ED
S3150802C310CDFC3346014642460A48F7F7A7FC2D28C4
S3150802C32007D9012007E00134092CDED1012000E0FB
S3150802C3302120054B185C05B0BDE8F0831120F8E70B
S3150802C340C83F0020981900200C1B04080CB413B52A
S3150802C3500B4C05AA2068019260B108300949DAF740
S3150802C360B7FA206800B9FEE70830DAF7C6FA236892
S3150802C37003B9FEE702B0BDE8104002B0704700BF3D
S3150802C380E84C00205DED030870B50C4600268B7953
S3150802C39086B005462A4904F108008DF804308DF85E
S3150802C3A00560DBF781F850B340F26D238DF80A6019
S3150802C3B0ADF80830234A02A892F83037591C8DF88E
S3150802C3C00B3082F83017F0F796F9831C13F007033F
S3150802C3D023D102A8F0F78FF902A902462846DBF70D
S3150802C3E089FD50BB0222284601A9DBF783FD20BB43
S3150802C3F0A388A0715BBA08335BBAA3801DE040F23A
S3150802C4006D43ADF8083040238DF80A300E4BB3F869
S3150802C4105C305BBAADF80C30CCE7C3F10803D9B28D
S3150802C42004A8F0F791F904A8F0F765F904A90246F9
S3150802C4302846DBF75FFD0028CBD006B070BD00BFEB
S3150802C44048420020C82F0020C83F002073B5054681
S3150802C45008460C46F1F700FC1F4B7DB9A27C6574B1
S3150802C46022F0030242F00302A27403F5127303CB0D
S3150802C470402320606160237402B070BDD3F8342370
S3150802C48093F838331344CDE9002301216846F5F7BA
S3150802C49080FF06460028EFD0F5F771FE0028F4D093
S3150802C4A0837803F00F039D42EFD1A37C214643F024
S3150802C4B00203A3748378A27CC3F3001363F3000216
S3150802C4C0A2748378304603F00F03637402B0BDE8A2
S3150802C4D07040F1F767BB00BFC83F00202DE9F0475F
S3150802C4E08CB004468A4618460DF1060190461D464A
S3150802C4F0DBF7F2F8074620B1062738460CB0BDE846
S3150802C500F087BDF8066006F46043B3F5C04FF3D171
S3150802C510330640F18F80284601A9DBF7DBF80028AD
S3150802C520EAD19DF804904FEA191009F00F0902A9F9
S3150802C530FFF78CFF484607A9FFF788FF2422002148
S3150802C540201D10F039F8002360226370A370E3708F
S3150802C55006F4C053B3F5C05F227036D0AB88002B01
S3150802C560CAD02B6830051B784FEA930303F03003D1
S3150802C57063700ED401A92846DBF7ACF89DF80420AF
S3150802C5802178C2F383030B432370637843EA821349
S3150802C5906370F10419D4AB88022BADD92B68627883
S3150802C5A01B7803F00F03134363702B68A2785B783A
S3150802C5B01343A3702B68E2789B781343E370AB8826
S3150802C5C02A68033B03322A60AB8016F4806933D1AA
S3150802C5D0284601A9DBF77EF800288DD19DF804309C
S3150802C5E0A3714B468AF8003006F44073B3F5007F10
S3150802C5F024D0B3F5407F23D0B3F5807F22D02846D6
S3150802C60001A9DBF767F800287FF476AF9DF80430B6
S3150802C610E37106F03003202B47D015D8EBB1102B67
S3150802C6203AD0730649D46FF0010323726FF07F0381
S3150802C63063721DE081467AE70123D3E74023E7E7E1
S3150802C640FF23E5E70123E3E7302BEAD1404604F16D
S3150802C650100202A9F1F7B1FAE3E7720608D410222A
S3150802C660284604F10801DBF721F800287FF444AFD5
S3150802C670310706F003026DD4022A4FD0032A56D098
S3150802C680012A25D073073FF537AF102204F11801A6
S3150802C6902846DBF70BF886E0082204F11001284643
S3150802C6A0DBF704F80028BCD026E7FF23E374FE2351
S3150802C6B00222237504F11601F1E79DF81A3098074C
S3150802C6C07FF51AAF02A904F10800EFF7BBFECFE720
S3150802C6D0082204F120012846DAF7E8FF00287FF449
S3150802C6E00BAF76072BD46FF0010323766FF07F0327
S3150802C6F06376B9F1000F3FF400AFAB88002B3FF425
S3150802C700FBAE2B680DF105011878FFF7E5FC00284A
S3150802C7107FF4F2AE9DF80530A371EEE6FF2384F8A6
S3150802C7202330FE2304F1260184F82430D3E704F1EA
S3150802C730200207A908F10A00F1F73FFACEE79DF8A9
S3150802C7402E3098077FF5D8AE07A904F11800EFF73F
S3150802C75079FECEE7FF237107237627D4022A0FD064
S3150802C760032A19D0012A90D1284604F11901DAF7C9
S3150802C770B1FF00287FF4C0AE052204F1230187E742
S3150802C780284604F11901DAF7A5FF00287FF4B4AEAA
S3150802C790032204F125017BE702232846637604F186
S3150802C7A02701DAF797FF0028A3D0A5E6002A7FF427
S3150802C7B0A3AE9DF82E309B077FF59EAE0222284631
S3150802C7C004F11901DAF772FF00287FF495AE9DF895
S3150802C7D02C300422E37607AB03CB2162E06104F135
S3150802C7E0240155E773B50C460023054669462046DB
S3150802C7F0ADF80230ADF80430DAF76CFFD8B99DF817
S3150802C800006006F0F803F02B15D12846DAF764FE25
S3150802C81006F00303022B3CD0032B4AD0012B2046F9
S3150802C8200DF102010AD0DAF757FF20B9204601A90D
S3150802C830DAF752FFA8B1062002B070BDDAF74CFF4C
S3150802C8400028F8D120460DF10101DAF743FF002846
S3150802C850F1D19DF801306FEA03536FEA1353ADF82D
S3150802C8600430BDF802305BBA2B80BDF804305BBADF
S3150802C8706B809DF800305B07DDD420460DF106017A
S3150802C880DAF72AFF0028D6D1BDF806305BBAEB8064
S3150802C890D2E720460DF10101DAF71CFF0028CAD1BA
S3150802C8A09DF801306FEA03536FEA1353ADF802306D
S3150802C8B0BCE720460DF10101DAF70CFF0028BAD1D0
S3150802C8C04FF2B0039DF8012043EA121102F00F025B
S3150802C8D0ADF802101343C2E72DE9F04F8FB00546B3
S3150802C8E0894690461C468789134604A80A460DF1CE
S3150802C8F00101FFF7F3FD00283FD12822284604A9A3
S3150802C900DBF79EF90646C0BB28212846DAF79BFFC5
S3150802C910B2469DF8013083B9002C00F0DB80283C32
S3150802C920E41B391D64BAA4B20223284602AA89B2B4
S3150802C930ADF80840DBF742F920E0B8F80420E2B186
S3150802C940D8F800100B7803F0F000E02840F09E803B
S3150802C95003F00E000E2815D100230131013A8DF895
S3150802C9600130C8F80010A8F8042023464246494672
S3150802C9702846FFF7B1FF0028CBD0062630460FB06F
S3150802C980BDE8F08F03F0010340460DF103018DF86F
S3150802C9900130DAF79FFE0028EFD19DF80330DB0756
S3150802C9A05FD540460DF10201DAF794FE0028E4D17C
S3150802C9B09DF80230B8F804105A1C9142DDD3D8F813
S3150802C9C0002001A9D05CFFF787FB0028D5D19DF886
S3150802C9D0023002220933DB08013B284601A98DF8F9
S3150802C9E00530DBF72DF90028C7D102212846DAF7E8
S3150802C9F02AFF28469DF80220D8F80010DBF720F90E
S3150802CA000028BAD19DF802B028465946DAF71BFF24
S3150802CA10B8F80430D8F80020A3EB0B035A440BF1FC
S3150802CA20020B1BF0070BC8F80020A8F804303FF4E5
S3150802CA3070AFCBF10801C9B202A8EFF785FE02A8CA
S3150802CA40EFF759FE02A902462846DBF7F9F800284D
S3150802CA5093D102A8EFF74FFE01462846DAF7F3FE0E
S3150802CA6057E7404601A9DAF735FE002885D1404640
S3150802CA700DF10201DAF72EFE00287FF47EAF9DF84B
S3150802CA800220B8F804309A42A1D976E703F0F803EF
S3150802CA90F02B7FF472AF414602A88DF801A0FFF78A
S3150802CAA0A1FE00287FF469AF8CB9B8F804300833C0
S3150802CAB008225BBA9BB228460DEB0201ADF80C3090
S3150802CAC0DBF7BEF800287FF458AF0821C5E7AB8923
S3150802CAD0E31AEDE7B8F80440AB89283C1C441FE783
S3150802CAE0144B10B493F8432093F8514002F0FC011A
S3150802CAF0FC291CBF043283F84320002808BF0820FB
S3150802CB0093F851201109814238BF014661F3071291
S3150802CB1083F8512093F85030DB0707D50F2C05D838
S3150802CB20012105485DF8044BDDF7F1B85DF8044BC1
S3150802CB30704700BFC83F0020004000202DE9F3419E
S3150802CB40064607200C4690461F4606F058FB054641
S3150802CB50002850D0224643460D21DCF77EFD0446C6
S3150802CB60002844D157B357238DF800307B79002B20
S3150802CB703BD00533DBB2694628468DF80130DCF72F
S3150802CB8069FD044698BB012128463A78DCF79CFDE4
S3150802CB90044660BB7B798BB10222284601A98DF82F
S3150802CBA004208DF80530DCF755FD0446F8B9284609
S3150802CBB07A79791CDBF744F80446C0B92846F1F7B6
S3150802CBC069F9044698B931462846F2F7A7F90446A0
S3150802CBD068B90A4B93F85B301B0702D40820FFF7A3
S3150802CBE07FFF204602B0BDE8F0810323C3E728464B
S3150802CBF0DAF782FDF5E70324F3E700BFC83F002012
S3150802CC00034B0146186800B9FEE7ECF758BE00BFA9
S3150802CC10E84C0020F0B5C3B00F46054601A81C46ED
S3150802CC20164606F08DFB0023394601A88DF8023117
S3150802CC30DEF7FAFD9DF802012318FE2B13D801AB85
S3150802CC402246314618440FF059FD9DF8023128460E
S3150802CC501C4401A98DF80241DEF7ECFA08B9C5E9C8
S3150802CC60090043B0F0BD0320FBE7FE2313B5ADF878
S3150802CC70023003680C460A4601930DF102010123AC
S3150802CC8001A8F5F735FC18B9BDF8023084F8FE306C
S3150802CC9002B010BD4FF440134FF4201230B58FB0D6
S3150802CCA00193039200230822044600910B7004ADF7
S3150802CCB00DEB02018DF810300295EFF7DEFC2A46DD
S3150802CCC06846238A0249DBF772FC0FB030BD00BF03
S3150802CCD0B21A0408024670B501F10805082411F8CB
S3150802CCE0010B538883EA002006B24300002E98B24D
S3150802CCF0BCBF13885840631E13F0FF04F4D1A9423F
S3150802CD005080EBD170BD38B503780446FF2B08BFB7
S3150802CD1091F825300D4604BF43F0100381F82530FB
S3150802CD20EFF7BEFB70B128460849DAF711FC204630
S3150802CD30103504F1100350F8042B984245F8042BD9
S3150802CD40F9D138BD2846F8F75FFFF0E71842002008
S3150802CD5070B506460C46DAF7F7FB054624B12046B7
S3150802CD600521DBF73FFA04462544756070BD0C4978
S3150802CD7091F85B3083F008029B07C2F3C0020CD419
S3150802CD8091F89E3013F00F0005D0B1F8A0000228E2
S3150802CD9094BF00200120104370470020FBE700BF24
S3150802CDA0C83F0020094A92F85030C3F34001814235
S3150802CDB00AD060F3410382F85030DB0704D501211B
S3150802CDC002F13800DCF7A3BF704700BFC83F002056
S3150802CDD007B5054B0F22009304491823DAF7EEFB31
S3150802CDE003B05DF804FB00BFF1710108E40304080F
S3150802CDF070B5461EC41C002206200D462B7801314A
S3150802CE00303BDBB2092B04D906F8012F58B10620AC
S3150802CE1070BD02EB820203EB42039AB2FF2A4FF07D
S3150802CE200000EAD9F3E7A642287803D02E28EED1E5
S3150802CE30691CE0E70028EBD0E9E72DE9F04F0B780B
S3150802CE4080463A2B0C4685B024D14B783A2B1DD115
S3150802CE50002602344FF0000927785FFA89F5002F79
S3150802CE604AD023464FF0000A1F4613F801BB03A90E
S3150802CE705846CDE90033DBF764FB68B99DF80C2008
S3150802CE80009B02EB0A1ABAF5803FEDD3062005B0DD
S3150802CE90BDE8F08FFF26DDE7A742F7D0BBF12E0FDC
S3150802CEA00CD1062DF2D82BD1214603A8FFF7A0FFF5
S3150802CEB00028ECD1039BC8F80C301FE0BBF13A0FEF
S3150802CEC002D0BBF1000FE1D1B9F1080FDED09AFA10
S3150802CED09AFA28F819A03B783A2B03D17B783A2B91
S3150802CEE004D001373C4609F10109B5E7FF2ECDD139
S3150802CEF00135EEB20237F5E7082D1DD10020C6E747
S3150802CF0001274FF0060AFF2EC0D0AD1BE8B2054630
S3150802CF1008EB4606AAEB000031466A0008EB400019
S3150802CF200FF0D2FBAAEB09020021304652000FF09D
S3150802CF3043FB002FE2D0B7E74FF0080AE3E70123E5
S3150802CF4003FA00F20448436C23EA0203436413B962
S3150802CF504830DBF760BD7047C81F002010B504468D
S3150802CF6090B001466846DFF70FF80D9B002B14BFF9
S3150802CF701846204610B010BD08B5074B93F8383648
S3150802CF8033B1FFF785F92D2804D8044B185C08BD80
S3150802CF901120FAE70120FAE7C83F00200C1B040813
S3150802CFA030B50446154A85B01068516802AB002CA4
S3150802CFB003C304F1FF350ED1114B07349A6CDB6CAF
S3150802CFC0CDE900232B4602AA12F8011D03F8011F18
S3150802CFD0A342F9D110E02A460A4B0B4913F8010974
S3150802CFE08B4202F8010FF9D1082220460DEB020105
S3150802CFF010F015FB0028DFD005B030BDBA1A0408B8
S3150802D0000080E00F0900E00F0100E00F38B5114C6F
S3150802D010B4F87C3E1B061BD5D4F8083F04F57060AD
S3150802D020834215D0A023B4F8E85E5D43DCF758F9CD
S3150802D030D4F8F03E04F67C605B1BC4F8F03ED4F8E4
S3150802D040F43E5B1BC4F8F43EBDE83840DDF74EBC3F
S3150802D05038BD00BFC82F0020F8B5194B9F79EBF7EA
S3150802D0608EFC10B17F252846F8BD164E35681DBBC5
S3150802D0701820FFF7E1F88782802705604571077156
S3150802D080857185600446EBF701FDC0001028D6BFFE
S3150802D09010230123B3FBF0F327742046E360EBF772
S3150802D0A07DFD48B934602368012BFCD025792046DA
S3150802D0B06DB2EBF77DFCD6E70248EBF763FCD1E7E6
S3150802D0C0101F002084190020094B07B5D3F8702ECB
S3150802D0D05AB17F2809D093F8581E8DF805008DF8A5
S3150802D0E0041001A8D3F8741E904703B05DF804FB38
S3150802D0F0C82F002073B50A4E0A4D314604462868E1
S3150802D1000FF0FAFBEBF7C2FC074B01940093C2003F
S3150802D1100123314628680FF0DFFB02B070BD00BF5D
S3150802D1206C1900205C190020098A010838B50E4DD1
S3150802D130044695F8D83E8B4214D1D5F8003E98425B
S3150802D14009D3D5F8082E431C9342C5F8003E02D3EC
S3150802D1500648F0F7DFFDD5F8D43E9C4224BF0134D9
S3150802D160C5F8D44E38BD00BFC82F00202040002085
S3150802D1702DE9F84F13F0010804460E4617461D46D8
S3150802D180DDF8289002D1043B0C2B55D9FEE7104650
S3150802D1901B0A421C002BFAD1C0B2022838BF022051
S3150802D1A0C0F10F0A022818BF5FFA8AFA331E18BF9F
S3150802D1B00123AA1E013852109B015FFA80FB43EA3B
S3150802D1C0C2034BEA030352464946237404F111008B
S3150802D1D00FF094FA3A460F2304F120019A452ED30A
S3150802D1E004F1100211462046DCF7E8FA26B14FF0A0
S3150802D1F00208637C734063745246494684F820B039
S3150802D20004F121000FF07AFA0AF121000021CAF18D
S3150802D2100F0220440FF0D0F90023C4E91137E36462
S3150802D220102384F854A084F855502664A4F8508034
S3150802D230A4F85230BDE8F88F13464046A9E7013BE9
S3150802D24001F8012DDBB2120AC8E770472DE9F0474B
S3150802D2502F4B804693F83836894616468AB0002BF5
S3150802D26054D000234FF4003A0693CDF810A0ADF837
S3150802D270140004AACDE9003307CA6B46EBF71DFD75
S3150802D2800446002838D1009F002F33D0384601A91A
S3150802D29005F0DCFB044678BB019D4DB3099007A84F
S3150802D2A0ADF82080CDF81CA0EBF700FD03AB0146D4
S3150802D2B0804602AA1748F5F787FF0446E0B92A46C8
S3150802D2C04146039B1348F5F7F5FE0446A0B9328892
S3150802D2D02946BA4228BF3A4648460FF00FFA284668
S3150802D2E03780F8F723F80C4B185D0C280BD1FEE7AC
S3150802D2F00124F8E72D24F6E7019808B1F8F716F89D
S3150802D3002D2CF0D901200AB0BDE8F0871124EAE7EE
S3150802D310C83F0020981900200C1B040837B526259B
S3150802D32000212A4604460FF047F9022384F82430DE
S3150802D3300023214684F825300DF106020320ADF8B4
S3150802D3400650FFF783FF03B030BDF7B516460D4604
S3150802D3500DF10602314607461C46ADF80630FFF7C0
S3150802D36075FF48B9BDF80630A34205D122463146B3
S3150802D370284610F054F948B1224629463846FEF79F
S3150802D380A0FF0C2800D1FEE700B1FEE703B0F0BD0E
S3150802D390F0B52024CDB02B4B054612A80F460193B3
S3150802D3A006F014F807200AAA02A9ADF82840FFF7E2
S3150802D3B04DFF70B1214602A8EBF7D2FA18B1214601
S3150802D3C002A8EBF7CDFA202307200AAA02A9FFF73B
S3150802D3D0BCFF4FF4807612A8DCF72CFC2A7C29467F
S3150802D3E00732D20812A8DCF733FC042212A80DEB86
S3150802D3F00201DCF72DFC0122394612A8DCF728FCCB
S3150802D400202202A912A8DCF723FC0AA912A8DCF733
S3150802D41045FC0AAB03CBA860E96005F10800EEF704
S3150802D420CAFF044638B13B78013E0133B6B23B70B7
S3150802D430002ED0D1012412A805F0BEFF20464DB019
S3150802D440F0BD00BF7770616E08B5002814BF0220D0
S3150802D450012091F8FE20FEF734FF0C2800D1FEE7E2
S3150802D46000B1FEE708BD4FF41603F0B5ABB00446AB
S3150802D470039300230D46164604AF4322134902A816
S3150802D4808DF810300297DBF792F80E212046DAF76C
S3150802D490B7FE0F4B0E22034400930E49234602A8F9
S3150802D4A00D4CDBF784F83246294602A8DBF75EF80C
S3150802D4B021460A4A02A8DBF77AF83B462246102199
S3150802D4C00120FEF743FF2BB0F0BD00BFC31A0408C4
S3150802D4D03A1B0408C91A04085DED0308781B0408F8
S3150802D4E00EB403B5054904AA05480192FFF7BBFF26
S3150802D4F002B05DF804EB03B0704700BFD21A040805
S3150802D500491B0408044890F85030DB0703D501216B
S3150802D5103830DCF7FCBB7047C83F0020064890F855
S3150802D5205930022B06D190F85B309B0702D458304B
S3150802D530F1F73CB9704700BFC83F002010B4124C3F
S3150802D5400246D4F834070021034613B95DF8044BA2
S3150802D55070479A4207D019465B69F6E74B6943B1A9
S3150802D5605B694B6105E00029F8D110B14369C4F83B
S3150802D5703437D37C00216FF3410304485DF8044B2A
S3150802D580D374EFF7ECB800BFC82F0020FC36002092
S3150802D590074BD3F8343723B91720B0FA80F040097D
S3150802D5A07047984201D05B69F5E70020F5E700BFAE
S3150802D5B0C82F0020024608B5C37CDB0741BF0A4BC9
S3150802D5C003CB106051601046FFF7E2FF58B90748CF
S3150802D5D00121D0F8343700F234705361BDE80840AF
S3150802D5E00260EFF7BCB808BD10420020C82F002021
S3150802D5F0054B9A6A02439A62DA6A024303F13000D9
S3150802D600DA62DBF773B800BFC81F002073B50D4690
S3150802D610044690F8246091F915102230F0F781FA41
S3150802D6202B6800211A7895F9153002F00702009343
S3150802D630AB7D2046F0F700FE0C4B06F0030693F886
S3150802D6405920022A0FD103F1800294420BD193F892
S3150802D650A43003F00303B34205D04FF0004002B0F2
S3150802D660BDE87040C4E702B070BD00BFC83F0020E5
S3150802D670F7B5054601290CBF4FF480504FF4005008
S3150802D6800C461746FFF7B4FFAE68AEB138460097A8
S3150802D690EEF7DBFEBDF8042000F00F031B0222F4AE
S3150802D6A07F5222F03F0243F0800313432146684625
S3150802D6B0EA68ADF80430B04703B0F0BD084902463F
S3150802D6C0D1F8380703462BB91061C1F8382705483F
S3150802D6D00121CDE79A4201D01B69F4E7704700BFE2
S3150802D6E0C82F0020FC36002010B40F4C0246D4F88E
S3150802D6F038070021034613B95DF8044B70479A426E
S3150802D70007D019461B69F6E70B6943B11B690B611A
S3150802D71005E00029F8D110B10369C4F838370021A9
S3150802D72002485DF8044BA3E7C82F0020FC36002008
S3150802D730024BDB6A184200D15AE77047C81F00201D
S3150802D74008B510B1182806D008BD4FF48030FFF787
S3150802D7504FFF0020F8E74FF48030FFF7E9FFF8E7BC
S3150802D76010B51F4C94F8483EC3F38002824235D066
S3150802D77060F3820384F8483E70B994F8483EC3F3CE
S3150802D780C00394F88E2E174863F3000284F88E2E8F
S3150802D790BDE81040DCF745BBB4F84A3E590609D540
S3150802D7A004F61870DBF737F9B4F84A3E23F040035B
S3150802D7B0A4F84A3E94F8493E062B08D10A48DBF7F4
S3150802D7C02AF90023094884F8493EDAF78FFF94F8C4
S3150802D7D0482EC2F380035207CFD5D2E710BD00BF49
S3150802D7E0C82F0020103E0020E03E0020D83E002030
S3150802D7F008B50848DBF70FF9074B93F843206FF390
S3150802D800870283F84320B3F8502002F08002A3F877
S3150802D810502008BD0C400020C83F002010B5044621
S3150802D820FFF79EFF34B1FFF7E3FFBDE810400D484E
S3150802D830DBF7F1B80C4890F85030D9070CD490F8B9
S3150802D8405B20120700D5FEE743F0010380F850304B
S3150802D85001213830DCF75BFABDE810400348EFF7E0
S3150802D860B3BB00BF98440020C83F00209044002064
S3150802D8700D4A0E4B506EA2F58051984228BF1846A3
S3150802D8804FF47A7391F8681E5843C90708D5926E01
S3150802D8905A43904228BF1046834238BFC01A70477F
S3150802D8A04FF47A63F8E700BFC83F00209BC4200004
S3150802D8B070B50B4CE36C04F14405AB420ED0FFF78E
S3150802D8C0D7FFE66B864209D1D9F73EFEE26BA06323
S3150802D8D001462846BDE87040DBF724B870BD00BF94
S3150802D8E0C83F002008B5054B01461880044B0022A4
S3150802D8F018680FF04DFA00B1FEE708BD6461002012
S3150802D9005C190020F8B50E4E05463046DCF7A9FD2F
S3150802D910FF28044612D03768384605F024FF08B9AE
S3150802D920013CE4B20648DCF78DFDB288631C034469
S3150802D930934203DC00203B5D2B70F8BD0620FCE712
S3150802D940101F002010B508490446F0F721FC40B91B
S3150802D95020460649F0F71CFC0028044808BF0020A8
S3150802D96010BD0148FCE700BF484000205441002092
S3150802D97007B5037A012B0DD10388002001220190F5
S3150802D98068468DF80020ADF80230FFF7DBFF03B0DA
S3150802D9905DF804FB022B18BF00204FF6FE73EDE775
S3150802D9A01FB5002348F2FE020B608DF80C3003887F
S3150802D9B00C4623F47C53934202D0132004B010BDC4
S3150802D9C000F1080101A8DCF7B8FE022301A88DF8C8
S3150802D9D00C30FFF7CDFF20600028EED0038C032B16
S3150802D9E034BF1B200020E9E74FF4805370B5064682
S3150802D9F04B8001F10E000C461546FFF7B9FFB0B190
S3150802DA00144B93F8683EDB0709D594F8213043F0A6
S3150802DA10020384F821304FF40053638007E090F83C
S3150802DA2030309907F7D45A07F5D41B07F3D47DB1DA
S3150802DA306B89B3FA83F35B0994F82120314663F3C1
S3150802DA40820284F821202046BDE87040DCF7BCBB80
S3150802DA500123F1E7C82F0020F8B51F46174B0646E3
S3150802DA6010461A7A0D469307C2F3400411D5FFF7FA
S3150802DA707FFF044668B1306805F06FFE48B130464C
S3150802DA80DCF771FD38B1002F0CBF04200F2025B931
S3150802DA90E5772046F8BD0420F9E70E2DF9D1E37F94
S3150802DAA0A28B0133DBB2C2F30802E377002AF0D174
S3150802DAB09842EED80248F0F74DFFEAE7C83F002041
S3150802DAC0204000200B6A994200D0FEE70B796FF3DB
S3150802DAD082030B71036823B9C1E907330160416008
S3150802DAE070470023CB6143680B62D961F7E737B504
S3150802DAF00D4C6846D4F8E01F05F0B7FC04F58055CE
S3150802DB0004F57E64009909B903B030BD4B79204605
S3150802DB105B0902BF2B6A01332B62DAF7A3FA68465E
S3150802DB20D9F7E4FDEEE700BFC82F002073B5054616
S3150802DB300F48D0F83433C1B14A780232114490F80A
S3150802DB4038231344CDE9001301216846F4F721FC72
S3150802DB50044638B1E67828463246211DD9F74EFDE5
S3150802DB608642F1D8204602B070BD1946E7E700BFE3
S3150802DB70C83F00202DE9F04F4FF0000A07469146AC
S3150802DB805646554685B0DFF8C88001912946019860
S3150802DB90FFF7CCFF054640B9002E55D033885BBA4D
S3150802DBA0A9F8003005B0BDE8F08F294602A895F815
S3150802DBB003B006F0FDF8AB78BB42E7D10EB1D34508
S3150802DBC0E4D9002102A8F4F7E4FB0028DED0437862
S3150802DBD0841C013BC2189442F3D87EB3D3452DD890
S3150802DBE0A3789B0918F90310B3789B0918F903302F
S3150802DBF099421FD12346154933F8030BB1F85CC085
S3150802DC00318840BA80B249BA89B2604514BF4FF02A
S3150802DC10000E4FF0010E614514BF002101218E4509
S3150802DC2003D19A42CDD31C46D8E76045F9D1DA46E4
S3150802DC302646F6E704F10303F3DDF8E7264603343E
S3150802DC409442DA46CAD9BCE70420ABE7C83F0020AB
S3150802DC50C8FE030801230C4A8340516C10B50B43D6
S3150802DC60146D536402F148039C420CD1DAF799FA0F
S3150802DC7040F2E933B0FBF3F101FB13012046BDE89C
S3150802DC801040DAF754BE10BDC81F002070B5022333
S3150802DC900D461646D9F74FFF044660B97378698868
S3150802DCA00133B1EBC30F4FEAC30206D3022128465A
S3150802DCB06A80DAF76BFA204670BD0624FBE7012A6A
S3150802DCC038B504460D680DD000230B6000688542FE
S3150802DCD002D005F031F825602368002B0CBF03201B
S3150802DCE0002038BD28466989DAF73BF905462068D7
S3150802DCF0A842EDE70D4B93F89636013B032B03D862
S3150802DD00DFE803F00409120F002070470078FF3895
S3150802DD1018BF012070470078A0F1FF035842584106
S3150802DD2070470830EEF730BB01207047C82F002035
S3150802DD30002010B5124AD2F8CC3FD2F8EC1F23B90C
S3150802DD40642894BF0020012010BD1A79D20713D582
S3150802DD508B4211D05A79520902F00504012C0DD0D2
S3150802DD6052B95A8901307F2A80B205D960247F3A8E
S3150802DD70B2FBF4F2104480B2DB69E0E70130FAE75D
S3150802DD80C82F00200379DA071ED500226FF3000395
S3150802DD900371828119B1DBB262F3C303037143795A
S3150802DDA05B090BD1037913F0080F084B15BF5A69A3
S3150802DDB0DA690132013214BF5A61DA61436A1BB168
S3150802DDC000224262826A1847704700BFC83F002095
S3150802DDD070B504468AB0D9F7B7FB23790546DB073F
S3150802DDE0A6690FD5A3896BB9617949090AD128238E
S3150802DDF06A462046D9F7C9FD02A91648F0F7F8FA85
S3150802DE00014610B100200AB070BDA81BB0F5FA7F12
S3150802DE109DF80130F6D313F0300FC3F3011202D086
S3150802DE20B0F57A7F08D302212046FFF7ABFF2046DA
S3150802DE3004F064FF0220E6E7032AE3D023F0300366
S3150802DE4043F030038DF801306A4628232046D9F775
S3150802DE50B5FED7E7FC36002070B517240B4DD5F86A
S3150802DE60CC0F08B9204670BDD5F8EC3FC669984272
S3150802DE7009D00379DA0706D5DB0604D4FFF7A8FF2B
S3150802DE80022808BF00243046EBE700BFC82F00204F
S3150802DE90F8B506461B4FFC6D14B323681A4AFB6590
S3150802DEA0B2F86036B2F8621601339BB28B42A2F818
S3150802DEB0603638BF0B46A2F86236002323601EE09E
S3150802DEC06B79C3F34103B34219D228460321FFF7FC
S3150802DED059FF284604F012FFDDE70028DBD00EE0E2
S3150802DEE0FFF7BAFF1728F8D12346084A52F8045F03
S3150802DEF0002DE5D10133DBB2042BF7D12C4620469F
S3150802DF00F8BD00BFC81F0020C82F0020943F00207C
S3150802DF10F8B5064650780F461546FFF7B9FF044688
S3150802DF20002838D0802200210EF046FB2878A388E4
S3150802DF30400040F4086040EA463023F0820320F4A9
S3150802DF40EF605B0520F005005B0D1843E781A080B2
S3150802DF5024626A78032A03D9236A9C420CD0FEE714
S3150802DF606379002162F3420320466371D9F7E6FB1F
S3150802DF700028F1D12046F8BD094901F58050CD6D3A
S3150802DF80B0F860261C68013A1D6092B21D4624B993
S3150802DF90CB65A0F860260024ECE72346F2E700BF2B
S3150802DFA0C81F00202DE9F04106460F4614460021F7
S3150802DFB00620174A86B09846FFF7AAFF0546D0B14B
S3150802DFC0D9F7C2FA22464044009001AC02F1100C7D
S3150802DFD0234610685168083203C362451C46F7D1C6
S3150802DFE01822694628468DF81470D9F729FE28B1F1
S3150802DFF02846D9F781FB06B0BDE8F081009906F1FB
S3150802E0000800DAF7FFFC29463046FFF75BFDF2E720
S3150802E010CA000408F8B50E4600211D461960436A6F
S3150802E02004468B42174622DB0620134AFFF770FF87
S3150802E0302860F0B121464022D9F702FE044638B9D3
S3150802E04029686EB938462968EDF7C7FE044628B12D
S3150802E050286818B1D9F750FB00232B602046F8BD73
S3150802E0603046EDF779FE04460028EBD0F0E70724A0
S3150802E070EEE70324ECE700BFCA000408024608B527
S3150802E08038210020FFF744FF08B10023838108BD29
S3150802E09013B540F20133044601A8ADF80430FFF780
S3150802E0A0EDFF2246002102B0BDE81040FEF786B811
S3150802E0B010B504460448FFF7E1FF2246BDE81040C2
S3150802E0C00021FEF77BB800BFCA0004082DE9F04319
S3150802E0D08DB08846074602A81C4616469DF85090FB
S3150802E0E0D9F74FFA4FF2BF03B8F1240FADF82A3029
S3150802E0F033D12348FFF7C2FF42460121FEF75EF8F5
S3150802E1000546002839D003795B075FBF01224379A8
S3150802E11062F342034371B9F1000F22D1B8F1240F19
S3150802E12009D13B88212101339AB228463A80DBF786
S3150802E130D6FA0446E8B9304602A9FEF7E4FD169B6C
S3150802E140294600930F48159B02AADAF7D5FC04461E
S3150802E15078B920460DB0BDE8F0834046FFF7A8FF20
S3150802E160CEE722464B461221DBF777FA0446002809
S3150802E170D4D02846D9F7C0FAEBE70324E9E700BF6B
S3150802E180CA000408D837002003880BB98B80704769
S3150802E1908B681B688B6003B9FEE704330B607C232C
S3150802E1A08B8003887C2B28BF7C238B800288D31A1A
S3150802E1B0038070472DE9F04FA9B01F4614AB12939E
S3150802E1C00823ADF84C304B890128A3EB0704064611
S3150802E1D00D469046A4B202F1100A07D1791D99425A
S3150802E1E000F28C80D0469246043CA4B20DF1100986
S3150802E1F0484608F10801DCF7A0FA99E80300329BC1
S3150802E2000DF1180B8BE80300D3F8010008A9D9F71A
S3150802E210BCF905238DF82430329BDFF8E890D3F851
S3150802E2200500D9F70FFAD9F8DC2D0146824240D00B
S3150802E2300AAA09F6D850EEF7F8FF00220AA909F544
S3150802E2405F60DCF794FA09F55F63196812A805F0AE
S3150802E250D0F8042322462A2112A8CDF800B0FEF7E8
S3150802E26087FF1022414612A8DBF7B9FA1022514657
S3150802E27012A8DBF7B4FA0A22329912A8DBF7AFFA28
S3150802E280394628460AAB0DF10E02ADF80E40D9F70B
S3150802E290F8FABDF82C407CB90AA912A8DBF76FFB7D
S3150802E2A0BEB9042228460AA9D9F7CAFC29B0BDE88C
S3150802E2B0F08F09F55E63C8E70A9A12A81146234643
S3150802E2C00096DBF7C9FA0AA90DF10E00FFF75CFF03
S3150802E2D0DFE7698904230439284600940AAA89B221
S3150802E2E0D9F735FC60B169892846042994BF491AC9
S3150802E2F0043989B2D9F722FA2046D7E70620D5E7A4
S3150802E3000820D3E7C82F00202DE9F043044690469B
S3150802E3101F4685B00C9E1022B6F80C907589A5EB9F
S3150802E3200905ADB2ADF80250DDF723FE10224146CB
S3150802E3302046DDF71EFE2046290ADDF70BFE20469B
S3150802E340E9B2DDF707FE00212046DDF703FE39466E
S3150802E3502046DDF7FFFD4946304601AB0DF10202C4
S3150802E360D9F78FFABDF8082012B905B0BDE8F083CF
S3150802E37020460199DDF7FDFD01A90DF10200FFF71F
S3150802E38003FFEFE708B5EAF7FAFA014620B92020B3
S3150802E3900FF056F90FF080F9002008BD08B50120E4
S3150802E3A00FF066F9FFF7EEFF40B9054B93F87E2E9C
S3150802E3B0012A02D0012283F87E2E08BDFEE700BF9D
S3150802E3C0C82F002007B50D4B0DF1060118680EF08F
S3150802E3D049FB0B4BBDF8061093F90020094B7F2A1F
S3150802E3E00B4413F90B0C05D17F2808BF002003B094
S3150802E3F05DF804FB9042A8BF1046F8E75C190020B6
S3150802E40094190020CC4A002038B50546EAF7B7FA2F
S3150802E410E0B9104B1B6813B11B68012B16D0FFF726
S3150802E420D1FF01462846EAF7F9FB044660B92846B1
S3150802E430EAF740FB044658B9014620200FF000F9D6
S3150802E440054B9D71054B9D71204638BD0D24FBE792
S3150802E4500124F9E784190020101F0020E01E00207D
S3150802E460012110B581400020D9F7AEFE4FF4A07302
S3150802E47003FB00F4084B93F88E2ED20709D5D3F87E
S3150802E480943E9879FFF7C0FF2046BDE81040FDF795
S3150802E490EFBEFFF777FFF7E7C82F002038B5A023AE
S3150802E4A00C4DEC685C4308B9E5F7E4FC2B69B3FB51
S3150802E4B0F4F204FB1233B0FBF4F204FB1200234419
S3150802E4C0181AB0FBF4F304FB1300A023B0FBF3F015
S3150802E4D080B238BD441F00202DE9F04F054689B0A9
S3150802E4E0FFF770FF8C4C0146A54200D0FEE72A686A
S3150802E4F08A4B9A4200D0FEE7237F98070DD46423FD
S3150802E50084F82C30A079EAF789FB0646002840F001
S3150802E510FE80EAF734FA68B1FEE794F82C30022B4B
S3150802E52084BF023B84F82C3094F82C304F2BE9D860
S3150802E5305023E5E731464FF4F8500FF081F8217F72
S3150802E540774B784D1020C1F38001A3622C600FF03F
S3150802E55077F8237F744FC3F3C003BB72FB6883B19A
S3150802E560D5F80080D8F814305BB94FF0FF300EF0BA
S3150802E57081FB40F6B8322B68C8F810005A610123AD
S3150802E580BB72D5F80090FB68D9E904028BB199F8F9
S3150802E5901C10C9070DD41044A0301FFA83F8FFF7E0
S3150802E5A07DFF07464846DBF7E5FF10B1A0F8028073
S3150802E5B00780286805F0E9F8EFF31188302383F31A
S3150802E5C01188012102200FF03BF8EAF7D8F900B9C1
S3150802E5D0FEE72B6803B9FEE79B884FF0000B8DF820
S3150802E5E00B300123DFF854911A460DF10B01D9F8C5
S3150802E5F000000EF005FB9DF80B202968023A00235D
S3150802E60092B20968D9F800000EF0FAFA474BCDF82B
S3150802E61014B006932B68CDF81CB093F82C20202052
S3150802E6208DF814201B6805AF93F800A0CAF3401AA8
S3150802E6300FF01EF850B105F07DF8594620200EF06D
S3150802E640FFFF59464FF400400EF0FAFF29684B695E
S3150802E65003BB10200FF00CF898B12A68344B117ED0
S3150802E660997034490978D970917900975246D9F840
S3150802E67000000EF04BF938B34FF480500FF0BEFB92
S3150802E68022E029683B4652468979D9F800000EF0FD
S3150802E6903BF9F0E70022962004920A698979134425
S3150802E6A0234AA3F59B7310820C32009201970393B7
S3150802E6B05246D9F8000003AB0EF02AF90028DBD13E
S3150802E6C0012140200EF0BCFF88F31188BFF36F8F3B
S3150802E6D04FF480500EF0CCFFC8B1174D95F8383676
S3150802E6E0ABB1A5F58055D5F89C3E23B10121D5F8E5
S3150802E6F0A02E09489847B5F87C3EDB0707D4206860
S3150802E70005F02BF818B14FF47A50FDF7B1FD3046F3
S3150802E71009B0BDE8F08F00BF604B0020904B002087
S3150802E720C81F002064190020441F002020A10700EA
S3150802E73018630020FE630020C83F00205C190020F1
S3150802E74010B5154C94F87E3E032B23D1B4F87C2ED3
S3150802E750D4F8943ED20613D5042384F87E3ED4F820
S3150802E760940EFFF7B9FE0D2808D1D4F8940E436922
S3150802E7702BB10023C0E90433FFF7AEFE50B1FEE722
S3150802E7809879FFF741FE00B1FEE794F87E3E042B26
S3150802E790E5D0E1E710BD00BFC82F00200E4B93F865
S3150802E7A07E2E93F87F0E032A1CBF032283F87E2E41
S3150802E7B0D3F8942E117E69B1127F52070AD5B3F89F
S3150802E7C07C3E03F00C032BB90330C0B2052828BFE0
S3150802E7D0052045E6B4E700BFC82F002037B5234C0D
S3150802E7E094F87E3E052B3FD0D4F8945E286804F050
S3150802E7F0C4FF70B32B7FD8062BD428460DF1070128
S3150802E800DBF78EFC28BB2B7FD90704D4284694F85D
S3150802E810D81EDBF706FEB4F87C3E9A0619D49DF894
S3150802E8200730082B15D1D4F8940E114B8360037F59
S3150802E830DB0709D4D4F8D45E2946DBF791FC2846CF
S3150802E84094F8D81EFEF772FC0A49D4F8940EDBF740
S3150802E85097FE002384F87F3E84F8803E84F8D93EEA
S3150802E86003B0BDE8304099E7FEE700BFC82F002095
S3150802E8707C3E00204E3E002038B50546DBF766FE94
S3150802E88004462846DBF7EDFDFF2C024601D0FF2899
S3150802E8900ED1002038BD2B68195B1819C1F3C711B0
S3150802E8A01A29F7D01B5D03F07F0302331C44E4B236
S3150802E8B0A242F0D2EDE74FF000639B6A03F1784279
S3150802E8C0B2F5C04F03D21968064A914203D0002313
S3150802E8D0037083607047012202709A689B694260DE
S3150802E8E0F7E700BF07B0CD5E2DE9F04F9846436BB8
S3150802E8F005460F46144691B0002B00F0B080012160
S3150802E9004046E1F7E9FC0028C0F2AB8005F134067F
S3150802E91031464046E1F798FC002880F2A2800AA810
S3150802E920E2F7D5FA002201234FF00C09CDE90423B8
S3150802E930CDE90623CDE90823B9F1010900F08D8056
S3150802E9404FF00C0A05F11C0BBAF1010A00F085809A
S3150802E950DDE91C2304A92846E2F7CEFC0146002875
S3150802E96069D1414B0AA9009328465B4604AA03F0DB
S3150802E97045FD014600285ED10AA932463846E1F726
S3150802E98087FD0146002856D13846E1F7A5FC00283E
S3150802E990DAD006A92846DDE91A23E2F763FA014620
S3150802E9A0002848D1034608A928462F4AE2F7A4FCBC
S3150802E9B0014600283FD1394642462046E1F7E3FCA4
S3150802E9C00146002837D106A908462246E1F79CFCEB
S3150802E9D0014680BB06A9084608AAE1F7D4FC014607
S3150802E9E048BB04A9084608AAE1F7CDFC014610BBB4
S3150802E9F004A908463246E1F74BFD0146D8B904A9EF
S3150802EA0032462046E1F786FF0146A0B9214620464E
S3150802EA1006AAE1F7B8FC014668B9214632462046FD
S3150802EA20E1F736FD014630B903902046E1F754FC7A
S3150802EA300399002880D00AA80391E2F79DFE04A84C
S3150802EA40E1F724FA06A8E1F721FA08A8E1F71EFA7F
S3150802EA500399084611B0BDE8F08F0449EBE704496B
S3150802EA60F7E70449F5E700BF1979020800B3FFFF83
S3150802EA7080B0FFFF80B3FFFF2DE9F04FAFB0054628
S3150802EA8024A88B4691461E460FF032FB804628B1D3
S3150802EA906FF0920420462FB0BDE8F08F2B68102E37
S3150802EAA028BF102613F47C1FC3F3054202D09642F0
S3150802EAB028BF1646594A23F47E13934240F0AB8088
S3150802EAC02822002124A80DF077FD0023CDE9203362
S3150802EAD0CDE922336B6B05F1040A0F2B7CD8002390
S3150802EAE04F4A58461DA9CDE9242326932C93DFF7CE
S3150802EAF013FF044600287CD11D9924A80FF0FFFABB
S3150802EB006F6B24A80F2F8ABF07F00F013946103101
S3150802EB100FF0F5FA584602A9DFF7D7FF0446002890
S3150802EB2067D102A924A8E0F70DF8584605A9DFF728
S3150802EB30E3FF044600285CD105A924A8E0F702F8F9
S3150802EB400123384ACDF850A00DF1200C15931692E0
S3150802EB5014AA07CA8CE8070007F00F02143542F018
S3150802EB60005217950BAC1893199217AA07CA84E88C
S3150802EB7007001A951B9347F000531C931AAA0EAB6B
S3150802EB800F2F07CA83E8070043D90A9B614623F079
S3150802EB90005324A80A93DFF7D5FF214624A8DFF7F6
S3150802EBA0D1FF012320AD1D951E931E4B1DAA1F934F
S3150802EBB011AB07CA83E80700194624A80FF0A8FA7A
S3150802EBC024A80EF031FF044698B93246294648462B
S3150802EBD00DF094FDB04612E001225946CDF800A088
S3150802EBE005F1240324A802F0F9FE044600283FF49E
S3150802EBF076AF212C14BF6FF092046FF08604389B0F
S3150802EC0024A8C3F800800FF073FA00283FF442AF35
S3150802EC103EE71946C2E76FF088043BE70002C003E5
S3150802EC2000000404100000202DE9F04F9FB08A4628
S3150802EC30984604460092002800F0B78014A80FF000
S3150802EC4057FA009A20B16FF092001FB0BDE8F08F14
S3150802EC502379271D013B042B1BD8DFE803F0030D9C
S3150802EC60222B37001426544904F1100307F1040C29
S3150802EC7004F1300BB14609E020264FF01C094F4932
S3150802EC8004F1100307F1040C04F1300B40254A4540
S3150802EC9026D2D422002138460DF08EFC6FF0890068
S3150802ECA0D3E72026464904F1100307F1040C04F1C0
S3150802ECB0300BDFE740264FF03009424904F11803CA
S3150802ECC007F1040C04F1580B8025E0E740263E497B
S3150802ECD0B14604F1180307F1040C04F1580BF3E7E3
S3150802ECE00CF104020CEBD50E52F8040B002856D18F
S3150802ECF07245F9D1DCF80020013D1540CDE9141022
S3150802ED00169029461C9014A8019300920FF0F7F961
S3150802ED10009A14A811460FF0F2F9019B46F0005624
S3150802ED201193012345F00055129311AA139602AEC8
S3150802ED3007CA86E80700CDF838B00EAA0F931095D1
S3150802ED4005AD07CA85E80700CDF82CA00C9349F053
S3150802ED5000530D930DF120090BAB93E8070089E8E0
S3150802ED600700314614A8DFF7EDFE294614A8DFF797
S3150802ED70E9FE494614A80FF0CBF914A80EF054FE82
S3150802ED800546D422002138460DF016FC4DB92378E3
S3150802ED90032B0DD120232846C8F8003055E70F2546
S3150802EDA0EFE7212D7FF44FAF78E76FF086004CE747
S3150802EDB06FF0880049E700BF00020303000303035C
S3150802EDC00004030300050303000603032DE9F047C5
S3150802EDD017469846354A036805461A40B2F1607FD7
S3150802EDE00E46B4B04CD100225FFA83F949F0007995
S3150802EDF009F17E430A3B012B03923BD900F1DC0C55
S3150802EE00634604AC00F58E7E2246186859680833B4
S3150802EE1003C273451446F7D18022002160460DF1DC
S3150802EE200C0A0DF0C9FB5346802214A9281DFFF7C8
S3150802EE30FBFE0446D0B9C023039A009304AB1946D5
S3150802EE404846CDF804A04032E0F7AEFB044668B95E
S3150802EE506D8815F03F0508BF039DAF420DD32A46BC
S3150802EE60304604A90DF04AFCC8F80050204634B0D2
S3150802EE70BDE8F0876FF08804F8E76FF08904F5E7D4
S3150802EE802022002104A80DF097FB294604A8DFF7E3
S3150802EE9093FC04460028E9D13B4632462846CDF87B
S3150802EEA0008004A9FFF7E8FD0446DFE70000C07FFB
S3150802EEB010F1860F12D010F1850F0ADA10F1930FAE
S3150802EEC00FD010F1870F0CBF6FF073004FF0FF30B1
S3150802EED07047003818BF0120404270476FF0710032
S3150802EEE070476FF06F00704710B503790446C3F395
S3150802EEF040019B0790B002D5002010B010BD3C22FD
S3150802EF0001A80DF059FB214601A8EDF7D7FB18BB5E
S3150802EF109DF80A30112B0AD03A2B1FD0062B0CD19A
S3150802EF201423282120460BAAD8F72FFD04E028210E
S3150802EF3020460BAAEDF700FA70B907A8EDF7B0FA62
S3150802EF4050B11C4B93F85930002BD5D09DF80A3096
S3150802EF50062B20D0112B07D00220CEE728212046E7
S3150802EF600BAAEDF7E9F9E7E744F64D41BDF82E207D
S3150802EF7053BA8A429BB2BFD00F4A02F5805191F822
S3150802EF80D61D01F6E96102EB41020C498A4208469E
S3150802EF9006D1002008E0BDF82E305BBA9BB2EBE73B
S3150802EFA0048802319C42F1D1B0FA80F0400940004F
S3150802EFB0A3E700BFC83F0020C81F00209A3D0020D3
S3150802EFC038B50446F5F7F6F8A04228D00EF062FCEA
S3150802EFD0012C054602D12146F5F778FBEFF310809E
S3150802EFE072B64FF000710E4A0E4B51664FF48062AC
S3150802EFF0611E8A401A675A6E910103D4D3F8842097
S3150802F000920609D50EF0D6FF022C08D12846BDE88D
S3150802F01038400021F5F75ABBD3F88420EBE738BD10
S3150802F020006000500040005008B508B90EF032FCE6
S3150802F030BDE808400220C3E738B50B6804460D460A
S3150802F04073B1EAF741FD2B68013B13F8010F40B192
S3150802F0506D38052804D8DFE800F00E0303050A1206
S3150802F060072038BD227842F001022270EDE72278A5
S3150802F07042F00202F9E7227842F00402F5E7227822
S3150802F08042F00802F1E713682DE9F74F82460F4668
S3150802F09015469BBB53688BBBD368003B18BF01233D
S3150802F0A04FF0000B0193DAF8001097F800809AF8EF
S3150802F0B0042001EB08060A44B31C9A42C0F0838175
S3150802F0C07378023333449A42C0F07D8111F80830CE
S3150802F0D05B08012B14D0052B00F08480DAF8002097
S3150802F0E0904498F8013087F801B002339844A8EBA7
S3150802F0F0020887F8008087F802B0D4E70123CFE731
S3150802F100019B002BEAD03046F2F7C6FF0028E5D06D
S3150802F1103046F2F7D1FF0028E0D07C7873780444B1
S3150802F12002333344A21C9342D8D394F801C00CF19B
S3150802F130020222449342D1D332785208012A40F07D
S3150802F140EA802178490802295CD0032900F0B680B2
S3150802F150002959D16B68002B56D04FF0030CBB78A7
S3150802F1605A1CBA706278B2FBFCF29A424CD9022255
S3150802F170032010FB0327C5E9021129606D681822CE
S3150802F18028460DF019FA04EB070829463046EEF729
S3150802F19009FD98F802208D489309C35CC2F3401111
S3150802F1A003F00303C2F3001243EA810343EA42135C
S3150802F1B02A7D22F0270213432B75227862F3C303B2
S3150802F1C02B75E35B824A5BBA6B82E35BB2F85C201F
S3150802F1D05BBA9BB29A1A534253412A7D63F30412CD
S3150802F1E02A7567E0AB68002B3FF478AF3046F2F732
S3150802F1F069FF00283FF472AF3046F2F789FF023002
S3150802F20030448AE72B683BB9637887F802B0023341
S3150802F21023441B1A7B7080E7BB785A1CBA70627843
S3150802F220B3EB920FF0D201EB83070021C5E9011176
S3150802F230E9602D68182228460DF0BEF904EB070886
S3150802F24029463046EEF7AEFCB8F802305F485BBA9C
S3150802F250C3F38132825CC3F3403102F0030242EA0D
S3150802F2608102C3F3003142EAC102C3F3C02142EA72
S3150802F2700112C3F3802142EA4112C3F3402142EA52
S3150802F2808112C3F3002142EAC1126A74C3F38012DF
S3150802F290C3F3C0135B0043EA8203AA7C22F0060288
S3150802F2A01343AB74E35B5BBAAB822278AB7C62F343
S3150802F2B00003AB74002003B0BDE8F08FD5F80C90BC
S3150802F2C0B9F1000FA0D0BCF1010F9DD9B978002978
S3150802F2D09AD1C5E90011A960A178019201F00F013E
S3150802F2E089F80010A07899F80110C0F3001060F3AD
S3150802F2F0000189F80110207860F3410189F80110AC
S3150802F300304609F10201EEF74DFCE178019A89F8D7
S3150802F3101210BA70CEE7D5F80890B9F1000F3FF48B
S3150802F32073AF22785208062A7FF46EAFB97800299D
S3150802F3307FF46AAFBCF1010F7FF666AFC5E900112B
S3150802F340E9604FF4017248460DF036F9B27896F93B
S3150802F350021002F00F020029B4BFF578F57989F890
S3150802F360002096F90220B4BF06F1040806F108083F
S3150802F370002A25DBD6F80300D8F764F92A4641465F
S3150802F380C9F8040089F8085009F109000DF0B6F920
S3150802F390207899F80611627860F3000189F8061157
S3150802F3A06188023AD2B249BAA9F8001289F8072145
S3150802F3B0211D09F584700DF0A1F90123BB7079E7C7
S3150802F3C04AF6AA70DAE7172075E700BFC8FE0308EF
S3150802F3D0C83F002070B5064608460C46EEF73CFCC8
S3150802F3E030461B49DCF75CF868B100236374A37CDA
S3150802F3F023F0030343F00303A374154B03CB402303
S3150802F400206061602374002529463046FEF78EFB8C
S3150802F410054600B970BDF2F7B2FE0028F4D0EA78C4
S3150802F420237C9A42F0D9A37C214643F00203A374B3
S3150802F4308378A27CC3F3001363F30002A274837871
S3150802F440284603F00F036374EEF7ACFBDCE700BF54
S3150802F4501042002010B50C464FF2BF018A4222D153
S3150802F46048F2FE02038823F47C53934204D12046D1
S3150802F470BDE81040EDF714B80C49DCF711F888B16D
S3150802F48020460A49DCF70CF860B92046ECF7FCFF7F
S3150802F49040B92378FF2B05D12046ECF7D6FFC31EC9
S3150802F4A05842584110BD0020FCE700BF1042002018
S3150802F4B02DE9F047054688B095F870300DF1100829
S3150802F4C08946D0E90001174688E8030006AE002BF4
S3150802F4D03ED186E80300314602A8EEF797FB10B93B
S3150802F4E0BDF80C30BBB9BDF81C30A3B1069B1B781E
S3150802F4F003F0E003602B0ED1334605F120020DF12D
S3150802F500070105F13400FCF7E9FF044628B1204655
S3150802F51008B0BDE8F0871724F9E795F83A30112BB9
S3150802F52007D03A2B57D0062B0FD1142205F15C01CE
S3150802F5304DE09DF8073005F15C00002B45D03146B9
S3150802F540FDF750F904460028E1D1012385F8703009
S3150802F550B5F834A09AFA9AFACAF3851A0AF0380460
S3150802F5601F2C3AD8082C3AD0103C18BF012495F81B
S3150802F5703A303A2B35D195F95C30002BA8BF0324D3
S3150802F5800021012332460846ADF818308DF8194095
S3150802F590FEF7BEFC3860002842D04B46424605F1CB
S3150802F5A02001FDF799F904460028B0D1BDF81420C8
S3150802F5B004993868D8F744FB04460028A7D1BDF851
S3150802F5C014103868D8F73FF9A1E7082201463046F1
S3150802F5D0D8F76CF8B6E70822A8E70224C7E700249A
S3150802F5E0C5E7112BCCD144F64D43B5F85E209A42B5
S3150802F5F012D052BA92B205F14C0105F13C00FFF75E
S3150802F60029FF0028BCD0BAF10F0F07D0BAF1170F9D
S3150802F6100CBF00240324B3E70324B1E70124AFE7B0
S3150802F620032474E72DE9F04F4579112A04460E465C
S3150802F6309146B0F80A809FB001F11007C5F341055B
S3150802F64040F0AD804A8C30463946FFF703FF002862
S3150802F65000F0A580002D00F0A880032D0CBF072519
S3150802F6600F256023AD0145F4C0456DBA96F82520ED
S3150802F6700A93ADF82850C5F3072502F0030325F0CF
S3150802F680300545EA031596F8243098FA98F88DF865
S3150802F6902950ADF82C808DF82E901BB912F0080F60
S3150802F6A008BF402330468DF82F30ECF799FE002824
S3150802F6B07FD13378FF2B7CD033460CAD2A461868A7
S3150802F6C05968083303C2BB421546F7D110AA9246B7
S3150802F6D006F1100306F1200C154618685968083316
S3150802F6E003C563452A46F7D1337CFF2B00F0D58044
S3150802F6F0282220460DEB0201D8F7FCFB0546002816
S3150802F70040F0D980B9F1110FADF850008DF85200CA
S3150802F71000F0D580B9F13A0F29D14FF0020800233B
S3150802F720A18920464144ADF826300DF1260202236E
S3150802F73089B2D8F743FA4B4652460CA914A8009444
S3150802F740FEF7E2FD4FF6FF72A389204608EB030196
S3150802F750BDF8503089B293421CBFDB439BB25BBAF9
S3150802F760ADF826300DF126020223D8F727FA3846D5
S3150802F770ECF776FF002840F0A58096F82530227926
S3150802F780C3F3001363F3451222716289236AB2F541
S3150802F790A06F00F2BE809C4200F0BE80FEE735B143
S3150802F7A0A91E4D424D416D015BE7172559E708250C
S3150802F7B057E73846ECF749FE4FF0000A04903946F7
S3150802F7C05948F0F70FF85546584B0590D3F834B711
S3150802F7D0BBF1000F03D1002D53D114256BE0594616
S3150802F7E05148F0F715F828BB802259463846D7F70C
S3150802F7F005FF9BF810305FFA80F8434503931CD83F
S3150802F8005846ECF73AFE0246DDF80C803946584669
S3150802F8100792D7F749FE98BBA5B15846ECF72DFED5
S3150802F82006902846ECF729FE0699079A814206D2DF
S3150802F830914207D2DBF814B0CAE7049AE6E70BD975
S3150802F8409042F7D2039B434503D85846ECF715FE78
S3150802F8500490C2465D46EDE79BF81210AA7C4A4020
S3150802F860D20702D5CB07EDD4E4E7C245EAD3E1D104
S3150802F87059462D48EFF7B6FF059B8342DAD1E1E7F1
S3150802F8805D460CAA05F1100C134628686968083506
S3150802F89003C365451A46F7D118E73846ECF7D5FD8E
S3150802F8A003287FF425AF20460AA9FCF76DFD054615
S3150802F8B000283FF41DAF28461FB0BDE8F08F4FF071
S3150802F8C006082CE760231493BDF82C3016AF5BBAF2
S3150802F8D028335BBAADF85430154B0FCB87E80F00C7
S3150802F8E0144B1EAF0FCB07E90F0044F2290320463B
S3150802F8F014A9ADF85630FCF747FD08B10546DAE714
S3150802F9002822204614A9D8F7F5FA00283FF435AF7D
S3150802F910F4E79C4200D0FEE721460748D8F715FCD3
S3150802F9200648D8F7E3FEC6E720400020C82F002085
S3150802F93048420020BC0304083C360020503600200A
S3150802F940F7B50D46114605F108066A461C46089F94
S3150802F950EEF733F931466846DBF7A2FD30B10020EF
S3150802F960238843F03003238003B0F0BD3046ECF71A
S3150802F9700BFD238848B143F020032380E9893846E2
S3150802F98049BA89B2D7F784FEEEE743F01003082294
S3150802F990314638462380D7F768FEE5E7F7B50D46C0
S3150802F9A0114605F108066A461C46089FEEF705F950
S3150802F9B031466846DBF774FD30B10020238843F0F0
S3150802F9C00303238003B0F0BD3046ECF7DDFC238841
S3150802F9D048B143F002032380E989384649BA89B215
S3150802F9E0D7F756FEEEE743F00103082231463846BA
S3150802F9F02380D7F73AFEE5E7FF232DE9F04F0746BE
S3150802FA0088461546A5B003932B68384605936B6856
S3150802FA101AAA0793BB8902934FF4C0430299ADF819
S3150802FA202A302823D7F7B1FF0446002840F02D8351
S3150802FA301CA80BA9FFF7CEFC9DF83E30D80702D4C6
S3150802FA400BA8EEF709F910A920A8FFF7C3FC9DF841
S3150802FA505230D90702D410A8EEF7FEF8AB884FF455
S3150802FA60C04128460693D7F713FE064604460028E1
S3150802FA7040F00B839DF83D209DF8513052EA030170
S3150802FA8033D19DF868A09DF869209DF86A909DF883
S3150802FA906B104FEA8A0A0AF03C0A93004AEA921A5B
S3150802FAA049EA010902F00F0252EA090903F0C00302
S3150802FAB030D0BAF1000F40F09E80BDF82A101A43E2
S3150802FAC041F40061ADF82A10284615A98DF854208C
S3150802FAD0D7F7EAFD8146002840F0D6820222284658
S3150802FAE00DF16A01D7F7C1FD80E04FF4C14143EA3F
S3150802FAF00213ADF82A10284615A98DF85430D7F7FF
S3150802FB00D3FD04460028BCD07B89029A934280F032
S3150802FB10BE82FEE75AEA0303BDF82A205CD142F404
S3150802FB20C052ADF82A209DF86E30112B03D0292B2E
S3150802FB3001D0002B7CD1039A012A79D0BDF82A304C
S3150802FB4043F48063ADF82A309DF86F30402B79D0A4
S3150802FB50FF2B7CD0012B7FD1BDF82A3043F480736A
S3150802FB60ADF82A301CA8ECF73BFC00287FD0BDF87C
S3150802FB702A3043F04003ADF82A309DF88030FF2B37
S3150802FB8040F09481BDF82A400DF1810244F0080341
S3150802FB90ADF82A309146022312F8011F002900F017
S3150802FBA0EC809DF881200DF1540A022A40F08680E5
S3150802FBB00F2B40F083809DF88F3044F00B0451469A
S3150802FBC02846ADF82A408DF85430D7F76DFD04461D
S3150802FBD0002800F0D68097E742F48052284615A9F5
S3150802FBE0ADF82A208DF85430D7F75EFD0446002872
S3150802FBF099D04E4688E74AEA0303284615A98DF89E
S3150802FC005430D7F751FD044600287FF47DAF9DF89E
S3150802FC106930284603F00F0315A98DF85430D7F733
S3150802FC2043FD814600283FF459AF264604466BE752
S3150802FC30284615A98DF85430D7F736FD044600280C
S3150802FC4082D061E7BDF82A3043F4007388E7BDF82D
S3150802FC502A3043F4407383E7284615A98DF85430B1
S3150802FC60D7F722FD044600283FF47CAF4CE748F25A
S3150802FC70FE02BDF8703023F47C539BB293420CD13A
S3150802FC80404600950DF12A030BAA1CA9FFF758FE58
S3150802FC90044600283FF471AF36E79DF83E309A07CE
S3150802FCA006D5BDF82A3043F04003ADF82A30E7E717
S3150802FCB0102228461CA9D7F7D8FCE9E70C2B18D935
S3150802FCC044F00A0451462846ADF82A408DF85420D5
S3150802FCD0D7F7EAFC044600287FF416AF03220DF193
S3150802FCE08D012846D7F7C1FC00284AD02646044685
S3150802FCF00AE70A2B11D944F0090451462846ADF8F9
S3150802FD002A408DF85420D7F7CFFC044600287FF402
S3150802FD10FBAE05220DF18B01E3E75046EDF79CFF9A
S3150802FD20B94B93E8030040238AE80300ADF8643030
S3150802FD309DF8663023F0030343F003038DF866301B
S3150802FD409DF88330402B40F0CF800822504621A9E7
S3150802FD500DF065FC002840F0C78044F00C0402222E
S3150802FD6049462846ADF82A40D7F77FFC04460028BC
S3150802FD707FF4CAAE042223A9B3E70133102B7FF41A
S3150802FD800BAF012628213846D7F75DFD9DF86E9000
S3150802FD90039B9E4280F01181B9F1110F00F0C780D2
S3150802FDA0B9F1290F00F05C81B9F1000F40F0058125
S3150802FDB0BB89384604930499022309AAD7F7E5FDB5
S3150802FDC00446002840F0A98002213846D7F73BFDB1
S3150802FDD09DF82490B9F1110F00F08C80B9F1290F22
S3150802FDE000F08880E023284615A98DF85430D7F705
S3150802FDF05BFC0446002840F090804B46284615A92D
S3150802FE008DF85430D7F750FC0446002840F0858018
S3150802FE109DF82530DB0003F1060BBBF1FF0F7BD8FB
S3150802FE20BA89ADF85420D24392B25A4528BF5A46E7
S3150802FE30ADF85620BDF856A0BAF1000F5CD15CB1F8
S3150802FE409DF82820012A07D80AA8ECF754FC82460E
S3150802FE50ABEB00031FFA83FBBA8979895A445244E9
S3150802FE608A4260DC284615A98DF854B0D7F71CFCDF
S3150802FE700446002851D1AA88E8880BEB020484427A
S3150802FE80B98952D828685B4602443846D7F77DFDB9
S3150802FE900446002841D1AA8838465A44AA800BEB60
S3150802FEA00A010136D7F7CFFCF6B271E748F2FE022D
S3150802FEB0BDF8803023F47C539BB2934209D1009556
S3150802FEC00DF12A0310AA20A908F10A00FFF766FD18
S3150802FED07DE69DF852309B0706D5BDF82A3043F0D9
S3150802FEE00403ADF82A30EAE71022284620A9D7F7F4
S3150802FEF0BCFB6CE6E12381E7394615AA0AA8ECF7AA
S3150802FF0001FC044648B90AA8ECF7F5FB014615A810
S3150802FF10D8F73CF901248DE701247B89049A934298
S3150802FF20BFF4F2ADFEE70624F7E70324F5E7B7F8D0
S3150802FF300CB03846594615AAECF7FEF904460028CD
S3150802FF4079D14FF2B001BDF854A0BDF856909AFA8D
S3150802FF509AFA1FFA8AFA2AF00F0399FA99F98B4242
S3150802FF601FFA89F99AB233D129F00F03934234D191
S3150802FF70F32328460AA98DF82830D7F795FB0446B5
S3150802FF80002858D109F00F0949EA0A1928460AA988
S3150802FF908DF82890D7F788FB044600284BD1BDF880
S3150802FFA05A10284649BA89B2D7F772FB044600287E
S3150802FFB041D108213846D7F746FC0024BDF82A3035
S3150802FFC02A6806995BBA5352204625B0BDE8F08FD7
S3150802FFD00AF47F43B3F5704F18D1F22328460AA9CB
S3150802FFE08DF82830D7F760FB044620BB28460AA9B5
S3150802FFF08DF828A0D7F758FB0446E0B949462846A3
S31508030000D7F746FBC8E700BF1042002009F47F4331
S31508030010B3F5704F14D1F12328460AA98DF8283071
S31508030020D7F742FB044630B951462846D7F730FB83
S3150803003004460028AAD07B895B45BFF465ADFEE775
S31508030040F02328460AA98DF82830D7F72DFB04464E
S315080300500028F0D10422284615A9D7F706FB9BE703
S31508030060EE23284615A98DF85430D7F71DFB044609
S3150803007000287FF449AD2A4641463846FFF7BCFCBB
S315080300800446002899D03FE5044600263CE5029B32
S31508030090BB81059B2B60079B6B60002E94D0039650
S315080300A0B2E47F2300222DE9F04F864D95B0D5F8AB
S315080300B00C4FE376237FA28023F01F0343F0040348
S315080300C0237795F8483ED80740F1C18195F8493E0C
S315080300D0013B062B08D8DFE813F008000700620087
S315080300E0FF0091000700C502FEE74FF6FF70FDF714
S315080300F0F9FB0BA8D5F80C4F03F05AF901238DF831
S3150803010042308DF8493007234FF6FF7200268DF8E3
S315080301104C30032321460BA88DF83860ADF83A20F6
S31508030120ADF846200B93DAF74FF8002C00F08F81D1
S31508030130314695F8583EA371A3762046D9F756FF5C
S315080301400423237695F8603E6376237FD90600F168
S31508030150B482206803F011FB002800F0AE82204623
S3150803016006A9D9F7DDFF9DF81830082B00F0A582FC
S31508030170102B00F07982002B40F0A782524BA36024
S31508030180237FDA0709D42046D5F8381ED9F7E8FFBE
S31508030190D5F8383E0133C5F8383E4C4987E20BA8F3
S315080301A003F006F9D5F8860ED5F88A1E0CAB03C3F9
S315080301B002238DF83830B5F8503E0026ADF84430A2
S315080301C0012321460BA88DF848308DF842600B961B
S315080301D0D9F7FAFF2046DAF79AF94FF0FF33037097
S315080301E00F2386704370C67095F8533EA371A376A2
S315080301F095F84C1E4B1C85F84C3E9EE795F8533EE6
S31508030200334FA371A3760423237695F8603E0BA890
S31508030210637603F0CDF897F8AA2107F1800602F072
S315080302200F0207F5C677072A08BF3E463046D9F7B1
S3150803023066FD002800F00B814FF6FE73B5F8822E93
S315080302409A4201D0BE4233D103CE0223CDF83A00F7
S31508030250CDF83E10D5F8860ED5F88A1E0CAA8DF869
S31508030260423003C28DF83830B5F8503E2046ADF813
S315080302704430ADF846300323ADF82C30154B002235
S31508030280129304230BA98DF84C30FDF7ADFB2046DA
S31508030290DAF769F918B10022D5F80C3F5A7695F8BA
S315080302A04D1E20464B1C85F84D3ED9F79FFE4CE75D
S315080302B0B38BADF83020ADF83A3001238DF84230D0
S315080302C0D0E700BFC82F0020F03D00204E3E002097
S315080302D0C83F00200101050895F8533EC24FA37194
S315080302E0A3760423237695F8603E63763A7A9107D4
S315080302F040F1AD80D5F8EC3F002B00F0A88042F022
S3150803030008023A725A79520940F0A8819A7902F09A
S315080303100F02012A08D1DA79102A00F0908095F89D
S31508030320682ED20700F1B7803B7A0BA803F00103C6
S315080303300093BB88D5F8EC6FB7F806A001934FF086
S31508030340000B03F035F8222200210BA80CF034F930
S3150803035033799F0710D505238DF84A30B37903F00F
S315080303600F03032B08D0012B03D1F3790F2B00F0CE
S31508030370978008238DF84B30B5F8503EADF84430D6
S31508030380ADF8463040F20113ADF84830B379C3F3FC
S31508030390030203F00F03012B09D1F3790F2B00F0A6
S315080303A08180103B012B02D8738AADF846304FF093
S315080303B001090CAF05F57F6CBCE80F00ADF82C906E
S315080303C00FC7DCF8003032463B600BA92046FDF721
S315080303D00BFB2046DAF79BF880462046DAF7A1F8A6
S315080303E007462046DAF72EF83B189BB2C3F17F0778
S315080303F0CDF81080B6F80C80BFB2ADF814B0ADF8DE
S31508030400167005F57F6CB8F1000F40F0EF80C3F165
S315080304107B03ADF81630009B002B50D0019B8DF85B
S315080304202090ADF81830ADF822A08DF82A90304602
S3150803043004AA06A9FFF7E0FA00284BD0FEE797F8C7
S31508030440E432012B0CD013F0FD0F7FF46DAF0021BE
S315080304500B22D5F80C0F818015B0BDE8F04FDBE110
S3150803046097F8EC32A7F5D670A371A37697F8EC62E2
S315080304703146D9F723FC00283FF456AF95F8483E92
S31508030480A7F5DC7043F0200385F8483E85F8536EDC
S31508030490D9F7C7FC48E71A7942F002021A7143E70B
S315080304A0102367E7337AA376A37195F8523EA376AA
S315080304B04FF6FF738DF84920ADF8463077E70DF10F
S315080304C0180EBCE80F00AEE80F00DCF80030CEF8D3
S315080304D00030ACE77389B6F80C90BDF81420A3EB8B
S315080304E00909B91A1FFA89F989B28945ADF8167047
S315080304F028D931798807C1F3400C04D4B07900F0C0
S315080305000F0001285CD0716900295FD0C3F30A0381
S315080305106FEA83436FEA9343B18A5BBAADF80C304B
S315080305204BBAADF80E30131DBB425CD8049F39464F
S31508030530381D0CF0C9F8039B3B60BDF8143004332F
S31508030540ADF81430BDF81610BDF814208B1A9BB2FB
S315080305504B453CBF23F007031FFA83F909EB020354
S315080305608B4264D804994B460A443046B189D7F777
S315080305700CFA00285BD1BDF8147020464F44BFB26D
S31508030580ADF81470D9F7CDFF82462046D9F75AFF3E
S31508030590B3898244994473891FFA89F957444B45A9
S315080305A0A78009D92768384603F0CCF840F010002D
S315080305B080B23870000A78707389434538D2FEE7EB
S315080305C041F00201A6F80CC03171BCE6B5F8C41FA8
S315080305D011B90121A5F8C41FB5F8C41F481CA5F80D
S315080305E0C40F716192E7FEE7C83F00207389B28A98
S315080305F0C3F30A036FEAC3436FEAD3435BBAADF89F
S31508030600183053BAADF81A3005224FEAD80306A9AB
S3150803061004A88DF81C30D7F728F800B1FEE7B6F81A
S315080306200A90B389A9EB03091FFA89F98AE7FEE752
S31508030630D5F8EC3FA6F80C80A5F8E89F9A7902F05E
S315080306400F02012A05D1DA790B2A02D11A79900702
S3150803065004D4237F6FF34103237720E65B89A5F848
S31508030660E83FF4E62283F2E64FF0FF330B93174B8A
S315080306702046A360D5F8AC1F0131C5F8AC1FD9F7DE
S315080306806FFD2046D9F72DFDFF28064600D1FEE764
S3150803069027680536385CD9F77CFD0BA90246B819D5
S315080306A00CF02CF8FF212046D9F7BBFE0849237F17
S315080306B01B0702D42046D9F763FF002385F84E3E6D
S315080306C015B0BDE8F04FFEF789B8FEE77C3F00207A
S315080306D05C1A040810B5FBF7BBFD10B9BDE810405A
S315080306E0DFE4084CB4F8500EFDF7FCF80020D4F804
S315080306F0703E84F8490E13B1D4F8741E9847BDE8C2
S31508030700104001E0C82F002010B53F4C94F8493E2D
S31508030710002B77D194F8483E13F0010307D1A4F8C8
S315080307204A3E04F61870BDE81040D8F774B9B4F811
S315080307304A3E5A0603D5062384F8493E2EE0180690
S3150803074008D5D6F701FFD4F8643EC01A002801DBA2
S315080307500723F1E7B4F84A3E990701D50123EBE7E6
S315080307605A0701D50223E7E7180701D50323E3E769
S315080307709906C3F3001202D482B10423DCE72AB331
S3150803078094F8483E9B0721D4B4F8483E03F0FD038A
S3150803079043F4806343F00203A4F8483E94F8493EC1
S315080307A0B3B101229A40B4F84A3E184823EA020331
S315080307B0A4F84A3ED8F72FF994F8493E072B21D8CF
S315080307C0DFE803F0060B0E12121215120523B3E720
S315080307D00F48BDE81040D9F724BBBDE8104079E7B8
S315080307E0BDE8104000F00FBDBDE8104059E494F889
S315080307F0531E084802F0BEFDBDE8104064210348B5
S31508030800D8F795B810BD00BFC82F0020E03E0020DA
S31508030810103E0020443E00202DE9F04704468CB0E4
S3150803082000680F46154602F098FFA3888046002BFA
S3150803083000F0DD80002603A920468DF81460D9F759
S31508030840C5FF9DF81410BDF80C0002F0A7FD70B1A2
S31508030850AF4A92F84E3E0133DBB282F84E3E23B9D5
S31508030860FDF7BCFF0CB0BDE8F08782F84E6EB8F111
S31508030870000F00F0BC80002F00F0B980002D40F077
S31508030880B68003A8FDF774F83E68814630468DF8AE
S3150803089020508DF82C5002F070FF002879D030468E
S315080308A002F061FF002800F0A1803846D9F711FE4F
S315080308B0002840F09B80384601A9D9F721FC9DF80A
S315080308C00430052B40F0928038460DF10701D9F71D
S315080308D027FC9DF80730082B40F088800DF10501A9
S315080308E02046D9F78AFD38460DF10601D9F785FD65
S315080308F09DF806A09DF80530534577D102A93846D9
S31508030900D9F71EFC384606A9D9F788FF9DF8203083
S31508030910002B60D006A8FDF72BF89DF82030064675
S31508030920022B61D0002861D00068716806AB03C347
S3150803093002238DF82030764A0AF1FF33D2F8DC1DFC
S31508030940DBB201F07F0083428DF806305ED0481E85
S3150803095000F07F0083425CD0013101F07F018B42B6
S3150803096044D102F6C462B37F03F00F03072B03D106
S315080309707169029B994239D8384606A9D9F76EFE9A
S31508030980A0BBB37F03F00F03072B02D1029B0133EE
S315080309907361B9F1000F2AD039464846FCF736FE8B
S315080309A03846D9F7D3FD06463846D9F75AFDFF2EFA
S315080309B005D0FF2803D0DFF86CC1B0422CD2544BC4
S315080309C093F8483E590712D42046D9F7CCFD70B19F
S315080309D0FCF76EFF0BE0204609A9D9F7F7FE9DF849
S315080309E02C301BB109A896E70028A4D10E25484E3A
S315080309F096F8493E013B062B2BD8DFE813F02B006C
S31508030A002A003800DF0044002A007D0102F6B4629A
S31508030A10A9E702F6A462A6E73B689A5B9919C2F3AB
S31508030A20C7129B5D7AB90A7991F803E0120442EA80
S31508030A300E2291F802E042EA0E02624503D14A7990
S31508030A40002A00F0BF8103F07F0302333344DEB28A
S31508030A50B3E7FEE7D6F8483FB6F85A1E2D480133E2
S31508030A60C6F8483F0CB0BDE8F047D7F760BFD6F8DD
S31508030A70443F0133C6F8443F002386F8493E0CB089
S31508030A80BDE8F04740E6A3881BB1B8F1000F00D1D3
S31508030A90FEE76DB967B196F8483EDA0708D53868B0
S31508030AA002F050FEC30603D506211B48D9F7FCF905
S31508030AB0D6F8403F0133C6F8403F002386F8493E3F
S31508030AC0164E8DF82C3096F85030DF07D7D5A38805
S31508030AD04BB109A92046D9F779FE012329462046B1
S31508030AE009AAFCF7B9FF0E4F96F8AA2107F58673EC
S31508030AF002F00F02072A18BF3B469B7F180713D13C
S31508030B00FCF776FEA7F12800EDF724FFB7E700BF49
S31508030B10C82F0020E03E0020103E0020C83F0020DA
S31508030B20484000209BB8EA0005F0FB030B2B26D0B0
S31508030B3065BB96F8513096F850200F2BC2F3800206
S31508030B400AD8002A9BD0B6F8503023F4706323F0F2
S31508030B500403A6F850300DE0F03386F85130DBB2C3
S31508030B600F2BEED896F8433065F3870386F84330A0
S31508030B70002AE8D101219048D9F7C9F87FE796F802
S31508030B80503043F0040386F85030F3E796F85130B3
S31508030B9020465D1C05F00F0565F3030386F85130FF
S31508030BA0D9F7E1FC00280CBF04230F239D42CADAB8
S31508030BB096F8503059073FF562AFE2E7D6F83C3F5F
S31508030BC00133C6F83C3F6DB1D6F8543F0133C6F836
S31508030BD0543F002386F8493E4FF44843EB40DA076F
S31508030BE002D4FEE786F8495E4FF00009DFF8D081A4
S31508030BF08DF82C9098F8083069F3C30388F8083001
S31508030C009B0727D5A28852B109A92046D9F7DEFD45
S31508030C1009AA4B4629462046FCF71EFF0246D6F884
S31508030C20EC1FA1B10B79D80700D4FEE73DB16FF3EA
S31508030C30C3030B71D6F8EC3F5B89A6F8E83FD6F8F1
S31508030C40EC0FB6F8E83F4189994228D983815B4876
S31508030C50D7F74CFD98F85030DA077FF510AF98F8B8
S31508030C609E301B073FF40BAFB8F8A030022B7FF674
S31508030C7006AF206802F081FD00283FF400AF237F0A
S31508030C809E0704D52046D9F76EFC0446F0B9002D15
S31508030C907FF4F5AE002F3FF4F2AE2C461CE06AB1A2
S31508030CA00179138D11F0080F4FF6FF7118BF002154
S31508030CB0C3EBC31340330B44DB0913852946FDF7FE
S31508030CC061F8D6F8EC0F02F019F8C0E715B102F08F
S31508030CD037F8D4E6002FFAD098F850306FF3C603E6
S31508030CE088F85030386802F02DFDC006EFD4FCF7BB
S31508030CF0DFFD002CEBD1C2E6D6F83C3F304F01337B
S31508030D00C6F83C3F002386F8493EFE6A3B63A6B114
S31508030D100E2DFB6214D00F2D24D015B10B2D21D027
S31508030D20FEE796F8483065F3060386F8483096F8E2
S31508030D30463065F3040386F846300023FB629EE6D5
S31508030D40206802F01AFD10B1237FD90714D596F847
S31508030D5048305A1C02F07F0262F30603032A86F818
S31508030D6048300AD8A388002BE7D02568284602F01E
S31508030D70E9FCC20505D5FEE7FEE7002386F84830F9
S31508030D80F0E7AB78284686F8453002F0F6FC0028EB
S31508030D90D3D0237FDB07D0D509A92046D9F7D0F9C5
S31508030DA0099B2046336406A9D9F727FB9DF8183013
S31508030DB086F84430C1E700BF00400020D43F002036
S31508030DC0C83F002003F07F03043BDBB2022B3FF648
S31508030DD0F6ADDFF88CC0DCF85C65002E3FF4EFADAA
S31508030DE099F8300010F0020F8DF8240004D073B37D
S31508030DF08A798DF82C20012210F0040F01F10601DF
S31508030E0011D093420FD94FF0FF0A02F1010E8A5C03
S31508030E1002EB821252007F3292B2B2FBFAF28DF8DB
S31508030E202D205FFA8EF2000711D593420FD9895CFC
S31508030E3082237F2213FB0123FF22B3FBF2F36FF016
S31508030E407F02823B9342B8BF13468DF82E3049463C
S31508030E50DCF86035B9F81C0009AAB047AFE500BF4E
S31508030E60C83F00202DE9F0431646054685B0AB4832
S31508030E700F46D8F735FA0E2E07D00F2E00F08980C5
S31508030E801EB10B2E00F0B080FEE72B7FC3F3800460
S31508030E905B0743D4002F40F09B80FCF7B7F8A04BC1
S31508030EA0B3F87C3E9C0608D5286802F066FC20B198
S31508030EB02C7F14F0010440F0BD800022984B83F880
S31508030EC07F2E002E40F0A0804FF00008286802F01D
S31508030ED044FC00238DF80C30AB888146904C002BDC
S31508030EE000F06F81284601A9D9F770FC01A8FCF721
S31508030EF03FFD002800F01681B9F1000F40F0DE80AF
S31508030F00002E40F01181D4F8243F0133C4F8243F5E
S31508030F10D4F8383F0133C4F8383F46E1AA79804B01
S31508030F2093F8521E914207D093F8681EC9071ED537
S31508030F3093F8691E91421AD1B3F8B22F4FF6FF7090
S31508030F40B2F5007F3CBF0132A3F8B22F002C18BFBD
S31508030F500020B3F8B21FB3F8B0EF01F1FF3C4A081B
S31508030F600EFB0C220244B2FBF1F2A3F8B02F87BBA7
S31508030F70FCF74CF86A4BB3F87C3E9A0606D5286804
S31508030F8002F0FBFB10B12B7FD80753D4002C60D09B
S31508030F9093E72B7FDFF8888113F0040FC3F38004EC
S31508030FA00ED1B7B9FCF732F8B8F87C3E980648D4A0
S31508030FB0D8F8943E1B7F5C0752D488F87F7E23E0DB
S31508030FC0D8F85C3FAA7901330024C8F85C3FA6E742
S31508030FD001242846D9F7C7FA0028C9D0E9F7A3FA9E
S31508030FE04F4BC3F8F80EC3E7DFF83481B8F87C3EF5
S31508030FF013F0200302D188F87F3E05E0286802F043
S31508031000BCFB88B988F87F0E454BB3F87C2E52078C
S315080310103FF55AAF93F8808E6B7E98452CBF4FF0F9
S3150803102000084FF0010851E72C7FC4F3000314F0BE
S315080310300104E0D028460DF10201D9F771F828B367
S31508031040FEE7286802F099FB0028B1D02B7FDB075F
S31508031050F0D4334BD3F8943E1B7F59077FF52DAF56
S315080310602F4AB2F87C3E03F00C03002B7FF425AF1E
S3150803107092F87F3E297E99427FF61FAF013382F8A5
S315080310807F3E05B0BDE8F043FDF788BB9DF8023007
S31508031090082B7FF47BAF284601A9D9F751F800B18D
S315080310A0FEE728460DF10301D9F7A7F900B1FEE7D4
S315080310B09DF803100198FCF739F867E7B6B10E2EC9
S315080310C032D1C38CC3EBC31303F580333F33DB0938
S315080310D0C384B8F1000F2AD1D4F8243F0133C4F8E6
S315080310E0243FB9F1000F3FF413AF0AE0C38CC3EBF7
S315080310F0C3134033DB09C384D4F8243F0133C4F84C
S31508031100243FD4F8303F0133C4F8303F002E4CD186
S31508031110D4F8343F0133C4F8343F46E0A43E0020F4
S31508031120C82F0020002ED7D0B8F1000F27D0D4F847
S31508031130503F0133C4F8503F94F8803E0E2E03F116
S31508031140010384F8803E2B7F43F002032B7798D163
S3150803115094F87E3E94F8D90E062B1CBF062384F812
S315080311607E3EFDF77DF994F8D93E0133DBB2052BB4
S3150803117028BF052384F8D93E05B0BDE8F083D4F823
S31508031180243F0B2E03F10103C4F8243F2CD1D4F8D2
S31508031190603F0133C4F8603FB9F1000F3FF4B8AEBE
S315080311A0D4F8303F0133C4F8303F9DF80C10BDF82E
S315080311B0040002F0F3F800B3D4F82C3F0133C4F863
S315080311C02C3FB8F1000FB7D194F87E3E3246022B76
S315080311D018BF02233946284618BF84F87E3E05B051
S315080311E0BDE8F043FFF718BB0F2E7FF47AAFD4F8A8
S315080311F0643F0133C4F8643FCEE7D4F8283F01338C
S31508031200C4F8283FDDE72DE9F047FBF721F8464CFC
S3150803121098B9B4F85A3E94F8581EDBB904F67C65B7
S3150803122094F8581E284602F0A5F8FBF715FFFBF7B6
S315080312304BFFFBF70DF80028F2D00020D4F8703ED8
S3150803124084F8490E13B1D4F8741E9847BDE8F047DD
S31508031250FFF75ABA94F8483E5A0703D404F67C6053
S3150803126002F088F894F87E3E94F8586EB4F85A5EFD
S31508031270002BE2D0033B032BDFD9B4F87C3E9B0754
S3150803128039D5DFF8A890D9F80080B8F1000F2ED128
S315080312901820FAF7D1FF4FF0800A868201264FF409
S315080312A07A77C0F80080867180F804A080F80580F4
S315080312B0C0F808806F430546E7F7E8FBB7EBC00FAE
S315080312C04FEAC00328BFB7FBF3F6284685F810A0F4
S315080312D0EE60E7F763FC50B9C9F8005094F87E3E10
S315080312E0052B02D0052384F87E3EBDE8F0870F4818
S315080312F0E7F748FBF2E73046FDF786F800B1FEE765
S3150803130094F87E3E052B1CBF052384F87E3E7F2377
S3150803131084F88F3ED6F718F92844C4F8900E0020AF
S31508031320BDE8F047FAF7A4BFC82F002084190020A8
S315080313302DE9F041014604463348DAF7B1F80028A7
S315080313405FD120686168304D304F03C5D7F83447FD
S31508031350A5F51476A5F61C3524BB2D4DD7F83847C5
S3150803136005F11408A5F66437A4BB06F51A7206F543
S31508031370127393E8030082E80300264A06F52C74E1
S3150803138082E8030006F5277282E80300402284E810
S31508031390030086F89B2286F8AF221020BDE8F041A9
S315080313A0FCF726B9E37CDB0712D52246002128463B
S315080313B0EBF7D5F9E37C22466FF34103E37406F5AD
S315080313C0127303CB2060616028460121EBF7C7F946
S315080313D06469C1E7AC4201D0444510D122460021D5
S315080313E03846FCF745F906F5127303CB40236060CC
S315080313F0A160224601213846E370FCF739F92469CE
S31508031400B2E7BDE8F08100BF10420020C82F0020D4
S3150803141060420020484200202DE9F04385B0074684
S31508031420DAF76EF9054640B93C46484E06F63C6877
S3150803143097F8FE303B449C4203D3284605B0BDE8E3
S31508031440F08323780C2B20D8DFE803F007242B300E
S315080314501F3F1F441F1F1F1F4800B4F803903C4833
S3150803146099FA99F95FFA89F94946D9F788FB05463E
S3150803147058B1252898BF374B4A4694BF53F82030AE
S31508031480354B36493648FCF72BF82046D7F732FF53
S315080314900444CDE761882E4849BA89B2D8F7ACFC2B
S315080314A0F3E73048A11CDAF703F8EEE76378A21CE2
S315080314B0102B28BF102302A92B4802928DF80C3053
S315080314C0DAF7E7FAFCF73CF9DFE72848A11CEDF75A
S315080314D098FFDAE7A01CFFF72BFFD6E72046DAF7D3
S315080314E060F8029080B201289CBF0223ADF8083049
S315080314F0BDF80830B6F83C2E9A4206D05D2253430F
S315080315006422B3FBF2F3A6F8123E0422404602A96C
S315080315100CF085F888B94FF48010FCF709F9B6F88A
S31508031520102EB6F83C3E9A42AFD3D6F8DC1D0222FB
S315080315300E480131ECF7CAF9A7E7029B4FF480106E
S31508031540C6F83C3EFCF754F8E9E700BFC82F00206D
S31508031550103E002074020408C7EC0308D21A0408D4
S31508031560491B0408703D0020783D0020A03D00205B
S3150803157073B50223154601AA0446DEF76EFB18B9AE
S31508031580019B1BB96FF0630002B070BD226892F924
S315080315900020002AF6DB06462268117839B106B11F
S315080315A00193042BEED809D10B06EBD406E00132DE
S315080315B0013B4FF001062260EED1019300232B6015
S315080315C0019B013BE0D322682E6812F8011B41EA0E
S315080315D0062129602260F4E713F07E0F2DE9F04710
S315080315E00C4615460CBF4FF0010A4FF0000A074692
S315080315F05246294620461E46C3F34508DEF7FEFB38
S3150803160048BB04F108095246484605F10801DEF7C6
S31508031610F5FB00BB08F1FF33D3F1000848EB0308D9
S315080316204246204605F11801DEF7E8FB98B942461B
S31508031630484605F12001DEF7E1FB60B92146384645
S31508031640F209DFF778FD30B904F110000121BDE88E
S31508031650F047DEF7F3BCBDE8F087F0B513460E4650
S315080316600122002185B0CDE902120091021D05462B
S31508031670022102A8DFF7A3F8044648BB06F11002C5
S315080316801146284602ABDFF7C3FC044600BB06F146
S3150803169008073A463946284602ABDFF7B9FC04463B
S315080316A0B0B902AB1A4619462846DFF7B1FC044619
S315080316B070B932463146284602ABDFF7A9FC044621
S315080316C030B93A463946284602ABDFF7A1FC044649
S315080316D002A8DEF7DBFB034814F10E0F18BF2046FA
S315080316E005B0F0BD00B3FFFFF0B5064615461F4625
S315080316F00C469DB0002959D0002A57D02022002134
S3150803170002A80AF059FF21462A46304602ABDCF7FF
S3150803171012FF0446E0B90AAD02AE0FCE0FC596E82E
S315080317200F0085E80F007B1C0E9340230C9A01A932
S3150803173022F0807222F4804242F400520AA80D94E1
S315080317400F930C920194DDF759F820B16FF09204C8
S3150803175020461DB0F0BD019D0135412D019528D8C0
S315080317602822214612A80AF027FF12A80CF0C0FC6B
S315080317700028EBD10AAA02A912A8DEF741F9012823
S3150803178011D058B1482814BF6FF092046FF085043E
S3150803179012A80CF0ADFC0028DAD0D7E704233B7077
S315080317A0229B1D60F4E76FF08B04F1E76FF0860464
S315080317B0CEE76FF08904CBE7F8B504464518073535
S315080317C049420D40A5F108063046F3F7DDFEA08829
S315080317D0331B618800EBE30080B2A1EBE30125F834
S315080317E0040C25F8061CA188DA10D1B1A4EBC101B3
S315080317F04F88C880D0194880E188C9B18A1A92B23D
S3150803180004EBC10125F8022C8A80A2889AB91149EA
S315080318108A681344CA688B60934200D9CB60304602
S31508031820F8BD15F8081C41F0020105F8081CE3E7A2
S3150803183025F8021CE9E7A4EBC2042278D207EED501
S31508031840044A91680B44D16893608B4288BFD3607E
S31508031850E5E700BFD0520020036B826B2DE9F04108
S315080318609A4288BF8363426C436A076892B002FB55
S315080318700377C36B0E46052203A95B6904463846FC
S31508031880984703A8F1F7DBF801280146307070D0B2
S31508031890656CE26B2368606AD2F814C005FB0030F6
S315080318A0052208A9E04708A8F1F7C9F801284FF067
S315080318B000053CD0D4E90A3201219342CDE90D450E
S315080318C08DF83C5010958DF8441043D1194620469F
S315080318D0F1F7F9F8236B626C14339B1AE0622363FE
S315080318E00E9B1BBB9DF8443003B3636A626C256881
S315080318F0D4F83C8002FB03550C350122D8F8143082
S3150803190001A9284698474FF6FF72019B99B291425F
S315080319100CD11B0C1B0443F4254343F0A503029384
S3150803192001222846D8F8183002A998470E9DE36B7A
S3150803193005225B6903A93846984703A8F1F77FF898
S3150803194030702846236BA26B9A4288BFA36312B0F2
S31508031950BDE8F081237C33B91C490DAA04F10800BC
S31508031960F1F73CF8BCE72046194A0DABF1F74AFAFA
S31508031970B6E7237C23BB2246164904F10800F1F790
S315080319802DF8616A2046F2F74BFA616A421C204633
S31508031990F1F7B0FC054620B9236B626C1344143B7C
S315080319A023632046A16AF1F78EF82368A062C01A5A
S315080319B0636CB0FBF3F060622046F1F7A3FAB6E76F
S315080319C000232046044AF1F71DFADAE7653A0208C6
S315080319D0213B02082D1702087D1702082DE9F0415D
S315080319E092B0044688461E46189F002B4FD0002FF8
S315080319F04DD02849284B0FAD002A08BF0B46036074
S31508031A0000232946C0E9013303624046DCF784FF15
S31508031A10002839D120460F990CF071FB1021204676
S31508031A200CF06DFB69464046DDF74FF860BB694627
S31508031A302046DDF787F8404603A9DDF75DF818BBAE
S31508031A404FF00108204603A9DDF77CF80F96134EDD
S31508031A50CDF8408006AB119695E8070083E80700A2
S31508031A6019462046DDF76EF80C9709ABCDF8348096
S31508031A700CAA0E9607CA83E80700204619460CF0F7
S31508031A8047FB20460BF0D0FF12B0BDE8F0812120BA
S31508031A90FAE700BF0001000400010104100000205A
S31508031AA02DE9F04794B00446DDE91D65DDE91F78A5
S31508031AB09246894629B96FF08604204614B0BDE8D4
S31508031AC0F087002AF7D0002EF5D00DB9002FF2D1F2
S31508031AD02388B3F5105F4DD1282200210DEB0200B0
S31508031AE00AF06AFD2022002102A80AF065FD0AA869
S31508031AF00CF0FEFA00283AD120465246494602AB74
S31508031B00DCF719FD04460028D7D1029B23F0080207
S31508031B10102A01D0202BCED1AE4221D206F11003D2
S31508031B209D421DD20F2FC6D93146102228460AF0E8
S31508031B30CBFD2E4633460022009502A90AA8FFF7D5
S31508031B404DFF064678B13A46002128460AF034FD89
S31508031B500023012EC8F8003009D16FF08B04ACE7D7
S31508031B600F2FE7D8A7E71023C8F80030A5E76FF0CB
S31508031B709204A2E76FF085049FE72DE9F0431E461A
S31508031B800023DFF8A890A1B007930F4690464B466B
S31508031B904FF4807207A9F6F706FC0446079814B1B2
S31508031BA0F6F7ECFB0DE04568D0E908122D0A012D7E
S31508031BB026D01D4B9D4223D04DB1F6F7DFFB6FF0C0
S31508031BC0860400232046336021B0BDE8F083102342
S31508031BD0CDE90047CDE90283049608ABFFF760FF1A
S31508031BE010F1860F044616D14C2229460DA80AF091
S31508031BF0E3FC0EA8CDF83090DFF707F90798CFE78F
S31508031C001023CDE90283002304960093019708ABBA
S31508031C10FFF746FF04460798F6F7B0FB002CD0D12A
S31508031C200028D1D00446CCE70200800000444004D3
S31508031C302DE9F043064685B018460D469146984663
S31508031C400AF0C6FD0746002862D0494640460AF010
S31508031C50BFFD044600285BD0874259D228460AF0BE
S31508031C60AFFD3B5C3D18202B08BF01352B780D2BA8
S31508031C7008BF01352B780A2B4AD148460AF0A0FD3E
S31508031C80235C2218202B08BF0132137801350D2B4C
S31508031C9008BF013213780A2B08BF0132A2EB0802E8
S31508031CA00C9BA4EB0508B8F1150F1A6005DD16227F
S31508031CB028461D490BF0B3FC60B3AC422CD900216E
S31508031CC02B460846CDF8008003AADDF7FDFF2C3026
S31508031CD024D0039C24B321460120F3F72FFC07469F
S31508031CE000B321462B46CDF8008003AADDF7ECFFA7
S31508031CF0044648B138460399F5F7B6F9A4F5885466
S31508031D00204605B0BDE8F083039B37607360F7E7A9
S31508031D10064CF5E7064CF3E7064CF1E7064CEFE706
S31508031D20064CEDE7064CEBE7581B040880EFFFFF6C
S31508031D3000ECFFFF00EFFFFFD4EEFFFF80EBFFFF92
S31508031D4080EEFFFF2DE9F84300F4E049B9F5804F2B
S31508031D5006460C4690461F4612D100F44F43B3F588
S31508031D60824F02D1C3B2412B0AD0FB0705D57B08A4
S31508031D7044B1E21DB3EBD20F05D06FF0860664E0DB
S31508031D803B46F5E7DC0080210120F3F7D7FB054640
S31508031D90002800F08880DFF7BDF806F44F43B3F553
S31508031DA0824F07D1F6B2302E5DD006D8122E17D041
S31508031DB0172E63D06FF086040AE0412EFAD1B4F5E4
S31508031DC0807F58D8FE2C8CBF6FF085046FF086048D
S31508031DD02846DFF712FD2846F3F7A8FA264634E025
S31508031DE040F209239C4259D03AD8B4F5807F4AD0A9
S31508031DF02ED824F02003C02BDCD1E02C45D0C02CF0
S31508031E004CD101212846DFF707FDF5F754F90646B5
S31508031E10002846D1B9F5804F39D105F168093B4603
S31508031E20424649462846DFF7ACF8F5F744F904462F
S31508031E300028CDD149462846DFF7A1F9F5F73BF93E
S31508031E4004460028C4D1089B1D603046BDE8F883C4
S31508031E50B4F5C07F0CBF6FF085046FF08604B7E74F
S31508031E60B4F5047FF6E724F08003B3F5807F15D035
S31508031E70B4F5007FEEE7B4F5E07FEBE7C02C0DD0B1
S31508031E80B4F5807FE6E70321BCE70221BAE73B46C0
S31508031E90424629462878DFF747FDCFE76FF08504E2
S31508031EA096E7044694E76FF08C06CEE700232DE900
S31508031EB0F04385B013600F46904602A91A46F6F713
S31508031EC072FA044640B9029D2B885A0408D4284658
S31508031ED0F6F754FA6FF08604204605B0BDE8F0839A
S31508031EE06A68D5E90896120A0BD0012AEFD13B4650
S31508031EF0324649462846CDF80080FFF7F5FB0446E7
S31508031F002DE003F4E043B3F5804F1CD1288800F491
S31508031F10E043B3F5804F20F4405244F2010337D12E
S31508031F209A4207D000F44F40B0F5824F02D0B0F57D
S31508031F30844F2FD1412E029C18D92046F6F71EFA54
S31508031F406FF08904C8E73B46324649462846CDF82A
S31508031F500080FFF7C9FB10F1860F0446D6D0029816
S31508031F60F6F70CFA002C08BF0446B5E7324649468D
S31508031F7038460AF0C3FB0021C6F14102B8190AF034
S31508031F801BFB2046C8F80060F6F7F8F90446A3E7F2
S31508031F909A4205D10298F6F7F1F96FF085049BE7A3
S31508031FA000F44F43B3F5824FF4D10023039303ABF5
S31508031FB069884A4600933346FFF7C4FE044618B1B8
S31508031FC00298F6F7DBF987E7039D4346412239462C
S31508031FD02846F5F770FD04462846DFF70EFC284623
S31508031FE0F3F7A4F9BBE72DE9F043002304461046AB
S31508031FF0C5B0CDE92A332C9326913023014425AA6B
S3150803200026A8DDF72AFE10B1A0F574503CE0DDE9F9
S3150803201025371F44394624AA26A8FFF7A9FA002814
S31508032020F2D1249B012B40F0C7800423394625AA05
S3150803203026A8DDF712FE0028E6D1DDE92565AB19EA
S315080320409F4226932FD0A023394625AA26A8DDF733
S3150803205004FE28BBDDE92523002A03EB020840F327
S31508032060AD801B78062B2A9340F0AA8041462BAAFB
S3150803207026A8DDF7F2FD50B1B0F5745004D1214618
S315080320802AA8F4F7A3FF70B145B0BDE8F083269BF1
S315080320902B9A2C93134498452693F0D04948F3E793
S315080320A010F1620FB0D1902204F1100168460AF0CC
S315080320B025FB94E80F00F4F77DFF334601462A46CD
S315080320C00078DFF731FC10B1B0F57450DCD1269BEC
S315080320D09F423AD0A123394625AA26A8DDF7BDFD96
S315080320E078BBDDE925371F443946032325AA26A8E5
S315080320F0DDF7B3FD002887D1259911B96FF067007D
S3150803210082E74B1E2593269B1A78002AF6D15A1C7A
S315080321100B449F422692C1D1D4F80480BB1A08F116
S31508032120680949464046DEF72CFF28B94946404622
S31508032130DFF725F80028A7D010F59D4F05D02248CC
S31508032140A2E710F1620F7FF45FAF676827A93878B3
S31508032150F6F78BFE0446162200210DF1B6000AF0A7
S315080321602BFA44F4E24401212DA8ADF8B440F0F764
S315080321706DFA3246294628AB2DA8F5F7CFFC20B1D0
S3150803218045B0BDE8F043F4F7B1B9289D29AA284616
S3150803219033A9FFF78BFE04462846F6F767F90CB111
S315080321A02046EDE70028EBD13846299B33AA07F1E9
S315080321B06801DEF7E6FE67E7044865E7044863E770
S315080321C0044861E79AC2FFFF00C3FFFF80C2FFFF0F
S315080321D0A0C2FFFF9EC2FFFF2DE9F0438D188BB007
S315080321E0064602913023294601AA02A8DDF735FDE2
S315080321F010B1A0F574544FE0DDE901371F446A4670
S31508032200394602A8FFF7B4F90028F2D1009B002B40
S3150803221040F08F80CDE9043306933946302303AA69
S3150803222002A8DDF71AFD00283CD1029C3B1B002BB4
S3150803223036DD237808AA0793039B02A81C44214684
S315080322400623DDF70AFD68BBDDF80880DDF8209074
S31508032250CDF8248008EB09039C42029309D10C218B
S3150803226004A8F4F7F7FE3B4C2068002851D13A4CF2
S3150803227012E018F8092001330492214605AA02A898
S315080322800293DDF7B9FC68B9029B059A06931344D2
S315080322909C420293E7D0314C20460BB0BDE8F0834D
S315080322A02F4CF9E7B0F56A54F6D1042339460DEBFA
S315080322B0030202A8DDF7D1FC00289AD1019F002F5B
S315080322C039D0A4F102085FFA88F8B8F1020FCED81C
S315080322D0244B53F828100029C9D03046F4F754FE86
S315080322E004460028D8D1B8F1020FC0D0314604A855
S315080322F0F4F76CFE044640B9DDF808803A464146D1
S315080323003046FFF770FE044668B13046F4F7C6FE5A
S31508032310C2E76368994504D14A4641460BF07FF9FB
S3150803232058B11434A0E7104BB844454518BF1C46AA
S31508032330B2E70E4CB0E70E4CAEE7247C012CB4D1C1
S31508032340049B052B00D013B9059B002BADD0094C74
S31508032350A2E700BFD01B040880C3FFFF1AC5FFFF0F
S3150803236020C5FFFFDC0804089AC2FFFF80C2FFFFEF
S31508032370A0C2FFFF80C5FFFF2DE9F843814604305D
S315080323800D4617461E46DDF7ADFE04464846DEF7FC
S3150803239095FD01288146DDF8208029D1002105F124
S315080323A01000DDF799FF48B9B8F1000F02D11148BB
S315080323B0BDE8F8833070C7F80090F9E70734E408F6
S315080323C06300013398453B60F1D331460423224623
S315080323D0284601F8013BDDF7B7FE0028E8D1611C62
S315080323E02246314405F10800BDE8F843DDF7ACBEE3
S315080323F00148DDE700B1FFFF80B1FFFF2DE9F04F8C
S31508032400B7B0CDE90312114606469A46DEF754FFDE
S315080324100446002840F09E8151463046DEF7AFFE5B
S315080324200446002840F096813046DEF747FD01282A
S31508032430834640F09881336C1821013302204FEA12
S315080324405309F3F77BF80546002800F08A8105F15E
S315080324501808DEF73CFD4046DEF739FD15AB0322C7
S315080324601F46013A03F1080323F804BC23F8024C78
S3150803247043F8084CF5D251462846DEF758FD04467C
S3150803248098BB82464FF0180BD1451DD141463046BD
S31508032490DEF70CFE044640BB43462A464146304611
S315080324A00097DFF786F80446F8B941463046DEF763
S315080324B0FDFD0446C8B905F11000DDF7E7FC05F193
S315080324C02800DDF7E3FC10E0BAFBF9F101238B40A2
S315080324D009FB11A1DBB20BFB0352F9B13B461146CB
S315080324E03046DEF760FF044638B34FF0000A07EBC1
S315080324F00A000AF1080ADDF7C9FCBAF1200FF6D17A
S31508032500F4B1B36D9D422CD02846DFF743F9404614
S31508032510DFF740F92846F2F709FF22E003F0FE0148
S3150803252001EB5301104605EBC1010592DEF7FFFCEB
S31508032530059A04460028D1D0D7E70AF1010AA3E78A
S31508032540012306F1340B21465846CDE90D4307947A
S315080325500893DDF7B7FD012811D0B36D9D4204D169
S31508032560824C0398DFF716F9F4E02846DFF712F9E9
S315080325704046DFF70FF92846F2F7D8FEF0E721467B
S315080325800498DDF79FFD0499824607A8DDF7A7FCA3
S31508032590044630B10DA8DDF779FC07A8DDF776FC0C
S315080325A0AFE75946049A0DA8DDF7CCFE0446002882
S315080325B0F0D1BAFA8AFA4FEA5A1A52460DA907A867
S315080325C0DDF71CFC04460028E4D1014609F10102A3
S315080325D0384609F0F1FFBB463B462746B9450493FF
S315080325E061D0394607A8DDF76DFD049B09EB0701A2
S315080325F01C780137044307A8DDF764FDE4B2049B9E
S3150803260044EA400403F8014BE8E79BF801009BF80A
S31508032610003080EA020C6FEA0C0101F0010113FB9A
S3150803262001F3104003EA0C0283EA0C030BF8013F9B
S315080326301BF8013C024343EAC1130BF8013C01347E
S31508032640A742E2D20DF134094846DDF71FFC07A875
S31508032650DDF71CFC07A8DEF73AFC03224B460120EC
S315080326600021013A03F1080323F8040C23F8021C9A
S3150803267043F8081CF5D207F1D8036B442A463046BB
S3150803268013F8843C0399FEF7A7FF044660BB409BF7
S31508032690002B63D01A4630460399FEF7DEFF00285F
S315080326A05CD0044620E000220124C9E7039A4B467E
S315080326B011463046013FDEF776FE0028F1D12A4659
S315080326C030461BF8073007A9FEF786FF0028E8D12E
S315080326D0039A30461146CDF8009007ABDEF769FF3B
S315080326E00028DED1002FE1D107A8DFF745F8002738
S315080326F00DABD8190837DDF7C9FB202FF8D1002C05
S315080327007FF4FFAE524630460399DEF714FD0446BE
S3150803271000287FF4F6AE409B43B11A463046039928
S31508032720FEF79BFF044600287FF4EBAE3046039979
S31508032730DEF7BCFCB36D04469D4208D02846DFF796
S3150803274029F84046DFF726F82846F2F7EFFD002C6E
S315080327507FF407AF204637B0BDE8F08F0DF1540B71
S31508032760C0E7034CFDE6014CF4E700BF80B0FFFF6A
S3150803277080B2FFFF38B50C46054601212046DDF732
S3150803278017FD28B921462846BDE83840DEF7F8BDC7
S3150803279038BD0023F7B50679136004460F46436927
S315080327A026B1FF2E12D16FF0860532E0002BFAD13F
S315080327B0836823F47F4323F00303002BF3D14FF6F7
S315080327C0F87342889A4227D801A810E06FF040426E
S315080327D0013B9342E7D2806820F47F4020F0030050
S315080327E00028E0D14FF6F87362889A4214D839461E
S315080327F0F5F767FC054660B90FCCD7F800C06746FE
S315080328000FC794E8030087E8030016B9019BCCF8C1
S315080328101430284603B0F0BD6FF08505F9E72DE9B6
S31508032820FF47037906468846002B6AD0D0E9089500
S31508032830B9F1000F7AD0002D78D0B5F5005F78D2BC
S3150803284005F1240739460120F2F778FE04460028E5
S3150803285072D04FF0000A3A4AC0F808A0136D4946E9
S315080328600360536D243040F8203C73682A4640F8C9
S31508032870183C338820F8143C738820F8123CB36854
S3150803288040F8103CF36840F80C3C336940F8045CA4
S3150803289040F8083C09F032FFD6F8149051464846EA
S315080328A002AADBF7BFFD8C3009D039462046F4F778
S315080328B0DBFB6FF08A05284604B0BDE8F08751466E
S315080328C023463A464846CDF800A0DBF73BFD0146CA
S315080328D028BB484602AADBF7A5FD054620B9029B95
S315080328E09F420AD06FF0980548460021DBF7B9FDE9
S315080328F039462046F4F7B8FBDDE739462046F4F7B0
S31508032900B3FB73690025C8F80030337E012B0BBF70
S315080329100223C8F8005033766FF09605CBE739469D
S315080329202046F4F7A1FB6FF09805C4E76FF0860518
S31508032930C1E76FF08D05BEE76FF08C05BBE700BFF7
S31508032940D01B0408F0B507460C461E4615468DB03F
S3150803295052B1002B31D0B3F1005F2ED3C2F100532D
S3150803296003F580239E4228D81022002108A809F0DF
S3150803297023FE002207AB029305AB019306AB214660
S315080329800093384608ABCDE90522DBF7AFFB0446CF
S3150803299080B9059B32469D4228BF1D46129B07995F
S315080329A01D600748069B0095F0F7C6FB002818BF6D
S315080329B06FF0910420460DB0F0BD6FF08604F9E779
S315080329C09819002030B5204DD5E9053452B38B420A
S315080329D00FD0E1B92B6973B92A6982B3002818BFE6
S315080329E004462278D20714D5A28842B3A4EBC204BC
S315080329F0F7E72B698BB140B92B681A78D2070CD540
S31508032A00DA884AB103EBC203F7E70346F5E78C42D4
S31508032A10E2D0C5E9053430BD13468C42DCD0002923
S31508032A20DAD0F6E78B4208D0834228BF03468C42A6
S31508032A3007D0844238BF0446EBE70346F7E7144654
S31508032A40E7E70446E5E700BFD052002000232DE957
S31508032A50F04789460B60002800F097804C4F7B6847
S31508032A60984280F09280073020F00705EFF3118A29
S31508032A70302383F311887E69AEB133787288DB0716
S31508032A804FEAC20204D5F3886BB106EBC306F4E733
S31508032A909542F8D816F0070303D045EA03018A429C
S31508032AA0F1D3EB1806D18AF31188BFF36F8F192078
S31508032AB0BDE8F08772883969C3EBC2020139272A50
S31508032AC039614FD99D4205F1080846D00821304699
S31508032AD0FEF772FE0446A0444046F2F755FD6288A7
S31508032AE005F10F01A2EBD102A8F80220E288CB0870
S31508032AF0A8F80430002A32D0D31A9BB204EBC202D8
S31508032B00A8F806309380B8F80430ED080022E3806D
S31508032B10314640466580FFF755FFBB68FA680833B8
S31508032B209342BB6088BFFB60237843F0010323709D
S31508032B303B6901333B616288BB6803EBC203FA68EE
S31508032B40BB60934288BFFB608AF31188BFF36F8F1C
S31508032B5008340020C9F80040AAE73446BBE7A8F8BA
S31508032B600620D0E79D420ED008213046FEF724FE04
S31508032B7004462378012243F0010331462046237095
S31508032B80FFF720FFD7E73446F3E7212090E700BF96
S31508032B90D05200202DE9F04F9A468BB09DF850305D
S31508032BA0DFF854B10293DBF81030804653450D46DF
S31508032BB01646C0F09B80D146DBF804300193B9F181
S31508032BC0000F00F08F80D8F83C3001225B6907A913
S31508032BD001989847079BDBF80010C3F3D312914279
S31508032BE040F0878013F07E0F1CD1D8F83C300222C0
S31508032BF05B6908A90198984708A8EFF711FF082702
S31508032C000446019B029A3B44002A3CD1A6420FD9AB
S31508032C10361B144640460199EFF755FFA9EB0409FD
S31508032C200190CCE707A8EFF7FBFE04270446E8E77D
S31508032C30A41B544528BF5446032C03EB0607AAEBEB
S31508032C40040A4FEA94021CD9D8F83C302946384678
S31508032C505B69984724F0030304F003061F441D44E5
S31508032C60002ED7D0D8F83C3001225B6908A938462C
S31508032C7098473246284608A9354409F03FFD0026F9
S31508032C80C8E72646ECE7274604F0030203922344E3
S31508032C902A1904920593049BDD1B059BD81B039BEA
S31508032CA09F420FD1002FB5D0D8F83C30012208A98E
S31508032CB05B6998473A46284608A90AF0B0FC78B9EA
S31508032CC03D44A7E7D8F83C30012208A95B69984731
S31508032CD00422284608A90AF0A2FC08B9043FDAE741
S31508032CE04FF0360948460BB0BDE8F08F4FF063093D
S31508032CF0F8E74FF06F09F5E770520020037910B52E
S31508032D0013F00103044611D1094AD2F8EC1F88428D
S31508032D100146084804BFC2F8EC3FA2F8E83FD5F7D6
S31508032D20CDF92046BDE81040D4F7E6BC10BD00BF78
S31508032D30C82F0020943F002008B1D4F7DDBC7047A4
S31508032D4038B5204C94F85030DA0736D5A4F58055B3
S31508032D5095F8483E5B0730D494F8AA3104F180020B
S31508032D6003F00F0304F5C670072B18BF1046D6F7F2
S31508032D70C6FF10B304F14400D5F74DFE95F8482E67
S31508032D80D0071AD595F8493E052B10D0B5F84A3E13
S31508032D9099060CD4C3F3001383F0010363F34102CA
S31508032DA00521A4F5DC7085F8482ED7F77DF8BDE82C
S31508032DB0384000210448D6F7AABFBDE83840FAF7D9
S31508032DC017BD00BFC83F00200040002070B550B3B0
S31508032DD0174B1A68904226D3D3E9024104FB012212
S31508032DE0904220D2EFF31186302282F311880268CB
S31508032DF0541C0ED01C68A2420ED3D3E9025105FB1C
S31508032E000145AA4208D2121BB2FBF1F401FB1422B4
S31508032E1012B95A68511C07D15A680260586086F37A
S31508032E201188BFF36F8F70BD9042F8D01268F1E72F
S31508032E30B81F0020002370B54FF47A720A250B6079
S31508032E40441E14F8010F00B970BDA0F13006F3B2A1
S31508032E50092B11D8B2F57A7F0B6805D002FB063326
S31508032E60B2FBF5F20B60ECE76B430B602078303866
S31508032E7002FB00330B60E4E72E2804D1B2F57A7F10
S31508032E8001D16422DDE70720DEE710B506490446CB
S31508032E90F9F7D3FF352341F658322382034BC4E9A6
S31508032EA005230123237710BD281C04080301010504
S31508032EB070B500244FF060412246204E052A28D8D3
S31508032EC0DFE802F038031D1F21230C23D1F8805EA7
S31508032ED0ED0710D5D6F8FC5045F08075C6F8FC50BA
S31508032EE0D1F8005E45F48075C1F8005E0D6A002DC1
S31508032EF0F0D081F820300132112ADFD170BDD123F9
S31508032F00E4E78023E2E70023E0E7651C2346ECB207
S31508032F10DCE7A2F10E03012B0ED9102A07D14FF0D5
S31508032F206043D3F8803EDB07E8D55D23D2E7831FEA
S31508032F309B5CCBE75B23C9E75A23C7E700ED00E0B1
S31508032F408B4228BF0B462DE9F04705464FF0000E86
S31508032F50A1EB030A03F00707089CDB084FEA431CA7
S31508032F6002EB43139A4205F120050FD16044054647
S31508032F704FEA870C03EB8707BB4240F08180604426
S31508032F80BAF1010A80F08B80BDE8F087166855F818
S31508032F90201CA4FB066816EB0E0648F100087618F3
S31508032FA045F8206C566855F81C1CA4FB069E48F188
S31508032FB0000616EB09064EF1000E761845F81C6C4A
S31508032FC096684EF1000EA4FB06961EEB090E46F113
S31508032FD0000855F8186C55F8141C1EEB060645F838
S31508032FE0186CD66802F12002A4FB069E48F1000677
S31508032FF016EB09064EF1000E761845F8146C52F8CE
S31508033000106C4EF1000EA4FB06961EEB090E46F154
S31508033010000855F8106C55F80C1C1EEB060645F807
S31508033020106C52F80C6CA4FB069E48F1000616EBCE
S3150803303009064EF1000E761845F80C6C52F8086C22
S315080330404EF1000EA4FB06961EEB090E46F1000888
S3150803305055F8086C55F8041C1EEB060645F8086C6B
S3150803306052F8046CA4FB069E48F1000616EB090603
S315080330704EF1000E76184EF1000E45F8046C71E712
S3150803308053F8042B2968A4FB022612EB0E0246F119
S315080330900006521846F1000E45F8042B6CE7036840
S315080330A013EB0E032CBF4FF0010E4FF0000E40F842
S315080330B0043B65E7012303FA01F130235843014B27
S315080330C01950704740E003504FF0004238B51D4B86
S315080330D01D4C5A664AF6CD33656C236405F0010523
S315080330E0C0B90120F1F77CFB6368D90701D42DBB6E
S315080330F038BD0122154B5A60154B226BD207F6D4FD
S31508033100013BFAD1F3E70133216B080705D593424F
S31508033110F9D1ECE700230F4AF6E79342E7D02022DA
S315080331200A4B9A620122A3F580535A60084B064A52
S31508033130916A8906DBD4013BFAD1D8E7024B064AE2
S315080331401A64D5E700900050004009500060095002
S3150803315041420F0040420F003254FFFF73B500256A
S3150803316004468DF8075020466169EFF709FC266B7C
S31508033170864209D2236AB5EB430F05D220460DF1E1
S315080331800701FEF769FB50B19DF80730012B04D1FF
S3150803319020460DF10701FEF75FFB02B070BD01354E
S315080331A0E1E70B4B1B788BB107280FD8EFF3118296
S315080331B0302383F31188074B03EB0010037B0BB112
S315080331C00023037382F31188BFF36F8F704700BF21
S315080331D0155200209050002008B1D5F71DB8704746
S315080331E0C0F3C00200F00203134380000A7800F01C
S315080331F00400034322F0070213430B7070474FF48E
S31508033200407330B587B005463821002002AAADF8C9
S315080332100830FAF77DFE044648B3A5F11003012BDF
S315080332204FF0FF3388BF002301228DF807308379D7
S31508033230C57162F3030383710DF10701D4F7F6FD34
S3150803324090B99DF8073043B915230A22204603A9E6
S315080332508DF80C30D4F7F4FC30B9204603A98DF861
S315080332600C50D4F7E3FD18B12046D4F745FA0024E9
S31508033270204607B030BD023802288CBF0020012043
S31508033280704738B5194C054694F85900FFF7F3FF0C
S3150803329050B394F858200023C2F34002013228465B
S315080332A01349D2B2F9F74AFC94F85930022B17D1CD
S315080332B094F85B301B0713D494F815324FF47A71DC
S315080332C0FF2B1CBF013384F815320123094884F800
S315080332D01432F9F73DFDBDE838400748EAF710BE52
S315080332E00023A4F81432F6E738BD00BFC83F002010
S315080332F03D1C0408DC410020D441002028B1807F0E
S3150803330000F00F00C31F58425841704710B90520F3
S31508033310F9F715BE0520FAF79DBC10B50446D9F78B
S3150803332045F8A37823F0780343F02803A37010BD68
S31508033330002814BF4FF000504FF08050FAF758B9E1
S315080333400021FE2280F8FE10C0F8001109F034B9F6
S3150803335000B5C3B001A8FFF7F3FF054801A9D7F7DE
S3150803336007FE10B901A8FEF757F843B05DF804FB4A
S31508033370383D002010B504460846FBF745F820B942
S31508033380A378022B1CBF0223A37010BD10B50446F5
S31508033390E5F74AFF4FF00043236010BD012905D125
S315080333A04FF6FF73C31A58425841704700207047B7
S315080333B02222002109F000B9006808B520B1F4F704
S315080333C0DBFCE5F761F800B1FEE708BD30B5E0249C
S315080333D0B9B000F1080522460560848000216846D5
S315080333E009F0EAF822466946284609F087F939B00A
S315080333F030BD03680BB119607047FEE710B5044684
S31508033400D4F7A2F8206000F100400138606010BDCF
S3150803341010B414461A4623465DF8044BD4F768BA23
S3150803342007B50222ADF806100DF10601D4F71DF90A
S3150803343003B05DF804FB10B50A7A0446012A02D0E4
S31508033440022A04D010BD0988BDE81040E8E783883E
S31508033450E28803F108009042F4D820681844D7F7A5
S31508033460ACF9A3880833A380ECE7016001B1C96905
S315080334704160704770B5124B92B00546D3F81418DD
S3150803348002A8FFF7F2FF0F4E029C0CB912B070BDEB
S31508033490214604A8D4F784FA0D9BB3420BD10E9B9D
S315080334A0AB4208D10B2200232146CDE90032064858
S315080334B004AAD5F7E0FA02A8D4F718F9E4E700BF97
S315080334C0C82F002051E50108D83700202DE9F84315
S315080334D002F1310727F0010799467B788046013BBD
S315080334E0032B0E46154628D81748FAF7C7FD044690
S315080334F018B32846D4F735F8014630B101281ED04B
S315080335002046BDE8F843D4F7F7B8324602212046E9
S31508033510D4F754F97A8804F1310323F001035A8066
S3150803352029462046D4F784F90028E9D14A46214694
S315080335304046D5F711FC0028E2D1BDE8F8833246A8
S315080335402046D4F73BF9EBE7CA00040870B50446EE
S315080335500D46D4F70DF830B12B462246BDE8704028
S3150803356044210148B2E770BDD83700202DE9F04160
S3150803357006461046884614461F46D3F7F9FFF8B1A0
S315080335801048FAF77BFD0546D0B13134414600228F
S3150803359024F00104D4F712F9628805F1310323F004
S315080335A0010328465A80D4F72DFB3A462946304666
S315080335B0D3F7E5FF20B12846BDE8F041D4F79CB818
S315080335C0BDE8F081CA00040813B50C4601A9EEF755
S315080335D0F4FF20B9019B003B18BF0123237002B0F7
S315080335E010BD38B505460C4641B9006890470449ED
S315080335F002462846D3F7F0FA204638BD0720FCE7EB
S315080336005DED0308082307B50A460190ADF80230B5
S315080336100DF10201002301A8EEF76AFF03B05DF876
S3150803362004FB38B505460C4641B90068904704497A
S3150803363002462846D3F7D0FA204638BD0720FCE7CA
S3150803364098E203080346084619460BB1F9F7F5BB92
S315080336500720704713B50C4601A9EEF71FFF30B9CB
S31508033660019B03F18002FF2A8CBF0720237002B057
S3150803367010BD13B50C466946EEF7BCFE40B9009B70
S31508033680019AB3F5803F72F100022CBF072023800D
S3150803369002B010BD13B50C466946EEF7ABFE40B94A
S315080336A0009B019AB3F5807F72F100022CBF0720B5
S315080336B0237002B010BD2DE9F04104460F46144DA0
S315080336C0144E2B88B6F800C0C3F580639BB2BB4281
S315080336D028BF3B46DFF840E0E01884420AD1FB1ACC
S315080336E09FB2E5F701FD8FB1E5F7EEFC70B9E5F793
S315080336F0D5FCE6E72A8814F8018B0CEB0201C1F323
S31508033700090101320EF801802A80E6E7BDE8F08157
S31508033710041A0020021A0020241A00204FF0FF3052
S3150803372070474FF0FF307047014B186801F076BDBC
S315080337305C190020024B01220021186809F0C7B85A
S315080337405C1900200088704708B5FFF7FBFF10F4E3
S31508033750807F0CBF0320022008BD08B5FFF7F2FFE0
S31508033760C0F3401008BD08B5FFF7ECFF00F440505E
S31508033770A0F500535842584108BD08B5FFF7E2FFC4
S31508033780C0F3C00008BDF4F771BE2DE9F04F066813
S3150803379004469BB03046FFF7F0FF002800F0BA81D5
S315080337A0204607A9D6F7BCFC0546002840F0B28197
S315080337B09DF81C70082F40F0AD81237FDA0600F1CF
S315080337C0A98196F8008008F00708B8F1020F19D105
S315080337D08DF81C0007A92046D6F70FFE9DF81C1086
S315080337E0002900F0A181BE4B5B785A1E91420CD08A
S315080337F08B4209D00133994200F0088138461BB041
S31508033800BDE8F08FB64B5978012510230C2213FB1C
S315080338100523B34D2B44A360237FDB0710D43378EA
S31508033820204603F00703022B02BF6B682970AB60BF
S31508033830D6F7F7FD696820464B1C6B60D6F790FCF4
S31508033840002320680293FFF798FF002800F062819F
S3150803385020460DF10701D6F753FC002840F05A819C
S31508033860204602A9D6F76CFC002840F053819D4AEE
S3150803387003AB106851689DF8075003C302981946AD
S31508033880D3F783FE20468DF81850D6F7DBFDA368D9
S31508033890861E5FFA86F816F00106139340F0B88081
S315080338A00638C0B20C2800F2B3802046D6F741FE8C
S315080338B03546074603466A1C002B40F0AA80EDB23C
S315080338C0022D38BF02252046022DC5F10F0918BF60
S315080338D05FFA89F9D6F725FE021E18BF0122013DB4
S315080338E0A8F10203EDB25B1045EAC30343EA821368
S315080338F003A94A4683460DF11D008DF81C3008F0CE
S31508033900FDFE0BAA39460F2392469945C0F08480DB
S3150803391007AA114613980AF0C1FABBF1000F06D09D
S3150803392002269DF81D308BEA03038DF81D304A469F
S3150803393003A90DF12D008DF82C5008F0DFFE07AB17
S3150803394009F11100C9F10F020021184408F034FEE9
S3150803395010238DF864904FF000092046CDE915979A
S31508033960CDF850B0CDF85C90ADF86060ADF8623034
S315080339708DF86580D6F7D5FD8345054652D3266867
S315080339808719B7424FD1159B1D44149B15959D4224
S315080339900AD1BDF8603023B107AA114613980AF075
S315080339A07DFA0023ADF860302046D6F7C2FD179B93
S315080339B0169A0344934205464FD82046D6F7A7FDE1
S315080339C0002680462F18474548D1179B1D44169B4A
S315080339D017959D4215D3BDF8603023B107AA114642
S315080339E013980AF05BFA9DF864200E2A09D802F1A7
S315080339F0110007AB0021C2F10F0253FA80F008F059
S31508033A00DBFDDDE916329A426ED0FEE74546FCE653
S31508033A10FEE715461B0A4EE7013B02F8011DDBB21A
S31508033A20090A72E7FEE7BDF86030102B06D107AA2C
S31508033A30114613980AF032FAADF86090BDF8603073
S31508033A405A1C6833ADF860206B4416F8012B13F83B
S31508033A504C1C4A4003F84C2C93E7FEE7BDF862304A
S31508033A60102B12D10FA90F200A469DF864C0604592
S31508033A7005DD11F8013D0133DBB20B706BB351461B
S31508033A8013980AF00BFAADF86260BDF8623098F83D
S31508033A9000905A1C6833ADF862206B4413F82C3C2B
S31508033AA089EA030308F8013BBDF86030102B06D1F9
S31508033AB007AA114613980AF0F1F9ADF86060BDF844
S31508033AC060305A1C6833ADF860206B4413F84C2CED
S31508033AD089EA020903F84C9C75E70138C7E700BF72
S31508033AE0604F0020584F00202046D6F7ABFCA68827
S31508033AF00FAA361A5146139825680AF0CFF90022F9
S31508033B0007ABA8199DF865108A4205DB237F43F0A6
S31508033B1010032377002771E613F8011B0132DD7FB3
S31508033B20694000F8011BEDE7012767E608B5C36896
S31508033B3000209847024B1868BDE808400AF03ABACD
S31508033B4010520020F0B40C4D049E2D788DB1072831
S31508033B500FDC0A4D070105EB001494F80CC0BCF101
S31508033B60000F06D0EB5100236660A360F0BCF0F7A4
S31508033B701DBFF0BC704700BF1552002090500020AF
S31508033B802DE9F04F0026056893462A7999B0D2099C
S31508033B9080460C46B1469DF888A0019304962AD020
S31508033BA0814FD7F86C2632B36A89B2F5A06F22D84B
S31508033BB07E4904F10800D7F773FC019B08B3D3B118
S31508033BC097F868360BB318342046E8F749FDE0B989
S31508033BD0BBF1110F63D0BBF13A0F16D12046FAF7A2
S31508033BE089F890B12846A9890EAAE8F7A5FB9DF896
S31508033BF03830802B09D1049819B0BDE8F04FFFF788
S31508033C009BB897F86826002ADCD15246414604A891
S31508033C10FAF755F80028EED1049DADF814006B8920
S31508033C200EAAADF8163005A928232846D3F783FF2D
S31508033C30282105A8D4F7AAFA9DF83E30002B7AD195
S31508033C40284602AA05A9FAF721F80446002872D1DC
S31508033C50BDF81630002B34D1022C6AD8002C6AD052
S31508033C60BDF81480A8F10806B6B2002E6CD1082157
S31508033C702846D3F7F4FD022C7FD19DF808308DF83A
S31508033C803E30BDF83C3000215BBA083B5BBAADF861
S31508033C903C3028230EAA2846D3F790FF4BE00EAAFA
S31508033CA02846A989E8F748FBBDF83A30D7F8A0268D
S31508033CB05BBA9BB2002AA8D0118A99429BD0126B91
S31508033CC0F8E7294605AA03A8E8F71CFD98BB9DF85B
S31508033CD00C30012B1FD96D2B25D164BB03A8E8F73C
S31508033CE00AFDBDF816800646404528BF46460628FF
S31508033CF0BDF81490B6B21ED8B9F12A0F02D19DF8B1
S31508033D000930A3B1C84409F108041FFA88F8A4EBDB
S31508033D1008035C425C4103A8E8F7EDFC014605A8E5
S31508033D20D4F734FA94E7002C18BF0324F3E70224E4
S31508033D30F1E7032C2DD0002328460493D7F87016F1
S31508033D40D7F86C36984756E7202EB14628BF4FF06A
S31508033D502009A6EB0906B6B2A8EB09084B46314675
S31508033D6006AA28461FFA88F8D3F7C2FD4B464146EA
S31508033D70284606AAD3F722FF77E79DF809302821B4
S31508033D80013B8DF809302846022302AAD3F716FF0A
S31508033D9077E7F1B206A8E8F7D7FC06A8E8F7ABFC7D
S31508033DA04946034606AA76E7C82F00201042002094
S31508033DB038B50C4605460846EEF77EF963780233AE
S31508033DC01C44C5E9000438BD2DE9F04FABB00746DE
S31508033DD0016820A8E8F772FC002840F033813C68A4
S31508033DE06679C6F3C106012E0DD19DF89830FF2BCF
S31508033DF02BD123799806C3F3401817D44FF0010A39
S31508033E00CDF808A037E022A8E8F7FAFA002840F028
S31508033E10198126A8E8F7F4FA8046002840F01281AB
S31508033E209DF89830FF2B10D1002EE2D1874826AA99
S31508033E3016A9EAF763FACDF80880B0F1000818BFA7
S31508033E404FF001084FF0010A15E0814826A9EAF761
S31508033E50CFFA8046002840F0D98048F2FE02BDF822
S31508033E60983023F47C539BB293420AD1331E18BF6E
S31508033E700123824602933B685A89272A00F2C9809E
S31508033E80FEE7744926A8D7F70BFB029000284ED005
S31508033E9001234FF0000A0293EDE7214616A8FFF720
S31508033EA087FF022116A8EEF774FA002833D12146B4
S31508033EB026A8F9F73BFE04460028EED1664BD3F84D
S31508033EC03447002C35D1DFF89C91214622A8F9F70F
S31508033ED02DFE0446002837D10525604C013D17D031
S31508033EE0A37C980740F19080E369002B00F08C804F
S31508033EF08022214622A8D3F781FBC0B23F2840F28D
S31508033F008380607E0CAA26A9F9F734FE00283DD0E3
S31508033F104FF0000896E74378821C023B03449A4213
S31508033F20BFD8518849BAC905B2D40432F7E7029C07
S31508033F30BDE78022204626A9D3F760FB237CC0B2BF
S31508033F408342A5D96469BCE7EEF7B6F8617802221D
S31508033F5002312144EEF7E7F80028B6D0A0780CAA78
S31508033F6026A9F9F707FE88B1214616A8FFF720FF09
S31508033F700025DFF8ECA0022116A8EEF70AFA70B9B5
S31508033F80002DA2D02B885BBAADF83030344BBDF880
S31508033F903020B3F85C309A427FF47AAFB8E74278B8
S31508033FA0831C023A10448342E5D85A8852BA91B21E
S31508033FB0920524D535B38A0B19F902106A8852BAC1
S31508033FC0C2F3813219F9022091421AD119882A8833
S31508033FD0BAF85CC049BA89B252BA92B2A1EB0C06D6
S31508033FE0D6F1000EA2EB0C0B4EEB060EDBF100022C
S31508033FF042EB0B02964502D0614508BF1D460433C2
S31508034000D1E7FCDD1D46FAE7203467E74FF0000ADF
S31508034010F6E628229DF886409A81B8F1000F02D168
S31508034020002C40F0C38138680223818907AAD3F795
S31508034030ACFC38B92C2C00F04F8115D8CCB12B2CFD
S3150803404040F0B1812BB0BDE8F08F00BF00370020E8
S31508034050FC36002010420020C82F0020803800209C
S31508034060C83F0020C8FE03083B2CEBD03C2C40F08D
S315080340705D81D7F80090B9F80C30B9F80A10ADF895
S31508034080303099422CBFC3EB0102C3EB0302DB4377
S3150803409092B29BB2934228BF1346484608AA0CA974
S315080340A0ADF83230F9F7F2FD04460028CAD1BDF857
S315080340B032305BBB002C00F0E880BDF85C201D465F
S315080340C052BAADF8162092B203929DF85B209C462D
S315080340D00492924A9E4610461646D478002C5AD124
S315080340E08F4C0EF2A95E04EB8E04BCF1000F40F070
S315080340F09880E2782046002A40F09180844240F274
S31508034100BA80864B984280F0DE80FEE749460CAAC1
S315080341100AA8E8F7F7FA002894D19DF82830012B66
S315080341202FD96D2B2AD1002C8CD10423484616AAE5
S315080341300CA9D3F700FD002884D19DF85A3003F063
S31508034140C002402A11D002D822B1012419E0190667
S31508034150FBD577E724A8E8F717F900283FF472AFE9
S31508034160BDF89630ADF85C30EFE70623484616AA45
S315080341700CA9D3F7E0FC0028E7D063E73F2B3FF60B
S3150803418061AF0AA8E8F7B7FA01460CA8D3F7FEFF0A
S315080341908DE7A446A1E7B2F800B03488A3450ED04C
S315080341A00399A14205D1BCF1000F02D1944601350A
S315080341B0EDB29D4284BF2B46304600251646039929
S315080341C0644659451FD192F802B0049959450ED150
S315080341D00522544B03EB8E0383F8A72699F805307B
S315080341E013F0180F3FF42EAF4FF000084DE0BCF163
S315080341F0000F08D10499A1EB0B0B1BF0800F1EBF10
S3150803420014460135EDB20EF1010E0135BEF1230F49
S31508034210EDB202F10402BCD1C278002A4CD01DB912
S31508034220FEE720466446F7E7328803998A4237D180
S315080342304CB90135EDB2AB4202D3012BCED90646B2
S315080342403046394C0AE0AB4203D2012DC6D030467C
S3150803425001E0012BC2D0314B9C42BFD934F8043C50
S31508034260039A9342BAD1A0427FF648AF2146021B6E
S31508034270201D08F029FABDF8163008202380049B70
S31508034280A3700523E370F9F7E5FCBDF83220BDF802
S3150803429030301344B9F80A209BB29A4217D2FEE784
S315080342A0AB4206D2012D99D03046002CD3D1044611
S315080342B0E1E7012BF9D191E7A0427FF61FAF174B30
S315080342C09C42D3D2FEE7043C221A011DD1E7A9F882
S315080342D00C309DF81C40A0E601232246384600937D
S315080342E020A94346FFF74CFC3C6816AA2046A18939
S315080342F0E8F722F800287FF4A5AEBDF85A305BBA72
S315080343009AB2C3F3CC03002B7FF49CAED2073FF5D6
S3150803431099AE08212046D3F796FADAE76C360020D9
S31508034320C81F0020C82F0020F8360020B8F1000F58
S315080343303CD00123224620A938460093FFF720FCE8
S3150803434000230CA80793D3F71CF90CA8D3F719F97C
S3150803435010AD22AB0FCB85E80F0026A90CA8D3F71F
S31508034360F7F89DF887309DF855208DF854309DF859
S315080343708130112C4FEA131363F301028DF855208C
S3150803438001D03A2C0DD13946029A07A8F9F797FCBA
S3150803439038B9112CDDF81C8000F086803A2C00F021
S315080343A0F48007982EE0B8F1000F0BD1BAF1000F8D
S315080343B02AD0029B5BBB22463846009320A9FFF707
S315080343C0DFFB3FE6292CB4D13B680C9093F80480B5
S315080343D03946029A0CA8C8F34018F9F770FC18B1C5
S315080343E00C98FEF7A9FC2DE60C9D2B79284668F355
S315080343F04513A9892B71D3F732FA16A81695FFF731
S31508034400E3FC1698FEF798FC029B43B91AE60123C8
S31508034410224600933846002320A9FFF7B1FB3868E4
S31508034420437913F0180F0BD1B94B93F85930033B63
S31508034430012B3FF607AE9DF88730013B8DF8873091
S315080344409DF88730002B3FF4FDAD8DF858300721D2
S31508034450012316AAD3F7B2FB3A2C386840F00F812A
S315080344600123818916AAD3F790FA00287FF4EAADC7
S3150803447007239DF85810A74A013B3FF4E3AD12F80A
S31508034480010B8842F8D100233C683B602279A3815B
S3150803449042F00102636120462271E8F7C7FD236AE9
S315080344A09C4200F00481FEE74046B8F80C1016AAB1
S315080344B0E7F742FF00287FF474AF2346ADF82800D8
S315080344C08DF82A000CAA2946CDF800800AA8F9F720
S315080344D01BFF4FF6FF73BDF828209A427FF461AF9E
S315080344E008214046D3F7AFF9DFF830A2169BDAF86E
S315080344F09C961BBA1493B9F1000F31D1DAF8A0963A
S31508034500BDF852B0BDF850A0B9F1000F3FF449AF5A
S31508034510B9F81030534520D14846E7F761FF20B96B
S3150803452048460CA9D2F7C0FFB8B1B9F82230002B18
S3150803453000F0E2805B4510D109F112031846039394
S31508034540E7F74EFF002840F0D780039B2946184615
S31508034550D2F7AAFF002840F0CF80D9F83090D3E7E6
S315080345604146D9F80430D9F808000CAA9847002818
S315080345707FF417AFD9F80090BDE74146D9F8243040
S31508034580D9F828000CAA98470BE74046B8F80C1048
S3150803459008AAE7F7D1FE814600287FF402AF23462F
S315080345A0ADF858008DF85A000CAA2946CDF80080B4
S315080345B016A8F9F7A9FE4FF6FF73BDF858209A42D5
S315080345C07FF4EFAE9DF82030802B42D116A8D2F7A0
S315080345D0D8FF0CA8F9F78EFB00283AD00AA8D2F719
S315080345E07BFF8123484630214B4A8DF82830F9F75B
S315080345F08FFC814668B304220AA9B8F80CA0D3F73E
S315080346001FFB002837D1B8F80A300AF1040292B220
S315080346109B1A414648469BB2D3F730FC58BB95E8EC
S315080346200F000DF1680C8CE80F009DF83030FF2B56
S3150803463003D00CA916A8D2F78BFF3A22484616A927
S31508034640FAF7F0FFB8B94846B9F80C100AAAE7F71B
S3150803465073FE08214046D3F7F6F8304BD3F8905645
S31508034660002D3FF49EAED5E90060414608AB0CAA7F
S31508034670B047AD68F4E74846D3F73EF891E6437981
S31508034680C3F3C103022B7FF4FEAE112C7FF4FBAEFA
S31508034690818916AAE7F750FE00287FF4D3AC4BF6B8
S315080346A0F073BDF85A209A427FF4EDAECAE4214668
S315080346B01B48D3F74AFD1B48D4F718F82579EB07A7
S315080346C018D5F9F735FBA8B1C5F3001645F010055B
S315080346D02571F9F7C1FB237966F30413237110B91E
S315080346E0F9F726FB30B120460221F9F74BFB2046A2
S315080346F0FEF704FB002074E64046B8F80C10D3F71F
S31508034700AEF8B8F80C30002B3FF437AFFEE700BF1E
S31508034710C83F00203F1C0408CA000408C82F00200D
S31508034720943F0020D43F0020437907B55B0908BFAF
S315080347300A4A019002BF936901339361838823F47C
S31508034740C45343F08003838001A8FFF73DFB019818
S3150803475003B05DF804EBFEF7EFBA00BFC83F0020CD
S315080347602DE9FF4100F12807044638460E46D5F7DA
S31508034770C6FA28B9204604B0BDE8F041EAF7EAB814
S3150803478004F16C00EAF734F8012E24D894F8B5310D
S3150803479004F5DA75FF2B1CBF013384F8B531574B83
S315080347A0284693F8682ED20745BFA022B3F86A3E77
S315080347B04FF47A71534341BF4FF47A7203F5FA7390
S315080347C0B3FBF2F39918012384F8B431F8F7C0FA66
S315080347D02846E9F795FB0D20FEF711FD0546002847
S315080347E07FD00121E278D4F76FFFC0B9012E09D033
S315080347F0032E0BD06178042953D8DFE801F014534C
S315080348001514140004F58C70D5F7D4FF0823032177
S31508034810284604F58C72D4F720FF0028EAD02846E8
S31508034820D2F76AFF5DE0FEE7DFF8D4800021284669
S31508034830B8F85C20D4F753FF0028F0D12846E9F7E7
S31508034840DFFA02460028EAD1022E18BFE2680221DF
S315080348502846D4F750FF0028E1D12846E9F7FAFAA3
S315080348600028DCD1254B93F8682ED60719D593F87B
S31508034870693E8DF800005BBAADF801306A4603233A
S3150803488050212846D4F7E9FE0028C8D1D8F868206D
S315080348900AB9D8F8642055212846D4F72CFF0028EE
S315080348A0BDD10021E37898071ED548F2FE020023FE
S315080348B0394602A8CDE90023E7F754FD6946284699
S315080348C0EAF72CFB0028AAD1E3781B0712D4F8F7DA
S315080348D0A5FF0A4B93F8680EC04300F00100F8F7EA
S315080348E061FA04B0BDE8F0812846EAF7A0FF00287C
S315080348F0DBD094E70120F8F791FFF2E7C82F0020F1
S31508034900C83F002000212BE72DE9F04F054685B067
S315080349100E200E46FEF773FC044668B3B0464FF006
S31508034920000A96F82090634FB14407F5805BC145AA
S3150803493025D1204606F12A01EAF7F0FA002865D1BF
S31508034940BAF1000F18D048F2FE075A4ED6F8344784
S31508034950002C40F09380EB781B070DD4564BD6F802
S31508034960381701A8029301948DF80C40E7F74AFF1C
S31508034970019B002B40F0978005B0BDE8F08F18F82F
S31508034980013B132B2CD8132BD1D801A252F823F0B1
S31508034990FD4903082F490308214A03082F49030839
S315080349A0534A0308654A03082F4903082F4903088E
S315080349B06D4A03082F4903082F490308194A0308B0
S315080349C02F4903082F4903082F4903082F490308CA
S315080349D02F4903082D4A03082F490308394A0308B0
S315080349E01B2B47D0552BA2D197F8683EDA079ED5DD
S315080349F0324B9A6E02B95A6E552113E000212046AE
S31508034A00BBF85C20D4F76BFE002890D0204605B08F
S31508034A10BDE8F04FD2F770BE2046E9F7F1F9F3E7A0
S31508034A200221EA682046D4F766FEEDE70122112142
S31508034A302046D4F749FEE7E7EB7899073FF577AFC2
S31508034A4001212046EAF7F3FE0028DFD14FF0010AD9
S31508034A506DE70421204696F8293006F12102D4F79A
S31508034A60FCFDD1E70521D7F8002EDBE70821D7F8A7
S31508034A70042ED7E72046E9F7EDF9C5E7238823F49B
S31508034A807C53BB4214D021462846EAF7ABFE78B9D5
S31508034A9021462846EAF7BCFE50B9204605F50471B7
S31508034AA0D2F702FD20B9284605B0BDE8F04F29E73D
S31508034AB064694DE7C82F0020FC360020C83F002054
S31508034AC000F00CB800F00AB800F008B800F006B811
S31508034AD000F004B800F002B800F000B872B61EF091
S31508034AE0080F09D01EF0040F0DD0DFF850E0AEE82A
S31508034AF0FF1F6FF002000CE0DFF840E0AEE8FF1F8F
S31508034B006FF00E0005E0DFF834E0AEE8FF1F6FF044
S31508034B1006006946EFF309828EE8070086460848C9
S31508034B20084C854501D3A54501D384F30888E4F7E2
S31508034B30C5F984F30888E4F7B3F90000C0610020D7
S31508034B40480000200818002008B5064B044613B190
S31508034B500021AFF30080044B1B6803B19847204636
S31508034B60EDF7D9FD00000000385E002070B50D4D45
S31508034B7000260D4C641BA410A64209D10B4D002632
S31508034B800B4C09F0DDFA641BA410A64205D170BDCF
S31508034B9055F8043B01369847EEE755F8043B0136CA
S31508034BA09847F2E70464002008640020086400209C
S31508034BB00C6400202DE9FF470F7E914680460C467C
S31508034BC0782F9A460C9E01F1430207D8622F0AD81A
S31508034BD0002F00F0DD80582F00F0C38004F1420651
S31508034BE084F842703AE0A7F16303152BF6D801A1BE
S31508034BF051F823F04D4C0308614C0308DD4B0308B9
S31508034C00DD4B0308DD4B0308DD4B0308614C030842
S31508034C10DD4B0308DD4B0308DD4B0308DD4B0308B7
S31508034C20774D0308EF4C03082F4D0308DD4B0308A4
S31508034C30DD4B0308994D0308DD4B0308EF4C0308C6
S31508034C40DD4B0308DD4B0308374D030833681A1D8C
S31508034C501B68326004F1420684F842300123A8E057
S31508034C6031682368081D30601E0601D50D6803E008
S31508034C705D06FBD5B1F90050002D616878DA2D2061
S31508034C800029A16084F843002DDA6D425D480A23A2
S31508034C901646B5FBF3F103FB1157C75D06F8017D0D
S31508034CA02F460D46BB42F4D9082B0BD12368DF07E1
S31508034CB008D5236961689942DEBF302306F8013CAB
S31508034CC006F1FF36921B22614B4603AA214640464C
S31508034CD0CDF800A007F078FC01306FD14FF0FF3014
S31508034CE004B0BDE8F08723F004032360CDE7216809
S31508034CF03368080653F8045B02D4490648BFADB2C5
S31508034D006F2F33603F4814BF0A230823002184F812
S31508034D1043106668002EA660BADB216821F00401F9
S31508034D202160002DB4D1002EB2D11646BCE7236804
S31508034D3043F02003236078273348236884F84570B3
S31508034D401F06316851F8045B02D45F0648BFADB24B
S31508034D503160D90744BF43F0200323601DB11023F4
S31508034D60D4E72848E9E7236823F020032360F6E716
S31508034D7024480A23CDE733682568181D616930601E
S31508034D802E061B6801D5196002E06806FBD5198053
S31508034D9000231646236197E7336800211A1D3260FC
S31508034DA01E686268304607F081FC08B1801B6060A4
S31508034DB063682361002384F8433085E72369324611
S31508034DC049464046D047013088D023689B0714D408
S31508034DD0E068039B9842B8BF184681E70123324629
S31508034DE049464046D04701303FF478AF0135E3687A
S31508034DF003995B1AAB42F1DCEAE7002504F11906CD
S31508034E00F5E700BF3646040847460408024B034441
S31508034E10587800F02000704735450408024B0344D0
S31508034E20587800F0970070473545040807B500938E
S31508034E3013460A4601460348006807F076FC03B0A2
S31508034E405DF804FB506300200CB4184B30B50C1EF8
S31508034E509DB01D6808DA8B234FF0FF302B601DB019
S31508034E60BDE8304002B070474FF4027302900690D3
S31508034E7002A9ADF8143014BF04F1FF332346209A70
S31508034E802846049307934FF6FF73ADF8163021AB04
S31508034E90019300F00DF8431CBCBF8B232B60002C39
S31508034EA0DDD0029B00221A70D9E700BF50630020A9
S31508034EB02DE9F04F98468B899DB007461B060D468C
S31508034EC0144610D50B6973B94021F0F74DFB2860DA
S31508034ED0286130B90C233B604FF0FF301DB0BDE8A5
S31508034EE0F08F40236B610023CDF80C804FF0010946
S31508034EF0DFF8A081099320238DF8293030238DF814
S31508034F002A3023469A4613F8012B0AB1252AF9D1E2
S31508034F10BAEB040B0BD05B4622462946384607F004
S31508034F206DFC013000F0A780099A5A4409929AF851
S31508034F300030002B00F09F8000234FF0FF320AF168
S31508034F40010A049307938DF853301A93CDE9052381
S31508034F50544605224F4814F8011B07F0A7FB049A89
S31508034F60D8B9D00644BF20238DF85330110744BF60
S31508034F702B238DF853309AF800302A2B15D0079A2D
S31508034F80544600204FF00A0C214611F8013B303BEA
S31508034F90092B4BD9B0B1079214E0A0EB0803A2463C
S31508034FA009FA03F313430493D2E7039B191D1B68FA
S31508034FB0002B0391BBBF5B4242F0020207930793A0
S31508034FC0B8BF049223782E2B0AD163782A2B32D1C1
S31508034FD0039B02341A1D1B6843EAE3730392059382
S31508034FE0DFF8C0A003222178504607F05FFB38B1EB
S31508034FF0A0EB0A004022049B013482401343049326
S3150803500014F8011B062224488DF8281007F04EFBD6
S31508035010002836D0214B1BBB039B073323F007031A
S3150803502008330393099B334409936AE70CFB02325B
S315080350300C460120A8E7002301344FF00A0C194651
S315080350400593204610F8012B303A092A03D9002B79
S31508035050C6D00591C4E70CFB012104460123F0E7FA
S3150803506003AB2A4604A9384600930D4BAFF30080D9
S31508035070421C0646D6D1AB895B063FF52DAF099888
S315080350802CE703AB2A4604A938460093044BFFF7DB
S3150803509091FDEDE75846040862460408000000003F
S315080350A0FDC703085E460408014807F051BC00BF64
S315080350B0690345EC1046044A1368591E033102D89E
S315080350C00021116018477047A0630020034B186836
S315080350D0034B002808BF1846704700BF3C5E0020F4
S315080350E094460408014807F0E6BD00BF445E002065
S315080350F013B50B4C0229226005D10A4807F0DBFDDC
S31508035100002002B010BD0A4600930146064B054827
S3150803511007F0B2FD003818BF01204000F1E700BFD1
S31508035120A0630020445E0020B5500308014807F039
S31508035130D3BD00BF445E00200021014807F0EEBD41
S31508035140445E002008B5064B1B68013305D0FFF7FC
S31508035150EDFF80F00100C0B208BD0020FCE700BFE8
S31508035160A06300202DE9F843DFF860900646D9F8D6
S31508035170008008461746B8F1000F03D00E242046D0
S31508035180BDE8F88306B3336801331DD1E1B100F0F6
S3150803519075F805460028F1D0C9F8000000F0DAF8DA
S315080351A0284607F0DCFB044640B14046C9F80080B0
S315080351B000F0D0F8284607F0CDFBE0E73560002F6E
S315080351C0DDD02846B847DAE72124D8E7405E002031
S315080351D0024B1868003818BF01207047405E00204C
S315080351E038B50C4601F00EFEA3780B4A13705A1E07
S315080351F055425541A8420CD0012B04D02846BDE898
S31508035200384001F0E1BD204601F0CEFD0028F5D077
S3150803521038BD0020FCE700BF7F610020002108B5E8
S31508035220024B08465B689847002008BDBC6300200C
S3150803523010B5FFF74BFF0D4B0C461A1A5342534151
S315080352408B4201D1002010BD094B1B683BB9094AA3
S31508035250064B002C08BF1346074A1360F2E707F00C
S3150803526060FE0028F3D00220EDE700BF6C46040871
S31508035270405E0020944604083C5E0020F8B50446C8
S3150803528008F09DFE002607460E4B1B6893B19E68E1
S31508035290AEB196F82420D20711D435460FCC0FC5E4
S315080352A00FCC0FC523682B6096F8243043F001030F
S315080352B086F82430384608F07DFE3046F8BD1B686C
S315080352C0E4E700BFB0630020431E033306D8044B4C
S315080352D0984228BF1846642838BF6420704700BF21
S315080352E040420F0038B5184B05461B680C4603B1F8
S315080352F0984744B1236833B11B68013303D0E36885
S315080353000BB1A36843B908F0A0F800209122412104
S3150803531000F0DEFA212038BD204603F07BF800238F
S315080353200A4A85F84831C5E93A4313605360636905
S3150803533043B1074A42211068B322C31A5842584157
S3150803534000F0C6FA0020E6E798600020A463002070
S31508035350C860002010B5044618B9054B054A136002
S3150803536010BD00F0C9FDD4F8F430002BF6D1F4E7EC
S3150803537031CA0308B4630020084B10B4002A14BFCB
S3150803538014461C46064B1C6019B15DF8044B07F01E
S315080353905CBB08465DF8044B704700BF31CA030877
S315080353A0B463002008B502460868FFF78DFF086056
S315080353B04868FFF789FF48608868FFF785FF8860B4
S315080353C0C868FFF781FF0B69C860581C03D00B48F0
S315080353D0834228BF03460B614B69581C03D0074811
S315080353E0834228BF034688694B61FFF76DFFBDE813
S315080353F008408861104601F067BC00BF40420F00B1
S31508035400D0F8EC302DE9F04105460C4613B1038E6E
S315080354108B424CD0D5F8E830002B4BD09E68002E33
S3150803542048D0D868002845D0013800B200281ADBCE
S31508035430002106E0128A591CA24217D209B28842F1
S3150803544011DB0B1803EBD3735B1003EBC30206EBF9
S315080354508202B2F80EC003F1FF3EA445EAD90FFA59
S315080354608EF08842EDDA2120BDE8F0814FF6FF720F
S3150803547099B29142F7D09BB203EBC30306EB8306BB
S315080354802846B6F9122095F83C11D5F8FC80D8F7CA
S3150803549025FE0746B8F1000F04D0002332462846F6
S315080354A01946C0472C86C5F8EC6085F84571002077
S315080354B0BDE8F0810E20BDE8F08100BF2DE9F04775
S315080354C082B004460F46164601F0A2FC002840F0B7
S315080354D09C80654D2B68D4F8E890D4F8EC8013B11A
S315080354E04B4500F09F804FF0000AAF6002F074F955
S315080354F00128074604D001210022084607F06AFA64
S31508035500204607F0ADFE002858D12B68D9F80010BD
S31508035510D8F800201BB11868884200F0908020460E
S3150803552007F06FFEBAF1000F11D086B9204601F0D5
S3150803553035FF0546D4F89830002B38D1012F02D011
S31508035540002D66D10025284602B0BDE8F087474BF3
S31508035550C5F800901A78C5F804808DF80760002A04
S315080355603BD1D4F8FC50002D71D0114620460DF1DD
S315080355700703A847204601F011FF0546BAF1000FB5
S3150803558040D1B5FA85F040F205423321400900F0CF
S315080355909FF93146204602F023F8354B05461B682A
S315080355A0414620469847D4F89830002BC6D00022A7
S315080355B04FF40073204600F0AFFCBFE794F825309C
S315080355C09A07A2D5D4F8A0305B059ED5294B0122AC
S315080355D0002120461B68984797E7D4F8EC30B4F9BE
S315080355E0481023B1B3F912309942A8BF1946324677
S315080355F0204601F027FE204601F0D0FE0546BAF103
S31508035600000FBED0002EBCD194E70023164D6B6065
S3150803561060E7194B00215B6803209847284602B0C8
S31508035620BDE8F0876B68002B3FF45DAF43457FF415
S315080356305AAFAB689F4285D04FF0010A55E76968B0
S3150803564019B1096891423FF46DAF596867E794F851
S315080356502A1094F845313246994228BF19462046FE
S3150803566001F0BEFD86E700BFA463002034450408A5
S31508035670B46300209C600020BC630020F8B50F4685
S31508035680054608F09CFC394606462846FFF7B8FE49
S31508035690044620B1304608F08DFC2046F8BD02F0DA
S315080356A07BF8224639462846FFF708FF04460028B2
S315080356B0F0D1284607F0D4FD0028EBD095F825301D
S315080356C013F002030DD0D5F8A0305B050DD5B5F858
S315080356D03631BB420BD0B5F83831DB1BB3FA83F34B
S315080356E05B09044A82F8F430D4E72346F9E7012331
S315080356F0F7E700BF003E00B070B504460E4608F053
S315080357005EFC314605462046FFF7B8FF044620B936
S31508035710044B01465B6803209847284608F04AFC71
S31508035720204670BDBC63002070B5044600200D46B4
S3150803573007F08FFE094B1B784BB9D4F8FC6036B1DA
S3150803574029462046B446BDE870401A4660472946AE
S315080357502046BDE8704007F043BD00BF3445040842
S3150803576013B56946044607F0E6F90C4B1B783BB1BB
S315080357709DF800300C2B03D0B4F94E0002B010BDCF
S31508035780204607F00FFCFF28024605D020469DF861
S315080357900010D8F7A5FCF1E70148EFE734450408FC
S315080357A00080FFFF30B4064DBDF908402D781DB1C2
S315080357B0029430BC07F017BD0E2030BC704700BFFB
S315080357C088610020F0B507460E46154685B00AB926
S315080357D0D0F898502946384607F0BDF9EB0702D5A5
S315080357E0384604F07BFF02F08DFAEC46254B044657
S315080357F00FCB05F480358CE80F00002E2ED0FF2C36
S315080358000DD1336800937368019385B1009B013307
S315080358102ED122466146384607F082F80CE056F840
S31508035820242004AB03EB840343F8102CD5B9224692
S315080358306146384607F0A4FD70B96EB1FF2C0FBF59
S31508035840009B04AB03EB840353F8103C05BF33609A
S31508035850019B46F82430736005B0F0BD002DE6D0F1
S31508035860FF2CD3D004AB03EB840353F8103C00E0BE
S31508035870019B0133CDD022466146384602F0DCF956
S31508035880DAE700BFC846040808B50B4602491940BB
S3150803589007F053F9002008BD07001100024B1860F2
S315080358A0024B1960FEE700BF5C600020B863002066
S315080358B038B5044D044C054B286021601A60FFF780
S315080358C0EDFF38BD5C600020B863002060600020EF
S315080358D010B550B90548064B0160064802601868BA
S315080358E0054B18601868FFF7E3FF10BDB86300207F
S315080358F0405E0020606000205C600020054B1B684A
S315080359000BB918467047834201D01B69F8E7012093
S31508035910704700BF68600020094A13680BB9184628
S315080359207047834207D11B6901201360054A136830
S31508035930013B1360704703F110021B69EEE700BFD2
S3150803594068600020646000202DE9F74F064608F0DA
S315080359503FFBDFF82881012398F800B0DFF8209190
S315080359600190BBF1000F06D089F8003003B0BDE8FB
S31508035970F04F08F028BB3F4F88F8003089F800B08D
S3150803598007F000FA08B107F0FBF93D683A495DB933
S31508035990DFF8F0A0DAF800200024AA423B682ED8E4
S315080359A04FF0FF3134483AE06B7D8BB12B68B34235
S315080359B002D09A1B8A420BD96A6813442B60AB68D8
S315080359C0003A18BF0122003B18BF01236A75AB755D
S315080359D02D69DCE7907D20B1107D88429CBF014686
S315080359E014461269002AF5D1002CD9D094E80B0085
S315080359F0A275411AE268204698470135CAE71A464E
S31508035A00FF21EFE75A7D4AB11A68B24224D0921BA6
S31508035A10824221D8914201D311461C461B69002BA9
S31508035A20F0D15CB12046FFF777FF38B13B683C609D
S31508035A302361DAF800300133CAF800303B685A7D2F
S31508035A406AB907F09BF9064699F80030002B95D1F9
S31508035A50019888F8003089E71C460021DEE71868B4
S31508035A6000F0D2F8044607F089F90646002C85D1DA
S31508035A70EAE700BF68600020FCFFFFBF81610020E2
S31508035A80806100206460002038B5054608B31822F3
S31508035A90002106F091FD08F09BFA02462846FFF717
S31508035AA02DFF20B1104608F08EFA022038BD0A4BA6
S31508035AB01C6854B909491D600B68104601332C61EB
S31508035AC00B6008F080FA2046F0E704F11003246916
S31508035AD0EFE72120EAE700BF686000206460002042
S31508035AE038B50446FFF70AFF08F072FA054620465A
S31508035AF0FFF704FF637D23B9284608F064FA0E20EE
S31508035B0038BD00236375064B1B68A34203D107F010
S31508035B1035F9FFF719FF284608F055FA0020EFE78D
S31508035B20686000202DE9F84FDDF82890984604466A
S31508035B300D469246FFF7E2FEDDF830B008F048FA64
S31508035B40074607F01BF906462046FFF7D7FE637D8F
S31508035B5023B12046FFF7C4FF0023A375BAF1010F4B
S31508035B6021D175B9B8F1000F1FD1B9F1000F03D0D0
S31508035B705A4631462046C847384608F024FA0020D4
S31508035B8017E035440C4BAA1B9A420ED801236375BA
S31508035B909DF82C30304684E820032375C4F80CB0EE
S31508035BA0FFF7D2FEE8E7AE42ECD1384608F00BFA27
S31508035BB02120BDE8F88F00BFFCFFFFBF2DE9F041A8
S31508035BC007468846FFF79AFE08F002FA3D68064636
S31508035BD007F0D4F87B7D7BB185420DD0094B2C1A8F
S31508035BE09C4209D8304608F0EEF9B8F1010F08BF10
S31508035BF025462846BDE8F081304608F0E4F9002535
S31508035C00F7E700BFFCFFFFBF0023024A194600F06F
S31508035C107DBA00BF47CD03082DE9F0418AB001AB31
S31508035C200C46054624221846134906F067FD002745
S31508035C30002C08BF0446384604F10C0690B95FFAEF
S31508035C4087F842462846218807F00DFB50B9424695
S31508035C502846E18807F018FB20B94246314628460C
S31508035C6007F025FB0137032F06F1080604F10204A2
S31508035C70E4D10AB0BDE8F081FC460408F0B589B062
S31508035C8005460E4601F062FE044600BB01AC06F16A
S31508035C900C070FCF0FC497E8070084E8070001A98C
S31508035CA02846FFF77FFB2846311D06F066FF0446A4
S31508035CB048B92846074900F0BDFF044618B92846DF
S31508035CC001F00EFE044628463168FFF7A5FF204675
S31508035CD009B0F0BDF4460408024B0022196807F020
S31508035CE055B800BFA4440408024BD868C0F3036040
S31508035CF0704700BF000002B810B5054C237823B1DE
S31508035D0004F032F80020207010BD0E20FCE700BF17
S31508035D108461002008B503F0F5FF0122014B00203A
S31508035D201A7008BD846100202DE9FF478F788046E5
S31508035D300F2F0D4603D9212004B0BDE8F08727B9F4
S31508035D4001224A4B1A700020F6E70E784C7826BBD8
S31508035D50002CF0D1E88803F0F7F9C30943EA416355
S31508035D60C01A61EBD11103F021FAFF288146E2D06C
S31508035D7056EA0403A888DFF80CA113D003F088FABF
S31508035D804FF60403BAF8002001469A4268D1B44292
S31508035D90234638BF3346002431E0082ECBD8082CD7
S31508035DA0C9D8D7E703F074FA4FF60403BAF8002004
S31508035DB001469A4208D12E4B1B6E9BB2934208BFEB
S31508035DC04FF60503AAF80030B1F5803F284B0FD9E3
S31508035DD002221A668022C3F88020082301241E465D
S31508035DE049084FF6FF720139914228BF114608E068
S31508035DF0012480221C66C3F8802008231E46002936
S31508035E00EFD1002202920122013FFFB200920197CD
S31508035E10324608F5827003F0CDF81CB14FF48012B0
S31508035E20144B5A6595F90310484603F0DBF902212A
S31508035E30114BAA681A600D4B197098F82E30013B5E
S31508035E408B4280D8032301200C4AC2F850320C4BEC
S31508035E50C3F85002C2F864120422C3F8642272E734
S31508035E6003480266AAF8003091E700BF8261002062
S31508035E7000C001B800D001B878600020006001B8FE
S31508035E80005001B8F4630020F8B504460F461646D9
S31508035E9008F095F80546A047044620B1284608F0B9
S31508035EA089F82046F8BD06F015F804220549D1F805
S31508035EB0083F23EA07033343C1F8083F024B5A64F2
S31508035EC0ECE700BF003000B0002002B800F018036A
S31508035ED0182B0BD003070BD440F2011310F0100054
S31508035EE018BF1846034BC3F8940070470020F9E718
S31508035EF00120F7E7003F00B038B10368044A002BD6
S31508035F0008BF1346034A13607047014BFAE700BFFD
S31508035F105DCE0308D063002010B4D0E9584122406F
S31508035F200B4052EA030104D003495DF8044B0968A0
S31508035F3008475DF8044B7047D06300200F2938B52E
S31508035F4005460C4610D801F047FC01280ED1084A2D
S31508035F502846D2F8803023F00F032343C2F8803053
S31508035F6007F003FA002038BD2120FCE70220FAE7F0
S31508035F70003F00B008B50E4B5A6C12F0A00F01D0C3
S31508035F80002008BD9B6C5B070FD40A4BD3F8083F68
S31508035F9023F07F4323F0FF033BB1FFF7A5FE092850
S31508035FA0EED00C3818BF0120EBE70120E9E700BF64
S31508035FB0000002B8003000B0074A084B30B102218E
S31508035FC0C2F864120422C3F8642270470421C2F893
S31508035FD064120222F7E700BF006001B8005001B857
S31508035FE070B50D46064620B91A4B1B68CBB10E2071
S31508035FF016E001F0F1FB01282AD1174BD6F8F00079
S3150803600093F9004007F0B7F8C4F11C04241A641B7B
S31508036010C4F12B03002BB8BF5B42232B0CDD2120D5
S3150803602070BD01F10F03002BB8BF5B42232BF6DCCF
S31508036030094B19700020F3E786F8285007F0BFFFCD
S31508036040054660B200F0FEFF284607F0B3FFF1E706
S315080360500220E5E7405E00208361002010B501F0C9
S3150803606059FB04F011FB07F0AAFF0A4A0121D2F8EB
S31508036070D83E044623F02003C2F8D83E0222064B34
S3150803608008469A60054B5B689847204607F092FFD7
S31508036090002010BD003000B0001002B8BC63002019
S315080360A008B506F0DCFE8022024BC3F89000024BCB
S315080360B01A6108BD003F00B0000002B8014B18681A
S315080360C0704700BF8460002037B507F078FF0123C7
S315080360D0002200240093002305461946104601941E
S315080360E005F0F8FC052002F057FE064B21461C6016
S315080360F0054B02205B689847284607F05BFF204656
S3150803610003B030BD8C600020BC6300202DE9FF413D
S3150803611002290D4616469846039004D1FFF7D4FF85
S3150803612004B0BDE8F08107F04AFF1E4F04463B68FA
S315080361303BB1B34205D007F03DFF002321203B6066
S31508036140EEE7194B0022C3F800803E6000230126C0
S315080361504FF00008104619460196009605F0BAFC5A
S31508036160124B052083F8008002F016FE43462A46A2
S31508036170052003A902F02EFE0D4B039A1A6008B9EF
S315080361802046D8E70B4D2B689847212804D020468C
S3150803619007F010FF0020C3E731466B6802209847D3
S315080361A0F5E700BF8C600020886000208661002028
S315080361B084600020BC630020044B5B6E9B044EBFC7
S315080361C00120034B187800F00100704700C001B89E
S315080361D08661002090F82730023B022B05D84B7CBA
S315080361E02BB1012B05D0022B05D006F0B3BE03480D
S315080361F07047034870470348704700BF20A107004C
S3150803620048E8010040420F000A78022A11D0101FFD
S315080362104242424152004B781201022B0BD0191FFE
S315080362204B424B415B000549054842EA8312FFF797
S315080362302BBE0122EFE70123F5E700BFF0FFFF00BE
S31508036240217803080B78022B10D0181F43424341C9
S315080362505B004A78022A0BD0111F4A424A41520070
S315080362600F21044843EA8202FFF70EBE0123F0E733
S315080362700122F5E74D780308D0F8B03010B59942F6
S3150803628004460ED0C0F8B01002F0DEF90649A4F8A9
S3150803629040010123054AD1F8FC1004F5827004F085
S315080362A07FFB002010BD00BF004F00B0A43F00B025
S315080362B02DE9F74304460F4615461E46FFF75AFED1
S315080362C038B3A38A2BB3204606F0B9FC78B9754BC5
S315080362D0D3F8082F1EB10E2003B0BDE8F08302F0F1
S315080362E03003102BF7D002F0C002402AF3D0DFF8B0
S315080362F0DC8104F0C9F9D8F81430D907EBD507F0CF
S315080363005EFE0646032002F04BFE20B1304607F038
S3150803631051FE0220E0E7D8F8142012F00608F5D15A
S31508036320304607F047FE5F4B4FF400612046D3F82B
S31508036330089FD3F8E06E05F033FF40B14FF40072BF
S315080363400121594B08465A64424606F043FB94F822
S3150803635025309A0707D5D4F8A0305B0542BF4FF41A
S315080363600022524B5A6439462046FFF787F94D4BAC
S31508036370C3F8089FC3F8E06E0028ADD194F824301B
S31508036380980601D4002D4ED0C5F3400004F086FDCF
S31508036390022315F4807F1FBF444A002153644FF03C
S315080363A03A420BBF404A91615364536305F092FD29
S315080363B04FF4806315F0040F14BF3D4A3D4A3A4E25
S315080363C01365042328467364FFF780FD204606F009
S315080363D00BFE38B14FF4807315F0010F16BF334A1D
S315080363E073645364A90647D54FF6FF72B4F842306F
S315080363F093420FD0304A3149526F100CC2F301123F
S315080364000132B3FBF2F30880294A2A492C481B04B4
S3150803641048675367003D18BF012594F8243065F390
S31508036420451384F82430204606F01AFFF0B12046B7
S3150803643006F0DAFDD0B14FF40031204605F0B0FE80
S31508036440431C03229BB21F4801A906F0F5FF9DF8DA
S31508036450042002F00703052B9DF8053015D1120712
S315080364600DD443F48073184AC2F8E830002003B009
S31508036470BDE8F04306F0EDBF01F06EF9CAE713F085
S31508036480040F09D19DF80630EBE703F03002202A02
S3150803649005D113F0010FF4E74FF48073E3E79DF892
S315080364A00630E0E7003000B0002002B8001002B85A
S315080364B0005001B8006001B8004001B8F663002037
S315080364C00000FFFF0C0000BA003E00B000C001B890
S315080364D02DE9F3410646884615461F4607F06FFD24
S315080364E00446032002F05CFD38B1204607F062FD3E
S315080364F00E24204602B0BDE8F081042002F050FDC8
S315080365000028F2D1204607F055FD01232A464146C5
S315080365103046FFF7CDFE04460028EAD1DFF8C880E7
S3150803652077B188F8000039463046FFF7FDFB0028A7
S315080365304CD198F80030012B08D104F0C3FBD8E7F7
S3150803654098F80030002BF4D12124D2E72022204BDF
S3150803655001205A641F4BD3F89030B3F5817F22BFCD
S3150803656080221D4B1A6106F090FF07F028FD1B4B8E
S3150803657006461B6801935BB902F06EFD15F08005AC
S3150803658018D1012002F0C4FD284604F085FB17E064
S31508036590042002F001FC00230122042001A902F0D1
S315080365A019FC0028E8D104F0B3FC2124304607F08F
S315080365B001FD9EE700220A4B01209A6702F0A8FD17
S315080365C0084B01215B6800209847EFE7044690E7EC
S315080365D0001002B8003F00B0000002B8786000203F
S315080365E000C001B8BC6300208261002010B50C46C8
S315080365F019B106F035FE00B10434204602F048FE10
S31508036600024B4042C3F8F80E002010BD003000B01C
S31508036610C38E70B593420C4615461CD3036D8B4245
S3150803662008BF002407F0CBFC0646FFF75DFBC31F34
S31508036630DBB2022B01D90C2803D1084B5B6C9B03F5
S3150803664004D401222946204601F094FC304607F07B
S31508036650B1FC002070BD2120FCE700BF000002B892
S315080366602DE9F0410B460646154611B92120BDE82A
S31508036670F081002AFAD0032905D8002201F0ECFD9F
S3150803668003460028F2D01C889A78B4F5804F02F0A6
S31508036690070180F08480A1F1070C1879DF88DCF103
S315080366A0000343EB0C0305292B7394BF0023C2F3A2
S315080366B00013C2F3801C6B73930985F810C003F0AB
S315080366C00203C2F3C00C43EA0C03C2F34012E87494
S315080366D06B74AA74D6F8A030AF82D8064BD40639A1
S315080366E0012948D8B6F81280F76908F1FF38083C3B
S315080366F004EA0804395D002080290CBF6FF07F0186
S315080367003239284B18BF49B25B6DA973A86096F84E
S3150803671027300134FF2B04EA08040BD13B5D5B01E8
S3150803672003F47E63FF2B9CBFDB43D8B2D6F8F8305D
S3150803673003B19847631CE87303EA0803F95C01335A
S3150803674003EA0803FA5C013303EA080341EA022170
S31508036750FA5C013303EA0803F85C41EA02410023C1
S3150803676041EA00616A7C304604F07EF90623286014
S31508036770AB7100207BE700230020EB730A4BDA6931
S31508036780C2F30723120448BF63F0FF035AB212F198
S31508036790800F1CBF323B5AB2AA730346E7E70220AF
S315080367A065E700BF004000B800C000B870B50646EC
S315080367B00C468D88FFF70EFD96F82720617C042A80
S315080367C04FEAC5031DD1012998BF0333E0B1B3F5D9
S315080367D0803F19D84FF22441420901FB03220009DD
S315080367E0B2FBF0F2236800209B1A084A2360D2F80A
S315080367F0C42002F01F02A3EBC20323600523A3717F
S3150803680070BD023A012ADFE70220F9E7003E00B02D
S31508036810F8B507460D4614468BB106F0F0FC294633
S315080368203846BE8A01F05AF9B44228BF3446A4B2A0
S3150803683022462946044801F0CFFA2046F8BD06F059
S31508036840F1FB0646F0E700BF0C0000BA082310B1B7
S31508036850024A53647047024AFBE700BF001002B8B6
S31508036860002002B82DE9F743DDF828800746894654
S3150803687016461D4607F0A3FB0446032002F090FBC9
S3150803688038B1204607F096FB0E24204603B0BDE830
S31508036890F083534B20465B6913F0060FF2D107F0DA
S315080368A089FB0123324649463846FFF701FD04466C
S315080368B00028EAD1002D7FD0B8F1000F7CD0DFF88D
S315080368C03C91D9F80030002B47DB04224FF43451AE
S315080368D0D9F80000EEF758F9D0220021D9F80000BC
S315080368E0EEF757F94FF480723D4B414638469A65A1
S315080368F0FFF71AFA04460028C7D13A4B1B78012B2F
S315080369005AD02022384B01205A64384BD3F890309A
S31508036910B3F5817F22BF8022354B1A6106F0B5FD98
S3150803692007F04DFB334A8046136813B329682C795D
S315080369300B4413600193E3B1042002F02DFA0023FC
S315080369402246042001A902F045FA90B904F0E0FAB8
S315080369502124404607F02EFB97E701213B20EDF75C
S3150803696035FC2046EEF79EF80028C9F80000ACDA95
S315080369708AE702F071FB16F080001FD00022184B3D
S315080369809A676879431E58425841FFF75FFF2A7989
S315080369902B68012AD7F8141101D18B4211D35B1A3C
S315080369A001930320082301A902F014FA58B904F045
S315080369B0AFFA404607F0FEFA212466E704F06CF9BD
S315080369C0DFE70023ECE70C4D2B689847212804469C
S315080369D0BFD1012100206B6898470024B9E700BF9F
S315080369E000C001B882610020001002B8003F00B061
S315080369F0000002B878600020BC630020C46300204E
S31508036A00054A12681AB190F82A1119B910470846A7
S31508036A1002F036BF014870477060002000FEFFFF92
S31508036A20394B2DE9F3471C6801F4007900F001039B
S31508036A30174653EA090206460D463FD04FF00008AB
S31508036A408BB30023002201200021CDF80480CDF862
S31508036A50008005F03FF841462046FFF7D1FF0122A3
S31508036A604FF0FF3A41466086DFF8B080104605F0DE
S31508036A70B1FFD4F8A01094F8270002F0A7FFD8F8BE
S31508036A80000000F017FAC8F800A0DFF89480D8F8D9
S31508036A90000000F01DFA94F82430C8F800A043F06B
S31508036AA0040384F82430B9F1000F07D001212046E6
S31508036AB006F09EFD25F4007506430D432B46324624
S31508036AC02046FFF729FAFB070FD51049104A08682D
S31508036AD000211368116001210E4A117003B198470A
S31508036AE00D4B002102205B68984717F00E0F08D05C
S31508036AF040F2C7123B21002002B0BDE8F047FEF77B
S31508036B00E7BE02B0BDE8F087405E0020886000203B
S31508036B108C60002086610020BC630020CC630020C3
S31508036B20C863002008B558220021064805F044FD2D
S31508036B301022FF21044805F03FFD05F075FB0020F0
S31508036B4008BD00BF0C3F00B0503F00B073B5314AD3
S31508036B503149137809784FF0FF350B4386211370B3
S31508036B60A0F820116F228221C0F80C21C0E9441233
S31508036B706422C0E9462240F2FF320C2382854FF491
S31508036B800042002680F83C314FF6FF730446A0F80E
S31508036B904820224A0386026400F154020265204A09
S31508036BA0C3844263C0F8B0504585856380F828607E
S31508036BB004F034F82046FFF7B5FF0122194B2046A7
S31508036BC0C3F8382294F92810FFF70AFA6023164AFD
S31508036BD041F6FF71D3644FF03A4211631167134AC2
S31508036BE02946D3644022124B20465A64D4F8A0207F
S31508036BF006F08BF90E2300220193009340F2022339
S31508036C001046194604F066FF01F0BAFC304602B096
S31508036C1070BD00BF88610020344504080700FFFFE4
S31508036C20FFFF4000005001B8004000B8005000B80C
S31508036C30002002B810B50C46FFF774FFC4B1A37859
S31508036C40082B17D8E278082A14D843EA021313F054
S31508036C50FF030CBF19466168074AD160217882F899
S31508036C606010617882F8633082F8611005F0DCFA07
S31508036C70002010BD2120FCE7003F00B0012A10B513
S31508036C8012D8032B10D803EB82020123074C934037
S31508036C9094F86200DBB221B10343002084F8623022
S31508036CA010BD20EA0303F8E72120F9E7003F00B007
S31508036CB0044BD3F8083F13F0806F14BF232000203A
S31508036CC0704700BF003000B00246F8B5B0F840413F
S31508036CD000F58275FFF7ECFF0B688E68013304BF76
S31508036CE0D2F80C310B604B68013304BFD2F8183164
S31508036CF04B60771C3FD1D2F81431CF688B607E1C6A
S31508036D0040D1D2F810610F69CE60013704BFD2F8BB
S31508036D1004710F614F69013704BFD2F808714F61D7
S31508036D208F69013704BFD2F81C718F618F6987BBDE
S31508036D30C0F1640408688C6110B16F2838BF6F20EE
S31508036D40C2F814314B68C2F80C01C2F818310B6942
S31508036D502846C2F804314B691149C2F81061C2F8D2
S31508036D601C41C2F80831D1F8FC1007230D4A03F079
S31508036D7017FE0020F8BD04F16F031B1AB34238BF90
S31508036D803346BAE704F18606361ABE4238BF3E468C
S31508036D90B9E76F34241ABC4238BF3C46CAE700BF7A
S31508036DA0004F00B0A43F00B038B5054C054B4178F9
S31508036DB000782568236002F023FF00B1256038BDFB
S31508036DC090600020284704080A4B10B51B68044640
S31508036DD073B1094B48B10121084A1A60022003F02E
S31508036DE069FC0020064B1C7010BD01461860F5E7C8
S31508036DF00220F9E7906000209460002020470408E9
S31508036E0087610020014B1878704700BF876100200F
S31508036E104FF40022034B586C03F500535A64C0F32E
S31508036E20C0407047000002B8024B586900F00100E1
S31508036E30704700BF00C001B830B56FF040440E4D2F
S31508036E402040C5F850420D4CD2B2C4F850024FF058
S31508036E50FF30C5F85402C4F85412FF21C5F864126A
S31508036E60C4F864220649074A0020C2F8C810A2F5E6
S31508036E708052C2F8C83030BD006001B8005001B86E
S31508036E800000FFFF00E000B890F92430002B0CDA6D
S31508036E904FF08053064A29B19360A2F58052D36016
S31508036EA000207047D3609360FAE70E20704700BF4F
S31508036EB0006001B8431C07D06FF0FF02034B104074
S31508036EC05A62A3F580535862704700BF00E000B8C2
S31508036ED0431C06D06FF07E42024BDA63A3F5805358
S31508036EE0D863704700E000B8014BD3F884007047B5
S31508036EF0003F00B0024B0020C3F88410704700BF60
S31508036F00003F00B003282DE9F74F0C4691467ED87B
S31508036F10404B13F800A0404B1E5C404B13F800B0DF
S31508036F2007F04DF8804604F09FFF074640B100235B
S31508036F3000220193009301200023002104F0CAFDD7
S31508036F4004F09AFF48B1002300220193009300201E
S31508036F5000234FF4004104F0BDFD002E4AD0304B08
S31508036F60DD6C05F008050AEB06002E4B2330584462
S31508036F70DD64C0B201F05CFE3146504604F0C2FF40
S31508036F805A463146504605F02BF8274BDD649FB128
S31508036F904FF0FF35254B1B68D3F8A01093F827004D
S31508036FA002F014FD22490868FFF784FF0D602149A2
S31508036FB00868FFF78DFF0D60B9F1000F04D01E4B6B
S31508036FC0002103205B689847B4B14FF400521B4B6A
S31508036FD01D6F03F50053C5F340351A67404606F09F
S31508036FE0E9FF00F0F9FB012808D15DB9002003B0D9
S31508036FF0BDE8F08F3546B6E72546EFE7002CF0D116
S315080370000520F4E74FF400520D4B1A67EEE72120EB
S31508037010EDE700BF404704083C470408384704081F
S31508037020004000B8006000B8005000B8405E002079
S31508037030CC630020C8630020BC63002000C001B8ED
S3150803704000D001B8054AC002136A00F4FF2023F4EE
S31508037050FF23184310620020704700BF00C000B822
S31508037060094B08461A6D91020BD4D3F84021D2076F
S3150803707008D4D3F8803013F4706F14BF01200020AE
S3150803708070470120704700BF004001B8F8B50D46A8
S31508037090144601F00B0323EA0201494A2340D1644B
S315080370A06F07A2F580520646D36410D50121FFF770
S315080370B0D7FF60B104F00EFF4FF4007314F0040F0A
S315080370C014BF404A404A13650422404B5A64E906F2
S315080370D006D514F0100F14BF00221B223C4B5A6529
S315080370E02A0618D5230611D54FF40012354BDA6450
S315080370F006F065FF0E210746032002F09FFB40F2C8
S315080371000122334B3846DA6206F054FF214696F8D5
S31508037110270002F05BFCEF0503D5E00538D502F03E
S3150803712025FCA90503D5A20535D502F02BFC15F4D4
S315080371308C6F18D014F4806232D096F825309B07EA
S315080371400CD5328EB6F83631934227D0B6F8383195
S315080371509F1A7B427B411F4A82F8F4303046D6F8A1
S31508037160F010FEF79DFF2B0510D504F0B3FE1A4A5F
S3150803717014F4006FD2F8083F14BF43F0006323F0FA
S315080371800063C2F8083F0422104B5A640020F8BD76
S3150803719002F0E6FBC5E702F0EFFBC8E70123DAE7EF
S315080371A06805DBD596F825309907D7D5094B1146D7
S315080371B083F8F420094B30461B689847CEE700BF8F
S315080371C0006000B8005001B8006001B8002002B89A
S315080371D0004000B8003E00B0003000B09C600020BC
S315080371E070B5054690F83C010C460C2822D0FF29B9
S315080371F001D1212070BD1AB14FF0FF320F4B1A602F
S3150803720006F02BF9064695F83C0101F00FFA84427D
S3150803721028BF0446E4B2B44238BF3446E0B285F820
S315080372202B0001F02FFB064A0346107820B9FF2BE3
S31508037230E0D1DEE70220DDE70020DBE7D8630020A4
S31508037240344504087FB51C4B04461B780E46154681
S315080372500BB3D0F8EC306BB302AAB3F91230009231
S315080372600022D6F7DFFE02992046C1F3813105F0E5
S3150803727093FF70B9BDF90C30029902460093C1F326
S315080372800D0103462046FEF78DFA2946204606F0E9
S31508037290ECF804B070BD02A905F04DFC32469DF822
S315080372A008102046D6F71AFF2A4601462046FFF756
S315080372B097FFEEE71846ECE734450408F8B50D469C
S315080372C090F83C1104460C29174603D12E4B1B781C
S315080372D0002B51D02A462046A4F84850D6F7FEFE7E
S315080372E0D4F8EC3084F82A00002B41D0274A1678C4
S315080372F0D4F8FC204EB1002A40D1B4F94800B3F9BA
S315080373001210884206DC002607E0BABB94F845212A
S31508037310824202D20126B3F9125000222946204698
S3150803732084F82D70FFF78EFF08BB76B1C4F8EC001E
S31508037330204605F0C9FB4FF6FF739842014615D060
S315080373402046BDE8F840FEF799B9114B1B7813F0B0
S31508037350FD0F0BD1204601F077F90E4901230E4A9A
S31508037360D1F8FC1004F5827003F01AFB0020F8BD6F
S31508037370FF2384F82B30F9E70220F8E7B4F9441021
S31508037380B3F912209142BDE7344504088861002009
S31508037390F8630020004F00B0A43F00B0F0B50446E0
S315080373A08FB000F007FCD4F8A8300546012B00D0AF
S315080373B010B128460FB0F0BD7549204606F0ACF863
S315080373C0D4F8EC600146258EC4F8F0003EB1336864
S315080373D02BB15B681BB11A68032A00F2B58006F065
S315080373E0EEFDD4F8F030002B7BD01A68032A78D93F
S315080373F09F6A7F0E06F0DEFDD4F8F010B3898DF888
S315080374000E70B0687268EB1A9BB200FB03226148E0
S31508037410ADF80C3003680292994202D02046FEF773
S315080374203FFE5D4D5D4E00F0D7F90128FBD12B6C6D
S31508037430DB07F8D4736CDF01F5D4D4F8F0102046D3
S315080374400D919DF80E20029908AB02F03FFF002824
S315080374505AD100F0C1F90128FBD1504A4E49536C61
S31508037460D801FCD40B6CDB07F9D408A901A803F0EF
S31508037470B3F80546002847D1228E494B5A6494F837
S31508037480243060F3410384F8243000F03BFCD4F83D
S31508037490EC305969431E0E68DBB2FD2B049637D8C8
S315080374A04B680128059343D10126DF1C06D901330E
S315080374B03C4B5B6859D0DA1C54D80593024604A999
S315080374C0204600F0B9FB002E7FF473AFD4F864317D
S315080374D099053CD494F8243043F0020384F8243005
S315080374E067E72F4BDB6BC3F3C20213F0380F03F0C6
S315080374F0070718BF574313F4E07FC3F382123FF419
S3150803750079AF02FB07F775E7022528460FB0F0BDEA
S31508037510F71C13D9234B01361B6818BF0126DA1C3F
S315080375201BD804934B68FF280593BED00020C5E7F4
S315080375300246204604A900F07FFB3AE74B68FF287A
S315080375400593B1D02A46F4E79F6A7F0E56E720468D
S315080375504FF4803106F04CF82BE7FF284B6813D01D
S315080375600593B0E7FF28AED1E0E7DE1C06D802464E
S31508037570204604A9059300F05FFBA7E7FF28A5D1DA
S315080375800022204604A9F6E7012005938DE700BFEC
S31508037590FC4F00B07460002000C002B8000002B8B7
S315080375A0008001B8E063002010B504234FF03A4188
S315080375B001240A4AD1F81801C2F81831C2F814315D
S315080375C04C634FF400511163410742BFC2F81431AB
S315080375D0A2F58052C2F8183110BD00BF002000BAC8
S315080375E02DE9F04104460E4619B990F82430590698
S315080375F056D44FF6FF73A18ED4F8F070994204D08F
S31508037600394B1B680BB120469847384D2B68BB424C
S3150803761062D0374B1B6833B1002F60D0396801B18C
S31508037620B968204698474FF00708204601F00CF83A
S31508037630002E46D02F4B93F90030C3F11C0317B124
S3150803764097F926209B1A06202B4994F928600A6A7B
S315080376509B1BDB0222F4FF2203F4FF2313430B6273
S31508037660D4F8F020254B2A60986701F0B7F901256D
S315080376700022234B234920460D7083F89C2005F0EE
S3150803768074FE214B5B6C5A0203D4D4F8A0301B0654
S3150803769003D54FF400121D4BDA640020BDE8F081D0
S315080376A04FF6FF71114DD0F8F0702A6866F386130A
S315080376B0BA42818680F82430ABD100F0C5FF4FF07B
S315080376C00108134A4346D2F8FC1004F58270A2F661
S315080376D05C7203F065F9ADE74FF00108A5E7394693
S315080376E0204698479FE700BF80600020746000200B
S315080376F07C6000208361002000C000B8006000B8E9
S31508037700003F00B085610020000002B8005001B8B0
S31508037710004F00B010B50446D0F824210B4B4FF4A4
S315080377200061C3F8DC2090F82420D20102F4006239
S3150803773004F022FD94F8243013F0100F4FF400736D
S3150803774014BF034A034A536410BD00BF003E00B08A
S31508037750001002B8002002B838B506F030FC4FF620
S31508037760FF710A4A13888B4203D106F023FC0E20C5
S3150803777038BD074C074D1B046567A4F5805463673A
S31508037780118006F017FC0020F2E700BFF66300201D
S31508037790006001B80000FFFF08B50C4BD3F84C2175
S315080377A0531C11D012F080420ED1094B1B681BB132
S315080377B011460320FFF7A6FB4FF08062054B1A65B7
S315080377C001225A6102229A6208BD00BF0080E00FB7
S315080377D0405E0020001002B80F4BDB68C3F3036357
S315080377E0013B0B2B0FD8DFE803F006060C0606064B
S315080377F006080A080808022070470420704705206F
S31508037800704703207047054B5B6913F0060F0CBFDF
S3150803781001200420704700BF000002B800C001B869
S31508037820094AD368C3F303630B2B08D06FF490504C
S31508037830184100F0010080F0010040007047506CC9
S3150803784010F48030EDD17047000002B80C490D4A98
S31508037850CB68C3F30363062B07D8042BD8B20BD81C
S31508037860C31E5842584140007047072B06D1D1F82A
S3150803787068011040ECD1704702207047002070471A
S31508037880000002B85FFFF9FF094BDB68C3F3036324
S315080378909A1E012A8CBF00220122012B02701EBFE9
S315080378A04FF4026222FA03F303F001030B707047E5
S315080378B0000002B8094AD368C3F30363032B01D054
S315080378C0072B08D1936CDB0605D4D06C80F008002F
S315080378D0C0F3C00070470020704700BF000002B81D
S315080378E010B5FF224FF6FF71044605F0BCFC68B9D4
S315080378F0FF224FF6FF71204605F0C6FC30B9204635
S31508037900BDE81040FF22024905F0D1BC10BD00BFF7
S315080379104C47040810B55B0743EA02439DF8082061
S3150803792043EAC163520502F0BC621A43064942F4AC
S31508037930C872044604F020FC002220461146FEF7CE
S3150803794067FE002010BD00BF9007E12D37B50C4632
S3150803795005460B4B1A680B4B19680B4B186801F055
S31508037960ABFD94F828302846009394F82B3094F806
S31508037970292094F82A10FFF7CDFF03B030BD00BFC6
S315080379802C610020286100203061002008B5FFF72C
S3150803799091FF88B1094BDA6912030DD5586C10F4B7
S315080379A0003009D1DB6C13F0100F4FF010030CBF36
S315080379B0034A044AD36408BD0220FCE7000002B860
S315080379C0001002B8002002B838B50546FFF772FF63
S315080379D098B10B4B5C6C14F400340ED10220094B9E
S315080379E0094A1B681B6DD0642246AB4214BF28465E
S315080379F0002000F0BFFA204638BD0224FBE700BF8B
S31508037A00000002B8405E0020001002B838B54B1ECD
S31508037A10012B05460C4616D8022915BF002201225A
S31508037A20022100210A480A430A4B0B49FFF704FAC5
S31508037A30003C18BF012495F82430002064F3C713CB
S31508037A4085F8243038BD002204481146EBE700BF09
S31508037A5091D106190000E2EC9E0C4B5490D10619FD
S31508037A6004292DE9F04104460F462ED84E1EF6B2D8
S31508037A70032E8BBF0025164BA84613F806809CBF1A
S31508037A80144B9D5D05F0ECFB80B94FF000084FF4ED
S31508037A9060320020104B6D045A6245EAC835A3F5D7
S31508037AA080535D6284F82E70BDE8F0812046FFF7A7
S31508037AB01BFA80B28428E8D8022EE8D894F8241052
S31508037AC02046C909FFF7A2FFE1E72120ECE700BF3B
S31508037AD0484704084447040800E000B810B590F87E
S31508037AE02700FF2814D0304BD3F8BC2012F0060F1A
S31508037AF001D001280DD94FF470622C4BDA604FF48C
S31508037B008072A3F58053DA600022274BC3F8B820A6
S31508037B1010BD02F0020412F0040202D00B789B0691
S31508037B2037D4002C39D00B7803F00F03072B34D145
S31508037B304B78022B31D98B7813F03E0F2DD0CC78A6
S31508037B4014F0040F29D014F0010F0CBF04230A23E1
S31508037B50A40748BF0633CB5CFBB1002A14BF022235
S31508037B600122012840F6FF7003F01F0108BF4900F0
S31508037B70013940EA01310E4801654FF470600B493B
S31508037B801202C860A1F58051CA60074AC2F8B83024
S31508037B90BEE7002CC7D18B7823B90023044A1365A3
S31508037BA00122EAE70222DCE7003E00B0006000B8E3
S31508037BB0004000B810B590F82710012903D8174BD1
S31508037BC0D3F8B4300BB1002010BD028E272A22D871
S31508037BD0134B14481B68834219D031241248181AC8
S31508037BE0434243415B000D48A0F8CE40502463430B
S31508037BF0282404FB01330D491944895CFA31A0F89A
S31508037C00D4100B490B449A5C0A4B1A70DBE76FF0E6
S31508037C1003040123E7E70E20D6E700BF003E00B0C2
S31508037C20C860002000F04902005A6202CC850408A5
S31508037C30DC840408A861002010B5124B0C68C3F84D
S31508037C407842C3F87C42C8B1D0F8EC30B3B15B696B
S31508037C50A3B1501EC0B2FD2812D9013404BF6FF078
S31508037C60010008600868FF2A186007D14A680132CC
S31508037C7002D16FF001024A604A685A60002010BDBB
S31508037C80012AF2E7004001B8F0B585B06D460E4605
S31508037C900F4B074614460FCB85E80F000D4BD3F859
S31508037CA048020090D3F84C2201923EB1631EDBB220
S31508037CB0FD2B0AD93060FF2C00D172602246294673
S31508037CC03846FFF7B9FF05B0F0BD012CF4E700BF4E
S31508037CD0544704080080E00FFF2818BFC3434FF03A
S31508037CE0180108BF1023064A18BFDB00C2F8FC13A5
S31508037CF018BF03F00803A2F58052C2F8FC33704795
S31508037D00002002B8024BD3F8F807C0F3C040704707
S31508037D10000002B84FF03A43D3F81421D2031ED514
S31508037D204FF480320E49C1F81421A1F58051C1F8E8
S31508037D3018215A6DD1B2C2F30722C3F8A410C3F8A7
S31508037D40A4200422C3F8A4200022C3F8A420C3F85D
S31508037D50A420C3F8A420C3F8A420C3F8A42070471A
S31508037D60002000BAF0220B4B01219A64A022A3F546
S31508037D7080539A644FF03A43026DC3F8F410FC211A
S31508037D80C3F8CC10C3F8D0204FF40052C3F8F02040
S31508037D90704700BF006000B8F8B54FF03A440D4687
S31508037DA01746064606F00BF9012304226363084BBC
S31508037DB0E76026616561C3F814214FF00042054B5D
S31508037DC0C3F8802106F0F6F80DB102236363F8BD04
S31508037DD0002000BA00E100E02DE9F0410546012440
S31508037DE0006800F00700063004FA00F3A868EC6898
S31508037DF05E1EA04200F0928000EA06076C681044F3
S31508037E001E430640D81B07EB040C8242644638D946
S31508037E10D31AFA18A0B3431E062B74D941EA0C03E6
S31508037E209B0770D14B1CACEB0303022B6BD90B4698
S31508037E3020F0030E8E44ACEB01071C68DC510433B7
S31508037E409E45FAD120F0030310F0030F01EB030E4E
S31508037E50A0EB03040CEB030700F0888011F80380FA
S31508037E60012C0CF8038000F081809EF80130022C67
S31508037E707B7018BF9EF80230084418BFBB700146D2
S31508037E806C685AB3531E062B01F101032FD9E01A66
S31508037E9002282CD941EA0400800728D1234622F078
S31508037EA0030CA444081F50F8047F43F8047B634576
S31508037EB0F9D122F00303D01A920701EB030C04EB62
S31508037EC003070BD0CA5C0128E25407D09CF801309B
S31508037ED002287B7002D09CF80230BB7006F06FF85C
S31508037EE00223AE60AB62BDE8F04106F063B80A440C
S31508037EF004F1FF3C00E0013313F8011C93420CF82C
S31508037F00011FF8D1EAE70B460844ACEB0107D91978
S31508037F1013F8014B83420C70F9D1B0E7042A0DD943
S31508037F200878043AA86148780431A86111F8020C64
S31508037F30A86111F8010CA861A8685DE7013A032A4C
S31508037F4012D8DFE802F00F1507020B4613F8012BC8
S31508037F501946AA610A4612F8013BAB61114611F8A4
S31508037F60013BAB610B78AB61BDE8F081084486E75A
S31508037F700A46F3E738B50B46154601464FF03A4429
S31508037F8068B101221048C4F8F4201A46FFF724FF03
S31508037F9025B14FF03A430422C3F8F42038BD73B130
S31508037FA0D4F8D8209A4284BF0122C4F8F4204FF0AB
S31508037FB03A42C2F8D4300223C2F8F430E8E7012380
S31508037FC0C4F8F430E4E700BFCC0000BA38B5044679
S31508037FD005F0F5FF4FF03A420121A38F0546516795
S31508037FE04BB3B3FA83F3C3F11903DBB2A069C2F83F
S31508037FF0B410C2F88C300723C2F89000C2F8B03028
S315080380004FF4A02302F50052C2F81431A2F58052A8
S31508038010C2F8183100220D4B1A600D4B5B6C5B02DC
S3150803802009D54FF480020B4B5A64D4F8A01094F880
S31508038030270001F0CBFC0023E38707232846A4F88F
S315080380404030BDE8384005F0B5BF00BFA460002046
S31508038050000002B8002002B82DE9F84305460C468D
S31508038060B1B1D0F81880878F05F0A9FFB5F83EC0DF
S31508038070791E01EA0C0323F00702032C0646DFF8F0
S3150803808000E1424461D1DEF8004024B905F092FFCD
S315080380900E20BDE8F88324F00104DEF8000020F082
S315080380A00100A04256D10023CEF80030238894421B
S315080380B06FEA43436FEA5343238041D1B5F840300F
S315080380C008EB07091846083880B202F108044C453C
S315080380D028BF4446082804D9B4F800E0BEF5804F03
S315080380E043D263440F431B1A3B409BB2EB87A5F865
S315080380F04000947811884FF03A42C1F30C01916518
S31508038100C2F89830C2F8B0004FF48022184B04F036
S315080381100704C3F814214FF00042164BC3F8802115
S31508038120FFF7F8FD042C0BD14FF48002124B5B6C5E
S31508038130124B5A64D5F8A01095F8270001F046FCAF
S31508038140304605F037FF0020A3E7601E012898BFD5
S315080381501446A2E7B5F840004344E31A48BFDB19BF
S3150803816008389842A2DC304690E72246ABE700BFC0
S31508038170002000BA00E100E0000002B8002002B8BF
S31508038180A4600020164B10B51968B1F84020CB8FB0
S31508038190888F13440138073B8C69034023F0070390
S315080381A01C4402F108034FF03A429BB2A1F840304F
S315080381B0C2F8B0304FF480220A4BC3F814214FF0AB
S315080381C00042094BC3F88021A07800F00700042871
S315080381D003D1064AD3681B03FCD4054B1C6010BDA8
S315080381E0405E0020002000BA00E100E0000002B86B
S315080381F0A460002010B5064C216839B1CB0703D417
S31508038200044B1868FFF728FF0023236010BD00BF3F
S31508038210A4600020405E00204FF480320C4B0D49C9
S31508038220C3F818214FF03A43C1F81421D3F8AC1018
S31508038230D3F88C20012302F0070206329340C1F3D8
S315080382400C01083B994201D8FFF764BD704700BF8C
S31508038250002000BA001000BA2DE9F04780460C4604
S3150803826016468769858F05F0AAFEB8F83E2005F1FC
S31508038270FF3C02EA0C0323F00701032C8246394428
S31508038280B8F8400019D14A4C24689CB90244073A05
S3150803829002EA0C0222F00702BC183B44E31A48BF61
S315080382A05B19834210DB504605F084FE0024204602
S315080382B0BDE8F08724F00104EFE7012C02D0022C75
S315080382C0EBD108380C46E8E7002E3FD08C4241D163
S315080382D04FF03A42D2F858904FF03A41D1F8AC20D1
S315080382E0B8F81270C2F30C02934247DA2588B5F53B
S315080382F0804FD8D2A378C5F30C0503F007037A1E7B
S31508038300A5EB09053A43052B337005EA02052DD873
S315080383102DB2E84340F245420421C00FFDF7D8FACF
S315080383207580E3783374D8F81C207B1E03EA0903A7
S31508038330D118B160A9B213FA85F5AF422FBF00234E
S31508038340FF1AB780F26024BFB180F360504605F088
S3150803835031FEACE7A4F10802974284BFED0802EBAD
S31508038360C502B2F80090C9F30C09B5E7114B5B6D6A
S31508038370003B18BF0123A5EBC305C9E74B6D7A1E5E
S31508038380A3EB09033A431A400B4915B2002DCB68F0
S315080383900BDCC3F30363D81E43424341DB0033704C
S315080383A0CB6C72801B0A3374BDE70823F7E700BF5B
S315080383B0A4600020004000B8000002B8134B70B553
S315080383C01E684FF03A43748ADD6D621E5B6DADB26B
S315080383D092B242EA04015B1B0B40191E18BF012126
S315080383E0C90001700A492A40C96C4380090A017405
S315080383F0F169D618A64201EB0205D2BF0021A31ADA
S315080384009BB285608380C160002070BD405E0020FA
S31508038410000002B8054BA822D3F84C013121431CAE
S315080384200CBF0120C0F38070FDF752BA0080E00F3D
S3150803843010B50F4B1C78ACB90E4BD3F8F8375B0362
S3150803844009D490B10F23441EB4FBF3F4103004444B
S31508038450E4B2204610BD40F648023F212046FDF708
S3150803846037FAF6E70001C4B2F3E71024F1E700BFD1
S31508038470F8630020000002B8014B588000207047BB
S31508038480F863002038B5284D0446297819B92022FF
S31508038490264804F091F82378254A264913704FF2A3
S315080384A0F002C1F8C821244A4BBBA1F50051D1F803
S315080384B0F81711F4002F4FF0FF011CBF1F48C0F82F
S315080384C0DC3011704FF040731A4AC2F834311C4B32
S315080384D0D3F8F83713F480230BD14FF47F01C2F88E
S315080384E030111849C1F8303148F2C801164BC3F8A0
S315080384F0F4100723C2F8FC330122124B0DE00024C3
S315080385000E48022BC0F8DC404FF0FF001070D9D19B
S3150803851007230422C1F8FC330A4BC3F8FC230123BF
S3150803852000202B7038BD00BF89610020E03F00B0F2
S31508038530F8630020002002B802640020004001B856
S31508038540000002B8001002B8003F00B010B5044698
S3150803855001F068F8094BD3F8F80734B900F440205A
S31508038560B0F5402018BF012010BD022C0ABF80F4C5
S3150803857000300020C0F34040F6E700BF000002B811
S315080385802049D1F8FC37FF2B31D01F48C3F3031218
S315080385900270D1F8F81703F00F0309035BBFC2EBA8
S315080385A002120F3B02F1FF32D2184ABF03EB021342
S315080385B0D3B2DBB2154A164913700978154B1A68F4
S315080385C0E9B1B2F1A06F1AD3D3F85012124A134B7A
S315080385D0B1F1FF3F18BF1346114A136041F66A0209
S315080385E0104B1B68B3FBF2F30F4A13607047D1F8BD
S315080385F0F83713F4002F0CBFB4235A23DAE7074BD3
S31508038600EAE700BF000002B8036400208B6100207C
S31508038610016400200080E00F5082E00F64470408DD
S31508038620A8600020C8600020AC60002020B10228A2
S3150803863004D1034B18787047024BFBE700207047B9
S31508038640036400208B6100202DE9F74FD0F8B04072
S315080386504C22022C38BF02247B49013CCB6CD1F84F
S31508038660DC507A49C3F38213DA400B680646A34201
S3150803867090F83C71764BDFF800A2DFF80092DFF83A
S31508038680008202F0010216D11878904213D19AF8A3
S315080386900000B8420FD1D6F8B40060B1A8420AD197
S315080386A096F82B5099F80000854204D1B8F80400CF
S315080386B003B0BDE8F08F98F800001A700C60FFF756
S315080386C0B5FF0346002A00F0918004234FF07F414B
S315080386D0604AC2F8BC30604BC3F8BC1096F82B301E
S315080386E01B06C2F8BC30002040F271225B4B1921ED
S315080386F01B68B3FBF2F36343182BB3FBF1F14FEAA1
S31508038700004400F29380002C00F09B80B4FA84F2B4
S31508038710C2F12002C2F10F03012B38BF0123D44053
S31508038720A14201D2013B6408421C03F01F01520017
S315080387308A40121BDFF838B19208CBF8B0201A0228
S3150803874042EA03121343019300EB002300EB0325CC
S31508038750434B40F6C20218682B21003818BF012084
S31508038760FDF7B6F8FA223E4B02FB04F01B6840F607
S31508038770FF72B0FBF3F00A2358433A4B00F57A74B9
S31508038780C3F8D820019AA3F58053C3F8D820364AEC
S31508038790A3F58053C3F8DC50D2F8F827520308D45C
S315080387A0D3F8DC3003F47F02C3F303531343CBF844
S315080387B0FC30C6F8B4502D4D00F6B8302C6002F0E4
S315080387C069F84FF47A722A4BC3F8A400C3F8F80081
S315080387D02B68B4FBF2F0B3FBF2F3A8F8043096F86F
S315080387E02B308AF8007089F8003061E796F82B0079
S315080387F0984228BF1846C0B22FB1022F7FF473AF31
S31508038800FFF716FE70E7184BD3F8F8371903F7D4B2
S3150803881050B10F230138B0FBF3F00130154B1B6839
S31508038820034413F8010C5FE70120F7E7B1FA81F275
S315080388303CB1B4FA84F3D21A002A3FF76BAF0F237D
S315080388406EE70F2370E700BF004001B8D863002026
S315080388508A610020001002B8002002B8C860002010
S31508038860AC600020006001B8000002B8B0600020C8
S31508038870003F00B0A860002000640020FF630020CA
S31508038880F863002038B5254B05461A78244C0C2A7C
S3150803889002D1FF20207038BD104604F0DEFD0146E4
S315080388A01046FFF7C3FEA84228BF2846C0B288422F
S315080388B038BF08462378C0B28342ECD020703ABB4F
S315080388C0184BD3F8F83713F4002321D14FF2F001EC
S315080388D0154AC2F8C811C8B10F230138C0B2B0FB94
S315080388E0F3F3591CC3EB0313C01A431C0D4A1B01AC
S315080388F0D2F8C80143EA01330343C2F8C831D2F8B0
S31508038900C8210A4BC3F8FC202078C4E70121EDE708
S31508038910074B1868FFF798FEF6E700BFF8630020D1
S3150803892002640020000002B8002002B8003F00B02D
S31508038930405E0020014B1870704700BF0164002099
S3150803894010B50446FCF744FC78B1154B1B786BB994
S3150803895064B1144B1B784BB1134B1B78013B012BAA
S3150803896004D84FF40042114B1A6510BD104B1B6D0A
S315080389701B04FAD405F023FB044603F0ABFA4FF4C1
S3150803898000420C4B2046BDE810401A6502220A4BEA
S31508038990C3F8D4240422054B5A6405F00BBB00BF65
S315080389A08C6100208D610020B4600020002002B88D
S315080389B0000002B8001002B800D003500122024B8F
S315080389C000201A70FFF7BCBF8C6100200022024BFF
S315080389D001201A70FFF7B4BF8C610020054BD3F84A
S315080389E0843013F0030F4FF4802314BF024A034A5B
S315080389F093647047004000B8005000B8006000B8A0
S31508038A00F7B50646534C00F00DFE01213A20EBF765
S31508038A10DDFB514B2578514F1E7085BB2846FFF762
S31508038A208FFF2378013B012B19D8E37B01A88DF827
S31508038A300430237C8DF80530E9F798FEC7F8D4543B
S31508038A404FF6FF72464BC3F88420F822A3F58053EA
S31508038A50C3F884200022414BC3F8D4240DE04FF613
S31508038A60FF723F4BC7F8D454C3F88420F822A3F502
S31508038A708053C3F88420C7F8D4543A4B5BE00020EC
S31508038A80FFF75EFF2378013B012B08D8E37B01A898
S31508038A908DF80430237C8DF80530E9F767FE00234B
S31508038AA0C7F8D434002ECBD062685AB32E4B1B6852
S31508038AB003EB5203B3FBF2F3013B1B0243F0F80348
S31508038AC026782749022E294A1ED0032E4FF6FF750C
S31508038AD0224826D0012E36D143F00203C1F884502A
S31508038AE0C2F884300723C0F8D434E37B01A88DF891
S31508038AF00430237C8DF80530E9F72EFE0120FFF7B5
S31508038B001FFF17E0F823DBE74FF6FF7043F0010377
S31508038B10C1F88400C2F884300622104BC3F8D42463
S31508038B20E3E743F00503C1F88450C2F8843004230D
S31508038B30C0F8D4340E4B4FF080421A650020FFF775
S31508038B404DFF03B0F0BDC1F88450C2F8843000234A
S31508038B50EEE700BFB46000208D61002000C003501B
S31508038B60006000B8002002B8C8600020005000B8B2
S31508038B70001002B8F0B52B4F06463D4604460FCE05
S31508038B800FC5336885B02B6000F04CFD01213A20F0
S31508038B90EBF71CFB0022244BC3F8D424A17A627A90
S31508038BA042EA0142C3F8E024217CE27B42EA01421D
S31508038BB0C3F8DC24217B627B41EA0240C3F8D8046C
S31508038BC03B78032B2AD8DFE803F022020C178DF82B
S31508038BD0041004218DF805200DEB01000022EBF7A4
S31508038BE095FAE37B00228DF80830237C042102A83A
S31508038BF08DF80930EBF78AFA637A01228DF80C307F
S31508038C00A37A042103A88DF80D30EBF77FFA074BF7
S31508038C10187805B0BDE8F040FFF7F2BE212005B08D
S31508038C20F0BD00BFB460002000C003508D61002072
S31508038C30034B1B6D002BBCBF024BC3F88800704760
S31508038C40000002B8004000B8084B1A6C0A2A0AD971
S31508038C505A6D4FF0FF3302F00F02934098430CBF4F
S31508038C600120002070470120704700BF00C001B8EB
S31508038C702DE9F04700F030FD4FF47A762D4BB0FB23
S31508038C80F6F618604FF4FA73734307462A48190E23
S31508038C901B021818294A4FF0000341F1000103F09B
S31508038CA0FBFA274BA0F5807205461A6320B94A22B8
S31508038CB02B21FCF70DFE01254FF47A724FF0000ABB
S31508038CC06A4353465008310203F0E6FA1C4B1D4A21
S31508038CD0B7F57A7F9A601C4B4FEA056819601B4BF8
S31508038CE08946044618604FEA152505D29D222B218D
S31508038CF05046FCF7EDFD01264FF47A73A8FB0301F2
S31508038D0003FB05117308C01841F10001002332461D
S31508038D1003F0C2FA0E4B023419600E4B49F10009EF
S31508038D20A408186044EA8974054B013C9C63BDE8B2
S31508038D30F08700BFC860002020A1070040420F004B
S31508038D4000C001B802110100D8600020D4600020D9
S31508038D50D0600020CC6000200822044BC3F884218D
S31508038D605A600122024BDA60704700BF00E100E057
S31508038D7000C001B810B50446A242A2EB0000A3EB5B
S31508038D80010104D2034B01399B6B0133184401F0EB
S31508038D90030110BD00C001B838B501250A4B02010D
S31508038DA09D504FF480730446084A8340536605F082
S31508038DB006F9074AA540137823EA05031370BDE8A5
S31508038DC0384005F0F7B800BF00E101B800E001B884
S31508038DD0976100202DE9F84F164605468A461F4631
S31508038DE005F0EDF8022E00F09180804605F0F0F8C4
S31508038DF0604B614AD3F8209092F885405A6EE4B2E4
S31508038E00520744BFD3F82090013404F0030405F055
S31508038E10DAF84846214600F029FA8446DAF80000CB
S31508038E20012E04BF01306044ACEB000C08BFCAF83E
S31508038E300000BCF1804F7DD300F02AFA8145A1EBEF
S31508038E40040188BF4B4BDFF854C188BF01F1FF31DA
S31508038E5001F0030188BF9B6BA0EB090E0CF8051004
S31508038E60A1B1F90742BF41F61F72444B5A67BA07C5
S31508038E7042BF424B424A5A677B0742BF00223D4BD9
S31508038E809A673C0742BF00223A4B9A6511244FF072
S31508038E90010A384B05F11002120103EB051BCBF847
S31508038EA00C0138499C501A6A0AFA05F4586E0B786D
S31508038EB0A2EB0902E4B2234372450B7025D34FF4A0
S31508038EC08073AB40034220D11CF80520002A4CD1FD
S31508038ED00EB32D4AF807536607D541F61F7140F2BC
S31508038EE00110264B596750675967B90706D5234BAF
S31508038EF0234A254925485A6748675A677A0742BF66
S31508038F000122234B1A613B071AD4404605F052F84F
S31508038F100120BDE8F88F1F4A2D0142F805A042F843
S31508038F209C3C05F04CF817490B7823EA04030B70AD
S31508038F3005F040F8404605F03DF80020BDE8F88FF7
S31508038F402120FFF775FE4FF480310A4A124BD16090
S31508038F501A78002AD9D000222D201A70FFF768FE46
S31508038F601022094B40465A66D0E7074A40465366DD
S31508038F70CCE700BF00C001B8003E00B000E001B86E
S31508038F8000001F1F9761002000D001B800000101EF
S31508038F90000002B800E101B88E6100208F6100204D
S31508038FA0034B10300001185800F00100704700BF4A
S31508038FB000C001B82DE9F0419DF818800D46B8F1B7
S31508038FC0000F08BF0022214EB5F5803FB16807465A
S31508038FD021F4700141F4A001B1609DF820409DF889
S31508038FE01C104FEA042444EA016444EA031444EADD
S31508038FF0084444EA02044FF018014FF436722CBFB2
S31508039000002001207465FCF763FC3564B8F1000F92
S315080390101AD00F4BBC68D3F8B8306F2C38BF6F24FF
S315080390205B0606D500F01EFC18B10A4BB3FBF0F33A
S315080390301C44204600F02CF90130854238BF002233
S31508039040024B34BF5A645864BDE8F08100C001B8C6
S3150803905000C000B800093D00F8B5254F3D6E01F084
S31508039060D5FD04462846FFF7EFFD7B6C064603B19C
S3150803907070B310272020FFF7DBFD1E4B9F606CB1F2
S31508039080002200200821FDF7CBFC80221A4B5F66DD
S31508039090A3F580531F6703F540531A6102F0D6FB05
S315080390A01022164BC3F88421154AD36803F070635C
S315080390B0B3F1807FF9D91CB116B10122114B1A708D
S315080390C00B4B114A1D665A6741F201429A67F8BD6E
S315080390D0002CF5D00D4B084A5366A2F58052136748
S315080390E02846FFF7B1FD0028EAD03D6EF8E700BF32
S315080390F000C001B8001002B800E001B800E100E0C2
S31508039100000002B88E610020011B01181000002020
S3150803911010B504462120FFF78BFD1CB14FF48032AE
S31508039120064BDA60064B1A783AB100222D201A70DC
S31508039130FFF77EFD1022034B5A6610BD00C001B827
S315080391408E61002000D001B8F8B5174D0446EB6BC5
S31508039150DB0124D500F0E6FBA0FB0446E86B070A0F
S31508039160050C10F0FF0005D140F227422B21FCF72E
S31508039170AFFB0120EDB2AD01B5FBF0F0FBB210EB8E
S31508039180831005D140F22C422B21FCF7A1FB0120C9
S31508039190024600232046314603F07EF8F8BD00F068
S315080391A061FBA0FB0401F9E700C000B802460120F1
S315080391B030B50B4CA0F12003C0F1200524FA05F5C0
S315080391C004FA03F32B4304FA00F595428B4100D3C3
S315080391D030BD0F2801D00130ECE7FF20F8E700BFC8
S315080391E040420F0000220B4B40F010001A700F226A
S315080391F0094BC3F8B820A3F58053C3F8B800A3F501
S3150803920080535B6ADBB2802B02D0084600F0C0BBF2
S31508039210704700BF8E61002000E000B838B504F03F
S31508039220D7FE084B084A1D6A92F885405A6EE4B27F
S31508039230520744BF1D6A013404F0C5FE284604F0EC
S31508039240030138BD00C001B8003E00B00346064A14
S31508039250103302EB00111B01D1F80C01D158C1F3ED
S31508039260400104F01DB900BF00C001B8064B1B68D6
S31508039270434303EB8171054B1B68A3FB003013F1D2
S31508039280004341EB00007047D0600020CC6000200B
S315080392900C4A20F04043014610B5002014684FF0ED
S315080392A00042E4FB0320084A890F126802FB030005
S315080392B0064B9B6B984204D901330131C01A01F05E
S315080392C0030110BDD4600020D860002000C001B897
S315080392D0044B01F0F071103041F0030100011950FD
S315080392E0704700BF00C001B808B52220FFF7A0FCED
S315080392F04FF48022014BDA6008BD00BF00C001B8F5
S3150803930040B1836833B10649C268096803F130433B
S31508039310032A00D8704743F8041B043AF8E700BF4A
S315080393200C61002070B51646054600B3F9B1F2B1D3
S315080393304268104B006803321B68920800F13040FC
S315080393409847044688B9EA68A868033231469208FA
S3150803935000F1304004F0C4F8044630B928692146C0
S315080393606A6900F1304003F027F9204670BD2124CD
S31508039370FBE700BFDC63002070B50C68651C15D0DD
S31508039380C4F302669E42C4F3074530D1A4B294429D
S315080393902DD804EB8506B24229D2141BA50824F05E
S315080393A003040E59340F04D0012C08D000222124BB
S315080393B002E06B1C51F82320C0E9002470BD0E4C53
S315080393C034F8133042EA03431A686B1C51F82340F6
S315080393D001EB83014B6822405E4036F0704404D1AA
S315080393E01B0F032B04BF8B681A430024E4E70135DC
S315080393F001EB8501C1E700BF7847040807B501A853
S31508039400EBF7D3FB254B2649D3F86022D2B2FF2AC2
S315080394101DBFD1F87801130243EA0213D1F8783154
S315080394201CBF20F47F621343C1F8F8331C4BD3F8EF
S31508039430F837190354BF09200C20EBF7D9F9C822CA
S31508039440184B42F201015A654FF4C02203F5104343
S31508039450C3F868214FF48032C3F86C21124AC2F864
S31508039460701202F52042D2F8F827120308D44FF4F3
S3150803947070610E4AC2F8A0104FF42062C3F8A02008
S3150803948001220B4BC3F8002403F53043D3F86821B4
S31508039490084B1A6003B05DF804FB00BF0080E00FB9
S315080394A0000002B8008001B8006001B8002002B8C5
S315080394B0005001B8A0600020836810B4074C03F17C
S315080394C0304324681B689C4203D15DF8044BFFF7BD
S315080394D029BF00205DF8044B704700BF0C610020CC
S315080394E0134B1B78002B20D0124B134A00201A600B
S315080394F0124B134A1A60134B134A1A60134B1A6812
S31508039500134B1A60134B144A1A60144B144A1A6005
S31508039510144B154A1A60154B154A1A60154B164A09
S315080395201A60164B164A1A6070470220704700BF26
S31508039530986100201861002070500408106100200B
S31508039540D447040814610020F4470408F063002094
S315080395500C61002030610020BC4704082861002004
S31508039560784B04082C610020F04704082461002086
S31508039570A44704081C610020F8470408206100205A
S31508039580EC4704080022012138B51E4B5A649A6435
S31508039590DA641D4A516102219162DA68C2F30362F1
S315080395A00D2A01D0002AF8D111220124174DDA63B6
S315080395B04FF0FF302C70D4F797FD00232B70144D12
S315080395C040F2D15228685421C01A18BF0120FCF76B
S315080395D07FF9104B28681A680F4B1968FFF7A2FE24
S315080395E001F07CFA0D4B1868FFF78AFE0C4B1868D6
S315080395F0FFF786FE4FF08062034B5A6103F58053EB
S315080396005C6138BD000002B8001002B898610020FA
S3150803961010610020146100201861002030610020C9
S315080396202461002001230D4A0D49C2F88032916650
S315080396300C4A53600C4A53600C4A5360A2F58042A5
S315080396405360A2F54042536002F5C032536002F5F7
S3150803965080425360A2F50042536070470090005061
S31508039660FF0B001600D000B8001000BA005001B86E
S3150803967010B50324FFF7D6FF114A124B1A65FFF7F5
S31508039680BDFE114BC3F8104100F06AF900F0FCFF68
S315080396904FF460720D4B5A614FF400721A65FEF768
S315080396A031FB0021FEF718FB4022094B1C64A3F586
S315080396B080535C64074BC3F884215A6010BD00BF0E
S315080396C00048F000000002B8005001B8001002B8C4
S315080396D000A0095000E100E008B504F0DBF8044BEC
S315080396E01B6FC3F300430133B0FBF3F008BD00BFA0
S315080396F00080005070B5044698B1B1B13A4A52F8A1
S31508039700043B834213D10023384A116CC907FCD49E
S31508039710374800EB830003F0ECFE364B106001225A
S315080397201A6470BD01330C2B02D1334D2CE001238F
S3150803973052F8041BA142F5D1304A32F81330E3E755
S31508039740C2F3016335F81300110C93B211F0FE0F3F
S3150803975043EA0043606820D00434CAB2022A216867
S3150803976008D96668A068033AC3E9001698600C34FA
S315080397700C33F3E704D16268C3E90012083403E043
S31508039780012A01D1043419602268531CD8D1002256
S31508039790164B1A6003F58053C1E7120F072AEDD853
S315080397A0DFE802F00704090D1013181DC04303F57B
S315080397B000531860E2E71A6842401A60DEE703F5C9
S315080397C08053F6E703F061FED8E7012203F58053D9
S315080397D08240F2E7012203F500538240EDE71A6857
S315080397E030EA0202FBD1C9E7DC60002000C002B8F8
S315080397F0404000B000D002B87847040864610020EE
S315080398000B4B1B68D3F8F03023B11A68022A01D927
S31508039810186A7047074B9A6E90B238B1064BC2F373
S3150803982007421B68DB085343B3FBF0F0704700BFDE
S31508039830405E0020004001B8C8600020074BDB6883
S31508039840C3F30363984208D1054AD2F8803023F05C
S31508039850F00343EA0111C2F880107047000002B80A
S31508039860003F00B0054B1B68D3F8F03013B11A68F4
S315080398700A2A01D8FFF7C4BF186C7047405E002058
S315080398802DE9F743064603F0F9FD00248046DFF881
S31508039890909004F094FB0DF1070105460DF10600BF
S315080398A0FDF7F2FF9DF806308BB9721C29D003F039
S315080398B0E5FDA0EB0804284604F07CFB9DF806307A
S315080398C013B99DF807303BB3A642E2D824E0D9F88A
S315080398D00C3013F4603FE8D0D9F8180003F05CFEA7
S315080398E0731C074603D003F0C9FDA0EB08042846FA
S315080398F004F060FB17F5007FE0D0384603B0BDE8F7
S31508039900F083284604F056FB9DF80630002BC0D199
S315080399109DF80730002BBCD1004FEEE700FEFFFF92
S3150803992000C000B80B4A10B5136F0B4C116F03F048
S315080399300703E35CC1F3CD0101FB0333126F074849
S31508039940C2F3454202FB033300688001B0FBF3F020
S3150803995010BD00BF004001B870470408C860002066
S315080399600122014B1A657047001002B80122014B08
S315080399701A657047002002B84022014B1A657047E2
S31508039980002002B84022014B1A657047001002B83E
S3150803999010F1800F04D04D28CEBF7F20323040B25D
S315080399A0FF22034BC0B25A62A3F58053586270472D
S315080399B000E000B8044BD3F8B03010B1C3F3033258
S315080399C0027003F00F007047000002B8064B01F05F
S315080399D080015B6C03F480030B4302BF4FF4001250
S315080399E0024BDA64704700BF000002B8006001B892
S315080399F00F4B1B788BB1012B11D10E4A012102F5AE
S31508039A0080528B4291600FD80A4A0B49002B08BF34
S31508039A100A4693689B07FCD47047074AEEE7002279
S31508039A204FF480539A60FFDE00239B68FBE700BF71
S31508039A3099610020004003B8000003B838B50B4B02
S31508039A400B4C002818BF1C46A569E3691D4007D0BF
S31508039A50084B1B682BB12846984704F50054A561A3
S31508039A6038BD6B05F9D5FFF7C3FFF6E7004003B822
S31508039A70000003B8346100204FF604014FF60502CF
S31508039A80044B01201B6C9BB28B4208BF1346024A48
S31508039A90136670470080E00F00C001B82DE9F74F41
S31508039AA081460F464FF0FF35FFF7B8FB00260190B6
S31508039AB08A462C463046DFF8D8B006F110031B0158
S31508039AC05BF8033003F00308B8F1010F15D13046EC
S31508039AD0FFF7BCFB02460B4601985146FFF74AF9C6
S31508039AE0DBF8643006F10802D340DB0739D5002FCB
S31508039AF040D000252C463E6040460136082EDCD170
S31508039B0060B3234A0027D2F808C0916B0CF440339C
S31508039B100131A4FB0141641941F10001B3F5003F8A
S31508039B2030D1536B0CF4405C013347F10006BCF5A6
S31508039B30805F22D1156B15F5807505FB06F647F18F
S31508039B40000203FB0266A5FB03323244594304FBB6
S31508039B500212A3FB04341444C9E9003403B0BDE874
S31508039B60F08FA84271EB0403C6D207B13E600546DF
S31508039B700C46C1E73D463C46BEE7320242EA13625B
S31508039B801B02E3E7136B13F5807347F10002DDE766
S31508039B9000C001B8F8B5062003F093FC044603F0A9
S31508039BA06DFC42F21073041B9C42054618D94FF00C
S31508039BB080624F240B4B5A6441F26F770A4E0BE0CF
S31508039BC003F05CFC401BB8424FF4837221468CBFFA
S31508039BD000200120FBF77CFE736C5B01F0D5F8BD12
S31508039BE01A24E9E7002002B8000002B8034B1A6EEC
S31508039BF0596E03F500530A401A66704700800A50E7
S31508039C00FF28F8B506D1FF294FF0070006D000292B
S31508039C1067D103E0FF2962D10F2862D80026324CA8
S31508039C20324D84F8800084F88160686940F25D12D9
S31508039C304B2100F00100FBF74BFE11231022AB6604
S31508039C402B4B6E66C3F888219A6001213B20EAF7FD
S31508039C50BDFA94F88110274A94F880300A432649B6
S31508039C60063341F82320254B3E201D68EAF7C8FA38
S31508039C706F08ED07024633462846394602F00CFBC1
S31508039C80090241EA1061C0F3C05040EA41001C4B87
S31508039C902067186B10F5807005D14FF4D6722B2107
S31508039CA0FBF716FE0220024600230020012102F0DC
S31508039CB0F3FA60673E20EAF7A3FA40F649435843A6
S31508039CC0000DFF2828BFFF20022838BF02200021E5
S31508039CD084F88400012000F0EDFC0020F8BD0F286D
S31508039CE095D92120FAE700BF003E00B000800A504C
S31508039CF000E100E0020D0C0000800350C86000205C
S31508039D0000C001B870B5FFF745FF0021022000F037
S31508039D10D1FC03F0B3FB04460F4D104ED5F8F433CC
S31508039D201B070BD504F04BF9BDE8704002220C4B18
S31508039D30DA6001220B4B1A7004F03CB903F09EFB60
S31508039D40001BB0424FF405724FF045018CBF00204B
S31508039D500120FBF7BDFDE1E7000002B83F420F0013
S31508039D6000C001B89A610020214910B50B78002B71
S31508039D703DD001221F4C94F881300133DBB202FA3D
S31508039D8003F31D4A5366136608221C4BC3F888213E
S31508039D9000230B7003231A4A39211364A2F5805250
S31508039DA05364184B40F2C322586CC0F38060FBF728
S31508039DB08FFD4FF48041144A144BC2F89410144A89
S31508039DC0A16FD26E914202BFD3F86C21E267D3F832
S31508039DD06431E06F08BFA4F88630B4F8861000F043
S31508039DE0DDF8BDE810400121022000F063BC10BD78
S31508039DF09A610020003E00B000A00A5000E100E08E
S31508039E0000A00950000002B800E001B800C001B87C
S31508039E1000800A5010B504463E20EAF7F1F960437C
S31508039E20034B00F5F42000F59070B0FBF3F010BD7A
S31508039E3040420F002DE9F74FFFF7ECFF0446FFF703
S31508039E40A9FE04F0BCF800214B4F05466846397055
S31508039E50FFF724FE494B80469E69494BDB6813F09E
S31508039E60706F1CD1474B5B6913F0060A17D1E0B133
S31508039E70454B611D1868A1FB00B93E20EAF7C0F9F6
S31508039E80534602464946584602F006FA009B09021B
S31508039E9041EA106100029842019B994105D328467D
S31508039EA003B0BDE8F04F04F085B80021022000F0A6
S31508039EB001FC03F0E3FA8146DFF8C4B0DFF8D4A067
S31508039EC0DBF8F4331B0741D5B8F1000F4DD0DDE9B4
S31508039ED000893E20EAF794F94FEA182141EA096115
S31508039EE04FEA1923A0FB019800FB0388264B1A683F
S31508039EF012B9FFF7F1FB024600234846414602F032
S31508039F00CBF90121214B013493F88130DFF86CC07A
S31508039F1001331F4A361BDFF880E0DBB201FA03F38D
S31508039F200644CEF86030CCF86C605366DCF818202B
S31508039F30DCF86C60241A921BA24216D2CEF864305F
S31508039F400220CEF8603000F0B5FBA8E703F096FAD6
S31508039F50A0EB0900504540F26A224FF045018CBF39
S31508039F6000200120FBF7B4FCAAE70222054BDA60BE
S31508039F7001233B7093E700BF9A61002000800A50D3
S31508039F80000002B800C001B8C8600020003E00B057
S31508039F9000900A503F420F0000A00A5001232DE902
S31508039FA0F74F9A4F044697F881208A469340984A72
S31508039FB00E46936697F88020964B0546C3F8D82035
S31508039FC04FF40032944B4FF0000B1A610223DFF86B
S31508039FD05482C8F80C30914B9B6903F1FF39A3EB04
S31508039FE00903002B40F3D4800BF1010BBBF1020FDD
S31508039FF057D9EC220D210020FBF76AFC4FF080535A
S3150803A000874A884F53664FF40031804BC7F86C5123
S3150803A010C3E91E950025C7F86461A3F88660116134
S3150803A0207C4AC2F8D85093F8812001239340784A92
S3150803A030936603F0C4FF2A462B464FF4807E3E6A96
S3150803A040D7F864C002F110010901795801F0030138
S3150803A050012910D10EFA02F111EA0C0F0BD107EB05
S3150803A0600215B442D5F80C5100F2A580AC4202D2CF
S3150803A070AE4280F0A3800132082AE3D16A4D2968EB
S3150803A080012940F29E803BB16049B1F882201A4308
S3150803A090A1F88220604A536603B0BDE8F04F03F087
S3150803A0A089BF012397F881205C4D9340584A9366EC
S3150803A0B003F085FF4FF08052594B01905A66AB69FE
S3150803A0C003F10109C5F86C90D8F83010D8F80830B0
S3150803A0D0DD036DD5BA6F3E6FA9EB0202A2FB062616
S3150803A0E07B6F01F58071A6FB03E5A2FB03C313EBA4
S3150803A0F00E03A1FB03EC45F1000501FB05CCB2EB0E
S3150803A1000E0266EB0C06120A42EA06625244B2EBE8
S3150803A110112F4FEA112603D3013345F10005921B8C
S3150803A120043E964228BF1646C8F8186097F8852055
S3150803A130D8F82010E318D2B245F100058C42D8F8B6
S3150803A140381084BF02F1FF32D2B2481C0ED04FF04A
S3150803A150000E01F1010C99427EEB050008D201328B
S3150803A160B3EB0C03D2B265F10005F4E72A44D2B285
S3150803A1701D4602F0030287F88520C8F8203001231C
S3150803A18097F8812001989340284A936603F012FFB3
S3150803A190224B9B6900BF00BF00BF00BF00BF00BFC3
S3150803A1A000BF00BFD8F86420D2007FF518AF25E7B3
S3150803A1B056462546E3E7AC42BFF45AAF19438BB27A
S3150803A1C059E71B4A1478142C01BF0024194E14703E
S3150803A1D03470147801341470002B3FF45DAF0B4EC2
S3150803A1E0B6F882401C43A6F882400B4C6366114CB2
S3150803A1F023780133DBB2022B23707FF44DAF0023A0
S3150803A200013129601370237046E700BF003E00B092
S3150803A21000A00A500080035000D001B800800A50FD
S3150803A22000E001B800C001B86C60002000900A5035
S3150803A2309C6100209B6100204FF00052014B1A607D
S3150803A240704700BF00E100E04FF00052034BC3F82C
S3150803A2508020BFF34F8FBFF36F8F704700E100E095
S3150803A260F8B50B46002213F8044B944225D91D680A
S3150803A270854224D106245A791D79124B88181E68FB
S3150803A28004FB0503104F33F8063C7B43B3420ED950
S3150803A29000238A5A7A43964202D804FB0300F8BD80
S3150803A2A09D42FAD9013304FB03F2825AF2E740F2DC
S3150803A2B047423D210020FBF70BFB0020EFE708335D
S3150803A2C00132D2E73861002040420F002DE9F04FF2
S3150803A2D04FF0000EA2FB016BDFF8F4C2DFF8F4823D
S3150803A2E016EB0C0C1F466BF10003E0457EEB0303EC
S3150803A2F083B009D240F23E220E217046FBF7E8FAF4
S3150803A300022003B0BDE8F08FD7F814A00C46154613
S3150803A3108146BAF1000F04D0DAF80030032B00F2B5
S3150803A3209A809E4B9E4A9B6BD2F8FCA0C3F31408F3
S3150803A3309C4B1B6F5A074EBF4FF440039B0503F014
S3150803A340E07348EA0308984BD3F8EC305B0048BF40
S3150803A35048F0807848EA456803F0C8FA012D0246B2
S3150803A360CED10028CCD0914B984200F0858003F5D6
S3150803A370122303F5F863984200F090808C4B9842B9
S3150803A38000F0EB80002501902B4600204FF000716A
S3150803A39001F082FF2B46019A013006FB03F300FB0B
S3150803A3A00B33A6FB00600344C8F31300A0FB02218A
S3150803A3B0203300FB05119B093B607E4BD20C1C60C6
S3150803A3C042EA41317C4B18F4801F08BF49421960A1
S3150803A3D07A4B0C441C60BAF1000F5BD00023DAF801
S3150803A3E01C5018F0807F18BF6408BB607B60002D83
S3150803A3F046D099F82720073A012A41D9694ED6F853
S3150803A4003C21D0027FD4DAF80000002C00F0A980A2
S3150803A410B4FA84F1072900F3A480C1F1080325FAE5
S3150803A42003F304FA01F10133B1FBF3F14B004FEAED
S3150803A430442C0133E40D01E002330131A5FB036229
S3150803A440B44574EB0202F7D2C1F30E031B0343F0C0
S3150803A4500063BB6016E0042BDAF828807FF47CAF30
S3150803A46018F0807F14BF4FF4400308F0E07328F018
S3150803A470E07848EA03086FE7002351481D468CE74E
S3150803A480DAF8000000230628FB603B6102D9DAF8F4
S3150803A49030303BB9002003B0BDE8F08F00234948AC
S3150803A4A01D467AE703F022FADAF83010FFF7D8FEEA
S3150803A4B0044610B18378002B56D103F0E5F9DAF890
S3150803A4C03010FFF7CDFE04460028E3D08378002B2F
S3150803A4D0E0D0407940F27352003818BF01203D217D
S3150803A4E0FBF7F6F9207940F2745200384FF03D0134
S3150803A4F018BF0120FBF7ECF9237962791B0243EABB
S3150803A50002133B61C6E781EAE172A2EBE1722E49C7
S3150803A510C8F3815811F808C019464FEA8C6C6008CD
S3150803A520CCFB0201224601F0B7FE0346DAF8000027
S3150803A5300E280ED9194A916BB26CD6F83C61D2062D
S3150803A54007D501F4801106F40016314308BFC3F595
S3150803A5508013C3F313037B6057E700231B481D4689
S3150803A5601BE72B4621025FE740794FF4AB620038BD
S3150803A57018BF01203D21FBF7ABF9207940F2595268
S3150803A580003818BF01203D21FBF7A2F92379627928
S3150803A5901B0243EA0213FB608FE700BF008001B882
S3150803A5A0004F00B0004001B8000002B800F04902AD
S3150803A5B0005A6202406100203C6100203861002095
S3150803A5C00A3BB2DF313641DC80470408D694BFD64E
S3150803A5D0006CCA88807C814A10B5044686B059B98E
S3150803A5E0214B4168D3F8FC30827A204805930068EA
S3150803A5F06B46FFF76BFE69461D4B0A685A631A4B8F
S3150803A600D3F8FC3033B34B6843B11A4B1A4AC3F831
S3150803A6103C214A68A3F58053C3F83C218B6843B1B0
S3150803A620144B164AC3F81C218A68A3F58053C3F84A
S3150803A6301C21134AC868D2F8983123F4EE630343FE
S3150803A640C2F89831D2F89031096923F4EE630B43C3
S3150803A650C2F89031002022890A4B9A6203F5A03387
S3150803A660186406B010BD00BF004F00B0405E00205E
S3150803A670008001B8006001B8FFFF0F0000F0FF0F6C
S3150803A680000002B8004000B8074BD3F88022D2076F
S3150803A69007D55B6E002B4FF48043B4BF034A044AC5
S3150803A6A013650020704700BF00800050002002B8E1
S3150803A6B0001002B8064B1A6C9207FCD4022240EA31
S3150803A6C001205860034B1A640122034B1A70704722
S3150803A6D000C002B800D002B89D6100202DE9F04100
S3150803A6E0364F0646FB68C3F30363022B64D102F0B5
S3150803A6F0C5FE0546DFF8DC80BC6A14F4802449D11C
S3150803A70003F05DFCFB680546C3F30363022B3BD1E9
S3150803A710304602F0A5FD28B1294B93F8F4200AB177
S3150803A72083F8F5400022274B83F89C20234B5B6C68
S3150803A73098053DD5224BD3F8DC3059889A68C90762
S3150803A74048BF1821D66848BF927806F4000044BF6C
S3150803A75001FB023303F10C021B4B06F008069B6947
S3150803A76093608022194BDA6038B14FF4003203F54F
S3150803A770A043CF20DA61FEF75BFACEB14FF400723D
S3150803A780134B5A6402229A60284603F013FC2046A8
S3150803A790BDE8F08102F072FE401B40454FF06402AB
S3150803A7A04FF047018CBF00200120FBF791F8A3E780
S3150803A7B08022024B1A61E7E70224E8E7000002B8A1
S3150803A7C0003E00B0003F00B000C000B800C001B8AA
S3150803A7D0002002B83F420F0010B590B10468012C5F
S3150803A7E00FD902696AB11168094B102C19605168AF
S3150803A7F05960916888BFD268996094BFD960DA6056
S3150803A80010BD10220021024801F0D6FEF8E700BF6A
S3150803A810486100201B4B2DE9F0410D4616461C687E
S3150803A82058B34FF47A7343438A68A3F6AC539B1A17
S3150803A8304A689B1A144AD8171168144FA1FB0332A6
S3150803A84001FB002213F1807342F100025B0E43EA17
S3150803A850C213803B33620E4BD3F8C43073623B6832
S3150803A86073B1204602F0FCFC50B1324629463B68D8
S3150803A870D4F8E400BDE8F04118474AF6C873D9E7A7
S3150803A880BDE8F081405E0020586100204461002045
S3150803A890003F00B0084BC1171A68A2FB000302FB6E
S3150803A8A0013310F1807043F10003400E40EAC310F0
S3150803A8B0803820EAE0707047586100200722194B58
S3150803A8C070B51A64184B194A1D68194BEC08E0054C
S3150803A8D0C0184FEA153141F10001002301F0DCFCF1
S3150803A8E0144B154E18601548FFF7D4FF4042C6F8B7
S3150803A8F0DC0049F65800FFF7CDFFC6F8A800104854
S3150803A900FEF7C6FC024660B1E301500818184FEA81
S3150803A91015714FF0000341F1000101F0BDFCC6F8C3
S3150803A920B40070BD000002B8C860002065CD1D00E4
S3150803A930B2E60E0058610020003F00B07011010016
S3150803A94040420F0048B14FF47A72054BDB6802FBAD
S3150803A9500030A0F5FA50FFF79DBF47F23050FAE7EB
S3150803A9604861002010B5044698B10B4BD3F8FC0098
S3150803A970FFF732FF4FF47A7303FB04F0074BA0F695
S3150803A980AC50DA689B681044C01ABDE81040FFF75C
S3150803A99081BF4AF6C870F8E7004F00B04861002047
S3150803A9A0F8B50446084615461E46FFF715FF3CB399
S3150803A9B006F0020716F0040623D10FB3204600F06B
S3150803A9C07DF828636069FFF7BDFFE862C6B1A06832
S3150803A9D0002843D04FF47A735843A0F5FA50FFF78B
S3150803A9E059FF68614FF47A70236858432BB11D4B9E
S3150803A9F01B6803F51C5310331844FFF74BFFA86174
S3150803AA00F8BD206920B34FF47A735843154BA0F663
S3150803AA10AC509B68C01AFFF73DFFA862A08BD0B164
S3150803AA204FF47A7358430F4BA0F6AC509B68C01A81
S3150803AA30FFF730FFE8612A460A49E068FFF7EAFEAE
S3150803AA400021A069FFF78EFF6863002FBFD0B5E723
S3150803AA504AF6C870DFE74AF6C870E9E747F23050A6
S3150803AA60BDE700BF4861002070B5064608461C4688
S3150803AA7002F02EFD0546D6F8F00000F011F84368FB
S3150803AA80054A002BA8BF4FF4FA721A44034B601900
S3150803AA9092FBF3F2104470BD0CFEFFFF18FCFFFF98
S3150803AAA040B10368012B05D90069034B002808BF89
S3150803AAB018467047004870478847040843684FF4A8
S3150803AAC07A7058432BB1044B1B6803F51C53103398
S3150803AAD01844FFF7DFBE00BF4861002070B588B091
S3150803AAE06D46184C0FCC0FC594E80F0085E80F0088
S3150803AAF0FC220021144801F05FFD9422002113482B
S3150803AB0001F05AFD20220021114801F055FD02F0FB
S3150803AB105FFD104B1B783BB16D460A4E0FCD0FC632
S3150803AB2095E80F0084E80F000C220B490B4801F047
S3150803AB30E5FD0B4B0B4AD3F87831C3F38243D3674E
S3150803AB4008B070BDE03F00B0703E00B06C3F00B087
S3150803AB50E04F00B08961002098470408C83E00B05A
S3150803AB60000002B8003F00B0064BD3F8080F064BA7
S3150803AB709B6C1A0103D4054B9B6E1B0401D500F588
S3150803AB8080707047003000B0000002B8004000B87B
S3150803AB9010B503F014FA0E2104460320FEF74EFE01
S3150803ABA040F20122034B2046BDE81040DA6203F067
S3150803ABB001BA00BF004000B8064B00201B6893F893
S3150803ABC02430DB0902BF0322034BC3F85022FBF7E9
S3150803ABD0F3B900BF405E0020006001B8012370B5D9
S3150803ABE0074C2370074B1E68074B3240D3E90053C3
S3150803ABF019402840FBF714FF0023237070BD00BFDC
S3150803AC00A261002060610020304F0020024B586883
S3150803AC10C0F3C000704700BF304F002010B504468C
S3150803AC20FEF726FD00F0E6FE2046FDF79BF8FEF745
S3150803AC30A9FCFEF71DF8FEF78FF8FFF73FFE134949
S3150803AC400723134AD1F8FC1004F58270FFF7A8FE10
S3150803AC504FF080710020FEF73BFB4FF000720D4B5F
S3150803AC604FF400110120C3F80021FEF731FBFEF76C
S3150803AC7003FF20B940F223121421FAF729FE02F042
S3150803AC80A5FCBDE810400120FDF7BABE004F00B091
S3150803AC90A43F00B000D001B88023074A53640823B1
S3150803ACA040B15364054AD2F8D83E23F02003C2F8CC
S3150803ACB0D83E7047024AF4E7001002B8003000B0E5
S3150803ACC0002002B810B503F07AF9012104460020E2
S3150803ACD0FFF7E2FF044B1961044B5B68984720466C
S3150803ACE0BDE8104003F066B9000002B8BC63002053
S3150803ACF0F0B583B014460646FFF7C6FCFCF794F88E
S3150803AD00002800F0A980594B5D6915F0060540F047
S3150803AD10A38003F054F923790095022B054647D1FE
S3150803AD20237B022B33D00320FEF73AF920B9504B85
S3150803AD30DB685B0440F19280A37B277B003B18BF4B
S3150803AD400123A2684B49012F01920B706FD000F0C3
S3150803AD5043FE0420FEF720F80420444E0223716FB5
S3150803AD603A4621F0F85121F4F81141F0506141F4C3
S3150803AD70803171670DEB0001FEF72CF804460028B5
S3150803AD8060D0012030223C493C4B08701A653C4E82
S3150803AD90336898472128044604D1012100207368A3
S3150803ADA098470024284603F005F9204603B0F0BD6A
S3150803ADB00320FEF7F5F8002850D12279D6F80C318E
S3150803ADC0012A226830D0D01A00900020274B2D4A3A
S3150803ADD02D495A679867637B2C4A23F0400000285D
S3150803ADE0C3F380130B700CBF012300231370284B86
S3150803ADF0274AD3F8D83E4FF003000CBF43F020038D
S3150803AE0023F02003C2F8D83EFDF7C6FF174B214AA5
S3150803AE1003205A67694601232279FDF7DBFFF8B158
S3150803AE2001221D4B1A707BE79A42CDD3CBE72379D0
S3150803AE30022B8CD0009BD6F80C1100270B44134425
S3150803AE40019384E70320FDF7A7FF28460D4A124B13
S3150803AE5072671C7003F0AEF80E24A6E72846F9E7D6
S3150803AE60284603F0A7F821249FE700BF00C001B8CE
S3150803AE70000002B8A7610020A4610020001002B8F0
S3150803AE80BC63002000000101A5610020A661002023
S3150803AE90003000B0010C0100A1610020F8B5194C7F
S3150803AEA00546207840F27D22B0FA80F03E2140091B
S3150803AEB0FAF70EFD55B9607840F27D22BDE8F840F1
S3150803AEC0B0FA80F03E214009FAF702BD4FF4406616
S3150803AED00D4F0E4DD7F8083140F27D22C3F3812377
S3150803AEE02370C5F8086160783E21B0FA80F04009FE
S3150803AEF0FAF7EEFCD7F80C31C3F381236370C5F870
S3150803AF000C61F8BD9E610020004000B8006000B8DF
S3150803AF10A82238B51C4B5D6C03F500535A641022FE
S3150803AF209A60A3F5804302F100521A675A6600F045
S3150803AF30ABFF164B1B7813B90320FDF72DFF00242F
S3150803AF40134B9C6700F0C6FF124A134BD2F8081F2F
S3150803AF500B40C2F8083F0422104B5A64104BAA064A
S3150803AF60C3F8E04009D503F58073D3F89030B3F5F9
S3150803AF70817F22BF8022044B1A61FCF7EDFB002276
S3150803AF80084B1A7038BD00BF000002B8A161002043
S3150803AF9000C001B8003000B0DF0000FF002002B88F
S3150803AFA0003E00B0A06100200D4A10B5D2F8A030CB
S3150803AFB0D2F8A4100B40B3F1804F0CD34FF04040A6
S3150803AFC00849094CC1F8A400D467C1F8A0004FF496
S3150803AFD08021064AD161034AC2F8A03010BD00BFDA
S3150803AFE000400050006000500000FF01001002B846
S3150803AFF09E4B2DE9F04F9A6EDB6E85B002EA030885
S3150803B0009B4BC3F868804FF03A43D3F81461D3F8DF
S3150803B01018311E40974BC3F81461974B9A68DB683F
S3150803B02002EA030A954BC3F808A003F52043DA6935
S3150803B0301B6A02EA0309924B09F47702DA61914B18
S3150803B040D3F80422110706D4D3F804311A07C3F335
S3150803B050C00740F1E98002F0B2FF8B4B5A695F6E75
S3150803B0601B6F12F0060F07EA0307884A27F00073D7
S3150803B07023F4006314BF4FF0010B4FF0000B536624
S3150803B0807B0706D5824A92F885300133DBB282F80C
S3150803B090853002F08FFFB8F1000F00F0E38018F453
S3150803B0A000442BD002F08BFF0146FFF75DFD0446F3
S3150803B0B0784B1D682A682B689A42FCD02A689A42FC
S3150803B0C0FCD0FFF751FDA04240F0B080084602F0DD
S3150803B0D071FF714B1C60714B5D6C15F4E05240F0C7
S3150803B0E0A78024F07F4424F0DF040CB9FFF710FF90
S3150803B0F06B4B01201B6898474FF0807418F0020FBA
S3150803B1004FF0000514D0654B5D495B6C03F4604250
S3150803B1104A64002A00F0A0801D0400F1A08013F4FD
S3150803B120005F0CBF4FF000534FF0006300251C432C
S3150803B130C8F340384FEA48085A4B3340002B4BD0E4
S3150803B14016F4206F0AD040F2BC5206210020FAF703
S3150803B150BFFB002000F01CFF26F48026F00506D569
S3150803B160FF22474B44F4C0649A60FFF711FD16F0BB
S3150803B170090F0BD040F2D15208210020FAF7A8FB99
S3150803B18000F0FAFE4FF03A4301225A6316F0106FA5
S3150803B1900CD040F2DA5209210020FAF799FB00F0A5
S3150803B1A0EBFE002211461046FCF7E4FE16F4202FA8
S3150803B1B00AD040F2E25207210020FAF789FB002061
S3150803B1C000F0E6FE26F48026F10301D5FDF724F800
S3150803B1D0002EB8BF48F0080872070ED54FF03A4359
S3150803B1E01B6B13F4005F4FF4005317BF214A2E4A13
S3150803B1F0136344F4000408BF1363730548BF44F09C
S3150803B200040416F48023019300F0B780FCF7BAFF11
S3150803B210013806284AD8DFE810F03E0141013E010D
S3150803B220440147014A014A01BB4634E7044641E75C
S3150803B2300192FFF76DFE124B019A5A6415F4805377
S3150803B24007D115F4806F0CBF4FF080544FF080641C
S3150803B25054E74FF0804451E74FF0007366E74FF029
S3150803B260004363E74446454666E700BF004000B827
S3150803B270006000B8002000BA004001B8006001B8B9
S3150803B280002002B800E100E000C001B800E001B800
S3150803B290003E00B0344704085C610020000002B891
S3150803B2A0D4630020090B0B89001000BA40F213621D
S3150803B2B003210020FAF70CFB4FF03A420121D2F89A
S3150803B2C08C30D2F8AC0003F00703063301FA03F314
S3150803B2D0C0F30C001B1A9BB2072B12D97E4B5B6C6F
S3150803B2E058020ED47D48D36CD26E406D58B103F024
S3150803B2F0070306339940C2F30C03C91A89B207290F
S3150803B30001D844F40074764B1B78002B35D04FF0E4
S3150803B3103A43D3F8143113F4A02F2ED1714B724A42
S3150803B3201B7893B9FB0410D4137873B1E3086F49F8
S3150803B33043EA457383F00103D1F8081F03F00103B9
S3150803B3405B0021FA03F3980717D10420FDF724FDC0
S3150803B350674B6849596700F03FFB634A137843B95B
S3150803B360654B1B782BB1654B654A1B682340134213
S3150803B37001D144F4804427F48057BAF1000F27D04B
S3150803B3801AF4805F18BF44F480241AF4807F18BF28
S3150803B39044F400241AF4005F18BF44F010041AF4A6
S3150803B3A0007F18BF44F020041AF4806F18BF44F0D6
S3150803B3B040041AF4006F18BF44F080041AF0805F43
S3150803B3C006D0504B0021186845F48055FBF75CFD01
S3150803B3D0B9F1000F3ED019F4802F18BF45F4007554
S3150803B3E019F4803F05D0484B03201B6844F4805466
S3150803B3F0984719F4801F18BF44F4003419F4001F42
S3150803B40018BF44F0020419F4003F18BF44F480142B
S3150803B41019F4800F18BF45F0100519F4002F19D039
S3150803B420324BD3F8D83E13F0C00F13D02A4AD36849
S3150803B430C3F30363032B01D0072B05D1936CD906FA
S3150803B44002D4D36C1B0739D54FF400222F4B29F4AA
S3150803B4500029DA61002F00F02381380540F18E8038
S3150803B4602B49234A91F803A02A4BBAF1000F57D068
S3150803B4704FF400600AF1FF3A58665FFA8AF3CB7015
S3150803B48033B9254B1B78E3B140F60142234B5A6780
S3150803B4900023002270E044F480340DE744F400648A
S3150803B4A00AE744F4806407E744F4807404E7164B18
S3150803B4B002201B6844F008049847FDE644F4001488
S3150803B4C0C8E7936F13F4A05F15BF4FF4807340F674
S3150803B4D0014393659367DBE7000002B8004000B8B1
S3150803B4E0A4610020A3610020A6610020003000B0FB
S3150803B4F000C001B800000101A5610020304F0020FB
S3150803B500088D0100405E0020D4630020002002B8A5
S3150803B5108F61002000E001B8A161002000D001B8C6
S3150803B5200320FDF739FCA54AA54B526912F0060F0D
S3150803B53076D05046FDF7ECFD4FF40061A04B9F4AC9
S3150803B540596653699F4813F0060308BF9367B0F813
S3150803B55082309D4913F4006266D023F40063A0F891
S3150803B56082300B7803F0FF0A002B61D1FDF7BCFE8E
S3150803B570FFF7CEFC534620221C431543B90009D5D1
S3150803B5802E20FDF755FB4FF000528D4B45F008056D
S3150803B5901A675A66FA0608D52B20FDF749FB1022C7
S3150803B5A0874B45F400151A675A6617F0306F05D1AD
S3150803B5B0FB0469D5BBF1000F00F0BF80380115D530
S3150803B5C02920FDF735FB814B8149DB6803F480426B
S3150803B5D0C3F380330B70FFF719FB28B17D4B78490A
S3150803B5E07D484B66036732BB45F0040517F0007BBD
S3150803B5F02ED00420FDF7D0FB2720FDF719FBFFF714
S3150803B60087FC4FF000726E4B5A66744BD3F8082FBB
S3150803B61052067AD40222724B9A6045F002052EE04E
S3150803B62041F61F725A6787E70B784FF40053A3E76F
S3150803B6304FF400432DE70B6720204B66FDF7F8FA16
S3150803B64045F400152D2045F00C05FDF7F1FACDE775
S3150803B65017F0807FDFF864A142D00420FDF79CFB36
S3150803B6602820FDF7E5FADAF87830002B35D1FFF70D
S3150803B6704FFC534B574A45F001051A675A66FFF7BD
S3150803B6809BFA00224D4B9A65BB0409D5554A537953
S3150803B690002B00F0CC80013B5371002348EA0308D2
S3150803B6A0424620462946FFF799FA019B0BB1FCF758
S3150803B6B0A1FD4FF000424C4B06F00436C3F8146163
S3150803B6C04A4B19F4002FC3F880211EBF4FF40022FA
S3150803B6D0434BDA6105B0BDE8F08FCAF878B0C8E71E
S3150803B6E0F904CED50420FDF757FB414BCAF874304D
S3150803B6F0FDF7FAFDDAF8643013F0407FC1D12A204A
S3150803B700FDF796FAFFF704FC7FE7D3F8D83E9B06C6
S3150803B71083D40222374B9A60374B1B6893F825303C
S3150803B72098077FF57AAF274B93F8F430002B3FF44D
S3150803B73074AF8022254B1A616FE72A4A13794BB1F6
S3150803B740013BDBB2137113B9234B2C4A5A67002307
S3150803B7501C4399E70420FDF71FFB0320FDF71CFB99
S3150803B760164B234A5A6702F02AFC82460DF10F004C
S3150803B770FEF720F9224B83461B780BB1FFF708FA2D
S3150803B780BBF1030F0ED1DFF844B00020FEF712F920
S3150803B790032807D1DBF82830D907F6D4DBF8483075
S3150803B7A0DA03F2D49DF80F30032B2DD10122154B62
S3150803B7B050461A7002F0FEFBC9E700BF00C001B885
S3150803B7C000E001B8003E00B0A1610020000002B805
S3150803B7D0A06100201000002000D001B8003000B09E
S3150803B7E0002002B88F610020002000BA00E100E0C3
S3150803B7F000000101001002B8405E00200000010DA0
S3150803B800A7610020A36100204FF03A43D3F814310F
S3150803B81013F4A02FCAD100F0DFF8504602F0CAFB92
S3150803B820054B03201B6898474FF4804390E7052090
S3150803B830FDF7B2FA012331E7D46300200122024B54
S3150803B8401A62DA61704700BF002002B8094A08B5D0
S3150803B850D369116A0B40084923F47F00DB07C861E3
S3150803B86006D5D1684FF0FF30C1F3036101F0B9FE85
S3150803B87008BD00BF000002B8002002B80C4A08B58C
S3150803B880936CD26C13400B4A9364DB070FD50A4BB0
S3150803B89040F66D021878122100F00100FAF718F83D
S3150803B8A0BDE80840002201200021FFF797B908BD2B
S3150803B8B000C000B800E000B8304F002070B5154D41
S3150803B8C02C6C6B6C1C40144B24F002021A64E207BE
S3150803B8D005D540F6D40200202968F9F7F9FFA3072E
S3150803B8E016D502220C4B1A640C4A6B6814687CB191
S3150803B8F0DBB2042B07D100220121094B1868234622
S3150803B900BDE870401847052B02D100221146F4E71B
S3150803B91070BD00BF0080095000A009509C6000203C
S3150803B920405E002038B50B4C0B4DD4F88430DB074A
S3150803B93006D4A36FD4F884201340084A936738BD06
S3150803B940D5F804315A06F0D5FFF7B8FF4023C5F8F2
S3150803B9508431EAE7008001B800E100E000A001B8FD
S3150803B96008B502F02CFB0E4B1A78A2B90D4A1268D9
S3150803B97012F4843F0FD10C4A102111651B7863B961
S3150803B980084B1B68DB0508D4074B20221A65BDE85C
S3150803B990084002F00FBB054AEEE7044BF5E700BF84
S3150803B9A0A4610020304F0020002002B8001002B81E
S3150803B9B010B502F004FB0E2104460320FDF73EFFF3
S3150803B9C040F20122034B2046BDE81040DA6202F03A
S3150803B9D0F1BA00BF004000B80022044B1A70044BAA
S3150803B9E0197811B11A70FFF7BBBF7047A36100201E
S3150803B9F0A461002038B502F0E2FA4FF08043244CE4
S3150803BA000546C4F88030BFF34F8FBFF36F8F4FF0EF
S3150803BA100043C4F88030BFF34F8FBFF36F8F012302
S3150803BA20C4F88430BFF34F8FBFF36F8F0223C4F874
S3150803BA308430BFF34F8FBFF36F8F0423C4F884306A
S3150803BA40BFF34F8FBFF36F8FFEF7FEFB0823C4F8D0
S3150803BA508430BFF34F8FBFF36F8F1023C4F884303E
S3150803BA60BFF34F8FBFF36F8F2023C4F88430BFF320
S3150803BA704F8FBFF36F8F8023C4F88430BFF34F8F84
S3150803BA80BFF36F8F2846BDE8384002F093BA00BF6C
S3150803BA9000E100E038B502F092FA05464FF080431C
S3150803BAA00B4C23604FF00043236002236360042397
S3150803BAB06360FEF7C1FB08236360102363602023DA
S3150803BAC06360802363602846BDE8384002F072BA93
S3150803BAD000E100E02DE9F047DDF820A003EA0108BC
S3150803BAE0099B06460D4602EA000703EA0A09BAF164
S3150803BAF0000F40F04F81031F0B4300F00F81052809
S3150803BB0071F1000380F0E58050EA010300F07581C6
S3150803BB10431E0B4300F02581FFF76CFFB84AD2E9B1
S3150803BB20004323EA050324EA06043C4343EA0807D9
S3150803BB30B44BC2E900471E6826EA0A0646EA09061E
S3150803BB401E60FFF70DFF14F02A4F14BF48F20203D5
S3150803BB504FF40043AC4AB007D26EAC4848BF43F42F
S3150803BB60005383EA020122EA0302C266A84A0B408B
S3150803BB708166D366C4F380421203210348BF42F4A5
S3150803BB808072E30648BF42F40052A24BA50648BF9B
S3150803BB9042F40072600648BF42F480622106D968FF
S3150803BBA048BF42F4006282EA010323F080539A48AD
S3150803BBB019401A40C1608360984B17F4007FDA6016
S3150803BBC0974B07F4007200F0048101224FF4802595
S3150803BBD083F8A020E30448BF45F48035A00348BF93
S3150803BBE045F48015A10748BF45F4001514F4001F52
S3150803BBF0DFF8688206D0D8F8000001F00EFD08B910
S3150803BC0045F40025E20248BF45F40035FB06854B9B
S3150803BC1048BF45F480051A6A834985EA020323F077
S3150803BC2001031A400A621D40CB61804B16F0010FCF
S3150803BC301D627F4B7F4A18BF1A467F4B7D071B6FD2
S3150803BC4048BF42F000627D4882EA030123EA020301
S3150803BC5003677B4B0A4041661A677A4A04F0010375
S3150803BC60D16CA0F5803081EA030221EA0301C1649D
S3150803BC7082641A40744B2002DA64D8F8002048BF5D
S3150803BC80724B92F8022158BF714B610748BF43F4C0
S3150803BC90806322B114F4C06F18BF43F4807332076C
S3150803BCA04FF03A42BDE8F047D2F8181148BF43F0BF
S3150803BCB0004383EA010222F4A02266481140C0F831
S3150803BCC018111340C0F81421634AC2F81831FFF754
S3150803BCD0E1BEA0F580630B4306D020F48063A3F589
S3150803BCE000730B437FF418AF02F069F94449D1E9AD
S3150803BCF0003223EA060322EA050242EA08023B4324
S3150803BD00C1E90032554A126892F80211514A09B339
S3150803BD1013F4C06F1ED04FF4807311E002F04FF98D
S3150803BD20374AD2E9003123F004033B4341EA0801C9
S3150803BD3057EA0807C2E900314FF48063454A0BD036
S3150803BD40C2F81431A2F58052C2F81831BDE8F0479B
S3150803BD5002F030B94FF48073C2F81831C2F81431BF
S3150803BD60F4E702F02CF9264AD2E9003123F001035D
S3150803BD703B4341EA0801C2E900310123384A57EA3D
S3150803BD8008071BBF9364A2F58052D364D36408BF24
S3150803BD909364DBE750EA01037FF4BEAEBAF1010F01
S3150803BDA07FF4BAAE02F00BF9164A136823F00103BF
S3150803BDB043EA090313604FF40053204AB9F1000F0D
S3150803BDC004D05366A2F580521367BFE71367536619
S3150803BDD0BCE793F8A01071B183F8A020214BD3F8E0
S3150803BDE0A41003F50053C3F8A410C3F8A0104FF02A
S3150803BDF05023C3F8A4200025ECE6BDE8F08700BF6E
S3150803BE00304F002060610020004000B8006000B891
S3150803BE10005000B8004001B8006001B8005001B8EE
S3150803BE20003F00B0000002B8002002B8001002B8B4
S3150803BE30043800030418000300C001B800E001B881
S3150803BE4000D001B800C000B800D000B80D0A0A092E
S3150803BE50090A0A09002000BA001000BA405E002049
S3150803BE6000E000B800400050024B186800F00100DB
S3150803BE70704700BF304F0020024B5868C0F3C030EC
S3150803BE80704700BF304F00200A4B197801F0FF02B4
S3150803BE9029B10021197008499202C1F80821597875
S3150803BEA001F0FF0229B1002159709302024AC2F830
S3150803BEB00C3170479E610020005000B84FF40062B1
S3150803BEC0034B5A644FF40042A3F5E0339A6670476E
S3150803BED0001002B8F8B5084C084D636C0423084FE4
S3150803BEE06B64636C5B0300D4F8BD042602207E648E
S3150803BEF001F0CBFA6E64F4E7000002B8001002B84A
S3150803BF00002002B838B5044679B948B1164BDB6840
S3150803BF101B0E13F00E0F04D04FF4C062134B9A6531
S3150803BF2038BD134B1B6CD907F6D4FFF741FD0E4DED
S3150803BF300020FDF73FFD032801D0092805D1AB6A88
S3150803BF40DA07F5D4AB6CDB03F2D4FFF7C3FF0122A0
S3150803BF50084B5A6102229A62042203F580535A64F3
S3150803BF60002CDDD0D8E700BF000002B8006001B896
S3150803BF7000C002B8001002B808B503210920FDF76E
S3150803BF805DFC2022014B1A6108BD00BF000002B800
S3150803BF9038B5054602F013F80E4B04461868FCF745
S3150803BFA015F835B1FFF718FD2046BDE8384002F00D
S3150803BFB001B8094B1B78002BF6D0084B1D78002DCA
S3150803BFC0F2D1FFF709FD2A464FF480400021FEF718
S3150803BFD005FEE9E7405E0020A3610020A261002078
S3150803BFE02DE9F84F574B06460D4614465B6C002A57
S3150803BFF040F0A48013F0A00F14BF4FF001094FF0CF
S3150803C0000009FBF7A9FBA0234FF0000ADFF84C81D0
S3150803C0100320C8F84430FCF7BFFE0420FCF7BCFE37
S3150803C020494FFFF7D9FC494B4FF0040B7B67C7F819
S3150803C03078A0FFF74FFF464B4FF48071D3F8D82EFD
S3150803C04042F02002C3F8D82EFF22C8F808203D4A3A
S3150803C0501161D3F8082F3F491140C3F8081FC8F8E0
S3150803C06044B0C3F8E0AE7B6913F0060F04D0FDF7BE
S3150803C0703BF95846FCF790FEB9F1000F01D0FFF7DC
S3150803C0801DFF66B1344BDB6C180701D4FFF790FC30
S3150803C090FFF772FF0420FCF77FFEFFF7F5FE294B37
S3150803C0A05A69D10748D5DA6812F0706FFBD12B4B62
S3150803C0B02B4A5A642B4AD2F8803023F0F003C2F88D
S3150803C0C0803015B12046FFF763FF274BD3F84C3171
S3150803C0D05A1C01D05B0002D50122204B5A615CB37E
S3150803C0E01D4BDA6E03F500539A6603F5D0331B6AC4
S3150803C0F01A4A23F00103D3611C4BD96803F500538D
S3150803C100996003F50053D3F8841003F50053996730
S3150803C1104FF03A43D3F8181103F50053C3F8141133
S3150803C120134BD96C03F500539964124903F580330D
S3150803C13059664FF608435364BDE8F88F4FF0000974
S3150803C1405FE700BF000002B800C001B800000101A4
S3150803C150003000B0DF0000FF004000B8002002B83E
S3150803C16010003000003F00B00080E00F004001B827
S3150803C17000C000B85000002F38B514460D4601F02C
S3150803C1801EFF064BD3F8D82E54402C405440C3F810
S3150803C190D84EBDE8384001F00DBF00BF003000B0EF
S3150803C1A0034BD3F8D83E99430CBF012000207047B0
S3150803C1B0003000B02DE9F04117460A43012A1D460F
S3150803C1C09DF818409DF81C60DDF8208027D8B442F6
S3150803C1D025D2082E23D8032B21D8B8F1000F1ED059
S3150803C1E00A460021FAF74AFDFF21EB009940C943A5
S3150803C1F0DFF830C008F1FF38FF00E2B2964202D8F2
S3150803C2000020BDE8F0813D190CEB85052A6918F86D
S3150803C210010F0A409840104328610134EDE72120B5
S3150803C220EFE700BF003F00B0174BD3F8D82E12F044
S3150803C230010312D0154B93F86430154A43F0807303
S3150803C240C2F8D0304FF4801302F50052C2F8B43066
S3150803C250A2F58052C2F8B83070471106EDD40B4BDD
S3150803C26093F8631021B1D20602D593F86030E4E758
S3150803C2704FF480120020074B0549C3F8B820C1F8CC
S3150803C280D000C3F8B4207047003000B0003F00B0B8
S3150803C290004000B8006000B853B94AB9002908BF7E
S3150803C2A000281CBF4FF0FF314FF0FF3000F082B972
S3150803C2B0ADF1080C6DE904CE00F006F8DDF804E0EC
S3150803C2C0DDE9022304B070472DE9F04F099D0C46BA
S3150803C2D0002B4DD18A420F4684469646B2FA82F31C
S3150803C2E060D94BB102FA03FEC3F120029F4000FA5C
S3150803C2F003FC20FA02F217434FEA1E461FFA8EF48E
S3150803C3004FEA1C42B7FBF6F106FB117701FB04F073
S3150803C31042EA0742904208D91EEB020201F1FF37AF
S3150803C32002D2904200F231813946121A1FFA8CFC66
S3150803C330B2FBF6F006FB102200FB04F44CEA024CAF
S3150803C340644508D91EEB0C0C00F1FF3202D2644592
S3150803C35000F21E81104640EA0140ACEB040C0021B2
S3150803C36025B12CFA03F30022C5E90032BDE8F08FA4
S3150803C3708B4205D90DB1C5E9000100210846F5E749
S3150803C380B3FA83F100294DD1A342C0F0F38090425A
S3150803C39080F0F080064623460846002DE6D0C5E918
S3150803C3A00063E3E7002B40F0A3808A1A4FEA1E478F
S3150803C3B01FFA8EF60121B2FBF7F407FB14204FEAA6
S3150803C3C01C4242EA004206FB04F090420FD91EEBD8
S3150803C3D0020204F1FF382CBF4FF001094FF00009A0
S3150803C3E0904203D9B9F1000F00F0CC804446121AE3
S3150803C3F01FFA8CFCB2FBF7F007FB102200FB06F6CC
S3150803C4004CEA024C664508D91EEB0C0C00F1FF32C8
S3150803C41002D2664500F2B3801046ACEB060C40EA3E
S3150803C42004409DE7C1F120068B4004FA01FE22FA77
S3150803C43006F720FA06FCF4408A401F434EEA0C032B
S3150803C44000FA01FE4FEA17484FEA13491FFA87FC19
S3150803C450B4FBF8F008FB104449EA044400FB0CF962
S3150803C460A1450ED93C1900F1FF3A2CBF4FF0010B39
S3150803C4704FF0000BA14503D9BBF1000F00F08B80E9
S3150803C4805046A4EB09041FFA83F9B4FBF8F308FB37
S3150803C490134403FB0CFC49EA0444A44506D93C1996
S3150803C4A003F1FF3801D2A4457BD8434643EA00404B
S3150803C4B0A4EB0C04A0FB02984445CC46434602D39E
S3150803C4C006D1CE4504D20138B9EB020C68EB070353
S3150803C4D0002D6CD0BEEB0C0264EB030422FA01F3C5
S3150803C4E004FA06F6CC4000211E43C5E900643DE77D
S3150803C4F002FA03FEC3F1200104FA03F200FA03FC6D
S3150803C500CC404FEA1E4720FA01F11FFA8EF6B4FB18
S3150803C510F7F00A4307FB1044110C41EA044100FBF8
S3150803C52006F48C420ED91EEB010100F1FF382CBF2D
S3150803C5304FF001094FF000098C4202D9B9F1000FF7
S3150803C5402CD04046091B92B2B1FBF7F407FB141132
S3150803C55042EA014204FB06F1914207D91EEB0202A5
S3150803C56004F1FF3801D291421ED84446521A44EACE
S3150803C570004120E7861A64EB030301200DE7F44420
S3150803C58002384AE7023C724431E702397244CCE680
S3150803C590F4440238DFE602383C4472E70238714451
S3150803C5A0D0E7023B3C4481E7023C7244DEE7294676
S3150803C5B0DCE600BF704700BF02440346934200D13E
S3150803C5C0704703F8011BF9E72DE9F0471646984625
S3150803C5D08A6807460B690C46DDF820909342B8BF74
S3150803C5E01346336091F843200AB101333360236855
S3150803C5F0990642BF336802333360256815F006058A
S3150803C60006D104F1190AE36832689B1AAB422BDC9C
S3150803C61094F843302268003B18BF0123920630D4AE
S3150803C62004F1430241463846C847013023D02368FC
S3150803C6301A3454F80A2C03F00603042B0ABF54F8D9
S3150803C6400E5C002533684FF0000608BFED1A54F850
S3150803C650123C08BF25EAE5759342C4BF9B1AED1839
S3150803C660B5421AD1002008E001235246414638460E
S3150803C670C847013003D14FF0FF30BDE8F0870135D5
S3150803C680C1E7E1185A1C30200233224481F84300DB
S3150803C69094F8451082F84310C2E70123224641461F
S3150803C6A03846C8470130E6D00136D9E7C9B203464A
S3150803C6B0024410B59342184601D1002003E00478DA
S3150803C6C001338C42F6D110BD884210B501EB020442
S3150803C6D002D98442234607D8431EA14208D011F83B
S3150803C6E0012B03F8012FF8E7024401468A4200D1D9
S3150803C6F010BD13F8014D02F8014DF7E70A44431E2E
S3150803C700914200D1704710B511F8014B914203F8D5
S3150803C710014FF9D110BD10F8012B11F8013B012A7D
S3150803C72028BF9A42F7D0D01A704730B514469BB043
S3150803C73005461A46002C05DA8B2303604FF0FF30B3
S3150803C7401BB030BD4FF40273009104916946ADF8EE
S3150803C7500C3014BF04F1FF332346029305934FF6B7
S3150803C760FF73ADF80E301E9BF8F7A2FB431CBCBF44
S3150803C7708B232B60002CE3D0009B00221A70DFE783
S3150803C780C9B20346184613F8012B12B18A42F9D1E6
S3150803C7907047002918BF002070470139034610B5B2
S3150803C7A032B111F8014F013A03F8014B002CF7D1C6
S3150803C7B01A440021934200D110BD03F8011BF9E77F
S3150803C7C0034613F8012B002AFBD1181A01387047C0
S3150803C7D00A7870B56AB970BD9A4209D10C460546FE
S3150803C7E014F8013F002BF6D015F8016F9E42F7D0D7
S3150803C7F001300378002BEFD11846ECE72DE9F04713
S3150803C8001F468E6882460C46BE4290460B682DD854
S3150803C810B1F90C2012F4906F26D06569096905EB06
S3150803C8204505A3EB01097B1C05EBD5754B446D1038
S3150803C8309D4238BF1D46530527D52946E8F794FE7A
S3150803C840064660B34A462169FFF758FFA38923F4CE
S3150803C850906343F08003A38126614E446561A5EB8B
S3150803C860090526603E46A560BE4200D93E463246C5
S3150803C87041462068FFF728FFA36800209B1BA36097
S3150803C880236833442360BDE8F0872A46E8F7A6FE03
S3150803C89006460028E0D121695046E8F770FE0C23C6
S3150803C8A04FF0FF30CAF80030A38943F04003A38151
S3150803C8B0E9E70220704702207047002070470120ED
S3150803C8C07047002070470E207047FAF785BF084661
S3150803C8D01146012200F07EB870B50C4611461A4679
S3150803C8E0F8F7F4FB059B049E0493456933462046F3
S3150803C8F0AC46BDE87040604710B5F8F7E7FBBDE8FE
S3150803C900104083690846184700F072BBF9F7E0BD83
S3150803C910F9F7A8BF00F0DCB800F0EDB8FAF770B87D
S3150803C92070B504460D4616464FF4881100F013F900
S3150803C930324629462046BDE87040FBF7A5B9431E93
S3150803C940012B03D9031F58425841704701207047EA
S3150803C95000F07DBD4FF4E0720021FFF72DBE70B5E0
S3150803C9600446FAF7F3F80546A8B9A169F1B1238A8B
S3150803C970D3B1204604F1100200F0D5FB38BBE169B8
S3150803C98019B3638AA3B1204604F1120200F0A0FB8F
S3150803C99078B1054603E00023A3612361E36100231D
S3150803C9A028466361236270BDA061E8E72082E6E753
S3150803C9B0E361216A0029F2D0A28A002AEFD0204631
S3150803C9C0E38ABDE8704000F042BB6182F1E7658205
S3150803C9D0E561DEE7FAF796BA0A7838B505461046EA
S3150803C9E0FFF7ADFF60B14C782046FFF7A8FF38B1D3
S3150803C9F02243530704D42846BDE83840F9F704BC54
S3150803CA00212038BD10B504460878FFF798FF58B1BA
S3150803CA104A781046FFF793FF30B1042A04D020461C
S3150803CA20BDE81040F9F70EBC212010BD00F030BA5E
S3150803CA30704711B9D0F8E81021B1CB6813B18B68E8
S3150803CA40D88970474FF6FF70704710B5F8F74AFC58
S3150803CA50044608B900F0FFFC204610BDF9F76EBA84
S3150803CA6000F062BAD0F8EC300BB90E2070474FF6D7
S3150803CA70FF72038E93420B80F7D000207047F8B5F8
S3150803CA8006460D46F8F72EFCD8B94FF6FF734FF056
S3150803CA90240CEF68C1B28F4208D81C46214630469B
S3150803CAA0F8F7ECFD00F0D7FC2046F8BDAA680CFBA6
S3150803CAB00122D4899C4202D2002CEFD023460130AE
S3150803CAC0E8E74FF6FF74EFE7008E704700F01DBAEC
S3150803CAD038B504460D4600F0B2F850B1294620464B
S3150803CAE0F8F7CCFD30B929462046BDE83840F9F7B2
S3150803CAF0B5BA0E2038BD70B504460D46164600F085
S3150803CB009EF858B129462046F8F7B8FD38B9324693
S3150803CB1029462046BDE87040FEF7EAB80E2070BDE8
S3150803CB2000F02DBBF9F7A8BB00F030BA0020704718
S3150803CB300846FBF7FFBE00F025BB38B504460D468D
S3150803CB4001F03DFA0023C4F89C50C4F89830BDE8B8
S3150803CB50384001F02FBA38B504460D4601F02FFACE
S3150803CB60D4F89C301D40D4F8983023EA0505C4F858
S3150803CB70985001F01FFA284638BD73B50D78064656
S3150803CB800C4635B304238DF804302379304601A9BE
S3150803CB908DF80530FFF736FF0546B8B92278A3792D
S3150803CBA052BB8DF80430E379304601A98DF8053078
S3150803CBB0FFF712FF054648B923783BB1618830462B
S3150803CBC0F9F714FD0121304600F0F4F9284602B0BE
S3150803CBD070BD294600F0EEF92946304600F012FAF0
S3150803CBE02946304600F016FA2378002BCAD1237952
S3150803CBF08DF804306379C9E702228DF80420D3E758
S3150803CC00F9F706BEFBF728BB0846FBF7D7BBF9F7C8
S3150803CC1027BDF9F7CBBD0B4610B514461846A168D0
S3150803CC209288FFF76BFDE168034631B1A0886288F5
S3150803CC30121A92B21844FFF761FD002010BD03468D
S3150803CC40408A18B1188A003818BF01207047084669
S3150803CC50FBF790BF431C08BF0020F9F7C1B910B50D
S3150803CC60044600F06EF820B92046BDE81040F8F7F0
S3150803CC700BBF10BD00F002BC2DE9FF4198460446E0
S3150803CC800E46174601F0A4F905462046FFF7E7FFC7
S3150803CC900A9B3A4602930023314601932046CDF870
S3150803CCA00080F8F73FFF0446284601F08CF9204632
S3150803CCB004B0BDE8F08138B5044601F089F90546A4
S3150803CCC02046FFF7CCFF2046F8F70AFF0446284616
S3150803CCD001F079F9204638BD38B5044601F078F9EC
S3150803CCE005462046FFF7BBFF204600F039F8044601
S3150803CCF0284601F068F9204638BD38B5044601F0E0
S3150803CD0067F905462046FFF7AAFF204600F02EF8E6
S3150803CD100446284601F057F9204638BD70B504463F
S3150803CD200E4601F055F905462046FFF798FF3146AA
S3150803CD302046F8F743FF0446284601F044F92046FF
S3150803CD4070BDF8F7DBBD10B501F042F9044600F0F3
S3150803CD5015F8F8F7F9FD2046BDE8104001F033B998
S3150803CD60024608B5F8F7CAFD507D08BD024608B560
S3150803CD70F8F7C4FD507D80F0010008BD00F07EBBC6
S3150803CD80F9F7A2B900F0CDB800F0EABA00F045BA4F
S3150803CD90022A01D800F067BA21207047022A01D86F
S3150803CDA000F072BA21207047022A01D800F07FBA30
S3150803CDB02120704738B504460D4600F051FA28B1CC
S3150803CDC029462046BDE8384000F081BA022038BD1E
S3150803CDD070B504460D46164600F042FA30B132469F
S3150803CDE029462046BDE8704000F079BA022070BD96
S3150803CDF00E20704738B504460D4600F031FA28B1BF
S3150803CE0029462046BDE8384000F09ABA022038BDC4
S3150803CE1038B504460D4600F023FA28B129462046BC
S3150803CE20BDE8384000F094BA022038BDFAF7AEBD23
S3150803CE300346DB8E08469342114601D3FAF7C4BD6F
S3150803CE4021207047FAF70CBE013001D1FCF748BB25
S3150803CE502120704700207047002070477047D0F89C
S3150803CE60A03003F06003402B0DD0602B03D0203B8A
S3150803CE7058425841704749B10B68012B06D948698E
S3150803CE8040F00100704740F20110704700207047D8
S3150803CE90F7B504461046D4E958C7DDE908268CEAEF
S3150803CEA0020587EA06010540194085EA0C0579401B
S3150803CEB0C4E95851002523F4004106EA010320F08A
S3150803CEC0010043F40073024043F002030195009501
S3150803CED0FEF700FE94F824309A0713D5D4F8643184
S3150803CEE09B050FD54FF48811204600F081FB94F873
S3150803CEF02430024665F3410384F8243020460B4662
S3150803CF00F9F70AF8002003B0F0BD30B4D0F8A03022
S3150803CF100A4023EA01031343C0F8A03030BCFAF7EA
S3150803CF20B5B80520FCF73CB808B5D0F8F0304BB1D6
S3150803CF301A68022A06D993F825204AB1186AB0FB5B
S3150803CF40F2F008BD40F62B324C210020F8F7C0FC5E
S3150803CF500020F6E7D0F8F02008B57AB11368022B5B
S3150803CF600CD9536A13F47F4FC3F3072106D0126A09
S3150803CF70DBB253438B42B3FBF1F006D2002040F6F3
S3150803CF804A324C21F8F7A4FC002008BD0346B3F83F
S3150803CF903E2108468A4203D0A3F83E11FBF76CBA32
S3150803CFA00020704790F83C310C2B14BF90F82B00E7
S3150803CFB0FF20704738B50C464FF400610546FFF766
S3150803CFC0EFF860B16CB195F82A3163B94FF4807202
S3150803CFD02846BDE838404FF48071FFF7CDB82202E2
S3150803CFE0F6E72246F4E738BD4FF48071FFF7D8B861
S3150803CFF010B50023F9F75CF9044608B9FDF762FE94
S3150803D000204610BD08B54A024FF40071FFF7B4F87D
S3150803D010002008BD08B58A024FF48061FFF7ACF813
S3150803D020002008BD38B54FF03A430546DC6A808AC6
S3150803D030C4F30C04A04234BF0020012041F25F422E
S3150803D0400821F8F745FCA88A001B80B238BD2DE9EC
S3150803D050F041884618F0030706461546194633D1A4
S3150803D060B2F5805F30D89A422ED33F2A28D9B2FA2E
S3150803D07082F401220120C4F11F03DBB29A4092B263
S3150803D080AA422CBFC4F11904C4F11A04E2B2931DCF
S3150803D090DBB2984080B2A84214D096F80131ABB9F6
S3150803D0A0012096F8253060F3000386F825304046BC
S3150803D0B0FAF772FEC6F82080B5823846BDE8F081D5
S3150803D0C03A46EAE70020ECE72127F6E70E27F4E7D6
S3150803D0D0F8B511F0030607460D46144621D102B3E7
S3150803D0E013883F2B1DD9B3FA83F3C3F11901C9B2C8
S3150803D0F0062901D8192B12D0062928BF0621012390
S3150803D1008A1DD2B293402846238000F08BF92388E0
S3150803D1103846FD617B82FAF759FF3046F8BD31463A
S3150803D120EDE72126F9E738B5148811F003054FEA28
S3150803D130C4041ED13F2C1CD9B4FA84F4C4F11903D0
S3150803D140DBB2052B01D8192C11D0052B28BF0523D3
S3150803D15001240633DBB204FA03F3C3F3CF041480C2
S3150803D160816104828387FAF731FF284638BD2B4647
S3150803D170EEE72125F9E708B190F92600704790F8FC
S3150803D1802D00704708B50B46062200F59E71184612
S3150803D190FFF7B4FA002008BD0429F8B505460C467E
S3150803D1A00AD10026F7B23846FBF7D0F908B13C4650
S3150803D1B002E00136042EF5D12046FBF7C7F958B12C
S3150803D1C095F83C31A34209D085F83C4105F59E7094
S3150803D1D0BDE8F840FBF756B92120F8BD0020FCE767
S3150803D1E00022FAF76BB8A0F84C30BDF90030C0F846
S3150803D1F09410A0F84A20A0F84E3000207047FAF79A
S3150803D200D3B910B5144608460121FCF773FA20462C
S3150803D210BDE810400121FCF76DBA70B50446154602
S3150803D2200E4609B9212070BD130617D400F014F968
S3150803D23031462046FFF723FC4FF6FF739842F1D099
S3150803D24000F00AF920464FF400310022FEF794FF56
S3150803D25029462046BDE87040F9F74CBE0E20E2E7A2
S3150803D2608021FEF79DBF7FB5531C05AA02920222B1
S3150803D27001920022ADF8141000921146DBB2FEF7B4
S3150803D28099FF07B05DF804FB7FB5531C05AA4FF059
S3150803D290040C02920222ADF81410CDE9002C0121E8
S3150803D2A00022DBB2FEF786FF07B05DF804FB1FB565
S3150803D2B04FF0080C531C0022CDE9002C01220291E1
S3150803D2C0DBB21146FEF776FF05B05DF804FB08B539
S3150803D2D00A044FF48031FEF74FFF002008BDF8B566
S3150803D2E014468A0707460E4601F0010309D4D3B14B
S3150803D2F0A2044FF48021384602F48022FEF73CFF4D
S3150803D30011E065083BB104F0010305F00105AB42E2
S3150803D310EED021200AE04FF48021FEF741FF05F005
S3150803D3200105A842F5D1730701D40020F8BDA2066A
S3150803D3304FF08051384602F08052FEF71DFFF4E79E
S3150803D34008B50A054FF48011FEF716FF002008BD3D
S3150803D35008B5CA044FF40021FEF70EFF002008BDE6
S3150803D36009B141F01001F9F7C5BD10B50446F9F73F
S3150803D370BBFD01462046BDE81040F9F7BBBD704723
S3150803D380D0F8EC30C3B15869B0B1531EDBB2FD2BEC
S3150803D39009D8012A05D143689A1C01D14FF0FF33F6
S3150803D3A04B6000207047036813F1020F08BF4FF064
S3150803D3B0FF33FF2A0B60EDE7212070472DE9F74F6E
S3150803D3C001251C469DF83030064601930368174627
S3150803D3D003F0070306339D4005F1FF380B46A1B159
S3150803D3E0416804EA080BA5EB0B0A41F000595245BC
S3150803D3F009EB0B0114D952461846FFF77FF949463C
S3150803D4007A1B5A445044FFF779F9019B2BB13C44E4
S3150803D41048EA050804EA0804F46003B0BDE8F08F97
S3150803D4201846F0E74FF03A4301225A6741F6FF726E
S3150803D430D96418651A67704737B5002514460095E9
S3150803D440FFF7BCFF204603B030BDFAF7A5B90020A5
S3150803D4507047002070477047704710F0FD0F14BFE0
S3150803D4604FF0FF300020C0B270470A4690F8941078
S3150803D470A52901D8F9F7B4BE2120704708B5FBF7EB
S3150803D480CDFEBDE80840FBF7F1BE38B50446FFF705
S3150803D490F5FF0546FFF7F2FF431BA342FAD338BD50
S3150803D4A038B50D460446FBF7B9FE35B1844200D9B3
S3150803D4B00139204601F0030138BD844238BF0131E2
S3150803D4C0F7E708B5FBF7C2FEBDE80840FBF7CEBE93
S3150803D4D008B50121FFF7E4FFBDE80840FBF7C6BE20
S3150803D4E008B521B19200FFF709F9002008BD2120EC
S3150803D4F0FCE700F06F43B3F1804F02D0B3F1204F3E
S3150803D50002D120F07040704700F06043B3F1204F1A
S3150803D51008BF20F0805070470B0C23F48053B3F5F3
S3150803D520284FF7B50D468FB2064699B216D04AF676
S3150803D5300103994214D04AF60203994212D0B1F56F
S3150803D540204F14BF04240324D6F8EC300BB1196812
S3150803D55051B9D6F8E83093B928680EE00024F3E702
S3150803D5600124F1E70224EFE7234668463A46FBF728
S3150803D57003FFDDE90003002BEBD103B0F0BD196807
S3150803D5800029E9D0234668463A46FBF7F5FEDDE966
S3150803D5900003002BE0D1F0E70204C0F3891307D593
S3150803D5A06FEA83536FEA935313F5007F18B206D0D5
S3150803D5B0A3F1C8006FF4FF739842B8BF18467047C3
S3150803D5C00020FCF73BBA0120FCF738BA0E20704757
S3150803D5D07047FDF70DBDFDF70BBDFDF709BDFDF75B
S3150803D5E007BD08B50846FEF729F908BDFDF700BDCE
S3150803D5F038B505460C4600F0E2FCD5F89C301C40CD
S3150803D600D5F898302343C5F8983000F0D3FC211E8B
S3150803D61018BF01210020490238BD0020704701398F
S3150803D620024410B5904201D1002005E0037811F8B1
S3150803D630014FA34201D0181B10BD0130F2E70000C9
S3150803D640EFF31182302383F31188084B49B1D3F8DA
S3150803D65058110843C3F8580182F31188BFF36F8F33
S3150803D6607047D3F8581121EA0000F3E70818002099
S3150803D670EFF31182302383F31188064BD3F858311D
S3150803D68082F31188BFF36F8F034214BF0120002072
S3150803D690704700BF0818002008B5064BD3F8540195
S3150803D6A0FFF713F9012801D0F6F744F8BDE8084057
S3150803D6B0F6F73AB80818002008B5DBF760F938B169
S3150803D6C0044BD3F85C0118B103681878C0F340100B
S3150803D6D008BD00BF0818002008B5FFF7EDFF00B91D
S3150803D6E0FEE700F05DFC00B9FEE701214FF4806018
S3150803D6F0FFF7A6FF00210220FFF7A2FF00214FF440
S3150803D7008030FFF79DFF00210820FFF799FFF6F702
S3150803D7100BF80022014B83F8602108BD0818002086
S3150803D72008B5DBF72CF950B1054BD3F85C0130B1DA
S3150803D7300368188800F00700C31E5842584108BDFD
S3150803D74008180020014610B568B1174C00210420BB
S3150803D750FFF776FF94F8603123B1F5F7E5FF002369
S3150803D76084F8603110BDDBF70AF90028FAD01020D7
S3150803D770FFF766FFFFF7A0FF044628B1012108203B
S3150803D780BDE81040FFF75CBFF5F7CEFF01214FF464
S3150803D7908070FFF755FF21460220FFF751FF214608
S3150803D7A04FF48030ECE700BF0818002038B50C4664
S3150803D7B00546DCF7B8FE0023844228BF01F1FF3192
S3150803D7C0064A1B1925B1C2F8E036C2F8E41638BD75
S3150803D7D0C2F81037C2F81417F9E700BF0818002073
S3150803D7E04FF400221B4B5A664FF0B4439868C0F3B4
S3150803D7F004400C280AD8DFE800F00B0709092709B3
S3150803D800191B1D1F21232500134870470020704745
S3150803D8109B6803F04073B3F1807F17D0B3F1007FA1
S3150803D82016D00E4A002B08BF104670470C4870479F
S3150803D8300C4870470C4870470C4870470C487047AB
S3150803D8400C4870470C4870470C4870470C4870479B
S3150803D8500C48704700900050404B4C0000093D00AF
S3150803D860405DC6000024F400C0EA2101002D310101
S3150803D87080BA8C010048E801005A62028096980033
S3150803D88080841E0040420F00014B1868704700BF92
S3150803D890C06200200A4B1B6F03F00703013B032BEF
S3150803D8A003D8DFE803F00B030609FEE7054B186800
S3150803D8B07047044B586870470348704703487047D6
S3150803D8C000800050C062002080D54302002D31013C
S3150803D8D008B5FFF7DFFF044B1B6FC3F303330133AD
S3150803D8E0B0FBF3F008BD00BF00800050014B586839
S3150803D8F0704700BFC0620020034B5A68D20702D59F
S3150803D900DA69002AF9D1704700800A5030B50E4CFF
S3150803D910416123688BB9206083600DE0891A9A6890
S3150803D9201D4641616AB113465A698A42F6D935B129
S3150803D930A860521A83605A6130BD0025F4E7206057
S3150803D940F7E798608260F7E7104600200D490B68F1
S3150803D95098B100229BB1834203D1836822B90B6035
S3150803D96003E01A469B68F5E7936083681BB15A6917
S3150803D97041690A445A6100207047222070470220F1
S3150803D980704700BF1046002038B50025FFF7B4FFDF
S3150803D990094B0A489C69036B0268E31A2AB123B147
S3150803D9A05169994203D3C91A5161046338BD556154
S3150803D9B05B1A9268F2E700BF00800A5010460020FF
S3150803D9C038B5164B5A6E42F004025A66D3F88022CB
S3150803D9D042F00102C3F88022114B5B68C3F30803C4
S3150803D9E043B14FF0A842D36B13F0430FFBD1142472
S3150803D9F0204638BD4FF0A843DC6B14F04304FBD133
S3150803DA00084DEB6C23B9042105F14C00E9F70CFF2B
S3150803DA10EB6C013343F00043EB64E9E70080005005
S3150803DA2000ED00E01046002010B54FF480641B4B50
S3150803DA309C66BFF34F8F00F03EFB00F033FB184B99
S3150803DA409C6680B1B0F5E02F1ED012D8B0F5403FE2
S3150803DA501CD009D8B0F5803F1AD0B0F5003F08BFEF
S3150803DA602A2018BF012010BDB0F5802F08BF4B2010
S3150803DA70F7E7B0F5302F0DD0B0F57F0F0CD0B0F522
S3150803DA80202F08BF1020ECE72120ECE72C20EAE73B
S3150803DA904820E8E71120E6E70620E4E7009000506F
S3150803DAA000A000502DE9F0412A4D2B68002B4ED0DB
S3150803DAB05C69294B002C3ED02A6B284F144402225A
S3150803DAC05A64EFF3108872B6FFF716FFBE6900F0C3
S3150803DAD0B5F9FB6C3A6C900704D49A1B032A01D850
S3150803DAE09E420FD1A31B022B98BFF41CB4F1FF3F30
S3150803DAF038BF013C00F0A2F90222184BDC6403F597
S3150803DB0080535A64404600F055FA154B1A7822B1E9
S3150803DB100121114A916400221A7000232A6885F8A4
S3150803DB2051302AB1D188890709D5012385F851309F
S3150803DB300020BDE8F08102225A641A64EDE7926870
S3150803DB40002AF5D051690B44012BEBD9F0E72220C3
S3150803DB50EFE700BF1046002000900A5000800A50E5
S3150803DB60E86200202DE9F0410D4616461F46044695
S3150803DB70002841D00023C361EFF31183302282F3D7
S3150803DB801188DFF88080D8F8000010B184421ED1CE
S3150803DB90012083F31188BFF36F8F78BB9DF8183084
S3150803DBA0C4E903602371BDF81C302760E380A060D5
S3150803DBB0FFF7A2FE124B9B692B44A3614DB965611E
S3150803DBC016B139462046B0470020BDE8F081806883
S3150803DBD0DBE7EFF3108672B6FFF7D6FE2946204633
S3150803DBE0FFF794FED8F800309C4201D1FFF75AFF9D
S3150803DBF0304600F0DFF9E7E72220E6E70320E4E70B
S3150803DC0000800A501046002038B5044638B3EFF3AF
S3150803DC10108572B6FFF7B8FE124B1868A04209D0F2
S3150803DC202046FFF793FE0446A0B1284600F0C2F942
S3150803DC30204638BDFFF78AFE04460028F5D1FFF7CC
S3150803DC4031FF222806D10122074B1A70074B9A6423
S3150803DC5002225A64284600F0ADF90024E8E7222494
S3150803DC60E6E700BF10460020E862002000A00A503D
S3150803DC702DE9F84FEFF31187302383F311885A4BB5
S3150803DC805A491B6C03F0010213F0020F03F0030356
S3150803DC900B640ED13AB1564A136801331360FFF782
S3150803DCA073FEFFF7FFFE87F31188BFF36F8FBDE897
S3150803DCB0F88F3AB14E4A136801331360FFF764FECF
S3150803DCC0FFF7F0FEEFF31189302383F311884FF042
S3150803DCD0000AFFF759FE5546464EDFF80C813468AD
S3150803DCE00CB16369CBB10023012D86F8523004D1F8
S3150803DCF01AF0020F18BF86F85250FFF7D3FE2228F0
S3150803DD0006D101223C4B1A70384B9A6402225A6494
S3150803DD1089F31188BFF36F8FC5E723465A693AB962
S3150803DD201A792179914288BF1C469B68002BF5D145
S3150803DD3089F31188BFF36F8FD4F810A0BAF1000FD7
S3150803DD401ED0FFF7D9FDD8F81820A369A2EB03095B
S3150803DD504FEAE972D14572F1000212DB5344A3611B
S3150803DD60E36813B1204621689847B4F806A001353D
S3150803DD70EFF31189302383F31188FFF705FEAEE726
S3150803DD80D146EFF3118B302383F311882046FFF72F
S3150803DD90DDFD8BF31188BFF36F8F2369002BDFD06B
S3150803DDA0A38BBAEB090133B1E28B13449BB2B3F5E8
S3150803DDB07A7F11D2E383EFF31189302383F3118832
S3150803DDC02046FFF7A3FDA36922691344A36189F3D8
S3150803DDD01188BFF36F8FC3E7A3F57A73E383A36948
S3150803DDE00139013BA361E6E700800A5000A00A5007
S3150803DDF05418002010460020E862002010B5044697
S3150803DE00DAF7BDFDB0B1B4F5007F4FF001010ED1CD
S3150803DE102046FFF715FC00211020FFF711FC00210F
S3150803DE200548FFF70DFCBDE81040F5F77DBC4FF438
S3150803DE308050F2E710BD00BF0A000100034B5A6881
S3150803DE40D20702D59A6D002AF9D1704700800A5085
S3150803DE5080B1036813F4E07F03F03F00C3F3821233
S3150803DE6009D0012A06D1064B39B103F5805301229D
S3150803DE7082401A607047034BF6E703F50053F6E74B
S3150803DE806880005064800050012303FA01F13023AF
S3150803DE905843014B1950704740D003504FF48073D1
S3150803DEA070B596B00292012421220193102303949C
S3150803DEB004930592069107940893099201AA0A9274
S3150803DEC006AA0B9204220C9211220D920AAA0E900C
S3150803DED00F92109340F611031193194B12930EAB3D
S3150803DEE01393184B149346F611031593FFF768FD1E
S3150803DEF01428044620D1EFF3108072B64FF0A843D6
S3150803DF001E681D6900F056F84FF0A843032212A9AC
S3150803DF105A63196002A919619A63DA6B9207FCD1ED
S3150803DF20142C06D1EFF3108072B61E601D6100F043
S3150803DF3041F8054B5B6801E00028E5D016B070BDD3
S3150803DF405C4600200400002000ED00E0074A10B5F7
S3150803DF5012780C464AB1072807D8054A02EB00137C
S3150803DF601B7B13B1E6F784FD207010BD1552002004
S3150803DF70905000200846D5F74DBF1046D5F74ABF3F
S3150803DF800020704783884BB18268013B0132826067
S3150803DF9042888380013A42800020704701207047F7
S3150803DFA008B5DAF7ECFC20B1BDE808400820FFF70E
S3150803DFB05FBB08BD10B962B6BFF36F8F7047EFF347
S3150803DFC0108072B6704780F31188BFF36F8F70475E
S3150803DFD0EFF31180302383F31188704738B50C4665
S3150803DFE0EFF31185302383F31188202857D8DFE808
S3150803DFF000F0111B5620232656292C562F56323548
S3150803E00056383B3E56415644565356565647564A35
S3150803E010564D5000FFF73EFC0023206085F3118818
S3150803E020BFF36F8F184638BD4FF4C070E6F7E8F8AC
S3150803E030F2E74FF42070F9E74FF44070F6E74FF430
S3150803E0406070F3E74FF40070F0E74FF48060EDE794
S3150803E0504FF44060EAE74FF4C060E7E74FF4F06037
S3150803E060E4E74FF4B060E1E74FF4D060DEE74FF43E
S3150803E0701060DBE74FF4E060D8E74FF4A060D5E71C
S3150803E0804FF42860D2E74FF48070CFE74FF420604F
S3150803E090CCE74FF44860C9E74FF40860C6E70020A9
S3150803E0A02123BAE74FF098435A6CD202FCD5586D30
S3150803E0B000F470207047036A052B14D84FF0984272
S3150803E0C0116CC902FCD504339B0013650168103B28
S3150803E0D011604168116050F8081F11604FF09842AB
S3150803E0E00344984200D1704750F8041F1160F8E7BB
S3150803E0F008B528220021FEF75FFA002008BD036A47
S3150803E100042B9FBF00EB83020133D1600362704780
S3150803E110836813B9816070475B685A68012AFBD123
S3150803E120596070470121FFF793BE00000000000005
S3150803E13000000000000000000000000000000000CE
S3150803E140F8B500BFF8BC08BC9E467047F8B500BFD3
S3150803E150F8BC08BC9E4670475FF800F06162002071
S3150803E16045465233320066616C7365005468652010
S3150803E170636F6D6D616E6420226C696E6B6D657479
S3150803E18072696373207175657279222068617320D9
S3150803E1906265656E207265706C6163656420627979
S3150803E1A02074686520636F6D6D616E6420226C69E7
S3150803E1B06E6B6D65747269637320726571756573C9
S3150803E1C074222E0054686520636F6D6D616E64203A
S3150803E1D0226C696E6B6D657472696373206D676D06
S3150803E1E0742220686173206265656E207265706C9F
S3150803E1F0616365642062792074686520636F6D6D59
S3150803E200616E6420226C696E6B6D657472696373E3
S3150803E21020636F6E666967222E00202D20504455B1
S3150803E22020436F756E7465723A20256C75202843F2
S3150803E2306F756E742F53756D6D6174696F6E2900F2
S3150803E240202D204C51493A20257520257300202D71
S3150803E250204D617267696E3A202575202864422924
S3150803E26020257300202D20525353493A2025642034
S3150803E2702864426D292025730031352E3400520057
S3150803E280617069006C6576656C00506172746974B7
S3150803E290696F6E2049443A20256C7500576569678E
S3150803E2A06874696E673A20257500537461626C65F4
S3150803E2B020446174612056657273696F6E3A20252E
S3150803E2C075004C656164657220526F7574657220BA
S3150803E2D049443A20257500424252205072696D61BD
S3150803E2E072793A00204E6F6E6500736572766572B1
S3150803E2F031363A20307825303458007365716E6F9D
S3150803E3003A2020202025750064656C61793A20201F
S3150803E3102020257520736563730074696D656F75B1
S3150803E320743A2020256C75207365637300746F74C3
S3150803E330616C3A20257500667265653A2025750075
S3150803E3406D61782D757365643A2025750025733AD2
S3150803E35020257520257520256C75002564206442C3
S3150803E3606D006C6E616761696E0052784F6E57680F
S3150803E370656E49646C653A2025640044657669636D
S3150803E38065547970653A202564004E6574776F7213
S3150803E3906B446174613A202564006173796E630086
S3150803E3A0616C7473686F7274616464720072657405
S3150803E3B07269657300646972656374007375707056
S3150803E3C06F7274656400707265666572726564005F
S3150803E3D068656C7000636C69656E740075700064BB
S3150803E3E06F776E00556E6B6E6F776E206572726F00
S3150803E3F072004F74686572206572726F7200526597
S3150803E400636569766564204C696E6B204D65747225
S3150803E410696373204D616E6167656D656E7420521D
S3150803E4206573706F6E73652066726F6D3A2000535D
S3150803E43074617475733A20257300206F726967696E
S3150803E4406E3A257320706C656E3A25752070726571
S3150803E4506665727265643A25752076616C69643AF5
S3150803E460257500616464006C696E6B6C6F63616C1F
S3150803E47000726C6F63006D6C65696400696E766122
S3150803E4806C696400646574616368656400636869DC
S3150803E4906C64007C20252D34377320007C20252DC1
S3150803E4A0343773207C005265636569766564204C4E
S3150803E4B0696E6B204D657472696373206461746158
S3150803E4C020696E20456E682041636B2066726F6D06
S3150803E4D0206E65696768626F722C2073686F727441
S3150803E4E020616464726573733A3078253032782014
S3150803E4F02C20657874656E6465642061646472654E
S3150803E50073733A00636865636B74696D656F7574D5
S3150803E510006661696C636F756E7465720072656D0A
S3150803E5206F766500616C6C006765740073746F7051
S3150803E530002D49002D6D0050696E67696E6720735B
S3150803E540796E74686573697A6564204950763620EE
S3150803E550616464726573733A200054580052580014
S3150803E5602563005B2573206C656E3D253033755D29
S3150803E5700020253032580020202000656E6572671A
S3150803E58079006D6F64656C00737776657273696F6E
S3150803E5906E0061707075726C006E6F6E7072656670
S3150803E5A065727265646368616E6E656C7300636831
S3150803E5B0616E6E656C3A20257500706572696F64C5
S3150803E5C03A20256C7575730074696D656F75743AB1
S3150803E5D020256C757300506F72743A25642C20508D
S3150803E5E072696F726974793A25642C20576569676D
S3150803E5F068743A25642C2054544C3A256C750048A3
S3150803E6006F73743A257300486F7374416464726553
S3150803E61073733A005458543A002C20003D002E2EAA
S3150803E6202E5D00796573006E6F00444941475F4765
S3150803E63045542E7273702F616E732066726F6D2048
S3150803E64000526F75746549643A20307825303278FC
S3150803E650004C696E6B5175616C6974794F75743AC0
S3150803E660202575004C696E6B5175616C697479491F
S3150803E6706E3A20257500526F757465436F73743A45
S3150803E680202575002D20526F7574657249643A25E5
S3150803E6902D32750020546865207175657269656445
S3150803E6A02064657669636500204861734C696E6BFF
S3150803E6B03A252D3373204C696E6B5175616C6974F9
S3150803E6C0794F75743A2575204C696E6B5175616C73
S3150803E6D0697479496E3A257520004E657874486FD2
S3150803E6E0703A6E61204E657874486F70436F737421
S3150803E6F03A6E61004E657874486F703A252D327507
S3150803E700204E657874486F70436F73743A257500A5
S3150803E71025733A20256C750025733A202575004321
S3150803E72068696C6449643A20307825303478005433
S3150803E730696D656F75743A202575004C696E6B2093
S3150803E7405175616C6974793A202575004D6F646556
S3150803E7503A0042522053746174653A202573004285
S3150803E76052204C6F63616C204F4D52205072656680
S3150803E77069783A20004252204448435076362D5051
S3150803E78044204F4D52205072656669783A200042FC
S3150803E79052204C6F63616C204F6E2D6C696E6B2033
S3150803E7A05072656669783A20004252204661766F50
S3150803E7B0726564204F6E2D6C696E6B2050726566A8
S3150803E7C069783A2000436F6E6E6563746976697477
S3150803E7D0793A00506172656E745072696F72697422
S3150803E7E0793A202564004C696E6B5175616C6974BE
S3150803E7F079333A202575004C696E6B5175616C69DE
S3150803E8007479323A202575004C696E6B5175616CC3
S3150803E810697479313A202575004C656164657243DC
S3150803E8206F73743A20257500496453657175656E6F
S3150803E83063653A20257500416374697665526F7579
S3150803E840746572733A202575005365644275666666
S3150803E850657253697A653A20257500536564446180
S3150803E86074616772616D436F756E743A202575001E
S3150803E870526F757465446174613A00456E68526FE8
S3150803E8807574653A004C6561646572204461746108
S3150803E8903A00506172746974696F6E49643A20303C
S3150803E8A0782530386C7800537461626C65446174FA
S3150803E8B06156657273696F6E3A202575004C6561FA
S3150803E8C0646572526F7574657249643A20307825A7
S3150803E8D0303278004E6574776F726B2044617461C9
S3150803E8E03A20004D414320436F756E746572733A3F
S3150803E8F0004D4C4520436F756E746572733A00423A
S3150803E900617474657279204C6576656C3A20257551
S3150803E910252500537570706C7920566F6C74616782
S3150803E920653A2025756D56004368616E6E656C20E1
S3150803E93050616765733A2027004D617820436869FB
S3150803E9406C642054696D656F75743A20256C75007F
S3150803E95045554936343A200056656E646F72204E23
S3150803E960616D653A2025730056656E646F72204D96
S3150803E9706F64656C3A2025730056656E646F722062
S3150803E98053572056657273696F6E3A20257300567E
S3150803E990656E646F72204170702055524C3A20257B
S3150803E9A0730054687265616420537461636B2056FF
S3150803E9B0657273696F6E3A202573004E6F6E2D70FC
S3150803E9C07265666572726564204368616E6E656C0E
S3150803E9D073204D61736B3A203078256C7800425268
S3150803E9E020496E6672612D69662049503620416456
S3150803E9F06472657373204C6973743A00457874209E
S3150803EA00416464726573733A2000526C6F633136DE
S3150803EA103A20307825303478004368696C6420548A
S3150803EA2061626C653A005B52656461637465645D33
S3150803EA30002D6E730070656E64696E6700746C767C
S3150803EA40730053796E74686573697A6564204950EF
S3150803EA50763620444E532073657276657220616458
S3150803EA6064726573733A200074637000756470008A
S3150803EA70646973616C6C6F77005365727665723A75
S3150803EA802000526573706F6E736554696D656F7593
S3150803EA90743A20256C75206D73004D61785478415E
S3150803EAA07474656D7074733A2025750052656375C1
S3150803EAB07273696F6E446573697265643A20257368
S3150803EAC000536572766963654D6F64653A202573ED
S3150803EAD0004E617436344D6F64653A2025730052CF
S3150803EAE065636569766564204C696E6B204D65744C
S3150803EAF072696373205265706F72742066726F6DE4
S3150803EB003A20004C696E6B204D65747269637320F5
S3150803EB105265706F72742C207374617475733A201E
S3150803EB20257300444E5320726573706F6E736520A8
S3150803EB30666F72202573202D20002054544C3A25E5
S3150803EB406C752000444E5320717565727920726581
S3150803EB5073706F6E736520666F72202573200025A8
S3150803EB607529005265636F7264547970653A257521
S3150803EB702C205265636F72644C656E6774683A2518
S3150803EB80752C2054544C3A256C752C2053656374A4
S3150803EB90696F6E3A2573004E616D653A25730052A7
S3150803EBA065636F7264446174613A5B002E2E2E00AE
S3150803EBB073696E676C6500666F7277617264004588
S3150803EBC0787420416464723A2000526C6F633A2069
S3150803EBD02578004C696E6B205175616C69747920D0
S3150803EBE0496E3A202575004C696E6B205175616C28
S3150803EBF0697479204F75743A202575004167653A1B
S3150803EC0020256C750043534C20636C6F636B20613E
S3150803EC10636375726163793A2025750043534C2003
S3150803EC20756E6365727461696E74793A2025750029
S3150803EC3073656172636800444E532062726F77731B
S3150803EC406520726573706F6E736520666F72202513
S3150803EC507300444E53207365727669636520726543
S3150803EC60736F6C7574696F6E20726573706F6E73EC
S3150803EC706520666F7220257320666F72207365722E
S3150803EC8076696365202573005478546F74616C3A0A
S3150803EC9020256C75005278546F74616C3A20256C84
S3150803ECA0750054696D65202573204D696C6C693A46
S3150803ECB0200054696D6520547261636B6564204D49
S3150803ECC0696C6C693A2000556E6B6E6F776E457288
S3150803ECD0726F7254797065004572726F722025756A
S3150803ECE03A20257300446F6E650046696E6973683A
S3150803ECF0656420646574616368696E67007C2025B2
S3150803ED002D31367320007C2025303478207C200072
S3150803ED10207C2025327520007C2025336420007C46
S3150803ED2020253375207C007C20253275207C202500
S3150803ED303464207C00677561726474696D65006567
S3150803ED406E68616E6365642D61636B00636C6561F0
S3150803ED5072007265676973746572002420257300EF
S3150803ED6050726566697865733A00202573202530E5
S3150803ED70347800526F757465733A00536572766911
S3150803ED806365733A0020730020253034782025758F
S3150803ED9000436F6E74657874733A00436F6D6D69DB
S3150803EDA07373696F6E696E673A002530347820008D
S3150803EDB0206500626F6F746C6F61646572006969C0
S3150803EDC06400636865636B006C6C61746E00726CD7
S3150803EDD061746E006D656400686967680043616EF7
S3150803EDE06E6F7420737570706F7274206E657720FA
S3150803EDF0736572696573005365726965732049445F
S3150803EE0020616C72656164792072656769737465DC
S3150803EE1072656400536572696573204944206E6F91
S3150803EE2074207265636F676E697A6564004E6F2036
S3150803EE306D61746368696E672073657269657320AB
S3150803EE40494400616E7377657200617574686F7201
S3150803EE50697479006164646974696F6E616C0075BD
S3150803EE606E7370656300737276007372765F747877
S3150803EE7074007372765F7478745F73657000737267
S3150803EE80765F7478745F6F70740050656E64696E2C
S3150803EE90672054696D657374616D700070656E647F
S3150803EEA0696E6774696D657374616D700041637427
S3150803EEB06976652054696D657374616D7000616365
S3150803EEC07469766574696D657374616D70005761ED
S3150803EED06B652D7570204368616E6E656C0077618E
S3150803EEE06B6575706368616E6E656C004368616E09
S3150803EEF06E656C204D61736B006368616E6E656C3D
S3150803EF006D61736B0044656C61790064656C617946
S3150803EF10004578742050414E204944006578747042
S3150803EF20616E6964004D657368204C6F63616C207C
S3150803EF30507265666978006D6573686C6F63616C9A
S3150803EF40707265666978004E6574776F726B204BCD
S3150803EF506579006E6574776F726B6B6579004E65BC
S3150803EF6074776F726B204E616D65006E6574776F8B
S3150803EF70726B6E616D650050534B630070736B6300
S3150803EF8000536563757269747920506F6C69637988
S3150803EF90007365637572697479706F6C6963790058
S3150803EFA061747461636874696D6500626272006294
S3150803EFB07566666572696E666F0063636174687207
S3150803EFC06573686F6C64006368696C6473757065F0
S3150803EFD072766973696F6E006368696C6474696DC8
S3150803EFE0656F757400636F756E746572730063730A
S3150803EFF06C006461746173657400646562756700A7
S3150803F00064657461636800646973636F7665720027
S3150803F010646E7300646F6D61696E6E616D6500641D
S3150803F0207561006575693634006578746164647260
S3150803F03000666163746F72797265736574006665D9
S3150803F0406D006966636F6E66696700696E737461DE
S3150803F0506E63656964006970616464720069706DE2
S3150803F06061646472006B657973657175656E636552
S3150803F070006C656164657264617461006C696E6BCA
S3150803F0806D657472696373006C6F67006D756C7474
S3150803F09069726164696F006E657464617461006E98
S3150803F0A0657473746174006E6574776F726B6469E3
S3150803F0B061676E6F73746963006E6574776F726BDD
S3150803F0C06B657972656600706172656E7400706946
S3150803F0D06E6700706C6174666F726D00706F6C6C2E
S3150803F0E0706572696F640070726F6D697363756FAB
S3150803F0F075730072637000726567696F6E00726C70
S3150803F1006F633136007363616E0073696E676C658E
S3150803F110746F6E0073727000746172676574706FD2
S3150803F12077657200746872656164007478706F77C6
S3150803F130657200756E736563757265706F727400B8
S3150803F140757074696D650076656E646F72004966DD
S3150803F150496E556E6B6E6F776E50726F746F730070
S3150803F1604966496E4572726F72730049664F7574C4
S3150803F1704572726F7273004966496E55636173749B
S3150803F180506B7473004966496E42726F61646361BA
S3150803F1907374506B7473004966496E44697363618B
S3150803F1A07264730049664F75745563617374506B63
S3150803F1B074730049664F757442726F616463617351
S3150803F1C074506B74730049664F757444697363614D
S3150803F1D072647300547261636B656454696D650088
S3150803F1E044697361626C656454696D65004465744A
S3150803F1F0616368656454696D65004368696C645442
S3150803F200696D6500526F7574657254696D65004C56
S3150803F210656164657254696D650044697361626CFE
S3150803F2206564526F6C65004465746163686564520E
S3150803F2306F6C65004368696C64526F6C6500526F46
S3150803F24075746572526F6C65004C656164657252BC
S3150803F2506F6C6500506172746974696F6E496443B3
S3150803F26068616E676573004265747465725061728E
S3150803F270746974696F6E4174746163684174746503
S3150803F2806D70747300506172656E744368616E675E
S3150803F290657300756E696E697469616C697A65640C
S3150803F2A00064697361626C65640073746F7070657A
S3150803F2B0640072756E6E696E670062696E640063D8
S3150803F2C06C6F736500636F6E6E656374006C696E4D
S3150803F2D06B7365637572697479006F70656E00691F
S3150803F2E07061646472202D76006E6574646174615E
S3150803F2F02073686F77006E65746461746120736840
S3150803F3006F77202D7800706172746974696F6E69FE
S3150803F310640073727020636C69656E74207374611C
S3150803F32074650073727020636C69656E7420736507
S3150803F330727665720073727020636C69656E7420E9
S3150803F340686F73740073727020636C69656E7420DA
S3150803F350736572766963650063736C2061636375AD
S3150803F360726163790063736C20756E636572746189
S3150803F370696E747900636F756E746572732069704C
S3150803F38000636F756E74657273206D616300636FD6
S3150803F390756E74657273206D6C650064656C61794E
S3150803F3A074696D657200636F6D6D697400696E6962
S3150803F3B074006D676D74676574636F6D6D616E64F4
S3150803F3C0006D676D74736574636F6D6D616E64004C
S3150803F3D0726F75746572006C656164657200617538
S3150803F3E0746F73746172740063616C6C6261636BCE
S3150803F3F0006B65796C65617365696E7465727661B0
S3150803F4006C0074746C004D414320416464726573E7
S3150803F41073004368004C51490052535349006D61C8
S3150803F420786C656E677468007374656572696E6770
S3150803F43064617461004C6F63616C20416464726536
S3150803F4407373005065657220416464726573730053
S3150803F4506D676D740070726F626500717565727998
S3150803F460007265717565737400736C61616300641A
S3150803F47068637036006D616E75616C0062726F77D2
S3150803F4807365007265736F6C7665007265736F6C6E
S3150803F4907665340073657276696365686F7374009D
S3150803F4A0457874656E6465642050414E00547853FC
S3150803F4B07563636573730054784661696C656400A4
S3150803F4C05278537563636573730052784661696C42
S3150803F4D0656400526F6C652044697361626C656488
S3150803F4E000526F6C652044657461636865640052F5
S3150803F4F06F6C65204368696C6400526F6C652052B3
S3150803F5006F7574657200526F6C65204C656164652E
S3150803F5107200506172746974696F6E20496420437E
S3150803F52068616E676573004265747465722050611D
S3150803F53072746974696F6E204174746163682041DB
S3150803F5407474656D707473004265747465722050C3
S3150803F5506172656E742041747461636820417474C2
S3150803F560656D70747300506172656E7420436861CB
S3150803F5706E676573005278556E69636173740052DA
S3150803F5807842726F6164636173740052784461747C
S3150803F5906100527844617461506F6C6C0052784212
S3150803F5A06561636F6E005278426561636F6E52657B
S3150803F5B071756573740052784F7468657200527872
S3150803F5C04164647265737346696C74657265640035
S3150803F5D05278446573744164647246696C746572DF
S3150803F5E065640052784475706C6963617465640078
S3150803F5F052784572724E6F4672616D650052784550
S3150803F60072724E6F556E6B6E6F776E4E656967686D
S3150803F610626F72005278457272496E76616C6964DC
S3150803F6205372634164647200527845727253656318
S3150803F6300052784572724663730052784572724F68
S3150803F64074686572005478556E69636173740054FF
S3150803F6507842726F61646361737400547841636BB3
S3150803F66052657175657374656400547841636B6597
S3150803F670640054784E6F41636B5265717565737494
S3150803F6806564005478446174610054784461746114
S3150803F690506F6C6C005478426561636F6E005478E2
S3150803F6A0426561636F6E526571756573740054784C
S3150803F6B04F74686572005478526574727900547889
S3150803F6C04572724363610054784572724275737961
S3150803F6D04368616E6E656C00547845727241626F59
S3150803F6E072740054784469726563744D617852651F
S3150803F6F0747279457870697279005478496E6469C9
S3150803F700726563744D617852657472794578706968
S3150803F710727900366C6F2073656E6400366C6F20E1
S3150803F7207265617300697036006D706C00636F6192
S3150803F7307020736563757265006170706C696361C7
S3150803F74074696F6E20636F6170004F4B0044726F6C
S3150803F75070004E6F42756673004E6F526F7574650F
S3150803F760004275737900506172736500496E76615C
S3150803F7706C6964417267730053656375726974795A
S3150803F78000416464726573735175657279004E6FCF
S3150803F79041646472657373004E6F74496D706C656A
S3150803F7A06D656E74656400496E76616C696453743D
S3150803F7B0617465004E6F41636B004368616E6E65E5
S3150803F7C06C4163636573734661696C75726500465C
S3150803F7D06373457272004E6F4672616D6552656357
S3150803F7E0656976656400496E76616C6964536F75FD
S3150803F7F072636541646472657373004465737469FF
S3150803F8006E6174696F6E4164647265737346696C7D
S3150803F8107465726564004E6F74466F756E64004155
S3150803F8206C726561647900526573657276656445C1
S3150803F83072726F7232350049707636416464726546
S3150803F84073734372656174696F6E4661696C757229
S3150803F85065004E6F7443617061626C65005265732F
S3150803F860706F6E736554696D656F75740052656163
S3150803F8707373656D626C7954696D656F7574004E43
S3150803F8806F74546D66004E6F6E4C6F7770616E447D
S3150803F8906174614672616D6500526573657276655A
S3150803F8A0644572726F723333004C696E6B4D6172C5
S3150803F8B067696E4C6F7700496E76616C6964436F4E
S3150803F8C06D6D616E640050656E64696E670052659E
S3150803F8D06A65637465640000284578706F6E656EA3
S3150803F8E07469616C204D6F76696E6720417665721F
S3150803F8F06167652900534C2D4F50454E5448524570
S3150803F90041442F332E302E312E305F4769744875A4
S3150803F910622D3631653433636666623B204546524B
S3150803F92033323B204D617220313920323032362052
S3150803F93030313A35393A3437000000000800000000
S3150803F94013F70308100000001CF70308180000004B
S3150803F95025F703082000000029F7030828000000FC
S3150803F96097F303083000000045F703083800000042
S3150803F9702DF703084000000039F703087CF4030851
S3150803F980257B01080000000044F003081D790108DF
S3150803F990000000005BF40308E57B01080000000093
S3150803F9A083F40308457A0108000000008BF4030872
S3150803F9B0B57A01080000000050F30308D57B010857
S3150803F9C00000000094F40308DD7B01080000000032
S3150803F9D044F00308CF9A01080000000050F4030816
S3150803F9E04D4101080000000055F40308E9B2010877
S3150803F9F0000000005BF403083D4101080000000015
S3150803FA0061F40308CF8101080000000021F403080C
S3150803FA10C5410108000000001EF403085D43010800
S3150803FA2000000000F1F20308076A0008000000005E
S3150803FA3028F4030819B0010800000000DEF30308E0
S3150803FA401973000800000000E8F303088F73000821
S3150803FA500000000040F30308396D000800000000A9
S3150803FA60F1F30308A165000800000000F4F3030896
S3150803FA7091650008000000002EF30308356C0008A2
S3150803FA800000000050F303083F820008000000004E
S3150803FA90E2F30308C1650008000000001DF303082C
S3150803FAA0E5710008000000002CE50308F965000865
S3150803FAB00000000002F40308B16500080000000016
S3150803FAC0BAF203081766000800000000BFF203082D
S3150803FAD09566000800000000C5F2030825740008AF
S3150803FAE000000000CDF20308AD7300080000000013
S3150803FAF0DAF20308FB7400080000000017F703088E
S3150803FB00777C000800000000A0EF030829440108D9
S3150803FB1000000000ABEF0308994401080000000049
S3150803FB20AFEF03083945010800000000BAEF0308E0
S3150803FB306D46010800000000E4EE03089948010831
S3150803FB4000000000C7EF0308855501080000000000
S3150803FB50D8EF03085D9A010800000000E5EF0308E3
S3150803FB609B95010800000000EEEF0308FB600108FF
S3150803FB7000000000F2EF0308A97301080000000063
S3150803FB80FAEF0308E59F01080000000000F00308E8
S3150803FB90A14701080000000007F0030815B1010892
S3150803FBA00000000010F00308FD48010800000000EB
S3150803FBB014F003087F5F0108000000001FF0030824
S3150803FBC0EDAE01080000000023F00308975301086F
S3150803FBD00000000029F00308B953010800000000DB
S3150803FBE01CEF03080B5401080000000031F003085A
S3150803FBF0E58D0108000000003EF00308AD46010844
S3150803FC000000000042F00308D14C01080000000080
S3150803FC104BF00308D14F01080000000056F0030813
S3150803FC205B500108000000005DF003089BB3010860
S3150803FC300000000065F003086D9A01080000000043
S3150803FC4071F00308A1430108000000007CF00308D3
S3150803FC50894901080000000088F0030829430108C0
S3150803FC60000000008AF30308E147010800000000CA
S3150803FC70F31104083D9D0108000000008CF00308F9
S3150803FC80E94101080000000097F00308154A010836
S3150803FC90000000009FF00308E1520108000000007D
S3150803FCA0A7F00308A15F01080000000053EF03084B
S3150803FCB0C954010800000000B9F00308DD61010812
S3150803FCC0000000006BEF0308915F010800000000C5
S3150803FCD01FEF03084956010800000000C7F0030890
S3150803FCE0B982010800000000CEF00308795801081C
S3150803FCF000000000D3F003089D400108000000003F
S3150803FD00DCF003080D62010800000000E7F00308B1
S3150803FD10AD5A010800000000F3F00308594301082F
S3150803FD2000000000F7F00308595D01080000000011
S3150803FD3038F00308BDAD010800000000FEF0030813
S3150803FD40B54001080000000005F10308735D0108CA
S3150803FD50000000000AF10308D14001080000000072
S3150803FD6014F10308A14A0108000000001DF3030863
S3150803FD70515201080000000018F103089D5E0108AE
S3150803FD800000000024F10308315E010800000000AA
S3150803FD902BF10308618C0108000000006CEA0308D4
S3150803FDA0494B01080000000033F10308795601089E
S3150803FDB00000000040F10308E146010800000000C6
S3150803FDC047F10308E95E0108000000008AE5030815
S3150803FDD0ED42010800000000FF02000000000000D9
S3150803FDE00000000000000001D0030408FF02000021
S3150803FDF000000000000000000000000200FE0308E7
S3150803FE00FF030000000000000000000000000002DD
S3150803FE10D8FD0308C2F40308DDED0308F7ED03086C
S3150803FE2014EE03082DEE0308756E6B6E6F776E007E
S3150803FE3024F1030869F403086FF4030875F4030847
S3150803FE40A1F2030884E403088DE40308D0F3030846
S3150803FE50D7F303083131000035F4030843F40308E4
S3150803FE600406000012F4030819F40308061204052D
S3150803FE7005000000A9F4030806F4030812F40308AE
S3150803FE805EE3030815F4030818000000D4F1030819
S3150803FE9020000000E0F1030828000000EDF1030844
S3150803FEA030000000FAF103083800000004F20308E2
S3150803FEB0400000000FF2030893F20308A1F20308B7
S3150803FEC0AAF20308B2F20308000100FF00000000CB
S3150803FED04EF103080400000060F10308080000005F
S3150803FEE06BF103080C00000077F10308100000000B
S3150803FEF085F103081400000097F1030818000000B1
S3150803FF00A4F103081C000000B3F103082000000055
S3150803FF10C6F10308000000001AF2030802000000F5
S3150803FF2027F203080400000034F203080600000061
S3150803FF303EF203080800000049F203080A0000001D
S3150803FF4076F203080C00000054F203080E000000C2
S3150803FF5067F203081000000085F203088AEE030817
S3150803FF609CEE030800000000ADEE0308BEEE03088E
S3150803FF7000000000D6EE0308E4EE030800000000C4
S3150803FF80CEEE0308DEEE030800000000ECEE0308DD
S3150803FF90F9EE03080000000005EF03080BEF03085A
S3150803FFA00000000011EF03081CEF0308000000001F
S3150803FFB025EF030837EF03080000000047EF03089F
S3150803FFC053EF0308010000005EEF03086BEF030815
S3150803FFD00000000015EF03081FEF030800000000E8
S3150803FFE077EF03087CEF03080100000081EF03089D
S3150803FFF091EF030800000000920C0408BD74010881
S31508040000000000004CED030847400108000000000A
S31508040010A6F30308D975010800000000ADF3030828
S315080400202175010800000000B2F3030801770108EE
S3150804003000000000C1F3030821760108000000004F
S3150804004035EA03085974010800000000F6EF0308AE
S3150804005085750108000000003DEA0308A954010853
S31508040060000000005FEE030866EE03086EEE030860
S315080400706AEE030872EE03087EEE03080200000126
S3150804008000000500000100000600000214000C0030
S31508040090000100000F000201000011000002000028
S315080400A01200020100001500020100001A000202F3
S315080400B000002100060100002400020100002700B8
S315080400C0000100002F0000010200010143EE0308AD
S315080400D04AEE030854EE0308590000000400000021
S315080400E045F60308080000004FF603080C00000054
S315080400F05BF60308100000006AF603081400000003
S3150804010072F603081800000083F603081C000000B2
S315080401108AF603082000000095F603082400000068
S315080401209EF6030828000000AEF603082C0000001B
S31508040130B6F6030838000000BEF6030840000000BF
S31508040140C7F603083C000000D8F603083000000090
S31508040150E3F6030834000000FAF603084800000032
S3150804016075F503084C0000007FF5030850000000ED
S315080401708BF503085400000092F5030858000000A4
S315080401809DF503085C000000A6F50308600000005E
S31508040190B6F5030864000000BEF50308680000000D
S315080401A0D0F503086C000000E3F5030870000000AE
S315080401B0F0F5030874000000FDF503087800000054
S315080401C014F603087C00000028F6030880000000E3
S315080401D031F60308840000003AF60308000000001C
S315080401E0D3F4030802000000E1F403080400000045
S315080401F0EFF4030806000000FAF4030808000000F8
S3150804020006F503080A00000038F503080C00000088
S3150804021012F503080E00000027F503081000000075
S3150804022048F503084800000066F5030818000000AE
S31508040230D8F4030820000000E6F4030828000000A8
S31508040240F4F4030830000000FFF403083800000043
S315080402500BF5030800000000ADF4030808000000CD
S31508040260B7F4030804000000C0F403080C000000F7
S31508040270CAF403084AF70308CCF403084DF703083D
S3150804028052F7030859F7030861F7030866F70308E2
S315080402906CF7030878F7030881F703088EF7030851
S315080402A0DDF6030898F70308A7F70308B4F7030865
S315080402B0BAF70308E6F40308CFF70308D6F70308E2
S315080402C004F60308E6F7030806F80308FBF7030829
S315080402D016F803081FF8030827F8030837F803086D
S315080402E052F803085DF80308E5F503086DF80308F2
S315080402F07FF8030886F8030899F80308A9F8030899
S31508040300B7F80308C6F80308CEF803083E200066C3
S315080403106163746F72797265736574008AE503089C
S315080403201DF3030840F10308A0EF0308E4EE0308ED
S315080403301FEF03081CEF0308DFF203085DF0030848
S31508040340E9F20308F6F2030806F3030871F0030852
S31508040350AFEF03089FF0030829F00308FEF003082B
S3150804036012F3030823F3030835F3030845F30308D4
S31508040370BAEF0308EEEF030858F3030865F3030816
S3150804038075F3030881F303088EF3030875EA030873
S31508040390D4ED0308D8ED0308121206120405050065
S315080403A05EEF0308A0F40308A9F4030806F4030897
S315080403B012F403085EE3030815F40308FF030000B8
S315080403C00000000000000000000000FC000000001F
S315080403D0FF03000000000000000000000000000108
S315080403E0BC030408BEEE03080000000049470108E0
S315080403F0000000001172010800000000E4EE030882
S3150804040008000000E540010800000000295701081B
S3150804041000000000F9EE03080B000000054101087E
S315080404200000000039620108000000000BEF030811
S315080404300600000011410108000000004962010895
S31508040440000000009BF303080600000011410108A0
S315080404500000000049620108000000001CEF0308C0
S31508040460040000006754010800000000294501083B
S31508040470000000003BEF030805000000596201086C
S3150804048000000000315001080000000037EF03089F
S3150804049005000000596201080000000031500108F7
S315080404A00000000053EF03080200000099540108F5
S315080404B00000000045530108000000006BEF030824
S315080404C0030000001D4101080000000047720108EE
S315080404D0000000001FEF0308070000002D41010873
S315080404E00000000049570108000000009CEE0308BC
S315080404F00100000051470108000000002B720108A2
S31508040500000000007CEF030809000000A15401085C
S31508040510000000006B5301080000000091EF030877
S315080405200A0000002142010800000000595701088A
S3150804053000000000DEEE03080C000000F540010888
S31508040540000000003957010800000000081A0020BE
S31508040550981900202D75002D62002D68000D0A00DB
S315080405602575207061636B657473207472616E738C
S315080405706D69747465642C202575207061636B65D8
S3150804058074732072656365697665642E002050610C
S31508040590636B6574206C6F7373203D20256C752E10
S315080405A0257525252E0020526F756E642D74726983
S315080405B070206D696E2F6176672F6D6178203D20F6
S315080405C025752F25752E253033752F2575206D73C2
S315080405D02E0025783A25783A25783A25783A3A2F16
S315080405E036340025752062797465732066726F6DDA
S315080405F020003A2069636D705F7365713D25752027
S31508040600686C696D3D25752074696D653D25756D44
S3150804061073006E616D653A00286E756C6C29002C42
S315080406202073746174653A25732C2061646472734B
S315080406303A006175746F00696E7374616E63653A26
S31508040640222573222C206E616D653A222573002CAF
S31508040650257300222C2073746174653A25732C2043
S31508040660706F72743A25642C207072696F7269749B
S31508040670793A25642C207765696768743A25640095
S3150804068053525020636C69656E742063616C6C62A6
S3150804069061636B202D206572726F723A2573004868
S315080406A06F737420696E666F3A0053657276696370
S315080406B065206C6973743A0052656D6F76656420BB
S315080406C073657276696365206C6973743A00456E5E
S315080406D061626C6564007C20252A73007C252A2EB9
S315080406E02A73002B00656E61626C65006469736128
S315080406F0626C6500436F6E6E656374696E67207419
S315080407006F2073796E74686573697A6564204950D5
S31508040710763620616464726573733A200025642012
S3150804072062797465732066726F6D200020256420D3
S315080407300053656E64696E6720746F2073796E74EE
S31508040740686573697A6564204950763620616464FD
S31508040750726573733A20002D73002D74003A3A00BB
S315080407602F256400256C75642E00253032753A25CC
S315080407703032753A25303275002E253033750045EA
S31508040780434453410045435F444800454300546F7E
S3150804079041646400416464696E6700546F52656617
S315080407A0726573680052656672657368696E670078
S315080407B0546F52656D6F76650052656D6F76696E16
S315080407C06700526567697374657265640052656D7E
S315080407D06F7665640000000000000000233F0108EE
S315080407E0553E01084B3E0108513F0108813E010868
S315080407F0753E01088E070408940704089B07040835
S31508040800A5070408B0070408B9070408C2070408BA
S31508040810CD070408506C6174666F726D00141C2051
S315080408203040050305040406000601170C081D1DBF
S315080408301708060C0101010101010101061B060046
S315080408400202020404060700040000007F070408E5
S31508040850E7640208716502088F8E0208FD92020891
S3150804086000000000000000001D9502080369020844
S315080408701968020851650208030000008507040880
S31508040880E76402086565020800000000000000002D
S3150804089000000000000000001D9502080369020814
S315080408A01968020851650208020000008B0704084B
S315080408B0E7640208DB6402088F8E0208FD920208C8
S315080408C000000000000000001D95020803690208E4
S315080408D0196802085165020800000000A8080408FF
S315080408E07808040848080408011000240011127145
S315080408F0000000800044400409008003FF06000647
S315080409002573222573220000BC020000102700006C
S3150804091010270000102700001027000010270000E9
S315080409200006020604070607000202020404020778
S31508040930546872656164404000004040808080804D
S315080409400000908868480402020C0C0A010103039B
S315080409500505060700020202040406070A0C0961D3
S315080409602F616500612F616E00612F617100612F2F
S31508040970617200612F617300612F736400612F79BE
S315080409806C00622F626100622F626D7200622F62D0
S315080409907100632F616200632F616700632F6172C0
S315080409A000632F617300632F636100632F6367001D
S315080409B0632F637000632F637300632F646300639C
S315080409C02F657200632F657300632F6A6500632FB2
S315080409D06A6600632F6C6100632F6C7000632F7066
S315080409E06300632F706700632F707100632F707341
S315080409F000632F727800632F746500632F74780080
S31508040A00632F757200632F757400642F6461006424
S31508040A102F646700642F647100642F6472006E2F5C
S31508040A20646E006E2F6472006E2F6D7200000000F3
S31508040A30020203000000030000000000000000009A
S31508040A400000000000000007000800000000000085
S31508040A500000000000000102040500000000000078
S31508040A6000000000000000065F0904086409040881
S31508040A70690904086E09040873090408780904084E
S31508040A807D09040882090408870904088D090408ED
S31508040A9092090408970904089C090408A10904088A
S31508040AA0A6090408AB090408B0090408B50904082A
S31508040AB0BA090408BF090408C4090408C9090408CA
S31508040AC0CE090408D3090408D8090408DD0904086A
S31508040AD0E2090408E7090408EC090408F10904080A
S31508040AE0F6090408FB090408000A0408050A0408A8
S31508040AF00A0A04080F0A0408140A0408190A040846
S31508040B001E0A0408230A0408280A040857180208AF
S31508040B1079180208D14B0208B9180208851B02087D
S31508040B207D1C0208531E020813B779FAC925DDB7D6
S31508040B30ADF3CFE0F1B614B80102000000000000DE
S31508040B40FFFFFFFF02000000010000000000000094
S31508040B500000000000000000000000000000000083
S31508040B600000000000000000000000000000000073
S31508040B700000000000000000CC6200206A09E66755
S31508040B80BB67AE853C6EF372A54FF53A510E527F9C
S31508040B909B05688C1F83D9AB5BE0CD190070726F17
S31508040BA0636573730048616E646C6572004F7065A3
S31508040BB06E5468726561640044656661756C744454
S31508040BC06F6D61696E00526573657420696E666F30
S31508040BD03A203078257820282573290045787465C5
S31508040BE06E64656420526573657420696E666F3A2F
S31508040BF02030782532582028257329002573206D3E
S31508040C006F6465207573696E672025732073746134
S31508040C10636B202825346C7820746F2025346C780F
S31508040C20292C205350203D2025346C780025752026
S31508040C30627974657320757365642028257525257E
S31508040C402920696E20257320737461636B20286FCD
S31508040C507574206F6620257520627974657320740F
S31508040C606F74616C29005350206973206F7574730F
S31508040C7069646520257320737461636B2072616EE1
S31508040C80676521004E6F20696E746572727570749B
S31508040C90732061637469766500496E74657272754A
S31508040CA07074732061637469766520286F72207086
S31508040CB072652D656D7074656420616E6420737445
S31508040CC061636B6564293A005265736574206361D0
S31508040CD07573653A205761746368646F672065782D
S31508040CE070697265642C206E6F2072656C69616226
S31508040CF06C6520657874726120696E666F726D61C1
S31508040D0074696F6E005265736574206361757365E3
S31508040D103A205761746368646F672063617567680E
S31508040D2074207769746820656E68616E63656420EB
S31508040D30696E666F00496E737472756374696F6E53
S31508040D4020616464726573733A2025346C780052A2
S31508040D50657365742063617573653A2041737365B9
S31508040D6072742025733A256C640052657365742081
S31508040D7063617573653A2048617264204661756CCF
S31508040D807400484653522E5645435454424C3A200E
S31508040D906572726F722072656164696E6720766522
S31508040DA063746F72207461626C6520666F72206169
S31508040DB06E20657863657074696F6E004846535291
S31508040DC02E464F524345443A20636F6E66696775EB
S31508040DD07261626C65206661756C7420636F756CEC
S31508040DE064206E6F74206163746976617465004863
S31508040DF04653522E44454255474556543A20666151
S31508040E00756C742072656C6174656420746F2064F3
S31508040E1065627567202D20652E672E2C20657865FA
S31508040E20637574656420424B505400526573657447
S31508040E302063617573653A204D656D6F7279204D2F
S31508040E40616E6167656D656E74204661756C7400C4
S31508040E50496C6C6567616C206163636573732061B3
S31508040E606464726573733A2025346C780043465378
S31508040E70522E257300526573657420636175736514
S31508040E803A20427573204661756C74004164647235
S31508040E90657373206973206F6620616E20696E73AB
S31508040EA07472756374696F6E206166746572206204
S31508040EB07573206661756C74206F636375727265E9
S31508040EC0642C206E6F74207468652063617573657D
S31508040ED02E00434653522E286E6F6E6529206C6F7A
S31508040EE06164206F722073746F7265206174206167
S31508040EF06E20696C6C6567616C20616464726573E5
S31508040F00730052657365742063617573653A205579
S31508040F1073616765204661756C7400526573657400
S31508040F202063617573653A204465627567204D6F61
S31508040F306E69746F72204661756C74002573203D62
S31508040F402030782530386C78257300494143435658
S31508040F50494F4C3A20617474656D707465642069F0
S31508040F606E737472756374696F6E206665746368EC
S31508040F702066726F6D2061206E6F2D6578656375C6
S31508040F80746520616464726573730044414343560F
S31508040F90494F4C3A20617474656D70746564206CAD
S31508040FA06F6164206F722073746F72652061742098
S31508040FB0616E20696C6C6567616C20616464726536
S31508040FC07373004D554E53544B4552523A20756E21
S31508040FD0737461636B2066726F6D206578636570E0
S31508040FE074696F6E2072657475726E2063617573A9
S31508040FF06564206163636573732076696F6C6174D5
S31508041000696F6E004D53544B4552523A20737461BE
S31508041010636B696E672066726F6D206578636570A9
S3150804102074696F6E206361757365642061636365B3
S3150804103073732076696F6C6174696F6E004D4D41E8
S315080410405256414C49443A204D4D415220636F6EE5
S315080410507461696E732076616C6964206661756C67
S31508041060742061646472657373004942555345522A
S31508041070523A20696E737472756374696F6E207060
S315080410807265666574636820636175736564206256
S315080410907573206661756C7400505245434953450F
S315080410A052523A207072656369736520646174618B
S315080410B020627573206661756C7400494D505245FB
S315080410C04349534552523A20696D70726563697390
S315080410D065206461746120627573206661756C7439
S315080410E000554E53544B4552523A20756E737461EB
S315080410F0636B696E67206F6E2065786365707469C3
S315080411006F6E2072657475726E206361757365649B
S31508041110206461746120627573206661756C74005D
S3150804112053544B4552523A20737461636B696E6724
S31508041130206F6E20657863657074696F6E20656EBE
S3150804114074727920636175736564206461746120BF
S31508041150627573206661756C740042464152564145
S315080411604C49443A204246415220636F6E74616981
S315080411706E732076616C6964206661756C7420618F
S3150804118064647265737300554E444546494E535418
S31508041190523A20747269656420746F2065786563B1
S315080411A075746520616E20756E646566696E65641E
S315080411B020696E737472756374696F6E00494E564E
S315080411C053544154453A20696E76616C69642045E6
S315080411D0505352202D20652E672E2C207472696573
S315080411E06420746F2073776974636820746F204170
S315080411F0524D206D6F646500494E5650433A20653A
S315080412007863657074696F6E2072657475726E2082
S31508041210696E7465677269747920636865636B734C
S31508041220206661696C6564004E4F43503A206174C8
S3150804123074656D7074656420746F2065786563756C
S315080412407465206120636F70726F636573736F7260
S3150804125020696E737472756374696F6E00554E41B6
S315080412604C49474E45443A20617474656D707465FB
S315080412706420616E20756E616C69676E6564206DA5
S31508041280656D6F72792061636365737300444956AB
S3150804129042595A45524F3A20617474656D707465A3
S315080412A06420746F206578656375746520534449B2
S315080412B056206F722055444956207769746820640D
S315080412C0697669736F72206F66203000F4620020B5
S315080412D00000000000000100000000007AFF809F63
S315080412E079FF009F73FF809E000000000000000045
S315080412F0FFFFFFFFFFFFFFFFFFFFFFFF99DEF83643
S31508041300146BC9B1B4D22831FFFFFFFFFFFFFFFFFB
S31508041310FFFFFFFFFFFF16A2E0B8F03E13DD2945E5
S315080413205C5C2A3DFFFFFFFF00000000FFFFFFFF94
S31508041330FFFFFFFFBCE6FAADA7179E84F3B9CAC23E
S31508041340FC6325514017040824170408000000000C
S31508041350FFFFFFFFFFFFFFFFFEFFFFFFFFFFFFFF8C
S31508041360FFFFFFFFFFFFFFFFB1B946C1ECDEB8FE82
S3150804137049302472ABE9A70FE7809CE51905216477
S315080413803128D2B4B1C96B1436F8DE99FFFFFFFFD2
S31508041390FFFFFFFFFFFFFFFF1210FF82FD0AFFF4A6
S315080413A00088A143EB20BF7CF69030B00EA88D18B8
S315080413B01148791EA177F973D5CD246BED11106305
S315080413C078DAC8FF952B1907010000000100000010
S315080413D00000000000000000FFFFFFFFFFFFFFFF03
S315080413E0FFFFFFFFFFFFFFFF00000000B4FF5523C8
S315080413F043390B27BAD8BFD7B7B04450563241F54C
S31508041400ABB3040C850A05B43D2A5C5C4529DD1397
S315080414103EF0B8E0A216FFFFFFFFFFFFFFFFFFFF46
S31508041420FFFFFFFF211D5C11D68032342211C256FC
S31508041430D3C1034AB99013327FBFB46BBD0C0EB740
S31508041440347E00859981D5446447075AA07543CDEF
S31508041450E6DF224CFB23F7B5886337BDFFFFFFFFA2
S31508041460FFFFFFFFFFFFFFFF000000000000000072
S315080414700000000001000000FFFFFFFF4B60D227B9
S315080414803E3CCE3BF6B053CCB0061D65BC8698767A
S3150804149055BDEBB3E7933AAAD835C65A512563FC2A
S315080414A0C2CAB9F3849E17A7ADFAE6BCFFFFFFFFCD
S315080414B0FFFFFFFF00000000FFFFFFFF96C298D85A
S315080414C04539A1F4A033EB2D817D0377F240A4635B
S315080414D0E5E6BCF847422CE1F2D1176BF551BF3764
S315080414E06840B6CBCE5E316B5733CE2B169E0F7C37
S315080414F04AEBE78E9B7F1AFEE242E34F554E4B00BA
S315080415004649420042544C0045585400505752002C
S315080415105744470020535700435253004653480044
S3150804152042414400464C540042524F005230005245
S3150804153031005232005233005234005235005236CA
S3150804154000523700523800523900523130005231B5
S31508041550310052313200523133284C5229004D534E
S3150804156050005053500050430078505352004D5386
S315080415705020757365640050535020757365640074
S3150804158043535441434B20626F74746F6D0049434F
S31508041590535200534843535200494E545F414354EF
S315080415A04956453000494E545F41435449564531DE
S315080415B00043465352004846535200444653520089
S315080415C04D4D41522F424641520041465352005214
S315080415D06574300052657431005265743200526580
S315080415E0743300526574340052657435004461746A
S315080415F030004461743100001E000000160000002B
S315080416001A0000005700000001040103030601053F
S31508041610010501090600060B0000070B050B00006F
S315080416200000000000000000000000000100A00205
S315080416300202020264000000B60000006400000012
S315080416400001000000000000000000000000000087
S315080416500B00000064656661756C742E736572769A
S315080416606963652E6172706100DEAD00BEEF00CA63
S31508041670FE78581686FDB4580FB092546AECBD1518
S3150804168066FDDEAD00BEEF00000000002019040868
S31508041690C818040894180408881804088018040844
S315080416A074180408641804085C1804085018040814
S315080416B04018040820180408001804084B0F0408E6
S315080416C08B0F0408781B0408C30F040804100408C5
S315080416D0781B0408781B04083D1004086A100408DB
S315080416E099100408BB100408E11004082011040822
S315080416F0781B0408781B04085A110408871104087F
S31508041700BD110408F811040828120408781B0408F3
S31508041710781B0408781B0408781B04085D1204085F
S315080417208D120408020000000000000000000000FA
S3150804173077DF000877DF0008EFD7000859DF0008CD
S31508041740020000003DEC0008CDFA00086BD700083B
S315080417506DD7000809D8000823D80008000000003F
S3150804176000000000000000000000000000800000E7
S315080417700080000000800000008000000080000057
S315080417800080000001800000018000000180000044
S315080417900180000001800000018000000180000033
S315080417A00180000002800000028000000280000020
S315080417B0028000000380000003800000048000000B
S315080417C004800000058000000680000008800000F0
S315080417D00C8000000F8000000A0000000C000000C6
S315080417E00D000000100000001200000015000000A3
S315080417F0190000001F000000270000003400000044
S31508041800554E4B0055502000525020004150300090
S3150804181041503100415020004450200044454300C3
S31508041820554E4B00485244004D454D004255530011
S315080418305553470044424700444D4100564354001B
S31508041840554E4B004C434B0058544C004F424600EF
S31508041850554E4B0056465900494E4800554E4B00C6
S3150804186041535400554E4B005242540044534C00C5
S31508041870454D3400554E4B00455850004C574D00C5
S31508041880554E4B0048562000554E4B0050494E00C5
S31508041890454D3400554E4B00474F200042544C00EA
S315080418A04241440046544C00465243004F544100BA
S315080418B044534C004241500055504700544D45008E
S315080418C046415500545A4600474F200042544C009E
S315080418D0474F3200474F3300474F3400474F3500D0
S315080418E0474F3600474F3700474F3800474F3900B0
S315080418F0474F4100474F4200474F4300474F440074
S31508041900474F4500474F46004A4D5000424452004F
S315080419105550520042544D004D534D0046544C0008
S31508041920554E4B0065636B65792E51005F7375627E
S31508041930002D2D2D2D2D454E44204543205052492A
S3150804194056415445204B45592D2D2D2D2D002D2D11
S315080419502D2D2D424547494E204543205052495680
S31508041960415445204B45592D2D2D2D2D002D2D2D1A
S315080419702D2D454E442050524956415445204B4539
S31508041980592D2D2D2D2D002D2D2D2D2D4245474913
S315080419904E2050524956415445204B45592D2D2D1C
S315080419A02D2D002A8648CE3D030101007365637018
S315080419B031393272310073656370323234723100F0
S315080419C02A8648CE3D0301070073656370323536AF
S315080419D072310000A319040808000000AC190408B1
S315080419E0AC19040801000000AC1A0408050000003C
S315080419F0B6190408B619040802000000C019040838
S31508041A0008000000C9190408C919040803000000DD
S31508041A1000000000000000000000000000000000B4
S31508041A2000000000505341004B45590000000000D7
S31508041A307AFF80AF79FF00AF73FF80AE09204000BC
S31508041A40000000007BFF80B079FF80B078FF80B18A
S31508041A5076FF00B16CFF00B36BFF00B23506FEB823
S31508041A6023D487120D0A0820080000000500000088
S31508041A700000000000C2010000020000001000007F
S31508041A8000000000000000000000000056000000EE
S31508041A900000015B150000008C1A0408A81A040843
S31508041AA0A41A040801000F0000000F002B8104008B
S31508041AB021005B25735D3A257500FFFFFFFFFFFFD5
S31508041AC0FFFF005B25635D2000252E2A7325733AE4
S31508041AD020004661696C656420746F207365742000
S31508041AE050414E206368616E6E656C20746F2025C4
S31508041AF075207768656E206170706C79696E6720E9
S31508041B00646174617365743A2025730000010101E8
S31508041B100101010101010101010101250107010179
S31508041B200101010101010101010101010107070187
S31508041B30010101010101010101172D2D2D2D2D2D65
S31508041B402D2D2D2D2D2D2D2D004461746173657455
S31508041B504D616E616765720050726F632D547970BA
S31508041B60653A20342C454E43525950544544002A6C
S31508041B70864886F70D01010100727361456E63722A
S31508041B80797074696F6E00525341002A8648CE3DB7
S31508041B9002010069642D65635075626C69634B655F
S31508041BA0790047656E65726963204543206B6579DC
S31508041BB0002B8104010C0069642D656344480045C3
S31508041BC043206B657920666F7220454344480000BC
S31508041BD06F1B040809000000791B0408871B040806
S31508041BE0010000008B1B040807000000931B04086F
S31508041BF0A21B040802000000B11B0408050000002B
S31508041C00B71B0408BF1B04080300000000000000FB
S31508041C1000000000000000000000000000000000B2
S31508041C20505341004B455900323030313A34383636
S31508041C30303A343836303A3A38383838000C0901EC
S31508041C40020304808100000050C30000F22B000048
S31508041C50EE020000EE02000050C3000076160000F3
S31508041C607701000077010000193F010604100100FE
S31508041C700001010600102700000C00000000000007
S31508041C8000000000F5DA0200A41F0000900100001D
S31508041C9090010000E5BF0000282300006B03000044
S31508041CA06B03000002000000C0175302061400006C
S31508041CB0802FA60405380000A00800000000580973
S31508041CC001040706100A01040707C80A00040807DE
S31508041CD0800B00040808380C000409086108000091
S31508041CE000008A0800000000C709010404032C0B3D
S31508041CF001040404920C01040504000050C3000006
S31508041D00E62D0000D0070000D0070000193F0106A1
S31508041D10041001000001010600102700000A000053
S31508041D20000000000000000014000000244992008E
S31508041D3000000000681C0408481C04080000000091
S31508041D40000000000024F40040420F000101F800DE
S31508041D50C224500300000000A41C0408000000006C
S31508041D6000000000000000002B420F0000000000E5
S31508041D70000000000000000000000000140000003D
S31508041D806666660000000000681C0408581C0408FF
S31508041D9000000000000000000048E80180841E00DE
S31508041DA00101F800F147500200000000A41C0408D1
S31508041DB00000000000000000000000007C841E00F3
S31508041DC00000000000000000000000000000000001
S31508041DD0140000001CC77100000000000C1D040854
S31508041DE0841C0408000000000000000000512502BD
S31508041DF040420F000108F600F147100200000000F7
S31508041E00A41C0408000000000000000000000000F4
S31508041E102A420F0000000000000000000000000035
S31508041E2000000000140000001CC771000000000038
S31508041E300C1D0408941C040800000000000000009F
S31508041E400051250240420F000102F600F147100234
S31508041E5000000000A41C04080000000000000000A4
S31508041E60000000002A420F000000000000000000E5
S31508041E700000000000000000140000001CC77100E8
S31508041E80000000000C1D0408FC1C040800000000E7
S31508041E90000000000051250240420F000108F60028
S31508041EA0F147100200000000A41C0408000000000A
S31508041EB000000000000000002A420F000000000095
S31508041EC0000000000000000000000000030A0000F3
S31508041ED0FC4F0103281D04081040010001410000BD
S31508041EE03C4001000000000048400100A007000330
S31508041EF050400100000000005C40010000000000A2
S31508041F0008410100FF4C000054C00700511130007D
S31508041F100E0009E62D000000040506070800000067
S31508041F20D1B6020064350000404007010000505154
S31508041F300000A01110000000000000861FC08100E8
S31508041F400000002000000000644005010000004075
S31508041F50B904F800400800000200000092000400DA
S31508041F6088400F01B7033B00000000E000000000B2
S31508041F700002050D1C2F42536269686053402E1FE8
S31508041F80110A0808080807060504030302020201E1
S31508041F90010101010000000000000000000000002B
S31508041FA01C4101010060B18C38410701BC200AF0CC
S31508041FB0F6625200055B98408E6E82941C784852ED
S31508041FC0893B4000C00300805C410101FFDD00003D
S31508041FD068410701E853FA000000004000000000C9
S31508041FE000000000000000000000000000000000DF
S31508041FF0D0410301000000AAD0000000040012002A
S31508042000E041130100000000FFAB000A5CF10F0079
S31508042010D341020095EDB100197BD80F1208B90413
S31508042020EA1B6D1FC9B7C20A0B203B004306000012
S315080420305962F300727E9600A73D1900D022F13B3F
S31508042040000000A0000000003800000000000000A6
S315080420504C42010108000304684201010100000022
S3150804206038800101C2241000A080020170780300A0
S31508042070D0000000A8800111F0010000A8800131F9
S315080420800542CB01AC800111F0010000AC8001319E
S31508042090053EFD00EC000112E00F0000EC000132E1
S315080420A00C2051518401010200100000FFFFFFFFBC
S315080420B003020000FC4F01037C1D040810400100C4
S315080420C0014100003C4001000000000048400100B6
S315080420D0A007000350400100000000005C40010016
S315080420E00000000008410100FF4C000054C007002E
S315080420F0512130000E000DE62A00000004050607EB
S3150804210008000000D1B6020060050000404007013F
S31508042110000050510000A0211000000000000086B5
S315080421201FC0810000000020000000006440050173
S31508042130000000404902F0004008000002000000C8
S315080421409200080088400F01DA032A00000000E024
S31508042150000000000102071121374B5A67696254CF
S3150804216040291505000000000102030404040303C2
S315080421700303030202020202020101010000000035
S31508042180000000001C41010100B0B18C3841070170
S31508042190BC200AF0B6555200055B98408E6E8294B0
S315080421A0233C4852893B4000C00300805C4101013E
S315080421B0FFDD000068410701E853FA00000000400B
S315080421C000000000000000000000000000000000FD
S315080421D000000000D04103010000AAAAD0000000B4
S315080421E004001200E041130100000000FFAB000ADE
S315080421F05CF10F00D341020095EDB100197BD80FAD
S315080422001208B904EA1B6D1FC9B7C20A0B203B00A2
S31508042210430600005962F300727E9600A73D190032
S31508042220D022F13B000000A000000000400000009E
S31508042230000000004C420101080003046842010141
S315080422400100000038800101F1471000A080020156
S3150804225070780300D5C00000A8800111F0010000C1
S31508042260A88001310542CB01AC800111F0010000C0
S31508042270AC80013105228D00EC000112E00F00004C
S31508042280EC0001320C205111840101020000000007
S31508042290FFFFFFFF03080000FC4F01037C1D040831
S315080422A010400100014100003C400100000000000C
S315080422B048400100A0070003504001000000000048
S315080422C05C4001000000000008410100FF4C0000CA
S315080422D054C00700512130000E000DE62A00000004
S315080422E00405060708000000D1B6020060050000D0
S315080422F040400701000050510000A02110000000D2
S31508042300000000861FC081000000002000000000B5
S3150804231064400501000000404902F000400800003E
S31508042320020000009200080088400F01D7032A0023
S31508042330000000E0000000000002050D1A2D3F50C1
S315080423406068696357463525150D090807060505A6
S315080423500404040303030302020202020101010145
S3150804236001010101010101011C41010100B0B18C07
S3150804237038410701BC200AF0B6555200055B98405F
S315080423808E6E8294233C4852893B4000C0030080E9
S315080423905C410101FFDD000068410701E853FA00CA
S315080423A000000040000000000000000000000000DB
S315080423B00000000000000000D04103010000AAAAA2
S315080423C0D000000004001200E041130100000000E0
S315080423D0FFAB000A5CF10F00D341020095EDB10092
S315080423E0197BD80F1208B904EA1B6D1FC9B7C20AAC
S315080423F00B203B00430600005962F300727E9600E8
S31508042400A73D1900D022F13B000000A000000000FF
S3150804241040000000000000004C42010108000304CB
S31508042420684201010100000038800101F1471000EB
S31508042430A080020170780300FFC00200A880011181
S31508042440F0010000A88001310542CB01AC800111DE
S31508042450F0010000AC800131050A0D00EC00011200
S31508042460E00F0000EC0001320C2051118401010236
S3150804247000000000FFFFFFFF03030000FC4F0103F9
S31508042480D01D040810400100004100003C40010032
S3150804249010000000484001002007000350400100D6
S315080424A0000400005C4001000D0F00000841010013
S315080424B003C0010054C00700511130000E000DE698
S315080424C02A000000080B0C0D0D000000D1B602000E
S315080424D08005000040400701000020700000A0119C
S315080424E010000000300000461FC88100002000309C
S315080424F0008000006440050100000000B904F800EB
S31508042500400800001000000092000A0088400F01ED
S31508042510B703120000000060000000000002050D69
S315080425201C2F42536269686053402E1F110A08081B
S315080425300808070605040303020202010101010152
S315080425400000000000000000000000001C4101011A
S3150804255000302C8C38410701BC200AF049C05100D0
S3150804256001000040B75635120078085009084000A3
S31508042570C00300805C4101010000000068410701B6
S315080425804CD4E83B04190D70080E141A20262C3274
S31508042590383E10325476980A1D6940B4D041030176
S315080425A000000000D000000000000200E041130112
S315080425B000000000E2CFDD2C7EB63A00600919005F
S315080425C05122E2004CB9510E3982A904D8229B291A
S315080425D0E2CFDD2C7EB63A00600919005122E200EA
S315080425E04CB9510E3982A904D8229B29000000004F
S315080425F000000000440000003C3C3C3C4C42010105
S315080426000800000468420101000000003880010146
S31508042610F1471000A080020170380300D0000000C2
S31508042620A8800111F0010000A8800131055AFD01B6
S31508042630AC800111F0010000AC800131053EFD00BB
S31508042640EC000112E00F0000EC0001320C205111DD
S315080426508401010200000000FFFFFFFF03040000DD
S31508042660FC4F0103241E0408104001000041000029
S315080426703C400100100000004840010020170003F8
S3150804268050400100010400005C4001000D0F0000E9
S315080426900841010003C0010054C00700511130006D
S315080426A00E000DE62A000000080B0C0D0D000000B4
S315080426B0D1B60200800500004040070100002070E2
S315080426C00000A01110000000300000461FC8810059
S315080426D0002000300080000064400501000000006E
S315080426E0B904F800400800001000000092000A002F
S315080426F088400F01B70312000000006000000000C4
S315080427000002050D1C2F42536269686053402E1F50
S31508042710110A080808080706050403030202020149
S315080427200101010100000000000000000000000093
S315080427301C41010100302C8C38410701BC200AF0E9
S3150804274049C0510001000040B756351200780850B8
S3150804275009084000C00300805C4101010000000034
S31508042760684107014CD4E83B04190D700A10161C7D
S3150804277022282E343A4010325476980A1D6980A4C9
S31508042780D041030100000000D00000000000020050
S31508042790E041130100000000E2CFDD2C7EB63A00CA
S315080427A0600919005122E2004CB9510E3982A90474
S315080427B0D8229B29E2CFDD2C7EB63A00600919009F
S315080427C05122E2004CB9510E3982A904D8229B2918
S315080427D00000000000000000440000003C3C3C3CB3
S315080427E04C4201010800000468420101000000008F
S315080427F038800101F1471000A080020170380300F7
S31508042800D0000000A8800111F0010000A880013161
S31508042810055AFD01AC800111F0010000AC800131BC
S31508042820053EFD00EC000112E00F0000EC00013249
S315080428300C2051118401010200000000FFFFFFFF74
S3150804284003050000FC4F0103781E0408104001002C
S31508042850004100003C40010000000000484001001F
S315080428602007000350400100000000005C400100FE
S315080428700D0F000008410100FF4C000054C007007A
S31508042880511130000E000DE62A000000080B0C0D4D
S315080428900D000000D1B60200E00400004040070124
S315080428A0000020700000A01110000000000000467F
S315080428B01FC081000000002000800000644005015C
S315080428C000000000B904F8004008000010000000E9
S315080428D09100040088400F01B7031200000000604D
S315080428E0000000000002050D1C2F4253626968604F
S315080428F053402E1F110A080808080706050403038F
S3150804290002020201010101010000000000000000AA
S31508042910000000001C41010100302C8C38410701DD
S31508042920BC200BF049C05100055BA0408E6E829412
S315080429302182485209084000C00D00805C4101010B
S31508042940FFDD0000684107014CD4E83B04190D502B
S31508042950080E141A20262C32383E10325476980A59
S315080429601D0040B4D041030100000000D00000005F
S3150804297004001200E041130100000080E2CFDD2CC0
S315080429807EB63A00600919005122E2004CB9510E8C
S315080429903982A904D8229B29E2CFDD2C7EB63A00D7
S315080429A0600919005122E2004CB9510E3982A90472
S315080429B0D8229B2900000000000000004400000003
S315080429C03C3C3C3C4C4201010800030468420101BA
S315080429D00000000038800101F1471000A0800201C0
S315080429E070380300D0000000A8800111F00100002F
S315080429F0A8800131055AFD01AC800111F0010000DF
S31508042A00AC800131053EFD00EC000112E00F000028
S31508042A10EC0001320C20511184010102000000006F
S31508042A20FFFFFFFFD01E0408809C2B8F80841E00A6
S31508042A30000000002500FF7F30630020000000002E
S31508042A40CC1E040800000000D01E0408809C2B8FAE
S31508042A5080841E00000026002600B700306300208C
S31508042A6000000000CC1E040800000000D01E040864
S31508042A70809C2B8F80841E000000270027008C0072
S31508042A803063002000000000CC1E0408000000008B
S31508042A90B4200408809C2B8F80841E00000000004C
S31508042AA02500FF7F3063002000000000B0200408E2
S31508042AB000000000B4200408809C2B8F80841E002C
S31508042AC0000026002600A000306300200000000055
S31508042AD0B020040800000000B4200408809C2B8F52
S31508042AE080841E00000027002700FF7F3063002033
S31508042AF000000000B0200408000000009822040822
S31508042B00809C2B8F80841E00000000002200FF7F1B
S31508042B10306300200000000094220408000000002E
S31508042B2098220408809C2B8F80841E0000002300B2
S31508042B302300B60030630020000000009422040835
S31508042B400000000098220408809C2B8F80841E00B5
S31508042B500000240024009D003063002000000000CB
S31508042B60942204080000000098220408809C2B8FF5
S31508042B7080841E000000250025007D0030630020A7
S31508042B8000000000942204080000000098220408AB
S31508042B90809C2B8F80841E0000002600260053008C
S31508042BA0306300200000000094220408000000009E
S31508042BB098220408809C2B8F80841E00000027001E
S31508042BC02700FF7F306300200000000094220408D9
S31508042BD0000000007C240408809C2B8F80841E003F
S31508042BE0000000002500FF7F386300200000000075
S31508042BF078240408000000007C240408809C2B8F99
S31508042C0080841E00000026002600B70038630020D2
S31508042C100000000078240408000000007C2404084E
S31508042C20809C2B8F80841E000000270027008C00C0
S31508042C30386300200000000078240408000000001F
S31508042C4060260408809C2B8F80841E0000000000E8
S31508042C502500FF7F38630020000000005C26040876
S31508042C600000000060260408809C2B8F80841E00C8
S31508042C70000026002600B700386300200000000084
S31508042C805C2604080000000060260408809C2B8F3C
S31508042C9080841E000000270027008C00386300206B
S31508042CA0000000005C26040800000000442804080C
S31508042CB0809C2B8F80841E00000000002500FF7F67
S31508042CC038630020000000004028040800000000C3
S31508042CD044280408809C2B8F80841E00000026004C
S31508042CE02600B700386300200000000040280408C6
S31508042CF00000000044280408809C2B8F80841E0052
S31508042D000000270027008C0038630020000000001C
S31508042D1040280408000000000C400100018101005D
S31508042D2020400200000000000100000030400300BB
S31508042D3000000000000000000000000040400200FF
S31508042D40000000000040000060400100010100008E
S31508042D50A840010007000000BC4004000000000071
S31508042D600000000000000000000000000C41030001
S31508042D70FF4C0000FF4D0000FF4D000020C001106D
S31508042D8000F8070020C00130F502280124C001100C
S31508042D90FF00000024C001300013000028C008000A
S31508042DA0EC80B30343754051A00F00F800400000BF
S31508042DB0A8AA0700000000000000000000000000A8
S31508042DC070C00900BA10000000042000041880002E
S31508042DD00B3C2001187C10022FFCE0067F00000043
S31508042DE00000000000000000A8C00500BD4B7215D5
S31508042DF011A3180510325476980A00000000000042
S31508042E00CCC00400010000000000000001000A0014
S31508042E100100280008000101080700001800010144
S31508042E20AAAAAA00200001010060DA005C40020197
S31508042E30000000030000002078400401294176714F
S31508042E40000000008C000C0000000000C4400401CF
S31508042E500000000000000000000000000000000060
S31508042E60E04001010002000010410201331E050082
S31508042E70000000002041020100000000FF0483074F
S31508042E802C410301FF06660CFF0483078813FF031E
S31508042E905841010100000000644101010C010000D1
S31508042EA08441050101010000000000000000000043
S31508042EB00000000000000000A44102010000000018
S31508042EC000000000B04102010000000058923EC014
S31508042ED0BC4103010000000000003C0069900600A4
S31508042EE02C420301601800400000000000000000A6
S31508042EF03C420101000000004442010114000000A4
S31508042F008042020100000000810000009842050189
S31508042F103F000002FFFF0000FFFF0000FF03000060
S31508042F20FFFF0000B44201010000000030430A011B
S31508042F3040002001A0000000085000011F1F1F1FA9
S31508042F401F1F1F1B18151311100E0D0C45C1872FB3
S31508042F5000000000000000001080010103000000CA
S31508042F603C80010101000000B08002010003000258
S31508042F70370000019C000102000C0004D80003027B
S31508042F80050040AA88010000C0000000F000010204
S31508042F902B0100001001011200FF0F00100101327D
S31508042FA0020000315001011200C001005001013233
S31508042FB0C100A2007401010269811B0C7801011287
S31508042FC000001C00780101321004E0CF80010112D0
S31508042FD0790700008001013202000000880101021D
S31508042FE050000000FFFFFFFFED170000ED1700007B
S31508042FF0F40100000000000002000000C01753029C
S3150804300006140000802FA60405380000A008000056
S315080430100000580901040706100A01040707C80A2C
S3150804302000040807800B00040808380C0004090883
S315080430306108000000008A0800000000C7090104AE
S3150804304004032C0B01040404920C01040504000077
S31508043050E1190000E1190000F40100000000000075
S31508043060193F01060410010000010106001027009B
S315080430700009000000000000000000001400000021
S3150804308066666600000000006030040850300408D4
S31508043090000A000000000000005A620280841E0034
S315080430A00420F800F147500200000000F82F040835
S315080430B000000000000000000000000062841E00FA
S315080430C000000000000000000000000000000000EE
S315080430D014000000666666000000000060300408FC
S315080430E050300408000B000000000000005A620279
S315080430F080841E000420F800F147500200000000F6
S31508043100F82F04080000000000000000000000007A
S3150804311062841E0000000000000000000000000099
S315080431200000000014000000666666000000000047
S3150804313060300408E82F04080000000000000000BE
S31508043140005A620280841E000420F600F1475002E9
S3150804315000000000F82F040800000000000000002A
S315080431600000000062841E00000000000000000049
S31508043170000000000000000005010000FC4F0103E8
S315080431802431040820C0011000F8070020C00130CB
S315080431901402280124C00110FF00000024C00130D5
S315080431A00043000044C001002E02000068C002006B
S315080431B0D1B60200C0060000D0C00100000000001D
S315080431C04C40030120F9130407006200387000001C
S315080431D0604002010068010F40B8244080400101A4
S315080431E0236300008C40020100800060BE0A0000D0
S315080431F020410101590B00003841010190200AF0D1
S315080432005C410101001E00006C410B0100140CC056
S31508043210141A21282E343B42495043557698BA0C41
S3150804322023730000010100001721286414171A00EB
S315080432302004C87DA1203A09A841010129000000FB
S315080432403C42010100000000804202010000000027
S3150804325081000000A0420301FFFF0000FF030000F5
S31508043260FFFF0000B44201010000000030430301DF
S3150804327040002001A0000000085000014C43010151
S3150804328045C1872FFFFFFFFF050E0000050200005A
S31508043290FC4F0103D030040820C0011000F80700D1
S315080432A020C00130FE01280124C00110FF000000DF
S315080432B024C001300014000044C0010000000000CE
S315080432C068C0020088C6020000050000D0C00100DC
S315080432D0A10000004C40030120FB130407C0420070
S315080432E0000000006040020100000028008002007F
S315080432F0804001015A01A0088C40020100000060C8
S3150804330000000000204101010000000038410101CD
S31508043310BC200AF05C410101031000006C410B015A
S31508043320000000400000000000000000000000004B
S315080433300000000000000000010100000000000079
S31508043340000000000000000000000000A841010180
S31508043350000000003C420101120100008042020103
S315080433600100094001081000A04203010000E80317
S315080433700002000000001000B44201010000C00071
S3150804338030430301410040024001AC0450B000013F
S315080433904C4301015D280F2DFFFFFFFF050A0000BE
S315080433A0FC4F0103D030040820C0011000F80700C0
S315080433B020C00130FE01280124C00110FF000000CE
S315080433C024C001300014000044C0010000000000BD
S315080433D068C0020088C6020000050000D0C00100CB
S315080433E0A10000004C40030120FB130407C042005F
S315080433F0000000006040020100000028008002006E
S31508043400804001015A01A0088C40020100000060B6
S3150804341000000000204101010000000038410101BC
S31508043420BC200AF05C410101031000006C410B0149
S31508043430000000400000000000000000000000003A
S315080434400000000000000000010100000000000068
S31508043450000000000000000000000000A84101016F
S31508043460000000003C4201011201000080420201F2
S315080434700100094001081000A04203010000E80306
S315080434800002000000001000B44201010000C00060
S3150804349030430301410040024001B40550B0000125
S315080434A04C4301015D280F2DFFFFFFFF05090000AE
S315080434B0FC4F01032431040820C0011000F807005A
S315080434C020C001301402280124C00110FF000000A6
S315080434D024C001300043000044C001002E0200004D
S315080434E068C00200D1B60200C0060000D0C00100C0
S315080434F0000000004C40030120F913040700620091
S3150804350038700000604002010068010F40B824408A
S3150804351080400101236300008C40020100800060A2
S31508043520BE0A000020410101590B0000384101017F
S3150804353090200AF05C410101001E00006C410B0159
S3150804354000140CC01A20272E343A41484F565466A4
S3150804355087A9CB0D237300000101000017272E6AE3
S3150804356014171A002004C87DA1203A09A8410101AC
S31508043570290000003C4201010000000080420201CB
S315080435800000000081000000A0420301FFFF0000C4
S31508043590FF030000FFFF0000B44201010000000021
S315080435A03043030140002001A00000000850000138
S315080435B04C43010145C1872FFFFFFFFF7C310408F7
S315080435C04063598F404B4C000B000B001A00FF7FD9
S315080435D04063002000000000783104080000000061
S315080435E0000000004063598F404B4C000B000B0051
S315080435F01A00FF7F40630020000000008832040898
S31508043600000000000C400200018014007F40000006
S3150804361020400200000000000000000030400700BF
S315080436200000000000000000000000000000000088
S315080436300000000000400000A007000350400100FD
S31508043640000000005C4002000000000000000000CA
S31508043650A840010007000000BC4004000000000068
S3150804366000000000000000000000000008410400FB
S3150804367000400000FF4C000000410000FF4D000020
S3150804368020C0011000F8070020C00130FE012801FF
S3150804369024C00110FF00000024C0013000140000FB
S315080436A028C00800EC80B30343754051A00F00F806
S315080436B000400000A8AA070000000000000000005F
S315080436C00000000054C0100051313000070007E61E
S315080436D015000000040606070700000088C6020055
S315080436E000050000BA100000000420000418800039
S315080436F00B3C2001187C10022FFCE0067F0000001A
S315080437000000000000000000A8C00500BD4B7215AB
S3150804371011A3180510325476980A00000000000018
S31508043720CCC0040001000000A100000001000A004A
S31508043730010028000800010104070000180001011F
S315080437400000000020000101088400004040250113
S3150804375000000000000000001000000020FB130415
S3150804376007C042000000000000000000000000033B
S315080437700000002020B802004902F00041080000B9
S3150804378002000000B0070800A700000000000000BF
S315080437905A02A0089BC34A74F0030F000000006095
S315080437A0000000000101103050707F7F0000000007
S315080437B000000000000000000000000000000000F7
S315080437C000000000000000000000000000000000E7
S315080437D000000000000000000000000000000000D7
S315080437E000000000E040010100020000104102014F
S315080437F0731E0500000000001C4103010090C28BE3
S3150804380011010000FF0483072C410A01FF06660C18
S31508043810FF0483078813FF03BC200AF0F8545200F8
S3150804382000000000B756351200000050803B000027
S3150804383000000000584102010000000003100000C7
S3150804384064410D010C010000E853FA000000004031
S315080438500000000000000000000000000000000056
S315080438600000000001010000000000000000000044
S315080438700000000000000000A4410201000000004E
S3150804388000000000B0410201000000000000200012
S31508043890BC4103010000000000003C0069900600DA
S315080438A0D041030100000000D0000000000002001F
S315080438B0E041160100000000DE635E36BF6F0700B4
S315080438C06FEA1600E530CE00B2B9D90E4B849404DB
S315080438D05A1FA924DE635E36BF6F07006FEA160017
S315080438E0E530CE00B2B9D90E4B8494045A1FA924E4
S315080438F000000000000000002C00000007EE7536EA
S315080439006018000000000000000000003C420101AD
S315080439101201000044420101140000004C42010156
S315080439200800000468420101000000008042020108
S315080439300100094001081000984205013F000002F1
S31508043940FFFF00000000E80300020000000010006A
S31508043950B44201010000C00030430A01400040029D
S315080439604001AC0450B000011F1F1F1F1F1F1F1B5F
S3150804397018151311100E0D0C5D280F2D00000000EC
S3150804398000000000108001010300000038800201D5
S31508043990F1471000010000009C800301EB4002007F
S315080439A0D5C00000D5C00000A8800111F0010000B0
S315080439B0A880013105228D00AC800111F0010000B8
S315080439C0AC80013105228D00B08002013F00000160
S315080439D0370000019C000102000C0004D800030211
S315080439E0050040AA88010000C0000000EC0001128E
S315080439F0E00F0000EC0001320C205111F000010226
S31508043A002B0100001001011200FF0F001001013202
S31508043A10020000315001011200C0010050010132B8
S31508043A20C100A2007401010269F11F0C7801011298
S31508043A3000001C00780101321004E01F8001011205
S31508043A407907000084010202000000004800000013
S31508043A50FC4F01037C300408FFFFFFFF9032040883
S31508043A604063598F404B4C000B000B001A00FF7F34
S31508043A7040630020000000008C32040800000000A7
S31508043A80A03304084063598F404B4C000B000B00CD
S31508043A901A00FF7F40630020000000009C330408DE
S31508043AA000000000B03404084063598F404B4C00B2
S31508043AB00B000B001A00FF7F406300200000000083
S31508043AC0AC340408000000000C4002000180140015
S31508043AD07F400000204002000000000000000000B3
S31508043AE0304007000000000000000000000000004D
S31508043AF0000000000000000000400000A0070003CA
S31508043B0050400100000000005C4002000000000074
S31508043B1000000000A840010007000000BC400400A3
S31508043B200000000000000000000000000000000083
S31508043B300841040000400000FF4C0000004100005A
S31508043B40FF4D000028C00700EC80B30343754051BD
S31508043B50A00F00F800400000A8AA07000000000013
S31508043B600000000054C00500513130000E000DE677
S31508043B702A000000080B0C0D0D00000070C0090097
S31508043B80BA10000000042000041880000B3C200131
S31508043B90187C10022FFCE0067F00000000000000DD
S31508043BA000000000A8C00500BD4B721511A3180536
S31508043BB010325476980A000000000000CCC00100B8
S31508043BC001000000D4C0020001000A000100280018
S31508043BD008000101040700001800010100000000A4
S31508043BE02000010108840000404003010000000091
S31508043BF00000000010000000584002010000000008
S31508043C0000000003684006014902F000410800006C
S31508043C1002000000B0070800A7000000000000002A
S31508043C20844002019BC34A74F0030F0094401001B8
S31508043C300101103050707F7F000000000000000072
S31508043C400000000000000000000000000000000062
S31508043C500000000000000000000000000000000052
S31508043C600000000000000000000000000000000042
S31508043C70E04001010002000010410201331E050064
S31508043C80000000001C4101010090C28B244101017F
S31508043C90FF0483072C410301FF06660CFF04830710
S31508043CA08813FF033C410601F85452000000000043
S31508043CB0B756351200000050803B00000000000093
S31508043CC05841010100000000644102010C01000092
S31508043CD0E853FA00A441010100000000B0410201C2
S31508043CE00000000000002000BC41030100000000A1
S31508043CF000003C0069900600D04103010000000062
S31508043D00D000000000000200E04116010000000097
S31508043D10DE635E36BF6F07006FEA1600E530CE0035
S31508043D20B2B9D90E4B8494045A1FA924DE635E36AD
S31508043D30BF6F07006FEA1600E530CE00B2B9D90E98
S31508043D404B8494045A1FA9240000000000000000B4
S31508043D502C00000007EE75366018004000000000CD
S31508043D600000000044420101140000004C42010115
S31508043D70080000046842010100000000984202019C
S31508043D803F000002FFFF00003C4304011F1F1F1FE2
S31508043D901F1F1F1B18151311100E0D0C504302017B
S31508043DA0000000000000000010800101030000006C
S31508043DB038800201F1471000010000009C800301CD
S31508043DC0EB40020070780300D5C00000A8800111FA
S31508043DD0F0010000A88001310542CB01AC80011135
S31508043DE0F0010000AC80013105228D00B08002018B
S31508043DF000030002370000019C000102000C0004C5
S31508043E00D8000302050040AA88010000C00000008B
S31508043E10EC000112E00F0000EC0001320C205111F5
S31508043E20F00001022B0100001001011200FF0F002F
S31508043E3010010132020000315001011200C00100D4
S31508043E4050010132C100A2007401010269811B0CF0
S31508043E507801011200001C00780101321004E0CF39
S31508043E608001011279070000800101320200000076
S31508043E70840102020000000050000000FFFFFFFF5B
S31508043E8002000000C017530206140000802FA6047F
S31508043E9005380000A00800000000580901040706B8
S31508043EA0100A01040707C80A00040807800B00045F
S31508043EB00808380C000409086108000000008A088C
S31508043EC000000000C709010404032C0B01040404C0
S31508043ED0920C010405040000DBD61000DBD61000A2
S31508043EE020A1070000000000193F01060410010084
S31508043EF000010002020000000005000101000000A4
S31508043F00000000001400000000000000000000008B
S31508043F10E83E0408D83E040800000000000000003B
S31508043F2070305E01E80300000102F2003304100356
S31508043F3000000000803E04080000000000000000A5
S31508043F4000000000D0070000000000000000000088
S31508043F50000000000000000000000000000000004F
S31508043F608008089240420F00000000000000FF7F0E
S31508043F704863002000000000583F040800000000C1
S31508043F800C4002000000000000400000204002002F
S31508043F900F00000000000000304007000000000089
S31508043FA000000000000000000000000000000000FF
S31508043FB00040000000070003504001000000000014
S31508043FC05C4002000000000000000000A840010058
S31508043FD007000000BC4004000000000000000000C8
S31508043FE0000000000000000008410400FF40000033
S31508043FF000000000FF4100000000000020C001107E
S3150804400000F8070020C001300001280124C001106F
S31508044010FF00000024C001300013000028C0080077
S31508044020EC80B30343754051A00F00F8004000002C
S31508044030A8AA070000000000000000000000000015
S3150804404054C0100051213000F400E3E6A3540000E4
S3150804405086B7CFDCE300000088C6020040070000EC
S31508044060BA10000000042000041880000B3C20014C
S31508044070187C10022FFCE0067F00000000000000F8
S3150804408000000000A8C00500BD4B721511A3180551
S3150804409010325476980A000000000000CCC00400D0
S315080440A0010000000000000001000A0001002800C9
S315080440B0080001014407000018000101000000007F
S315080440C02000010101A00000404025010000000075
S315080440D000000000100000009101000001C0020663
S315080440E0003000000000000000000003000000206B
S315080440F0000000004272060041080000F0070400B0
S315080441001000000000000000000000000000AC08D9
S31508044110000000001C030F000000006000000000FF
S31508044120000000000000000000000000000000007D
S31508044130000000000000000000000000000000006D
S31508044140000000000000000000000000000000005D
S31508044150000000000000000000000000000000004D
S31508044160E04001010002000010410201331E05006F
S31508044170000000001C4103010010568B00000000DB
S31508044180FF0483072C410A01FF06660CFF04830714
S315080441908813FF03BC200AF05633500000000000C1
S315080441A0B756351200000050803B0000000000009E
S315080441B058410201000000000000000064410D019E
S315080441C00C010000E853FA0000000040000000005B
S315080441D000000000000000000000000000000000CD
S315080441E001010000000000000000000000000000BB
S315080441F000000000A44102010000000000000000C5
S31508044200B04102010000000000002000BC41030187
S315080442100000000000003C0069900600D04103013C
S31508044220000000001000000000000200E041160132
S3150804423000000000E6E7FF0BCDA10A00BD066A00F0
S315080442405EB04D007D02420EA5B62202FF25B234A9
S31508044250E6E7FF0BCDA10A00BD066A005EB04D0075
S315080442607D02420EA5B62202FF25B23400000000E4
S31508044270000000000500000000000000601800406F
S3150804428000000000000000003C420101000000009C
S3150804429044420101140000004C42010108000004D4
S315080442A0684201010000000080420201000000008B
S315080442B081000000984205013F000002FFFF00004C
S315080442C0FFFF0000FF030000FFFF0000B4420101E6
S315080442D00000000030430A0140002001A00000004D
S315080442E0085000011F1F1F1F1F1F1F1B181513111E
S315080442F0100E0D0C45C1872F0000000000000000B9
S315080443001080010103000000388002013304100004
S3150804431001000000A080020170780300D0000000AC
S31508044320A8800111F0010000A88001310542CB01E3
S31508044330AC800111F0010000AC800131053EFD009E
S31508044340B080020100030002370000019C0001024C
S31508044350000C0004D8000302050040AA88010000E6
S31508044360C0000000EC000112E00F0000EC0001326E
S315080443700C205151F00001022B010000100101121A
S3150804438000FF0F0010010132020000315001011232
S3150804439000C0010050010132C100A20074010102EB
S315080443A069811B0C7801011200001C007801013296
S315080443B01004E0CF80010112790700008001013260
S315080443C002000000840102020010000050000000F0
S315080443D0FC4F0103043F0408FFFFFFFF182D0408E0
S315080443E000000000242A040803000000000000005E
S315080443F0C0175302DC430408182D04080000000003
S31508044400902A04080300000000000000C0175302A5
S31508044410F8430408182D040800000000FC2A0408C0
S315080444200600000000000000C017530214440408E4
S315080444300000000000000000182D04080000000019
S31508044440D42B04080300000000000000C017530220
S3150804445038440408182D040800000000402C0408F9
S315080444600300000000000000C01753025444040867
S31508044470182D040800000000AC2C040803000000F2
S3150804448000000000C017530270440408C83A040820
S3150804449000000000BC35040801000000000000000C
S315080444A0C01753028C440408C83A040800000000E4
S315080444B05C3A04080100000000000000C01753021B
S315080444C0A84404080436040800000000E03504087B
S315080444D00100000000000000C0175302C444040889
S315080444E0C83A040800000000A43A040801000000C1
S315080444F000000000C0175302E0440408C83A040840
S3150804450000000000803A04080100000000000000D2
S31508044510C0175302FC440408803F04080000000046
S315080445205C3F04080100000000000000C0175302A5
S3150804453018450408010020202020202020202028B7
S315080445402828282820202020202020202020202039
S315080445502020202020208810101010101010101071
S3150804456010101010101004040404040404040404B1
S315080445701010101010101041414141414101010130
S315080445800101010101010101010101010101010109
S315080445900110101010101042424242424202020216
S315080445A002020202020202020202020202020202D9
S315080445B00210101010200000000000000000000087
S315080445C000000000000000000000000000000000D9
S315080445D000000000000000000000000000000000C9
S315080445E000000000000000000000000000000000B9
S315080445F000000000000000000000000000000000A9
S315080446000000000000000000000000000000000098
S315080446100000000000000000000000000000000088
S315080446200000000000000000000000000000000078
S31508044630000000000000303132333435363738395B
S3150804464041424344454600303132333435363738EF
S315080446503961626364656600232D302B2000686C1B
S315080446604C0065666745464700000000F15003089C
S3150804467039510308E5500308455103082D51030829
S3150804468079CC0308B7CC0308D9CC0308FBCC0308B8
S315080446901DCD03080D610308BD600308C96003083E
S315080446A0B961030823CF0308B3C80308B7C80308C6
S315080446B0BBC80308BFC80308C3C803080000000032
S315080446C0C0010000F04C0020FFFFFFFFFFFFFFFFC3
S315080446D0FFFFFFFFFFFFFFFFFFFFFFFFFFFFFFFFD8
S315080446E0FFFFFFFFFFFFFFFF000210005C5E0020D4
S315080446F0B04E00200000020800000000FFFFFFFF84
S31508044700FFFFFFFFFFFFFFFF00000000000000009F
S315080447100000000000000000000000000000000087
S31508044720155D0308F95C0308019C0308359E030814
S31508044730699D030820C001B80000000100000101BA
S31508044740000101010001000001020203000000004B
S3150804475000000000FFFFFFFFFFFFFFFFFFFFFFFF53
S31508044760FFFFFFFFC8C8C8C8C8C8C8C8C8C8C8C8DB
S31508044770030404080808080800B801B802B800B019
S3150804478003040408080500000000000000000000F7
S315080447900000000000000000040008007C0031004E
S315080447A03B001B006439000080030000E83C00005D
S315080447B004000000343E0000040000006C340000CD
S315080447C0F8040000E43C000004000000303E000049
S315080447D003000000000000006C340000EC3C0000FC
S315080447E001000000383E000037000000E93B0000E5
S315080447F06D340000010000000006800F7047FB219D
S31508044800890109684143880B704793480068010485
S31508044810C80F704730B5002083490A6800238F4CB7
S31508044820521C6568AA4200D322681578AD06AD0EF7
S315080448309D40054328009B1D1E2BF1D30A6030BDFD
S3150804484085480168090408D585490A68764B1A60BB
S315080448504A68C2618868B24908607047F3B583B08C
S315080448601700C006000E00901038912833D2FFF7BF
S31508044870CCFF00282FD000267A4C01250398FFF791
S31508044880BBFF002802D0022803D003E02068284092
S3150804489000D001260197744F04980C21615E4018D4
S315080448A00E21615E4018FFF7AAFF01994018386087
S315080448B0049800994018FFF7A2FF019940187860F8
S315080448C0C020800169490860300369490860FCF71B
S315080448D0FFFE9448057005B0F0BDFEB5654B664D00
S315080448E0C02080040290F02000050190186902286F
S315080448F005D228680199014002988142F0D08A4875
S315080449000068C01C8949014389480160894A8A4C60
S315080449100421A068084204D0187D8006C10F490006
S3150804492023E00226304022D01869042805D22F68CD
S3150804493001983840029FB842F6D0187D0007000F48
S31508044940072814D1587D022811DD987D8006800E2B
S3150804495002280CDBD87D009007460F4207D0C00713
S3150804496000D50A21374200D0891D00290BD1734886
S315080449706F4908600020186080218902704B19600D
S3150804498010602061F7BD481C1E69864205D22F684F
S31508044990019E3E40029FBE42F6D06A48405C0090A3
S315080449A020610098C000F821014002D08020C0048C
S315080449B0186065480668012E00D1490059602168C7
S315080449C000291DD15A490B682026A65F36039B0584
S315080449D09B0D33430B6001261660022191600099F2
S315080449E0890909D10068002801D1182000E01A2095
S315080449F0225E0098FFF732FF207A000700D426606B
S31508044A00F7BD4B484D49016000211A4A11608022BE
S31508044A1092024B4B1A60474A11604C4A0261426142
S31508044A204048017070470000343E0000062048499B
S31508044A300860002047490860F0210901464A1160C8
S31508044A4080214900454A11600749404A0A604A607C
S31508044A503449087070470000C04101A8983E000018
S31508044A60A03E0000BC3E0000C84101A8C06101A8E0
S31508044A70C05101A8C44000A80C0002A830B581B0F2
S31508044A800400A00314D530480068002801D1162074
S31508044A9000E00C20FEF7B8FA3148806E0007C10F13
S31508044AA030480170082030490860C003244908606A
S31508044AB02E4D2868000406D5FFF7ACFEE861FFF71B
S31508044AC0A9FE17490860A00727D58020C0021C49FB
S31508044AD00860FCF720FE00281FD0254A1068C0B2DB
S31508044AE0002802D00621234B1960810915D01C49D8
S31508044AF00B68012BFBD949680905090D091DC9006D
S31508044B00114B1B68012B00D14908002B01D118232E
S31508044B1000E01A23D25EFFF7A1FE01B030BD000003
S31508044B205C4201A86E3E0000204000A800F0FF3F4A
S31508044B30B84101A8044003A8B43E0000FFF3FF3FB0
S31508044B40106001A8D84000A8843F0000FFFF0300B6
S31508044B50006401A8504000A80C6000A80C5000A8E6
S31508044B601C4000A8EC3C0000846000A8C04101A8D1
S31508044B70B83E0000005401A870B50822804B1A609C
S31508044B80804B1B68DC0302D50020088070BD0C88A6
S31508044B900019401E00787C4DA870641C0C804507DB
S31508044BA06D0F052D05D8794E3668F60603D5022D00
S31508044BB00DD0032070BD9604AE401E4001D10820D6
S31508044BC070BD052D03D1104201D1641E0C80AA487C
S31508044BD04860002070BDF3B582B008886C4909782E
S31508044BE0491CC9B2814204D202990918491E097896
S31508044BF000E00021644A517093785B075B0F0193C8
S31508044C003023019C052C28D1194232D19478E50821
S31508044C101E242C40CD0702D5250001242C4301254A
S31508044C20A14EE6402E4072D0019FA04EE641402494
S31508044C3026403E434C0602D5340020262643947863
S31508044C4089080D40A7080C2139402943C025254069
S31508044C500D4320212943967051704A490C685578AA
S31508044C60022123262E4008D0660302D52B40202B8A
S31508044C7001D0052082E0424B196093789B0601D443
S31508044C80202203E09278120702D540223C4B1A6090
S31508044C903D4A92786B461A70C022854B1E680E40B0
S31508044CA001D1154212D06E46377827263E40232E68
S31508044CB003D1E60207D4012606E0252E03D0212EC9
S31508044CC004D1260302D504262D4F3E601B681940DD
S31508044CD02026019F002F1CD11E4027D02A4B5B7823
S31508044CE01A40402A13D00C221A40042A0FD02A0745
S31508044CF03BD40122002902D0E100CB0F5A40694671
S31508044D000978CB07DB0F1A422FD021012AD40720B2
S31508044D1034E0022FE2D11E4008D00029DED1CC238C
S31508044D202B4003D16B461B785B0601D5032025E08F
S31508044D30A30311D59C4E73691B051B0D5B1C3668B2
S31508044D40F60205D5994E36683607B60F9B1B5B1EC9
S31508044D509BB2052B04D1C1E7029B1B78052BBDD05A
S31508044D6006200BE08021064A1160E90702D4401C9C
S31508044D7003990880AB4803994860002004B0F0BD45
S31508044D804C1002A8D83E0000303E0000480002A895
S31508044D904C3E0000F2B586494978CA0705D4009AFC
S31508044DA012888018401E037800E000239E4A106883
S31508044DB002249E4D2E68F60611D512695340DBB2BD
S31508044DC0002B03D16E68D30973402340002B03D00C
S31508044DD0020204D40A20F2BDE206954E3260744AF1
S31508044DE01E02C0230B403343914E336093785E070B
S31508044DF0760F022E06D16D682C4003D10020009947
S31508044E000880F2BDA0250D409E08102737402F4381
S31508044E103D090E0702D42E0010253543CC240C4038
S31508044E201A262E400A2E04D1CC2C02D02E00FD259B
S31508044E303540804EEE40F60705D4000416D5412BBE
S31508044E4010D1082912D17C48E84011210140214398
S31508044E502020084310700D210140009808D000F066
S31508044E60A9F8F2BD0B2B01D10029ECD00720F2BD1D
S31508044E7000F020F8F2BD0000CB34000038B50C0071
S31508044E806E490B781A0953399500491925881B0761
S31508044E901B0FEB1A9A1A8018FEF755FD010002D16A
S31508044EA0200000F007F832BDF300A3E39814406825
S31508044EB04C0002A8F8B50400614805683C4F3878E8
S31508044EC0D026304202D00D21014005D008205D4984
S31508044ED00860EF20FEF7F5FC39782000314204D04B
S31508044EE00909397000F066F8F2BD052129401FD07A
S31508044EF002884D49CA60544BEC0705D5521C0280FA
S31508044F00690607D4514B05E043242C40422C03D1AF
S31508044F10521C028043600DE010224A4B1A604C4A28
S31508044F2009688B00DB0F19011163802109031160DD
S31508044F30002101800020F2BD0A888018401E0078EE
S31508044F40830601D4121D0A801822024004D0088858
S31508044F5052088018C01E088039480068C00702D560
S31508044F600888401C08803948486000207047344A3D
S31508044F701368DB0708D51268920705D40A888018CF
S31508044F80401E007804280CD110202E4A10603048A0
S31508044F90254A12689300DB0F1A0102638022120362
S31508044FA002600020088070470C4000A8080001A889
S31508044FB0303E000031B581B0264900200090082211
S31508044FC0254B1D7802230C24254202D100222349AD
S31508044FD003E02C40082C00D10222EC0703D50C0070
S31508044FE01E21614000931D4207D015490968090628
S31508044FF001D51B4901E00021C943019B194C2160D5
S315080450001949FF248C70009C15012543CD7008703E
S315080450101888009940188018188014485860002089
S3150804502036BD000089360000D83E0000480002A8B4
S31508045030481002A80D0F0C0D07170850633F00000F
S315080450404C0002A84C2002A82D3800006338000042
S315080450501C1002A8DE1B2501303E00002084100027
S3150804506000FCFF010C3F0000603F000071370000A0
S31508045070303E000039340000513400005134000039
S31508045080513400005134000051340000000000007F
S315080450900000000000000000000000005134000079
S315080450A051340000513400003D2B000051340000F7
S315080450B06F2C00007F2C0000B52D0000172E000071
S315080450C0A12E000025300000D12E0000D5300000A6
S315080450D0292F0000752F0000ED2F00008D320000E7
S315080450E085330000412C00002F280000D52300003A
S315080450F051340000D528000051340000152A000058
S31508045100D92900005134000051340000552A000002
S315080451105134000051340000513400005134000069
S3150804512051340000513400004512000035120000C5
S3150804513000000000000400080214021803240000FA
S3150804514049488068000200D4704780B580208002F0
S31508045150AB490860CF2000F053FA01BDF8B5894879
S315080451600068894C802292032260884E31680905BA
S315080451701DD5110BA023034001D0216017E002407E
S315080451803FD18027824A1760824A1760084038D080
S31508045190354D287A400705D501207F490860000265
S315080451A07E4908602878002801D0062801DB0020FB
S315080451B0F2BD00F07BFB716889684E682978052979
S315080451C007D1B905A1606E60B668CC218901734A16
S315080451D0116000F074FB012E00DA0226BC2080055B
S315080451E08849086094208005874908606848002132
S315080451F0C94301647142416484490F6040210160D6
S31508045200D5E783480160FFF79BFF0120F2BD5D489F
S315080452100168890504D5C06E0004000F022801D070
S31508045220002070470120704738B580245848046028
S3150804523000F03CFB05007748006800F06DF928008B
S3150804524000F03DFBFFF77CFF0748007A000705D509
S31508045250A0004D49086000F041FC31BD60036C496B
S315080452600860AC48046031BD383E0000FEB5050050
S31508045270CC20800168494860012668480660FFF723
S31508045280C6FF00287DD0664C2078002879D03102E4
S315080452900195052802D02A460A4072D1CC27BF01B7
S315080452A05D4A17608D4A126881231B02134001D098
S315080452B0032301E053075B0F022805D1022B5ED3B3
S315080452C0080136490860F7BD4D01032804D1022BAD
S315080452D055D932480560F7BD042802D111404ED08D
S315080452E0F7BD05284BD10198002848D0C005C10F41
S315080452F0684641700198C004C10F6846017000F001
S31508045300D5FA0290606869464978002903D0066888
S315080453108021204A11602C0486496A461278002A9C
S315080453200CD0C2680B68D21A834B1B68234001D081
S31508045330066800E04668964200DD1600684640782E
S315080453406A461278024308D008684242B01E82426E
S3150804535002DA7042886000E00026029800F0AFFA8C
S315080453600198800501D5974804600198054001D045
S3150804537095480460002E02D008480760F7BDFFF779
S3150804538053FFF7BD440002A8442002A8D83E0000F3
S315080453900CC001A890E001A8C4D000A8145001A824
S315080453A038B580248948046001201C4908601C4DCE
S315080453B02878052802D0600085490860FFF727FF8A
S315080453C0002812D013480068000A80214140A868C2
S315080453D0000EC9B2814208D2404800684007400F0F
S315080453E0022802D2FFF720FF31BD7A480168C0229D
S315080453F00A4002D1C06F204001D00448046031BD80
S315080454001C1002A808E001A808D001A894D001A895
S31508045410441002A818C000A8106001A8C4E000A897
S31508045420383E0000F1B582B00F00A020384003D002
S315080454308020800069494DE000F038FA00906648FB
S315080454400468F80202D5A0680069029000F0B1FB6E
S3150804545080210903606800F07DF926780020761C0F
S315080454606178B14200D200261821714365180C35BB
S3150804547029780829F3DA2670A56059492A780A7022
S31508045480BA0507D5544800688068C068FA0201D48A
S315080454900322904388600127384003D100F094FC26
S315080454A001F0E0F8F904686900F054F93C2000F0CA
S315080454B0A7F8F0B200F0A4F860884A490140618070
S315080454C0009800F0FCF93805444908604648076026
S315080454D03802464908600298FEBD0000184001A833
S315080454E010B543480068800501D4FE2010BDC020CD
S315080454F080034049086000F0D9F9374909688A7871
S31508045500D20702D589688C7800E00C7800F0D7F9C0
S31508045510200010BD100002A82F4909688A688B78F4
S31508045520DB0704D5927818235A438A180C329060FC
S315080455307047000048C001A84C0002A8F1B582B023
S315080455402D4F3C680026200F000702D1E001029087
S315080455502AE001F087F800F0A9F9019080210903EF
S31508045560606800F0F7F825786D1C6078A84200D2C8
S315080455700025E80020180C3000900068029080216D
S3150804558009030098406800F0E5F83D2000F038F873
S31508045590E8B200F035F825700098A060019800F08C
S315080455A08EF902A801F0B6F814480068800407D5F5
S315080455B0F86901F0C8FD02990818029000D5029608
S315080455C00298FEBD4C1002A84C2002A894E001A83B
S315080455D0146001A814C001A8DC3E0000442002A8F7
S315080455E0383E0000FEFF0000C0E000A8106001A8D5
S315080455F0440002A8441002A8E03E0000FC0302A8E6
S315080456004A490968002901D5494908607047F3B52C
S3150804561081B0484FB968484C4A0058D50125090154
S3150804562000D521250100FE229201106856682268D9
S315080456309206920E94463A68930080221340624674
S315080456401343802252001A4300920A0023D0890683
S3150804565001D5012008E0F021014007D16946097AFD
S315080456600C220A4002D0022000F04AF8334909689D
S3150804567009040AD53968090701D5022605E03968F7
S31508045680490301D5002600E003264835009A2C492B
S315080456900968890003E0009A2949896B09094023A6
S315080456A0194011430207120F032A05D12268120969
S315080456B004231A403243160080225200002E02D0D8
S315080456C01643266608352166024322662566E06D7A
S315080456D04407640F00F0D4F8A0070BD0052C09D0B2
S315080456E0B868000406D400F0E1F80221154A1160EE
S315080456F000F0E5F800F0CDF8002000F001F8F7BD59
S31508045700FE2189010A68F0239A43000110430860C0
S31508045710C0B270478020C0020B490968890701D1C5
S315080457200A4900E00A49086070470000500002A8C8
S31508045730884000A8480002A8284000A8684101A893
S31508045740184001A8D4D40350844000A8486000A88F
S31508045750485000A880B56E4A116001F01FFDFFF796
S31508045760D9FF01BDFEB56B4D2878000604D5287F00
S31508045770002801D0182400E0462400F097F8019088
S315080457806548C0684005C20DD52A01D2D52204E071
S31508045790D1204000824200D90200100001005F4B6C
S315080457A000932B6B5B011DD55D4B1B78022B03D233
S315080457B05C4E06277B43F2520025009B1B7CEB407C
S315080457C0DB070CD5584B06266E439B199B888FB26C
S315080457D0BB4200D2190086B29E4200D218006D1C44
S315080457E0022DEAD389B209190904504B0B40001B50
S315080457F0C005C00D184348490860C02000064C4936
S3150804580008604648017D00290CD04A49D52A02D9A0
S315080458108023DB050B60D1235B009A4202D28023E6
S315080458201B060B600021444B19604188002900D1EE
S315080458300280019800F043F800F078FDF7BD80B5C2
S315080458403E483F4908603F48C1680902090A1922C7
S315080458505143416005210160FFF784FF01BD80B50E
S315080458602C480178090604D5007F002801D0FFF7E3
S3150804587079FF34480068C00301D5FFF773FF01BDFB
S315080458808020C002224908602F4800684007FBD4DC
S3150804589070478020C0022D490860704701E02C49F2
S315080458A008602C4909680140F9D170472A480068FC
S315080458B020212A4A11601021294A11607047302193
S315080458C0014002D110202549086070472248006823
S315080458D030210140102901D101207047002070476A
S315080458E0204801210160C160704701201E490860F3
S315080458F070471E4800780621014007D01C480068F6
S31508045900022803D0032801D00120704700207047DD
S31508045910441002A8D83E00007C4000508C3F00008A
S31508045920583E0000603E00005C3E00000000FF0197
S31508045930A0600050A450005018E000E07F1A060149
S31508045940540002A810E000E0440002A8442002A87B
S31508045950282002A8280002A8600002A8602002A83D
S31508045960601002A8789001A884A001A8BC3E000093
S31508045970843F0000F8B5644880214902C1610221C8
S31508045980624A51600021624AD162624A1180032147
S315080459905E4A1160022101605F4DCC01A86820406F
S315080459A010D05B480068F0210905014090200005E5
S315080459B0814207D0022059490860012001F012FCEF
S315080459C057480460202057490860802056490860D3
S315080459D0CC2080015549086001245548046028688C
S315080459E000900004070F53480068C505ED0D103DE7
S315080459F0C0202843C0B2FFF703FE4548C06B8003A6
S31508045A0009D5092F07D0FFF774FF002801D003F042
S31508045A10FBF801F01BFA48480668032D41D00098A4
S31508045A200007000F0090032803D0022806D1032F8D
S31508045A3037D000F04FFA0098032803D0062F30D148
S31508045A40062D2ED03D480068C00B204001D001F039
S31508045A50F9FC3B480068000108D5052D06D1012547
S31508045A60384804606005FFF719FF00E00025310097
S31508045A70380000F069FA0600002D06D000F022FC72
S31508045A803148046002203149086060052E4948659A
S31508045A9080092F490860FFF72CFF002801D003F07E
S31508045AA09EF81A4821040162002F08D10221416098
S31508045AB000201749C863C020C0001C494864300048
S31508045AC0F2BD80B5FFF7DCFE22480078800602D4D2
S31508045AD0022021490860FFF7DCFE01BD02201F49A8
S31508045AE008607047802000061D49096801400AD0ED
S31508045AF0C10D1C4A1278920701D51B4A00E01B4ABD
S31508045B0011601B49086070472C1002A8282002A8B7
S31508045B100C0002A8683E0000B00002A86C1102A896
S31508045B20B82002A894E001A80CC001A8146001A832
S31508045B30C4E000A804ED00E0B44000A800E200E0D8
S31508045B40083F0000645000A8646000A82C4000A820
S31508045B5080E200E0D83E0000081002A8082002A847
S31508045B60440002A8883E0000FC1302A8FC2302A8ED
S31508045B70442002A88F480068800700D4704770B58F
S31508045B808D4801210422BF4B0C02E025ED008668EE
S31508045B902E4002D01C601A6119610068054002D0C3
S31508045BA01C609A60996070BDB748012181600160E4
S31508045BB0704710B5012081498A680240FCD1B34A6E
S31508045BC0042313610C680440FCD19360000210603E
S31508045BD010BD7B4908680122104200D1704710B5F0
S31508045BE0E023DB000340FF24A41CA34204D3B74BE1
S31508045BF01B689B0600D54868024001D000F032F9BC
S31508045C0010BDF8B507006F4E30683F2188439049A8
S31508045C10097801433160FFF7DCFF8E4C8E488021FA
S31508045C20490308258D4A1268D20504D565600322FE
S31508045C30B262016006E0C822B2620622884B1A6084
S31508045C40934A11608909C1603868583909688142DC
S31508045C5001D2009100E000900099401A38600121B1
S31508045C60380000F0D5FB06003868009940183860FB
S31508045C70FFF780FF002E12D1002078490A68D20562
S31508045C8000D4102060620868284001D0256000E02E
S31508045C90656092480068400001D568026062300079
S31508045CA0F2BD8B48017809060DD5007F00280AD075
S31508045CB086484168C90606D40068A0210140481EE2
S31508045CC08041C00F70470020704780B5FFF7E9FF91
S31508045CD0002803D00021042001F04CFC01BDF1B5D5
S31508045CE07F4F8048F860EE20C00438607E487F49BC
S31508045CF00860FFF7D6FF002803D00021042001F02E
S31508045D0039FC8020C0017A490860082479488465EA
S31508045D1001257D641D2077498862774E9B204000C3
S31508045D20B061072001F05EFA0220724988624B4985
S31508045D300A68D20603D56F49704A0A6008E00F223A
S31508045D400968214002D03100103101E031001431D4
S31508045D500A606B490968002900D4B461694931604D
S31508045D60C021C900684A1268F823DB01134001D12F
S31508045D70F16200E0B9655E490A6C2A4008D0496BAD
S31508045D80C90705D461490968084001D101F010FC26
S31508045D900020C0435E490860554C606B054001D13C
S31508045DA0FFF7E8FE009801F00BFA606B8001FCD45B
S31508045DB0F1BD0000500002A8900102A8940102A8AF
S31508045DC0903F00002C8001A870B541480178090667
S31508045DD006D5007F002803D00021052001F0CAFB60
S31508045DE04C4801683F2291434B4A12780A430260A1
S31508045DF03F484A490122436B134001D10A638A6228
S31508045E00972252000A6010220A60454AE3231B01BE
S31508045E109366444BCB610021434B196080235B0096
S31508045E20072408210D4D2E680E4005D094672C686A
S31508045E30234006D1916704E0D4672C68234000D137
S31508045E40D1670323136011630903016070BD000061
S31508045E506A3E0000601102A8981002A8FC0302A872
S31508045E600C9001A8F0210901304A1160014030481C
S31508045E70016020202F4908602F4909680840C04955
S31508045E8008607047881102A8902102A8882102A8F0
S31508045E90982002A829482A4982680A4002D1C26879
S31508045EA0114001D01049016013480821A74A136814
S31508045EB00B4000D081611178C90602D58C210901ED
S31508045EC001601420AF490860FDE10000440002A8FF
S31508045ED0D83E00000448054908607047EC0002A84B
S31508045EE0242102A8000FFF0001200000706201A807
S31508045EF0100002A8C01002A8501102A8BD03000091
S31508045F0028C000A8302E0000A88001A8403E000042
S31508045F10B46000A82C8001A86B3E0000682102A882
S31508045F20E82002A810100000C00002A8586001A8C2
S31508045F30585001A8482002A8184001A8704201A890
S31508045F400080008070470000F8B586B005000C0094
S31508045F508D480068400102D52000402404438B483C
S31508045F60C66AFFF7A3FC0590B00503D58848006800
S31508045F70FFF7D2FA0020019001237006C00F0290A1
S31508045F80FE229201916800209060B8204000814E5C
S31508045F9030606608B82030401278F0261640402E45
S31508045FA002D10200402010430D2D02D10A0004211B
S31508045FB011434A0704D502001420104310229443BF
S31508045FC0754A12686D462B70D20506D58022520092
S31508045FD0724B1A60020001201043029A002A11D15A
S31508045FE00C220240082A0DD00200684B9B6BDD0682
S31508045FF001D41025AA439B0601D420239A43B1232E
S3150804600013404FD06A461278002A4ED0A44A956B9C
S31508046010966D01236D076D0FAD1DAB40F504ED0CB0
S315080460205B1B9BB2082B09D280200623574D2B6095
S3150804603043029F4D2B6000236D462B70812303403A
S3150804604036D00823029D002D00D113620D000821C5
S31508046050294310239C4304231D059E4E3560DD0405
S31508046060974E35606D462D78002D1ED0062B24D309
S31508046070454DEE6CF60620D5974E3668360E0196D3
S315080460806D69ADB2944EF66B360603D02E008025A4
S315080460906D01354315612D1215613F4A1268D50500
S315080460A092D40AE008227E4B1A620491009031E0E9
S315080460B027A34506ED0E5B5DD4E7049100903348AB
S315080460C0026B85490968764D2E686F463E812826F7
S315080460D016401E43930CDB0133431600120E32405E
S315080460E0102632401A43890040231940114302AA54
S315080460F09170406B000A02A9C870FFF7F1F902A96A
S3150804610008710198487175480068C8800298E8665D
S315080461100398E8660598FFF7D2FB0825600601D5BB
S315080461206C488560FFF7E5FB002805D06C480078C5
S31508046130002801D06B4805600498C1B20098C0B223
S31508046140FFF765FA200007B0F0BD0000F84F00001D
S3150804615003010706030107060501060605010606E7
S3150804616003020706030207060502060605020606D3
S31508046170081A03D25C4909684018401C7047000095
S31508046180481002A8883F0000084000A8180002A882
S315080461901CC000A8B46000A81C0100AA1C2100AAFF
S315080461A0F8B5524F0F240125514910265148806BE2
S315080461B030401BD0012008704F4800687969FFF702
S315080461C0D7FF4E49096F4018012868DB01F098FA91
S315080461D04B490968090B0C40022C5ED16905494AEA
S315080461E0116049490E6443490D6056E02E02414840
S315080461F0006CC0001ED545480068E02189050140A9
S315080462004DD03F4D2868210301407001814246D193
S31508046210FFF74CFB3E4A3F490968314002D03E49E4
S31508046220096811602968090B21400229F3D0FFF790
S3150804623046FBF1BD39480068002830D001220A70AF
S3150804624000F0BEFF00282AD101F05AFA2C49096841
S31508046250090B2140022920D1284A1278D20705D5EC
S315080462602F4A12680A4001D0224A1560264A11604C
S31508046270690239601F490E60214A1168090B2140D9
S315080462800229FAD01168090B0C40032C02D0290400
S315080462901C4A11600021214A116001F035FAF1BD4A
S315080462A0540000AA802080041E4908607047000034
S315080462B0141100AA802040041A4908607047000097
S315080462C04C5001A800BF18480168490701D0FF21AE
S315080462D041617047441002A8184001A8448001A8E7
S315080462E0EC3C0000845000A838C001A80CC001A8E2
S315080462F06D3E0000100002A81CC101A8883E0000DB
S31508046300B00002A81C1002A8082002A84C4001A844
S31508046310800000AA084000A8904000A8443E000057
S31508046320083F00003C2002A80C4000A87047FF283C
S3150804633007D0032805D22B490978C140C807C00FDE
S315080463407047002070470000F0B58020000208213D
S31508046350254A11600A230121244A01249C40044346
S3150804636025A5ED5C25439560F025214E35601E4D27
S3150804637024A6F65C022737432F6004262E601D4D9B
S315080463802D680D4006D1CD026D1E03D0966C3603DA
S31508046390FAD401E00220F0BD956CD66C6D036D0B42
S315080463A0AE4200D220005B1ED7D50823104C2360CA
S315080463B09060A84B1B685B0112D5A74C63785D1CDB
S315080463C001262E4066701D00062675436519126857
S315080463D0AA80E88023700348027899401143017023
S315080463E00020F0BD9C3F0000889001A8448001A8C5
S315080463F088A001A8140002A80000000101020408EC
S3150804640010202000505050404040403020202000AA
S31508046410F1B584B0914C92484068C00516D5606AB7
S31508046420E021C9000840884210D1A848006E00043B
S31508046430000FA7490A68D20601D5072804D00968B7
S31508046440C90603D40B2801D1002000E1FFF7ACFBF1
S31508046450A0484069400101D401251CE09E48826B8E
S3150804646000207D49C3B206256B43CB189B8895B299
S31508046470AB4204D0401CC3B2022BF3D3FF200870EE
S31508046480012594484069400105D50878FFF74FFF70
S31508046490002800D0002591485021405C000608D504
S315080464A08C480078002804D08A484078002800D10F
S315080464B00125E06902906A480068E061884E0498FC
S315080464C0006831684718012F15DB00F0F0FDC0019C
S315080464D0381A01280FDBFFF76CFB00F0C3F80498A1
S315080464E000683168401800F06BFE002803D00021CC
S315080464F0049A116011E0C020C0007A490860206837
S31508046500794F072832D005210840052808D021608C
S315080465100C2000F067FE002802D00299E16196E09B
S31508046520724EFF207A3070620420B062FFF741FB96
S3150804653002203060E020C00478606A48802189041B
S31508046540416002210160012000F04CFE8020800099
S315080465507062022000F046FE8020C00070620820A7
S31508046560B062022000F03EFE0220B062604EE020D7
S315080465704000F06159480078C00705D58020000618
S315080465805C49086040083060042000F02BFE019046
S3150804659000284AD10220386080027064C001706401
S315080465A010204D4908600120B0674C4F47480068E1
S315080465B040061ED447484069400113D5264800784A
S315080465C06946087068460078FFF7B1FE002809D0C6
S315080465D0214869460978062251434018C0883E492D
S315080465E0086406E001203873FFF7AEFE0190002820
S315080465F01BD10120384908600020C867022000F032
S31508046600F1FD3C4E4020F061C030F0613878C00797
S3150804661005D5C020000630602F48006CF88102209A
S3150804662000F0E0FD8120C0027064002D05D02748E3
S315080466300068800101D4FFF712F9E069E0214903F3
S31508046640014002982C4A02400A43E261019805B0C7
S31508046650F0BD0000083F0000583E00005C0102A897
S31508046660F80302A838B5FFF79FFAFFF7A2FA2348FA
S315080466700068C0050AD522480068000B0F210F22BE
S315080466800240072A20D001400B291DD002241248B3
S3150804669004601C4D0820A862C0016862012000F04D
S315080466A0A1FD200268622C600620A862164868626A
S315080466B0E0204000154908600B4804600021144A8C
S315080466C01160C021C900016031BD0000500002A854
S315080466D0B04301A8F43E00000C8001A8883E0000DF
S315080466E0DC3F0000981002A8982002A85C1102A8B2
S315080466F0109001A810A001A8FFFFE3FFFC0302A85D
S31508046700B00002A85C2102A8F96100002CA001A827
S315080467105C0102A838B50400FFF74BFA2048C021EB
S31508046720C900204A1268F823DB01134001D18161AC
S3150804673001E01D4A11601D49802252001C4B1D6848
S31508046740154003D008250560032001E0AC2040006D
S3150804675088641868024001D10A2008601548802117
S31508046760490301608909C16013480068AF21C9015A
S3150804677045182068854200D30500401B2060002187
S315080467802000FFF745FE21684919216032BD8020A3
S3150804679000010A49086000010949086070470000B9
S315080467A0641102A8AC8001A87C2102A80C8001A867
S315080467B0FC0302A8981002A8A43F0000441002A8EB
S315080467C0685000A8F1B584B0B34800680190B3488E
S315080467D08069AF21C9014018B1490978C90708D4A5
S315080467E00499884205D2081A00F0EAFC002800D069
S315080467F05EE2AC484068C00700D559E20420C749A0
S31508046800C8628003C6498862A548006D0090A548F9
S31508046810806B8507AD0F2024032D03D01020BF49B4
S31508046820C86224E0200388629E49CA6B224001D0CC
S31508046830012067E0009A120610D5CB6B022213409A
S315080468400CD1B84B05261E60CE6B10273E4032434A
S315080468501A6000221A608A6B120A1A600422B04B64
S31508046860DA62C96B002902D5AC498862002500980A
S3150804687000060BD5AC480078002807D0A748C462A0
S31508046880CC4800682040A649C8620EE08548816B5A
S31508046890490704D5806BC000E100084003E07F483F
S315080468A08068C10701D5FFF7DDFA01210098084081
S315080468B008D0C148AA018018006AC004C00C401E4A
S315080468C0D04A106000200022CF4B1E68360403D538
S315080468D09B6F002B00D40122C0218900CB4B59653C
S315080468E029026F4B1B78DB0701D4002A02D0C02289
S315080468F0920000E00A00C64B1A60C0229200C34DFB
S31508046900AA6559606749096C942292050A401500DC
S3150804691000D00125284300062ED08348007DC021D7
S315080469200140402902D1FFF7CCF801E0FFF7D6F879
S315080469305C4804602D061ED0B64C806B400709D50A
S315080469408020C001764988620220206000F0CAFAD5
S31508046950002807D004207149C86240027049886239
S31508046960000120604E485021405C000603D5802073
S3150804697000036A4908609BE14A484068C007FAD49C
S3150804698020036749C862FEF77BFF9E48406E454967
S31508046990096C090408D4C00606D5FEF787FF022148
S315080469A0C44A1160FEF78BFFFEF773FFE0013D4909
S315080469B00860C14CC0252D06A5600001BF490860C2
S315080469C03848806B4007C10F68460170BC4EA02743
S315080469D00198C00700D4A9E000F092FE0290FEF7E1
S315080469E07FFF3048006C40040DD400BF00BF00BFD1
S315080469F000BF00BF00BF00BF00BF00BF00BF8020AC
S31508046A000006BA490860FEF770FF029800F07CFE9B
S31508046A10EE20C004AB4908608020000120620320F0
S31508046A203064FE20C003706442200199C90501D46C
S31508046A30706000E0206067600820A04908660420AA
S31508046A40AB4908601748006CC00236D51348026F74
S31508046A50110CA84B1204D20B9A5A10292DD3038869
S31508046A60E72B2AD395267600B34205D8F31A1B09D1
S31508046A705A43930A5A4204E09F4E9B191B095A43E8
S31508046A80920A52B289188369466A72439A188261CD
S31508046A906F2909D36F210AE0FC0302A88C3F000082
S31508046AA0883E0000100002A80F2900D20F21080210
S31508046AB00843090401439148016082489049816466
S31508046AC0A90CA16002217D4A5167A90D8160F021B4
S31508046AD0090141658020400060610A2000F082FBBC
S31508046AE0A560822040026066012000F07BFB01203D
S31508046AF0A060062000F076FB80200002A060082033
S31508046B0000F070FB80200003A0608000A0600320D2
S31508046B1000F068FB8020400249E000BF1C2002A860
S31508046B201C1002A8E40000AAF43E000001984007DD
S31508046B3044D56448EE21C904016060498222D2041E
S31508046B40CA66802292002262D2018A66A90C8164EE
S31508046B506C48A0600A2000F045FB002030640199C7
S31508046B60C905306000D5082070606760534808215D
S31508046B700166022141670A2000F034FBA5606248D9
S31508046B806066012000F02EFB062000F02BFB08208F
S31508046B90A060062000F026FBE80DA060082000F09F
S31508046BA021FB6020A060032000F01CFB0220504952
S31508046BB0086008E0184001A80C0000AA534A4021BE
S31508046BC0002001F015F80020C0431049086000F0C1
S31508046BD06EFA964D401DC001A96947188020C00168
S31508046BE093494E6F0640934908600498874214D225
S31508046BF0A969401A00F0E4FA00280DD08E48066008
S31508046C0056E000BF204000A8684101A8B46000A867
S31508046C10085100A8685000A8049F0198400702D5A7
S31508046C208020800000E08548A060012000F0DAFAA0
S31508046C308020400021490860380000F0C1FA804CE1
S31508046C402078C00703D58C204005FEF727FE684642
S31508046C500078002807D1764800687A498860802039
S31508046C60C0037949086074480660164801994907BB
S31508046C7004D5802189008164214903E002218164C5
S31508046C80C021890181646846007800280AD0012059
S31508046C9000F0A8FA5020205C000603D580200003E3
S31508046CA08F490860A848006CC00201D5E86EA8613F
S31508046CB005B0F0BDD4E40350641102A8B81002A8C4
S31508046CC0600102A8242102A880B5FEF7EFFD9849C1
S31508046CD000220A600A22CA61FEF7F1FD9548C0211E
S31508046CE0890201609949416001BD000004500950B8
S31508046CF0C82102A8C0000000D6FEFFFFDC4001A898
S31508046D000404000004044000020400001107000003
S31508046D108D48806B800300D47047F8B58C480068AA
S31508046D2000900024002001260099314002D0C0209A
S31508046D30800103E00099490700D58648864902225E
S31508046D400A60086408278548076085480068C004FF
S31508046D5003D4844800683840FBD0834D37486865B7
S31508046D60042000F03FFA8820C004686500980640AD
S31508046D7024D0A02080036865012000F033FA7B48FC
S31508046D80686500F0BDFC0600FEF7AAFD6E48006CB7
S31508046D9040040DD400BF00BF00BF00BF00BF00BF42
S31508046DA000BF00BF00BF00BF80200006704908600E
S31508046DB0FEF79BFD300000F0A7FC08E0602068653C
S31508046DC07803A860012000F00DFA6A4868656A4EDF
S31508046DD00098C005346001D5776000E07460C0206F
S31508046DE000066865C00C65490860012000F0FAF9D8
S31508046DF0F0200001E86662480099C90502D5032116
S31508046E00016000E00460862040025E4908605E482E
S31508046E1068652F60A020286534647464B8024A49FA
S31508046E200860000159490860F1BD00008C3F000064
S31508046E3020C001A894E001A894D001A8024000004B
S31508046E40883E0000F43E00001C1002A8F8B550481D
S31508046E5000680D2707400424002F00D10427FC20CE
S31508046E6080011025660308214A4A4B4B1B682340B8
S31508046E70126816D04260394004D00220FEF740FC5E
S31508046E80464806603C4009D0FE2080010068054358
S31508046E90FE2080010560B008404908600220404988
S31508046EA016E00260394005D00220FEF729FCA0024C
S31508046EB03A4908603C4007D0FE20800101680D432A
S31508046EC005607009354908603548066030032F495E
S31508046ED00860FFF71DFF00210020FEF798FBF1BDAF
S31508046EE01C2002A810B580202E490A6802400AD040
S31508046EF02D4B1A680624144005D15C6E2B4A224091
S31508046F001B6D9C0101D5002010BD096808400DD0F1
S31508046F102748824203D1180501D5012010BD25480A
S31508046F200068C107C90F481E8041C00F10BD000084
S31508046F30D80000AA442002A81F4803210164A821F6
S31508046F40C163102101607047100002A80400008084
S31508046F50FC0302A8040400002C1102A8106001A86E
S31508046F60D84001A8104001A8182102A801800000F1
S31508046F700460095089050000600102A8B06101A8EF
S31508046F80548001A8C82102A804340000482002A895
S31508046F90B44000A81CC101A8480002A8441002A8CD
S31508046FA0685000A8440002A814C001A81F1F0000C6
S31508046FB0010C000030C101A8082002A86C4800682A
S31508046FC00121084209D16B4A12686B4B000C184020
S31508046FD0F03291400B40984201D0022070470020BD
S31508046FE07047F8B507000F386A461080604CE068A9
S31508046FF00A0004D16B461B8882B29A423AD200220E
S315080470006B461A80012502263A0013D022683240BC
S3150804701007D000292ED059480088401C57490880B3
S3150804702000203900216156490E6080B2B84201D366
S3150804703069460D805348456000E030BF20683040FB
S3150804704003D1FFF7BBFF0028F7D04D484560390048
S3150804705010D02168314005D048490A886B461B88F8
S31508047060D2180A80066000202061E068B84201D27E
S3150804707044480660FFF7A2FFF2BD38B5050000F0E4
S315080470803FFB0400012199204543A8093E4A12689A
S315080470908018123880B2FFF7A4FF05008020C001CB
S315080470A03A490860200000F02FFB280032BD334817
S315080470B003883549096802889342F9D110040818E7
S315080470C07047FEB51238070C6946088000F018FBAD
S315080470D00190274C294D2888B8421ADA01202C49F0
S315080470E00860274E30BF02202168014006D0306070
S315080470F04003264908602888401C2880FFF75EFF5D
S31508047100002802D12988B942ECDB012171600028E4
S315080471100DD12888B8420AD1E068694609888842A8
S3150804712005D2002168460088FFF75BFF01E0FFF7F8
S3150804713045FF04008020C00114490860019800F046
S31508047140E3FA2000FEBD10B512490A680E4B1B6807
S315080471500C689442FAD0DB014033141A02D28869C7
S315080471602418641C0C4800684443181B10BD00000E
S31508047170280002A804ED00E0FF3F0000683E000076
S31508047180282002A8281002A8340002A880E200E0F9
S315080471902C1002A820C001A8B43F0000F0B502E0F4
S315080471A00A601C602E607EC84F1C07D05F1C04D082
S315080471B06F1CF5D10A601C60F0BD0A60F0BD0000C2
S315080471C010B5C409FFF773FF201A312806DAC00080
S315080471D0183801D4C01EFDD5002010BD2000FFF7C5
S315080471E070FF10BDC32148436F3801D41E38FDD53E
S315080471F00020704780B5FEF783FA01208A490860A3
S3150804720001BD38B589490C68082589490D60FFF719
S31508047210F1FF2C4001D08748056031BD80B5EB20CD
S3150804722000F001F801BD30B583490B6818401022F7
S31508047230134210D0814B824C2468224008D0B04AAD
S3150804724014682402FF252D0225401D6300241460BA
S31508047250802252031A60086030BDF3B50100160097
S315080472601C0000250095A748019A330000270BE067
S31508047270BC464F5D4743AE009E597E40575D474323
S315080472803740664637436D1CA542F1D3390939435D
S315080472908A080A43510811430840C10901430F20CB
S315080472A08A0B0A4302405040F6BDF1B582B00E007F
S315080472B0002093490860944DEF7AA87A01900F212B
S315080472C0394000910ED00B46904A91490298FFF72F
S315080472D0C4FF019901408A4801608E4841438E489B
S315080472E0084001D1012400E04401380915D03200D0
S315080472F03B0929000298009E6D7A75194019FFF713
S31508047300ACFF0199091101407D4802680B0113433A
S315080473100360002901D0480044438048006820409F
S3150804732001D10420FEBD0020FEBD80B50A0000215F
S3150804733011807B4952888018FFF7B7FF02BDF0B564
S315080473400F22784B5C7905780F202040C540200928
S31508047350284001259C79C4402C4001D10320F0BD66
S31508047360374C2468254008D06F4D9E684700F65B65
S31508047370761E2E608026B601EE60DD78DE79C6407C
S31508047380F00711D5E0060FD5002D0DD067484860E3
S315080473900888488008881C7800192A4080185A7872
S315080473A080182A09801800E0002008800020F0BD13
S315080473B010B55F4801685F4A0820014200D0906111
S315080473C0C90602D58C21090111605B495B4A5C4BED
S315080473D01B681B040CD54B685C0402D5C3031360F5
S315080473E006E0C024A4011C4043029C4200D010605D
S315080473F00B68034005D0534B1B689B0F9B0700D0B3
S3150804740010600F480078C023034002D1802040054D
S31508047410106008682021084010604B480068C001C5
S3150804742001D4FFF7FBFE10BD2C4000A84C4000A871
S315080474304C6000A84C5000A8883F00001C1002A805
S31508047440D83E0000F8B5414F38687E680640404883
S315080474503040404908608024A4033F4DF00227D5F4
S315080474603E48016801200A0605D53D490968A96010
S315080474702870022014E0014202D03A49A9600FE0BC
S315080474800020C9060CD52949A960374A91780B0703
S315080474901B0F12789A1809095118A980E880A88838
S315080474A0A880A888002801D0264301E0FFF7B6FE85
S315080474B0264023D0274E74603460A88800280BD051
S315080474C0396A814208D3291D2848AA6890470100C9
S315080474D0F3D0FFF78FFEF1BD01000CD0FC21890221
S315080474E0F16123490203CA6134604C603A6A8242F4
S315080474F004D30C60F1BDEB20FFF795FEF1BD000047
S31508047500483E000001010101583F0000103F0000F9
S31508047510503F000011110000218400000C3F0000B8
S31508047520303F0000603F0000204000A8BB22000056
S31508047530F84F0000502102A8184001A8481002A8D4
S31508047540684101A84C4201A8D04000A8B44000A84C
S31508047550FFFFDFFFB46000A84C3E0000D83E0000E1
S31508047560E43C0000CF220000613F0000D84000A898
S31508047570B45000A870B505000C0000F0C1F8060068
S31508047580FEF7AEF9200205430648056002200649BF
S315080475900860FEF7AAF9300000F0B6F8012003499E
S315080475A0087070BD04800950409009506C3E000074
S315080475B0FEB5C020C00433490860334833494865DA
S315080475C03348886533484024046044601020FFF734
S315080475D009FE002854D1FF2000052F4908602F48CA
S315080475E02F4908602F4829490860A5032A480560D9
S315080475F02D4807680820FFF7F5FD002840D108261E
S315080476002A4806600120FFF7EDFD274880680190A7
S315080476102748066027481D4908601F480560082052
S31508047620FFF7E0FD00282BD1204806600120FFF76C
S31508047630D9FD1D48806800901D480660134D1E48F4
S3150804764028600199009800F03FF88606B60E01985E
S31508047650C10B0098C00B00F037F80002FC21890121
S315080476600140314329601048076060030A490860ED
S3150804767012480460446012490164124941640020B6
S31508047680FEBD000020E000A8571400004C0102A823
S31508047690FF3FFF3F601102A8B42002A80000380E7D
S315080476A0B41002A830300000104101A8105101A8F6
S315080476B0106101A81010000020200000602102A813
S315080476C0F703F000FF3F000010B54904CA10400450
S315080476D0C310991A00209A18D30F9A1852105218E0
S315080476E08B115B0E5B18DB11D2182023541A01D4B4
S315080476F022001843CC0F611849105B08F6D110BD57
S31508047700EFF3108072B67047002800D162B670474E
S3150804771010B5C20018231340FF249C40E24389078E
S31508047720090E9940030004D473489B089B00C018AB
S3150804773006E0724B0007000F083880088000181806
S3150804774003681A401143016010BD80B574225421A0
S31508047750002000F04DFA01BD10B5FFF7D1FF6849C6
S3150804776001220A60674B684C2360684C2360032334
S31508047770674C2360674C2360674B1A60674B1A6033
S31508047780674B80241C601A60664A1A6011228A6351
S31508047790FFF7BAFF3F206449096801400A1D402AD9
S315080477A000D2081D614A1070A448017010BD80B546
S315080477B001001120FFF7ACFF01BDFFF7A1FF05008B
S315080477C00024012160B2FFF7A3FF641C0E2CF8D332
S315080477D001210F20FFF79CFF01211320FFF798FFD3
S315080477E001211720FFF794FF03210120C043FFF767
S315080477F08FFF01211E20FFF78BFF4D484D49086076
S3150804780002204D49086001209B49086047044B4CF7
S3150804781020693840FCD02068800101D4FEF70FF8AF
S315080478202800FFF771FF46480068000311D4972221
S3150804783052005321002000F0DBF90AE000281CD08E
S31508047840FEF734F819E020693840FCD02800FFF721
S315080478505BFF206E0004000F022801D1FEF7A0FC8E
S31508047860FFF74EFF0500764EFEF730F800287078CD
S31508047870E4D0002801D1FEF722F801202E493278F7
S31508047880002A05D16F4A1268920600D4086030BFF0
S315080478900022327002220A6077490860D3E77748E3
S315080478A0016842680A40764810401749086080070C
S315080478B000D4704710B57C480188491C01807B4C6C
S315080478C02078000617D57A490A680F20120B024059
S315080478D0032A10D1774A12685207520F032A0AD884
S315080478E00968090B0840032805D10D20FFF789FC10
S315080478F0E08A401CE08210BD00E400E01CED00E0D4
S31508047900040002A80000FF3F282002A82C1002A8A1
S3150804791040E002A844C002A804C001A8044001A883
S31508047920145001A8200060062C8001A86A3E0000B5
S31508047930FFFF9B4000E100E0602002A8500002A877
S31508047940F80702A8F8B55C4C2068656805409148B4
S3150804795005605A48284007D0FDF7CBFF002803D016
S315080479602800574909688847012102228A4800786D
S31508047970C00701D5022300E001232B408748002BCA
S3150804798010D0874B1A60874A12680A4007D10268E2
S31508047990F0231B051340902212059342F3D00902E3
S315080479A0814A116080210D4220D0A26AF823DB01A6
S315080479B013401BD0C0221201934217D880231B06FA
S315080479C08A4E3360A76AF826F6013E40384F3F6868
S315080479D03F043F0F022F01D0032F03D1002E01D0FD
S315080479E09642EFD3914A13606A4A1160904909781E
S315080479F006290DDACC20800128401DD0FFF780FE29
S31508047A0004002800FDF732FC2000FFF77DFEF1BDD7
S31508047A10806B800510D58748284005D0FEF792FA72
S31508047A202800FDF723FCF1BDA80205D580204001F6
S31508047A305849086080490860F1BD00006B3E0000A3
S31508047A406D3E0000F40302A810B57C48016844683A
S31508047A500C407B48046080210C4205D0416079487B
S31508047A6001600020FDF702FC600403D58020400570
S31508047A707549086010BD0000601002A8280002A815
S31508047A80FFFF00C038B57148016844680C40E00738
S31508047A9007D5FFF735FE0500FDF782FC2800FFF73A
S31508047AA033FE6B48046031BD683E0000D83E0000D2
S31508047AB0B00002A8184001A8104001A80200060058
S31508047AC0E83C0000FEB5634C206C676C0740012552
S31508047AD02F4216D02E066048066020685F490D605E
S31508047AE0002802D00021FDF735FE5D480068A02174
S31508047AF0C90188428041C043C00F5A4948705A4850
S31508047B000660FDF7D3FE0190022007403ED0616867
S31508047B10CEB20F0A55490822494B4403012E24D0F4
S31508047B20022E31D1012F22D1514EF6780096504EAD
S31508047B3037780126BE404F4F3E604D4E367876055F
S31508047B4090277F04F71903263E434B4F3E601C607B
S31508047B504A4B1C600B68009C1B194B654449097801
S31508047B608D4047490D6047490DE00090DFE7002F37
S31508047B700AD1454E356000254D655C601C60C1041C
S31508047B80424B196042490A60344908600198FDF776
S31508047B9096FEF7BD106001A8883E00000C0002A8F6
S31508047BA06C1102A8B44000A8B82002A870B5FDF765
S31508047BB07DFE0400FFF7A4FD2F490A68D2070FD5F6
S31508047BC02A4A566D1368334D2E60CE686E6049682E
S31508047BD0E9818021C904204E3160297B59185165F1
S31508047BE0FFF792FD2000FDF76AFE70BDE06101A86B
S31508047BF0002800D0704770B50C00FDF757FE050045
S31508047C00FFF77EFD0600FDF76BFE2348046001219D
S31508047C10224A1160026C0A40FCD1FDF766FE300068
S31508047C20FFF772FD2800FDF74AFE70BDE05101A872
S31508047C30383E000000104006145001A890C001A860
S31508047C4090E001A80CC001A804ED00E0C0C000A89B
S31508047C50C0E000A800C002A8441002A840E002A898
S31508047C60404000A86D3E0000442002A818800A502F
S31508047C70813E000068A00A5060C101A894D001A8FA
S31508047C8068900A50F42302A860E101A880E200E0A3
S31508047C90F41302A8783E0000008009504090095069
S31508047CA080B5FDF726FE002801D000F0B7FE01BD19
S31508047CB080B5FDF75FFEC648006800030AD4FEF7E0
S31508047CC009F9FFF725F8FEF77FF80120FEF7FCFF10
S31508047CD0FEF7C8FC80208005FDF7E0FD01BD80B5F0
S31508047CE0FDF748FE80204002FDF7D8FD01BDFEB52C
S31508047CF005208F4908608F48046801273C4201D152
S31508047D00FDF752FFFDF736FE8B49086800908B484D
S31508047D1049680160A105CA0F69460A7100253C42F3
S31508047D2010D00095994949680160984802689849AD
S31508047D300B68981A9A4202D38B69C018401C954B53
S31508047D409842F5D3A34E356068460079002804D0D6
S31508047D5021000098FDF766FB00900024306838403F
S31508047D6003D16846FDF74DFF0400FDF79AFF002886
S31508047D7046D08648407C002842D19749834DEE6810
S31508047D800A6933689A4200D00120944A1278022A72
S31508047D900DD2934B9C4606235A4363469B5AB446D4
S31508047DA00200182672436646B218536000E002249D
S31508047DB0009A0192EA680123434018204343D618DF
S31508047DC030680861B0680860A248F16801603169E2
S31508047DD001627069A049086001A8FDF712FF00282E
S31508047DE008D17E490978022904D27D4A06235943D3
S31508047DF0515A7160210004000C4301D16F7401E0EB
S31508047E00002C02D10098FDF76AFF9E4807600220FD
S31508047E109D490860C820C004BB4908607804FDF77A
S31508047E203DFDF7BDF8B5994C8025EF02FDF739FFFE
S31508047E30002808D096480078002804D13800FDF7B1
S31508047E402DFD2560F1BD206CC00506D580200006F1
S31508047E50206000BF00BF40082060FEF71BF8FDF74E
S31508047E6089FDFDF77BF90600A848A9490860FFF7CC
S31508047E7017FF3800FDF712FD002E00D025600120FB
S31508047E80A4490870F1BDF8B50120FFF790FCA24C8F
S31508047E90A24800682060FDF76DFD7820205C052166
S31508047EA0014002D0FDF70DFE01E0FDF717FE774D00
S31508047EB00227A06F384001D0012028601020C04353
S31508047EC0974908600026EE6396480660FDF711FD9B
S31508047ED0002802D000F0EFFD00E06663FDF7D0FC51
S31508047EE091480068296C090407D4000705D5FDF7ED
S31508047EF0DDFC8E490F60FDF7E2FCFDF7CAFCFFF7CF
S31508047F0057FAB804FDF7CAFC0020FFF750FCF1BD88
S31508047F1080B5FDF72FFD2E480068000303D4FDF74E
S31508047F2053FFFEF79FFB80204003FDF7B7FC01BD16
S31508047F305C1102A8440002A8B83F0000443E0000B1
S31508047F4038B5FDF717FD514C2025FEF7CBFF002861
S31508047F5006D0606B000704D5FEF7EEFFFEF717FCA4
S31508047F602560FDF731FFFEF77DFB714800780C218B
S31508047F700140042902D1FDF7A4FD01E0FDF7AEFD99
S31508047F806804FDF78BFC4020206031BDE43E000008
S31508047F9020C001A801FF00001CB50520654908603A
S31508047FA0FDF7E8FCFEF7C8FF6348006800906846DA
S31508047FB0FEF7B0FB0400FFF773FE002C02D100980D
S31508047FC0FEF700FC80204004FDF768FC13BD0000A2
S31508047FD00C0002A8403E0000348001A8583E000068
S31508047FE05E3E0000F8B5FDF7C5FC544CA56A502062
S31508047FF0284002D0FDF765FD01E0FDF76FFD234F2C
S31508048000FEF770FF00281BD1B86B40071DD4786BA8
S31508048010E0214901014018D1A80611D4FDF730FC26
S31508048020A56A474E354207D0FF20C0432D18A562DE
S3150804803080200005A9490860FDF72BFC2E4002D0D4
S315080480400120386001E00020206080208004FDF7CC
S3150804805025FCF1BD1C4101A8284000A880B5FDF700
S3150804806089FC9F480068C00501D5FDF7ADFE0120CF
S31508048070FEF72AFEFEF7F6FA8020C004FDF70EFC8A
S3150804808001BD0000442002A8305201A8100002A82D
S31508048090F53E000010B526480468FDF76BFC9149C7
S315080480A0096809032AD40321C00601D5214001E041
S315080480B0A0080140012902D1FDF703FD0BE02001C8
S315080480C007D50E20FFF796F8874804210160082192
S315080480D00160FDF703FDFDF77CFD844C20698449A6
S315080480E00860FFF7DDFD2068002807D04000122845
S315080480F002D2FFF777F801E0FEF7BFFF802080037E
S31508048100FDF7CCFB10BD0000106001A8700120002B
S31508048110B46000A86D3E0000903E000008C000A8A8
S31508048120482002A8483E0000844000A8D4E403502E
S31508048130083F00005C1102A8CC3F0000E03E0000A6
S3150804814000FFFF00FEB500246A490C730120694646
S3150804815008700294FDF70EFC0600624F38680003A7
S3150804816000D5B5E003209F4908649F480268FF20AC
S3150804817080019E4910255F4B1B78DB0720D5120723
S31508048180120F022A03D09A4A12682A4004D1594A7D
S315080481905268584B5B7801E08A680B688E6A096AEC
S315080481A00091911B14225143DBB2C918009A891A0B
S315080481B009014068081801D5019453E0019051E07B
S315080481C013071B0F032B03D01204120F062A3AD1E6
S315080481D08968426802923A6C920701D580680290CF
S315080481E00800FEF7B0FF0299401801D5019400E093
S315080481F00190B86B0107C80F03213F4A12680A4069
S31508048200022A1AD12E4018D03A4A126DD30512D52D
S31508048210FE6B984B1E409E4202D172490D640CE0D7
S3150804822092050AD43A6C2823134006D16B461C706F
S315080482302A4A116001E06A46147002906846067874
S31508048240002E03D10FE0006801900126FEF74AFECE
S31508048250002808D0FEF770FE0298002802D0FEF720
S3150804826096FA00E0002602205E490860002E10D027
S31508048270214800780C210140042902D0F86B0540F6
S3150804828002D0FDF71EFC01E0FDF728FC20207860EB
S315080482901EE018480078C00705D55548006805400B
S315080482A001D1FDF71FFCFDF78FFD802000060B4961
S315080482B008600020C0437049086001A8FEF72AFA3E
S315080482C00400FFF7EDFC002C02D10198FEF77AFAB8
S315080482D080200004FDF7E2FAF7BD0000481002A862
S315080482E0680102A80C0002A880E200E0AC3F000086
S315080482F0443E0000883E0000083F0000FEB5002406
S315080483005E490C730094FDF735FBFFF7C9FC5C4D19
S31508048310E86E5C4E0007000F07280BD16868002832
S3150804832008D40020FEF7D0FC306857490860FDF7EA
S31508048330CCFC52E001201027696849070DD453493B
S315080483400968014009D001024C4A126D0A4208D054
S31508048350520502D42A68114001D1009001E04C4824
S31508048360076046480078C00705D5214800683840A4
S3150804837001D0FDF7B7FB474801680320009A002A95
S3150804838001D0890900E00909084001900020FEF798
S315080483909BFC0198002805D16868074002D1FDF7BF
S315080483A09DFB01E0FDF78DFB00200099002903D110
S315080483B039480068FEF7C7FE7169401801D500946C
S315080483C000E000906846FDF71CFC002805D10098DB
S315080483D0FDF785FCB0692C49086080200005FDF787
S315080483E05DFAF7BD082002A8B00002A804C101A8D6
S315080483F0B04301A8F8B5FDF7BDFA002400252748BF
S31508048400466B80277F05300606D5300709D5FEF763
S3150804841093FDFEF7BCF929E001251C4800682840AD
S3150804842019D00020FEF750FC0220064002D01C4951
S315080484300C60C8611B480468002D03D02000FDF7B2
S315080484407DF80400FEF778FD2000FEF7BBF9380036
S31508048450FDF724FAF1BD0F480078C02101404029F0
S3150804846002D1FDF72EFB01E0FDF738FB20200B496E
S315080484700860ECE710000010B46000A8883E00000D
S31508048480440002A8BC3F0000443E0000B44000A8D3
S31508048490481002A8083F00001CC101A8100002A841
S315080484A0180000AAD83F0000FFF756F90248034906
S315080484B04860FFF782F900BF4B2700000000000060
S315080484C080B5EFF305800B2801D23A2100E0292173
S315080484D0922252000020FFF78BFBFEE702030303F8
S315080484E00304040404050500000000010101010257
S315080484F00202020303030303040404040400000041
S315080485000101010107070808030303050404040518
S3150804851005050606060707070803020204040403FA
S3150804852004050506060606070707020202030303EF
S3150804853003040404040505050505060606060102E2
S3150804854002020203030303030404040404050505E1
S31508048550050606060C0C0C0C0B0B0B0B0B0B0B0B6A
S315080485600B0B0B0B0B0B0B0B0B0B0C0C0C0C0C0C43
S315080485700C0C0C0C0B0B0B0B0B0B0B0B0304040452
S315080485800405050505060606060607020202020391
S315080485900303030404040404050505050506060681
S315080485A0020202020707030406070404030303037B
S315080485B0040506030305060708040506040304045C
S315080485C0030304050606030405060708C7BFBEBE5B
S315080485D0BEB5B5B4B4ABABDCDCDBDBD2D2D1D1C827
S315080485E0C8C8C7BFBEBEBEBDB5B5B4B4B4DCDBDB54
S315080485F0D2D2D2D11B1B16162E2D2D2A292929256E
S31508048600242420201F1B1B1B162E2D2D2A2A29291C
S315080486102524242020201F1B1B1B2D2DBEB5B5B4D5
S31508048620B4ABABABAAA2A1A1A1A099999898C7BFCC
S31508048630BEBEBDB5B5B4B4B4ABABABAAAAA2A1A130
S31508048640A199999900000000030303030302020297
S3150804865002020202030302020202010101010101EC
S31508048660000000000303030303020202D0C7C6C6C0
S31508048670C6BDBDBCBCB3B3B2B2B2A9DBDBDADAD1D0
S31508048680D1D0D0C7C7C6C6C6BDBDBCBCBCB3B3B2C1
S31508048690DBDBDADA1F1F2D2B221E2E2E3232323165
S315080486A02D2624303028231F1B2B26222E322E2E2D
S311080486B031312D282424302C27231E1ACF
S30D080486BCB4B6FC7F01000000BE
S311080486C4D0860408C062002054000000A0
S315080486D0C0EA2101C0175302280000000040170809
S315080486E000A0000008530020C8000000FE00000097
S315080486F0000000000C0B040801000000FFFFFFFF48
S31508048700FFFFFFFF5C170408D4FE64000A00290073
S31508048710B9C50308000000000000000000000000BE
S31508048720000000000B000000030505B540018000A9
S3150804873000000000000001B50000800000000000F1
S31508048740FFFFFFFFFFFFFFFFFFFFFFFFFFFFFFFF27
S31508048750FFFFFFFFFFFFFFFFFFFFFFFFFFFFFFFF17
S315080487605463002000000000005D0020685D0020BE
S31508048770D05D00200000000000000000000000009A
S3150804878000000000000000000000000000000000D7
S3150804879000000000000000000000000000000000C7
S315080487A000000000000000000000000000000000B7
S315080487B0FFFFFFFF0000000000000000FFFF0000AD
S315080487C0BC46040831CA0308FFFFFFFF59CE030855
S315080487D055CE0308FFFFFFFFFFFFFFFFFFFFFFFF65
S315080487E05DCE03087FD30308FFFFFFFFE1D4030828
S315080487F0FFFFFFFFFFFFFFFFFFFFFFFFFFFFFFFF77
S31508048800D726000004F8FFFF0C0000000000B5FF9F
S315080488100C01FF0F915502084D3D0108253D01083D
S70508024D554E
