S01D00006275696C642F64656275672F6F742D6E63702D6D74642E7333379F
S2140040000818002025DC0000956C0300996C03005E
S21400401031B700009D6C0300A56C030031B00000B2
S21400402031B0000031B0000031B0000031B0000007
S214004030A96C0300E041040031B0000031B000007C
S21400404031B0000031B0000031B00000ADD2000049
S21400405031B0000031B0000031B0000031B00000D7
S21400406031B0000031B0000007EA0000A3AF020044
S214004070A1AF020031B0000031B0000031B0000046
S21400408031B0000031B0000031B0000031B00000A7
S21400409031B00000C9B0000031B0000031B00000FF
S2140040A031B00000A9B0000089B0000031B00000B7
S2140040B031B0000031B0000031B000003DDC03003C
S2140040C0F1FC0300EDFC030085D3030007FD0300AD
S2140040D0F5FC0300FDDB0300F9FC0300EDC0030064
S2140040E07DDC030031B0000031B0000031B00000CC
S2140040F031B0000031B0000031B0000031B0000037
S21400410031B0000031B0000031B0000031B0000026
S21400411031B0000031B0000031B0000031B0000016
S21400412031B0000031B0000031B0000031B0000006
S20800413031B00000A5
S214004140F0B5114A114C124E00F00105E3695F0705
S21400415013D40DB9334213D103EA00078F4207D1B7
S2140041600B4A1A40002A0CBF00206FF00100F0BD79
S214004170013AEBD16FF00200F9E74FF0FF30F6E7B7
S2140041806FF00100F3E700BF809698000000035030
S2140041900200010000000000000000000000000017
S2140041A000F50050B0F80207704700F50050B0F870
S2140041B00007704700F50050D0F84C08704700F52F
S2140041C0805090F8520F704700F5805090F8600FBE
S2140041D070470148704700BFBC2B0400004870477A
S2140041E0BD2B040000487047BE2B040000487047F3
S2140041F0BF2B040000F58050D0F8EC0A704700F59D
S2140042008050C0F8EC1A704700F58050D0F8F80AD5
S2140042107047002908BF4FF4E151054B00F5805068
S214004220994294BFC0F8F81AC0F8F83A704700BF31
S2140042309AC4200000F58050D0F8FC0A7047074B5F
S21400424000F58050002914BF0A461A46044B9A42CD
S21400425094BFC0F8FC2AC0F8FC3A704700751200FC
S2140042609AC4200000F50050D0F86401704700F5AD
S214004270F5501030704700F5F6500130704700F5E5
S2140042808050D0F8DC0E704700F58050B0F8120F62
S214004290704700F58050A0F8121F704703468288CA
S2140042A0C088114481429DBF1868998080180020FC
S2140042B0704770B505680C4625B9BDE870404B6878
S2140042C0084818478B6898476A680146831A002B87
S2140042D0B8BF121A2368A8BF0022BDE87040014884
S2140042E0184700BF081B002038B50C461146A268C8
S2140042F00346944206D00568AC420BD10260FFF735
S214004300D8FFA46038BD94420DD011469268002AAA
S214004310F9D1F6E72A460021F9E78B68002BF0D0A2
S2140043209B688B60EDE70029F7D1002DE9D0AA68DD
S2140043301A60E6E72DE9F041936805460C461646F6
S21400434098473246074621462846FFF7CDFF28689D
S214004350002203466BB16168D3F804E0A1EB070CBA
S214004360AEEB070898EA0C0F13D4A1EB0E01002958
S21400437007DA4AB9A0602C6031462846BDE8F0410D
S21400438097E71A469B68E5E79368A3609460BDE8E4
S214004390F081BCF1000FEBE770B5066804460D46E9
S2140043A07EB18B6898477368C01A002809DB2046E0
S2140043B02A463146FFF798FF30463368BDE870401E
S2140043C0184729462046BDE8704072E700F50053BE
S2140043D093F8483813B102490830DDE7704700BF4C
S2140043E0C02B040000F5005393F8483813B1024977
S2140043F00C30D1E7704700BFCC2B0400012300F03F
S2140044000700834013F0220F09D113F0880F08D15C
S21400441013F0440F14BF01200020C0007047042092
S214004420704710207047D0F8020000BA704742006C
S214004430400800F0553002F0AA320243930092087A
S21400444002F0333203F0CC33134318011B0903F098
S2140044500F3300F0F030184300BA704710B590F8EC
S21400446030200B4682B1013AD2B280F8302000EB01
S2140044700210814207D000F1100250F8041B90424F
S21400448043F8041BF9D110BD144603CC102C186059
S2140044905960224603F10803F6D1FFDEA0F141037E
S2140044A0192B98BF2030A1F1410398BFC0B2192B39
S2140044B09CBF2031C9B20B1A584258417047008839
S2140044C00B88C01A704700F50050B0F802378B42D0
S2140044D00AD0A0F80217054890F85931022B03D1EC
S2140044E000F5AC7032F0B6BA704700BF083B00204B
S2140044F000F50053B3F800278A4205D0A3F800174A
S21400450000F51C5015F0C8BD704700F5F6500A4679
S2140045101230002114F08EBF00F5F6500A46123015
S214004520012114F087BF08B53130313120F0010089
S21400453021F0010103780A7803F00F0302F00F025E
S2140045409A4207D1043104303BF0F6FBB0FA80F013
S214004550400908BD0020FCE710B5044604F50054E9
S2140045602DF09EFAD4F8403133F07C4204D0C3F3E9
S2140045701903984228BF184610BD42F2107399429C
S21400458010B5044615D800F50053D3F868219142BB
S2140045900DD0C3F868112DF08CF8074B93F8683FE0
S2140045A0DB0704D504F50550183017F0D3F90020C2
S2140045B010BD0720FCE700BF082B002000F50550C3
S2140045C00022183016F08EBC10B503780446002B77
S2140045D014BF0520032000F500300DF0D9FF237826
S2140045E0BDE81040002B14BF0620042000F5003064
S2140045F00DF0CEBF00F5F6500022183016F06EB95A
S2140046001346B0F86C202AB10A4600F15C01024855
S21400461017F022BB0D207047A031002038B50446A5
S21400462008464D7894F8FE20A91C031B51FA83F324
S214004630D21A01443AF011FB94F8FE30023B5B1BA1
S21400464084F8FE3038BD2FF09EB82AF0FBBB08B5C4
S2140046501B4B93F8492F012A03D0062A05D02AB30C
S214004660FEE7BDE808402AF0D3BB002003F58053E0
S21400467003F8B70C93F85011CA070CD5C1F3C30260
S214004680013202F00F0262F3C601042A83F85011C9
S21400469005D82FF078F8BDE808402AF0D3BB93F889
S2140046A0502160F3C60283F85021F4E793F8482FB0
S2140046B0520703D5B3F84A3F1B06ECD408BD00BF2B
S2140046C0082B00208378072B09D190F86E00C309C9
S2140046D003D000F07F002DF081BB2DF050BB70475B
S2140046E029F0F0B813B50446006820B940F20D135F
S2140046F0E38102B010BD04F108030093A389E288A9
S214004700A1882FF040FCA073B0B962892389E188A4
S2140047101344A2889BB20A4492B29A422CBFC3EBBF
S2140047200201C3EB0301A380DB438AB29BB2934230
S21400473028BF1346E380DCE70023172808BF184687
S214004740A3600123A073E373D3E710B5044611F00A
S214004750A5FB2046BDE810400EF014BF37B5054651
S214004760CC884B8864BAA4B20A88019489885BBA5C
S21400477049BA89B252BA00919BB2054992B20EF07C
S214004780EFFA284603B0BDE830400EF0FBBE00BF8F
S2140047905C2B040010B504468CB00846694627F02A
S2140047A0E3FD20466A4604490EF0DAFA20460CB0CD
S2140047B0BDE810400EF0E6BE5B09040010B4436886
S2140047C0D3E9004023465DF8044B18472DE9F04F27
S2140047D005460E461C461746DFF890B085B003F136
S2140047E0FF3802EB81094F4518D128461C490EF0C8
S2140047F071FFDFF87090DFF8788026444946284637
S2140048000EF0AEFA14F8017B1FBBB442F6D1284670
S214004810144905B0BDE8F04F0EF05CBF57F8043BF6
S21400482018F801AF184603933AF026FB02305045BD
S214004830039B06D859462846CAF101020EF090FAA4
S214004840D1E700935346284607495A420EF088FAA5
S214004850C9E741462846013F0EF082FAFFB2D3E789
S214004860020904007A2B0400732B04006D2B04004D
S2140048704B45040070B506680D46304607492FF0D4
S21400488041FA044620B9304605492FF03BFA10B1EC
S21400489000202C7070BD2320FCE700BF7C2B04009A
S2140048A0832B04002DE9F041804608680F46164623
S2140048B01D4688B008B311462FF0EAFD00230446D3
S2140048C02B7098B1396891B101A828F043F870B9F7
S2140048D008F5145002A938301FF042FF58B9304688
S2140048E001AA02A917F032FF01232B7000242046EC
S2140048F008B0BDE8F0810D24F9E70724F7E7102299
S21400490008B53BF019FAB0FA80F0400908BDF8B5D2
S21400491004460F4690F8306000EB0616B442254673
S21400492001D1002506E020463946FFF7E8FF10349F
S2140049300028F3D02846F8BD8822002139F0E9BFC8
S2140049400023036043607047024608B50846FFF739
S214004950F7FF126802B908BD0388013303800123FC
S214004960116841B941880B444380518943680B4420
S2140049704360D269EEE701330968DBB2F1E7C1F3C1
S2140049800002F8B501F0020343EAC203C1F3800156
S2140049900B4399075AB247D400F5005595F85B715A
S2140049A042F004039F4224D000F5055418342046F4
S2140049B085F85B3116F036FA95F8596130462FF0D7
S2140049C0E0F9C0B195F85B1195F85831C7F340028D
S2140049D0C1F340008242C3F3C00304D15BB93A0777
S2140049E009D50B0707D400232046A5F8803217F018
S2140049F087F80020F8BD012E0BD100262046A5F82A
S214004A00806216F0EDFF314604F5907016F012FC49
S214004A10EFE7022EEDD12046B5F85C1117F0D6FB75
S214004A20204632F017F8E4E70720E3E710220021DB
S214004A3039F06FBF036823B91720B0FA80F0400939
S214004A407047994201D01B6BF5E70020F5E74FF65B
S214004A50FE720B46018891421DBF07C883E8070017
S214004A6000201720704708B50CF09DFB08BD01F12B
S214004A70100351F8042B994240F8042BF9D17047E3
S214004A80313020F001000078C0F30110704708B5FF
S214004A90FFF7F6FFB0FA80F0400908BD836D1847AF
S214004AA02622002139F035BF030E0B70030C4B7025
S214004AB0030A8B70C870704708B50246FFF7E7FF19
S214004AC030B1313222F001025078831E58425841EC
S214004AD008BD1422002139F01CBF2DE9F84F074607
S214004AE0884691469A464FF0000B0A9D0BEB090448
S214004AF0661006FB0A8638463146A8470028C4F3E7
S214004B004F0407D0D2BFA14601341FFA84FBCB4521
S214004B10ECD300263046BDE8F88F0023F0B5441EDF
S214004B20184601392AB91BB1024492B2904211D1FB
S214004B30F0BD14F8017F11F8016F082A154628BF4A
S214004B400825B74287EA0603EDD12844521B80B2F7
S214004B5092B2E7E71906EBD45B000130DBB280B215
S214004B60E4E700BA7047024608B5D1E900035BBA2D
S214004B701380FFF7F6FFD388C2F8020008895BBAF5
S214004B8003F0010343EA400398B25BBAD3808B7A02
S214004B9020F0010003435BBAD38008BD70B583885C
S214004BA00446C0889E188642154608D820681844D1
S214004BB03AF0CEF80020A3881D44A58070BD0320DF
S214004BC0FCE707B549BAADF8061002220DF106015A
S214004BD0FFF7E4FF03B05DF804FB0122DEE738B51B
S214004BE00446A3880846934215460AD321683AF03D
S214004BF0AFF80020A38822685B1B2A442260A380AB
S214004C0038BD0620FCE70122E9E710B502220C4673
S214004C10FFF7E5FF10B923885BBA238010BD436811
S214004C20036003B1DB694360704710B5436A04460E
S214004C3023B1002202214262826A9847236A9C427C
S214004C400FD1084A02F580512346D06D24681860BB
S214004C50D365B1F86036013BA1F86036002CF3D17D
S214004C6010BDFEE7081B00202DE9F041C38904466D
S214004C7001EB03081FFA88F843450D4602D90320C6
S214004C80BDE8F08106465027B84533680CD80022A8
S214004C903260124A02F58051A3B9A3896581AB42FE
S214004CA000D9A5810020EBE71BB17C373668BFB280
S214004CB0EAE76079C0F341002EF09EFC30600028E1
S214004CC0F3D1DCE7D66D18681E60D365B1F86036A0
S214004CD0013BA1F860360346DEE700BF081B002054
S214004CE0F8B500F1310424F00104054620460F46CD
S214004CF01646FFF7EEFE2378042103F03F0343F049
S214004D004003237000232846AB812182FFF7ACFFC7
S214004D102378667023F0300343EA07112170F8BD4C
S214004D2070B500F1310525F001052B78064623F015
S214004D300F0302F00F0003432846144600F8043B16
S214004D403AF006F82B8A3046E11889B22982BDE887
S214004D50704089E7313121F001010A7802F00F0234
S214004D60082A00D9FEE70431DAE783894289194424
S214004D70914200DDFEE789B29142818100D9FEE7CB
S214004D80704743898B4200D2FEE75B1A43818389D2
S214004D90C2898B4294BF00235B1A0A4488BF9BB229
S214004DA0C2818381704770B54489A1422FD215888D
S214004DB00D44AEB2B14201D8A54201DB641A14809C
S214004DC0C4899860214489B24F2910D830300844ED
S214004DD0C1F1500189B2998018601088814228BFBD
S214004DE00146998011889B88CB1A138070BD503974
S214004DF0986889B20068986000B9FEE77B2904D8F5
S214004E0004300844C1F17C01E4E77C39F0E7002176
S214004E10E7E770B5154686B0ADF806300DF1060228
S214004E2003ABFFF7C0FF2C46BDF810601EB9601B31
S214004E3080B206B070BD03993246204639F088FF2E
S214004E4003A90DF1060034442CF048FFECE738B512
S214004E504589CC18AC4203DCFFF7DBFF002038BDE9
S214004E600620FCE70246084649893823383989B2C5
S214004E70EDE70246084649892C232C3989B2E6E735
S214004E8070B51646313104688CB021F0010514B9AE
S214004E9020460CB070BD04F1310323F001036A888C
S214004EA05B889A4212D102A8FFF7FAFD214601A8B4
S214004EB0FFF7DFFFBDF82A20738C9A4206D106F171
S214004EC0100106A8FFF71BFD0028E1D1E469DEE724
S214004ED038B504460D460B4601890068FFF7B7FF54
S214004EE010B923891D44258138BD13B50B880C469F
S214004EF00C2B0BD90D2B0CD101210DF10602FFF75F
S214004F00E7FF20B99DF806300D332380002002B05D
S214004F1010BD0E2B0CD102210DF10602FFF7D8FFB3
S214004F200028F4D1BDF806305BBA03F20D13ECE7A7
S214004F300620ECE773B54FF6FF76C3880446B34207
S214004F4006D001210DF10302FFF7C2FF18B1E6807B
S214004F50002002B070BD9DF80350FF2D0CD12368D1
S214004F60E68022895B899A42F2D306204FF6FF73C9
S214004F70E38000232381ECE72B0920460DF1060190
S214004F80ADF80630FFF7B1FF0028EFD105F00F05AA
S214004F90204601A9ADF80450FFF7A7FF0028E5D189
S214004FA0216823894989BDF80420C91A8A42DCDCB5
S214004FB01344BDF806102381A388E2800B44A38027
S214004FC0C6E730B401F1310222F00102D48912782A
S214004FD04D8902F00F020432224495424FF000043D
S214004FE004D3C0E90014028130BCA3E74FF6FF7279
S214004FF00481C28030BC0620704710B44C889C42A6
S21400500003D309885DF8044B21E706205DF8044BBE
S21400501070472DE9F04786B017461C46ADF80630B7
S2140050200DF1060203ABDDF83880FFF7BCFEBDF8D5
S21400503010507DB1039EB8F1000F11D0B94606EBB3
S214005040050AB24513D019F8011B16F8010BC04724
S2140050500028F6D1B4FA84F0400906B0BDE8F0871F
S2140050602A46394630463AF067FE0028F2D12F44E9
S21400507003A9651B0DF10600ACB22CF02FFED6E797
S21400508070B586B0ADF806300B4414469AB291421D
S21400509000D9FEE74289934200DDFEE703AB0DF13F
S2140050A00602FFF780FEBDF810500DB906B070BDC1
S2140050B021462A46039839F0D0FD03A90DF10600D3
S2140050C02C442CF00BFEEEE770B500F1310424F012
S2140050D00104A37C05465BB14389218A994207D126
S2140050E0012994BF491A01F1FF3189B2FFF7BCFDCF
S2140050F02378224603F00F032846BDE870400021BF
S2140051000433BDE72DE9F041B0F80A800F4602EB04
S214005110080399B24145054616460CD3FFF7A4FD91
S214005120044628B933463A4641462846FFF7A8FFC4
S2140051302046BDE8F0810324FAE70122E2E7FF23D8
S21400514013B58DF8073043890446B3F5007F0FD2B8
S2140051500DF10701FFF7F1FF40B9012204F1310319
S21400516023F001039A7462891A82A28102B010BDEC
S2140051700320FBE703781BB1012B03D00020704708
S2140051804068BFE7043009E537B58DF807100139E8
S2140051903E29054614460DD810460DF10701FFF7C7
S2140051A0CCFF28B9294620469DF80720FFF7AAFF1E
S2140051B003B030BD0720FBE72DE9F04114469A18EE
S2140051C00E4691B286B08C420546ADF8063029D818
S2140051D07189914228DBB0F80A80434499B2414570
S2140051E024D3FFF741FD074648B92146304603ABB6
S2140051F00DF10602FFF7D7FDBDF810401CB9384682
S21400520006B0BDE8F081234641462846039AFFF7DC
S21400521037FF444403A90DF106001FFA84F82CF06A
S2140052205DFDE9E70727EAE70627E8E70327E6E75D
S214005230F8B504460E46154600F13007E3899D4250
S2140052400BD85B1B6289E381A3892A442B4492B264
S2140052509BB29A42628117D2FEE76079C0F34100A2
S2140052602EF0CAF9D0B123680360E38920604F2B83
S21400527006D83030C3F15002F918184439F068FDEA
S214005280E3897C33E381D9E7A3812EB12B463246EE
S21400529000212046FFF7F4FE0020F8BD0320FCE7BF
S2140052A0F0B50646B2420C461046194689B001D102
S2140052B0A34215D36B460EAAFFF775FDBDF8045042
S2140052C00DB909B0F0BD214630462B46009AFFF7CF
S2140052D0D7FE2C4469460EA8A4B22CF0FFFCEDE7DE
S2140052E0BDF838502C441D44A4B2ADB2BDF83820E9
S2140052F0002AE6D0202A174628BF2027ED1BD21BFF
S214005300ADB2E41B3B462946ADF8382030466A4627
S214005310A4B2FFF77EFD3B466A4621463046FFF7BD
S214005320AFFEE3E773B5054603796E8940798E4292
S214005330C0F3410228BF0E46C3F340038DF8052094
S214005340E98901AA40098DF804302EF095F9044643
S214005350002832D0334600222946FFF72DFF48BBEF
S214005360AB896289B34228BF33469A4200D2FEE731
S214005370A381AA79A37962F30303A3712B79227917
S214005380DB0963F3C71222716B796279C3F3C10339
S21400539063F3C4026271AB69A3612B8A23826B8AB2
S2140053A063822B7A2372AB8DA385EB8DE385204633
S2140053B002B070BD2046FFF738FC0024F7E710B5B2
S2140053C00446FFF7AFFF98B104F1310300F1310254
S2140053D023F0010322F0010203F1100153F8044BFD
S2140053E08B4242F8044BF9D1198811809B78937050
S2140053F010BD0B6A994200D0FEE70B796FF382036B
S2140054000B71036823B9C1E9073301604160704737
S214005410012A4FF0000205D0C1E90732036819627D
S21400542001607047CA6143680B62D961EEE70368A2
S214005430994204BFCB6903604368994204BF0B6A74
S21400544043600B6A0BB1CA69DA61CB690BB10A6AB1
S2140054501A6200220B79C1E9072162F382030B71FD
S214005460704710B5FFF7E3FFBDE810400846FFF7AA
S214005470DCBB10B50446216801B910BD2046FFF715
S214005480F0FFF8E70B7910B55B0700D4FEE74B7921
S214005490C3F3410300EB83025468A14209D10C6AAE
S2140054A0546034B16479C4F341049C421CBF0023A9
S2140054B053600368994204BFCB690360CB690BB1A4
S2140054C00A6A1A620B6A0BB1CA69DA6100220B79A2
S2140054D0C1E9072162F382030B7110BD4A7970B5EA
S2140054E0C2F3410214460B79061D43F004030B7108
S2140054F056F824301BB90134E5B2042DF8D10B62FE
S2140055004BB90368CB610160CB6903B1196200EB4C
S2140055108200416070BDDC69CC61D961F4E78B899B
S2140055204989038099422CBFC3EB0102C3EB0302F7
S214005530DB4392B29BB2934228BF13464380704728
S21400554043880288994228BF194612FA81F25B1AEC
S214005550028043807047F0B50C46064685B003A827
S21400556002AF1546FFF7DBFF20463346BDF80E2098
S214005570BDF80C1000972EF006FD044668B904210D
S2140055803846FFF7DDFFBDF80A30022B08D9822B1C
S21400559028BF8223029828606B80204605B0F0BDA5
S2140055A00624FAE7084A138803B9FEE748F24E30A5
S2140055B05368A3FB003010EB530044BF20F00040BC
S2140055C001305060704700BF386D0020814210B532
S2140055D0044600D8FEE7FFF7E5FF091BB0FBF1F332
S2140055E003FB1100204410BD38B50D46814288BF2C
S2140055F085B26900044601310020FFF7E7FF20442A
S214005600401B38BD10B540B10023441E98B28142FD
S21400561003D90133E25C002AF8D110BD0139013804
S21400562011F8012F10F8013F3AB9002B14BF0120E2
S2140056300220831E5842584170479A42F0D00020FC
S214005640F7E7A0F14103052B04D83738C0B208703D
S21400565000207047A0F16103052B01D85738F5E705
S2140056603038C0B20928F2D90720704770B5044612
S2140056700E46E588134682880068AA4234BFA91AF7
S21400568000211044324631F07FFF002800DAFEE7A2
S214005690A388E288184480B2904228BF2368A0807E
S2140056A022BF9B18002203F8012C204670BD0EB4C2
S2140056B017B5044605AA52F8041B0192FFF7D6FF59
S2140056C0204603B0BDE8104003B070474FF43413D3
S2140056D02DE9F04794B00293002303AA06460C4631
S2140056E00D46914691F810C08DF820300CF1070356
S2140056F0DB100DF120085F1CCDF804807F0801F157
S214005700100A9646286869680835AEE803005545CD
S2140057107246F6D129788EF800106BB14FF0FF3143
S21400572003F14F026A4412F8440CCCEBC30C01FAA6
S2140057300CF1014002F8441C102BC3F1100292B287
S21400574009EB030088BF0022002139F0E2F83A4650
S214005750484601A913F04DFE237C0733772B03D868
S214005760084901A8FFF7A3FF227C074901A8FFF715
S2140057709EFF4246304605490DF0F2FA14B0BDE8E9
S214005780F08700BF8B2B04008E2B04005B090400FF
S21400579070B506460D460024AC4201D3012070BD0C
S2140057A0305D0134030605D431F0DEFE0028F3D068
S2140057B00020F4E710F04003FAD0810612D5C206A6
S2140057C012D50307F4D4032307E0AC42F0D0325DD1
S2140057D0013402F0C002802AEAD1013BDBB2FF2B83
S2140057E0F3D1D9E70123F8E70223F6E7436853B974
S2140057F0054B5A6812B9586040607047526842605C
S2140058005A68506058607047081B002003685A1A90
S21400581011EA220138BF194643685A1A13EA2203CE
S21400582038BF0B46436070474160024A0146024853
S214005830FEF780BDC02B0400101B0020F7B5724C8D
S21400584004214FF47A70E56CFFF7CEFE291804F1B8
S2140058504800FFF7E9FF636CD80714D5FFF703F994
S21400586004F500550646D5F8E01068462EF0FCFC18
S21400587005F1E0070099002940F08180D5F8E000A6
S21400588008B927F021F9636C990625D55F4D95F880
S214005890D5367BB1FFF7E7F8D5F8D83603F5C3332E
S2140058A0A0331B1A002BBEBF95F8F63643F0010353
S2140058B085F8F63695F8FF16B5F8FC3695F8FE2608
S2140058C0002970D1002A40F08380002B40F08780AA
S2140058D0D5F8FC062EF02BFB636C5A0620D54B4EF3
S2140058E0B6F8B43643B1013B9BB2A6F8B4361BB942
S2140058F006F5D66017F070FCD6F8B0566DB1013DCF
S214005900C6F8B0564DB9022026F0B6FA40482946E9
S21400591017F040FD284626F00DFB3D4815F0CDFB60
S214005920636CDB056ED50020034605463949A1F2B7
S214005930A466CA787AB1013AD2B2CA7032B108689F
S21400594006EB8302C2F8A406012001330135232D9D
S21400595001F10401EDD1002104EB830404F5B554F4
S2140059600734222B03DC14F8042B002A46D1002827
S21400597048D1082003B0BDE8F04027F0A5B88B69F1
S214005980F31AB3F5FA6F0AD34B7938465B0902BFB0
S214005990D5F820310133C5F82031FFF762FD68469F
S2140059A0FFF73DF966E70139C9B285F8FF16002909
S2140059B088D11AB1013AD2B285F8FE2623B1013B4E
S2140059C09BB2A5F8FC368BB11348FFF70FFF7FE7B5
S2140059D0013AD2B285F8FE26002AEFD075E7013BE1
S2140059E09BB2A5F8FC36002B7FF472AF95F8D5363F
S2140059F0002BE9D0012385F8D536E5E704F8041C2A
S214005A000133AEE703B0F0BD081B0020083B0020C2
S214005A10B8410020AC310020C4410020002A00DA42
S214005A20FEE7114400E738B50D460446FFF71BF8BD
S214005A302A4601462046BDE83840EFE710B590F804
S214005A402430044643B1012B01D1436983612046CB
S214005A50A169BDE81040E6E74169B1EB510F4FEA96
S214005A60510001D9FFF7B2FD0023A061E38384F85B
S214005A702530ECE710B590F8243004467BB1012BB6
S214005A8008D10169C0680131FFF7A0FD60612046BA
S214005A90FFF7D4FF2046236ABDE81040184790F869
S214005AA025306BB1012BF5D1426922B10369991AF1
S214005AB08A4298BF530063612046BDE81040BDE7A8
S214005AC0012380F82530D0E90513C91AFFF7ABFF8C
S214005AD0E28BA38B9A42DDD310BD064B06485A696B
S214005AE0196A914208BF9A6901F1804104BF0132E8
S214005AF09A6199E6081B0020241B002083689842C0
S214005B0003D04368CB1A002B00DA8DE670470146B7
S214005B10014A0248FEF7E8BBC02B0400101B002019
S214005B20D1E9003103F10043013B8B4200D07BE614
S214005B30EDE710B5044692B068462EF05EFB61684D
S214005B4002A82EF091FB029931B9694604F11000C3
S214005B50FFF7E6FF12B010BD04A8FFF783F968460A
S214005B600F99FFF753FE02A8FFF759F8EBE72DE968
S214005B70F0410546144604301E46069F9DF81C80DC
S214005B80FFF76FFC2846FFF7D4FF656A3DB1434632
S214005B903A463146AC46A06ABDE8F0416047BDE8EB
S214005BA0F0812DE9F04192B004460D46416802A806
S214005BB02EF05AFB0B274FF00008029E16B912B0C3
S214005BC0BDE8F081314604A8FFF74CF925B1294617
S214005BD004A8FEF794FE38B1002331462046CDE9EE
S214005BE0008704AAFFF7C3FF02A8FFF718F8E4E748
S214005BF02DE9F04F9FB00093289B06460846019378
S214005C00FEF73EFF02280C4617460CD0032801F18B
S214005C10310300F0F480B28923F00103511C52BA1C
S214005C20B1815A8045E006A8FEF73AFFFEF71BFF53
S214005C303A4600F57130D83006F12C09059006ABCF
S214005C4007F1200C1D4610685168083203C56245EE
S214005C502B46F7D110682146286092884846AA80CD
S214005C603A46FFF70DF9054618BBF16A03A82EF071
S214005C70FBFAAA46AB46DDF80C80B8F1000F40F000
S214005C809D801FFA8AF3092B03D929464846FFF759
S214005C90E8FB20466189FFF792FB054648B12C22B7
S214005CA005A9FFF72FFA002800F09E802846FEF789
S214005CB0BCFF2046FFF708FA2046FEF7E8FE00285D
S214005CC000F0A480B4F80AB0BBF1000F00F0B88072
S214005CD010AB3D46994607F1100C1A4628686968CD
S214005CE0083503C265451346F7D17B8C14AAADF878
S214005CF0603005F1100C134628686968083503C340
S214005D0065451A46F7D1009A97F825301992019AF8
S214005D10C3F300131A92BDF874209B0222F49F620C
S214005D2022F0070243F00403134340F6B9314FF460
S214005D30FA60ADF87430FFF749FC9DF875301C909A
S214005D406FF3000320468DF87530FEF7A0FE9DF831
S214005D50753060F341038DF87530FEF784FE9DF8CC
S214005D60753059469B074CBF1C9B394B18441B90FB
S214005D702046FFF724FB054600285CD0382249461B
S214005D80FFF7C0F9002853D106F10408012229467E
S214005D904046FFF72EFB3046FFF7CBFE21463A463D
S214005DA03046FEF77BFE0446002845D0404629468E
S214005DB0FFF757FB3046FFF7BCFE3DE011A8FEF7A5
S214005DC06FFE414610A8FFF754F825B1109AA2EBD3
S214005DD00B02002A02DA4546DDF840B003A8FEF7BB
S214005DE01EFF0AF1010A46E7294648460122FFF748
S214005DF000FB059906F13400FFF780FE59E723F013
S214005E0001035B78002B3FF454AFFEE72046FEF715
S214005E1037FE012814D1009B93B104F1310323F01F
S214005E20010393F800B00BF00F0B0BF1040B4FE7D8
S214005E302846FEF7FAFE032420461FB0BDE8F08F82
S214005E403A46214630461FB0BDE8F04FFEF726BE64
S214005E50486B0100002307B50093FFF7C9FE03B0A7
S214005E605DF804FB2DE9F0419CB0C568FEF7FBFD2C
S214005E70064604A8FEF714FE696802A82EF0F4F998
S214005E801C274FF00008029C2CB92846FFF751FE4D
S214005E901CB0BDE8F08121460EA8FEF7E3FF199B73
S214005EA0F31A002B0EDB9DF86D309A0702D59DF88D
S214005EB06C305BB9002321462846CDE900870EAA40
S214005EC0FFF755FE02A8FEF7AAFEDCE7013B8DF8B9
S214005ED06C301A9B20465B001A9333441993382380
S214005EE061890DEB0302383989B2FFF7C9F89DF8CE
S214005EF06D30DB07E6D40DF1200C12AB0FCB8CE82F
S214005F000F00BDF858300EA904A8ADF83230FEF7E1
S214005F10AEFD9DF86D309DF83520C3F3800363F326
S214005F2004128DF8352061892046383989B2FFF78A
S214005F3046FA04460028C5D0014604AA2846FEF7BD
S214005F40ADFD0028BED02046FEF76FFEBAE72DE96D
S214005F50F04701F1310727F0010715467B1ACA8979
S214005F601C3B9A4206460C4694B000D2FEE7B1F8B7
S214005F700C803846FEF7ADFD04233A4641462046DF
S214005F80A7F80E80FEF763FF00284DD13B7803F09C
S214005F900F03082B48D808F1040120463A1D89B2A1
S214005FA0FEF755FF00283FD10DF118082146404660
S214005FB0FFF707F8002837D14FF6FF79BDF81E30F7
S214005FC04B452CD1FB89BDF820102046C91A89B252
S214005FD03982FEF7CAFE7B78013B032B35D9716800
S214005FE003A82EF041F905F1100ADDF80C90B9F17E
S214005FF0000F40F0D480F36C002B40F00B8120465D
S214006000FEF745FD20B92046FEF73AFD01285DD192
S2140060102B462246032130462EF0C4F956E0404671
S214006020FEF788FF0028C9D02B78FF2B4ED02046DD
S214006030FEF72DFD002849D02B4622460321304688
S21400604014B0BDE8F0472EF0ADB9736ADBB92A4646
S214006050214606F12C00FEF713FF38BB214603A8A5
S214006060FEF7AFFF4FF6FF77002840F02981BDF816
S2140060701230BB4263D0BDF810300B2B5FD003A8A4
S214006080FEF758FFF0E72946B26A98470028DED0A8
S21400609017281BD12B78FF2B18D02B46224684219D
S2140060A0304614B0BDE8F0472EF02CB941892C39A3
S2140060B089B2FFF784F9074640B1FFF705F82A468C
S2140060C039463046FEF7EAFC002857D114B0BDE842
S2140060D0F087474516BF3A46424602F801ABD71846
S2140060E00DF139018F42F1D2BDF814100398C91A88
S2140060F089B2FEF78EFE03A8FEF71CFF002840F0CC
S214006100DF80BDF812304B4503D0BDF810300B2BA6
S214006110F1D1BDF812304B45DBD100233B70776DD3
S2140061209FB9376ACFB9736C23BB2B78FF2BCDD0C2
S2140061302B462246842130462EF0E4F8C6E7474632
S2140061404FF6FF794FF02F0AE3E72B4622464146EB
S2140061503046B8470028E4D0B8E741463868FFF72D
S2140061605DFA28B12A4621467B68B8689847ADE7AD
S214006170FF68D7E72A462146B06CF7E7172808D10C
S2140061802B78FF2B05D02B462246842130462EF056
S214006190B9F8384614B0BDE8F047FEF746BD4946A4
S2140061A04046FEF75FFE51460AA8FEF7A8FB20B160
S2140061B0BDF838206B8C9A4207D09DF82830FF2B0C
S2140061C003D00CA812F08DFF00B32046FEF758FC53
S2140061D0012815D90238C0B2012817D809F13103B1
S2140061E023F001035A887B889A420FD12046FEF797
S2140061F047FC03283FF66AAFDFE800F04F5521144E
S21400620049462046FEF78FF90028EFD103A8FEF78F
S21400621006FDEAE62A462146306D984700287FF4B8
S21400622055AFECE67B78002B7FF450AF0B22CDE920
S2140062300032424649463046FFF799FC46E77B78EF
S214006240E3B99DF84D309A070CD543F001038DF85D
S2140062504D30B9F80A10382338394246484689B2D4
S214006260FEF70EFF0F9B002B7FF430AF301D494624
S214006270FFF7F7F83046FFF75CFC27E73F2B7FF683
S21400628025AF49462046FEF74EF900283FF41EAFDC
S2140062900023CDE900532346CBE72B4622460221B6
S2140062A030462EF07FF80F9F002FF1D09DF8283053
S2140062B0FF2BEDD100232A4621461098B84705E764
S2140062C017283FF432AF01E730B5C46891B001A893
S2140062D02DF093FF216803A82DF0C6FF039D35B966
S2140062E001A904F10800FFF71BFC11B030BD06A899
S2140062F0FEF7D6FB294605A8FEF7BBFD0599019BD0
S2140063005B1A002B07DB29462046FFF7AAF803A8EE
S214006310FEF785FCE2E701A8FFF778FAF7E770B525
S214006320D0F8FC3004462BB193F82230022B01D172
S214006330002070BD04F13C063046FFF7E8FB04F190
S2140063406C0504F1FC039D42F2D095F82220012A48
S21400635001D02435F7E7032104F164000CF00EF9B0
S21400636000B1FEE74FF47A72134BC4F8FC50C4E950
S21400637012234FF6FF7384F86000A4F85830FFF736
S21400638011F90E4BB0FBF3F202FB130000F57A7026
S21400639020653046FFF752FB94F8603053B9636CC3
S2140063A09E4207D0A36C226D9A4203D030462365E6
S2140063B0FFF744FB0120BCE7C0D40100D9D00100A0
S2140063C04160024A01460248FDF7B4BFCC2B0400E8
S2140063D0141B002010B5274C94F87E3F033B032B7C
S2140063E046D8DFE803F002061713BDE810402EF08B
S2140063F02DBDD4F8943F98792BF0F0FCD4F8940F88
S2140064000E22BDE81040002129F0C2B8BDE81040B9
S2140064102EF04EBDB4F87C3F9B0700D5FEE72EF06D
S21400642097F87F2807D094F98F3F7F2B01D09842AA
S21400643001DD84F88F0FFEF716FBD4F8903FC01AE4
S214006440002806DAD4F8E01F0B488031BDE810407B
S214006450B6E794F87E3F94F98F0F022B1CBF0223F9
S21400646084F87E3F26F002FCBDE8104029F04ABAC8
S21400647010BD00BF082B0020E43A00200146024A67
S2140064800248FDF731BF00BFCC2B0400141B0020D0
S2140064904378FF2B04D1408840BA80B2043070475E
S2140064A0981C704738B505460C46FFF7F1FF29469D
S2140064B082B22046BDE83840FEF724BEF7B50E4649
S2140064C01746044602236A4639463046FEF795FDCF
S2140064D0054680B99DF8003023709DF80130FF2BEB
S2140064E00CD00221607002333A68C4F80220A288F9
S2140064F0934214D90625284603B0F0BD0423394636
S21400650030460DEB0302FEF778FDD8B90123637021
S214006510BDF8063004215BBA9BB20433E4E79BB2B5
S214006520934228BF13466288A380134472899BB2A5
S2140065309A42DFD3D4F80230A01DC4F80630FEF726
S214006540FFFFD8E70546D6E773B5044601A80D4613
S2140065501646FEF7E4FF2946204601AAFFF7AEFFDF
S21400656038B92378B34205D0A18801A8FEF7E8FF22
S214006570F1E7172002B070BDF0B585B005461646A7
S2140065800A46014601A81F46FFF7DEFF044650B93B
S214006590BDF808203B46B24228BF32462846BDF822
S2140065A006102DF034FE204605B0F0BD1FB514468B
S2140065B00A46014601A8FFF7C7FF10B9DDF80A3002
S2140065C0236004B010BDF0B51746428985B0ADF81B
S2140065D000101E468A422CBFC1EB0203C1EB01032A
S2140065E0C9439BB289B2994228BF19460546ADF801
S2140065F002106A46014601A8FFF760FF044660B92C
S214006600BDF80C203346974228BF174628463A4620
S214006610BDF80A102DF0FBFDF455204605B0F0BD80
S214006620F0B51746428985B0ADF800101E468A427E
S2140066302CBFC1EB0203C1EB0103C9439BB289B275
S214006640994228BF19460546ADF802106A4601462B
S21400665001A8FFF733FF044660B9BDF80C20964248
S2140066600BD8B2423B4628BF32462846BDF80A1031
S2140066702DF0CDFD204605B0F0BD0624FAE710B596
S21400668002231446FFF7CCFF10B923885BBA238099
S21400669010BD042310B51446FFF7C2FF034618B911
S2140066A02068FEF75EFA2060184610BD30B585B04B
S2140066B0044615460A46014601A8FFF745FF40B9BD
S2140066C001232A462046BDF8061005B0BDE8304036
S2140066D0A6E705B030BD002213B504468DF80720A6
S2140066E0084663B910210DF10702FFF7DFFF0346E6
S2140066F0C8B99DF80720B2B1FF2A08BF252300209D
S21400670062786FF341026270D4E9092160620AB1CF
S2140067101846904741F2883104F1180002B0BDE8EF
S2140067201040FFF780B90623E9E730B585B0044688
S21400673015460A46014601A8FFF706FF38B92A465D
S2140067402046BDF8061005B0BDE8304097E705B016
S21400675030BD30B585B0044615460A46014601A848
S214006760FFF7F2FE38B92A462046BDF8061005B0F7
S214006770BDE830408DE705B030BD73B5154601AABB
S21400678004461E46FFF712FF28B933462A4620461F
S21400679001A9FEF732FC02B070BD10B504460144F4
S2140067A08C4202D30024204610BDA31C9942F9D384
S2140067B06378FF2B02D1231D9942F3D32046FFF7BF
S2140067C067FE20448142EDD323789342EBD0044603
S2140067D0E6E70422FEF796BC0222FEF793BCFF2BE8
S2140067E073B5054616461C4612D18DF805304FF493
S2140067F07F438DF8041001A9ADF80630FFF7E9FFD6
S21400680020B9224631462846FEF77CFC02B070BD11
S2140068108DF8001069468DF80130FFF7DDFF00287F
S214006820F4D1002CF2D0ECE770B505460E461C46B7
S214006830114618460BB1FEF7E5FE22463146C3B2B6
S2140068402846BDE87040CAE707B501238DF8072043
S2140068500DF10702FFF7C3FF03B05DF804FB07B5B1
S21400686052BAADF8062002230DF10602FFF7B7FF75
S21400687003B05DF804FB13B504461046FEF771F945
S214006880042301900DEB03022046FFF7A8FF02B099
S21400689010BD10B50446FEF7E6F8D4E90031E2680C
S2140068A0C01A9A4202D10028A8BF013110BD2DE9B6
S2140068B0F3411E461C4B044683424FF000038B41B7
S2140068C015460AD216A3D3E9002337F031FE17493E
S2140068D0144602462846FEF7EAFE154B4EF66021A1
S2140068E0B4FBF3F203FB1244B4FBF1F34FF47A78F3
S2140068F001FB1344B4FBF8F728460E490097FEF751
S214006900D6FE46B1284608FB17420B4902B0BDE842
S214006910F041FEF7CCBE02B0BDE8F081AFF30080D8
S214006920005C260500000000FF5B2605922B040095
S21400693080EE3600982B0400A72B040013B50068E1
S21400694050B14AB141B100230068019301AB2BF06E
S214006950C1FC0BF05BFC00B1FEE702B010BD2DE9F8
S214006960F843436C15461344026C044693420E46A5
S2140069701AD84FF000084F1900F11009B74214D189
S214006980636C1D44236C65649D420BD1B4F8503093
S2140069902BB104F1100211462046FFF7CFFF00236B
S2140069A0A4F85030BDE8F883FEE7B4F85030102B5A
S2140069B006D14A4649462046FFF7C0FFA4F8508055
S2140069C0B4F850305A1CA4F85020234416F8010B93
S2140069D01A7C50401874D1E72DE9F04F1D4685B05B
S2140069E09DF8383091460293C36C826C2B449342D8
S2140069F00446884629D86FF0200B0F46CA466B1807
S214006A00019300F12003ABEB000B0393019B9F4225
S214006A101CD1E36C1D44A36CE5649D426CD3B4F8B2
S214006A2050302BB104F1100211462046FFF786FFC6
S214006A30002194F8542002F121002044C2F10F02F4
S214006A4005B0BDE8F04F37F064BFFEE7B4F852205B
S214006A50102A16D104F13000024694F854600BEB6D
S214006A6000018E4206DA10F8011D0131C9B201702C
S214006A700029F4D020460399FFF760FF0022A4F80F
S214006A805220029B43BB3E78B9F1000F0AD0B4F8FF
S214006A905220511CA4F85210224492F83020724022
S214006AA08AF80020B4F85020102A08D104F1100209
S214006AB011462046FFF742FF0022A4F85020B4F803
S214006AC050200137511CA4F850102244117C0AF1C2
S214006AD0010A4E40167499E7B4F852209AF80060FE
S214006AE0511CA4F85210224492F830205640B8F1B7
S214006AF0000FD7D03E70D5E705B0BDE8F08F38B5AB
S214006B00D0E912329A4204460D4600D0FEE700F164
S214006B10300200F12001FFF711FF002304F10F02FD
S214006B2094F855108B4200DB38BD12F8011F92F81E
S214006B3020004140E9540133F2E738B50568002DDE
S214006B4044D02B68002B44D0012B07D0042B35D023
S214006B506FF08604284623F0C5F90EE0A86890B3C7
S214006B601E4B20F47E149C421ED1EB6853B91C4881
S214006B7021F0B2FD04460028ECD120460BF046FB7F
S214006B8050B3FEE7E86C0028F1D01FF06BF910F167
S214006B90860F06D00028EBD09330E8D16FF06F0058
S214006BA0E6E76FF07100E3E70E4B0340B3F1607F5A
S214006BB009D105F1100022F0A1FBDBE705F1080082
S214006BC01FF050F9D6E76FF08804C3E76FF086042D
S214006BD0D3E76FF08804D0E738BD00BF0002C003DB
S214006BE0009FFFFF0000C07F08B5006828B1044979
S214006BF022F00CFC0BF00AFB00B1FEE708BD00BF5C
S214006C000900000208B5006828B121B122F076FB21
S214006C100BF0FCFA00B1FEE708BD10B586B00446DE
S214006C20ADF80630084603AB11460DF10602FEF736
S214006C30BAF8BDF810200AB906B010BD2046039970
S214006C40FFF7E0FF03A90DF106002BF047F8F0E789
S214006C50002307B50068019330B1202201AB22F073
S214006C60C3FC0BF0D3FA00B1FEE703B05DF804FBFB
S214006C7073B50C46054646220021A01C37F049FE97
S214006C802C2305F580522380B2F8603605F50356AE
S214006C90C3F12C036380B2F8623604F10801A380C6
S214006CA006F10C00FDF750FE04F1100106F120007D
S214006CB0FDF74AFE05F5B35004F118011430FDF750
S214006CC043FE05F5075004F128010430FDF73CFEAD
S214006CD005F5C05004F130011430FDF735FE05F51A
S214006CE0C15069461C30FDF72FFE238EBDF80020EC
S214006CF013442386BDF80220638E13446386019AEC
S214006D00636B1344636302B070BD1F299DBF0068A8
S214006D10C84000F001000020704710B50B7804460C
S214006D20FF2B04BF0A230B700B780A460133D9B237
S214006D301A29117001D9172010BD2046FFF7E5FF6C
S214006D4010B90131C9B2F3E70020F5E7837FC2200E
S214006D5003F00F03D84000F00100704738B5012952
S214006D600446456832D12AF09BFE237E9A0702D558
S214006D70642828BF64205B0715D5A022204BB0F5F9
S214006D807A7FB3F86A3F28BF4FF47A70534303F50F
S214006D90FA73B3F57A7F06D34FF47A72B3FBF2F345
S214006DA0984228BF1846637E0F2B02D9BC2828BFFE
S214006DB0BC20A36833F07C4204D0C3F31903984286
S214006DC028BF1846002808BF0A206060FDF74BFE63
S214006DD06369014604F10C0098420DD06268AA422D
S214006DE00DD0531A24680A3BE3424CBF0A222146C0
S214006DF0BDE83840FEF712BE62682160F8E738BD8D
S214006E00082B002008B531B1092914D96FF07C434E
S214006E10994228BF19468368C3F319028A4208D0EC
S214006E2061F319038360037EDB0702D50121FFF7B8
S214006E3095FF002008BD0720FCE700F50450383019
S214006E40E0E710B5038904468B4205D1BDE8104043
S214006E504FF400402AF0D8BC01814FF400402AF0DD
S214006E609FFC2089BDE810402AF058BE10B5027875
S214006E7004465107437817D4120701D5F3B110BD65
S214006E80002BFCD1B0F8A030FBB190F83630072BC1
S214006E901CBF072380F83630838E1906EFD4BDE872
S214006EA010403430FDF70EBC002BE8D1438818069E
S214006EB004D5E16904F1D000FEF7B6FCE17A04F1EE
S214006EC03400BDE810402DF0F8B890F84630DA07E8
S214006ED00AD4838EDB0507D594F83630012BCED046
S214006EE0012384F83630CAE72AF049FF0028C6D1C5
S214006EF0F2E738B500F5805494F80C28054612BB26
S214006F0094F8482F114B61F3C30284F8482F104AB7
S214006F101868117038F0ADFA00B1FEE794F8483FF3
S214006F2005F5FA505907C3F3800258BFC3F3C002F1
S214006F3094F88E3F083062F3000384F88E3FFFF724
S214006F4095FF002038BD0D20FCE700BF7C1900200F
S214006F50191A0020012342888B401343438043784C
S214006F6013B9C830FEF742BC704770B50578ED0718
S214006F701DD54578012D1CD0468816F0020F18D175
S214006F80022D16D0C6F38005760712D48362049BC2
S214006F904282C362FF230374C368002908BF1946F0
S214006FA00B4043610221FFF7D5FF284670BD0D2038
S214006FB0FCE70520FAE770B50578ED0722D5457899
S214006FC0012D21D0468816F0020F1DD1022D1BD0B0
S214006FD0C6F38005760717D48362049B002AC36233
S214006FE04FF0FF030374C36808BF4FF4967200297E
S214006FF008BF19460B40428243610121FFF7AAFFF2
S214007000284670BD0D20FCE70520FAE70023038024
S214007010704700F44052B2F5005F034620D148F2B4
S214007020400220F44E5020F03F0090421ED00CD874
S214007030B0F5446F1AD005D8C8B1B0F5046018BFD3
S21400704001207047B0F50040F9E703F44C43B3F570
S214007050404F0BD04CF64043C01A18BF0120704773
S21400706010F4406F14BF01200020704700207047C6
S21400707038B505680C4628462DF0FEFAFFF7C9FF1E
S21400708040B128462DF0FAFAFF2803D02B5A0020EC
S214007090238038BD0620FCE738B505680C46284630
S2140070A02DF0EAFAC30500D5FEE7AC7038BD00F453
S2140070B04053B3F5005F04D100F44C43B3F54C4F96
S2140070C007D0B0F5804F04D380F04000C0F38010A6
S2140070D070470020704710B58388032B12D90068CC
S2140070E02DF0CAFA80F480720446C2F30021FFF73E
S2140070F090FF48B98A1CC4F38123022B06D0032BC9
S21400710017D02BB1FF2212E00A1DF4E70232D2B2EA
S2140071102046FFF7CCFF08B10232D2B2C4F3813466
S214007120022C08D0032C09D0002C18BFFF221046D2
S21400713010BD0832EBE70232D2B2F8E70832FBE7BE
S214007140F8B507680E4638462DF096FA0546FFF75E
S214007150AEFFD0B138462DF091FA04462846FFF728
S21400716058FF08B10234E4B2C5F38125022D07D0DA
S214007170032D08D0FF2C08D000203B5B3380F8BDE1
S2140071800234E4B2F6E70834FBE70620F7E710B56A
S21400719083880446022B07D900682DF0DFFA18B161
S2140071A02046BDE8104096E7FF2010BD38B50546DE
S2140071B00C46FFF7ECFFFF2817BF2B6806201B5C6A
S2140071C000201CBF03F00703237038BD38B5054602
S2140071D00C46FFF7DCFFFF2817BF2B6806201B5C5A
S2140071E000201CBF03F01803237038BD38B50546D1
S2140071F00C46FFF7CCFFFF281FBF431C2A68DBB2F4
S214007200D3581ABF00202360062038BD38B505467F
S2140072100C46FFF7BCFFFF2800D1FEE72A68431C98
S214007220D9B2545452FA83F3220A5A70220C240E0E
S2140072309A70DC702B7F43F001032B7738BD00F08B
S2140072401800102805D0A0F1180358425841C00075
S21400725070470420704708B54307024608D0FFF77A
S214007260EEFF12F0180F0CBF05300630C0B208BD96
S214007270FF20FCE72DE9F04F057B0688B0F802906A
S21400728087B0031D012D04460F4646EA090B0193FD
S21400729030D0022D0CBF0322002294F816A04BEA31
S2140072A0823BBAF1010F04F10E0825D0BAF1020FA5
S2140072B02FD0BAF1000F21D1A37F94F82120003BF4
S2140072C018BF0123B9F5805F4BEAC30305D0B9F5B3
S2140072D0005F21D0B9F1000F29D145B1BAF1000FF6
S2140072E005D0208B618B884208BF43F04003D60749
S2140072F021D5FEE70222D0E74BF4006B5146E08929
S2140073002CF0EFFE0028D7D1022E18BF4BF0200B32
S214007310D2E74BF4406BF1E7BAF1000F40F09480EF
S214007320617F002D40F08880002940F09A80D507C4
S21400733048BF43F48073C2F3400243EA42253B68E9
S21400734004A804934FF4FE03294605932CF067FF28
S214007350E80503D4012104A8FCF7A0FF2846FFF7A0
S21400736058FE18B1618B04A82CF059FF04A84146BA
S2140073702CF060FF2846FFF79AFE18B1218B04A870
S2140073802CF04DFF211D04A82CF054FFBDF814303E
S214007390BB80A67FA6B1E37F0DF10F011E4304A8B4
S2140073A08DF80F60FDF719FC3046FFF754FF411EBD
S2140073B089B204A8FCF772FF3046FDF71FF80646B0
S2140073C094F8213099070ED5022104A8FCF766FF31
S2140073D00D2304214370017004A8FCF75FFF3B7F78
S2140073E043F008033B77AA0523880ED5032B03D06A
S2140073F094F821305B0714D4022104A8FCF74EFF52
S2140074006FF07F0303703F2343702388032B08D15C
S21400741094F820300DF10F0104A88DF80F30FDF719
S214007420DCFB0236B1B204A8FCF738FFBDF8143016
S214007430BB8007B0BDE8F08F00297FF478AF217FCE
S21400744000297FF474AF0CE00DB9617FF8E7022DD8
S21400745002D1BAF1020FF8D0208B618B88427FF4FC
S21400746066AF43F0400362E770B50546FFF733FEAC
S214007470FF28044611D02E6830462DF06FF960B113
S214007480A9888C420BDA305DFFF7E5FEFF2808D0AE
S2140074900444E4B2A142B8BFFF24204670BDFF24D6
S2140074A0FBE70446F9E770B506460D46FFF76FFEA4
S2140074B0FF28044609D03268105CFFF7C0FE22445D
S2140074C00244002053792B7070BD0620FCE770B58F
S2140074D006460D46FFF75BFEFF28044600D1FEE792
S2140074E03268105CFFF7ABFE22440244557170BD53
S2140074F010B50446FFF74BFEFF2806D02368185C3D
S214007500FCF77CFF0230C0B210BD0220FCE770B56D
S2140075100646FFF7A9FFFF2804462CD03568284604
S2140075202DF0AAF883051BD53046FFF7E1FFB1889A
S214007530A21C93B210FA82F28A4205EB04061CDC07
S2140075402A5D02F07F0213449CB210FA83F399423C
S21400755013DB3288C2F3C7127F2A01D09942E7DCD8
S2140075602B7803F00703032B05D128462DF0CCF823
S21400757008B90134A4B2E0B270BDFF24FBE738B509
S2140075800546FFF7C4FFFF28044614D02868037892
S21400759003F00703032B04D12DF0B6F808B101342D
S2140075A0E4B22846FFF7A4FFAB8804449C42CCBF55
S2140075B00620002038BD0620FCE710B50446FFF77D
S2140075C0A6FFFF2816BF23680020C01810BD10B500
S2140075D00446FFF7F2FF2368C01AC0B210BD70B5AC
S2140075E005468688FFF7F3FF04462846FFF780FF28
S2140075F00444301B80B270BD10B5044600682DF000
S2140076003BF8830503D52046BDE810402CE7FF2055
S21400761010BD08B52AF04AFC003818BF012008BD86
S21400762008B52AF043FC00B1023008BD00232DE95E
S214007630F0419EB003930AAB089308230446006803
S2140076400D46ADF824302DF089F8002859D0204694
S2140076500DF10B01FFF7AAFD002852D1204603A921
S214007660FFF7C4FD064600284BD10DF1100843462F
S214007670286869689DF80B2003C303981946FDF730
S21400768013FAA3688DF81C20196808A82CF0B0FD22
S2140076902046FFF72DFF05462046FFF798FF0746D2
S2140076A02046FFF79CFFAB1EDBB20246394608A811
S2140076B0CDF8008029F022FF2046FFF788FF2568D6
S2140076C00246294608A8FFF74AF92046FFF775FF45
S2140076D005462046FFF783FF2A460346294608A8A4
S2140076E00096FFF779F92046FFF702FFA388256882
S2140076F01B1AE91808A8FFF702FA237F43F01003C5
S21400770023771EB0BDE8F0810023F0B5A3B0039345
S2140077100EAB0C930823044600680D461646ADF8DB
S21400772034302DF01BF830B120460DF10B01FFF779
S2140077303DFD10B1082023B0F0BD204603A9FFF799
S21400774055FD0028F6D104AF3B46286869689DF8C9
S2140077500B2003C303981946FDF7A6F931680CA859
S2140077608DF81C202CF044FD2046FFF7C1FE851E38
S2140077702046FFF72CFF06462046FFF730FFEDB207
S2140077802B46024631460CA8009729F0B7FE204645
S214007790FFF71DFF2668024631460CA8FFF7DFF804
S2140077A02046FFF70AFF06462046FFF718FF01228D
S2140077B00346314600920CA83246FFF70DF908A999
S2140077C00CA8FFF79CF92046FFF792FEA3882668D0
S2140077D0181A31182A4608A838F0AEFA003818BF2A
S2140077E00120C000A7E70B6803604B68436003787E
S2140077F083F0020303707047082208B538F09CFA3D
S214007800B0FA80F0400908BD10B5044600680AF0DA
S214007810BFFE4FF00043236010BDF0B5002787B0D1
S214007820044600680E46154605970AF0B1FE4FF06E
S2140078300043236010234FF41051CDE90163074A3B
S21400784045F44073009705A804F06BF90AF0DEFCD7
S21400785000B1FEE7059B236007B0F0BD004440047E
S21400786008210AF08BBE2DE9F04F0026A74B8FB0FB
S214007870D3F828900096B9F1000F00F0228303F5A4
S21400788000549E6294F85931002B4BD019F0030F28
S21400789014D004F55A71A1F6344013F073FE58B9AB
S2140078A004F55C70FFF7DCFF00B1FEE7984829F0AE
S2140078B059FF102029F074FF29F008FF19F4405FE3
S2140078C004D024F016FF08B129F000FF19F4007F59
S2140078D005D019F0040F02D18E4814F03BF819F4C5
S2140078E0827F0AD019F4807F04D194F859012CF0D5
S2140078F048FA10B1874813F095FA19F4800F11D0A2
S214007900854B08A8D3F8542F93F8521F0892FFF718
S214007910FCF9024630B994F859311BB101467F484C
S21400792013F072FB19F40073019300F0468194F88B
S21400793059310BB124F012FA4FF0000A01235746D2
S214007940D04602AA8DF8083003928DF810300DF15B
S214007950200B5146724803AA24F020FC824688B9C0
S214007960B8F1000F3AD14FF6FE73A4F89036009B9C
S214007970C4F89456A4F8923684F89866002024F04A
S214007980D9FA62E0664B08930023CDE909A358466E
S21400799018F057FD0028DCD10A9A5378023B062BD4
S2140079A0F5D9B8F1000F16D094F87F1153888902E4
S2140079B05BBA89B21FFA83FC61450CD0B8F8023076
S2140079C05BBA9BB29942E2D010793978884202D8E5
S2140079D0DDD19C45DBD99046171DD8E7B7F80130B6
S2140079E0B8F802205BBA98B20090D7F80300FDF70B
S2140079F0B8F891B2054652BAB4F890061FFA82F863
S214007A0040453E784FF6FF602AD08142ABD0B5F5B0
S214007A10967F38BF4FF496754249A4F890268D425B
S214007A2028BF0D460120A4F89236C4F8945684F870
S214007A30986624F07FFA94F85B319D0702D424F010
S214007A406AFA10B1384812F031FC0023344D039323
S214007A505A46284603A91CF0FBFBD0B100211EE0C5
S214007A60814280D0B5F5967F38BF4FF496752D4A83
S214007A70954228BF154694F89826B242D2D1B4F85B
S214007A8092260099C4F894568A4218BFA4F89236F3
S214007A9074E79DF832305807C3F38001D8D594F8C0
S214007AA0AC7681B9002F4AD01122204836F031FF3B
S214007AB094F8D436D90702D51B482CF0F7FB1A48A1
S214007AC012F0CCFB3BE09DF83050BD4206D12A4672
S214007AD058461649FDF721F8854229D95E4604F234
S214007AE09C650FCE0FC533682B704FB194F8D43613
S214007AF00D48DA0702D52CF0D9FB0B4812F0AEFB86
S214007B0094F8AC36002B40F0EE80FEE7081B002011
S214007B10703E0020603C0020082B0020FC3D00202A
S214007B20404000209BC42000C0410020A44100200B
S214007B30B649A1F57B6013F025FD0028E0D00525A9
S214007B400026DFF8F88208F62847013D40F0EC8072
S214007B502E464FF0010A03955A46AD4803A91CF07D
S214007B6077FB0546002800F00681002E00F03381E2
S214007B70A84DB5F8B83873B9022105F6A80012F07A
S214007B802BFA40F2222105F6A80014F0FFFD05F6B8
S214007B90A400FEF7C4FBD4F8745775B15A46092101
S214007BA09B4818F039FC40B12846FDF73EF8002304
S214007BB09948C4F87437FDF7AAFF40F6040319EA9B
S214007BC0030F1CBF0023C4F8583640F6042319EAF6
S214007BD0030F02D091481CF0F1FC19F004080DD0F8
S214007BE094F85931022B00F2FD808D48FDF78FFF87
S214007BF000238C4884F80E38FDF789FF19F0805F63
S214007C00844E2FD0002308A8089324F0F9F848BB28
S214007C10089D3DB3D4F804389D4223D0D6F8543F8F
S214007C201D40C4F8045825B97D48FDF770FF84F858
S214007C300E58FF2300258DF80C3003A908A8FFF77F
S214007C406CF82B4601350028F7D0DAB2764B774829
S214007C50B3FBF2F3C4F8083896F8523F84F81038AD
S214007C6012F0DEF919F4804F06D096F8523F6F48AE
S214007C7084F8103812F0D4F919F4805F03D000218C
S214007C806B4815F087FBB8F1000F06D094F8593111
S214007C90022B02D1012024F04DF9019B83B15B49F0
S214007CA0A1F57B6013F06EFC50B1584808A926F089
S214007CB0CEF99DF832309D0702D45E4812F0CEFA17
S214007CC094F859012CF05DF8002840F0BF80C4F805
S214007CD0FC0696F8A439002B40F02081B8F1000F7E
S214007CE000F0C780FBE0494884F8F436FCF79EFEB7
S214007CF0514901F1480011F051FAD4F8DC36D4F8B5
S214007D00E02613430AD01146D4F8DC0604F2EC63EE
S214007D1083E80300474812F094FA10E7454812F04B
S214007D2073FA0028F6D00AE798F8223003B3D8F89A
S214007D301C30EBB103965A46384603A91CF088FA65
S214007D4030B1404629F0D2FC002388F822300FE0FC
S214007D509DF83130DB06EED598F810209DF83030CF
S214007D609A42E8D15946404611F00EFA0028E2D071
S214007D7008F12408E9E69DF83130DF06C3F3001861
S214007D807FF5EAAE05269DF830702C4B013E0AD1F1
S214007D90FDB19BE80F002F7485E80F0085F822A040
S214007DA02B46EE6112E093F8222022B9002D08BF80
S214007DB01D462433EAE71A7CBA42FAD118465946D9
S214007DC0009311F0E1F9009B0028F2D0BDF83420B2
S214007DD01A844646C0E61A48FDF799FE194812F07E
S214007DE0BDF8D8E60823A4F83C380023164984F8E2
S214007DF04438C4F82C18C4F83018FDF7D3FB0948EB
S214007E00C4F83418FDF71AFEF8E600BFEC4100206F
S214007E1040400020082B00208042002048410020DF
S214007E201C43002028430020C13F05000C430020CF
S214007E30B8410020C0410020A44100201834002092
S214007E40E8330020B0330020807F0A0009F00105E7
S214007E50B8F1000F38D1002D58D196F8A43943B1A7
S214007E60019B002B5DD119F0020F02D0854811F05E
S214007E70FAFB19F4047F02D0834814F0E5FC19F0ED
S214007E80130F12D096F8553B7BB10027D6F834571F
S214007E90DFF81082002D40F0CD80002F40F0E68005
S214007EA094F87B339B0740F1D580784B1D4693F8BA
S214007EB04040073403EBC40405F138039C4240F00D
S214007EC0DA800FB0BDE8F08F94F85831580702D525
S214007ED06F4812F0EBF975BB96F8A439F3B994F82D
S214007EE059012BF04EFF0246002800F095806648A8
S214007EF011F0F0FF96F8DC3A012BBAD10421624863
S214007F0011F08FFC604811F070FDB2E794F8FF3670
S214007F10012B14D196F8A439002BAAD0019B002B74
S214007F2075D04FF0050A5B4DBAF1010A0FD15548DE
S214007F3011F099FBD2E694F8FF36012BCCD0012342
S214007F4084F8FF36D4F8FC062BF0F1FFC1E6AB7CD4
S214007F50990701D42035E7E7002302934E4808AA84
S214007F6002A91CF075F90746C0B1EF69002FF1D1E0
S214007F70AB7C13F0010B42D0FCF775FD00F59221A7
S214007F8001F57871012938BF01214448E961FDF700
S214007F90B5FD3946284624F0B1F8DBE79DF83130C8
S214007FA01A07DBD59DF832305B07D7D49DF8303002
S214007FB0402BD3D1294608A811F046FB0028CDD087
S214007FC0D6F8A83953B1314808A9984730B12846A1
S214007FD029F08CFBAB7C67F34103AB74284603A9FE
S214007FE026F035F89DF81E30980748BF9DF81D709E
S214007FF02B7EBB42AED02F7629F068FBAAE7284638
S21400800029F074FBAA7C6BF34102AA74A2E719F06C
S214008010020F3FF463AE8AE796F8DC3A002B3FF493
S21400802028AF1F49184811F08DFC0121164811F0A1
S214008030F8FB1EE7454517D0284625F08FFCEB7C5D
S214008040C3F3400398420CD023B1AB7C990701D50B
S214008050DA0707D50C4811F0D1FB0B4811F0C5FC28
S21400806023E708B10137BFB26D6913E7B6F8E03A07
S214008070BB42EFD119E7AB6B13B14846E96B9847A3
S214008080083519E7AC340020E4350020081B002032
S214008090C0410020C034002040400020B4340020FE
S2140080A0D82B0400703E002001F1080313F8012DC0
S2140080B08B4200F8012BF9D17047F8B507680E46D9
S2140080C038462CF0DBFA044638462CF0D5FA05463E
S2140080D0FEF79FFF04EB4003DBB2FF2B13D0C5F384
S2140080E08120022805D0032807D000230020337201
S2140080F0F8BDFB5A33800123F8E7F9183046FFF73E
S214008100D3FF0223F2E70620F2E7F8B507680E462B
S21400811038462CF0B1FA054638462CF0AFFA04463D
S2140081202846FEF776FF08B10234E4B2C5F3812391
S214008130022B12D0032B13D02846FEF7B8FF08B147
S2140081400234E4B2FF2C06D0C5F38135022D09D0E7
S214008150032D0DD04DB1062009E00234E4B2EBE762
S2140081600834FBE701253B5B338000203572F8BD01
S21400817030463919FFF798FF0225F6E708B5044B95
S214008180C1800022186837F068F900B1FEE708BD24
S2140081907C19002007B50A68C0F80A204A68C0F8AB
S2140081A00E206846FFF780FF0723094A1DF80310D4
S2140081B0013B02F8011BF9D2064B002269461868FB
S2140081C037F051F900B1FEE703B05DF804FB00BFDD
S2140081D0406D00207C1900202DE9F0410446B0F8DF
S2140081E06C600FF0E0F9E36F364AC11A94F880002D
S2140081F000233230A1FB000136F09AF9A02794F84C
S21400820081307E4303EB830300EB430000F17808E4
S21400821000F5647520467608B54230F8843B28BFE2
S2140082203546B04528BFB04613F08002A16F1FD078
S214008230B4F86C607E433144491BFEF7C1F8A36F67
S214008240616F3344A367204B72181A61A378626784
S21400825013F0FD0F33D094F86E00A5F5167508EBF5
S2140082600502491B00F07F00BDE8F0412CF0A8B9DC
S21400827094F86E30DE090BD062F3C71384F86E30C4
S214008280491BFEF79DF82046BDE8F041FCF71ABAF8
S2140082904144B4F86C50FEF793F894F86E307D4382
S2140082A043F0800384F86E3008F092FFA26F636F8D
S2140082B02A44A267044A2B4463671361E3E7BDE8D8
S2140082C0F08100BF40420F00881A0020F8B504462F
S2140082D0B4F86CC090F86E008C45069DB4F87060DB
S2140082E000F07F070CD094F86E0062F3060084F866
S2140082F06E004FF6FF729142A4F870300CD1FEE784
S214008300974206D062F306009E4284F86E00F0D1D3
S214008310F8BD9E42E7D1FBE74FF6FD72934209D8BF
S21400832015480246C16022F8023B2B68C0F80230AE
S2140083306B68536094F86E30A4F86C106FF3C71334
S21400834084F86E3004F18400FEF798F8B4F86C30C8
S2140083504BB10FF028F9606708F03AFFA067204697
S214008360BDE8F84038E723881B06D1D42046BDE890
S214008370F840FCF7A7B900BF881A002013B590F89C
S2140083802030DB0717D590F8212002B9827A0B4CF3
S214008390343004F5C073009330F8121CB4F89C31E6
S2140083A0FFF794FF29F085F904F5AC7002B0BDE83C
S2140083B0104013F0CFBA02B010BD00BF083B00203B
S2140083C008B519B1A1F10B030F2B0ED800F5805399
S2140083D093F8692F8A4206D000F5FA5083F8691F91
S2140083E00830FFF7CBFF002008BD0720FCE710B5DC
S2140083F004460C30FEF789FC00B3A27A8A4205D107
S2140084004FF4804029F000FA002010BD4FF4804061
S214008410A17229F0C5F904F5B470FEF7F7FD2378CC
S2140084209B06F1D4A37AE37294F8213013B9204660
S214008430FFF7A4FF2046FEF719FDE5E70720E4E76F
S2140084401FB590F820300446990703F001020ED5B8
S214008450418C61B1F2B943F0010380F82030FFF798
S2140084608DFF204604B0BDE81040FEF7FFBC8AB181
S214008470002294F8203011466FF3000384F8203071
S21400848002AB009304F134004FF6FE73CDE90222EE
S214008490FFF71CFF04B010BD024608B569B902F527
S2140084A08052B2F86A3F00F5FA5008301BB1A2F8C5
S2140084B06A1FFFF7C5FF002008BDA020B1FBF0F340
S2140084C000FB1310F0B94FF6FF70834228BF034637
S2140084D0B1F51B5F9BB215D302F5FA5002F5805238
S2140084E0B2F86A1F08308B42E5D0A2F86A3FB1FAAC
S2140084F081F2B3FA83F352095B099A42D9D1FFF7A6
S2140085003DFFD8E70720D7E7004865E6843A002015
S2140085100A4690F8FE10FEF740B9002910B514BFC1
S21400852033210E211446FFF7F3FF38B1D0F802309E
S2140085302360D0F806300020636010BD1720FCE7EB
S214008540F8B5044618300D46FDF7E1FA4FF0FF3354
S21400855023746374A374E37423756375A375E3755A
S21400856023726372A372E37223736373A373E3735A
S21400857095F8FE30DBB126466378284643F00103C3
S214008580637016F8087B32463946FFF7C6FF28B9EF
S21400859096E8030004F1100383E8030017B92846A1
S2140085A029F04AF92078BDE8F8402BF04CBDF8BD1C
S2140085B02DE9F0410746884603261B4D86B0013E4E
S2140085C002D106B0BDE8F0813B7803BB6B7803F5BB
S2140085D00033404629780593FFF79AFF044600B318
S2140085E04278F2B1FF2A0CBF04230223034401930E
S2140085F0012341F20101029200934FF0004205A8C8
S21400860003F08FFA09F002FE014610B1FEE7AB78E0
S214008610DDE76278FF2A0CBF04200220204436F0F3
S21400862078F90335CBE700BFE02B040070B50D46A4
S214008630C2B00446FBF7C8FF95F8FE60002E3BD19B
S2140086402378002B14BF0220012024F0C5FA0C2842
S21400865000D1FEE7637866F300032246637028467F
S21400866012F8081BFFF759FF48B14FF0FF3323728B
S2140086706372A372E37223736373A373E373FCF7EB
S214008680F2F923786060012B2FD11948FDF73FFAE5
S21400869034212846FFF73CFF38B3FBF7C4FE154BE2
S2140086A00246984228BF1A46D5F80011104842B034
S2140086B0BDE87040FDF7B2B901A82BF0CCFC3246FD
S2140086C0294601A836F044FBD5F80031204601A91A
S2140086D041938DF80261FFF76BFF207801A928F01F
S2140086E0D9FF637843F00103B7E742B070BD00BF1F
S2140086F0A43900200014730F70B50C460546C2B0AE
S21400870001A82BF0A8FC94F8FE602146324601A88A
S21400871036F01EFBD4F80031284601A941938DF8A7
S2140087200261FFF745FF287801A928F0B3FF42B0A1
S21400873070BD10B591F8FE200446FF2A09D080F8D7
S214008740FE2036F005FBFCF78EF9C4F80001002089
S21400875010BD0720FCE72DE9F8430F46984690F831
S214008760FE4005461646FFF7D3FEC4F1FE0401465A
S214008770A4B208F1020918B94C450AD2032021E038
S214008780437802331C44A4B24C45F7D32846FBF783
S21400879045FF95F8FE30B8F1FF0F994405EB03004E
S2140087A085F8FE90EF5414BF022304234246314658
S2140087B080F80180184436F0CBFAFCF754F9C5F877
S2140087C000010020BDE8F88310B50446FFF7A0FEC0
S2140087D0014620B12046BDE81040FBF71FBF10BD84
S2140087E000232DE9F74FFE2281F8FE300378054678
S2140087F0002BADF8042014BF0220012001AA0C466D
S2140088002AF026FD0746002842D1BDF80430FE2B8C
S2140088103DD88146314E84F8FE3006F1060B2B78A3
S214008820002B39D196F801A020463178FFF770FE6C
S214008830804698B142788AB1FF2A0CBF04210221F3
S21400884001AB01440AF5003009F00CFD38BB98F87E
S2140088500120019B9A4218BF4FF0010903365E457E
S214008860DDD1B9F1000F03D021462846FFF744FFBB
S2140088702B78BBB933212046FFF7A6FF34212046CC
S214008880FFF7A2FFFCF7EFF8C4F8000100E0172797
S214008890384603B0BDE8F08F96F802A0C4E74FF064
S2140088A00109DBE734212046FFF732FE06460028A2
S2140088B0EED0FBF7B8FD0A4B6D68984228BF184605
S2140088C08046FCF7D0F8431B98458ABF2D1A002037
S2140088D005EB0800B11CFCF7E7F8D3E7E02B040033
S2140088E00014730F30B50446C3B001A82BF0B3FBD9
S2140088F001A92046FFF774FF054601A92046FFF7A9
S2140089001FFE284643B030BD70B50C460546C2B0C3
S21400891001A82BF0A0FBFF220021204635F0F9FF2E
S214008920284601A9FFF75CFF054640B99DF802619D
S2140089302046324601A936F00BFA84F8FE60284637
S21400894042B070BD4FF0FF3310B504460374437455
S2140089508374C374037543758375C375037243725A
S2140089608372C372037343738373C37343786FF363
S21400897000034370FBF728FE2378002B14BF022069
S214008980012024F029F90C2800D1FEE704F1180094
S214008990FDF7BDF82378012B02D10448FDF7B7F8A0
S2140089A02078BDE810402BF04EBB00BFA439002055
S2140089B038B500F5005393F85931044693B900F5DD
S2140089C0FA500830FFF713FD054648B904F5F25093
S2140089D00430FFF7B7FF04F5F3501030FFF7B2FF8F
S2140089E0284638BD0D25FBE738B500F5005393F84B
S2140089F05951044685B900F5FA500830FEF721FAB9
S214008A0004F5F2500430FFF79DFF04F5F3501030E4
S214008A10FFF798FF284638BD0D25FBE72DE9F04106
S214008A2005460E46B9B300F5005393F85941A4BB6A
S214008A3000F5805800F5F657D8F8D80E183781425A
S214008A4010D14FF4802028F0DFFE05F5F2500430F8
S214008A50FFF778FF05F5F3501030FFF773FF204659
S214008A60BDE8F08109F094FD4FF48020C8F8D86E78
S214008A7028F096FE4FF4807028F092FE3846C8F82C
S214008A80DC4E11F087FE064BC3E96444C3F89841F8
S214008A90C3F88C41D9E70724E1E70D24DFE700BFE0
S214008AA0083B002070B58CB0054602A80C46FBF7C4
S214008AB0F7FF4FF2BF03ADF82A306B789B0726D43A
S214008AC02B78002B14BF1C200D2023F08FFC0646AD
S214008AD0F8B1214694F8FE20FCF714FB044690B942
S214008AE002A81BF047FB31460B4B0C48009502AA28
S214008AF0FDF77EF8044630B96B7843F002036B70DE
S214008B0020460CB070BD3046FCF78FF8F8E7182406
S214008B10F6E70324F4E700BFD7660000183300200A
S214008B2038B5154623F072FC044650B101462A4675
S214008B300448FDF78FF920B12046BDE83840FCF721
S214008B4074B838BD18330020024690F8403030B56F
S214008B50C4189442154606D1402B08D05A1C80F8FB
S214008B604020C15403E02D7801328D42F1D130BD52
S214008B702DE9F0419CB0804601A80C461F461646DB
S214008B80229DFBF78DFF4FF2BF03ADF82630002382
S214008B908DF86C3023781BB10E210BA8FFF7D4FF9D
S214008BA063781BB133210BA8FFF7CEFFA3781BB168
S214008BB005210BA8FFF7C8FFE3781BB103210BA81C
S214008BC0FFF7C2FF23791BB102210BA8FFF7BCFFFA
S214008BD063791BB107210BA8FFF7B6FFA3791BB17A
S214008BE034210BA8FFF7B0FFE3791BB101210BA8D6
S214008BF0FFF7AAFF237A1BB100210BA8FFF7A4FFFB
S214008C00237B1BB14A210BA8FFF79EFF637A1BB19B
S214008C1004210BA8FFF798FFA37A1BB10C210BA821
S214008C20FFF792FFE37A1BB135210BA8FFF78CFF05
S214008C303744BE421BD198F80030002B14BF1A20D0
S214008C400B2023F0D3FB064670B39DF86C30A3B917
S214008C5001A81BF08FFADDB93146144801AAFDF7CA
S214008C60F9F8044680B920461CB0BDE8F08116F835
S214008C70011B0BA8FFF768FFDBE70D210BAAFDF72A
S214008C80AEFD04460028E3D03046FBF7CEFFEAE709
S214008C902B4605AC1035224618685968083303C2BF
S214008CA0AB421446F7D1D7E70324DCE7183300209D
S214008CB030B50446C3B001A82BF0CDF9204601A973
S214008CC0FFF78EFD044668B9074D15F8011B01A88D
S214008CD0FFF71EFC20B10134E4B2052CF5D10120CB
S214008CE043B030BD0020FBE7E62B040010B50C4671
S214008CF00E21FFF70DFC38B1D0F802302360D0F813
S214008D0006300020636010BD1720FCE7082208B577
S214008D1037F012F8B0FA80F0400908BD2DE9F043AC
S214008D204B79804613F0180F0D4693B000F0D880AC
S214008D3008A810F0ABFB044630BB9DF82830FF2B8C
S214008D4000F0CA800AA82CF0C3FC20B965490EA81A
S214008D50FFF7DCFF30B164480AA912F013FC0028C4
S214008D6000F0BC809DF8383008F5B357FF2B07F1AC
S214008D70080710D006A9384606952CF017FF0446BB
S214008D80069828F009FF0025284628F005FF20460B
S214008D9013B0BDE8F0830EA810F01EFB40B12946C4
S214008DA0384608AA12F00CFB04460028ECD1E1E78E
S214008DB00EA810F005FB0028DCD028212846FBF77B
S214008DC0E0FF9DF8261000297DD1022303AAFCF7B8
S214008DD03EF804460028D7D1BDF824209DF80D3073
S214008DE052BA013392B2B2EBC30F4FEAC30668D34E
S214008DF001468DF80D302846022303AAFCF740F9F9
S214008E00214608222846FCF713FA81460446002825
S214008E10BAD10146082328462A460096FCF740FAAF
S214008E2032490AA8FBF76BFD00283CD040F26D23C0
S214008E308DF81290ADF8103008F5805898F8303755
S214008E4004A85A1C88F830278DF8133010F03BFB26
S214008E503146034604AA2846FCF712F904A810F087
S214008E6032FB10F00701044610D0C1F10801C9B268
S214008E7006A810F051FB06A810F025FB2644B6B253
S214008E8003463146284606AAFCF7FAF8BDF8243011
S214008E905BBA08335BBAADF824302822284608A906
S214008EA0FCF7C6F980E740F26D43ADF8103040237A
S214008EB08DF812300E4BB3F85C315BBAADF8143057
S214008EC0BAE7062460E72946384608AA12F01AFAD6
S214008ED004460028E1D057E7142455E7022453E758
S214008EE0072454E7503E00203C320020883E0020F5
S214008EF0083B002038B504460D46FFF707FF28B1AB
S214008F00BDE838404FF4003028F07EBC2B684FF4A4
S214008F10003023606B686360BDE8384028F040BCD2
S214008F20F0B50546007840B30A88C600F6B2B2FB34
S214008F30F6F3012706FB1322431EDCB2C2F3C4037A
S214008F40E31A55FA83F35B7802F0070207FA02F297
S214008F5013EA020011D04B88B3FBF6F206FB12337D
S214008F60C3F3C402A41A55FA84F003F007039F4023
S214008F7043783B4214BF01200020F0BD41F221039C
S214008F8037B50C460546014601A8019323F00CFAB6
S214008F9048F205032080294601A8019323F004FA2D
S214008FA0608003B030BD30B50546A9B008A80C46B1
S214008FB02BF0AFF808A8FDF717FE0822294608A8E8
S214008FC0FDF720FE694608A8FDF742FE6B4603CB78
S214008FD020602378616043F00203237008A82BF01A
S214008FE08EF829B030BD13B50446684611F07EF9F8
S214008FF0638862785BBA022AADF8003000D1FEE7DB
S214009000023AD2B2022A28BF02226846211D11F077
S21400901057FD0020009B9AB262F30F001B0C63F30F
S2140090201F4002B010BD00232DE9F3410B604389B9
S21400903004460E46002B33D01D4F608988B30128A6
S2140090402ED06068218978B302236A46FBF7E1FEDA
S2140090506D466B78628903F10208424520D32A7870
S214009060C2B9042B1CD1606828B106236A4604F1F5
S2140090700801FBF7C2FFD5F80200FBF772FDFBF70D
S214009080D6F92B78002B0CBF3B46002318403368DC
S21400909003433360414604F10800FCF751FACCE77D
S2140090A0062002B0BDE8F08125680D44D1E700BF78
S2140090B000F8FF071FB500230293ADF80C30831CA1
S2140090C00193437801A8ADF80E30FFF7ACFF05B06A
S2140090D05DF804FB73B590F8FE300546FF2B00EBF9
S2140090E003065DD1062002B070BD6178FF29F9D075
S2140090F0A21C9642F6D32046FDF7CAF920448642C3
S214009100F0D323780E2B0BD80E2B10D8DFE803F005
S214009110213E442E42420F440F0F0F0F340F4400DF
S214009120352B2CD013D8332B36D0342B36D0611BAE
S2140091302846227889B2FDF730FB0028D2D1204697
S214009140FDF7A6F90444B442CFD30020CBE74A2B60
S214009150EDD10229C6D9A378002BC3D1B4F80330C9
S2140091605BBA0B3B9BB20F2BE1D9BBE71046FCF773
S2140091700FFB0028DBD1B5E70229D8D8B2E7204696
S21400918001A9FFF797FF0028D1D0ABE70223994249
S214009190CDD2A7E71023FAE70823F8E70423F6E77B
S2140091A00446D0E730B585B00C466A4635210546FC
S2140091B0FDF7FCF938B9009BCDE90105214601A869
S2140091C00393FFF730FF05B030BD002310B504460B
S2140091D083710948084058B1237004236370FBF775
S2140091E026F9FBF7BEFC0623C4F80200A37110BDE7
S2140091F0002AF1D1FBE700BF00F8FF0773B591F82E
S214009200783005460C465BB16846FBF7ACFC082395
S2140092106A460E212846FFF79EFA002840F0BB80DB
S21400922094F879306BB1684604F11001FBF79BFCAB
S21400923008236A4633212846FFF78DFA002840F0B7
S214009240AA8094F87E30002B40F0988094F8803006
S2140092507BB10021B4F85A306A465BBAADF80130EB
S214009260284603238DF80010FFF775FA002840F013
S214009270928094F884307BB10022B4F85C308DF88C
S21400928000205BBAADF801306A4603234A2128461F
S214009290FFF761FA00287ED194F883306BB1002284
S2140092A06846616FFFF791FF6A46352128469DF8AC
S2140092B00630FFF750FA00286DD194F87C30002B6A
S2140092C06BD194F87D3043B108230721284604F17A
S2140092D04902FFF740FA00285DD194F87A3043B18E
S2140092E010230521284604F12002FFF734FA00284F
S2140092F051D194F87B306BB104F130061121304621
S214009300FCF780F93246C3B203212846FFF723FA5A
S214009310002840D194F87F305BB1B4F858306A46E4
S2140093205BBAADF80030012102232846FFF713FA96
S21400933088BB94F881303BB110230421284604F101
S2140093405E02FFF708FA30BB94F88230A3B12046DD
S21400935040F20C43ADF8003030F86E3F01A95BBA1E
S214009360ADF8023023F0A0FA04230C2128460DF1B4
S2140093700202FFF7F0F970B900200CE0606DFBF711
S214009380F0FB042300906A4634212846FFF7E3F9F1
S21400939000283FF45BAF02B070BD082302212846C8
S2140093A004F14102FFF7D7F900288AD0F3E7034615
S2140093B008461A79196835F0CBBC08B502790068FA
S2140093C036F0BAFCB0FA80F0400908BD73B56E46B8
S2140093D0054603C986E803009DF80410FCF712F959
S2140093E0C4B2102C10D8294630468DF80440FFF73A
S2140093F0E4FF08B12B5D4BB130462946FFF7D7FF97
S2140094000020285502B070BD0720FBE71820F9E7BA
S214009410112337B5054608460C4600918DF80430F2
S21400942035F02AFD01462046FCF7B2F928B1694618
S2140094302846FFF7CBFF03B030BD0720FBE738B563
S21400944000F5005292F859210546B2B9B9B10B7829
S214009450ABB100F5F5501030FFF7DAFF28F0DCF975
S214009460044605F5F2500430FFF76CFA05F5F350A4
S2140094701030FFF767FA204638BD0D24FBE70724B7
S214009480F9E710B500F5005393F859414CB900F5CB
S214009490F6500130FFF7BCFF182818BF04462046D8
S2140094A010BD0D24FBE74FF6FF720388934208D1E8
S2140094B0D0F80220013204D1C088C01A18BF01209B
S2140094C070470120704708B50346D0F80200FBF746
S2140094D048FB198849BA89B208BDF7B50C46064656
S2140094E088220021204635F014FA354696F8FE30DC
S2140094F033449D4201D303B0F0BD2B780E2B0BD81E
S2140095000E2B11D8DFE803F0338A5079A568105C7B
S21400951010101010B4102000352B31D009D8332B82
S21400952000F08480342B37D02846FCF7B1FF054482
S214009530DCE74A2BF8D10122B5F8033084F8842002
S2140095405BBAA4F85C30EFE70123A81C84F87830F7
S214009550FFF7B9FFC4E900012B895BBAC3F34E03DA
S21400956023812B895BBA03F00103A372DCE7012297
S214009570B5F8033084F880205BBAA4F85A30D3E7F5
S21400958069462846FFF796FD0028CDD1012384F8CA
S2140095908330009B6367C7E72846FAF744FF01233A
S2140095A0606584F87E30BFE7012384F87C30D5F808
S2140095B00230C4F84130D5F80630C4F84530B3E779
S2140095C0012384F87D30D5F80230C4F84930D5F848
S2140095D00630C4F84D30A7E7012304F1200784F8CD
S2140095E07A3005F1120CAB1C3A46186859680833F5
S2140095F003C263451746F7D196E7012384F87B300C
S2140096006B78AA1C102B28BF1023694604F1300083
S21400961000928DF80430FFF7D9FE85E701226B88AB
S21400962084F87F205BBAA4F858307DE70123A81C95
S21400963084F87930FFF747FFC4E904012B895BBA49
S214009640C3F34E0323832B895BBA03F00103A3768F
S2140096506AE7012304F15E0284F8813005F1120105
S214009660AB1C53F8040B8B4242F8040BF9D15BE7B2
S2140096702846FFF7B8FC0123009084F88230C4F82F
S2140096806E0051E730B50446C3B001A80D462AF077
S214009690E2FC214601A8FFF74CF8044640B901A8B1
S2140096A0FFF718FD044630B9294601A8FFF715FF55
S2140096B0204643B030BD0724FAE770B50C46054691
S2140096C0FFF7F1FE01462046FFF7EDFE81422CD162
S2140096D02846FFF7F8FE064620460A46FFF7F3FE42
S2140096E08A4208BF864204D0B04291410ED2012081
S2140096F070BDEB885BBAC3F34E0299B2E3885BBADF
S21400970098B2C3F34E039A4203D0F0D84FF0FF301E
S214009710EEE701F0010300F00102934207D0002BB0
S2140097200CBF4FF0FF300120E2E70029F8E70020E9
S214009730DEE72DE9F04180460E4618F8105B044639
S2140097402946174630464246FEF7E7FE0543EDB289
S2140097507DB1404604F10801FFF7AFFF00280FDD9A
S21400976031462046FEF762FF20782AF06CFC002087
S21400977004E0304628F060F80028EAD0BDE8F08122
S214009780002FEDD10028EFD041F2883104F1180007
S214009790FCF749F9E8E770B500F1080604460D46FF
S2140097A0C4B031461030FFF788FF002821DA23784E
S2140097B083B903A82AF04FFC03A90F48FFF710F857
S2140097C001A903A8FFF792FA20B9314601A8FFF7CE
S2140097D074FF70B129462046FFF764F9032808D1C4
S2140097E041F2883104F1180044B0BDE87040FCF73F
S2140097F01AB944B070BD00BF7839002043789B0783
S21400980006D4044B93F85931023B012B00D8C2E72B
S214009810704700BF083B002038B504460D46FEF7EB
S21400982005FF0A4B93F8593133B1022B09D0207843
S214009830BDE838402AF007BC29462046FEF780FEE1
S214009840F5E729462046FFF7D9FFF0E7083B00205A
S21400985030B50C46C3B0054601A82AF0FCFB2146ED
S21400986001A8FEF766FF18B10724204643B030BDB6
S21400987001A8FFF72FFC04460028F5D1284601A9C9
S214009880FFF7CAFFF1E710B50446C2B001A82AF0F8
S214009890E2FB204601A9FEF7A3FF18B9204601A95E
S2140098A0FFF7ACFF42B010BD0048ECE74C39002093
S2140098B00048E8E7783900208378028803B909026F
S2140098C0114489B28A4284BF013189B283F0010310
S2140098D001808370704738B50C468D18AC4200D1B5
S2140098E038BD14F8011BFFF7E7FFF7E708B5034696
S2140098F00846FBF736F9586008BD2DE9F043D0F866
S214009900FC30044697B02BB93C3017B0BDE8F043A6
S214009910FCF7FDB893F82230022B0DD0032B00F095
S214009920DF80012B40F0AF80FBF79DF80222D4F8D1
S214009930FC30A06683F82220D4F8FC300CA81E8CDD
S214009940FBF7AEF808206F4929F018FF05460028F7
S21400995000F0998001238DF81430B4F8643005A91E
S214009960ADF8153094F866308DF81730FCF731FFF7
S214009970002840F0AF80644B0593FBF774F8A36EA5
S2140099800622C01A4FF47A73B0FBF3F040BAADF873
S214009990180005A92846FBF7B5FB002840F09A807A
S2140099A00DF10408404623F02BF998E80300574BC6
S2140099B0059306AB83E80300554B6946284600939B
S2140099C0FCF707FF002840F0858005A90C222846F2
S2140099D0FBF798FB014600287CD1D4F8FC30002B1E
S2140099E078D04C4B40466F8910220193FFF77EFFDC
S2140099F0CDE9031128464146FBF784FB002869D1D0
S214009A00454B04F19008059304F59079C8453DD17F
S214009A1004236A4639462846FBF719FA6B89394605
S214009A20043BDB1B5BBA2846ADF802306A460423CB
S214009A30FBF726FB4FF46063284605A90593FCF761
S214009A40C8FE002846D1354F10AB97E8030083E8E0
S214009A5003004FF07F431293FE2307F138010CA852
S214009A6076BAADF84C30ADF84E60FBF700F840F231
S214009A7023232A46ADF85230211D0CABA7F54B60C8
S214009A8012F0EAF830BB17B0BDE8F08318F8023CD5
S214009A90013B012B02D908F12408B7E738F8043C4B
S214009AA0B342F8D1A8F124030DF1180CA8F1140E56
S214009AB0624618685968083303C273459446F7D15E
S214009AC000231C22284605A9CDE90A33FBF71AFB1A
S214009AD00028E0D0284617B0BDE8F043FBF7A5B84D
S214009AE00023C0F8FC30FCF71AFC0028CBD104F1A8
S214009AF03C052846FCF70BF8201D10F02FFA2846E8
S214009B0003E700BF56270400000800020003001BFE
S214009B100001000C0003000C00050018503E002059
S214009B202DE9F0430C4695B0064604232046898965
S214009B3003AAFBF78CF9002840F09A8004212046FF
S214009B40FBF713F99DF80C30072B40F091800322A9
S214009B5006F164010DF10D0036F0EEF8002840F035
S214009B60878021460DA8FBF7DAFC2046BDF8362094
S214009B70BDF834102AF04EFA002879D1214602208A
S214009B800DAAFBF7E8FC002872D105A804AD23F067
S214009B9037F82A4621460120FBF7DDFC002867D16E
S214009BA00C23294620460DAAFBF727FA00285FD18A
S214009BB0BDF83430B3F5407F5AD1BDF83630B3F532
S214009BC0D85F55D109AF0DF1380898E8030087E84B
S214009BD00300384605A9FDF70FFE002848D02146A9
S214009BE00DA8FBF79CFC0E232046BDF83620BDF8DA
S214009BF0341000972AF0C7F9002839D13846FAF70A
S214009C0015FF21460DA8FBF78AFC03232046BDF866
S214009C103620BDF8341000952AF0B5F940BB102365
S214009C202946204605AAFBF7E8F908BB1021284676
S214009C30FBF786FC2046BDF81220BDF810102AF06F
S214009C40E9F9A8B9049B09940A9305230C933846AE
S214009C50FAF748FD06F1FC0943E01C2320460DAA4E
S214009C600BA9FBF7CAF918B906F16C05A94502D18C
S214009C7015B0BDE8F08395F82230002B3CD0EB6998
S214009C80002B39D1802241462846FAF746FF2B7C26
S214009C90C0B2834230D898E80F0085E80F001298CB
S214009CA0FAF75FFF0346A8611398FAF75AFF0222F5
S214009CB0E861003818BF0120003B18BF01236A7412
S214009CC0AA7C43EA400322F003021343AB74032347
S214009CD0284685F8223027F045FD9DF83330002BC6
S214009CE0B5D09DF83330002BB7D09DF83230002B1E
S214009CF0BED1B38A13B9FEE72435B7E7304615B0B0
S214009D00BDE8F043F9E50448B0F8B83803B9FEE713
S214009D1000F6A400F1E500BF082B00204068FAF723
S214009D2020BF0246402308460021FBF790B830B516
S214009D30054691B0084622F0FDFE0446014605F1B0
S214009D403C00FBF774FB0CB911B030BD68462146E9
S214009D50FFF7E7FF0F9808B1FAF767FF2046FAF714
S214009D6064FF0E9CEFE770B590B006460C4668465A
S214009D7049681546FFF7D5FFDDE901329DF800106A
S214009D80062909D8DFE801F00404040404040400EA
S214009D9013B12146284698473046616810B0BDE8A2
S214009DA07040C4E7F0B50F46154689B02022002162
S214009DB0044668461E4634F0ACFD39462A466846D8
S214009DC021F034FF0396014630B16B462A46204602
S214009DD0FFF7E8FF09B0F0BD024669462046FFF7E8
S214009DE0C2FFF7E730B593B00D46C16B68462AF060
S214009DF03BFA009C14B9204613B030BD214602A899
S214009E00FFF78FFFBDF80A30AB42F4D0109C002C51
S214009E10F4D16846FAF703FFEBE7F8B504461746B1
S214009E200D4631B90FCF0FC497E80F0084E80F0036
S214009E30F8BD06460FCD0FC695E80F0086E80F0062
S214009E4020460FF06EF948B13B46224607F1100156
S214009E5053F8040B8B4242F8040BF9D1238A0BB952
S214009E603B8A238263690BB97B696361237E0BB9E6
S214009E703B7E2376637E0BB97B7E6376A37E0BB92F
S214009E80BB7EA376E37E0BB9FB7EE376237F002BB7
S214009E90CED13B7F2377CBE738B590F870300446B9
S214009EA093B90A4D95F87C3B033B022B0CD805F67C
S214009EB01A300FF036F938B905F61A3104F15000A9
S214009EC0BDE83840FAF7D3BD38BD00BF082B0020E8
S214009ED070B50E4688B00446154600212022684616
S214009EE034F017FD304622F025FE054B2A46CDE914
S214009EF0003069462046FFF736FF08B070BD00BF49
S214009F00081B0020002303604360836070472DE930
S214009F10F04315468FB0804601A89946FFF7F2FF3A
S214009F2004A80F46FAF7BCFD95F83030013385F8E3
S214009F303030FAF798FD6B6A0344EB606B88002BB1
S214009F4050D1022101A808F019FB0446002840F071
S214009F50A180BDF804100029F3D049BA404689B262
S214009F60FFF740FF0028ECD1BDF804305BBA6B80E9
S214009F709DF8063095F8292003F00703012A8DF88E
S214009F80063004BF43F001038DF806302B78082016
S214009F90032B14BF4FF480734FF400734749ADF89A
S214009FA0083029F0EBFB0646002800F085800C22DE
S214009FB001A9FBF7A7F80446002851D17B89402267
S214009FC0403B394630469BB2FBF7F6F8044600287D
S214009FD046D12B78062B09D8DFE803F02D2325275A
S214009FE027292B005BBAADF80430C1E700235BBA23
S214009FF0ADF800304FF4807369463046ADF8023055
S21400A000FCF7E7FB044658BB2B78032B15D0B28928
S21400A01073899B1A95F82C209BB2022A24D1072418
S21400A0201EE00123E3E70C23E1E72123DFE710230B
S21400A030DDE76B8EDBE71C23D9E77B894022403BBC
S21400A040394630469BB2FBF7B7F8044640B91C4B7E
S21400A050694630460093FCF7BCFB04460028D6D081
S21400A0603046FAF7E2FD15E0B3F5007FD7D808AC26
S21400A07005F110030FCB84E80F002B8C3246ADF8A9
S21400A0803230104804AB08F1040111F0E5FD044637
S21400A0900028E5D1B9F1000F04D0E96808F14400C2
S21400A0A0FBF72CFD384640232A460021FAF7E8FF46
S21400A0B020460FB0BDE8F0830324EBE756270400E4
S21400A0C000100001A03100202DE9F0479946838A50
S21400A0D088B006460C4690469DF840A05BB10B78CB
S21400A0E0012B0FD191F82A30012B06D1264802A960
S21400A0F01AF036FB30B10D2500E00725284608B0DB
S21400A100BDE8F0874A464146204601AB22F0AEF84D
S21400A11005460028F2D1019F0122394606F13C008F
S21400A120FBF767F9012322463046FFF7F0FE0546A7
S21400A13020B139463046FFF7FAFDDFE7BAF1070FE0
S21400A140DCD0608084F830004A464146204684F8D9
S21400A15000A0676302AB22F089F80028CED1DDF8B4
S21400A16008802246012341463046FFF7D0FE394696
S21400A1702046FFF7D6FD4023224629463846C4F837
S21400A1803880FAF77DFFB9E740400020F0B591B07F
S21400A190044668460E46FFF7C4FD9DF80030032BC4
S21400A1A002D0012011B0F0BD9DF82B30052BF8D160
S21400A1B004A80EF0B6FF70BB04F17105284604A98A
S21400A1C0FAF7A5FB38BB94F8A11003290ED1FBF7CC
S21400A1D0E9F9C0B2B0FBF1F101EB4101401A04EB22
S21400A1E0001000F171012846FAF738F994F8A1300A
S21400A1F0032B10D05A1C04EB031384F8A1207133F0
S21400A20004AA08AF154603CDBD42186059602A4619
S21400A21003F10803F6D130467189FBF783F8074649
S21400A2200028BED00523002501466A468DF800307A
S21400A23020460123ADF802508DF830500D96FFF7FA
S21400A24066FE04236A468DF8003031460123204618
S21400A250ADF802508DF830500E97FFF758FE28469E
S21400A260A0E770B5254D94B0684629F0C6FFD5F82E
S21400A270741A02A829F0F8FF05F63825029CD4B90E
S21400A280DDE9003103F10043013B8B4202D01C485C
S21400A290FBF734FC14B070BD21462846FFF776FF66
S21400A2A020BB214604A8FFF73CFD68460799FBF74C
S21400A2B0ADFA129CB4B1214604A8FFF732FD139EF6
S21400A2C0009A002EF5D1079BD21A002AEDDB9DF8E6
S21400A2D040209DF838309A42DED31C22214628467C
S21400A2E0FFF7F6FD02A8FAF79AFCC7E733462146C1
S21400A2F0284604AAFFF70BFED7E700BF082B00206E
S21400A300843500204022002134F003BB2DE9F043C1
S21400A31093B0044616461F460D46DDF86C809DF841
S21400A320709019B9072013B0BDE8F08302A8FFF7B4
S21400A330E9FF414604F1500206A8FFF76EFD8DF8CE
S21400A3403990B8F1000F03D098F81B30052B0CD0CD
S21400A3509DF83330052B08D106A904F17100FAF7F1
S21400A360D6FA10B104238DF833309DF83330022B23
S21400A37014D0042B10D0012B18D1072204238DF8FB
S21400A38008301A9B009204932A463346204602A9B8
S21400A3900397FFF799FEC6E70522EFE705238DF83A
S21400A3A00830B9F1000FBDD10722EAE703238DF884
S21400A3B00830F9E71FB500240294079C00F5D15039
S21400A3C00194069C18300094FFF7A0FF04B010BD5F
S21400A3D01FB501240294079C00F5D1500194069CF9
S21400A3E018300094FFF792FF04B010BD38B50D4644
S21400A3F040210446FBF706F92A46C1B22046BDE8CE
S21400A4003840FAF7C1BE2DE9F0418846054688B1C6
S21400A41000242046A3B2EF5C1FB12E2F01D00134DA
S21400A420F8E7231A13F0FF01A6B206D117B196B9C2
S21400A4306B7883B90020BDE8F081FD2E0BD842462C
S21400A4402844FAF7A1FE0028F5D10136B0B201344F
S21400A450002FDFD1EEE70720EDE7002307B50DF16B
S21400A46007018DF80730FAF768FE03B05DF804FBC5
S21400A4700346B3F5404F07B5084600D3FEE76FEA3C
S21400A48083436FEA93430DF106015BBAADF80630DD
S21400A490FCF7A2F903B05DF804FB10B50C46FFF715
S21400A4A0B2FF18B92046BDE81040D6E710BD13B578
S21400A4B004460123218920680DF10502FAF7C7FC3E
S21400A4C058B99DF8053013F0C00010D13BB9638928
S21400A4D013B9238901336381172002B010BD228986
S21400A4E0A371013292B21344A2802381F5E7C028FB
S21400A4F01CD10223218920680DF10602FAF7A7FC79
S21400A5000028EAD1638913B9238902336381BDF831
S21400A510063022685BBA9289C3F30D031344A289FE
S21400A5209BB29A4202D92381A381C2E70620D4E7D0
S21400A5301FB500220C460B880090ADF80830ADF829
S21400A5400A20ADF80C306846FFF7B1FF0028FAD0B5
S21400A550172802BF0020BDF80A30238004B010BDC3
S21400A560F0B51746002285B01D460B880090684659
S21400A5700C46ADF80830ADF80A20ADF80C30FFF701
S21400A58096FF88B99DF806602B78B3420ED93346FD
S21400A5903A46BDF804100098FAF759FC20B9BDF801
S21400A5A00830B8552E70238005B0F0BD0320FBE7B9
S21400A5B02DE9FF41144600220F464FF001081D46C4
S21400A5C00B880090ADF80830ADF80A20ADF80C30D6
S21400A5D06846FFF76CFF20B1172831D004B0BDE8FD
S21400A5E0F081B8F1000F04D12E23013D04F8013BA1
S21400A5F0ADB2402D2B4628BF40239DF80660DBB247
S21400A600B34201D80320E9E733462246BDF80410DA
S21400A6100098FAF71CFC0028E0D1A219A055B8F162
S21400A620000F03D1013C14F8013F2BB9AE1B1446B2
S21400A6304FF00008B5B2CBE72E2BF4D10620CDE7BD
S21400A6402E23012D2370DDD00020BDF80A30607067
S21400A6503B80C3E7F7B50F6805460C468179384658
S21400A6601646FAF7CFFF814202D0002003B0F0BDB5
S21400A6700D4B3A46009328680B46A988FAF7C9FCA2
S21400A68003460028F1D02068AA7981182160825CF0
S21400A690B2FA82F04009002EE8D12E2A02BF01311C
S21400A6A018462160E2E700BF9D4400002DE9F04314
S21400A6B013680D468FB0002B31D00A880021ADF804
S21400A6C03020ADF834201A7806932E2A0A90ADF87A
S21400A6D0321011D001260AA8FFF7E9FE0446A8B1F9
S21400A6E017280FD126B1069B1B78002B08BF002425
S21400A6F0BDF832302B8005E05A1C5B780692002BA2
S21400A700E8D0072420460FB0BDE8F083002EE2D044
S21400A710024606A90AA8FFF79DFF0646DBE756682D
S21400A720002E59D00A960126128909880690ADF89F
S21400A7302010ADF82230ADF82410ADF83020ADF87A
S21400A7403230ADF8342006A8FFF7B1FE044658B103
S21400A7501728D7D12EB10AA8FFF7A9FE172808BFD9
S21400A7600024BDF82230C5E7002EECD00AA8FFF77B
S21400A7709EFE26460028E6D19DF81E309DF82E4007
S21400A7809C42E0D1BDF81C10069803AB0DF10A02FE
S21400A790DDF82880BDF82C60ADF80A40FAF703FB18
S21400A7A0DFF83C90BDF8107047B13B463146404656
S21400A7B0039ACDF80090FAF72CFC18B9B4FA84F690
S21400A7C07609C0E73E44E41B03A90DF10A00B6B2C1
S21400A7D0A4B227F083FAE5E70FB0BDE8F043A7E69A
S21400A7E09D44000030B504460D4685B001AA0A23F4
S21400A7F0FAF72DFB6289C5F57F43F63313445BBA3F
S21400A800ADF80C3029460A23204601AAFAF738FC90
S21400A81005B030BD70B50D461446064602460A23FE
S21400A82021462846FAF713FB40B933896A895BBA92
S21400A8300A3414FA83F3934288BF062070BD7FB5AE
S21400A84005460E46144614B9204604B070BD31467F
S21400A8502846FFF76DFE0028F7D12946328801A862
S21400A860FFF7D8FF0028F0D1BDF80C3032885BBA6D
S21400A8700A331344013C3380A4B2E4E72DE9FF47D2
S21400A88080460D4692460A88014601A89946BDF8BC
S21400A8903070FFF7BFFF0646B0B9BDF80430BDF80C
S21400A8A00C405BBA64BA9BB2A4B25345298804F143
S21400A8B00A040DD1A7420BD83B464A464046FAF753
S21400A8C0C6FA2B881F442F80304604B0BDE8F087B8
S21400A8D0214417262980F7E72DE9F04F06468846DB
S21400A8E0144687B01D460B88BDF844A0BDF84CB092
S21400A8F0ADF80A30FCB13046109A0DF10A01FFF7A8
S21400A900D5FEB0B1172817D10027BDF80A903146FA
S21400A9104A4603A8FFF77EFF70B9013CA4B2C7B948
S21400A920BDF8143009F10A025BBA1A44ADF80A20E1
S21400A930E0E70127E9E7172007B0BDE8F08F129B94
S21400A9400A371B89013D5BBA1F44ADB2ADF80A70E9
S21400A950D0E752463046129BCDF800B00DF10A0102
S21400A960BDF80A70FFF78AFF1728C3D00028E3D186
S21400A970002DE4D1BDF80A30A8F80030DCE72DE958
S21400A980F04F1E6B05461C46104689B0002E3FD180
S21400A9909B6A002B3CD0AB68002B39D0002939D1FC
S21400A9A02B8A6A8AADF812300A21002384F82E30EA
S21400A9B003911021CDE900010DF1140ACDF808A08D
S21400A9C0A8680DF11201FFF787FF00283CD1BDF8FB
S21400A9D01C80A38D98FA98F81FFA88F7D4F828B048
S21400A9E0BDF81290BB4228BF3B465A464946A86867
S21400A9F0FAF72DFA30BBA38DB944BB42ADF81290DE
S21400AA000DD2012384F82E305046FFF787F92063D5
S21400AA1000200CE02B8B6A8BADF81230C4E7A4F84C
S21400AA202C80B3B29F4205D80028EDD0062009B08E
S21400AA30BDE8F08F18B91BF806000136F1E70138BB
S21400AA40C0B2FAE70328DCD01728E1D0EFE72DE9FB
S21400AA50F04304460F46154628264FF00A0889B0EC
S21400AA600DF114092FBB238A628AADF81230052334
S21400AA70CDE90298CDE900530DF112010023A0683C
S21400AA80FFF72AFF172819D080B9A268BDF8123040
S21400AA90C5E900022B81A0680DF11201FFF748FD01
S21400AAA020B9013EB6B2002EDCD1062009B0BDE8C2
S21400AAB0F083238B628BADF81230D8E70020F5E7E1
S21400AAC0F0B504461F4691B0A36806AD0E4607CA09
S21400AAD085E8070093B32A4631462046FFF7B7FFBE
S21400AAE0024618BB2EBB238A628AADF816301A239C
S21400AAF003931C23CDE9005309AE02963B46A0689B
S21400AB000DF11601FFF7E8FE024678B916990DF129
S21400AB102E030DF13E0053F8044B834241F8044BDC
S21400AB20F9D13046FFF7FAF8179B1860104611B0B7
S21400AB30F0BD238B628BADF81630D8E71722F5E709
S21400AB40F0B51C4600238DB0CDE90533ADF81C30BA
S21400AB5023680546164613B100200DB0F0BD806888
S21400AB60002865D0002956D12B8A6A8AADF81230A3
S21400AB7010230393212308AFCDE900630297002337
S21400AB800DF11201FFF7A8FE0028E6D13846FFF7C0
S21400AB90C5F8BDF82E3020605BBAA380BDF82A3019
S21400ABA0BDF812605BBAE380BDF82C30E2685BBA91
S21400ABB02381AF68ADF81C6006978AB33846238AAF
S21400ABC00DF11201FFF7F4FC0028C6D1BDF82820CD
S21400ABD0A6F1100352BA92B212FA83F3BDF812200D
S21400ABE00A339A4226D87A89934223D8ADF812308F
S21400ABF004F1120630460EF094FA0028ACD0243445
S21400AC00002301212846CDE9006405AAFFF758FF76
S21400AC101728A2D1A0E72B8B6A8BADF81230A7E7D6
S21400AC2038460DF11201FFF783FC0028E0D094E7C8
S21400AC30172092E7062090E72DE9F0410C46E8B091
S21400AC4000210646154603A8202233F062FE214660
S21400AC5018A8FFF766F89DF86030033B012B4CD828
S21400AC609DF89130002B48D02A46214603A820F0B4
S21400AC70DDFF342200210BA833F04BFEFF2300211A
S21400AC804027ADF83C306A460DF1A0080BAB03A890
S21400AC90CDE90014CDF83880ADF80870FFF750FF06
S21400ACA0054650BB0DF13E000EF03BFA28B3204699
S21400ACB08DF86050ADF862508DF8905021F03AFF54
S21400ACC0294625906B46424618A821F0CFFA05463D
S21400ACD098B9DDF80080012318AA41463046FFF7F0
S21400ACE016F9214618A8FFF71CF83B4629462046C9
S21400ACF018AACDF89880FAF7C3F968B0BDE8F081D5
S21400AD002DE9F04399B0064602A80D468C89FFF758
S21400AD10F9F800230246CDE90533ADF81C3021468C
S21400AD200C232846FAF793F8002840F0AD809DF8EB
S21400AD300A300C34DA09ADF8064000F0A58013F0AE
S21400AD40780F40F0A1809A07C3F3400700F19C807B
S21400AD50BDF80810304649BA89B2FFF743F80446F2
S21400AD60002800F09180014608A8FEF7DAFF9DF85B
S21400AD7020804023B8F1030F14BF4FF001094FF0B5
S21400AD800209BDF80C20ADF81C3053BA9BB24B45F7
S21400AD90069473D1284605AA0DF10601FFF786FC36
S21400ADA0002871D1BDF806300433ADF806307B1CA0
S21400ADB099454FF00107EDD8BDF80E20284652BA47
S21400ADC092B20DF10601FFF73AFD00285CD1BDF8FE
S21400ADD01020284652BA92B20DF10601FFF72FFD59
S21400ADE0002851D1BDF81220284652BA92B20DF171
S21400ADF00601FFF724FD002846D19DF80B20474B9F
S21400AE0002F00F02134493F82F706FB9B8F1030FD6
S21400AE100AD106F171080CA94046F9F778FD0146FB
S21400AE2010B14046F9F71AFB05A8FFF76BF8214664
S21400AE3008A8FEF776FF9DF8203063BB9DF84A30E1
S21400AE40012B28D10C232846A98905AAF9F7FFFF6C
S21400AE5008BB9DF8173013F00F0318D0032B1AD039
S21400AE6000220123ADF822208DF8502021463046DE
S21400AE7008AA8DF82030FFF74AF805E09DF80B3059
S21400AE801B0701D0002A97D019B0BDE8F083BDF8A3
S21400AE901A30002BE4D06FB121463046FFF776F922
S21400AEA00028F1D03A462146304619B0BDE8F043B6
S21400AEB0FFF70EB82A4621463046FFF7BDFE20466D
S21400AEC021F038FE07465FB9204621F033FE3B46A8
S21400AED001462A46304619B0BDE8F043FEF762BF89
S21400AEE0394608A8FEF71DFFBC4201D0179B0BB1E0
S21400AEF0169FE8E7214608A8FEF713FF179E002EC8
S21400AF00C2D169892846FAF70DFA402317903146D0
S21400AF10204608AAFAF7B4F8B6E700BFBC2B040030
S21400AF200823F9F794BF2DE9F04F4AF6AA7785B0C3
S21400AF30D1F8048001F10903029301F584730093AC
S21400AF40B8EB070318BF01230C7A91F807518DF868
S21400AF500C402C448146083400F5105091F80661E8
S21400AF6004EB8304414602AA34308DF8045015F0F1
S21400AF70C9FAFE2C06F0010603D9032005B0BDE889
S21400AF80F08F09F5005999F838B499F839345C44CB
S21400AF909C42F2DCD9F834A489F838441AEB0B0446
S21400AFA0EBD000230A22B84563700AF80B2033D092
S21400AFB0A3704046F9F7D5FDC4F803009DF80C30A1
S21400AFC004F10801E37102A8FEF7F1F9204614F037
S21400AFD013FF2B1D18446070204614F018FF002243
S21400AFE0114B0446B3F85C3142700C225BBA027017
S21400AFF04380011D02356846FEF7D9F965704EB1EB
S21400B0001AF80B3043F001030AF80B30237843F0AC
S21400B010010323700020B1E78023A3709DF80C3055
S21400B020211DE370CFE700BF083B002000000000B2
S21400B030FEE7F8B504460127124D0CB314F00100E4
S21400B0400BD0002024F0010405EBC0021668002E89
S21400B050F3D05168C0B2B047EFE72246013020284F
S21400B0604FEA520201D0D307F8D507FA00F20F28AC
S21400B07024EA0204E8D9421E05EBC2021038E5E7CE
S21400B080F8BD00BF60430020064BD3F82404D3F875
S21400B090202403F50053104000F05530C3F8200478
S21400B0A0C7E700BF00C00350064BD3F82404D3F80C
S21400B0B0202403F50053104000F0AA30C3F8200403
S21400B0C0B7E700BF00C003502DE9F041194B1F6DD4
S21400B0D05B6D1F4000D5FEE701260025164CDFF805
S21400B0E0608037421CD0C8F850602368C3B1A1689E
S21400B0F0284601316268A1609847637B012B0FD117
S21400B10070B90E4B03EB451393F87C2160F34102B4
S21400B11083F87C2193F88C2160F3410283F88C211C
S21400B1200135082D4FEA460604F11004D9D1BDE8D2
S21400B130F08100BF0000045050440020604300200F
S21400B1400020045010B5416C4369A1F11404DA1CC8
S21400B150B2FBF4F203EBC2000330B0FBF4F0B1F53F
S21400B160805F00F1010002D1012828BF01200130D4
S21400B17010BD73B506460D460024F36B01225B69CD
S21400B18001A928199847019B013309D1736C04342F
S21400B19062196A405B421A42EFD0204602B070BD88
S21400B1A00024FAE72DE9F341154690F842201E46A2
S21400B1B0012A0CBF022304235D43CF7D2C1D844649
S21400B1C005F00205BFB915B1012724F0030448684D
S21400B1D008342044DCF83C30012A5B6927D101A9F9
S21400B1E0984717B1BDF806300193BDF804303360B8
S21400B1F002B0BDE8F08155B124F0030400230D7EB3
S21400B20001F1200ED8B2854203D80020E2E72F468F
S21400B210F4E73EF8330003F10108A04204D901EB3D
S21400B220C303D8690834D4E74346241AEAE7012260
S21400B230314602B0BDE8F041184703460846EFF332
S21400B240108172B6024ADB6BC2F87012DB681847D0
S21400B25060430020D01E009B42424241187E82423C
S21400B26012D11A688A420FD85A688A420CD35A6991
S21400B27001325A61D3E90302824205D2986840F847
S21400B28022101A6901321A610120704700234FF01C
S21400B290FF3142689A4202D8002303727047026860
S21400B2A042F83310026802EBC30251600133F0E744
S21400B2B0002370B546689E4210D00568DC0055F83D
S21400B2C03320B2F1FF3F0AD0C2F31302914206D1F7
S21400B2D04FF0FF322A51036823445A6070BD013391
S21400B2E0E9E710B5032A029C07D1A26A5340626CB4
S21400B2F05242134201D1FFF7DBFF012010BD0023AD
S21400B300F0B545689D4202D14FF0FF300EE004686C
S21400B310DE0054F83340671C09D0C4F31307B94263
S21400B32005D1240D1470036833445868F0BD01330A
S21400B330E8E773B5164600F108040D46204609688E
S21400B3400DF10702FFF7DBFF032E05D16B68834282
S21400B35002D12046FFF7ACFF012002B070BD00BF4F
S21400B3602DE9F0414668002E3AD0056898464FF021
S21400B370000CAE4655F83C40C4F31307013401D028
S21400B380B94222D00CF1010CB4450EF1080EF1D1F1
S21400B39000273C4603E0B44207F108071DD055F8E5
S21400B3A0343001340133F6D16FEA01316FEA1131DE
S21400B3B0E9510168CB59C3F3130343EA0853CB5151
S21400B3C003683B445A60BDE8F08141EA0851CEF874
S21400B3D00010036803EBCC03F4E7B8F1030F03D1C6
S21400B3E001230372BDE8F08100273C4603E0B44227
S21400B3F007F10807F4D055F834300134C3F3075C7E
S21400B400BCF1030FF3D11B0D1B050B43EB51D0E72B
S21400B41008B508301346D1E90012FFF7A1FF012056
S21400B42008BD41F67132044B0020DA63012203F5B1
S21400B4300053DA60704700BF0000035041F67132D7
S21400B4400121044BDA6303F50052D1600022DA636F
S21400B450704700BF00000350704737B5054601F13E
S21400B4600C04436901A9012220469847BDF8043020
S21400B4700122009369462046AB69984703B030BD69
S21400B480202A0B681EBF4FF0FF3191408B435908AE
S21400B49001F055315B1A03F033319B0803F0333368
S21400B4A00B44017803EB13130A444FF0013103F009
S21400B4B00F334B43A2EB13620270704737B5044656
S21400B4C000251B22011D0DF107008DF80750FFF720
S21400B4D0D7FF63689DF80720B2EBD36F03D123F044
S21400B4E0784003B030BD1B2204F108018DF80750E8
S21400B4F0FFF7C6FFA0689DF80730B3EBD06F0ABF12
S21400B500C0434FF0FF3020F07840EAE72DE9F043E3
S21400B5100646994689B0036908460F4690469847FE
S21400B5200446002867D1D9F804305B0A012B22466E
S21400B5304FEA530304F10104F8D899F8035099F838
S21400B54002302D03DB0203F4006305F480551D432F
S21400B550B9F800304FF00009C3F30A0352032B4436
S21400B56092B29D18294B0DF107001B2228F0784453
S21400B57002A9039302948DF80790FFF781FF9DF8C8
S21400B58007306FEA054544EAC36404946FEA08048A
S21400B5901B2224F0784402A902948DF80790FFF746
S21400B5A06FFF9DF807306FEA154544EAC3644FF015
S21400B5B0FF3301220594069307A9B369079507F19F
S21400B5C01000984701220446B36905A907F1080050
S21400B5D098470122484518BF0446B36904A9381D98
S21400B5E098470122484518BF0446B369384603A960
S21400B5F0984728B1044639463046FFF72EFF01E04B
S21400B600002CF8D1204609B0BDE8F08301009AB2BC
S21400B61010B5124B0446D3F8200100F007000428AA
S21400B62016D8DFE800F003090D111800012304B155
S21400B630206001B10B6010BD094B18680423F6E7C3
S21400B640074B58680323F2E734F052FC0523EEE775
S21400B65000231846EBE702230248E8E70080005084
S21400B66080740020002D31012DE9F84341F6713336
S21400B6704FF001081E4D0446EF69EB631D4B002199
S21400B680C3F80C800223686121202B6134F064FF2C
S21400B690DFF86890064607F4803740B1C9F80C809A
S21400B6A007B1E96301360CD16E20BDE8F88321208E
S21400B6B034F052FFC9F80C8007B1EE63431CF3D098
S21400B6C008B17120F1E70C4B9A6801230A3202F0A8
S21400B6D01F02934023F0030323449C4201D1002021
S21400B6E0E3E754F8042B0132F7D03E20DDE700BF35
S21400B6F000000350001003500080E00F00200350AD
S21400B70080F89510704790F895007047D0F8A030F4
S21400B7109A695206FCD50020D9637047D0F8A0304D
S21400B7209A69120643BF5B6A00200B701B207047A5
S21400B730BFF34F8F0549064BCA6802F4E062134315
S21400B740CB60BFF34F8F00BFFDE700BF00ED00E00A
S21400B7500400FA0500F01F03A0F50620A0F55060CF
S21400B760812811D801229A40094B400903EB800337
S21400B770D3F878121143C3F87812D3F88C1221EA62
S21400B7800201C3F88C1270474FF0FF30704700BFBD
S21400B7906043002000F01F03A0F50620A0F55060CF
S21400B7A0812810B51ED80121104A400902EB8004FA
S21400B7B09940D4F88C320B43C4F88C32D2E99E13ED
S21400B7C00B44D2F880120B44D2F884120B44D2F801
S21400B7D088125B1805D1C2E9A333C2E9A533C2F8C3
S21400B7E09C3210BD4FF0FF30FBE700BF60430020E7
S21400B7F01FB500239A6AB2F5804F04D340F20110B9
S21400B80005B05DF804FB126BB2F5804FF6D201224C
S21400B81001A8CDE902338DF8042026F066FB039BD1
S21400B820DB03EBD5029B1A0EE8D0012A03D1C3F343
S21400B83007430A2BE2D900239B6A1B6B1B6C9847B5
S21400B840DEE710B5044644EA010313F00303084696
S21400B85009D1934201D1002010BD54F8231040F8BE
S21400B86023100133F5E72146920033F071FAF2E730
S21400B87038B5202204460D460C30002133F049F836
S21400B8804FF0FF33C4E90035A36038BD2DE9F74F0C
S21400B890384C4FEA820AE269894602F4803341F660
S21400B8A0713201210093E263334A8046D1608346B9
S21400B8B04A46574677B938460122304BDA60009B35
S21400B8C013B100222B4BDA63431C3DD0002846D030
S21400B8D071203AE00BF5005525F4FF5525F01F05BD
S21400B8E0C4F814B0A5EB0B05E169BD4228BF3D4680
S21400B8F0490731D4164656F8041B2A44A1619642DD
S21400B90010D1042200212120226134F025FE0028D7
S21400B910D2D1212034F020FE0028CDD13246AB44CF
S21400B9207F1BC7E708210846019234F015FE019AEE
S21400B93070B1042301222361104BDA60009B0BB127
S21400B9400023E3630130C3D16E2003B0BDE8F08F5F
S21400B95056F8041BA161D2E74FF0FF30ACE7524621
S21400B9604946404634F0E8F9002814BF3D20002040
S21400B970EBE700BF00000350001003500020035008
S21400B9802DE9F743D0E9043404F17C07D0F80C9095
S21400B9900646013B102200213846D4F874809DB23A
S21400B9A032F0B7FF0B4BC5F30A0543EA0513C4E9AB
S21400B9B01F39012394F8780084F88C30C4F884800A
S21400B9C03A46054B009604F1640129F09DFA03B04F
S21400B9D0BDE8F08300001030DDB9000010B5144655
S21400B9E053690022D3F8900083F88C2028B10168B0
S21400B9F0C3F890100260FFF7C3FF63681BB1002115
S21400BA002046A2689847002010BD034610B593F85C
S21400BA1094200846FAB10A69B2F5006F1DD8EFF314
S21400BA201184302282F311884B6193F88C207AB10E
S21400BA3003F19002D3F890303BB90360106084F3B2
S21400BA401188BFF36F8F002010BD1A461B68F3E7FE
S21400BA50FFF796FFF3E70E20F6E72120F4E7302302
S21400BA6037B5007D0DF10701434303F1A04303F50D
S21400BA708023DD6E1C6F34F09FFC9DF8070040B9F4
S21400BA80054B9D4203D184F00204C4F3400003B08A
S21400BA9030BD0120FBE700BF0046002010B504467D
S21400BAA0FFF7DDFF38B1236DD4E91202024493425A
S21400BAB018BF184610BD3022237D534303F1A04320
S21400BAC003F58023DB6EEFE710B5084C204633F015
S21400BAD08CFB20B994E80700054B83E80700BDE817
S21400BAE0104001214FF0FF3033F081BB404004008E
S21400BAF0044600200368D90444BF43F4806303600F
S21400BB0003689A0444BF43F400630360704713B5A8
S21400BB10044601A80191FFF7EDFF019BA36002B068
S21400BB2010BD2DE9F04786B00546DDE90F960C46B8
S21400BB30174600211822684698469DF838A032F02D
S21400BB40E8FEB9F1000F27D0BAF1010F08BF2B6845
S21400BB504146684608BF0593CDF804A0FFF7D7FF17
S21400BB60ADF8004024F0FF04B4F5824F03970AD0E6
S21400BB704FF6F872B2EBC60F4FEAC60338BF4FF661
S21400BB80FF73ADF802302B463246494668461DF034
S21400BB9069FA06B0BDE8F0876FF08600F9E74FF067
S21400BBA0FF307047FEE700207047012070470120F5
S21400BBB070474FF0FF3070470020704700207047F6
S21400BBC00020704730B40446EFF3108072B6256844
S21400BBD085EA02030B406B40236030BC34F020BC87
S21400BBE0BFF34F8F0549064BCA6802F4E062134361
S21400BBF0CB60BFF34F8F00BFFDE700BF00ED00E056
S21400BC000400FA05F8B50D461646044600284FD03F
S21400BC10EFF31187302383F31188264BD3F81033C4
S21400BC204B1E0E2B34D9002937D0002201214FF0AD
S21400BC30300C6378207899401E4B0CFB00334EB3D3
S21400BC4041F210001950637894F800C0072B0CEBF3
S21400BC504C0C4FF00F014FEA0C1C20D89B001648E6
S21400BC609A4099406044FFF7ADFF5DB9012230204D
S21400BC70637821789A400F4B00FB0133AEB141F256
S21400BC8010015A5087F31188BFF36F8F0020F8BD5C
S21400BC900A46CBE742F21000D4E70A46D3E7083B51
S21400BCA09B0006489A409940DCE742F21001E8E71C
S21400BCB02220ECE700C0035004C003500CC0035021
S21400BCC070B10122417803788A4030214B4341F21B
S21400BCD0100103F1A04303F5703300205A5070475B
S21400BCE02220704770B10122417803788A403021C3
S21400BCF04B4342F2100103F1A04303F570330020DA
S21400BD005A507047222070470B4B93F8B02262B10E
S21400BD1007280CD803EB001393F8FC304BB1012333
S21400BD20064A83401364002070470548704705485C
S21400BD3070470548704700BF60430020001004505D
S21400BD40028000F0018000F0078000F00B4B93F8B3
S21400BD50B02262B107280CD803EB001393F8FC302E
S21400BD604BB10123064A8340136400207047054800
S21400BD707047054870470548704700BF604300207D
S21400BD8000200450028000F0018000F0078000F0E0
S21400BD9010B50446007DFFF7B7FF3023207D4343F0
S21400BDA003F1A04303F58023DA6E196F084B9A421D
S21400BDB00BD111F0020104D0216D236ACB1A59422F
S21400BDC05941FFF7C3FF084610BD0021F9E700BF41
S21400BDD0004600202DE9F04790F8943004460D46C2
S21400BDE0002B65D14FF0300890F895708E18AE4253
S21400BDF04BD094F89630B3B32046FFF7C9FF90BBFC
S21400BE00EFF3118988F31188207DFFF77DFF204628
S21400BE10FFF744FEA36C411E994238BFE16C94F8CC
S21400BE2054A038BF01F1FF31207D38BFC918FFF795
S21400BE308DFFBAF1000F12D10B46D4F89800984245
S21400BE400BD013F80129112A01D0132A20D1A2F110
S21400BE5011035A425A4184F89C20C4F8981089F37A
S21400BE601188BFF36F8F94F89C30002BBFD0236EE1
S21400BE70A9462A785B689FB9236E20465B6899F8C6
S21400BE800010013598470028B1D00020BDE8F087A3
S21400BE90A26C9A4282BFE36C03F1FF339B18CEE795
S21400BEA00A2AE9D10D21204698470028E4D0ECE77D
S21400BEB00E20EBE710B5EFF31184302383F31188DF
S21400BEC000220E490B7B73B90D49026001EB02128A
S21400BED00121C2F8F03082F8FC1084F31188BFF319
S21400BEE06F8F184610BD0132082A01F11001E9D102
S21400BEF084F31188BFF36F8F0248F3E750440020A5
S21400BF0060430020048000F038B505460C46FFF775
S21400BF1019F96B6CA3F11402B3F5805F02FB00F015
S21400BF2005D140F6E8736969994288BFCC30E31DB5
S21400BF30B3FBF2F3013304EBC304204438BD38B539
S21400BF40054644692146FFF7DFFF6A6CE31D143A95
S21400BF50B3FBF2F3AA69144404EBC3040C34204484
S21400BF6038BD00BF2DE9F0410646406882B0C0B13A
S21400BF700F4690460024336853F8345003EBC4034E
S21400BF80C5F30752C5F31301013504F1010406D0C9
S21400BF905B683046CDF80080B84710B170688442C0
S21400BFA0E9D302B0BDE8F081036813F07E0F03D139
S21400BFB0406820F07C40704713F078001CBF03F008
S21400BFC07F03D81F70474BF29A2210B503680446C9
S21400BFD0B2EB134F13D19BB2012B15D1FFF76EFABC
S21400BFE0013011D04FF6FF72E068B2EB104F4FEA07
S21400BFF010430BD180B2C01A18BF012010BD013308
S21400C00014BF04200320F9E70420F7E70220F5E731
S21400C010F0B50546002687B0EC69013CB44203D86B
S21400C0200C46204607B0F0BD01B14C1E6F6C286868
S21400C030EB6B05225B6901A907FB0400984701A882
S21400C040FFF7C1FF0128ECD921460136E4E7F0B539
S21400C05003680646CC1A436C0025B4FBF3F487B09D
S21400C060F36937685A1E9542706C06D3736C306855
S21400C07003FB0400143007B0F0BD0134B4FBF3F248
S21400C08003FB1244F36B05225B6901A900FB0470F5
S21400C090984701A8FFF797FF0128E7D90135DFE7A2
S21400C0A010B423F0030422449B070A44436C18BFD1
S21400C0B004325B4282EA0104234202D05DF8044B5C
S21400C0C0C5E710465DF8044B70472DE9F04F14465F
S21400C0D006460F468BB00393C36B01225B6907A924
S21400C0E060689847F36B01225B69384606A9984753
S21400C0F0079B5D1C07D10022A360A2756275002015
S21400C1000BB0BDE8F08F0122A2750022217E069DAD
S21400C11004EBC101CF610A846068C5F3D31CB84242
S21400C12005F07F010CD14FF0FF33C4F800C0217535
S21400C130A360237D043B022B26D80023A375DEE7ED
S21400C14094F814E020688E4503D1A0EB0C00424220
S21400C150424103F07F0001288CBF00200120012906
S21400C1608CBF00210121884218BF002215F07E0FE7
S21400C170A27503F07E0304D1002BDAD00023A3754A
S21400C180D7E7002BD5D1F9E715F07E0F0FD1F36B6B
S21400C190022238465B6908A9984708A8FFF704FFFB
S21400C1A0237D032B50D8DFE803F0140E045806A8AE
S21400C1B0F4E7CC22237E04EBC3031A8401236A4AE5
S21400C1C013441B7B0AE0237E04EBC303188400237E
S21400C1D0F5E7237E04EBC30318840123149A137037
S21400C1E0069A12F07E084FEAD26A227E37D104EB16
S21400C1F0C2020AF0030582F82250F36BB2F82090D0
S21400C2005B69022208A93846984720220DF11700DC
S21400C2100DEB02018DF81780FFF732F91A2209A9F3
S21400C220FFF72EF99DF81730099A4FF0080BB3EB7D
S21400C230926F0CBF012300236375637D33BB00231D
S21400C240A3754FF0000852E0227E013BDBB204EB00
S21400C250C202052B1084C0D8B1E70223AFE7002541
S21400C26004EBC202B2F8209082F8225006A91B22E4
S21400C27008A88DF82050FFF703F99DF820204FF00E
S21400C280040BA2EB0A0253425341D5E794F81680FA
S21400C290B8F1000FD5D0B9F1000F09D1E5B10123EF
S21400C2A0E375637E002B36D1012D29D1657615E026
S21400C2B0736C07EB0B025B4287EA02010B421CBF62
S21400C2C00023A375736C591E0A409B1A4B45B6D3C0
S21400C2D0A37D002BE2D1B4E7E37D43B94FF000081D
S21400C2E04B465A4639463046FFF7DAFEA060A27D36
S21400C2F0237EBAB9012B33D801332376A07DFFE61F
S21400C30096F8343063B9F36A0133E9D1032DE7D1E7
S21400C3100123A376E2E7012DE9D0032DDED1F7E76E
S21400C3209846DDE72269012B4A44226118D801337A
S21400C3302376039B002BE1D0E37D002BDED0B8F103
S21400C340000FDBD1032DD9D0A1684B1CD6D0149B8F
S21400C3502246009330460123FFF7B7FEA075CDE7CF
S21400C3600023A375CAE700BF4040040013B50C467F
S21400C370002121760093616813462246FFF7A5FE4A
S21400C38018B1E37D03B1A07EA075A07D02B010BDFC
S21400C3902DE9F743044616461F460D46DFF874801F
S21400C3A0816AE36A8B421ED04B1C1CD0DFF860907B
S21400C3B04846FFF75DFA0122494620460DF107037D
S21400C3C0FFF7D4FF30B13B4620469DF807201049C2
S21400C3D0B04740B1D8F8BC124A1C07D0012D0DD08A
S21400C3E0E36A9942E4D103B0BDE8F083D8F8B81206
S21400C3F02046FFF72CFE012D0146D2D1D8F8B832E0
S21400C40081EA0302636C5B421A42ECD1C9E700BFC3
S21400C41014460020604300202DE9F0410F461646E2
S21400C4209846044688B060B390F83450FDB10121B8
S21400C430FEF703FF00210E9BCDE90511CDE902377B
S21400C4409DF83C30CDF804808DF81C30237C049693
S21400C4508BB90D4901AA04F10800FFF783FDDDE959
S21400C4600553E06B002E08BF1D4628F041FD284608
S21400C47008B0BDE8F0812046044A01ABFFF788FF0C
S21400C480EDE70546F3E700BF55B20000D1C7000050
S21400C4902DE9F041D0E90A369E42044686B028D1FE
S21400C4A01422C369456802FB1355284606B0BDE84A
S21400C4B0F0812068676C331AB3FBF7F3E26B07FB77
S21400C4C00300D2F8148001A90522C04701A8FFF78F
S21400C4D07AFD012804D0636C1D44013B3340ED1AFD
S21400C4E031462046FFF7B3FD0646A36AB342E0D1C5
S21400C4F0DBE70025F9E72DE9F04F0F469A460023C3
S21400C50089B004464FF0FF31104690468DF80B3048
S21400C510FFF7AEF9B7F5801F20D2394603AA04F11B
S21400C5200800FEF7ECFE451C014605D1237CBBB98E
S21400C5302D2009B0BDE8F08F4046FFF799F901229B
S21400C540414620460DF10B03FFF710FF0028EDD003
S21400C5509DF80B308AF800300020EAE7B81CE5D1D9
S21400C560E66A711C2CD12046616AFFF751FD06462B
S21400C570BB1C18BF0123DFF8C4B00093636A626C6B
S21400C5800193236803A902FB0639E36B484605229C
S21400C5905B6909F114099847002549464B1C05D0EC
S21400C5A0636C81EA09025B4213420FD03146204693
S21400C5B0FFF72EFD019BB3422FD085BB0646DDE775
S21400C5C02368F61A636CB6FBF3F6D1E71A48FFF752
S21400C5D04FF92046009A18490DF10B03FFF7C6FEE7
S21400C5E08446B8B1BA1C03D0DBF8E032BB4211D1A6
S21400C5F045469DF80B30DFF840E08AF80030BEE88C
S21400C6000F000FC5BEE80F000FC59EE8070085E8BF
S21400C61007006546DBF8E812C0E7002D88D0B7F5BE
S21400C620801F99D239469AF80030D8F8042004F1D1
S21400C6300800FEF795FE8FE7404600206043002086
S21400C6402DE9FF410C4617461E46054690B390F866
S21400C65034308BB3B1F5801F30D2DFF8648001210F
S21400C660FEF7EBFD214628460DF10F0308F5437251
S21400C670FFF741FF044678B99DF80F30012B12D121
S21400C680D8F81C339E4213D10246009033463946F2
S21400C690284626F07FFE0446E86B28F029FC204654
S21400C6A004B0BDE8F081022B14BF2D246024F3E70C
S21400C6B06324F1E72124F2E71124F0E72924EEE7CA
S21400C6C0604300202DE9F04385B00C4617461E4611
S21400C6D00546DDF83080A0B390F834309BB3B1F552
S21400C6E0801F32D2DFF868900121FEF7A6FD2146B2
S21400C6F028460DF10F0309F54372FFF7FCFE0446CA
S21400C70088B99DF80F30012B14D1D9F81C2306EBFD
S21400C71008039A4213D300904346324639462846C9
S21400C72026F038FE0446E86B28F0E2FB204605B00B
S21400C730BDE8F083022B14BF2D246024F3E76324A6
S21400C740F1E72124F2E71124F0E72924EEE700BF01
S21400C750604300202DE9F3411F4600230C46164691
S21400C76005463B6058B390F8343053B3B1F5801F9C
S21400C77029D2DFF858800121FEF75FFD21462846C2
S21400C7800DF1070308F54372FFF7B5FE0446A0B99E
S21400C7909DF80730032B10D0022B0AD101233360FB
S21400C7A004233B60E86B28F0A3FB204602B0BDE8FC
S21400C7B0F0813060D8F81C33F3E72D24F2E721240B
S21400C7C0F3E71124F1E72924EFE700BF60430020D8
S21400C7D073B50D46D11E4A421C461B7E4A419A42FC
S21400C7E029D129682368994225D36368994222D8BB
S21400C7F0124E0DF1070306F54E72FFF77CFED0B918
S21400C800D6F83C236B689A4215D19DF80730DA1E9D
S21400C81053425341227E93420DD1636901336361D3
S21400C820D4E90323934206D22968A26842F823106B
S21400C830236901332361012002B070BD60430020EC
S21400C84070B50025044686B00562E369AB4202D89F
S21400C850206A06B070BD666C2068E36B05225B69D3
S21400C86006FB050001A9984701A8FFF7ACFB0128C5
S21400C87098BF236A05F101059CBF01332362E4E7F4
S21400C88038B50446456C006804F1400305FB010119
S21400C890E06BFEF73BFE05462046FFF7D1FF284635
S21400C8A038BD2DE9F04100254FF0FF384FF6FF73F5
S21400C8B0044647462E46C0E9085386B0E369B342AD
S21400C8C00DD8A5EB0805012D06D94FF6FF730025F8
S21400C8D06362E369AB4223D806B0BDE8F081E26B41
S21400C8E02368606CD2F814C000FB0630052201A94C
S21400C8F0E04701A8FFF767FB01280FD801A8FEF75D
S21400C900DDFD874288BF6662804528BF8046854237
S21400C91038BF05460746236A013323620136CDE752
S21400C920666C2068E36B06FB050005225B6901A9BF
S21400C93098470135CDE72DE9F04F97B0CDE90823AC
S21400C9400D460A69416CD31D1439B3FBF1F301336C
S21400C95002EBC302036B04469342C0F0D982002365
S21400C960DFF8C0920C93E36AAD4819460693FEF7CB
S21400C9707FFFD5E903370393099B022B40F02681FE
S21400C980CC2F40F0A682089B002B00F0F1800026FA
S21400C9906868E36B119601225B6911A90830984715
S21400C9A0B04694F84230012B40F0AD80632E2DD96E
S21400C9B0119B666C069A1293731E1340F61AE36B6D
S21400C9C001225B69686814A99847149B13F07E0FD0
S21400C9D014BF04230823782F059340F20781012211
S21400C9E000234FF0080A04922A68C9F8F072C9F8C2
S21400C9F0E022099A032A00F01F81022A00F0C7806D
S21400CA00049A002A14BF00220722C4E0612E08D828
S21400CA1014AB324629462046FEF7C4FB9DF850303C
S21400CA2023B314AB3246294620468DF84C80FEF7D9
S21400CA30B9FB94F84230DDF850A0012B52D14FF6E6
S21400CA40FF739A4500F09280082214A913A8FEF7F7
S21400CA5017FD9DF84C20CAF307239A4240F08680C3
S21400CA605FFA8AFA119B534411937FE094F84230A0
S21400CA70012B2DD132462946204612ABFEF792FBFB
S21400CA802946204613AB721CFEF78CFB294620462F
S21400CA9014ABB21CFEF786FB0823102213A90DF177
S21400CAA043008DF84330FEF7EBFC102214A9FEF786
S21400CAB0E7FC129BDAB2002A51D19DF84320B2EB74
S21400CAC0132F4CD1DDE9133203EB0243119346E0FA
S21400CAD0302E2BD943E09DF84320B2EB134F3ED1C6
S21400CAE0139BF3E7BAF1FF3F40D0102214A913A816
S21400CAF0FEF7C6FC9DF84C20CAF307439A4235D190
S21400CB001FFA8AFAAEE7312E3FF652AF89D014AB41
S21400CB10324629462046FEF745FBBDF85030002B2E
S21400CB207FF47FAF94F84230012BA3D032462946DB
S21400CB30204612ABFEF736FB2946204613AB721C86
S21400CB40FEF730FB1023202213A90DF143008DF8C9
S21400CB504330FEF795FC129B9AB2002ABBD094F89D
S21400CB604230012B14BF012302231E44013618E76E
S21400CB70039B01221B684FF0080A12932B6804924D
S21400CB80C9F8E03208230593089BC9F8F072049AA6
S21400CB90C2F10202D2B289F8F4224FEA9A020E9249
S21400CBA0069A019200220A920D9207920B92606CEE
S21400CBB0019A411E1140421A002F3FD053449A4218
S21400CBC047D8236B1B1A0B4423635BE1666C069AFB
S21400CBD0731E1340782FA6EB030619D8EB7D8BB98E
S21400CBE0089B002B7FF4EBAE042305933B1DB3425A
S21400CBF01AD9F7B1082E3FF6F2AE042300229A4661
S21400CC000492F1E6089B002B7FF4D9AE0823ECE7EC
S21400CC10089B002B7FF4D3AE08230593DFE600BF06
S21400CC204046002060430020002304934FF0040A8F
S21400CC30DAE604230497F9E7099AACE75245C0D32D
S21400CC40B846019B53440293079B002B18BF03234F
S21400CC5014E0A2EB0A02019B9742B846534428BF51
S21400CC60904697420293EFD90123D9F8F02289F82B
S21400CC70F732974243D1019AC9F8E422079399F80C
S21400CC80F732002B3DD099F8F8220199D31C09EB16
S21400CC90C303C3F8E41207990132A3F8E88283F8C5
S21400CCA0EA1289F8F822B8F1000F14D0099B022B7B
S21400CCB02BD10A9B7BB90D9B4344032B0BD9E36B0B
S21400CCC001229B69029812A998470646002840F060
S21400CCD0278101230A9399F8F4322E688D4A012B96
S21400CCE002EAC61628F07C4B40F289809A1E012A7A
S21400CCF003D908F1070303F07F031E4385E00223F0
S21400CD00BCE7019BC9F8E432CDE7089B002B31D184
S21400CD10039BB8F1030F03EB080B28D9DDE90201EA
S21400CD20E36B4FEA98029B6998470646002840F056
S21400CD30CA8018F003025FD0039B28F00306334432
S21400CD400393029B1E444FF0FF33039913A81393DB
S21400CD5031F0FEFFE36B304601229B6913A998472A
S21400CD600646CDF80CB0002EB5D0029B6FE04246CA
S21400CD70029EE8E705F12003DDF808B00F93EB7D8F
S21400CD8068689BB100232E7E0B9AD9B28E4211D9C9
S21400CD900F9903F1010C31F83310914226D9059909
S21400CDA005EBC303D8690A44104403E00B9B059ABD
S21400CDB013441844E36B01225B6913A99847139B3D
S21400CDC0012211930B9B584604330B93E36B11A976
S21400CDD09B699847029B06464344A3EB0B03042B30
S21400CDE007D9002872D10BF1040BC8E76346521A24
S21400CDF0CBE7CDF808B0B6E7CDF80CB06BE7079AEE
S21400CE0043EAC263334343F060464FF000038DF8B5
S21400CE104C30049BCDE9146B002B49D0202214A97A
S21400CE2013A8FEF72DFB1A2215A9FEF729FB9DF87D
S21400CE304C304BEA83631593E36B0E9A9B6901981B
S21400CE4014A99847019A061E0C9B18BF1346524613
S21400CE500C93204643460199FFF722F9236B08F10D
S21400CE600302A3EB0A0322F003029B1AC9F8E802A6
S21400CE702363002E54D10D9BA7EB080743440D9364
S21400CE80029B019320460199FFF7E1F800230190E9
S21400CE90002F7FF48CAE204A04F10800D2F8E83266
S21400CEA0D2F8E422E3622968099BFEF759FA11E0FA
S21400CEB01B2214A913A8FEF7E3FA9DF84C3046EAA5
S21400CEC0C3661496B8E7CDF80CB04EE7CDF808B0B8
S21400CED04BE77027384617B0BDE8F08F002760E0B4
S21400CEE004F10800FEF7D2F93B46394620460B4AC5
S21400CEF0FFF74EFA2A69616CD31D1439B3FBF1F3C0
S21400CF00013302EBC302236B9342BFF42CAD6DE0FA
S21400CF101C27DFE780FFFF076043002011B40000F6
S21400CF203D2E63D104F1080301932768069B204633
S21400CF30E16AD4F844A0A3EB070BFFF788F8A26ACF
S21400CF40BBFBFAFB8242D5D0616CD9F8E82201F12E
S21400CF50FF3C02EA0C0C226B0C9B521A62442263C2
S21400CF602268E0629A1AB2FBF1F8C345B6D10AFB12
S21400CF700877069B07F1140BB3EB0B0711D0E36B96
S21400CF80BA0859469B6998478246E26A069B3A4425
S21400CF90E262226B0198D21A5A442263FEF776F9AF
S21400CFA057462368616CE06B01FB0831FEF755FAC3
S21400CFB02046FFF745FC2046FFF773FC626A616C6B
S21400CFC02368204601FB02331433A362FFF760FA9E
S21400CFD02063002F84D02A69616CD31D1439B3FBFB
S21400CFE0F1F3013302EBC30290429ED2374671E75B
S21400CFF0F7B5089C032A1646256805D1237A012B27
S21400D00025D0012003B0F0BD274F28460DF10703B9
S21400D01007F54E72FFF76FFA60600028EED1D4F87D
S21400D02000E0D7F83C03DEF82810DEF844C048409D
S21400D030CCF100031840227AE0D1012A09D1E26837
S21400D040D7F8483313446A69934202D92074207C87
S21400D050D8E7DEF80020DEF82C30891A9B1AB3FBDE
S21400D060FCF3B1FBFCF18B420DD1696CEB6A4A1EF6
S21400D07013402A6B521A13442B6325682846A96A64
S21400D080FEF7E5FFE862D7F84823E3680832134462
S21400D090E3600122334605492068FFF74CFC6060D8
S21400D0A00028ABD00020ADE7604300209846002063
S21400D0B0032A2DE9F34106460D4617461C4606D1BF
S21400D0C0237A012B24D0012002B0BDE8F081DFF8DE
S21400D0D0608009680DF1070308F54E72FFF70BFA3A
S21400D0E060600028ECD19DF80720237A032AE7D059
S21400D0F0D8F83C136A689142E2D1012B2969D4F82A
S21400D1000CC007D172690CEB0103934202D920745C
S21400D110207CD9E708316144E1603B46012229467C
S21400D1203046FFF708FC60600028C9D00020CBE737
S21400D130604300202DE9F34104461F461646884604
S21400D1402C4D4FF0FF3105F54E70FEF791FB9DF824
S21400D15020300022204605F54E71C5E9D167C5F896
S21400D1603883FFF7E8FB236E0746002B3DD02046AA
S21400D1706169FEF7C9FE626E236B024493422CBFC0
S21400D18000220122984228BF0023257C38BF1B1AA4
S21400D190002684F85020636584F85850D5B1DFF82F
S21400D1A0588033463246314620460196CDF80080F8
S21400D1B0FFF732F901230546CDE9008332463346B0
S21400D1C031462046FFF728F9E36805449D4294BFA0
S21400D1D03546ED1A94F85030E56513B994F8583092
S21400D1E01BB1236E04F150009847384602B0BDE8E4
S21400D1F0F08100BF60430020FFFF0F002DE9FF41D4
S21400D2000F4690461E460546002847D090F8343014
S21400D210002B45D0B1F5801F44D2234C0221FEF7E7
S21400D2200CF804F54372394628460DF10F03FFF754
S21400D23062F9024620B16B699E4219D9622410E059
S21400D2409DF80F30012BF6D1D4F81C138E42F2D184
S21400D250009341463346284626F09CF804460028AC
S21400D260E9D1E86B27F044FE204604B0BDE8F08123
S21400D270284626F061FC31462846FEF745FE2C6B14
S21400D280844209D301234246009339463346284652
S21400D290FFF750FF0446E4E71C24E2E72124E3E717
S21400D2A01124E1E72924DFE76043002007B51F4B80
S21400D2B093F8643303B9FEE700236A46CDE90033EA
S21400D2C01B4908231B48FFF7BBF9E8B91A4AD2F8EE
S21400D2D04031D2F840211F2B4FF001030FD9203ADE
S21400D2E09340019A1A43019208236A46104911484E
S21400D2F0FFF784FF114B124A1A60FEF771FC934049
S21400D300009A1A430092EFE72D28F3D10A4AD2F882
S21400D3104031D2F840211F2B4FF0010385BF203A41
S21400D32093409340019398BF0093DDE7604300204D
S21400D33000710800B01900200080004400000020A2
S21400D3400B020FF07FB50C46054648B390F8343014
S21400D35043B3B1F5801F27D20221FDF76EFF2146A9
S21400D3602846124A0DF10F03FFF7C5F80646A8B97E
S21400D3709DF80F30032B11D0284626F0DDFB032343
S21400D38021460093324633462846FFF7D3FE04462E
S21400D390E86B27F0ADFD204604B070BD2D24F7E7FE
S21400D3A02124F8E71124F6E72924F4E76C46002048
S21400D3B0F0B504460D46466CE36B006887B0052260
S21400D3C05B6901A906FB0500984701A8FEF7FBFD6F
S21400D3D0012804D801A8FEF771F807B0F0BD294669
S21400D3E02046FEF715FE0646676C2068E36B0522AE
S21400D3F05B6901A907FB0600984701A8FEF75EF8DF
S21400D400431CEAD0B54238BF0130E6E72DE9F04FBD
S21400D4104FF0FF334FF6FF720025044600F1080870
S21400D420C0E909238BB0C3620562056340468B469C
S21400D430FDF72CFF2046FFF703FA40BB4FF6FF79B7
S21400D440676A00264F4514BF3D460025E3699E42A5
S21400D4503BD32046FFF7F4F908BB5E2028E023689C
S21400D460E26B606C566900FB0530052205A9B047E3
S21400D47005A8FEF7A8FD01281DD129462046FFF77E
S21400D48097FF421C29462046FFF7FAF90135E36963
S21400D4909D42E4D32046FFF7D3F90028CED020469D
S21400D4A0FFF7FFF94FF6FF72636A934237D16720A2
S21400D4B00BB0BDE8F08F0338C0B20128E6D8294685
S21400D4C02046FFF775FF0246DCE7E26B2368606CD8
S21400D4D0D2F814C000FB0530052205A9E04705A8D0
S21400D4E0FEF771FD022807D04F450DD10BF1010262
S21400D4F029462046FFF7C4F9E3690135B5FBF3F288
S21400D500013603FB1255A1E729462046FFF750FFD8
S21400D510B0F1FF3F14BF02465A460132E8E7E26B1D
S21400D520666C206855696946052206FB0300A84715
S21400D530626A616C23684B4D01FB02331433A362AD
S21400D5404FF0FF336FF00101E362204605AB05F5AF
S21400D5504E72FEF7D0FF002849D1D5F84053294631
S21400D5602046E562FDF705FE206320B92046E16A05
S21400D570FEF76DFDE06229462046FEF768FD05468B
S21400D580A36A9D4235D12046FDF7DCFD00260746FE
S21400D5903546E3699D423ED3B74257D92046616A75
S21400D5A0FEF736FD4FF00008054604F1400A4645F2
S21400D5B012D8626C2368694602FB0539E36B0522C4
S21400D5C05B69484698476846FDF778FF534602462B
S21400D5D04946E06BFDF79AFF29462046FEF718FD00
S21400D5E008F1010847450546E1D1642060E7A56AD1
S21400D5F0B5E729462046FDF7BCFD236B29460344C4
S21400D600064623632046FEF722FD0546002EB7D1C8
S21400D610C4E90B06B4E7626C236805A902FB05396A
S21400D620E36B05225B694846984705A8FEF7CBFCE6
S21400D630012809D8204609F11401FDF79AFD636C0C
S21400D640143B984208BF01360135A2E74046FDF775
S21400D6501DFE002320461946034AFEF799FE0020C9
S21400D66026E700BF6043002011B40000034B5A6851
S21400D67012B19A6A002AFAD1704700BF00400650DD
S21400D680002307B50093252853D8DFE800F0135B86
S21400D690172229344E6A767A8996ABB9525B56526F
S21400D6A052765B222922345B6A22B94E4E4E4E22B7
S21400D6B022227A8932F0A4FC00903AE032F0A0FCF4
S21400D6C0534BD3F89030C3F304630133B0FBF3F04D
S21400D6D0F2E732F0B3FC4E4B1B6FC3F38023F4E744
S21400D6E032F0ACFC4A4B1B6FC3F380230133B0FB14
S21400D6F0F3F04008E0E70193454BD3F8803103F0A0
S21400D7000303022B0AD0032B0CD0012B03D10021DC
S21400D71001A8FDF77DFF019B00930AE032F0E8FBCD
S21400D7200190F8E73B4B0193F5E700216846FDF7CB
S21400D7306FFF009803B05DF804FB4FF0E0231B6911
S21400D7405A0702D532F07AFCB6E7314BD3F84001DF
S21400D75000F0030003282DD0003818BF0120C003B6
S21400D760AAE72B4BD3F8403103F00303032B4BD02F
S21400D770003B18BF0123DB03CEE7254BD3F860310F
S21400D780F2E7234BD3F8003203F00700032811D04A
S21400D7905B0709D4013801288CBF00200120DEE792
S21400D7A01B4BD3F80832EFE7042824D132F046FCAE
S21400D7B0800A81E74FF47A707EE7154BD3F8003184
S21400D7C003F00303022B06D0032B07D0012B07D14F
S21400D7D0114B5B68A0E74FF400439DE70F4B9BE7B8
S21400D7E0002399E70A4BD3F8803003F00303022B9B
S21400D7F0A8D0032B01D000205EE732F079FB5BE770
S21400D800034BD3F84032AFE74FF47A7384E700BF98
S21400D81000800050002D31018074002080D5430226
S21400D82038B5184CFF28A26A2AD8A36D13F4803F97
S21400D83018BF0121144B18BF996202219962A56D89
S21400D84015F08045FBD11149A36991F9651323F4BE
S21400D8507F03014423F47F4381F3080143EA002356
S21400D86043EA0143A36102210948FEF7ABF9A36D21
S21400D870DB0303D501210648FEF7A4F9284638BD88
S21400D8802125FBE700C0005000D000506043002078
S21400D89028C0005038B50F4CA26AA36D13F4803F21
S21400D8A018BF01210C4B18BF996202219962A36D23
S21400D8B05900FCD402210948A569FEF783F9A36D37
S21400D8C0C5F30725DB0303D501210448FEF77AF9E3
S21400D8D0284638BD00C0005000D0005028C0005078
S21400D8E0014B83F86503704760430020014B93F9B2
S21400D8F06503704760430020012313481349826A7A
S21400D9008B62836D03F00303032BFAD102238B6231
S21400D9100D498B6D5800FCD40D488B6D30EA03031F
S21400D920FBD10121094B1965A3F58053996D890731
S21400D930FCD4996D8807FCD5996D8907FCD5032121
S21400D9400448FEF73FB900BF00C0005000D00050AA
S21400D9500300010028C00050F8B504460D461F46D7
S21400D96016464AB101238B403021184A01FB00229B
S21400D970F7B141F21001535004EB4403072D4FF06A
S21400D9800F014FEA031316D8A80006FA00F28140EA
S21400D9900F481844FEF716F94EB9012330210B4AFA
S21400D9A0AB4001FB042277B141F210015350F8BDA1
S21400D9B042F21001DFE7A5F10800800006FA00F247
S21400D9C081400448E5E742F21001EFE700C003504B
S21400D9D004C003500CC0035010B50446D0F8A02075
S21400D9E093695906FCD5002394F8A6101A4694F8B5
S21400D9F0A500FFF7B1FF002394F8A8101A4694F884
S21400DA00A700FFF7A9FF94F8AD30DA0707D5002383
S21400DA1094F8AA101A4694F8A900FFF79DFF94F808
S21400DA20AD309B0707D5002394F8AC101A4694F83F
S21400DA30AB00FFF791FF0122D4F8A030002003F5D9
S21400DA4080514A600A215961586103F500535A60B3
S21400DA5010BD012370B5C4B2A3401D4C22F00302D2
S21400DA6023650D6804F5005444F8205030256843BB
S21400DA704C7B00F1A04000F580200466CC7A8E7ABC
S21400DA80240544EA06440E7B44EA4654C46502670D
S21400DA90EFF3118485F311880E4A5365087A00B1B6
S21400DAA01364487A00B1936308798A7942EA00429F
S21400DAB0074882614D79CA79064942EA05428A6179
S21400DAC0054A4363936484F31188BFF36F8F70BD78
S21400DAD00020045000100450000004500123C0B27F
S21400DAE08340EFF31180302282F31188054A516D8E
S21400DAF021EA03015165936280F31188BFF36F8FAB
S21400DB00704700BF000004500123C0B28340EFF30B
S21400DB101181302282F31188074AD06A184209D14F
S21400DB20526B93430CBF0120002081F31188BFF392
S21400DB306F8F70470020F8E700000450114321F073
S21400DB40F8014904034B490C41F44021063043F8E0
S21400DB502010704700800350021E30B54FF00000C2
S21400DB600CBF0C25042547F60774084952B9831DD7
S21400DB7051F82330234023B101308542F6D14FF0CF
S21400DB80FF3030BD00F11203F2E700BF0080035003
S21400DB903AB122F0030202F1A04202F5603209B95E
S21400DBA0106070470002FBE74FF0B0435A6812B1AE
S21400DBB09A6A002AFAD17047054B5B69C3F385124F
S21400DBC0827003F03F021B0B42700370704700BF69
S21400DBD000C0075007B5014601A8FFF7EDFF9DF806
S21400DBE0063001220B804FF4807300204B80054BDB
S21400DBF09B680A3303F01F0302FA03F34B6003B07B
S21400DC005DF804FB0080E00F002807DB01234109D4
S21400DC10034A00F01F00834042F82130704700BFDF
S21400DC2000E100E008B5284B83F30A886FF0010195
S21400DC30264B274A9A60D3F8882042F47002C3F82D
S21400DC408820244A116641F2FF7151660221C3F80A
S21400DC50D010BFF34F8FBFF36F8F08214FF44034BF
S21400DC60A3F54063C3F880110320D460FFF7CCFF10
S21400DC70194B1A481C611A4BC01A80101DF031FE51
S21400DC80184B19498B4212D30020184B18498B4267
S21400DC9018D303F01FFA186850F82240586840F866
S21400DCA02240013298688242F5D30C33EAE700221C
S21400DCB0F8E71C6844F8220001325C68A242F8D3F8
S21400DCC00833E4E70022F8E70800002000ED00E053
S21400DCD00040000000A0004400800044A041000076
S21400DCE040410000406B04004C6B04004C6B040089
S21400DCF04C6B0400EFF31183302282F31188044A40
S21400DD00D2F8680383F31188BFF36F8F704700BFA4
S21400DD10604300202DE9F0410468054694F894100D
S21400DD20002979D1EFF31183302787F31188C4E9EE
S21400DD30161183F31188BFF36F8FFFF7DBFF854261
S21400DD40374E09D1EFF3118387F31188C6F86813AD
S21400DD5083F31188BFF36F8F236E93F91030002B77
S21400DD6009DB01215A0903F01F03994002F1600301
S21400DD702C4A42F82310236E93F91030002B0DDB4B
S21400DD8001215A0903F01F03994002F12003254A96
S21400DD9042F82310BFF34F8FBFF36F8F96F8B03261
S21400DDA0207D43B1072806D806EB001393F8FC3015
S21400DDB00BB1FFF793FE207D25F0E1FEEFF3118017
S21400DDC0302383F31188002217490B7BA3B9013255
S21400DDD0082A01F11001F8D14FF40011114AC2F8D7
S21400DDE08010BFF34F8FBFF36F8FFF210F4A53652D
S21400DDF09162536086F8B03280F31188BFF36F8F5C
S21400DE000023C5E90033C5E90533EB60236E2046E1
S21400DE10BDE8F041DB6818470F20BDE8F08100BF81
S21400DE206043002000E100E0504400200000045061
S21400DE302DE9F04F04464FF444784FF0300BDFF8EE
S21400DE4040A100F13806102285B00AF52877002197
S21400DE50304630F05EFDC4E90F77207DA4F83A80A6
S21400DE60FDF752FF00211022304630F052FDDFF859
S21400DE701491207DC4E90F770BFB0093A4F83A8039
S21400DE80DB6EBB4204D105B0BDE8F04FFDF75EBFC8
S21400DE900DF10F0132F090FA9DF80F70002F66D149
S21400DEA02046FDF7FBFD9AF8B0228046237DEAB1B6
S21400DEB0072B1BD80AEB031A9AF8FC20B2B1EFF333
S21400DEC011818BF31188D9F834000BFB0399D9F82C
S21400DED0642081F31188BFF36F8F012101FA03F3E9
S21400DEE0034204BFC2F30A135F183D4604F1180745
S21400DEF0102200213846D4F8109030F00AFD302267
S21400DF00237D013D5343C5F30A052D0145F04475B5
S21400DF10C4E9065903F1A043C4F8208003F5802322
S21400DF201A6F94F82410520862F34101A27E84F816
S21400DF3024106FF30412A276196F94F8242027F0A9
S21400DF40030761F3000284F824201B6F626A9B08B3
S21400DF5063F39F0247F00207626267640094207DC5
S21400DF6032462146054B26F0CFFF207D8BE794F8FE
S21400DF7044306FF3410384F84430EFE7A5E1000036
S21400DF8060430020000004502DE9F04F9B4600231C
S21400DF90044687B005910392CBF80030DBF80050BA
S21400DFA0039B5E1B00F09980059B5D1900F0958031
S21400DFB02046FDF7EDFE8246002840F08E80204683
S21400DFC0FDF76CFD216D94F8968088429CBFD4E9DD
S21400DFD01203C018401A864228BF0646B8F1000F42
S21400DFE000F0AB80EFF311830493302383F31188A2
S21400DFF03746D4F850902046FDF731FD09EB06026F
S21400E0009145D4F8983071D1D4E912120A4493425B
S21400E01008BFC4F89810049B83F31188BFF36F8F72
S21400E0208046207DFDF770FE2046FDF718FD05466C
S21400E0302046FDF733FDD4F850A08146504540F207
S21400E0408A80A36CB5B29A457DD1236910220493C9
S21400E05004F128030021184630F05BFC3021049AB6
S21400E060013DC4E90B2A227DC5F30A054A432D016A
S21400E07020F0030302F1A04245F0407543F002038E
S21400E08002F58022A5621367236DD4E91212334489
S21400E0900A44934208BF0B464B45236505D101232E
S21400E0A0204684F85430FFF7C3FE207DFDF74EFE71
S21400E0B094F896303BB1B8F1000F04D0236E1121CE
S21400E0C020465B689847DBF8003037B1039A3B443C
S21400E0D09342CBF80030FFF461AFDBF80030002B42
S21400E0E014BF00201B2007B0BDE8F08F09F101091E
S21400E0F009F1FF318B4210D1C4F8989019F8013C11
S21400E100112B01D0132B14D1013FA3F111014B4267
S21400E1104B41C24684F89C3072E719F8013C03F084
S21400E120FD01112906D1013FBAF1000F3FF468AF97
S21400E130EBE7C24605F8013B62E73246284630F078
S21400E14007FE37466DE7238DC3F30A12154465F3C1
S21400E1500E13238598E7207D95B93023434303F1BA
S21400E160A04303F58023596E5A6EC1F30A1122F4B8
S21400E170FF42314422F0700242EA01125A6683E7F7
S21400E180CDE900644A46236921681EF0ADFD3022C1
S21400E190237D534303F1A04303F580235A6E22F4F4
S21400E1A08012EBE737B592F85430144633B1936DCE
S21400E1B00BB1D06D9847002384F8543094F896300D
S21400E1C01BB32046FDF74BFCF8B1236E1321204607
S21400E1D05B6898471025236E20461B680DF10701E3
S21400E1E0984778B99DF8073003F0FD02112A05D14B
S21400E1F0A3F111025342534184F89C30013D15F0BF
S21400E200FF05E8D12046FFF713FE002084F85400EF
S21400E21003B030BD2DE9F04F85B0002800F0008136
S21400E220824AD2F86C339842C0F0FC80D2F8701361
S21400E2300B44984280F0F680D2E9E05CEFF3118B55
S21400E240302383F3118810F8083C30F8067CDB078F
S21400E250A0F1080600D53FB98BF31188BFF36F8F86
S21400E260012005B0BDE8F08FD2F87443D2F87C9355
S21400E270A4EBC703C2F87433019309F10103C2F893
S21400E2807C3330F804EC791CBEF1000F49D04FEA1D
S21400E290CE030293A6EBCE03DC8810F8088C03941A
S21400E2A01C78B3F802A0E40708F0020827D4B8F1F7
S21400E2B0000F27D1039CA4EB0A0EBEF1010F30D14C
S21400E2C0019C0237083C07EB0A01C2F87C93C2F8AF
S21400E2D0744330F802ECBEF1000F24D110F8084C5D
S21400E2E020F806EC6EF3000400F8084C013959805B
S21400E2F019786EF3000119700021D98048E0B8F152
S21400E300000F0ED0DDE901743C1BC2F8744310F810
S21400E310084C71446FF3410400F8084C00249C80BC
S21400E320D7E73346D5E706EBCE08D2E9DB472744E6
S21400E330B8450ED310F8084C01396FF3000400F806
S21400E340084C002420F8064C5980197864F3000124
S21400E350D1E716F83E60444616F0010630F8067C13
S21400E36030D010F8086C01396FF3000600F8086C1E
S21400E370002689B220F8066C5980197866F30001E9
S21400E3801970C3F107012144C1F3CF01D980A180E0
S21400E390002D43D09D4241D86988002908BF1D46FC
S21400E3A0BCF1000F06D09C4504D3BCF8021000292F
S21400E3B018BF6346C2E9E0538BF31188BFF36F8F33
S21400E3C000204EE7AEEB070EBEF1010FC9D1B8F83C
S21400E3D00270A8F802600F44B8F80610E1B108EB26
S21400E3E0C1040026D2F87C130139C2F87C13D2F897
S21400E3F074130839C2F8741310F8081C20F8066C59
S21400E4006FF3000100F8081C19785F8066F30001BE
S21400E4101970002CB5D16FE70C46E2E71D46BFE742
S21400E42022201EE700235B69FFDE00BF604300205A
S21400E430002313B5019369B160B101FB00F401A993
S21400E440204624F061FE014620B9019810B122460C
S21400E45030F05FFA019802B010BDFEE7002307B562
S21400E460084601A9019324F04FFE019803B05DF819
S21400E47004FB0846CEE608461146D9E700230360AB
S21400E4804360704710B50F4A92F89433C3B902241C
S21400E4900D480E49C2F89033091AC2E9DB0101396A
S21400E4A0C908C2E9E00082F88843FFF7E7FF418029
S21400E4B008210123C2E9DD11C2F87C3382F89433C7
S21400E4C010BD00BF60430020B07A0020008001200D
S21400E4D000232DE9F347954E0193D6F870330C468A
S21400E4E09A42104604D239B912B101A924F00CFEA2
S21400E4F0019802B0BDE8F0871AB90846FFF78AFE11
S21400E500F6E7EFF31189302383F31188A1F1080CA5
S21400E51031F8061C07304FEAC10820F00705A84569
S21400E52080F08A8034F8023C002B6FD0591A0129FB
S21400E5306CD10CEBC3071CF83330DA0766D47B8843
S21400E540A8EB050212EBC30260D41F2A38DD60195F
S21400E550C5F3CF0524F8065C013524F8025CD20822
S21400E560FFF78CFF428034F8023C8380FB8823B39D
S21400E5707988591A11FA82F292B207EBC303C28065
S21400E5809A800022394624F07BFD3846FFF776FF56
S21400E590002234F8061CD6F87433019403EBC1034A
S21400E5A0D6F87813A3EB08038B42C6F8743340D82A
S21400E5B08AB3083BC6F874332DE00023C380E0E737
S21400E5C0D6F87C33013BC6F87C3334F8063C7A88B0
S21400E5D00133134424F8063CFA889AB17988511A14
S21400E5E011FA83F39BB207EBC20224F8023C938035
S21400E5F060460122394624F043FD3846FFF73EFFC9
S21400E6000122C6E7002324F8023CF1E7284601A9C8
S21400E61024F07AFD20B189F31188BFF36F8F67E786
S21400E62042462146019830F093FB2046FFF7F2FD64
S21400E630F1E7C6F87833BBE776D934F8023CA8EBA6
S21400E64005075A1E521AABB30CEBC30A1CF833303C
S21400E650DB0730D47ABBC5F3CF0324F8063C01337E
S21400E660601924F8023CFFF709FFBAF8023003EB02
S21400E670D703438034F8022C8280BAF80620BAB159
S21400E680BAF80210511A11FA83F39BB20AEBC202CF
S21400E690C38093800022514624F0F2FC5046FFF7D8
S21400E6A0EDFED6F8743301942B44A3EB080381E700
S21400E6B0C280EFE79A46272F36D9C5F3CF0324F852
S21400E6C0063C013F0133601924F8023CFF08FFF7BF
S21400E6D0D5FE478034F8023C8380BAF1000F20D084
S21400E6E0013212FA87F7BFB2C780AAF80470002278
S21400E6F0D6F87C3311460133C6F87C3324F0C0FCD0
S21400E700D6F87433D6F8782308332B44A3EB0803E3
S21400E71093420194C6F874337FF67DAFC6F878331B
S21400E72079E7A0F806A0E2E7019474E760430020CA
S21400E730BFF35F8F074B5A6A22F480325A62D3F8CF
S21400E740942022F00102C3F89420BFF34F8FBFF34A
S21400E7506F8F704700ED00E02DE9F8430023A04FCF
S21400E7600E46D7F898830446C7F8983318B921257B
S21400E7702846BDE8F88390F834500DB3096802685F
S21400E780914240F0238171684268914240F01E81B8
S21400E790B1688268914240F01981F168C26891427E
S21400E7A040F0148131694269914240F00F81B169AD
S21400E7B0C26B914240F00A8172691D468261D7E7BA
S21400E7C0D0F838906822294630F0A3F8C4F838907C
S21400E7D0336804F10800236073686360336963611B
S21400E7E07369A361D6E90223C4E90223FCF74EFD50
S21400E7F0B36904F14000E3639B689847002849D159
S21400E800616C11B16368B3FBF1F194F84330E161D8
S21400E810002BACD00023656C2366002D00F0DE8054
S21400E820002900F0DB802368B3FBF5F205FB12330A
S21400E830002B40F0CD80D4F80490B9FBF5F605FB2C
S21400E8401696002E40F0C4802046FDF778FB8145E2
S21400E850C0F0C08040F634726369CC3B934200F24D
S21400E860BB80B5F5805FC0F0B98003212046FCF779
S21400E870E4FCD4E90001E36B1B6898470546E36BAC
S21400E8800220DB6898473DB184F83460E06B26F0E0
S21400E8902FFB6DE72946B8E741462046FEF7B6FD52
S21400E8A06428054604D141462046FEF7AFFD0546DE
S21400E8B0636C143B75BB226A204602FB03F6FDF729
S21400E8C03EFB864203D284F834505A25DEE7012305
S21400E8D0D4E9006084F83430D7F89C33D7F8A083A6
S21400E8E00133C7F89C33FFF723FF1F2816D8BFF362
S21400E8F05F8F05223B4BC3F894205A6A42F480325D
S21400E9005A62BFF34F8FBFF36F8FBFF34F8FBFF3C4
S21400E9106F8FBBE7002384F83430B7E74FF0000C66
S21400E920F10600F1FF3018BF26F01F0106EB0003CA
S21400E9300CBF31462031DA062A4A18BF23F01F03DF
S21400E9405FFA8CF0804526D8D2F8C00021F01F016F
S21400E95020F47F4040F48070C2F8C00041F003010C
S21400E960EFF31186302080F31188D7F8A00323F048
S21400E9701F0343F00303C2F89800C2F89C10C2F8C5
S21400E980A03086F31188BFF36F8FD7F8A03301331A
S21400E990C7F8A033ABE7C2F89800D2F89C00D2F8CC
S21400E9A0A06020F01F00884226F01F0601D19E427C
S21400E9B09DD08E4201D3984299D9D2F898000CF196
S21400E9C0010C20F0FF00C2F89800B9E75D25CFE6FD
S21400E9D05925CDE65A25CBE65F25C9E65B25C7E671
S21400E9E06043002000ED00E001490248B4E600BFA5
S21400E9F088740020B01900204FF0B0439A6A1207BE
S21400EA00FCD4186A70472DE9F84FEFF311893023CC
S21400EA1083F311884FF0B0435B69584903F0010255
S21400EA2013F0080F03F00D034B610ED13AB1544AB0
S21400EA3013680133136031F075FB31F013FB89F373
S21400EA401188BFF36F8FBDE8F88F3AB14C4A136850
S21400EA500133136031F066FB31F004FBEFF31185F0
S21400EA60302686F311884FF0000A31F05BFB5746DC
S21400EA70DFF81481D8F874420CB16369FBB1002347
S21400EA80012F88F8A93304D11AF0020F18BF88F8AE
S21400EA90A97331F0E7FA22280CD10122394B83F80A
S21400EAA024204FF0B042D36B23F00303D363082235
S21400EAB0324B9A6185F31188BFF36F8FBFE7234609
S21400EAC05A693AB91A792179914288BF1C469B68DF
S21400EAD0002BF5D185F31188BFF36F8F2569DDB163
S21400EAE0FFF78AFFA369A0EB030A4FEAEA72AA457A
S21400EAF072F1000211DB2B44A361E36813B12046D8
S21400EB0021689847B4F806A00137EFF3118586F31D
S21400EB10118831F007FBADE7AA46EFF3118B86F3B9
S21400EB201188204631F04CFA8BF31188BFF36F8FB3
S21400EB302369002BE1D0A38BB5EB0A0133B1E28B3E
S21400EB4013449BB2B3F57A7F10D2E383EFF31185BB
S21400EB5086F31188204631F00FFAA3692269134420
S21400EB60A36185F31188BFF36F8FC6E7A3F57A73A9
S21400EB70E383A3690139013BA361E7E7002000585E
S21400EB805418002080740020604300202DE9F043D4
S21400EB902B48079F90F8AE4294424DD9D0F8A46215
S21400EBA002EB42024FEA820C16EB820246D05089F4
S21400EBB0002843D0B2F90440B2F906508C42B2F9AC
S21400EBC008E02FDCA942A8BF2946BEF1000F35D0C9
S21400EBD000F1FF381FFA88F80EFB08490A1B92FB63
S21400EBE0FEF24D45D8BF404692B2904202D3A942AB
S21400EBF018BF104656F80C2052F8206002EB800C26
S21400EC0018B15CF8048D46450ED08D421EBF1EFB23
S21400EC1000F1091909B2994209DC00203E60B9806A
S21400EC20BDE8F0832146D0E7013880B2E8E7002847
S21400EC30F3D0013880B2DFE70E20F1E70220EFE7DD
S21400EC4060430020FF207047004870470080FFFFA9
S21400EC5070B515460E462422002104462FF059FEB4
S21400EC6025F04003802B02D0B5F5807F08D12046E2
S21400EC70314640F8045BEA0830F06AF8002070BDC0
S21400EC806FF01F00FBE7E3E72DE9F0430129054697
S21400EC900E46914698469DB050D8046824F040032E
S21400ECA0802B02D0B4F5807F4BD12022002114A8FF
S21400ECB02FF02FFE244A254BE408012E08BF1346EA
S21400ECC013932B1D0A93012344F000540B930C94CA
S21400ECD01F4C07AF0AAA07CA04AE87E80700CDF89C
S21400ECE034900DAA0E930F9407CA86E80700CDF855
S21400ECF04080119310AB129401AC93E8070084E8AF
S21400ED000700394613A816F0DBFE314613A816F0A6
S21400ED10D7FE214613A831F002FC296813A8C908BB
S21400ED2031F0A2FB13A8102131F09EFB13A831F09E
S21400ED30A4FB31F089FB1DB0BDE8F0836FF0200026
S21400ED40F9E76FF07100F6E7000100040001010426
S21400ED50100000202DE9F04FA7B0CDE90221804633
S21400ED601D4604460822319F28FA02F383EA080368
S21400ED709E0702F1080218BF9B00202A1C44F3D10C
S21400ED808123B4FBF3F303EBC313E41A804B04F5BF
S21400ED90062493F8B03304F55064002B3CD1FFF7FB
S21400EDA023FE0646002879D10146402206A82FF009
S21400EDB0B0FD4022314616A82FF0ABFDDFF8EC91EF
S21400EDC0744BCB4609F110094B4528BF4B4600262D
S21400EDD003F1FF3A10225B46CDE900A66E4806A96D
S21400EDE0FDF71AFB034606AA9E4244D101231022D1
S21400EDF0CDE900A368485B4616A9FDF70DFB4FF06A
S21400EE00000B824616AED3454DD1644B9945D7D1FB
S21400EE1001225F4B83F8B0234FF081090026DFF80C
S21400EE2070B1A4F50623A3F5506252090BEB8202DB
S21400EE30D2F8780204F01F01C840C0074AD4D2F8BE
S21400EE408C22CA40D20737D58122A3F6FF43B3FBF4
S21400EE50F2F202EBC2129B1A002E08BF264603F5FA
S21400EE600624B9F1010904F55064DAD1029B2BB3EC
S21400EE7026B334462AE052F8040B05930492FCF7B6
S21400EE8069FCDDE9042301300BD10022404B83F8F6
S21400EE90B0233F4B93F8B033002BBDD16FF09100F9
S21400EEA00EE00136A0E756F8040BFCF773FC0130C1
S21400EEB0EFD00BF1010BA6E7029B23B96FF08B0096
S21400EEC027B0BDE8F08F002E18BF3446329B0020D6
S21400EED01C60F5E7309B13B10023309A13600FB126
S21400EEE000233B604FF0100A00232A4621462A489A
S21400EEF0CDF800A0FDF7E6FB002836D1309A284B67
S21400EF00F2B1C2F800A02A689A421DD021462248D3
S21400EF10FEF718FA0028D1D1D5E9022303998B42CF
S21400EF2008BF42452AD08123A4F50624A4F6FF4450
S21400EF30B4FBF3F303EBC313E41A04F5062490E7DB
S21400EF402A689A42E8D0E1E7002FE5D03B46214602
S21400EF50114816AAFDF7FEFB38B9309A3B681268CE
S21400EF6093429BD39B1A3B60D6E70E4B9842CDD07C
S21400EF706328CBD00C4B9842CED08FE7029B002B59
S21400EF80A4D06B68012BA1D16FF0840098E700BF76
S21400EF9060430020816D0800B0190020906D0800C5
S21400EFA0105D175EFFDF00F0FEDF00F0006D08006A
S21400EFB02DE9F04F87B08246894698461646DDF81A
S21400EFC040B02AB1002B52D040F26C739A4251D80E
S21400EFD0BBF1010F51D8002406F110073946012075
S21400EFE00594FFF725FA0546002849D021463A46FB
S21400EFF02FF08FFC05ABCDE9014300942B46012290
S21400F00050464946FFF7A6FE044680B110F18C0F25
S21400F01008BF6FF08D043A46002128462FF079FC91
S21400F0202846FFF7F7F8204607B0BDE8F08F164BE6
S21400F030C5E902A92B60C5F804B02EB13246414698
S21400F04005F110002FF084FE059E3B462A46314609
S21400F0500E48FEF7D3F838B93046FCF77BFB013094
S21400F06008BF6FF08604D6E76FF09104D3E76FF021
S21400F0708604D8E76FF09104D5E76FF08504D2E7F1
S21400F0806FF08C04CFE700BF105D175EB01900204C
S21400F09070B58CB006460D4614460021102208A80E
S21400F0A02FF037FC002205AB029307AB019306ABAB
S21400F0B000933046294608ABCDE90622FFF74AFE04
S21400F0C018B9099B6360079B23600CB070BD30B510
S21400F0D08DB00C4605461022002108A82FF019FC1A
S21400F0E0002205AB029307AB019306AB21460093C3
S21400F0F0284608ABCDE90622FFF72CFE044610BBD7
S21400F100099B012B22D0059D13482946FEF71AF9C4
S21400F110F8B9A5F50623A3F55063812B05F01F006B
S21400F1200FD801210D4A5B0902EB8303D3F878223E
S21400F13081404A402846C3F87822FCF72BFB013072
S21400F14001D16FF0860420460DB030BD6FF0840408
S21400F150F9E76FF09104F6E7B0190020604300204D
S21400F160F8B506460F461546544204F003042246F8
S21400F17000212FF0CEFB2A4639463019BDE8F8406C
S21400F1802FF0E6BD0B4670B5544204F00304154656
S21400F1900119064618462FF0DBFD05EB44042A4607
S21400F1A031192844BDE870402FF0D2BD2DE9F0415A
S21400F1B00D4614461E46CAB008B301B3FAB103881A
S21400F1C003F44F42B2F5824F12D1DAB2122A0FD1AF
S21400F1D023F0FF03B3F5E24F31D14388336053B9D0
S21400F1E0E30033603368C02B0CD0B3F5807F24D0A7
S21400F1F06FF0850035E00733B4EBD30FF2D06FF035
S21400F20086002EE08E49002318462E19214411F858
S21400F210014D16F8012D1043121B0CBF4FF0FF34A2
S21400F2200024B54203EA040343EA0203EFD10028B0
S21400F230E5D0002BE3DA002013E08249E3E7B3F5DC
S21400F240824F40F0FA800B78042BD8D12822002178
S21400F2502FA82FF05EFB2FA831F0FFF820B16FF03B
S21400F26092004AB0BDE8F08101220DF10408CDF805
S21400F2702080754B0992754ACDE92F300A9208AB6B
S21400F28005AF01903190379093E8070087E80700B4
S21400F2902FA8394631F043F92FA831F00EF900288F
S21400F2A0DDD1019B6A4A23F07F439342A0D9002711
S21400F2B03E2239463AA839972FF02BFB01234FF010
S21400F2C0420820223946013C27A88DF8E430013553
S21400F2D02FF01FFB202239462C941FA8E4002B9504
S21400F2E064082FF016FB39AD2022394617A823955F
S21400F2F0CDF890802FF00DFBB4F5807FCDE91B583C
S21400F30034600DD005D8C02C23D0E02C3FF470AF6D
S21400F31075E7B4F5C07F3FF46BAFB4F5047FF5E74F
S21400F3204C4B27931F934FF4005329934FF480437D
S21400F330219300230734E40864001A4627A91FA86F
S21400F340189416F09CFA30B1002C3FF458AF013CEC
S21400F35010E0414BE5E704A927A816F045FA002877
S21400F360F2D1049B5B00422B0BD9002C3FF447AF35
S21400F3702120013C0022013C2A7005F10105FAD249
S21400F38057E04FF060633190CDE92F30379003A9F6
S21400F3901FA816F0CDFA0028D6D103992FA821F47D
S21400F3A0F061039131F060F802A917A816F0C0FAD0
S21400F3B00028C9D102992FA831F056F801230F93DF
S21400F3C04FF000530EA92FA8109316F079FB11A941
S21400F3D01FA816F054FB30B133680733DB085C0017
S21400F3E0002BB4D10BE711A92FA816F069FB0BA9C7
S21400F3F027A816F044FB0028EED10BA92FA816F07C
S21400F4005FFB14A917A816F03AFB0028E4D114A94C
S21400F4102FA831F084F803242FA831F04EF80128E5
S21400F42001D1013CF8D133680733DB085C00002BC0
S21400F4308DD100283FF4FFAEE1E66FF0960010E7AE
S21400F440524004006A400400000008430400002004
S21400F450010201002000008018000080F8B5134665
S21400F46042880C460732072A4FEAD20104D0A1424E
S21400F47002D06FF08600F8BDD0E90167058820222B
S21400F480184600212FF045FA360A0346002E44D1CE
S21400F490002CEED041F20102954205D0B5F5885F0A
S21400F4A002D0B5F5905F02D15C600020E3E7B5F5C9
S21400F4B0105F07D1182C03D0202C01D0102CD8D1E7
S21400F4C01C60F1E705F44F42B2F5824F19D1EAB25B
S21400F4D0122A16D1182C17D0202C12D1104A25F03B
S21400F4E0FF05B5F5E24F1A6010D0B5F5824FC0D1D2
S21400F4F04FF4005217F4705F0DD017F4864F08D003
S21400F5009A606FF08500B6E7064AE8E74FF4804257
S21400F510F0E742F480629A60C7E76FF08B00AAE7D4
S21400F52020000080180000802DE9F0411C4643684A
S21400F53006461B0A8846154688B051D1028822F036
S21400F540FF03B3F5824F28D14388413AD2B207333E
S21400F550012A4FEAD30346D90A78042A18D16F1E27
S21400F560B7EB430F01F1010812D11D46224629468A
S21400F5703046FFF773FF68B9033727F00307C4E97F
S21400F580030867615DB92022002120462FF0C1F9EB
S21400F5906FF0860008B0BDE8F0812F46E6E701462A
S21400F5A0202268462FF0B5F96A4629463046FFF70E
S21400F5B055FF0028E7D12368009A9A42E3D1636892
S21400F5C0019A9A42DFD1A368029A9A42DBD1A369D4
S21400F5D0069A9A42D7D1E369079A9A42DAD0D2E7D6
S21400F5E06FF08B00D6E76FF08500D3E770B5144652
S21400F5F005460E46FFF7B4FD634203F003032344BB
S21400F60022463119E818BDE87040A9E540F20343E8
S21400F6102DE9F04F97B0002204210CA8ADF8303049
S21400F620FCF7F0FA00239B6AB3F5804F6DD21A6898
S21400F630BC4B9A4269D1BC4C94F8B15315F0FD0509
S21400F64063D194F86433002B00F04982022384F8D7
S21400F650643308224FF48036B44B0320C3F880216D
S21400F660B34BDE60FEF7D0FAB24B1E6100239B6AF6
S21400F670DB69984794F864330646012B40F0C18254
S21400F680FCF7B6F8013009D0FCF7B2F840F20113E7
S21400F690984203D0A84AD368DB07FCD4D4F8C42326
S21400F6A0A64B1A66D4F8C8235A66D4F8CC23C3F8F7
S21400F6B07021D4F8D023D70744BF00229A60A04B0D
S21400F6C09A6A013213D194F8B12382B99D494968E8
S21400F6D0C80748BF9A629C4A5268D10744BF0122B5
S21400F6E09A629A4A5268D20744BF02229A622BF064
S21400F6F043FCD4F8B43383F31188BFF36F8F84F8D8
S21400F700645316B9012384F8B1338D4D4FF400319C
S21400F710EA6A531C04BF8E4BD3F894204FF0502354
S21400F72008BFEA62D707196700F16D8201210C460F
S21400F730084604FA00F3134001F1010100F0658267
S21400F740844B03EB4003B3F84A30834A062B116818
S21400F750754F07918AB24FEA114140F05D824FF231
S21400F7600F03994240F05582B2F5406F28BF4FF420
S21400F770C062A7F8D4234FF000534CF23C325A80B4
S21400F780764A536A43F470235362EFF308834FF0CC
S21400F790CD31734A043B934280F05082FFF724F940
S21400F7A04FF44073012204210CA8ADF83030FCF76A
S21400F7B029FA01226B4BC3F84424EFF3118430235B
S21400F7C083F311880C20FDF75BFF84F31188BFF3E9
S21400F7D06F8F624B00F5D520D3F8F02000F2FC4086
S21400F7E042F00102C3F8F020D3F8FC204F4C42F060
S21400F7F08072C3F8FC205C4AA3F55D431A605B4B3D
S21400F8000222B0FBF3F05A4B01381861C3F8F0201F
S21400F8104FF48072C3F804234FF06043554AC3F890
S21400F820B02F554AC3F8802ED3F8002E42F48072CB
S21400F830C3F8002EFF2283F82020D3F8002E22F4EF
S21400F8408072C3F8002E23689E0106D44FF0007322
S21400F8501920C4F88031FEF7D7F92368580106D47A
S21400F8604FF080631A20C4F88031FEF7CDF94FF0D0
S21400F87060440221D4F8003E0CA843F48073C4F818
S21400F880003E3E4BCDE90C1324F054F8D4F8003E6D
S21400F890042123F48073C4F8003E40F2034301229F
S21400F8A00CA8ADF83030FCF7ADF997F8D91302295B
S21400F8B003D197F8D833072B1BD097F8D833DA073D
S21400F8C003D443F0010387F8D83397F8D8339C075E
S21400F8D05FBF012243F0020387F8D83387F82C274E
S21400F8E097F8D82311B9D00700F1AB81510740F142
S21400F8F0AF81022630F0B4FC184B00245B681DF084
S21400F9005BFAFCF7E1F81E4BDFF878C0CDE90C6334
S21400F9104FF00073CDE90EC305230CA94FF0FF305E
S21400F92032E000BF07B0CD5E6043002000E100E09B
S21400F93000A0004400900044000004400080004402
S21400F940807400200080055000C00550000006505E
S21400F95000400050404004000000002000ED00E0A1
S21400F9600800002000D00350FF030040F8590D00A7
S21400F970000004E055CEACC509000100006A18106E
S21400F980006A18000002040010932FF0BFFC012349
S21400F9900CA94FF0FF30CDE90C448DF832302FF033
S21400F9A0A3FB6FF00A014FF0FF302FF0B2FC27F0F8
S21400F9B029FFAA4B1A78532A29D04FF4FC72214605
S21400F9C018462EF0A6FF0A2202614261A44A00F5FC
S21400F9D0FC718261C1614FF440710346016284622A
S21400F9E04462C462C0F8082100F59F62C0F80C218A
S21400F9F09C4AC0F81041C0F81841C0F81441C0F83D
S21400FA001C4112F8011D19550134102CF9D1EFF3E1
S21400FA1011824FF0200181F311880124DC6282F309
S21400FA201188914E2022002106F12008304687F8E2
S21400FA3030472EF06EFF1822002140462EF069FF58
S21400FA4000228A4B8A491A7799608A491A62D960D5
S21400FA508949C3E90026196188499A615961884B2A
S21400FA6088492046996088491A77D9608749C3E94A
S21400FA700028196186491A6259619A6130F084F942
S21400FA800346002840F00A8241F60B22002000219F
S21400FA90B1464FF6FF7ADFF83C82E9E90F01A8F895
S21400FAA004207C4A7F21C7F878277B481022C8F8B4
S21400FAB000300393ADF818A08DF81A402EF029FFF9
S21400FAC07F214FF0FF3B754ACDF830B01170744A75
S21400FAD0039B126A12F0010F40F0FE80FEE701263B
S21400FAE0CDE9085584F86463EFF31183302282F37E
S21400FAF01188C4F8B4332BF037FA94F8B83363B9E6
S21400FB00FEF772FF48B908236649674804F56F7226
S21400FB10FCF796FD08B984F8B863644B5A68C4F8D5
S21400FB20D023634A9A601A6EC4F8C4235A6EC4F887
S21400FB30C823D3F87021C4F8CC231B6E5F0441D5CC
S21400FB405C4AD368DE07FCD45B4B9A6A511C3ED0F5
S21400FB504FF480139340594A13660422574B4FF0D4
S21400FB6080411A664FF480621A6610221A664FF4B5
S21400FB70005200261A6619665A66B36AB3F5804FB5
S21400FB800FD201230CA88DF83030CDE90D6622F097
S21400FB90ACF90E9B5A0504D5B36A09A91B6C08A8D4
S21400FBA09847089A454B1A66099A5A6694F8B823F5
S21400FBB0002A3FF44EADD4F8BC231A66D4F8C0230E
S21400FBC05A6646E53E4AD368D807FCD4BCE794F8A4
S21400FBD0B133002BC1D13B4B5A68384B12B94FF4A6
S21400FBE080121A66384A526812B94FF400121A6622
S21400FBF0364B5B68002BB0D14FF480022F4B1A6651
S21400FC00ABE701257BE500209AE510297FF490AD4F
S21400FC109BE54FF4C062ACE540F2072083420AD170
S21400FC204FF20F00814206D19A4202BF4FF00052B7
S21400FC304CF23C315180A7F8D433A1E543F80419BF
S21400FC40A9E52348FEF71AFC022387F8D9334DE6C8
S21400FC5042F0040287F8D8234BE600BFB8750020B0
S21400FC601C400400BA400400944A00200C180020EF
S21400FC704775010049110100D91201009D75010068
S21400FC803018002059130100551101008913010096
S21400FC9091130100E9750100906D0020181A0020EC
S21400FCA00080E00F00710800B019002000800044BA
S21400FCB055CEAC0000000440807400200090004444
S21400FCC0000004500080055000C00550000006509B
S21400FCD03C470020A8190020894A06F144011288F2
S21400FCE00CA8A7F88827874A1268C7F89027864A7C
S21400FCF01288A7F88A27854A1268C7F894278022B0
S21400FD00A7F88C2706F16802C7F898271A4627F046
S21400FD10D7FD00B1FEE77E490C9828F061F900B1E6
S21400FD20FEE702210C982FF0F8F900B1FEE77949BA
S21400FD300C9828F04FFB00B1FEE721460C982FF0F8
S21400FD40B8FB00B1FEE721460C982FF0C0FB014639
S21400FD5000B1FEE7704B402218462EF0DAFD214631
S21400FD60A0F83CB080F83EA00C9827F00FFE6B4E33
S21400FD700C98306000B9FEE740F22223D7F87017DF
S21400FD80D9F80420664C9A4208BFA1420DD00FF263
S21400FD90681BDBE900AB4FF0FF324FF0FF33CDE9D5
S21400FDA000AB2FF09FF9C9E900AB00215D4802F0D7
S21400FDB0A5FC012108462FF0CFFF306806A927F0E2
S21400FDC0BDFD044600B1FEE7574B584A98801860C0
S21400FDD0574B9080136003F1B40203F59A73C7F88B
S21400FDE0AC3898F80430C7F8C8080B2BA7F8A40856
S21400FDF0C7F8A02803D898F805300A2B00D8FEE7E5
S21400FE004C4BC3F80080FBF75FFE204602F006FD71
S21400FE100822306811462FF0B8F9044600B1FEE714
S21400FE20014630682FF06DFB2146182242482EF01E
S21400FE3070FD424802F0B4FB414B122221461846A0
S21400FE402EF067FD4FF6FE7220F8022CEFF31080BE
S21400FE5072B610223B4B3C491C609C609A8030F086
S21400FE60DFFA99608C230C94384C4FF40C600CA984
S21400FE70C4E9022323F048F9002833D10F220C9B53
S21400FE80C4E90033E168013A19441960E16892B2A6
S21400FE900B44002AF6D14FF0FF321A60EB6ADFF807
S21400FEA0BC905A1C08BF2A4B2A4A08BFD3F8943085
S21400FEB009F50054136008BFEB624FF400324FF0B0
S21400FEC050231A6794F84838002B40F0E1864FF626
S21400FED0FF72214DC9E90133C9F80C302B889342D3
S21400FEE001D1FEE7FEE7002B45D1042108A802F069
S21400FEF045FBA8B3FEE700BF0AE020FF2202000091
S21400FF009E490400A44904009C490400A04904003A
S21400FF1007001100BC400400486D00207C1900203A
S21400FF200AE020FFA8190020581A0020281A0020EE
S21400FF307C4B0020A419002088190020A01900205E
S21400FF408A1A0020AC1A0020ED030400F81A0020DC
S21400FF5000400050A06D0020386D0020081B0020D7
S21400FF60089B002B00F0F7836FF00042934208BF17
S21400FF700123E94A13602B88002601332B80F4F70F
S21400FF8072FDE64DE64BC9F8140000F180412846A4
S21400FF90C9F81860C9F81C30C9F82450F5F744FCB5
S21400FFA0E04BC9E90A66C9E90C36C9E90E6689F864
S21400FFB04060C9F84460C9F85C602D26DA4BC9F881
S21400FFC0483005F12C03C9F850304435013E2B4625
S21400FFD005F1800540F0C183D44D05F27460C5F884
S21400FFE0606685F86866C5F86C66C5F87066F4F7EE
S21400FFF070FDCF4B8C22C5F888360123A5F89436C1
S214010000032385F896364FF44043314605F2A46043
S214010010A5F89836C5F88C66C5F89066C5F89C664E
S214010020C5F8A06685F830672EF073FC0523C5F881
S2140100303467C5F83867C5F83C67C5F84067C5F842
S214010040446705F5E962013B40F08E830526C5F855
S214010050A837B84B013E40F08E83B74885F80C6848
S214010060F4F76EFCF5F79EFADFF82C83B34B08F134
S2140100701C0BA8F1100AA5F81C085846C5F820382C
S214010080C5F82CA8C5F82888C5F83068F4F758FCD8
S214010090C5F850B84FF0010BA94B08F14C00C5F854
S2140100A0443808F12403C5F84C38A64BC5F8546803
S2140100B0C5F86838C5F85868C5F85C68C5F860685A
S2140100C009F086FFA04B08F18800C5F890389F4BD1
S2140100D0C5F894A8C5F834389D4BC5F838A8C5F8B6
S2140100E0643809F075FF9B4B9022C5F8CC3808F1AF
S2140100F08403C5F8D038984B3146C5F8E03808F186
S214010100C003C5F8E838954B08F1F000C5F800398A
S214010110C5F8EC68C5F8F068C5F8F468C5F8F8687D
S214010120C5F8FC68A5F80469C5F80C69C5F8A069A6
S2140101302EF0EFFB8A4B80223146C5F8AC3908F524
S214010140CC7008F5C673C5F8B43985F8A4B9C5F8F6
S214010150A8692EF0DEFB08F5077009F039FF814B20
S21401016008F51570C5F8603A08F50673C5F8643ADF
S214010170F4F7E6FB7C4B08F51A70C5F87C3A08F5EF
S2140101801773C5F8843A23F0C2FB4FF4E163C5F850
S214010190E43A4FF4E153C5F8F83A744B08F5387071
S2140101A0C5F8FC3A85F8A86A85F8D96AC5F8DC6A04
S2140101B0C5F8E06AC5F8EC6AC5F8F06AC5F8F46AED
S2140101C0F4F7BEFB08F53A7009F002FF684B4FF0F2
S2140101D0FF3AC5F82C3B08F52F73C5F8303B654B45
S2140101E0C5F8586BC5F85C3B08F54F73C5F8643B1A
S2140101F0614BC8E9CB66C5F8683B08F55273C5F88C
S214010200703B0723C8F8346385F8563B08F57173CD
S214010210C5F8303D08F2F443C5F8E03B574B584962
S214010220584AC5F85C3E08F23C63C5F8643EC5F81A
S214010230481BC8E9D566C8F85C63C5F870BE85F882
S2140102407CBBC5F8406BC5F8446BC5F8006CC5F8B7
S214010250446EC5F8486EC5F84CAEC5F850AEC5F844
S21401026054AEC5F858AEC5F8686EC5F86C6EC5F8DC
S214010270746EC5F8882E08F5CD62C5F8902E424AF0
S21401028008F5D160C5F89C2E08F27C62C5F8A42E4C
S214010290C5F8946EC5F8986EC5F878AEC5F87CAE0C
S2140102A0C5F880AEC5F884AEF4F74AFB344908F5C4
S2140102B0D1601531F8F71EFE344908F5D26085F88D
S2140102C0B06E85F8C16EF9F7A3F821F0A5FA3049AA
S2140102D008F2A160F9F79CF808F5D86085F8D66EA3
S2140102E0C5F8DC6E23F0F5FE08F5DA6023F0F1FEC2
S2140102F04FF01C72C5F8102F264A08F5E160C5F8C4
S214010300182F08F5DF62C5F8202FC5F8046FC5F869
S214010310086FC5F80C6F41E03C6D0020241B0020DF
S214010320DB5A0000677800003D580000082B0020CB
S2140103306B8A0100B43200201C330020655E000089
S214010340C9620000014600004F5F0000D1ED0100C8
S214010350514A0200219B0000755A0000079D0000CB
S2140103603D8B010001AD000063A200000075120084
S214010370299C01003FBD01000B8A0100A9980000DD
S214010380E8400400B1980000E14600002540040062
S2140103903040040061A9010028330020A5F8146F3D
S2140103A023F097FE08F21C70C5F8386F09F09EFF1F
S2140103B095F8402F102166F3000285F8402F4FF084
S2140103C000420CA8C5F8D82EC5F8242F02F0D6F89E
S2140103D032460CA908F5D7600AF026FBC5F8006F6F
S2140103E0C5F8486FF5F7DEF885F84C0FF5F7DAF83B
S2140103F0E44A0B21C5F8502FE34A85F84D0FC5F89E
S214010400542F0F2285F8602FD5F8682F08F28470D4
S21401041002F0FC02C5F8682FFB22A5F87C2FDB4A08
S21401042085F8581F85F86C1FC5F8942F85F84E6F10
S214010430A5F85A6FC5F85C6FC5F8706FC5F8746F8C
S214010440C5F89C6FC5F8A06F23F043FE08F29470C0
S21401045023F03FFE08F2A47023F03BFE4FF6FE7336
S214010460CB4A08F2BC7BC5F8DC2FCA4A08F2667094
S2140104702260A5F8823FA5F8843FC5F8E4BFA460D2
S214010480A5F8FCAFA5F87E6F85F8806FF4F758FAEB
S214010490B5F88E3F08F2847003F0FE0343F4FE4382
S2140104A043F00103A5F88E3FC5F8906F85F8D96F24
S2140104B0F7F7AAF908F29470F7F7A6F908F2A4700C
S2140104C0F7F7A2F95846C5F8D46F85F8D86FF5F74F
S2140104D0D5FF08F5FC60A5F8EC6FA5F8E86F85F880
S2140104E0EA6FC5F8F06FC5F8F46FC5F8F86FF5F761
S2140104F0C5FFD5F8943F08F69400E360A64BC4F810
S214010500AC60C4E90436A54BA4F8B260A36108F553
S214010510FF63236223F0DDFD0CA8F7F7A1F99DF830
S214010520303008F5096023F0010343F002038DF82B
S2140105303030F6F76BFD08F60400F4F7FDF995F890
S214010540483F43F0010385F8483F95F87E3F0BB9D5
S2140105501CF0A7FA92480AF01DF9B5F8501F914809
S214010560F6F76FFC90480CA9F7F714FEB5F8821F52
S2140105708D48F7F703FE00228C498D48F7F74DF9B1
S214010580F5F710F80026A4F8C4008A48F4F7A1FA93
S2140105908948F4F7D5F994F80831884823F00F0311
S2140105A084F80831864BA4F8E860C4E94336C4F8F9
S2140105B0EC6084F8F86084F80261C4F80461F4F72A
S2140105C035FA4FF4FA63C4E94A367E4B4FF0406081
S2140105D0C4F84431B4F850314FF47A7C03F0800308
S2140105E0A4F850316FF00113C4E95603F023C4E9AF
S2140105F058C36423DFF8EC81C4E94C6608F1800037
S214010600C4E94E66C4F82461C4F84061C4F8683190
S214010610C4F8AC61C4F8C061C4F84C81F4F790F931
S214010620694B08F19400C4F8CC3108F18803C4F88A
S214010630D43109F0CDFC654B4FF0FF0AC4F8FC310C
S214010640634B3146C4F8643208F59073C4F86C32D3
S2140106504FF0AF63C4F880325E4B08F1140BC4F858
S214010660E83208F5A47008F5D273C4F8F032C4E98C
S2140106709E66C4F86062C4F8B862C4F8D062C4F872
S21401068000B20AF024FD08F5A47084F8C7A284F825
S214010690C8A20AF0BFFD504A3146C4F8002308F547
S2140106A0DE72C4F808234D4A08F13C00C4F81C2346
S2140106B008F5EC72C4F82423494AC4E9BE66C4F8B6
S2140106C0382308F5FA72C4F8402384F8F462A4F8D3
S2140106D00C63A4F8146384F828630AF0F8FC08F1A4
S2140106E0340084F8BBA184F8BCA1F4F729F908F119
S2140106F03C00F9F707FE314608F13C000AF0E7FC3A
S214010700584684F8BBA184F8BCA10AF035FB08F56D
S214010710037008F085FFD4F86023A8F5DF71920C0A
S214010720920442F4403242F04002C4F8602348F298
S214010730FE0208F50570C4E9D42608F0B4FC08F5F5
S214010740097008F071FF08F50B70F7F789F806468F
S214010750002849D0FEE701230BE4D9F85C2045F8D0
S214010760802CC9F85C3031E4D5F844175161C5F8DE
S2140107704427183267E4D5F8A8271A61C5F8A837C0
S214010780183367E4FFFF0B0B00F8FF07004C00204F
S214010790D5630000098500004B4600004F46000067
S2140107A0E0390020503A0020843A00200541040038
S2140107B0BC3B0020D43B0020E83B00201C3C002032
S2140107C00B92010047460000AD8F0100E9D70100FA
S2140107D051BB010011CF0100E9BA0100C1BB010004
S2140107E0F9CB01004C3C002008F50F7008F01CFF07
S2140107F04FF07F42FE21C4E9E22194F8921308F5F6
S214010800157041F0800184F89213F4F762F943F20F
S214010810FF21A4F898134FF4807108F51A70A4F814
S214010820A613F4F756F943F2FF304FF48071A4F89B
S214010830AC0308F50170A4F8BA13F4F781F858462A
S214010840DC490BF006FFDC4908F57F70C4E9F216B7
S214010850DA49C4E9F066C4F8D01308F52371C4E98F
S214010860F61694F82E14C4F8E06321F0030184F818
S2140108702E1408F2F621C4F834144FF47E4184F89D
S214010880E463A4F83814A4F83C15A4F8EC63C4F89F
S214010890380584F83E66F4F785FE84F83F05F4F7DC
S2140108A081FE4FF6FE7B84F83E054FF4007084F817
S2140108B03C6520F075FFC24908F21C50C4F8441686
S2140108C008F5A061C4F84C16BE49C4F85466C4F8CD
S2140108D0501694F85E16C4F8586666F3000184F85C
S2140108E05E16A4F85CB608F09FFE4FF07F42C4F88F
S2140108F06826A2F57F42023AC4F86C26C4F87866E8
S214010900C4F87C66C4F88066F4F74CFE94F8B62604
S214010910A4F8840666F3000284F8B626AA4A08F507
S214010920B460C4F8BC26B4F8D426C4F8886602F0CD
S214010930FE02A4F8D426C4F88C66A4F890B684F80F
S214010940AC66C4F8B066A4F8B466C4F8C06684F8A9
S214010950D666C4F8D866C4F8FC6608F061FE94F85A
S214010960F62608F5B36022F07E0242F0760284F89D
S214010970F62684F8F566F3F7E3FF8122A4F802274A
S214010980924A08F2BC50C4F8082708F2C452C4F8C8
S2140109901027BE22A4F8002709F07EFB8C4B8D4A57
S2140109A0C4F8243708F5BC63C4F82C374FF6FF7338
S2140109B0A4F84437C4F8E037874BC4F84827C4F88E
S2140109C0EC3708F2046208F5D563C4F85027C4F87A
S2140109D0F437824A824BC4F87827C4F8F83708F20D
S2140109E0346208F5CB63C4F88027C4F8FC37C4F832
S2140109F01467C4F81867C4F81C67C4F820A7C4F8BD
S214010A004067C4F86467C4F86867C4F86C67C4F8DC
S214010A107067C4F87467C4F88467C4F88867C4F854
S214010A208C67C4F89067C4F89467C4F89867C4F8EC
S214010A30D867C4F8DC67C4F8E467C4F8E867C4F8A4
S214010A400068D5F8901608F2B4630A46002A40F00A
S214010A506881C4F80018C5F89036FF22C4F810283B
S214010A60604A0023C4F814285F4A6049C4F81C2869
S214010A700C32C4F828285E4AC4F80C38C4F840285A
S214010A804FF4FA72C4F80438C4F80838C4F82C389D
S214010A90C4F83038C4F83438C4F83838C4F83C38A8
S214010AA0A4F8443884F84838C4F82018A4F80C2868
S214010AB0F4F778FD012384F84838D7F86039C4F88C
S214010AC04C084C480133C7F8603990F8343013B9F4
S214010AD04949FDF741FE4948F7F704FF4848F7F74B
S214010AE001FF00238DF82430012309AE314608208A
S214010AF00CAAADF8303022F0ABFB18B99DF82430C3
S214010B0084F8D6360CA822F00BFC0246002840F0EA
S214010B10BF800D993B4809F0E1FE0E9BB5F87C2F8E
S214010B20C5F8043F0F9B9106C5F8003FC5F8D43FB2
S214010B300AD5EFF31182302181F3118832494B60D7
S214010B4082F31188BFF36F8F9DF8313023F00203D3
S214010B5043F0040384F85B31BDF85430052B40F0B4
S214010B6097809DF8303084F85A31023B022B00F210
S214010B708F80BDF83210C1F3080333B12348F7F76D
S214010B80FDFABDF83230A4F85C31204811A9F7F718
S214010B9001FBDDE913014FF6FE7204F55C7383E891
S214010BA00300BDF83230934272D0C3F30803002B22
S214010BB068D02DE0154104000D8A01003D8C01002E
S214010BC051470200594702009DBF0100C1A0010024
S214010BD02B8C010023ED01004D50020031C10100B4
S214010BE0E7ED0100358C01001C430020755A00001A
S214010BF08DA00100B0190020887400204C39002017
S214010C0078390020E0390020486D0020843A002021
S214010C100023099373600223ADF82C300A23314672
S214010C2004200DF11602ADF8163022F011FB8046B5
S214010C3070BB714D2846F9F765FB414628460AF018
S214010C4046FA96E80300FF2384F8BB3184F8BC31EA
S214010C50BDF82C3085E80300A4F8A03194F89E3145
S214010C60012143F0F00384F89E31BDF83230284666
S214010C7003F47C43A4F89C310AF029FAB4F89C31B9
S214010C80A4F85E3194F8583143F0040384F85831DF
S214010C905A4CC7F8649904F60913A3604FF400632D
S214010CA004F2091504F15800A3816560C4F80090A8
S214010CB0F3F746FE04F16000F3F742FE04F150003C
S214010CC0F3F73EFE0222002384F820204C4A04F665
S214010CD00810C4E90433C4E906336363A366A4F8C1
S214010CE06C3004F16E03C4E90B55C4E90E25C4E962
S214010CF01005C4E912556562A062C4F8803004F19B
S214010D005005216D91B93F4EA56D9DB93E4D266E9C
S214010D10C6B128463146F4F78AFB3046F3F785FF1D
S214010D20F5E79A423FF499AE92688FE62846F4F7C3
S214010D307EFBE6E730462946F4F779FB2846F3F7CB
S214010D4074FFE1E70425314BC4F88430043B013DD0
S214010D50C3E9226603F10803F9D1C8232C4A04210A
S214010D60C4E935234FF6FF73A4F8DC30294B002283
S214010D70C4E938350023C4E92B55C4E92D55C4E927
S214010D802F55C4E93C23C4E93E23DFF88C80A4F840
S214010D90A85084F8CC50C4F8D050C4F8E85084F871
S214010DA00011C4F8045184F80851A4F80A59A4F8AB
S214010DB0845984F88759C4F88859C4F89459C4F8F2
S214010DC09859C4F89C59C4F8A059C4F8A459C4F851
S214010DD0A85984F8AC59C4F8B059C4F8B45926686F
S214010DE048E90223C4F8B859C4F8BC5984F8C05974
S214010DF0C4F8C45996B9FEE7883C0020C0530020C9
S214010E000000FFFF1854002020540020C453002087
S214010E1000F8FF07053E0200905D0020744BDFF8E6
S214010E20189229467822A8F1C400C4E90634C9F804
S214010E3000402DF06EFDA8F1440084F8865984F830
S214010E400959F3F77DFD96F840E006F13801F446BE
S214010E500B46684801EBCE059D4240F0BC80BEF1D2
S214010E60010F07D0634B0EF1010286F8402041F8CE
S214010E703C306C60604B06F5805A4FF00008CAF8AB
S214010E806C3601235D4A5E4DC7F868295D4A4146C6
S214010E90C7F8882905F120028AF86836C7F890292C
S214010EA0CAF87046382205F14C0087F8B039C7F801
S214010EB06C49C7F87069C7F87459A7F88489C7F8E8
S214010EC09459C7F89869C7F89C59C7F8A069C7F834
S214010ED0A459C7F8A869C7F8AC592DF01AFD4A4BB2
S214010EE04A4ACAF8403B05F19403CAF8443B97F8CE
S214010EF0103A474923F0070387F8103A97F81C3A47
S214010F0005F1080068F3000387F81C3AC7F87889EA
S214010F10C7F8EC69C5E90588C7F8F059C7F8F46958
S214010F20C7F8F859C7F8FC69C7F8005A87F8048A61
S214010F30C7F8086AC7F80C5AC7F8146AC7F8185AE7
S214010F4001F00EFF0422334B77211D6023683248DF
S214010F5003F5805383F89626304AC3F8444BC3F80A
S214010F60402B12F00EFC2E48F4F740FC2D4A2E4B77
S214010F70911FC2F8021802F62801C2F8221840F2A0
S214010F801451C4F8D0394FF40063A2F82618274943
S214010F90A2F80688C2F80A88C2F81A88A2F81E883B
S214010FA082F83E8DC2F8421DC2F8468DA4F8D839A3
S214010FB0C4F8D42902F2266302F62202C3F8E82115
S214010FC01B4AC3E97B241B4BC4E90434D9F800301F
S214010FD0A34209D0FEE71A68824203D15A68A242A8
S214010FE03FF448AF083337E717B0BDE8F08F00BFCE
S214010FF0A93D020005FA010045360200BB36020093
S214011000C84C0020853701005974010008200400EF
S2140110105B090400886D0020B0540020113E0200D8
S214011020A05400209A5D0020F51301002D1F020038
S2140110306738020017FA01008C6D00200348044B44
S214011040834202D0034B03B118477047B07A0020A1
S214011050B07A002000000000064B0749C91A891023
S21401106048BF0131491003D0044B0BB10148184762
S214011070704700BFB07A0020B07A00200000000060
S21401108010B5064C237843B9FFF7D8FF044B13B1CC
S2140110900448AFF300800123237010BD4273002083
S2140110A000000000386B040008B5054B1BB105496C
S2140110B00548AFF30080BDE80840FFF7CDBF00BF8D
S2140110C000000000206D0020386B0400A3F5803A74
S2140110D0704700BF174B002B08BF134B9D46FFF709
S2140110E0F5FF00218B460F461348144A121A2DF0BD
S2140110F010FC0E4B002B00D098470D4B002B00D058
S21401110098470020002104000D000D48002802D059
S2140111100C48AFF3008025F013FE200029001EF0D6
S21401112087FC25F0FBFD00BF000008000000000062
S2140111300000000008180020081800208073002016
S2140111400000000000000000014B1868704700BF57
S214011150081800204FF0FF30704710B5044600B95C
S214011160FEE7037F1BB1436998470023237710BD31
S21401117038B5044600B9FEE7038B428B9A420CD978
S2140111800022013302770383D0E9025398470146D0
S2140111902046A8470123237738BD036A013303623B
S2140111A0BDE83840D9E7014B5B69184708180020AD
S2140111B010B5EFF31184302383F311880348FFF74A
S2140111C0CCFF84F31188BFF36F8F10BD0C1800207D
S2140111D0014B9B6B184700BF0818002010B5EFF3B2
S2140111E01184302383F311880348FFF7B6FF84F395
S2140111F01188BFF36F8F10BD301800202DE9F8431A
S214011200064614460D46FFF7A8FF336998470027A0
S2140112102D1947EB07032C1A63F10005012C75F114
S214011220000306DA336A304601333362BDE8F84319
S21401123093E7D6E902839847A04277EB05031CD2D1
S214011240F36898473B460246294620462DF070F93A
S214011250F368914698473B460246294620462DF0BC
S21401126067F94C4683B200227383214630463283A7
S214011270C04701233377BDE8F8833B46F3E710B553
S214011280084B5C6804B95860EFF31184302383F38C
S21401129011880548FFF7B2FF84F31188BFF36F8FFB
S2140112A010BD00BF081800200C18002010B5084B10
S2140112B09C6A04B99862EFF31184302383F3118892
S2140112C00448FFF79BFF84F31188BFF36F8F10BDAF
S2140112D0081800203018002070B5EFF3118630236F
S2140112E083F31188FDF788FB4FF0B043174DEC6C84
S2140112F05B69DB0702D5FDF77FFB013486F31188B6
S214011300BFF36F8F124B8342124BA3411CD32A6D3E
S214011310D2B14FF47A73A0FB030103FB0411531EF1
S21401132013420DD1B2FA82F2C2F11F04531CD2430A
S214011330E04001FA03F3184321FA02F2104370BDAC
S21401134000232DF0F5F8FAE7FEE700BF08180020A5
S214011350EFA7C64B3789410007B50A4600B9FEE735
S214011360037F03B1FEE7074B019000934168012319
S2140113704FF0FF302DF00CFE00B1FEE703B05DF834
S21401138004FB00BFE70304004FF0FF302DF0D1BF90
S21401139000B9FEE741684FF0FF302DF009BE08B5F1
S2140113A0FF22002102482DF0B4FA002008BD00BF3C
S2140113B05C1800201FB500230C4601A98DF80C30DF
S2140113C0F6F7A3FE024638B99DF80C30012B06D07D
S2140113D0022B09D003B92072104604B010BD237247
S2140113E0BDF804302380F7E7237201AB03CB2060FE
S2140113F06160F1E770B50C46064690B189B10A4DB9
S21401140095F853310BB123F01DF9D5F8583143B196
S21401141022463146D5F85401984710B9012385F87C
S2140114205331204670BD00BF0818002030B508684B
S21401143085B008B9FAF7D4FB2E4922F063FC0028E0
S21401144054D001238DF80430002301A8CDE90233DE
S21401145020F04BFD039B9C0244D5274C63680BB1DF
S214011460FCF704F90122254B5A60A36A9806FCD4BE
S21401147002230125A3606362214B5D60FCF7F6F849
S2140114801D4BE5609A6AD106FCD402221A639A6A59
S214011490D206FCD40323194A12205361A2F58052C6
S2140114A09361FCF7B1FB4AF6E850164B164CDA6E20
S2140114B0D96E22F003021866144842F0020241F087
S2140114C00301C0F82044DA66D966DA66D966DA66B8
S2140114D0D966DA66D966DA66BFF34F8FBFF36F8FC8
S2140114E030BFFEE70A4B0B4A1A60A3E7232005B07C
S2140114F030BD00BF60050400004006500060065085
S21401150000500650004000500000FFFF00E003506E
S2140115100000002002020FF00B68181D0860186812
S21401152002F1410122F094BF0B4610B50C49044666
S214011530186822F0E7FB0246A36803F50B50343027
S2140115402AB1BDE810400022114609F05DBD2246D1
S214011550044909F059FD002808BF242010BD00BF2A
S2140115606B050400F13A010073B50C4606460DF111
S21401157007012068154622F0C5FF28B963682BB914
S2140115809DF807103068A84702B070BD0720FBE73A
S21401159030B50446086887B048B105A922F0B2FF05
S2140115A0F8B99DF814301F2B1AD8012098400E4B1D
S2140115B0A5680193002305904FF6FF7202940093ED
S2140115C005A905F50F501BF0E7FF50B9074B04F1CD
S2140115D00800072103F10802F3F7F8F8242000E0D9
S2140115E0072007B030BD00BF194201000C1F0400E0
S2140115F008B584681BF0D2FA04F5F650183009F0E5
S21401160041FA1BF0A5FAFAF7EBFA024A0968083024
S21401161022F02DBFB541000030B50B6815461A1DE6
S2140116200A6085B06946186822F032FF044628B978
S2140116306B4603CBC5F84900C5F84D10204605B0EA
S21401164030BD7FB50D6804460E4675B954F8083F9F
S21401165003F58053D3F838570DB9002018E0294612
S2140116602046F3F772F82D69F6E72846214922F05D
S21401167049FB78B16946706822F00AFF40B9A06854
S214011680694600F5B950143009F0D8FE0028E4D0B8
S21401169004B070BD2846184922F034FB68B169468B
S2140116A0706822F0F5FE0028F2D1A068694600F5C0
S2140116B0B950143009F0FEFEEAE728460F4922F039
S2140116C021FB40B1204650F8081F01F50E51183194
S2140116D0F3F73BF8C1E72846094922F013FB30B17E
S2140116E0204650F8081F01F50E512C31F0E7232053
S2140116F0CEE700BF710504008A05040075050400E5
S2140117007B050400F7B50D46096807461E4622F01C
S214011710AEFE044650B1286801A922F0D0FE044668
S21401172020B96B682BB901993868B047204603B0D9
S214011730F0BD0724FAE7024B024A0830E2E700BF91
S214011740BD45000065420000014B024ADAE700BFD2
S2140117501342000009420000014B024AD2E700BFD3
S2140117603F42000035420000014B024ACAE700BF73
S214011770FF410000F541000073B50C46064601A97D
S2140117802068154622F09BFE20B9636823B90199AB
S2140117903068A84702B070BD0720FBE738B500F1F6
S2140117A008040D462046064A096822F060FE28B164
S2140117B029462046BDE83840024ADDE738BD00BF6D
S2140117C0594500003B6E00000B68181D086018683C
S2140117D002F1740122F073BE0B68181D08601868C8
S2140117E002F1540122F06BBE07B50B682032181DBA
S2140117F008601B680DF102010193102301A8ADF8E2
S214011800023000230FF0B2F803B05DF804FB07B511
S2140118100B685E32181D08601B680DF1020101930A
S214011820102301A8ADF8023000230FF09FF803B093
S2140118305DF804FB73B50C4606460DF106012068FB
S214011840154622F04EFE28B963682BB9BDF806107E
S2140118503068A84702B070BD0720FBE70B68181D6B
S2140118600860186802F15A0122F03BBE0B68181D89
S2140118700860186802F15C0122F033BE0B68181D7F
S2140118800860186802F1580122F02BBE0023F7B554
S2140118900C6801930E46206801A9174622F021FE26
S2140118A0054658BB231D33606168D1B1013911F873
S2140118B0013FD3B904F108033360A06888B10DF184
S2140118C0030122F01FFE00286ED19DF803200C3480
S2140118D0072A346011D89DF8073062F343038DF868
S2140118E007300198C7F86E0008E0722B05D8622B06
S2140118F007D8432B42D0522B4FD00725284603B09A
S214011900F0BD633B0F2BF8D801A252F823F000BFBD
S21401191073190100FB18010087190100FB1801006B
S214011920FB180100FB180100FB180100FB18010061
S214011930FB180100FB180100FB1801005F190100EC
S2140119405119010091190100FB18010069190100E4
S2140119509DF8063043F001038DF80630A7E79DF8A1
S214011960063043F00203F7E79DF8063043F0040320
S214011970F2E79DF8063043F00803EDE79DF80630E0
S21401198043F01003E8E79DF8063043F02003E3E751
S2140119909DF8063043F04003DEE79DF8073043F03C
S2140119A001038DF8073082E70546A7E70023F0B567
S2140119B00C6885B005460F4620462649ADF80E3020
S2140119C022F0A0F90646A0B9E4B9234B05F10800B8
S2140119D003F108020521F2F7F9FEA868214600F591
S2140119E0FA501E4BBDF80E2000950830F5F7E3FAC5
S2140119F028E0786860B30DF10E0122F072FD28BB75
S214011A00BC682CB320460DF10D0122F07BFDE8B930
S214011A109DF80D301F2B18D801249C40002ED4D0E1
S214011A200F4B02211A1D05F10800F2F7CFFEA86838
S214011A30214600F5FA500B4BBDF80E2000950830F4
S214011A40F5F793FA10B9242000E0072005B0F0BDA1
S214011A500024E5E7810504003C1F0400194201004B
S214011A60301F0400B942010037B50C4605460DF19A
S214011A700301206822F046FDC0B99DF803101F2916
S214011A8016D80123AA688B4002F58052D2F8542F4B
S214011A9013420DD0606801A90EF03EFF30B9019BDC
S214011AA003F50043B3F5803F02D20C2003B030BDEE
S214011AB00720FBE770B50E6805460C46304611490F
S214011AC022F020F938B1104A616805F10800BDE836
S214011AD0704022F0ABBC30460C4922F013F908B135
S214011AE00B4AF1E730460B4922F00CF908B10A4AD5
S214011AF0EAE73046094922F005F908B1084AE3E762
S214011B00072070BDA2150400D3410000880504001B
S214011B10DD4100008E050400E54100009805040043
S214011B20ED41000070B50C46096806461D4622F0D8
S214011B307DFC48B1216831B1636823B92B46306812
S214011B40BDE870401847072070BD024B024A0830B6
S214011B50E8E700BF8394000077420000014B024A89
S214011B600830DFE73F9400006F4200004931F2F78A
S214011B70F5BD096800682DF022B9FAE7F9E7F8E73C
S214011B80F7E7F6E7F5E7F4E710B514460B681A1D14
S214011B900A60186821460EF06BFE08B92081A07213
S214011BA010BD10B514460B681A1D0A60186804F1BA
S214011BB010010EF05DFE08B92083A07610BD08B5B1
S214011BC00B68186850B1181D0860196802F13000DA
S214011BD0F7F71EFC182808BF002008BD0720FCE701
S214011BE030B5E7B00192136805460C46BBB92648E6
S214011BF002A9F7F747FD80B9636820AAD35C5BB1F9
S214011C00E268A368511005EB6200D20748BF6A5824
S214011C1002A948BFD3589847002067B030BD882234
S214011C20002102A82CF075FE6069236910F0010FEF
S214011C304FEA600018BF2A5801A918BFD358284494
S214011C4002AA98470028E8D10121636820AA0F4C10
S214011C50D15425A822F0FFF904F1540125A8F6F77E
S214011C6068FD0028D9D102A925A8F7F7C7FA0028E8
S214011C70D3D19DF8925125A92A4604F154002DF09E
S214011C8067F884F85251C7E75C180020081800204E
S214011C9070B50E6805460C463046124922F032F8F9
S214011CA040B12868104900F5F2500430BDE8704094
S214011CB0F6F72ABE30460D4922F024F828B12868E6
S214011CC0094900F5F3501030F0E73046084922F094
S214011CD019F828B1201D0449BDE870401AF02FBB41
S214011CE0072070BD9F0504005C180020A6050400AF
S214011CF0AE05040030B50D46C1B004466946281D40
S214011D001AF01DFB60B92D680D49284621F0FAFF2F
S214011D1040B16946206800F5F2500430F7F798FDA7
S214011D2041B030BD2846074921F0ECFF28B12068B4
S214011D30694600F5F3501030F0E70720F0E700BFE2
S214011D409F050400A605040038B50D6804460D4934
S214011D50284621F0D7FF40B120680B4900F5F25024
S214011D600430BDE83840F7F773BD2846074921F02F
S214011D70C9FF28B12068044900F5F3501030F0E798
S214011D80072038BD9F0504005C180020A605040046
S214011D902DE9F0430E46E5B088220021054602A84B
S214011DA02CF0B7FDFF22002124A82CF0B2FD2D4F08
S214011DB0331D00930DF18008009B1B68ABB9346896
S214011DC02949204621F09EFF00283CD1204627497C
S214011DD021F098FF002843D028689DF88E3100F541
S214011DE0F35024AA02A9103035E001A801931AF095
S214011DF0A2FD009C8146B8B14269D9F81030511055
S214011E0005EB6200D20748BF6A5804F10404009447
S214011E1048BFD358694602AA9847F0B90122D9F8B3
S214011E20043008F80320C7E73946206821F06AFF26
S214011E30B0B1201D24A900901AF081FA68B9009B60
S214011E4004330093B8E728689DF88E3100F5F25008
S214011E5024AA02A904301AF047FA65B0BDE8F08357
S214011E600720FAE7381904009F050400A6050400B8
S214011E702DE9F04FCDB004AD0F460D2200210646E8
S214011E8028462CF046FDFF2200210CA82CF041FD2F
S214011E900024DFF8D080DFF8D09007F1040BDBF8E0
S214011EA000A0BAF1000F16D13F682C49384621F040
S214011EB029FF00283ED030689DF82E310CB10DF177
S214011EC0200A294600F5F250CDF800A00CAA0430ED
S214011ED0F6F74EFE23E003A8CDF80CA01AF02BFD72
S214011EE030B10122DA464368EA540AF1040BD6E718
S214011EF0DBF800A04146504621F004FF40B10BF14B
S214011F00040A50460CA91AF01AFA0028EDD006E089
S214011F104946504621F0F6FE044618B907204DB052
S214011F20BDE8F08FDBF8040008A90BF1040A22F0E3
S214011F30AFFAEAE738460A4921F0E4FE0028EDD078
S214011F4030689DF82E310CB10DF1200A00F5F350E2
S214011F502946CDF800A00CAA1030B9E79F05040069
S214011F60A605040038190400B3050400F0B50C46B4
S214011F70054687B02249206821F0C4FEA0B100269C
S214011F800434206802A922F083FA58B967681D490B
S214011F90384621F0B7FE48B104F1080101A81CF04B
S214011FA02FF8A0B107B0F0BD0126EAE7384616497A
S214011FB021F0A8FE10B3A0680DF1070122F0A2FAE5
S214011FC002460028EED12B689DF8070001E02B6839
S214011FD001AA0E4903F50053C3F88417C3F88857BE
S214011FE0014602A821F04DFF0028DBD1002ED9D0F2
S214011FF02B7A242043F001032B72D3E70720D1E785
S2140120006B050400BB050400C2050400F94E01007F
S21401201010B50C4686B0206802A922F039FA90B9AC
S21401202060680DF1070122F06DFA60B9A0680DF144
S214012030060122F067FA30B99DF806209DF80710D0
S21401204002A824F0E7FD06B010BD10B50024006814
S21401205000F5005300F51950C3F858461030F3F751
S214012060C5FB204610BD30B50C4687B0054601A914
S214012070206822F00DFA70B9606805A922F031FADD
S21401208048B9A3684BB92B68024603F5D65001A997
S2140120901C3009F065FB07B030BD0720FBE710B523
S2140120A00C684CB90068224600F5D6501C30214613
S2140120B007F05AFF204610BD0720FCE770B50E68F2
S2140120C005460C4686B03046194921F01BFED0B1B4
S2140120D000260434206801A922F0DAF988B960687C
S2140120E005A922F0FEF960B9A368F3B9286885F856
S2140120F0406000F5B45001AA05F10C01183009F052
S2140121004CFA06B070BD30460A4921F0FBFD10B10D
S21401211003260434DEE73046074921F0F3FD10B10B
S21401212001260434D6E70226D4E70720E9E700BFF4
S214012130CA050400CD050400D0050400014651F887
S2140121400C0B00F5B450183007F0E2BEF8B50546A2
S21401215055F80C6B044606F5B55729463846F2F78E
S21401216069FCB0B9284607F033FF012384F84030F4
S214012170094B29463846C4E90C34F2F75BFC30B902
S21401218006F58056D6F8A036E363C6F8A0560020BA
S214012190F8BD1820FCE700BF45750100094A091A79
S2140121A0891030B551430346002224258A4205FB97
S2140121B0023005D00BB1046A04B130BD0132F5E737
S2140121C00020FAE7398EE33870B50D460668EFF35E
S2140121D01182302181F311880021046A016282F3A1
S2140121E01188BFF36F8F002C00DC70BD3046013CB8
S2140121F0A847F8E784B08DE80F0028B10378023BC2
S214012200022B94BF0846002004B0704710F1840FDB
S21401221014DA10F1990F21DB993014281ED8DFE863
S21401222000F00B1B1B1D1B1B1D1D1D1D1919191D48
S214012230131915171F111B0006207047003818BF09
S214012240012070470C207047182070470D207047FA
S21401225017207047032070470820704701207047F9
S2140122600720704708B521B117F07AFEBDE808408F
S214012270CCE76FF08600F9E710B5044686B0182261
S214012280002168462CF045FB6946204617F04AFEB9
S214012290B0FA80F0400906B010BD2DE9F0410024E7
S2140122A0BAB0CDE910404FF4405101900CA8F9F7AF
S2140122B02EFC974B97480F93012303AACDE90C03F5
S2140122C002A90CA8CDE90244019420F0BEFD044603
S2140122D000283AD1029E736A8BB1029D6968D5E9DE
S2140122E00867090A40D06FF08604029D286A10B17B
S2140122F0696A14F087FA0023C5E9083325E00D9BC7
S2140123001B0A29D1BDF83000BDF8325000F4E04375
S214012310B3F5805F13D0B3F5005F10D020F0FF0057
S214012320B0F5E24F40F024810735ED0804953046BC
S214012330049916F009FB04460028CED005E029468C
S21401234016F0D3FA04460028EED00298002800F0D2
S214012350BA8016F059FDB6E004A90CA816F0F2FDF5
S21401236004460028E3D0F0E72B885A0422D503F46C
S214012370E043B3F5805F1DD0B3F5005F1AD0002EA1
S214012380B1D0002FAFD06A880732072A4FEAD208A9
S21401239010D0B3F5804F0DD0202212A82CF0B9FA38
S2140123A04146284612AAFDF759F80446A0B110F195
S2140123B0860F9AD12B8803F4E042B2F5805F03D0F2
S2140123C0B2F5005F40F092803946304616F03CFD8B
S2140123D0044600286FD088E7474502D26FF08C0488
S2140123E083E7FC1C2822002124F003041AA8169671
S2140123F017942CF08EFA1AA82EF02FF810B16FF061
S214012400920472E74FF000731C90CDE91A302290C7
S21401241009A912A813F08CFA00285AD109991AA80A
S2140124202EF022F8012307934FF0005306A91AA8AD
S214012430089313F045FB09A912A813F020FB002806
S21401244047D11AA809A92EF06AF81AA82EF035F86D
S21401245000283ED1159BB3B9129AB2F1805F12D211
S21401246005A912A8059313F0BFF90146002839D132
S2140124700598830707D0844234D3221A02F0030258
S21401248030442CF046FA00226B686A621B0A22D19D
S2140124902B8823F0FF02B2F5824F05D1413BDBB218
S2140124A0012B88BF08F10108C5F824801AA82DF071
S2140124B0D4FF0028A3D1029801A920F00CFD044600
S2140124C000287FF442AF2046FFF7A0FE3AB0BDE8F1
S2140124D0F081482806D11AA82DF0BFFF00283FF446
S2140124E069AF8CE71AA82DF0B8FF88E723F0FF0242
S2140124F0B2F5E24F39D1DBB2122B6A8835D1E02A28
S2140125000AD0B2F5807F2ED0C02A2ED1012404E055
S214012510FF0600061271000102241AA814F0F5F84D
S21401252021461AA816F007F8044678B90346124A57
S21401253032A91AA814F0ECFA044638B93B463246DA
S21401254005F124011AA814F017F904461AA815F083
S214012550A9FF32A814F061F934A814F079F92046DD
S21401256016F0BAF834E70324D7E76FF08504BCE623
S2140125706FF08504E9E600BF318F020008B528B187
S21401258016F062FC003818BF012008BD0120FCE7E8
S214012590002801DB22F0E9B8704702202DF0F4BBD9
S2140125A038B50568044675B12B68012B06D1064B74
S2140125B0D3F8740103F5C0712CF0FAFC2846FBF73A
S2140125C029FE0023236038BD0818002038B50346CD
S2140125D010B30568022D1FD14279104800EB820026
S2140125E09A79B2B11C79FFF7DBFF0D4B64B293F811
S2140125F048288AB1A3F5805213F8823C2046022B64
S21401260018BF82F87E5F1AF031FBBDE838401DF036
S21401261079B9BDE83840C3E738BD00BFA01900202E
S214012620083B002038B51446002A39D0D168936893
S21401263001391C4D9942D5F874014FF0FF3118BF8E
S21401264000212CF0C7FC10F5007F0CD180232374E9
S214012650A368E26801339A42A3600FD92046BDE819
S21401266038401AF019BB002894F91030B8BF03306F
S21401267040F387008342B8BF2074E9E794F910302D
S214012680237102232360A37913B12046FFF79EFF2F
S214012690D5F874010022BDE8384080212CF075BDC4
S2140126A038BD00BF0818002008B5074BD3F87401E1
S2140126B02CF035FD30B1054BB3FBF0F083B20BB116
S2140126C0184608BD0120FCE70818002040420F000C
S2140126D01FB5FF238DF804300023CDE90233064BE6
S2140126E0014601AAD3F874012CF070FC003818BF1B
S2140126F0012005B05DF804FB08180020F8B5064671
S2140127002C4D33680C46D5F874011BB397212CF079
S2140127109AFE024600B1FEE73168D5F8740125F04D
S214012720D9F900B1FEE73168D5F874012CF0E0FC68
S2140127303179814200D0FEE7D5F8740125F088FB97
S21401274000B1FEE70122D5F8740111462CF0AFFE68
S21401275020B1FEE725F06CFE00B1FEE70322D5F8B6
S214012760740111462CF093FE7F2C20D0D5F874010D
S2140127702CF035FD032814D104EB84046400D5F84D
S21401278074710A2138462CF02CFD40F6E441384697
S2140127902CF029FD2146D5F8740125F071FB30B1E6
S2140127A0FEE7D5F8740125F087FB0446E7E7C5F890
S2140127B09C61F8BD0818002038B50446164D2DF06A
S2140127C0F7FA237D95F8A4219A4223D895F8A521F6
S2140127D09A421FD3D5F89C3105F5D070834202D0BA
S2140127E07F21FFF78BFF8022D5F8740111462CF06C
S2140127F0CCFC10B1012000230AE0207DFFF768FF22
S2140128000028F7D120461AF047FA0028F2D1012312
S214012810236038BD2120EEE70818002008B5054BD7
S21401282000EB80004100D3F8740125F029FB00B1CC
S214012830FEE708BD0818002038B50F4B0C4693F884
S214012840A421824215D893F8A521824211D303F51B
S214012850D075D3F89C31AB4204D10846FFF7DEFFB2
S214012860002038BD21F06CFE21462846FFF746FFC2
S214012870F6E70720F5E700BF08180020037A02688C
S2140128800079134343EA0020704770B58AB001AC63
S21401289084E8070007AD94E8070085E807002846A6
S2140128A01E46FFF7EBFF06AB014605AA0348F9F7FC
S2140128B051FF08B9069B33600AB070BDB0190020FD
S2140128C082B02DE9F04F4FF0000B9BB005AE86E8C5
S2140128D0070024AF47F8043F09AC0CAD96E80700A3
S2140128E084E8070097E8070085E8070094E80700F2
S2140128F00DF13C080DF1480988E8070095E8070046
S21401290089E8070040468DF864B0FFF7B7FF014637
S2140129104846FFF7B3FF0B46CDE9000B04222448D7
S21401292015A9F9F779FD034600283DD00022D1B25A
S21401293004931AAB03EB810151F8141C1C48039253
S214012940FAF700FD039A049B01329342824601D0B6
S2140129500028ECD096E8070084E8070097E807000F
S21401296085E8070094E8070088E8070095E807006F
S21401297089E807004046FFF781FF01464846FFF712
S2140129807DFF0B46CDE9000B0422094815A9F9F78E
S21401299043FD034610B1BAF1000FC7D050461BB035
S2140129A0BDE8F04F02B070474FF02D0AF6E700BFC2
S2140129B0B019002008B5302383F311884FF0005377
S2140129C04FF20F0218805A80BFF35F8FF9F708F9AC
S2140129D02DE9F0416C4A6D4B55686D4C5D65516A49
S2140129E099656C49D1F80002D865D1F80412586B84
S2140129F01966916A10F0040F5966D16A4FF000000B
S214012A009966116BD966516B1967D26BD8645A6790
S214012A10D3E90E1218BF11465F4A91421A655DD37B
S214012A2001F12000A04259D88869C5F30805186449
S214012A30CE69062D5E6455D1584DA84252D3584DE5
S214012A40A8424FD205884DF6426085424AD11868A1
S214012A50C3F890005868C3F8940040F20170A2428F
S214012A60154604D22E680432B6F1CD3FF7D00022C7
S214012A70C3E91E22C3E92022C3E92222641BDFF830
S214012A801CC1434DDFF818E19C648D422DD8D3E973
S214012A901EC7D3E92065D3E922414FF0000E013A63
S214012AA0D2B2FF2A3CD1BEF1000F05D0C3E91EC742
S214012AB0C3E92065C3E92241B3F85430C3F30803E0
S214012AC00C2B3BD8022B54D9DA1E092A51D8DFE841
S214012AD002F03157404350505050504D0021C3E949
S214012AE010112D494FF42060B9E755F8044D64459F
S214012AF0CBD37445C9D2E607C7D50026294F57F868
S214012B00048FA045C1D00136062EF8D132B1013A64
S214012B10D2B202F11E0643F82640B6E70522F8E7D0
S214012B20E0464FF0010EBC4637462E4625460C467B
S214012B304146B4E740F60120BDE8F0813B2B18D1B1
S214012B40194B9B6913F0020F40F2025318BF184647
S214012B50F2E740F60320EFE740F2017240F6042365
S214012B60B0F5206F14BF10461846E5E740F605207D
S214012B70E2E740F60722013B4B2B98BF1046DBE706
S214012B8040F60220D8E700BF00ED00E08073002089
S214012B900818002000E100E008000020A041000025
S214012BA040050400F47300200080015A00230370DE
S214012BB070472DE9F0430D46064689B060492868FE
S214012BC021F0A0F8002843D000270435286804A97E
S214012BD021F05EFC0446002836D16846FFF7E6FF82
S214012BE0D5F804905749484621F08CF880460028CD
S214012BF06DD001A8FFF7DAFF03A9A86821F082FCCF
S214012C00044608BBEA6862B3511E11F8013F0BBBCC
S214012C10002C4CD032689DF80C109DF8000002F58F
S214012C2000528DF808004848C2F89067C2F88C0731
S214012C3002AA04A821F04AF9044628B927B1337A32
S214012C4043F0020324243372204609B0BDE8F08322
S214012C500127BBE7642B16D005D8582B1DD0612B56
S214012C6016D00724F0E76C2B06D0722BF9D19DF80D
S214012C70003043F0040303E09DF8003043F0010305
S214012C808DF80030C1E79DF8003043F00203F7E706
S214012C909DF8003043F00803F2E78A42E1D1537809
S214012CA0002BDED12B69002BDBD14446ADE705F1C5
S214012CB0100101A81BF0A4F904460028C4D16B69D1
S214012CC0002BCED132689DF80C1001ABA5E7484623
S214012CD01E4921F017F80028C3D0D5F808801C49F2
S214012CE0404621F00FF848BB40461A4921F00AF841
S214012CF00028B6D005F10C0103A81BF081F90446A3
S214012D000028A1D1012403AA3368134903F500530F
S214012D10C3F88C171149C3F89067C3F89417C3F822
S214012D209867214604A821F077F8044600288BD13D
S214012D30002F89D0337A43F0040383E72246E3E782
S214012D406B050400C2050400BD4F0100D305040055
S214012D50E0050400E6050400E34F0100695C01009C
S214012D600EB403B503AA52F8041B0192F1F726FD2F
S214012D7002B05DF804EB03B07047F0B50E68054687
S214012D800C4693B03046834920F0BCFF78B1D5F8A5
S214012D90AC4004F51F502C3004F50054F2F7B7FE92
S214012DA0B4F8E8370133A4F8E8370020D0E030461D
S214012DB0794920F0A7FF064600B1043400213C22E1
S214012DC003A82BF0A6FD7549206820F09BFF90B163
S214012DD0606803A921F05CFB002840F0B980D5F8B3
S214012DE0AC0003A900F5B950143008F0CBFB08B9C4
S214012DF00720ADE008346A49206820F083FF18B147
S214012E00012304348DF844302146D5F8AC000DF189
S214012E10070307AAF1F746FD002840F099809DF8C0
S214012E20073005F1AC073BB138465E49FFF798FF1E
S214012E30384607A9F1F789FC6068002840F08280CF
S214012E40A068002840F08680E068002840F08A806C
S214012E502069002840F08D80606950B102A920F0F9
S214012E602BFD002874D1029BB3F5803FC0D2ADF88C
S214012E704030A369002BBBD14B4B0B934B4BCDE999
S214012E800C37D5F8AC7007F51E5E07F50057D7F876
S214012E90F4270EF11C0E0EF150039A4277D107F279
S214012EA09C7C03AC0FCCACE80F000FCCACE80F0059
S214012EB00FCCACE80F0094E807008CE80700B7F8E1
S214012EC0C83713B90823A7F8C837B7F8CA3713B9EC
S214012ED00123A7F8CA37D7F8CC371BB94FF47A7352
S214012EE0C7F8CC37B7F8D0371BB940F6B833A7F8D0
S214012EF0D037D7F8CC37002BFFF67AAF0023C7F8C8
S214012F00D837C7F8DC374FF6FF73C7F8E03797F8BE
S214012F10AC377046A3F1FF025342534187F8E437BA
S214012F20B7F8E8370133A7F8E83711F0F7FF95F857
S214012F30B43066F3000385F8B430002E7FF435AF65
S214012F40242005E00EA921F0CCFA00283FF478AF42
S214012F5013B0F0BD0DF13A0121F0C3FA00283FF499
S214012F6073AFF5E70FA920F0A7FC00283FF470AF78
S214012F70EEE70DF1420121F0C5FA0028E8D19DF8EF
S214012F804230B3FA83F35B098DF8433064E70520DA
S214012F90DEE700BFEF0504006B050400F40504003E
S214012FA0F7050400FA050400ED7001004136010042
S214012FB02DE9F74315460E460746202200212868CC
S214012FC02BF0A7FC33682BB92B600024204603B0F6
S214012FD0BDE8F08331462A6838680DF10603F1F73B
S214012FE061FC04460028F1D19DF806303BB1384615
S214012FF03149FFF7B5FE38462968F1F7A6FB706838
S2140130000028E2D02968103121F06BFA0446002826
S214013010DCD1B0680028D8D02968143121F04FFAE5
S21401302004460028D2D1F0680028CED0296818318D
S21401303021F068FA04460028C8D130690028C4D0B7
S2140130400DF1070121F0DCF904460028BED19DF8F8
S21401305007302A68C3F1020353767769002FB4D08C
S21401306038461649D5F8009020F04CFE40B9DFF8F6
S2140130705880384658F8041B20F044FE70B1E4B27C
S21401308089F81B40B469002C9FD020460C4920F0DB
S21401309039FE40B102222B681A7796E70134062CD6
S2140130A0E7D1072492E72046064920F02BFE0028A8
S2140130B0F7D001222B68EFE71D060400194904002A
S2140130C04306040047060400581F04002DE9F0419A
S2140130D09CB004AB03930B6807460E464BB303AA9A
S2140130E00431FFF765FF0446F8B93D68DDF80C804A
S2140130F00CA805F5D1553668F7F704F905F168020D
S214013100414610A88DF83040F6F787FE0A4B183571
S214013110CDE90D37072322460093284633460CA9EE
S214013120F6F7D2FF041E08BF242420461CB0BDE8D3
S214013130F0810724F9E700BF3D6F01002DE9F0415A
S2140131409CB004AB03930B6807460E4653B303AA21
S2140131500431FFF72DFF044600BB0CA83D68366816
S214013160DDF80C80F7F7CEF8012305F5D15505F10A
S2140131706802414610A88DF83030F6F74EFE0A4B2D
S2140131801835CDE90D3707232246009328463346E6
S2140131900CA9F6F799FF041E08BF242420461CB08C
S2140131A0BDE8F0810724F9E73D6F01002DE9F04104
S2140131B09CB004AB03930B6807460E4653B303AAB1
S2140131C00431FFF7F5FE044600BB0CA83D683668DF
S2140131D0DDF80C80F7F796F8022305F5D15505F1D1
S2140131E06802414610A88DF83030F6F716FE0A4BF5
S2140131F01835CDE90D370723224600932846334676
S2140132000CA9F6F761FF041E08BF242420461CB053
S214013210BDE8F0810724F9E7697F010070B58CB03D
S21401322004AB03934B6805460C4616468BB103AABE
S2140132300831FFF7BDFE50B9039BCDE90053064B9D
S2140132402868D4E90012B047002808BF24200CB033
S21401325070BD0720FBE700BFA9800100004ADDE73B
S214013260B5A30000004AD9E7D1A300002DE9F04636
S2140132700C469DB0064604AB20680DF10A01039387
S21401328021F02FF970BBA3687BB3304603AA04F183
S2140132900C01FFF78DFE28BBD4E901740CA8356834
S2140132A0BDF80AA0DDF80C90F7F72CF8062305F513
S2140132B0D15505F16802494610A88DF83030ADF8B1
S2140132C062A0F6F7AAFD0A4B1835CDE90D3607239D
S2140132D03A460093284623460CA9F6F7F5FE002841
S2140132E008BF24201DB0BDE8F0860720FAE700BF1E
S2140132F0255A0100F0B587B00DF10303044601AA73
S21401330000680D46F1F7CEFA034668BB9DF8033018
S2140133103BB120461749FFF723FD204601A9F1F7E7
S21401332014FA05AF3946686821F0DBF80346D8B9C8
S214013330AA68E2B9254655F81ECB01AA164603CE61
S214013340BE4228606960324605F10805F6D132882A
S2140133502A80A28B42B904F10C020CF5B450114636
S214013360183008F01AF90346184607B0F0BD0723CF
S214013370FAE700BF4B0604002DE9F0430746012398
S2140133809BB057F80C4B8DF80530037A06468846F5
S21401339004F5B55039468DF80430F1F74BFB00289B
S2140133A000F0B6802622002103A82BF0B2FAD8F846
S2140133B00830EBB1204641460DAB07AAF1F772FA89
S2140133C00446002843D19DF834303BB1304653497A
S2140133D0FFF7C6FC304607A9F1F7B7F9D8F804009D
S2140133E00DF12E0121F07DF8044680BB08F1080896
S2140133F0082001A920F0C2F90546002800F08A80BD
S214013400D8F800404649204620F07CFC00283ED0F3
S214013410D8F804000DA921F064F8044600283FD12D
S2140134203023BDF834808DF80830B8F1000F12D182
S2140134306B79306813F0180F31D000F5B4502A4676
S214013440394603AB183008F007FC044640BB20465B
S2140134501BB0BDE8F0830122284602A9F1F752FE0F
S2140134600446E8B99DF808305A2B0AD07A2B0AD0C0
S214013470392B0AD00133DBB208F1FF381FFA88F87E
S214013480D1E76123F8E73023F6E74123F4E7204646
S214013490244920F037FC20B3D8F8043023B9072498
S2140134A02846F1F7C2FBD2E74FF032090293022316
S2140134B00DAA0DF1060102A8ADF806900DF056FA18
S2140134C0804608B1242827D12846BDF806200DA934
S2140134D0F1F718FE04460028E2D1B8F1000FE6D154
S2140134E0A6E72046104920F00DFC08B108F10408B3
S2140134F0D8F80040002CD2D020462BF0BDFC214647
S21401350082B22846F1F7FEFD0446002890D0C7E7B0
S2140135100D249CE703249AE70446C1E774060400D9
S2140135209A060400381904009D0604000CB473B50D
S214013530054606AC54F8046B0A46074B0749FFF7E5
S2140135400FFC2246314628460194F1F737F902B0BE
S214013550BDE8704002B07047594604006F2B040066
S214013560F8B506460C46064F8D18AC4200D1F8BD9C
S2140135703946304614F8012BFFF7F2FBF5E700BF9A
S214013580DE0D04000149FFF7EBBB00BFA0060400F7
S2140135902DE9F041D1F8008004460D464046214908
S2140135A020F0B0FB074638B11F4A291D04F1080078
S2140135B0BDE8F041FEF73EB940461C4920F0A2FBAB
S2140135C0064670B11A49686820F09CFB38B1A368BA
S2140135D003F5805383F8D67E0020BDE8F081154AB6
S2140135E0E3E74046144920F08DFBC8B154F8085F64
S2140135F0DFF8488005F5805393F8D67E05F5F65535
S2140136001035F3B29F4203D82046FFF7BBFFE3E72E
S2140136104146204635F8022FFFF7A2FB0136F0E7B8
S2140136202320DAE7710504000B450000A306040019
S214013630AA06040019450000AE060400680E040040
S21401364073B50D460446028843881F492846FFF78E
S21401365087FB22889AB1237B8BB963889A420ED363
S2140136604FF47A71D31A4B430A2193FBF2F3B3FB5F
S214013670F1F2284601FB12331449FFF771FB628809
S214013680A2B14FF47A7660680023A0FB06012AF007
S2140136904FFFB0FBF6F306FB130062890090019220
S2140136A0284622890A499BB2FFF75AFB2846FFF7AC
S2140136B069FF287A10F0010004D102B0BDE870401D
S2140136C018F008BE02B070BDB2060400DF060400A2
S2140136D0F80604000EB417B5044605AA52F8041BF2
S2140136E00192F1F76BF82046FFF74CFF03B0BDE8F7
S2140136F0104003B0704770B5437F04460A466BB16D
S214013700002931D0BDE87040252997BF174B184BCB
S21401371003EB81035B6E17490830DBE7037F03B9D0
S214013720FEE7242920D000F1080581B92846124970
S214013730FFF7D0FF002304F120002377F2F7E7F923
S2140137402846BDE870400D4A0D49FFF709BB2529FB
S21401375098BF064B28469ABF03EB81035B6E044B6A
S2140137600449FFF7B7FFE5E770BD00BF0C1F040073
S214013770240704003507040042070400082004005B
S2140137805B0904000021C068B5E710B50446086867
S21401379038B9094A094904F10800FFF79BFF0020E0
S2140137A010BD074920F0AEFA18B140F225220549AE
S2140137B0F1E72320F4E700BF0B2004005B090400B7
S2140137C0470704007307040070B50B68054688B008
S2140137D063BB846804F5005494F8590120F0D1FACB
S2140137E0014650B11248F3F754F84FF47A720023A9
S2140137F02AF09EFED4F86C11411A00244FF4A81347
S2140138004FF47A706A46A1FB000102AE019323468B
S21401381000968DF80840F3F74AF805F1080032469D
S2140138200449FFF757FF204608B070BD0720FBE7A5
S2140138301C1B00205B09040030B50B68054685B0EB
S21401384083BB00F18C0420461749FFF789FAD5F8A7
S2140138508C0001A900F51A501030F1F7F8F8E0B91C
S2140138602046FFF78FFE2046BDF804200F49FFF7DC
S21401387031FF20469DF80C200D49FFF72BFF20460F
S214013880BDF806200B49FFF725FF2046029A0A4994
S214013890FFF720FF002005B030BD20460749FFF79F
S2140138A019FFF7E72320F6E74B0704005807040043
S2140138B06907040076070400880704009B070400D4
S2140138C02DE9F0410446086894B090BB54F8080FFF
S2140138D002AF3946F3F7CCF92046BDF808201C495B
S2140138E0FFF7F8FE2046BDF80A201A49FFF7F2FE58
S2140138F02046BDF80C201849FFF7ECFE0926174DA7
S214013900DFF86080013E05F1080503D1002014B000
S214013910BDE8F08155F8083C2046FA185168019137
S214013920528841460092FB5A55F8042CFFF7D2FE06
S214013930E8E70B4920F0E6F938B1A36803F58053B0
S214013940B3F86026A3F86226E0E70720DFE700BFAA
S214013950A1070400AB070400B407040050200400CC
S21401396068160400C107040007B50346086858B97D
S2140139700B4A0C4992F9002003F10800FFF7AAFE52
S214013980002003B05DF804FB0DF1070120F088FD6F
S2140139900028F6D19DF80720014B1A70F0E700BF0A
S2140139A0A2750020CF070400F8B50F6805460E463D
S2140139B03846104920F0A6F905F1080430B10E4A40
S2140139C00E492046FFF786FE0020F8BD38460C4912
S2140139D020F098F90028F2D137B131462046BDE8EB
S2140139E0F840084AFDF7C0BDA868F0F7E8FB0649AD
S2140139F00246E6E7D607040000F8FF076A1104004E
S214013A00E0070400B18900007307040070B50E6872
S214013A1004460D4630462A4920F074F938B1322260
S214013A20284904F10800FFF755FE002070BD304616
S214013A30254920F067F908B10C22F1E7EEB9A36831
S214013A4004F1080503F5805393F8692F28461F49AA
S214013A50FFF740FEA022A368284603F58053B3F87B
S214013A606A3F1B495A43FFF735FEA368284603F50C
S214013A700053D3F868211749D5E73046164920F098
S214013A8041F938B1291D04F10800144ABDE8704017
S214013A90FDF76ABD3046124920F034F938B1114AB3
S214013AA0291D04F10800BDE87040FDF765BE3046EB
S214013AB00D4920F027F908B10C4AF1E70720B5E7D0
S214013AC091190400730704009E190400EA07040014
S214013AD0F60704000408040014150400C18300005E
S214013AE015170400998400000D1604007B4500009C
S214013AF010B5044604490830FFF7ECFD2046BDE842
S214013B0010400021F7E500BF120804002DE9FF412F
S214013B100C680D4600F184062CB120461A4920F0A7
S214013B20F1F890B10024DFF86C80184F58F8242083
S214013B30394630460334FFF7CDFD152CF6D12B68F8
S214013B4003BB232004B0BDE8F081114B072200938C
S214013B500C2310490DEB03000394F0F7BEFF034658
S214013B600028EED082685B68511006EB6200D2072F
S214013B7048BF725805F1040148BFD35804B0BDE8E8
S214013B80F04118470020DDE7250804005B09040022
S214013B907B1B01009020040038B50C4605460849F9
S214013BA0206820F0AFF848B164683CB905F1080018
S214013BB001220449FFF78EFD204638BD0720FCE7A9
S214013BC02A080400350C040013B508680C4680B1B9
S214013BD0094920F097F850B1606850B10DF107011E
S214013BE020F05EFC002808BF0C2002B010BD0720A4
S214013BF0FBE70C20F9E700BF3008040038B50D6874
S214013C0004466DB9A368083003F5805393F80C3861
S214013C1023B11349FFF75EFD002038BD1149F9E7CE
S214013C2028460F4920F06EF860B1A06800F5805371
S214013C3093F80C38002BEFD100F5B95014300CF086
S214013C40A1FDE9E72846074920F05CF830B1A068F5
S214013C5000F5B95014300CF0B1FCDDE70720DCE7C5
S214013C60380804003B0804002DE9F843856804463B
S214013C7005F5005595F8590120F083F850B3164B19
S214013C80083493F83F7595F87C9185F87D7193F823
S214013C903E652046D5F87821104985F87E6195F86D
S214013CA07F81FFF717FD4A4620460D49FFF712FDB3
S214013CB03A4620460B49FFF70DFD324620460A4993
S214013CC0FFF708FD204642460849FFF703FD00209E
S214013CD0BDE8F8831020FBE7083B002040080400FD
S214013CE0520804006708040060080400780804000D
S214013CF02DE9FF410C680D4600F138062CB120462F
S214013D001A491FF0FFFF90B10024DFF86C80184FAE
S214013D1058F82420394630460334FFF7DBFC0F2CD5
S214013D20F6D12B6803BB232004B0BDE8F081114B0C
S214013D30052200930C2310490DEB03000394F0F7C2
S214013D40CCFE03460028EED082685B68511006EB75
S214013D506200D20748BF725805F1040148BFD35824
S214013D6004B0BDE8F04118470020DDE7250804004F
S214013D705B0904007F1B0100E42004002DE9FF41DC
S214013D800C680D4600F1A0062CB120461A491FF01A
S214013D90B9FF90B10024DFF86C80184F58F8242042
S214013DA0394630460334FFF795FC0F2CF6D12B68C5
S214013DB003BB232004B0BDE8F081114B052200931C
S214013DC00C2310490DEB03000394F0F786FE03461F
S214013DD00028EED082685B68511006EB6200D207BD
S214013DE048BF725805F1040148BFD35804B0BDE876
S214013DF0F04118470020DDE7250804005B090400B0
S214013E007D1B0100202104007FB5054601A8FEF7B1
S214013E10CDFE0C68002C36D1AB6805F1080603F51B
S214013E20005393F85B3103AD02A928468DF80C3098
S214013E3007F030F99DF80830C3F34001C3F3800260
S214013E40DB0749BF72232B468DF80C300DF10D03AD
S214013E5011B1642103F8011B12B16E2203F8012B84
S214013E60AB4208BF2D234FF0000404BF8DF80C3081
S214013E700DF10D0330462A4617491C70FFF72AFC40
S214013E80204604B070BD204614491FF03BFF18B908
S214013E90013C14F8013F2BB99DF80410A868F0F70F
S214013EA06EFDEEE76E2B11D0722B03D0642B08D07B
S214013EB00720E6E79DF8043043F001038DF804304F
S214013EC0E7E79DF8043043F00203F7E79DF8043076
S214013ED043F00403F2E700BF5B0904004B4504000E
S214013EE038B50D687DB900F1080420460749FEF78C
S214013EF037FF20460649FEF733FF20460549FFF700
S214013F00E9FB284638BD2320FCE700BF702F0400DC
S214013F108D08040024120400F0B50446144B00F189
S214013F2008051A1D022128468DB0F0F74FFCA3683C
S214013F30104E03F58053D3F8A0460F4F14B9204610
S214013F400DB0F0BD2046694618F00EFA6A463146B5
S214013F502846FEF705FF04F11200694618F004FA38
S214013F606A4639462846FFF7B5FB246BE6E700BFED
S214013F705C210400920804009B08040010B50C683C
S214013F800346083024B1BDE81040064AFDF7F4BBED
S214013F909B68054903F58053D3F8D82EFFF79AFBA3
S214013FA0204610BD1D8A00003110040010B50C68B3
S214013FB00346083024B1BDE81040064AFDF73ABC76
S214013FC09B68054903F58053B3F8502FFFF782FB32
S214013FD0204610BDE9890000A411040008B5034A73
S214013FE003490830FFF776FB002008BDA50804004A
S214013FF05B0904002DE9F04F036899B002938388AA
S2140140006C48ADF80C306C4B02F10806002918BF5D
S2140140100346049300233046ADF85E30FFF7B2FA4C
S214014020664F4FF492034FF6FE7100220193BDF8DE
S2140140305E300DF114098B42CDF800908DF81420F6
S21401404068D04FF6FF718B4200F0B08073B34FF625
S214014050FD718B426BD04FF6EF75BDF85E4068463A
S214014060AC428CBF01251125A2465549F1F71FFB2D
S214014070631E04F110081D44DFF84CB11FFA88F8DE
S214014080ADB2AA4556D168464E49F1F710FBAC428F
S2140140906DD168464C49F1F70AFBBDF80C30ADF816
S2140140A05E80434521D84FF6FE731CE03E210498FE
S2140140B0F1F7A8FA00F10A04A4B2C4F1480404EB2B
S2140140C0D4754FEA6508C5F34F05A5B96846BDF82E
S2140140D00C30049A3D49F1F7EAFAA4EB0804A4B2BD
S2140140E08CB94FF6FD73ADF85E304A463046384916
S2140140F0FFF7F0FA95E73D2239466846013DF1F7AC
S214014100D6FAADB2E1E73D2239466846F1F7CFFA75
S214014110013CE4E74824013C2D2239466846A4B216
S214014120F1F7C5FA002CF6D14FF6FF73DBE7ADF8D1
S2140141305E2090E7BDF80C20524513D9029A6846D6
S21401414012F80A202349F1F7B2FA0AF00702072A01
S21401415003D159466846F1F7AAFA0AF101031FFA94
S21401416083FA8EE768461C49F1F7A1FAEDE7BDF838
S2140141700C30A34214D9029B13F804A0BAF17E0FA7
S21401418011D8504623F0F8F9002808BF4FF02E0A40
S2140141905246394668460134F1F789FAA4B276E701
S2140141A04FF0200AF4E74FF02E0AF1E719B0BDE808
S2140141B0F08F00BFAB080400AE080400B10804008D
S2140141C002090400CA08040001090400B408040036
S2140141D05B090400C2080400C80804000C207047EC
S2140141E0086808B538B12AF047FE80B2022814BF25
S2140141F007200C2008BD0C20FCE708B550F8083F46
S214014200044903F50053B3F85C21FFF763FA002075
S21401421008BD00BF3B13040038B50C46054628B957
S21401422001462046BDE83840FFF765BA90F83930B8
S21401423008349B0613D500F1080218492046FEF7FC
S2140142408FFD20461649FEF78BFD204605F1190124
S2140142500822FFF785F920461249FEF781FD204620
S2140142606A8E1149FEF77CFD294620460822FFF793
S21401427077F9204695F836200C49FEF771FD204661
S21401428095F937200A49FEF76BFD204695F8382048
S2140142900849BDE83840FFF71DBA00BFCC08040046
S2140142A0DC080400CA080400D5080400DF0804007E
S2140142B0E7080400EE0804000346084619460BB951
S2140142C0FFF719BA0A7893F9013002490830FFF767
S2140142D001BA00BFF608040008B503490830FFF725
S2140142E0F9F9002008BD00BF040904002DE9FF41CB
S2140142F0054608680E46224938B905F10800FFF759
S214014300E9F9002004B0BDE8F0811FF0FBFCB8B16C
S214014310746894352CB120461A491FF0F3FC88B115
S2140143200024DFF86C80184F58F8242039462846B8
S2140143300334FFF7CFF9212CF6D17368002BE0D1B7
S2140143402320DFE7114B0B2200930C2310490DEBC2
S21401435003000394F0F7C1FB03460028F0D08268FF
S2140143605B68511005EB6200D20748BF6A5806F138
S214014370080148BFD35804B0BDE8F041184700BF54
S2140143800A090400250804005B090400811B0100DA
S2140143906821040038B50D68044695B9A3681C4920
S2140143A003F5005393F859210830042A97BF194B97
S2140143B0194A03EB8203D3F8E022FFF78BF90020BA
S2140143C038BD284615491FF09DFC38B1A068BDE8E8
S2140143D0384000F50550183007F092BB28461049C2
S2140143E01FF090FC70B1A06800F5005393F85921B6
S2140143F052B193F8791249B900F50950383006F0F0
S21401440019FFDCE70720DBE70D20D9E70520D7E712
S2140144105B0904000C1F04001109040019090400BB
S2140144202209040038B50D680446154928461FF0D0
S21401443069FC40B1A0680021BDE8384000F5055090
S214014440183008F053BB28460E491FF05BFC40B1FC
S214014450A068012100F50550183007F0F3FA002096
S21401446038BD284608491FF04DFC30B105220749E2
S21401447004F10800FFF72EF9F1E72320F0E700BF6B
S214014480171A0400EF0504009005040073070400E2
S21401449013B50446086868B90E4BD3F8740123F0C7
S2140144A00BFD0D4942B204F10800FFF713F9002095
S2140144B002B010BD0DF107011FF0F2FF0028F7D181
S2140144C09DF80720034B83F810221DF064FCFEF7CD
S2140144D0A5F9ECE708180020CF0704002DE9FF41F5
S2140144E00C680D4600F140062CB120461A491FF013
S2140144F009FC90B10024DFF86C80184F58F824208E
S214014500394630460334FFF7E5F8122CF6D12B680E
S21401451003BB232004B0BDE8F081114B06220093B3
S2140145200C2310490DEB03000394F0F7D6FA03466B
S2140145300028EED082685B68511006EB6200D20755
S21401454048BF725805F1040148BFD35804B0BDE80E
S214014550F04118470020DDE7250804005B09040048
S214014560851B01000022040073B50E6804460D4643
S21401457030461C491FF0C6FB60B1204650F8083F84
S214014580194903F58053B3F8842FFFF7A3F80020E9
S21401459002B070BD304615491FF0B4FBF0B11449A6
S2140145A068681FF0AFFBD8B1A86878B10DF10701B4
S2140145B01FF0A8FF0028EBD1EB688BB9A3689DF824
S2140145C0072003F5805383F8602FE1E754F8080FBE
S2140145D0EFF7FAFD074902462046D6E72320D7E73C
S2140145E00720D5E728090400A411040035090400B2
S2140145F03D090400730704002DE9F0410F46044607
S2140146004349386892B01FF07DFB03467868DBB1FA
S21401461058B9204650F8083F3E4903F50053D3F8F1
S2140146207826FFF757F8002049E009A91FF047FF51
S214014630002844D1BB68002B66D1A368099A03F50C
S2140146400053C3F87826EEE705A91FF021FF0028DE
S21401465035D105463E1D56F8048FB8F1000F24D11A
S2140146603F682D4938461FF04DFBEEB2054600283F
S21401467038D0A5689DF8143005F51A50FF2B00F1C7
S21401468004001FD12421CDE90188009609AB05AAB3
S21401469017F062FF98B9214B05F50055C5F8883625
S2140146A0C5F88C46237FABB9FEE7232D2CD009AB8A
S2140146B0591940461FF026FF01350028CBD012B00D
S2140146C0BDE8F081164B2321CDE90063029009ABCA
S2140146D005AADDE704F1200041F28831F1F7A3F9DC
S2140146E02420ECE738460F491FF00CFB70B1A06898
S2140146F0252100F51A50CDE90155009609AB05AA0A
S214014700043017F029FF8EE70720D8E72320D6E7E5
S214014710440904006A110400AE060400F56D0100A8
S2140147206DE80100681604002DE9F0430B68A3B09C
S2140147300293384B054600930E460C233D2236491C
S21401474002A8F0F7CAF9044678B182686368511086
S21401475005EB6200D20748BF6A5806F1040148BF5C
S214014760D35823B0BDE8F043184737682B4938467D
S2140147701FF0C8FA40BB044695F81490E3B2994579
S21401478046D92B69384653F8341003EBC4081FF09A
S214014790B9FA01340028F1D00021CBB29A0056F8BC
S2140147A0233001316BBBD8F80440A869DAB256F859
S2140147B0222019460133002AF8D1013903AAC9B2C9
S2140147C0A04723B0BDE8F083DFF84C80144F05F115
S2140147D0080658F82420394630460334FEF77AFF97
S2140147E0B72CF6D100240E4F2A7DE3B29A420DD99A
S2140147F02A693946304652F83320FEF76BFF0134FA
S214014800F2E788326A4442F8803CC6E70020D8E7DF
S2140148102320D6E7731B0100482204002508040064
S2140148205B0904002DE9F0478A460025A2B006463A
S2140148304FF4C07150460195F0F7E4FEB0F5C07F25
S21401484022D2A946DFF8108157461AF8014B4CBB15
S214014850C5F1200201AB202DD2B24FEA820203EB52
S214014860850088BF002200212AF053F8737F002BB1
S21401487051D0002C4ED1019B002B4BD0304601A9C4
S214014880FFF752FF044608E0737F002B42D1337FC7
S214014890002B58D101230624337721463046FEF7F4
S2140148A02AFF4DE05C2C28D19AF80020A2F10903DA
S2140148B0DBB2172B0CD828FA03F3DA070AD53846E9
S2140148C02AF0DAFA5146024638462AF0C6F901E0DD
S2140148D05C2AF4D01AF8013C002BB5D02DB11AF899
S2140148E0023C002BB0D11F2D12D022AA6B1C02EB6A
S2140148F0850545F8847CDDB2A6E7093CE4B2172CB1
S214014900E8D828FA04F4E30748BF0AF8019CE1E76F
S21401491007249DE7FEE7337F23B10C4901981FF07A
S214014920F1F968B101233377002CB6D1019B002B36
S214014930A4D1074A0749347706F10800FEF710FAB2
S21401494022B0BDE8F0870624E7E700BF242504006F
S214014950082004005B090400130080000123F0B561
S21401496004461D250E4E0F4F8FB04377013D03D1F0
S214014970284665770FB0F0BD56F8041B312201A812
S2140149802AF067FA0023394604F1080001AA8DF8D7
S2140149903530FEF79FFE204601A9FFF743FFE5E706
S2140149A03425040059090400F7B50C6805460E467F
S2140149B01F464CB120460DF106011FF092FD04463C
S2140149C050B1204603B0F0BD006890470749024643
S2140149D02846FEF77FFEF4E7736823B9BDF8061094
S2140149E02868B847EDE70724EBE700BF7307040024
S2140149F02DE9F0410F6804460D4638461A491FF066
S214014A0081F938B1194B1A4A291D04F10800BDE88D
S214014A10F041C9E7384617491FF074F9064610B148
S214014A20154B164AF0E7384615491FF06BF9C0B129
S214014A30686860B9204650F8083F124903F50053EC
S214014A40B3F80427FEF746FE0020BDE8F0810E49C4
S214014A501FF058F928B1A36803F50053A3F80467BB
S214014A60F2E70720F1E700BF5E090400F144000009
S214014A70AB4100002E1A0400C7440000A14100000B
S214014A806B090400730704006816040070B50E680D
S214014A9005460C4630460E491FF034F940B1211D3B
S214014AA005F108000B4B0C4ABDE87040FCF72ABE26
S214014AB030460A491FF026F938B1211D05F10800D4
S214014AC0074B084ABDE870406EE7072070BD00BF7F
S214014AD06F090400F54500007F42000077090400D5
S214014AE09342000089420000B1F85A200149FEF7BE
S214014AF0F1BD00BF73070400B1F85C200149FEF761
S214014B00E9BD00BF730704004A6F0149FEF7E2BD25
S214014B10311004004A6D0149FEF7DCBD4E08040061
S214014B2001F130020149FEF7D5BD00BF5B09040063
S214014B30B1F858200149FEF7CDBD00BFA41104000D
S214014B4038B50C46B1F86E2026490546FEF708F939
S214014B5094F87030D80703D528462349FEF700F9A4
S214014B6094F87030990703D528462049FEF7F8F8DF
S214014B7094F870305A0703D528461D49FEF7F0F819
S214014B8094F870301B0703D528461A49FEF7E8F853
S214014B9094F87030D80603D528461749FEF7E0F892
S214014BA094F87030990603D528461449FEF7D8F8CC
S214014BB094F870305A0603D528461149FEF7D0F806
S214014BC094F87130DB0703D528460E49FEF7C8F87E
S214014BD094F871202846BDE838400B49C2F34202DA
S214014BE0FEF778BD680E0400E81504007D2F04006A
S214014BF0872F0400B2080400BA2B040072130400C5
S214014C007D1D040081090400720704002DE9F047A8
S214014C10A4B00446084602A99146F4F733FD0746B8
S214014C2000282FD0384624B0BDE8F0876B6801A86D
S214014C30019317F080FE4368064690336B4413F8E1
S214014C40103C6BB1514620462A68FEF789F8B9F147
S214014C50000F0AD02B7A43B120460D49FEF73AFDE4
S214014C600C35B8F10108E1D1DCE7F268B368511000
S214014C7004EB6200D20748BF625802A948BFD35866
S214014C809847EDE74FF00E08024DDFF80CA0E8E775
S214014C9083090400A4250400FA450400F0B50E6853
S214014CA00D4685B000F1300436B932462046224919
S214014CB005B0BDE8F040A9E7304620491FF022F8CC
S214014CC070B100251E4F1F4E57F82520314620464D
S214014CD00335FEF7FFFC1B2DF6D1002005B0F0BD15
S214014CE003A8039617F027FE014630B120462A1D79
S214014CF005B0BDE8F040FCF773BF2B6809220393AB
S214014D00114B0F4900930C230DEB0300EFF7E5FE63
S214014D10034678B182685B68511004EB6200D207E3
S214014D2048BF625805F1040148BFD35805B0BDE835
S214014D30F04018472320D1E75C180020250804001E
S214014D40402604005B090400831B01002DE9F041A5
S214014D500B68044692B0002B3ED105683849FDF732
S214014D60FFFF05F5D451204605F580550831EFF7CC
S214014D7011FD2046D5F89C2A3249FEF7ABFC2046A9
S214014D8095F8A02A3049FEF7A5FC304B95F8A11AF4
S214014D902F4A2046012908BF1A462E49FEF79AFCDB
S214014DA095F8A32A2046052A97BF2B4B2B4A03EBDF
S214014DB08203DA6C2A49FEF78DFC95F8A21A294A75
S214014DC0294B2046012908BF1A462849FEF782FCCE
S214014DD0002012B0BDE8F08102AB01AA0193FEF7F4
S214014DE0E7F80028F5D12668DDF8048006F5D157E6
S214014DF0183706F580560AA8B8F1000F12D01EF033
S214014E0086FD41460AAA07F15000F5F706F8404626
S214014E1004F087F980F0010086F8A80A3846F5F70D
S214014E203BF8D5E706F688250AAC1EF070FD0FCCD8
S214014E300FC594E80F0085E80F0086F8A88AEDE70D
S214014E409E090400A7090400BF0904008E09040096
S214014E5092090400D10904000C1F0400AC260400CA
S214014E60E60904009509040098090400F6090400FF
S214014E7008B50249FEF72EFC232008BD040A0400EB
S214014E8008B50249FEF726FC232008BD5C0A04008B
S214014E9070B50B780546DE070C4603D54A681149FE
S214014EA0FEF718FC2378990705D528460E4B227A7B
S214014EB00E49FEF70FFC23785A0705D528460A4BFC
S214014EC0627A0B49FEF706FC23781B0708D52846AD
S214014ED094F90A20044B0749BDE87040FEF7FABB77
S214014EE070BD00BFB20A0400B4260400D80A04004C
S214014EF0E60A0400FC0A0400F8B507461C460E46FE
S214014F00184615491546FDF72BFF39462046EFF79B
S214014F101CFC76B131462046FFF7BAFF237ADA0742
S214014F2019D56FF3000323720020BDE8F84017F08F
S214014F30D1B9042D09D8094B03EB8503D3F8C8274B
S214014F4020460749FEF7C6FBE8E7064A064BFE2D54
S214014F5018BF1A46F4E7F8BD2B0B04000C1F04001B
S214014F604F0B04001F0B0400110B040070B505461F
S214014F700E4614460C49FDF7F3FE31462846EFF778
S214014F80E4FB042C0AD8094B03EB8403D3F8C827A7
S214014F902846BDE870400649FEF79CBB054A064B0D
S214014FA0FE2C18BF1A46F3E76F0B04000C1F040013
S214014FB0A00B04001F0B0400110B040010B51446CF
S214014FC00A4601462046FFF7D1FF237A9A0707D5FE
S214014FD06FF3410323720020BDE8104017F07AB941
S214014FE010BD10B514460A4601462046FFF7BEFF1F
S214014FF0237A5A0707D56FF3820323720020BDE890
S214015000104017F067B910BD70B50C4605464A68E2
S2140150101249FDF7A5FE227A284604F10901FEF79A
S2140150209FFA28460E49FDF79BFE284694F807216D
S21401503004F58471FEF794FA94F80631DB0703D57C
S21401504028460849FDF78CFE28462378B4F8002246
S2140150500549BDE87040FEF73DBB00BFD411040012
S214015060CA080400AB0B0400AE0B04002DE9F043A4
S2140150700B6806460D46ADF5057DC3B942F23444CC
S214015080019300F13805B0684FF6FF7203AB01A932
S21401509020440FF065F928B1002420460DF5057D62
S2140150A0BDE8F083284603A9FFF7AEFFEBE7686883
S2140150B004A91FF004FA04460028EED1FC23ADF83B
S2140150C00230AB680DF1150901934A4601230DF133
S2140150D0020101A80BF04AFC04460028DDD1BDF808
S2140150E002700FB90724D8E7D5F80080FFB2404612
S2140150F01D498DF814701EF005FE10B3EB6893B1D0
S214015100F8220193ADF80220012345AA0DF1020110
S21401511001A80BF02BFC04460028BED1BDF80240C6
S214015120002CDFD0E4B29DF81231B06843F00103E1
S21401513003A98DF813418DF81231F5F7F4FE0446F4
S214015140ABE7404609491EF0DDFD0028A5D0B06852
S214015150049900F5105001AA3430CDF804908DF86A
S21401516008700BF0CFF9EAE771050400A306040006
S21401517010B50C684CB90368054903F5005393F85C
S2140151803C25FEF7A7FA204610BD0720FCE700BF26
S2140151907307040010B50B6804464BB903680C4945
S2140151A003F5005393F83E26FEF794FA002010BD4F
S2140151B0184608491EF0A6FD38B1236803F50053CA
S2140151C093F83C2583F83E26F0E70720EFE700BF7B
S2140151D07307040068160400F8B505680F6805F53E
S2140151E0D85604461A3627B93146EFF7D3FA0020C7
S2140151F0F8BD4B68BBB938460D491EF083FD20B19A
S21401520031462046EFF7A1FAF1E7384609491EF084
S21401521079FD50B105F580552046B5F82A2B06498B
S214015220FEF758FAE3E70720E2E72320E0E700BFAE
S214015230B305040070170400730704002DE9F74353
S21401524005460E461446DFF8708014B903B0BDE873
S214015250F083236842460093636831462846FEF78A
S21401526065F9A3687BB9E17D072910D9FEE74946B0
S2140152702846FDF775FDA368BAB253F82220013718
S214015280002AF4D1EFE70027DFF83090F3E7084A69
S214015290238A02EB8102A18A28460191618AD2F80B
S2140152A0DC2700910349FEF715FAE469CDE700BF54
S2140152B00C1F0400D30B0400B70B0400CF0B040033
S2140152C02DE9F3470C6807460E4664B90368214684
S2140152D003F58053D3F8582BFFF7B0FF0024204680
S2140152E002B0BDE8F087204674491EF00BFD002889
S2140152F000F0A480386800F5DC500BF09CFB0546F6
S214015300002800F0C78000F110084146F0681FF041
S214015310E8F8044640B9D6F80490484629F0ACFDB2
S214015320421C402A09D907243B6803F58053D3F869
S214015330E02BEA61C3F8E05BD1E7494605F194004A
S21401534029F006FDD6F80890484629F095FD421C3E
S214015350602AE8D805F134034946184629F0F8FCD6
S2140153602C2129F069FD78B94146F0681FF0B9F89B
S21401537004460028D8D13069B8B97069E8B9B0696F
S21401538018BB0023AB7534E005F5887905F5947AEA
S21401539000F8014B2C2149F8040F29F04DFD002897
S2140153A0E2D0CA45F4D10324BEE705F112011FF08D
S2140153B098F804460028E0D0B6E705F114011FF07E
S2140153C090F804460028DAD0AEE73D491EF09AFC74
S2140153D00028D6D140232B86B36905F1D402019368
S2140153E005F13001012301A80BF0C0FA044600289C
S2140153F09AD1F06968B9306A98B93868294600F5D3
S214015400D6501C3004F072FB044600283FF466AF09
S2140154108AE705F120011FF052F804460028EAD079
S21401542082E705F124011FF04AF8044600287FF4BC
S2140154307BAF736A002B7FF476AFDEE72046214907
S2140154401EF060FC804620B920461F491EF05AFC1B
S21401545010B3D6F80890B9F1000F1FD0F368EBB976
S2140154603C6804F58053D3F8585B0DB9172436E72A
S214015470696870681EF046FC20B1484629681EF02F
S21401548041FC68B9ED69F0E7294602B0BDE8F0478E
S21401549004F066BB032422E7232420E707241EE743
S2140154A004F5D6501C30B8F1000FEDD1294604F0B2
S2140154B06AFB044600287FF412AF35E77105040045
S2140154C04B450400A3060400E0050400034A044B10
S2140154D000290CBF11461946FEF7FCB80D1B040047
S2140154E0000C040013B50B68044608468BB9A36884
S2140154F004F1080003F5805393F8483FC3F3C00155
S2140155001B0744BF174B93F81112FFF7DFFF00216B
S2140155100EE00DF10701EFF7ADF9014640B99DF830
S2140155200730A0683BB10121F1F7E3FC014678B1F1
S214015530084602B010BD00F58050C0F89C1FC0F8A8
S214015540A01FA068F1F7D5FC01460028DFD0EFE7E1
S214015550A368054A03F58053C3F89C2FC3F8A04FF0
S214015560D5E700BF08180020F53F010013B50A680B
S21401557004460B4662B9036803F5805393F87C1B17
S214015580003918BF0121FFF7A1FF002002B010BDAE
S21401559018460DF10701EFF76DF90028F6D12468DA
S2140155A09DF8071004F58053A1B193F87C2BC3F83E
S2140155B0740BC3F8780B002AE7D1012204F5D65400
S2140155C01C34204683F87C2B04F084FC204607F02C
S2140155D03BF9DAE793F87C2B002AD6D083F87C1BBC
S2140155E0D3E710B50C680B4634B1BDE8104000F1A6
S2140155F008011846EFF73EB9017AFFF767FF204624
S21401560010BD10B50C685CB9036803F5805393F8B8
S214015610DC1A003918BF0121FFF758FF204610BDDC
S2140156200720FCE710B50C680B4634B1BDE8104006
S21401563000F108011846EFF71DB9017AFFF746FF9A
S214015640204610BD0CB473B5044606AD55F8046B80
S214015650094B0A460949FDF783FB2A46314620468F
S2140156600195EFF7ABF82046FDF78CFF02B0BDE8D9
S214015670704002B0704700BF594604006F2B04000B
S21401568070B515460E46137800F1080420460B4AFD
S21401569003F00103FFF7D6FF2B7831462046084A70
S2140156A0C3F34003FFF7CEFF2B7831462046BDE813
S2140156B07040044AC3F38003C4E700BF080C04002B
S2140156C0190C0400280C04002DE9F04F402317465E
S2140156D0FBB083460E46ADF868307868FF233AAAD9
S2140156E01AA9F4F765FF002840F09A815846C14987
S2140156F03AAAFDF7EFFF002E40F0D8800596122259
S21401570000210DF15600BDF8144029F002F93AAB1C
S2140157101493FF23ADF854301AAB189380237A8A7A
S214015720ADF86430A24209D8FB8ABDF814101344C0
S214015730994280F2AA8001238DF866303B8A224680
S214015740B86809A9ADF82430F5F779F805460028B8
S21401575040F04581FF23B8683AAA09A9F4F728FF63
S2140157600446002840F02F81BDF824800A234146D4
S214015770B8680AAAEFF76BFB0546002840F02F81B0
S214015780D7F808A0424651460DA8F5F743F8044657
S214015790002840F01881BDF8343008F10A085BBAD9
S2140157A0ADF84030944B0D220093944906231FFA1E
S2140157B088F810A8ADF82680EFF78FF98146002803
S2140157C06AD14D461CF0E8F9BDF82830BDF83040E6
S2140157D05BBA64BA1FFA83FAADF85630A4B20AA8C7
S2140157E0ADF85840F4F79AFA802CA14628BF4FF03E
S2140157F0800906904B461790ADF864901AAA002DC2
S21401580000F0EA8000212846EFF703FB28461CF04B
S214015810C3F95846BDF814207949FDF75BFF794B6B
S21401582010AD93E8070085E807009DF866C00421DF
S214015830BCF1020F94BF55F82C30AC3B0293069B8B
S2140158405846CDE90043704A5346FFF7FBFE3AAB94
S214015850042158466D4AFFF7F5FE042158466C4A66
S214015860FDF764FE4A4658461AA9FDF779FE802CD4
S21401587003D958466749FDF773FA58466649FDF756
S21401588029FF059B0133059339E77A8B1344994227
S21401589080F2AC8002234FE7214606205F4A1DF0C6
S2140158A0EBFE054640B91CF077F90326304616F0A4
S2140158B011FD7BB0BDE8F08F20461CF06DF9BDF8F8
S2140158C03C2099F8023052BA92B29A4204D2284643
S2140158D01CF062F90626E9E7424651462846EFF7EC
S2140158E06BFC044600286ED199F8023006904344BA
S2140158F0ADF8263099F803109DF81830BDF826202B
S21401590099421ED8BDF83C30A2EB08015BBA9BB2A7
S2140159109942DCDC4344B9F804109B1A9BB29942C5
S214015920D5D851462846EFF747FC044600284AD109
S214015930BDF828306C895BBA1FFA83FAADF8563089
S2140159404DE750460DF126010792F4F7F1FD0446A6
S214015950002838D1079ABAF1000F04D12846F4F787
S2140159607CFD04462AE0CDF840A0ADF84820ADF80D
S2140159704A00ADF84C2010A8F4F799FD044630B162
S214015980172C2846EBD01CF007F926468EE79DF823
S2140159904630013B3E2B1DD828460DF14601EFF758
S2140159A0CCFB044650B928469DF84630BDF8442045
S2140159B01099EFF701FC04460028DCD0069B013362
S2140159C00693002C96D028461CF0E6F8172C18BF34
S2140159D026466BE70724F1E74146B86814E700203E
S2140159E01CF0DAF8172D18BF2E465FE700201CF0D2
S2140159F0D3F85BE7380C0400BF4400000827040016
S214015A00530C040058270400570C04008B0C0400A8
S214015A10930C0400A00C0400241204005627040072
S214015A20064643E713460A46014618464CE610B5B5
S214015A300446FDF795FD2046BDE81040FDF7A2BDE2
S214015A4010B50B68044686B07BB954F8080F02A956
S214015A5000F5F650183006F0ABFE1022204602A9DB
S214015A60FFF7E5FF002006B010BD0193102302AA40
S214015A70ADF802300DF10201002301A80AF076FF0D
S214015A800028F0D1A46804F5005393F8593183B97E
S214015A9004F5F65002A9183006F0A5FE04F5F250FA
S214015AA00430F2F74FFF04F5F3501030F2F74AFFD7
S214015AB0D8E70D20D7E70822B9E737B50C680546C1
S214015AC054B9684617F09CF805F108006946FFF7D7
S214015AD0F2FF204603B030BD0720FBE737B50C6860
S214015AE005464CB950F8081F01F5FC510631FFF781
S214015AF0E2FF204603B030BD204669461EF0A8FCF2
S214015B0004460028F5D1AD6805F5005393F85941D0
S214015B105CB905F5FB5069461C30F2F73BFB05F511
S214015B200550183005F0F9F9E3E70D24E1E737B53C
S214015B300C6805464CB950F8081F01F5F5510831B7
S214015B40FFF7B9FF204603B030BD204669461EF078
S214015B507FFC04460028F5D1AD6805F5005393F89F
S214015B60594184B905F5F55069460830F3F7C2F98D
S214015B7005F5F2500430F2F7E5FE05F5F350103066
S214015B80F2F7E0FEDEE70D24DCE710B50446086810
S214015B9086B000283DD1A06801A900F5055018304F
S214015BA006F058FF98BB083420462549FDF7D8F87B
S214015BB0204601A9FFF77FFF2046BDF80C202149AA
S214015BC0FDF788FD20469DF811201F49FDF782FD4F
S214015BD020469DF812201D49FDF77CFD20469DF8C4
S214015BE013201B49FDF776FD20469DF8152019491F
S214015BF0FDF770FD20469DF816201749FDF76AFD52
S214015C0020469DF817201549FDF764FD002006B0D3
S214015C1010BD13491EF076F868B1A06800F5005370
S214015C2093F85931022B08D100F509500421383078
S214015C3005F000FBEAE70720E9E70D20E7E700BFEC
S214015C40A40C0400AF0C0400B80C0400CC0C040037
S214015C50E10C04006C080400EA0C0400010D0400C9
S214015C60150D0400413126E770B50E461C46154653
S214015C70084902461846FDF773F831462046FFF7F5
S214015C801AFF2DB129462046BDE87040FFF700B93E
S214015C9070BD00BF1C0D040010222031C7E6102283
S214015CA05E31C4E670B505460068C0B000F5F25036
S214015CB00E4604306946F2F727FE044698B9366860
S214015CC036B9024669462846FEF7A0FF04460AE0B2
S214015CD030460B491EF016F840B1694628469DF835
S214015CE0FE20FFF7A4FE204640B070BD30460549B1
S214015CF01EF008F808B10122E4E70724F3E700BF25
S214015D00381904007A0D040070B505460068C0B065
S214015D1000F5F3500E4610306946F2F7F5FD0446DD
S214015D2098B9366836B9024669462846FEF76EFFC8
S214015D3004460AE030460B491DF0E4FF40B16946CF
S214015D4028469DF8FE20FFF772FE204640B070BD43
S214015D50304605491DF0D6FF08B10122E4E70724C5
S214015D60F3E700BF381904007A0D040010B50C687B
S214015D703CB9054991F852215431FFF758FE2046A7
S214015D8010BD0720FCE700BF08180020FF2330B530
S214015D90C3B005468DF8073099B900680DF10703C1
S214015DA000F5145002AA38300AF0D0FA044628B991
S214015DB028469DF8072002A9FFF739FE204643B082
S214015DC030BD0C24FAE7F0B51C46002387B08DF8E9
S214015DD0143052EA0403064615460FD130230DF15E
S214015DE013078DF8133030463A460E49FCF7B8FFD4
S214015DF0304607B0BDE8F040FDF7C4BB05AF284606
S214015E0021460A22002328F093FB303207F8012DA1
S214015E102A4623460A2A73F1000305460C46EED2AB
S214015E20E1E700BF5B09040030B50446086889B0A5
S214015E30C0B94FF4C01254F8083F02AD8DF80800FF
S214015E4003F1140001920095F0F723FD6A46012341
S214015E50F0F72DFD2A4620460B49FDF73BFC0020B6
S214015E6009B030BD09491DF04DFF50B154F8080F77
S214015E701430F0F70EFD02460B462046FFF7A3FF4F
S214015E80EDE70720ECE700BF5B090400BC0904004E
S214015E90D1E9002397E7D1E9042394E74FF42013CF
S214015EA030B58DB0044601930023084602AD69461D
S214015EB008228DF80830009503F09BFA2A46204602
S214015EC00249FCF74DFF0DB030BD00BF5B09040071
S214015ED02DE9F0470D4604464749286888B01DF06D
S214015EE011FF074600B104352E687EBBA368434EFA
S214015EF003F58053D3F83457DFF81881A6F5F46913
S214015F000DB900203BE004F1080A29465046FFF788
S214015F10C5FFB7B16B7CA97C032B98BF09EB830344
S214015F20C1F3400198BFD3F858282B7C0191A97C76
S214015F3088BF324601F00101009150464146FCF708
S214015F400FFF5046FDF71EFB6D69D9E730462C4919
S214015F501DF0D8FEB0B1686802A91EF099FA70B9B2
S214015F60069BA0689B0C9B0443F4403300F5B95094
S214015F7043F4507302A91430069316F04BFB08B095
S214015F80BDE8F08730461F491DF0BCFE68B1686861
S214015F9002A91EF07DFA0028F1D1A06802A900F539
S214015FA0B950143005F0C3FAE9E7304616491DF03A
S214015FB0A9FE40B1204650F8081F01F50D511031D9
S214015FC0EEF7C3FB9DE7304610491DF09BFE28B156
S214015FD0204650F8081F01F50E51F1E730460C49EE
S214015FE01DF090FE30B1204650F8081F01F50D5106
S214015FF02831E5E72320C2E71B190400AC2604007C
S214016000710504008A050400A70D0400B10D040003
S214016010B60D04007E0D04002DE9F04FE3B01646E0
S2140160201D460F460390002940F0758500F10804CF
S2140160302046A549FCF794FE05F110012046FFF71E
S2140160402DFF2046A149FCF78BFE7589B389ED1A11
S214016050ADB2002D6ED12046FDF794FA05B9B5898B
S2140160607389AB4240F2578502232946304607AA78
S214016070EEF7EDFE002840F04E859DF81D30FF2B13
S21401608040F09D8104232946304607AAEEF7DFFE3D
S214016090002840F0408505F104091FFA89F96FEAE6
S2140160A00903BDF81E709BB27FBABFB29F4228BFDC
S2140160B01F4607A8ADF81890ADF81A70F0F7E8F982
S2140160C0738905EB0008984500F225859DF81CA00C
S2140160D0BAF12B0F00F27486DFE81AF07901880115
S2140160E09901BB01CB0184028D03D503F30303049D
S2140160F07206720672067206E204F204010544058F
S2140161007206660572067206720676058D059B0591
S214016110AD05BF05E30572067206720672067206C3
S2140161207404D105F50502030A062006560656062E
S21401613056065606102DA84628BF4FF01008B189FE
S2140161404346394409AA89B23046EEF762FEA5EB0A
S21401615008054246204609A9B844FDF701FAADB242
S2140161601FFA88F775E75A4608212046FDF7DEF93B
S21401617020AB03EB47095146204699F80A20FDF764
S214016180A9FA99F80B300A212046514A03F0030375
S214016190FFF758FA99F80B300A2120464D4AC3F307
S2140161A08103FFF74FFA99F80B300A2120464A4A35
S2140161B01B09FFF747FA01379DF88920BBB29A42BF
S2140161C0D1D8A84443E020AB03EB87075A467B7A35
S2140161D004212046FDF7AAF9BB7ADA070CD53F4918
S2140161E02046FDF777FA08F101089DF888305FFA36
S2140161F088F7BB42E7D831E7C3F3011213F0020F69
S214016200009220460CBF52464A463549C3F38103E5
S214016210FCF7A6FDFA7A3F2A01D13249E0E720468B
S2140162203B7B3149FDF756FADDE74A460421204615
S214016230FDF77CF920AB03EB051120460931EEF79B
S21401624084FA01379DF88830FDB2AB42EDD81FFACB
S21401625088F503E755F8083C4A465AF80330042106
S2140162600093204655F8043CFFF7ECF9013F05F191
S2140162700805EFD1EBE755F8083C4A463AF80330F3
S21401628004210093204655F8043CFFF7DBF9013F53
S21401629005F10805EFD10727144DDFF85490013FAB
S2140162A005F10805D3D0204655F8042C4946FCF7DD
S2140162B057FD55F8083C22AA13442046D3E900238B
S2140162C0FFF781FDEBE700BFBC0D0400E7100400FB
S2140162D0E30D0400F60D0400080E0400260E04006B
S2140162E03A0E04006C0E0400860E040074270400A7
S2140162F0FA4504005A4604212046FDF717F907F12E
S214016300020920AB03EB8909B9F8022020469E4911
S214016310C2F3C812FDF7DEF999F8023006212046CD
S2140163209A4A03F01F03FFF78DF999F80230062108
S214016330C3F341132046964AFFF784F90621204607
S214016340944AFFF77FF952460A210398FFF798F916
S21401635001370AF1040A9DF88820BBB29A42C9D8CF
S2140163602FE78D4A02EB8303D3F898288B491FFA4F
S21401637088F52046FDF7AEF970E64A460421204628
S214016380FDF7D4F820AB03EB051120460931EEF7F3
S214016390DCF901379DF88830FDB2AB42EDD856E7FF
S2140163A07F492046FCF7DCFC204622A9EEF7D6F909
S2140163B054E67C49F5E77C49F3E77C49F1E705F1CA
S2140163C002091FFA89F96FEA0907BFB26EE60823C8
S2140163D02946304622AAF0F723F9002840F09B838D
S2140163E073491FFA88F58DF88000FBE3294630468D
S2140163F022AAF0F744F9002840F08D830123BDF866
S21401640088206C491FFA88F58DF88030B1E70123A2
S214016410294630460DAAF0F703F9002840F07B83A1
S2140164209DF8343022A943F0040308A88DF82030E3
S21401643004F030FE0223204656498DF88030FDF7E1
S21401644049F90421039822AA1FFA88F5FFF718F9DB
S21401645004E62946304622AAF0F71BF9002840F048
S2140164605A830323229A54491FFA88F58DF88030FF
S2140164707FE79DF81D30FF2B00F04D830C23294646
S21401648030460DAAEEF7E3FC002840F044839DF861
S2140164903530092B02D8072B40F03D839DF8361086
S2140164A03D4A092B02EB91129DF8371092F8A82865
S2140164B08DF88910BDF838108DF88820ADF88A104F
S2140164C09DF83C20BDF83A108DF88E20ADF88C1062
S2140164D054D9BDF83D305BBAADF890309DF83F30E9
S2140164E007A88DF89230EFF7D3FF042728443349E5
S2140164F085B220468DF88070FDF7ECF839462046C7
S2140165009DF988302E4AFFF79DF8394620469DF8BA
S21401651089302C4AFFF796F8394620469DF88A308E
S214016520294AFFF78FF8394620469DF88B30274ACF
S214016530FFF788F8394620469DF88C30244AFFF745
S21401654081F8394620469DF88D30224AFFF77AF8C1
S214016550394620469DF88E301F4AFFF773F8BDF87E
S21401656090301E4A39462046FFF76CF89DF8923067
S2140165701B4A04212046FFF765F86FE54FF4A06338
S214016580ADF890300123ABE7B10E0400C10E040054
S214016590CD0E0400DE0E04000C1F0400E40E040001
S2140165A0F10E0400070F0400210F04003B0F040046
S2140165B08E1104009C110400D5100400570F04002E
S2140165C0650F0400780F0400890F04009A0F040079
S2140165D0AB0F0400BA0F0400C90F0400DB0F040060
S2140165E0ED0F04004A2828BF4A209DF81D2083B2DB
S2140165F0FF2A00F09082294630460DAAEEF727FCC6
S214016600002840F088829DF83530082B40F28382BE
S214016610844609270DF1360E013F53D1BCF1200FF8
S21401662000F27982093BDBB26345C0F074823A46D8
S2140166304FF0800C0DABC2F3C4011944C97802F0C7
S21401664007034CFA03F319425FFA82FE15D020AB1A
S21401665003EB400383F80AE00DAB0344D97A62AB3F
S21401666003EB400E8B0803F00C0343EA911343EA55
S214016670011301300EF8FD3CC0B201323F2AD9D1D8
S2140166809DF836308DF8890007A88DF88830EFF729
S214016690FFFE0523B749804620468DF88030FDF77A
S2140166A019F8042120469DF88830B34AFEF7CAFF40
S2140166B004212046B14AFEF7C5FFDFF8F0B2DFF845
S2140166C0F0A279E500221EF8011F02F1010819B9AE
S2140166D062445FFA82FC9FE74A1E11404246F4E795
S2140166E002232946304604AAEEF7B1FB002840F003
S2140166F012829DF81120FF2A00F00D829DF81030BD
S214016700252B40F00882AB1C9BB2ADF82030DB4352
S2140167109BB2934228BF13460DF13409ADF82230DF
S2140167204A460823304608A9EEF767FC07460028C4
S21401673040F0F181082108A8EEF702FFB8464FF0B5
S214016740800AC8F3C40219F8022008F007034AFABF
S21401675003F31A425FFA88FB31D00223304605AABA
S21401676008A9EEF74AFC002840F0D581022108A8C6
S214016770EEF7E6FEBDF8142020AB52BA03EB870114
S214016780C2F38030C2F3C03343EA4003C2F30130A0
S21401679043EA8003C2F3812043EA0013887A03F0B8
S2140167A03F0320F03F0003438B720137C2F305130A
S2140167B002F00F0281F809B0CB720A73FFB208F13A
S2140167C00108B8F13F0FBCD107A88DF88870EFF724
S2140167D05FFE252328446A4985B220468DF880301D
S2140167E04FF00008FCF776FFDFF8C8B1DFF8C8A164
S2140167F0DFF8C891F9E49DF81D30FF2B00F08B817E
S2140168000A23294630460DAAEEF721FB002840F060
S21401681082819DF83530072B40F27D81DDF8360008
S214016820EEF79FF9BDF83A305649ADF88C30BDF811
S2140168303C302290ADF88E30062320468DF880300D
S214016840FCF748FF04212046229B4F4AFEF7FAFE3A
S214016850042120469DF88C304C4AFEF7F3FE0421B5
S21401686020469DF88D304A4AFEF7ECFE9DF88E30A4
S214016870484A04212046FEF7E5FE1FFA88F59DF8F2
S2140168808F30454A75E6FE2F00F245813A46494665
S21401689030460DF189038DF888701DF0B8FC07238A
S2140168A020463E498DF88030FCF75AFA20469DF87E
S2140168B088200DF189011FFA88F5FFF7B8F8FFF770
S2140168C0CDBB3146069A22A809F054FE082320467D
S2140168D033498DF880300027FCF7FCFEDFF8CC90BA
S2140168E0B0E42623294630460DAAEEF7B0FA002872
S2140168F040F011819DF83530232B40F20C81DDF8F4
S2140169003600EEF72EF92290DDF83A00EEF729F977
S2140169102390DDF83E00EEF724F92490DDF84200DE
S214016920EEF71FF92590DDF84600EEF71AF92690E6
S214016930DDF84A00EEF715F92790DDF84E00EEF780
S21401694010F92890DDF85200EEF70BF92990DDF8E2
S2140169505600EEF706F909232A90124920468DF8CB
S21401696080300A27FCF7B6FE0F4DDFF854900DF184
S214016970880A7BE410100400BA0F04000210040019
S2140169800D1004001710040024100400520804001F
S2140169903F100400391004004F1004006610040074
S2140169A07C11040075100400B8270400CC11040003
S2140169B0D30D0400160E0400920904008E0904008B
S2140169C0A20E04004423294630460DAAEEF73FFAEC
S2140169D0002840F0A0809DF83530412B40F29B8086
S2140169E0DDE91201BDF836300A275BBAADF888300A
S2140169F0BDF83830D24D5BBAADF88A30BDF83A30C2
S214016A00DFF87C935BBAADF88C30BDF83C300DF105
S214016A10880A5BBAADF88E30BDF83E305BBAADF889
S214016A209030BDF840305BBAADF89230BDF84230D8
S214016A305BBAADF89430BDF844305BBAADF8963029
S214016A40BDF846305BBAADF8983009F0B3FDCDE934
S214016A502801DDE9140109F0ADFDCDE92A01DDE9E2
S214016A60160109F0A7FDCDE92C01DDE9180109F0B1
S214016A70A1FDCDE92E01DDE91A0109F09BFDCDE965
S214016A803001DDE91C0109F095FD2223CDE9320133
S214016A902046AC498DF88030FCF71CFEFFF7F7BBAB
S214016AA001232946304622AAEFF7BAFD98BB0E23EA
S214016AB09DF88820A4491FFA88F58DF8803058E49F
S214016AC02946304622AAEFF7DAFD20BB0F23BDF890
S214016AD088209E491FFA88F58DF8803049E4032303
S214016AE0B7FBF3F303EB4303FF1A14D18DF8887059
S214016AF00DF18A08BDF81A30002B00F065819DF86B
S214016B0088303E2B00F26081032330460DAA06A989
S214016B10EEF773FA10B163B0BDE8F08FBDF834201C
S214016B2008A852BA130991B203F06003C2F3C42253
S214016B30134343EAC113414621F8023B9DF8363020
S214016B4008F1040843F004038DF8203004F0A2FA9B
S214016B509DF888300321013306A88DF88830EEF7BA
S214016B60EFFCC7E7FE2F3B4628BFFE230DF1890247
S214016B70494630468DF88830EEF74BF9112320460A
S214016B8073498DF88030FCF7EBF820460DF189014A
S214016B909DF88820FCF7E4FC20466E491FFA88F52C
S214016BA0FCF798FDFFF75ABA2946304622AAEFF7B6
S214016BB070FD0028AFD11323229A67491FFA88F582
S214016BC08DF88030FFF7D5BB08232946304622AA28
S214016BD0EFF726FD00289ED1172360491FFA88F596
S214016BE08DF880302046FCF7BBF8204622A9FEF738
S214016BF062FFFFF733BA2946304622AAEFF73FFD78
S214016C00002888D118231FFA88F58DF88030FFF701
S214016C1025BA20222946304622ABEFF7D4FC0028BD
S214016C207FF479AF19234E491FFA88F58DF8803025
S214016C3022AAFFF79EBB20222946304622ABEFF759
S214016C40C2FC00287FF467AF1A2346491FFA88F56D
S214016C508DF8803022AAFFF78CBB102229463046D9
S214016C6022ABEFF7B0FC00287FF455AF1B233E495B
S214016C701FFA88F58DF8803022AAFFF77ABB6022CA
S214016C802946304622ABEFF79EFC00287FF443AF3F
S214016C90232336491FFA88F58DF8803022AAFFF79C
S214016CA068BB40222946304622ABEFF78CFC002811
S214016CB07FF431AF1C232E491FFA88F58DF88030FA
S214016CC022AAFFF756BB0023CDE90D36069B22A963
S214016CD00DA80F93F2F7A7F900287FF41CAF242321
S214016CE0229A24491FFA88F58DF88030FFF741BBB8
S214016CF00123294630460DAAEFF792FC00287FF4BF
S214016D000AAF26229DF834308DF88020032B8DF8AB
S214016D1088307FF626AB184AFFF728BB3146069A1D
S214016D2022A809F027FC2723204614498DF8803035
S214016D300027FCF7CFFCDFF84C90FFF72BBB00BF1A
S214016D40002804008310040091100400A51004001C
S214016D50BA100400C9100400CB100400E2100400AD
S214016D60EA100400FA1004000B11040021110400BB
S214016D70341104004D110400AC2604007011040007
S214016D80AA0E0400CC1104000823304622AA06A944
S214016D90EEF733F900287FF4BEAE8DF880A0AAF195
S214016DA0290A1FFA88F5BAF1020F3FF6F9AA01A3DC
S214016DB053F82AF0B3630100B7630100BB63010017
S214016DC01FFA88F5FFF74CB907A8EFF761FB102308
S214016DD08046064920468DF88030DFF814B0FCF76F
S214016DE079FC0DF18C0AFFF7B6BA00BFAB110400AF
S214016DF0CC11040010B40446184613460A46214630
S214016E005DF8044BFFF708B92DE9F04F402314460F
S214016E10EBB007460D46ADF868306068FF232AAA36
S214016E201AA9F3F7C5FB002840F08180384641498E
S214016E302AAAFBF795FF002D73D1A846AB4606AEEE
S214016E40402361681AA83381C6E900B1F2F769FFE9
S214016E509DF868301FFA88F9012B02D0217F00299E
S214016E6051D0206814A900F5145038300DF078FC84
S214016E70002853D196E807009DF868A009AB83E87F
S214016E800700A268BAF1010C18BF4FF0010C002AE6
S214016E9044D01A4661462046F3F7D9FD00283DD175
S214016EA00E21BAF1010F0BBF228A228BADF81220F8
S214016EB0ADF812200CBF628A628B0391012109ABE7
S214016EC0CDE900310DF1300ACDF808A04B46A06897
S214016ED00DF11201F3F700FD00BB0DF13A0214A902
S214016EE010A805F033FC5046F2F718FF0590384617
S214016EF010A9FEF7D3FF3846059A0F49FBF730FF76
S214016F0008F101089CE705AB019310AB00933246EC
S214016F104B462046F3F7D4FD0028E8D03846FCF768
S214016F2031FB284615F0D6F96BB0BDE8F08F054663
S214016F30F7E700BFB8110400CF11040013460A4654
S214016F400146184660E72DE9F047044615460E4609
S214016F50136898B0029313890193D388009393889A
S214016F60574AFEF76FFBEB6831462046554AFEF757
S214016F7069FB554A31462046FCF7D8FA204605F10A
S214016F801201FEF78BFF20466A6A5049FCF7A2FB06
S214016F90314620464E4AFCF7C9FA95F82E70002F66
S214016FA040F08280AA6AAB8D20464A490592ADF828
S214016FB01830ADF81A70FBF7D3FE0122059858B9C0
S214016FC045492046FBF7CCFE20462A6B3F4918B0C0
S214016FD0BDE8F047FCF77EBBBDF818100144BDF8CC
S214016FE01A30C6188E42EBD210F8039006F1010A49
S214016FF00AEB090C6145E3D301334B44ADF81A3073
S214017000B9F1000FEBD073783D2BE8D000230DF1DA
S2140170101B011AF803003D2823D103F101085FFA8A
S21401702088F660336B44A9EB060603F8447C5AFAEB
S21401703088F8B6B21AB920462849FBF791FE2046D1
S214017040274907AAFBF78CFEB8F1000F1DD0204692
S2140170502449FBF785FE324641462046FCF780FA76
S21401706013E0402B13D11AB920461C49FBF778FED2
S21401707020461849FBF774FE514620464A46FCF75F
S2140170806FFA20461449FBF76BFE002296E70133A0
S21401709001F8010FD8B28145BBD8002660336B4496
S2140170A0B04603F8447CC5E720460A49FBF758FE7C
S2140170B0A96A2046AA8DFCF753FA0B4981E700BF5F
S2140170C0D9110400021204000A120400F911040086
S2140170D017120400702F0400241204001C1204006E
S2140170E05B0904001F1204002112040037B50D4687
S2140170F00446428A09490832284692B2FBF730FE16
S21401710021462846FEF7CAFE238A28460093A37D19
S214017110A28A0349FCF7DEFA03B030BD261204004A
S214017120351204002DE9F04115461E4A0446FCF7C7
S214017130FDF92A683AB120461B49FBF711FEAA7AE7
S214017140072A05D9FEE720461849FBF709FEF6E7A8
S214017150174B204603EB8203D3F8DC271549FBF7D0
S214017160FFFD6E7A2EB114492046BDE8F041FCF7CA
S214017170B1BA20461149FBF7F3FDDFF848802B7AB8
S214017180F7B2BB4201D80E49EEE71FB14146204691
S214017190FBF7E6FD6968204601EB0711FEF77EFE68
S2140171A00136ECE755120400BE2C04005B12040005
S2140171B00C1F04006212040075120400702F0400F4
S2140171C0241204001C1204002DE9F0430C68054645
S2140171D00F468BB05CB90268214602F5DA520C32D2
S2140171E0FFF7A0FF002420460BB0BDE8F083204641
S2140171F08F491CF087FD002834D07C686CB92B6859
S21401720003F58053D3F84C2B8A4B002A08BF1A4645
S21401721028468949FCF75EFAE4E7BB68002B40F094
S214017220E480204627F028FE86B23F2E00F2DD805D
S21401723041F6DC29D5F80080214608EB090002F06A
S2140172402BFC04460028CED108F5DC58721C796860
S214017250404692B227F07CFD28684146484402F039
S2140172601BFCC0E7204675491CF04CFD88B17B68C5
S214017270002B40F0BA802B6803F5805393F8562B09
S214017280072A00D9FEE76E4B03EB8203D3F8DC270F
S214017290BEE720466B491CF035FD0646002878D02F
S2140172A07C682E68BCB906F5805696F8554B64B1D5
S2140172B028466549FCF70EFA94E7D6F8501B28468F
S2140172C001EB0311EDF741FA013496F8542BE3B2C2
S2140172D09A42F2D886E720465B491CF013FD30B38C
S2140172E006F5805595F8553B002B7FF47BAF06F5E8
S2140172F0D6561C36304602F081FA044600287FF442
S21401730072AF524BD3F834375BB9A5F8E03AC5F8FB
S214017310503B4FF480733046A5F8543B02F065FBB2
S21401732060E7DA7C6FF34102DA745B69ECE72046CA
S21401733002A91DF0ADF8044600287FF454AFB868E2
S21401734018B306A91DF0A4F8044600287FF44BAF35
S214017350FB68E3B9022741F6DC2828683A4602A909
S214017360404402F0AEFB044600287FF43CAF06F52D
S214017370DE563A0102A9304627F0EAFC28683A466A
S2140173803146404402F09DFB2CE70127E3E7032446
S21401739029E720462E491CF0B5FC40B378688DF8E5
S2140173A008608DF8076058B928689DF8072000F531
S2140173B0D6509DF808101C3002F006FC044612E771
S2140173C002A91DF01DF8044600287FF40CAFB8682A
S2140173D00028E9D00DF107011DF012F80446002837
S2140173E07FF401AFFB68002BDED00724FBE62046C6
S2140173F018491CF087FCC0B17C68002CF5D12868C0
S21401740000F5D6501C3002F043FA2B6803F5805283
S21401741003F5DF5103F5E85304311433C2F8004C89
S214017420C2F8301DC2F8E03BDCE62324DBE600BFF1
S214017430A21504005B1204005B0904005219040043
S2140174400C1F0400B305040075120400082B00206D
S214017450A3060400E0050400F8B5069D1C462B7A39
S2140174600F46164633B3252897BF194B194A03EB27
S21401747080035A6E28461849FCF72CF92846174906
S214017480FCF728F93A4604212846FFF74BFE284622
S2140174901349FCF71FF9324604212846FDF7CEFEB4
S2140174A04CB128460F49FCF715F922460421284617
S2140174B0FDF7C4FE04B9F8BD2B68E26903F58053F5
S2140174C0D3F8E01BE161C3F8E04B1446F2E700BFD6
S2140174D00C1F0400240704007A1204009912040009
S2140174E0A4120400B212040070B5054616460C46F6
S2140174F08B894A89ADF5BC6DD21A0F49FBF730FC72
S214017500284606F11001FEF7C9FC2846728C0B4985
S21401751001AEFBF725FC3246A18940F2DB5320463B
S214017520EDF777FC00233246335405492846FCF72D
S214017530D1F80DF5BC6D70BDC8120400D712040059
S2140175405B090400D0E7F7B50D46044600B9FEE72F
S214017550037F03F0FF0603B1FEE70E4B1A68914264
S21401756014D840F2E73031461F6D4FF47A7200238B
S214017570E5FB070126F0DCFF0123CDE900630146A8
S2140175802346054A606828F0E7FD00B1FEE703B030
S214017590F0BD00BF08180020E103040000B9FEE7B3
S2140175A0406828F023BE70B5EFF3108672B64FF030
S2140175B0FF3027F0BEFE04460A4BD3F81422C3F868
S2140175C01402824288BFD3F81822304684BF0132A3
S2140175D0C3F81822D3F8185228F022FF204629466D
S2140175E070BD00BF081800202DE9F04F9102064635
S2140175F015461F46EBB040F13281F9F7E9FD8C4C98
S214017600814608A9D4F8740127F05DFEBDF82280F2
S214017610B8F1020F40F223810DF5947C0DF1200E96
S214017620BEE80F00ACE80F00DEF80030B8F1270F17
S214017630CCF800300AD92723BDF82420ADF82A312A
S214017640262A82BFADF82C3100234D93D4F874015D
S2140176504AAA2AA927F03EFE9DF82A81B8F1000F12
S21401766000F0FD800A9B0DF1A90093F800A00DF231
S21401767029131690ADF85CA020931DF045F800285C
S21401768000F05C8202A916A8F9F794FED4F88C32B1
S214017690002B40F099804FF0000884F88A820DA8EC
S2140176A01CF029FD00230DF1A9008DF81C308DF882
S2140176B003308DF804301DF027F8002800F0CF8045
S2140176C00DF1A9001CF0E3FF002800F0C88005A911
S2140176D016A8F0F7F2FC002840F0C1809DF81C10B7
S2140176E0002900F0BC80BDF814001CF0FAFC00284C
S2140176F040F0B5800DF1420116A8F0F706FD00280E
S21401770040F0AD809DF84A30002B00F0A8800DF1C6
S214017710A9001DF023F8002840F090800DF1A90083
S2140177201CF0AAFF8346EFF7C2FC002800F08A810E
S2140177300DF1060116A8EFF703FD002840F08F8033
S214017740BDF80630ADF84E3001238DF851309DF866
S2140177505E302022002122A88DF8863027F0D9F845
S214017760344B20A90D939DF803300DA88DF85230A7
S2140177709DF804308DF85330EFF77CFDDDF880B0CE
S21401778058461CF079FF20F0100080B28BF80000FC
S214017790000A8BF80100DDF880B058461CF06CFF3B
S2140177A0B8F1000F00F05A8140F4007189B28BF8ED
S2140177B00010090A8BF801100DF1A9001CF05CFFFE
S2140177C0C20540F14E81FEE70DA916A8F9F7F2FDB4
S2140177D000287FF460AF9DF83C30012B0BD0022BC4
S2140177E07FF459AF082214490DA828F0A5FA0028FD
S2140177F07FF451AF0BE04FF6FD72B4F8803293423E
S2140178003FF649AFBDF834209A427FF444AF0123D6
S21401781084F88A32B4F894324FF0060823F4FF4312
S21401782043F45063A4F89432042384F8943236E780
S21401783008180020020000208A1A00200DF103011A
S21401784016A8EFF7B3FC50B99DF80330052B06D107
S21401785001A916A8EFF7BAFC00283FF45FAFEB01C9
S21401786005F0807240F18E81002028F0F7FA202082
S21401787028F08AFA05F400510446002800F09E819B
S21401788021B101214FF4004028F066FA15F4404F6B
S21401789006D0002148F2200028F05EFA28F088FA87
S2140178A02C0740F18E80BC4C0321D4F874012AAA1F
S2140178B027F007FD0146002800F0C6819DF8A83094
S2140178C0072B40F0C181D4F874014AAA27F0FEFCC8
S2140178D0002840F0B981BDF8AA802C9B08F1010A66
S2140178E01B781FFA8AFA534540F0AE81A8F10303CC
S2140178F07B2B00F2A9812AA828F07AFD002840F007
S214017900A381BDF8AC30002B40F070812D9B93F81D
S21401791000909DF83531002B00F06A8109F00703CD
S214017920022B40F09181D4F82012D4F874012AAACF
S21401793027F0D0FCA4F824A228F04AFA00283BD06D
S214017940D4F87831D4F820221B6892789B789A4232
S21401795032D19DF82E31002B00F0768108F1020815
S214017960D4F874014AA9ADF82C8127F0B1FC804601
S214017970002840F069819DF83631012084F83532BF
S2140179809DF837314A9984F83632844BC4F8483228
S21401799028F098FA01214FF4807028F0DDF980482C
S2140179A0414628F0D9F928F047FA28B119F0100F06
S2140179B01CBF012384F87C3128F03EFA08B91CF07C
S2140179C0B8FDA80102D5012028F048FA15F0084FA5
S2140179D003D00021042028F0BFF9A90705D5082007
S2140179E028F0D2F908B128F003FAFA051FD5304677
S2140179F04AAA2AA927F0C3FA9DF8A830BBB169485C
S214017A00002128F0A9F9042028F0BEF918B10021B8
S214017A10042028F0A1F9FAF7C0FD18B14FF4007060
S214017A2028F052FC28F0F2FC08B128F0E1F9BB0579
S214017A3040F17C810022304611466BB0BDE8F04F24
S214017A4020F06CBA5846EFF7E4FA00283FF47FAE10
S214017A500DF1060116A8EFF70BFB6EE620F4007198
S214017A60A4E620A89DF8AB10EFF716FB0DF1A900D0
S214017A701CF074FE60B10DF1050116A8EFF713FDB9
S214017A8000287FF4ECAE9DF8051020A8EFF71FFD47
S214017A90B8F1000F12D020A8EFF7AEFDDDF8808018
S214017AA0D4F8942208EB000348F800203E4A928856
S214017AB09A80BDF884300633ADF88430364BBDF875
S214017AC0220093F88A228AB14001C0EB4A1000F5E1
S214017AD0F0704844B3F88C421AF0CAF9804620A8E0
S214017AE0EFF79EFD10B14480A0F8008020981CF0AE
S214017AF035FE28B120A81CF0A5FE00287FF4AFAE05
S214017B0008A828F075FC00287FF4A9AEDDE90A4331
S214017B10BDF824202098002A08BF1C461CF01EFE33
S214017B2018B1237843F004032370BDF8842030464F
S214017B304AA98DF8282127F0DAFC90E6B8F1010F62
S214017B4006D09DF8A93003F00703012B3FF487AE5A
S214017B50304627F0CAFC18B102283FF480AEFEE793
S214017B6008A828F045FC00287FF479AEDDE90A3242
S214017B70BDF82410002908BF13461A7862F07F0268
S214017B801A706CE607F002031A430FD04FF4007028
S214017B9028F09AFB6BE600BF08180020081B00209F
S214017BA00A000100600001009C1A002005F0A842AE
S214017BB01A433FF45CAE4FF48050E9E749B1012126
S214017BC04FF4803028F0C8F82146402028F0C4F849
S214017BD066E607F020030B433FF462AE402028F030
S214017BE0BBF84FF4006028F06FFB59E62C9B8EE63D
S214017BF094F8113213B9BAF1040F25D09DF82E313D
S214017C0013B308F10208D4F874014AA9ADF82C811F
S214017C1027F05EFBC0B9EFF3108072B6B4F8A6B2D7
S214017C20B4F8A88228F0FCFBC3450DD0EFF311830E
S214017C30302282F31188D4F8F482B8F1FF3F09D1DB
S214017C4083F31188BFF36F8F4FF0000840461BF097
S214017C50FFFDB6E6414651F80C2BC4F8F42283F337
S214017C601188BFF36F8FD4F874012AAA27F032FB6C
S214017C7088F800A0BDF83C3188F801309DF936310E
S214017C8088F803309DF8373188F802304A9BC8F8E7
S214017C900830284BC8F80430EFF3108A72B6B4F8EF
S214017CA0A622B4F8A812B4F8A4328A4216D2134413
S214017CB0B3FBF1F001FB1033013204EB8303C3F88D
S214017CC0B082A4F8A622504628F0AAFB19F0200993
S214017CD022D00121042028F03FF872E6D4F8AC2225
S214017CE052B104EB8303D3F8B0121348904718B986
S214017CF0504628F095FBA9E7B4F8A43204EB8302BA
S214017D00C2F8B082B4F8A8220133B3FBF2F102FB49
S214017D101133A4F8A432D6E794F87C31002B3FF453
S214017D2050AE1CF006FC84F87C914AE66BB0BDE8C8
S214017D30F08F00BF081B0020AC1A00202DE9F04F81
S214017D4040231446ADF5757D83460E46ADF8D03119
S214017D506068FF2334AA74A9F2F72AFC002840F0D1
S214017D60F78058467E4934AAFBF7B4FC002E40F053
S214017D70F080059613AD00214FF040086268A068B8
S214017D80C5E90012BDF81430A5F80880002800F0F7
S214017D90E080228A0DEB0807ADF834200A22039210
S214017DA00C22CDE900520297628A0DA9F2F794FDE2
S214017DB0002840F0CE80D4F808A00DA95046BDF8A2
S214017DC034908DF82180F2F7B3FB002840F0C18093
S214017DD0A9F10A039AB206923A89BDF8341052BA4A
S214017DE092B212FA83F30A33994200F2B280ADF8E6
S214017DF034900DF190094A4650460DF121030DA924
S214017E00F2F7AEFB0790002840F0A3803A89069B64
S214017E1052BABAF80A1013FA82F20A328A4200F209
S214017E2098804A4658464F49FBF754FCFF22ADF866
S214017E306C204FF4007234AB1A9374AB2193ADF8F7
S214017E408820079B6268CDE90D33C7E90032ADF89B
S214017E503C30A368A7F8088053B3238AB4F812808D
S214017E60ADF82230B8F1000F22D03A46A0680DF1E5
S214017E702201F2F71BFCD8B90A2300930C22A06852
S214017E800AAB0DF12201F2F7F9FC172854D078B9A4
S214017E90BDF82230A26868812A6028462B81AB8112
S214017EA0CDF82490F2F703FB824640B117283BD069
S214017EB05846FBF767FB059B013305935BE70122F9
S214017EC0284609A9F2F7C6FB70B3BDF82230A268AE
S214017ED00DF16E00ADF83C30CDE90DA2CDF85CA0F9
S214017EE0CDF880A0CDF88CA08DF88AA0ECF79EFD89
S214017EF01A9B33BB0121204617AB0DAAF2F720FED1
S214017F000028D5D10121204617AB0DAAF2F737FD7F
S214017F100028CDD1239B0BB9ADF8883004215846F3
S214017F2017AAFFF710F8C3E7BDF83030BDF82220D6
S214017F305BBA1344ADF8223008F1FF381FFA88F80F
S214017F4090E7BDF86C20002AD4D083F800A0D1E7D2
S214017F500646304614F0BEF90DF5757DBDE8F08F86
S214017F60DC1204005B09040013460A460146184663
S214017F70E4E62DE9F04F40231446ADF5757D74AD6A
S214017F8007460E468DF80F302B80294660680DF1A6
S214017F900F0314AAF2F7E4FA38B10646304614F095
S214017FA099F90DF5757DBDE8F08F0DF1D008FF2329
S214017FB0424629466068F2F7FBFA0028EDD14346AF
S214017FC03846384914AAFBF785FB002EE6D1FF2375
S214017FD0ADF82C304FF400730DF12E094846ADF87C
S214017FE04830CDF8288011950796109613968DF88F
S214017FF04A60ECF71BFD0A9B1BB1BDF82C2002B1B1
S2140180001E7017254FF0000B4FF0400A6368ADF85D
S21401801018A0CDE904B324A86168F1F782FE9DF8A3
S2140180209080B8F1010F15D9A8F10303022B1BD9D3
S214018030E468002CEAD1139B0BB9ADF84840002D3B
S214018040ACD13846294607AAFEF77DFF3846FBF72E
S21401805099FAA3E710ABCDE9009300232046194611
S21401806004AAF2F72DFDE3E7A8F104035D42A8F1A7
S21401807005005D414142414107AB204604AAF2F7A3
S2140180805FFDB8F1050F01D1172801D0002885D171
S2140180902946204607AB04AAF2F771FC05460028DC
S2140180A0C6D07BE7F712040013460A460146184677
S2140180B05FE72DE9F04300230E46ADF51B7DB7497A
S2140180C0044615460093FBF705FB7EB9B44FDFF86F
S2140180D0F482DFF8F4922068694600F514500CAA81
S2140180E038300CF0B5F8002800F0EA802046AD499B
S2140180F0FBF7F0FA00230093AEB9DFF8A48206AFCF
S214018100236819A803F5145909F13809ECF78EFC10
S2140181104FF6FF726946484619AB1A9707F07EFE7E
S214018120002800F0558120469F49FBF7D3FA00232B
S2140181304FF6FF7700934FF6FF726946206819AB3A
S214018140002E00F0908100F5105034300CF008F944
S214018150002800F07C81002E40F0AE804FF6FF73C1
S2140181609D4240F0A98020469049DFF86082FBF7E7
S214018170B1FA01AF009642F23859266812AD284688
S2140181804E44ECF753FC2B464FF6FF7269463046D9
S214018190EF6007F043FE002800F06981276804229B
S2140181A007F50053D3F8380593F83C15014407F05A
S2140181B0FDFF06461A220021284626F0AAFB002EBD
S2140181C047D04F442A460921384608F025F9B0FA27
S2140181D080F02B7E400960F300030B2138462B7696
S2140181E00DF14A0208F018F9B0FA80F02B7E40092A
S2140181F060F34103122138462B760DF15E0208F03A
S2140182000BF9B0FA80F02B7E400960F3C3032B769E
S214018210384613A90CF061FBB0FA80F040F20B4827
S2140182202B7E400960F382032B767378B71C0233EA
S2140182301E44BE420DD93B78083BDBB20A2B04D85C
S21401824028FA03F3DB0700F136812B7E43F0100397
S2140182502B7620465649FBF73DFA2B7E9E0740F1CA
S2140182602F8120466A885349FAF77AFD2B7ED80774
S21401827040F12B8120462A884F49FAF771FD2B7E63
S214018280190740F127812046EA8A4A49FAF768FD2C
S2140182902B7E5A0740F1238120462A790DF14D01A4
S2140182A0FBF75EF92B7EDB0603D520464349FAF73A
S2140182B057FD2046FBF766F90DF51B7DBDE8F083FB
S2140182C04FF6FF739D4204D0BDF84430AB427FF4B5
S2140182D002AF20460CA9EDF7F9F99DF841309DF85B
S2140182E041205B0749BF702319AB8DF864300DF14F
S2140182F06503100744BF612203F8012B9DF8412056
S214018300D10644BF642203F8012B9DF84120920652
S21401831044BF632203F8012B9DF84120500644BF59
S214018320722203F8012B9DF84120D2091CBF6F224F
S21401833003F8012B9DF84220D10744BF732203F8AE
S214018340012B9DF84220920744BF6E2203F8012BB1
S2140183509DF84220500744BF442203F8012B002217
S2140183601A709DF8643023B12046154919AAFAF708
S214018370F7FC9DF84130394643F301035BB2013304
S214018380022B9ABF09EB8303D3F83C2942462046C9
S214018390BDF84430FBF79EF99DE600BF2D1304009F
S2140183A0371304004013040048130400521304005A
S2140183B05C130400680E04006B13040071130400C0
S2140183C05A090400594604000C1F0400DF0A040081
S2140183D04FF6FF739D4203D07B8AAB427FF490AE8B
S2140183E039462046EDF772F93B7D3A7D190749BFBC
S2140183F0732319AB8DF864300DF16503520744BF42
S2140184006E2203F8012B3A7D900644BF612203F8E1
S214018410012B00221A709DF8643023B120463249A0
S21401842019AAFAF79DFC3B7D414643F301035BB273
S2140184300133022B98BF2D4A20469ABF02EB8303D5
S214018440D3F83C292A4A7B8AFBF744F958E6BD4211
S21401845004D0BDF86432AB427FF46DAE204619A954
S214018460FCF7D2FD67E600F5145038306EE67B78EF
S2140184707A78990749BF73232B462B700DF1490370
S214018480D20744BF632203F8012BAB4204BF2D225F
S2140184901A704FF0000208BF0DF1490320461A700A
S2140184A00DF10601EDF712F92B46414620463A78C2
S2140184B0FBF710F95FE63846EDF7EAFF0744B8E642
S2140184C020460C49FAF74CFCD0E620460949FAF753
S2140184D047FCD4E620460749FAF742FCD8E6204690
S2140184E00549FAF73DFCDDE65A0904000C1F0400B5
S2140184F059460400CC1104004B4504002DE9F74F02
S2140185004FF0000A4FF6FF7304460F46564655468F
S214018510DFF87C80DFF87C90ADF806305FFA8AF3EE
S21401852057F823B0BBF1000F09D1BDF80620FDB9FD
S21401853046B34FF6FF739A421FD007200FE041461D
S21401854058461BF0DFFB68B9494658461BF0DAFB74
S21401855060B958460DF106011BF0C3FF18B103B010
S214018560BDE8F08F05460AF1010AD7E70646FAE7A5
S2140185704FF6FF739A42E0D126B129462046FDF711
S21401858005FCECE720462946FFF793FD0020E6E7C9
S214018590AB0D0400381904002DE9F7430E680446B4
S2140185A00D4686B9083420467349FBF793F82046F2
S2140185B07249FBF78FF820467149FBF78BF80020CC
S2140185C003B0BDE8F08330466C491BF09BFB0028E6
S2140185D04ED0686800283AD154F8085F694905F515
S2140185E0005605F5005520466A6AFBF773F84FF00A
S2140185F01108654FDFF8B0912436B8F1010807F18C
S214018600080718D1AA6E20466049FBF763F81127C0
S2140186105F4DDFF89481013F05F10805CFD055F88D
S214018620083C4246F35804210093204655F8043C82
S214018630FDF708F8EFE757F8083C4A46F3580421D7
S2140186400093204657F8043CFCF7FCFFD5E7514958
S2140186501BF058FB002800F08D80AB68002B40F023
S2140186608980A06800F500502430ECF765F9A6E78C
S214018670304643491BF046FB00284FD06868002867
S2140186803FD154F8085F0B2705F5005805F5055549
S2140186901835284698F8591102F07EFB3E4EDFF851
S2140186A00C91B835013F06F1080611D106273B4E5D
S2140186B0DFF8FC90013F06F1080613D12046384941
S2140186C0FAF74EFBD8E994232046FDF77CFB76E7C4
S2140186D056F8083C49462046EB5A56F8042CFAF759
S2140186E0F9FFDFE7204656F8042C4946FAF738FB2F
S2140186F056F8083C20462B44D3E90023FDF763FBDC
S214018700D8E724491BF0FEFAA0B3AB6893BBA06878
S21401871000F50550183002F02FFB50E73046164999
S2140187201BF0F0FA30B36868B8B9052754F8085F4B
S2140187301C4E05F50455DFF870801435013F06F12F
S21401874008063FF43CAF56F8083C41462046EB5835
S21401875056F8042CFAF7BEFFF0E70E491BF0D2FAE2
S21401876040B1AB6833B9A06800F504501430ECF79B
S2140187705DF924E7072023E7B3190400BF190400B5
S214018780CC19040074130400542804008113040057
S214018790D42804006816040054290400A4290400FF
S2140187A09E130400CC290400A20E0400AA0E0400A5
S2140187B08E1304002DE9F7430C4605464749206809
S2140187C01BF0A0FA002800F086806468A4B9A968A6
S2140187D001F50053D3F8DC2612B9D3F8E03633B1ED
S2140187E001F51B511C3105F10800FDF764F9002461
S2140187F0204603B0BDE8F083204639491BF082FAD3
S21401880050B3AC6804F50053D3F8DC261AB9D3F894
S214018810E036002BEBD004F51A5505F15C0604F59D
S2140188201B5404F12C00314638352434F0F76EFA27
S21401883070B121462B4802F0A5FE48B1284601F04A
S2140188400DFD284601F0E0FC10B9284601F0F9FCC0
S2140188503046ECF775F8CAE76F46204639461BF0F6
S214018860F7FD04460028C3D1384600F045FC80BB1E
S214018870D5F8089009F5005509F51A56D5F8DC36ED
S214018880383606F1240013B9D5F8E03623B1394657
S214018890F0F73CFA0028ABD197E8030005F2DC6854
S2140188A088E8030009F51B510E48243102F06AFEE0
S2140188B000289DD0304601F0D1FCD5F8DC36304694
S2140188C0C5F8EC36D8F80430C5F8F03601F0B9FC36
S2140188D08EE707248CE723248AE700BFB31304003E
S2140188E0E00504003C32002070B50C4605468AB00F
S2140188F03B4920681BF006FA08B1606808B90720F2
S21401890047E02F2126F098FA064600283AD10023A0
S214018910606802A98DF820301BF09AFD002838D136
S2140189202D689DF8204005F514553835002C51D09A
S21401893004A8ECF705F8631E3F2B41D8DDE90626AF
S2140189400DF1170123460846072B3AD8E308C3EB77
S214018950431104EBC10414F0FF040AD0C01A01232A
S214018960A3400178DBB25C42013B214013400B433C
S214018970037001A904A8F0F701FB284601A90BF032
S214018980C8FF06E004A9013007F072FF18B11728E6
S214018990BDD00AB070BD049B059AB3F5807F72F115
S2140189A00002ACD2DBB28DF82030013B3F2BA6D8BB
S2140189B03070606806A907F05BFF1728AED1A6E7FE
S2140189C0FEE701F80129083B120A42EA0662DBB219
S2140189D0360AB9E704A902A8F0F7E5FAC9E700BF25
S2140189E0B713040037B50446656E084611461DB137
S2140189F0A26E0092E26FA84703B030BD02680B4634
S214018A0012B1416818681047704770470020054B3F
S214018A10D3F8C02383F8E40312B1D3F8C413104784
S214018A20704700BF083B0020142806D80A2806D83D
S214018A30022894BF002001207047032070470220BF
S214018A407047024690F8203030B5C4189442154657
S214018A5006D1202B08D05A1C80F82020C15403E0F0
S214018A602D7801328D42F1D130BDF7B50B4D05F2AF
S214018A70746605F5CD67D5F874460CB903B0F0BD3C
S214018A8021463046ECF7FEFC384601A901941DF05C
S214018A908DF8019819F080F8EDE700BF082B00204B
S214018AA0F8B5D40802F00707224605460E4626F01A
S214018AB04FF967B18023013F3B412A5DDBB2591E66
S214018AC00A402A55315D5B420B401A432A55F8BDD0
S214018AD02DE9F043C37D05468B420C4697B025D061
S214018AE041B902AB00934FF4A003019383688DF85C
S214018AF00810A3B90120EC7517B0BDE8F083002A71
S214018B0014BF3A46424649466846ECF7D0FD013660
S214018B10A968B2B251F82230002BF0D1EAE70E462E
S214018B20034FDFF81080DFF81090F1E70020E3E74D
S214018B301C12040059460400BC2C040037B56846D4
S214018B401BF05BFB0525124C013D009B0AD10199E8
S214018B5003F10043013B8B4202D00E48ECF7CEFFF7
S214018B6003B030BDA27C92070BD5E16949B15B1A0F
S214018B70002B08DB204618F0B9FDA37C6FF34103F8
S214018B80A3742034E0E76846ECF740FEF9E700BF3F
S214018B90C0340020B434002038B50D4B044653F8D9
S214018BA02150036853B1EBF75EFFD4E90032811A16
S214018BB08B4292BF00209B18181A20602368AB4294
S214018BC02CBF23602560EBF74EFF606038BD00BF09
S214018BD0C42C040070B505460446002115F80B0F99
S214018BE012F028FFFF2629462046EEF796F868B9C8
S214018BF0E27A237B9A420BD0606804F1100580B9B3
S214018C0001462846BDE87040ECF70DBFE672EAE77C
S214018C10A37A002BF0D0013BDBB2A372002BEBD181
S214018C2070BD2189ECF7E0FCEAE70148D2E700BF16
S214018C301C4200200048CDE70C43002010B50E4C26
S214018C4094F8E433012B16D104F57B7104F57870A2
S214018C50EEF763F810B1022384F8E43394F8083190
S214018C605A0708D56FF3820384F808310348BDE834
S214018C701040ECF7BBBD10BD083B0020143C0020A3
S214018C80F8B50D68036A04469D424FF080000F79DF
S214018C90CE790CD018F084FDB4F8C4300133A4F8B2
S214018CA0C430256284F8247084F82760F8BD18F073
S214018CB0ABFDF6E770B500F50A76054630460C467C
S214018CC018F03EFD60B1B5F836325BBA9BB2A342EE
S214018CD006D0304618F00AFD31460A48ECF761FF27
S214018CE021460948EFF74AFA4FF6FE739C42AC80DC
S214018CF007D064BAA5F836423046BDE8704018F091
S214018D0031BD70BD18330020843A002037B51446B3
S214018D106A460546EDF74AFCA0B9009A2072019210
S214018D20120C082A134628BF0823032AADF806307A
S214018D300AD92246284601A9ECF75FF910B9BDF811
S214018D400630237203B030BD0620FBE710B503469C
S214018D50086A0C4650B1CBB1591CECF7EEF930B1AC
S214018D60206A08B1EBF761FF0023236210BD637F21
S214018D700133DBB2FF2B6377F8D14FF4FA7120771A
S214018D8004F12400BDE81040ECF74DBE4A69531EBD
S214018D9013404B6123B90B7F0A69013B4A610B778C
S214018DA0237F04F124000BB1218BEBE74FF4FA711A
S214018DB0E8E7002330B587B08DF803300B78054619
S214018DC0FF2B0C4611D0204601A915F040F99DF85D
S214018DD016309A0709D5DB0741BF9DF8153003F019
S214018DE00F0363F07F038DF8033028460DF103016E
S214018DF0ECF7A3F938B99DF8033033B910222146B0
S214018E002846ECF77FF907B030BD0822A118F7E72E
S214018E10F8B50E4615460A4605210746EDF799FCB4
S214018E20044650B92A4608213846EDF792FC20B18F
S214018E30172812BF062433682B602046F8BD30B5CC
S214018E4085B00D460A220B2101ABEDF795FB0446D2
S214018E5070B99DF80530072B0DD9DDF80600EBF744
S214018E6080FEBDF80A302860AB80BDF80C30EB8080
S214018E70204605B030BD0624FAE713B504220C4699
S214018E8001AB5621EDF778FB58B99DF80530012B5B
S214018E9091BF06209DF8063023709DF8073088BFE5
S214018EA0637002B010BD70B50C460546C2B001A88D
S214018EB016461BF0D0F804F118016A462846C9B2D6
S214018EC0EDF774FB30BBBDF80230FE2B24D86946A3
S214018ED0284601AAECF791F8E0B9BDF802308DF802
S214018EE00231EBF7C0FD419001A8F0F7F3F888B91D
S214018EF0002C0CBF0E2133210823324601A8EFF7C0
S214018F002AFC38B9012C024601A914BF03480448BB
S214018F10F0F70FFC42B070BD0720FBE74C3900208C
S214018F207839002038B5437804460BB100234370E6
S214018F3004F170052846ECF7EAFD0D4B93F859311C
S214018F40022B0ED144F620612846ECF76CFD002377
S214018F502279E370012A09D12371BDE8384018F05F
S214018F60B5BB033B012B9CBF0023238138BD00BF4B
S214018F70083B002010B40C4A92F85941022C0FD13C
S214018F8092F85B1109070BD5D2F864114FF47A7287
S214018F9051430470A1F6B4715DF8044B13F09ABB0B
S214018FA05DF8044B704700BF083B002030B58DB01C
S214018FB06846294D1BF021F902A8EBF7C1FCD5F84C
S214018FC0C41104A81BF050F905F5E275049C7CB9A0
S214018FD069462248ECF7A4FD029904A81BF044F95F
S214018FE01F4C049808BB02A8ECF743FA0DB030BD3D
S214018FF0182300210DEB03022046EBF728FF069904
S214019000009B5B1A002B06DA6846ECF7FFFB04A808
S214019010EBF705FEDAE721462846ECF708FA0122C7
S214019020214602A8ECF7E5F9F1E7182300210DEB3C
S2140190300302EBF70CFF9DF82C30052B08D0072B0D
S21401904002D107A81AF0A3FE04A8EBF7E8FDC8E7CB
S21401905020461DF0FFFCF7E7083B0020D43C00202B
S214019060603C002000F038001F2805D8082805D0ED
S214019070103818BF01207047022070470020704743
S21401908040280ED8272804D8202814BF0020012005
S21401909070474FF001332838C0B2C34003F00100D7
S2140190A070476028F1E713B50B466C461B780246FD
S2140190B00868496883F0020303C48DF800306B46E4
S2140190C003CB1060516002B010BD0368B3F17F4F4F
S2140190D005D18088A0F1FE03584258417047002010
S2140190E0704708B50246FFF7F0FF20B19079A0F16E
S2140190F0FC035842584108BD036813B9436873B16D
S214019100EFE70333FCD14FF6FF7382889A42F7D11B
S2140191108379FF2BF4D190F90730002BF0DA012088
S21401912070470268034642B9406840B99A683AB93E
S214019130D868B0FA80F040097047002070471046A2
S2140191407047026803464AB9406848B99A6842B906
S214019150D86800F17F435842584170470020704755
S21401916010467047034630B5064C04F110052246FA
S21401917003CAAA4218605960144603F10803F6D1DF
S21401918030BD00BFDC2C040010B50C7C2246EBF78A
S214019190C4FC84428CBF0020012010BD0A7C7FE401
S2140191A008B50278FF2A03D1407800F00F0008BD09
S2140191B048F2FE02038823F47C53934206D0FFF75D
S2140191C0C0FF00280CBF0E200020F0E70220EEE7CB
S2140191D0837C5A0700D4E3E7C3F3C300704708B59E
S2140191E00378FF2B05D1FFF7DBFF831E584258415A
S2140191F008BD0020FCE748F2FE02038823F47C53F6
S214019200934200D0EBE701207047F0B5674D8BB075
S21401921095F80831180706D4590704D4D5F8CC4078
S2140192201CB9C5F8EC400BB0F0BD2379E669DA0746
S2140192301BD5C3F380175B0617D420461AF07CF9BA
S214019240022812D02379667943F010037609237138
S2140192500DD0DBB267F30413204602212371E669C1
S21401926018F012FD20461AF049F93446D8E795F869
S21401927008316A4666F3000385F80831314628232B
S2140192802046EBF7E4FD9DF80830FF2B00F08480C4
S214019290474804A9EEF7A7FA0223464985F8F830AD
S2140192A001F5B570EEF7A8FA38B9434BB3F8823F2B
S2140192B0A5F8F030012385F8F83095F85931012BDF
S2140192C037D806A8FFF78BFF0646002853D148F289
S2140192D0FE02BDF8183023F47C539BB293425BD157
S2140192E0364808A9EEF77FFA022385F8023123797A
S2140192F066F3041323712379E669D907B5D5C5F852
S214019300EC40A389002B4BD02B4890F8483FDA0756
S21401931089D590F8493F042B85D0B0F84A3FDB0643
S21401932081D4042100F648700BB0BDE8F040EDF79B
S21401933011BE9DF81820FF2A13D048F2FE02BDF890
S214019340183023F47C539BB293421AD11B4808A9C8
S214019350EEF749FA022385F8023123796FF30413F5
S214019360C8E7022B07D12379980704D5A37903F020
S2140193700F03012B05D14FF6FF73A5F8FA30012331
S214019380E9E795F89E3103F00F03072B14BF4FF65C
S214019390FE73B5F89C31F0E7237966F304135BE7B7
S2140193A0237943F008032371AEE700BF083B002092
S2140193B0F83B00208E3A0020082B0020023C0020BB
S2140193C008B50378FF2B05D1FFF7EAFEC31E584206
S2140193D0584108BD0020FCE708B50378FF2B06D1ED
S2140193E0FFF7DEFE032894BF0020012008BD002001
S2140193F0FCE72DE9F84307460D4616460024DFF83C
S2140194002C80DFF82C90A64201D1BDE8F8831CB170
S21401941041462846ECF74BF937F81420494652BA2C
S214019420284692B2ECF743F90134ECE78C2B0400A2
S214019430B50C0400F0B51AB30446037900EB4306F5
S214019440A642254602D199B1172018E02F8802348A
S2140194509742F5D191B1BBB1013BDBB203711AB2B0
S21401946000EB43039D4209D030F812302B8005E013
S214019470022B07D0591C017120F813200020F0BDE3
S2140194800720FCE70320FAE71B88FFDE38B50D4608
S21401949004460246282300212846EBF7D8FC80B96B
S2140194A0237803F0F003602B0BD1A3885BBA9BB241
S2140194B02833B3F5A06F04D86A89934218BF0620F3
S2140194C038BD0620FCE7037813B1407802307047B8
S2140194D001207047F8B50F46164605460246012399
S2140194E031463846EBF789FD044610B92B7813B997
S2140194F068702046F8BD02232A4631463846EBF707
S2140195007CFD38B92846FFF7DEFF7388834238BFF3
S2140195100624EEE70446ECE7002301290360C0F8C1
S21401952003301FBF01230239037041707047F7B53E
S214019530937C0646DB090D46144646D001290CBF2E
S2140195402020402018F02CF9214890F8DC3A93B1FD
S21401955090F8553B7BB1637C012B0CD1D0F8702B76
S21401956000F668339A4206D1C5F10501C9B200F585
S2140195703060FFF711FB06F114039C4203D306F19A
S21401958074039C421FD3B768EFB1237C20468DF845
S21401959004300094FFF71CFEA27C00F00F03C2F318
S2140195A0000243EA0213E27C2946C2F3000243EAC0
S2140195B042139DF80520684622F03F0213438DF8BA
S2140195C00530F268B84703B0F0BDC1F10200B9E753
S2140195D0082B002010B50446D1B1636803F1780268
S2140195E0914210D3D83399420DD2237A022B0CD054
S2140195F0032B0FD0012B0BD10846FFF792FD10B9B4
S2140196000B78FF2B04D10969E6E70B78FF2BFAD11B
S214019610216010BD0846FFF7DFFE0028F3D0F7E70C
S2140196201822002125F075B910B50446FFF7F8FF9A
S2140196302369034A1A40034B1343236110BD00BF3D
S214019640000080FE40001F0103460846597C027C4C
S214019650C90904D0197C914203D1194694E5802AA0
S214019660FAE70020704700232DE9F04F0746DFF8A0
S21401967088818FB0029308F5805A5D4808AA02A92E
S2140196800AF0E6FD064610B10FB0BDE8F08F9DF872
S21401969031301907F1D59DF832305A07EDD49DF8CF
S2140196A03030402BE9D17B6863B907F114052C46AD
S2140196B007F1940B5C450BD1DAF8344704BB8DF8FF
S2140196C0074033E0404608A998470028EDD0D4E784
S2140196D0A37C9B0704D5214608A8FFF7B5FF08B968
S2140196E02034E7E7E369002BC7D09DF831305807EF
S2140196F0C3D5002301212046E36112F0FFFCBCE73D
S214019700214608A8FFF7A0FF0028B6D16469D5E76F
S214019710AB7C99075DD5EB693BB1002C57D0E2696C
S2140197209B1A34EA230428BF2C462035AB45EFD1DB
S214019730002CA2D0A37C9A0702D5204617F0D6FFAC
S21401974000239DF831209DF830B0E3612046D3090F
S21401975014BFD9464FF08009C2F38005FFF760FFBA
S21401976001236374A37C45F0020223F00303134331
S214019770A374204684F8109008A9FFF70FFD1D4B2F
S214019780D3F8382593F83C351344CDE9032301215A
S21401979003A806F070FE0546E8B90DF1070120465C
S2140197A065761AF0C9FC00232046237603A914F037
S2140197B04EFC9DF81E3020469B0748BF9DF81D6055
S2140197C0237EB34218BF267617F0CCFF55E72C460A
S2140197D0ABE72C46AEE7EB785B45D8D15A4608A9ED
S2140197E0281DEBF79AF95845D1D3AD78D5E700BFD8
S2140197F040400020083B0020081B002090F87A30EB
S2140198001A1F012A0BD9072B04D1002380F87A30BE
S2140198100020704713F0FD0FFAD00223F6E70D2063
S214019820704738B5037804468B4230D0054605F8B4
S214019830801B0239012902D8DFE801F006272846F5
S214019840BDE83840ECF763B9436ADBB1EBF70BF9D7
S214019850D4E90931421A9A4211D21944091AB1F5CA
S214019860FA7F38BF4FF4FA71002363620A20EBF7E0
S214019870ADFE01462846BDE83840ECF7D4B84FF4B3
S214019880FA71F1E74FF4FA71F0E78168F2E738BD53
S214019890037810B5023B032B044602D80421FFF7D8
S2140198A0C0FF63786FF3030363704FF4E163A36053
S2140198B00023A367E3672367636794F87A30072B6F
S2140198C01CBF072384F87A3010BD7FB5044601AD6E
S2140198D000F1700393E8070085E8070094F87A1012
S2140198E0072909D1002222675A609A6094F87A30D3
S2140198F0072B18BF84F87A104FF4E1630421A360A4
S2140199002046FFF78EFF00231A46E16F29B92A4643
S2140199102046FFF767F804B070BDC87DCE690728FA
S21401992007D14AB9E06F08B1C069E067CB610B4661
S21401993011460A463146E9E7D0690028F6D0C069E3
S214019940D061F3E72DE9F04390F87A80044611F8E8
S21401995008300F464345914614BF01260026C56FC1
S2140199608BB018BF80F87A3055BBB8F1060F23D0FC
S21401997094F87A30062B1FD194F8A030042B2ED001
S214019980052B01D0032B17D16A46174604F13E0377
S21401999004F14E0C154618685968083303C563452B
S2140199A02A46F7D1B4F84E303946ADF810300C20BF
S2140199B0122305AA19F0CBFC30460BB0BDE8F083A4
S2140199C0B9F1010F02D12B6A002B06DAEB7D28468E
S2140199D0F95CFFF77DF83043C6B2ED69C4E70C20A9
S2140199E013F0FAF80C28E7D1FEE7F7B50446684607
S2140199F01AF003FC2378012B34D9236F93B394F820
S214019A007A30072B0BD8DFE803F01D0A1D0A040A7B
S214019A10152D01260227E56F45BB16B11EE0052B65
S214019A2022D12378042B1DD1694604F18000ECF77E
S214019A3077F817E0E268009B9B1A002B14DB0223E1
S214019A4084F87A30E36F6BB194F8793013B994F8EF
S214019A5078303BB194F87A30052BDAD102212046D2
S214019A60FFF7DFFE03B0F0BD0026D3E7EB7D062B44
S214019A700CD8DFE803F00A0B0A0B0A0B0400A969ED
S214019A80009B5B1A002B03DBEF750126ED69C3E72C
S214019A906846EBF7BBFEF9E708B571B190F87A3086
S214019AA023B90167FFF7A1FF002008BD072B06D1E8
S214019AB00023016780F87A30F4E70720F5E70D20E8
S214019AC0F3E770B50546164671B16AB1FFF796FE23
S214019AD0044638B985F879006967284685F87860BC
S214019AE0FFF783FF204670BD0724FBE770B50546E8
S214019AF00C46C66F1EB923686BB907202AE0216899
S214019B003068EBF78BFD20B161687068EBF786FD76
S214019B1008BBF669EEE76368002BEED0E368072022
S214019B200BB9A37DB3B9226A0C4BE0759A4294BF78
S214019B3022622362626A00219A4294BF6262636271
S214019B40EB6F2046E361EC67FEF7C2FF2846FFF79E
S214019B504CFF002070BD1820FCE700BF9AC420000F
S214019B6008B5C36F0BB9172008BD994201D0DB6950
S214019B70F8E7CB7D043B012B01D90423CB75FFF716
S214019B8034FF0020F0E710B5C46F002223460BB95E
S214019B90172010BD994207D01A46DB69F7E7D3694B
S214019BA03BB1DB69D36104E0002AF8D10CB1E3696B
S214019BB0C3670023CB61CB7D072B1CBF0723CB7567
S214019BC0FFF713FF0020E4E710B590F87A30072B73
S214019BD028D0043B012B04D84378C3F300138B42EF
S214019BE00FD00424437861F304134370C36F53B951
S214019BF090F87A3073B97AB9072380F87A30FFF78C
S214019C0064FE002010BDD97D0439012988BFDC75AA
S214019C10DB69ECE7042B02D0042380F87A30FFF7E7
S214019C20E4FEEEE71820EDE72DE9F04304460E4684
S214019C308BB004A81AF082F92378B589012BADF808
S214019C40005040F22B81042B00F028810C2329467A
S214019C50304604AAEBF7FBF8002840F01F819DF878
S214019C601230DA0900F01A81C3F3C303052B40F062
S214019C701581BDF8103062885BBA9BB2934240F002
S214019C800D818F4B93F85B311B0701D412F048F816
S214019C9000229DF813308B4903F00F03CF5C84F844
S214019CA0A2203FB394F87A303946012B08BF84F8D6
S214019CB07A200A22A3682046B3FBF2F3824A03EB1A
S214019CC00313934294BFA360A260237804F1700249
S214019CD0052B1CBF052323700023FEF783FE1D2FD3
S214019CE002D0082F40F0DA8020460BB0BDE8F043E2
S214019CF011F040BFBDF814300C35ADF800509BB1E3
S214019D00B3F5807F40F0CA8069463046F0F710FC14
S214019D10002840F0C380BDF80030728904339342B6
S214019D2000F2BC80ADF80030BDF81650BDF8183012
S214019D306DBA5BBA1D44BDF81A305BBA1D44ADB2AC
S214019D4005BB63694FF47A70F02B40F2AA80783B2A
S214019D50584303D043F69821EBF746FCE3681844D2
S214019D60E36FE060002B40F0A180012257492046B6
S214019D70FFF7E8FD2046FFF7A8FD20460BB0BDE83B
S214019D80F04332E669463046BDF80070F0F7D0FB86
S214019D90002840F08380BDF800900A2349463046EB
S214019DA001AAEBF754F8002878D1BDF80C30728977
S214019DB05BBA09F10A091FFA83F819FA83F3934289
S214019DC06CD8ADF80030BDF80430013DB3F5245F22
S214019DD0ADB2B5D130460DF10201ADF80270F0F723
S214019DE0A7FBBDF8027073890A37BFB2B84498451D
S214019DF0ADF8027052D81FFA88F8B845A0D90423E6
S214019E003946304607AAEBF722F8002843D1BDF8B9
S214019E101E2052BA92B2131DD91941453ED8BDF83B
S214019E201C109BB2B1F5007F32D1032A36D90C2B18
S214019E3028BF0C233946304607AAEBF708F8BDF8C9
S214019E401E30B3F5806F10D107A8EFF767FF204BE0
S214019E50984294BF6061636107A8EFF75FFF1C4BF0
S214019E60984294BFA061A3616AE75BBA9BB2072BD5
S214019E7014D907A8EFF752FF07460998EAF771FECB
S214019E80B8420BD3124B9F4294BF67616361E6E70A
S214019E903B449FB2B1E717283FF452AF0BB0BDE881
S214019EA0F0834343E06800EB530059E7DA7D02F0A4
S214019EB0FD02012A04BFE2689A61DB6952E700BF2E
S214019EC0083B0020EB2B040080EE3600F02C04004B
S214019ED09AC4200010B50B4B044693F8590119F0AB
S214019EE050FF68B123785BB994F8A030012B07D1F5
S214019EF004F18C004FF47A71BDE81040EBF793BD86
S214019F0010BD00BF083B00201222002124F001BD35
S214019F1038B5054608300C46EAF78CFD50B1A968FD
S214019F2000220B4643B92046FFF7EEFF04F112006C
S214019F30FFF7EAFF002038BD9C4207D01A461B6B8C
S214019F40F0E7136B3BB11B6B136304E0002AF8D1F7
S214019F5009B10B6BAB6000232363E4E701460148BC
S214019F60D6E700BFA031002073B5037804460D463E
S214019F70164623B300221549FFF7E4FC04F12C0032
S214019F80FFF7ECFF637823F01F03637016B94FF4F5
S214019F90E163A36000212046FFF743FC0023012D67
S214019FA084F8A23004D094F8A0305BB902B070BD3A
S214019FB001A904F198000193FEF720FDF6E70029B8
S214019FC0F4D1F0E7002384F8A030EFE7F82C040082
S214019FD03822002124F09DBCF8B504460D46014602
S214019FE00D48EAF727FD00B1FEE72046D4E90976D9
S214019FF0FFF7EEFF2146C4E90976074884F8345096
S21401A000EAF718FD28B9054BD3F8A0262263C3F852
S21401A010A0460020F8BD00BFA8310020082B002074
S21401A02010B50368044673B1017BFF2902D0ECF733
S21401A0306CFE40B92146FF2301F80C3F2046BDE8DF
S21401A0401040ECF76ABE10BD70B5866900F11003CA
S21401A0509E4204460D4603D0837A1D44857270BD28
S21401A0604368002BFBD00368002BF8D0FFF7D8FF1E
S21401A070237B2189A572E37201310020EBF7A6FA52
S21401A08001463046BDE87040EBF7CDBC01210148E2
S21401A090DAE700BF0C43002030F8083B63B1074AFB
S21401A0A092F8591141B112F8B82C520704D44FF462
S21401A0B07A715943EBF7B7BCEBF729BD083B002093
S21401A0C008B50B4890F85931022B0CD110F8B83C62
S21401A0D05B0708D4B0F8043700F5AC700133A0F87C
S21401A0E0AC351CF0B7FCBDE808400248D4E700BF19
S21401A0F0083B00200842002010B50446EAF7B3FCEE
S21401A100A06110BD38B5234D044695F8593133B1D9
S21401A11095F85B0110F0080001D117F097FC94F850
S21401A1202430012B02D0022B0FD038BD04F11000D1
S21401A130EBF7EDFC95F80831590706D56FF3820366
S21401A140154885F80831EBF751FB144890F8483F5D
S21401A1509A060AD56FF3451380F8483F90F8523FA8
S21401A16000F64870C372ECF781FE94F86E309B07D8
S21401A1700AD54FF6FF710A48ECF763FE94F86E3085
S21401A1806FF3410384F86E3004F10800BDE83840EF
S21401A190EBF72CBB083B0020143C0020082B0020CA
S21401A1A0503A002038B592F824300546012B144663
S21401A1B002D0022B1FD038BD09B10F2918D12B7937
S21401A1C0284643F001032B71FFF796FF0C4B0D4A0F
S21401A1D0C5E9093492F8083104F1100043F004038C
S21401A1E082F808314FF49671BDE83840EBF71BBC96
S21401A1F0022382F824302046BDE8384082E700BFBB
S21401A200A5A10100083B002037B5837F04460DF168
S21401A21007012C308DF8073019F08EFF054668B916
S21401A2209DF80730A27F9A4208D0A3778DF80030B8
S21401A23069460123082001AA19F089F8284603B0C7
S21401A24030BD012310B543770446EAF70CFC2062C3
S21401A25004F12C00BDE8104017F084BA10B5437F16
S21401A2600446022B04D1037FDB0701D51AF01EF842
S21401A270002294F83E30627762F3000384F83E30A1
S21401A28004F12C00BDE8104017F030BA10B50446B2
S21401A290FFF7E4FFA37F20460133A377FFF7B4FF60
S21401A2A018B92046BDE81040CBE710BD1FB50446DF
S21401A2B001A90D48EAF7CBFBA0B9BDF806000128B5
S21401A2C00ED911F018FEB4F844300BB1834209D907
S21401A2D0A4F84400606C04B0BDE8104019F027BE35
S21401A2E00120F0E704B010BD984100200023438010
S21401A2F04FF4287303806FF07003837070472DE965
S21401A300F04FC827FFB018ACCDE9042105463A4600
S21401A31000210DF5987B2046CDF828B1ADF82C71BB
S21401A32024F0F7FA3A462146584624F011FD00215A
S21401A3302D68182208A8069124F0EBFA284608A9E9
S21401A3400FF0F0FD90B920222146284607AB0FF00A
S21401A35007FE58B9079B0090CDE90143DDE90A32B3
S21401A360BDF8201006A8F1F7DCFB08B10023069320
S21401A370DDF818A0BAF1000F2BD000234C990693F4
S21401A380002940F0F880DFF80093C0224EA824F0A0
S21401A390C0FA4B464FF48062504606A90FF035FCD2
S21401A3A0064630B906990B88B3F5885F12D06FF070
S21401A3B0860658460FF096FD06980FF011FC3046BB
S21401A3C0F7F724FF054650460FF082FC002D00F0FB
S21401A3D0D580FEE7BDF83431D1E9087523F4FF7363
S21401A3E023F0010343F49073ADF834314B681B0A34
S21401A3F00CD0A04A9342DAD12B463A46CDF80090CB
S21401A4004EA80BF07DFC064648B1D2E72B463A46ED
S21401A410CDF800904EA80BF073FC064630B9042325
S21401A42006984C930FF0DCFB0646C8E710F1860F42
S21401A430BFD1DDF83881B8F1000F40F09C808E481E
S21401A440402DCDF8389107AB07954F9053D901931E
S21401A45040232A460093394608ABCDF81C800BF002
S21401A46039FB10F1860F064639D1402674220021A9
S21401A470204624F04EFA8049204607960EF098FFB3
S21401A4807D49814658B120460EF0EEFE4E464021EB
S21401A49008A80CF0ADF94EA80FF0FAFC89E723687E
S21401A4A08B4225D12A46394619A80BF00DFC17F028
S21401A4B0F5FE0EF011F981460028E4D1324607ABCD
S21401A4C008A920460FF014F8814620460EF0CCFE6F
S21401A4D00646B9F1000FD9D110F1860FD7D0002E5C
S21401A4E0D5D10DF120094A4600234D46079F10E0BD
S21401A4F06FF08809C7E7002DF3D02A46394608A829
S21401A50024F026FCEDE71178013381F0360102F8DC
S21401A510011BBB42F7D1C7F140063621324609EB93
S21401A520070024F0F6F90DF2B71147451AD16EABC4
S21401A53032465C21D81924F0ECF94F4950A80EF0A8
S21401A54065FF06460028A2D12946402250A80EF0F3
S21401A550D5FE0646402128460CF04AF9002E9AD12F
S21401A56001235DE719F8013B08F1010883F06A034E
S21401A57001F8013FD9E76FF088061AE7059806A9A2
S21401A580EAF792FA042206A94AA8ECF7D6FA0622B6
S21401A5903A494AA8ECF7D1FA4A9F0795002F00F0EE
S21401A5A0E1803B68002B00F0DA807A79D20740F12F
S21401A5B0D68097F80480B8F1000F00F0D080B8F18B
S21401A5C0200F00F2C980012B1CD0042B00F0B980AB
S21401A5D06FF086052023002007933871049BC0F195
S21401A5E0200203442121184624F093F938460FF03F
S21401A5F079FC002D18BF2846F7F708FE002800F062
S21401A600B480FEE7BA68002A00F0A9801C4B22F449
S21401A6107E1199423AD1FB684BB3F86C38B30023EC
S21401A62010220893214608AB17F004FD10F1860F9F
S21401A630054605D0A8B1933519D16FF06F0501E035
S21401A6406FF07105102120460CF0D2F828460EF066
S21401A65043F805460028BDD1CDF81C800025079893
S21401A660BCE742462146049824F072FBEAE7054D12
S21401A670E8E700BF0200800009000002002D040088
S21401A6800002C003009FFFFF090080033E4B1340FA
S21401A690B3F1607F63D10022D7F80C903B495FFA93
S21401A6A089F343F000738B4208923DD003F17E4359
S21401A6B0043B0F2B3BD8364A134493F842A007F1CC
S21401A6C0100B20222146584608AB0EF08DFF05469A
S21401A6D000287FF47FAF494658460EF097FE0546A0
S21401A6E038BB5246584607F188010EF007FE05466C
S21401A6F0F8B921465846089A0EF000FE0546C0B93C
S21401A70020222146584608AB0EF06EFF054680B95A
S21401A71021464246049824F01BFB089900299BD049
S21401A72020460CF065F897E74FF0400AC7E79246D7
S21401A730C5E7089900293FF44DAF20460CF058F8BC
S21401A74048E74246049907AB07F1080017F072FC88
S21401A7500546002882D03DE76FF089053AE76FF09D
S21401A760880537E76FF0860046E74A9828B10FF06C
S21401A770B9FBF7F74BFD18B1FEE76FF08600F8E777
S21401A7807FB0BDE8F08F00BF0000C07F030000026D
S21401A790C42C04002DE9F043044697B041680EAA84
S21401A7A0FFF7ADFD0AAE00220EA904F10800EDF791
S21401A7B034F806AF304619F08CFC02AD384619F075
S21401A7C088FC284619F085FC0122304612A9EDF7CF
S21401A7D024F8616820460EAA0139FFF790FD012290
S21401A7E0384612A9EDF719F8616820460EAA01311C
S21401A7F0FFF785FD2846012212A9EDF70EF86368DA
S21401A800344CDDF81890D4F8A40F03F07F0808F153
S21401A8100108484584F8D88F03D0F7F7B9FEC4F885
S21401A820A49FD4F8B40FDDF82890484503D0F7F775
S21401A830AFFEC4F8B49FD4F8C40FDDF808904845BD
S21401A84003D0F7F7A5FEC4F8C49FB4F87C3F9B0677
S21401A8503CD5EFF31183302282F3118800221E4C7F
S21401A860626083F31188BFF36F8F04F10C0C97E8D5
S21401A8700F0004F11C078CE80F0096E80F0004F1A6
S21401A8802C0687E80F0095E80F0086E80F004FF6C4
S21401A890FF731022A38784F83E306146E06801AB5F
S21401A8A084F80180F7F7DEFC00B1FEE71022394696
S21401A8B0E06901ABF7F7D6FC00B1FEE7102231469E
S21401A8C0E06A01ABF7F7CEFC00B1FEE717B0BDE8D2
S21401A8D0F08300BF082B0020486D002070B5436848
S21401A8E004468B42154605D1BDE870404FF4807092
S21401A8F016F08ABFD00701D5A38F53BB0023154A94
S21401A900A362C2F8D43FB2F87C2F92060AD5EFF3C1
S21401A9101182302080F311880F48436082F311883A
S21401A920BFF36F8F002620466160E662FFF732FFB5
S21401A93004F1400026870949EBF775F8AB0748BFD5
S21401A940638F4FF4807048BFA387BDE8704016F050
S21401A95027BF70BD082B0020486D002080EE360012
S21401A96008B50F490F48EBF75EF80F4BB3F8102FF9
S21401A970B3F8141F013292B2A3F8102F11B10139A6
S21401A980A3F8141FB3F83C1F914207D8D3F8DC1E76
S21401A9900222BDE80840054801319FE708BD00BF17
S21401A9A080EE3600203A0020082B0020E0390020F7
S21401A9B0F8B51B4ACE68D2F8DC4E0546A6422DD91C
S21401A9C00A7D341B52B3022A1CD10F69384619F08E
S21401A9D01BFA18B3012C18D06C78204619F0D1F95F
S21401A9E0E0B1BB7F03F00F03072B17D1022C15D163
S21401A9F005F128039F4211D12846BDE8F840012100
S21401AA001BF056BF012C07D1002444F00202314648
S21401AA10BDE8F840034861E70022F8E7F8BD00BF4B
S21401AA20082B0020E039002030B50446134887B0D3
S21401AA300D4605909AB10598F7F7AAFD1023CDE9C2
S21401AA40015301234FF488510D4A009305A841F2A2
S21401AA500103F1F766F8F7F7D9FB20B1FEE7F7F740
S21401AA600BFC0028E7D02068059B984201D0F7F739
S21401AA708FFD059B236007B030BD00BF01000200BB
S21401AA800900800310B504460830ECF7BDFE04F15A
S21401AA9050000A4CECF7B8FE2046ECF7B5FE04F180
S21401AAA01000ECF7B1FE04F12000ECF7ADFE04F562
S21401AAB08870BDE81040ECF7A7BE00BFAC3A002096
S21401AAC0438810B523F47F6323F00F0343F08F030D
S21401AAD043800B788478DB0963F3000484700B7879
S21401AAE0E4B2C3F3801363F3410484700B78E4B2D9
S21401AAF0C3F3401363F3820484700B78E4B2C3F3A8
S21401AB00001363F3C30484700B78E4B283F0040388
S21401AB10C3F3800363F3041484700B78E4B283F008
S21401AB200203C3F3400363F3451484700B78E4B265
S21401AB30DB43012A63F38614847012D04B78E2B2A9
S21401AB40DB0963F3C71282704A78C37882F0400249
S21401AB50C2F3801262F30003C3704A7862F34303C0
S21401AB60C37010BD10B50378024613F001001CBF78
S21401AB7040230B70137818BF01209B0741BF09249F
S21401AB80431C0C54D8B213785C0741BF0A24431CFB
S21401AB900C54D8B213781B0741BF0B22431C0A542E
S21401ABA0D8B210BD7F2930B51FD001EAE1734178D4
S21401ABB05B423F298CBF0022012202EBD10202F048
S21401ABC01F0262F3C701417001889BB2DB00551E6C
S21401ABD0C1F30A049BB205FB043393FBF2F30A4666
S21401ABE063F30A020280002030BD0720FCE74378A9
S21401ABF0072B08D90388C3F3C7005B074CBFC043C4
S21401AC00404240B270477F20704743780278FF2B5E
S21401AC101CBF01334370437810B5082B28BF0823A7
S21401AC205C1E04FB021191FBF3F1017010BD7F293C
S21401AC3038B5044620D04378C170072B8ABF857883
S21401AC40FF2505F00305FFF7ADFF0246A0B9204634
S21401AC50FFF7CDFF64300306C1B20ED5022D1FD813
S21401AC60124B2B4493F8523093422CBF00230123FE
S21401AC70A27863F30102A27038BD022D95BF16209B
S21401AC8014200A4A0A229BBF521992F85230022314
S21401AC9092F85520884205D38A4205D30A46E3E74F
S21401ACA00223E1E70323E3E70223E1E7C42C0400E0
S21401ACB00B4610B5C478011DE21D1846D20824F0D3
S21401ACC047F8047410BD38B5037A0D46012B1446B7
S21401ACD003D0022B1BD0062038BD4FF0FF310023D6
S21401ACE00288E1706FF0010123706370A3706371D5
S21401ACF053BA2171E3802A7C402A06D9403A20467D
S21401AD00D2B205F10801FDF7CBFE0020E4E70146CB
S21401AD101046FEF7C8F9EEE710B58C880A68032CD2
S21401AD2001D8062010BD137803F0D803C02BF8D144
S21401AD3013885BBAC3F30A03038053885BBA438064
S21401AD40137813F020030DD0042CEAD005241379D0
S21401AD50DB0083808B880A681B1B224400200A6064
S21401AD608B80DFE70424F4E71322002123F0D1BD12
S21401AD7003681969FEF72EBC10B55022044600215F
S21401AD80B83023F0C6FD0348EBF783FDC4E906019E
S21401AD9010BD00BF1C1B002038B5044620480D46D8
S21401ADA0EBF777FDD4E90632C31A61EB0202C4E978
S21401ADB00601D4E93E01C01842EB0101C4E93E0197
S21401ADC0042D0BD8DFE805F0030B131B2300D4E991
S21401ADD03410C91842EB0000C4E9341038BDD4E978
S21401ADE03610C91842EB0000C4E93610F6E7D4E97C
S21401ADF03810C91842EB0000C4E93810EEE7D4E970
S21401AE003A10C91842EB0000C4E93A10E6E7D4E963
S21401AE103C10C91842EB0002C4E93C12DEE700BF51
S21401AE201C1B002030B5044699B02422002104A83A
S21401AE3023F06FFD02236578ADF83430284618F00C
S21401AE40A0FF002844D0A388254AADF81230236A13
S21401AE50D2F8860FD2F88A1F089309AB03C3D4F839
S21401AE601802D4F81C12022D03C34FF005038DF807
S21401AE701050ADF83430A5700DD1A06AE16A01AB6F
S21401AE8003C3B4F848300420ADF80C300EAA0A23E8
S21401AE9001A918F05CFA124DA268D5F8DC3E032031
S21401AEA00593D5F8043F04A913440693D5F8003F4B
S21401AEB013440793E3780EAA8DF81130262318F071
S21401AEC046FA069BC5F80C3F079BC5F8083F04E009
S21401AED004A818F025FA0028DDD019B030BD00BF4F
S21401AEE0082B0020052938BF0521B1F5E14F28BF01
S21401AEF04FF4E14138B5C36804468B4215460BD082
S21401AF00C16016F0D6FB6378022B05D125B9204621
S21401AF10BDE838401BF09EBD38BD38B5044600F587
S21401AF20FC75284616F0E2FB04F500700549FEF7AD
S21401AF30BAF8284616F016FCBDE83840082016F088
S21401AF402FBC00BF8E3A002040F60B03F0B5124C22
S21401AF5085B094F83F7594F83E650546D4F87801B7
S21401AF60ADF8043084F87D7184F87E61E9F7F9FD67
S21401AF7094F87C31CDF806008DF80A3094F87F31CC
S21401AF80294601A88DF80B708DF80C608DF80D30F0
S21401AF90EBF788FA05B0F0BD083B0020054B93F8A7
S21401AFA05B21120704D41B21B3F80227EBF757BC29
S21401AFB000207047083B002010B504460648EEF70F
S21401AFC072FA38B12046BDE8104008231621024A1D
S21401AFD0EBF705BC10BD00BF5C39002070B5054617
S21401AFE0FFF7EAFF044658B90648EEF75CFA38B1AF
S21401AFF02846BDE8704008231721024AEBF7EFBB4D
S21401B000204670BD8839002038B505780446C5B994
S21401B010C0E901120C4890F8591101290FD90229EB
S21401B02003D100F5AC701BF043FC4FF47A71204657
S21401B030012300F80C3BEAF7F6FC284638BD294602
S21401B040F5E70525F9E700BF083B002038B500F114
S21401B050100504462846EAF75AFD0D4B93F8593178
S21401B060A3B12378013B012B03D828466168EAF790
S21401B07045FD2378012B09D0237A013B012B05D806
S21401B0802846E168BDE83840EAF738BD38BD00BF5C
S21401B090083B002003780A78C3F3C00363F3000279
S21401B0A00A7002780B78C2F3400262F341030B7018
S21401B0B0027862F382030B707047838823B90368B2
S21401B0C013B9062011F000BD062016F08DBD10B58F
S21401B0D0837F044603F00F028A420FD061F3030315
S21401B0E0837703F00F03072B08D10548EBF7D1FB55
S21401B0F04FF47A72002323F01BFA606310BD00BF81
S21401B1001C1B002038B5457804468D4204D1BDE8A5
S21401B1103840042016F078BB4170042016F040FB3E
S21401B120012D0CD1607818F02CFE40B13748EBF7B2
S21401B130B0FB4FF47A72002323F0FAF960612946D6
S21401B1402046FFF729FE6378042B3DD8DFE803F09D
S21401B150030B11303600B4F8B8300133A4F8B83018
S21401B160002D3CD031E0B4F8BA300133A4F8BA303F
S21401B170F6E7B4F8BC30012D03F10103A4F8BC30A6
S21401B18008D1E378227883F00803C3F3C00363F39E
S21401B190C302227094F846301B0720D0B4F848301A
S21401B1A0022B1CD9E37883F00803C3F3C00317E02E
S21401B1B0B4F8BE300133A4F8BE30D1E7B4F8C030DD
S21401B1C00133A4F8C030CBE7DDB1002104F128003B
S21401B1D0FFF77DFF012D14D16378022BD1D0002318
S21401B1E00B4890F8682FC2F3400199420DD063F3E3
S21401B1F0410280F8682FBDE8384000F64870EDF748
S21401B2001FB96378022BC5D0E9E738BD1C1B0020A7
S21401B210082B002010B504465C22002123F079FBA0
S21401B22000212046FFF753FFFF2384F83B3084F8C4
S21401B2303C3010BDF8B5314D044695F859210E46FF
S21401B240002A59D04378002B56D1012A18BF038112
S21401B2501430FFF7DFFF6378A670012B1CBF0123B4
S21401B260637095F8593104F17006012B42D120899B
S21401B27010BB40F2EE21EAF7A9F9411C3046EAF785
S21401B280D2FB95F85931012B36D14FF6FF7223893F
S21401B29001339BB2002B08BF13462381B5F81A323F
S21401B2A095F85B01013310F00800A5F81A3223D196
S21401B2B0BDE8F84016F06EBB013880B21F2812D8E0
S21401B2C041F2AC22834093420DD8FB278740EAF730
S21401B2D069F93223B0FBF3F202FB13013944B94298
S21401B2E038BF3946CAE74FF4FA610548EAF77CF9F0
S21401B2F00746ECE70121C1E7F8BD00BF083B002087
S21401B300804F1200F0B50027937987B006460D46A8
S21401B31002F10800284914468DF804308DF80570AE
S21401B320E9F7EDFA48B340F26D238DF80A70ADF8EF
S21401B330083096F8C83002A85A1C86F8C8208DF83E
S21401B3400B30FEF7C0F8831C13F0070323D102A8C5
S21401B350FEF7B9F802A902462846E9F769FF48BB95
S21401B3600222284601A9E9F763FF18BBA388A0714A
S21401B3705BBA08335BBAA3801CE040F26D43ADF8BC
S21401B380083040238DF80A300C4BB3F85C315BBAB9
S21401B390ADF80C30CDE7C3F10803D9B204A8FEF727
S21401B3A0BBF8FEF790F804A902462846E9F740FFE5
S21401B3B00028CCD007B0F0BD883E0020083B002016
S21401B3C0602370B58AB00093938802AD5BBA2833C8
S21401B3D05BBAADF804300E4B06460C460FCB85E83B
S21401B3E00F000C4B0AAD0FCB05E90F0044F2290301
S21401B3F06A4621463046ADF80630FFF783FF20B98E
S21401B400282269462046E9F713FF0AB070BD00BF3F
S21401B410883E00201C2D0400002370B50D461646FC
S21401B4200B6004680CB9204670BD31462046E9F72A
S21401B43066FA0028F7D12C602469F3E7F7B50B7894
S21401B4400546FF2B0C462AD10A46043001A9FFF710
S21401B450E3FF30BB164E21463046E9F750FA10BBE3
S21401B4603669002EF7D16B6FFBB11A691E466A6703
S21401B470224604F11007344610685168083203C4A6
S21401B480BA422646F7D100241C756A684FF48050EC
S21401B4901A616B6016F084F9204603B0F0BD0720F0
S21401B4A0FBE71820F9E72520F7E70320F5E700BFBB
S21401B4B0DC2C040037B50A46044601A90430FFF720
S21401B4C0ABFF0546E8B104F1780398421BD304F1BB
S21401B4D0D803984217D2019B6BB963680BB11B69FD
S21401B4E063604FF4005016F05BF90020636F2B6128
S21401B4F0656703B030BD1A69002AF2D012691A6175
S21401B500EFE71720F5E72520F3E7002370B50D4692
S21401B51016460B6004680CB9204670BD31462046BD
S21401B520E9F7EDF90028F7D12C606469F3E737B540
S21401B5300A4601A90446FFF7E8FF0546F0B104F103
S21401B540140398421CD304F17403984218D2019B49
S21401B55073B923680BB15B69236020462A46002134
S21401B560FDF7E5FF002023696B61256103B030BD5F
S21401B5705A69002AF1D052695A61EEE71720F5E7B9
S21401B5802520F3E707B50A4601A9FFF7BEFF0038F5
S21401B59018BF012003B05DF804FBF8B50546104658
S21401B5A00E461446FDF7BDFD38B92378FF2B04D0AF
S21401B5B021461848FFF7E6FF48B32246334604F112
S21401B5C010071C4610685168083203C4BA42234665
S21401B5D0F7D112882280338A43B94FF6FF722B883F
S21401B5E0934205D14FF440432B8033820020F8BDAF
S21401B5F04FF2BF0201339BB2934201D101339BB29A
S21401B60003F53B52213292B2132AF7D9ECE7072011
S21401B610EDE700BF3C32002070B501F1310323F0A5
S21401B620010393F901300546002B0E4686B025DA54
S21401B630062306AC8DF8073000F10C030FCB04E9A6
S21401B6400F002B4C94F8AC36002B4FD004F29C61C3
S21401B65002A8FDF799FD002848D0A4F6CC0002A95F
S21401B660FFF790FF0446D0B19DF80730062B1FD890
S21401B670DFE803F019223034383838000421304628
S21401B6800DF10702EBF712F8044640B90146102304
S21401B690304602AAEBF771F804460028D1D0686C50
S21401B6A018F045FC05E0E9F7DEF9032328626B771D
S21401B6B00024204606B070BD0E4805F12C01FFF7A8
S21401B6C061FF0028F4D02846FEF7C8FD2846FEF79D
S21401B6D0B8FDEDE72846FEF7C1FDE9E72846FEF787
S21401B6E0D5FDE5E72846FEF7E1FDE1E70224D6E7CA
S21401B6F0083B00203C32002010B5027F1C2B6FF364
S21401B7000002044602770CD190F84630013B1D2B0F
S21401B7101DD91E2380F84630406CBDE8104018F055
S21401B72006BC23B1201DBDE81040EAF75FB801B999
S21401B730FEE701F1310323F001035B78442B01D0CE
S21401B7401B06EFD52046FFF767FF1C28EAD110BD80
S21401B750028A0B8A9A4201D1E9F7D1B800207047D4
S21401B7602DE9F341037805460E46904643B100F1B4
S21401B7703E013046FFF7ECFF00283AD0002420E0D7
S21401B78000F12C0702213846FEF726FC0446C0B914
S21401B790334605F13E0206F1100153F8040B8B42C5
S21401B7A042F8040BF9D11B881380AB8F6BB93A466C
S21401B7B039461148FFF7F1FE044630B13846FEF728
S21401B7C0CDFB204602B0BDE8F08104212846FEF7F5
S21401B7D028F82846FEF709F9B8F1010FCED1074837
S21401B7E0EEF75AFB01A905F198000196FDF706F957
S21401B7F0C4E70524E5E700BFA0310020403500205E
S21401B8002DE9F0430646002491B00AA8884615465D
S21401B810FEF77AFB354BCDE903440293337873B9CF
S21401B82005A8FEF771FB12230C200DF1060205A9EF
S21401B830ADF8063017F00CFDB0FA80F4640917274E
S21401B84006F13E092CE054B105A90AA8E9F757F814
S21401B85028B1BDF83820BDF824309A4231D0172FD0
S21401B8600CD09DF83A20AB7C9A4207D818D110220A
S21401B87029460AA824F060FA002811DA2B460AAAFB
S21401B8800DF1380C174603CF6745186059603A46E4
S21401B89003F10803F6D138681860BA8800279A8041
S21401B8A041460AAA02A808F0DEFBD8B996F8A030ED
S21401B8B0033B022BC7D848460AA9FFF749FF0028D1
S21401B8C0C1D02A460AAB0EAD1C4603CCAC42106072
S21401B8D05160234602F10802F6D100272068106065
S21401B8E0A3889380384611B0BDE8F083404000201D
S21401B8F030B50D4687B01823144600216A46E9F78D
S21401B900A6FA9DF81430AB4209D12046FDF709FC92
S21401B91018B9214601A8E8F7F2FF07B030BD0020AC
S21401B920FBE72DE9F04104460D46174606683EB989
S21401B9303B462A462046BDE8F041072117F0E4BE03
S21401B9402A4607213046FFF7D3FF08B9F669EEE726
S21401B950BDE8F08130B548F2FE020446002385B00A
S21401B9600C4902A8CDE90023FDF79DFBE56E45B91C
S21401B97064236A46052104F16C0017F0C5FE05B084
S21401B98030BD6A4605212846FFF7B2FF0028F6D1EA
S21401B990ED69ECE7883C002030B548F2FE0204462B
S21401B9A0002387B00D4904A8CDE90223FDF77BFBF0
S21401B9B06846216818F058FC009D0DB907B030BDE7
S21401B9C00521284602AAFFF793FF18B1294620460B
S21401B9D0E9F747FD6846E9F722F9EDE7883C0020DC
S21401B9E070B54FF6FE7204460026154D012105F589
S21401B9F00053A3F8902683F8AC66FFF783FB04F5A3
S21401BA009070FDF78FFA04F16C00FFF7C5FF04F59F
S21401BA10E270EAF77CF8237805F5805566F3C303F0
S21401BA2023700120A4F8B461A4F8BC6116F00EF8E6
S21401BA3095F8483F66F3041385F8483F70BD00BF8C
S21401BA40081B0020012970B5044605D12348ECF7F0
S21401BA5049FF2348ECF746FF63787BB304F16C0596
S21401BA6004F17400EAF753F828460025E9F701FDCA
S21401BA7004F5867084F80851EAF749F804F5F07081
S21401BA80EAF745F8174884F8D051EAF740F8204617
S21401BA90FFF7A6FF04F5157011F026F804F51070EF
S21401BAA011F022F804F50A7015F020FE04F5047072
S21401BAB015F01CFE29462046FFF724FB94F89C311E
S21401BAC0012B0AD1D4E96830002284F89C21C4F8FD
S21401BAD0A02113B1BDE87040184770BD4C39002055
S21401BAE078390020203A0020044890F8F412012901
S21401BAF002D100F5AC70A5E7704700BF083B0020F7
S21401BB0010B543780446FBB1012B03D190F82131DF
S21401BB10012B17D094F8233113B90C48ECF7E2FE49
S21401BB202046FFF75DFF002104F12800FFF7CFFA5A
S21401BB304FF6FE712046FDF7BDF8002104F5907022
S21401BB40FFF778FB002010BD0D20FCE778390020B8
S21401BB5010B51A4C94F8603273B394F85931012B2E
S21401BB6008D0002384F8603204F51970BDE810404F
S21401BB70E9F7CDBF94F8613253B904F5197084F82A
S21401BB806032E9F7C4FF04F5AC70BDE81040B7E7D2
S21401BB90013B05214FF47A7084F86132E9F724FD00
S21401BBA0014604F51970E9F73EFF04F5AC70032170
S21401BBB0BDE810401AF07CBE10BD00BF083B002057
S21401BBC01FB5E8F750FF204B93F859219AB393F825
S21401BBD00C23013A012A14D8D3F81023821A002A1A
S21401BBE00FDB93F80D23032A04D9184805B05DF836
S21401BBF004EB85E703F5AC7005B05DF804EB1AF0CD
S21401BC0029BF93F81423013A012A17D8D3F8182329
S21401BC10801A002812DB93F81533032BE5D848F277
S21401BC20FE02002302A80A49CDE90023FDF73BFAEC
S21401BC30684618F0ACF805B05DF804FB054805B099
S21401BC405DF804EBFFF702BA083B0020603C0020D9
S21401BC50883C0020143E0020F0B51C468DB00746F7
S21401BC6002A80D461646E8F71BFF238C2BB12A8A3D
S21401BC709A4202D007200DB0F0BD234602AA04F175
S21401BC80200C144618685968083303C463452246D5
S21401BC90F7D1186820609B8806A8A380FDF741FAB3
S21401BCA090B105F112010846FDF73BFA0028E1D1F3
S21401BCB00B4606AA05F1220C144618685968083383
S21401BCC003C463452246F7D1BDF82A3023B96B8CED
S21401BCD0002BCFD0ADF82A3002A8FDF722FA18B112
S21401BCE0294602A8E8F7C3FE2B8A03B32B8A08224B
S21401BCF0ADF828305BBAADF80030BDF82A30694699
S21401BD005BBAADF802307389304608335BBAADF8DA
S21401BD1004300023ADF80630E9F78AFA0028AAD1E4
S21401BD20B0811122304602A919F0D3FDA3E72A46B5
S21401BD3029463846FFF731FC0028D7D09BE770B577
S21401BD408C4C90B094F8DC3A023B032B00F28380D3
S21401BD50DFE813F00400DE000901040000230820D8
S21401BD6085490193059317F009FD05460198A842F8
S21401BD7002D015F011FF0195019B002B00F0998070
S21401BD80002301A88DF8083011F006FE05460028AC
S21401BD9074D1019843893033B3F5A06F5DD2012287
S21401BDA076497748FDF7CEFD40B1B4F8DE5AE9F79B
S21401BDB0F9FB80B28542A4F8DE0AF8D006A818F08E
S21401BDC0BDF80C23002106AA0198E9F740F8B4F85B
S21401BDD0DE3A00215BBA0198ADF8183006AA0C23AA
S21401BDE0E9F74EF9012101A80FF036FE05460028B5
S21401BDF044D14FF40073014606AA0198ADF82230EB
S21401BE000C23E9F73DF906A8019DE8F749FE5D49CF
S21401BE102A4606ABA1F58E60FFF71EFF06460546CD
S21401BE2060BB0190E8F71FFE94F8DD3AC4F8E80A13
S21401BE3066F303030321524884F8DD3AFDF7F1FC6B
S21401BE40514B93F85B311B0702D40B2010F0BCF961
S21401BE50019815F0A1FE10B070BD012629468DF897
S21401BE600860E8F701FF324648494548FDF76AFD94
S21401BE7001A811F091FD0546002890D094F8DC3A0F
S21401BE80052B1CBF052384F8DC3A94F8DD3A03F051
S21401BE900F02072A0FD8013262F303030A21FA20A0
S21401BEA084F8DD3AE9F7A0FB01463948E9F7BBFD1E
S21401BEB0CEE70325E2E7D4F8E40A78B105214FF688
S21401BEC0FF73B0FBF1F1994228BF194689B2B1F56B
S21401BED0FA7F38BF4FF4FA71E9F786FB01462C4822
S21401BEE0E9F7A1FD0A22D4F8E43A2946B3FBF2F3B6
S21401BEF0284A03EB0313934294BFC4F8E43AC4F808
S21401BF00E42A254A0023A2F17000FCF76BFD9FE7A7
S21401BF100A22D4F8E43A0221B3FBF2F31D4A03EBFA
S21401BF2003131748934294BFC4F8E43AC4F8E42ACA
S21401BF30FDF777FC184A00231C21A2F17000FCF7DC
S21401BF4051FD94F87E3BFF2B05D10D4810B0BDE89E
S21401BF5070400FF00FBE0133DBB2022B84F87E3B3C
S21401BF607FF679AFF1E7064810B0BDE87040FDF7FF
S21401BF703CBD00BF082B002056270400302D0400CE
S21401BF80E435002010360020083B0020382D040040
S21401BF906436002080EE360054360020F0B593B0AB
S21401BFA008A8E8F77DFD4FF2BF035C4CADF84230C0
S21401BFB094F8590117F0E5FE002800F08A804FF644
S21401BFC0FE73B4F890269A4200F0838094F8D43633
S21401BFD0D9077ED494F85B319A0703D40FF09BFF00
S21401BFE0002876D094F8D536012B72D194F8FF3616
S21401BFF0002B6ED1272010F0F9F90646002871D0E3
S21401C00094F8D536012B1FD194F8FF76E7B904AD25
S21401C01004F2E4630FCB85E80F0010232A46394665
S21401C0203046EAF7DCFB00284ED1082303213046D0
S21401C0303B4AEAF7D4FB002846D1022384F8D536DA
S21401C040E8F711FDC4F8D80694F85B319B0702D4D3
S21401C0500FF061FF98BBB4F890360CAAD4E9D20170
S21401C06082E803004FF07F420E92FE222D4D5BBA0E
S21401C0702D4908A8ADF83C20ADF83E30E8F7F7FCAE
S21401C08031462A4B009508AAA5F6A860E9F7B0FD47
S21401C090074628BB94F8D4360C3543F0010384F8E0
S21401C0A0D43604AB0FCB85E80F0094F85B01C4F8D7
S21401C0B0FC7610F008000CD110F086F809E00DF1BE
S21401C0C00F000FF079FF30B1032819D03046E8F79A
S21401C0D0ACFD13B0F0BD9DF80F30A3F57C73BCE743
S21401C0E00328F2E794F8FE363BB9052384F8FE36BA
S21401C0F0D4F8FC0617F01BFFEBE7052BE9D9F4E7AC
S21401C10094F8FE36013B042BE0D9052384F8FE366D
S21401C110D4F8FC0617F00BFFD8E700BF083B002059
S21401C120783E0020C0410020883E0020F9B601007C
S21401C13030B5244C8DB0D4F8745785B194F8703767
S21401C1407BB1D4F8681704F2547348420093014057
S21401C1501D4BB4F86E27A4F1B800EAF706FF0DB040
S21401C16030BD02A8E8F79CFC4FF2BF03ADF82A30B9
S21401C170698994F871370139C91A2846012304F2EE
S21401C180717289B2E8F77CFF04F5607102A8E8F7DE
S21401C1906EFC06AD04F254730FCB85E80F00D4F89D
S21401C1A0741702AAA4F5FE60E9F754FE08B9C4F8AC
S21401C1B07407D4F8740708B1E8F737FD0023C4F80C
S21401C1C07437CCE7083B00204D8D0100F0B50446DE
S21401C1D000268BB0FCF76EFD434D02212046FEF78C
S21401C1E091FF04F59070FCF79DFE95F8483F04F525
S21401C1F0DA776FF3041385F8483F3846A4F8B4613C
S21401C200A4F8BC61FCF7B6FE3846FEF71FFF84F8BB
S21401C210086104F58670E9F77AFC94F8D031022BB0
S21401C2201ED184F8D061012694F8D13105F58055E8
S21401C2309E4055F8AC3C1E40C5F814679EBB05F2FF
S21401C2402470E9F764FC85F81E674FF47A73C5F825
S21401C2501837002303212548A5F81C37FDF7F4FEFF
S21401C2604FF6FE72E388934218D0B4F844209A42FF
S21401C27014D0B4F8003168460133A4F80031E8F769
S21401C2800FFC00201A4917F079FA054630B1002153
S21401C290E8F7EAFC58B12846E8F7C7FCB4F844309A
S21401C2A0E3800BB0F0BD1148FDF7BAFECDE7684656
S21401C2B004F50471E8F7DBFBD4F8F001D4F8F411C7
S21401C2C004AB03C34FF07F430693FE23E28869461F
S21401C2D052BAADF81E2028463B22ADF81C3019F0A4
S21401C2E0F8FA0028DAD0D6E7082B00201C420020F6
S21401C2F0562704002DE9F0410C4690B0054606A8E5
S21401C300E8F7CEFB23460AAC03F11006224618686E
S21401C3105968083303C2B3421446F7D1294906A81F
S21401C320E8F7A5FB44F64C53ADF83A30FF2300215D
S21401C3308DF83C30284601230DF10B02E8F787FD06
S21401C3409DF80B80B8F1000F31D103AF1E4E3A466F
S21401C35001210A232846E8F77AFDD6F8DC4ED6F8FE
S21401C360043F2046CDF80D30E8F7FBFB04F07F04D0
S21401C3700A233A460121CDF81100013428468DF8EA
S21401C3801540E8F77DFE0B2329464046009706AA8E
S21401C39010F0CAF990B9D6F8043FD6F80C2F01333D
S21401C3A09342C6F8043F02D30848FEF73BFD08490E
S21401C3B02A4606ABA1F53460FFF74EFC10B0BDE887
S21401C3C0F08100BF583E0020082B0020603C002072
S21401C3D0E03C00202DE9F04F0027D1F800909A4666
S21401C3E099F8043093B0DB0906460D461446B84664
S21401C3F09DF870B0049700F0EB804368002B00F0C6
S21401C400A780B9F80A30B3F5A06F07D902240498BB
S21401C41015F0C2FB204613B0BDE8F08F784902F153
S21401C4200800ECF773FC002859D0BBF1000FEDD0E3
S21401C4303378002B59D129469DF8742004A815F0AD
S21401C44008FC04460028E2D1049DADF814006B896F
S21401C45008AAADF8163005A928232846E8F7CDFD29
S21401C460282105A8E9F76CF89DF82630002B40F046
S21401C470A980284602AA05A915F0D2FB0446002881
S21401C48040F0A080BDF81630002B63D1022C00F2DC
S21401C4909780002C00F09680BDF814200821083AF9
S21401C4A092B2284600922A46E8F7FAFE0821284664
S21401C4B0E8F767FC022C40F08D809DF808308DF877
S21401C4C02630BDF8243000215BBA083B5BBAADF8D4
S21401C4D02430282308AA2846E8F7D2FD72E03378EC
S21401C4E0002BA8D0BBF1000FA5D004F11801084617
S21401C4F0FCF772FF00289ED1BAF1110F13D0BAF1E2
S21401C5003A0F98D196F82E0017F023FD002892D006
S21401C5104846B9F80C1008AAEEF702FD9DF820303F
S21401C520802B88D172E708AA4846B9F80C10EEF7B6
S21401C530F7FCBDF82230334A5BBAD2F8A0269BB28C
S21401C540002A3FF478AF118A994201D0126BF7E7BF
S21401C55004245CE7294605AA03A8FCF7BBFF88BBB1
S21401C5609DF80C30012B1DD96D2B23D154BB03A88C
S21401C570FCF7A9FFBDF81620BDF8148082421746C5
S21401C58028BF07460628BFB21CD8B8F12A0F02D129
S21401C5909DF8093093B1424408F1080492B2A31AF7
S21401C5A05C425C4103A8FCF78EFF014605A8E8F74C
S21401C5B0C7FF67E7002C18BF0324F3E70224F1E75F
S21401C5C0032C13D0002328460493D6E9013198475B
S21401C5D000241CE79DF809302821013B8DF809301D
S21401C5E02846022302AAE8F74BFD6AE7F9B206A835
S21401C5F0FCF792FFFCF767FF4146034606AA6AE787
S21401C600503E0020082B002010B50C4600F5F871AE
S21401C6102046ECF77BFB60B104F10800FCF755FD02
S21401C62038B1A07BFB288EBF002080F00200C0F34B
S21401C630400010BD10B50C4600F5F8712046ECF729
S21401C64065FB28B104F10800BDE81040FCF749BDC0
S21401C65010BD2DE9F84300F5F876044630460D4640
S21401C660ECF754FB002865D13346334F286807F2B0
S21401C6703478C146696803C3D7F8345765BBD7F821
S21401C68038572E4FA7F66448002D3CD14022D4F8E7
S21401C690F0311020C4F810327368C4F81432D4F89C
S21401C6A0F031C4F828327368C4F82C32D4F8F0316B
S21401C6B0C4F84432736884F84322C4F84832D4F884
S21401C6C0F031C4F85832736884F85722C4F85C32E3
S21401C6D0BDE8F84315F064B8EB7CDB0711D52A46B4
S21401C6E000214046FCF723FFEB7C2A466FF341030B
S21401C6F0EB74134B03CB2860696048460121FCF7B5
S21401C70016FF6D69BAE7BD4202D00E4B9D420FD1AE
S21401C7102A4600210C4815F051F8094B2A4603CB4E
S21401C72040236860A96040460121EB7015F046F889
S21401C7302D69A9E7BDE8F883082B0020A03E00205C
S21401C740503E0020B43E00203C32002070B5054625
S21401C750087C0E461446FCF793FC00B9FEE7284613
S21401C760E8F764F931462846FCF718FD337C621E6B
S21401C770DB080334082B14BF1946092112F8010FF0
S21401C7804B1CA242DBB26854F4D170BD10B504460E
S21401C79086B001A8ADF81410E8F748F9214601AAB9
S21401C7A00248FEF7FAFE06B010BD00BFA031002019
S21401C7B037B5054600680C46F5F75EFD58B1102200
S21401C7C02146286801ABF5F74DFD00B1FEE7019B58
S21401C7D0102B06D0FEE7204603B0BDE83040E8F750
S21401C7E025B903B030BD30B503680446002B0D46AD
S21401C7F085B00DDB6946FFF7DBFF29466846E8F79B
S21401C8007EF828B14FF4802014F0FEFF05B030BD4D
S21401C8102946002501222046FEF706F94FF480201E
S21401C82014F0BEFF4FF4807014F0BAFF2046656026
S21401C830FDF7B0FF034BC3E96455C3F89851C3F83D
S21401C8408C51E3E7083B00202DE9F04304469FB0F6
S21401C85004A8FDF759FB18A8FDF756FB94F8A0505D
S21401C8604FF00009002D00F0BB8023781BB1EB1EB2
S21401C870022B00F2B58004A8FDF746FB00212046F6
S21401C88018AAFEF7BDFF70B994F8A030032B02D0AA
S21401C890032384F8A03004AE18AF0FCF0FC63B6851
S21401C8A03380002681E06A4B09A8019300234FF0EC
S21401C8B01708CDE90233E8F70CF90EA901A808F02C
S21401C8C06FF8864678B1B8F1000F38D001212046BE
S21401C8D018AAFEF795FF0028E3D194F8A030052B9F
S21401C8E0D9D00523D5E7B8F1170F9DF848C010D168
S21401C8F009AE0EAF0FCF0FC6D7F800800EAFC6F841
S21401C900008013AE0FCF0FC6E146C6F80080F04692
S21401C910D3E79DF83430A3EB0C031B0605D509AE0F
S21401C9200EAF0FCF0FC63B683360CC45C5D913AEEB
S21401C9300EAF0FCF0FC63B68E1463360BDE7CDE9CA
S21401C94002880EA901A808F02BF888B99DF848308E
S21401C9509DF834209342F4D09B1ADBB2802BF0D89A
S21401C96009AE13AF0FCF0FC68DF85C903B683360EE
S21401C9700023CDE902330EA901A808F011F890B3FF
S21401C98009A904A8E8F773F83523ADF8203094F820
S21401C990A030042B9DF8343035D194F8A1209A426A
S21401C9A03FF47FAF84F8A130012623785BB104A958
S21401C9B004F13E00FEF7CCFE00B18EB1002201214B
S21401C9C02046FDF7D1FA04A8FCF7ABFB014600B3FD
S21401C9D094F8A030033B022B02D8022384F8A0303F
S21401C9E01FB0BDE8F0839DF848209DF834309A4288
S21401C9F0C1D19DF835309DF84920934228BF134692
S21401CA008DF83530B7E784F8A130042384F8A030D8
S21401CA10CAE7022D15D008D9033D022D15D90122EA
S21401CA20204604A9FEF79CFEDAE7D4F8942004F128
S21401CA308C039A4208BF012104F12400FCF7ACF8EC
S21401CA40EDE7294604F12400F8E70321FAE700BFE1
S21401CA504040002038B543780546022B0C4643D1AA
S21401CA600846E8F736F8B5F8443023819B0AA372E6
S21401CA70AB6A2360EB6A6360237C43F00103237493
S21401CA8095F86030E37295F8463003F00F03DA1F2D
S21401CA9053425341227C63F34102227495F861307C
S21401CAA0C3F30313237395F84C30C3F30103637385
S21401CAB095F84C30C3F38103A373E7F7D4FF2B6BD0
S21401CAC0C01A4FF47A73B0FBF3F0E073B5F8483050
S21401CAD00020FF2B28BFFF23637495F86330A374EF
S21401CAE095F86430E37438BD0D20FCE7F8B53B4B90
S21401CAF004461B780D46002B6DD1394E96F80C383E
S21401CB00002B68D04FF6FF73B6F8507F9F4207D1CF
S21401CB10E8F748FD81B2B942FAD03248EAF791F90E
S21401CB2000272046FEF75CFF04F5047014F01AFE99
S21401CB3004F510700FF0B7FD04F515700FF0B3FD96
S21401CB402046A188FCF7B6F827492848A6F8147F9E
S21401CB50A6F8107FE8F767FF04F59076A4F8287129
S21401CB60A5BB2348EBF7BEFEB0FA80F0400984F877
S21401CB702301204C94F85971A4F86052012F25D155
S21401CB804FF6FE72B4F85C3193421FD0C3F308032C
S21401CB90E3B194F85A31022B18D104F5C070EAF7C4
S21401CBA0D5F898B104F51C7084F86072EAF758FE5F
S21401CBB004231921284684F86132E8F707FD411C51
S21401CBC004F51970E8F72FFF0020F8BD0021304664
S21401CBD0FEF730FBF8E70D20F7E700BF191A002033
S21401CBE0082B0020503A002080EE3600203A002024
S21401CBF04C390020083B0020F8B5174C94F8285310
S21401CC00012D27D104F5AC70002194F82973B4F8EE
S21401CC102A63FEF717FF0020002114F8AE3CC4E992
S21401CC20CC0184F8293334F8B03C3946A4F1B80075
S21401CC30A4F82A33EBF7DBFB3146A4F1B800EAF798
S21401CC4000F9022384F82833294604F5AC70BDE8C0
S21401CC50F8404BE7F8BD00BF083B002013232DE941
S21401CC60F04F85B00C4669460746B0F80A808DF845
S21401CC700030E9F7B1FD054600283AD1384640496B
S21401CC80FCF797F80546A0BB012C26D03D49DFF8F6
S21401CC90FCA0A1F57B60FEF775FC70B338460AF57B
S21401CCA07B61FCF786F8002867D10226DFF8E09062
S21401CCB0DFF8E0B0D9F834470CBB0FF01AFD60B1CD
S21401CCC0D9F8381701A8CDE9014A8DF80C40FCF7D0
S21401CCD081FC2D4C019900293BD17B896A46023B98
S21401CCE0A3EB08038DF80130414602233846E8F7E6
S21401CCF0C7F9284605B0BDE8F08F0126D6E72046DD
S21401CD00FCF71FFA18BB48F2FE02238823F47C5373
S21401CD1093421CD021465846FFF776FCB8B9214607
S21401CD205846FFF787FC90B920461549E7F7E7FD17
S21401CD3068B920461349E7F7E2FD40B9214638466F
S21401CD40FCF737F8C8B90136F6B2042EC5D06469C7
S21401CD50B2E794F85B311B0703D50846FCF73CFBAA
S21401CD6038B13846FCF725F838B90136F6B2042E44
S21401CD70B3D001A8FDF7FCFFACE70546B9E700BF55
S21401CD80703E0020EC410020083B00203C32002091
S21401CD90082B0020603C00202DE9FF4100F114071C
S21401CDA0064639464448EAF727FD48B1434890F815
S21401CDB05931022B7CD0002100F5C070FEF787F9AF
S21401CDC00B2016F0A3FF0546002873D0042196F821
S21401CDD0593006F15102E9F702FD044600285ED1FA
S21401CDE0DFF8E48005212846D8F8002FE9F743FD4F
S21401CDF00446002853D108212846D8F8042FE9F71D
S21401CE003AFD044600284AD108F5805801212846F3
S21401CE1098F85B21E9F718FD044600283FD1022166
S21401CE202846D8F86421E9F726FD0446B8BB052252
S21401CE3012212846E9F713FD044680BB2846FEF773
S21401CE40ADF8044658BB98F85B319B072ED42846AC
S21401CE503179FFF703FF044608BB02230D2128465C
S21401CE60174AE9F7BCFC0446C8B92846FEF7B6F8E7
S21401CE700446A0B907213846FEF729F9114B394671
S21401CE80C5E9093648F2FE0302A8CDE90034FCF7ED
S21401CE900AF969462846FFF72DFA044610B12846D6
S21401CEA0E7F7C3FE204604B0BDE8F0810323D5E7CB
S21401CEB01824F7E70324F5E7883C0020083B002008
S21401CEC0402D0400CDCE0100082B002070B503795B
S21401CED014461A0705460BD50C4B93F85B0110F068
S21401CEE0080605D101200FF0C9FC304614F0AEFD4E
S21401CEF02B799B0708D56378042B05D10123237171
S21401CF002046BDE8704047E770BD00BF083B0020E3
S21401CF1037B5A74C94F8AA3294F8792203F00F0398
S21401CF20032B0BD1022A12D0032A07D194F87E32A2
S21401CF3001A88DF804300EF08BFFD8B994F8793239
S21401CF40042B3ED8DFE803F03A3F52B8C20001A8EE
S21401CF500EF0F9FC00B1FEE79DF8043053B994F8E1
S21401CF60B03203F00302C3F38103934228BF134692
S21401CF70032B3BD194F85931022B0AD194F87A321B
S21401CF80012B02D9033B022B03D894F87832D90738
S21401CF90D4D58848FFF700FF0028CFD194F879321E
S21401CFA0042B07D140F2E241834803B0BDE830408C
S21401CFB0E8F739BD042384F87932F3E70023A4F8AF
S21401CFC0803203B030BD02237C48002184F87932D8
S21401CFD0FEF77DF894F8783201206FF3000384F8A9
S21401CFE07832002384F87D3214F030FD94F87D32D7
S21401CFF0013384F87D3294F87932022B00D0FEE7B3
S21401D0000DF102000EF09FFC60B99DF8024020462B
S21401D01010F010FC012CC5D014F0FD0FD1D140F258
S21401D020EE21C1E70023019394F85931022B4DD02C
S21401D03094F87B32002B49D1614D95F8453EDA07CD
S21401D04004D505F65460ECF72EFA18B194F85B3166
S21401D0509B073BD401A80EF0D3FE10B1D5F8543F80
S21401D0600193FF2300258DF803300DF1030101A87C
S21401D070E9F753FE2B4601350028F6D0DBB25A1CE1
S21401D0804FF4AF63B3FBF2F3502B38BF5023A4F831
S21401D090823294F879320120032B1CBF032384F8D3
S21401D0A0793210F0C7FBFF2384F87E32B4F882127F
S21401D0B000297FF479AF84E742480EF0C9FE28B90B
S21401D0C0012194F87E020EF0B5FCEFE794F8793270
S21401D0D013B1002384F879323848FEF79BF894F8A8
S21401D0E07B52012D16D0022D2AD094F87A32052BC8
S21401D0F03FF667AF01A252F823F000BF4FD10100FF
S21401D100A3D10100C3CF0100A3D101004FD101007B
S21401D1104FD101002C48EBF7E5FBA0B916F0A3FFB1
S21401D120022384F87B3294F879323221012B4FF0B6
S21401D130000018BF84F87952E8F748FA411CB7E7AF
S21401D1402248EBF7CFFB002384F87B32CDE794F837
S21401D1505931022B0ED194F85B4114F008047FF488
S21401D16030AF20460FF08AFB204603B0BDE83040C2
S21401D17014F06CBC94F82833022B0CD1002394F8DD
S21401D1802913134884F82833EBF731F9B4F82A1336
S21401D1900F48E9F756FE0F4803B0BDE83040FEF7EA
S21401D1A0AFBC0021034803B0BDE83040FEF742B8EB
S21401D1B0083B0020803D0020F03D0020943D0020EB
S21401D1C0082B0020863D0020783900204C390020AD
S21401D1D0503A0020603C002000232DE9F047CCB0F7
S21401D1E08DF82C3183790646D80731D4644D95F8ED
S21401D1F0590116F0C6FD58B395F85B31990702D46C
S21401D2000EF089FE20B34FF6FE73B5F890269A42CB
S21401D2101ED00023032205935A4B05A8596806938E
S21401D2208DF81C204FF00108FCF7D4F9059F9DF8F6
S21401D2302C418FB964B105A8E7F732FC4FF2BF0362
S21401D240ADF836304FF6FE73B5F890269A422ED1D9
S21401D25001200EF011FE8FE00F2CECD03B7D13BBAE
S21401D2600FAB994603EB041ACA4512D1631C8DF81D
S21401D2702C314CAB03EB04143B46F43C07F1100C89
S21401D280224618685968083303C263451446F7D125
S21401D29007E048463946E7F732FB09F1100900284E
S21401D2A0E2D087F8148005A8FDF762FDBEE72820C6
S21401D2B00FF01EF9074600284ED00E234FEA041839
S21401D2C004A98DF810308DF81180E9F785FA044627
S21401D2D0002849D1424638460FA9E7F713FF04460E
S21401D2E0002841D195F85B319A070DD40EF013FE54
S21401D2F050B10DF10F000EF05FFE0446A0BB9DF885
S21401D3000F30A3F57C7301E0B5F8903609AAD5E98C
S21401D310D20182E803004FF07F420B92FE225BBAF5
S21401D320194905A8ADF83020ADF83230E7F79FFB74
S21401D3303946164B1648009605AAE8F759FC0446E6
S21401D34090B9B37943F00103B37195F85B311B07CC
S21401D35012D40EF039FF0FE001200EF08DFD0121F1
S21401D360304600F017F807E03846E7F75EFC012084
S21401D3700EF082FD032CF2D04CB0BDE8F08700BF62
S21401D380083B00203C320020883E0020C5D3010027
S21401D3901833002010B583790446DB0702D583884D
S21401D3A07BB1FEE739B98180FFF716FF2046BDE85D
S21401D3B01040FDF782BE83880BB19942F6D2A18058
S21401D3C0F4E710BD2DE9F04706220025C2B0074656
S21401D3D00E461C468DF804518DF8072013B929B95D
S21401D3E006240025BB79DA0741D4FEE701F13103B3
S21401D3F023F001035B78442BF2D1042130460DF172
S21401D4000702E9F753F904460028EBD10E2130460E
S21401D41002AAE9F7CBF850B19DF804319DF8075000
S21401D4200BB1002DDCD0B5FA85F56D09DAE7BDF84C
S21401D4300A301907D4D1FF2BD2D8BDF80A309DF88F
S21401D4400421002BE8D00F2A1FBF531C8DF804318E
S21401D45005AB03EB021202A908BF002210233046D7
S21401D460E7F7CBFD102102A8E8F76AF8E5E76FF3C6
S21401D4700003BB71002303220293274B02A85968BD
S21401D48003938DF81020FCF7A5F8DDF80890B9F1A4
S21401D490000F0BD19DF807301C4314F0FF012AD171
S21401D4A03846FFF777FF42B0BDE8F08799F81430A9
S21401D4B0012B1AD1EDB99DF80431A3B105AA904606
S21401D4C002EB031AC245464601D1002607E0404654
S21401D4D04946E7F714FA08F110080028F2D0B6FA20
S21401D4E086F35B095B0089F8143002A8FDF740FC5F
S21401D4F0CBE70223F7E7094802A9E7F7A8FA0028CD
S21401D500D1D1BDF80A00012803D90EF0F4FC01467A
S21401D510C6E70121C4E700BF3C3200209841002045
S21401D5202DE9F04FC5B00C4603AA0C210646E9F7D3
S21401D5303DF80746002845D1BDF80E50FE2D00F2F5
S21401D5408880BDF80C80728905EB08039BB29A426D
S21401D5507FD3A37994F805A00193FE23434C01469B
S21401D5608DF80B3004AA0DF10B0304F5A76094F8AF
S21401D5705BB102F0EBFE2A4641463046D4F8383518
S21401D58016F045FED4F8388584F83C55C146454426
S21401D5904D451BD8019B1BF0010F84F83FA584F86D
S21401D5A03E3502D1324802F038FE94F83E3694F801
S21401D5B03C254FF40070934238BF134684F83E363C
S21401D5C014F0EEF8384645B0BDE8F08F09F10202D6
S21401D5D0954235D399F8016002364E44B5422FD3B1
S21401D5E099F800205208012A03D0052A1ED0B14618
S21401D5F0CEE7484602F0C4FB10B3484602F0D0FB23
S21401D6000028F4D08642F2D9831C9E4218D3437870
S21401D6109A1C0244964213D30178490806291CD85D
S21401D620DFE801F01D1B190C1B1B0C00484602F01D
S21401D630BDFB28B1484602F0EAFBE1E7012B0CD816
S21401D6409DF80B5040462A4604A921F081FB84F838
S21401D6503C550627B6E79B07F2D11046D2E70549A7
S21401D6604B43B3F1553FF8D9EAE700BF083B00202A
S21401D67040400020ABAAAAAA2DE9F0430D4689B086
S21401D680044606A92868FBF7DAFB064698B9236A1A
S21401D690069A9A420BD19DF81C2094F824309A429F
S21401D6A005D19DF81F2094F827309A4207D0637859
S21401D6B0022B1FD00226304609B0BDE8F08323783E
S21401D6C0DA071FD4E37813F0010F444B19BF9DF816
S21401D6D01D2093F83F359DF81E2093F83E359B1A82
S21401D6E01B060FD4002304F5DA70A4F8BC31FDF74D
S21401D6F0ADFCE0E7204606A9FBF7C2FA237843F023
S21401D7000103237008231621286804AAE9F735F8CF
S21401D71018B117281ED00626CDE7314904A8EBF725
S21401D720CCFF80462868B8F1000F07D0182102AA5E
S21401D730E8F73CFF00283AD14FF0010808231721EB
S21401D74028680DEB0302E9F718F830B11728E2D183
S21401D75000270FE04FF00008F0E7224902A8EBF798
S21401D760ACFF074628682FB1192101AAE8F71EFF6A
S21401D770E8B9012706A92868FFF7D2FE01468146C7
S21401D78018B1172815D0064695E7B8F1000F03D053
S21401D790286804AAFBF787FB27B10121286802AA9B
S21401D7A0FBF781FB23786FF3000323709AE74FF0B2
S21401D7B000096B681B78FF2B0DD14FF47A7100209E
S21401D7C0E7F704FF421C696804F16C001031FEF7AC
S21401D7D0A8F84E466FE70A22F5E700BF083B00208F
S21401D7E05C3900208839002000232DE9F04FAFB0C6
S21401D7F0CDE9123314938DF854304B79044613F067
S21401D800180F0D461746CDE9101240F0B480138A62
S21401D81048F2FE0223F47C53934240F0AC80384633
S21401D820FBF7E9FC0646002800F0A58097F82430AF
S21401D830FF2B40F0A0800123284689890DF11102B3
S21401D840E7F705FB002840F0968001212846E7F718
S21401D8508CFA9DF81130FF2B40F0C3800123284637
S21401D860A9890DF11202E7F7F2FA002840F0838049
S21401D87001212846E7F779FA9DF81230112B7AD163
S21401D880DFF83C8398F8E433012B74D11A2128463B
S21401D8900BAAE8F78BFE00286DD11FAC3C220021B5
S21401D8A0204621F036F820238DF8B5306B8A05F135
S21401D8B02C00ADF8AE302B7A07F118018DF8B23096
S21401D8C0FDF795F995F82E308DF8B30020468DF8C2
S21401D8D0B4300027E9F787FFBDF82E305BB998F81A
S21401D8E02E34DD0701D5002F45D0B1480DA90D9482
S21401D8F0FBF784F83FE029460BAA16A8E8F7DEFDF9
S21401D900C8BB9DF8593043B99DF85830082B3DD017
S21401D91009D8022B25D0032B30D0BDF85C100BA8FC
S21401D920E7F70EFED8E7122B54D0812BF5D104234E
S21401D930284609AA0BA9E7F760FBE0B99DF8253050
S21401D940012B18D99DF82630C3F3C0021B0943EA00
S21401D95002139DF8B52022F01F0213438DF8B5304F
S21401D960DBE708232846BDF82C100DF19502E8F7F1
S21401D97057FE0028D1D02FB0BDE8F08F10222846E0
S21401D980BDF82C1021ABE8F71EFEF2E7BDF86020CB
S21401D990002AC2D0102A28BF10221746BDF85E9072
S21401D9A00DF19E008DF89D20E7F740F83A460DF1FF
S21401D9B09E034946284616F02AFC98F82E34DF07BF
S21401D9C006D57C490DF19D00EBF7AAFA0028D2D0C6
S21401D9D03746A2E72846BDF82C102CAAE8F74FFEDA
S21401D9E0C7E76278002AC6D0002BC4D10DAE0A2341
S21401D9F032462846A989E7F72AFA0028BBD10A2128
S21401DA002846E7F7B2F99DF83430152BB3D10096C6
S21401DA103A4629460120AB89DDF83980DDF835B074
S21401DA200EF082FE0028A6D14046E7F79AF80123B9
S21401DA300DF11202A98980462846E7F708FA09AED1
S21401DA400121284607F1180AE7F78FF930465146B3
S21401DA50E9F7C9FE9DF81290574BB9F10C0FCDE9C5
S21401DA601F361FA85DD114F069F8064600285CD160
S21401DA70CDE912B80021284608AAE8F756FE002884
S21401DA8040F00081304616F0BFF9002800F0FA8019
S21401DA9094F82131042B40F0F5800A2128460BAA80
S21401DAA0E8F743FE002840F0ED80BDF82C30BDF8C5
S21401DAB020209B0AB3EB922F40F0E480284616A95B
S21401DAC0FBF7BDF9002840F0DD800C2128461FAA8F
S21401DAD0E8F76CFD002840F0D5801621082328467B
S21401DAE01FAAE8F74AFE0146002800F09C83172883
S21401DAF040F0C88094F82331022B02D12F48EAF770
S21401DB0021FF0823172128461FAAE8F736FE00281A
S21401DB1000F09483172840F0B5802848EAF712FFF2
S21401DB2091E314F00BF8064670B1B37F03F00F03D0
S21401DB30072B09D1B369434532D133699B45FFF4BD
S21401DB401AAF0BF101033361A9F10403CDE912B851
S21401DB5014960F2B3FF60FAF01A252F823F000BF29
S21401DB60C5DB010077D9010077D9010077D901001B
S21401DB708FDC010077D9010045DE010077D901006D
S21401DB8075DA010059E40100F5E50100DDE2010066
S21401DB9077D9010077D9010077D90100C9E70100DB
S21401DBA0BFF4E9AE0023C6F81880F3607361C8E7D6
S21401DBB0C83E0020E43E00200100FEFF7839002028
S21401DBC0083B0020607816F0DCF800285AD00021C7
S21401DBD0284616AAE8F7A9FD002853D128461FA90A
S21401DBE0FBF72DF900284DD16378022B45D104F1BE
S21401DBF028039E4246D1B4F84420BDF858309A42D4
S21401DC0003D02046FDF77CFF3CE0236A1F9A9A4228
S21401DC1005D19DF8832094F827309A4207D02046F4
S21401DC201FA9FBF72DF8237843F001032370E6F7CD
S21401DC301AFF20632378D8070FD4E37813F0010F77
S21401DC407F4B19BF9DF8812093F83F359DF88220C0
S21401DC5093F83E359B1A19060BD54FF47A710020BE
S21401DC60E7F7B4FC07F11001421C04F16C00FDF764
S21401DC7058FE02238DF8543004E0304616F0C4F8FE
S21401DC800028D7D1204610A9FCF792FE73E630464D
S21401DC9016F0BAF880460028F4D05921284608AA7A
S21401DCA0E8F784FC0646002876D1DFF894A1DAF876
S21401DCB08437002B70D083468146CDE91F00219022
S21401DCC0BDF8221041B9B9F1000F40F0AD80BBF1AB
S21401DCD0000F61D01FA9A9E0294608AA16A8E8F7EF
S21401DCE0EDFB002858D19DF85930A3B99DF858305E
S21401DCF0BBB1052B0FD1B9F1000F4DD1BBF1000F10
S21401DD004AD101232846BDF8201007AAE8F788FC67
S21401DD10002841D1C146BDF85C1008A8E7F710FC01
S21401DD20CEE7B9F1000F37D1042328460BAA08A97C
S21401DD30E7F763F980BB9DF82D30012B2CD99DF9AF
S21401DD402E309DF82EB0002B0CDB1BF0400F1AD1A5
S21401DD50BBF10B0F50D007D8BBF1090F2ED0BBF18A
S21401DD600A0F36D0C346D6E7BBF1400FFAD19DF86D
S21401DD707C30DDF82F0043F001038DF87C30E6F7A8
S21401DD80F0FE2090EEE707232846BDF820100BAAE8
S21401DD90E7F75DF80028E7D0204610A9FFF76CFCEE
S21401DDA094F8BC310546012B04D0E3781A0701D458
S21401DDB00DF0B6FF002D3FF45CAF63E79DF87C30B5
S21401DDC043F002038DF87C309DF82F308DF88430B7
S21401DDD0C8E7FF229DF87C3043F004038DF87C30C1
S21401DDE09DF82F3003EB83135B007F339BB2B3FBAD
S21401DDF0F2F38DF88530B5E79DF87C307F2243F04D
S21401DE0008038DF87C3082239DF82F1013FB012325
S21401DE10FF22B3FBF2F36FF07F02823B9342B8BF5F
S21401DE2013468DF886309DE79DF81C603246DAF879
S21401DE308457DAF8883707F11000A847ACE700BF27
S21401DE40083B002005F12C0B5846FCF7D0FE0021BC
S21401DE50064606AA2846E8F768FC00287FF412AFB3
S21401DE6094F82131042B3FF40DAF122128460DF111
S21401DE701602E8F75AFC00287FF404AFBDF8163006
S21401DE80012B7FF6FFAE8DF88400042128461FAAD9
S21401DE90FAF73CFF00287FF4F5AE9DF88420082AA7
S21401DEA07FF4F0AE04F596711FA821F045FF002817
S21401DEB07FF4E8AEDFF82094514616A8E9F793FC04
S21401DEC099F85931022B0BD116A909F5C070E9F75B
S21401DED093FC28B194F8203143F0010384F82031F3
S21401DEE028460BA9FAF7ABFF00287FF4CBAE10212A
S21401DEF028460DF11302E8F7D9FB00287FF4C2AEDD
S21401DF000C220F2128461FAB9DF81370E8F734FB4F
S21401DF1000287FF4B7AE9DF87D30092B02D8072B79
S21401DF207FF4B0AE284605A9FAF7A7FF30B1172847
S21401DF307FF4A8AE4FF6FF73ADF81430643676B2B0
S21401DF4026EAE676F6B2B74228BF3746012694F8A7
S21401DF5052318DF8546003F00F03032B35D116A907
S21401DF6004F59A70E9F748FC78BB3846FAF75CFD89
S21401DF7094F85831BDF8181003F0030CC3F381036D
S21401DF80634528BF63469842BDF8162040F0B98025
S21401DF90B4F85031C1F30801C3F30803B1FA81F0B4
S21401DFA0B3FA83F340095B0998420BD19DF87E30A2
S21401DFB0C4499B09CB5694F97A11994200F09B808B
S21401DFC003DB5FE600297FF45DAE284608AA07A9B1
S21401DFD0FAF71EFF00287FF455AE0321284604F207
S21401DFE07112FAF793FE064600287FF44BAE04F54D
S21401DFF09A755146284604F5AB79E9F7F4FB48468D
S21401E000E9F704F8B4F8583104F5AD7003F0F003FD
S21401E01043F4FE43A4F85831E8F7F8FF04F5AE7070
S21401E020E8F7F4FF5846FCF7E2FD01464846FCF7E0
S21401E030FEFD84F85361E6F716FDBDF81830C4F806
S21401E0403C01A4F85031079B9DF81300C4F84031F9
S21401E050C4F84831089B0321C4F84431BDF8163092
S21401E060A4F8543194F8523143F0F00384F8523155
S21401E070FAF7DAFC94F8583160F3830384F85831E0
S21401E0802846FDF724F89DF882308E4A84F86E31D2
S21401E090BDF81430C4F84C81A4F86F319DF87E3079
S21401E0A09B09D35C84F87A319DF87F3084F87B3104
S21401E0B0BDF88030A4F87C319DF87D30092B40F204
S21401E0C0AC80BDF885305BBAA4F87E319DF8873008
S21401E0D084F8803104F5C273DDE90B0183E803009F
S21401E0E09DF8843084F88171012B8CBF00230123B5
S21401E0F084F88C31C6E59DF87F1094F87B319942FF
S21401E10002D03FF662AFBDE5B4F854319A42F8D179
S21401E1109DF87D30B4F87E21092B0ED9BDF88530E7
S21401E1205BBA9BB293420DD19DF8876094F880311B
S21401E130B34209D0BFF4A6AD47E7B2F5A06FF5D05C
S21401E1404FF4A0639342DCE79DF8802094F87C317D
S21401E1509A42D6D19DF8812094F87D319A42D0D149
S21401E16099F85B311B0754D4D9F8681156484FF417
S21401E1701B520023A1FB000120F0DAF9431C41F1F8
S21401E1800002894603FB01FC4FF41B5102FB00CC45
S21401E190A3FB00320646A3FB010E944401FB0CE1EF
S21401E1A00023494A20F0C4F99DF815309DF814E083
S21401E1B003EB83035B00A3FB06C203FB0923039364
S21401E1C0AEFB00231CEB020294F870C10EFB013378
S21401E1D00CEB8C0C4FEA4C0CACFB06E60CFB096610
S21401E1E094F86FC10292ACFB00900CFB0100039AFD
S21401E1F042EB03031EEB090E029A46EB00069E4213
S21401E20008BF964505D0724573EB0606FFF4DDAEF2
S21401E21038E594F88131BB428CE74FF4A063A4F84B
S21401E2207E31012354E728461FAAFAF73CFE172839
S21401E2303FF460AC00283FF45DAC23E5012128469D
S21401E2401FAAFAF730FE2148FDF7CAFB1F4816A998
S21401E250FAF716FD04F59A731F461D4A04F5B67CB7
S21401E260164618685968083303C663453246F7D11F
S21401E270186830601B7938463371FCF7CBFF154BB5
S21401E280284603F58056B6F8BB2116A9A3F8FC2F3D
S21401E290BDF82030A6F89C31FFF742F9BDF82C10E6
S21401E2A006F5AC70FDF792FF96F85B5115F0080580
S21401E2B006D128460EF0E2FA284613F0C7FBD8E44A
S21401E2C00120FAE7B427040040420F00603C00201A
S21401E2D0883C0020082B0020083B00200323142143
S21401E2E028460BAAE8F749FA00287FF4CBAC0823A6
S21401E2F01621284616AABDF82D60E8F73EFA002832
S21401E3007FF4C0AC1521284608AAE8F70EFA0028C3
S21401E3107FF4B8AC0223B44D8DF85430BDF85830B4
S21401E32076BA95F8528FF6B2CBB305F6546116A8B5
S21401E330EBF7C3F9464555D1BDF82020B5F8503F57
S21401E3409A424FD10028FFF69DAC4ED0A74B93F8CA
S21401E3505931012B3FF496AC1FA80DF0C9FC0028DB
S21401E36061D094F8D05116A8EBF7ADF8012D05D180
S21401E370D4E9762382428B41BFF484ACBDF82030C9
S21401E380C4E97601A4F8D2310123FA2184F8D161D7
S21401E39084F8D03104F5F070E7F745FB72E4DDF858
S21401E3A05A9005F6546116A8EBF787F9B9F1000FF4
S21401E3B00BD04645C0D0002816DA05F5805393F8F1
S21401E3C05931012B7FF45EACC6E74645BDF85E3099
S21401E3D005D1B5F8501FBDF82020914211D0B3F5F4
S21401E3E0807F13D000281CDBB6D14FF6FF717F4A21
S21401E3F0B2F83E388B423FF445AC0133A2F83E38C2
S21401E40040E4B3F5807F3FF43DAC9BE73046002106
S21401E4100DF010FB0022304607F110010DF0BEFA98
S21401E42030E4724BCBE716A91FA8EBF746F9002894
S21401E43097DBE6F718FBD5F8A42E6D4B9A4290D0E1
S21401E440D5F8A03EC21A002ABFF61CAC4EF65F22D3
S21401E4501B1A934285D815E4304615F0D5FC0023E7
S21401E460804660788DF89C308DF8A5308DF8783030
S21401E47015F087FC20B994F80831012B7FF402AC23
S21401E4800021284608AAE8F750F900287FF4FAABDD
S21401E49007F110030DF1A602203753F8041BBB4207
S21401E4A042F8041BF9D11FA80021FAF7CAFA0B217A
S21401E4B0FAF7C7FA032128460DF19D02FAF726FC62
S21401E4C030B117287FF4DEAB00238DF8A53009E0C4
S21401E4D004211FA8FAF7B5FA0821FAF7B2FA0521BE
S21401E4E0FAF7AFFA04F128039E426CD111212846AF
S21401E4F007AAE8F7DBF8002844D017287FF4C2AB58
S21401E500B4F84420BDF820309A427FF47AABB8F1D3
S21401E510000F0FD0204610A9FFF7AEF800287FF4B1
S21401E520B1AB1021284606AAE8F7C0F880B3172831
S21401E5307FF4A8AB28460BA9FAF79FFC18B955211A
S21401E5401FA8FAF77EFA0D2128460BAAE8F72EF83F
S21401E55048BBBDF82E602846202E28BF202616ABC5
S21401E5603246BDF82C1015F052FE16AB1D468DF83E
S21401E57078601E44AE4219D015F8011B1FA8FAF7A1
S21401E58060FAF7E79DF81C30012BB9D1FFF739BBCC
S21401E5909DF81800FAF748FA94F84C3060F38303B4
S21401E5A084F84C30C6E717287FF46CAB022320466C
S21401E5B010A98DF85430FCF7FBF920461FA918F076
S21401E5C04BFAFFF75FBB00211FA88DF89C10FAF7E6
S21401E5D038FA1121FAF735FA9DF8A530002BECD060
S21401E5E00421FAF72EFAE8E7082B0020083B002062
S21401E5F0A43900200027042128461FAA8DF884701C
S21401E600FAF784FB20B117287FF43CAB8DF88470B1
S21401E6106378012B02D0022B33D0FEE794F8083141
S21401E620012B7FF42FAB9DF88420082A7FF42AABB8
S21401E63004F58C711FA821F07FFB00287FF422AB24
S21401E640112128460DF11602E8F730F830BB2046B6
S21401E650FDF756FA002304F5DA75A4F8B431284616
S21401E660FAF788FC94F8BC31012B05D14FF47A7186
S21401E67004F5DE700EF02EF82846FCF7E7FCFFF7EF
S21401E68001BB04F128039E427FF4FCAA94F84630AD
S21401E69003F00F03072BD3D0FFF7F4BA0121284666
S21401E6A016AAE8F703F800287FF4ECAA9DF858307C
S21401E6B0E27843F004039A427FF4E4AA6378012BDC
S21401E6C002D0022B1AD0FEE728460BAA08A9FAF7B1
S21401E6D09FFB00287FF4D6AA089B07216363E363A8
S21401E6E00B9B04F12800A363FCF7F1FC2046A188EC
S21401E6F0FDF76CFD237843F00103237000212846C3
S21401E70007AAE8F712F800287FF4BCAABDF81C3067
S21401E710A2889B0AB3EB922F99D1204610A9FEF747
S21401E720ABFF00287FF4AEAA0221284616AAE8F716
S21401E73010F830B317287FF4A5AA284606A9FAF7D9
S21401E7409CFB70B317287FF49DAAE67816F008069E
S21401E7502DD130460EF092F8304613F077F910219D
S21401E760284606AAE7F7A2FF18B317287FF48AAA55
S21401E7709DF88430002B14BF012302238DF85430FA
S21401E78068E794F89C11169B012904D11BB93448FB
S21401E790FDF758F95EE7012219462046FCF7A2FB71
S21401E7A0CBE7304BBDF81820A3F8FC2FCDE70120AE
S21401E7B0D3E79DF81800FAF737F994F84C3060F370
S21401E7C0830384F84C30D3E7304615F01DFB8046B2
S21401E7D000283FF457AADFF89090D9F88C37002B21
S21401E7E03FF447AA5821284616AAE7F7DFFE064651
S21401E7F000287FF43EAABDF85A306BB9002E3FF4CC
S21401E80038AAD9F88C37D9F890279DF82C1007F13B
S21401E81010009847FFF72DBA294616AA1FA8E7F752
S21401E8204DFE00287FF425AA9DF87D308BB99DF812
S21401E8307C30052B0DD1002E7FF41BAA0123284620
S21401E840BDF858100BAAE7F7EBFE00287FF411AAD3
S21401E8504646BDF8801016A8E6F772FECBE700BF65
S21401E860603C0020082B0020083B002030B4044602
S21401E870184643B901F1310323F001035B78B3F184
S21401E880440018BF012065681DB1AC46A36830BCC2
S21401E890604730BC7047416AD0E90E23994209D1DE
S21401E8A0017F012906D0531E026893420ED34362AC
S21401E8B0C3637047016A914207D1027F2AB1426859
S21401E8C00133934205D203628363704701890B4487
S21401E8D0EBE701895B1AF4E710B5C38802899C1C33
S21401E8E094420BD80268D4186478D35C43EA0423B4
S21401E8F00B80C3880233C380002010BD0620FCE7CE
S21401E90070B5C4880389221D9A4211D805682A1950
S21401E910937856782C5D1B04D27843EA062323436A
S21401E92043EA02630B60C3880433C380002070BDD2
S21401E9300620FCE770B5C288038902F108049C42F0
S21401E9401CD80568AC18A3786678AA5C1B0443EA51
S21401E95006231343E278657943EA0263227942EAA1
S21401E9600522A579E47942EA054242EA0462C1E950
S21401E9700032C3880833C380002070BD0620FCE740
S21401E980F0B50024C288036807899E182346BF1A7B
S21401E9909F42C3EBC30E12D0052B10D016F803C04E
S21401E9A001330CF07F0505FA0EF51CF0800F44EAE2
S21401E9B00504EDD11A44C28000200C6000E0062058
S21401E9C0F0BD30B5C4880389A5189D42D7BF03683A
S21401E9D006201B190B60DFBFC388D218C280002037
S21401E9E030BD002313B510220C4601A90193FFF791
S21401E9F0E8FF50B9019B53B1214603F1100253F8C9
S21401EA00044B934241F8044BF9D102B010BD0620E5
S21401EA10FBE710B4C48803891B1B9BB213805DF807
S21401EA20044B1A46CDE7F7B50E460DF1060105462D
S21401EA301446FFF751FF40B9BDF8067031463A4615
S21401EA402846FFF7BEFF00B9278003B0F0BD0023BC
S21401EA5030B5184C25688D4224D16568954221D180
S21401EA60C3F12004D0E90225A3F1200105FA04F43C
S21401EA70DA40224325FA01F10A4312F0010FC3F1ED
S21401EA802004A3F120020CD1012121FA04F401FA99
S21401EA9002F222439940D0E900430C431343C0E9F4
S21401EAA0004330BD0133DBB21F2B04F10C04D1D17E
S21401EAB0F7E700BF443004002DE9F04700244FF08B
S21401EAC0010C26461D4D95F808E0BEF1000F22D038
S21401EAD02B688B421FD1D0E902A9A4F12003C4F10F
S21401EAE020062CFA06F60CFA03F333430CFA04F765
S21401EAF06FEA0708DE43BAB14AEA070749EA0303A1
S21401EB00C0E90273D0E9007307EA08073340C0E999
S21401EB10007331B9764601341F2C05F10C05D2D1AC
S21401EB204EB10020BDE8F08708EA0A0306EA0906A6
S21401EB30C0E90236EDE70720F4E700BF44300400E1
S21401EB401C282ED8DFE800F00F3011132D151719E9
S21401EB502D2D2D2D1B1D1F212D2D2D272D2D2D2529
S21401EB60232D2D292B00002070470E2070470B20E7
S21401EB7070470C2070470920704703207047022019
S21401EB8070470420704711207047122070471320E9
S21401EB9070471420704716207047172070471820BA
S21401EBA0704700F5804070470120704700F1D8019A
S21401EBB0B43091E613B5044601A9B430FFF7E0FE80
S21401EBC038B90122019904F1F00002B0BDE8104005
S21401EBD072E702B010BD13B5044601A9B430FFF7C1
S21401EBE0CFFE024630B9019904F1F00002B0BDE84B
S21401EBF0104061E702B010BD0C20704707B5B43075
S21401EC000DF10601FFF768FE002808BF0C2003B0CF
S21401EC105DF804FBFEE7FEE7F0B504460C2600208F
S21401EC20013A82420DD870430A1809588B4215BF23
S21401EC300023D2E90101C4E90033C4E900012046FA
S21401EC40F0BD15186D0806FB05F7CF599F422CBF7E
S21401EC502A46681CE5E70022F9E613B5044601A931
S21401EC60B430FFF74DFE28B92368019A03F58053A7
S21401EC70A3F8122F02B010BD00F1DC01B4302BE670
S21401EC8013B5044601A9B430FFF73AFE70B9019BEB
S21401EC902268002B08BF4FF4E153054902F5805264
S21401ECA08B4294BFC2F8F83AC2F8F81A02B010BD07
S21401ECB09AC4200013B5044601A9B430FFF720FE1C
S21401ECC070B90849019B2268002B08BF0B4606490C
S21401ECD002F580528B4294BFC2F8FC3AC2F8FC1A85
S21401ECE002B010BD007512009AC4200000207047C3
S21401ECF038B505464C782B790234E4B29C42084676
S21401ED000ED82A6891420BD31A4421448A4207D36B
S21401ED10521AD2B21FF0A1FF2B791B1B2B7138BDE3
S21401ED20FEE713B5084C002204F5E6630093D4F819
S21401ED304017064BA4F1B800E8F73DF90023C4F8E4
S21401ED40403702B010BD00BF083B0020A5410200BD
S21401ED5037B50546102201A9B430FFF732FE044646
S21401ED6048B92868019900F5B9501430FCF7DFFB63
S21401ED70172818BF0446204603B030BD37B50546F0
S21401ED80102201A9B430FFF71CFE044648B92868D2
S21401ED90019900F5B9501430FCF78CFB172818BF01
S21401EDA00446204603B030BDF2F7E3BE08B500685E
S21401EDB000F505501830FBF7DFFF002008BD08B549
S21401EDC0006800F500502430E5F7B6FD002008BDC8
S21401EDD0084608B50A8C103016F0A4FC00280CBFB3
S21401EDE01F20002008BD2DE9F0471D46836D00F168
S21401EDF050079F4204460E46914688B078D02B783D
S21401EE00812B75D1AB88B0F84C205BBA9BB293428C
S21401EE106ED10423304689890DEB0302E6F717F815
S21401EE20002865D10198E5F79CFE02AA8246904625
S21401EE3009F1100309F1200E944618685968083341
S21401EE40ACE8030073456246F6D1E5F70CFE4FF6D3
S21401EE50FF73A0EB0A00984228BF1846B189738950
S21401EE6082B25B1AADF81820ADF81A30EB885BBA9F
S21401EE70ADF81C3099F824308DF81E30E38F01333D
S21401EE80E387236C03442364B4F84630934238BFC7
S21401EE901346A4F84630B4F84430934228BF1346CC
S21401EEA0A4F8443094F848305BB9E38D4BB9EB884D
S21401EEB0B4F84E205BBA9BB2934202D13846E6F7CD
S21401EEC026FE236A13B14046A16A984794F8483053
S21401EED073B9E38D63B9EB88B4F84E205BBA9BB285
S21401EEE0934205D1636A1BB1A16A04F13C009847BD
S21401EEF008B0BDE8F087012B08B50DD0022B15D060
S21401EF00D3B98A4237BF4368511A5B1A01683CBFBE
S21401EF10521AD11888B208BD8A4289BF4368891A35
S21401EF209B1A026884BF891AC918F3E7C721034BE5
S21401EF30034A044817F028FF0021EBE70409040000
S21401EF40802D0400DA2D040038B5037F0446022B19
S21401EF500AD0083350F8233000F14C05C0E90A33D3
S21401EF60E16C29B9022323772046BDE8384092E4B4
S21401EF702846E6F75CFAF3E738B50446406E08B96A
S21401EF80172038BDB4F8681043898B42F8D904F1CC
S21401EF906A0510232A46E5F73CFF0028F0D0B4F8AE
S21401EFA06830A56403442844E067A4F8683000206C
S21401EFB0E7E7F8B5C38805895A1CAA4204460F46F6
S21401EFC010D80668ED1A1E44ADB229463046E6F75B
S21401EFD019FB854206D93E60E38801331844E08078
S21401EFE00020F8BD0620FCE70368D0F8840003F58E
S21401EFF0805393F8521F14F04FBE0368D0F8840074
S21401F00003F5805393F8481FC1F3C001490001F08E
S21401F010020114F041BE3221D0F8840014F03CBE47
S21401F0200C21D0F8840014F037BEF8B505460E461C
S21401F0300024012707FA04F3334204D10134202CBB
S21401F040F8D10020F8BDD5F88400E1B214F024FE12
S21401F0500028F3D0F6E7D0F8D410E6E7036803F506
S21401F0608053D3F8541FE0E70049DEE700F8FF07B6
S21401F070036803F5805292F8491F01290FD0B2F8B0
S21401F0804A2F12F0020F0ED1022908D052070CD4D3
S21401F09003F5005393F8E413002918BF0321D0F8B1
S21401F0A0840014F0F9BD0121F9E70221F7E70121F7
S21401F0B0D0F8840014F0F0BD0021D0F8840014F0DC
S21401F0C0EBBD0421D0F8840014F0E6BD90F80011E1
S21401F0D0D0F8840014F0E0BD9C21D0F8840014F030
S21401F0E0DBBD0221D0F8840014F0D6BD0368D0F849
S21401F0F0840003F5805393F8691F14F0CDBD0368AF
S21401F100D0F8840003F5805393F8601F14F0C4BD53
S21401F1100368D0F8840003F5005393F85921042AB4
S21401F12097BF034B00219B1893F8741114F0B4BDDC
S21401F13044300400074A036892F83F1503F500536C
S21401F14083F87D1192F83E2583F87E21D0F884005D
S21401F15014F0A2BD083B0020074A036892F83F1549
S21401F16003F5005383F87D1192F83E1583F87E115E
S21401F170D0F8840014F090BD083B00200368D0F856
S21401F180840003F5005393F87F1114F085BD0368DE
S21401F190D0F8840003F5805393F896164B1E032B84
S21401F1A088BF002114F078BD7F290B46F7B51ED91C
S21401F1B0B1F5804F1DD3B1F5001F1CD3B1F1805FAF
S21401F1C02CBF052204226E4600243146571EBC423F
S21401F1D0DDB212D104F108030DEB030405F07F053F
S21401F1E004F8085C006814F0E7FC03B0F0BD0122E7
S21401F1F0E9E70222E7E70322E5E765F07F0506F87F
S21401F200015BDB090134E2E72DE9F04705680446B6
S21401F21095F81C900E46B9F1020F25D0AB6AD0F8CE
S21401F2202C80984523D14B464146EA6A2846FFF78B
S21401F23062FED4F828A007464B4652464146284669
S21401F240FFF759FE874212D9C5F82CA094F825304D
S21401F2500021204684F82430FFF7A6FF28B931465E
S21401F2602046BDE8F0479FE70D20BDE8F087072060
S21401F270FBE702218430C7E7FBE7034BD0F88400A5
S21401F280197814F009BD00BFA2750020024608B522
S21401F2900C20FFF755FCBDE80840014602F184004A
S21401F2A0B2E72DE9F041054600244FF00C08104F57
S21401F2B000F18406C4F12001D5E93E30A4F1200214
S21401F2C0E34000FA01F10B4320FA02F21343DB0795
S21401F2D005D401341F2CEDD10020BDE8F08108FBD8
S21401F2E004F33046D959FFF75FFF0028F1D0F4E761
S21401F2F044300400D0F8D010843055E710B500F142
S21401F300840404212046FFF74FFF20B92046BDE8BC
S21401F3101040032148E710BD0321843044E7002153
S21401F320843041E7FBE710B500F18404052120464F
S21401F330FFF73AFF002867D10C212046FFF734FF7C
S21401F340002861D118212046FFF72EFF00285BD147
S21401F35021212046FFF728FF002855D142212046CB
S21401F360FFF722FF00284FD143212046FFF71CFF5D
S21401F370002849D135212046FFF716FF002843D142
S21401F38036212046FFF710FFF0BB0E212046FFF77F
S21401F3900BFFC8BB4FF402712046FFF705FF98BB71
S21401F3A04FF401712046FFF7FFFE68BB40F20A21C9
S21401F3B02046FFF7F9FE38BB30212046FFF7F4FE62
S21401F3C010BB31212046FFF7EFFEE8B940F20541B8
S21401F3D02046FFF7E9FEB8B940F206412046FFF79E
S21401F3E0E3FE88B940F20E212046FFF7DDFE58B94C
S21401F3F040F207412046FFF7D7FE28B92046BDE870
S21401F400104040F20F21CFE610BD70B500240A4D22
S21401F41000F184062B7A3BB90134E4B21F2C05F1C6
S21401F4200C05F7D1002070BD30462968FFF7BCFEF9
S21401F4300028F1D0F7E700BF443004000168082235
S21401F44001F5FC51D0F88400063114F0B5BB082252
S21401F4500168D0F8840001F5F551114414F0ACBBF5
S21401F4600021D0F8840014F0A5BB90F88B39034432
S21401F47093F88619D0F8840014F09CBB0368D0F882
S21401F480840003F5805393F80C1814F093BB0368BB
S21401F490D0F8840003F5005393F85911003918BFCA
S21401F4A0012114F087BB90F88419D0F8840014F079
S21401F4B081BB90F88A19D0F8840014F07BBB90F8D1
S21401F4C0DA10D0F8840014F075BB90F8DB10D0F891
S21401F4D0840014F06FBB0368D0F8840003F58053F2
S21401F4E093F89616003918BF012114F063BB036820
S21401F4F0D0F8840003F5805393F8681681F0010173
S21401F50014F058BB90F88519D0F8840014F052BB5B
S21401F5100368D0F8840003F5805393F8A41914F017
S21401F52049BB90F88719D0F8840014F043BB002338
S21401F53013B5044601A9B4300193FFF721FA38B98F
S21401F5409DF80410206802B0BDE81040E9F730BA13
S21401F55002B010BD13B504460DF10601B430FFF735
S21401F560BBF938B9BDF80610206802B0BDE81040F6
S21401F570E9F73ABA02B010BD37B50546082201A927
S21401F580B430FFF71EFA044680B92D6805F500531E
S21401F59093F859416CB905F5FB501C300199E8F711
S21401F5A0F9FD05F505501830FBF7B7FC204603B00A
S21401F5B030BD0D24FAE7002313B501A904460193D3
S21401F5C00CF09EF910B9019BC4F8D43002B010BDFE
S21401F5D013B5044668460DF013FB08226946D4F8B5
S21401F5E0840014F0E9FA02B010BD10B5044614F018
S21401F5F0AFFFC1B2D4F88400BDE8104014F04CBB94
S21401F60010B5064B0446186818F056FCC1B2D4F87B
S21401F6108400BDE8104014F03FBB00BF7C190020F9
S21401F62037B5002300220446CDE90023F1F7BBFDE0
S21401F6306946054604F1B400FFF77CF960B9DDE9D7
S21401F6400032AB4272F1000108D35B1B62F100028B
S21401F650C4F8C839C4F8CC2903B030BD0720FBE78D
S21401F66013B5044601A9B430FFF74AF930B9019938
S21401F670206802B0BDE81040E8F70EBF02B010BD2A
S21401F68013B5044601A9B430FFF73AF930B9019928
S21401F690206802B0BDE81040E4F76FBF02B010BDAD
S21401F6A013B5044601A9B430FFF72AF948B9206812
S21401F6B0019900F50450383002B0BDE81040E7F774
S21401F6C0A1BB02B010BD002337B501A905460193C1
S21401F6D00CF016F9044690B92B6803F5005292F81F
S21401F6E05941B4B903F58053D3F8542F019902EA6E
S21401F6F001008A4306D14FF4800012F085F82046B7
S21401F70003B030BDC3F8540F4FF4800012F048F830
S21401F710F5E70D24F3E710B50446006800F5F2504E
S21401F7200430E9F7C5FA0146D4F88400BDE8104074
S21401F73014F040BA002337B5054601A9B430019349
S21401F740FFF71EF9044618B9019B23B1012B0BD014
S21401F750204603B030BD286800F50550183003B0C8
S21401F760BDE83040FCF7CCB9286800F5005393F8A3
S21401F77059214AB193F8793243B900F50950214627
S21401F7803830FBF757FDE3E70D24E1E70524DFE713
S21401F790002313B5044601A9B4300193FFF709FC11
S21401F7A030B90199206802B0BDE81040E9F747BEBC
S21401F7B002B010BD002337B505460DF1020201A9BE
S21401F7C0B4300193FFF725F90446C8B9BDF80230F5
S21401F7D0082B18D12D6805F5005393F85941A4B9A3
S21401F7E005F5F55001990830E9F784FB05F5F25067
S21401F7F00430E9F7A7F805F5F3501030E9F7A2F859
S21401F800204603B030BD0624FAE70D24F8E71FB5FD
S21401F81004460068694600F5F6501830FCF7C8FF44
S21401F82010226946D4F8840014F0C6F904B010BD5D
S21401F830002337B505460DF1020201A9B430019344
S21401F840FFF7E7F80446C8B9BDF80230102B18D107
S21401F8502D6805F5005393F85941A4B905F5F650FE
S21401F86001991830FCF7BFFF05F5F2500430E9F7AF
S21401F87069F805F5F3501030E9F764F8204603B04F
S21401F88030BD0624FAE70D24F8E737B5054601A989
S21401F890B430FFF735F8044618B901992868E4F73B
S21401F8A0A9FE204603B030BD4FF6FE7330B50268A0
S21401F8B0044602F50052B2F85C1185B0994209D1AE
S21401F8C01020FFF73DF9014604F1840005B0BDE8BC
S21401F8D0304099E4D2F84803D2F84C1392F87F31BD
S21401F8E06D464FF07F4203C50292FE229B029BB2F9
S21401F8F05BBA6946D4F88400ADF80C20ADF80E303A
S21401F90014F0C8F905B030BD1FB50368044603F509
S21401F91005536A46D3F80802D3F80C12002303C233
S21401F9206946D4F88400CDE9023314F0B3F920B95E
S21401F9304021D4F8840014F0AFF904B010BD01687A
S21401F940D0F8840001F50D51283114F0A3B90168EF
S21401F950D0F8840001F50D51103114F09BB970B543
S21401F96005460026046804F5805494F8542BF3B237
S21401F9709A4201D800200AE0D4F8501BD5F884003A
S21401F98001EB031114F086F901360028EDD070BDA5
S21401F99013B504460DF10601B430FEF79DFF01468E
S21401F9A050B92068BDF8062000F5F650123002B0B6
S21401F9B0BDE81040F9F73EBD02B010BD37B50546AB
S21401F9C00DF10601B430FEF787FF044658B92868E2
S21401F9D0012100F5F650BDF806201230F9F72AFD90
S21401F9E0172818BF0446204603B030BD10B504469C
S21401F9F04C21F030FFF72FF904F1E000BDE810408C
S21401FA00E5F7F4BED1F8E8300343C1F8E83001F178
S21401FA10E000E5F7EBBED0F8D42900F6DA139A42F7
S21401FA2004D100F5B8501C30E5F7E0BE704737B595
S21401FA300546102201A9B430FEF7C3FF044648B9B3
S21401FA402868019900F5B9501430FBF7F7FC18281F
S21401FA5018BF0446204603B030BD002330B585B03C
S21401FA600393ADF8063002934FF4807300F1B405AA
S21401FA7004460DF10602284603A9ADF80030FEF74C
S21401FA80D2FF18BB284601AA02A9FEF7C2FFE8B9B1
S21401FA90BDF806106A4603980CF04EFB0146A0B16D
S21401FAA0838823F4C05323F0010343F4805343F0C7
S21401FAB0010383802068E9F731F938B9D4F8983919
S21401FAC00133C4F8983905B030BD0320D4F8A839FD
S21401FAD00133C4F8A839F6E7002330B500F1B405C0
S21401FAE085B004460DF10602284603A90393ADF836
S21401FAF006300293FEF797FFF0B9284601AA02A93D
S21401FB00FEF787FFC0B9BDF806100E4A03980CF041
S21401FB1013FB014678B10222437962F3C4034371B1
S21401FB202068E9F7FBF838B9D4F894390133C4F8FA
S21401FB30943905B030BD0320D4F8A8390133C4F890
S21401FB40A839F6E756270400002313B5B43001A9F7
S21401FB500193FFF72EFA044640B9064B186800B920
S21401FB60FEE7019901B9FEE7F4F75CFE204602B014
S21401FB7010BD00BF886D002013B50368694603F504
S21401FB80005393F85B31044601A88DF80430FBF767
S21401FB9081FA9DF80030D900C3F3800201F0080114
S21401FBA09B0748BF41F002010AB141F00101D4F8B8
S21401FBB0840002B0BDE8104014F06EB8002337B5DB
S21401FBC0054601A9B4300193FEF79AFE044638B9FA
S21401FBD02868224600F5055001991830FBF782F98E
S21401FBE0204603B030BDF7B5054601A9B430FFF78E
S21401FBF0E0F9E0B9019E40213046E5F703FD3F28D4
S21401FC002C6813D841F6DC273146E019F9F744FF92
S21401FC1068B904F5DC54314620461FF0DAF8286846
S21401FC2021463844F9F738FF08B1FEE7072003B04C
S21401FC30F0BD2DE9F04188B0E84607460026454666
S21401FC400468B7F8BA20B7F8BC309A421FD1F6B2AA
S21401FC5004F5D650324629461C30F9F732FF10BB60
S21401FC6004F5DE539C4608AA2C4603CC9442186041
S21401FC705960254603F10803F6D13868324600F587
S21401FC80D65061461C30F9F71CFF60B1FEE7022E24
S21401FC900CD0414607F1B400FEF7A3FE013608F189
S21401FCA010080028CDD008B0BDE8F0810320FAE79F
S21401FCB008B5006800F5D6501C30F9F7E9FD0020BC
S21401FCC008BD02460068034900F50B503430FBF7C7
S21401FCD09BB900BFEDF9010038B5037804460D461F
S21401FCE0082B30D8DFE803F0050D202531383E110A
S21401FCF04500887F00F00F00072814BF0020012070
S21401FD0002E00846E7F722F8F0B14FF6FE72638884
S21401FD10934202D0AA8B9A4215D1606870B32946E5
S21401FD20BDE83840E7F768BD8B7F03F00F03042B6F
S21401FD30E3E78B7F03F00F03012BE6D00C3303F0D0
S21401FD400F03032BE1D9002038BD8B7F13F00F0F73
S21401FD500CBF01200020D7E78B7F13F00F0018BFE0
S21401FD600120D1E70846E6F7F1FF80F00100C0B2B6
S21401FD70CAE78B7F03F00F03052BBEE70120E3E7FD
S21401FD804378012B0AD9C0780730C010821C9342F1
S21401FD9004D31028CCBF00200120704700207047F4
S21401FDA0C378073300EBD3000430704738B50546F7
S21401FDB04078A8B195F90230002B12DA012819D043
S21401FDC0841C4AF6AA70EB784AF6AA72801A18BF03
S21401FDD0012003EB80030433A3428CBF00200120E3
S21401FDE038BD052806D9841CD5F80300E4F7B9FE0A
S21401FDF0EB79E9E70020F3E790F90230002BB5BF75
S21401FE0002230623C078C0791844C0B2704708B5EB
S21401FE100246FFF7F1FF0230104408BD2DE9F04F0E
S21401FE201D461B6882460F46914687B05BBB6B68D2
S21401FE304BBBEB68003B18BF01234FF0000B009350
S21401FE403B78DAF800109AF80420CE1801930A4499
S21401FE50B31C9A42C0F0A4817378023333449A42A9
S21401FE60C0F09E81019BCB5C5B08012B0DD0052B5E
S21401FE7015D1AB689BB13046FFF798FF78B1304695
S21401FE80FFF7C5FF0AE00123D7E7009B3BB13046E9
S21401FE90FFF776FF18B13046FFF782FF18BBDAF896
S21401FEA00010019B0B445A7887F801B002321344C4
S21401FEB05B1A3B7087F802B0C2E72B6863B14FF05C
S21401FEC0040C4FF6FF7E97F8028008F10103BB7021
S21401FED06378B8EB930F78D3637887F802B0023370
S21401FEE023441B1A7B707C787378044402333344B2
S21401FEF0A21C9342D3D361788A1C22449342CED368
S21401FF0033785B08012B40F0E58022785208022AFC
S21401FF10D3D0032A00F0AF80002ADDD16B68002B16
S21401FF20DAD003214FF0020E4FF6FF7C97F80280DD
S21401FF3008F10103BB706378B3FBF1F34345CBD9FA
S21401FF4011FB08E8E14504EB080305D034F8082066
S21401FF5052BA92B24A45E9D10021C5E90211296097
S21401FF606D681822284600931EF0D3FC29463046B9
S21401FF70FAF79EFE009B8B489A789309C35CC2F3FE
S21401FF80401103F00303C2F3001243EA810343EA7C
S21401FF9042132A7D22F0270213432B75227862F33F
S21401FFA0C3032B7534F808307F4A5BBA6B8234F88A
S21401FFB00830B2F85C215BBA9BB29A1A534253419D
S21401FFC02A7D63F304122A7551E01CFB0828F145CB
S21401FFD004EB080306D034F8081049BA89B249453B
S21401FFE07FF471AF0021C5E90111E9602D6818227F
S21401FFF0284600931EF08DFC29463046FAF758FE37
S214020000009B68485B885BBAC3F38132825CC3F3A9
S214020010403102F0030242EA8102C3F3003142EAAF
S214020020C102C3F3C02142EA0112C3F3802142EAAD
S2140200304112C3F3402142EA8112C3F3002142EA8D
S214020040C1126A74C3F38012C3F3C0135B0043EA9F
S2140200508203AA7C22F006021343AB7434F80830FB
S2140200605BBAAB822278AB7C62F30003AB740020EF
S21402007007B0BDE8F08FD5F80C80B8F1000F3FF45A
S2140200802BAF01297FF628AFBA78002A7FF424AF77
S214020090C5E90022AA60A278304602F00F0288F86C
S2140200A00020A17898F80120C1F3001161F3000244
S2140200B088F801202178009361F3410288F8012034
S2140200C008F10201FAF7F4FDE278009B88F81220A4
S2140200D0BB70CCE7D5F80880B8F1000F3FF4FCAE51
S2140200E023785B08062B7FF4F7AEBB78002B7FF4F1
S2140200F0F3AE01297FF6F0AE4FF6FF73994505D0B1
S21402010063885BBA9BB24B457FF4E6AE00214FF4A0
S2140201100172C5E90011E96040461EF0FAFB96F945
S2140201200220B378002A03F00F03B4BFF578F579FE
S21402013088F8003096F90230B4BF321D06F1080284
S214020140002B02928DF80C5027DBD6F80300E4F75A
S21402015008FDC8F8040008F1090102A888F808504A
S214020160E9F725F96378221D2178049298F806218A
S214020170023BDBB261F300028DF8143088F80621E8
S214020180628808F5847152BA88F80731A8F8002206
S21402019004A8E9F70CF901239AE74AF6AA70D8E709
S2140201A0172065E7B4270400083B00202DE9F0413C
S2140201B00E461746044602F1FF38A31C9E421FD382
S2140201C063789D1C2544AE421AD32278B7EB520FB1
S2140201D00BD1B8F1050F10D8DFE808F0030F0D0FAA
S2140201E0090D2046FFF7CCFD38B92C46E5E7204638
S2140201F0FFF7DCFDF8E7012BF7D92046BDE8F081D2
S2140202000024FAE7014608B5FFF7CAFD4B78032239
S21402021002331944BDE80840C8E72DE9F84306460C
S2140202204FF0FF3704683279336813449C4201D397
S214020230BDE8F88323785A08012A07D0052A5AD03F
S214020240DB0715D5637802331C44ECE72046FFF73C
S214020250A7FD6FF00108054663789A1C2244954272
S2140202600BD3E2780732A3EBD203DBB2022BE9D13F
S21402027021463046FEF73CFDD5E72B7895F80190EF
S214020280D9072ED55B0821D0022B08D12046FFF7CE
S214020290B9FFAA1C6B78023B2B449A4203D96B78AF
S2140202A002331D44D8E753885BBA03F4406353B164
S2140202B048B1837803F00F03A3F580635BBA9BB261
S2140202C022F8043BE6E74FF6FF63F9E7AA1C6B78D1
S2140202D0013B2B449A42E2D8177082F8018003321F
S2140202E0F5E729463046FEF703FD6378023BA3EBAB
S2140202F009036370B0E72046FFF789FD054662787A
S214020300931C23449D4204D32046FFF775FD824288
S214020310ADE72B7895F80180DA070DD55B08062B3A
S21402032006D1A37803F00F03A3F57C735BBA6B8048
S21402033008F102084544E2E729463046FEF7D8FCB3
S2140203406378023BA3EB08036370D8E773B50446F1
S2140203500092104600221D468DF804201B78227952
S2140203600E4693428DF8053010D321681EF0F0FC3D
S2140203702379012E8DF8043002D16846FFF74DFF2F
S21402038000209DF804302B7002B070BD0320FBE7FE
S214020390FF2310B504460068C2B000F514508DF86D
S2140203A0073002AA0DF1070300213830FFF7CEFF0F
S2140203B09DF80720D4F8840002A913F0FDFB42B092
S2140203C010BDFF2310B504460068C2B000F51450F5
S2140203D08DF8073002AA0DF1070301213830FFF726
S2140203E0B5FF9DF80720D4F8840002A913F0E4FBB9
S2140203F042B010BD034610B50C46006819790422B7
S2140204000144FFF7D3FE30B12246BDE810404178E2
S2140204100230E6F7C2B910BD10B51446FFF7EAFF80
S21402042058B14378012B0AD9FF2B14BF02230423A9
S214020430C35A00205BBA238010BD1720FCE70620B3
S214020440FAE738B5456804460DB9172038BD806806
S21402045068B1427802321044697806220231294491
S214020460FFF7A4FEA0600028EFD00020EEE72846A3
S214020470FFF7CDFCF0E710B50A460446D0E90001C6
S214020480FFF794FE18B1437802330344236010BD8D
S2140204902DE9FF410E464AF6AA7815461F4602681F
S2140204A003791344CDE9002305216846FFF7E3FFED
S2140204B00446A8B194F90230002B15DA4645F3D16A
S2140204C0E378211D012F2A7902918DF80C3015D17F
S2140204D09342E9D1296802A8E8F76FFF0028E3D023
S2140204E0204604B0BDE8F081D4F80300E4F739FBF7
S2140204F08642D9D1E37904F10801E3E79342D3D3E4
S2140205002846E9E710B501230446FFF7C1FF014676
S21402051020B12046FEF7ECFB002010BD1720FCE7BA
S21402052030B590F88A39044687B00BB300F1B405AB
S214020530284602A9FEF7E4F9B0B928460DF10602EC
S21402054003A9FEF770FA78B9BDF80630FF2B0DD86E
S2140205502068039A00F510500492029904AA3430D7
S2140205608DF81430FFF7CEFF07B030BD0720FBE74B
S2140205700D20F9E7F7B5044601920D460022102732
S2140205800126BDF8063022700F2B11D90E2A0FD87D
S21402059017FB02621023224401A92846E4F72DFD28
S2140205A0102101A8E4F7CCFF22780132D2B2E8E7A4
S2140205B003B0F0BD034608BA19BA70472DE9F041F8
S2140205C090F8D8300446002B00F0BC805E4D05F64D
S2140205D03827D5F8746A002E65D15C48F9F7BEFC58
S2140205E0B5F87C3885F8D96A83B15948F9F7B6FC6C
S2140205F0014658B95748E5F7D4FA5748E4F739FFA1
S2140206005648E5F784FA5648E5F781FA5548002138
S214020610FBF718FA5448F9F7A1FC10B9534811F041
S21402062065F8254655F8141B04F17406002940D1D6
S214020630656804F1780604F1D807002D43D12B46ED
S21402064066684B4A002E4AD166684A4B002E4DD148
S214020650002584F8D850484C94F808319B071CD5DE
S21402066011F0DEF928460CF02FFA04F57070F9F74F
S21402067049FD04F1CC06D4F8CC50002D49D13F48B0
S214020680E4F7F7FE94F80831284665F3410384F848
S2140206900831C4F8EC5011F07DF9BDE8F0414FF096
S2140206A0807011F07DB80B2231463846E9F710FC0F
S2140206B08FE7A9424F6904D3B14202D22046FAF725
S2140206C036FF3946B2E7B542D5F8108005D3BD42AB
S2140206D003D229462046FAF7EDFE4546ADE7964296
S2140206E023D033463669ADE71F6122E09E4218D01A
S2140206F035463669AAE74DB965603246002120467E
S21402070011F05CF83669002EF7D1A1E700232B61C1
S214020710F3E730462946E4F7B5FE2846E4F785FABD
S214020720A9E7174B9D42E6D1FEE7124F002BDBD11D
S214020730676032460021204611F040F83669BE4214
S214020740F7D181E7BDE8F081082B00204435002070
S2140207507433002018330020443300204C3300202A
S21402076028330020603C0020E03C0020583E002059
S214020770DC2C0400582D0400083B0020E83B002037
S2140207806C2D040070B5334D044695F8483F43F08F
S214020790010385F8483F95F87E3F0BB90CF081F9C6
S2140207A02D4E96F808319B0708D4012011F0F2F876
S2140207B096F8083143F0020386F80831012384F8DC
S2140207C0D830636825491A461AB933B9234B636091
S2140207D009E08A4210D01269F6E71A461B69002B16
S2140207E0FBD11E4B13611D4E32460121204610F0EE
S2140207F0E5FF3669002EF7D11948FAF78EFB02217B
S2140208001848F9F7E9FB20B944F64C511548FBF7AE
S214020810BDFFB5F87C386BB902211348F9F7DCFB4B
S21402082040B94FF2BF011048FBF7B0FF10B10E48B7
S214020830F9F794FB00210D48F9F7CEFB014610B9F3
S2140208400A48FBF7A3FFBDE870404FF0807010F037
S214020850A7BF00BF082B0020083B0020582D04002D
S214020860603C0020E03C0020743300204435002029
S2140208702DE9F74F0F46054628B30378302B1BD1D8
S214020880437803F0DF03582B16D14FF001080235E8
S21402089000244FF0993A26464FF00A09DFF874B062
S2140208A02878B8F1000F0AD00DF10701E4F7C9FE67
S2140208B0B0B103B0BDE8F08F4FF00008E8E730387B
S2140208C0C0B2092801D90720F3E7A2457BEB06034D
S2140208D08DF80700F7D3A4FB094309FB063306E0AD
S2140208E0B6F1805FEFD2330143EA147324019DF818
S2140208F007200021121953F1000328BF01211446D4
S2140209001E460029DFD115F8010F0028C8D1C7E915
S2140209100023CEE79999991913B50C4610B907200A
S21402092002B010BD027869462D2A0ED10130FFF7BB
S2140209309FFF02460028F3D14FF00041009B9942E8
S21402094001998A41EBD35B420DE02B2A08BF0130A6
S214020950FFF78EFF0028E3D1009B019AB3F1004F08
S21402096072F10002DBD200202360D9E72DE9F347BB
S214020970064600680D4617469846002850D01EF0D8
S2140209807BFA00F1010904464FEA5909B8F1000F53
S21402099009D0B8F1010F40D0B9F1000F42D10020C2
S2140209A0A5F8009036E02B884B4539D104F00104B7
S2140209B0B9F1000FF3D0002C3AD1D6F800A00DF111
S2140209C007019AF80000E4F73CFE18BB0AF101039F
S2140209D033609DF807301B01DBB23B70D6F800A0EF
S2140209E00DF107019AF80000E4F72BFE90B90AF120
S2140209F0010333603B789DF8072001341343A14579
S214020A0007F8013BCBD0B8F1020FD6D12B88A34210
S214020A10D3D1242002B0BDE8F0872B884B45C5D23F
S214020A200720F7E72B88002BF3D000F00104C2E77B
S214020A3000242346D1E708B5036ECBB1DA6900215C
S214020A4002664FF4987218461DF063FF024600F1E4
S214020A50340142F8941B426000F58A72826000F10B
S214020A602802C26001220346827500F1D402C262E5
S214020A70184608BDF7B50546006800F5DC50FFF7D6
S214020A80DAFF044600284ED005F1B406304601A926
S214020A90FEF78FFA38B9019F60213846E4F7B2FDB7
S214020AA05F2809D907202B6803F58053D3F8E02B7B
S214020AB0E261C3F8E04B34E0394604F134001EF03C
S214020AC088F969463046FEF774FA0028EBD1009F93
S214020AD040213846E4F796FD3F28E3D8394604F12C
S214020AE094001EF076F9304604F11001FDF7F4FE8C
S214020AF00028D8D1304604F11201FDF7EDFE002899
S214020B00D1D1304604F11401FDF7E6FE0028CAD121
S214020B102868214600F5D6501C30F8F7E7FF002873
S214020B20C1D103B0F0BD0320FBE7838843B103685D
S214020B305A1C026019708388013B8380002070472C
S214020B400320704738B57E2905460C4600680AD849
S214020B507C2903D801F0FD03112B06D18388012BD3
S214020B6015D8032038BDF829F7E72146FFF7DDFF41
S214020B700028F7D1AA880A4B5440E4B203EB440398
S214020B80B3F87A31002083EA1223AB80EAE77D21AC
S214020B90FFF7CBFF286884F02001FFF7C6FFE9E7DE
S214020BA044300400012B10B5044608460AD0022B36
S214020BB00FD01BB963681044834200D910BD228946
S214020BC0801AF9E72368881A8342F7D922891044E3
S214020BD0FAE79C21024B034A034816F0D5F800BFF9
S214020BE004090400732E0400DA2D04002DE9F047F0
S214020BF090F8242012B90D20BDE8F087013A056866
S214020C00D2B280F8242095F81C90B9F1020FF2D0E7
S214020C1000EBC204AB6AA6689E42ECD1D5F82CA0C3
S214020C2031464B4652462846FEF765F967688046C7
S214020C3031464B463A462846FEF75DF9804506465B
S214020C40D9D94B46524639462846FEF754F901286A
S214020C50D1D90236464512DC841EA4B23C702B7FE4
S214020C60012239462846FFF79DFF240A04700146F2
S214020C70012228462B7FFFF795FF0020BCE70720BE
S214020C80BAE7134610B501220C78FFF78BFF0378FC
S214020C902402E01880B210BD2DE9F041866A077F73
S214020CA088463B463146C26A0446FEF724F90128C6
S214020CB005461AD93A4631462046FFF7E2FF023D7C
S214020CC0C5F30D0548EA050840EA080085B2C0F3F8
S214020CD007203B463070012231462046FFF762FF6E
S214020CE00570E36AA362BDE8F081E662FBE7F8B549
S214020CF0047F0546022C0E4605D1E6210D4B0E4A10
S214020D000E4816F041F82346B4FA84F4C76A012264
S214020D103946FFF747FF6409083455F82430834202
S214020D2003D03E70E8620020F8BD2846FEF70CF9B4
S214020D300320F9E7C62E0400E22E0400DA2D040092
S214020D4070B5D0E90A239A4205461DD1037F0021D9
S214020D50083350F82360B31A5E425E41FFF7C7FFBE
S214020D60F603044670B901462846FFF7C0FF04465C
S214020D7040B9A96A360A2B7F012228460E70FFF771
S214020D8011FF0470204670BD0024FBE738B5037FD0
S214020D900446022B0D4607D0FFF7D2FF28B9294694
S214020DA02046BDE83840A2E70D2038BD38B50446D7
S214020DB00D460068C9B2FFF7E9FF20B92068290A84
S214020DC0BDE83840E2E738BD70B50E461146054626
S214020DD01446FFF7EBFF30B9224631462868BDE8D5
S214020DE0704012F0E9BE70BD50F8843B03F58053A4
S214020DF0B3F8501FDAE750F8843B03F58053B3F894
S214020E00821FD3E7B0F8D8108430CFE7024608B581
S214020E100C20FDF795FEBDE80840014602F184006D
S214020E20FEF7F2B970B5064656F8844B04F58053C1
S214020E3093F8D65E04F5F65410340DB9284670BD04
S214020E40304634F8021FFFF7B1FF0028F7D1013D04
S214020E50EDB2F2E7B0F8DC108430A7E750F8843B36
S214020E6003F50053B3F8B010A0E710B5044692B0ED
S214020E7054F8840B6946E5F7FBFE2046BDF80010E1
S214020E80FFF794FF002859D12046BDF80210FFF75D
S214020E908DFF002852D12046BDF80810FFF786FFC6
S214020EA000284BD12046BDF80A10FFF77FFF002826
S214020EB044D12046BDF81010FFF778FFF0BB20465D
S214020EC0BDF81210FFF772FFC0BB2046BDF818101F
S214020ED0FFF76CFF90BB2046BDF81A10FFF766FFBF
S214020EE060BB2046BDF82010FFF760FF30BB2046EF
S214020EF0BDF82210FFF75AFF00BB2046BDF82810A7
S214020F00FFF754FFD0B92046BDF82A10FFF74EFF70
S214020F10A0B901462046FFF749FF78B901462046A8
S214020F20FFF744FF50B92046BDF83010FFF73EFFEA
S214020F3020B92046BDF83210FFF738FF12B010BDB8
S214020F4038B5044654F8840B00F5005500F50550F4
S214020F5095F859111830F9F71FFF2046B5F8101208
S214020F60FFF724FF78BB2046B5F81212FFF71EFFE4
S214020F7048BB2046B5F81412FFF718FF18BB2046E8
S214020F80B5F81612FFF712FFE8B92046B5F81812A0
S214020F90FFF70CFFB8B92046B5F81A12FFF706FF9E
S214020FA088B92046B5F81C12FFF700FF58B920464C
S214020FB0B5F81E12FFF7FAFE28B92046B5F8581201
S214020FC0BDE83840F2E638BD50F8843B03F50053DE
S214020FD0B3F85C11EAE638B504460D460068C9B2B5
S214020FE0FFF7D4FE80B92068C5F30721FFF7CEFECF
S214020FF050B92068C5F30741FFF7C8FE20B920683C
S214021000290EBDE83840C1E638BD036803F58053B3
S21402101093F8523F93B10A2B08D84FF4FA6253431F
S21402102003F55C2101F534618430D4E7192B07D827
S21402103041F28832034902FB0311F5E70249F3E75E
S2140210400021F1E7B0DB2300CC3F0D00A02150F8D1
S214021050843B03F58053B3F86A3F5943BBE750F825
S214021060843B03F50053D3F86811B4E730B5044661
S214021070006885B000F51A5001A91030E3F7E7FCC6
S214021080D8B904F184052846BDF80410FFF78EFE91
S21402109098B92846BDF80610FFF788FE68B92846B4
S2140210A00299FFF798FF40B99DF80C10D4F8840017
S2140210B005B0BDE8304012F0EFBD05B030BD38B522
S2140210C0044610F0EDFC54F8845B014605F5005525
S2140210D0D5F8403133F07C4204D0C3F3190398426A
S2140210E028BF19462046BDE8384074E750F8843BCE
S2140210F003F58053D3F8DC1E6DE7084A50F8843BAC
S21402110092F83F1503F5005383F87D1192F83E25B9
S214021110D3F8781183F87E215DE700BF083B0020F4
S21402112050F8843B03F58053B3F8121F53E7F0B52B
S2140211300546044655F8840B87B000F5055001A90C
S2140211401830FBF787FC002856D19DF814309B0711
S2140211504DD5266806F506502230F9F748FD06F505
S214021160005607460822D4F8840001A996F9A5611C
S21402117012F022FDC8BB2846BDF80C10FFF716FE7B
S21402118098BB28469DF81310FFF725FF68BBD4F8D6
S2140211908400F9B212F080FD38BBD4F88400F1B2B4
S2140211A012F07AFD08BB9DF81110D4F8840012F0F4
S2140211B073FDD0B99DF81210D4F8840012F06CFDBD
S2140211C098B99DF81510D4F8840012F065FD60B940
S2140211D09DF81610D4F8840012F05EFD28B99DF82A
S2140211E01710D4F8840012F057FD07B0F0BD142192
S2140211F02846FEF709F8F8E7FDF7A2FC0146F7E7EE
S21402120050F8843B03F50053596AE4E650F8843BF1
S21402121003F50053196BDEE650F8843B03F50053E2
S214021220596BD8E650F8843B03F50053996BD2E627
S21402123050F8843B03F50053D96BCCE650F8843B58
S21402124003F50053196CC6E650F8843B03F50053C9
S214021250596CC0E650F8843B03F50053996CBAE625
S21402126050F8843B03F50053D96CB4E650F8843B3F
S21402127003F50053196DAEE650F8843B03F50053B0
S214021280D96DA8E650F8843B03F50053996AA2E6A6
S21402129050F8843B03F50053D96A9CE650F8843B29
S2140212A003F50053196E96E650F8843B03F5005397
S2140212B0996E90E650F8843B03F50053596F8AE620
S2140212C050F8843B03F50053996F84E650F8843B4C
S2140212D003F50053D96F7EE650F8843B03F50053BE
S2140212E0D3F8801077E650F8843B03F50053D3F822
S2140212F0841070E650F8843B03F50053D3F8881048
S21402130069E650F8843B03F50053D3F88C1062E686
S21402131050F8843B03F50053D3F890105BE650F880
S214021320843B03F50053D96E55E650F8843B03F52B
S2140213300053196F4FE650F8843B03F50053D3F879
S214021340941048E650F8843B03F50053D3F89810FF
S21402135041E650F8843B03F50053D3F89C103AE676
S21402136050F8843B03F50053D3F8A01033E650F848
S214021370843B03F50053D3F8A4102CE650F8843BC4
S21402138003F50053D3F8A81025E6D0F89419843054
S21402139021E6D0F8981984301DE6D0F8A8198430D2
S2140213A019E6D0F89C19843015E6D0F8A0198430D6
S2140213B011E6D0F8A41984300DE6D0F8BC198430B2
S2140213C009E6D0F8B419843005E6D0F8B0198430AE
S2140213D001E650F8843B03F50053D3F81411FAE5FE
S2140213E050F8843B03F50053D3F81811F3E550F890
S2140213F0843B03F50053D3F81C11ECE550F8843B0C
S21402140003F50053D3F82011E5E550F8843B03F5C5
S2140214100053D3F86411DEE550F8843B03F580539D
S214021420D3F8F81AD7E550F8843B03F58053D3F87F
S214021430FC1AD0E570B5D1B20446006816461D46C1
S214021440FFF7A4FC30BB2068C6F30721FFF79EFC1B
S21402145000BB2068C6F30741FFF798FCD0B92068A6
S214021460310EFFF793FCA8B92068E9B2FFF78EFCAD
S21402147080B92068C5F30721FFF788FC50B92068B9
S214021480C5F30741FFF782FC20B92068290EBDE8A4
S21402149070407BE470BD00F51D6353E9022384307F
S2140214A0C8E738B5044608460D461DF0E5FC4FF67B
S2140214B0FF73984228BF1846294682B2206812F067
S2140214C07BFB014618B92068BDE838405EE438BDAB
S2140214D001498430E5E700BF0B20040050F8841B66
S2140214E001F5F5511031DCE750F8843B03F58053E3
S2140214F0D3F84C1B024B002908BF1946D1E700BFA0
S2140215005946040070B590F824500446032D1DD8A1
S2140215100668337F022B19D03046FFF711FCA0B9BC
S214021520F36A04EBC5056B60B36A0146AB602068DC
S214021530FFF72CFC48B901462068FFF727FC20B9C4
S21402154094F82430013384F8243070BD0D20FCE773
S21402155070B500F18404054620460E46FFF7D2FF1A
S21402156000284ED13378D80737D43378990715D563
S2140215702046FFF7C7FF002843D10221D5F8840092
S21402158012F08AFB00283CD1317AD5F8840012F09A
S21402159083FBB0BB2046FFF729FB90BB33785A0784
S2140215A013D52046FFF7AEFF58BB0421D5F88400BA
S2140215B012F072FB28BB717AD5F8840012F06CFB2D
S2140215C0F8B92046FFF712FBD8B933781B0719D4AF
S2140215D02046BDE87040FFF709BB2046FFF792FFA2
S2140215E078B90121D5F8840012F056FB48B9204696
S2140215F07168FFF7F0FC20B92046FFF7F7FA0028DB
S214021600B3D070BD2046FFF77DFF0028F9D1082130
S214021610D5F8840012F040FB0028F2D1B17AD5F852
S214021620840012F039FB0028EBD12046FFF7DEFAE1
S2140216300028CDD0E5E7002370B504468CB0ADF89F
S214021640063000F1840502A90DF106000AF0D0FC6E
S21402165008B1002059E09DF82E30DE00C3F3800268
S21402166006F008069B0748BF46F002060AB146F097
S21402167001062846FFF746FF002846D10822D4F87E
S21402168084000DEB020112F097FA00283DD128469D
S214021690BDF81810FFF78AFBB8BB28460499FFF777
S2140216A09AFC90BB9DF82410D4F8840012F0F4FA49
S2140216B058BB9DF82510D4F8840012F0EDFA20BB32
S2140216C03146D4F8840012F0E7FAF0B99DF82E10ED
S2140216D0D4F88400C1F3C00112F06CFAA8B9284607
S2140216E00799FFF778FC80B928460899FFF773FC3C
S2140216F058B99DF82610D4F8840012F0CDFA20B915
S2140217002846FFF773FA00289DD00CB070BD002360
S21402171030B504468DB0ADF8063000F1840502A956
S2140217200DF106000AF064FC08B1002030E02846FD
S214021730FFF7E8FE60BB0822D4F884000DEB020136
S21402174012F03AFA20BB2846BDF81810FFF72EFB17
S214021750F0B92846BDF82810FFF728FBC0B928467E
S214021760BDF82A10FFF722FB90B99DF82510D4F891
S214021770840012F091FA58B99DF82610D4F8840025
S21402178012F08AFA20B92846FFF730FA0028C6D0A7
S2140217900DB030BD7FB591F8783005460C46002B6B
S2140217A040F0618194F87930EBB105F18406304659
S2140217B0FFF7A8FE002840F06E8141F21D51304628
S2140217C0FDF7F2FC002840F06681D4E90423304697
S2140217D0FFF730FE002840F05E813046FFF706FA3B
S2140217E0002840F0588194F87A30F3B105F1840667
S2140217F03046FFF787FE002840F04D8146213046EE
S214021800FDF7D2FC002840F046811022D5F884006D
S21402181004F1200112F0D0F9002840F03C81304655
S214021820FFF7E4F9002840F0368194F87B30E3B104
S21402183005F184063046FFF765FE002840F02B814E
S21402184044213046FDF7B0FC002840F024813046A3
S21402185004F13001FFF725FE002840F01C813046D7
S214021860FFF7C4F9002840F0168194F87C30F3B1F3
S21402187005F184063046FFF745FE002840F00B814E
S21402188045213046FDF790FC002840F004810822EE
S214021890D5F8840004F1410112F08EF9002840F0D8
S2140218A0FA803046FFF7A2F9002840F0F48094F858
S2140218B07D306BB36B46D4F84900D4F84D1005F171
S2140218C0840603C300233046CDE90233FFF71AFE2F
S2140218D0002840F0E08062213046FDF765FC0028D3
S2140218E040F0D9806946D5F8840012F0D3F9002872
S2140218F040F0D1804021D5F8840012F0CDF90028BE
S21402190040F0C9803046FFF771F9002840F0C380E6
S21402191094F87E30002B40F0C08094F87F30E3B11C
S21402192005F184063046FFF7EDFD002840F0B3804F
S21402193036213046FDF738FC002840F0AC803046B1
S214021940B4F85810FFF732FA002840F0A480304668
S214021950FFF74CF9002840F09E8094F88030E3B1FF
S21402196005F184063046FFF7CDFD002840F093804F
S21402197021213046FDF718FC002840F08C8094F8B0
S2140219805A10D5F8840012F087F9002840F08380B8
S2140219903046FFF72BF900287DD194F88130D3B179
S2140219A005F184063046FFF7ADFD002873D14B21C2
S2140219B03046FDF7F9FB00286DD11022D5F88400D9
S2140219C004F15E0112F0F8F8002864D13046FFF701
S2140219D00DF900285FD194F882305BB304F16E00F3
S2140219E0694605F184060AF05FFF3046FFF78AFD76
S2140219F0002850D141F21F513046FDF7D5FB002892
S214021A0049D13046B4F86E10FFF7D0F9002842D11B
S214021A109DF80010D5F8840012F03EF9D8BB9DF868
S214021A200110D5F8840012F037F9A0BB3046FFF754
S214021A30DDF880BB94F8830068B305F1840630466F
S214021A40FFF760FD38BB22213046FDF7ADFB10BB29
S214021A502846616FFDF7E9FAE8B9304604B0BDE8FA
S214021A607040FFF7C3B800F184063046FFF74AFD20
S214021A7088B941F21C513046FDF796FB58B9D4E9B5
S214021A8000233046FFF7D6FC28B93046FFF7AEF8FB
S214021A9000283FF487AE04B070BD05F184063046D8
S214021AA0FFF730FD0028F6D141F21E513046FDF711
S214021AB07BFB0028EFD13046616DFFF78CFA0028D9
S214021AC0E9D13046FFF792F800283FF426AFE2E766
S214021AD010B504460068A2B000F5F250694604301C
S214021AE012F0D4FA69462046FFF754FE22B010BD23
S214021AF010B504460068A2B000F5F35069461030EF
S214021B0012F0C4FA69462046FFF744FE22B010BD22
S214021B1070B50546064655F8843B03F58053D3F860
S214021B2034470CB9204670BD2846FFF7EBFC002868
S214021B30F9D12146D6F8840012F0ACF80028F2D18A
S214021B40217CD6F8840012F0A7F80028EBD1A17CFD
S214021B50284641F30001FFF73EFA0028E3D1A17CB4
S214021B60284641F34001FFF736FA0028DBD1284623
S214021B70FFF73CF80028D6D16469D2E770B506466E
S214021B80054656F8843B03F58053D3F838470CB91C
S214021B90204670BD3046FFF7B5FC0028F9D1214635
S214021BA0D5F8840012F076F80028F2D13046FFF716
S214021BB01DF80028EDD12469E9E738B5044654F843
S214021BC0845B2046FFF79EFC002840F0ED8005F57A
S214021BD000552046696AFFF7FEF9002840F0E480C7
S214021BE02046A96AFFF7F7F9002840F0DD80204674
S214021BF0E96AFFF7F0F9002840F0D6802046296B04
S214021C00FFF7E9F9002840F0CF802046696BFFF71E
S214021C10E2F9002840F0C8802046A96BFFF7DBF9FE
S214021C20002840F0C1802046E96BFFF7D4F900286F
S214021C3040F0BA802046296CFFF7CDF9002840F024
S214021C40B3802046696CFFF7C6F9002840F0AC80E6
S214021C502046A96CFFF7BFF9002840F0A580204671
S214021C60E96CFFF7B8F9002840F09E802046296DFF
S214021C70FFF7B1F9002840F097802046E96DFFF79C
S214021C80AAF9002840F090802046296EFFF7A3F9B3
S214021C90002840F089802046696EFFF79CF90028EC
S214021CA040F082802046696DFFF795F900287BD1C7
S214021CB02046A96DFFF78FF9002875D12046FEF75A
S214021CC095FF002870D12046FFF71CFC00286BD138
S214021CD02046A96EFFF77FF9002865D12046E96EF7
S214021CE0FFF779F900285FD12046296FFFF773F9CD
S214021CF0002859D12046696FFFF76DF9002853D1A5
S214021D002046A96FFFF767F900284DD12046E96FF4
S214021D10FFF761F9002847D12046D5F88010FFF773
S214021D205AF9002840D12046D5F88410FFF753F917
S214021D30D0BB2046D5F88810FFF74DF9A0BB204649
S214021D40D5F88C10FFF747F970BB2046D5F89010EF
S214021D50FFF741F940BB2046D5F89410FFF73BF950
S214021D6010BB2046D5F89810FFF735F9E0B92046A3
S214021D70D5F89C10FFF72FF9B0B92046D5F8A01079
S214021D80FFF729F980B92046D5F8A410FFF723F902
S214021D9050B92046D5F8A810FFF71DF920B92046FD
S214021DA0BDE83840FEF722BF38BD38B5044654F8C1
S214021DB0845B2046FFF7A6FB30BB05F500552046A0
S214021DC0D5F81411FFF707F9F0B92046D5F81C111B
S214021DD0FFF701F9C0B92046FEF708FFA0B9204672
S214021DE0FFF790FB80B92046D5F81811FFF7F3F8F5
S214021DF050B92046D5F82011FFF7EDF820B9204655
S214021E00BDE83840FEF7F2BE38BDF8B50C46174BB3
S214021E10096800F184060546002908BF19463046BF
S214021E20FFF73FFB00BBA17AD5F88400072928BF3D
S214021E30072111F031FFB8B93046FFF763FB98B9B6
S214021E400746227AFBB29A4204D83046BDE8F840EA
S214021E50FEF7CCBE6168D5F8840001EB031111F0E1
S214021E6019FF01370028ECD0F8BD00BF5946040020
S214021E70016801F5DA510C31C7E738B50C4600F1B6
S214021E8084050CB9204638BD2846FFF73BFB0028E0
S214021E90F9D128462168FFF704FB0028F3D128462B
S214021EA06168FFF7FEFA0028EDD12846218AFEF780
S214021EB07DFF0028E7D12846618AFEF777FF0028D3
S214021EC0E1D12846A18AFEF771FF0028DBD1284619
S214021ED0FEF78CFE0028D6D1E469D2E7036803F544
S214021EE08053D3F8581BC8E738B590F83450016CC5
S214021EF02A460446FEF7C5FE430401D4172038BD21
S214021F00636E8BB904EBC5056B6D6366002BF5D06B
S214021F1000232046A4F86830FDF72EF80028EED1FC
S214021F20022384F83530EAE7DB69EEE72DE9F04F65
S214021F30AD4B85B05C68261D04F58055216CA06A01
S214021F40814209D1E26B636A9A4205D195F8F8316B
S214021F50022B00F0CB8096E095F8F831012B00F0CA
S214021F608980022B00F0C280002BE9D194F8002170
S214021F7094F8CC30012A02D1002B00F084804FF670
S214021F80FF737E21D5F8DC01A5F8E031FEF7CDFD22
S214021F90002878D1216CA26A94F8393091424AD04E
S214021FA0002B51D094F83830304604EB8303DB6BB9
S214021FB0C4E911330023A36611F070FE012385F8ED
S214021FC0F83194F83920032A7AD0002A40F0AF80FC
S214021FD0216CA36A94F8CCA0994200F0AE8001224C
S214021FE084F8382094F838304FF00B0904EB83035A
S214021FF0D3F83CB0D84694F8387004EB87035A6A94
S214022000904540F0A08004EB8703C3F83C8030463E
S214022010FCF741FC002384F839304FF6FF73D4F8FE
S21402202018806387B8F1000F54D033463A465946B3
S214022030E069C0474EE0E16B626A9142BED0002B77
S214022040B0D184F83830ADE70123FAE7E16C94F8B2
S214022050383030460F78FEF7A5FDA36CE064984250
S21402206006D13046FFF740FF10B1304611F016FE9B
S21402207085F8F97104F58E5095F8F9111C30FEF7C3
S21402208061FD00289DD0D4F8D45904F6DA102D1A32
S214022090A9B2002900F0A480D4F8D0399847ADB28E
S2140220A0A84200F09D80FEE7E36CD4F8802013F887
S2140220B0017B9342E364DBD13046FCF75DFFD3E756
S2140220C0226CA36A94F8CCA09A428BD1626AE36B24
S2140220D09A4287D1BAF1000F05D094F8CC3013B9E2
S2140220E0012385F81837022385F8F831D5F8DC3154
S2140220F0B5F8E0910DF1080893E8030088E80300BC
S2140221006FEA090104F58E571C371FFA81FA384622
S214022110C9B2FEF717FD00284AD0D5F8DC3102987E
S214022120B8F8042018609A80A5F8E091ABE7012A77
S2140221308CD0022AB8D000279AE7616AE36B9942EC
S2140221407FF44EAFC6E73A46414630460193FEF765
S21402215098FD0104024604D5019BDB6B98457FF48B
S21402216052AF53040DD50B3704EBC70054F8377043
S2140221703FB139460192E3F75AF93846E2F755FD80
S214022180019AC2F30D024146304694F838300232C4
S214022190FEF708FD09F1FF3919F0FF0980467FF4C2
S2140221A02AAF40F24531114B114A124814F0ECFDA9
S2140221B038464FEA1A21FEF7C5FC0028ADD17E212B
S2140221C0D5F8DC01FEF7B1FC0028A6D195F8183741
S2140221D085F8F801002B3FF4B1AE85F81807ADE696
S2140221E005B0BDE8F08F00BF886D0020152F0400F3
S2140221F0312F0400DA2D040010B5C38802895C1C56
S214022200944297BF02680620D35C0B709FBFC388B8
S2140222100133C380002010BD13B50C460DF1070133
S214022220FFF7EAFF28B99DF8073023B1012B04D146
S214022230237002B010BD0346FAE70620F9E713B58D
S21402224004460DF10701B430FFF7E6FF98B923689C
S21402225003F5805292F8481FC9070ED503F50053BE
S21402226093F8590148B992F88E3F9DF8071061F32A
S214022270000382F88E3F02B010BD0D20FBE700235C
S21402228013B504460DF10701B4308DF80730FFF799
S214022290C3FF30B994F88B391C449DF8073084F894
S2140222A0863902B010BD002337B505460DF1070189
S2140222B0B4308DF80730FFF7AFFF044668B92B68D5
S2140222C09DF8072003F5B95014304AB103F5805340
S2140222D093F80C380BB9FEF755FA204603B030BD1A
S2140222E0FEF76CF9F9E7002337B505460DF107014D
S2140222F0B4308DF80730FFF78FFF0446C0B9286860
S2140223009DF8071000F5005292F85921003A18BFBE
S21402231001228A420CD000F50550183029B1214618
S21402232003B0BDE83040FAF7E1BB0121F9F78AFBBA
S214022330204603B030BD002337B504460DF1070131
S214022340B4308DF80730FFF767FF054688B994F872
S2140223508A299DF807307AB173B984F88A09206809
S21402236000F5005300F51950C3F858561030E3F73D
S2140223703DFA284603B030BD84F88A39F9E700F101
S214022380DA01B43048E700F1DB01B43044E7002359
S21402239013B504460DF10701B4308DF80730FFF788
S2140223A03BFF50B99DF807202368002A0CBF002285
S2140223B0032203F5805383F8962602B010BD00234D
S2140223C013B504460DF10701B4308DF80730FFF758
S2140223D023FF40B923689DF8072003F5805382F057
S2140223E0010283F8682602B010BD00F68511B430EB
S2140223F012E72DE9F34104460DF10701B430FFF769
S2140224000BFF064680B920689DF8071000F5805835
S21402241098F8A42961B13AB9012200F5CD5088F89E
S214022420A4290430F7F71FF9304602B0BDE8F08160
S214022430002AF9D000F5CD57043700F5D15407F13C
S21402244014051834AC4207D107F10800E3F75FFB26
S214022450002388F8A439E7E7AB7C9B0706D5284615
S2140224600FF044F9AB7C6FF34103AB742035E9E718
S21402247070B500F1B40686B005460DF1030130468C
S214022480FFF7CAFE044650B99DF8033053B92868D0
S214022490224600F5D65021461C30F7F765FD204649
S2140224A006B070BD304601A9FCF79BFAC0B93046AB
S2140224B005A9FCF711FA98B930460DF10201FFF7AB
S2140224C0ABFE68B92868224600F5D65001A91C3032
S2140224D0F9F746F920B99DF8023085F8AC39DEE7FF
S2140224E00446DCE72DE9FF41002300F1B40405466B
S2140224F003A920468DF80730FCF75BFDD8B92046C5
S21402250002A9FCF756FDB0B9B5F8BA20B5F8BC304A
S2140225109A4209D1DDE902872E6806F58053D3F880
S214022520584B5CB9172006E020460DF10701FFF76D
S21402253073FE0028EED004B0BDE8F081384621686C
S2140225401CF03DFCA0B1404661681CF038FC78B136
S214022550E469E6E72146F7F716FB0028EBD12B687D
S21402256003F58053D3F8E02BE261C3F8E04BE2E7D1
S2140225709DF8073006F5D6501C30002BEAD12146CE
S21402258004B0BDE8F041F7F7EBBA37B500F1B40591
S21402259004460DF107012846FFF73EFE90B928468D
S2140225A00DF10601FFF738FE60B920689DF8062097
S2140225B09DF8071000F5D6501C3003B0BDE8304039
S2140225C0F7F702BB03B030BD13B504460DF10701A1
S2140225D0B430FFF721FE80B99DF8072094F88739BA
S2140225E093420AD0236884F8872903F5805332B1D0
S2140225F0054AC3F8A04FC3F89C2F02B010BDC3F81B
S2140226009C0FC3F8A00FF8E7BD36020070B500F1C4
S214022610B405ADF5047D044604A92846FCF770F916
S21402262058B928460DF1060202A9FCF7FCF920B9B2
S214022630BDF80660FC2E03D907200DF5047D70BD9B
S214022640029932460DF115001CF082FB28460DF168
S21402265005018DF81460FFF7DFFD0028EDD19DF827
S21402266012319DF80520284662F3000302A90DF1F7
S21402267006028DF81231FCF7D6F90028DDD1BDF836
S2140226800650F82DD8D802992A4645A81CF060FBB9
S214022690206803A98DF81351E8F745FCCDE790F8BA
S2140226A08A3903B1B2E70D20704713B50C460DF117
S2140226B00701FFF7A1FD10B99DF80730237002B09D
S2140226C010BD002307B5B4300DF107018DF80730B1
S2140226D0FFF7EBFF18B99DF80720024B1A7003B0FC
S2140226E05DF804FBA2750020002313B5B4300DF18B
S2140226F007018DF80730FFF7D8FF044638B99DF872
S2140227000720044B1A700FF046FBF0F787F82046B6
S21402271002B010BD181A002007B5B4300DF107013B
S214022720FFF7C3FF002808BF0C2003B05DF804FBC8
S214022730002313B504460DF10701B4308DF80730B7
S214022740FFF75AFD30B99DF8071031B1013901295A
S21402275002D9072002B010BD0121206802B0BDE8F0
S2140227601040E4F7C6BB30B500F1B40585B0284684
S21402277002A9FCF7DFF8044638BB284601A9FCF795
S214022780BFF8044608BB28460DF10301FFF734FDE7
S2140227900446D0B9F4F707FFDDE902320D46984247
S2140227A075EB020110D2191A6FF0010362EB0502F3
S2140227B08B4274EB020207D3019A9DF8030005B020
S2140227C0BDE8304011F0FCBE0724204605B030BDFF
S2140227D0002310B586B004460DF11301B4308DF80F
S2140227E01330FFF709FD40B99DF81300032803D8FC
S2140227F0DFE800F00305121F0C2006B010BD2068AB
S214022800009400F5FA50154BB4F8D820D4F8D4103A
S2140228100830E4F7D0FBF0E72068009400F5FA50A1
S2140228200F4BB4F8D820D4F8D4100830E4F79DFB48
S214022830E3E7D4F8D42094F8DB300592074A206800
S214022840CDE90032029494F8DA30B4F8DC2005A917
S21402285000F50F500AF0A0FECFE700BFF13E0200DF
S2140228600940020037B500F1B40528460DF107010C
S214022870FFF7C2FC0446B0B928460DF10601FFF781
S21402288014FF044678B99DF80720A2F10B030F2B1C
S2140228900CD8074B13449DF8062003F8032C0FF0C0
S2140228A07AFAEFF7BBFF204603B030BD0724FAE7FB
S2140228B0886D0020002337B50C46B4300DF10701B1
S2140228C015468DF80730FFF797FCD0B99DF807300C
S2140228D0DA0704D5BDB1227842F0010222709907C8
S2140228E042BF227842F0020222705A0742BF227882
S2140228F042F0040222701B0703D5237843F0080334
S214022900237003B030BD0720FBE713B504460DF174
S2140229100701B430FFF770FC38B99DF8071020683D
S21402292002B0BDE81040E5F74BBD02B010BD13B5CE
S21402293004460DF10701B430FFF75EFC30B9236898
S2140229409DF8072003F5805383F8602F02B010BD70
S2140229502DE9F04F0D46904687B0044688220021A6
S21402296028469946DDF840A09DF844701BF0D1FF3A
S214022970B8F1000F02D00023C8F80030B9F1000FFA
S21402298002D0002389F80030BAF1000F02D00023EB
S214022990CAF8003004F1B406B4F8BCB0B4F8BA30E1
S2140229A05B4501D1002025E094F8BE30032B01934D
S2140229B000F21982304605A9FBF78EFFD0B9B4F8AB
S2140229C0BA10BDF81420ABEB0100824215DC019B65
S2140229D004EB4300A0F8C4B002EB010B1FFA8BFB1A
S2140229E001333046A4F8BCB084F8BE3004A9FBF725
S2140229F0C7FF20B107B0BDE8F08F0620FAE7049BB8
S214022A00622B00F0EB8043D84B2B0AD8432B28D8F6
S214022A10222B00F08D81362B00F01681212B00F040
S214022A20248194F8BE30002B00F0DD81B4F8B82083
S214022A30B4F8C010914205D294F8BF10994208BF6C
S214022A40A4F8C020B4F8BC20013BDBB284F8BE3048
S214022A50A4F8BA2004EB4303B3F8C430A4F8BC309D
S214022A609AE7443B072BDCD801A252F823F000BFBA
S214022A70652B0200A12B02001D2B0200232A020056
S214022A80232A0200232A0200232A0200932C020091
S214022A90A3F5A8531C3B0B2BC3D80B2BC1D801A202
S214022AA052F823F0D52A0200F72A0200272C020049
S214022AB0D52C0200772D0200232A0200232A0200C8
S214022AC0232A0200232A0200232A0200232A0200C3
S214022AD0BB2D02001FB1B4F8BA305B4507D02946B9
S214022AE03046FBF727FF002884D12881A8720123ED
S214022AF085F8783095E71FB1B4F8BA305B4509D04F
S214022B00304605F11001FBF715FF00287FF472AF7F
S214022B102883A876012385F8793082E71FB1B4F8B6
S214022B20BA305B451AD030460DF10E0205A9FBF706
S214022B3070FF00287FF45EAFBDF80E30102B40F019
S214022B403A81059B05F1200C03F1100E62461868C7
S214022B505968083303C273459446F7D1012385F8B2
S214022B607A305EE71FB1B4F8BA305B4514D030460F
S214022B7005A9FCF71EFA00287FF43CAFDDF814B076
S214022B8058461CF079F9102800F21581421C594665
S214022B9005F130001CF0DCF8012385F87B3040E7B5
S214022BA01FB1B4F8BA305B4514D030460DF10E02B0
S214022BB005A9FBF72EFF00287FF41CAFBDF80E30E8
S214022BC0082B40F0F880059A1368C5F84130536820
S214022BD0C5F84530012385F87C3022E71FB1B4F8EA
S214022BE0BA305B451BD01022304605A9FBF7E9FE3A
S214022BF000287FF4FFAE30460DF10E01FFF7FCFA17
S214022C0000287FF4F7AE9DF80E30402B40F0D380BC
S214022C10059A1368C5F849305368C5F84D30012344
S214022C2085F87D30FDE63FB1B4F8BA305B4503D196
S214022C30012385F87E30F4E6304605F15401FBF7B1
S214022C405FFE0028F4D0D5E63FB1B4F8BA305B4553
S214022C5003D1012385F87F30E3E6304605F15801BB
S214022C60FBF73AFE0028F4D0C4E61FB1B4F8BA3037
S214022C705B450AD0304605A9FFF7BEFA00287FF466
S214022C80B9AE9DF81430A5F85A30012385F8803085
S214022C90C7E61FB1B4F8BA305B4517D030460DF11F
S214022CA00E0205A9FBF7B5FE00287FF4A3AEBDF819
S214022CB00E30102B7FD1059B05F15E0203F1100149
S214022CC053F8040B8B4242F8040BF9D1012385F822
S214022CD08130A6E61FB1B4F8BA305B4522D005F1C2
S214022CE06E0B59463046FBF7F7FD00287FF482AE9E
S214022CF0304605A9FFF780FA00287FF47BAEB4F8C9
S214022D00BC20B4F8BA309A4210D030460DF1150104
S214022D10FFF772FA00287FF46DAE0222584605A924
S214022D20F7F7CEFE012385F882307AE60122F5E730
S214022D30CFB900234FF0010B6B67B4F8BA20B4F892
S214022D40BC309A4213D0304605A9FFF755FA002840
S214022D507FF450AE9DF814301F2B2CD86A6F0BFAF6
S214022D6003F31343E8E7B4F8BA305B45E1D1012335
S214022D7085F8833055E627B1B4F8BA305B453FF4A0
S214022D8050AE30460DF10E0205A9FBF742FE0028B2
S214022D907FF430AEBDF80E30FF2B0CD8B8F1000F22
S214022DA002D0059AC8F80020B9F1000F3FF439AEF8
S214022DB089F8003035E607201CE627B1B4F8BA30A9
S214022DC05B453FF42EAE1022304605A9FBF7F9FD0F
S214022DD000287FF40FAEBAF1000F3FF422AE059B37
S214022DE0CAF800301DE60D2004E6002330B5E7B031
S214022DF01A46CDE9003302A90546FFF7A9FD0446A7
S214022E0080B92D6825A805F5F25511F024F9043588
S214022E1002A925A88DF89241E6F7F0F9284625A9D9
S214022E20E6F7FAFC204667B030BD002330B5E7B0BF
S214022E301A46CDE9003302A90546FFF789FD044686
S214022E4080B92D6825A805F5F35511F004F910355B
S214022E5002A925A88DF89241E6F7D0F9284625A9B9
S214022E60E6F7DAFC204667B030BD002310B5A6B000
S214022E70CDE9003303AA0DF10B0304A90446FFF7BC
S214022E8067FD48B920689DF80B3000F5F250039AAA
S214022E9004A9043009F028FA26B010BD002310B5A4
S214022EA0A6B0CDE9003303AA0DF10B0304A904462C
S214022EB0FFF74EFD48B920689DF80B3000F5F35039
S214022EC0039A04A9103009F00FFA26B010BD0123A8
S214022ED010B5A8B0019304AB009305AA0DF10F0339
S214022EE006A90446FFF734FD58B92068049B00F58E
S214022EF0F2500093059A9DF80F3024A90430E5F7A6
S214022F0037FE28B010BD012310B5A8B0019304AB5C
S214022F10009305AA0DF10F0306A90446FFF718FD54
S214022F2058B92068049B00F5F3500093059A9DF863
S214022F300F3024A91030E5F71BFE28B010BD73B57C
S214022F4000F1B40605461022304601A9FBF739FD0A
S214022F50044600BB30460DF10301FFF74DF9044667
S214022F60C8B99DF80330402B18D12D6805F50053DB
S214022F7093F85941A4B905F5055001991830F9F7A7
S214022F8068FB05F5F2500430E5F7DCFC05F5F35076
S214022F901030E5F7D7FC204602B070BD0724FAE7EA
S214022FA00D24F8E730B500F1B40589B0044602A94D
S214022FB02846FBF716FD48BB284606A9FFF71CF96C
S214022FC020BB284601A9FBF79BFCF8B969462846B0
S214022FD0FBF796FCD0B9009B0322003B18BF0123E7
S214022FE08DF81920019A5B00002A18BF43F00103EE
S214022FF020689DF81A2000F5B95022F00302134308
S21402300002A914308DF81A3009F004FB09B030BD5D
S21402301013B504460DF10701B430FFF7EDF850B9C9
S2140230209DF807305A1E032A88BF0023226802F53D
S214023030805282F8963602B010BD002330B500F1F9
S214023040B40587B0044602A928468DF80430FBF77B
S214023050C8FCC8B928460DF10701FFF7CDF898B9A4
S2140230600122204601A9FFF725FC68B92368074A12
S21402307003F50053C3F884279DF80710C3F8884762
S21402308001AA02A810F0FDFE07B030BDC53402004A
S21402309010B500F1B40486B0204602A9FBF7A1FCE5
S2140230A090B920460DF10701FFF7A6F860B9204651
S2140230B00DF10601FFF7A0F830B99DF806209DF83D
S2140230C0071002A813F0A6FD06B010BD002330B507
S2140230D000F1B40587B0044602A928468DF80430EC
S2140230E0FBF77FFC10BB28460DF10701FFF784F8BB
S2140230F0E0B901AD024629462046FFF7DBFBA8B938
S21402310023680B4A03F500539DF80710C3F88C2773
S214023110084A0029C3F89427C3F8904714BF2A46E2
S2140231200022C3F8984702A810F076FE07B030BD1A
S2140231301335020051350200002330B500F1B40504
S21402314087B0044602A928468DF80030FBF749FCF2
S21402315030BB28460DF10701FFF74EF800BB2846A4
S2140231600DF10601FFF748F8D0B90122694620465C
S214023170FFF7A0FBA0B99DF80620236802F00F0215
S2140231808DF80420074A03F50053C3F88C27C3F8CA
S21402319090479DF807106B4601AA02A810F096FE0B
S2140231A007B030BD13350200002313B504460DF1F7
S2140231B00701B4308DF80730FFF71EF880B99DF886
S2140231C007302068C3F3C00203F002019B001143DC
S2140231D003F00403194302B0BDE81040E1F7CFBB89
S2140231E002B010BD2DE9F84311F00F0904460F4650
S2140231F090461E4605682AD0002380F824302846CA
S214023200FBF7A2FE01232B776B6AC5E90A33394620
S214023210206810F041FD20BB41462046FBF7C4FF64
S214023220F8B925682B7F022B1AD02846FDF788FDB1
S214023230B8B9EB6A3146A362AB6A2046E36294F8F9
S214023240243084F82530BDE8F843FBF7ADBF80F89C
S21402325024902846FBF778FE2B6A85F81C90D4E764
S2140232600D20BDE8F883F8B5044694F82450E5B975
S2140232702468237F022B2DD029462046FDF70CFD1D
S214023280237F04F14C0704EB83031A6A2263A26AC3
S2140232901A62E66C8EB9E66826B12346227F216B57
S2140232A02069B0470223237705E02046FDF79EFCFF
S2140232B005460028D9D02846F8BD31463846E2F7FA
S2140232C0B6F8207F012204EBC00031465430E2F704
S2140232D090F8DEE70D25EEE738B511F0300F00F175
S2140232E0840408BFC0F8D0201546002306222046D4
S2140232F0FFF778FF40B929462046FBF755FF18B975
S2140233002046BDE83840AEE738BD2DE9F74304460F
S2140233100D4691461E466846134618499422FBF708
S2140233207BFCDDE900782FB918F0010F02D1DEB977
S21402333032461AE004F184064B46062229463046F7
S214023340FFF750FFB8B918F0010F4FEA680318BF2D
S214023350E35804EB680018BFDF59B84758B930463F
S21402336003B0BDE8F0437EE70D222946204603B0AF
S214023370BDE8F043B0E703B0BDE8F083C033040015
S21402338070B50446002694F80A5994F80B39AB42F5
S21402339001D1002033E005F2211504EBC5021379B2
S2140233A0590616D404EBC5052B796FF386132B71D9
S2140233B094F80A390133DBB20F2B84F80A39E2D1CA
S2140233C094F80B3984F80A690E2B20D884F80B3946
S2140233D0D9E7C3F30100C3F38301537941EA00112D
S2140233E0926803F0030361F07F01022BC9B2C2F3B5
S2140233F0170205D12046FFF76FFF0028D2D070BD16
S214023400B3FA83F320465B09FFF77FFFF5E70F3B2E
S214023410DBB2D9E7F7B5002300220446C0E93E2313
S21402342000F1B40600F1F007B4F8BA20B4F8BC30E4
S2140234309A4203D10025284603B0F0BD304601A9C2
S214023440FBF79EFA054628B9012238460199FBF792
S21402345033FBE9E7012341F2080280212046FFF709
S21402346054FFE8E7F7B506460022054641F6D2675E
S21402347056F8B43B03F5805383F8D62EB5F8BC3025
S214023480B5F8BA209B1A9BB2012B01D8002416E08D
S21402349030460DF10601FBF71FFA044648B92868C4
S2140234A02146BDF806203844F5F7C4FF0446002836
S2140234B0E4D001235C2280212846FFF726FF20461F
S2140234C003B0F0BD2DE9F04103F1840807460D462E
S2140234D016461C46062241F22E5380214046FFF72E
S2140234E081FEA0B93946D4F8840010F0D3FB70B937
S2140234F03146D4F8840010F0CFFB40B92946204666
S214023500FEF726F818B94046BDE8F041ABE6BDE83E
S214023510F081F8B502F1840706460D46144641F2DC
S2140235203353062280213846FFF75CFE78B93146CF
S214023530D4F8840010F0AEFB48B92946D4F88400CB
S21402354010F0AAFB18B93846BDE8F8408BE6F8BD7D
S2140235502DE9F04103F1840580460F4616461C46C7
S214023560062241F2315380212846FFF73BFEA0B9DE
S21402357041462846FDF71AFC78B908223946D4F89F
S214023580840010F019FB40B931462046FDF7E0FFF3
S21402359018B92846BDE8F04165E6BDE8F0812DE998
S2140235A0F047054600F68C1900F18408D5F88C69B8
S2140235B00EB9344643E031464846E1F738FF3779DC
S2140235C00622C7F3400780214046C7F17303FFF780
S2140235D009FE044670BB40467189FDF7E7FB0446C8
S2140235E040BBD5F884A09AF81C30022B21D0504656
S2140235F0FDF7A6FB0446E8B9012231460AF14C0063
S214023600E1F7F7FE4FF480415046FDF745FB404692
S214023610FFF729FE044668B92FB1D5F89C39013365
S214023620C5F89C39C2E7D5F8A0390133C5F8A039E8
S214023630BCE70D24002231464846E1F7DAFE204672
S214023640BDE8F08710B50C460146B0B14389B3F524
S214023650A26F03D9BDE81040E1F7E7BA012204F6EB
S2140236608C10E1F7C6FE94F80A2994F80B399A42B0
S21402367003D12046BDE8104091E710BD30B5E1B059
S214023680134604460A4668464FF4C07113F07CFFA0
S214023690051E0FDD84347523062280212046FFF79F
S2140236A0A1FD38B969462046FDF7FBFE10B9204653
S2140236B0FFF7D9FD284661B030BDDFE7F8B592F8CE
S2140236C0873904460F461646002B59D002F1840568
S2140236D07123062280212846FFF784FD00284FD159
S2140236E02846A188FDF762FB002849D1A2882168F6
S2140236F0D6F8840010F060FA002841D1DFBB94F9B6
S2140237001510D6F88400C9B210F0C6FAC0BB8021E4
S214023710D6F8840010F0C0FA90BB39462846FDF76A
S21402372045FB68BB2846FDF7EDFE48BBA179D6F8F7
S214023730840010F0B1FA014610BB07B9A17DD6F895
S214023740840010F0A9FAD8B9BFB1D4E908232846F4
S214023750FDF770FEA0B92846FDF748FA80B928465C
S214023760FDF7D0FE60B92846FDF740FA40B9284674
S214023770BDE8F84077E57F21C3E7D4E90223E6E710
S214023780F8BD0A460021FBF762B92DE9F8430C465C
S21402379014F00F0E1946164604F00F0306D1022A3D
S2140237A002D1F030FFF7EDFF00200CE090F80B5945
S2140237B090F80AC9A5EB0C020E2A06DDF0300E219F
S2140237C0FFF7DFFF0320BDE8F883C4F30112841875
S2140237D094F80949904674453BD12C460E2C3CD8A9
S2140237E004F2211442F0400200EBC40442EA8302CF
S2140237F042EA0622A38822F08002920523F45F732F
S21402380023F00303920D1A43A368013561F31703ED
S214023810A280A36080F80B59C6E70F3CE4B20E2CD8
S214023820FBD804F2211400EBC404277917F0400FEA
S2140238300BD007F00309C84507D1C7F38309F14542
S21402384003D16FF386172771C7E70CF1010C5FFAF5
S2140238508CFC6545C1D96446E1E70F3CE4B2BDE79E
S2140238601346022291E72DE9F04F00F58053D3F874
S214023870FC6100F5905A0AF1020AABB0A6EB0A0602
S214023880009304460B46B6B2002940F08881012216
S21402389080F88829042200F1B409A0F8BA1080F84A
S2140238A0BE1080F8CC108DF81510C0F8B4A0A0F8A1
S2140238B0B860A0F8BC60A0F8C06080F800210DF1E6
S2140238C015014846FEF798FCA0B99DF915309DF8FB
S2140238D01550002B0EDAD4F8B4390133C4F8B439D3
S2140238E0C5F3011384F88B3993B106222946204684
S2140238F0FFF7F2FC002384F88839009B009AC3F88D
S214023900FCA140F21453A2F800322BB0BDE8F08FAF
S2140239102768002FE9D0484606A9FBF731F8A0B978
S214023920DDF81880B8F10B0F00F23781DFE818F0E7
S2140239302101150021002100210021003501350159
S21402394035010C0023010C000C20FBF7F9F8294680
S21402395002462046FFF784FF69E0B4F8BA30B34265
S21402396005D048460AA9FEF747FC00B1FEE7E8F78D
S21402397037F90023484607A90793FBF701F80246E2
S21402398018B1FBF7DDF8024627E0B8F1030F079FF0
S21402399012D0A8F10403012B00F28E80B8F1050FB5
S2140239A040F090803B4606229A490AA8FBF734F973
S2140239B0DDE90AB808238EE03B46472208A8964966
S2140239C0FBF72AF9DDE9083000F00102002B63D18B
S2140239D0002A61D10C2F05D00D2229462046FFF77A
S2140239E03FFF56E048460AA9FEF706FC002849D1E2
S2140239F09DF82830022B39D003D9DA1E012A88BF57
S214023A000323002684F800310C220123294620468F
S214023A1084F80861FFF779FC94F80031042B2ED065
S214023A20012328BB626B84F8CC30C4F8042194F8D6
S214023A300A2994F80B399A4202D02046FFF7A0FCD6
S214023A4094F88B3905F00F05234493F8092932B10F
S214023A5095421EBFD4F8B8290132C4F8B8290F2DF2
S214023A600CBF0125013583F8095943E70123C8E74E
S214023A70C4F8046184F8CC3084F80851D7E70028EB
S214023A80FAD1D4E7FBF75CF8294602462046FFF750
S214023A9023FC0028CBD058E7002184F8881941106F
S214023AA004EB60000AB16258D3589847012284F8A2
S214023AB0882900287FF465AF3B4629462046FFF753
S214023AC064FEE6E73B46062254490AA8FBF7A4F83A
S214023AD0DDE90AB80723019308F001030293BBF15C
S214023AE0000F02D1002B3FF477AFB4F8BA300DF1D5
S214023AF01602A4F8C03003934FF00003484684F839
S214023B00BF30A4F8C26008A9FAF783FF039B029AA3
S214023B109E4288BFA4F8BA304FF0000304EB680058
S214023B2084F888394FEA680312B1E35853F80BB0A9
S214023B30D847012384F8883900287FF422AF04F19D
S214023B4084063B4629463046019ADDF82080BDF8B9
S214023B501690FFF747FB60B94A464146D4F8840000
S214023B6010F02AF828B93046FFF77DFB00283FF40C
S214023B705EAF002231E707F5005393F8596156B954
S214023B8009F00CF807F5F6501830F6F77BFF08F048
S214023B90DFFF3046F5E60D26FBE705221DE7D0F8E7
S214023BA0B02980210132C0F8B0291D4A0AA813F0B4
S214023BB0F9FC0AA81BF060F901460AA810F017F8EB
S214023BC0002504F59054DFF8608001340AAFA8B2ED
S214023BD0864203D901352A2D10D129200AAB00EBE3
S214023BE04000104918441BF0F4F80AA81BF044F9E8
S214023BF0411E0DF129000FF0FAFF7EE6A5EB8501C6
S214023C003846424614F8013F833113F0CBFC0337A3
S214023C10DDE700BF4C3E0400B03A0400043E040058
S214023C205E2F0400722F0400C20804002DE9F0473C
S214023C30D0F8E8300446CBB3580711D594F8853946
S214023C4073B1236803F5005393F85931012B07D952
S214023C500023492184F8853904F1F000FAF7FBFFC6
S214023C6019264E4F04F1F000013E02D1C4F8E86076
S214023C701CE0D7F80080D4F8E85018EA050F01D106
S214023C800837F1E77968522938D0FAF7E4FFB8F531
S214023C90007F05D15A21FAF7DEFF5B21FAF7DBFF38
S214023CA025EA0805C4F8E850002DE9D1D4E93C32EB
S214023CB013431ED000254FF00109394FDFF8E4A068
S214023CC0C5F12001D4E93C30A5F12002EB4000FA10
S214023CD001F10B4320FA02F2134313F0010FC5F170
S214023CE02008A5F1200611D101351F2D07F10C077A
S214023CF0E6D1012384F8C039BDE8F087002294F8A3
S214023D00893984F88929002BBFD1C0E73A68002A8E
S214023D1039D17B68772B14D1DAF81830D9070ED44C
S214023D20580628D413F0180F27D1990727D49A06D5
S214023D3027D440F2847213420CBF0722062202F1F5
S214023D4070031A4680212046FFF7C6FA0028D0D113
S214023D50D4E93C3209FA06F629FA08F846EA0806D1
S214023D6009FA05F123EA010322EA0602C4E93C3213
S214023D701343B9D1BDE70222E1E70822DFE70122B9
S214023D80DDE70322DBE794F8C039002BE0D00123FD
S214023D9080212046FFF7B9FAD8E700BF943E040018
S214023DA044300400886D002010B590F8CC300446EC
S214023DB033B1D0F80431994204BF002380F8CC30E6
S214023DC02046FFF7DDFAE0B994F8081189B101231D
S214023DD00C222046FFF799FA98B994F8003184F835
S214023DE00801042B1FBF636BC4F80431012384F857
S214023DF0CC302046FFF7D3FB18B92046BDE810406A
S214023E0014E710BD014B586810E700BF886D00200C
S214023E102DE9F843089E1D4696F8AC3907468946B2
S214023E20904693B106F1840441F61A1306228021C5
S214023E302046FFF7D7F960B106F1F0000B21FFF735
S214023E40A0FC06F1E000E1F7D1FC002D43D1BDE86D
S214023E50F8831D2F97BF254B0221DB1993F8101FFD
S214023E602046FCF7A3FF0028E6D12046FDF74AFBD2
S214023E700028E1D149463046FDF7C7FF0028DBD1CE
S214023E802046FCF7B3FE0028D6D12046FDF73AFBC3
S214023E900028D1D141463046FDF7EFFF0028CBD1AE
S214023EA02046FCF7A3FE0028C6D12046FDF72AFBD3
S214023EB00028C1D129463046FDF7DFFF0028BBD1D6
S214023EC02046FCF793FE0028B6D12046FFF7CBF932
S214023ED00028BAD0B0E73368EA6903F58053D3F80E
S214023EE0E01BE961C3F8E05B1546AEE74430040028
S214023EF0F8B50D46044600287AD090F8393001F11C
S214023F0084061F0107F0F007DB064FF007024FF0AA
S214023F1033034FF08001304648BF47F00807FFF7EB
S214023F2061F900285ED194F83610D5F884000FF0B7
S214023F30B3FE002856D194F83710D5F884000FF057
S214023F40ABFE00284ED13046FDF7DCFA002849D1F8
S214023F5008222146D5F884000FF02EFE002841D113
S214023F604FF6FF713046FCF721FFD8BB3046618E14
S214023F70FCF71CFFB0BB94F83810D5F884000FF09D
S214023F808BFE78BB3046FCF731FE58BB3046FDF759
S214023F90B9FA38BB03213046FBF706F910BB39469F
S214023FA0D5F884000FF078FEE0B9304604F1080137
S214023FB0FDF777FAB0B90822304604F11901FCF78A
S214023FC003FF78B9304694F8212004F12201FCF769
S214023FD0FBFE38B93046FCF709FE18B93046FFF743
S214023FE042F980B10B2105F1F000FFF7CAFB04E0AD
S214023FF0302105F1F000FAF72EFE05F1E000BDE8EB
S214024000F840E1F7F3BBF8BD70B50C460546F0B1D3
S21402401001F184063923072280213046FFF7E2F8B1
S21402402078B92978D4F884000FF036FE48B9697852
S214024030D4F884000FF030FE18B93046FFF713F9B3
S21402404080B10B2104F1F000FFF79BFB04E0302166
S21402405004F1F000FAF7FFFD04F1E000BDE870405D
S214024060E1F7C4BB70BD2DE9F04F14465D2385B061
S21402407005460F461622002120468DF807304FF0DF
S214024080010A1AF046FC0DF107092846FCF7D9F991
S2140240900646D0B9AB685B885BBAA382002F37D1DD
S2140240A06B6893F90220002AB6BF93F8038093F850
S2140240B0078003F1040B08F1FF385FFA88F8A8BFFF
S2140240C003F1080BB8F1110F12D8D5E9000102AAC4
S2140240D0CDF808908DF80CA008F060F80023686010
S2140240E0AB600028D1D11726304605B0BDE8F08F68
S2140240F020460BF10101E0F7BAFCBBF81130B8F12B
S214024100120F5BBA238201D09BF81370A774EBE7F9
S214024110D5F8088098F80130A3F1020B5FFA8BFB02
S214024120BBF1110F0ED9204608F10401E0F79FFCFF
S214024130B8F81430BBF1120F5BBA238215D098F888
S2140241401670E3E7042BA0D1094BB8F8022003CB84
S2140241506FF0FF036381FE23206061602681A381E6
S214024160E281AB689B885BBA23823746CEE700BF04
S214024170503E002038B50A4D04462946E0F777FC43
S214024180A5F1380303CB002323836FF0FF03638379
S214024190FE23A383FC2320616161E38338BD00BF55
S2140241A0883E002070B50C4606468CB060B1428E42
S2140241B08B8A9A4206D1012290F836309A400B69D1
S2140241C013430B610CB070BD0B69002BFAD002A82A
S2140241D0E0F766FC4FF2BF031920ADF82A3008F06C
S2140241E005F905460028EDD0324668462169E4F70F
S2140241F0ECFF6A46352128469DF80630E2F7EFFACC
S21402420018B12846E0F711FDDCE701212846A28A0C
S214024210E2F725FB0028F4D10B4902A8E0F727FCB9
S21402422004F1100606AA134620686168083403C320
S214024230B4421A46F7D12946044802AAE1F70AFE12
S2140242400028BFD0DDE700BF883E002018330020DC
S2140242507FB504460D4616466846E0F7E7FB6B4612
S2140242604FF6FF72294620460096FBF7D7FD04B0AC
S21402427070BD002370B5044642F2385588B00193EB
S214024280206802AA01A92844FFF7E2FF08B100202D
S21402429064E004F184063046FDF734F900285DD167
S2140242A0D4F8840002A90FF0F5FC002856D19DF838
S2140242B01810D4F884000FF0EFFC00284ED19DF8B9
S2140242C01A10D4F8840001F001010FF073FC0028E4
S2140242D044D19DF81930C3F380014901C9B21807C9
S2140242E048BF41F01001DA0648BF41F008015806FF
S2140242F048BF41F002019A0648BF41F00401DA09BC
S21402430043F3010318BF41F00101DBB241EA831116
S214024310D4F88400C9B20FF0BFFCF8B90146D4F84D
S21402432084000FF047FCC8B93046BDF81C10FCF7F5
S2140243303DFD98B99DF81A30D4F88400C3F34001C5
S214024340C9015B07C9B248BF41F040010FF0A4FCA7
S21402435020B93046FCF74AFC002891D008B070BD60
S214024360F0B504460D4616461F4685B06846E0F789
S2140243705DFB6B463246294620460297FBF74EFD0A
S21402438005B0F0BD002370B5044642F23445ADF5E3
S214024390027D009320684FF6FF72694601AB2844FF
S2140243A0FFF7DEFF08B100202DE004F18406304658
S2140243B0FDF7A8F838BB30460299FCF70CFE10BB96
S2140243C030469DF80C200DF10D01FCF7FDFCD0B92E
S2140243D09DF80A11D4F8840001F001010FF0EAFBFF
S2140243E088B930469DF80B2143A9FCF7EDFC50B97D
S2140243F03046BDF80412FCF7D9FC20B93046FCF76B
S214024400F5FB0028C6D00DF5027D70BD002370B501
S214024410044642F23855ADF5027D009320684FF609
S214024420FF72694601AB2844FFF79AFF08B10020E5
S21402443034E004F184063046FDF764F870BB9DF85C
S2140244400410D4F884000FF027FC38BB30460299DB
S214024450FCF7C1FD10BB30469DF80C200DF10D0196
S214024460FCF7B2FCD0B99DF80A11D4F8840001F02A
S21402447001010FF09FFB88B930469DF80B2143A936
S214024480FCF7A2FC50B93046BDF80412FCF78EFCCD
S21402449020B93046FCF7AAFB0028BFD00DF5027DF6
S2140244A070BD00232DE9F04F05460E461746ADF2C5
S2140244B0644D00930DF140080DF1280916AB0493E4
S2140244C000233A4605936946304602ABCDE9028997
S2140244D0FBF7A4FC00286FD1029CE4B101900DF515
S2140244E0177AB4F814B006A8E0F7A0FA5A46284697
S2140244F006AB01A9CDF818A0FBF790FC20B100206E
S2140245000DF2644DBDE8F08F1822214650461BF08E
S21402451013FC0028E5D1039CCCB100230DF5177AD5
S2140245200193B4F812B006A8E0F780FA5A46284675
S21402453006AB01A9CDF81CA0FBF770FC0028DED163
S2140245401822214650461BF0F7FB0028E9D1049CAE
S214024550002CB3D0002304F1090A06932846B4F8C7
S214024560002297AB06A9FFF7FBFE0028C7D1989A50
S21402457063689A42F2D19DF86432227A9A42EDD169
S21402458051460DF265201BF0D7FB0028E6D19DF8B8
S214024590623394F806215340DB07DFD49DF8633379
S2140245A094F807219A42D9D104F58471D9A81BF050
S2140245B0C3FB002882D0D1E70120A1E72DE9F04312
S2140245C0DFF8688105468FB098F859010FF0D9FBDD
S2140245D0002872D0AB7FDB076FD4AB691BB1EA68E9
S2140245E02B1D9A4269D14C4BAB61B8F85C71D8F876
S2140245F0341498F83824D8F834341344994237D30C
S21402460046493A4601F58270FFF74BFF00284CD127
S214024610AB8BBB4202D14FF6FE73AB8304A8B5F850
S2140246201C90E0F73DFA4FF2BF030520ADF832309A
S21402463007F0DCFE064698B10A238DF80C3098F88F
S214024640383403A98DF80D30E2F7C6F80446002880
S21402465036D03046E0F7E9FA172C2ED0032C59D183
S2140246604FF47A71281D0FB0BDE8F043E1F7DBB9CD
S2140246700B785B08052B17D10846FBF7C8FBB8F882
S2140246805C4164BAA4B24B7802330B44984201D31D
S2140246901946AEE703785B08062B04D143784480BC
S2140246A002331844EFE7FEE7FEE71D493A46A1F556
S2140246B08270FFF7F6FE0028AAD00FB0BDE8F0839E
S2140246C0304698F83824D8F83414E0F71BFD044630
S2140246D00028BED14FF6FE73994512D104A8FFF703
S2140246E049FD31460F4B1048009504AAE1F780FABF
S2140246F004460028ADD1AB7FAF8343F00103AB770E
S214024700DBE74A4602213046E2F7A9F804460028CB
S214024710E4D09EE7FEE700BFE09304003C3F0020A3
S214024720404000203147020018330020083B00209A
S214024730827F0B2B6FF30002827707D01C2B05D0EB
S2140247402BB9816904300131E1F76DB936E7FEE72E
S214024750004833E74841002000482FE74841002040
S21402476000232DE9F04707460E4617258CB0019325
S2140247700DF1180802A8E0F759F94FF6FF7238460D
S21402478002AB01A9CDF80C80FBF748FB18B128460E
S2140247900CB0BDE8F0879DF82C406207EAD59DF87C
S2140247A028904846F4F76CFC0028E3D0172D19D061
S2140247B0317D44F3010241F3010352B25BB29A42E5
S2140247C010DC4C40A307D5D1347CCA46A14528BF8D
S2140247D0A246314652464046E0F79FF982450BD83C
S2140247E0A145C7D2344645460FCD0FC495E803000F
S2140247F0002584E80300BDE70CAB03EBE003C11021
S21402480013F8182C735C9A42EBE70023F0B50446C3
S21402481042F238568DB0019306AD276802A8374497
S214024820E0F704F94FF6FF72384602AB01A903958A
S214024830FBF7F4FA08B100204BE004F1840738468F
S214024840FCF760FE002844D12946D4F884000FF015
S21402485021FA00283DD19DF82810D4F884000FF0E4
S2140248601BFAB0BB9DF82C10D4F88400C1F3C0012B
S2140248700FF0A0F968BB9DF82C3043F3010149B252
S214024880481C28D04A1E5142514189015B0748BF45
S21402489041F02001D4F884000FF0FEF9C8B90146B1
S2140248A0D4F884000FF086F998B99DF82C10D4F845
S2140248B08400C1F300110FF07DF950B93846BDF8F7
S2140248C02A10FCF773FA20B93846FCF78FF900284D
S2140248D0A3D00DB0F0BDC021D8E738B50C460821EC
S2140248E0FBF788FD054690B14378102B28BF1023AE
S2140248F004F8013B2046E0F799F86A782046102A29
S21402490028BF1022A91C1AF023FA002038BD17204F
S214024910FCE730B587B00D4601A9FFF7DEFF044677
S21402492048B9294601A8E4F7FBFA002808BF17246D
S214024930204607B030BD0D24FAE710B504460068DD
S21402494000F500502430DFF7F7FF206800F504502A
S2140249501430E0F76BF8206800F505501830F6F7CB
S2140249600BFA0020C4F8B009C4F8B409C4F8B809B0
S214024970C4F8BC09C4F89409C4F89809C4F89C0998
S214024980C4F8A009C4F8A409C4F8A80910BD08B55B
S214024990006800F504501430E0F748F8002008BD1F
S2140249A02DE9FF415C23054608460C468DF8073084
S2140249B00127E0F78EF80DF107082846FBF741FDC0
S2140249C00646002831D16B6893F902109A780029BE
S2140249D0B4BFD878D879012827D91C4F002903CF2D
S2140249E020606FF0FF00616060814FF000014FF0C1
S2140249F0FE0002F00F02A2F57C7252BA2181A0815B
S214024A00E281B4BF043308335B782374AB685B88F7
S214024A105BBA6382AB685A78022A0CBF0B461B79D4
S214024A206374304604B0BDE8F081D5E9000102AAFD
S214024A30CDF808808DF80C7007F0B0FB0023686094
S214024A40AB600028B9D11726EBE700BF503E002026
S214024A502DE9F0471D46B84EB84B90B01446069165
S214024A60009329220423314606A8E0F736F850B10F
S214024A70801BC0F38700262805D8132807D898B3CA
S214024A800B2800F00681002010B0BDE8F08714382D
S214024A901228F8D801A353F820F000BF734B020087
S214024AA0874A0200874A0200874A0200874A0200B3
S214024AB0874A02009F4C0200A74C0200874A020067
S214024AC0874A0200874A0200874A0200874A020093
S214024AD0874A0200E14E0200614D0200B74D020015
S214024AE0534E02000D4D020004F1310323F0010380
S214024AF05B78022B36D12046DFF7C9FF30B12B7820
S214024B00FF2B03D0294620460FF03CFC1023002141
S214024B10204606AAE1F731FE20BB082303212046E1
S214024B2004AAE1F72AFEE8B9854B864DD3F8344746
S214024B30C4B1204606A9DFF7E2FE20B1284604A942
S214024B40E4F7E4F808B16469F2E77F4D95F8AC360D
S214024B502BB1204605F29C61F4F716FB20B92046DD
S214024B600CF0C4FD01208FE705F5D760F5F78EFB44
S214024B70F8E704F1310323F001035B78022BF1D14D
S214024B80362120460DF10B02E1F790FD0028E9D10F
S214024B909DF80B303721012B38BF0123032B28BF8A
S214024BA00323204603AA8DF80B30E1F7BEFD00284A
S214024BB0D8D1382120460DF10E02E1F7B6FD0028C5
S214024BC0D0D1204604A9E4F7EDFA0028CAD1049F02
S214024BD0002FC7D0132007F009FC80465A4ED6F89D
S214024BE07407804504D008B1E0F71FF8C6F874874A
S214024BF0D6F87487B8F1000FB4D00022394606A85A
S214024C00E4F7E3FA352140469DF81E3006AAE1F79E
S214024C10E6FD0028A6D13923D6F8740706A98DF832
S214024C201830E1F7D9FD00289CD19DF80B3086F8A4
S214024C30710786F87037BDF80C304FF47A71A6F813
S214024C406C37BDF80E304148C6F86477C6F8687708
S214024C50A6F86E3705F12007E0F7E5FE06F2547671
S214024C6005F11003324618685968083303C2BB427E
S214024C701646F7D12046DFF70AFF00283FF472AF48
S214024C802B78FF2B3FF46EAF294620460FF07AFBB7
S214024C9068E72A4621462E48E3F742FF62E72A469D
S214024CA021462C48F8E704F1310323F001035B7830
S214024CB0022B7FF457AF204606A9E4F773FA0028C2
S214024CC07FF450AF0121204604AAE1F72EFD00280A
S214024CD07FF448AF1C4E069B06F5E667C6F84037DB
S214024CE005F1200C05F110033A4618685968083396
S214024CF003C263451746F7D1BDF810304FF47A71F8
S214024D001548A6F84437E0F78EFEB3E704F1310300
S214024D1023F001035B78022B7FF424AF2046DFF7F3
S214024D20B6FE18B1294620460FF02CFB21460B484A
S214024D30F6F772FC16E700BF743F0400A9ED010007
S214024D40082B0020783E0020083B002080420020EE
S214024D504C3900207839002050420020C041002003
S214024D602046DFF7A9FE00283FF4FCAE664807F0AF
S214024D7034FB214607F09CF8064600283FF4F2AEC4
S214024D8003795A0706D463794279C3F3410363F37E
S214024D90420242713146204608F0CCF918B130463C
S214024DA0DFF743FFDEE62A4631465848E1F752F877
S214024DB00028F4D1D6E604F1310323F001035B7830
S214024DC0022B7FF4CFAE2046DFF761FE18B12946EC
S214024DD020460FF0D7FA06A8DFF762FE4FF2BF03AF
S214024DE02220ADF83A3007F083FB064600283FF44F
S214024DF0B9AE03795B0706D463794279C3F34103FC
S214024E0063F342024271212120460DF10E02E1F7C0
S214024E108CFCA8B13146204608F08CF90028BED199
S214024E203B4B304604A90493E1F7D3FC00287FF4F9
S214024E3099AE06A905F1100007F068FB06AAB3E7CB
S214024E4021213046BDF80E20E1F709FD0028E1D009
S214024E50A5E72046DFF730FE00283FF483AE0223A4
S214024E602046A18906AADFF7F2FF064600287FF44D
S214024E7079AE9DF81830122B7FF474AEA789DFF84E
S214024E8098800237BFB2A8F5AC79A8F59A7A9DF851
S214024E901930F1B28B427FF6F7AE39440123204631
S214024EA004AA89B2DFF7D3FF00287FF45BAE9DF831
S214024EB01030222B08D0242B0AD0092B02D15046C0
S214024EC0DFF73AFD0136E2E74046F5F755FFF9E728
S214024ED0D9F87C36002BF5D0D9F880069847F1E74A
S214024EE02046DFF7E9FD00283FF43CAE094BD3F835
S214024EF08866002E3FF4C8AE2A4621460020D3F824
S214024F008C36B047C0E600BF562704001833002090
S214024F1020028000083B0020603C00202DE9F04380
S214024F2097B00446DFF79FFD054602A8DFF7B8FDF7
S214024F30214602A8DFF79BFD06AE04F1100304F13A
S214024F402007324618685968083303C2BB42164621
S214024F50F7D194F8363094F838208DF82C3094F83F
S214024F6037300820DB0043EA02139DF82D2003F0B9
S214024F70180322F01802134332498DF82D300EF032
S214024F80FDFB0746002845D02846DFF7EAFD0CA9B8
S214024F900C903846E1F71DFC00284DD1A18D7B8987
S214024FA08B4244D3DFF8A0800CA8B8F894360CAD38
S214024FB0A4F84E3002AEB4F84C90DFF771FD0FCE77
S214024FC00FC50FCE0FC596E8030045F8040B2980DF
S214024FD06846DFF7B5FC80238DF80030B8F89436C3
S214024FE099FA99F95A1CA8F894265BBA08226946D7
S214024FF03846ADF80490ADF80630E0F719F9D8B99E
S214025000B8813A2238460CA910F063FCA0B9A38FE7
S2140250100133A387E38D04F15000013B9BB2E38585
S21402502073B1216B17B0BDE8F043E0F7FCBC38461D
S214025030DFF71AFE0028B5D03846DFF7F6FDE9E7B7
S214025040A18EEFE756270400082B00200748B0F889
S214025050CA3713B100F29C7060E7D0F8C03723B1AC
S214025060D0F8C41700F5FB6018477047083B0020CD
S2140250707F2A034610B51AD914460120240A00F1E5
S2140250800100FBD11C68641A844212DB19684C1EAC
S2140250901C6001F8012C120AF8D1012806D01A6801
S2140250A0511E196000F17F0302F8013C10BD012079
S2140250B0E8E76FF06B00F9E730B5074C256824681F
S2140250C06A40D2B2891A101A090A41EA10216340CC
S2140250D023EA0100C0B230BDA46D002038B5A0F1AD
S2140250E04003054602465A21DBB24120FFF7E4FFA1
S2140250F0A5F146032A4604467A21DBB26120FFF771
S214025100DBFF6B1D2A4639210443DBB23020FFF752
S214025110D3FF2B2105F11403E4B22A460443DBB283
S2140251200846FFF7C9FF2F2105F11103E4B22A460C
S2140251300443DBB20846FFF7BFFFE4B22043013860
S21402514040B238BD044B1B68584043085B4240429D
S2140251501843C017704700BFA46D002010B5C3885F
S21402516023B9CA885AB9ABB1012017E0026802EB2C
S214025170830252F8042C002AF3D1013BF0E70C68B4
S21402518004EB820454F8044C0CB9013AEAE7934261
S214025190EAD80FD3013B5A1C01D1002010BD026889
S2140251A052F823400A6852F823209442DCD803F1CE
S2140251B0FF33F0D24FF0FF30F0E710B50A4C22680A
S2140251C023684240594081EA0200C00FFFF7BAFF47
S2140251D02368521A434022EA030208401043C00FD3
S2140251E0BDE81040AEE700BFA46D002010F1860FA8
S2140251F013D010F1850F0BDA20F0020393330FD091
S21402520010F1970F0CBF6FF06D004FF0FF30704734
S214025210003818BF0120404270476FF07100704797
S2140252206FF06F00704710B50B6804681C4404608A
S2140252300B689C422CBF0024012443681B19436060
S2140252404C68234443601068496840F100008B4272
S21402525038BF0130106010BD03685B180360137816
S21402526043F1000313707047137810B504688C423C
S21402527038BF013B137003685B1A036010BD00233E
S214025280F0B55609056855F82340E44345F823402F
S2140252900133B342F6D9002307689D0057F823402E
S2140252A0013447F823400468013365590DB9B34207
S2140252B0F2D94FF6FF73D2088380A3585B1AA35025
S2140252C0F0BD023802288CBF0020012070474368D8
S2140252D0D86B704700F19903142B1AD8DFE803F055
S2140252E01717191919191917191919191319191A32
S2140252F0150B0F0D110008487047084870470848FC
S214025300704708487047084870470848704708487A
S21402531070476BE70748704700C3FFFF80C6FFFF72
S21402532080C5FFFF00C1FFFF80C0FFFF80C1FFFFF7
S21402533000C2FFFF80C7FFFF022243680A70024ACC
S21402534068334A608B607047304204000238012896
S2140253508CBF002001207047031F584258417047F7
S2140253600E4B0340B3F1607F06D1B1F5885F14BFE0
S2140253706FF0860000207047B3F1707F0BD101F406
S214025380E043B3F5005F06D111F4E06F0CBF6FF097
S2140253908600002070476FF0860070470000C07FCE
S2140253A08A42F8B507460C4600F0BE805F4922F4F2
S2140253B0FF7323F001038B4207D022F47F7323F09E
S2140253C0030301F500718B4228D1594B24F0FF01EB
S2140253D099420FD114F0FF0036D0564B40F00070C1
S2140253E0984240F09F8082EA0400FF288CBF00208B
S2140253F0012029E0504B9942ECD0A3F588539942FC
S214025400E8D024F4FF7323F00103B3F1062FE1D0B2
S2140254104A488142DED04A498B42DBD004F0FE4342
S214025420B3F1A06F11D102F0FE43B3F1A06F79D1B0
S21402543014F4004008D0624022F47E12C4F30544FD
S21402544022430CBF01200020F8BDB3F1407F69D192
S21402545002F0FE43B3F1407F64D182EA040535F4DC
S2140254607E155FD139462046FFF77AFF002859D1CC
S214025470344BC4F305461340B3F1607F22D1324B5E
S214025480D2B242F000729A4234D002F17E42131F28
S2140254900F2B0AD8DFE803F03D3D092E262A0828FE
S2140254A0262A0909262A08283025043A0F2A29D846
S2140254B0DFE802F0303028211E2D23251E2D282855
S2140254C01E2D2325B3F1707F1CD107F4E043B3F5FC
S2140254D0005F17D10121C7F3022399400D46DEB9BA
S2140254E00E4610E01C25E0E74025DEE72025DCE737
S2140254F01C21F4E710251021F1E73021EFE76EB901
S214025500402600E056B9AA1B504250419CE7202193
S214025510E5E714251421E2E7B14205D0230493D52A
S214025520AE4263E700208FE701208DE70002000607
S21402553000030006FF000002001300060009000632
S214025540000400060000C07F03000002037E022B58
S21402555006D1C3695A1C03D00133C36100207047C9
S2140255606FF09600704730B401EB8202914201D18F
S21402557030BC18470C46B4F9005004318542F5D1C8
S214025580B4F9020030BC704738B50D460446D8B1AF
S2140255906C220021043019F0BCF90E4B9D4216D144
S2140255A0032323700023C4E902330B4B04F11002D9
S2140255B003F1200153F8040B8B4242F8040BF9D195
S2140255C003230020237138BD6FF08600FBE76FF0DF
S2140255D08500F8E7090000023842040008B518B151
S2140255E07022002119F095F9002008BDF8B505468D
S2140255F0500988420C4602F01F0601D80AD136B17D
S2140256002846A2000021BDE8F84019F082B91F2AF8
S21402561002D8F8BD1F2A0FD9820005EB8003291F86
S21402562005EB8407BB421AD1201A38BF002200219C
S21402563005EB800019F06DF9002EEAD0002205EB8A
S2140256408404C6F12000AC42E3D054F8041C21FACC
S21402565006F3134344F8043D01FA00F2F3E753F865
S21402566004CB41F804CFDDE708B50A46C18811B17C
S2140256700068FFF7BBFF002008BD37B50C4615468D
S214025680027832B15A1BA2420ADA6FF06B0003B0FC
S21402569030BD013C00F10100F2D16FF06700F6E781
S2140256A01B1B224601461846019319F051FB90F93E
S2140256B00020002A08DA421B002AE6DD421E01927A
S2140256C00022013400F8012C2246294601A8FFF7E1
S2140256D0CFFC0028DBDB019B20445D1B002DD4DDC4
S2140256E00222013003F8012CD1E710B5682101200F
S2140256F0E8F79EFE044618B16822002119F009F95F
S214025700204610BD10B524210120E8F791FE04467C
S21402571018B12422002119F0FCF8204610BD002200
S214025720C188914201D800207047036853F822309E
S21402573033B193FAA3F0B0FA80F000EB4210704750
S2140257400132EEE7013901D20020704750F82130CD
S214025750002BF7D0B3FA83F00131C0EB411070474B
S21402576001F18041013900EB81018142034600D2FA
S21402577070471B680A681BBA12BA40F8042B41F835
S2140257800439F2E7E9F780BA10B5044618B12422C4
S214025790002119F0BEF82046BDE81040E8F73ABDF1
S2140257A0E9F756BA0023C36001F1380303612023E8
S2140257B043618B6D43600A680A4922F47E128A426C
S2140257C003D001F580718A4208D1102B01D0182B24
S2140257D002D1036000207047202BFAD06FF08800B9
S2140257E0704700BF0001C00310B5036813F0704293
S2140257F008D1C3F30E030B6013B943686BB10B6099
S21402580000200BE003F05044B4F1004F07D0B2F191
S214025810304F04D0B2F1404F01D0212010BD03F02A
S2140258207F03E8E7002373B50D4601A906460193F8
S214025830FFF7DAFFA0B93468019B14F0704403F155
S214025840030323F003030AD0B168B4F1004FC1F397
S2140258508032C1F3403105D102EB410253432B6043
S21402586002B070BDB4F1204F01D10A44F6E7B4F19C
S214025870304FFAD0B4F1404FF7D02120F0E72DE9AF
S214025880F34705680F680446BD420E4690469A46A0
S21402589005F070492AD0B9F1004F06D0B9F1404F51
S2140258A003D0212002B0BDE8F08785EA0703B3F1F2
S2140258B0805F0CD3BAF1000F2FD1B8F1000F18D0C9
S2140258C0A368B268534013F4E04F12D0E9E700230E
S2140258D0204601A90193FFF787FF0028E1D1019A2C
S2140258E0C2F30E0215431743BD42DAD1B9F1000FD7
S2140258F0E0DB0023204601A90193FFF775FF00288D
S214025900D0D1009069463046FFF76EFF0028C9D115
S214025910DDE900329A42C5D0C3E7B268B8F1000F9B
S21402592003D0A3685340D904BBD49304E1D4B8E7A8
S214025930002337B50B600368054603F070430B601F
S214025940C2680C4622B1032A0DD143F080630B6075
S214025950D5E90232980103F0407107D5B1F1407FD4
S21402596007D0002A62D1212003B030BDB1F1407FBA
S21402597055D1002AF7D04FF04073226822F04072C9
S2140259801A432260EB68032B09D12B69F62BEAD95E
S2140259901B0403F47F0322F47F0213432360AB68E5
S2140259A01B0442BF236843F400432360EB68032BC7
S2140259B009D023682A6823F4FF4323F07F03C2F347
S2140259C00E02134323602B68AA68002B31DB12F405
S2140259D0C84FC8D12B6803F0704303F10043B3F1FC
S2140259E0804F05D2530542BF236843F48063236089
S2140259F00023284601A90193FFF7F6FE0028B3D13B
S214025A002B6813F0704226D12368019A23F4FF43D1
S214025A1023F07F03C2F30E0213432360A4E703F0CE
S214025A208073002AA9D1002BA7D09CE74FF0007301
S214025A30A3E7500402F4005106D4002993D0236849
S214025A4043F400532360C5E7236843F4804323608E
S214025A500029BFD0F3E703F05043B3F1004F06D05E
S214025A60B2F1304F03D0B2F1404F7FF47CAF019BCE
S214025A702268013B03F07F0322F07F02CCE701237A
S214025A8037B54B60C36805460C469BB901A901931E
S214025A90FFF7C8FE60B9019B6A699A4207D32A6972
S214025AA062B1226043F000530020A36000E01D2094
S214025AB003B030BD032B01D10023F5E72120F7E721
S214025AC0436813B9416070475B685A68012AFBD184
S214025AD059607047F0B597B015461F460C461D9E96
S214025AE009B9002A3DD1224B98423DD120230CA869
S214025AF033601AF0B2FC18B16FF0920017B0F0BD26
S214025B001CB915B100233360F6E70023194A29466B
S214025B100CA8CDE90C230E9314931AF0A5FC069458
S214025B20012445F000516D46079406AB089193E8B0
S214025B300700114B85E8070009970A940B9303ACFC
S214025B4009AB93E8070084E8070029460CA8FFF78C
S214025B50B7FF21461AF0E3FC1AF0AFFC0028CDD0BE
S214025B60D0E76FF08600C9E76FF08500C6E700BF92
S214025B70090000020004000320000020F0B51746CA
S214025B8002780446022A0E4693B040D0032A42D038
S214025B90012A44D11425234A0C343260002299018A
S214025BA03046C6E9012232621AF05EFC4FF0010C62
S214025BB041F00051099709ABCDF828C006AF0B910A
S214025BC045F0005593E8070003AB87E807000C94FE
S214025BD00CAACDF834C00E9507CA83E807000F94C6
S214025BE06C46CDF840C012AA119512E9070084E867
S214025BF0070019463046FFF763FF3946FFF760FF96
S214025C0021461AF08CFC1AF058FC13B0F0BD202581
S214025C10054A0C34C1E72025044A0C34BDE721208E
S214025C20F3E700BF000201030003010300040103BF
S214025C302DE9F0470646884615461C46002B3ED000
S214025C40002A3FD00378013B022B3BD8436800F181
S214025C502C0903F03F07E318436022BF8368013331
S214025C60836077B93F2C24D92A4641463046A30999
S214025C70FFF784FF20BB24F03F031D4404F03F04DB
S214025C8015E0C7F1400A544513D35246294609EB9C
S214025C90070019F05DF801234A4641463046FFF7F1
S214025CA06DFF68B9403C3C443F2C5544DCD834B1C7
S214025CB000272246294609EB070019F049F800207A
S214025CC0BDE8F0872120FBE770B50D461646044670
S214025CD08AB090B101B982B968461AF0BEFB18B113
S214025CE06FF092000AB070BD33462A466946201D00
S214025CF0FFF79EFF0028F5D0F2E76FF08600F1E787
S214025D002DE9FF470C9F0E4615469A46044620B9D3
S214025D106FF0860004B0BDE8F0870029F8D00AB913
S214025D20002BF5D1B4220021204618F0F2FD4B4B91
S214025D303B40B3F1607F53D13388B3F5885FE7D138
S214025D405FFA87F949F0007904F1040849464046AB
S214025D50FFF71AFC0028DDD17388DA085245039251
S214025D60D6D8402A04F174062DD903AB01934023FA
S214025D702946009348463346FFF7ACFE0028C9D1B1
S214025D8004F173052B46039A02F1730121449942EA
S214025D9020D102F174003621C2F14002204418F0EC
S214025DA0B8FD402231464046FFF78EFF0028B1D1AB
S214025DB004F1B30215F8013F83F06A0395422B7093
S214025DC0F8D12760A6E7072BDAD92946304618F01D
S214025DD0BFFFD5E713F8010F80F036001870D6E73C
S214025DE01F4B9F4237D13388B3F5105F33D12760FC
S214025DF07388DB08182BA36511D0202B1DD0102B1F
S214025E0086D1BAF10F0F83D9383405F1100355F84D
S214025E10042B9D4244F8042BF9D100207AE7BAF10C
S214025E20170F7FF675AF383405F1180355F8042BB3
S214025E309D4244F8042BF9D1EFE7BAF11F0F7FF623
S214025E4067AF383405F1200355F8042B9D4244F819
S214025E50042BF9D1E1E76FF085005BE70000C07F15
S214025E600002C0032DE9F04F7F4B0568BFB02B4000
S214025E70B3F1607F04461746009104D104303FB068
S214025E80BDE8F04F20E7202200212CA818F041FDA3
S214025E9021462CA8FFF786FC064630B92FB134A857
S214025EA01AF0DBFA28B16FF0920630463FB0BDE832
S214025EB0F08F6E4B25F47E159D4240F0D180626BCA
S214025EC0BB181B09B3EB121F02F00F0800F0B780D5
S214025ED0674B29A92CA8CDE9343636963C96FFF7AF
S214025EE027FD0546002840F0A38007EB080A34A8E1
S214025EF029992AF00F0B1AF0B7FA59461AF0B4FA93
S214025F004FF001094FF0005302A9CDF80C9004930C
S214025F10FFF7D6FD05A92CA8FFF7B1FD0546002818
S214025F2040F0868005A934A8FFF7CAFD231D1A9300
S214025F30504BCDF86C900DF1200C1C931AAA07CA90
S214025F408CE80700614634A8FFF7BAFD04F1140393
S214025F5048F000521D930DF12C0CCDF87890019369
S214025F601F92009BABEB08081DAA07CA8CE8070025
S214025F7048F0005220930DF13808CDF88490229212
S214025F8020AA07CA88E807000D9A614622F0005246
S214025F9034A80D92FFF794FD4146FFF791FDABF151
S214025FA0100242F0005223950DF1440CCDF8909069
S214025FB0304B259223AA07CA8CE8070004F1240274
S214025FC0269214ADCDF89C9026AA289307CA85E897
S214025FD00700139A614642F080421392139A34A83D
S214025FE022F0005213921AF09AFA29461AF097FAF9
S214025FF0231D29931F4BCDF8A89029AA2B9317ABE4
S21402600007CA83E80700194634A81AF088FA1AF075
S21402601054FA0546009BABEB0A0139441944019831
S214026020AAEB0B0218F094FE636B3B44636385B1E4
S214026030212D14BF6FF092066FF0860609E004F178
S21402604014003A460099404418F082FE636B3B44C3
S214026050636334A81AF001FA00283FF426AF22E759
S2140260606FF0880621E700BF0000C07F0002C00371
S21402607003020004100000202DE9F04101230E4621
S214026080154604468EB01A4629463046FFF7F7FBF9
S21402609020B9B36813F4C04F03D121200EB0BDE877
S2140260A0F081AB6803F4C043B3F5005FF5D1294B2A
S2140260B00BAFC4E90030A060206239463046FFF7D5
S2140260C037FC0028EAD120460B991AF0CDF94FF09A
S2140260D001084FF0005308A9CDF824800A93FFF771
S2140260E0EFFC304605A9FFF7CAFC0028D6D12046A9
S2140260F005A9FFF7E5FCEB68002BCED1AB6803F4ED
S214026100C043B3F5005FC8D1284601A9FFF78AFB52
S2140261100028C3D1019B6A699A4218D32A6943F0C0
S21402612000530B92CDF830800D9302AB97E8070030
S21402613083E80700194620461AF0F1F9032520469F
S2140261401AF0BBF90128A9D1013DF8D1A6E71D2016
S214026150A4E700BF000001022DE9F043012906462C
S2140261600F4615469846A9B070D8130771D1046831
S21402617024F04003802B02D0B4F5807F6CD120221D
S214026180002120A818F0C5FB354A364BE408012F3B
S21402619008BF134601271F9344F00054331D1C9377
S2140261A01D971E94304C0DF1040C1CAB93E80700AF
S2140261B00DF110098CE8070019ABCDF864801A9728
S2140261C01B9493E8070016AB89E80700CDF85880C1
S2140261D01797189493E80700309B45F0005E07ACCB
S2140261E084E807001393149713ABCDF854E093E8B2
S2140261F00700319B0DF1280888E80700109310ABC2
S2140262001197CDF848E00DAF93E8070087E807003E
S21402621061461FA8FFF754FC4946FFF751FC41466A
S214026220FFF74EFC39461AF07AF921461AF077F94A
S2140262303168C9081AF018F929461AF015F91AF041
S2140262401CF91AF001F929B0BDE8F0836FF02000BE
S214026250F9E76FF02100F6E76FF01F00F3E700BFE3
S21402626003020004030201041000002070B5046853
S2140262700D1B002D02DC6FF05F0070BD94F900600C
S2140262802378002E0ADB631C0360237813600368FE
S214026290C91A13688B42EED80020EEE703F07F039C
S2140262A05C1E032C13D89D42E5DD002414600468AE
S2140262B001340460046815682478013B44EA052426
S2140262C01460046804F101040460F3D1DFE76FF0A0
S2140262D06300D2E770B404680E1B002E06DD267833
S2140262E09E4207D10134046070BCBFE76FF05F00C6
S2140262F070BC70476FF06100FAE72DE9F34106467D
S21402630017461D460190014402236A4601A8FFF77C
S214026310E1FF18B9009B23B96FF0670002B0BDE831
S214026320F081019A92F9000011780028F4DB71B12D
S214026330DDF80080A845EFD8019CA5EB08002146B1
S21402634042463844444418F003FDA01BE6E7511CBD
S214026350013B01910093002BEAD05378002BE7D142
S214026360DAE72DE9F84F4FF0000A07468946164647
S214026370984655465446DDF828B05C4516D20023AA
S21402638018F8040020280CD0ABEB0402012A41D0F6
S2140263900D283FD108EB040252780A2A6ED1013446
S2140263A0EBE70134A3454FF00103E9D1A5EB0A035D
S2140263B003F00303012B30D0AA072ED1AD0805EB5C
S2140263C04505A5EB0A053560B5BB002508EB0409B3
S2140263D029463C46DFF8B8A0C14508D018F8010B9C
S2140263E0A0F10A03DBB2162B2CD93D282ED1032DA1
S2140263F03DD12346C1F38F2203F8022BC1F3970146
S21402640061701C463368E41BA34214BF6FF06D0034
S214026410002004E00A28C2D01BB16FF02B00BDE8B2
S214026420F88F0106F9D43D282AD10AF1010ABAF1F9
S214026430020FF2D80135B2E70FB14D45C5D96FF05C
S2140264402900ECE74AFA03F3DB07C5D54FEA811BBE
S214026450FEF744FE0135042D40EA0B01BCD10B0CBD
S21402646023700B0A6370A17000250334B4E7022D73
S21402647004BFC1F30F1104F8011BC3E7002BCCD1F4
S214026480BAF1000FC9D1FEF729FE0028D2DAC4E716
S214026490F6FFBFFFC388B1EB431F3FBF03684A093D
S2140264A053F8220001F01F013ABFC84000F0010075
S2140264B000207047C1880068FFF744B9034670B5EC
S2140264C01C68DB880846B2EB830F4FEA830519D9AE
S2140264D0521B8E18002118F01CFA30462A4600235A
S2140264E01044934210D1002070BD23F0030161587E
S2140264F003F00306F600F140C9B281B901339D42AA
S214026500F3D1ECE71346FAE723F00301615803F0F0
S2140265100305ED00E94000F8011D0133E1E76FF0E5
S2140265200700E1E730B5C38823B9CA885AB9002BF9
S2140265303DD136E0026802EB830252F8042C002AB0
S214026540F3D1013BF0E70C6804EB820555F8045CD6
S2140265504DBB013AEAE7B1F9045003D2B1F904009F
S214026560404226E0B0F90420002A03DD002D0CDAB2
S21402657001201EE0002D08DD3AB14FF0FF3018E092
S21402658003F1FF330BD2504213E0013B016851F88E
S214026590235054F823108D42F2D9104609E0591CB4
S2140265A0F4D1002005E0002BD8D09342D3D9B0F91D
S2140265B0040030BD1FB54A1C14BF0B4601230193CD
S2140265C00123C90FC1EBC13149000131ADF80C10EE
S2140265D0ADF80E3002A901AB0293FFF7A3FF05B098
S2140265E05DF804FB37B545780C46012D13460ED1EF
S2140265F001AB40680BF06EFE034628B10A4B04223C
S2140266000A49FEF7B0FF0346184603B030BD0178CC
S214026610012906D12246083003B0BDE83040E8F72B
S21402662033BB034BF0E700BFED5102008C4204007F
S214026630809CFFFF38B5416E044601F00303032B2E
S21402664006D1826A32B9436B023B012B1CD8026226
S214026650002038BD056B2378681E0343606A023A41
S214026660003818BF012043EA80130020520843EA8C
S214026670C2032370236AC2B2954200F1010006D813
S21402668053B141F0100161666FF00C00E1E7C2F110
S2140266900F02A3541B0AEEE72246214604F13800F5
S2140266A0FFF7A0FF0028D4D0636E43F010036366A2
S2140266B0CFE70346C06920B15B6A002B14BF0120F6
S2140266C00220704700220123C0E90023C0E902230A
S2140266D0C0E90423704738B5002401250146C0E905
S2140266E00254C0E904540470446085611C30FFF70C
S2140266F0E9FFC1E90D45C1E90F44C1E91144C1E909
S2140267001344C1E91544CC6538BD10B50446FFF7FD
S214026710E2FF00220123C4E9182304F16800BDE861
S2140267201040CFE710B580210120E7F781FE04462E
S21402673008B1FFF7EAFF204610BD38B50546FFF759
S214026740B8FF01280C4601460ED12046FFF732FF5D
S21402675000280BDB204605F13401FFF7E3FE002894
S2140267600348B8BF002038BD0248FCE70048FAE7F5
S21402677080B3FFFF80B0FFFF70B5066C0D4607368C
S214026780B3EBD60F114604464FEAD60203D20023D5
S2140267900A482B6070BD2A60B0F8663043B1FFF736
S2140267A088FF012806D104F16000BDE8704085E646
S2140267B00348EFE76FF06D00ECE700BF00B1FFFFA4
S2140267C080B0FFFF38B504460D4669B103685BB971
S2140267D04B6A13B90020256038BD984760600028D0
S2140267E0F8D1A0F57E50F7E70048F5E780C1FFFF35
S2140267F010B5034B0A461B6800210446984710BD95
S214026800BC74002010B5044610B109B1FFF7F0FFC2
S2140268102046BDE81040E7F7FDBC10B5044648B177
S214026820006818B1E1888900FFF7ECFF0022012317
S214026830C4E9002310BD10B50446FFF7EEFF04F1CD
S2140268400800FFF7EAFF04F11000BDE81040E4E795
S21402685000B1F0E7704742F21073994270B50446F1
S2140268600D4602D96FF00F0070BDC3888B4213D25B
S21402687004212846E7F7DCFD06460028F2D0216808
S21402688041B1E288920018F063FAE1882068890034
S214026890FFF7B8FFE58026600020E5E72DE9F04126
S2140268A00D46C98804461646FFF7D5FF014610BBBB
S2140268B03046FEF747FC03461B4EB4F90420306808
S2140268C00132584022EA0002B5F9040001301840AD
S2140268D00243013AA280D5F800E02268B5F80680A5
S2140268E0724503D08C46043AE04507D8DB43EA8873
S2140268F0E088824210D30846BDE8F081376852F835
S214026900040F5F4020EA07005EF82C700CF1010CC1
S2140269101F4038431060E7E7256855F82200184004
S21402692045F822000132E3E7A46D002038B504469C
S2140269300D4619B9FFF771FF002038BDC2888A429A
S21402694007D100210068920017F0E3FF0123A3801D
S214026950F2E7FFF762FF29462046BDE838407AE7AD
S2140269602DE9F84312F0030318BF012303EB920646
S2140269708846314681461446FFF7D8FF0546B8B921
S214026980B9F80670BE4216D897B1D9F80090BE0084
S21402699001463246484617F0BCFF2CB1301B224651
S2140269A04146484418F0D4F939464846FEF7D8FE20
S2140269B02846BDE8F8836FF00705F9E72DE9F04FA2
S2140269C005468FB01046164609910A93FFF7F2FD68
S2140269D0002840F395802846F188FFF7A7FF044673
S2140269E0002866D13368B5F806900193474F4946AA
S2140269F001983B683B68FEF7A5FEC31DDA08272B05
S214026A002E6804928CBF1E22FA2213F0180518BFB5
S214026A10012505EB53150292AA00A2EBD301B21888
S214026A200592A9EB0502920023F0070306921B1AB1
S214026A307218039107920B93A94561D30021039A1A
S214026A40304617F066FF0021069A059817F061FF98
S214026A50049A079918980A9B9847044648BB1DB1A2
S214026A6029463046FEF77CFE494630460B9AFEF72C
S214026A70BDFD029B013B029345D009993068FEF7A3
S214026A809CFB0122C143D7F80080914515D848EAFD
S214026A900103D7F800A008933B684B46D7F800805E
S214026AA003F1FF3B8BB9089A3B680AEA020A9A4549
S214026AB0C2D020460FB0BDE8F08F56F82200FEF78F
S214026AC041FB013248EA0008DFE7019B53F82B201E
S214026AD056F82B30104619460D930C92FEF76DFBB6
S214026AE00D9B0C9A40EA080811461846FEF765FB0D
S214026AF020EA08034AEA030A48EA00085B46CFE7A8
S214026B006FF00304D5E76FF00D04D2E7A46D002002
S214026B1073B505461E46FFF7CCFD01280C46014616
S214026B200ED113462046009605F13402FFF746FFC3
S214026B30044B10F10E0F18BF0346184602B070BD84
S214026B40014BFAE700B3FFFF80B0FFFF884270B543
S214026B5005460E4609D0C988C28841B92AB1012322
S214026B6092008380006817F0D4FE002070BD4C1E91
S214026B708CB9B6F904300134A242AB8012D2214657
S214026B802846FFF768FE0028F0D131682868A20080
S214026B9018F0DEF8E9E7336853F82430002BE8D122
S214026BA0013CE5E72868121B0021920000EB8400F6
S214026BB017F0AFFEE9E738B504460D46FFF7C6FF05
S214026BC068B905F1080104F10800FFF7BFFF30B904
S214026BD005F1100104F11000BDE83840B6E738BDF3
S214026BE070B50E4601210446FFF735FE054648B944
S214026BF0E28801469200206817F08BFE23681E602A
S214026C000123A380284670BD10B501210446FFF774
S214026C10E7FF58B9012104F10800FFF7E1FF28B9A0
S214026C20014604F11000BDE81040D9E710BD2DE979
S214026C30F84380460D4616461F4613B91C48BDE863
S214026C40F8830430FFF736FC04464046FFF731FD72
S214026C50012881462AD113782BB9012FEED1284676
S214026C60BDE8F843D0E70734E40804F10108B84564
S214026C70E4D822462846711CFFF772FE0028DED1B1
S214026C80494605F11000FFF7ABFF0028D7D133784D
S214026C90042BD3D163000133BB42CFD1224606EB8D
S214026CA0080105F10800BDE8F84359E60148C6E7C1
S214026CB080B0FFFF80B1FFFFF8B504460D46FFF730
S214026CC0F9FBE3882844B0EB431F25D81F2D236821
S214026CD0E68805F01F074FEA551413D96FF0030034
S214026CE0324600FB0430944202F1FF3120D3A21B4D
S214026CF0A64238BF0022324418460021920017F0FE
S214026D0008FE034637B1002103EB8403C7F12005D2
S214026D10A64213D800200AE010F01F0118BF012176
S214026D2001EB50112046FFF796FD0028CED0F8BDA5
S214026D3050F8212043F821200A46D4E71868013487
S214026D4000FA07F20A4343F8042B20FA05F1DFE7BC
S214026D502DE9F84305460E469046D4883CB9F1889C
S214026D60A1420ED26FF009073846BDE8F883D8F87C
S214026D70003003EB840353F8043C002BEFD1013CB4
S214026D80ECE72846FFF767FD07460028ECD1F288B5
S214026D9094420BD2AE4209D028683168121B920088
S214026DA001EB840100EB840017F0D2FFEA88F0883A
S214026DB0824207D92B68121A0021920003EB800048
S214026DC017F0A7FD00221346D5F800C0D6F800E05B
S214026DD0D8F80080944203D1BBB90123AB80C3E745
S214026DE05EF8226058F82200F11A81422CBF4FF05A
S214026DF000094FF00109091A4CF822109E422CBFD6
S214026E004B4609F101030132E4E72A68E98802EBFE
S214026E10840402EB8102944202D1002BDDD0A1E76A
S214026E202168C91A34BF0123002344F8041BF2E781
S214026E3038B50C46051D29462046FFF773FB002889
S214026E4001DA002006E02A4621462046FFF780FFA8
S214026E500028F0D038BD2DE9F0411746B1F90450AC
S214026E609288044612FB05F253430E461DD5394658
S214026E703046FEF773F9B0F100080DDB3A463146AC
S214026E802046FFF765FF28B9B8F1000F08BF0125B5
S214026E900020A580BDE8F08132462046FFF758FF65
S214026EA00028F7D16D42A580F4E7874202D08142DE
S214026EB010D13E460123A380B6F80680B8F1000F33
S214026EC0E6D0336803EB880353F8043C3BB908F179
S214026ED0FF38F3E7FFF73AFE0028EAD0DAE7414642
S214026EE02046FFF7B8FC0028D4D1D6F800C00746E3
S214026EF006462368191F51F8042F5CF82700B218BB
S214026F002CBF012600260137121846F10006B845A6
S214026F100A60F0D103EB8703002EB9D0E28807F1AE
S214026F200108BA4208D841462046FFF794FC0028DA
S214026F30B0D1236803EB87031A68474692192CBF21
S214026F400126002643F8042BE6E7012383E770B503
S214026F500C460546114620461A46FFF7F6FF064639
S214026F6030B9043529462046FFF7DCFA002801DA54
S214026F70304670BD2A4621462046FFF7E9FE002825
S214026F80F0D00646F4E74FF0FF3364E7F8B5046C3A
S214026F900E460734E4089C4228BF1C4611460546A6
S214026FA022463046FFF7DCFC0746C0B92B6CE100F0
S214026FB0B3EBC40F0CD3343529463046FFF7B2FA8A
S214026FC000280CDB2A4631463046BDE8F840DAE7B0
S214026FD03046C91AFEF748FB0028ECD0074638466A
S214026FE0F8BD70B50C460646114620461A46FFF70F
S214026FF0CAFF054688B90436B4F90430002B0CDA09
S21402700000212046FFF7D6FA30B132462146204606
S214027010FFF79BFF0028EFD00546284670BDF7B560
S2140270200D4601230021083504462846CDE9001303
S2140270301646FFF7BFFA211D07462A466846FFF79F
S214027040A2FF044648B9002F0CBF002206F0010238
S21402705069462846FFF722FC04466846FFF7DDFB32
S214027060204603B0F0BD2DE9F04F0123164600225C
S2140270708BB0884207460D46CDE90823CDE90623A4
S21402708006D108A8FFF762FD0446002840D108ADE5
S214027090B74207D1394606A8FFF758FD044600282E
S2140270A036D106AEB5F80680B8F1000F3AD1B6F87A
S2140270B00690B9F1000F3FD1012308EB090A5146A9
S2140270C038460393FFF7C7FB044608BB014638461B
S2140270D0FFF786FD0446D8B92A683B680146049243
S2140270E018464FEA8A02D6F800B017F012FCABF147
S2140270F0040A834600EB890908F10101D94524D127
S214027100039B7BBBAB88B28813FB02F31BB2BB802C
S21402711006A8FFF782FB08A8FFF77FFB20460BB006
S214027120BDE8F08F2B6803EB880353F8043C002B72
S214027130BDD108F1FF38B7E7336803EB890353F88C
S214027140043C8BB909F1FF39B3E75AF8043F5846B5
S2140271500093049A434605910BF1040B0CF032FCA3
S2140271600599CBE70123D2E7B8FA88F35B09A4E7CF
S2140271702DE9F341054688461646CF883FB1D8F832
S214027180003003EB870353F8043C33B13EB90021C9
S214027190284602B0BDE8F04122E5013FEEE7284668
S2140271A0791CFFF758FB044670B941462846FFF79C
S2140271B0CDFC044640B9013E00963B46D8F8002076
S2140271C0E98828680CF0FEFB204602B0BDE8F08194
S2140271D000232DE9F3410C2105460193FFF73BFB03
S2140271E00646002857D12C6801AA204604F1180149
S2140271F0EF88FEF718F8296820462831FEF713F8BC
S2140272000199A36804F108085B18A3602CBF012348
S2140272100023E16840465B18E3602CBF012300238D
S214027220296801931831FDF7FEFF29684046203190
S214027230FDF7F9FF296840462831FDF7F4FF01996A
S214027240236904F110085B1823612CBF0123002375
S214027250616940465B1863612CBF012300232968DD
S21402726001932031FDF7DFFF2968404604EB8707CC
S2140272702831FDF7D8FF019B3A1B193AA36122F089
S214027280030204F119039F4238BF0022314604F17B
S2140272901C0017F03EFB304602B0BDE8F08100232A
S2140272A073B50F2104468DF80330FFF7D4FA05466E
S2140272B0002840F0BA8026680DF103023368F169AF
S2140272C001A80193FDF7D0FFF16AFDF7CDFF019B00
S2140272D09DF9031033602668002973688DF8035001
S2140272E0019380F2A5804942FDF7BEFF316A0DF197
S2140272F0030201A8FDF7B8FF316BFDF7B5FF019B4E
S2140273009DF9031073602668B368019300239942BF
S2140273108DF8033080F28F804942FDF7A5FF716A2F
S2140273200DF1030201A8FDF79FFF716BFDF79CFFAD
S214027330019B9DF90310B3602668F368019300234E
S21402734099428DF8033079DA4942FDF78DFFB16A2A
S2140273500DF1030201A8FDF787FFF169FDF77CFF37
S214027360F16AFDF779FF019B9DF90310F360266829
S21402737033690193002399428DF8033061DA49425A
S214027380FDF772FFF16A0DF1030201A8FDF76CFF2B
S214027390316AFDF761FF316BFDF75EFF019B9DF9D8
S2140273A003103361266873690193002399428DF8AE
S2140273B0033049DA4942FDF757FF316B0DF10302FC
S2140273C001A8FDF751FF716AFDF746FF716BFDF7E5
S2140273D043FF019B9DF9031073612668B36901930D
S2140273E0002399428DF8033031DA4942FDF73CFF1B
S2140273F00DF1030201A8716BFDF736FFB16AFDF7C6
S2140274002BFF019B9DF90310B361236821EAE17209
S214027410DA6100200723E28801339A421AD800294B
S21402742003DAE0222046FDF72AFF284602B070BDA6
S214027430FDF712FF5AE7FDF70FFF70E7FDF70CFFA7
S21402744085E7FDF709FF9DE7FDF706FFB5E7FDF7C0
S21402745003FFCDE7226842F82300DCE70023F7B5F6
S214027460112104468DF80330FFF7F5F90646002889
S21402747040F0398125680DF103022B6801A8296ABC
S2140274800193FDF7E9FE696AFDF7E6FEE96AFDF794
S214027490EBFE296BFDF7E8FE696BFDF7E5FEA96BCF
S2140274A0FDF7E2FE019B9DF903102B60256800297B
S2140274B06B688DF80360019380F218814942FDF7EC
S2140274C0D3FE0DF1030201A8696AFDF7C5FEA96A9B
S2140274D0FDF7C2FE296BFDF7C7FE696BFDF7C4FE1A
S2140274E0A96BFDF7C1FEE96BFDF7BEFE019B9DF998
S2140274F003106B602568AB680193002399428DF8F0
S214027500033080F2F6804942FDF7AEFE0DF103022B
S21402751001A8A96AFDF7A0FEE96AFDF79DFE696B60
S214027520FDF7A2FEA96BFDF79FFEE96BFDF79CFE39
S214027530019B9DF90310AB602568EB68019300235D
S21402754099428DF8033080F2D7804942FDF78CFECF
S2140275500DF1030201A8E96AFDF77EFEFDF77CFE47
S214027560296BFDF779FEFDF777FE696BFDF774FE72
S214027570E96BFDF779FE296AFDF776FE696AFDF783
S21402758073FE019B9DF90310EB6025682B6901933E
S214027590002399428DF8033080F2B1804942FDF70C
S2140275A063FE0DF1030201A8296BFDF755FEFDF7F8
S2140275B053FE696BFDF750FEFDF74EFEA96BFDF715
S2140275C04BFE696AFDF750FEA96AFDF74DFE019B68
S2140275D09DF903102B6125686B690193002399427C
S2140275E08DF8033080F28E804942FDF73DFE0DF1A4
S2140275F0030201A8696BFDF72FFEFDF72DFEA96BAE
S214027600FDF72AFEFDF728FEE96BFDF725FEA96ABF
S214027610FDF72AFEE96AFDF727FE019B9DF9031096
S2140276206B612568AB690193002399428DF803309C
S2140276306BDA4942FDF718FEAF6B0DF1030201A8A3
S2140276403946FDF709FEFDF707FEE96BFDF704FE76
S214027650FDF702FE3946FDF7FFFD696BFDF7FCFDFF
S214027660296AFDF701FE696AFDF7FEFD019B9DF999
S2140276700310AB612568EB690193002399428DF8EC
S214027680033045DA4942FDF7EFFD0DF1030201A88A
S214027690E96BFDF7E1FDFDF7DFFDFDF7DDFD296A8C
S2140276A0FDF7DAFDA96AFDF7DFFDE96AFDF7DCFD05
S2140276B0296BFDF7D9FD696BFDF7D6FD019B9DF998
S2140276C00310EB61236821EAE1721A6200200823A4
S2140276D0E28801339A421ED8002904DA4FF48072F7
S2140276E02046FDF7CCFD304603B0F0BDFDF7B4FDF5
S2140276F0E7E6FDF7B1FD09E7FDF7AEFD28E7FDF782
S214027700ABFD4EE7FDF7A8FD71E7FDF7A5FD93E794
S214027710FDF7A2FDB9E7226842F82300D8E72DE973
S214027720F04F05460F461046002197B09346FEF7E7
S21402773041FF0028C0F2868105D16FF00B04204677
S21402774017B0BDE8F08F00230126CDE90936CDE952
S2140277500B36CDE90D36CDE90F36674B59461293F7
S214027760384613AB1193FDF7F9FC002817DA35B14A
S21402777039462846FFF7EAF90446002849D100218F
S2140277802846FEF717FF0028C0F24B8159462846C6
S214027790FEF7C8FE002880F24B810024CFE7394668
S2140277A009A8FFF7D3F9044698BB59460BA8FFF77A
S2140277B0CDF9044668BBF9880DA80231ADF83060F1
S2140277C0ADF82860FFF747F8044610BB01460DA83F
S2140277D0FFF706FA0446E0B9F9880FA80231FFF768
S2140277E03AF80446A8B90BA8FEF764FE00F01F009C
S2140277F01F2821D0C0F11F03194609A80093FFF7DE
S2140278005BFA044628B900990BA8FFF755FA044616
S21402781098B109A8FFF701F80BA8FEF7FEFF0DA81E
S214027820FEF7FBFF0FA8FEF7F8FF0C2113A8FEF7E2
S214027830DFFF002CA3D082E70094BDF82A60BDF8D3
S21402784032900BA8A6EB090A4FEA4A184146FFF700
S21402785033FA04460028DCD14FEA8A0A0BA909A8A3
S214027860FEF760FE002838DA41460BA8FDF7FCFE5C
S21402787004460028CDD109F1FF3301939B0006F19F
S214027880FF38049306F1804609F18043023B013E2D
S2140278909B00A6EB09060793B3000293019B4345A0
S2140278A02CD3002DB5D0009909A8FDF7DDFE0028DF
S2140278B040F0B380BB8809A92846ADF82830FFF708
S2140278C045F90146002840F0AA802846FEF772FED7
S2140278D000289ED10123AB809BE70D9A09A952F896
S2140278E00A300846013342F80A300BAAFFF74BFB70
S2140278F004460028B2D08CE7010003000B9B049AD2
S21402790003931344DDF824900693039B4FEA880AF8
S2140279109A5859F82810AAF104030D9E0593029B63
S21402792091421E4474D20598002359F8000016F0BE
S214027930FFFD002914BF4FF0FF330346B8F1010FD5
S21402794033600EBF002309EB0A0353F8083C079A7C
S2140279501393059B59F80330149359F80A3015937C
S214027960336801333360039B13449946336800211E
S214027970013B33600FA8FFF733F900284DD1019B76
S214027980002B48D0D9F800200F9B0FA91A60069A40
S214027990084612685A603268FFF7EAFB00283CD1B4
S2140279A011A90FA8FEF7BEFD0028DFDC32680BA97E
S2140279B00FA8FFF7DDFB80BB029B0FA84FEAC309A7
S2140279C04946FFF779F940BB09A908460FAAFFF70F
S2140279D0DAFA014618BB09A8FEF7ECFD002812DA0F
S2140279E00BA90FA8FFF7B2F8B8B949460FA8FFF7D8
S2140279F063F990B909A908460FAAFFF7A6FA60B973
S214027A003368013B3360029B08F1FF38043B44E7CE
S214027A104FF0FF3392E7019AB6E70446F9E60C46C2
S214027A20F7E65A4629462846FFF78FFA044600E745
S214027A305A4629462846FFF7A6FA044600283FF487
S214027A40A5AE7CE66FF0090479E62DE9F04306461A
S214027A500F461046012197B01546FEF7ABFD0028EB
S214027A6040F3CA8100220123394612A8CDE90E232B
S214027A70CDE90C23CDE90A23CDE90823CDE910236D
S214027A80CDE90623CDE90423CDE90223CDE900237F
S214027A90CDE91223CDE91423FFF758F8044608B1BE
S214027AA012A806E0294614A8FFF750F8044612A8C2
S214027AB01CB3FEF7B2FE14A8FEF7AFFE0EA8FEF742
S214027AC0ACFE0CA8FEF7A9FE0AA8FEF7A6FE08A8BA
S214027AD0FEF7A3FE10A8FEF7A0FE06A8FEF79DFE80
S214027AE004A8FEF79AFE02A8FEF797FE6846FEF77F
S214027AF094FE204617B0BDE8F083FDF710FE8146DF
S214027B0014A8FDF70CFE804650B9214614A8FEF7CD
S214027B10C1FC28B9394610A8FFF718F804463CE01D
S214027B200123ADF85430ADF84C30002112A8FEF710
S214027B3041FD58B9C145494614A828BF4146FFF73A
S214027B40BBF804460028ABD114A9E4E712A8FDF757
S214027B50E6FD014612A8FDF787FD0446E8B914A81B
S214027B60FDF7DDFD014614A8FDF77EFD0446A0B92B
S214027B7014A912A8FEF7D6FC0028C0F2A28012A909
S214027B80084614AAFFF7E4F8044630B9012112A801
S214027B90FDF76AFD04460028C7D012A8FEF73DFE90
S214027BA014A8FEF73AFE002C88D1012110A8FEF791
S214027BB001FD002840F01D812A4639460EA8FFF72F
S214027BC0AEFD044600287FF479AF0EA90CA8FEF796
S214027BD0BDFF044600287FF471AF294606A8FEF7CB
S214027BE0B5FF044600287FF469AF294604A8FEF7CD
S214027BF0ADFF044600287FF461AF01210AA8FEF714
S214027C00EFFF044600287FF459AF014608A8FEF7A6
S214027C10E7FF044600287FF451AF014602A8FEF7AC
S214027C20DFFF044600287FF449AF01216846FEF7CD
S214027C30D7FF044600287FF441AF0C9B1B68D80789
S214027C404BD5049B1B68DB0776D504A90CA8FEF768
S214027C5069FC0028C0F2A3800CA9084604AAFFF714
S214027C6092F9044600287FF429AF0AA9084602AA18
S214027C70FFF789F9044600287FF420AF08A96A4670
S214027C800846FFF780F9044600287FF417AF002164
S214027C900CA8FEF78FFC0028CFD1002102A8FEF721
S214027CA089FC0028C0F29180294602A8FEF73AFC19
S214027CB0002880F29480304602A9FEF747FF044669
S214027CC0FCE614A9084612AAFFF742F80446002862
S214027CD07FF463AF012114A85AE701210CA8FDF72F
S214027CE0C3FC044600287FF4E9AE0A9B1B68DF0744
S214027CF010D4089B1B68DC070CD401210AA8FDF7E8
S214027D00B3FC044600287FF4D9AE012108A8FDF78B
S214027D10ABFC8EE70AA9084606AAFFF716F9044640
S214027D2000287FF4CBAE08A908460EAAFFF72BF967
S214027D3004460028E1D0C1E6012104A8FDF794FC20
S214027D40044600287FF4BAAE029B1B68D90714D4F7
S214027D50009B1B68DA0710D4012102A8FDF784FCF9
S214027D60044600287FF4AAAE01216846FDF77CFC93
S214027D70044600283FF465AFA0E602A9084606AA14
S214027D80FFF7E3F8044600287FF498AE6946684693
S214027D900EAAFFF7F8F804460028DDD08EE604A9FE
S214027DA008460CAAFFF7EFF8044600287FF486AED2
S214027DB002A908460AAAFFF7E6F8044600287FF456
S214027DC07DAE6946684608AA5BE702A92A460846C7
S214027DD0FFF7BBF8044600283FF45FAF6EE602A941
S214027DE02A460846FFF7CFF8044600283FF45CAF61
S214027DF064E66FF00D0461E66FF0030479E6F8B509
S214027E000C460646114620461A46FFF72CF905464A
S214027E1058BBB76C2FB921462046321DBDE8F84044
S214027E207DE4B4F90430002B04DA01462046FEF75E
S214027E30C1FB68BB2046FEF73DFBF36BB0EB430F7E
S214027E4026D82046B847054678B90436B4F9043031
S214027E50002B04DA00212046FEF7ACFB38B9314687
S214027E602046FEF75FFB00280ADA2846F8BD3246AF
S214027E7021462046FFF769F80028E7D00546F4E7D2
S214027E80324621462046FEF763FF0028E7D0F5E794
S214027E90004DEAE780B0FFFF2DE9F74301F1100637
S214027EA00546894630460021FEF784FB0446A0B309
S214027EB000230127314668462A1DCDE90037FFF721
S214027EC0C4FD044630BB09F108086B4642464146EB
S214027ED02846FFF794FF0446E0B96B466A466946B1
S214027EE02846FFF78CFF0446A0B96B464A46494629
S214027EF02846FFF784FF044660B96B464246414671
S214027F002846FFF77CFF044620B939463046FEF77E
S214027F1067FE04466846FEF780FC204603B0BDE8CE
S214027F20F0832DE9F84F1E4603F10805C3680446A0
S214027F308A469046002B40F0C08002F110031A4693
S214027F402946FFF75CFF002840F0EF8006F1100795
S214027F502B46424639462046FEF7F9FF002840F0F7
S214027F60E48006F118092B46424649462046FFF7AA
S214027F7038F8002840F0D9804B463A462946204633
S214027F80FFF73DFF002840F0D08003222946304606
S214027F90FFF7EEF8002840F0C88031462046FEF78C
S214027FA047FF002840F0C18008F1080B06F11007D1
S214027FB05B465A4639462046FFF721FF002840F026
S214027FC0B480394620460AF031FF002840F0AD80E2
S214027FD03B46424629462046FFF711FF002840F05E
S214027FE0A480294620460AF021FF002840F09D8002
S214027FF006F118093B463A4649462046FFF7FFFE79
S214028000002840F09280494620460AF00FFF0028DA
S21402801040F08B803346324639462046FFF7EFFE65
S214028020002840F082802B463A4639462046FEF724
S214028030D8FF002879D12B463A4639462046FEF725
S214028040D0FF002871D13B462A4629462046FEF735
S214028050C8FF002869D133462A4629462046FFF73C
S214028060CEFE002861D14B462A4629462046FEF718
S214028070B8FF002859D15A464946204608F110034F
S214028080FFF7BDFE002850D1494620460AF0CEFE34
S21402809000284AD139465046FEF758FD002844D1FA
S2140280A029460AF10800FEF751FDF0BB49460AF1DF
S2140280B01000BDE8F84FFEF749BD13462946FFF704
S2140280C09EFE90BB032229463046FFF751F860BB5E
S2140280D031462046FEF7ACFE38BB04F10C070146DB
S2140280E03846FEF767FA00283FF45EAF08F1100341
S2140280F01A4629462046FFF782FEB0B906F1100955
S2140281002B462A4649462046FFF779FE68B93B4683
S2140281104A4629462046FFF772FE30B92B463246BB
S21402812031462046FEF713FF3BE7BDE8F88F2DE900
S214028130F14F9A461B6904460E4691460A9D002B4D
S21402814000F0D38002F1100700213846FEF732FA1B
S21402815030B95146304601B0BDE8F04FFEF72BBDB0
S2140281600AF1100800214046FEF724FA08B94946EB
S214028170F0E701214046FEF71DFA002840F0B580E0
S2140281803B463A4629462046FFF739FE002840F08D
S214028190AD8005F108083B462A4641462046FFF7D1
S2140281A02EFE002840F0A28053462A462946204644
S2140281B0FFF725FE002840F09980424641462046B9
S2140281C00AF10803FFF71BFE002840F08F804B469B
S2140281D02A4629462046FEF704FF002840F08680FD
S2140281E009F1080B5B46424641462046FEF7F9FE79
S2140281F000287BD100212846FEF7DCF9014688B923
S2140282004046FEF7D7F938B92B464A46314620464D
S21402821001B0BDE8F04F84E6304601B0BDE8F04F4D
S214028220FEF7F2BC2B463A46204606F11001FFF74F
S214028230E6FD00285AD105F110072B462A46394694
S2140282402046FFF7DCFD002850D105F1180A2B4620
S2140282503A4651462046FFF7D2FD002846D14B4605
S2140282603A4639462046FFF7CAFD00283ED139462F
S2140282702846FEF76BFCC8BB294620460AF0D6FD08
S214028280A0BB4346424631462046FFF7B8FD68BBD0
S2140282902B46324631462046FEF7A3FE30BB5346F7
S2140282A0324631462046FEF79CFEF8B933463A4639
S2140282B039462046FEF795FEC0B943463A46394649
S2140282C02046FFF79CFD88B95B465246514620463B
S2140282D0FFF795FD50B953463A46204606F1080187
S2140282E001B0BDE8F04FFEF77CBE024801B0BDE823
S2140282F0F08F00BF80B0FFFF2DE9F0430E46054623
S214028300012189B006F11000FEF754F90446002850
S21402831040F086802846FEF7CCF90128804640F0D9
S214028320818021463046FEF745F9002878DB06F1C3
S214028330080921464846FEF73DF9002870DB2F1D46
S21402834039463046FEF7EEF8002869DA39464846DE
S214028350FEF7E8F8002863DA4B464A46284602A9A2
S214028360CDE90248CDE90448FFF749FD0446002856
S2140283704CD133463246284604A9FFF740FD044650
S214028380002843D1EB68002B36D1032301934FF02C
S214028390011304A90793084601AB06AA0693FEF743
S2140283A0F2FD044690BBBDF91430002B04DA00211E
S2140283B004A8FEF7FFF8C8B904AA334611462846B1
S2140283C0FFF71DFD044608BB04AA1146284605F120
S2140283D01403FEF7BCFD0446C0B904A902A8FEF7C2
S2140283E0A1F8114B041E18BF1C460FE004A93A461A
S2140283F00846FEF7AAFDD4E704AA1146284605F168
S2140284000C03FEF7A4FD04460028D5D002A8FEF70A
S21402841004FA04A8FEF701FA204609B0BDE8F08384
S214028420014CF9E7014CF7E780B3FFFF80B0FFFF8E
S2140284302DE9F0439846002385B005460C461746BC
S21402844000F110016A463830CDE90033CDE9023337
S214028450DDF83090FEF7C6F8064658B16B6E43F06C
S21402846010036B6668461021FEF7C2F9304605B067
S214028470BDE8F0830DEB04010446221D974209D2A3
S214028480A742EFD918F804300A5D534009F80430C1
S2140284900134F5E758F804300859434049F80430E7
S2140284A01446EAE770B5044658B3436C012B11D064
S2140284B00C30FEF7B2F904F11400FEF7AEF904F13F
S2140284C01C00FEF7C5F904F13400FEF7A6F9201DDC
S2140284D0FEF7A3F9A36D8BB92046BDE87040602174
S2140284E0FEF786B906FB0500FEF7B2F90135D4E9B8
S2140284F01603AB42F6D8E5F78DFEEDE70025182603
S214028500F5E770BD10B5044658B1FFF7CBFF04F18E
S2140285106000FEF782F904F16800BDE81040FEF73D
S21402852097B910BD10B50446FFF7ECFF2046BDE82C
S2140285301040E5F76FBE38B504460D46FFF7B2FFAA
S2140285402046FEF7C8F8022D25702DD0032D47D001
S214028550012D60D1324B334AA364334BA260A26131
S214028560A2632262A26203F1600262624FF001120B
S21402857003F11801616103F13001616303F14801FF
S2140285806360E16122637833E362201DFDF792FFA8
S214028590E06304F13400FDF78DFF20640020012320
S2140285A0C4E91600636438BD204B214AA364214BFC
S2140285B0A261A360204BA2632262A26203F174024C
S2140285C062624FF0011203F12001616103F13C0186
S2140285D0616303F158016360E1612263043BD3E700
S2140285E0164B144AA364164BA260A261A2632262CF
S2140285F0A26203F1800262624FF0011203F12001CF
S214028600616103F14001616303F160016360E1614E
S2140286102263943BB8E700230A482370C3E700BFEF
S214028620D1710200010006009C4204009F72020003
S2140286300100070001000800184304005D740200F0
S214028640A843040080B1FFFF2DE9F0410D46014624
S214028650284617469846FFF76EFF0446B0B92846E6
S214028660FEF727F8012805F1600612D14246394680
S2140286703046FEF775F9044628B931462846FEF715
S2140286805CF8044610B13046FEF7C7F82046BDE84F
S214028690F081014CF7E700BF80B1FFFF10B504463A
S2140286A0006810B16168FEF7ADF8A068E5F7B2FDA4
S2140286B02046BDE810400C21FEF79AB810B50368B4
S2140286C004461BB19B6A0BB1406898472046BDE83A
S2140286D01040A021FEF78CB8434213F07F031CD053
S2140286E05F2BC3F1000000F3B48010F10E0F31DAF5
S2140286F010F13B0FC0F2DB8010F1100F00F0F28099
S21402870010F10F0F00F0898010F1210F1FD010F129
S214028710200F67D010F1220FBBE010F56E5F00F05D
S214028720D88000F3938010F59C4F76D05DDC10F570
S214028730C44F00F0C58031DC10F5C74F00F0C3808F
S2140287403FDB10F5C64F68D010F5C54F39D16FF034
S21402875086007047012300F10E02934040F2175242
S2140287601342F4D100283FD010F1080F08BF6FF073
S214028770890018BF6FF083007047012300F16C0276
S214028780934041F250521342E1D1DB0700F1A78039
S21402879010F16A0F08BF6FF08C00EAE710F5A24FDF
S2140287A0D5D011DC10F5C14F1CD006DC10F5C34F36
S2140287B000F0988010F5C24FC8E710F5A34F00F0FE
S2140287C091806FF08300704710F59E4F00F087800F
S2140287D005DC10F5A14F05D010F59F4FB6E710F552
S2140287E09D4FEED16FF08500704710F5785F6DD023
S2140287F01EDC10F5994FAAD008DC10F59B4F71D0FD
S21402880010F59A4FDDD16FF09300704710F57E5F3A
S21402881068D005DC10F5984FD3D16FF094007047FE
S21402882020F0800010F57C5F08BF6FF08600A0E79E
S21402883010F5705F4DD0C4DC10F5725FD2D0C0DC8C
S21402884010F5765F83D010F5745F7FE710F15F0F47
S21402885029DA10F16C0F90DA10F1700F3CD010F19B
S2140288606F0F1ADA10F5645FD7D00DDC10F5685F6B
S214028870B8D006DC10F56C5F3FF469AF10F56A5F9E
S214028880AFE710F5665FACE710F5625F27D010F130
S214028890720F08BF6FF085006BE710F16E0F08BF0E
S2140288A06FF0960065E700287FF71FAF89E710F1A3
S2140288B03D0FA8DA10F1400F08BF6FF0930058E79B
S2140288C06FF0950070476FF0960070476FF091005A
S2140288D070476FF0840070476FF0920070476FF039
S2140288E0890070476FF08C00704741F2052398426A
S2140288F01AD8B0F5905F09D241F2010398420CD023
S214028900B0F5885F09D06FF0850070472923A0F57F
S214028910905080B2C340DB07F5D511F0070F0CBFAD
S21402892000206FF086007047B0F5105FEBD121F0A3
S2140289304003802B06D0B1F5807F0CBF00206FF07D
S214028940860070470020704770B5046A05460E46DA
S2140289503CB90120E5F76CFD286228B120466E621C
S21402896070BD6FF08A00FBE76FF08C00F8E791426B
S214028970F8B506460C4600F01D8121F0FF00B2490C
S21402898088420CD122F0FF0383423CD114F0FF034D
S21402899034D0AE4943F000738B422FD10AE1AC4D7E
S2140289A0A84216D0AB4B98420DD024F4FF7323F0A6
S2140289B00103B3F1062F06D0A74FB84203D0A7F59E
S2140289C0A067BB4267D122F0FF038B422DD1002263
S2140289D0F0E022F0FF038B42F9D0834227D184EAEB
S2140289E00203FF2BF3D89A4B984200F0FE80994977
S2140289F0884240F04B8114F0FF010FD112F0FF03C2
S214028A0040F0E1801EE192498B4210D184EA0201D5
S214028A10FF29DCD814F0FF0100F0DC808B4841F01F
S214028A200071814240F0EA80C4E0AB42D6E7894D4D
S214028A30AB4200F09B8022F4FF7121F00101B1F1FC
S214028A40062F06D0844FBB424AD005F50075A942D0
S214028A5021D184EA0201FF29B9D87B4D24F487513B
S214028A6021F01F01A94240F00D8114F0FF01D5D17B
S214028A7078498B4200F0DD8022F4FF7121F001017B
S214028A80B1F1062F00F0D5807348834200F0D18002
S214028A90724B9942B2D004F0FE45B5F1A06F2AD1CE
S214028AA002F0FE43B3F1A06F91D184EA020333F4DD
S214028AB07E138CD12504C4F30543C2F3054002F4A9
S214028AC0004140F1F180002900F0EA80834238BF7D
S214028AD0034624F47E1242EA034242F4004269E06C
S214028AE084EA0201FF2940F2998004F0FE45B5F1BE
S214028AF0A06F3FF46CAFB5F1407F7FF468AF02F031
S214028B00FE43B3F1407F7FF462AF84EA020333F49C
S214028B107E157FF45CAF31462046FCF721FC002828
S214028B207FF455AF14F47C1300F0C680C4F30543FB
S214028B3012F47C1504F4004C02F4004700F00B819A
S214028B40C2F30540BCF1000F00F04E810546002F2F
S214028B5000F046819D4238BF1D462D0405F47C1563
S214028B6024F47E142C4344F4004223E084EA0201F7
S214028B70FF29BAD8344988421ED001F5805188426E
S214028B800FD0984240F0828014F0FF017FF446AF87
S214028B9030498B424DD112F0FF0314D104F0FE454A
S214028BA0A9E714F0FF033FF429AF284943F0007306
S214028BB08B4204D11046F8BD14F0FF03F5D112F033
S214028BC0FF033FF404AF214943F000738B427FF466
S214028BD062AF08E012F0FF02ECD01C4B42F00072CB
S214028BE09A427FF4F4AE2246E4E714F0FF030AD07A
S214028BF0164943F000738B42DCD0034614498B427D
S214028C007FF436AF15E012F0FF02D3D00F4B42F0DE
S214028C10007199420CBF22460022CBE70A498842DD
S214028C201ED114F0FF0304D0084943F000738B42B0
S214028C30C0D012F0FF03C6D104F0FE45B5F1A06F16
S214028C407FF459AF1A46B5E700030006FF0000029C
S214028C5000130006000200060009000600040006D3
S214028C6063498842DDD0A8428ED0624D24F47F71DB
S214028C7021F00301A94201D09842BFD114F0FF01AE
S214028C80BCD0CBE65C4988423FF4EFAE594D24F4A3
S214028C907F7121F00301A942F0D058498842ECE7DF
S214028CA0834288BF002285E700293FF490AE8342C4
S214028CB02CBF224600227DE751492140B1F1607F58
S214028CC038D15048E1B241F00071814241D001F101
S214028CD07E4104390F293FF62BAF01A050F821F050
S214028CE0258D0200258D0200318B0200538D020075
S214028CF0218D0200298D02002D8D0200318D020089
S214028D00218D0200298D0200318B0200318B020078
S214028D10218D0200298D02002D8D0200318D020068
S214028D201C2305E7142303E7202301E73023FFE68D
S214028D304023FDE6B1F1707F7FF4FAAE06F4E0411F
S214028D40B1F5005F7FF4F4AE0123C6F302218B4037
S214028D50EEE61023ECE62A491140B1F1607F1ED1FF
S214028D602848D1B241F00071814237D001F17E41EC
S214028D7004390F2916D8DFE801F00A0A1531080C63
S214028D800E10080C1515080C0E101C20DAE614201E
S214028D90D8E62020D6E63020D4E64020D2E6B1F14E
S214028DA0707F11D03846BCF1000F7FF4D0AE002F92
S214028DB07FF419AF83427FF40AAE1B0403F47C13DC
S214028DC024F47E121A43F5E606F4E041B1F5005F9C
S214028DD0E8D10120C6F30226B040B3E61020B1E681
S214028DE0AB4288BF0022E5E6002FE3D05FE700BF74
S214028DF00013000600040006000200060009000632
S214028E000000C07F0300000238B50446006A10B1B5
S214028E10616AFDF7F7FC237E012B0FD0023B012B84
S214028E200FD8E369012B0CBF00256FF096052822A8
S214028E300021204615F06DFD284638BDE369002B5B
S214028E40F1E76FF09605F2E72DE9F041364B04465E
S214028E505A780E46022A98B062D11B78072B5FD149
S214028E600EA817F0FAFA054638BB01905EB324B393
S214028E7036F0030706F0030822D04FF0E063CDE990
S214028E800E3001230B940C9347F000530D930BAA5C
S214028E9005AB1090169007CA83E8070019460EA87D
S214028EA017F03DFB394617F0DFFA17F006FB38B12C
S214028EB03A462946204615F02CFD6FF0920003E054
S214028EC0B8F1000F03D1002018B0BDE8F0810025EC
S214028ED04FF0E063CDE90E3501AB08930123099309
S214028EE0124B08AA0A9302AB07CA83E80700194680
S214028EF00EA81095169517F012FB042117F0B4FA77
S214028F0017F0DBFA08B13246D3E7019A3C44C300B5
S214028F10013022FA03F3804504F8013BF7D1D2E789
S214028F206FF08800D0E700BF38470020040000201A
S214028F30084608B51146FFF787FF002818BF6FF0EE
S214028F403B0008BD028843884068000A51D102F4FB
S214028F50E040B0F5805F02D0B0F5005F05D1073380
S214028F60DB0840D16FF08500704702F44F40B0F541
S214028F70844F03D10733DB080AD1F3E747F2010037
S214028F80824208D15B080133DB0803EBC3033B33A1
S214028F9000200B60704744F20100824202D1DB08D7
S214028FA01033F5E747F20200824204D1DB0803EBF6
S214028FB043035A33ECE744F20200824204D1DB0850
S214028FC003EB43034A33E3E722F0FF02B2F5E24F34
S214028FD0D0D0B2F5824FC5D10733DB085B00013330
S214028FE0012BD5D1BEE722F0FF02B2F5824FCFD1D8
S214028FF0F6E700236FF086000B6070472DE9F74313
S21402900005460E4600F16809002178301746984654
S214029010FDF7D0FA80B133464246494628460097C5
S21402902009F03EFCFFF758FB0446A0B13A46002181
S214029030304615F06EFC0EE0094B05F16002009317
S214029040494605F11C03284609F06CFCFFF744FB71
S21402905004460028DFD0204603B0BDE8F08300BFF8
S214029060318F02002DE9F04F89B0039300230E469C
S214029070039907461446CDE905330B60002A00F033
S214029080E980B2F1005F80F0E88005AA06A909F03F
S214029090DCFE824680B90698436AA3B1069D6B88B9
S2140290A0D5E9088904936B681B0A19D06C4A934267
S2140290B000F0B4806FF0860A0698002800F0A280BE
S2140290C0FFF7A2FE9EE07B681B0A02D0644A934228
S2140290D0F0D12146FFF738FC82460028DED0EBE7C7
S2140290E02B8803F44F43B3F5824F12D0288800F43E
S2140290F0E043B3F5805F1ED1049B23B30499FFF7C8
S214029100F4FB82460028D7D10731B4EBD10F08D042
S214029110D0E722463146284604ABE6F747F88246B1
S21402912028B9A14580F08B806FF0890AC4E710F158
S214029130860FC1D1DAE7B3F5005FDDD0430405D46C
S2140291406FF0850AB8E7E3000493D7E7DFF814B1B7
S21402915000EA0B03B3F5824FF2D10023079307AB65
S214029160698832460093234609F096F9079C8246A0
S21402917030B12046FFF7C6F92046E5F74BF89BE7E5
S2140291802B88226C03EA0B0BBBF5824F03D1D9B2B4
S214029190412908BF013203F4E043B3F5804F05F1DD
S2140291A02401049232D10B464A4641462046FFF736
S2140291B025FF82462046FFF7A5F92046E5F72AF85E
S2140291C0BAF1000F7FF478AF0699049B4A88002A0A
S2140291D03CD14B804FF6F87293420698B0D83B8843
S2140291E01BB102889A427FF465AF7B881BB1428826
S2140291F09A427FF45FAF039909F06DFE824600281B
S2140292007FF45AAF504609B0BDE8F08F4B4642464F
S2140292102046FDF7B1FAFFF75FFACAE72B8803F498
S2140292204F43B3F5824F8BD122463146284604ABD4
S214029230E5F7BCFF824600283FF473AF3CE72246C0
S2140292403146404615F084FD6C62BDE79A427FF4D3
S21402925031AFBFE76FF0860AD4E76FF0850AD1E731
S2140292600200800000CFFFFF10B5036804462BB152
S214029270054A934205D10430FCF7B0F9002020607D
S21402928010BD6FF08800FBE70900000210B5044627
S214029290006838B1012806D0042808D06FF088008C
S2140292A00023236010BD201DFFF7DEFFF8E7201D18
S2140292B0FCF794F9F4E710B50446F0B10368E3B19D
S2140292C0806838B12279012A11D1FFF7DFFFA06842
S2140292D0E4F7A0FFE06820B1236899784900FDF71B
S2140292E091FA2046BDE810401021FDF781BA1B789E
S2140292F0092BECD1FCF772F9E9E710BD38B5054643
S2140293002B683BB112B90024204638BD012B04D08D
S214029310042B15D06FF088040EE068680A4B98425A
S214029320F8D105F10800FCF7CFFC08F0B7FFFFF70D
S214029330D3F904460028E6D02846FFF7A7FFE3E75E
S214029340281DFCF7C1FCF4E70900000210B5C0B105
S2140293500368B3B10479012C09D18068FFF7CEFF08
S214029360BDE810400422084B0849FCF7FCB81B78FD
S214029370092B06D18068FCF7A7FCBDE8104008F070
S2140293808DBF034810BD00BFED51020048440400E3
S21402939000AFFFFF10B4046824B1C36813B15DF8D0
S2140293A0044BD3E701485DF8044B704700AFFFFF5C
S2140293B070B5036805460C4613BB134B994215D18C
S2140293C0061D3046FCF70AF921463046FCF7DCF863
S2140293D008F064FF064628B92C603046BDE87040A7
S2140293E0FFF77AB92846FFF73FFFF6E701F0FE449B
S2140293F0B4F1007F14BF6FF086006FF0850070BD79
S2140294006FF08800FBE700BF09000002F8B50E46C1
S21402941001680546F9B906F0FE43B3F1007F20D194
S214029420071D7422384615F074FA31463846FCF7A2
S214029430ABF8044668B110F1860F0ED131463846B5
S214029440FFF7B6FF044640B9012300242B602046EE
S214029450F8BD0423F9E76FF088042846FFF716FFE5
S214029460F5E76FF08604F8E770B5044608B30368BC
S214029470FBB102791B78012A11D1092B0E4D18BFB8
S21402948000258068FFF702FF2946A068FFF7BEFFA7
S214029490BDE870400422094B0949FCF764B8092B61
S2140294A007D105498068FCF76FF8BDE8704008F000
S2140294B0F5BE044870BD00BF09000002ED5102006F
S2140294C04844040000AFFFFF38B5036804465BB1AA
S2140294D0C5684DB1FFF7C8FF38B92368294620464C
S2140294E09A78BDE8384031E7004838BD00AFFFFF44
S2140294F02DE9F34114461D460378394A43F00073BA
S2140295009342074688462C6006D1002C62D16FF043
S214029510890002B0BDE8F08103F17E43043B0F2BC5
S21402952022D801A252F823F0BF950200BF9502008E
S214029530699502000B950200B7950200AF950200EE
S214029540A79502009F950200B7950200AF9502000C
S2140295506995020069950200B7950200AF95020070
S214029560A79502009F95020024B12246212140467B
S21402957015F0CFF900263A681A4B9A422CD10023EE
S214029580202241460193381D01AB08F0C5FC08F0C5
S21402959085FEFFF7A1F80028BBD12E60B9E7002CA4
S2140295A0B5D040260EE0002CB1D030260AE0002CC2
S2140295B0ADD0202606E0002CA9D01C2602E0002C06
S2140295C0A5D0142622462121404615F0A2F9B4421F
S2140295D0D1D29CE71026F5E76FF0880099E700BF26
S2140295E0030000020900000238B500241C6005468C
S2140295F0006898B1012808D004280BD06FF08804C0
S2140296002846FFF743FE204638BD281DFFF770FFA9
S2140296100446F5E7281D08F07FFCF9E76FF088049A
S214029620F1E707B5F0B10268E2B10379012B0CD17C
S21402963001AB52788068FFF7D7FF04220B4B0C4928
S21402964003B05DF804EBFBF78EBF1378092B09D144
S214029650202201AB806808F05FFC03B05DF804EBE3
S21402966008F01CBE034803B05DF804FBED5102008F
S2140296704844040000AFFFFF2DE9F0410E461746AE
S214029680054688B000286DD00368002B6AD0C268F1
S214029690002A67D09B78BB4214D2FFF7E5FE044649
S2140296A000283BD13A4631462846FFF74FFE04468D
S2140296B0A0BB69462846FFF7B4FF044670BB6E4659
S2140296C02B685F782B68D5F80C809A78362140464E
S2140296D008EB020415F01DF92B685C219A782046E7
S2140296E015F017F90023191D8F4208EB03021DD24D
S2140296F09F4223D80023191D8F4204EB030224D273
S2140297009F4228D82846FFF7AFFE044630B92B689A
S214029710414628469A78FFF719FE044620216846F5
S214029720FDF766F8204608B0BDE8F081F25858F812
S2140297300300424048F803200B46D4E7F05C117859
S2140297400133414002F8011BD2E7F258E05842408A
S214029750E2500B46CFE7F05C11780133414002F845
S214029760011BCDE7004CDDE700AFFFFFF0B5036855
S21402977004460D4689B0F3B1C668E6B169469F78DD
S214029780FFF74FFFA8B92046FFF76EFE88B9236899
S21402979020469A78F119FFF7D9FD50B92368694631
S2140297A020465A78FFF7D2FD18B929462046FFF719
S2140297B038FF09B0F0BD0148FBE700BF00AFFFFF6E
S2140297C02DE9F047066805460F4690468AB006B170
S2140297D0767897B3B8F1000F0CBF4FF001094FF03F
S2140297E002090023294C05F1100A99458DF8043028
S2140297F01BD92846FFF768FE0446B0B932465146E2
S2140298002846FFF7C7FD044678B90122284601A973
S214029810FFF7C0FD044640B9B9F1020F10D0284642
S21402982002A9FFF7A3FF044698B102A82021FCF77D
S214029830DFFF20460AB0BDE8F0874FF00109D0E707
S214029840424639462846FFF7A5FD04460028E6D0DC
S214029850EBE73246284602A9FFF70EFF0446002829
S214029860E3D1324651462846FFF794FD04460028C7
S214029870DBD151462846FFF779FF04460028D4D1AB
S2140298809DF804300133DBB2AFE700BF00AFFFFF45
S2140298902DE9F843066804460F46154606B1767863
S2140298A0B5F5806F3BD8236C63B904F11008BDB9D7
S2140298B02A4629462046FFF783FF78B9236B0133F1
S2140298C023630BE0A36B012B03D0226BE36B9A425C
S2140298D0EBDD204601F073FF0028E6D0BDE8F883F2
S2140298E0AE422046B14628BFA946FFF7EDFD002846
S2140298F0F4D1324641462046FFF74CFD0028EDD112
S21402990041462046FFF732FF0028E7D138464A464E
S214029910414615F01DFA4F44A5EB0905C7E76FF05F
S2140299200200DBE7F8B51E4D064695F848330F46AB
S21402993083B300242B462246197ED1B13CB90229B4
S21402994005D1D96919B91979002918BF1C460132FF
S214029950152A03F12803EFD114B96FF08C0006E044
S2140299602046FBF7F3FD2046FFF74EFA10B100241F
S2140299700EE01C46237E83B9012323763EB1651B87
S214029980ED1003F1CC335D4305F1804535600020D0
S2140299903C60F8BD6FF08800E9E76FF09600E6E7F6
S2140299A04447002000232DE9F0470E460B608A4903
S2140299B0054691F8482386B0002A00F0078100F198
S2140299C04042142A4ED8282303FB02110B7E022B98
S2140299D03DD031460020FFF7A5FF0446002858D1A7
S2140299E0336821465D610125336804AA5D60D6F8B6
S2140299F00090D9F814703846E5F74AFB044618BBBF
S214029A00DDF810A028465146E4F712FD0546002868
S214029A1000F0D0802146384604AA0394E5F738FBC6
S214029A20044668B903AB2146009352462B46384695
S214029A3009F0E6FA039B04469A452ED06FF0980486
S214029A4051462846FCF7DEFE00210846A7E04B6991
S214029A509842BED10846FBF779FD0446B0B931609C
S214029A60002416E0002840F3B4800A46107E02283E
S214029A7002D15069854205D00133152B02F1280226
S214029A80F4D1A6E7282202FB0311E3E710F18C0FBC
S214029A909FD0204606B0BDE8F0870028D0D1BAF1A4
S214029AA0230F68D9082228464C4916F045F90028A3
S214029AB061D1AB68002B5ED12F6AAAF124039F42C4
S214029AC05AD8B7F5005F57D28FB339460120E4F76C
S214029AD0AFFC804600285DD03A4605F1240115F019
S214029AE037F9EB685146C9F804302B8A2846A9F89C
S214029AF000306B8AA9F802306B69C9F80830AB6986
S214029B00C9F80C30EB69C9F81030B8F1000F00D074
S214029B107FB9FCF777FE39464046FCF773FE30689D
S214029B20FFF772F96FF0910400233360B1E7B8468D
S214029B30D7E7FCF767FE39464846FEF705FF0446B8
S214029B4058BB3A464146D9F8200015F001F9394685
S214029B504046FCF757FE30680830E1F7CBFF336823
S214029B601A7E012A2FD03068FBF7F0FC0446002844
S214029B703FF476AFD8E727466FF09804514628465A
S214029B80FCF740FE39460020FCF73CFE3068FFF743
S214029B903BF9C9E76FF08C04F0E739464046FCF71C
S214029BA031FE3068FFF730F914F18C0F08BF6FF002
S214029BB08704B9E72146FCF725FE3068FFF724F94B
S214029BC06FF08C04B0E702221A76CCE76FF08804B6
S214029BD05FE76FF087045CE74447002058440400C0
S214029BE0034668B1017E8A1E012A0BD80329C26980
S214029BF003D1012A01D1FFF707B91AB1013ADA6196
S214029C00002070476FF0960070472DE9F8438846AB
S214029C1017461C46FFF7C6FE054688BBD8F8006006
S214029C20B6F8009009F4E043B3F5804FB36808BF76
S214029C3027F0010737EA03031AD10CB3204A24F0AF
S214029C40FF0393421FD114F0FF0304D01D4A43F0D2
S214029C50007393422FD022464846F168FBF7A0FBDA
S214029C60074668B9224648463169FBF799FB28BB86
S214029C706FF0840500233046C8F80030FFF7B0FFC7
S214029C802846BDE8F883104A9342DCD024F4FF73DA
S214029C9023F00103B3F1062FD5D00C4A9342D2D05B
S214029CA004F0FE43B3F1407FD5D0B3F1A06FD2D01B
S214029CB0044B9C42CEE76FF08605DBE73D46DFE7C6
S214029CC000030006FF000002000200060004000671
S214029CD07FB5044618B301A9FFF764FE0446F0B93F
S214029CE0019D2B7E022B25D103232B762B79FF2B6E
S214029CF023D073B16E692146304602AAE5F7C8F949
S214029D008C3006D030462146E5F7E1F950B16FF0C7
S214029D1098042846FFF764FF002818BF044620462A
S214029D2004B070BD3046214602AAE5F7B1F98C3080
S214029D30EFD0ECE76FF09604EBE76FF08404E8E709
S214029D4010B5044680B14378012B03D1BDE810401C
S214029D504068BDE70378012B04D124220021083095
S214029D6014F0D7FD0023237010BD10B5044630B1A1
S214029D703830FFF7E5FF68212046FCF739FD20461C
S214029D80BDE81040E4F746BA70B5044686B03830EF
S214029D900E461546FFF7D4FF0122224B84F83820E0
S214029DA01B7813EA020129D0002184F8392001A881
S214029DB0142214F0AEFD4FF410534FF6F872ADF8BD
S214029DC000304FF6FF73954298BF2B46ADF802302F
S214029DD0154B4FF4807168460393E1F798FEEA1D2F
S214029DE03146684604F13C03D208FFF73BF990B1CE
S214029DF004220E4B0E49FBF7B6FB0BE084F8391033
S214029E0040342422204614F084FD2A463146204659
S214029E10E4F71EFF10B9002006B070BD6FF00C000C
S214029E20FAE700BF3847002000444004ED51020024
S214029E308C42040038B590F844300446012B11D108
S214029E40C56B4DB12B7A012B02D16868FFF740FF34
S214029E500C212846FCF7D6FC2046BDE838404821AF
S214029E60FCF7C6BC006C10B1B421FCF7CBFCE06B6F
S214029E700028F1D02368DA79044B02F07C021344FE
S214029E80D3F8D4319B699847E6E700BF8C420400BA
S214029E9038B5026804464AB1104B22F47E11994244
S214029EA006D10430FFF7C6FF00232360002013E02C
S214029EB00B4B1340B3F1607F08D140218030FCF792
S214029EC097FC04F10800FFF7E1F9EDE7C022002154
S214029ED014F01FFD6FF0880038BD00BF0002C003FB
S214029EE00000C07F10B50446006868B101280CD097
S214029EF004280FD06FF0860000232360A38823F483
S214029F00FF7323F00103A38010BD04F10800FFF7DE
S214029F10BFFFF1E7B422002104F1080014F0F9FCB7
S214029F200020E9E773B50C460546182200212046B4
S214029F3014F0EFFC002328461A4601A9FFF765FE37
S214029F4060B9019E35460FCD0FC495E8030084E83C
S214029F500300304602B0BDE8704041E602B070BD74
S214029F602DE9F74388461F46164622B96FF0890048
S214029F7003B0BDE8F083002301223B6001A9FFF78E
S214029F8044FE0028F4D1019C6368D4E908191B0A30
S214029F9034D1258805F4E043B3F5805F16D0B3F5D7
S214029FA0005F13D044F2010325F440529A420DD0CA
S214029FB005F44F45B5F5824F08D0B5F5844F05D068
S214029FC02046FFF70DFE6FF08500D1E7B14503D9B5
S214029FD02046FFF705FEC9E74A46404614F0B8FE9B
S214029FE00021A6EB090208EB090014F092FC2046B9
S214029FF0C7F8009003B0BDE8F043F1E52046FFF74E
S21402A000EFFD6FF08600B3E7022807D0032808D0DA
S21402A010012809D0002318460B607047E02312205F
S21402A020FAE74FF48073FAE7C023F8E72DE9F04F1A
S21402A030C5B08A4691461D460646DDF8448128B9D3
S21402A0406FF08604204645B0BDE8F08F0029F7D0B1
S21402A050002AF5D04E9B002BF2D04F9B002BEFD060
S21402A060509B002BECD0B8F1000FE9D0529B002B8E
S21402A070E6D0282200212AA814F04BFC2022002138
S21402A08022A814F046FC4A465146304622ABE5F773
S21402A0904BFA04460028D5D1338823F0FF02B2F5E6
S21402A0A0E24FCDD1DBB2122B25F0FF0540F0D78070
S21402A0B0B5F1062F40F0D3807588C02D03D0B5F5D4
S21402A0C0807F40F0CC800735ED086B00B8EB450F7B
S21402A0D00093C0F0C7804FF0000B1C2259466F4217
S21402A0E01BA8CDF868B007F0030714F012FC3C2258
S21402A0F0594635A8CDF8D0B014F00BFC736807B3F8
S21402A1001B0A0CD109EB0703202B99D81AAE4A4634
S21402A11051463046E5F724F82023269627934FF03B
S21402A12040080DF1D00BEB19B8EB430F4FEA430989
S21402A13086D32AA816F091F9064628B16FF0920443
S21402A14080E7DDF840B1EEE7229B2C9003F07048E2
S21402A150B8F1404F454B18BF4FF0C0633290CDE97F
S21402A1602A3017A922A8FBF7E3FB034678B1002F93
S21402A1706ED000211AAA91550136202EFBD12A460E
S21402A180509934A80193E4F7FDFF019B55E02AA8F5
S21402A190179916F069F94F9916F066F94FF0010A09
S21402A1A04FF0005302A9CDF80CA00493FBF788FCED
S21402A1B005A922A8FBF763FC03460028D7D105A908
S21402A1C02AA8FBF77DFC4E9B0DF1200C11934F9BAA
S21402A1D0CDF848A043F00053139311AA07CA8CE89F
S21402A1E0070061462AA80193FBF76AFC4E9B14AA55
S21402A1F01493019BCDF854A0B8F1404F16930BABC5
S21402A20007CA83E8070003D119462AA8FBF758FCB9
S21402A2100123CDF85CB0189349F00053199317AA9E
S21402A2200EAB07CA83E8070019462AA816F077F984
S21402A23016F043F90346002F9BD14BB9529B009A66
S21402A2401A602AA816F009F900283FF4FBAE75E753
S21402A250012B14BF6FF092046FF08B04F1E76FF0DE
S21402A2608504EFE66FF08904ECE600BF0000020604
S21402A2702DE9F04F99460023B5B00792409A11F0A7
S21402A280FF0A0E46136009D0A14A4AF000739342B1
S21402A29000F03481F63A934240F033813F9B002B24
S21402A2A000F0328133464FF480520AA9FFF7ADFC24
S21402A2B0074640B90A9D2B8803F4E043B3F5E04F06
S21402A2C003D06FF08607002453E06C68D5E9088B4C
S21402A2D0240AF6D1409B5A4604933F9B4146039379
S21402A2E03E9B2846CDE90193079B00933346FFF732
S21402A2F09DFE10F1860F074636D147F201032888E5
S21402A3009842DED000F44F43B3F5824F31D16D88C8
S21402A3100BAB009342465B4629460B9408F0BCF80A
S21402A320074630BB01230B9FCDE90D34FD6B0F931F
S21402A3300735ED0805FA03F309933F9B0C94B3EB3C
S21402A340450F26D20CA8FCF768FA0EA8FCF765FAA9
S21402A350704E0B9D2846FEF7D5F82846E3F75AFFBF
S21402A3603046FEF7B9F90746409B1B68002F08BF28
S21402A3701C463F9B21211A1B3E9B181914F0C9FA52
S21402A3800A98FFF72DFC002F18BF384635B0BDE8F7
S21402A390F08FF30540F1A280BAF1000F09D03E6CAF
S21402A3A007F160030736BAF1090F08934FEAD60899
S21402A3B007D0594E0CA8FCF730FA0EA8FCF72DFA77
S21402A3C0C7E700214FF0010B0DF1880A48225046DC
S21402A3D0CDE9101B14F09DFA42F21073424608981B
S21402A3E012A93193FCF76AF80646D8B94B463846A6
S21402A3F0079A10A9FCF7CAFD064698B912AB424660
S21402A40003EB080110A8FCF759F8064650B9434A70
S21402A410CDE92400782158462292E4F709F82490E0
S21402A42058BB3F4E22A8FEF746FF22A84821FCF75B
S21402A430DFF942F2107210A83192FCF7EEF9002E04
S21402A440B8D12A463E990CA8FCF738F806460028EA
S21402A450B0D13E9B2A4659190EA8FCF72FF806469D
S21402A4600CA8FCF7DAF90EA8FCF7D7F9002E7FF451
S21402A47070AF409B099A1A606BE7402102208DF864
S21402A4808CB0E3F7D5FF259018B95046FEF713FFB8
S21402A490C7E72022504626A9FFF7EEF80646002810
S21402A4A0C0D12022594626A814F033FA50464FEA65
S21402A4B0480212A9FFF784F906460028B2D1194BC2
S21402A4C03846CDE90193079BCDF80CA000930EAA5F
S21402A4D0089B0CA908F0E2FB0646A3E700230393B9
S21402A4E0114B3846CDE90193079B0EAA00930CA99F
S21402A4F007F1600308F0D2FB0646A0E76FF086007D
S21402A50044E76FF0850041E76FF089003EE700BF41
S21402A510FF00000200B1FFFF80B0FFFF6C440400A2
S21402A52080AEFFFF91980200318F02002DE9F04FB6
S21402A5300025AFB0D0F804B08846DDE93864294675
S21402A54091460AA8182204933A9F089514F0E1F956
S21402A5509BF8000007A9FFF757FD079A05900732F8
S21402A5604FEAD20A002800F0E280B2F5847F80F03B
S21402A570E1800BF16000524616A9FBF79FFF059B90
S21402A580834650B116A82021FCF732F92846FFF779
S21402A5909FFB58462FB0BDE8F08F43F4E2434FF4DA
S21402A5A080510AA848F0C06BADF828304BF4E06B37
S21402A5B0E1F7ADFA16A9524608AB0AA8CDF834B0B0
S21402A5C0FEF750FD0146B0B1FAF784FE202104469C
S21402A5D016A8FCF70DF90898FFF77AFB8346002CBD
S21402A5E040F0AB80BBF1000FD3D058462FB0BDE889
S21402A5F0F04FFAF76FBE089D182210A814F089F9DA
S21402A60010A92846FFF78EFC014628B107224C4BBC
S21402A6104C49FAF7A8FFD9E7182210A8BDF842A0BD
S21402A62014F077F9049B4A4659462846CDE9014775
S21402A6300096FFF71DFE034668B18533E6D14A460B
S21402A6402846CDE90147049B009648F00621FFF70D
S21402A6500FFE0028DAD10AF1070334443A684FEABB
S21402A660D3090994BAF1000F57D0B2EB490F54D16F
S21402A670B3F5847F34D24A4631461EA814F068FBEE
S21402A6804A4606EB090126A814F062FB2346324628
S21402A690494626A8FAF7F1FFB0F1000BFFF672AFB3
S21402A6A0A4EB0B042346324649461EA8FAF7E5FFFA
S21402A6B0D846B0F1000BFFF665AFD844A4EB0B0406
S21402A6C04246314609A80994FAF7D2FCB0F1000BCB
S21402A6D0FFF658AF099908F101088B1B002B09DC1D
S21402A6E0202116A8FCF784F82846FFF7F1FA6FF047
S21402A6F06B0B4EE730230BEB080401F8013D2246B4
S21402A700304614F0AAFA202116A83C60FCF770F82E
S21402A7102846FFF7DDFA834664E7202116A8FCF7F1
S21402A72067F82846FFF7D4FA6FF0670B31E7DFF8D1
S21402A73018B02EE76FF06D0B2BE7A34629E700BF94
S21402A740D55202007044040080C1FFFF2DE9F04F8D
S21402A7504668F9B03546DDE9829B15F8680B04A910
S21402A760CDE90232FFF750FC412304460093294606
S21402A770304667AB05AA08F093F8824670B9DDE961
S21402A7800458EF1D0146182217A8FF0814F0C1F856
S21402A7907E00CDF818A02CB9DFF8C4A3504679B0D5
S21402A7A0BDE8F08F4FF4005117A844F48244ADF888
S21402A7B05C40E1F7ACF94FF0062342461A9367A9CC
S21402A7C006AB17A8FEF74EFC58B1FAF783FD04460F
S21402A7D00698FFF77DFA8246002C00F05181A246C9
S21402A7E0DCE7402EDDF8188003D94046FFF770FA02
S21402A7F0D2E7CDF8B4902DB94046FFF769FA6FF06C
S21402A800670ACBE7302347AA09EB0B012DA8FBF713
S21402A81061FD824600283CD10146324657A814F014
S21402A82078F82D9D479C3B462146284657AAFBF7BB
S21402A83064FDB0F1000A2CDBA4EB0A04554457AAC7
S21402A8403B46214628463A444794FBF756FDB0F16C
S21402A850000A1EDB55442D95A5EB0905A4EB0A0458
S21402A8605D45479413D1324657A937A814F070FABB
S21402A8704FF006234FF40052404607A9FFF7C5F9EA
S21402A88058B10722B24BB349FAF76DFE9FE76FF055
S21402A890650A4046FFF71CFA80E7079D6F68D5E910
S21402A8A008AB3F0A05D02846FFF79AF96FF08604F0
S21402A8B011E0BAF1000FF6D0BBF1000FF3D0039B04
S21402A8C0002BF0D0029B002BEDD036B92846FFF7BE
S21402A8D087F96FF094042046D3E7282239462DA83C
S21402A8E014F017F8202239461DA814F012F85A461A
S21402A8F0514628461DABE4F717FE0446002840F0F2
S21402A9003A816988CB1D4FEAD309B6EB490FDDD1F0
S21402A9102A8802F44F40B0F5824F40F03381D2B21B
S21402A920122A40F02F81C02903D0B1F5807F40F073
S21402A930298100273C22394648A8479713F0E9FFA9
S21402A9403946B5F800A03C22579758A8C9F1000727
S21402A95013F0DFFF17F0030779D06A68120A11D1E5
S21402A9602AF0FF02B2F5E24F5DD109EB0702402A58
S21402A97099D84A46219947A8E4F7F2FB47AA2192BA
S21402A9804022229209EB0702202A8CD84A4637A98F
S21402A99057A8E4F72BFE06EB470657AF2AF0FF0947
S21402A9A0B9F5E24F35D10DF1940C0DF1740EBEE8F7
S21402A9B00F00ACE80F009EE80F008CE80F00279B04
S21402A9C02DA823F0407323F4804343F400532793C7
S21402A9D00023289347AB299340232A9315F03DFD85
S21402A9E0D8B925AA1DA92DA8FBF746FB81462DA896
S21402A9F015F033FD59EA00090FD10DF1740E0DF171
S21402AA00940CBCE80F00AEE80F009CE80F008EE83E
S21402AA100F002DA815F021FDD8B12846FFF7E0F863
S21402AA206FF0920457E7B2F5824F05D02846FFF73B
S21402AA30D7F86FF096044EE709EB0702202A3FF696
S21402AA4032AF4A46219947A8E4F7D0FD96E737AFDA
S21402AA50A4E71F9B9B041DD46FF092042DA815F04B
S21402AA60FCFC0028D9D12846FFF7BAF8002C7FF460
S21402AA7032AF00287FF405AF4046FFF729F9824639
S21402AA80BAF1000F3FF48AAE504679B0BDE8F04FF7
S21402AA90FAF720BC1D9B304A03F0704A2F4B0DF18B
S21402AAA09409BAF1404F18BF13462F90CDE92D30C6
S21402AAB0359049461DA8FAF73BFF002841D12DA83C
S21402AAC0259915F0D1FC029915F0CEFC4FF0010B3A
S21402AAD04FF0005308A9CDF824B00A93FAF7F0FF16
S21402AAE00BA91DA8FAF7CBFF58BB0BA92DA8FAF79E
S21402AAF0E7FF039B46F000561493029BCDF854B032
S21402AB0043F00053169314AA0EAB07CABAF1404F8D
S21402AB1083E807002597CDF898B0279611AE99E8F6
S21402AB20070086E807001DD131462DA8FAF7C8FFB0
S21402AB300EAB1946FAF7C4FF2DA815F0BEFC002886
S21402AB408CD02C2814D0012886D16FF08B0485E790
S21402AB50D5520200704404000000010600000306FD
S21402AB6080C1FFFF19462DA8FAF7AAFF3146E1E792
S21402AB706FF0940472E710F1860F03D02846FFF7B1
S21402AB802FF8A8E644F20103288820F440529A429D
S21402AB903FF489AE00F44F43B3F5824F05D0284602
S21402ABA0FFF71EF86FF0850495E600230DF12009E5
S21402ABB069885246C9F800305B46CDF8009007F027
S21402ABC06BFC04460028D9D1D9F80090D9F83C305D
S21402ABD00B9007334FEAD30A0123B6EB4A0FCDE9AF
S21402ABE00E030C9340F00B81524637A90BA8FBF7D5
S21402ABF0B7FEFDF771FD044600284DD1524637AB2D
S21402AC0099180EA8FBF7ACFEFDF766FD0446002871
S21402AC1042D1014609F1780009F1680AFBF7CAFC3D
S21402AC2050B9784B51460093484609F11C0309F186
S21402AC30600207F077FE04462046FDF74DFD044607
S21402AC4050BB01262DA8FBF73DFDCDE91D46CDE9FB
S21402AC50254611941296D9F83430CDE91446002BC5
S21402AC6000F0CB8031460BA8FBF7A4FC002820DAC4
S21402AC70654E2DA8FBF7DFFD11A8FBF7CEFD14A845
S21402AC80FBF7CBFD1DA8FBF7C8FD25A8FBF7C5FD06
S21402AC903046FDF721FD04460BA8FBF7BEFD0EA8C5
S21402ACA0FBF7BBFD4846FDF72DFC4846E3F7B2FA34
S21402ACB0D9E609F1340421460BA8FBF733FC002839
S21402ACC0D6DA31460EA8FBF775FC0028D0DB214603
S21402ACD00EA8FBF727FC0028CADADDE9023248464E
S21402ACE011A9FCF753F906460028C2D122460EA93E
S21402ACF014A8FCF7AAFE06460028BAD114AA11A97F
S21402AD001DA8FCF7B0F906460028B2D11DA92246B6
S21402AD100846FCF704FD06460028AAD114AA0BA989
S21402AD2025A8FCF7A0F906460028A2D125A92246A6
S21402AD300846FCF7F4FC064600289AD14846FBF77C
S21402AD40B8FC0128834609F11C0102D0A6F59D46EF
S21402AD508FE747A8FBF7B6FC032257AB013A03F18D
S21402AD60080323F804BC23F8026C43F8086CF5D2F7
S21402AD700B4648461DAA47A900F04CFD0646B0B948
S21402AD805346484625AA2DA900F044FD064670B94A
S21402AD9057AB00932DAB1946484647AAFDF7C7F9AD
S21402ADA0064620B948462DA9FDF776F8064657AB63
S21402ADB0D8190837FBF731FD202FF8D147A8FBF743
S21402ADC03AFD002E7FF455AF314631A8FBF7F2FB71
S21402ADD000283FF44DAF2DA922460846FCF79FFCFB
S21402ADE0064600287FF445AF0BA92DA8FBF79AFB71
S21402ADF0064600283FF43DAF3AE7044E48E76FF0B8
S21402AE00940449E7318F020000B2FFFF80B0FFFFD3
S21402AE10F0B50C460021D1B01822064604F1100700
S21402AE2028A8259113F075FD90223946684613F03E
S21402AE308FFF94E80F00E7F7DDF927A90078FFF700
S21402AE40E3F8279D0735ED0818B9324C204651B075
S21402AE50F0BD40F4E2400121ADF8A00028A8E0F7DA
S21402AE6056FE90223946684613F072FF94E80F00A9
S21402AE70E7F7C0F92A462EA96030FBF71FFB044607
S21402AE8020B141212EA8FBF7B3FCDFE72A4625AB0B
S21402AE902EA928A8FEF7E6F8044641212EA8FBF7BD
S21402AEA0A7FC2046FAF716FA04460028CED1259FBC
S21402AEB024AA38462EA907F0A3FBFAF70BFA044693
S21402AEC03846FEF705FF002CC0D120B151B0BDE8D0
S21402AED0F040FAF7FFB9902206F11001684613F027
S21402AEE037FF96E80F00E7F785F9412326AA009375
S21402AEF000F168013FAB07F0D3FC04460028A5D159
S21402AF002A463FA92EA814F017FF044600289DD013
S21402AF109BE700BF80C1FFFFF0B503680646062B1D
S21402AF200C46A5B011D01B4825B0F0BD73686A6800
S21402AF309A4203D1B16814F0FFFE50B11435286866
S21402AF400028F3D1A0F56850EEE7134DF7E7134853
S21402AF50EAE704F110079022394668462E7C13F081
S21402AF60F7FE94E80F00E7F745F9902239460546C2
S21402AF70684613F0EDFE94E80F00E7F73BF9037816
S21402AF800BB19E42E3D13146284625B0BDE8F040DB
S21402AF90FDF7D1BA80B1FFFF8C44040000C3FFFF67
S21402AFA07047704741F6713310B5114A1149D4699A
S21402AFB0D3639368884204F480340F4923F4401321
S21402AFC005D89360D1F8183223F0020309E043F45F
S21402AFD080139360094B9842F4D9D1F8183243F0A3
S21402AFE00203C1F8183214B10022014BDA6310BD15
S21402AFF000000350005A620200C0075080F0FA02B6
S21402B000064BD3F8F00A08B9D3F8F80AD3F8EC3AA4
S21402B01013B1984228BF1846704700BF082B00207D
S21402B02030B51B49026AD1F8F83A32F0004208BF3E
S21402B0301A46184C436AD1F8FC5AA24228BF224646
S21402B040002B08BF2B46A34228BF2346C07D93424F
S21402B05038BF1346052808D8032808D9D1F8F42A99
S21402B0608AB193420FD0002010E00628FBD1D1F817
S21402B070F00A08B18242F6D1D1F8F40A08B1834246
S21402B080F1D1C1F8F02A0120C1F8F43A30BD00BF70
S21402B090082B00209AC42000094B186F00F0070006
S21402B0A0431E032B03D8DFE803F00608090400203A
S21402B0B0704706207047022070470420704700BF82
S21402B0C000800050F7B500F1310525F00105AB8987
S21402B0D004460B2B0F4616463DD8C3F10B031B0145
S21402B0E00C29DBB21DD8C9B20DF101020B43694629
S21402B0F08DF800306389521A3B4413FA82F3B3F593
S21402B100007F26D2204692B2D9F7FCFF38B90B232D
S21402B1103A4631462046AB81D9F7F4FFE8B103B090
S21402B120F0BDB1F5867F07D8A1F10D028DF801209A
S21402B1300D210DF10202D9E76FF486728A18C2F366
S21402B14007218DF801108DF802200E210DF1030261
S21402B150CCE70320E3E70720E1E763892B82DEE7FB
S21402B160064890F8483FDB0705D500F6587100F60A
S21402B1705C70DBF7D2BD0B20704700BF082B0020A7
S21402B18010B504460089216818B1BDE81040DFF703
S21402B1906FB94B892381054BD3F84C0BDFF733F994
S21402B1A010B92168E088F0E710BD00BF082B002028
S21402B1B00023F0B505460E46ADF5037D144F009309
S21402B1C04FF6FF726946384601ABF9F7C9F80446EE
S21402B1D008B1172417E04AF6AA7202999DF80C30B5
S21402B1E09142EDD12A799A42EAD128460DF10D0113
S21402B1F0DEF7E3F80028E3D09DF80A31DB07DFD557
S21402B2009DF80430337020460DF5037DF0BD00BF77
S21402B2104040002073B51546044678B10222D9F79D
S21402B2205FFD02216846E7F7A9F902226946204631
S21402B230D9F776FD30B12046D9F7F7FC0024204630
S21402B24002B070BD114B53F825502B461E4613F81C
S21402B250012B7AB9284613F00FFE2A4681B2204601
S21402B260FFF730FF0028E6D12046D9F768FF00280E
S21402B270E5D0E0E72F2AE9D1711B2A46204689B29B
S21402B280FFF720FF0028D6D1751CDEE7743F0400C6
S21402B29038B5104CB4F87C3F1B061AD504F580501E
S21402B2A08368834215D0A023B4F8E85F5D43DBF7DA
S21402B2B0E5F8D4F8F03F04F67C705B1BC4F8F03F68
S21402B2C0D4F8F43F5B1BC4F8F43FBDE83840DCF723
S21402B2D083BF38BD082B00204FF4805370B5064656
S21402B2E04B8001F10E000C46154606F03DFCB0B14F
S21402B2F0144B93F8683FDB0709D594F8213043F0E6
S21402B300020384F821304FF40053638007E090F87C
S21402B31030309907F7D45A07F5D41B07F3D47DB11A
S21402B3206B89B3FA83F35B0994F82120314663F301
S21402B330820284F821202046BDE87040DBF79ABFDF
S21402B3400123F1E7082B002038B50E4D044695F888
S21402B350D83F8B4214D1D5F8003F984209D3D5F88E
S21402B360082F431C9342C5F8003F02D30648EFF766
S21402B37059FDD5F8D43F9C4224BF0134C5F8D44FBA
S21402B38038BD00BF082B0020603C002037B5244C97
S21402B39094F87E3F052B42D0D4F8945F286809F0D3
S21402B3A0DDF980B32B7FD8062DD428460DF1070190
S21402B3B0DBF70CFF38BB2B7FD90704D4284694F85A
S21402B3C0D81FDCF784F8B4F87C3F9A061BD49DF8A5
S21402B3D00730082B17D1D4F8943F124A9A60D4F853
S21402B3E0940F037FDB0709D4D4F8D45F2946DBF732
S21402B3F00DFF284694F8D81FFFF7A6FF0A49D4F88F
S21402B400940FDCF713F9002384F87F3F84F8803F1B
S21402B41084F8D93F03B0BDE8304009F049BDFEE7E5
S21402B420082B0020BC3A00208E3A002030B5124B82
S21402B43085B001930546FFF7E3FD0C46014601A8D9
S21402B440DEF754FA4FF480532046ADF80C30FFF77F
S21402B45097FE70B90A22206801A9D9F753FE40B9AF
S21402B460102229462068D9F74DFE10B963890133A8
S21402B470638105B030BD00BF001C00012DE9F04F0E
S21402B480036A0C4643F0004303620968C67D05461C
S21402B4908FB00068B1F80A90DEF7B5FF8346002841
S21402B4A040F01B812168E088DEF7E2FF8346002831
S21402B4B040F01381043EF6B2012E00F2B18001463E
S21402B4C0AC4A049204A8DEF711FA20680A2204A9FC
S21402B4D04789D9F717FE8346002840F0FE80216888
S21402B4E06868B1F80A80DEF781FF8346002840F0DC
S21402B4F0F48048462168DEF7BBFF8346002840F00A
S21402B500EC8039462068DFF76DF962890132628184
S21402B510AA68002A40F08A8040462168DEF7A8FF23
S21402B5208346002840F0D9804FF0FF2201460AA841
S21402B5300A92DEF7DBF90A2220680AA9ADF830B0D3
S21402B540D9F7E0FDD9468346002840F0C6806289D6
S21402B550012E02F10102628140F2BF80404621685C
S21402B560DEF786FF002859D1834A0A92FFF748FD84
S21402B57001460AA8DEF7BAF96A8A206852BAADF816
S21402B5803220AA8A0AA952BAADF834202A8A52BAB6
S21402B590ADF8362010224689D9F7B4FD00283DD1F1
S21402B5A02046FFF7EDFD002838D131462068DFF748
S21402B5B019F962894046013221686281DEF758FF36
S21402B5C060BB6E4A2068049204A90A224789D9F70A
S21402B5D099FD18BB8DF81C905E464FF03D09226817
S21402B5E095F8168008925289ED68ADF82420B2B21A
S21402B5F090455AD89DF81C20002A00F0A780012A00
S21402B60000F0B58000220DF10F018DF80F2007A87B
S21402B6100122D9F7AFFD002800F0A18083465CE046
S21402B620574B0493FFF7ECFC01464BE7012E7FF6DF
S21402B63073AF5F46DA46AA68BBB252F823002168A7
S21402B640019300283FF468AFDEF7D0FE8346002859
S21402B65043D1019B216833BB4A48B1F80AA0DEF702
S21402B660C5FE8346002838D148462168DEF700FF2B
S21402B6708346002831D120680A22438904A901930F
S21402B680D9F740FD834640BB40462168DEF7F0FE10
S21402B6900137834608BB01992068DFF7A3F8638960
S21402B6A001336381C7E75046E0E728688DF80E90BD
S21402B6B058B9696831B12A8922B107A8D9F75AFD63
S21402B6C00028ABD101360C3591E74FF48071D9F7DB
S21402B6D099FF824628B94FF0070B58460FB0BDE8CF
S21402B6E0F08F6A6862B98DF80F0001220DF10F0122
S21402B6F007A8D9F73FFD002890D152462968DCE713
S21402B7002A8911180131FF29E5D8013202448DF841
S21402B7100F200DF10F01012207A8D9F72BFD0028F3
S21402B7207FF47CAF5246296807A8D9F723FD002884
S21402B7307FF474AF01220DF10E0107A8D9F71AFDA6
S21402B74000287FF46BAF2A896968B6E7089ABDF8C5
S21402B75024105289521A92B2002A3FF453AF394645
S21402B7602068DFF73FF8628901326281B5E7BDF8EB
S21402B7702420F1E7000C00FE002100010010000169
S21402B780000C00011A4504002DE9F0410546D0E9F7
S21402B79002844068A8EB0406964220440F461444EE
S21402B7A004D913F0D5FAEC60BDE8F0813246A4EB7A
S21402B7B0080413F0CDFA22466868B919F1E770B5A5
S21402B7C0456B0446B5F5C07FE0B01DD84FF4C07295
S21402B7D00021684613F09DF82A466946236C606C81
S21402B7E09847A0B9666B694632462046FDF7E8FFE1
S21402B7F0054608B9012323631EB131466846FAF7A7
S21402B800F7FF284660B070BD6FF00405F9E76FF0E9
S21402B8100805F6E72DE9F0434FF000084FF001095E
S21402B82085B007460D461046414614461E46CDE9EB
S21402B8300289FAF7BFFE80B931463846FCF75CFD4E
S21402B840044618B92846FBF7DFF9044602A8FAF7B9
S21402B850E4FF204605B0BDE8F08349462046FAF7E5
S21402B860A9FE58B931463846FCF746FD044600287C
S21402B870ECD131462846FBF79EF9E6E74FF0FF315A
S21402B8802046FAF797FE18BB31463846FCF734FDD9
S21402B89004460028DAD131462846FBF78CF90446DE
S21402B8A00028D3D1083501462846FAF783FE2A46F1
S21402B8B00646391D02A8FBF766FB04460028C5D1DA
S21402B8C0321E18BF0122284602A9FAF7E7FFBCE794
S21402B8D03346224629463846CDF8008007F022F83D
S21402B8E0B3E7054A054B013800D2704753F8041BEC
S21402B8F042F8041BF7E700BF207400204041000016
S21402B900F7B5002304460D46012700F1B4062B6066
S21402B910B4F8BA20B4F8BC309A4202D1002003B080
S21402B920F0BD30460DF10701F6F766FC0028F6D1A9
S21402B9309DF807301F2B04D82A6807FA03F313432F
S21402B940E5E70720EBE7144B93F87A22052A07D19E
S21402B9500222027093F87D32012B15D91720704708
S21402B96001220270B3F88022012A0FD893F87A22B5
S21402B970042A0BD093F87D32062BEFD8012A03D087
S21402B980022B01D8002303700020704793F87D3203
S21402B990022BE3D8F6D1F7E7083B0020F7B50546B9
S21402B9A00E46014621481746DBF7AFF9D8B10F20FD
S21402B9B008F0ACF90446B0B100220379057243F0F0
S21402B9C002031B4D037195F8523F8DF800205BBAB7
S21402B9D0ADF801306A4603231421DAF700FF20B1DE
S21402B9E02046D9F722F903B0F0BD012F1AD14FF045
S21402B9F08073009001936A46082316212046DAF7E0
S21402BA00EEFE0028ECD115212046B5F8502FDAF7C5
S21402BA1026FF0028E4D131462046F0F76BFC0028CA
S21402BA20E1D0DDE72046EFF7C7FAEAE75C3A002006
S21402BA30082B00207FB505460E466C46054B0FCBFD
S21402BA4084E80F00324621462846FFF7A7FF04B0D7
S21402BA5070BD00BF582D0400F0B5C5B0054624A839
S21402BA600C4608F056FB182200210DEB020012F0DD
S21402BA7050FF3D4B012C05934FF00D038DF82030FF
S21402BA8025D02B685B89AB812868DEF7E6FC044686
S21402BA90B8B928681C2205A94689D9F733FB04469B
S21402BAA078B92846FFF76CFB044650B9402228684E
S21402BAB014A9D9F727FB044618B931462868DEF7D9
S21402BAC091FE24A808F01BFB204645B0F0BDA989CC
S21402BAD02868D9F7C9F828681C2205A94689D9F723
S21402BAE011FB04460028ECD1204F2968D7F84C0BEE
S21402BAF0DEF789FC04460028E3D12968D7F8480B0C
S21402BB00DEF7CBFC04460028DBD124A8DBF76CF872
S21402BB10296806F10A024B8992B20A3B9B1B9BB22A
S21402BB2024A8DBF77AF822463346296824A8DBF7EE
S21402BB3074F80CA924A8DBF78BF804AB0293402315
S21402BB40019314AB00930A4920230CAA2869FEF736
S21402BB508FFBE6F75BFB04460028B2D13146286825
S21402BB60D9F782F890E700BF001800FF082B0020E4
S21402BB70090600062DE9F04104468EB003A8EEF74A
S21402BB80C3F903A8EEF7C0F9237833B194F8A010EE
S21402BB90042902D01DD8032936D003A8EDF7C1FA2E
S21402BBA0A0B903A904F13E00EFF7D2FD70B994F8EC
S21402BBB07A300BB184F87A00012220461146EEF75D
S21402BBC0D3F90122204603A9EFF7CAFD0EB0BDE85D
S21402BBD0F0814B1F5E425E4194F87A30012BDCD82E
S21402BBE00025114F04F13E0808A8EEF78DF9002350
S21402BBF0CDE9013300973146684608AAF8F733FACA
S21402BC0020B1002DF0D1C8E70026E5E735B103AD37
S21402BC1008AE0FCE0FC533682B80BEE7404608A994
S21402BC20EFF796FD0546E6E7404000202DE9F04195
S21402BC300C460546164694B004A8DEF772F82B4B5F
S21402BC4001A8C5E90034139B002B18BF1E46B48911
S21402BC50DEF758F921460C233046AE6001AAD9F722
S21402BC60F6F804F10C01002489B2BDF80830A2B23D
S21402BC705BBA9BB29342ADF802102BD8BDF80A808D
S21402BC80298298FA98F81FFA88F20DF102013046D6
S21402BC90DEF7D5FDBDF80C70BDF802307FBAAB8278
S21402BCA0BAB20DF102013046DEF7C9FDBDF80E400C
S21402BCB0BDF8023064BA30462B83A2B20DF10201FF
S21402BCC0DEF7BDFD1298A5F81280EF826C8314B0E1
S21402BCD0BDE8F0810DF102013046DEF729FCBDF821
S21402BCE002100134043189B2BFE700BF081B0020EE
S21402BCF010B5C2B0044601A808F0ADF9074801A97C
S21402BD00DCF76EFD10B1172042B010BD214601A827
S21402BD10DCF7ECFF0028F7D0F5E700BF7839002003
S21402BD200D4890F84331032B14D903F0FC02FC2A89
S21402BD3010D0FC3380F84331DBB2032B0AD890F8DC
S21402BD40513101216FF3071380F8513100F59C70D1
S21402BD50DBF704B8704700BF083B00204FF6FF63CE
S21402BD60F0B5244CADF5037DB4F86E26B4F85C51FC
S21402BD709A4213D0002304F5A76600932A46694622
S21402BD80304601ABF8F7ECFA58BBB4F86E369DF8BD
S21402BD9004205BBA103BDBB29A42EFD100234FF687
S21402BDA0FF67154E00932A466946304601ABF8F700
S21402BDB0D7FA10B10DF5037DF0BD9DF80430B4F846
S21402BDC06E16A3F57C734ABA9BB292B29A42EAD036
S21402BDD0B942EFD15BBA0948A4F86E3605F0C2FC48
S21402BDE0E1E7064805F082FC4FF6FF63A4F86E36DC
S21402BDF0D4E700BF083B00204040002068410020F6
S21402BE0030B5C3B0054601A808F025F90E4801A9C9
S21402BE10DCF7E6FC044628B9352101A8DCF778FBF6
S21402BE2018B91724204643B030BD6946DDF742F9FB
S21402BE300028F7D1054B009AD3F8543F13402B60E5
S21402BE40002BEFD1EDE700BF4C390020082B002075
S21402BE50002313B5044601A80193FFF7D1FF18B1DA
S21402BE60044BD3F8543F0193214601A8DAF755FF55
S21402BE7002B010BD082B002030B5032200250B4B64
S21402BE8085B00446596801A8019502938DF80C20E6
S21402BE90EDF7A0FB019B0BB905B030BD1A7D01A8DA
S21402BEA0A24208BF1D75EEF763FFF3E73C3200209F
S21402BEB038B50D460446A8B144220221D8F710FF31
S21402BEC005F1310323F001035A8804F1310323F00C
S21402BED00103294620465A80D8F73CFF28B120465F
S21402BEE0D8F7A3FE0024204638BD2046D9F727F906
S21402BEF00028F8D0F3E7012810B5044600D8FEE77C
S21402BF00D9F750FB013C83B2B3FBF4F204FB1230C8
S21402BF10013080B210BD064B93F89E0110F00F0060
S21402BF2004D0B3F8A001831E58425841704700BFA0
S21402BF30083B002030B51D4C054694F85B3185B0B1
S21402BF409B0702D4FFF7E7FFB0B14FF6FE73B4F8D3
S21402BF5090269A4210D0164801A9D8F778FDA5B9BE
S21402BF600299B1F5967F38BF4FF4967148080130B2
S21402BF700939D9F72BFB0EE00023C4F8B0360D487A
S21402BF8005B0BDE83040EFF798B8BDF806000128C6
S21402BF9009D9FFF7B0FFD4F8B0360BB18342EED919
S21402BFA0C4F8B006EBE70120F5E700BF083B002027
S21402BFB098410020B84100201FB50C4B0146B3F84B
S21402BFC090264FF6FE739A420DD001230DF107021A
S21402BFD002A88DF8073002928DF80C30FFF7E8F8C9
S21402BFE005B05DF804FB1720FAE700BF083B002007
S21402BFF070B5B0F900600C460EB1172070BD012373
S21402C0003C4D038095F89E3103F00F03072BF4D1C5
S21402C01028223146204612F07CFCD5E9600184E8ED
S21402C0200300D8F720FDD5F88831C01A4FF47A738A
S21402C030B0FBF3F0A060B5F89C3105F5D170238211
S21402C040D5F88C316361D5F89031A36195F8A431A7
S21402C050C3F301032377EEF7CAFD607795F9A5319E
S21402C06005F5D170A377EEF7C2FD643040B220EA40
S21402C070E070E077B5F8A63194F826202384B5F868
S21402C080A831638495F89E317F2B94BF0023012349
S21402C09063F3000284F8262095F89E31D2B2C3F3E9
S21402C0A0401363F3410284F8262095F89E31D2B2FB
S21402C0B01B0963F3820284F82620B5F8A031A38414
S21402C0C095F89E3103F00F03072B0AD10A48DAF7D8
S21402C0D0E0FB4FF47A72002312F02AFAD5F8B46124
S21402C0E0861B94F8263000206FF3C303E66084F8BC
S21402C0F0263083E7083B00201C1B002038B5044688
S21402C1000D4605F01DFBA0B1A37C03F00103AB4274
S21402C1100FD0224600210748EDF709FAA37C2246F3
S21402C12065F30003A3740121BDE838400148EDF72A
S21402C130FEB938BD3C32002073B513880E4604465D
S21402C140ADF8043030B3272924D9037803F0F0037E
S21402C150602B1FD183885BBA9BB22833B3F5A06FDE
S21402C16018D8994216D1008840BAC0F38510ECF769
S21402C17079FF00218DF8050001AA084607F07CFA2F
S21402C180054638B132462146D8F7BCFF18B12846D4
S21402C190D8F74BFD0025284602B070BD13B50368DC
S21402C1A0007931B14C780344023421445B1AD8B288
S21402C1B00B4600938DF8040000234AF6AA716846DF
S21402C1C0F4F766F902B010BD10B4144B93F843218D
S21402C1D093F8514102F0FC01FC291CBF043283F89B
S21402C1E04321002808BF082093F8512111098142F3
S21402C1F038BF014661F3071283F8512193F8503194
S21402C200DB0707D50F2C05D8012105485DF8044B3E
S21402C210DAF7A4BD5DF8044B704700BF083B002068
S21402C220403C00201FB5002348F2FE020B608DF84A
S21402C2300C3003880C4623F47C53934202D013201E
S21402C24004B010BD00F1080101A8DBF7CCFA022306
S21402C25001A88DF80C3005F087FC20600028EED08F
S21402C260038C032B34BF1B200020E9E7F8B50E46EB
S21402C270002119601D46436A04468B42174622DB9C
S21402C2800620134A07F0F8F92860F0B1214640224A
S21402C290D8F738FF044638B929686EB9384629688F
S21402C2A0DEF7FBF8044628B1286818B1D8F7BDFCBB
S21402C2B000232B602046F8BD3046DEF797F804468A
S21402C2C00028EBD0F0E70724EEE70324ECE700BFF4
S21402C2D056270400034B0146186800B9FEE7E7F745
S21402C2E00ABA00BF886D0020F0B5C3B00F460546F7
S21402C2F001A81C46164607F0AEFE0023394601A8E2
S21402C3008DF80231DCF77AFF9DF802012318FE2B26
S21402C31013D801AB22463146184412F019FD9DF897
S21402C320023128461C4401A98DF80241DCF7BAFB0B
S21402C33008B9C5E9090043B0F0BD0320FBE7FE23B8
S21402C34013B5ADF8023003680C460A4601930DF1A8
S21402C3500201012301A8F4F709FB18B9BDF802305F
S21402C36084F8FE3002B010BD4FF440134FF4201292
S21402C37030B58FB001930392002308220446009141
S21402C3800B7004AD0DEB02018DF810300295EDF73F
S21402C39030F82A466846238A0249D9F788F90FB048
S21402C3A030BD00BF1F450400024670B501F1080506
S21402C3B0082411F8010B538883EA002006B24300D2
S21402C3C0002E98B2BCBF13885840631E13F0FF04B9
S21402C3D0F4D1A9425080EBD170BD014608B50820C1
S21402C3E007F0CCF908B10023838108BD13B540F2EB
S21402C3F00133044601A8ADF80430FFF7EEFF2246EB
S21402C400002102B0BDE81040FEF704BF70B5D4B0FC
S21402C4100C46054613A807F01EFE00230D212046F3
S21402C42001AA8DF84830DAF7C1F808B313A92846EE
S21402C430DCF7D6F940F201336846ADF80030FFF774
S21402C440CCFF2146FFF734FD044600284BD10024DA
S21402C45032E001236A4601A92046D8F7CEFD9DF8B0
S21402C460001002A8DCF770FB012101A8D9F768F8D2
S21402C470BDF80630002BECD19DF84830002BD5D005
S21402C4802B78012BD2D1342102A8DCF75DFBCDE755
S21402C4909DF84820297892B905291AD196F83E3F88
S21402C4A0DB0716D42846D9F7F3FF05449DF84A3130
S21402C4B013AA13449D42EBD3204654B070BD02AB80
S21402C4C01A449A421846EDD0007801338842F8D1D1
S21402C4D0E2E721462846D9F7E5FF0028E2D02046C3
S21402C4E0D8F7A3FBB3E7014E13ADDFE7082B002016
S21402C4F010B504460448FFF770FF2246BDE8104018
S21402C5000021FEF787BE00BF5627040038B5037821
S21402C5100446FF2B08BF91F825300D4604BF43F0B2
S21402C520100381F82530ECF766FE70B108492846FC
S21402C530D8F79DFA2046103504F1100350F8042B64
S21402C540984245F8042BF9D138BD0249EFE700BFFF
S21402C550583E0020883E00202DE9F0438DB08846E4
S21402C560074602A81C4616469DF85090D8F798FA39
S21402C5704FF2BF03B8F1240FADF82A3033D1234867
S21402C580FFF72BFF42460121FEF744FE0546002830
S21402C59039D003795B075FBF0122437962F3420316
S21402C5A04371B9F1000F22D1B8F1240F09D13B88AB
S21402C5B0212101339AB228463A80DAF750F9044626
S21402C5C0E8B9304602A9FFF7A1FF169B2946009359
S21402C5D00F48159B02AAD9F70BFB044678B92046EA
S21402C5E00DB0BDE8F0834046FFF782FFCEE7224655
S21402C5F04B461221DAF7F3F804460028D4D0284630
S21402C600D8F713FBEBE70324E9E700BF562704003D
S21402C61018330020F7B50B780546FF2B0C4602D1DF
S21402C620072003B0F0BD0A4601A9EEF76EFFC0B1BF
S21402C63005F114039842F3D37435A842F0D2237C52
S21402C6400374637C4374A27C837C62F3000383746A
S21402C650A37C827CC3F3400363F34102827400200E
S21402C660DFE748F2FE02238823F47C539BB2934210
S21402C670D6D02E69AEB1374673692B610FCC0FC781
S21402C68094E8030087E80300738A324623F4607353
S21402C69073822B680121736128462E60ECF747FFF0
S21402C6A0DDE70320BDE709490246D1F8380703460D
S21402C6B033B91061C1F838270548012105F07EB864
S21402C6C09A4201D01B69F3E7704700BF082B00208F
S21402C6D03C32002070B506460C46D8F7C4F905462B
S21402C6E024B120460521D8F77FFF0446254475600D
S21402C6F070BD0C4991F85B3183F008029B07C2F3C8
S21402C700C0020CD491F89E3113F00F0005D0B1F898
S21402C710A001022894BF0020012010437047002089
S21402C720FBE700BF083B00202DE9F04FA9B01F46EB
S21402C73014AB12930823ADF84C304B890128A3EBB7
S21402C740070406460D469046A4B202F1100A07D127
S21402C750791D994200F28B80D0469246043CA4B2E0
S21402C7600DF11009484608F10801DBF73CF899E894
S21402C7700300329B0DF1180B8BE80300D3F801007F
S21402C78008A9D8F791F905238DF82430329BDFF8F3
S21402C790E890D3F80500D8F7E4F9D9F8DC2E01467C
S21402C7A082423FD00AAA09F6D860EDF7A8FD002219
S21402C7B00AA909F56F60DBF730F809F56F631968A7
S21402C7C012A807F015FD042322462A2112A8CDF846
S21402C7D000B004F093FE1022414612A8DAF7BFF822
S21402C7E01022514612A8DAF7BAF80A22329912A88B
S21402C7F0DAF7B5F8394628460AAB0DF10E02ADF85F
S21402C8000E40D8F7D0FABDF82C4074B90AA912A87F
S21402C810DAF775F9B6B928460AA9D9F7DAFF29B0C0
S21402C820BDE8F08F09F56E63C9E70A9A12A81146A9
S21402C83023460096DAF7D0F80AA90DF10E0005F0A5
S21402C8404DFAE0E7698904230439284600940AAAC7
S21402C85089B2D8F7DEFB60B169892846042994BFFD
S21402C860491A043989B2D8F7FFF92046D7E70620D5
S21402C870D5E70820D3E700BF082B0020094A92F824
S21402C8805031C3F3400181420AD060F3410382F87B
S21402C8905031DB0704D5012102F59C70DAF75EBA47
S21402C8A0704700BF083B002000230B808378DA071E
S21402C8B044BF80230B7083789B0742BF0B7843F0FC
S21402C8C040030B7083785A0742BF0B7843F020036D
S21402C8D00B7083781B0742BF0B7843F010030B7074
S21402C8E08378DA065EBF0B7843F004030B70837816
S21402C8F09B065EBF0B7843F002030B7083785A06E2
S21402C9005EBF0B7843F001030B708378DB091CBF14
S21402C91080234B70C378DB075EBF4B7843F040033F
S21402C9204B704B7843F038034B70C278C2F3420226
S21402C93013434B70704707B5044B0F22009304490C
S21402C9401823D8F7CAF803B05DF804FB871B01006A
S21402C950EC29040070B5461EC41C002206200D46B3
S21402C9602B780131303BDBB2092B04D906F8012FB4
S21402C97058B1062070BD02EB820203EB42039AB264
S21402C980FF2A4FF00000EAD9F3E7A642287803D040
S21402C9902E28EED1691CE0E70028EBD0E9E72DE966
S21402C9A0F04F0B7880463A2B0C4685B024D14B7854
S21402C9B03A2B1DD1002602344FF0000927785FFA81
S21402C9C089F5002F4AD023464FF0000A1F4613F877
S21402C9D001BB03A95846CDE90033D8F732FE68B941
S21402C9E09DF80C20009B02EB0A1ABAF5803FEDD3A5
S21402C9F0062005B0BDE8F08FFF26DDE7A742F7D098
S21402CA00BBF12E0F0CD1062DF2D82BD1214603A84E
S21402CA10FFF7A0FF0028ECD1039BC8F80C301FE0FC
S21402CA20BBF13A0F02D0BBF1000FE1D1B9F1080F0A
S21402CA30DED09AFA9AFA28F819A03B783A2B03D154
S21402CA407B783A2B04D001373C4609F10109B5E759
S21402CA50FF2ECDD10135EEB20237F5E7082D1DD1F6
S21402CA600020C6E701274FF0060AFF2EC0D0AD1BF6
S21402CA70E8B2054608EB4606AAEB000031466A0015
S21402CA8008EB400012F0E9F8AAEB09020021304652
S21402CA90520011F03EFF002FE2D0B7E74FF0080A2F
S21402CAA0E3E708B5012013F06FF905F068F940B91D
S21402CAB0044B93F87E2F012A02D0012283F87E2FA0
S21402CAC008BDFEE7082B0020012303FA00F2054802
S21402CAD0436C23EA0203436413B94830D9F717B804
S21402CAE0704700BF081B002010B4104C0246D4F852
S21402CAF038070021034613B95DF8044B70479A4283
S21402CB0007D019461B69F6E70B6943B11B690B612F
S21402CB1005E00029F8D110B10369C4F838370021BE
S21402CB2003485DF8044B04F049BE00BF082B002002
S21402CB303C32002010B5044690B001466846DDF748
S21402CB40F0F80D9B002B14BF1846204610B010BDFF
S21402CB5008B50C4807F009FE4FF0021007F005FE74
S21402CB60094807F002FE094807F0FFFD084807F0EB
S21402CB70FCFD084807F0F9FDBDE80840064807F046
S21402CB80F4BD00BF01000200030002000400020020
S21402CB9005000200060002000700020000B50D4B69
S21402CBA089B093F8483893B100224FF400331F211E
S21402CBB0CDE90532079209221F20CDE9031211465C
S21402CBC08DE8030008AA12E90700E5F779FE09B026
S21402CBD05DF804FB083B002008B5074B93F848387D
S21402CBE033B104F0F8FC2D2804D8044B185C08BDB9
S21402CBF01120FAE70120FAE7083B0020A2450400CC
S21402CC0030B50446154A85B01068516802AB002C50
S21402CC1003C304F1FF350ED1114B07349A6CDB6C5B
S21402CC20CDE900232B4602AA12F8011D03F8011FC4
S21402CC30A342F9D110E02A460A4B0B4913F8010920
S21402CC408B4202F8010FF9D1082220460DEB0201B1
S21402CC5013F072F80028DFD005B030BD2745040077
S21402CC600080E00F0900E00F0100E00F07B5094B56
S21402CC70D3F8702F5AB17F2809D093F8581F8DF831
S21402CC8005008DF8041001A8D3F8741F904703B06E
S21402CC905DF804FB082B002073B50A4E0A4D314698
S21402CCA00446286812F084F9E5F7FEFC074B019467
S21402CCB00093C20001233146286812F069F902B0D7
S21402CCC070BD00BF881900207C19002025260100AF
S21402CCD013B50024182001A9019406F015FA00B134
S21402CCE00194019802B010BD2DE9F04F98462A4BE8
S21402CCF087B01B78054691460091002B46D0072840
S21402CD0046D8002A44D0B8F1000F41D0109BB3F5A4
S21402CD10006F3DDCDFF898B003010BEB00170193C0
S21402CD203B7B002B36D00024DFF888A043010AEBB9
S21402CD3040161022214630460193CDE9034405945D
S21402CD4011F0E7FD009BC6E901890293109B134987
S21402CD505A1E019BC2F30A025AF80300120101404E
S21402CD6042F044720A434AF803200D4B2A014BF85C
S21402CD700230119B2846324602A9C7E901347C7369
S21402CD80E0F767FE204607B0BDE8F08F0548FAE7F1
S21402CD900548F8E70548F6E7104600200F80EFF052
S21402CDA0A5E10000028000F0018000F0078000F09C
S21402CDB050440020D04400202DE9F04F00254FF4C7
S21402CDC080279FB0CDE90B55CDE90655DFF84CA379
S21402CDD00D950A970FAC0AAE0FCE08950FC4CDF884
S21402CDE014A014AC05AE0FCEB24E0FC4B24BB34C69
S21402CDF03360B34BDFF82893C6E901352546DFF8E2
S21402CE002483B04B8C2204F11400F360CDF83890E2
S21402CE10CDF8248011F07DFD0F97CDF84C900FAF22
S21402CE200FCF0FC5CDF850A0C5F80090CDF86080A2
S21402CE3004F1640514AF0FCF0FC52022012104F1BF
S21402CE40B003C5F80080C4E913239F4DA364C4F859
S21402CE5098309E4B84F89C106B609D4B84F854105F
S21402CE60AB609C4B26662C60EB609B4B6B619B4BCE
S21402CE70AB619B4B2B61EFF31182302383F3118856
S21402CE80984F3B789BB182F31188BFF36F8F3B7844
S21402CE905BB103A8DFF70EF838B9039B23753B781E
S21402CEA0002B33D1207D06F06AFE1025F6E039709D
S21402CEB082F31188BFF36F8F8B4A15201373137793
S21402CEC082F82C3082F83C3082F84C3082F85C30A3
S21402CED082F86C3082F87C30844A5160FF2193607D
S21402CEE093619162936313644FF0004353654FF06E
S21402CEF0FF327F4B1A654FF400127E4BC3F8802137
S21402CF00802283F81523E0F77FFEC0E703A8DEF74A
S21402CF10D1FF0028C6D1039B207D84F87830DEF747
S21402CF20F3FE0028C1D10194E36C00932369A26C3E
S21402CF302168207DFFF7D8FE0028B6D13022237D57
S21402CF404FF48011534342F2640203F1A04303F507
S21402CF508023995096F91000002808DB012200F081
S21402CF601F018A4043096349603341F82320E0F7F2
S21402CF704BFE0023C4F89030EFF31183302282F385
S21402CF8011885D4A156083F31188BFF36F8F4B4893
S21402CF90E0F74EFF207DDEF7D9FE0546002884D155
S21402CFA00127564E564B0422C4E92863554B0521E9
S21402CFB0C4F8A8303B4684F8AC70E0F7CDFC0621F6
S21402CFC03B4602222846E0F7C7FC40F6AA63DFF893
S21402CFD05881DFF85891C8F80470736141F205036E
S21402CFE0494AB5600320F565F3603561F561F5647D
S21402CFF0C9F84820B56535657565C9F80470C8F87E
S21402D0000470F360E0F73CFB4FF4E112430103F5D2
S21402D0106123B3FBF2F33D4A203B02EAC3036022DC
S21402D0204FF0020BC9F8082004211422C8F8085051
S21402D030DFF8FCA0F361364BB565CAF8ACB5C8F8A4
S21402D0405C107561C3F8AC254FF4A022C3F8C42562
S21402D0504FF4C022C3F8BC2503235A46284684F858
S21402D060AD302B46E0F778FC04214FF480230A46C5
S21402D070CAF8B43558462B46C8F85C103946E0F76D
S21402D0806BFC244BCAF8ACB5CAF8B83505231E4A61
S21402D090C9F84820C8F804707561736101221E4BF6
S21402D0A003A8CDE9032306F045FC28461FB0BDE8D9
S21402D0B0F08F00BFC07400201DB70000A86D0020CE
S21402D0C00DB70000D9D900005C190020D5BD0000BC
S21402D0D00BBA000089DF000001B7000007B70000A6
S21402D0E015DD0000104600205044002000000450C9
S21402D0F00020045000E100E0C846002000800550F1
S21402D1002100050006000402FFFF0100F8FF7F0071
S21402D11000C003500200010000C201C00200040069
S21402D120248005503C8005500090055000A0055014
S21402D13000D003502DE9F04706469CB020220C464C
S21402D14003A8002111F0E5FB1221304602AAD9F706
S21402D1502DFA0546002840F08F808027BDF80A3059
S21402D160002B00F08980012330460DF1070202A948
S21402D170D7F743FF00287ED1012102A8D8F7E0F9AD
S21402D1809DF807301CAA02EBD30010F8642C03F0BB
S21402D190070147FA01F111425FFA81FCDED142EA49
S21402D1A00C0200F8642C242BD8D801A252F823F0E3
S21402D1B045D2020053D2020063D2020095D2020088
S21402D1C05DD102005DD10200AFD20200F9D20200A8
S21402D1D007D3020075D302005DD102005DD10200C2
S21402D1E05DD102005DD102005DD102005DD1020078
S21402D1F05DD10200FBD402005DD102005DD10200C7
S21402D2005DD102005DD102005DD1020081D2020032
S21402D2108FD20200CDD40200DBD40200E3D4020097
S21402D220F3D402005DD102005DD102005DD102009E
S21402D2305DD102005DD1020011D40200EBD40200DF
S21402D2400BD5020008230021B64A2046D9F7C7FAB2
S21402D2500EE00121B44BB3F85C212046D9F7FFFA61
S21402D26006E0B14B0221204693F85B21D9F7ECFA8F
S21402D27000283FF473AF054628461CB0BDE8F08789
S21402D2800BA8FFF7BDFC082317210BAADDE7052232
S21402D2901821E2E7A44B93F85B2112073FF55EAF35
S21402D2A003212046D3F86421D9F7E5FAE0E740F6F1
S21402D2B00603DFF87482ADF82C3098F83FA598F88C
S21402D2C03E95D8F8780188F87DA188F87E91D7F740
S21402D2D048FC98F87C31CDF82E008DF8323098F85C
S21402D2E07F318DF833A08DF834908DF83530214695
S21402D2F00BA8D9F7D7F8BBE78B4A072192F83C353B
S21402D300D2F83825A1E70023DFF83482D8F834278C
S21402D310591C02BB9AB21201FE2A4FEA03131DDC05
S21402D320082220460BA98DF82C208DF82D30D9F72F
S21402D33053FA00289FD1D8F83487B8F1000F3FF48B
S21402D3400DAF102241462046D7F7DCFE002892D1C8
S21402D350D8F81480F1E70B465269D9E74FF60872FF
S21402D3605BBA20460BA9ADF82C20ADF82E30D9F7C3
S21402D37030FADEE742F20943DFF8AC81ADF82C3032
S21402D380D8F88400D7F7EDFBD8E925321344D8F84D
S21402D3909C20CDF82E001344D8F8A020D8F8A80078
S21402D3A01344D8F8A42013441844D7F7DAFBCDF870
S21402D3B03200D8F85C00D7F7D4FBCDF83600D8F8A0
S21402D3C06C00D7F7CEFBCDF83A00D8F87000D7F746
S21402D3D0C8FBCDF83E00D8E922031844D8F89030AE
S21402D3E01844D7F7BEFBCDF84200D8F82800D7F786
S21402D3F0B8FBCDF84600D8F82C00D7F7B2FBCDF82C
S21402D4004A00D8F86400D7F7ACFBCDF84E006EE7BA
S21402D410DFF8148198F8591108F5AC70EDF7BCFCEA
S21402D420D8E9940144F22223ADF82C30B8F8103231
S21402D4305BBAADF82E30B8F812325BBAADF83030BF
S21402D440B8F814325BBAADF83230B8F816325BBAB6
S21402D450ADF83430B8F818325BBAADF83630B8F8F2
S21402D4601A325BBAADF83830B8F81C325BBAADF88F
S21402D4703A30B8F81E325BBAADF83C30B8F85832DB
S21402D4805BBAADF83E30F3F795F8CDE91001D8E96E
S21402D4908A01F3F78FF8CDE91201D8E98C01F3F788
S21402D4A089F8CDE91401D8E98E01F3F783F8CDE9BE
S21402D4B01601D8E99001F3F77DF8CDE91801D8E90D
S21402D4C09201F3F777F8CDE91A0110E72022192125
S21402D4D0164B2046D9F7A8F9CAE620221A21144B81
S21402D4E0F7E710221B21134BF3E760222321124B8E
S21402D4F0EFE740221C21114BEBE740F21113ADF887
S21402D5002C3000238DF82E30F1E6074B0122D3F89B
S21402D51078160BA8DBF759FE24219DF832300BAAA9
S21402D52093E600BF8E3A0020083B0020BC2B040086
S21402D530BD2B0400BE2B0400BF2B04000B200400EE
S21402D540082B0020F7B5074612200E4606F0DEFB33
S21402D5500546F8B1582330468DF80430D8F798FFC0
S21402D56001A98DF805002846D9F736F9044658B9B8
S21402D57029463046D8F796FF044628B93946284643
S21402D580EEF7B8FE044610B12846D7F74EFB204603
S21402D59003B0F0BD0324FAE72DE9F043DFF8CC919F
S21402D5A0174699F80C2899B01D4604460E469DF873
S21402D5B08030002A00F0CD8090F82420002A40F027
S21402D5C0CA8090F86E2063F3000280F86E205BB18A
S21402D5D006A8FFF715FB06A90846DBF7E4FC04F1EC
S21402D5E01C0106A8DBF7CAFC219B2360229B636012
S21402D5F094F86E306FF3410384F86E30D9F8542FE6
S21402D600226233680BB11A402262102006F07EFBBB
S21402D6100646002800F0A1804FF42073ADF80430CF
S21402D62000239D428DF807300CBF502358234782B3
S21402D63094F82D508DF806304DBB1A2301A88DF8AC
S21402D6400030D8F725FF5FFA80F845446946304631
S21402D6508DF80150D9F7C0F80546A0B9314601A8A1
S21402D660D8F720FF054670B994F82D30BBBB3C4B6B
S21402D67002A8C6E90934EBF775FD304602A9EEF7B3
S21402D68039FE054698B33046D7F7CFFA5DE0F12368
S21402D6908DF81830A36A402D4FEA13428DF81A20EF
S21402D6A04FEA13228DF81B208DF81C3000D9FEE7B6
S21402D6B02A46EB1C04F12E010DF11D008DF81930DF
S21402D6C011F046FB1A2301A88DF80030D8F7E0FEC9
S21402D6D05FFA80F806A8D8F7DBFEC5B2B5E7314692
S21402D6E006A8D8F7DFFE05460028C0D0CBE7B9F873
S21402D6F0503F1F404FF6FF739F420DD1D7F752FFA0
S21402D70081B2B942FAD01748D9F79BFB94F86E302B
S21402D71043F0020384F86E30FF23214604F1200012
S21402D72001F82C3FD9F7F9FA002814BF0223012387
S21402D73084F824300C4B93F8592132B193F85B31BC
S21402D7401B0702D4012004F081F9284619B0BDE86F
S21402D750F0830D25F9E70525F7E70325F5E700BF72
S21402D760A5A10100503A0020083B0020082B00200B
S21402D7702DE9F341064607200C4690461F4606F062
S21402D780C5FA0546002850D0224643460D21D9F751
S21402D79026F80446002844D157B357238DF80030A4
S21402D7A07B79002B3BD00533DBB2694628468DF8E1
S21402D7B00130D9F711F8044698BB012128463A7879
S21402D7C0D9F742F8044660BB7B798BB10222284621
S21402D7D001A98DF804208DF80530D8F7FDFF044620
S21402D7E0F8B928467A79791CD7F78CFC0446C0B972
S21402D7F02846EDF7F3FB044698B931462846EEF77D
S21402D80079FD044668B90A4B93F85B311B0702D4CC
S21402D8100820FEF7D9FC204602B0BDE8F0810323BB
S21402D820C3E72846D7F701FAF5E70324F3E700BF74
S21402D830083B00207FB504462048DAF711F8012C91
S21402D84017D014F0FD0F0CBF01250025ED010920AD
S21402D85006F05CFA044670B3194E012196F85B2175
S21402D860D8F7F2FF38B1204604B0BDE87040D7F7CB
S21402D870DCB9C025EBE708230321204606F5217212
S21402D880D8F7ADFF0028EED12A460E212046D8F75B
S21402D890DBFF0028E7D1052212212046D8F7DFFF5A
S21402D8A00028E0D16846EBF75DFC69462046EEF7B5
S21402D8B021FD0028D7D104B070BD00BF8C3D0020EA
S21402D8C0083B002030B5CDB00BA806F0C4FB1F48BD
S21402D8D00BA9DAF785FFB8B901A90BA8DBF706FA98
S21402D8E090B91B4901A8DBF7E8FE002811DD3321B9
S21402D8F00BA8DAF769FF34210BA8DAF765FF0122D5
S21402D90014480BA9DBF715FF1048DBF71BF84DB0E0
S21402D91030BD05210BA8DAF7FBFD0028F4D0821CE7
S21402D92003AD00F112032C4610685168083203C496
S21402D9309A422546F7D1084807A9EEF739FF03A908
S21402D94007A8D6F7DCFF0028D1D0DDE7783900201B
S21402D9505C3900204C390020E039002008B5817C73
S21402D96011F0020FC1F340030FD011F001030CD0E7
S21402D97048F2FE02038823F47C53934207D00549FB
S21402D980DBF7C4F980F00103DBB2184608BD0023BA
S21402D990FBE700BF503E00202DE9F047F8B00546F1
S21402D9A025A806F0CBFA0023A348EB80AB602861DB
S21402D9B08DF83D31E4F760FC002851D09F4C25A934
S21402D9C0B4F8DE3A0C225BBAADF894304FF48073AA
S21402D9D02868ADF89830ADF89E30D7F793FB01462D
S21402D9E0002840F0E78029684B89EB80D4F8480B82
S21402D9F0DCF753FD0146002840F0DC80904B50A92E
S21402DA0028685093D8F7E5FE0146002840F0D280F9
S21402DA1094F8562BD4F8583B043A012A40F24C822A
S21402DA20884EC4F8F00AC4F8F40A002B40F0CE8000
S21402DA30D4F8586B002E40F0F9802B79002B40F07A
S21402DA401E814FF47A79D4F8586BDFF8F881002EED
S21402DA5000F01581F37D062B00F0FE81F669F6E7ED
S21402DA607E2350AC22460B2030A9ADF8403105F09B
S21402DA70EFFB002840F0A280CDE950005290724998
S21402DA8020469DF83D81F8F79DFE05F1100928AE67
S21402DA9038BBB8F1000F24D008F1FF3A30AB13F8C8
S21402DAA00A30C6E90000B060002B5FD124AF3046D2
S21402DAB0664A6749009730AB04F064FC00283AD106
S21402DAC020466149F8F77EFE28B9D6E900122046BC
S21402DAD008F024FDE8B150A8FAF7F0FD3046FAF750
S21402DAE0DDFD2023CDE90163012347F21211594AD5
S21402DAF0009348464FF44053DEF713F8E4F786FBEC
S21402DB00002851D10B20FFF767F80C287FF456AF98
S21402DB10FEE73046FAF7C2FD54A99022684611F095
S21402DB2017F994E80F00E4F765FB202228A9603075
S21402DB30F8F7C4FCD5E710F59C5FD2D010F5845FE9
S21402DB40CFD130AB13F80A3083B93046424A434944
S21402DB50009730AB04F016FC28B9D6E9001220462E
S21402DB6008F0D6FDB6E710F5845FBAD142462046E5
S21402DB7030A908F0CDFD0028CED02046FAF79EFD4B
S21402DB80002320463049CDE950335293F8F71AFE67
S21402DB9030B94246204630A908F0C0FC0028BBD067
S21402DBA050A8FAF78BFD9CE72869E4F776FB014656
S21402DBB00028A7D0084678B0BDE8F0872869E4F7C1
S21402DBC06CFB014600283FF4F9AEF3E71A6AD4F874
S21402DBD0F81A32F0004018BF0146D4F8FC7A5A6AA6
S21402DBE01862D87DB14228BF3146002A08BF3A469D
S21402DBF0032803D0052809D0012815D1D4F8F00A45
S21402DC0010B1814200D0FEE7C4F8F01AB24228BF33
S21402DC1032468A4238BF0A46D4F8F41A11B18A420A
S21402DC2000D0FEE7C4F8F42ADB69FEE6F37D062B95
S21402DC3016D1F669FEE600BF07000200082B002098
S21402DC40000600019AC42000642C0400304504003B
S21402DC504D450400FF0600066C4504008645040098
S21402DC603046FDF7DDF90028E3D029463046FDF7B9
S21402DC7005FC014600289DD12B79002BD9D0D4F87B
S21402DC80F02AD4F8F83AAA49002A08BF1A46D4F865
S21402DC90FC0AD4F8F43A8A4228BF0A46002B08BF88
S21402DCA003468B4228BF0B46C4F8F43A9A4294BF06
S21402DCB0C4F8F02AC4F8F03A2846FDF761FA064698
S21402DCC0014600287FF476AF4FF0FF2350A850930A
S21402DCD0DBF70CFE50A90A222868ADF84861D7F790
S21402DCE011FA014600287FF465AF6B8901336B8118
S21402DCF094F8556B002E00F01481D4F83467A4F81B
S21402DD00E00A002E40F0E580B4F8E03A9BB92946D6
S21402DD108848FDF78BFB014600287FF44BAF864A06
S21402DD2092F87B3343F0020382F87B33B4F8E03A8E
S21402DD300133A4F8E03A2846FDF722FA0146002805
S21402DD407FF438AF7D4B2893FDF75AF9014628A891
S21402DD50DBF7CCFD7A4B28A92A9340F603530E2212
S21402DD602868ADF8AC30D7F7CDF9014600287FF425
S21402DD7021AF286924AA50A904F042FC06460DF2F7
S21402DD80411330AF0DF2811C3A46186859680833C1
S21402DD9003C263451746F7D13046E4F737FA014621
S21402DDA000287FF407AF30A940222868D7F7AAF9DF
S21402DDB0014600287FF4FEAE6B89286801339BB2C9
S21402DDC06B815BBAADF89C3025AA0C23D7F758F9BD
S21402DDD02868DCF742FB014600287FF4EBAE4FF4DE
S21402DDE0245330A8ADF8C030DBF780FD4FF60403AD
S21402DDF0ADF8C2309DF8C630D4F8F46A63F07F03FB
S21402DE008DF8C6304F4BD4F8F01A50A85093DBF773
S21402DE106DFD3046D6F7A5FEBDF8423152905BBA8C
S21402DE20043330A90A2228689CB25BBAADF8C8301F
S21402DE30D7F768F9014600287FF4BCAE50A92246FF
S21402DE402868D7F75FF9014600287FF4B3AE284664
S21402DE50FDF702FE0146ADE63046FDF7E1F8002882
S21402DE603FF4FCAD376AD4F8F83A37F0004708BFFB
S21402DE701F46D6F818A0D6F7F6FD474528BF4746F0
S21402DE8009FB07F7A0EB0A0010EB57003FF5E6ADDB
S21402DE90F37D2946022B18BF0223304618BFF375BE
S21402DEA0FDF7ECFA014600283FF4D8AD82E61A6A7E
S21402DEB042F000421A62DB69002BF8D194F8DD2AA0
S21402DEC0C4F8F03AD20658BFD4F8FC3AC4F8F43A8A
S21402DED0F2E63046FFF742FD90B129463046FDF79E
S21402DEE0A5FA014600287FF465AEF37C43F00203F0
S21402DEF0F374B4F8E03A0133A4F8E03A766900E73E
S21402DF00F37C60F34103F374F8E7D4F8500B294628
S21402DF1000EB0310FDF78AFA0136014600287FF46B
S21402DF2049AE94F8542BF3B29A42EED803E700BFF8
S21402DF309AC42000703E0020083B00200019000111
S21402DF400044020100020008F7B50D46114605F12D
S21402DF5008066A461C46089FECF7B5FE3146684638
S21402DF60DAF7D4FE30B10020238843F03003238052
S21402DF7003B0F0BD3046EBF7A8F8238848B143F06B
S21402DF8020032380E989384649BA89B2D6F719FEB2
S21402DF90EEE743F010030822314638462380D6F7D0
S21402DFA0FDFDE5E7F7B50D46114605F108066A469A
S21402DFB01C46089FECF787FE31466846DAF7A6FE4F
S21402DFC030B10020238843F00303238003B0F0BD62
S21402DFD03046EBF77AF8238848B143F002032380F1
S21402DFE0E989384649BA89B2D6F7EBFDEEE743F03F
S21402DFF001030822314638462380D6F7CFFDE5E7EF
S21402E00038B50B6804460D4673B1E4F7CFFD2B68AE
S21402E010013B13F8010F40B16D38052804D8DFE83C
S21402E02000F00E0303050A12072038BD227842F0DC
S21402E03001022270EDE7227842F00202F9E7227826
S21402E04042F00402F5E7227842F00802F1E770B5E2
S21402E050064608460C46ECF787FE30461A49DAF7BB
S21402E06055FE68B100236374A37C23F0030343F0D8
S21402E0700303A374144B03CB402320606160237414
S21402E08000252946304603F08BFD054600B970BDD3
S21402E090F2F7B8F80028F4D0EA78237C9A42F0D94E
S21402E0A0A37C214643F00203A3748378A27CC3F3C5
S21402E0B0001363F30002A2748378284603F00F036A
S21402E0C06374ECF7F5FDDCE7503E0020FF232DE9F4
S21402E0D0F04F074688461546A5B003932B68384688
S21402E0E005936B681AAA0793BB8902934FF4C04341
S21402E0F00299ADF82A302823D6F7A9FE044600284E
S21402E10040F02D831CA80BA9FFF7A1FF9DF83E3017
S21402E110D80702D40BA8ECF727FE10A920A8FFF711
S21402E12096FF9DF85230D90702D410A8ECF71CFED1
S21402E130AB884FF4C04128460693D6F742FD064602
S21402E1400446002840F00B839DF83D209DF8513090
S21402E15052EA030133D19DF868A09DF869209DF824
S21402E1606A909DF86B104FEA8A0A0AF03C0A9300FE
S21402E1704AEA921A49EA010902F00F0252EA09092A
S21402E18003F0C00330D0BAF1000F40F09E80BDF815
S21402E1902A101A4341F40061ADF82A10284615A940
S21402E1A08DF85420D6F719FD8146002840F0D68215
S21402E1B0022228460DF16A01D6F7F0FC80E04FF401
S21402E1C0C14143EA0213ADF82A10284615A98DF874
S21402E1D05430D6F702FD04460028BCD07B89029A4A
S21402E1E0934280F0BE82FEE75AEA0303BDF82A2075
S21402E1F05CD142F4C052ADF82A209DF86E30112B45
S21402E20003D0292B01D0002B7CD1039A012A79D086
S21402E210BDF82A3043F48063ADF82A309DF86F309B
S21402E220402B79D0FF2B7CD0012B7FD1BDF82A3032
S21402E23043F48073ADF82A301CA8EAF772FF002870
S21402E2407FD0BDF82A3043F04003ADF82A309DF85F
S21402E2508030FF2B40F09481BDF82A400DF18102F8
S21402E26044F00803ADF82A309146022312F8011F43
S21402E270002900F0EC809DF881200DF1540A022A54
S21402E28040F086800F2B40F083809DF88F3044F05C
S21402E2900B0451462846ADF82A408DF85430D6F77E
S21402E2A09CFC0446002800F0D68097E742F4805291
S21402E2B0284615A9ADF82A208DF85430D6F78DFCDD
S21402E2C00446002899D04E4688E74AEA03032846C1
S21402E2D015A98DF85430D6F780FC044600287FF442
S21402E2E07DAF9DF86930284603F00F0315A98DF817
S21402E2F05430D6F772FC814600283FF459AF2646C2
S21402E30004466BE7284615A98DF85430D6F765FC07
S21402E3100446002882D061E7BDF82A3043F4007331
S21402E32088E7BDF82A3043F4407383E7284615A9E8
S21402E3308DF85430D6F751FC044600283FF47CAFE3
S21402E3404CE748F2FE02BDF8703023F47C539BB2D1
S21402E35093420CD1404600950DF12A030BAA1CA944
S21402E360FFF7F2FD044600283FF471AF36E79DF84A
S21402E3703E309A0706D5BDF82A3043F04003ADF882
S21402E3802A30E7E7102228461CA9D6F707FCE9E759
S21402E3900C2B18D944F00A0451462846ADF82A40F8
S21402E3A08DF85420D6F719FC044600287FF416AFE1
S21402E3B003220DF18D012846D6F7F0FB00284AD03D
S21402E3C0264604460AE70A2B11D944F009045146A8
S21402E3D02846ADF82A408DF85420D6F7FEFB0446B0
S21402E3E000287FF4FBAE05220DF18B01E3E75046D1
S21402E3F0ECF7BAFCB94B93E8030040238AE8030023
S21402E400ADF864309DF8663023F0030343F003034F
S21402E4108DF866309DF88330402B40F0CF8008227E
S21402E420504621A911F088FC002840F0C78044F02D
S21402E4300C04022249462846ADF82A40D6F7AEFB1F
S21402E440044600287FF4CAAE042223A9B3E70133A8
S21402E450102B7FF40BAF012628213846D6F785FC11
S21402E4609DF86E90039B9E4280F01181B9F1110FC8
S21402E47000F0C780B9F1290F00F05C81B9F1000FF6
S21402E48040F00581BB89384604930499022309AA01
S21402E490D6F7DDFC0446002840F0A9800221384663
S21402E4A0D6F763FC9DF82490B9F1110F00F08C802A
S21402E4B0B9F1290F00F08880E023284615A98DF8C7
S21402E4C05430D6F78AFB0446002840F090804B462C
S21402E4D0284615A98DF85430D6F77FFB0446002847
S21402E4E040F085809DF82530DB0003F1060BBBF17A
S21402E4F0FF0F7BD8BA89ADF85420D24392B25A4560
S21402E50028BF5A46ADF85620BDF856A0BAF1000FFD
S21402E5105CD15CB19DF82820012A07D80AA8EAF740
S21402E520D2FF8246ABEB00031FFA83FBBA897989D6
S21402E5305A4452448A4260DC284615A98DF854B0E3
S21402E540D6F74BFB0446002851D1AA88E8880BEB85
S21402E55002048442B98952D828685B460244384687
S21402E560D6F775FC0446002841D1AA8838465A4494
S21402E570AA800BEB0A010136D6F7F7FBF6B271E773
S21402E58048F2FE02BDF8803023F47C539BB29342DD
S21402E59009D100950DF12A0310AA20A908F10A0054
S21402E5A0FFF700FD7DE69DF852309B0706D5BDF8C5
S21402E5B02A3043F00403ADF82A30EAE71022284650
S21402E5C020A9D6F7EBFA6CE6E12381E7394615AACD
S21402E5D00AA8EAF77FFF044648B90AA8EAF773FFD3
S21402E5E0014615A8D6F7ACFF01248DE701247B89E6
S21402E5F0049A9342BFF4F2ADFEE70624F7E703243B
S21402E600F5E7B7F80CB03846594615AADCF788FC89
S21402E6100446002879D14FF2B001BDF854A0BDF8E7
S21402E62056909AFA9AFA1FFA8AFA2AF00F0399FA79
S21402E63099F98B421FFA89F99AB233D129F00F035E
S21402E640934234D1F32328460AA98DF82830D6F708
S21402E650C4FA0446002858D109F00F0949EA0A19F3
S21402E66028460AA98DF82890D6F7B7FA0446002855
S21402E6704BD1BDF85A10284649BA89B2D6F7A1FA44
S21402E6800446002841D108213846D6F76EFB0024FE
S21402E690BDF82A302A6806995BBA5352204625B03E
S21402E6A0BDE8F08F0AF47F43B3F5704F18D1F2231A
S21402E6B028460AA98DF82830D6F78FFA044620BBDA
S21402E6C028460AA98DF828A0D6F787FA0446E0B9A4
S21402E6D049462846D6F775FAC8E700BF503E0020DE
S21402E6E009F47F43B3F5704F14D1F12328460AA9E3
S21402E6F08DF82830D6F771FA044630B951462846C6
S21402E700D6F75FFA04460028AAD07B895B45BFF499
S21402E71065ADFEE7F02328460AA98DF82830D6F71D
S21402E7205CFA04460028F0D10422284615A9D6F73A
S21402E73035FA9BE7EE23284615A98DF85430D6F70E
S21402E7404CFA044600287FF449AD2A46414638462C
S21402E750FFF7BCFC0446002899D03FE50446002695
S21402E7603CE5029BBB81059B2B60079B6B60002EE2
S21402E77094D00396B2E400232DE9F04F934D97B060
S21402E780EA68A5F580569380EA68117F63F3410133
S21402E7901177EA68117F63F304111177E9680A7F3B
S21402E7A042F004020A77EA68117F63F300011177E8
S21402E7B07F21EA68D176EA68117F63F3C301117795
S21402E7C015F8B83CDB0740F1D08196F8493F013B8B
S21402E7D0062B08D8DFE813F0080007005E000401E5
S21402E7E091000700D902FEE74FF6FF7003F096F994
S21402E7F00DA8EC6805F07FFC01238DF84A308DF8F1
S21402E800513007234FF6FF7200278DF8543003234A
S21402E81021460DA88DF84070ADF84220ADF84E2086
S21402E8200D93D8F727FD002C00F09F81394696F805
S21402E830583FA371A3762046D8F72EFC04232376EE
S21402E84096F8603F6376237FD90600F1CD82206872
S21402E85005F084FF002800F0C782204608A9D8F7F2
S21402E860B5FC9DF82030082B00F0BE82102B00F07D
S21402E8709282002B40F0C182237F554DDA07A560B5
S21402E88006D420462969D8F7C1FC2B6901332B61CF
S21402E8905049A3E20DA805F02EFCD6F8860FD6F84E
S21402E8A08A1F0EAB03C302238DF84030B6F8503FE2
S21402E8B00027ADF84C300123EC680DA821468DF8F0
S21402E8C050308DF84A700D97D8F7D4FC2046D8F70A
S21402E8D074FE4FF0FF3303700F2387704370C770C8
S21402E8E0002C00F0428196F8533FA371A37696F867
S21402E8F04C1F4B1C86F84C3F9DE796F8532FEB684F
S21402E9000DA89A719A760422EB681A7696F8602F0A
S21402E910EB685A7605F0EFFB2F4A95F8AA3202F515
S21402E920867703F00F03072B14BF14463C46204697
S21402E930D8F70CFA002800F018814FF6FE73B6F8E6
S21402E940822F9A4201D0BC4236D103CC0223CDF8A4
S21402E9504200CDF84610D6F8860FD6F88A1F0EAAC1
S21402E9608DF84A3003C2EC688DF84030B6F8503F56
S21402E9702046ADF84C30ADF84E300323ADF83430B7
S21402E980164B0022149304230DA98DF85430FCF77D
S21402E990A3FC2046D8F73DFE10B10022EB685A765B
S21402E9A0002C00F0E28096F84D1F4B1C86F84D3F77
S21402E9B02046D8F771FB46E7A38BADF83820ADF8B2
S21402E9C042300123EC688DF84A30CDE7083B002040
S21402E9D0303A00208E3A0020883C002001010508CB
S21402E9E096F8532FEB689A719A760422EB681A7699
S21402E9F096F8602FEB685A7695F80821970740F14B
S21402EA00B480D5F8EC30EC68002B00F0AE8042F013
S21402EA10080285F808215A79520940F0B2819A799B
S21402EA2002F00F02012A08D1DA79102A00F0968045
S21402EA3096F8682FD60700F1BD8095F808310DA824
S21402EA4003F001030193B5F80431D5F8EC600293A4
S21402EA50B5F806314FF0000B039305F04CFBDFF8D8
S21402EA60A4A3222200210DA80FF053FF33799807A2
S21402EA7010D505238DF85230B37903F00F03032B1C
S21402EA8008D0012B03D1F3790F2B00F098800823CE
S21402EA908DF85330BAF8503FADF84C30ADF84E30E2
S21402EAA040F20113ADF85030B379C3F3030203F01A
S21402EAB00F03012B09D1F3790F2B00F08280103B54
S21402EAC0012B02D8738AADF84E304FF001090EAF13
S21402EAD005F1F00CBCE80F00ADF834900FC7DCF877
S21402EAE0003032463B600DA92046FCF7F5FB204677
S21402EAF0D8F763FD80462046D8F769FD07462046CC
S21402EB00D8F7F6FC3B189BB2C3F17F07CDF8188006
S21402EB10B6F80C80BFB2ADF81CB0ADF81E7005F1A9
S21402EB20F00CB8F1000F40F0EE80C3F17B03ADF8B5
S21402EB301E30019B002B51D0029B8DF82890ADF819
S21402EB402030039B8DF83290ADF82A30304606AA64
S21402EB5008A9FFF7BBFA00284BD0FEE795F8E43386
S21402EB60012B0AD013F0FD0F20D100210B22E868FA
S21402EB70818017B0BDE8F04FEAE195F8EC339F4884
S21402EB80A371A37695F8EC733946D8F7BEF8002839
S21402EB903FF453AF96F8483F994843F0200386F86F
S21402EBA0483F86F8537FD8F761F946E7002C7FF492
S21402EBB044AFDAE71A7942F002021A713DE71023EF
S21402EBC066E7337AA376A3719AF8523FA3764FF696
S21402EBD0FF738DF85120ADF84E3076E70DF1200E1A
S21402EBE0BCE80F00AEE80F00DCF80030CEF80030CC
S21402EBF0ACE7B389B6F80A90BDF81C20A9EB030966
S21402EC00BB1A1FFA89F99BB29945ADF81E7029D92D
S21402EC1033799907C3F3400004D4B17901F00F01A8
S21402EC2001295DD07369002B5FD07389B18AC3F363
S21402EC300A036FEA83436FEA93435BBAADF8143074
S21402EC404BBAADF81630131DBB425BD8069F394649
S21402EC50381D10F002F8059B3B60BDF81C300433EB
S21402EC60ADF81C30BDF81E10BDF81C208B1A9BB2E6
S21402EC704B453CBF23F007031FFA83F909EB020357
S21402EC808B4261D806994B460A443046B189D6F77C
S21402EC90DEF8002858D1BDF81C7020464F44BFB29B
S21402ECA0ADF81C70D8F793FC82462046D8F720FCB5
S21402ECB082445744A780B389994473891FFA89F915
S21402ECC04B4509D92768384605F0D6FC40F01000B7
S21402ECD080B23870000A78707389434535D2FEE7F1
S21402ECE043F00203B0813371BBE6B5F8C43013B902
S21402ECF00123A5F8C430B5F8C430591CA5F8C410D1
S21402ED00736192E7FEE77389B28AC3F30A036FEA76
S21402ED10C3436FEAD3435BBAADF8203053BAADF8BB
S21402ED20223005224FEAD80308A906A88DF8243017
S21402ED30D5F734FF00B1FEE7B6F80A90B389A9EB1F
S21402ED4003091FFA89F98DE7FEE7A6F80C80D5F8C5
S21402ED50EC30A5F8E8909A7902F00F02012A05D164
S21402ED60DA790B2A02D11A7990070AD4237F6FF335
S21402ED7041032377234B93F84D1F4A1C83F84D2FEC
S21402ED8016E65B89A5F8E830EFE60023EA68137614
S21402ED90EA685376E9E64FF0FF330D931A4B2046A6
S21402EDA0A360D5F8AC100131C5F8AC10D8F72EFA2E
S21402EDB02046D8F7ECF9FF28054600D1FEE726687C
S21402EDC00535305CD8F73BFA0DA9024670190FF0EC
S21402EDD0BFFFFF212046D8F77AFB0C49237F1B078B
S21402EDE002D42046D8F722FC0022064B83F84E2F88
S21402EDF017B0BDE8F04FFCF7C9BAFEE75C3A002050
S21402EE00503A0020082B0020BC3B0020D0450400CE
S21402EE1010B5FCF7A5F910B9BDE81040ABE4084CF4
S21402EE20B4F8500F02F07AFE0020D4F8703F84F84F
S21402EE30490F13B1D4F8741F9847BDE8104001E09B
S21402EE40082B002010B53E4C94F8493F002B76D193
S21402EE5094F8483F13F0010306D1A4F84A3F394814
S21402EE60BDE81040D6F753BEB4F84A3F5A0603D55B
S21402EE70062384F8493F2EE0180608D5D5F7F3FD99
S21402EE80D4F8643FC01A002801DB0723F1E7B4F880
S21402EE904A3F990701D50123EBE75A0701D502231A
S21402EEA0E7E7180701D50323E3E79906C3F3001241
S21402EEB002D482B10423DCE72AB394F8483F9B07C6
S21402EEC021D4B4F8483F03F0FD0343F4806343F0D3
S21402EED00203A4F8483F94F8493FB3B101229A408E
S21402EEE0B4F84A3F174823EA0203A4F84A3FD6F783
S21402EEF00EFE94F8493F072B21D8DFE803F0060BF5
S21402EF000E12121215120523B3E70F48BDE8104081
S21402EF10D7F7ACBFBDE810407AE7BDE8104000F076
S21402EF20F1BCBDE8104026E494F8531F074805F0EC
S21402EF30C4F8BDE8104064210248D6F774BD10BD7F
S21402EF40082B0020203B0020503A0020843A002064
S21402EF502DE9F04704468CB000680E46154605F0CB
S21402EF6096FBA3888146002B00F0DE80002703A9CB
S21402EF7020468DF81470D9F7A0F89DF81410BDF845
S21402EF800C0005F0AEF870B1AE4A92F84E3F01336F
S21402EF90DBB282F84E3F23B9FCF7F8F90CB0BDE8B5
S21402EFA0F08782F84E7FB9F1000F00F0BD80002E88
S21402EFB000F0BA80002D40F0B78003A802F0D4FD1E
S21402EFC03768804638468DF820508DF82C5005F06C
S21402EFD0C5FB002879D0384605F096FB002800F0DD
S21402EFE0A2803046D8F7CBFA002840F09C80304604
S21402EFF001A9D8F7DBF89DF80430052B40F0938082
S21402F00030460DF10701D8F7E1F89DF80730082BD6
S21402F01040F089800DF105012046D8F744FA3046C3
S21402F0200DF10601D8F73FFA9DF806A09DF80530C7
S21402F030534578D102A93046D8F7D8F8304606A903
S21402F040D9F763F89DF82030002B61D006A802F0AD
S21402F0508BFD9DF820300746022B62D0002862D036
S21402F0600068796806AB03C302238DF82030754A20
S21402F0700AF1FF33D2F8DC1EDBB201F07F008342D6
S21402F0808DF8063060D0481E00F07F0083425ED0C6
S21402F090013101F07F018B4245D102F6C472BB7F7B
S21402F0A003F00F03072B03D17969029B99423AD8E2
S21402F0B0304606A9D8F728FBA8BBBB7F03F00F0390
S21402F0C0072B02D1029B01337B61B8F1000F2BD0D4
S21402F0D096F91510404604F099FB3046D8F78CFA9C
S21402F0E007463046D8F713FAFF2F05D0FF2803D07D
S21402F0F0DFF860C1B8422DD2524B93F8483F5B0707
S21402F10012D42046D8F785FA70B102F0E9FC0BE07B
S21402F110204609A9D8F7D1FF9DF82C301BB109A8C3
S21402F12095E70028A3D10E25DFF8188198F8493F05
S21402F130013B062B2BD8DFE813F02B002A00370002
S21402F140D90042002A00730102F6B472A7E702F65B
S21402F150A472A4E73368DA5BD919C2F3C712DB5D7F
S21402F1607AB90A7991F803E0120442EA0E2291F87B
S21402F17002E042EA0E02624503D14A79002A00F012
S21402F180B78103F07F0302333B44DFB2B2E7FEE708
S21402F1902D48B8F85A1F836C1830013303630CB03D
S21402F1A0BDE8F047D6F73FBC274A536C0133536499
S21402F1B0002388F8493F0CB0BDE8F04742E6A38832
S21402F1C01BB1B9F1000F00D1FEE76DB966B198F830
S21402F1D0483FDF0708D5306805F04EFAC60603D565
S21402F1E006211A48D7F7B6FE174E336C013333643E
S21402F1F0002388F8493F8DF82C3096F85031D8070E
S21402F200D9D5A3884BB109A92046D8F756FF0123C2
S21402F2102946204609AA05F040FA0D4F96F8AA227A
S21402F22007F5867302F00F02072A18BF3B469B7F3C
S21402F230190711D102F0F4FBA7F12800ECF760FCE5
S21402F240B9E700BF082B0020083B0020503A0020F8
S21402F250883C00209BB8EA0005F0FB030B2B26D067
S21402F26065BB96F8513196F850210F2BC2F38002F7
S21402F2700AD8002A9FD0B6F8503123F4706323F0E0
S21402F2800403A6F850310DE0F03386F85131DBB2B4
S21402F2900F2BEED896F8433165F3870386F8433191
S21402F2A0002AE8D101218F48D7F758FD83E796F860
S21402F2B0503143F0040386F85031F3E796F85131A3
S21402F2C020465D1C05F00F0565F3030386F85131F1
S21402F2D0D8F79FF900280CBF04230F239D42CADAF1
S21402F2E096F850315A073FF566AFE2E77E4FFB6B62
S21402F2F00133FB635DB17B6D01337B65002388F8C8
S21402F300493F4FF44843EB40DB0702D4FEE788F858
S21402F310495F4FF0000897F808318DF82C8068F3A3
S21402F320C303980787F8083126D5A08848B109A9EB
S21402F3302046D8F7C2FE43462946204609AA05F0CB
S21402F340ACF9D7F8EC20A2B11379D90700D4FEE7BE
S21402F3503DB16FF3C3031371D7F8EC305B89A7F89E
S21402F360E830D7F8EC20B7F8E8305189994228D926
S21402F37093815E48D6F73AFA97F85031D9077FF567
S21402F3801AAF97F89E311A073FF415AFB7F8A031B7
S21402F390022B7FF610AF206805F0E0F900283FF454
S21402F3A00AAF237F9B0704D52046D8F732F90446D6
S21402F3B000BB002D7FF4FFAE002E3FF4FCAE2C46C1
S21402F3C01EE068B11279038D12F0080F4FF6FF7235
S21402F3D018BF0022C3EBC31340331344DB09038573
S21402F3E0D7F8EC00294602F04FFCD7F8EC0004F000
S21402F3F085F8BEE715B104F0C6F9DCE6002EFAD0B1
S21402F40097F850316FF3C60387F85031306805F02D
S21402F41033F9C006EFD402F063FB002CEBD1CAE648
S21402F420314FFB6BD7F82C610133FB63002388F85E
S21402F430493FC7F83031AEB10E2DC7F82C3115D082
S21402F4400F2D25D015B10B2D22D0FEE796F84830A9
S21402F45065F3060386F8483096F8463065F30403EB
S21402F46086F846300023C7F82C31A4E6206805F05B
S21402F47075F910B1237FD90714D596F848305A1C6F
S21402F48002F07F0262F30603032A86F848300AD89F
S21402F490A388002BE6D02568284605F0EDF8C205BD
S21402F4A005D5FEE7FEE7002386F84830F0E7AB789E
S21402F4B086F84530206805F051F90028D2D0237F1F
S21402F4C0DB07CFD509A92046D7F790FE099B204631
S21402F4D0336406A9D7F7E7FF9DF8183086F844305C
S21402F4E0C0E700BF403C0020083B0020143C002040
S21402F4F003F07F03043BDBB2022B3FF6FDADDFF8E1
S21402F5008CC0DCF89477002F3FF4F6AD98F8300004
S21402F51010F0020F8DF8240004D073B38A798DF8A8
S21402F5202C20012210F0040F01F1060111D09342A3
S21402F5300FD94FF0FF0A02F1010E8A5C02EB82122B
S21402F54052007F3292B2B2FBFAF28DF82D205FFAA9
S21402F5508EF2000711D593420FD9895C82237F224F
S21402F56013FB0123FF22B3FBF2F36FF07F02823B11
S21402F5709342B8BF13468DF82E304146DCF89837D2
S21402F580B8F81C0009AAB847B6E500BF083B002039
S21402F5902DE9FF4716460546A6488846D6F76EFF6B
S21402F5A00E2E07D00F2E00F08A801EB10B2E00F012
S21402F5B0B080FEE72B7F5A07C3F3800442D4B8F12B
S21402F5C0000F40F09A80FBF763FE9B4BB3F87C3F3C
S21402F5D09B0608D5286805F0C1F820B12C7F14F0E8
S21402F5E0010440F0BB800022934B83F87F2F002E4D
S21402F5F040F09E804FF00009286805F048F8002386
S21402F6008DF80C30AB8882468B4F002B00F05D8164
S21402F61001A92846D8F751FD01A802F0A5FA07F578
S21402F6208054002800F00C81BAF1000F40F0DA8016
S21402F630002E40F00781636A01336362A36B0133D5
S21402F640A36338E1AB797C4A92F8521F994207D0FD
S21402F65092F8681FC9071ED592F8692F9A421AD1E6
S21402F660764A4FF6FF70B2F8B230B2F8B0C0B3F5D1
S21402F670007F3CBF0133A2F8B230002C18BF002036
S21402F680B2F8B2104F1E4B080CFB07330344B3FB11
S21402F690F1F3A2F8B030B8F1000F2FD1FBF7F8FD66
S21402F6A0654BB3F87C3F9B0606D5286805F056F8EE
S21402F6B010B12B7FD80751D4002C5ED093E72B7F56
S21402F6C05F07C3F3800411D4B8F1000F16D15A4F66
S21402F6D0FBF7DEFDB7F87C3F980646D4D7F8943F92
S21402F6E01B7F5C0750D487F87F8F21E05349AB79A4
S21402F6F0CA6D00240132CA65A5E701242846D7F759
S21402F70088FF0028CAD0E7F74EFF4B4BC3F8F80F26
S21402F710C4E7494FB7F87C3F13F0200302D187F8BD
S21402F7207F3F05E0286805F019F888B987F87F0F4B
S21402F730414BB3F87C2F52073FF55CAF93F8809F9E
S21402F7406B7E99452CBF4FF000094FF0010953E735
S21402F7502C7FC4F3000314F00104E0D028460DF118
S21402F7600201D7F733FD28B3FEE7286804F0F6FF58
S21402F7700028B3D02B7FDF07F0D42F4BD3F8943F6B
S21402F7801B7F59077FF52FAF2B4AB2F87C3F03F059
S21402F7900C03002B7FF427AF92F87F3F297E994215
S21402F7A07FF621AF013382F87F3F04B0BDE8F04711
S21402F7B005F07EBB9DF80230082B7FF47DAF28460D
S21402F7C001A9D7F713FD00B1FEE728460DF10301A4
S21402F7D0D7F769FE00B1FEE79DF803100198FBF724
S21402F7E0B3FD69E7A6B10E2E2CD1C38CC3EBC313AF
S21402F7F003F580333F33DB09C384B9F1000F24D10C
S21402F800636A01336362BAF1000F3FF417AF08E090
S21402F810C38CC3EBC3134033DB09C384636A01336F
S21402F8206362236B01332363002E44D1636B01337F
S21402F830636340E0E43A0020082B0020083B0020E7
S21402F840002EDDD0B9F1000F25D0236D01332365DC
S21402F85097F8803F0E2E03F1010387F8803F2B7F37
S21402F86043F002032B77A0D197F87E3F97F8D90F83
S21402F870062B1CBF062387F87E3F02F0DBFA97F8BA
S21402F880D93F0133DBB2052B28BF052387F8D93FC2
S21402F89004B0BDE8F087636A0B2E03F101036362CE
S21402F8A026D1236E01332366BAF1000F3FF4C6AEAB
S21402F8B0236B013323639DF80C10BDF8040004F09B
S21402F8C010FCD8B1E36A0133E362B9F1000FBFD18D
S21402F8D097F87E3F3246022B18BF0223414628463F
S21402F8E018BF87F87E3F04B0BDE8F047FFF730BB8D
S21402F8F00F2E88D1636E01336366D5E7A36A0133A0
S21402F900A362E2E72DE9F047FBF72AFC464C98B9DA
S21402F910B4F85A3F94F8581FDBB904F67C7594F88D
S21402F920581F284604F0C9FB04F012FEFDF79EF9A4
S21402F930FBF716FC0028F2D00020D4F8703F84F8BB
S21402F940490F13B1D4F8741F9847BDE8F047FFF784
S21402F95079BA94F8483F5A0703D404F67C7004F048
S21402F960ACFB94F87E3F94F8586FB4F85A5F002BBD
S21402F970E2D0033B032BDFD9B4F87C3F9B0739D593
S21402F980DFF8A890D9F80080B8F1000F2ED1182021
S21402F990FDF79EF94FF0800A868201264FF47A77A9
S21402F9A0C0F80080867180F804A080F80580C0F850
S21402F9B008806F430546E2F777FEB7EBC00F4FEAC3
S21402F9C0C00328BFB7FBF3F6284685F810A0EE6002
S21402F9D0E2F7F2FE50B9C9F8005094F87E3F052BC4
S21402F9E002D0052384F87E3FBDE8F0870F48E2F791
S21402F9F0D7FDF2E7304602F0F1F900B1FEE794F8DF
S21402FA007E3F052B1CBF052384F87E3F7F2384F8A8
S21402FA108F3FD5F728F82844C4F8900FBDE8F04782
S21402FA20002001F05BBD00BF082B0020A0190020BB
S21402FA302DE98048AD4BB1B05969C1F3073001F0EA
S21402FA403F01012917D1AA4A936DDB0313D4536BE6
S21402FA5023F4FF0323F4FE4343F4BC1343F4A063EE
S21402FA605363136B23F4704343F440431363136BE3
S21402FA7043F4E06313638DF814008DF81510BDF897
S21402FA801430B3F5807F0CD14FF000531B68994BAE
S21402FA901B68994B1B68994B1B68994B1B68994BC3
S21402FAA01B68994AD2F8803043F00303C2F88030CC
S21402FAB0EFF31183302282F31188DFF8949299F8DB
S21402FAC0F020002A40F0B482012289F8F02083F365
S21402FAD01188BFF36F8F6FF0040350218B488C4C54
S21402FAE013F0800F03F1010240F09B8223443D2A6B
S21402FAF083F800131346F3D1864AD2F84C3113F436
S21402FB00802300F09A824FF07E6292F89C3092F93F
S21402FB109C20002AB8BF4F234FF4D15102207E4AC0
S21402FB204F2B51627D4928BF4F234860012001F5C3
S21402FB308051DBB24860116911F48031FBD143F485
S21402FB408073536140F201439360724B5160D3F865
S21402FB504C21170300F17482D3F85041E4B2704B83
S21402FB60704A93F90050704B25441A60664B85F331
S21402FB7008051B6F03F00703032B01D110F05EFA92
S21402FB80FBF78AFA032842D045F60E030221584AAA
S21402FB90C2F88030654B9962012103F58053996261
S21402FBA0936DDE03FCD4624B62491361936903F0E2
S21402FBB0004343EA054343EA042343F0407343F019
S21402FBC03C039361136A23F00D031362936A23F0D6
S21402FBD0330343F001039362454A936D31EA03030C
S21402FBE0FBD10221514B9962936D5800FCD41369E4
S21402FBF023F4700343F4001313614FF000424B4B9F
S21402FC009A61022203F580539A6201229A62414B5C
S21402FC10D3F89840484B5A68012A00F01782FBF73F
S21402FC203BFA042807D14548FBF7BCF9364A136F5E
S21402FC3043F480631367424A24F04073D16811F09C
S21402FC40060FFBD1916893609068434013F4F81F47
S21402FC5005BF3C4B394A91601A60FBF71DFA04282F
S21402FC6012D110F0EBF9FBF79DF90120DDF708FD44
S21402FC703549254A884294BF00200120136F23F499
S21402FC80806343EA80231367224B304AD3F8C0309E
S21402FC901D4C23F040739360256F2848C5F38025DA
S21402FCA06B1C89F8F130FBF77DF9236F43F4806310
S21402FCB02367236F23F0070343F00203236710F042
S21402FCC0BDF9FBF76FF9236F23F4806343EA8523BC
S21402FCD02367236F23F4505343F4806323670B4B4D
S21402FCE0D3F8FC20D20140F1B78133E000C00750C0
S21402FCF000C00050004000200080002000C000200D
S21402FD0000000120004001200080005000ED00E0CD
S21402FD1000E100E00080E00F0000025000100250F8
S21402FD20C546002000F049028474002000D000502E
S21402FD302008B00B0300014000C0015000B4C40408
S21402FD40000001508074002080F0FA020040015A40
S21402FD50A86D0020D3F8FC2022F08072C3F8FC20A5
S21402FD60D4F8802022F0030242F00202C4F8802077
S21402FD70D3F8FC2042F08072C3F8FC20BB4BD3F8C9
S21402FD80202122F0070242F00102C3F82021D3F814
S21402FD90802122F0030242F00102C3F88021D3F848
S21402FDA0402122F0030242F00202C3F84021D3F8B7
S21402FDB0602122F0030242F00202C3F86021D3F867
S21402FDC0402222F0030242F00202C3F84022D3F895
S21402FDD0002222F0070242F00202C3F80022D3F801
S21402FDE0082222F0070242F00202C3F80822A04AC2
S21402FDF0536A23F0010353624FF0E022136943F083
S21402FE00040313619B4B5A6F42F001025A67DA6E83
S21402FE1022F03002DA66EFF31185302383F311887D
S21402FE2099F8F230002B48D14FF0B044924A136052
S21402FE30924A1360924A136063680BB1DDF7B4FE10
S21402FE40012200218F4B5A60A1608F494A6002222C
S21402FE50E2606022E2631F229A615A614FF0B04369
S21402FE609A6A12F00802FBD11A625A685B680BB1F2
S21402FE70DDF79AFE0126844C6660DDF795FE4FF0AC
S21402FE80B0434FF48062DE60804B0A20C3F88021C4
S21402FE90DDF7BAFEA661EFF31184302383F31188EF
S21402FEA00D20DDF7EDFB024684F31188BFF36F8F5A
S21402FEB0774B1860002840F00F8185F31188BFF356
S21402FEC06F8FDEF735FC734A7349D2F8C03023F0E1
S21402FED0FF0343F0A003C2F8C030704B994270494A
S21402FEE040F005810B686F48C2F89830C2F89C0053
S21402FEF000F5BF3000F5FF70C2F8A00001330B60BA
S21402FF00BFF35F8F0522634BC3F894205A6A42F40C
S21402FF1080325A62BFF34F8FBFF36F8FBFF34F8F9C
S21402FF20BFF36F8FDFF772FB5F4B1B6803F5005260
S21402FF3092F84828002A40F0FB805B4B1B6801932E
S21402FF4000231293012389F8F33099F8F3305BB15A
S21402FF502022002155480EF0DCFC5548C468002CCF
S21402FF6040F0FA8089F8F34004F06CFBEFF310805F
S21402FF7072B6504B5E8810F053FA002E40F07A812B
S21402FF804FF4F8500FF000FF18B34FF480700FF0E4
S21402FF90FBFE494D0446002800F096862B68314643
S21402FFA01B684FF480701B78444C13F0200F08BF78
S21402FFB000240FF0D1FE324600232868C0E904333D
S21402FFC0836A03F5005393F8483813B12146FFF7C6
S21402FFD0DFFA3B4B186820B10368022B01D1E2F727
S21402FFE0F5FA3849A1F12400E2F7D8F8002800F023
S21402FFF090863449A1F12400E2F7D0F8044600289E
S21403000040F091863049A1F12400E2F7C7F8044690
S214030010002889D020462D49E2F7D6F820462A49FB
S214030020F3E703F00F03043B03441976134657E53F
S21403003083F31188BFF36F8F5EE5D2F850216BE52B
S214030040234B1C88FF2C88BF812488E521494A60FE
S2140300509A699107FCD1E2E5D4F8803023F00303D4
S21403006043F00203C4F8803088E600BF00800050E7
S21403007000C0075000400050D4450020044700202D
S21403008054180020002000580010005800E100E03B
S2140300905818002000ED00E0807400202074002033
S2140300A00047002003000020C44C0020786E002088
S2140300B05C190020AC1A002080190020281A0020A2
S2140300C0A01900203018002054180020E543000033
S2140300D00001E00F00E00150002340F2E7319048B2
S2140300E00EF026FA8F4B89F8F2601860E5E623F0E7
S2140300F01F03203BB3F1005F0BD308688A4CC2F89A
S214030100980043F001030130C2F89C40C2F8A030C7
S2140301100860864A0B68864822F01F0242F00302F4
S214030120C0F89830C0F89C20824AC0F8A020E5E6C4
S21403013000255C685D60002C3FF4FFAE6068844277
S21403014005D043686360036845609847F6E7204632
S214030150236865609847F0E612AB2022764900686C
S214030160A0474FF0000389F8F33000287FF4FCAE75
S214030170724B1C68002C3FF4F7AEBDF848506E4E29
S21403018004F58054002D3FF4EFAE94F8E43116F8EE
S214030190011B012B0ED0022B48D043B97E2906D172
S2140301A0012384F8E4314FF6FF73C4F8F431013DBC
S2140301B0ADB2E7E77D291AD07E291CD0D4F8E80132
S2140301C08788002F4DD0B4F8F4215D4F82EA0103EF
S2140301D0DBB237F8133083EA1223A4F8F431F0F7CE
S2140301E0A4FCB4F8F6310133A4F8F631DFE70223B2
S2140301F084F8E431DBE7B4F8F631002BD3D0012BD7
S21403020012D04FF2B803B4F8F4219A420CD100216D
S214030210D4F8E8311A68023A1A609A8802329A8049
S214030220D4E97B309847BEE70621F9E7D4F8E8011E
S2140302308788B7B1B4F8F42181F0200182EA01037C
S2140302403F4FDBB237F8133083EA1223A4F8F431B6
S214030250F0F76BFCB4F8F6310133A4F8F63101235A
S214030260C6E70321D4F8EC31D4F8F001984784F8B4
S214030270E4719CE74FF0000389F8F430EFF3108045
S21403028072B6304B5A8812B910F0CAF8FEE72D4CF6
S214030290013A2388254604EB8301D1F80C80A18814
S2140302A00133B3FBF1F401FB14336A802B8010F0A7
S2140302B0B7F8B8F1000FE9D0234D98F80C30EA7D73
S2140302C0C3F3800363F34102EA7598F80C30002009
S2140302D003F0FB0388F80C30EA7DDB0963F30002C6
S2140302E0EA7598F80C3003F07F0388F80C3098F81A
S2140302F00130AB71434613F80C2BAA802B6098F998
S21403030003306B7598F80230AB75D8F80430AB62DF
S214030310D8F808100FF0D6FD019BBBB9FEE700BF67
S21403032018FCFFFF08180020030000209F7400201D
S21403033000ED00E0E17F0120786E00208C6D002048
S214030340BE310400AC1A0020581A0020984B2846E9
S2140303501A789B682A752B61D7F72FF988B103782B
S214030360C3F38302032A0CD19F070AD4286804F038
S21403037083F9AC8800F44050092C02D9002800F019
S214030380D382019B03F5005393F84838002B00F003
S214030390CB82884E99F8F4B0D6F89C3F06F5805485
S2140303A0002B00F0BE80BBF1000F2FD0B6F87C3FC9
S2140303B09E0606D5EB7D980703D5297D2869FAF7AF
S2140303C0C3FF00238DF82C308DF83830A36E01332D
S2140303D0A366ABF10803152B00F27481DFE813F074
S2140303E05604720172017201720172017201720186
S2140303F072015C0462046804DE006E04C1007201CC
S2140304007201720172017201720133025946D6F803
S214030410A02F69489847B6F87C3F990609D5EB7D27
S2140304209A0706D5297D2869FAF78EFFBBF1000FD8
S214030430C7D1B6F8E83F002B7CD1FAF729FF002393
S2140304408DF82C308DF83830A36E0133A36696F8FA
S214030450483FD90740F136815748D7F790F8834687
S2140304600028B6D109A95448D7F74FFE52480CA91D
S214030470D7F723FE9DF82CA0BAF1000F61D009A888
S21403048001F072FB07469DF83830012B00935AD0D3
S214030490022B6CD048480DF10E01D6F7E9FD48B99A
S2140304A04FF6FF72BDF80E30934203D0B6F8502FC6
S2140304B09A4256D1BAF1010F60D0BAF1020F67D053
S2140304C00099BDF8300003F00CFE00286CD0236FB3
S2140304D001332367286804F041F9002800F01481EB
S2140304E0354804A9D6F762FE9DF81030052B40F078
S2140304F0CD8312A93048D6F779FE2F4807A9D6F739
S21403050065FE9DF81C30082B00935BD0102B00F083
S2140305109480002B40F0BA83DDF800A0274A09A98F
S2140305208FE0B6F87C3F9F0680D5EB7D9B077FF573
S2140305307DAF77E7EB7D980744BFAB68C6F8F83F17
S2140305407BE757469FE7BDF83030B6F8822F9A42CE
S214030550A0D096F8482F520703D54FF6FF72934262
S21403056098D0D4F88C300133C4F88C30DCE11449CD
S2140305700CA8D7F741F900288CD1F2E7002F00F03A
S21403058097833868796809AB03C302238DF82C3048
S2140305900B4909A8D7F730F9002891D0D4F89C3036
S2140305A00133C4F89C30BFE1E36E0133E36691E7A1
S2140305B0486D0020082B0020581A0020303A0020EF
S2140305C08E3A0020002F00F06183B5480FA9D6F7B6
S2140305D06AFF9DF83C30D6F8DCAE013BDBB20AF08E
S2140305E07F0293428DF83C3022D00AF1FF3202F0AC
S2140305F07F018B421ED00AF1010A0AF07F02934262
S21403060040F04483A74ABB7F03F00F03072B0DD1AB
S214030610BB69534500F23A8308D1129BF968581C0C
S214030620814200F01681994200F2308309A908E05E
S2140306309D4AE8E792469D4AE5E74FF0000A9C4943
S2140306409C4A9748D7F760F8002840F01F83009B22
S214030650082B59D1BB7F03F00F03072B38D094F830
S2140306605031DB0700F100814FF0000B384695F957
S214030670151003F0CBF8D5F800A0504604F06EF83A
S214030680002848D086480FA9D6F7A0FD9DF83C3031
S214030690082B40D1BB7F03F00F03062B04D0072B98
S2140306A039D0012B40F004839AF8003003F0070397
S2140306B0032B07D112A804F031F818B99DF8483077
S2140306C0042B28D0D4F8A8300133C4F8A8302BE183
S2140306D0BB697A6953451CBFC7F818A03861129BDB
S2140306E001339342FB600AD97B61D6F8DC3E9A4518
S2140306F0B5D9032251467048EAF7F0F8AFE7D6F8C3
S214030700DC3E5345ABD2F4E794F85031D80700F1FA
S214030710AB80002FAAD196F8493F022B00F0B38096
S214030720062B00F0CB80012B40F0D680D5F800A036
S2140307309AF8001011F0070140F0A580E36F01332B
S214030740E367D6F8703F002B7AD012AF3C223846C8
S2140307508DF844100EF0DDF89AF800305B076FD181
S2140307600DF13C0A51464E48D7F7CFFC002867D117
S2140307709DF84430022B63D19AE8030087E8030010
S21403078047480DF17A01D6F7DBFC20B144480DF15A
S2140307907A01D6F76DFCAB7941488DF87E306B7DD8
S2140307A08DF87F30AB7D8DF88030D6F718FF824604
S2140307B03B48D6F702FFBAF11D0F05463AD940F675
S2140307C0FF7302889A4235D183789BBBC3788BBB71
S2140307D00379032B2ED142799DF88130120962F3F7
S2140307E003038DF88130427907A962F386138DF8E7
S2140307F0813043799DF88120C3F3C00363F3041269
S214030800831D0793102314A88DF881208DF82030BC
S214030810D8F7DCFD14A80EF02FFB014614A8D4F776
S214030820B7FF68B1D5F81630CDF86130D5F81A3071
S214030830CDF865303846D6F8703FD6F8741F98471B
S214030840BBF1000F70D0D4F890300133C4F8903069
S2140308506AE096F8493F062BF5D194F850314FF0ED
S2140308601D0BD9077FF502AF94F8503128686FF354
S214030870C60384F8503103F0FFFEC2067FF549AF86
S21403088002F081FF45E796F8582F96F8523F9A42B2
S21403089022D0D4F884300133C4F88430D0E700BFC4
S2140308A0581A0020CC3A0020BC3A0020AC3A00206C
S2140308B0D0450400BC3B0020E03900209DF83830CA
S2140308C03BB1A548D5F723F9002386F8493FFEF741
S2140308D0B9FABBF1000FB6D12B681F7807F00707EC
S2140308E0012F00F0C080032F05D0002FD1D1E36F76
S2140308F00133E36720E012A803F010FF9DF84830A9
S214030900042B16D0072B40F0A880D4F88030013390
S214030910C4F8803096F8483FDC0705D5D80603D5DB
S21403092039468E48D6F716FB404602F091FFFFF78E
S2140309301DBBA36F0133A36700238DF870308DF8BA
S2140309407A308DF8B83094F80831990740F18180F1
S2140309508348D6F732FE07468148D6F740FE1AA9E3
S214030960ADF84C007E481297D7F7CFFB002870D11E
S2140309700DF172017A48D7F7A0FB0146002868D12B
S214030980182214A80DF0C5FF754814A9D6F7D8FB8E
S21403099018B1734814A9D6F76BFB71480FA9D6F79D
S2140309A067FB18B1BDF85030ADF83C304FF6FF7218
S2140309B0BDF83C3028689A1A534253419DF8552097
S2140309C063F341028DF8552003F0C8FE80B16448F6
S2140309D00FA9D6F7FBFB9DF83C3013F0F70F0CBFBF
S2140309E0012200229DF8553062F300038DF855303E
S2140309F0AB795C4F8DF852306B7D8DF85330AB7D01
S214030A008DF85430D4F81037BB4212D09DF85530C9
S214030A10DB070ED594F85931022B0AD11AA801F038
S214030A20A3F8A7F5B163834203D1A7F10800E9F75A
S214030A3033FB2B681B7803F00703012B09D1BDF8A2
S214030A404C20129B042A12D91A7802F0C002802A7C
S214030A500ED14248D6F70AFAF2E6D4F884300133C8
S214030A60C4F8843068E7636F0133636764E77DD156
S214030A701A7802F0D802C02A7BD1002312A907A84D
S214030A800493EAF749F9002840F0DB80BDF82050CC
S214030A90002D40F0A380BDF81C7004AA394612A8A6
S214030AA004F068FE002840F0CC80049D6B89BB42AE
S214030AB000F2C78039462846D4F7D6F8002840F017
S214030AC0C080BDF81E3028466B61E9F715FBBDF8FC
S214030AD0503005F12C006B829DF852302B729DF935
S214030AE05310EAF75FF805F12E009DF85410EAF765
S214030AF08CF89DF855202B79284662F341032B7119
S214030B009DF855306A79C3F3400363F300026A71B4
S214030B1003F02DFE002840F0948096F8483F5807CF
S214030B2004D42B79990701D503F0A3FB0E480122C1
S214030B302946D4F75EFC002001F056F8049DAA89E6
S214030B406B899A4285D329460748D4F770FC284612
S214030B5005F0C4FC7DE700BF203B0020503A002090
S214030B60581A002010420020E83B0020002A3FF4D9
S214030B7070AF1B7803F0E003602B7FF46AAF0021AD
S214030B800FAA12A80F9104F0F5FD28BB0F9DBDF820
S214030B90503005F12C006B829DF852302B729DF974
S214030BA05310E9F7FFFF05F12E009DF85410EAF7FE
S214030BB02CF89DF855202B79284662F341032B71B8
S214030BC09DF855306A79C3F3400363F300026A71F4
S214030BD003F0CDFD0028BAD00F9833E0D4F8E01028
S214030BE00FA803F041FB0F9BFBB1BDF81C205989EE
S214030BF0914215D1BDF81E005A69824210D19A89D6
S214030C0095420DD1BDF84C202A448A4208DC197956
S214030C109DF85520C1F3400102F00102914203D032
S214030C200FA8D3F7FCFFDEE7049396F8483F049D2E
S214030C305A070DD475B99DF85530DB0701D503F077
S214030C4018FB049800283FF404AFD3F7EEFF00E741
S214030C50002DF6D0BDF84C30129A2846A989D4F751
S214030C600FFA2846BDF84C10D4F77FF89DF95310B9
S214030C7005F12C00E9F796FF05F12E009DF85410B8
S214030C80E9F7C3FF2846E9F737FA57E7D4F8A03061
S214030C900133C4F8A03047E6D4F8A4300133C4F8CF
S214030CA0A43041E6D4F894300133C4F894303BE6DC
S214030CB0D4F898300133C4F8983035E6D4F8883041
S214030CC00133C4F888302FE64FF400700FF05CF859
S214030CD0064638B121464FF400700FF03DF80F2258
S214030CE0FFF76AB94FF480600FF04EF8044640B140
S214030CF031464FF480600FF02FF834460E22FFF78C
S214030D005BB901464FF480500FF026F80B22FFF72D
S214030D1053B90949A1F12400E1F740FA00287FF40A
S214030D2068A9FFF701B920460449E1F74DFA2046C2
S214030D300349FFF761B900BF54180020CD430000F4
S214030D403018002000F0F003E02B19D100F00E005D
S214030D500E2819D8DFE800F0091808180E1810181E
S214030D6018181818181812002B200870002070473F
S214030D701120FAE72C20F8E73C20F6E72920F4E7D1
S214030D8000F0F800F028F3D006207047002010B5D6
S214030D90124AD2F8CC30D2F8EC1023B9642894BFA8
S214030DA00020012010BD1A79D20713D58B4211D02B
S214030DB05A79520902F00504012C0DD052B95A890A
S214030DC001307F2A80B205D960247F3AB2FBF4F261
S214030DD0104480B2DB69E0E70130FAE7083B002005
S214030DE00CB42DE9F041404BB0B01B7837AD044648
S214030DF00295002B45D0E0F7D6F93C4BB2213C4A8E
S214030E00009003A806F0CEFB601E032896BF394B5E
S214030E10394B53F820309F21384A0DF11F0006F056
S214030E20C1FB13302B4684B203AD354AC4F1B2017D
S214030E3015FA80F006F0A8FB002822DB0444A4B2CF
S214030E40B22C28BFB2240A2204F1C0032D4D6B44F2
S214030E5003F8B42CEB6A0134012BA4B216D0022B90
S214030E6020D073B9AB6A6A6A93429CBF296A5B183F
S214030E70013B9A1A944204D82246234803A9FAF758
S214030E8083FC30B0BDE8F04102B07047AB6A6A6AD3
S214030E9093429CBF296A5B18013B9A1AA24228BF59
S214030EA02246EAE76F6A0DF10C08AB6A2E6ABB426C
S214030EB098BF9B19F61BA64228BF2646013BDB1BA1
S214030EC09E4228BF1E46E8694146384432460DF026
S214030ED03FFF2B6A37449F4208BF0027A41BB0443A
S214030EE06F62E2D1CDE700BF904A0020DD450400E3
S214030EF0E5450400C8460400D84504004F0C04002A
S214030F005B090400B8750020D07500200EB44FF4BA
S214030F10160370B50024ADB043221A4932AE06ADAF
S214030F2004A80593039604958DF81840D4F7BFFBE1
S214030F302346154A12F8011B09B99BB202E0013396
S214030F400E2BF7D1114A12491344009304A8A2F1B9
S214030F500F030E22D4F7ABFB32460E4904A8D4F790
S214030F6085FB0D4A0D4904A8D4F7A1FB2B46102197
S214030F7001200A4AFFF734FF2DB0BDE8704003B0E6
S214030F80704700BFF0450400D8460400E746040057
S214030F90F6450400FF450400594604005B090400B7
S214030FA02DE9F04393B0044689461E461A9F002B4C
S214030FB04FD0002F4DD02849284B0FAD002A08BF2D
S214030FC00B46036000232946C0E901330362484603
S214030FD0F4F7AEFC002839D120460F990FF044FAF7
S214030FE0102120460FF040FA4FF001084FF000534F
S214030FF069462046CDF804800293F4F761FD48461F
S21403100003A9F4F73CFD08BB204603A9F4F758FDF3
S2140310100F96134ECDF8408006AB119695E8070061
S21403102083E8070019462046F4F74AFD0C9709ABF8
S214031030CDF834800CAA0E9607CA83E8070020462C
S21403104019460FF06CFA20460FF037FA13B0BDE8D6
S214031050F0832120FAE700BF000100040001010429
S214031060100000202DE9F04794B00446DDE91D6525
S214031070DDE91F789246894629B96FF08604204633
S21403108014B0BDE8F087002AF7D0002EF5D00DB9CE
S214031090002FF2D12388B3F5105F4DD1282200210B
S2140310A00DEB02000DF035FC2022002102A80DF006
S2140310B030FC0AA80FF0D1F900283AD12046524650
S2140310C0494602ABDEF730FA04460028D7D1029B26
S2140310D023F00802102A01D0202BCED1AE4221D213
S2140310E006F110039D421DD20F2FC6D9314610229A
S2140310F028460DF0B2FD2E4633460022009502A97F
S2140311000AA8FFF74DFF064678B13A46002128465F
S2140311100DF0FFFB0023012EC8F8003009D16FF055
S2140311208B04ACE70F2FE7D8A7E71023C8F80030E7
S214031130A5E76FF09204A2E76FF085049FE773B507
S2140311400223154601AA0446F5F7C4F818B9019B0D
S2140311501BB96FF0630002B070BD226892F90020DD
S214031160002AF6DB06462268117839B106B10193E8
S214031170042BEED809D10B06EBD406E00132013B73
S2140311804FF001062260EED1019300232B60019BF2
S214031190013BE0D322682968127842EA01222A60DA
S2140311A0226801322260F3E713F07E0F2DE9F04741
S2140311B00C4615460CBF4FF0010A4FF0000A0746CF
S2140311C05246294620461E46C3F34508F5F766FBF6
S2140311D048BB04F108095246484605F10801F5F7ED
S2140311E05DFB00BB08F1FF33D3F1000848EB0308AF
S2140311F04246204605F11801F5F750FB98B94246DA
S214031200484605F12001F5F749FB60B92146384603
S214031210F209F5F704FF30B904F110000121BDE827
S214031220F047F5F7DDBCBDE8F087F0B513460E468C
S2140312300122002185B0CDE902120091021D054668
S214031240022102A8F5F7BAFB044648BB06F11002D2
S2140312501146284602ABF6F7D2FD044600BB06F15C
S21403126008073A463946284602ABF6F7C8FD044651
S214031270B0B902AB1A4619462846F6F7C0FD04462F
S21403128070B932463146284602ABF6F7B8FD044637
S21403129030B93A463946284602ABF6F7B0FD04465F
S2140312A002A8F5F7BAFA034814F10E0F18BF204642
S2140312B005B0F0BD00B3FFFFF8B504464518073583
S2140312C049420D40A5F108063046DDF7D7F8618898
S2140312D0331BA1EBE30125F8061CA088DA1000EB0C
S2140312E0E30080B225F8040CA188D1B1A4EBC101B8
S2140312F04F88C880D0194880E188C9B18A1A92B24B
S21403130004EBC10125F8022C8A80A2889AB91149F8
S2140313108A681344CA688B60934200D9CB60304610
S214031320F8BD15F8081C41F0020105F8081CE3E7B0
S21403133025F8021CE9E7A4EBC2042278D207EED50F
S214031340044A91680B44D16893608B4288BFD3608C
S214031350E5E700BFCC4600202DE9F041036B826B26
S21403136007689A4288BF8363426C436A92B002FB63
S2140313700377C36B0E46052203A95B69044638460A
S214031380984703A8DAF71FFE01280146307070D08D
S214031390656CE26B2368606AD2F814C005FB003004
S2140313A0052208A9E04708A8DAF70DFE01284FF042
S2140313B000053CD0D4E90A3201219342CDE90D451C
S2140313C08DF83C5010958DF8441043D119462046AD
S2140313D0DAF73DFE236B626C14339B1AE0622363D9
S2140313E00E9B1BBB9DF8443003B3636A626C25688F
S2140313F0D4F83C8002FB03550C350122D8F8143090
S21403140001A9284698474FF6FF72019B99B291426D
S2140314100CD11B0C1B0443F4254343F0A503029392
S21403142001222846D8F8183002A998470E9DE36B88
S21403143005225B6903A93846984703A8DAF7C3FD74
S21403144030702846236BA26B9A4288BFA36312B000
S214031450BDE8F081237C33B91C490DAA04F10800CA
S214031460DAF780FDBCE72046194A0DABDAF790FFA2
S214031470B6E7237C23BB2246164904F10800DAF7B5
S21403148071FD616A2046DBF793FF616A421C2046C2
S214031490DBF7F6F9054620B9236B626C1344143B5D
S2140314A023632046A16ADAF7D2FD2368A062C01A36
S2140314B0636CB0FBF3F060622046DAF7E9FFB6E749
S2140314C000232046044ADAF763FFDAE7F1CF000089
S2140314D0B1D00000E3B2000033B3000010B50446F9
S2140314E0DFF776FE002C00DAFEE721180248BDE897
S2140314F01040D4F765BF00BFE43A00202DE9F84F4B
S21403150013F0010804460E4617461D46DDF82890DC
S21403151002D1043B0C2B55D9FEE710461B0A421C8E
S214031520002BFAD1C0B2022838BF0220C0F10F0A3E
S214031530022818BF5FFA8AFA331E18BF0123AA1EB1
S214031540013852109B015FFA80FB43EAC2034BEA61
S214031550030352464946237404F111000DF0F8FBC9
S2140315603A460F2304F120019A452ED304F11002C4
S21403157011462046D5F7E2F926B14FF00208637C00
S214031580734063745246494684F820B004F1210040
S2140315900DF0DEFB0AF121000021CAF10F02204400
S2140315A00DF0B7F90023C4E91137E364102384F878
S2140315B054A02664A4F85080A4F8523084F85550FA
S2140315C0BDE8F88F13464046A9E7013B01F8012D15
S2140315D0DBB2120AC8E7002200B589B004920922DA
S2140315E04FF400330792ADF8180008AAADF80C00C4
S2140315F012E903008DE80300029302AA07CAE1F783
S2140316005FF909B05DF804FB2DE9F0431E4B054670
S21403161093F848388846164685B093B3FFF7DBFF42
S21403162008B12D281ED136B300244FF4003901AF7C
S214031630CDF80490ADF8085003946B4697E807007E
S214031640E1F723F92D2811D13846CDF80490ADF8EB
S21403165008500394E1F712F93346014642460B4815
S214031660DBF7CCFD2D2807D9012007E00134092C30
S214031670DED1012000E02120054B185C05B0BDE853
S214031680F0831120F8E700BF083B0020B0190020C4
S214031690A245040008B5002814BF0220012091F8D3
S2140316A0FE20FFF7B1FF0C2800D1FEE700B1FEE7EE
S2140316B008BD054890F85031DB0704D5012100F535
S2140316C09C70D5F74BBB7047083B0020064890F844
S2140316D05931022B07D190F85B319B0703D400F5F1
S2140316E0AC70EAF737B97047083B002010B4124CC9
S2140316F00246D4F834070021034613B95DF8044BB9
S21403170070479A4207D019465B69F6E74B6943B1BF
S2140317105B694B6105E00029F8D110B14369C4F851
S2140317203437D37C00216FF3410304485DF8044B40
S214031730D374E7F7FCBE00BF082B00203C32002022
S214031740074BD3F8343723B91720B0FA80F0400993
S2140317507047984201D05B69F5E70020F5E700BFC4
S214031760082B0020024608B5C37CDB0741BF0A4BA3
S21403177003CB106051601046FFF7E2FF58B90748E5
S2140317800121D0F8343700F2347053610260BDE8AB
S2140317900840E7F7CCBE08BD503E0020082B0020CB
S2140317A0054B9A6A02439A62DA6A024303F13000EF
S2140317B0DA62D4F71BB800BF081B0020F7B505464E
S2140317C001290CBF4FF480504FF400500C461746C7
S2140317D0FFF7E6FFAE68AEB138460097E7F7E0FCE2
S2140317E0BDF8042000F00F031B0222F47F5222F000
S2140317F03F0243F08003134321466846EA68ADF888
S2140318000430B04703B0F0BD024BDB6A184200D188
S214031810C6E77047081B002008B510B1182806D085
S21403182008BD4FF48030FFF7BBFF0020F8E74FF406
S2140318308030FFF7E9FFF8E72DE9F04385B0074668
S214031840D7F748FC054640B93C46484E06F63C7872
S21403185097F8FE303B449C4203D3284605B0BDE8C8
S214031860F08323780C2B20D8DFE803F007242B30F3
S2140318701F3F1F441F1F1F1F4900B4F803903C4817
S21403188099FA99F95FFA89F94946D6F7B0FD0546FC
S21403189058B1252898BF374B4A4694BF53F8203093
S2140318A0354B36493648FFF731FB2046D4F7F0FD73
S2140318B00444CDE761882E4849BA89B2D5F7C1FA00
S2140318C0F3E73048A11CD7F715FBEEE76378A21CB5
S2140318D0102B28BF102302A92B4802928DF80C3038
S2140318E0D7F774FDFFF798FFDFE72848A11CEAF750
S2140318F07AFFDAE72648A11CEAF7ABFED5E72046CF
S214031900D7F771FB029080B201289CBF0223ADF883
S2140319100830BDF80830B6F83C2F9A4206D05D2250
S21403192053436422B3FBF2F3A6F8123F0422404665
S21403193002A90EF001FA88B94FF48010FFF764FF8E
S214031940B6F8102FB6F83C3F9A42AED3D6F8DC1E54
S21403195002220E480131E8F7C1FFA6E7029B4FF4C7
S2140319608010C6F83C3FFFF71BFFE9E7082B002073
S214031970503A0020701F040024070400FF450400AB
S214031980D8460400B0390020B8390020E0390020DA
S214031990603C002010B51E4C94F8483FC3F3800209
S2140319A0824234D060F3820384F8483F70B994F8D7
S2140319B0483FC3F3C00394F88E2F164863F3000220
S2140319C084F88E2FBDE81040D5F750BAB4F84A3FD6
S2140319D0590608D51048D4F79AF8B4F84A3F23F0C6
S2140319E04003A4F84A3F94F8493F062B08D10A4817
S2140319F0D4F78DF80023094884F8493FD3F7F6FE59
S214031A0094F8482FC2F380035207D0D5D3E710BD0E
S214031A10082B0020503A0020203B0020183B0020D3
S214031A2008B50848D4F773F8074B93F843216FF3C8
S214031A30870283F84321B3F8502102F08002A3F80B
S214031A40502108BD4C3C0020083B002010B504463E
S214031A50FFF7A0FF34B1FFF7E3FFBDE810400D48E2
S214031A60D4F755B80C4890F85031D9070DD490F8F0
S214031A705B21120700D5FEE743F0010380F85031DF
S214031A80012100F59C70D5F769F9BDE810400348BD
S214031A90E8F702BB10420020083B00200842002063
S214031AA00D4A0E4BD2F8640112F8981C984228BFD0
S214031AB018464FF47A73C90703FB00F009D5D2F82A
S214031AC068215A43904228BF1046834238BFC01A43
S214031AD070474FF47A63F8E7083B00209BC4200066
S214031AE070B50D4CD4F84C3104F5A275AB4211D049
S214031AF0FFF7D6FFD4F83C6186420BD1D2F7B3FF8B
S214031B00C4F838010146D4F83C212846BDE87040A5
S214031B10D3F784BF70BD00BF083B002008B5054B54
S214031B2001461880044B002218680DF090FC00B1A3
S214031B30FEE708BD287300207C19002010B508496D
S214031B400446EEF7C9F840B920460649EEF7C4F84E
S214031B500028044808BF002010BD0148FCE700BF6A
S214031B60883C0020943D002007B5037A012B0DD155
S214031B70038800200122019068468DF80020ADF806
S214031B800230FFF7DBFF03B05DF804FB022B18BF40
S214031B9000204FF6FE73EDE708B1D3F746B870475B
S214031BA073B505460F48D0F83835C1B14A780232C6
S214031BB0114490F83C251344CDE9001301216846EF
S214031BC0EEF759FC044638B1E67828463246211D1E
S214031BD0D2F7A3FF8642F1D8204602B070BD19465D
S214031BE0E7E700BF083B0020012310B50B4A8340FC
S214031BF0516C146D0B43536402F148039C420CD1A1
S214031C00D3F7D0FC40F2E933B0FBF3F101FB130149
S214031C102046BDE81040D3F706BF10BD081B0020C2
S214031C2070B502230D461646D3F7E7F9044660B9A6
S214031C30737869880133B1EBC30F4FEAC30206D347
S214031C40022128466A80D3F77BFC204670BD062413
S214031C50FBE738B5012A04460D680DD000230B6058
S214031C600068854202D0FFF797FF25602368002BA4
S214031C700CBF0320002038BD28466989D3F752FBE2
S214031C8005462068A842EDE70379DA0722D5002245
S214031C906FF300030371828119B1DBB262F3C303EE
S214031CA0037143795B090FD1037913F0080F0A4BCD
S214031CB015BFD3F81421D3F81C210132013214BF07
S214031CC0C3F81421C3F81C21436A1BB100224262E5
S214031CD0826A1847704700BF083B002003880BB989
S214031CE08B8070478B681B688B6003B9FEE70433F1
S214031CF00B607C238B8003887C2B28BF7C238B8004
S214031D000288D31A038070472DE9FF4104469046A4
S214031D101F460A9E1022B3897589ED1AADB2ADF837
S214031D200250D7F7D8FD102241462046D7F7D3FDF9
S214031D302046290AD7F7C0FD2046E9B2D7F7BCFDEF
S214031D4000212046D7F7B8FD39462046D7F7B4FD1D
S214031D503046B18901AB0DF10202D3F724F8BDF882
S214031D60082012B904B0BDE8F08120460199D7F7E0
S214031D70B2FD01A90DF10200FFF7B0FFEFE708B5CA
S214031D80E0F70BFC014620B920200DF0E5FF0EF02E
S214031D900FF8002008BD07B50D4B0DF106011868B6
S214031DA00DF0BFF90B4BBDF8061093F900200A4B54
S214031DB07F2A0B4413F90B0C05D17F2808BF00209C
S214031DC003B05DF804FB9042A8BF1046F8E700BFD7
S214031DD07C190020181A0020906D002038B505469F
S214031DE0E0F7DBFBE0B9104B1B6813B11B68012B54
S214031DF016D0FFF7D0FF01462846E0F71DFD044640
S214031E0060B92846E0F764FC044658B9014620202A
S214031E100DF0A2FF054B9D71054B9D71204638BD05
S214031E200D24FBE70124F9E7A0190020581A002027
S214031E30281A0020012110B581400020D3F7C6FBE5
S214031E404FF4A07303FB00F4084B93F88E2FD207CE
S214031E5009D5D3F8943F9879FFF7C0FF2046BDE82D
S214031E601040FFF73BBBFFF78AFFF7E7082B00207E
S214031E7038B5A0230C4DEC685C4308B9DFF7A8F926
S214031E802B69B3FBF4F204FB1233B0FBF4F204FB4E
S214031E9012002344181AB0FBF4F304FB1300A02328
S214031EA0B0FBF3F080B238BD881A002038B505467B
S214031EB0D5F7A2FB04462846D5F729FBFF2C024696
S214031EC001D0FF280ED1002038BD2B68195B1819E6
S214031ED0C1F3C7111A29F7D01B5D03F07F03023342
S214031EE01C44E4B2A242F0D2EDE700239A6AB2F5AC
S214031EF0804F03D21168074A914203D00023037030
S214031F0083607047012202709A6A926842609B6AF5
S214031F109B69F5E707B0CD5E2DE9F0478946144681
S214031F20984606468EB000287BD004A80EF095FA95
S214031F30014620B16FF092000EB0BDE8F08733790A
S214031F40351D022B13D0032B16D0012B06D06C2283
S214031F5028460CF0DEFC6FF08900EDE7142706F147
S214031F60100A2B1DBC420CD26C220021F0E71C2762
S214031F7006F1100A2B1DF5E7202706F1100A2B1D84
S214031F80F0E71A685B68D1008DF8071051098DF8E1
S214031F900610510B8DF80510510D8DF80410D9005D
S214031FA001EB52718DF8031002F03F025909372AEC
S214031FB08DF802104FEA53314FEA53538DF8003031
S214031FC08DF8011094BFC2F13803C2F17803284696
S214031FD0174A04A9F3F72CFE044638B16C220021F5
S214031FE028460CF096FC212CA4D1B4E708236A46B5
S214031FF0284604A9F3F71CFE04460028EED13A4609
S214032000514648460CF0A4FE6C22214628460CF0A6
S21403201080FC3378032B07D120232046C8F80030F2
S2140320208AE76FF0860087E76FF0880084E700BFD3
S214032030F64604002DE9F04F9846D0F800A0934BDF
S21403204005460AEA0303B3F1607F89461646C5B020
S21403205048D100235FFA8AFA4AF0007A24930AF1F9
S2140320607E430A3B012B40F20E8100F174073B4688
S2140320702CAC00F1B40C224618685968083303C226
S21403208063451446F7D140220021384624AF0CF0AE
S21403209040FC3B4620223CA9281DFFF73DFF044693
S2140320A0C8B96023249A00932CAB1946504601976F
S2140320B04032F3F70FFD044668B96D8815F03F0507
S2140320C008BF249DAE420AD32A4648462CA90CF0E4
S2140320D03FFEC8F80050204645B0BDE8F08F6FF0CD
S2140320E08904F8E72022002124A80CF012FC2946D4
S2140320F024A8F3F757FB04460028ECD12CA80EF0CF
S214032100ACF9074610B16FF09204E4E7102E28BF2F
S21403211010261AF47C1FCAF3054302D09E4228BF3A
S2140321201E465B4B2AF47E1A9A4540F0AC80282262
S21403213000212CA80CF0EDFB0023CDE92033CDE9DC
S21403214022336B6B05F1040A0F2B7FD80023514A09
S2140321501DA924A8CDE92C232E933493F3F7E8FB8B
S21403216000287FD11D992CA80EF07EF9696B2CA848
S2140321700F2984BF01F00F0110310EF075F94FF0EF
S214032180010B4FF0005302A92CA8CDF80CB0049312
S214032190F3F796FC05A924A8F3F771FC002861D190
S2140321A005A92CA8F3F78CFC3B4BD5F834E0CDF807
S2140321B050A00DF1200CCDF854B0169314AB93E851
S2140321C007008CE807000EF00F0205F1140342F037
S2140321D0005217930BADCDF860B0199217AA07CA31
S2140321E085E807001A934EF00053CDF86CB01AAA90
S2140321F01C93BEF10F0F0EAB07CA83E8070040D946
S2140322000A9B614623F000532CA80A93F3F758FC65
S21403221029462CA8F3F754FC012320AD1D951E93E5
S2140322201D4B1DAA1F9311AB07CA83E807002CA8F2
S21403223019460EF074F92CA80EF03FF990B9324601
S214032240294648460CF084FD374611E00122CDF8B6
S21403225000A005F1240324A92CA8FEF7A1FE00285C
S2140322603FF474AF212814BF6FF092046FF0860416
S214032270C8F800702CA80EF0F0F800283FF42BAF37
S21403228041E71946C5E76FF0880424E70000C07FDE
S2140322900002C003000004041000002010F1860FA3
S2140322A012D010F1850F0ADA10F1930F0FD010F148
S2140322B0870F0CBF6FF073004FF0FF307047003886
S2140322C018BF0120404270476FF0710070476FF0EF
S2140322D06F0070472DE9F0431D460023DFF8A090FA
S2140322E0A1B007930F4690464B464FF4807207A95A
S2140322F0F7F78BFC0446079814B1F7F771FC0BE06D
S2140323004668D0E90812360A0CD01C4B9E4222D0EF
S214032310F7F766FC6FF08604002320462B6021B097
S214032320BDE8F0831023CDE90047CDE90283049589
S21403233008ABFEF797FE10F1860F044615D14C2224
S21403234031460DA80CF0E5FA0EA8CDF83090F7F755
S21403235071FD0798D1E71023CDE90047CDE9028345
S214032360049508ABFEF77EFE04460798F7F738FC9D
S214032370002CD1D10028D2D00446CDE7020080003D
S214032380004440042DE9F043064685B018460D4642
S214032390914698460CF078FD0746002862D04946D9
S2140323A040460CF071FD044600285BD0874259D2A4
S2140323B028460CF061FD3B5C3D18202B08BF013519
S2140323C02B780D2B08BF01352B780A2B4AD14846AC
S2140323D00CF052FD235C2218202B08BF0132137821
S2140323E001350D2B08BF013213780A2B08BF0132C3
S2140323F0A2EB08020C9BA4EB0508B8F1150F1A60B4
S21403240005DD162228461D490DF096FC60B3AC4246
S2140324102CD900212B460846CDF8008003AAF3F7F3
S214032420A0FF2C3024D0039C24B321460120DBF7E5
S214032430FFFF074600B321462B46CDF8008003AACC
S214032440F3F78FFF044648B138460399F4F7DAF9F1
S214032450A4F58854204605B0BDE8F083039B376097
S2140324607360F7E7064CF5E7064CF3E7064CF1E72F
S214032470064CEFE7064CEDE7064CEBE7394604005F
S21403248080EFFFFF00ECFFFF00EFFFFFD4EEFFFF40
S21403249080EBFFFF80EEFFFF2DE9F84300F4E049F1
S2140324A0B9F5804F06460C4690461F4612D100F4F7
S2140324B04F43B3F5824F02D1C3B2412B0AD0FB0779
S2140324C005D57B0844B1E21DB3EBD20F05D06FF000
S2140324D0860664E03B46F5E7DC0080210120DBF757
S2140324E0A7FF0546002800F08880F4F70EF906F4E7
S2140324F04F43B3F5824F07D1F6B2302E5DD006D8E0
S214032500122E17D0172E63D06FF086040AE0412EE2
S214032510FAD1B4F5807F58D8FE2C8CBF6FF08504B3
S2140325206FF086042846F5F7EDFF2846DBF772FEC4
S214032530264634E040F209239C4259D03AD8B4F5F3
S214032540807F4AD02ED824F02003C02BDCD1E02C89
S21403255045D0C02C4CD101212846F5F7ECFFF6F701
S214032560BBF80646002846D1B9F5804F39D105F1A8
S21403257068093B46424649462846F4F758FBF6F7B1
S214032580ABF804460028CDD149462846F5F7B4FEF5
S214032590F6F7A2F804460028C4D1089B1D6030460F
S2140325A0BDE8F883B4F5C07F0CBF6FF085046FF009
S2140325B08604B7E7B4F5047FF6E724F08003B3F5A3
S2140325C0807F15D0B4F5007FEEE7B4F5E07FEBE748
S2140325D0C02C0DD0B4F5807FE6E70321BCE70221CB
S2140325E0BAE73B46424629462878F6F72DF8CFE762
S2140325F06FF0850496E7044694E76FF08C06CEE703
S21403260000232DE9F04FB9B013608846914604A91C
S2140326101A46F7F7FAFA044640B9049D2B885A047B
S21403262008D42846F7F7DCFA6FF08604204639B05C
S214032630BDE8F08F6A68D5E908A7120AF1D103F45A
S214032640E043B3F5804F00F09280BAF1000FE8D074
S214032650002FE6D00146202206A80CF05AF93A4687
S2140326605146284606ABDCF75FFF044630B110F14F
S214032670860F7CD02846F7F7B3FAD7E70EAE0DF1F0
S214032680180CBCE80F000FC69CE80F0086E80F0086
S21403269021463C2229A828940CF03BF921461C220B
S2140326A017A816940CF035F92B886C8803F44F435F
S2140326B00734B3F5824F4FEAD4042ED1C4F1000B8E
S2140326C01BF0030B29D0099B63B9A742A9D316AE07
S2140326D0224651463046DCF743FD0023CDE9093652
S2140326E020230B9328AB0022CDE911234023139319
S2140326F0109B05A923F0807323F4804343F400530F
S2140327000EA810930592F3F78DF8014650B104987E
S214032710F7F766FA6FF0920488E74FF0000B08F1BC
S2140327200103E0E7059E0136A6EB4B06412E059610
S21403273005D90498F7F754FA6FF0890476E7282248
S2140327401EA80CF0E6F81EA80DF087FE0028DED1C2
S2140327500EAA06A91EA8F3F78FFC012853D0F8B1DA
S214032760482843D11EA80DF078FE0028CFD128882C
S21403277000F4E043B3F5804F20F4405244F20103E3
S2140327805ED19A4207D000F44F40B0F5824F02D094
S214032790B0F5844F56D1412F049C41D92046C9E752
S2140327A0BBF1000F0FD104231EA888F80030C9F828
S2140327B000600DF052FE049B0028A8D11846F7F7D8
S2140327C00FFA044632E7721E0390520808F101011D
S2140327D028A8DCF7D7FC002CE5D0039B013C16AAFF
S2140327E0013C137002F10102FAD2DCE71EA80DF0D9
S2140327F034FE049B00288AD11846F7F7F1F96FF0E8
S21403280092052C4612E71EA80DF027FE049B00280F
S2140328107FF47DAF1846F7F7E3F96FF08B05F0E723
S2140328203A46514640460CF093FA0021C7F141025E
S21403283008EB07000CF06DF82046C9F80070BEE7F9
S2140328409A4205D10498F7F7CBF96FF08504EDE6C5
S21403285000F44F43B3F5824FF4D10023289328ABFB
S2140328606988524600933B46FFF716FE044608B1B6
S214032870049800E7289C4B46412241462046F6F73B
S214032880BDFB05462046F5F73DFE2046DBF7C2FCBA
S2140328900498F7F7A5F90446002D3FF4C7AEB0E752
S2140328A02DE9F843814604300D4617461E46F3F7D6
S2140328B001FE04464846F3F7FCFE01288146DDF890
S2140328C0208029D1002105F11000F3F773FE48B9E3
S2140328D0B8F1000F02D11148BDE8F8833070C7F88D
S2140328E00090F9E70734E4086300013398453B603A
S2140328F0F1D3314604232246284601F8013BF3F779
S214032900DDFD0028E8D1611C2246314405F10800AC
S214032910BDE8F843F3F7D2BD0148DDE700B1FFFF9A
S21403292080B1FFFF2DE9F04FB7B0CDE90312114692
S21403293006469A46F3F701FF0446002840F09E81B8
S21403294051463046F5F7D8FC0446002840F09681F9
S2140329503046F3F7AEFE0128834640F09881336C89
S2140329601821013302204FEA5309DBF761FD0546C0
S214032970002800F08A8105F11808F3F7A3FE404605
S214032980F3F7A0FE15AB03221F46013A03F1080333
S21403299023F804BC23F8024C43F8084CF5D25146FE
S2140329A02846F4F708F9044698BB82464FF0180BFE
S2140329B0D1451DD141463046F5F76EFA044640BB75
S2140329C043462A46414630460097F5F7B0FB044691
S2140329D0F8B941463046F5F75FFA0446C8B905F13B
S2140329E01000F3F71AFF05F12800F3F716FF10E0BF
S2140329F0BAFBF9F101238B4009FB11A1DBB20BFBF8
S214032A000352F9B13B4611463046F5F78AFA0446B7
S214032A1038B34FF0000A07EB0A000AF1080AF3F787
S214032A20FCFEBAF1200FF6D1F4B1B36D9D422CD063
S214032A302846F3F70DFF4046F3F70AFF2846DBF771
S214032A40E9FB22E003F0FE0101EB5301104605EB20
S214032A50C1010592F4F7AFF8059A04460028D1D0D1
S214032A60D7E70AF1010AA3E7012306F1340B21464F
S214032A705846CDE90D4307940893F3F70BFD012859
S214032A8011D0B36D9D4204D1824C0398F3F7E0FE58
S214032A90F4E02846F3F7DCFE4046F3F7D9FE284673
S214032AA0DBF7B8FBF0E721460498F3F7F3FC049949
S214032AB0824607A8F4F74AF8044630B10DA8F3F7A0
S214032AC0ACFE07A8F3F7A9FEAFE75946049A0DA88C
S214032AD0F4F759FA04460028F0D1BAFA8AFA4FEA0C
S214032AE05A1A52460DA907A8F3F7D8FE044600283B
S214032AF0E4D1014609F1010238460BF00AFFBB4652
S214032B003B462746B945049361D0394607A8F3F7F1
S214032B10C1FC049B09EB07011C780137044307A893
S214032B20F3F7B8FCE4B2049B44EA400403F8014B11
S214032B30E8E79BF801009BF8003080EA020C6FEA96
S214032B400C0101F0010113FB01F3104003EA0C0230
S214032B5083EA0C030BF8013F1BF8013C024343EAEC
S214032B60C1130BF8013C0134A742E2D20DF134093C
S214032B704846F3F752FE07A8F3F74FFE07A8F3F706
S214032B80A1FD03224B4601200021013A03F108036D
S214032B9023F8040C23F8021C43F8081CF5D207F1AB
S214032BA0D8036B442A46304613F8843C0399FEF751
S214032BB0FBFA044660BB409B002B63D01A463046A4
S214032BC00399FEF732FB00285CD0044620E000227F
S214032BD00124C9E7039A4B4611463046013FF5F7F1
S214032BE0A0F90028F1D12A4630461BF8073007A97A
S214032BF0FEF7DAFA0028E8D1039A30461146CDF8F4
S214032C00009007ABF5F793FA0028DED1002FE1D149
S214032C1007A8F3F710FE00270DABD8190837F3F70C
S214032C20FCFD202FF8D1002C7FF4FFAE5246304631
S214032C300399F4F7F4F9044600287FF4F6AE409BB4
S214032C4043B11A4630460399FEF7EFFA04460028C6
S214032C507FF4EBAE30460399F5F71EF9B36D0446E1
S214032C609D4208D02846F3F7F3FD4046F3F7F0FD00
S214032C702846DBF7CFFA002C7FF407AF204637B0A1
S214032C80BDE8F08F0DF1540BC0E7034CFDE6014C95
S214032C90F4E700BF80B0FFFF80B2FFFF2DE9F04FDF
S214032CA09846436B05460F46144691B0002B00F03A
S214032CB0B08001214046F3F77DFC0028C0F2AB80CC
S214032CC005F1340631464046F3F72CFC002880F223
S214032CD0A2800AA8F3F7F6FC002201234FF00C09A2
S214032CE0CDE90423CDE90623CDE90823B9F101098B
S214032CF000F08D804FF00C0A05F11C0BBAF1010AA7
S214032D0000F08580DDE91C2304A92846F3F700FFBD
S214032D100146002869D1414B0AA9009328465B4621
S214032D2004AAFFF7FFFD014600285ED10AA9324632
S214032D303846F4F7F4FC0146002856D13846F3F734
S214032D4039FC0028DAD006A92846DDE91A23F4F769
S214032D501DF90146002848D1034608A928462F4AEC
S214032D60F3F7D6FE014600283FD1394642462046B1
S214032D70F4F779F90146002837D106A90846224612
S214032D80F4F7E3F8014680BB06A9084608AAF4F759
S214032D906AF9014648BB04A9084608AAF4F763F98A
S214032DA0014610BB04A908463246F4F7B8FC0146B0
S214032DB0D8B904A932462046F4F747FE0146A0B91F
S214032DC02146204606AAF4F74EF9014668B921467D
S214032DD032462046F4F7A3FC014630B9039020465A
S214032DE0F3F7E8FB0399002880D00AA80391F3F7CA
S214032DF022FD04A8F3F711FD06A8F3F70EFD08A8B5
S214032E00F3F70BFD0399084611B0BDE8F08F0449AC
S214032E10EBE70449F7E70449F5E700BF318F020003
S214032E2000B3FFFF80B0FFFF80B3FFFF38B50C464B
S214032E30054601212046F3F73FFF28B921462846D9
S214032E40BDE83840F3F7F4BF38BD0023F7B5136089
S214032E50067904460F46436926B1FF2E12D16FF05A
S214032E60860532E0002BFAD1836823F47F4323F0F0
S214032E700303002BF3D14FF6F87342889A4227D800
S214032E8001A810E06FF04042013B9342E7D280680E
S214032E9020F47F4020F003000028E0D14FF6F873BB
S214032EA062889A4214D83946F6F73CFD054660B95F
S214032EB00FCCD7F800C067460FC794E8030087E82F
S214032EC0030016B9019BCCF81430284603B0F0BDB6
S214032ED06FF08505F9E72DE9FF470379064688462F
S214032EE0002B6CD0D0E90895B9F1000F7CD0002DEB
S214032EF07AD0B5F5005F7AD205F12407394601206A
S214032F00DBF796FA0446002874D04FF0000A3B4AD3
S214032F10C0F808A0D2F86E3049460360D2F8723083
S214032F20243040F8203C73682A4640F8183C33881F
S214032F3020F8143C738820F8123CB36840F8103C21
S214032F40F36840F80C3C336940F8045C40F8083CEE
S214032F500BF0FEFED6F814905146484602AADCF75C
S214032F6097F88C3009D039462046F3F74BFC6FF0C0
S214032F708A05284604B0BDE8F087514623463A46FC
S214032F804846CDF800A0DCF713F8014628BB4846B0
S214032F9002AADCF77DF8054620B9029B9F420AD0B9
S214032FA06FF0980548460021DCF791F8394620462D
S214032FB0F3F728FCDDE739462046F3F723FC73696D
S214032FC00025C8F80030337E012B0BBF0223C8F858
S214032FD0005033766FF09605CBE739462046F3F775
S214032FE011FC6FF09805C4E76FF08605C1E76FF034
S214032FF08D05BEE76FF08C05BBE700BFC84604002F
S214033000F0B507460C461E4615468DB052B1002B4A
S21403301031D0B3F1005F2ED3C2F1005303F5C033B2
S2140330209E4228D81022002108A80BF072FC00222A
S21403303007AB029305AB019306AB214600933846D4
S21403304008ABCDE90522DBF785FE044680B9059B70
S21403305032469D4228BF1D46129B07991D600748AE
S214033060069B0095D9F72EFB002818BF6FF0910436
S21403307020460DB0F0BD6FF08604F9E7B0190020C6
S21403308030B5204DD5E9053452B38B420FD0E1B9A4
S2140330902B6973B92A6982B3002818BF04462278BD
S2140330A0D20714D5A28842B3A4EBC204F7E72B6970
S2140330B08BB140B92B681A78D2070CD5DA884AB197
S2140330C003EBC203F7E70346F5E78C42E2D0C5E914
S2140330D0053430BD13468C42DCD00029DAD0F6E73F
S2140330E08B4208D0834228BF03468C4207D08442D3
S2140330F038BF0446EBE70346F7E71446E7E704461C
S214033100E5E700BFCC46002000232DE9F0478946BB
S2140331100B60002800F097804C4F7B68984280F045
S2140331209280073020F00705EFF3118A302383F3EC
S21403313011887E69AEB133787288DB074FEAC20224
S21403314004D5F3886BB106EBC306F4E79542F8D8CB
S21403315016F0070303D045EA03018A42F1D3EB18BE
S21403316006D18AF31188BFF36F8F1920BDE8F08765
S21403317072883969C3EBC2020139272A39614FD9EC
S2140331809D4205F1080846D008213046FEF794F81C
S2140331900446A0444046DBF771F9628805F10F0147
S2140331A0A2EBD102CB08A8F80220A8F80430E288E4
S2140331B0002A32D0D31A9BB204EBC202A8F8063018
S2140331C09380ED086580B8F804300022E38031462A
S2140331D04046FFF755FFBB68FA6808339342BB6067
S2140331E088BFFB60237843F0010323703B690133F8
S2140331F03B616288BB6803EBC203FA68BB60934219
S21403320088BFFB608AF31188BFF36F8F08340020F2
S214033210C9F80040AAE73446BBE7A8F80620D0E77B
S2140332209D420ED008213046FEF746F80446237822
S214033230012243F00103314620462370FFF720FFA7
S214033240D7E73446F3E7212090E700BFCC460020BB
S2140332502DE9F0472F4B804693F8483889461646A3
S2140332608AB0002B54D000234FF4003A0693CDF8CF
S21403327010A0ADF8140004AACDE9003307CA6B46C4
S214033280DFF703FB0446002838D1009F002F33D016
S214033290384601A9FFF738FF044678BB019D4DB3B6
S2140332A0099007A8ADF82080CDF81CA0DFF7E6FA52
S2140332B003AB0146804602AA1748D9F74BFA0446E1
S2140332C0E0B92A464146039B1348D9F7B9F90446A1
S2140332D0A0B932882946BA4228BF3A4648460BF078
S2140332E037FD28463780DAF795FF0C4B185D0C2818
S2140332F00BD1FEE70124F8E72D24F6E7019808B181
S214033300DAF788FF2D2CF0D901200AB0BDE8F08744
S2140333101124EAE7083B0020B0190020A245040068
S21403332037B5262500212A4604460BF0F2FA022377
S21403333084F824300023214684F825300DF1060254
S2140333400320ADF80650FFF783FF03B030BDF7B593
S21403335016460D460DF10602314607461C46ADF8E5
S2140333600630FFF775FF48B9BDF80630A34205D10E
S2140333702246314628460CF0DFFC48B12246294651
S2140333803846FEF741F90C2800D1FEE700B1FEE708
S21403339003B0F0BD2DE9F04F9A468BB09DF8503040
S2140333A0DFF854B10293DBF81030804653450D46E0
S2140333B01646C0F09B80D146DBF804300193B9F182
S2140333C0000F00F08F80D8F83C3001225B6907A914
S2140333D001989847079BDBF80010C3F3D31291427A
S2140333E040F0878013F07E0F1CD1D8F83C300222C1
S2140333F05B6908A90198984708A8D8F7D5FD082758
S2140334000446019B029A3B44002A3CD1A6420FD9AC
S214033410361B144640460199D8F719FEA9EB040952
S2140334200190CCE707A8D8F7BFFD04270446E8E7D2
S214033430A41B544528BF5446032C03EB0607AAEBEC
S214033440040A4FEA94021CD9D8F83C302946384679
S2140334505B69984724F0030304F003061F441D44E6
S214033460002ED7D0D8F83C3001225B6908A938462D
S21403347098473246284608A935440BF069FC0026CF
S214033480C8E72646ECE7274604F0030203922344E4
S2140334902A1904920593049BDD1B059BD81B039BEB
S2140334A09F420FD1002FB5D0D8F83C30012208A98F
S2140334B05B6998473A46284608A90CF03DFC78B95C
S2140334C03D44A7E7D8F83C30012208A95B69984732
S2140334D00422284608A90CF02FFC08B9043FDAE7B3
S2140334E04FF0360948460BB0BDE8F08F4FF063093E
S2140334F0F8E74FF06F09F5E76C46002010B503793F
S214033500044613F0010311D1094AD2F8EC1088429D
S2140335100146084804BFC2F8EC30A2F8E830D1F7F9
S214033520B1FF2046BDE81040D1F77FBB10BD00BFFA
S214033530083B0020D43B002070B504468AB0D1F780
S21403354092FA23790546DB07A6690FD5A3896BB9DB
S214033550617949090AD128236A462046D1F777FCC0
S21403356002A91648E8F70EF8014610B100200AB083
S21403357070BDA81BB0F5FA7F9DF80130F6D313F0A3
S214033580300FC3F3011202D0B0F57A7F08D30221BD
S2140335902046FEF779FB2046FFF7B0FF0220E6E75A
S2140335A0032AE3D023F0300343F030038DF80130D1
S2140335B06A4628232046D1F763FDD7E73C3200202E
S2140335C070B517240B4DD5F8CC0008B9204670BD4E
S2140335D0D5F8EC30C669984209D00379DA0706D5E0
S2140335E0DB0604D4FFF7A8FF022808BF00243046F2
S2140335F0EBE700BF083B0020F8B506461B4FFC6D03
S21403360014B323681A4AFB65B2F86036B2F862163A
S21403361001339BB28B42A2F8603638BF0B46A2F842
S2140336206236002323601EE06B79C3F34103B34283
S21403363019D228460321FEF727FB2846FFF75EFF2D
S214033640DDE70028DBD00EE0FFF7BAFF1728F8D136
S2140336502346084A52F8045F002DE5D10133DBB256
S214033660042BF7D12C462046F8BD00BF081B0020CC
S214033670082B0020D43B0020F8B5074650780E46AA
S2140336801546FFF7B9FF044610B900242046F8BDD7
S214033690802200210BF03DF96379E68167F3471337
S2140336A063712B78A2885B0003F0820322F4C45272
S2140336B022F0020243F408631343A38024626A7869
S2140336C0032A12D9236A9C421AD10E4901F5805067
S2140336D01A46CC6D1B681460CA65B0F86026013ABA
S2140336E0A0F86026002BF3D1CFE76379002162F3BD
S2140336F0420320466371D1F7B7FA0028C6D0E1E744
S214033700FEE700BF081B00202DE9F04106460F46E2
S214033710144600210620184A86B09846FFF7ACFFE9
S2140337200546D0B1D1F79FF922464044009001AC3C
S21403373002F1100C234610685168083203C3624531
S2140337401C46F7D11822694628468DF81470D1F71F
S214033750D9FC28B12846D1F768FA06B0BDE8F0814F
S214033760009906F10800D2F7C9F901222946304626
S214033770D1F73FFEF1E700BF5627040030300A4674
S21403378081B2002078E738B51E4C94F85031DB0739
S21403379034D514F8B83C5D0730D494F8AA3204F54F
S2140337A0C07203F00F0304F52370072B18BF1046EF
S2140337B0D3F7CCFA10B304F5A270D2F7A8F914F82D
S2140337C0B82CD0071AD514F8B73C052B10D034F80C
S2140337D0B63C99060CD4C3F3001383F0010363F3DA
S2140337E041020521A4F1B80004F8B82CD3F7B2FBC4
S2140337F0BDE8384000210448D3F7B0BABDE83840E6
S214033800FEF70EB9083B0020403C002038B50446BE
S21403381090F824502230E7F70AFA0C4B05F003051C
S21403382093F85921022A0FD103F5C07294420BD1A3
S21403383093F8A43103F00303AB4205D0BDE8384048
S2140338404FF00040FDF7ACBF38BD00BF083B00207B
S21403385070B550B3174B1A68904226D3D3E902418A
S21403386004FB0122904220D2EFF31186302282F32A
S21403387011880268541C0ED01C68A2420ED3D3E9EA
S214033880025105FB0145AA4208D2121BB2FBF1F412
S21403389001FB142212B95A68511C07D15A680260F8
S2140338A0586086F31188BFF36F8F70BD9042F8D0CF
S2140338B01268F1E7F81A0020002370B54FF47A7205
S2140338C00A250B60441E14F8010F00B970BDA0F161
S2140338D03006F3B2092B11D8B2F57A7F0B6805D000
S2140338E002FB0633B2FBF5F20B60ECE76B430B60AF
S2140338F02078303802FB00330B60E4E72E2804D12F
S214033900B2F57A7F01D16422DDE70720DEE710B542
S21403391006490446F9F743F8352341F6583223821D
S214033920034BC4E905230123237710BD3E47040058
S2140339300301010570B500244FF060412246204E76
S214033940052A28D8DFE802F038031D1F21230C239D
S214033950D1F8805EED0710D5D6F8FC5045F080759B
S214033960C6F8FC50D1F8005E45F48075C1F8005ED9
S2140339700D6A002DF0D081F820300132112ADFD1F4
S21403398070BDD123E4E78023E2E70023E0E7651C6C
S2140339902346ECB2DCE7A2F10E03012B0ED9102A64
S2140339A007D14FF06043D3F8803EDB07E8D55D23AD
S2140339B0D2E7831F9B5CCBE75B23C9E75A23C7E7A2
S2140339C000ED00E08B4228BF0B462DE9F047054685
S2140339D04FF0000EA1EB030A03F00707089CDB0871
S2140339E04FEA431C02EB43139A4205F120050FD11D
S2140339F0604405464FEA870C03EB8707BB4240F05B
S214033A0081806044BAF1010A80F08B80BDE8F087BC
S214033A10166855F8201CA4FB066816EB0E0648F13C
S214033A200008761845F8206C566855F81C1CA4FB4D
S214033A30069E48F1000616EB09064EF1000E7618B0
S214033A4045F81C6C96684EF1000EA4FB06961EEB1A
S214033A50090E46F1000855F8186C55F8141C1EEBB1
S214033A60060645F8186CD66802F12002A4FB069EEB
S214033A7048F1000616EB09064EF1000E761845F8D7
S214033A80146C52F8106C4EF1000EA4FB06961EEB57
S214033A90090E46F1000855F8106C55F80C1C1EEB81
S214033AA0060645F8106C52F80C6CA4FB069E48F10B
S214033AB0000616EB09064EF1000E761845F80C6C58
S214033AC052F8086C4EF1000EA4FB06961EEB090E88
S214033AD046F1000855F8086C55F8041C1EEB06065C
S214033AE045F8086C52F8046CA4FB069E48F10006E1
S214033AF016EB09064EF1000E76184EF1000E45F849
S214033B00046C71E753F8042B2968A4FB022612EB16
S214033B100E0246F10006521846F1000E45F8042B35
S214033B206CE7036813EB0E032CBF4FF0010E4FF048
S214033B30000E40F8043B65E773B5002504468DF890
S214033B40075020466169D8F7DFF9266B864209D20B
S214033B50236AB5EB430F05D220460DF10701FDF7A7
S214033B60FBFB50B19DF80730012B04D120460DF125
S214033B700701FDF7F1FB02B070BD0135E1E70B4B22
S214033B801B788BB107280FD8EFF31182302383F30A
S214033B901188074B03EB0010037B0BB10023037361
S214033BA082F31188BFF36F8F704700BF1046002063
S214033BB050440020EDF7EAB8F8B5037F0746022B1A
S214033BC00D46164611D0EDF7BBF8044610B92E4441
S214033BD0AE4201D12046F8BD384615F8011BEDF775
S214033BE086F80028F4D00446F4E70D24F2E7F8B587
S214033BF0264B05461C680E46C4B194F88839ABB903
S214033C00234A117A99B11168702910D1C3F12000A3
S214033C10D4E93E27A3F1200107FA00F022FA03F3C2
S214033C20034327FA01F10B43DB0706D5F8BD01333F
S214033C30DBB21F2B02F10C02E3D194F80A2994F8A5
S214033C400B399A420AD004F1F0000B21EFF799FDE5
S214033C5004F1E000BDE8F840D1F7C8BD04F18407DD
S214033C607023062280213846EFF7BCFA58B9294656
S214033C70D4F88400B2B2FFF79FFF20B93846EFF7B7
S214033C80F2FA0028D2D00328D0D1DCE78C6D0020CE
S214033C904430040010228FE7EDF778B8F8B50446F1
S214033CA0656C94F83470256404EB8706336A9D428A
S214033CB026D03A4629462046ECF7E3FF030402D50E
S214033CC0B36B9D421CD1C0F30D00821C3B462946B4
S214033CD02046ECF767FF3B46064660640222294609
S214033CE02046ECF75FFF8642A06403D0012384F8E6
S214033CF0353004E02046EEF7F7F80028D0D1F8BDBB
S214033D000323F4E708B1D1F789BC70474FF4407337
S214033D1030B587B0054602A90820ADF80830FFF78E
S214033D202DFD044648B3A5F11003012B4FF0FF33D6
S214033D3088BF002301228DF807308379C57162F3AB
S214033D40030383710DF10701D1F7F7F990B99DF8D5
S214033D50073043B915230A22204603A98DF80C30F1
S214033D60D1F7D0F930B9204603A98DF80C50D1F716
S214033D70E4F918B12046D0F758FF0024204607B0D0
S214033D8030BD023802288CBF00200120704738B5AA
S214033D90194C054694F85901FFF7F3FF50B394F80E
S214033DA058210023C2F34002013228461349D2B2F7
S214033DB0F9F7DEFC94F85931022B17D194F85B31EE
S214033DC01B0713D494F815334FF47A71FF2B1CBFDB
S214033DD0013384F815330123094884F81433F8F7BC
S214033DE079FCBDE838400748E7F730B90023A4F864
S214033DF01433F6E738BD00BF083B002053470400E2
S214033E001C3E0020143E002028B1807F00F00F00E7
S214033E10C31F5842584170477FB50E4601A9054651
S214033E201446F8F7FFF940BB7EB944BB40F20713CC
S214033E308DF80A00ADF80830284602A9F9F782FB88
S214033E400022019B83F8302017E040F207138DF819
S214033E500A60ADF80830019E002CEDD00DF10B0181
S214033E602046E6F77FFE01308DF8090002A92846B2
S214033E70F9F768FB237886F8303004B070BD072066
S214033E80FBE77FB50C4601A906461546F8F7CAF9BF
S214033E90B0B90290ADF80C008DF8084035B128464D
S214033EA00DF10901E6F75EFE8DF80D0014B19DF8DD
S214033EB00D303BB901223046034902ABF9F758FCF3
S214033EC004B070BD0720FBE755470400F0B585B086
S214033ED00E4601A9044617461D46F8F7A3F910BB7C
S214033EE01EB3032339788DF80830C1F38002C1F37B
S214033EF04003920042EA4302C1F300031A43C1F3AC
S214033F00C00142EAC1028DF80A608DF80B201DB18C
S214033F10284603A9E6F726FE02308DF8090002A913
S214033F202046F9F70FFB05B0F0BD0720FBE710B9F5
S214033F300520F8F7C9BD0520FDF756BE10B50446A3
S214033F40D5F7E0FFA37823F0780343F02803A370A4
S214033F5010BD0138032803D8DFE800F00409130F67
S214033F60002070470878FF3818BF0120704708788C
S214033F70A0F1FF0358425841704701F10800E5F7E6
S214033F80A4B801207047F7B50A441E46438992B287
S214033F909A4228BF1A46ADF800108A422CBFC1EBDE
S214033FA00203C1EB0103C9439BB289B2994228BFFE
S214033FB019460546089CADF80210BDF802300BB949
S214033FC017231EE0042369460DEB03022846D1F7A8
S214033FD014F80346A8B9BDF80610BDF8027049BA2E
S214033FE089B20431B94213D8BDF8042052BA92B24A
S214033FF0B24209D189B2B94228BF39460098206037
S2140340006180184603B0F0BD6846D1F799FAD4E745
S2140340100623F6E730B587B003AD0D2300950446B7
S214034020FFF7B1FF10B1002007B030BD06232946C5
S214034030204604AAD0F7E1FF0028F4D1BDF8140007
S21403404040BA80B2F0E7002814BF4FF000504FF09C
S2140340508050FDF7A5BB0021FE2280F8FE10C0F8B5
S21403406000110AF056BC00B5C3B001A8FFF7F3FF72
S214034070054801A9D4F7B4FB10B901A8FDF7DCFB8A
S21403408043B05DF804FB00BF7839002030B50C461A
S2140340900546C3B001A8FFF7DEFF002188222046AD
S2140340A00AF037FC284601A9D4F79AFB18B921462B
S2140340B001A8D5F712FA43B030BD10B5044608463A
S2140340C0FDF78CFE20B9A378022B1CBF0223A37036
S2140340D010BD10B50446D0F7A9FC4FF0004323608B
S2140340E010BD012905D14FF6FF73C31A5842584134
S2140340F0704700207047222200210AF00ABC08B548
S214034100006820B1F5F7C2F8DEF780F800B1FEE7E5
S21403411008BD30B578249FB000F108052246056037
S2140341208480002168460AF0F4FB22466946284646
S2140341300AF00EFE1FB030BDF0B52024B3B02B4BF3
S214034140054612A80F460193FFF7E3FF07200AAAC6
S21403415002A9ADF82840FFF77BF870B1214602A804
S214034160DEF70CFA18B1214602A8DEF707FA202379
S21403417007200AAA02A9FFF7EAF84FF4807612A8E6
S214034180D2F732FD2A7C29460732D20812A8D2F784
S21403419039FD042212A80DEB0201D2F733FD0122EA
S2140341A0394612A8D2F72EFD202202A912A8D2F76A
S2140341B029FD0AA912A8D2F74BFD0AAB03CBA860C8
S2140341C0E96005F10800E4F797FF044638B13B7849
S2140341D0013E0133B6B23B70002ED0D1012412A8A3
S2140341E0FFF78DFF204633B0F0BD00BF7770616EDA
S2140341F003680BB119607047FEE710B50446D0F7A5
S21403420032FC206000F100400138606010BD10B43D
S21403421014461A4623465DF8044BD0F7FABD07B595
S2140342200222ADF806100DF10601D0F7B7FC03B075
S2140342305DF804FB10B50A7A0446012A02D0022A66
S21403424004D010BD0988BDE81040E8E78388E288FB
S21403425003F108009042F4D820681844D3F724FFEB
S214034260A3880833A380ECE7016001B1C969416004
S214034270704737B50C4C6846254655F8E01FFFF7E0
S214034280F3FF009909B903B030BD4B7928465B09A3
S21403429002BFD4F820310133C4F82031D1F7E1F856
S2140342A06846D0F7BCFCECE7083B002070B5124B21
S2140342B092B00546D3F8141802A8FFF7D5FF0F4EA1
S2140342C0029C0CB912B070BD214604A8D0F7CAFDF3
S2140342D00D9BB3420BD10E9BAB4208D10B2200239E
S2140342E02146CDE90032064804AAD1F740FC02A8CD
S2140342F0D0F795FCE4E700BF082B0020F9B60100D1
S214034300183300202DE9F84302F1310727F001079F
S21403431099467B788046013B032B0E46154628D8E4
S2140343201748F8F75AF8044618B32846D0F7A8FBF8
S214034330014630B101281ED02046BDE8F843D0F729
S21403434074BC324602212046D0F7CAFC7A8804F1B0
S214034350310323F001035A8029462046D0F7FAFC9E
S2140343600028E9D14A4621464046D1F773FD002886
S214034370E2D1BDE8F88332462046D0F7B1FCEBE73E
S2140343805627040070B504460D46D0F780FB30B1BF
S2140343902B462246BDE8704044210148B2E770BD73
S2140343A0183300202DE9F041064610468846144689
S2140343B01F46D0F76CFBF8B11048F8F70EF8054621
S2140343C0D0B131344146002224F00104D0F788FCF2
S2140343D0628805F1310323F0010328465A80D0F79B
S2140343E073FE3A4629463046D0F758FB20B1284696
S2140343F0BDE8F041D0F719BCBDE8F08156270400AC
S21403440013B50C466946ECF733FA58B94FF0FF324A
S214034410009B9A42019A70EB020205D3003B18BF39
S2140344200123237002B010BD0720FBE738B505460D
S2140344300C4641B900689047044902462846DFF710
S21403444049F9204638BD0720FCE700BF5B09040096
S214034450082307B50A460190ADF802300DF10201B4
S214034460002301A8ECF782FA03B05DF804FB38B525
S21403447005460C4641B9006890470449024628465B
S214034480DFF728F9204638BD0720FCE74E0804006E
S2140344900346084619460BB1F8F781BA072070475A
S2140344A013B50C4601A9ECF737FA30B9019B03F1B3
S2140344B08002FF2A8CBF0720237002B010BD13B5FD
S2140344C00C466946ECF7D4F948B94FF0FF32009B27
S2140344D09A42019A70EB020234BF0720236002B0AF
S2140344E010BD13B50C466946ECF7C2F940B9009BFC
S2140344F0019AB3F5803F72F100022CBF0720238098
S21403450002B010BD13B50C466946ECF7B1F940B9D5
S214034510009B019AB3F5807F72F100022CBF07203F
S214034520237002B010BD4FF0FF3070474FF0FF30DE
S2140345307047024B186803F01FBA00BF7C190020AF
S214034540024B0122002118680AF01DBD7C190020C9
S214034550F8B5194B9F79DEF720F810B17F2528466A
S214034560F8BD164E35681DBB1820F8F7B1FB8782D9
S2140345708027056045710771857185600446DEF7FF
S21403458093F8C0001028D6BF10230123B3FBF0F323
S21403459027742046E360DEF70FF948B934602368D2
S2140345A0012BFCD0257920466DB2DEF70FF8D6E74F
S2140345B00248DDF7F5FFD1E7581A0020A0190020BE
S2140345C0F0B589B005460F461646FDF7E4FB0446EC
S2140345D018480BF0D9FB18B10124204609B0F0BDEA
S2140345E021462846DEF728F904460028F5D101219E
S2140345F020200BF0B1FBFF238DF8043001230E4877
S214034600079429468DF81C30006801AB04AACDE94F
S21403461002440594049706960AF0DAFC20B9074B81
S2140346209D71074B9D71D8E7214620200BF094FB24
S214034630D2E700BF400001007C190020581A002072
S214034640281A00200A4B1A788AB100221A70094BDE
S214034650186860B100F6DA13C0F8D4394FF4006373
S214034660A0F8D83900F5B8501C30D1F7BFB870475A
S2140346705B1900208C6D00200088704708B5FFF793
S214034680FBFF10F4807F0CBF0320022008BD08B593
S214034690FFF7F2FFC0F3401008BDF8B51F46184BEE
S2140346A00646104693F808210D469307C2F34004C6
S2140346B011D5FDF759FA044668B13068FFF7E7FFEE
S2140346C048B13046D2F7A5FF38B1002F0CBF0420FF
S2140346D00F2025B9E5772046F8BD0420F9E70E2D0F
S2140346E0F9D1E37FA28B0133DBB2C2F30802E3778F
S2140346F0002AF0D19842EED80248E7F701FAEAE733
S214034700083B0020603C002008B5FFF7B5FF00F427
S2140347104050A0F500535842584108BDF8B50E4E18
S21403472005463046D2F7F3FEFF28044612D0376814
S2140347303846FFF7E9FF08B9013CE4B20648D2F76A
S214034740D7FEB288631C0344934203DC00203B5D20
S2140347502B70F8BD0620FCE7581A002008B5FFF7B3
S2140347608BFFC0F3C00008BD7047F5F7B1BA10B5AC
S21403477003790446C3F340019B0790B002D500209B
S21403478010B010BD3C2201A80AF0C3F8214601A8C8
S214034790E4F77CFE18BB9DF80A30112B0AD03A2B9F
S2140347A01FD0062B0CD11423282120460BAAD0F7A2
S2140347B04EFB04E0282120460BAAD6F7B1FB70B9BE
S2140347C007A8E4F718FD50B11B4B93F85931002B9B
S2140347D0D5D09DF80A30062B20D0112B07D0022007
S2140347E0CEE7282120460BAAD6F79AFBE7E744F63E
S2140347F04D41BDF82E2053BA8A429BB2BFD00F4A12
S21403480002F5805191F8D61E01F6697102EB41025A
S2140348100B498A42084606D1002008E0BDF82E3030
S2140348205BBA9BB2EBE7048802319C42F1D1B0FA43
S21403483080F040094000A3E7083B0020081B002047
S214034840DA3900202DE9F04F066804469BB030465F
S214034850FFF784FF002800F0B981204607A9D2F7A6
S214034860B5FC0546002840F0B1819DF81C70082F62
S21403487040F0AC81237FDA0600F1A88196F8008029
S21403488008F00708B8F1020F19D18DF81C0007A924
S2140348902046D2F708FE9DF81C10002900F0A081E0
S2140348A0BD4B5B785A1E91420CD08B4209D0013324
S2140348B0994200F0088138461BB0BDE8F08FB64B2E
S2140348C05978012510230C2213FB0523B24D2B44E4
S2140348D0A360237FDB0710D43378204603F0070357
S2140348E0022B02BF6B682970AB60D2F7F0FD6968D4
S2140348F020464B1C6B60D2F789FC0023206802938A
S214034900FFF72CFF002800F0618120460DF1070118
S214034910D2F74CFC002840F05981204602A9D2F772
S21403492065FC002840F052819C4A03AB106851682E
S2140349309DF8075003C302981946D0F7B5F82046EA
S2140349408DF81850D2F7D4FDA368861E5FFA86F852
S21403495016F00106139340F0B8800638C0B20C2850
S21403496000F2B3802046D2F73AFE354607460346A2
S2140349706A1C002B40F0AA80EDB2022D38BF022538
S2140349802046022DC5F10F0918BF5FFA89F9D2F741
S2140349901EFE021E18BF0122013DA8F10203EDB25E
S2140349A05B1045EAC30343EA821303A94A468346D8
S2140349B00DF11D008DF81C300AF0CAF90BAA394612
S2140349C00F2392469945C0F0848007AA1146139890
S2140349D00BF09AFCBBF1000F06D002269DF81D30A3
S2140349E08BEA03038DF81D304A4603A90DF12D000B
S2140349F08DF82C500AF0ACF907AB09F11100C9F198
S214034A000F020021184409F084FF10238DF86490E8
S214034A104FF000092046CDE91597CDF850B0CDF8F4
S214034A205C90ADF86060ADF862308DF86580D2F7C3
S214034A30CEFD8345054652D326688719B7424FD124
S214034A40159B1D44149B15959D420AD1BDF86030F5
S214034A5023B107AA114613980BF056FC0023ADF8B2
S214034A6060302046D2F7BBFD179B169A0344934249
S214034A7005464FD82046D2F7A0FD002680462F18BD
S214034A80474548D1179B1D44169B17959D4215D342
S214034A90BDF8603023B107AA114613980BF034FC17
S214034AA09DF864200E2A09D802F1110007AB0021F5
S214034AB0C2F10F0253FA80F009F02BFFDDE916323C
S214034AC09A426DD0FEE74546FCE6FEE715461B0A0E
S214034AD04EE7013B02F8011DDBB2090A72E7FEE767
S214034AE0BDF86030102B06D107AA114613980BF0B9
S214034AF00BFCADF86090BDF860305A1C6833ADF817
S214034B0060206B4416F8012B13F84C1C4A4003F83C
S214034B104C2C93E7FEE7BDF86230102B12D10FA999
S214034B200F200A469DF864C0604505DD11F8013D77
S214034B300133DBB20B706BB3514613980BF0E4FBF7
S214034B40ADF86260BDF8623098F800905A1C68337E
S214034B50ADF862206B4413F82C3C89EA030308F88B
S214034B60013BBDF86030102B06D107AA11461398F7
S214034B700BF0CAFBADF86060BDF860305A1C6833B2
S214034B80ADF860206B4413F84C2C89EA020903F84D
S214034B904C9C75E70138C7E7486D0020406D002040
S214034BA02046D2F7A5FCA6880FAA361A51461398B4
S214034BB025680BF0A9FB002207ABA8199DF8651022
S214034BC08A4205DB237F43F010032377002772E630
S214034BD013F8011B0132DD7F694000F8011BEDE786
S214034BE0012768E62DE9F04F054689B0FDF7D3F8AF
S214034BF08C4C0146A54200D0FEE72A688A4B9A42AF
S214034C0000D0FEE7237F98070DD4642384F82C3066
S214034C10A079DDF711FE0646002840F0FE80DDF79A
S214034C20BCFC68B1FEE794F82C30022B84BF023B31
S214034C3084F82C3094F82C304F2BE9D85023E5E732
S214034C4031464FF4F8500BF087F8217F774B784DB9
S214034C501020C1F38001A3622C600BF07DF8237F44
S214034C60744FC3F3C003BB72FB6883B1D5F80080EF
S214034C70D8F814305BB94FF0FF300AF05AFB40F611
S214034C80B8322B68C8F810005A610123BB72D5F8F6
S214034C900090FB68D9E904028BB199F81C10C90788
S214034CA00DD41044A0301FFA83F8FDF7E1F8074649
S214034CB04846D2F7B5FC10B1A0F8028007802868F2
S214034CC0FFF7C0FDEFF31188302383F3118801212A
S214034CD002200BF041F8DDF760FC00B9FEE72B6815
S214034CE003B9FEE79B884FF0000B8DF80B300123CA
S214034CF0DFF854911A460DF10B01D9F800000AF0BB
S214034D00DEFA9DF80B202968023A002392B209685E
S214034D10D9F800000AF0D3FA474BCDF814B006933F
S214034D202B68CDF81CB093F82C2020208DF8142087
S214034D301B6805AF93F800A0CAF3401A0BF024F8DB
S214034D4050B1FFF7FDFB594620200BF005F85946F6
S214034D504FF400400BF000F829684B6903BB1020A2
S214034D600BF012F898B12A68344B117E99703449C7
S214034D700978D970917900975246D9F800000AF05D
S214034D8021F938B34FF480500BF09EFA22E02968DD
S214034D903B4652468979D9F800000AF011F9F0E744
S214034DA00022962004920A6989791344234AA3F5BC
S214034DB09B7310820C320092019703935246D9F8E4
S214034DC0000003AB0AF000F90028DBD101214020E4
S214034DD00AF0C2FF88F31188BFF36F8F4FF4805039
S214034DE00AF0D2FFC8B1174D95F84838ABB155F85D
S214034DF0643CA5F5805523B10121D5F8A02F0948B9
S214034E009847B5F87C3FDB0707D42068FFF73FFCDD
S214034E1018B14FF47A50FCF761FB304609B0BDE891
S214034E20F08F00BF004C0020304C0020081B0020F1
S214034E3080190020881A002020A10700D4740020BF
S214034E40A2750020083B00207C19002010B5174CE3
S214034E5094F87E3F032B27D1B4F87C2FD4F8943FE5
S214034E60D20617D5042384F87E3FD4F8940FFFF7B1
S214034E70B9FE0D280CD1D4F8942F53694BB10023F7
S214034E805361D4F8942F1361D4F8940FFFF7AAFE56
S214034E9050B1FEE79879FCF7A1FF00B1FEE794F85E
S214034EA07E3F042BE1D0DDE710BD00BF082B0020BA
S214034EB00E4B93F87E2F93F87F0F032A1CBF032213
S214034EC083F87E2FD3F8942F117E71B1127F520789
S214034ED00BD5B3F87C3F03F00C0333B90330C0B2F1
S214034EE0052828BF0520FCF7A5BFAFE7082B002041
S214034EF008B5C36800209847024B1868BDE8084009
S214034F000BF08EBAD0450020F0B40C4D049E2D78DD
S214034F108DB107280FDC0A4D070105EB001494F842
S214034F200CC0BCF1000F06D0EB5100236660A360F3
S214034F30F0BCD8F78EBDF0BC704700BF104600200B
S214034F405044002073B5054608460C46E5F70CFFAB
S214034F501F4B7DB9A27C657422F0030242F0030264
S214034F60A27403F5527303CB40232060616023745D
S214034F7002B070BDD3F8382593F83C351344CDE919
S214034F80002301216846EBF776FA06460028EFD0A1
S214034F90EBF738F90028F4D0837803F00F039D422B
S214034FA0EFD1A37C214643F00203A3748378A27C4B
S214034FB0C3F3001363F30002A2748378304603F04E
S214034FC00F03637402B0BDE87040E5F771BE00BF1F
S214034FD0083B00202DE9F0478CB004468A46184665
S214034FE00DF1060190461D46CFF70FFE074620B18A
S214034FF0062738460CB0BDE8F087BDF8066006F411
S2140350006043B3F5C04FF3D1330640F18F80284693
S21403501001A9CFF7F8FD0028EAD19DF804904FEADE
S214035020191009F00F0902A9FFF78CFF484607A9D4
S214035030FFF788FF24220021201D09F06AFC0023C5
S21403504060226370A370E37006F4C053B3F5C05FC9
S214035050227036D0AB88002BCAD02B6830051B785D
S2140350604FEA930303F0300363700ED401A9284676
S214035070CFF7C9FD9DF804202178C2F383030B43C1
S2140350802370637843EA82136370F10419D4AB8800
S214035090022BADD92B6862781B7803F00F031343FA
S2140350A063702B68A2785B781343A3702B68E2784F
S2140350B09B781343E370AB882A68033B03322A606A
S2140350C0AB8016F4806933D1284601A9CFF79BFD40
S2140350D000288DD19DF80430A3714B468AF8003022
S2140350E006F44073B3F5007F24D0B3F5407F23D096
S2140350F0B3F5807F22D0284601A9CFF784FD002888
S2140351007FF476AF9DF80430E37106F03003202B6E
S21403511047D015D8EBB1102B3AD0730649D46FF0AD
S214035120010323726FF07F0363721DE081467AE703
S2140351300123D3E74023E7E7FF23E5E70123E3E77C
S214035140302BEAD1404604F1100202A9E5F7BBFD75
S214035150E3E7720608D41022284604F10801CFF7C5
S2140351603EFD00287FF444AF310706F003026DD4FA
S214035170022A4FD0032A56D0012A25D073073FF5BB
S21403518037AF102204F118012846CFF728FD86E032
S214035190082204F110012846CFF721FD0028BCD0D1
S2140351A026E7FF23E374FE230222237504F1160188
S2140351B0F1E79DF81A3098077FF51AAF02A904F1B4
S2140351C00800E3F7EBFFCFE7082204F120012846A7
S2140351D0CFF705FD00287FF40BAF76072BD46FF0CF
S2140351E0010323766FF07F036376B9F1000F3FF474
S2140351F000AFAB88002B3FF4FBAE2B680DF1050127
S2140352001878FBF79FFD00287FF4F2AE9DF8053073
S214035210A371EEE6FF2384F82330FE2304F1260170
S21403522084F82430D3E704F1200207A908F10A0022
S214035230E5F749FDCEE79DF82E3098077FF5D8AE03
S21403524007A904F11800E3F7A9FFCEE7FF237107C8
S214035250237627D4022A0FD0032A19D0012A90D105
S214035260284604F11901CFF7CEFC00287FF4C0AE20
S214035270052204F1230187E7284604F11901CFF735
S214035280C2FC00287FF4B4AE032204F125017BE7B9
S21403529002232846637604F12701CFF7B4FC0028DF
S2140352A0A3D0A5E6002A7FF4A3AE9DF82E309B0775
S2140352B07FF59EAE0222284604F11901CFF78FFC34
S2140352C000287FF495AE9DF82C300422E37607ABD6
S2140352D003CB2162E06104F1240155E773B50C4664
S2140352E00023054669462046ADF80230ADF8043083
S2140352F0CFF789FCD8B99DF8006006F0F803F02BC9
S21403530015D12846CFF71CFB06F00303022B3CD02F
S214035310032B4AD0012B20460DF102010AD0CFF70A
S21403532074FC20B9204601A9CFF76FFCA8B106206C
S21403533002B070BDCFF769FC0028F8D120460DF106
S2140353400101CFF760FC0028F1D19DF801306FEA28
S21403535003536FEA1353ADF80430BDF802305BBA5B
S2140353602B80BDF804305BBA6B809DF800305B077A
S214035370DDD420460DF10601CFF747FC0028D6D131
S214035380BDF806305BBAEB80D2E720460DF101018B
S214035390CFF739FC0028CAD19DF801306FEA0353D2
S2140353A06FEA1353ADF80230BCE720460DF1010156
S2140353B0CFF729FC0028BAD14FF2B0039DF801209D
S2140353C043EA121102F00F02ADF802101343C2E7CC
S2140353D02DE9F04F8FB00546894690461C468789CF
S2140353E0134604A80A460DF10101FFF7F3FD002852
S2140353F03FD12822284604A9CFF784FE0646C0BB21
S21403540028212846CFF7B1FCB2469DF8013083B970
S214035410002C00F0DB80283CE41B391D64BAA4B2E0
S2140354200223284602AA89B2ADF80840CFF728FE21
S21403543020E0B8F80420E2B1D8F800100B7803F0A7
S214035440F000E02840F09E8003F00E000E2815D1F1
S21403545000230131013A8DF80130C8F80010A8F88E
S21403546004202346424649462846FFF7B1FF002854
S214035470CBD0062630460FB0BDE8F08F03F001030D
S21403548040460DF103018DF80130CFF7BCFB002831
S214035490EFD19DF80330DB075FD540460DF10201DF
S2140354A0CFF7B1FB0028E4D19DF80230B8F804101A
S2140354B05A1C9142DDD3D8F8002001A9D05CFBF733
S2140354C041FC0028D5D19DF8023002220933DB08BF
S2140354D0013B284601A98DF80530CFF713FE0028B7
S2140354E0C7D102212846CFF740FC28469DF8022064
S2140354F0D8F80010CFF706FE0028BAD19DF802B000
S21403550028465946CFF731FCB8F80430D8F80020BF
S214035510A3EB0B035A440BF1020B1BF0070BC8F863
S2140355200020A8F804303FF470AFCBF10801C9B2ED
S21403553002A8E3F7F1FF02A8E3F7C5FF02A90246B4
S2140355402846CFF7DFFD002893D102A8E3F7BBFF79
S21403555001462846CFF709FC57E7404601A9CFF78F
S21403556052FB002885D140460DF10201CFF74BFBD5
S21403557000287FF47EAF9DF80220B8F804309A42E4
S214035580A1D976E703F0F803F02B7FF472AF414618
S21403559002A88DF801A0FFF7A1FE00287FF469AFEB
S2140355A08CB9B8F80430083308225BBA9BB2284695
S2140355B00DEB0201ADF80C30CFF7A4FD00287FF405
S2140355C058AF0821C5E7AB89E31AEDE7B8F80440FE
S2140355D0AB89283C1C441FE738B50C4605460846ED
S2140355E0EAF7DEFB637802331C44C5E9000438BDE2
S2140355F02DE9F04F4FF0000A0746914656465546AA
S21403560085B0DFF8C880019129460198FCF7C8FAEF
S214035610054640B9002E55D033885BBAA9F800304A
S21403562005B0BDE8F08F294602A895F803B0FFF74A
S214035630D3FFAB78BB42E7D10EB1D345E4D9002103
S21403564002A8EAF718FF0028DED04378841C013B43
S214035650C2189442F3D87EB3D3452DD8A3789B09BA
S21403566018F90310B3789B0918F9033099421FD130
S2140356702346154933F8030BB1F85CC1318840BAA9
S21403568080B249BA89B2604514BF4FF0000E4FF09E
S214035690010E614514BF002101218E4503D19A42B4
S2140356A0CDD31C46D8E76045F9D1DA462646F6E759
S2140356B004F10303F3DDF8E7264603349442DA469F
S2140356C0CAD9BCE70420ABE7083B0020B427040094
S2140356D073B513490646D3F719FB0446D0B90546F6
S2140356E029463046FCF75CFA0546A0B129466846CB
S2140356F0FFF772FF02216846EAF7BDFE0028EFD0E7
S2140357004178821C023943189A42F3D8518849BA21
S214035710C90503D50124204602B070BD0432F3E761
S214035720503E002010B50C464FF2BF018A421DD1F1
S21403573048F2FE02038823F47C53934204D12046A6
S214035740BDE81040E3F757BD0949D3F7DFFA70B158
S21403575020460749D3F7DAFA48B92046E3F73FFD70
S21403576028B92046BDE81040E3F72ABE002010BD46
S214035770503E00202DE9F047054688B095F8703076
S2140357800DF110088946D0E90001174688E80300A2
S21403579006AE002B3ED186E80300314602A8E5F7A5
S2140357A0BBFA10B9BDF80C30BBB9BDF81C30A3B1B9
S2140357B0069B1B7803F0E003602B0ED1334605F1FE
S2140357C020020DF1070105F13400FFF703FC044640
S2140357D028B1204608B0BDE8F0871724F9E795F806
S2140357E03A30112B07D03A2B50D0062B0FD1142268
S2140357F005F15C0146E09DF8073005F15C00002BDF
S2140358003ED03146FFF76AFD04460028E1D1012366
S21403581085F87030A88E40BAC0F3851A5046E3F771
S21403582021FC95F83A3004463A2B31D195F95C3091
S214035830002BA8BF03240021012332460846ADF8F7
S21403584018308DF81940FDF717FF386000283ED052
S2140358504B46424605F12001FFF7BAFD04460028F1
S214035860B7D1BDF8142004993868CFF74BFC04462B
S2140358700028AED1BDF814103868CFF776FAA8E73B
S214035880082201463046CFF7AAF9BDE70822AFE75C
S214035890112BD0D144F64D43B5F85E209A4212D070
S2140358A052BA92B205F14C0105F13C00FFF73AFFFC
S2140358B00028C0D0BAF10F0F07D0BAF1170F0CBFEC
S2140358C000240324B7E70324B5E70124B3E703243E
S2140358D07FE72DE9F04F4579112A04460E46914697
S2140358E0B0F80A8095B001F11007C5F3410540F002
S2140358F0B0804A8C30463946FFF714FF002800F084
S214035900A880002D00F0AB80032D0CBF07250F25C4
S2140359106023AD0145F4C0456DBA96F825200A9379
S214035920ADF82850C5F3072502F0030325F030052C
S21403593045EA031596F8243098FA98F88DF8295016
S214035940ADF82C808DF82E901BB912F0080F08BF07
S214035950402330468DF82F30E3F7E3FB002840F072
S21403596082803378FF2B7ED033460CAD2A461868E8
S2140359705968083303C2BB421546F7D110AA9246AC
S21403598006F1100306F1200C15461868596808330B
S21403599003C563452A46F7D13846E3F711FD0028C9
S2140359A040F0D580282220460DEB0201CFF740FCBD
S2140359B00546002840F0D480B9F1110FADF8240055
S2140359C08DF8260000F0D080B9F13A0F29D14FF0B8
S2140359D002080023A18920464144ADF822300DF188
S2140359E02202022389B2CFF74BFB4B4652460CA941
S2140359F009A80094FCF788F94FF6FF72A38920469E
S214035A0008EB0301BDF8243089B293421CBFDB4385
S214035A109BB25BBAADF822300DF122020223CFF718
S214035A202FFB3846E3F7D8FC002840F0A08096F812
S214035A3025302279C3F3001363F34512227162897A
S214035A40236AB2F5A06F00F29C809C4200F09C8013
S214035A50FEE735B1A91E4D424D416D0158E71725A6
S214035A6056E7082554E73846E3F79AFB4FF0000A53
S214035A70049039464848E6F7C7FD5546474B059018
S214035A80D3F834B7BBF1000F03D1002D53D114253F
S214035A9066E059464048E6F7CDFD28BB80225946C6
S214035AA03846CFF73AF89BF810305FFA80F843454C
S214035AB003931CD85846E3F78BFB0246DDF80C80AD
S214035AC0394658460792CEF71AFF98BBA5B15846F3
S214035AD0E3F77EFB06902846E3F77AFB0699079AD8
S214035AE0814206D2914207D2DBF814B0CAE7049A81
S214035AF0E6E70BD99042F7D2039B434503D85846B3
S214035B00E3F766FB0490C2465D46EDE79BF812108A
S214035B10AA7C4A40D20702D5CB07EDD4E4E7C245B8
S214035B20EAD3E1D159461C48E6F76EFD059B83424E
S214035B30DAD1E1E75D460CAA05F1100C1346286896
S214035B406968083503C365451A46F7D116E7214643
S214035B5013480AAAE5F7D6FB054600283FF422AF0A
S214035B60284615B0BDE8F08F4FF0060831E721460A
S214035B700B480AAAE5F724FC00283FF458AF05466D
S214035B80EEE79C4200D0FEE721460648CFF7A6FC88
S214035B900548CFF72BFEE3E7603C0020082B0020E8
S214035BA0703100207C310020903100202DE9F04F29
S214035BB0ADB007460D4622A80968E3F767FC06461C
S214035BC0002840F0AB81D5F8009099F80560C6F33D
S214035BD0C106012E0ED19DF8A030FF2B29D199F8CE
S214035BE004309906C3F3401417D44FF00108CDF8D8
S214035BF0088034E024A8E3F7A4FA002840F0FC80E9
S214035C0028A8E3F79EFA0446002840F0F5809DF89E
S214035C10A030FF2B0DD1002EE1D19B4828AA18A94E
S214035C20E5F7FAFB0294041E18BF01244FF001089F
S214035C3015E0964828A9E5F7A5FC0446002840F099
S214035C40B88048F2FE02BDF8A03023F47C539BB222
S214035C5093420AD1331E18BF012380460293B9F834
S214035C600A30272B00F2A880FEE728A8FFF730FDAE
S214035C70029020B101234FF000080293EFE7844B14
S214035C80D3F8346726BBDFF814A2314624A8FBF703
S214035C9087FF064638BB4FF005087E4EB8F101086D
S214035CA014D0B37C980740F18280F369002B7ED032
S214035CB08022314624A8CEF730FFC0B23F2876D9DB
S214035CC0707E0EAA28A9FFF793FC88B30024ADE7DD
S214035CD08022304628A9CEF720FF337CC0B2834209
S214035CE0C8D97669CEE7EAF75BF871780222023103
S214035CF03144EAF75BFA0028C7D0B0780EAA28A981
S214035D00FFF776FCA0B1314618A8FFF765FC4FF005
S214035D100008DFF884B1022118A8EAF7ACFB78B9CB
S214035D20B8F1000FB1D0B8F800305BBAADF8383030
S214035D30594BBDF83820B3F85C319A429AD1C5E77F
S214035D404278831C023A10448342E4D85A8852BAF3
S214035D5091B2920526D5B8F1000F26D08A0B1AF910
S214035D600210B8F8022052BAC2F381321AF902209E
S214035D70914219D11988B8F80020BBF85CC149BA1A
S214035D8089B252BA92B2614514BF4FF0000E4FF07B
S214035D90010E624514BF00220122964502D06145DA
S214035DA008BF98460433CFE7FCDD9846FAE720366B
S214035DB074E74FF000081AE72823A9F80C309DF87B
S214035DC08E901CB9B9F1000F40F081812868022338
S214035DD0818909AACFF73BF80646002840F09E8043
S214035DE0B9F12C0F00F04A8108D8B9F1000F0CD096
S214035DF0B9F12B0F40F0A58102268FE0B9F13B0FD6
S214035E00FAD0B9F13C0F40F05F812B680EA8194613
S214035E100393CFF784FB03980AAA0EA9FBF700FFA8
S214035E20064600287AD1BDF83A20002A38D1002E3B
S214035E3000F0F580BDF8643007F13C0B5BBAADF8B3
S214035E401E309BB205939DF86330DE460693584694
S214035E50134694469146CDF810B09EF80360002E84
S214035E6066D10BEB8906BCF1000F40F0AB80F078EF
S214035E70002840F0AA803046B04280F0C6805845DD
S214035E8080F0F380FEE700BF403200203C32002063
S214035E90082B0020C0340020083B0020B427040051
S214035EA003990EAA0CA8E3F715FB002835D19DF835
S214035EB03030012B13D96D2B34D1002E34D104236B
S214035EC0039818AA0EA9CFF798F830BB9DF862304E
S214035ED003F0C002402A18D009D862B101260CA8E4
S214035EE0E3F7F1FA01460EA8CFF72AFB9BE719065C
S214035EF0F4D5062011E026A8E3F7E7F80028F8D043
S214035F00BDF89E30ADF86430E8E70623039818AA78
S214035F100EA9CFF772F80028E0D0064630462DB01B
S214035F20BDE8F08F3F2BDAD90220F6E7B44694E7B4
S214035F300499BEF800A00E88B24511D00599B14267
S214035F4005D1BCF1000F02D1F4460133DBB29A420D
S214035F5038BF1A464FF0000338BF0498CDF810E058
S214035F600599664651451DD19EF802A006995145EE
S214035F700CD1052307EB890989F83F30039B5B792E
S214035F8013F0180F3FF438AF002448E0BCF1000FBD
S214035F9008D10699A1EB0A0A1AF0800F1EBF7646AF
S214035FA00133DBB209F101090133B9F1230FDBB287
S214035FB00EF1040EBAD190F803C0BCF1000F4ED018
S214035FC02BB9FEE730466646F5E73046F8E7049910
S214035FD0B1F800C005998C4535D15EBB0133DBB201
S214035FE0934207F1C80629D8012AC7D95E45C5D901
S214035FF036F8043C059A9342C0D18642BFF43CAFC0
S2140360003146821B301D08F028FEBDF81E300820DE
S2140360103380069BB3700523F370FBF7E5FDBDF8ED
S2140360203A20BDF838301344039A9BB252899A42F9
S2140360301FD2FEE7934203D9012B9FD00498D5E7DE
S214036040012AD3D19AE7934206D9012B96D0049816
S214036050002ECBD10646D8E7012AF9D18EE7B04207
S2140360607FF60AAFB345CBD9FEE7043E321A011DCD
S214036070C9E7039A93819DF82490A2E60123294653
S214036080CDE9004322AA4B463846E6F7A3F9D5F8EE
S214036090009018AA4846B9F80C10D4F741FF0646F4
S2140360A000287FF43BAFBDF862305BBA9AB2C3F305
S2140360B0CC03002B7FF4A0AED2073FF59DAE08219C
S2140360C04846CEF752FED6E7002C40F0AE80B8F135
S2140360D0000F5DD00024029BCDE9004329464B46C2
S2140360E0384622AAE6F776F90646002C51D0002356
S2140360F00EA80993CEF7D4FC0EA8CEF7D1FC12ACAB
S21403610024AB0FCB84E80F0028A90EA8CEF7AFFC6C
S2140361109DF88F309DF85D208DF85C309DF88930B2
S214036120B9F1110F4FEA131363F301028DF85D20E3
S2140361307DD0B9F13A0F7AD000260998FBF72CFDEB
S21403614027E0002CC3D0B9F1290F6ED12B680E902F
S2140361502946029A0EA893F80480FBF77AFDC8F343
S2140361604018064618B10E98FBF716FDD6E60E9CA9
S2140361702379204668F34513A1892371CEF701FEE0
S214036180384618A91894FFF711FD1898FBF704FD75
S2140361900026029B002B3FF4C1AE2868437913F018
S2140361A0180F0BD1B04B93F85931033B012B3FF635
S2140361B0B5AE9DF88F30013B8DF88F309DF88F304C
S2140361C0002B3FF419AE8DF860300721012318AA7F
S2140361D0CEF756FFB9F13A0F286840F02B8101231A
S2140361E0818918AACEF733FE064600287FF496AEBA
S2140361F007239DF860109D4A013B3FF4FDAD12F85E
S214036200010B8842F8D1002600232C682B602279E4
S214036210A38142F00102636120462271E3F76CFF1B
S214036220236A9C4200F02681FEE7012354E72946B1
S214036230029A09A8FBF70DFD064600287FF47DAFFA
S214036240B9F1110FDDF824807FD0B9F13A0F7FF44E
S21403625073AF4046B8F80C100AAAD4F761FE064698
S21403626000287FF46AAF4B46ADF860008DF86200F5
S2140362700EAA2146CDF8008018A8FBF745FD4FF679
S214036280FF73BDF860209A427BD19DF82830802B9F
S2140362904BD118A8CEF704FC97F82E000EA9FDF7ED
S2140362A058FE002841D00CA8CEF74AFB812330467F
S2140362B06F498DF83030FDF761FA8246A8B30422A1
S2140362C00CA9B8F80CB0CEF71DFF0346002840F023
S2140362D0AA80B8F80A300BF1040292B29B1A9BB25A
S2140362E041465046CEF768FF0346002840F09B80A1
S2140362F094E80F000DF1700C8CE80F009DF8383011
S214036300FF2B03D00EA918A8CEF7B1FB3A225046AE
S21403631018A9FFF7DEFA0346002840F084805046AB
S214036320BAF80C100CAAD4F7FBFD08214046CEF7AA
S2140363301CFDBF6A002F3FF400AF3C6878684146F7
S2140363400AAB0EAAA047BF68F4E74046B8F80C109D
S21403635018AAD4F7E5FD064600287FF4EEAE4B46B2
S214036360ADF830008DF832000EAA2146CDF8008035
S2140363700CA8FBF7C9FC4FF6FF73BDF830209A4212
S21403638001D00226D9E608214046CEF7EEFC189B3C
S214036390D7F834A01BBA1693BAF1000F2ED1D7F84C
S2140363A038B0BDF85AA0BDF85870BBF1000F3FF4E3
S2140363B0C4AEBBF81030BB421DD15846E2F7B1FE5F
S2140363C020B958460EA9CEF79AFAA0B1BBF82230E8
S2140363D0002B74D053450ED10BF1120318460393CA
S2140363E0E2F79FFE00286AD1039B21461846CEF7A4
S2140363F086FA002863D1DBF830B0D6E74146DAF8F0
S2140364000430DAF808000EAA984700287FF495AE01
S214036410DAF800A0C0E74146DBF82430DBF82800B2
S2140364200EAA984789E650460393CEF7FEFB039BD6
S2140364301E4682E64479C4F3C104022C7FF4E4AE1C
S214036440B9F1110F7FF4E0AE818918AAD4F768FD7D
S214036450064600287FF462AD4BF6F073BDF8622063
S2140364609A427FF4D0AEC7E4083B002056470400A8
S2140364705627040021461748CFF730F81648CFF7BB
S214036480B5F92579EB0718D5FAF780FCA8B1C5F35B
S214036490001745F010052571FDF792F8237967F389
S2140364A00413237110B9FAF771FC30B120460221A8
S2140364B0FBF7EAFB2046FDF721F8002054E64046AA
S2140364C0B8F80C10CEF75DFCB8F80C30002BA2D051
S2140364D0FEE700BFD43B0020143C002007B54379F9
S2140364E001905B0908BF0B4A01A902BFD2F8183115
S2140364F00133C2F81831838823F4C45343F080036E
S21403650083800548FFF752FB019803B05DF804EB60
S214036510FBF742BB083B0020703100202DE9F04317
S214036520002304461046C5B0CDE92A332C932691A2
S2140365303023014425AA26A8EFF7CCFE10B1A0F518
S21403654074503CE0DDE925371F44394624AA26A8C3
S214036550FAF7F5FD0028F2D1249B012B40F0C78003
S2140365600423394625AA26A8EFF7B4FE0028E6D169
S214036570DDE92565AB199F4226932FD0A023394624
S21403658025AA26A8EFF7A6FE28BBDDE92523002AC1
S21403659003EB020840F3AD801B78062B2A9340F0EA
S2140365A0AA8041462BAA26A8EFF794FE50B1B0F571
S2140365B0745004D121462AA8F4F7AEFC70B145B056
S2140365C0BDE8F083269B2B9A2C9313449845269379
S2140365D0F0D04A48F3E710F1620FB0D1902204F1ED
S2140365E01001684608F0B4FB94E80F00DBF702FEE0
S2140365F0334601462A460078F2F726F810B1B0F57E
S2140366007450DCD1269B9F423AD0A123394625AA53
S21403661026A8EFF75FFE78BBDDE925371F4439462A
S214036620032325AA26A8EFF755FE002887D1259928
S21403663011B96FF0670082E74B1E2593269B1A78E5
S214036640002AF6D15A1C0B449F422692C1D1D4F895
S2140366500480BB1A08F1680949464046F0F7E7FA92
S21403666028B949464046F1F747FE0028A7D010F55B
S2140366709D4F05D02248A2E710F1620F7FF45FAF6B
S214036680676827A93878F3F7BFFC0446162200216B
S2140366900DF1B60008F03DF944F4E24401212DA8BB
S2140366A0ADF8B440D5F733FA3246294628AB2DA8C1
S2140366B0F2F7D8FC20B145B0BDE8F043EEF70ABECA
S2140366C0289D29AA284633A9FBF79AFF044628469D
S2140366D0F3F7FEFA0CB12046EDE70028EBD1384677
S2140366E0299B33AA07F16801F0F7A1FA67E7054883
S2140366F065E7054863E7054861E700BF9AC2FFFF01
S21403670000C3FFFF80C2FFFFA0C2FFFF9EC2FFFFC2
S2140367102DE9F0438D188BB00646029130232946A7
S21403672001AA02A8EFF7D6FD10B1A0F574544FE006
S214036730DDE901371F446A46394602A8FAF7FFFC2B
S2140367400028F2D1009B002B40F08F80CDE9043364
S21403675006933946302303AA02A8EFF7BBFD0028A9
S2140367603CD1029C3B1B002B36DD237808AA0793FB
S214036770039B02A81C4421460623EFF7ABFD68BB28
S214036780DDF80880DDF82090CDF8248008EB0903B7
S2140367909C42029309D10C2104A8F0F729F83B4C3C
S2140367A02068002851D13A4C12E018F8092001332A
S2140367B00492214605AA02A80293EFF757FD68B98B
S2140367C0029B059A069313449C420293E7D0314CEE
S2140367D020460BB0BDE8F0832F4CF9E7B0F56A54BA
S2140367E0F6D1042339460DEB030202A8EFF772FD38
S2140367F000289AD1019F002F39D0A4F102085FFA2E
S21403680088F8B8F1020FCED8244B53F82810002985
S214036810C9D03046EFF7D6FF04460028D8D1B8F1E2
S214036820020FC0D0314604A8F4F776FB044640B9FD
S214036830DDF808803A4641463046FFF76FFE0446C9
S21403684068B13046F1F73AFFC2E76368994504D169
S2140368504A46414609F070FA58B11434A0E7104B83
S214036860B844454518BF1C46B2E70E4CB0E70E4C7D
S214036870AEE7247C012CB4D1049B052B00D013B9BE
S214036880059B002BADD0094CA2E700BF5C47040074
S21403689080C3FFFF1AC5FFFF20C5FFFF982C040027
S2140368A09AC2FFFF80C2FFFFA0C2FFFF80C5FFFFA3
S2140368B02DE9FF4100F12807044638460E46D0F777
S2140368C045FA28B9204604B0BDE8F041E5F718B903
S2140368D004F16C00E5F760F8012E24D894F8B5317E
S2140368E004F5DA75FF2B1CBF013384F8B531574B1B
S2140368F0284693F8682FD20745BFA022B3F86A3F0D
S2140369004FF47A71534341BF4FF47A7203F5FA7327
S214036910B3FBF2F39918012384F8B431F5F7DAFEE2
S2140369202846E4F793FB0D20FDF7F0F9054600280B
S2140369307FD00121E278CFF787FFC0B9012E09D0B7
S214036940032E0BD06178042953D8DFE801F01453E3
S2140369501514140004F58C70D0F782FF0823032166
S214036960284604F58C72CFF73AFF0028EAD028466B
S214036970CEF75BF95DE0FEE7DFF8D480002128461A
S214036980B8F85C21CFF76BFF0028F0D12846E4F770
S214036990DBFA02460028EAD1022E18BFE26802217B
S2140369A02846CFF768FF0028E1D12846E4F7F6FA31
S2140369B00028DCD1254B93F8682FD60719D593F812
S2140369C0693F8DF800005BBAADF801306A460323D1
S2140369D050212846CFF703FF0028C8D1D8F86821EE
S2140369E00AB9D8F8642155212846CFF744FF002872
S2140369F0BDD10021E37898071ED548F2FE02002396
S214036A00394602A8CDE90023E2F74DFB694628463E
S214036A10E5F770FC0028AAD1E3781B0712D4FBF72E
S214036A2015F80A4B93F8680FC04300F00100F5F71A
S214036A3025FF04B0BDE8F0812846E6F70FF90028E5
S214036A40DBD094E70120FBF701F8F2E7082B0020E0
S214036A50083B002000212BE72DE9F04F054685B0C3
S214036A600E200E46FDF752F9044668B3B0464FF0C3
S214036A70000A96F82090644FB14407F5805BC14541
S214036A8025D1204606F12A01E5F734FC002867D114
S214036A90BAF1000F18D048F2FE075B4ED6F834471B
S214036AA0002C40F09580EB781B070DD4574BD6F897
S214036AB0381701A8029301948DF80C40E2F78AFD7B
S214036AC0019B002B40F0998005B0BDE8F08F18F8C5
S214036AD0013B132B2CD8132BD1D801A252F823F049
S214036AE0516B03007F6A0300756B03007F6A030024
S214036AF0A76B0300B96B03007F6A03007F6A03007A
S214036B00C16B03007F6A03007F6A03006D6B03009B
S214036B107F6A03007F6A03007F6A03007F6A0300BD
S214036B207F6A0300816B03007F6A03008D6B03009B
S214036B301B2B49D0552BA2D197F8683FDA079ED571
S214036B40334BD3F868210AB9D3F86421552113E0EF
S214036B5000212046BBF85C21CFF781FE00288ED0AB
S214036B60204605B0BDE8F04FCEF75FB82046E4F701
S214036B70EBF9F3E70221EA682046CFF77CFEEDE760
S214036B80012211212046CFF75FFEE7E7EB7899074E
S214036B903FF575AF01212046E6F760F80028DFD100
S214036BA04FF0010A6BE70421204696F8293006F1D8
S214036BB02102CFF714FED1E70521D7F8002FDBE734
S214036BC00821D7F8042FD7E72046E4F7E7F9C5E707
S214036BD0238823F47C53BB4214D021462846E5F78A
S214036BE013FD78B921462846E5F724FD50B920461B
S214036BF005F50471CDF783FE20B9284605B0BDE838
S214036C00F04F27E764694BE7082B00203C3200204F
S214036C10083B0020F0B595B00D4603A90746164677
S214036C20F5F700FB044670BB402E31D86B1EDBB273
S214036C30FD2B2DD814208DF80750FDF767F8054671
S214036C4020B35A2302A98DF80830731C8DF8093037
S214036C50CFF7C2FD044698B928460DF10701CEF7D3
S214036C606CFA044660B93246284604A9CEF74AFAB7
S214036C70044628B939462846E5F73CFB044610B1D6
S214036C802846CDF7D2FF204615B0F0BD0324FAE719
S214036C900724F8E700F00CB800F00AB800F008B8CC
S214036CA000F006B800F004B800F002B800F000B830
S214036CB072B61EF0080F09D01EF0040F0DD0DFF8D1
S214036CC050E0AEE8FF1F6FF002000CE0DFF840E094
S214036CD0AEE8FF1F6FF00E0005E0DFF834E0AEE825
S214036CE0FF1F6FF006006946EFF309828EE8070080
S214036CF086460848084C854501D3A54501D384F349
S214036D000888DBF765FE84F30888DBF753FE00008C
S214036D1080730020480000200818002008B5064BA2
S214036D20044613B10021AFF30080044B1B6803B184
S214036D3098472046D4F736FF00000000D86F00209F
S214036D4070B50D4D00260D4C641BA410A64209D148
S214036D500B4D00260B4C09F0F3FB641BA410A64254
S214036D6005D170BD55F8043B01369847EEE755F854
S214036D70043B01369847F2E7AC750020B075002057
S214036D80B0750020B47500201FB514461A46094B8B
S214036D9005461B68D86854B9074B1C46009107493B
S214036DA0CDE901342B4600F0B1F807F04FFF044B52
S214036DB0F4E700BFF874002059460400BA470400FD
S214036DC0AD470400002310B504468360818119464D
S214036DD04366C28108228361C0E90033C0E90433F5
S214036DE05C3007F096FD0D4B246263620C4BA36286
S214036DF00C4BE3620C4B23630C4B9C4206D003F113
S214036E006802944202D0D0339C4205D104F1580064
S214036E10BDE8104007F085BD10BD00BF51E8030074
S214036E2073E80300ABE80300CFE80300A06E00207E
S214036E30024A0349034807F04EBD00BFEC74002026
S214036E40E1EB0300FC74002041680C4B994210B53B
S214036E50044601D007F0C4FEA168094B994202D04C
S214036E60204607F0BDFEE168064B994204D0204653
S214036E70BDE8104007F0B4BE10BD00BFA06E0020F2
S214036E80086F0020706F002010B50B4B04210B4CCD
S214036E900B4A20461A600022FFF794FF04F16800AD
S214036EA001220921FFF78EFF04F1D00002221221EE
S214036EB0BDE81040FFF786BFD86F0020A06E002005
S214036EC0316E0300014807F02DBD00BF4373002059
S214036ED0014807F028BD00BF4373002010B50446E1
S214036EE0FFF7F0FF236A1BB1BDE81040FFF7F0BFC2
S214036EF0044B2362044B1B68002BF5D1FFF7C4FF3A
S214036F00F2E700BF496E0300D86F00200EB403B546
S214036F1003AB0146054853F8042B0068019300F0C1
S214036F2019F802B05DF804EB03B07047F87400205C
S214036F3038B50446064D0846114600222A601A460E
S214036F40D4F73EFE431C02D12B6803B1236038BD41
S214036F50DC6F00202DE9F04F0D469DB01446984691
S214036F60064618B1036A0BB9FFF7B8FF6B6ED9076D
S214036F7005D4AB899A0502D4A86D07F0D3FCAB8978
S214036F801B0701D52B699BB92946304600F0FAF852
S214036F9070B16B6EDC0704D54FF0FF301DB0BDE853
S214036FA0F08FAB899805F7D4A86D07F0BCFCF3E720
S214036FB00023CDF80C804FF00109DFF8B481099364
S214036FC020238DF8293030238DF82A3023469A461D
S214036FD013F8012B0AB1252AF9D1BAEB040B0BD00F
S214036FE05B4622462946304607F0B5FC013000F0E2
S214036FF0A780099A5A4409929AF80030002B00F0A9
S2140370009F8000234FF0FF320AF1010A049307938F
S2140370108DF853301A93CDE9052354460522544878
S21403702014F8011B07F004FE049AD8B9D10644BF2E
S21403703020238DF85330130744BF2B238DF853308A
S2140370409AF800302A2B15D0079A544600204FF0A2
S2140370500A0C214611F8013B303B092B4BD9B0B142
S214037060079214E0A0EB0803A24609FA03F31343BE
S2140370700493D2E7039B191D1B68002B0391BBBF28
S2140370805B4242F0020207930793B8BF0492237849
S2140370902E2B0AD163782A2B32D1039B02341A1D76
S2140370A01B6843EAE37303920593DFF8D4A0032235
S2140370B02178504607F0BCFD38B1A0EB0A00402209
S2140370C0049B013482401343049314F8011B0622E5
S2140370D028488DF8281007F0ABFD00283FD0264B34
S2140370E01BBB039B073323F0070308330393099B58
S2140370F03B4409936AE70CFB02320C460120A8E7DF
S214037100002301344FF00A0C19460593204610F865
S214037110012B303A092A03D9002BC6D00591C4E7C0
S2140371200CFB012104460123F0E703AB2A4604A91E
S21403713030460093114BAFF300800746781CD6D138
S2140371406B6ED90705D4AB899A0502D4A86D07F0F0
S214037150EAFBAB895B063FF51FAF09981EE703AB57
S2140371602A4604A930460093044B00F061F8E4E78E
S214037170EA480400F44804000000000057E903004E
S214037180F048040038B5294B05460C46186818B174
S214037190036A0BB9FFF7A2FEB4F90C30190722D421
S2140371A0DA0607D409222A6043F040034FF0FF3083
S2140371B0A38133E0580712D5616B41B104F1440350
S2140371C0994202D02846D7F754F900236363A3896C
S2140371D023F02403A3810023636023692360A38928
S2140371E043F00803A38123694BB9A38903F42073EF
S2140371F0B3F5007F03D02146284607F06DFDB4F9AA
S2140372000C3013F001020AD00022A26062695242D7
S214037210A261226942B913F08000C5D138BD99072F
S21403722058BF6269A260F4E70020F7E7F87400200D
S2140372302DE9FF470F7E914680460C46782F9A46E7
S2140372400C9E01F1430207D8622F0AD8002F00F0E4
S214037250DD80582F00F0C38004F1420684F84270A4
S2140372603AE0A7F16303152BF6D801A151F823F0F2
S214037270C9720300DD7203005972030059720300DA
S2140372805972030059720300DD720300597203003A
S214037290597203005972030059720300F373030013
S2140372A06B730300AB730300597203005972030038
S2140372B015740300597203006B73030059720300BD
S2140372C059720300B373030033681A1D1B683260D8
S2140372D004F1420684F842300123A8E031682368AB
S2140372E0081D30601E0601D50D6803E05D06FBD55C
S2140372F0B1F90050002D616878DA2D200029A160CD
S21403730084F843002DDA6D425D480A231646B5FB22
S214037310F3F103FB1157C75D06F8017D2F460D46B3
S214037320BB42F4D9082B0BD12368DF0708D52369A2
S21403733061689942DEBF302306F8013C06F1FF364A
S214037340921B22614B4603AA21464046CDF800A075
S21403735007F051FB01306FD14FF0FF3004B0BDE8AA
S214037360F08723F004032360CDE72168336808061B
S21403737053F8045B02D4490648BFADB26F2F33609F
S2140373803F4814BF0A230823002184F84310666885
S214037390002EA660BADB216821F004012160002DCF
S2140373A0B4D1002EB2D11646BCE7236843F02003BF
S2140373B0236078273348236884F845701F063168AE
S2140373C051F8045B02D45F0648BFADB23160D907FB
S2140373D044BF43F0200323601DB11023D4E728489D
S2140373E0E9E7236823F020032360F6E724480A230B
S2140373F0CDE733682568181D616930602E061B6863
S21403740001D5196002E06806FBD5198000231646ED
S214037410236197E7336800211A1D32601E6862688D
S214037420304607F005FC08B1801B60606368236183
S214037430002384F8433085E72369324649464046AD
S214037440D047013088D023689B0714D4E068039B99
S2140374509842B8BF184681E701233246494640465C
S214037460D04701303FF478AF0135E36803995B1AE0
S214037470AB42F1DCEAE7002504F11906F5E700BFA5
S214037480FB4804000C49040038B50023054D0446A8
S21403749008462B60D4F783FB431C02D12B6803B149
S2140374A0236038BDDC6F002038B50446064D084619
S2140374B0114600222A601A46D4F77EFB431C02D1EB
S2140374C02B6803B1236038BDDC6F002038B5044653
S2140374D0064D0846114600222A601A46D4F76EFB6C
S2140374E0431C02D12B6803B1236038BDDC6F002038
S2140374F0024B0146186807F038BC00BFF87400203A
S21403750038B50023064D0446084611462B60D4F7CB
S2140375104AFB431C02D12B6803B1236038BD00BF6E
S214037520DC6F002038B50023054D044608462B6063
S214037530D4F73DFB431C02D12B6803B1236038BD4F
S214037540DC6F002038B50023064D04460846114676
S2140375502B60D4F72EFB431C02D12B6803B12360A8
S21403756038BD00BFDC6F0020024B0344587800F0A0
S21403757020007047E9470400024B0344587800F0A4
S21403758097007047E947040007B5009313460A4679
S21403759001460348006807F024FC03B05DF804FBCB
S2140375A0F87400200CB4184B30B50C1E9DB01D6843
S2140375B008DA8B234FF0FF302B601DB0BDE8304058
S2140375C002B070474FF402730290069002A9ADF81A
S2140375D0143014BF04F1FF332346209A284604933D
S2140375E007934FF6FF73ADF8163021AB019300F007
S2140375F00DF8431CBCBF8B232B60002CDDD0029BF5
S21403760000221A70D9E700BFF87400202DE9F04F66
S21403761098468B899DB007461B060D46144610D523
S2140376200B6973B94021D6F719FF2860286130B972
S2140376300C233B604FF0FF301DB0BDE8F08F4023B6
S2140376406B610023CDF80C804FF00109DFF8A081B1
S214037650099320238DF8293030238DF82A302346CA
S2140376609A4613F8012B0AB1252AF9D1BAEB040B73
S2140376700BD05B4622462946384607F01BFC0130F2
S21403768000F0A780099A5A4409929AF80030002B12
S21403769000F09F8000234FF0FF320AF1010A0493A3
S2140376A007938DF853301A93CDE9052354460522E4
S2140376B04F4814F8011B07F0BBFA049AD8B9D00652
S2140376C044BF20238DF85330110744BF2B238DF876
S2140376D053309AF800302A2B15D0079A54460020C8
S2140376E04FF00A0C214611F8013B303B092B4BD9CE
S2140376F0B0B1079214E0A0EB0803A24609FA03F31D
S21403770013430493D2E7039B191D1B68002B0391B5
S214037710BBBF5B4242F0020207930793B8BF0492D3
S21403772023782E2B0AD163782A2B32D1039B02347B
S2140377301A1D1B6843EAE37303920593DFF8C0A0A0
S21403774003222178504607F073FA38B1A0EB0A00FB
S2140377504022049B013482401343049314F8011B14
S214037760062224488DF8281007F062FA002836D03F
S214037770214B1BBB039B073323F0070308330393F9
S214037780099B334409936AE70CFB02320C4601203B
S214037790A8E7002301344FF00A0C19460593204648
S2140377A010F8012B303A092A03D9002BC6D00591CD
S2140377B0C4E70CFB012104460123F0E703AB2A468A
S2140377C004A9384600930D4BAFF30080421C0646CF
S2140377D0D6D1AB895B063FF52DAF09982CE703ABF3
S2140377E02A4604A938460093044BFFF721FDEDE72C
S2140377F0EA480400F448040000000000B5EE030065
S214037800F0480400014807F0FFBB00BF690345ECDE
S2140378101046044A1368591E033102D8002111602A
S2140378201847704748750020034B1868034B002819
S21403783008BF1846704700BFE06F002048490400A1
S214037840014807F097BD00BFE86F002013B50B4C47
S2140378500229226005D10A4807F08CFD002002B0F9
S21403786010BD0A4600930146064B054807F063FD24
S214037870003818BF01204000F1E700BF487500201C
S214037880E86F002011780300014807F084BD00BFAD
S214037890E86F00200021014807F09FBDE86F002035
S2140378A008B5064B1B68013305D0FFF7EDFF80F0E4
S2140378B00100C0B208BD0020FCE700BF48750020E9
S2140378C02DE9F843DFF860900646D9F800800846AD
S2140378D01746B8F1000F03D00E242046BDE8F88300
S2140378E006B3336801331DD1E1B100F075F80546E0
S2140378F00028F1D0C9F8000000F0DAF8284607F0AF
S2140379008AFB044640B14046C9F8008000F0D0F830
S214037910284607F07BFBE0E73560002FDDD02846DE
S214037920B847DAE72124D8E7E46F0020024B18684B
S214037930003818BF01207047E46F002038B50C46A6
S21403794001F012FEA3780B4A13705A1E5542554196
S214037950A8420CD0012B04D02846BDE8384001F0DD
S214037960EBBD204601F0D8FD0028F5D038BD002039
S214037970FCE700BF44730020002108B5024B08460D
S2140379805B689847002008BD6475002010B5FFF7B4
S2140379904BFF0D4B0C461A1A534253418B4201D1EF
S2140379A0002010BD094B1B683BB9094A064B002C47
S2140379B008BF1346074A1360F2E707F00BFE0028DA
S2140379C0F3D00220EDE700BF20490400E46F002057
S2140379D048490400E06F0020F8B5044608F025FD8A
S2140379E0002607460E4B1B6893B19E68AEB196F809
S2140379F02420D20711D435460FCC0FC50FCC0FC5A4
S214037A0023682B6096F8243043F0010386F824306D
S214037A10384608F005FD3046F8BD1B68E4E700BFAE
S214037A2058750020431E033306D8044B984228BFDC
S214037A301846642838BF6420704700BF40420F00D2
S214037A4038B5184B05461B680C4603B1984744B136
S214037A50236833B11B68013303D0E3680BB1A36813
S214037A6043B908F05FF800209122412100F0DCFAC8
S214037A70212038BD204602F06BFE00230A4A85F813
S214037A804831C5E93A4313605360636943B1074A13
S214037A9042211068B322C31A5842584100F0C4FA70
S214037AA00020E6E73C7200204C750020A072002000
S214037AB010B5044618B9054B054A136010BD00F00F
S214037AC0AFFDD4F8F430002BF6D1F4E7EFF0030063
S214037AD05C750020084B10B4002A14BF14461C46DD
S214037AE0064B1C6019B15DF8044B07F00DBB084646
S214037AF05DF8044B704700BFEFF003005C75002091
S214037B0008B502460868FFF78DFF08604868FFF768
S214037B1089FF48608868FFF785FF8860C868FFF7B5
S214037B2081FF0B69C860581C03D00B48834228BFEB
S214037B3003460B614B69581C03D00748834228BF92
S214037B40034688694B61FFF76DFFBDE8084088610F
S214037B50104601F077BC00BF40420F00D0F8EC306F
S214037B602DE9F04105460C4613B1C38D8B424CD02C
S214037B70D5F8E830002B4BD09E68002E48D0D86846
S214037B80002845D0013800B200281ADB002106E0A1
S214037B90128A591CA24217D209B2884211DB0B186B
S214037BA003EBD3735B1003EBC30206EB8202B2F85C
S214037BB00EC003F1FF3EA445EAD90FFA8EF08842C1
S214037BC0EDDA2120BDE8F0814FF6FF7299B29142BB
S214037BD0F7D09BB203EBC30306EB83062846B6F93E
S214037BE0122095F83C11D5F8FC80D7F72BF80746FA
S214037BF0B8F1000F04D00023324628461946C04782
S214037C00EC85C5F8EC6085F845710020BDE8F08189
S214037C100E20BDE8F08100BF2DE9F04782B0044690
S214037C200F46164601F0A6FC002840F09C80654DE2
S214037C302B68D4F8E890D4F8EC8013B14B4500F0E9
S214037C409F804FF0000AAF6002F0E2F80128074673
S214037C5004D001210022084607F018FA204607F050
S214037C6032FE002858D12B68D9F80010D8F8002027
S214037C701BB11868884200F09080204607F0F4FD98
S214037C80BAF1000F11D086B9204601F0D1FE0546A1
S214037C90D4F89830002B38D1012F02D0002D66D1AE
S214037CA00025284602B0BDE8F087474BC5F800908C
S214037CB01A78C5F804808DF80760002A3BD1D4F8FB
S214037CC0FC50002D71D0114620460DF10703A8473E
S214037CD0204601F0ADFE0546BAF1000F40D1B5FAD5
S214037CE085F040F205423321400900F09DF9314604
S214037CF0204601F093FF354B05461B684146204658
S214037D009847D4F89830002BC6D000224FF400735F
S214037D10204600F095FCBFE794F82530DA07A2D595
S214037D20D4F8A0305B059ED5294B012200212046BE
S214037D301B68984797E7D4F8EC30B4F9461023B19C
S214037D40B3F912309942A8BF19463246204601F0CD
S214037D50C3FD204601F06CFE0546BAF1000FBED007
S214037D60002EBCD194E70023164D6B6060E7194BD9
S214037D7000215B6803209847284602B0BDE8F087D9
S214037D806B68002B3FF45DAF43457FF45AAFAB6897
S214037D909F4285D04FF0010A55E7696819B1096813
S214037DA091423FF46DAF596867E794F82A1094F848
S214037DB045313246994228BF1946204601F052FD06
S214037DC086E700BF4C750020AC4704005C750020B6
S214037DD04072002064750020F8B50F46054608F08B
S214037DE024FB394606462846FFF7B8FE044620B16C
S214037DF0304608F015FB2046F8BD01F0E5FF2246A5
S214037E0039462846FFF708FF04460028F0D12846DF
S214037E1007F059FD0028EBD095F8253013F0010341
S214037E200DD0D5F8A02052050DD5B5F83621BA42A7
S214037E3005D0B5F83831DB1BB3FA83F35B09034A85
S214037E4082F8C430D4E72346F9E700BF001E00B02B
S214037E5070B504460E4608F0E8FA31460546204655
S214037E60FFF7BAFF044620B9044B01465B680320BC
S214037E709847284608F0D4FA204670BD647500205B
S214037E8070B5044600200D4607F050FE094B1B78DC
S214037E904BB9D4F8FC6036B129462046B446BDE853
S214037EA070401A46604729462046BDE8704007F0F2
S214037EB0CABC00BFAC47040013B56946044607F0C6
S214037EC099F90C4B1B783BB19DF800300C2B03D073
S214037ED0B4F94C0002B010BD204607F0BCFBFF28E7
S214037EE0024605D020469DF80010D6F7ADFEF1E712
S214037EF00148EFE7AC4704000080FFFF30B4064DAF
S214037F00BDF908402D781DB1029430BC07F09EBC25
S214037F100E2030BC704700BF4D730020F0B50746F7
S214037F200E46154685B00AB9D0F898502946384605
S214037F3007F070F9EB0702D5384604F02FFE02F07F
S214037F40F9F8EC46254B04460FCB05F480358CE850
S214037F500F00002E2ED0FF2C0DD1336800937368CC
S214037F60019385B1009B01332ED1224661463846E4
S214037F7007F032F80CE056F8242004AB03EB840336
S214037F8043F8102CD5B922466146384607F03EFD25
S214037F9070B96EB1FF2C0FBF009B04AB03EB8403D9
S214037FA053F8103C05BF3360019B46F824307360DA
S214037FB005B0F0BD002DE6D0FF2CD3D004AB03EB09
S214037FC0840353F8103C00E0019B0133CDD02246D6
S214037FD06146384607F038FDDAE700BF7C490400FF
S214037FE008B50B460249194007F006F9002008BDFC
S214037FF007001100024B1860024B1960FEE700BF32
S214038000007200206075002038B5044D044C054B03
S214038010286021601A60FFF7EDFF38BD007200206C
S214038020607500200472002010B550B90548064B51
S2140380300160064802601868054B18601868FFF769
S214038040E3FF10BD60750020E46F0020047200207B
S21403805000720020054B1B680BB918467047834215
S21403806001D01B69F8E70120704700BF0C7200209F
S214038070094A13680BB918467047834207D11B6930
S21403808001201360054A1368013B1360704703F130
S21403809010021B69EEE700BF0C7200200872002076
S2140380A02DE9F74F064608F0C9F9DFF828810123C2
S2140380B098F800B0DFF820910190BBF1000F06D0CE
S2140380C089F8003003B0BDE8F04F08F0B2B93F4F6F
S2140380D088F8003089F800B007F0B3F908B107F064
S2140380E0AEF93D683A495DB9DFF8F0A0DAF800204A
S2140380F00024AA423B682ED84FF0FF3134483AE0BA
S2140381006B7D8BB12B68B34202D09A1B8A420BD984
S2140381106A6813442B60AB68003A18BF0122003B21
S21403812018BF01236A75AB752D69DCE7907D20B116
S214038130107D88429CBF014614461269002AF5D179
S214038140002CD9D094E80B00A275411AE2682046A9
S21403815098470135CAE71A46FF21EFE75A7D4AB129
S2140381601A68B24224D0921B824221D8914201D38C
S21403817011461C461B69002BF0D15CB12046FFF765
S21403818077FF38B13B683C602361DAF8003001338F
S214038190CAF800303B685A7D6AB907F04EF90646BE
S2140381A099F80030002B95D1019888F8003089E7BC
S2140381B01C460021DEE7186800F0D2F8044607F0F4
S2140381C03CF90646002C85D1EAE700BF0C72002076
S2140381D0FCFFFFBF46730020457300200872002093
S2140381E038B5054608B31822002106F092FB08F0BE
S2140381F025F902462846FFF72DFF20B1104608F062
S21403820018F9022038BD0A4B1C6854B909491D6089
S2140382100B68104601332C610B6008F00AF9204600
S214038220F0E704F110032469EFE72120EAE700BF33
S2140382300C7200200872002038B50446FFF70AFFC8
S21403824008F0FCF805462046FFF704FF637D23B9D4
S214038250284608F0EEF80E2038BD00236375064B5B
S2140382601B68A34203D107F0E8F8FFF719FF284677
S21403827008F0DFF80020EFE70C7200202DE9F84F36
S214038280DDF82890984604460D469246FFF7E2FE30
S214038290DDF830B008F0D2F8074607F0CEF8064609
S2140382A02046FFF7D7FE637D23B12046FFF7C4FFC2
S2140382B00023A375BAF1010F21D175B9B8F1000FE8
S2140382C01FD1B9F1000F03D05A4631462046C8479E
S2140382D0384608F0AEF8002017E035440C4BAA1BCE
S2140382E09A420ED8012363759DF82C30304684E8F5
S2140382F020032375C4F80CB0FFF7D2FEE8E7AE42BE
S214038300ECD1384608F095F82120BDE8F88F00BF79
S214038310FCFFFFBF2DE9F04107468846FFF79AFEAC
S21403832008F08CF83D68064607F087F87B7D7BB13E
S21403833085420DD0094B2C1A9C4209D8304608F0CA
S21403834078F8B8F1010F08BF25462846BDE8F08146
S214038350304608F06EF80025F7E700BFFCFFFFBFC6
S2140383600023024A194600F055BA00BF05F403007D
S2140383702DE9F0418AB001AB0C4605462422184687
S214038380134906F0E5FC0027002C08BF04463846D0
S21403839004F10C0690B95FFA87F84246284621880E
S2140383A007F094FA50B942462846E18807F09FFA48
S2140383B020B942463146284607F0ACFA0137032F68
S2140383C006F1080604F10204E4D10AB0BDE8F08120
S2140383D0B0490400F0B589B005460E4607F0B2FA78
S2140383E0044600BB01AC06F10C070FCF0FC497E899
S2140383F0070084E8070001A92846FFF781FB284603
S214038400311D06F019FF044648B92846074900F00F
S214038410DBFF044618B9284601F08CFD04462846BF
S2140384203168FFF7A5FF204609B0F0BDA849040050
S214038430024B0022196807F008B800BF544A04002C
S214038440024BD868C0F30360704700BF000002B851
S2140384502DE9FF478F7881460F2F0D4603D921203C
S21403846004B0BDE8F08727B90123404A0020137003
S214038470F6E70E784C7826BB002CF0D1E88803F09C
S2140384801BF9C30943EA4163C01A61EBD11103F038
S21403849047F9FF288046E2D056EA0403A888DFF8A7
S2140384A0DCA013D003F0AEF94FF60403BAF80020AD
S2140384B001469A4254D1B442234638BF3346002479
S2140384C031E0082ECBD8082CC9D8D7E703F09AF9A1
S2140384D04FF60403BAF8002001469A4208D1244B0B
S2140384E01B6E9BB2934208BF4FF60503AAF80030F3
S2140384F0B1F5803F1E4B0FD902221A668022C3F8BD
S2140385008020082301241E4649084FF6FF720139CE
S214038510914228BF114608E0012480221C66C3F856
S214038520802008231E460029EFD100220292012252
S214038530013FFFB200920197324609F5827002F0BE
S214038540F1FF1CB14FF480120A4B5A65404695F969
S214038550031003F001F9084BAA681A60022384E7A4
S21403856003480266AAF80030A5E700BF4773002059
S21403857000C001B800D001B81C7200209875002016
S21403858010B5054C237823B103F026FE0020207097
S21403859010BD0E20FCE700BF4973002008B503F0AA
S2140385A005FE0122014B00201A7008BD4973002006
S2140385B0F8B504460F46164607F037FF0546A047AC
S2140385C0044620B1284607F02BFF2046F8BD05F0E9
S2140385D0FDFD04220549D1F8D83E23EA07033343B9
S2140385E0C1F8D83E024B1A67ECE700BF001000B094
S2140385F0002002B800F01803182B0AD003070AD489
S21403860040F2011310F0100018BF1846034B18650C
S21403861070470020FAE70120F8E700BF001F00B00C
S21403862038B10368044A002B08BF1346034A136095
S2140386307047014BFAE700BF0FF50300747500207F
S21403864010B4D0E9584122400B4052EA030104D04B
S21403865003495DF8044B096808475DF8044B704707
S214038660747500200F2938B505460C460ED801F060
S214038670CFFB01280CD1074A2846D36B23F00F0300
S2140386802343D36307F0B3F9002038BD2120FCE76A
S2140386900220FAE7001F00B008B50E4B1A6F12F05F
S2140386A0A00F01D0002008BD5B6F5B070FD40A4BF9
S2140386B0D3F8D83E23F07F4323F0FF033BB1FFF705
S2140386C0BFFE0928EED00C3818BF0120EBE70120C7
S2140386D0E9E700BF000002B8001000B070B50D4611
S2140386E0064620B91A4B1B68CBB10E2016E001F0E4
S2140386F08FFB01282AD1174BD6F8F00093F90040D8
S21403870007F06EF8C4F11C04241A641BC4F11C039E
S214038710002BB8BF5B42232B0CDD212070BD81EA02
S214038720E173A3EBE173DBB2232BF6D8094B197085
S2140387300020F3E786F8285007F077FE054660B278
S21403874000F0DEFF284607F06BFEF1E70220E5E7C0
S214038750E46F00204873002010B5044607F0B3F812
S21403876010B1012001F0D6FB204601F0EBFA07F02A
S2140387705CFE0A4A0121D2F8A030044623F0200307
S214038780C2F8A0300222064B08469A60054B5B6887
S2140387909847204607F044FE002010BD001E00B098
S2140387A0001002B86475002008B506F0B1FE8022FA
S2140387B0024BD864024B1A6108BD00BF001F00B00D
S2140387C0000002B8014B1868704700BF28720020EB
S2140387D037B507F02AFE0123002200240093002366
S2140387E0054619461046019405F008FB022002F0E0
S2140387F08DFD064B21461C60054B02205B6898479F
S214038800284607F00DFE204603B030BD3072002028
S214038810647500202DE9FF4102290D461646984649
S214038820039004D1FFF7D4FF04B0BDE8F08107F04E
S214038830FCFD1E4F04463B683BB1B34205D007F030
S214038840EFFD002321203B60EEE7194B0022C3F81F
S21403885000803E60002301264FF0000810461946AC
S2140388600196009605F0CAFA124B022083F80080A0
S21403887002F04CFD43462A46022003A902F064FD9B
S2140388800D4B039A1A6008B92046D8E70B4D2B68A0
S2140388909847212804D0204607F0C2FD0020C3E7EE
S2140388A031466B6802209847F5E700BF3072002018
S2140388B02C7200204B730020287200206475002061
S2140388C0044B5B6E5B054EBF0120034B187800F02C
S2140388D00100704700C001B84B73002090F82730A2
S2140388E0023B022B05D84B7CDBB1012B1BD0022BA2
S2140388F015D0D0F868311B0606D5D0F8A4300D2B5A
S21403890004D18B8A1A2B10D806F07DBE0F2B03D00A
S214038910102BF6D0112BF7D18B8A1A2BF4D90448D7
S214038920704704487047044870470448704700BFC0
S21403893040420F0020A1070048E8010080841E0083
S2140389400A78022A11D0101F4242424152004B7845
S2140389501201022B0BD0191F4B424B415B000549FA
S214038960054842EA8312FFF723BE0122EFE70123FD
S214038970F5E700BFF0FFFF00599E03000B78022BBC
S21403898010D0181F434243415B004A78022A0BD09B
S214038990111F4A424A4152000F21044843EA820209
S2140389A0FFF706BE0123F0E70122F5E7859E0300E5
S2140389B0D0F8B43010B5994204460ED0C0F8B410BF
S2140389C002F058F90649A4F840010123054AD1F8F4
S2140389D0FC1004F5827004F0AFF9002010BD00BF50
S2140389E0001F00B0581F00B02DE9F74304460F469A
S2140389F015461E46FFF750FE30B3A38A23B3204620
S214038A0006F07CFC78B9002E40F0E880744BD3F86F
S214038A10D83E03F03002102A00F0E08003F0C003D3
S214038A20402B00F0DB80DFF8E481D8F81430D90758
S214038A3040F1D48007F0F9FC0646032002F068FDF7
S214038A4030B1304607F0ECFC022003B0BDE8F083FB
S214038A50D8F8142012F00608F3D1304607F0E0FCED
S214038A605F4B4FF400612046D3F8D89ED3F8AC6E24
S214038A7005F018FD40B14FF400720121594B08462A
S214038A801A67424606F002FB94F82530DA0707D544
S214038A90D4F8A0305B0542BF4FF40022524B1A674E
S214038AA039462046FFF798F94D4BC3F8D89EC3F8CE
S214038AB0AC6E0028C9D194F82430980601D4002D52
S214038AC04DD0C5F3400004F0D9FB022315F4807F94
S214038AD01BBF0021444A434A136717BF434A136721
S214038AE05161136305F072FB4FF4806315F0040FB6
S214038AF014BF3F4A3F4A3B4E53620423284633671C
S214038B00FFF778FD204606F0C8FD38B14FF48073B2
S214038B1015F0010F16BF344A33671367A90647D506
S214038B204FF6FF72B4F8403093420FD0324A3349BF
S214038B30526E100CC2F301120132B3FBF2F308803B
S214038B402B4A2C492E481B0448665366003D18BF23
S214038B50012594F8243065F3451384F82430204621
S214038B6006F0B1FEF0B1204606F097FDD0B14FF403
S214038B700031204605F096FC431C03229BB2214895
S214038B8001A906F0C6FF9DF8042002F00703052B93
S214038B909DF8053015D112070DD443F480731A4A95
S214038BA0C2F8B830002003B0BDE8F04306F0BEBFFD
S214038BB001F0EAF8CAE713F0040F09D19DF806306E
S214038BC0EBE703F03002202A05D113F0010FF4E798
S214038BD04FF48073E3E79DF80630E0E70E2034E7B2
S214038BE0001000B0002002B8001002B80040005485
S214038BF0005001B8006001B8004001B89A75002023
S214038C000000FFFF08400054001E00B000C001B87B
S214038C102DE9F3410646884615461F4607F005FC30
S214038C200446032002F074FC38B1204607F0F8FB34
S214038C300E24204602B0BDE8F081042002F068FC52
S214038C400028F2D1204607F0EBFB01232A464146D3
S214038C503046FFF7C9FE04460028EAD1DFF8C8808D
S214038C6077B188F8000039463046FFF7F1FB002855
S214038C704BD198F80030012B08D104F015FAD8E749
S214038C8098F80030002BF4D12124D2E72022204B81
S214038C9001201A671F4BDB6CB3F5817F22BF80224E
S214038CA01D4B1A6106F08AFF07F0BFFB1B4B0646F7
S214038CB01B6801935BB902F087FC15F0800518D199
S214038CC0012002F0DDFC284604F0D8F917E0042062
S214038CD002F01CFB00230122042001A902F034FB4E
S214038CE00028E8D104F004FB2124304607F098FB63
S214038CF09FE700220A4B01209A6702F0C1FC094B4A
S214038D0001215B6800209847EFE7044691E700BF20
S214038D10001002B8001F00B0000002B81C7200204A
S214038D2000C001B8647500204773002010B50C46D8
S214038D3019B106F0C8FD00B10434204602F062FD06
S214038D40024B4042C3F8C80E002010BD001000B00E
S214038D50838E70B593420C4615461CD3036D8B4227
S214038D6008BF002407F061FB0646FFF769FBC31F35
S214038D70DBB2022B01D90C2803D1084B1B6F9B03D4
S214038D8004D401222946204601F0A0FA304607F013
S214038D9047FB002070BD2120FCE700BF000002B89F
S214038DA02DE9F0470B460746164611B92120BDE8C4
S214038DB0F087002AFAD0032905D8002201F0E8FB41
S214038DC003460028F2D01C889978B4F5804F01F04A
S214038DD0070080F0C780A0F1070C1A7993F805A066
S214038DE0DD88DCF1000343EB0C030528337394BFE3
S214038DF00023C1F30013C1F3801C73738B0986F839
S214038E0010C003F00203C1F3C00C43EA0C03C1F322
S214038E1040117374B174B582002A40F0868097F8C7
S214038E202A31013BDBB2F374D7F8A030DD0600F13C
S214038E3085800638012800F28180B7F81280D7F8BB
S214038E401C9008F1FF38484B083C04EA08045B6DA5
S214038E5019F804300020802B0EBF6FF07F03323BDF
S214038E605BB2B373B06097F827300134FF2B04EA84
S214038E70080435D1631D03EA08035A1C02EA0802F4
S214038E8019F8022019F8033043EA0223D9041DB265
S214038E904DD5D7F8F03013B11B68022B05D841F235
S214038EA012324C210020FFF7BFF8D7F8F030C5F395
S214038EB00B0093F82430C0000BB1B0FBF3F08245EF
S214038EC03AD838B1CAEB0A2ABAFBF0FA6FEA0A0AAA
S214038ED05FFA8AF0D7F8F83013B196F90E10984770
S214038EE0631CF07303EA080319F80310013303EA5B
S214038EF0080319F80320013303EA080341EA0221B1
S214038F0019F80320013303EA080319F8030041EABA
S214038F100241002341EA0061727C384603F0BCFF3D
S214038F2006233060B371002041E7531E7AE719F831
S214038F3004004000C0B2CDE70020CBE700230020AA
S214038F40F3730A4B5A69C2F30723120448BF63F04C
S214038F50FF035AB212F1800F1CBF323B5AB2B273F0
S214038F600346DEE7022022E7004000B800C000B850
S214038F7038B50546084B808A9C6A41F25F42C4F3C3
S214038F800C04A04234BF002001200821FFF74CF850
S214038F90A88A001B80B238BD0040005470B5064650
S214038FA00D4614466BB106F05DFCB08AA04228BF9E
S214038FB0204684B222462946034801F031F920466A
S214038FC070BDFFF7D5FFF1E70840005438B51488A5
S214038FD011F003054FEAC40422D13F2C20D9B4FA7A
S214038FE084F4C4F11903DBB2052B01D8192C15D070
S214038FF0052B28BF052301240633DBB29C40C4F3AC
S214039000CF03138003828161448701F087F9054A01
S214039010631E2343C2F8A430284638BD2B46EAE72E
S2140390202125F9E7001E00B0082310B1024A136792
S2140390307047024AFBE700BF001002B8002002B8E0
S2140390402DE9F743DDF828800746894616461D4670
S21403905007F0EBF90446032002F05AFA38B120462B
S21403906007F0DEF90E24204603B0BDE8F0834D4B2F
S21403907020465B6913F0060FF2D107F0D1F90123FE
S214039080324649463846FFF7AFFC04460028EAD185
S214039090002D74D0B8F1000F71D0434C2368002B19
S2140390A044DB206804224FF43C51D4F747FD206884
S2140390B0A4220021D4F76CFD4FF48072394B41464D
S2140390C038469A65FFF7C4F904460028CBD1374BD8
S2140390D01B78012B53D02022354B01201A67354BC2
S2140390E0DB6CB3F5817F22BF8022334B1A6106F017
S2140390F065FD07F09AF9314A80461368E3B129689B
S2140391002C790B4413600193B3B1042002F0FEF8EC
S21403911000232246042001A902F016F960B904F0E0
S214039120E7F82124404607F07BF99CE7D4F714FDC3
S21403913000282060B5DA95E702F046FA16F08000BC
S2140391401FD00022174B9A676879431E584258412E
S214039150FFF76AFF2A792B68012AD7F8141101D181
S2140391608B4211D35B1A01930320082301A902F053
S214039170EBF858B904F0BCF8404607F051F921243F
S21403918071E703F07BFFDFE70023ECE70C4D2B686A
S214039190984721280446C5D1012100206B689847CB
S2140391A00024BFE700C001B86C7500204773002099
S2140391B0001002B8001F00B0000002B81C720020A6
S2140391C064750020054A12681AB190F82A1119B975
S2140391D01047084602F0D2BD0148704714720020BB
S2140391E000FEFFFF374B2DE9F7431C6801F40079B7
S2140391F000F00103174653EA090206460D463AD025
S2140392004FF0000863B30023002200210120CDF8AD
S2140392100480CDF8008004F0F1FD042002F076F817
S21403922041462046FFF7CEFF012241462086DFF85F
S214039230A880104605F02AFFD4F8A01094F827005B
S21403924002F04AFED8F8000000F0A8F94FF0FF330A
S214039250C8F8003094F8243043F0040384F824302C
S214039260B9F1000F07D00121204606F04EFD25F484
S214039270007506430D432B4632462046FFF7E0F9BA
S214039280FB070FD51049114A0868002113681160BF
S21403929001210F4A117003B198470E4B002102209B
S2140392A05B68984717F00E0F08D040F2C7123B21B1
S2140392B0002003B0BDE8F043FEF7B6BE03B0BDE83A
S2140392C0F08300BFE46F00202C7200203072002071
S2140392D04B730020647500207075002008B5482283
S2140392E00021024805F015FB002008BDDC1E00B077
S2140392F073B52F4A2F49137809784FF0FF350B4380
S21403930078211370A0F8201164228221C0E9462236
S214039310C0E94412C0F80C216FF47C42C2624FF4D9
S21403932000420C23A0F846200722002680F83C3192
S2140393304FF6FF730446C28700F1540202651E4AC5
S214039340A0F84030438642630387C384C0F8B45012
S214039350458580F8286003F053FE2046FFF7BEFFDE
S21403936094F928102046FFF7B9F9602340F6FF71F9
S214039370124A2046D36402F11C42D162D165104AD8
S2140393802946D36440220F4B1A67D4F8A02006F070
S21403939015F90E2300220193009340F20223104690
S2140393A0194604F02BFD01F01BFB304602B070BDDE
S2140393B04D730020AC4704004000FFFF004000B898
S2140393C0005000B8002002B810B50C46FFF786FF21
S2140393D0BCB1A378082B16D8E278082A13D843EA38
S2140393E0021313F0FF030CBF19466168074AC2F85D
S2140393F0DC10217882F82011617882F8233182F814
S2140394002111002010BD2120FCE700BF001E00B084
S214039410012A10B512D8032B10D803EB82020123BE
S214039420074C934094F82201DBB221B1034300209A
S21403943084F8223110BD20EA0303F8E72120F9E778
S214039440001E00B0034670B50C68B0F84021013426
S21403945008BFD3F80C418D6808BF0C604C6800F554
S2140394608270013404BFD3F818414C606E1C40D19F
S214039470D3F81441CE688C60751C40D1D3F81051D4
S2140394800E69CD60013604BFD3F804610E614E69E0
S214039490013604BFD3F808614E618E69013604BFF6
S2140394A0D3F81C618E618E697EB35A32B24238BFDE
S2140394B032460E688A6116B15A2E38BF5A26C3F84A
S2140394C014414C68C3F81C210A69C3F80C61C3F83D
S2140394D004214A690E49C3F81051C3F81841C3F86A
S2140394E00821D1F8FC1007230A4A03F025FC0020C4
S2140394F070BD02F15A04AC4238BF2C46BAE702F1FB
S2140395007805B54238BF3546BAE76422D1E700BFCF
S214039510001F00B0581F00B038B5054C054B417806
S21403952000782568236002F0F1FD00B1256038BDA0
S21403953034720020DC490400074B1B684BB100283B
S214039540064B08BF0023064A1360064B187000201C
S21403955070470220704700BF34720020D4490400CD
S214039560387200204C730020014B1878704700BFF8
S2140395704C7300204FF40022034B186F03F500537F
S2140395801A67C0F3C0407047000002B8024B586920
S21403959000F00100704700BF00C001B8431C07D0AD
S2140395A06FF0FF02034B10401A62A3F58053186254
S2140395B0704700BF00E000B8014B186C704700BF4F
S2140395C0001F00B0014B002019647047001F00B055
S2140395D003282DE9F74F0C46914679D83D4B13F8EF
S2140395E000A03D4B1E5C3D4B13F800B006F01DFF7C
S2140395F0804604F0B5FD074640B1002300220193E0
S214039600009301200023002104F0F8FB04F0B0FDD2
S21403961048B10023002201930093002000234FF457
S214039620004104F0EBFB002E45D02D4BDD6C05F01E
S21403963008050AEB06002B4B23305844DD64C0B202
S21403964001F0B0FD3146504604F0D8FD5A46314687
S214039650504604F041FE244BDD6477B1234B1B6870
S214039660D3F8A01093F8270002F036FC20490868C8
S214039670FFF794FF4FF0FF330B60B9F1000F04D0F0
S2140396801C4B002103205B689847B4B14FF48062FB
S214039690194B1D6F03F50053C5F380251A67404623
S2140396A006F0BEFE00F0B4FB012808D15DB9002029
S2140396B003B0BDE8F08F3546BBE72546EFE7002C41
S2140396C0F0D10520F4E74FF480620C4B1A67EEE7FF
S2140396D02120EDE7F4490400F0490400EC490400B6
S2140396E0004000B8006000B8005000B8E46F0020E7
S2140396F0707500206475002000C001B800D001B862
S214039700054AC002D36900F4FF2023F4FF2318435D
S214039710D0610020704700BF00C000B8064B5A6AED
S214039720920207D4D3F8803013F4706F14BF01206D
S2140397300020704701207047004001B8F8B5144672
S2140397400E4601F00B0323EA02013F4A2340D1648D
S214039750A2F58052D3647207054610D50121FFF7A0
S214039760DDFF60B104F032FD4FF4007314F0040F14
S21403977014BF364A364A53620422364B1A67F30638
S21403978006D514F0100F14BF00221B22324B5A6565
S214039790370618D5200611D54FF400122B4B1A6244
S2140397A006F043FE0E210746032002F0C7FA40F2F6
S2140397B00122294B3846DA6206F032FE214695F836
S2140397C0270002F089FBF10503D5E20525D502F053
S2140397D04BFBB30503D5A70522D502F051FB16F4C0
S2140397E08C6F18D014F480621FD095F82530DC07F0
S2140397F00CD5EA8DB5F83631934214D0B5F8383126
S214039800981A43424341154A82F8C4302846D5F88D
S214039810F010FEF7C9FF0020F8BD02F01FFBD8E7E3
S21403982002F028FBDBE70123EDE77105EED595F89B
S2140398302530DB07EAD5094B114683F8C420084BCD
S21403984028461B689847E1E7006000B8005001B857
S214039850006001B8002002B8004000B8001E00B047
S21403986040720020F8B5054690F83C010C460C28DB
S214039870164628D0FF2928D01AB14FF0FF32144BD2
S2140398801A6006F081F9074695F83C0101F0ECF8FA
S214039890844228BF0446E4B2BC4238BF3C46E0B22A
S2140398A085F82B0001F088F90A4B1B784BB9FF2883
S2140398B014BF0024212416B9284601F0E9F82046EF
S2140398C0F8BD0024F7E70224F9E72124F7E700BFF1
S2140398D078750020AC4704007FB51C4B04461B7804
S2140398E00E4615460BB3D0F8EC306BB302AAB3F9A9
S2140398F0123000920022D5F749F902992046C1F3A7
S214039900813105F07CFF70B9BDF90C30029902462F
S2140399100093C1F30D0103462046FEF7EFFA2946EE
S214039920204606F03BF904B070BD02A905F062FCC0
S21403993032469DF808102046D5F784F92A46014694
S2140399402046FFF78FFFEEE71846ECE7AC47040028
S214039950F8B50D4690F83C1104460C29174603D17A
S2140399602E4B1B78002B50D02A462046A4F8465090
S214039970D5F768F9D4F8EC3084F82A00002B40D0E9
S214039980274A1678D4F8FC204EB1002A3FD1B4F902
S2140399904600B3F91210884206DC002607E0B2BB85
S2140399A094F84521824202D20126B3F912500022CE
S2140399B02946204684F82D70FFF78EFF00BB76B14C
S2140399C0C4F8EC00204605F0DEFB4FF6FF73984222
S2140399D0014614D02046BDE8F840FEF7FDB9114B0A
S2140399E01B78022B0BD8204601F044F90E490123BD
S2140399F00E4AD1F8FC1004F5827003F09DF900209E
S214039A00F8BDFF2384F82B30F9E70220F8E7B4F912
S214039A104210B3F912209142BEE700BFAC470400E0
S214039A204D7300209C750020001F00B0581F00B027
S214039A30D0F8A830012B01D10020704770B504463A
S214039A4063498CB006F0DEF8D4F8EC600146E58D89
S214039A50C4F8F00026B1336813B15B68002B6CD1F1
S214039A6006F0E3FC06F0DCFC0123D4F8F0108DF8D6
S214039A700630B389B0687268EB1A9BB200FB032208
S214039A805448ADF80430036800928B4202D0204657
S214039A90FEF78AFE504D00F0BBF90128FBD1AB68F8
S214039AA09E06F8D420469DF80620009906AB02F0E1
S214039AB03BFE00283ED100F0ABF90128FBD1464A15
S214039AC0136FD801FCD493689906F9D4684606A99F
S214039AD002F0E2FF054668BBE28D404B5A6494F8F9
S214039AE0243060F3410384F8243000F023FBD4F8D9
S214039AF0EC305969431E0E68DBB2FD2B029622D961
S214039B00F31C34D84B68FF2803935ED10126DA1C76
S214039B1025D8024602A9204605F096FFE6B9D4F8F2
S214039B20643199053FD494F8243043F0020384F853
S214039B30243011E002200CB070BD1A68032A8FD9B6
S214039B409B6A5B0E93E74B6801280393DED00246BD
S214039B50204602A905F078FF00200CB070BD013343
S214039B601F4B5B6816D0DA1C23D80393D1E71C4B34
S214039B7001361B6818BF0126DD1C06D802934B6806
S214039B80FF280393C3D00020C3E7FF284B6819D0F0
S214039B900393C3E7DD1C0FD80246204602A90393AE
S214039BA005F052FFBBE720464FF4803106F0ADF8D0
S214039BB0D2E7FF28B2D1E6E7FF28B0D1002220463D
S214039BC002A9EDE701200393A1E72A46C0E700BFF9
S214039BD0FC1F00B018720020000002B8008001B815
S214039BE08075002010B5042301240A4A0A49D1F8D7
S214039BF0EC00C2F8EC30C2F8E0300C634FF40051CE
S214039C00D162410742BFC2F8E030A2F58052C2F8E3
S214039C10EC3010BD0060005400400054F8B5044614
S214039C200E4619B990F8243059064BD44FF6FF73F5
S214039C30618ED4F8F070994204D0374B1B680BB191
S214039C4020469847354D2B68BB4259D0344B1B688A
S214039C503BB11FB13A68002A54D0BF683946204644
S214039C6098470727204601F005F8002E3ED0062029
S214039C7001262C4B94F9282093F900302A49C3F186
S214039C801C039B1ACA69DB0222F4FF2203F4FF2398
S214039C901343CB61D4F8F030244A2B60244B9067EF
S214039CA020461E7005F0A3FE224B1B6F5A0203D4F8
S214039CB0D4F8A0301B0603D54FF400121E4B1A62CD
S214039CC00020F8BD4FF6FF71144DD0F8F0702A68E7
S214039CD066F386139742418680F8243017D0104BDC
S214039CE01B68002BB5D100F0C5FF072713493B4679
S214039CF0134AD1F8FC1004F5827003F01DF8B6E79A
S214039D000127AFE71746204639469847A9E700F0EC
S214039D10B1FF0127EAE700BF247200201872002073
S214039D20207200204873002000C000B8006000B80E
S214039D304A730020000002B8005001B8001F00B0AC
S214039D40581F00B010B50446D0F824210B4B4FF42F
S214039D500061C3F8A82090F82420D20102F4006220
S214039D6004F08CFB94F8243013F0100F4FF40073B8
S214039D7014BF034A034A136710BD00BF001E00B09A
S214039D80001002B8002002B838B506F04EFB4FF6B6
S214039D90FF710A4A13888B4203D106F041FB0E205B
S214039DA038BD074C074D1B046566A4F580546366EF
S214039DB0118006F035FB0020F2E700BF9A750020FD
S214039DC0006001B80000FFFF08B50D4BD3F84C2127
S214039DD0531C13D012F0804210D10A4B1B681BB1E0
S214039DE011460320FFF7F4FB4FF080624FF4007137
S214039DF0054BDA67054AD16201225A6108BD00BFE6
S214039E000080E00FE46F0020001002B8004000B8A6
S214039E100F4BDB68C3F30363013B0B2B0FD8DFE861
S214039E2003F006060C06060606080A0808080220BB
S214039E307047042070470520704703207047054B82
S214039E405B6913F0060F0CBF01200420704700BFA8
S214039E50000002B800C001B8094AD368C3F303631D
S214039E600B2B08D06FF49050184100F0010080F0DF
S214039E70010040007047106F10F48030EDD170473A
S214039E80000002B80C4AD368C3F30363062B07D853
S214039E90042BD8B20BD8C31E584258414000704713
S214039EA0072B06D1D2F830010028ECD170470220E8
S214039EB070470020704700BF000002B8094BDB68FC
S214039EC0C3F303639A1E012A8CBF00220122012BCF
S214039ED002701EBF4FF4026222FA03F303F001037B
S214039EE00B707047000002B8094AD368C3F30363D4
S214039EF0032B01D0072B08D1536FDB0605D4906FD5
S214039F0080F00800C0F3C00070470020704700BF11
S214039F10000002B8024B1B6803B11847704700BF26
S214039F204C720020024B1B6803B11847704700BFF2
S214039F304872002010B5FF224FF6FF71044605F065
S214039F40C5FC68B9FF224FF6FF71204605F0CFFC2B
S214039F5030B92046BDE81040FF22024905F0DABCBE
S214039F6010BD00BFF84904002DE9F0411C46184B0C
S214039F7005461E680F46904646B1306801F008FE57
S214039F80F3681BB1B368186801F002FE114B1B6837
S214039F902BB1DA681AB19B68186801F0F9FD9DF8D1
S214039FA01830640744EA08425B0503F0BC6342EAE0
S214039FB0C7621A432846084942F4C87204F05EFA98
S214039FC0002228461146FEF7C3FE0020BDE8F081B6
S214039FD0504A0400544A04009007E12D08B5FFF7E1
S214039FE083FF88B1094BDA6912030DD5186F10F495
S214039FF0003009D19B6F13F0100F4FF010030CBF06
S21403A000034A044A936708BD0220FCE7000002B82F
S21403A010001002B8002002B838B50546FFF764FF03
S21403A02098B10B4B1C6F14F400340ED10220094B6D
S21403A030094A1B681B6D90672246AB4214BF28462D
S21403A040002000F043F9204638BD0224FBE700BF9A
S21403A050000002B8E46F0020001002B8431EDBB213
S21403A060FD2B14D9FF280B6801D14A68134313F05C
S21403A070802F1EBF42F20102074BC3F8282251F875
S21403A0802020054BC3F85022C3F8542270470128FA
S21403A090F5D10023E9E700BF004001B8F0B585B06D
S21403A0A06D460E460F4B074614460FCB85E80F004A
S21403A0B00D4BD3F848020090D3F84C2201923EB1E0
S21403A0C0631EDBB2FD2B0AD93060FF2C00D1726011
S21403A0D022462946384605F0B7FC05B0F0BD012CEC
S21403A0E0F4E700BF004A04000080E00F30B50C4BD5
S21403A0F00546187085B0082380B90A4AC2F8FC33AF
S21403A10051B96C46084B0FCB84E80F00074B2A4621
S21403A11021461868FFF7C2FF05B030BD044AEDE7D5
S21403A120A3750020001002B8104A0400E46F002054
S21403A130002002B8014B1878704700BFA3750020B3
S21403A140124BD3F8E020D2031ED54FF480321049C9
S21403A150C1F8E020A1F58051C1F8EC201A6CD1B209
S21403A160C2F30722C3F88010C3F880200422C3F882
S21403A17080200022C3F88020C3F88020C3F8802004
S21403A180C3F88020C3F88020704700BF0040005407
S21403A19000600054F0220A4B01219A64A022A3F522
S21403A1A080539A64074B026DC3F8C010FC21C3F8B2
S21403A1B09810C3F89C204FF40052C3F8BC20704795
S21403A1C0006000B800400054F8B50D461746064632
S21403A1D006F02BF901230421084C094A2363A760E0
S21403A1E0E6602561C2F8E010064AC2F8843106F03C
S21403A1F017F90DB102232363F8BD00BF00400054D6
S21403A2000060005400E100E00122044B1A6640F6A9
S21403A210FF729963D863DA65704700BF0040005445
S21403A2202DE9F04F042A05460B4683B039D901269B
S21403A2300978141F81615A7803F1040982619A78B8
S21403A2408261DB7883610368D0F808B003F0070304
S21403A25006339E4006F1FF3A0AEA0B084768A6EB68
S21403A2600802944247F000570ED84946224607EBA9
S21403A270080004F06DFD46EA0A0604EB0B023240C2
S21403A280AA6003B0BDE8F08F494607EB08000192C9
S21403A29004F05EFD019A384609EB0201A21B424414
S21403A2A0E7E7013A032AECD8DFE802F00B080502D9
S21403A2B013F8012B826113F8012BAA6113F8012B03
S21403A2C0AA611B78AB6103B0BDE8F08F38B50C46C6
S21403A2D0154601460F4B60B101220F48C3F8C02054
S21403A2E02246FFF79DFF1DB104220A4BC3F8C02088
S21403A2F038BD64B1D3F8A420A24284BF0122C3F8B8
S21403A300C0200222C3F8A040C3F8C020EBE7012216
S21403A310FAE700BF004000549840005438B504469E
S21403A32006F083F801211A4A638F054611663BB38C
S21403A330B3FA83F3C3F11903DBB2A069C2F8901032
S21403A34093660723D066C2F88C304FF4A02302F539
S21403A3500052C2F8E030A2F58052C2F8EC30002278
S21403A3600C4B1A600C4B1B6F5B0209D54FF4800233
S21403A3700A4B1A67D4F8A01094F8270001F0ACFD36
S21403A3804FF4E0232846E363BDE8384006F048B8B8
S21403A3900040005450720020000002B8002002B8AB
S21403A3A02DE9F84305460C46B1B1D0F81880478F1F
S21403A3B006F03BF8B5F83CC0791E01EA0C0323F01F
S21403A3C00702032C0646DFF8F8E042445CD1DEF8C9
S21403A3D0004024B906F024F80E20BDE8F88324F0E4
S21403A3E00104DEF8000020F00100A04251D1002352
S21403A3F0CEF80030238894426FEA43436FEA534310
S21403A40023803CD1EB8F08EB07091846083880B247
S21403A41002F108044C4528BF4446082804D9B4F87A
S21403A42000E0BEF5804F3ED263440F431B1A3B4009
S21403A4309BB2AB87E887118894781C4AC1F30C015A
S21403A44051645367C2F88C004FF48022184B04F013
S21403A4500704C3F8E0200122164BC3F88421FFF754
S21403A4606FFE042C0BD14FF48002134B1B6F134B60
S21403A4701A67D5F8A01095F8270001F02DFD304691
S21403A48005F0CEFF0020A8E7601E012898BF1446FB
S21403A490A7E7E88F4344E31A48BFDB190838984216
S21403A4A0A8DC304696E72246B0E700BF00400054DB
S21403A4B00060005400E100E0000002B8002002B88B
S21403A4C050720020144B10B51968CA8F8B8F488FB3
S21403A4D013440138073B8C69034023F007031C44ED
S21403A4E002F108030D4A9BB2CB87C2F88C304FF4B7
S21403A4F080220B4BC3F8E02001220A4BC3F88421C9
S21403A500A07800F00700042803D1074AD3681B038A
S21403A510FCD4064B1C6010BDE46F002000400054C2
S21403A5200060005400E100E0000002B85072002012
S21403A53010B5064C216839B1CB0703D4044B186811
S21403A540FFF72EFF0023236010BD00BF50720020CC
S21403A550E46F00204FF480320B4B0C49C3F8EC2019
S21403A560A3F50053C1F8E020D3F888109A6E0123B0
S21403A57002F0070206329340C1F30C01083B9942EE
S21403A58001D8FFF7DDBD704700600054005000544B
S21403A5902DE9F04780460C4616468769458F05F039
S21403A5A044FFB8F83C2005F1FF3C02EA0C0323F015
S21403A5B00701032C82463944B8F83E0019D1494CAA
S21403A5C024689CB90244073A02EA0C0222F0070206
S21403A5D0BC183B44E31A48BF5B19834210DB504662
S21403A5E005F01EFF00242046BDE8F08724F0010492
S21403A5F0EFE7012C02D0022CEBD108380C46E8E733
S21403A600002E3DD08C423FD1374AD2F8449036498B
S21403A610B8F81270D1F88820C2F30C02934247DAD6
S21403A6202588B5F5804FDAD2A378C5F30C0503F079
S21403A63007037A1EA5EB09053A43052B337005EA93
S21403A64002052DD82DB2E84340F245420421C00F3F
S21403A650FDF7EAFC7580E3783374D8F81C207B1E7C
S21403A66003EA0903D118B160A9B213FA85F5AF421C
S21403A6702FBF0023FF1AB780F26024BFB180F360B8
S21403A680504605F0CDFEAEE7A4F10802974284BF1C
S21403A690ED0802EBC502B2F80090C9F30C09B6E761
S21403A6A0124B5B6D003B18BF0123A5EBC305C9E73F
S21403A6B00B6C7A1EA3EB09033A431A400C4915B2F6
S21403A6C0002DCB680BDCC3F30363D81E4342434120
S21403A6D0DB0033708B6F72801B0A3374BDE708236D
S21403A6E0F7E700BF5072002000400054004000B857
S21403A6F0000002B8134B70B51E68134B748A9D6C2A
S21403A700621E1B6CADB292B242EA04015B1B0B40A5
S21403A710191E18BF0121C90001700C492A40896F10
S21403A7204380090A0174F169D618A64201EB0205B3
S21403A730D2BF0021A31A9BB285608380C16000202C
S21403A74070BD00BFE46F002000400054000002B854
S21403A750054BA822D3F84C013121431C0CBF012022
S21403A760C0F38070FDF760BC0080E00F38B5094D7C
S21403A7700446286840F6C202003818BF01202B2181
S21403A780FDF752FCFA235C432B680A20B4FBF3F470
S21403A790604338BD84720020174B30B51A68431CDB
S21403A7A0164B22D0B2F1407F1FD3154D00F03F0465
S21403A7B0D5F8002122F03F021443C3F8C84001F045
S21403A7C03F042243C3F8D020D5F804310D4A1A407B
S21403A7D00D4B03EA500003EA510110431143074BA4
S21403A7E0C3F8CC00C3F8D41030BD00200146C3F82C
S21403A7F0C800C3F8D000F2E70080E00F001F00B0E7
S21403A800000002B81FF087E1E0FFFF7F014B58808E
S21403A810002070479C75002073B5564E0446317869
S21403A82019B91C22544804F074F82378534A544C3C
S21403A83013704FF0FC62C4F8FC204FF47F02FF2134
S21403A840C4F808214F4A022B4F4D117033D104230D
S21403A85007224E49C4F8FC23C5F8FC33C4F800119C
S21403A8604FF4C071C5F80011C4F8FC234FF48052AE
S21403A870C5F8FC33C5F870214FF40052C4F87021B4
S21403A880C4F808314FF4FF13C4F8FC304FF4BB137D
S21403A890C5F8FC308023C4F8703148F2C8023C4B3C
S21403A8A0C3F8D8203B4B3C4A0020C3F8C02F0123F3
S21403A8B0337002B070BD394A012BC4F80021384BFF
S21403A8C027D14FF4C072C5F80021D3F83802D3F865
S21403A8D03C12FFF761FF0723C4F8FC330223C5F8D5
S21403A8E0FC334FF48053C5F870314FF40053C4F86B
S21403A8F070310423C4F808310DEB0300D3F75CF979
S21403A9009DF80530023B012B9CBF8023C5F87031B0
S21403A910C3E7244AC5F80021D3F83002D3F834122B
S21403A920FFF73AFF0723C4F8FC330123C5F8FC33CB
S21403A9308023C4F870314FF4805301A8C4F87031F3
S21403A940D3F73AF99DF80530012B05D19DF804306D
S21403A95053B948F25D1309E0FBD9023B012B9CBFB8
S21403A9604FF40053C5F8703148F25813084AC2F83A
S21403A970D83097E74E730020C41F00B09C750020A4
S21403A980002002B8A7750020001002B8C0F10F001F
S21403A990001F00B0001000B058720020C0F70F0070
S21403A9A00080E00FC0F60F0010B5044601F01EF855
S21403A9B00A4BD3F8F83724B983F40023C3F3C04013
S21403A9C010BD012C05D113F4C02F0CBF01200020AD
S21403A9D0F6E7A31E58425841F2E700BF000002B84C
S21403A9E06FF07F42154BD3F8FC37934208D0144AD6
S21403A9F003F03F031370F123124A1370124A1370C5
S21403AA001249134B09781A68A9B1B2F1A06F12D391
S21403AA10D3F850120F4A104BB1F1FF3F18BF13463D
S21403AA200E4A136041F66A020D4B1B68B3FBF2F342
S21403AA300C4A13607047084BF2E700BF000002B8E9
S21403AA40A8750020A9750020AA750020A675002009
S21403AA500080E00F5082E00F344A04005472002056
S21403AA60A072002084720020012807D0022802D09A
S21403AA7030B100207047034B18787047024BFBE752
S21403AA80024BF9E7A8750020A9750020AA750020D7
S21403AA900023F0B590F83C4185B00246204601936A
S21403AAA00293ADF80C308DF80E30FFF7DDFF92F809
S21403AAB02B30411EC9B28B4228BF0B46002C3CD01C
S21403AAC0012C38D1042418464FF00F0C384E0DEBEA
S21403AAD00405B0FBFCF7F75D013CC01BC0B2814226
S21403AAE038BF00206055002CF3D105240F278DF8BE
S21403AAF00830B3FBF7F0305C0344DBB28B4228BF6D
S21403AB000B462B5501340B2CF3D10F2602F1B40060
S21403AB10E03215F8013BB3FBF6F14C1CC1EB011117
S21403AB205B1A0133DBB2E4B21B0443EA045340F876
S21403AB30043F8242EDD105B0F0BD042418464FF021
S21403AB400F0C1C4F0DEB0406B0FBFCF5EDB27D5D60
S21403AB50013C401BC0B2814238BF0020A055002CE8
S21403AB60F2D105240F258DF80830B3FBF5F0385CD9
S21403AB700344DBB28B4228BF0B46335501340B2C00
S21403AB80F3D10F2502F1B404E03216F8013BB3FB10
S21403AB90F5F1481CC1EB01115B1A0133DBB2C0B2FD
S21403ABA01B0443EA005344F8043FA242EDD1C2E734
S21403ABB02D4A0400204A040038B5284B05461A7867
S21403ABC027490C2A02D1FF20087038BD104604F02E
S21403ABD0DBFF04461046FFF747FFA84228BF284678
S21403ABE0C0B2A04238BF20460B78C0B28342ECD036
S21403ABF0087088B1431EDBB2022A1A490ED14FF001
S21403AC00FC62C1F8FC20A1F50051D1F8FC2042EA11
S21403AC104353C1F8FC30D8E70346EDE7124A134C1A
S21403AC201268B832C4F8C02F4FF47F02C1F8082167
S21403AC300F49CA6FD202C8D40F22B3FBF2F2551CD7
S21403AC40C2EB02129B1A0133D1F808411B0443EAF4
S21403AC5005532343C1F80831B7E700BF9C750020AE
S21403AC60A7750020002002B8E46F0020001000B093
S21403AC70000002B82DE9F04F90F83C510646D0F894
S21403AC80B42087B035BB1F2A38BF1F22093A4C248D
S21403AC90844B85481B6A96F82B10C3F38213DC405B
S21403ACA00368DFF82CA29342DFF828827F4B04F078
S21403ACB0010414D11F78A74211D19AF80070AF424D
S21403ACC00DD17B4F3F788F4209D1B8F8040007B007
S21403ACD0BDE8F08F032A38BF0322023AD7E70260A3
S21403ACE098F800001C70FFF7BFFEFF2924D1284602
S21403ACF004F04AFF07466F493CB3D6F8F0702FB10D
S21403AD003B68082B40F2CB8097F838701DBB0B6866
S21403AD1040F27121B3FBF1F353431922B3FBF2F371
S21403AD2039462A4605A8059304F004FF02023C04AC
S21403AD30059842F0110988E0471E8F4228BF0F4648
S21403AD40012F38BF0127FFB2D5E7012D29D0022DE9
S21403AD5001D0B5B327460B6840F27121B3FBF1F37C
S21403AD6053431922B3FBF2F33946012207EB0724B8
S21403AD7005A8059307EB042404F0DCFE7F00032FED
S21403AD8038BF0327020242EA001242EA0009033FE1
S21403AD9000F01F0007FA00F0FFF7E8FC00F5FA677B
S21403ADA058E00F23B7FBF3F3581CC3EB0313FB1A4C
S21403ADB00133DBB2C0B21B0443EA0053C3F30747B5
S21403ADC0C9E70C6840F27121B4FBF1F40F23544336
S21403ADD01922B7FBF3F3B4FBF2F43748374A00689B
S21403ADE0A2FB0412013350FA83F313F8013C0392D7
S21403ADF0A3F140012A4603A8019304F09BFE039F98
S21403AE002F4AE41BA2FB041200903021049204A8EC
S21403AE102A4604F08FFEDDF810B08146A4EB0B043F
S21403AE2001220594102144F2100405A804F082FEC2
S21403AE30009B1A02019B42EA091244EA0344059B5B
S21403AE4042EA000907EB0B001844FFF78FFC00F5F6
S21403AE500C57283740F6FF711A4B3846C3F8C01014
S21403AE60A3F58053C3F8C090A3F58053C3F8C4403A
S21403AE70154C276001F0F2FE4FF47A72134B4042F2
S21403AE80986523680A49B3FBF2F3A8F8043096F8EA
S21403AE902B30B7FBF2F08AF800500B7017E7002749
S21403AEA034E700BF004001B8787500204F730020D8
S21403AEB0A4750020A07200205472002069C2F568B1
S21403AEC0911E856B006001B888720020001F00B0D9
S21403AED0A57500209C750020014B1870704700BFB5
S21403AEE0A675002010B50446FCF720FD78B1174B75
S21403AEF01B786BB964B1164B1B784BB1154B1B789B
S21403AF00013B012B04D84FF40042134BDA6710BD04
S21403AF10124BDB6F1B04FAD405F087FA4FF400429A
S21403AF200F4B0446DA67A3F5A0435B682BB1FEF725
S21403AF302DFB10B1022004F041FE0222094B2046ED
S21403AF40BDE81040C3F8842405F06ABA50730020A5
S21403AF50517300208C720020002002B8000002B853
S21403AF60001002B800D003500122024B00201A70D2
S21403AF70FFF7B8BF507300200022024B01201A705F
S21403AF80FFF7B0BF50730020F7B50646504C00F0ED
S21403AF902DFD504B2578504F1E7085BB2846FFF776
S21403AFA0A1FF2378013B012B19D8E37B01A88DF879
S21403AFB00430237C8DF80530D0F794FEC7F884540C
S21403AFC04FF6FF72454BC3F88420F822A3F580534F
S21403AFD0C3F884200022404BC3F884240DE04FF6C8
S21403AFE0FF723E4BC7F88454C3F88420F822A3F5B7
S21403AFF08053C3F88420C7F88454394B5BE00020A1
S21403B000FFF770FF2378013B012B08D8E37B01A8E9
S21403B0108DF80430237C8DF80530D0F763FE0023CB
S21403B020C7F88434002ECBD062685AB32D4B1B6806
S21403B03003EB5203B3FBF2F3013B1B0243F0F803AB
S21403B04026782649022E284A1ED0032E4FF6FF7571
S21403B050214826D0012E34D143F00203C1F8845090
S21403B060C2F884300723C0F88434E37B01A88DF844
S21403B0700430237C8DF80530D0F722FE0120FFF73D
S21403B08031FF17E0F823DBE74FF6FF7043F00103C9
S21403B090C1F88400C2F8843006220F4BC3F8842418
S21403B0A0E3E743F00503C1F88450C2F88430042371
S21403B0B0C0F884340D4B4FF080420020DA6703B0AB
S21403B0C0F0BDC1F88450C2F884300023F0E700BF17
S21403B0D08C7200205173002000C00350006000B83B
S21403B0E0002002B8A0720020005000B8001002B87A
S21403B0F0F0B5294F06463D4604460FCE0FC53368C6
S21403B10085B02B6000F072FC0022244BC3F8842425
S21403B110A17A627A42EA0142C3F89024217CE27B58
S21403B12042EA0142C3F88C24217B627B41EA024057
S21403B130C3F888043B78032B2AD8DFE803F02202FF
S21403B1400C178DF8041004218DF805200DEB010073
S21403B1500022D0F757FDE37B00228DF80830237CCE
S21403B160042102A88DF80930D0F74CFD637A01223A
S21403B1708DF80C30A37A042103A88DF80D30D0F790
S21403B18041FD074B187805B0BDE8F040FFF7FCBE5D
S21403B190212005B0F0BD00BF8C72002000C0035014
S21403B1A051730020034BDB6F002BBCBF024BC3F86D
S21403B1B088007047000002B8004000B8084B1A6CBD
S21403B1C00A2A0AD95A6D4FF0FF3302F00F02934052
S21403B1D098430CBF0120002070470120704700BF32
S21403B1E000C001B82DE9F04704F04CFD4FF47A7621
S21403B1F02D4BB0FBF6F618604FF4FA73734307460D
S21403B2002A48190E1B021818294A4FF0000341F169
S21403B210000103F08DF9274BA0F5807205461A63EB
S21403B22020B94A222B21FCF7FFFE01254FF47A7240
S21403B2304FF0000A6A4353465008310203F078F988
S21403B2401C4B1D4AB7F57A7F9A601C4B4FEA05687C
S21403B25019601B4B8946044618604FEA152505D22C
S21403B2609D222B215046FCF7DFFE01264FF47A730E
S21403B270A8FB030103FB05117308C01841F1000185
S21403B2800023324603F054F90E4B023419600E4B7A
S21403B29049F10009A408186044EA8974054B013C87
S21403B2A09C63BDE8F08700BFA072002020A10700C2
S21403B2B040420F0000C001B802110100B072002026
S21403B2C0AC720020A8720020A47200201022044B47
S21403B2D0C3F884215A600122024BDA60704700BF2C
S21403B2E000E100E000C001B810B50446A242A2EB9C
S21403B2F00000A3EB010104D2034B01399B6B01331E
S21403B300184401F0030110BD00C001B838B501258B
S21403B3100A4B02019D504FF480730446084A83404B
S21403B320536605F082F8074AA540137823EA050317
S21403B3301370BDE8384005F073B800BF00E101B8EC
S21403B34000E001B85B7300202DE9F84F164605466A
S21403B3508A461F4605F069F8022E00F09080804664
S21403B36005F06CF85F4B604AD3F82090147D5A6E54
S21403B370E4B2520744BFD3F82090013404F0030428
S21403B38005F057F84846214600F02AFA8446DAF8CC
S21403B3900000012E04BF01306044ACEB000C08BF74
S21403B3A0CAF80000BCF1804F7DD300F02BFA81452C
S21403B3B0A1EB040188BF4B4BDFF850C188BF01F1F6
S21403B3C0FF3101F0030188BF9B6BA0EB090E0CF85D
S21403B3D00510A1B1F90742BF41F61F72434B5A67E6
S21403B3E0BA0742BF414B424A5A677B0742BF002215
S21403B3F03C4B9A673C0742BF00223A4B9A6511249E
S21403B4004FF0010A374B05F11002120103EB051B3F
S21403B410CBF80C0137499C501A6A0AFA05F4586EA1
S21403B4200B78A2EB0902E4B2234372450B7025D3D3
S21403B4304FF48073AB40034220D11CF80520002A4A
S21403B4404CD10EB32C4AF807536607D541F61F7145
S21403B45040F20110254B596750675967B90706D55F
S21403B460224B234A244925485A6748675A677A076E
S21403B47042BF0122224B1A613B071AD4404604F00E
S21403B480CFFF0120BDE8F88F1E4A2D0142F805A024
S21403B49042F89C3C04F0C9FF16490B7823EA0403E0
S21403B4A00B7004F0BDFF404604F0BAFF0020BDE871
S21403B4B0F88F2120FFF776FE4FF48031094A124BAE
S21403B4C0D1601A78002AD9D000222D201A70FFF7EF
S21403B4D069FE1022084B40465A66D0E7064A4046A5
S21403B4E05366CCE700C001B81073002000E001B833
S21403B4F000001F1F5B73002000D001B8000001018D
S21403B500000002B800E101B8527300205373002014
S21403B510034B10300001185800F00100704700BFBD
S21403B52000C001B82DE9F0419DF818800D46B8F12A
S21403B530000F08BF0022214EB5F5803FB1680746CD
S21403B54021F4700141F4A001B1609DF820409DF8FC
S21403B5501C104FEA042444EA016444EA031444EA50
S21403B560084444EA02044FF018014FF436722CBF25
S21403B570002001207465FCF757FD3564B8F1000F11
S21403B5801AD00F4BBC68D3F888305A2C38BF5A24CD
S21403B5905B0606D500F0E4FB18B10A4BB3FBF0F3E9
S21403B5A01C44204600F02EF90130854238BF0022A5
S21403B5B0024B34BF5A645864BDE8F08100C001B83A
S21403B5C000C000B800093D00F8B5254F3D6E01F0F8
S21403B5D00FFD04462846FFF7F1FD7B6C064603B1D4
S21403B5E070B310272020FFF7DDFD1E4B9F606CB164
S21403B5F0002200200821FDF7F5FD80221A4B5F6626
S21403B600A3F580531F6703F540531A6102F0F6FA59
S21403B6102022164BC3F88421154AD36803F07063BF
S21403B620B3F1807FF9D91CB116B10122114B1A7000
S21403B6300B4B114A1D665A6741F201429A67F8BDE1
S21403B640002CF5D00D4B084A5366A2F580521367BB
S21403B6502846FFF7B3FD0028EAD03D6EF8E700BFA3
S21403B66000C001B8001002B800E001B800E100E035
S21403B670000002B852730020011B011810000020BE
S21403B68010B504462120FFF78DFD1CB14FF4803220
S21403B690064BDA60064B1A783AB100222D201A7050
S21403B6A0FFF780FD1022034B5A6610BD00C001B899
S21403B6B05273002000D001B8F8B5184D04462B6A23
S21403B6C01B0426D500F0ACFB2B6AA0FB044613F044
S21403B6D0787F4FEA9367C3F34450C3F3044505D119
S21403B6E040F227422B21FCF79FFC0120AD01B5FB5E
S21403B6F0F0F010EB871005D140F22C422B21FCF71B
S21403B70093FC0120024600232046314602F010FF38
S21403B710F8BD00F025FBA0FB0401F9E700C000B864
S21403B7200246012030B50B4CA0F12003C0F12005E2
S21403B73024FA05F504FA03F32B4304FA00F59542BD
S21403B7408B4100D330BD0F2801D00130ECE7FF203A
S21403B750F8E700BF40420F0000220B4B40F01000FA
S21403B7601A700F22094BC3F88820A3F58053C3F839
S21403B7708800A3F580531B6ADBB2802B02D00846F1
S21403B78000F084BB704700BF5273002000E000B88F
S21403B79038B504F053FE084B084A1D6A147D5A6EEA
S21403B7A0E4B2520744BF1D6A013404F042FE284641
S21403B7B004F0030138BD00BF00C001B810730020B9
S21403B7C00346064A103302EB00111B01D1F80C01A5
S21403B7D0D158C1F3400104F0FCB900BF00C001B862
S21403B7E0064B1B68434303EB8171054B1B68A3FBA6
S21403B7F0003013F1004341EB00007047A8720020AD
S21403B800A47200200C4A20F04043014610B50020E5
S21403B81014684FF00042E4FB0320084A890F1268BD
S21403B82002FB0300064B9B6B984204D9013301319C
S21403B830C01A01F0030110BDAC720020B0720020E4
S21403B84000C001B8044B01F0F071103041F0030161
S21403B85000011950704700BF00C001B808B5222088
S21403B860FFF7A0FC4FF48022014BDA6008BD00BF4F
S21403B87000C001B808B5064B4FF030401A680549BA
S21403B880920003F065FABDE8084001F03FBB00BF35
S21403B890704A0400744A040070B50C68651C15D021
S21403B8A0C4F302669E42C4F3074530D1A4B2944261
S21403B8B02DD804EB8506B24229D2141BA50824F022
S21403B8C003040E59340F04D0012C08D0002221247F
S21403B8D002E06B1C51F82320C0E9002470BD0E4C17
S21403B8E034F8133042EA03431A686B1C51F82340BA
S21403B8F001EB83014B6822405E4036F0704404D16E
S21403B9001B0F032B04BF8B681A430024E4E701359F
S21403B91001EB8501C1E700BF484A040007B501A84B
S21403B920D2F74AF94822164B5A65164AD2F8D4304B
S21403B93023F4FC33C2F8D430134B1B689DF8053050
S21403B940023B012B19D84022104BC3F8FC23104BA3
S21403B950D3F85C32DBB2FF2B00D10623094A1B0364
S21403B960D2F8FC139BB20B43C2F8FC33D2F8302157
S21403B970084B1A6003B05DF804FB01F0EFF8ECE740
S21403B980008001B8000002B8002000B0001002B822
S21403B9900080E00F4472002000224FF400710F4B2A
S21403B9A010B51A675A679A670D4AD162012102F5E4
S21403B9B0E8325161DA6812F0706FFBD14FF0304213
S21403B9C001245A6602F5FC5208329C66DA64054B7B
S21403B9D01B689847044B5C6110BD00BF000002B8AB
S21403B9E0004000B87C750020002002B801230F4AEF
S21403B9F00F49C2F880328A6A22F002028A620D4A2E
S21403BA0053600D4A53600D4A5360A2F5804253605B
S21403BA10A2F54042536002F5C032536002F58042FD
S21403BA205360A2F500425360704700BF0080005089
S21403BA3000C0005000D000B800500054005001B8B9
S21403BA4008B5FFF7D3FF0D4B0D4ADA6701F07EF812
S21403BA50FFF764FF03220B4BC3F8E02000F0FEF968
S21403BA604FF46072084B5A614FF40072DA67FEF7C0
S21403BA7061FBBDE808400021FEF738BB000002B8B2
S21403BA800048F000005001B8001002B82DE9F04F4E
S21403BA90054687B002900F4657F8044B631C06D141
S21403BAA0029B2C60E81A801007B0BDE8F08F5FEAAF
S21403BAB0147B18BF0123344AC4F3016108BFC4F3DF
S21403BAC0074332F81120A4B24FEAC30A2F4844EAC8
S21403BAD002440AF104022A4482421BD20722CA40C5
S21403BAE002F0010201929A0004EB830303930123FD
S21403BAF0B94603FA0BF808F0940305F10806049216
S21403BB000593039B09F10409A34208D104995544FC
S21403BB103944C0E71D4A9542E0D80020C4E7059B98
S21403BB2053B918F0420F19D118F0280F0BD146F865
S21403BB30084C59F8042C21E040F6B70232210020C5
S21403BB40FCF772FAF3E740F6BB0232210198FCF7E2
S21403BB506BFA04F5805246F8082CEAE74FF40C62B9
S21403BB6032210198FCF760FA04F50052BBF1010F8D
S21403BB7046F8082CDDD159F8042CD24346F8042C99
S21403BB8004340836BDE700BF484A0400003000B05E
S21403BB90F8B50546F0B10026154B34461F46154941
S21403BBA053F8042BBAB9A00000F13040294600F53B
S21403BBB00150FFF76BFF30B940F66C223621BDE823
S21403BBC0F840FCF731BA0C4B0134044447F82650CE
S21403BBD023F81640F8BDAA42FCD001360C2E02D03C
S21403BBE031F81640DCE740F6862236210020E6E7E9
S21403BBF0B4720020287300202A73002070B5044610
S21403BC00A8B1C1B1384A52F8043B984215D1002373
S21403BC1036498A689206FCD49B00354A03F13043C2
S21403BC2003F50153C2F8B0302022324B9A6070BD40
S21403BC3001330C2B02D1304D12E0012352F8041BC2
S21403BC40A142F5D12D4A32F81330E1E704D16268F8
S21403BC50C3E90012083403E0012A01D10434196051
S21403BC602268531CE3D0C2F3016335F81300110CAA
S21403BC7093B211F0FE0F43EA004360680DD004341C
S21403BC80CAB2022A2168E1D96668A068033AC3E902
S21403BC90001698600C340C33F3E7120F072AD9D832
S21403BCA0DFE802F00704090D1013181DC04303F55F
S21403BCB000531860CEE71A6842401A60CAE703F5D5
S21403BCC08053F6E703F07AFFC4E7012203F58053B7
S21403BCD08240F2E7012203F500538240EDE71A683B
S21403BCE030EA0202FBD1B5E7B4720020000002B8C6
S21403BCF0001E00B0001002B8484A04002873002053
S21403BD000B4B1B68D3F8F03023B11A68022A01D90B
S21403BD10186A7047074B9A6D90B238B1064BC2F358
S21403BD2007421B68DB085343B3FBF0F0704700BFC2
S21403BD30E46F0020004001B8A0720020064BDB68C9
S21403BD40C3F30363984206D1044AD36B23F0F0038C
S21403BD5043EA0111D1637047000002B8001F00B028
S21403BD60054B1B68D3F8F03013B11A680A2A01D8BA
S21403BD70FFF7C6BF186C7047E46F00202DE9F74342
S21403BD80064603F014FF00248046DFF8909004F084
S21403BD904CFB0DF1070105460DF10600FEF78EF884
S21403BDA09DF806308BB9721C29D003F000FFA0EB78
S21403BDB00804284604F034FB9DF8063013B99DF8B2
S21403BDC007303BB3A642E2D824E0D9F80C3013F48C
S21403BDD0603FE8D0D9F8100003F056FF731C0746FF
S21403BDE003D003F0E4FEA0EB0804284604F018FB97
S21403BDF017F5007FE0D0384603B0BDE8F083284649
S21403BE0004F00EFB9DF80630002BC0D19DF80730DA
S21403BE10002BBCD1004FEEE700FEFFFF00C000B8CA
S21403BE200B4A10B5136E0B4C116E03F00703E35C5D
S21403BE30C1F3CD0101FB0333126E0748C2F345423B
S21403BE4002FB033300688001B0FBF3F010BD00BFB4
S21403BE50004001B8404A0400A07200200122014BB2
S21403BE60DA677047001002B80122014BDA677047A1
S21403BE70002002B84022014BDA677047002002B860
S21403BE804022014BDA677047001002B810F1800FAA
S21403BE9004D04D28CEBF7F20323040B2FF22034B62
S21403BEA0C0B21A62A3F580531862704700E000B868
S21403BEB0084910B5D1F89C3040B11C46CA68D1F881
S21403BEC09C309C42F9D1C2F30362027003F00F0068
S21403BED010BD00BF000002B8064B01F080011B6FC7
S21403BEE003F480030B4302BF4FF40012024B1A62A3
S21403BEF0704700BF000002B8006001B84FF60401A7
S21403BF004FF60502044B01201B6C9BB28B4208BF05
S21403BF101346024A136670470080E00F00C001B85C
S21403BF202DE9F84304F081FA0C234FF0B0470022C2
S21403BF302B4C2C4D617C06464B433B441A63D5F889
S21403BF4070802A67D5F8000194F810C0E060264890
S21403BF500231C0F88CC00320C5F80001012000FAA6
S21403BF6001F1224841614FF4807021494866396ADD
S21403BF700131A160596302211963A3680133396A49
S21403BF8000BF00BF00BF00BF00BF00BF00BF00BFB1
S21403BF90686E10F4807915D18B42F0D13AB13046F1
S21403BFA004F03EFACD221A214846FCF73DF80C2150
S21403BFB0637CA2684B43023203F1B043A2605A6328
S21403BFC00122DAE74FF48072094B30465A660122A3
S21403BFD0C5F87080C3F80021BDE8F84304F020BA22
S21403BFE01073002000C001B80080035000200058E2
S21403BFF000E001B82DE9F74F81460F464FF0FF35B5
S21403C000FFF7C6FB002601908A462C463046DFF82B
S21403C010D8B006F110031B015BF8033003F00308E6
S21403C020B8F1010F15D13046FFF7CAFB02460B469F
S21403C03001985146FFF758F9DBF8643006F1080219
S21403C040D340DB0739D5002F40D000252C463E6071
S21403C05040460136082EDCD160B3234A0027D2F8C7
S21403C06008C0916B0CF440330131A4FB0141641901
S21403C07041F10001B3F5003F30D1536B0CF4405C43
S21403C080013347F10006BCF5805F22D1156B15F529
S21403C090807505FB06F647F1000203FB0266A5FB67
S21403C0A003323244594304FB0212A3FB0434144400
S21403C0B0C9E9003403B0BDE8F08FA84271EB04036E
S21403C0C0C6D207B13E6005460C46C1E73D463C4630
S21403C0D0BEE7320242EA13621B02E3E7136B13F571
S21403C0E0807347F10002DDE700C001B808B503F02E
S21403C0F0F2FD044B5A7C012302329340024A5361F9
S21403C10008BD00BF1073002000200058FF2870B53C
S21403C11005D1FF293FD0072002293AD804E0FF299A
S21403C12035D10B2835D800211C4C1D4B617441F4C6
S21403C1304021207441F44071063043F82010194B17
S21403C1401D6803F0B5FD6E08ED070246002328467A
S21403C150314602F0EDF9090241EA1061C0F3C0501E
S21403C16040EA4100104B2060186B10F5807005D133
S21403C1704FF4D6722B21FBF757FF0220024600230B
S21403C1800020012102F0D4F96060002070BD0B2866
S21403C190C2D92120FAE700210720C5E71073002043
S21403C1A000800350A072002000C001B810B504F050
S21403C1B03CF90446FFF7B4FE0222054B2046BDE8D1
S21403C1C01040DA600122034B1A7004F029B900BF4D
S21403C1D000C001B85C7300200C490B78ABB10C4B64
S21403C1E05A7C0123023293400A4A936153614FF407
S21403C1F08062094BC3F8802100230B70074BD3F8EA
S21403C2000C01D3F8041100F0ABB870475C73002040
S21403C210107300200020005800E100E000C001B8C1
S21403C22010B5044603F044FD6043044B00F5F420C8
S21403C23000F59070B0FBF3F010BD00BF40420F0056
S21403C2402DE9F74FFFF7ECFF044604F0EEF8002164
S21403C2503C4F054668463970FFF7CCFE4FF0B043B7
S21403C2601E6A394BDB6813F0706F1ED1374B5B6960
S21403C27013F0060A19D1F0B1DFF8DC80611DD8F897
S21403C2800000A1FB00B903F013FD534602464946DE
S21403C290584602F04DF9DDE9009A090241EA1061B9
S21403C2A00002484571EB0A010DD3284603B0BDE8EA
S21403C2B0F04F04F0B5B8FFF733FE0222234BDA60E3
S21403C2C001233B70F1E7FFF72BFE03F0F1FC4FEA87
S21403C2D0192141EA0A61A0FB01B9D8F800204FEA08
S21403C2E01A2A00FB0A9912B903F0CCFC0246002373
S21403C2F05846494602F01CF94FF00C0E0122DFF8AF
S21403C3005CC001349CF81130361B991C0EFB03F3FA
S21403C3108A400F49064403F1B0434A615E630D4EFB
S21403C320241AB2614FF0B046366A5B6BF31AA34227
S21403C330C3D2DCF80C00054BC3F800018A614A61DE
S21403C340B3E700BF5C730020000002B800C001B86A
S21403C3500020005800100058A07200201073002020
S21403C3602DE9F74F0C22944C0191637C934E534373
S21403C370002203F1B0431A63217C914B0546C3F8B0
S21403C380AC104FF400318F4B904619610223F360D3
S21403C3904FF0B0431B6A5F1EDB1B002B40F3D480B9
S21403C3A008F10108B8F1020F51D9EC220D21002043
S21403C3B0FBF73AFE4FF08052834B804E5A66E26894
S21403C3C04FF00008C6F800214FF400321A617C4B88
S21403C3D0C3F8AC800C23627C5A4302F1B042C2F825
S21403C3E0308004F022F8434642464FF4807E376A94
S21403C3F0D6F864C003F110010901715801F0030176
S21403C400012910D10EFA03F111EA0C0F0BD106EB3A
S21403C4100314BD42D4F80C4100F2A680A54202D212
S21403C420A74280F0A4800133082BE3D1674D2C6824
S21403C430012C40F29F802AB15F494B8A13434B82FB
S21403C440604B5A6603B0BDE8F04F03F0E9BF4FF008
S21403C4500C090022637C09FB03F303F1B0431A6360
S21403C46003F0E3FF4FF08052574B00905A664FF0AD
S21403C470B04394F811C01F6A09FB0CF3013703F1AC
S21403C480B0435F63316BB368D80352D5A3682268A1
S21403C490FB1AA3FB029E63680198AEFB03A2A9FBEB
S21403C4A003B313EB0A0301F5807AAAFB031B42F1DD
S21403C4B000020AFB02BBB9EB01016EEB0B0E090A85
S21403C4C041EA0E610144B1EB1A2F4FEA1A2E04D348
S21403C4D0013342F10002A1EB0E01AEF1040E7145E9
S21403C4E028BF7146EB18B16142F10001227DD6F8F0
S21403C4F020E0D2B27545D6F838E084BF02F1FF32A9
S21403C500D2B2BEF1FF3F0ED04FF0000A0EF1010982
S21403C5109E457AEB010B08D20132B3EB0903D2B284
S21403C52061F10001F4E70A44D2B202F00302227575
S21403C53033620C2303FB0CFC02230CF1B04C009873
S21403C540CCF8303003F06CFF4FF0B0431B6A00BFEB
S21403C55000BF00BF00BF00BF00BF00BF00BF726EBA
S21403C560D2007FF519AF25E7A542BFF459AF1143B3
S21403C5708AB258E716490B78142B01BF0023154ED1
S21403C5800B7033700B7801330B70002A3FF45AAFED
S21403C590094E738A134373820A4B5A660D4A1378FD
S21403C5A00133DBB2022B13707FF44CAF002301344C
S21403C5B02C600B70137045E71073002000C001B8A1
S21403C5C00080035000D001B800E001B810720020CC
S21403C5D05E7300205D73002037B50446FFF706FA46
S21403C5E0E17822791B4841EA0243C0F8CC34E57966
S21403C5F0A37943EA0543C0F8D03423784BB18DF8CA
S21403C600041004218DF805200DEB01000022CFF75E
S21403C610F9FA63785BB10421A37900228DF804301C
S21403C620E3790DEB01008DF80530CFF7EBFA2278AE
S21403C63001235AB1084AC2F8C834627802233AB1D1
S21403C640054A0020C2F8C83403B030BD034AF2E7F7
S21403C650024AF6E700C0035000D0035000E0035040
S21403C66070B52C4B0C461A7812B92B4A926D1A7079
S21403C6702A4AD26F52054AD51D78294B05F00F0674
S21403C680B0FBF3F040434FEA151505D140F27F6245
S21403C6902B21FBF7C9FC0120224A0A217243B2FB75
S21403C6A0F0F34843B3FBF1F602EB5002B2FBF0F2B1
S21403C6B001FB1633042BD2B207D8C3EB8310C3EBAC
S21403C6C080035BB283B96DB217E0C3F10B0303EBD0
S21403C6D08303DBB2B3FBF1F32B44DDB20F2DF2D9A8
S21403C6E0013AD2B2053DEEE7053B5BB293FBF1F3AD
S21403C6F01D44EBB26DB2002D04DB002042EA0512A6
S21403C700226070BD01320533D2B25DB2F5E7022076
S21403C710F7E700BF5F730020008001B8000002B88F
S21403C720403B2500809698004FF0000C2DE9F84F0B
S21403C730A2FB017BC84EDFF85CE3BE1999466BF19A
S21403C7400003B6457CEB030308D240F23E220E21DB
S21403C7506046FBF769FC0220BDE8F88FD0F8F0A02E
S21403C7600C461546BAF1000F04D0DAF80030032B56
S21403C77000F21B81B94BBA4A9B6BD2F8FCA0C3F3F9
S21403C7801408B84BD3F8EC305E00B64B48BF48F4F9
S21403C79000181B6E48EA456858074EBF4FF440031F
S21403C7A09B0503F0E07348EA030803F055FC012DEC
S21403C7B00646D0D10028CED0AB4B984200F0048179
S21403C7C003F5122303F5F863984200F00381A74BA1
S21403C7D0984200F02F81002502462B4600204FF09A
S21403C7E0007101F0A5FE2B46013007FB03F3C8F3E7
S21403C7F0130100FB0B33A1FB0662A7FB007001FBD2
S21403C8000522034420339B09C9F80030F60C984BE5
S21403C81046EA423618F4801F1C6008BF7642954BE2
S21403C820954DC9F8144034441E602C60BAF1000FCD
S21403C83000F0B98000239149C8F381528A5C1946F7
S21403C84018F0807F18BF6408002EB8BF76429206A1
S21403C8506008C2FB0601224601F06AFEDAF80030E1
S21403C8600E2B08D97F4B7D4A926BD969D3F80C31CE
S21403C870C90600F1D68018F4001814BFC42240F28B
S21403C88007127F49C0F31300A1FB04614FEA51115D
S21403C89002FB01F1C9F80400DAF818004FF4FA7342
S21403C8A0B1FBF0F118BF4FF0000801FB03F3A4FB44
S21403C8B00262FA33A3FB003004FB0822B342904122
S21403C8C038BF0131C9B241F4006CC9F808C0002969
S21403C8D07ED0DAF81C00A1FB003624B1B4FA84F249
S21403C8E00E2A40F38880E203002E77D1B2FBF3F2E0
S21403C8F0530003FB0113A3FB00764FEA044EBE4529
S21403C9004FEA144474EB060609D34E003344A0FBE7
S21403C9100371BE4574EB010102F10102F6D2C2F3C4
S21403C9200E024CEA023C4CF00063C9F8083003F0F0
S21403C93093FB2B68002B00F08880B3FA83F4D4F1C2
S21403C94002044CBF1C4623FA04F44E4B9C4288BF99
S21403C9506408002846D0B4FBF0F3642100FB1342BE
S21403C96001FB02F2904244D85A1E52085B08013B70
S21403C970120242EA0313C9F80C3003F041FB002805
S21403C9805CD0B4FBF0F2642100FB124401FB04F418
S21403C990A0425ED8531E5B085208013A1B0243EAC4
S21403C9A00213C9F810300020D6E6042BDAF82880E4
S21403C9B07FF4FBAE18F0807F0CBF08F0E0734FF4F3
S21403C9C0400328F0E078EEE600232F481D460CE7E8
S21403C9D02120C1E600232D481D4606E70B4600220C
S21403C9E089E7044640F2C5422B210020FBF71CFBD7
S21403C9F02346013BB8E7C2F10F0702F1110E06FA10
S21403CA000EFEFB4043EA0E03A7F1200E26FA0EFEA7
S21403CA1043EA0E03FE40013304FA02F246F100062F
S21403CA2062E702F4801203F400131A4308BFC0F54A
S21403CA30801020E7002316481D46D6E64FF49D6275
S21403CA402B21FBF7F1FA621EA4E70028C9D01C4687
S21403CA50CFE71446F7E700BF006CCA88008001B82A
S21403CA60001F00B0004001B800F04902005A6202FD
S21403CA70EC720020E8720020E4720020584A04009A
S21403CA80D34D62103FBE40250A3BB2DF313641DC50
S21403CA90D694BFD6807C814A10B50B46044686B032
S21403CAA039B98279016821486B460068FFF73CFE76
S21403CAB06B461F4A196851631E4AD2F8FC2062B3BC
S21403CAC05A6842B11C4A1D49C2F80C115968A2F5AE
S21403CAD08052C2F80C119A6842B1174A1849C2F834
S21403CAE0EC109968A2F58052C2F8EC101549D86884
S21403CAF0D1F8642122F4EE620243C1F86421D1F82E
S21403CB005C21186922F4EE620243C1F85C21A1F5A8
S21403CB10FF4158692839FFF7A3FD0020A2880A4B76
S21403CB209A6203F5A033186406B010BDE46F0020C4
S21403CB30008001B8001F00B0006001B8FFFF0F00BF
S21403CB40FFF8FF0F000002B8004000B84FF4806201
S21403CB50014BDA67704700BF001002B84FF48062DB
S21403CB60034BDA67034B1B780BB1034A9365704795
S21403CB70002002B85F730020008001B80523064A30
S21403CB80A2F84A3092F8493003F0010363F07303C6
S21403CB9082F84930704700BF001F00B070B51C4EC6
S21403CBA00546F368C3F30363022B2FD103F03DFC62
S21403CBB0F3680446C3F30363022B22D1284602F02C
S21403CBC082FE30B1134B93F8C42012B1002283F8CF
S21403CBD0C5200F4B1B6F9B0510D50E4B0E49D3F884
S21403CBE0A83009691A789B6843F80C1C32B94FF4CD
S21403CBF000320A4BCF20DA61FEF7D4FA8022044BC8
S21403CC001A61204603F00CFC002070BD0220FCE7EE
S21403CC10000002B8001E00B000C000B8001002B842
S21403CC2010B590B10468012C0FD902696AB1116876
S21403CC30094B102C196051685960916888BFD268F7
S21403CC40996094BFD960DA6010BD102200210248B3
S21403CC5001F05FFEF8E700BFF4720020084BC1172F
S21403CC601A68A2FB000302FB013310F1807043F144
S21403CC700003400E40EAC310803820EAE070704795
S21403CC80047300200722164B70B5DA66154B164A56
S21403CC901D68164BEC08E005C0184FEA153141F144
S21403CCA00001002301F044FC114B124E18604EF6AF
S21403CCB06020FFF7D3FF4042C6F884000E48FEF715
S21403CCC0A1FD024658B1E301500818184FEA157142
S21403CCD04FF0000341F1000101F02AFCF06570BD3E
S21403CCE0000002B8A072002065CD1D00B2E60E005B
S21403CCF004730020001F00B040420F0010B5044626
S21403CD0098B10B4BD3F8FC00FFF78AFF4FF47A7306
S21403CD1003FB04F0074BA0F6AC50DA689B6810449C
S21403CD20C01ABDE81040FFF799BF4EF66020F8E73B
S21403CD30001F00B0F47200202DE9F84305460846AC
S21403CD4014461E46FFF76CFF9DB106F0020716F069
S21403CD50040610D16FB1284600F0C8F860626B690C
S21403CD60002B7DD147F23050FFF778FF2062002E6C
S21403CD7057D1BDE8F8832869002868D04FF47A7342
S21403CD805843404BA0F6AC509B68C01AFFF766FFAB
S21403CD90E061A88B00285DD04FF47A735843394B73
S21403CDA0A0F6AC509B68C01AFFF758FF2061364BBD
S21403CDB0E968D3F8008000294FD04FF47A735943BB
S21403CDC0304BA1F6AC519A685B68891AC91A2F4B87
S21403CDD0C8171A68DFF8BC90A2FB011302FB0033E6
S21403CDE011F1807143F10003490E41EAC311803902
S21403CDF0274B6161DB6EA361D9F8003053B140461F
S21403CE0002F061FD30B12246D9F800301D49D8F84A
S21403CE10E40098470021A869FFF770FFA062002F7F
S21403CE2099D1A86830BB47F23050FFF717FFA060D0
S21403CE304FF47A702B6858432BB1124B1B6803F5DB
S21403CE401C5310331844FFF709FFE06091E74EF6D2
S21403CE5060209BE74EF66020A6E74EF66021B6E715
S21403CE60084AD0684FF47A7202FB0300A0F5035019
S21403CE70103879E74FF47A735843A0F50350103807
S21403CE80D3E700BFF4720020E46F00200473002091
S21403CE90001F00B0F072002070B5064608461C4618
S21403CEA002F0A8FE0546D6F8F00000F011F8436835
S21403CEB0054A002BA8BF4FF4FA721A44034B6019B5
S21403CEC092FBF3F2104470BD0CFEFFFF18FCFFFF4D
S21403CED040B10368012B05D90069034B002808BF3E
S21403CEE01846704700487047604A040043684FF48A
S21403CEF07A7058432BB1044B1B6803F51C5310334D
S21403CF001844FFF7ABBE00BFF472002070B5124C96
S21403CF1088B001AD0FCC0FC594E8070085E807007D
S21403CF208C2200210D4801F0F4FCD42200210C4889
S21403CF3001F0EFFC0B4B0C4A5A63FFF71FFE0B4B3B
S21403CF401B783BB1044E01AD0FCD0FC695E8070025
S21403CF5084E8070008B070BDC41F00B0A01E00B070
S21403CF602C1F00B0001F00B0101111114E730020CB
S21403CF70064BD3F8D80E064B5B6F1A0103D4054B4A
S21403CF809B6E1B0401D500F580707047001000B03F
S21403CF90000002B8004000B810B503F046FA0E21B0
S21403CFA004460320FEF7CAFE40F20122034B204646
S21403CFB0BDE81040DA6203F033BA00BF004000B8A1
S21403CFC0012370B5074C2370074B1E68074B32408E
S21403CFD0D3E9005319402840FCF704F900232370D3
S21403CFE070BD00BF647300200C730020186D002012
S21403CFF0024B5868C0F3C000704700BF186D00208E
S21403D00010B50446FEF71CFD00F092FE2046FDF721
S21403D010C1F8FEF7C1FCFEF7E5F8FEF757F9FFF790
S21403D02031FE13490723134AD1F8FC1004F5827026
S21403D030FFF782FE4FF080710020FEF703FC4FF0EF
S21403D04000720D4B4FF400110120C3F80021FEF7C8
S21403D050F9FBFEF753FF20B940F223121421FAF727
S21403D060E3FF02F041FEBDE810400120FDF78CBF50
S21403D070001F00B0581F00B000D001B88023074A35
S21403D0801367082340B11367054AD2F8A03023F08C
S21403D0902003C2F8A0307047024AF4E7001002B833
S21403D0A0001E00B0002002B810B503F0BEF901213F
S21403D0B004460020FFF7E2FF044B1961044B5B684C
S21403D0C098472046BDE8104003F0AAB9000002B80E
S21403D0D064750020F0B583B006461446FCF756FA8E
S21403D0E0002800F0A980594B5D6915F0060540F04D
S21403D0F0A38003F09AF923790095022B054647D1BE
S21403D100237B022B33D00320FEF702FA20B9504BC1
S21403D110DB685B0440F19280A37B277B003B18BF50
S21403D1200123A2684B49012F01920B706FD000F0C8
S21403D130F1FD0420FEF7EAF80420444E0223716F43
S21403D1403A4621F0F85121F4F81141F0506141F4C8
S21403D150803171670DEB0001FEF7F6F804460028F0
S21403D16060D0012030223C493C4B0870DA673C4EC5
S21403D170336898472128044604D1012100207368A8
S21403D18098470024284603F04BF9204603B0F0BD29
S21403D1900320FEF7BDF9002850D12279D6F80C31CA
S21403D1A0012A226830D0D01A00900020274B2D4A3F
S21403D1B02D495A679867637B2C4A23F04000002862
S21403D1C0C3F380130B700CBF012300231370284B8B
S21403D1D0274AD3F8A0304FF003000CBF43F02003D8
S21403D1E023F02003C2F8A030FEF790F8174B214A2D
S21403D1F003205A67694601232279FEF7A5F8F8B19A
S21403D20001221D4B1A707BE79A42CDD3CBE72379D5
S21403D210022B8CD0009BD6F80C1100270B4413442A
S21403D220019384E70320FEF771F828460D4A124B54
S21403D23072671C7003F0F4F80E24A6E72846F9E795
S21403D240284603F0EDF821249FE700BF00C001B88D
S21403D250000002B86973002066730020001002B84D
S21403D26064750020000001016773002068730020C6
S21403D270001E00B0010C010063730020F8B5194CC2
S21403D2800546207840F27D22B0FA80F03E21400920
S21403D290FAF7CAFE55B9607840F27D22BDE8F84039
S21403D2A0B0FA80F03E214009FAF7BEBE4FF440665E
S21403D2B00D4F0E4DD7F8B43040F27D22C3F38123D1
S21403D2C02370C5F8B46060783E21B0FA80F0400958
S21403D2D0FAF7AAFED7F8B830C3F381236370C5F80C
S21403D2E0B860F8BD60730020004000B8006000B866
S21403D2F0A82238B51B4B1D6F03F500531A6710227F
S21403D3009A60A3F5804302F100521A675A6600F04A
S21403D31037FF154B1B7813B90320FDF7F7FF0024DF
S21403D320124B9C6700F052FF114A124BD2F8D81EDC
S21403D3300B40C2F8D83E04220F4B1A670F4BAA06BF
S21403D340C3F8AC4008D503F58073DB6CB3F5817F77
S21403D35022BF8022034B1A61FCF716FD0022084BFE
S21403D3601A7038BD000002B86373002000C001B80D
S21403D370001000B0DF0000FF002002B8001E00B05F
S21403D380627300209A4B2DE9F04F9A6EDB6E85B0E0
S21403D39002EA0308974BC3F86880974BD3F8E0601C
S21403D3A0D3F8EC301E40954BC3F8E060944BD3F8AB
S21403D3B00822D3F80C3202EA030A924BC3F808A2F7
S21403D3C003F52043DA691B6A02EA03098E4B09F464
S21403D3D07702DA618D4BD3F80422D10606D4D3F84C
S21403D3E00431DA06C3F3001740F1E18003F01DF8B9
S21403D3F0874B5A695F6E1B6F12F0060F07EA030727
S21403D400844A27F0007323F4006314BF4FF0010B24
S21403D4104FF0000B53667B0704D57F4A137D013319
S21403D420DBB2137502F0FCFFB8F1000F00F0DD80ED
S21403D43018F4004427D002F0F8FF0146FFF798FDE2
S21403D4400446764B1D682A682B689A42FCD02A68E5
S21403D4509A42FCD0FFF78CFDA04240F0AA80084613
S21403D46002F0DEFF6E4B1C606E4B1D6F15F4E05230
S21403D47040F0A18024F07F4424F0DF040CB9FFF7CA
S21403D48037FF4FF0807418F0020F4FF0000514D0EA
S21403D490644B5D491B6F03F460420A67002A00F081
S21403D4A09E801D0400F19E8013F4005F0CBF4FF0B6
S21403D4B000534FF0006300251C43C8F340384FEA7F
S21403D4C04808594B3340002B4AD016F4206F0AD035
S21403D4D040F2BC5206210020FAF7A6FD002000F019
S21403D4E0D3FE26F48026F00506D5FF22464B44F4E9
S21403D4F0C0649A60FFF750FD16F0090F0AD040F299
S21403D500D15208210020FAF78FFD00F0B1FE012268
S21403D510394B1A6316F0106F0CD040F2DA52092119
S21403D5200020FAF781FD00F0A3FE00221146104604
S21403D530FCF7CCFE16F4202F0AD040F2E252072165
S21403D5400020FAF771FD002000F09EFE26F48026E8
S21403D550F10301D5FCF7FEFF002EB8BF48F008081C
S21403D56072070DD5244BDB6A13F4005F4FF40053A8
S21403D57017BF224A2D4AD36244F4000408BFD3627D
S21403D580730548BF44F0040416F48023019300F0A7
S21403D590B380FCF797FF0138062849D8DFE810F078
S21403D5A03A013D013A014001430146014601BB46AB
S21403D5B03AE7044647E70192FFF79AFE124B019AB1
S21403D5C01A6715F4805307D115F4806F0CBF4FF01C
S21403D5D080544FF0806456E74FF0804453E74FF093
S21403D5E0007368E74FF0004365E74446454668E73F
S21403D5F0004000B8006000B80040005400600054CB
S21403D600004001B8006001B8002002B800E100E065
S21403D61000C001B800E001B810730020E849040018
S21403D62008730020000002B8090B0B890050005451
S21403D63040F2136203210020FAF7F6FC0121844A24
S21403D640936ED2F8880003F00703063301FA03F358
S21403D650C0F30C001B1A9BB2072B12D97D4B1B6F12
S21403D66058020ED47C48936B926D406D58B103F00C
S21403D670070306339940C2F30C03C91A89B2072974
S21403D68001D844F40074754B1B78002B34D0704BD0
S21403D690D3F8E03013F4A02F2ED1714B714A1B78C8
S21403D6A093B9FB0410D4137873B1E3086E4943EAC5
S21403D6B0457383F00103D1F8D81E03F001035B0022
S21403D6C021FA03F3980717D10420FDF71FFE674BD3
S21403D6D06749596700F01EFB624A137843B9654BE6
S21403D6E01B782BB1644B654A1B682340134201D158
S21403D6F044F4804427F48057BAF1000F1DD01AF47F
S21403D700805F18BF44F480241AF4807F18BF44F463
S21403D71000241AF4005F18BF44F010041AF4007FC4
S21403D72018BF44F020041AF4806F18BF44F0400476
S21403D7301AF4006F18BF44F08004B9F1000F48D004
S21403D74019F4001F0AD04E4B1B683BB1414A4D48A3
S21403D750116F00680022C1F3C061984719F4802F47
S21403D76018BF45F4007519F4803F18BF44F480547D
S21403D77019F4801F18BF44F4003419F4800F18BF3F
S21403D78044F0020419F4003F18BF44F4801419F45B
S21403D790000F18BF45F0100519F4002F19D03A4BA7
S21403D7A0D3F8A03013F0C00F13D02A4AD368C3F3BC
S21403D7B00363032B01D0072B05D1536FD90602D47D
S21403D7C0936F1A0735D54FF40022304B29F40029FE
S21403D7D0DA61002F00F027813B0540F18D802C494C
S21403D7E0224A91F803A02B4BBAF1000F58D04FF4FE
S21403D7F000600AF1FF3A58665FFA8AF3CB7033B9D2
S21403D800254B1B78C3B140F60142244B5A670023CD
S21403D81000226FE044F4803410E744F400640DE71C
S21403D82044F480640AE744F4807407E744F0080489
S21403D83004E744F40014CCE7936F13F4A05F15BF1A
S21403D8404FF4807340F6014393659367DFE700BFA9
S21403D85000400054000002B8004000B86673002081
S21403D8606573002068730020001000B000C001B884
S21403D8700000010167730020186D0020088D010069
S21403D88040720020E46F0020001E00B0002002B8A3
S21403D8905373002000E001B86373002000D001B882
S21403D8A00320FDF733FD954A954B526912F0060F98
S21403D8B07BD05046FDF7E4FE4FF40061904B8F4A51
S21403D8C0596653698F4813F0060308BF9367438A64
S21403D8D08D4913F400626CD023F4006343820B7803
S21403D8E003F0FF0A002B68D1FDF7B8FFFFF700FD32
S21403D8F0534620221C431543B80009D52E20FDF7B6
S21403D90051FC4FF000527E4B45F008051A675A66E5
S21403D910F90608D52B20FDF745FC1022784B45F475
S21403D92000151A675A6617F0306F05D1FA046ED5DC
S21403D930BBF1000F00F0CD803B011BD52920FDF77E
S21403D94031FC6E4B5B6C13B11022704B9A60704BBC
S21403D9507049DB6803F48042C3F380330B70FFF730
S21403D96047FB28B16C4B66496C484B6603673ABB6A
S21403D97045F0040517F0007B2FD00420FDF7C6FC06
S21403D9802720FDF70FFCFFF7B3FC4FF000725C4B4C
S21403D9905A66634BD3F8D83E590600F181800222BB
S21403D9A05A4B9A6045F002052EE041F61F725A67FD
S21403D9B082E70B784FF400539CE74FF4004327E7C6
S21403D9C00B6720204B66FDF7EDFB45F400152D2075
S21403D9D045F00C05FDF7E6FBCCE717F0807FDFF894
S21403D9E01CA148D00420FDF791FC2820FDF7DAFBA4
S21403D9F0DAF87830002B3BD1FFF77AFC404B464AE7
S21403DA0045F001051A675A6600223C4B9A657A056B
S21403DA1009D5444A9378002B00F0D780013B9370D6
S21403DA20002348EA0308404BD3F8A0301B0603D56F
S21403DA3020462946FCF776FA424620462946FFF753
S21403DA40BFFA019B0BB1FCF773FD0122374B06F0BF
S21403DA500436C3F8E060364B19F4002FC3F884216C
S21403DA601EBF4FF40022294BDA6105B0BDE8F08FE4
S21403DA70CAF878B0C2E7F804C6D50420FDF746FC1A
S21403DA802C4BCAF87430FDF7E9FEDAF8643013F06D
S21403DA90407FB9D12A20FDF785FBFFF729FC78E7FD
S21403DAA0214BD3F8A02092063FF57CAF0221224AF1
S21403DAB09160224A126892F82520D0077FF572AF4C
S21403DAC093F8C430002B3FF46DAF8022104B1A61DD
S21403DAD068E71B4B1B68013302D044F0010496E74A
S21403DAE0104A137983B3013BDBB2137113B90B4BA3
S21403DAF0144A5A6700231C4389E700BF00C001B8D5
S21403DB0000E001B81073002063730020002002B801
S21403DB10000002B8627300201000002000D001B895
S21403DB20001000B053730020001E00B000600054C5
S21403DB3000E100E000000101001002B8E46F0020DD
S21403DB40707500200000010D0420FDF7DFFB0320A5
S21403DB50FDF7DCFB1F4B204A5A6702F066FC824641
S21403DB600DF10F00FEF7A4F91C4B83461B780BB18F
S21403DB70FFF712FABBF1030F0ED1DFF86CB00020EB
S21403DB80FEF796F9032807D1DBF87430D903F6D4E9
S21403DB90DBF85C300C2BF2D99DF80F30032B06D143
S21403DBA001220F4B50461A7002F03AFCA2E70D4BC7
S21403DBB0D3F8E03013F4A02FF2D100F0ABF85046C0
S21403DBC002F02EFC4FF4804395E70220FDF79EFB00
S21403DBD0012326E700C001B8000001016973002095
S21403DBE06573002000400054000002B80122024B77
S21403DBF01A62DA61704700BF002002B80D4B10B5F9
S21403DC00DC691A6A14400C4A24F47F01D161E207E6
S21403DC1006D5D9684FF0FF30C1F3036102F06EF802
S21403DC20630706D5BDE81040042200200021FFF755
S21403DC30C7B910BD000002B8002002B80C4A08B5E8
S21403DC40936B526C13400B4A9363DB070FD50A4B57
S21403DC5040F66D021878122100F00100FAF7E4F995
S21403DC60BDE80840002201200021FFF7A9B908BD3E
S21403DC7000C000B800E000B8186D0020054AD2F8CE
S21403DC808430DB07FBD4936FD2F884201340024A18
S21403DC9093677047008001B800A001B808B502F08A
S21403DCA0C4FB0E4B1A78A2B90D4A126812F4843FCD
S21403DCB00FD10C4A1021D1671B7863B9084B1B6838
S21403DCC0DB0508D4074B2022DA67BDE8084002F0DC
S21403DCD0A7BB054AEEE7044BF5E700BF66730020D3
S21403DCE0186D0020002002B8001002B810B502F02C
S21403DCF09CFB0E2104460320FEF720F840F2012287
S21403DD00034B2046BDE81040DA6202F089BB00BF31
S21403DD10004000B80022044B1A70044B197811B166
S21403DD201A70FFF7BBBF7047657300206673002049
S21403DD3008B502F07AFB4FF00042224BC3F880206E
S21403DD40BFF34F8FBFF36F8F0122C3F88420BFF357
S21403DD504F8FBFF36F8F0222C3F88420BFF34F8F1A
S21403DD60BFF36F8F0422C3F88420BFF34F8FBFF334
S21403DD706F8F0822C3F88420BFF34F8FBFF36F8FD4
S21403DD801022C3F88420BFF34F8FBFF36F8F202278
S21403DD90C3F88420BFF34F8FBFF36F8F4022C3F8BF
S21403DDA08420BFF34F8FBFF36F8F4FF48072C3F897
S21403DDB08420BFF34F8FBFF36F8FBDE8084002F098
S21403DDC02FBB00BF00E100E008B502F02EFB4FF0CA
S21403DDD00042094B1A6001225A6004225A60082244
S21403DDE05A6010225A6020225A6040225A60BDE8C8
S21403DDF0084002F015BB00BF00E100E02DE9F04744
S21403DE00DDF820A003EA0108099B06460C4602EA51
S21403DE10000703EA0A09BAF1000F40F04E81031F18
S21403DE200B4300F00E81052871F1000380F0E480B7
S21403DE3050EA010300F06081431E0B4300F0248187
S21403DE40FFF776FFAD4AD2E9005323EA040325EA37
S21403DE5006053D4343EA0807A94BC2E900571E6877
S21403DE60DFF8F48226EA0A0646EA09061E60FFF78A
S21403DE7015FF15F02A4F14BF48F202034FF4004370
S21403DE80A04AB007D26EA04848BF43F4005383EAC3
S21403DE90020122EA0302C2669C4A0B408166D366ED
S21403DEA0C5F380421203290348BF42F48072EB068F
S21403DEB048BF42F40052964BAC0648BF42F4007289
S21403DEC06806D3F80C3248BF42F48062290648BF7E
S21403DED042F400628F4882EA030123EA0203C0F891
S21403DEE00C328D4B0A40C7F34024A404C0F8081232
S21403DEF0C3F80C22EA0448BF44F48034AB0348BF9B
S21403DF0044F48014A80748BF44F4800415F4001FA3
S21403DF1006D0D8F8000001F00DFF08B944F4002439
S21403DF20E90248BF44F40034FA0648BF44F4000448
S21403DF3073077A4B48BF44F004041A6A44F4001487
S21403DF4084EA020323F0010375491A400A621C405F
S21403DF50CB61744B16F0010F1C62734B734A18BFE8
S21403DF601A46734B7C071B6F48BF42F0006271482A
S21403DF7082EA030123EA020303676F4B0A40416602
S21403DF801A676E4A05F00103516CA0F5803081EAEA
S21403DF90030221EA0301416482631A40684B2802A4
S21403DFA05A64D8F8002048BF664B92F8022158BF3F
S21403DFB0654B690748BF43F4806322B115F4C06F0D
S21403DFC018BF43F480733207604A48BF43F00043E8
S21403DFD0D2F8EC105E4883EA010222F4A022114034
S21403DFE0C0F8EC101340C0F8E0205A4ABDE8F047EA
S21403DFF0C2F8EC30FFF7E8BEA0F580630B4306D00B
S21403E00020F48063A3F500730B437FF419AF02F08B
S21403E0100CFA3A49D1E9003223EA060322EA04025B
S21403E02042EA08023B43C1E900324B4A126892F8BF
S21403E0300211474A09B313F4C06F1ED04FF480731E
S21403E04011E002F0F2F92D4AD2E9003123F004037D
S21403E0503B4341EA080157EA0807C2E900314FF497
S21403E06080633B4A0BD0C2F8E030A2F58052C2F878
S21403E070EC30BDE8F04702F0D3B94FF48073C2F832
S21403E080EC30C2F8E030F4E702F0CFF91B4AD2E9ED
S21403E090003123F001033B4341EA0801C2E90031A2
S21403E0A001232E4A57EA08071BBF9363A2F5805243
S21403E0B05364536408BF9363DBE750EA01037FF4BA
S21403E0C0BFAEBAF1010F7FF4BBAE02F0AEF90C4A55
S21403E0D0136823F0010343EA090313604FF48063D4
S21403E0E0144AB9F1000F04D05366A2F580521367A1
S21403E0F0BFE713675366BCE7BDE8F087186D0020DB
S21403E1000C730020004000B8006000B8005000B850
S21403E110004001B8006001B8005001B8000002B822
S21403E120002002B8001002B8041C00030418000301
S21403E13000C001B800E001B800D001B800C000B8C4
S21403E14000D000B80D0A0A09090A0A09004000545B
S21403E1500060005400500054E46F002000E000B854
S21403E160024B186800F00100704700BF186D0020CE
S21403E170024B5868C0F3C030704700BF186D0020CC
S21403E1800A4B197801F0FF0229B1002119700849DA
S21403E1909202C1F8B420597801F0FF0229B1002198
S21403E1A059709302024AC2F8B83070476073002071
S21403E1B0005000B84FF40062034B1A674FF4004256
S21403E1C0A3F5E0339A667047001002B8F8B5084C1A
S21403E1D0084D236F0423084F2B67236F5B0300D47C
S21403E1E0F8BD042602203E6701F0E8FC2E67F4E73C
S21403E1F0000002B8001002B8002002B838B5044682
S21403E20071B948B1174AD3681B0E13F00E0F04D02A
S21403E2104FF4C062144BDA6238BD93689A06F7D49B
S21403E220FFF764FD0F4D0020FDF742FE032801D0E3
S21403E230092805D16B6FDB03F5D4EB6D0C2BF2D9F4
S21403E240FFF7C4FF4FF40072084BDA62012203F5AE
S21403E250E8335A61042203F580531A67002CDBD097
S21403E260D6E700BF000002B8006001B8004000B85F
S21403E27008B503210920FDF761FD2022014B1A6131
S21403E28008BD00BF000002B838B5054602F0CDF859
S21403E2900E4B04461868FCF741F835B1FFF73AFD14
S21403E2A02046BDE8384002F0BBB8094B1B78002B6C
S21403E2B0F6D0084B1D78002DF2D1FFF72BFD2A462A
S21403E2C04FF480400021FEF77BFEE9E7E46F002071
S21403E2D065730020647300202DE9F84F584B0646FB
S21403E2E00D4614461B6F002A40F0A78013F0A00FBC
S21403E2F014BF4FF001094FF00009FBF745FDA023BB
S21403E3004FF0000ADFF854810320C8F87030FCF79A
S21403E310FDFF0420FCF7FAFF4A4FFFF7FBFC4A4BCE
S21403E3204FF0040B7B67C7F878A0FFF74FFF474B08
S21403E3304FF48071D3F8A020454842F02002C3F87A
S21403E340A020FF22C8F808203D4A1161D0F8D82E35
S21403E35040491140C0F8D81EC8F870B0C3F8ACA046
S21403E3607B6913F0060F04D0FDF778FA5846FCF7DE
S21403E370CDFFB9F1000F01D0FFF71CFF66B1364B96
S21403E380DB6C180701D4FFF7B1FCFFF771FF04201D
S21403E390FCF7BCFFFFF7F4FE294B5A69D10747D5B4
S21403E3A0DA6812F0706FFBD12C4B2D4A1A672D4A90
S21403E3B0D36B23F0F003D36315B12046FFF764FF56
S21403E3C0294BD3F84C315A1C01D05B0002D50122ED
S21403E3D0224B5A6164B3204BDA6E03F500539A66F8
S21403E3E003F5D0331B6A1D4A23F00103D3611F4B89
S21403E3F0D3F80C1203F50053C3F8081203F50053C1
S21403E400D3F8841003F500539967194BD3F8EC102F
S21403E41003F50053C3F8E010164B596C03F500538D
S21403E4209963154903F5803359664FF60843136716
S21403E4300020BDE8F84FFBF76DBD4FF000095CE721
S21403E440000002B800C001B800000101001E00B0C1
S21403E450001000B0DF0000FF004000B8002002B844
S21403E46010003000001F00B00080E00F004001B82D
S21403E4700040005400C000B85000002F38B51446C2
S21403E4800D4601F0D2FF064BD3F8A02054402C4093
S21403E4905440C3F8A040BDE8384001F0C1BF00BFF8
S21403E4A0001E00B0034BD3F8A03099430CBF0120E5
S21403E4B000207047001E00B02DE9F04117460A43BE
S21403E4C0012A1D469DF818409DF81C60DDF8208043
S21403E4D029D8B44227D2082E25D8032B23D8B8F13F
S21403E4E0000F20D00A460021FAF792FFFF21EB0027
S21403E4F09940C943DFF834C008F1FF38FF00E2B2A1
S21403E500964202D80020BDE8F0813D190CEB850544
S21403E510D5F8E02018F8010F0A4098401043C5F8D4
S21403E520E0000134EBE72120EDE700BF001E00B05A
S21403E53053B94AB9002908BF00281CBF4FF0FF3162
S21403E5404FF0FF3000F082B9ADF1080C6DE904CE50
S21403E55000F006F8DDF804E0DDE9022304B07047B6
S21403E5602DE9F04F099D0C46002B4DD18A420F46EC
S21403E57084469646B2FA82F360D94BB102FA03FE9A
S21403E580C3F120029F4000FA03FC20FA02F217436D
S21403E5904FEA1E461FFA8EF44FEA1C42B7FBF6F10B
S21403E5A006FB117701FB04F042EA0742904208D9C2
S21403E5B01EEB020201F1FF3702D2904200F23181D4
S21403E5C03946121A1FFA8CFCB2FBF6F006FB102231
S21403E5D000FB04F44CEA024C644508D91EEB0C0C11
S21403E5E000F1FF3202D2644500F21E81104640EA73
S21403E5F00140ACEB040C002125B12CFA03F30022F6
S21403E600C5E90032BDE8F08F8B4205D90DB1C5E9E7
S21403E610000100210846F5E7B3FA83F100294DD13E
S21403E620A342C0F0F380904280F0F0800646234673
S21403E6300846002DE6D0C5E90063E3E7002B40F06B
S21403E640A3808A1A4FEA1E471FFA8EF60121B2FBF1
S21403E650F7F407FB14204FEA1C4242EA004206FB8B
S21403E66004F090420FD91EEB020204F1FF382CBFD0
S21403E6704FF001094FF00009904203D9B9F1000F9A
S21403E68000F0CC804446121A1FFA8CFCB2FBF7F05B
S21403E69007FB102200FB06F64CEA024C664508D937
S21403E6A01EEB0C0C00F1FF3202D2664500F2B3807B
S21403E6B01046ACEB060C40EA04409DE7C1F1200689
S21403E6C08B4004FA01FE22FA06F720FA06FCF44011
S21403E6D08A401F434EEA0C0300FA01FE4FEA17482E
S21403E6E04FEA13491FFA87FCB4FBF8F008FB104403
S21403E6F049EA044400FB0CF9A1450ED93C1900F184
S21403E700FF3A2CBF4FF0010B4FF0000BA14503D986
S21403E710BBF1000F00F08B805046A4EB09041FFAF0
S21403E72083F9B4FBF8F308FB134403FB0CFC49EA38
S21403E7300444A44506D93C1903F1FF3801D2A44585
S21403E7407BD8434643EA0040A4EB0C04A0FB0298A4
S21403E7504445CC46434602D306D1CE4504D20138BF
S21403E760B9EB020C68EB0703002D6CD0BEEB0C0272
S21403E77064EB030422FA01F304FA06F6CC40002104
S21403E7801E43C5E900643DE702FA03FEC3F1200118
S21403E79004FA03F200FA03FCCC404FEA1E4720FAC1
S21403E7A001F11FFA8EF6B4FBF7F00A4307FB104499
S21403E7B0110C41EA044100FB06F48C420ED91EEB11
S21403E7C0010100F1FF382CBF4FF001094FF000099B
S21403E7D08C4202D9B9F1000F2CD04046091B92B2E5
S21403E7E0B1FBF7F407FB141142EA014204FB06F1FE
S21403E7F0914207D91EEB020204F1FF3801D291427F
S21403E8001ED84446521A44EA004120E7861A64EBAF
S21403E810030301200DE7F44402384AE7023C72443E
S21403E82031E702397244CCE6F4440238DFE60238B4
S21403E8303C4472E702387144D0E7023B3C4481E72C
S21403E840023C7244DEE72946DCE600BF704700BFA1
S21403E85010B50C46B1F90E10F8F738FE0028ABBF1A
S21403E860636DA3891B1823F48053ACBF6365A38130
S21403E87010BD2DE9F0411F468B8905460C46DB0586
S21403E880164605D502230022B1F90E10F8F70CFE42
S21403E890A3893246B4F90E10284623F48053A38185
S21403E8A03B46BDE8F041F8F743BB10B50C46B1F95B
S21403E8B00E10F8F7F9FD431CA38915BF606523F412
S21403E8C0805343F48053A38118BFA38110BDB1F9CD
S21403E8D00E10F8F7D9BD2DE9F843074688461446C7
S21403E8E00026D4E90195B9F1010905D52468002C61
S21403E8F0F7D13046BDE8F883AB89012B07D9B5F9C4
S21403E9000E30013303D029463846C04706436835E0
S21403E910E9E702440346934200D1704703F8011B1C
S21403E920F9E77047704770479368013B002B936085
S21403E93010B408DA9469A34201DB0A2903D15DF80F
S21403E940044B00F01AB81368581C10600846197078
S21403E9505DF8044B7047F8B506460F461446D518BF
S21403E960AC4201D1002007E03A4614F8011B3046BA
S21403E970FFF7DAFF431CF3D1F8BDF8B50E4614468D
S21403E980054618B1036A0BB9F8F7A8FAA369A3609A
S21403E990A3891A0701D5236943B921462846F8F700
S21403E9A0F1FB18B14FF0FF373846F8BD2368F6B2CF
S21403E9B022693746981A6369834205DC214628464E
S21403E9C000F00EF90028EDD1A368013BA36023688D
S21403E9D05A1C22601E70431C62699A4204D0A389A3
S21403E9E0DB07E1D50A2EDFD12146284600F0F8F8EA
S21403E9F00028D9D0D6E72DE9F047164698468A6808
S21403EA0007460B690C46DDF820909342B8BF1346C1
S21403EA10336091F843200AB10133336023689906C3
S21403EA2042BF336802333360256815F0060506D106
S21403EA3004F1190AE36832689B1AAB422BDC94F89C
S21403EA4043302268003B18BF0123920630D404F1FA
S21403EA50430241463846C847013023D023681A3458
S21403EA6054F80A2C03F00603042B0ABF54F80E5C72
S21403EA70002533684FF0000608BFED1A54F8123C21
S21403EA8008BF25EAE5759342C4BF9B1AED18B54245
S21403EA901AD1002008E00123524641463846C847AB
S21403EAA0013003D14FF0FF30BDE8F0870135C1E7F1
S21403EAB0E1185A1C30200233224481F8430094F8AC
S21403EAC0451082F84310C2E70123224641463846E2
S21403EAD0C8470130E6D00136D9E7B1F90C202DE955
S21403EAE0F041170705460C4656D44B68002B02DC4C
S21403EAF00B6C002B3DDDE66A002E3AD0002312F4A1
S21403EB0080522F68216A2B6025D0626DA38958072F
S21403EB1005D56368D21A636B0BB1236CD21A216ACC
S21403EB200023E66A2846B047411C24D000236360CE
S21403EB3023692360A389DA0400D56065616B2F60BF
S21403EB40B9B104F14403994202D02846CFF791FCA9
S21403EB50002363630DE001232846B047461C0246A4
S21403EB60D4D12B68002BD1D01D2B01D0162B2AD144
S21403EB702F6000202EE02A68B4F90C3042B11D2A1B
S21403EB8001D0162A21D10023636023692360D5E7C9
S21403EB90626022692260CEE70F69002FE9D09307EF
S21403EBA00E680F600CBF4B690023A6EB07088B604B
S21403EBB0B8F1000FDDDD43463A46216A2846A66AC9
S21403EBC0B047002808DCB4F90C3043F040034FF09C
S21403EBD0FF30A381BDE8F0810744A8EB0008E7E710
S21403EBE038B50B6905460C4613B90025284638BDCB
S21403EBF018B1036A0BB9F8F771F9B4F90C30002BA6
S21403EC00F3D0626ED00704D4990502D4A06DFFF743
S21403EC1089FE28462146FFF760FF636E0546DA073E
S21403EC20E4D4A3899B05E1D4A06DFFF77CFEDDE762
S21403EC30C9B20346024410B59342184601D10020D8
S21403EC4003E0047801338C42F6D110BD062008B5E4
S21403EC50F8F74EFC0120CCF7A5FF884210B501EB70
S21403EC60020402D98442234607D8431EA14208D091
S21403EC7011F8012B03F8012FF8E7024401468A42F4
S21403EC8000D110BD13F8014D02F8014DF7E770B53A
S21403EC900C46B1F90E1096B0154600291E460CDA3E
S21403ECA0A389002113F0800F14BF40234FF4806321
S21403ECB0002031602B6016B070BD6A46F8F720FC62
S21403ECC00028EDDB019901F47041A1F50053594288
S21403ECD059414FF48063EBE78B89F7B59D070646EA
S21403ECE00C4607D504F147032360236101236361C0
S21403ECF003B0F0BD01AB6A46FFF7C9FF009F0546A8
S21403ED0030463946CFF7AAFB48B9B4F90C309A0512
S21403ED10EED423F0030343F00203A381E2E7A389BF
S21403ED20206043F08003A381019BC4E904075BB121
S21403ED30B4F90E103046F8F7F5FB28B1A38923F093
S21403ED40030343F00103A381A3891D43A581CFE7F2
S21403ED500A44431E914200D1704710B511F8014B87
S21403ED60914203F8014FF9D110BD1F2938B5054666
S21403ED700C4604D9162303604FF0FF3038BDC26B30
S21403ED8012B152F821304BB9284600F016F8224645
S21403ED9001462846BDE83840F8F7D4BB012B0AD015
S21403EDA0591C03D1162303600120E7E70021204600
S21403EDB042F8241098470020E0E7CCF7F6BE10F898
S21403EDC0012B11F8013B012A28BF9A42F7D0D01A2B
S21403EDD07047034611F8012B03F8012B002AF9D1DB
S21403EDE0704730B514469BB005461A46002C05DA24
S21403EDF08B2303604FF0FF301BB030BD4FF402731C
S21403EE00009104916946ADF80C3014BF04F1FF334A
S21403EE102346029305934FF6FF73ADF80E301E9B01
S21403EE20F8F7F4FB431CBCBF8B232B60002CE3D00A
S21403EE30009B00221A70DFE7C9B20346184613F890
S21403EE40012B12B18A42F9D17047002918BF00205E
S21403EE5070470139034610B532B111F8014F013A34
S21403EE6003F8014B002CF7D11A440021934200D13A
S21403EE7010BD03F8011BF9E7034613F8012B002A1C
S21403EE80FBD1181A013870470A7870B56AB970BD95
S21403EE909A4209D10C46054614F8013F002BF6D0DA
S21403EEA015F8016F9E42F7D001300378002BEFD19F
S21403EEB01846ECE72DE9F0471F468E6882460C4657
S21403EEC0BE4290460B682DD8B1F90C2012F4906F11
S21403EED026D06569096905EB4505A3EB01097B1C8B
S21403EEE005EBD5754B446D109D4238BF1D46530543
S21403EEF027D52946CFF7B2FA064660B34A462169B4
S21403EF00FFF726FFA38923F4906343F08003A381CE
S21403EF1026614E446561A5EB090526603E46A5605D
S21403EF20BE4200D93E46324641462068FFF795FE6C
S21403EF30A36800209B1BA360236833442360BDE8BB
S21403EF40F0872A46CFF7C4FA06460028E0D121699F
S21403EF505046CFF78EFA0C234FF0FF30CAF8003036
S21403EF60A38943F04003A381E9E702207047022008
S21403EF7070470020704701207047002070470E201E
S21403EF807047FAF745BF08461146012200F07EB8DF
S21403EF9070B50C4611461A46F8F746FC059B049EC8
S21403EFA00493456933462046AC46BDE87040604747
S21403EFB010B5F8F739FCBDE81040836908461847D2
S21403EFC000F06FBBF9F724BEFAF73AB800F0DFB8E3
S21403EFD000F0F0B8FAF7F6B870B504460D461646D4
S21403EFE04FF4881100F016F9324629462046BDE84C
S21403EFF07040FBF753B8431E012B03D9031F584237
S21403F000584170470120704700F08EBD4FF4D87208
S21403F0100021FFF77EBC70B50446FAF769F905468A
S21403F020A8B9A169F1B1238AD3B1204604F110022D
S21403F030F9F7CCFF38BBE16919B3638AA3B120465D
S21403F04004F1120200F0A4FB78B1054603E00023A6
S21403F050A3612361E361002328466361236270BDD5
S21403F060A061E8E72082E6E7E361216A0029F2D09F
S21403F070A28A002AEFD02046E38ABDE8704000F05B
S21403F0804CBB6182F1E76582E561DEE7FAF7A0BA79
S21403F0900A7838B505461046FFF7ADFF60B14C78E1
S21403F0A02046FFF7A8FF38B12243530704D4284667
S21403F0B0BDE83840F9F744BC212038BD10B50446F6
S21403F0C00878FFF798FF58B14A781046FFF793FF82
S21403F0D030B1042A04D02046BDE81040F9F74EBCF0
S21403F0E0212010BD00F02DBA084600F0D3BC7047AF
S21403F0F011B9D0F8E81021B1CB6813B18B68D88961
S21403F10070474FF6FF70704710B5F8F799FC044642
S21403F11008B900F00DFD204610BDF9F7A3BA00F0BC
S21403F1205CBAD0F8EC300BB90E2070474FF6FF727E
S21403F130C38D93420B80F7D000207047F8B5064680
S21403F1400D46F8F77DFCD8B94FF6FF734FF0240C45
S21403F150EF68C1B28F4208D81C4621463046F8F7FE
S21403F1603BFE00F0E5FC2046F8BDAA680CFB012236
S21403F170D4899C4202D2002CEFD023460130E8E724
S21403F1804FF6FF74EFE7C08D704700F017BA38B537
S21403F19004460D4600F0B2F850B129462046F8F76B
S21403F1A01BFE30B929462046BDE83840F9F7D4BAE5
S21403F1B00E2038BD70B504460D46164600F09EF880
S21403F1C058B129462046F8F707FE38B9324629468D
S21403F1D02046BDE87040FDF77DBF0E2070BD00F0F1
S21403F1E001BBF9F7E5BB00F02ABA002070470846D2
S21403F1F0FBF772BE00F0F9BA38B504460D4601F0C7
S21403F20014F90023C4F89C50C4F89830BDE838407D
S21403F21001F006B938B504460D4601F006F9D4F8F0
S21403F2209C301D40D4F8983023EA0505C4F898505E
S21403F23001F0F6F8284638BD73B50D7806460C4639
S21403F24035B304238DF804302379304601A98DF8AD
S21403F2500530FFF733FF0546B8B92278A37952BBCA
S21403F2608DF80430E379304601A98DF80530FFF7B1
S21403F2700FFF054648B923783BB161883046F9F756
S21403F28055FD0121304600F0EEF9284602B070BD68
S21403F290294600F0E8F92946304600F00CFA2946DC
S21403F2A0304600F010FA2378002BCAD123798DF864
S21403F2B004306379C9E702228DF80420D3E7F9F70F
S21403F2C06DBEFBF765B90846FBF714BAF9F768BDD8
S21403F2D000F001BA0B4610B514461846A16892888A
S21403F2E0FFF736FDE168034631B1A0886288121A3B
S21403F2F092B21844FFF72CFD002010BD0346408A47
S21403F30018B1188A003818BF012070470846FBF763
S21403F310EFBE431C08BF0020F9F7E0B910B504465A
S21403F32000F06EF820B92046BDE81040F8F758BF45
S21403F33010BD00F03CBC2DE9FF41984604460E463E
S21403F340174601F07BF805462046FFF7E7FF0A9BC2
S21403F3503A4602930023314601932046CDF80080B7
S21403F360F8F78CFF0446284601F063F8204604B0FD
S21403F370BDE8F08138B5044601F060F8054620463E
S21403F380FFF7CCFF2046F8F757FF0446284601F060
S21403F39050F8204638BD38B5044601F04FF8054608
S21403F3A02046FFF7BBFF204600F039F80446284600
S21403F3B001F03FF8204638BD38B5044601F03EF864
S21403F3C005462046FFF7AAFF204600F02EF804461F
S21403F3D0284601F02EF8204638BD70B504460E4682
S21403F3E001F02CF805462046FFF798FF31462046E5
S21403F3F0F8F790FF0446284601F01BF8204670BD38
S21403F400F8F728BE10B501F019F8044600F015F811
S21403F410F8F746FE2046BDE8104001F00AB802465B
S21403F42008B5F8F717FE507D08BD024608B5F8F78D
S21403F43011FE507D80F0010008BD00F0B8BBF9F75F
S21403F440C7B900F0C7B800F0CDBA00F019BA022A5F
S21403F45001D800F03BBA21207047022A01D800F0F9
S21403F46046BA21207047022A01D800F053BA212059
S21403F470704738B504460D4600F025FA28B12946EC
S21403F4802046BDE8384000F055BA022038BD70B5B6
S21403F49004460D46164600F016FA30B132462946A3
S21403F4A02046BDE8704000F05CBA022070BD0E2016
S21403F4B0704738B504460D4600F005FA28B12946CC
S21403F4C02046BDE8384000F07DBA022038BD38B586
S21403F4D004460D4600F0F7F928B129462046BDE854
S21403F4E0384000F077BA022038BDFAF777BD0346F6
S21403F4F09B8E08469342114601D3FAF78DBD212011
S21403F500704700F07EBA00207047002070477047AF
S21403F510D0F8A03003F06003402B0DD0602B03D04F
S21403F520203B58425841704749B10B68012B06D916
S21403F530486940F00100704740F201107047002010
S21403F5407047F7B504461046D4E958C7DDE90826E0
S21403F5508CEA020587EA06010540194085EA0C0590
S21403F5607940C4E95851002523F4004106EA010313
S21403F57020F0010043F40073024043F002030195B8
S21403F5800095FEF73BFC94F824309A0713D5D4F87D
S21403F59064319B050FD54FF48811204600F0B5FB68
S21403F5A094F82430024665F3410384F82430204659
S21403F5B00B46F9F745F8002003B0F0BD30B4D0F899
S21403F5C0A0300A4023EA01031343C0F8A03030BC3E
S21403F5D0FAF7B4B80220FBF79BBF08B5D0F8F030B3
S21403F5E04BB11A68022A06D993F825204AB1186A3D
S21403F5F0B0FBF2F008BD40F62B324C210020F8F7A2
S21403F60013FD0020F6E7D0F8F02008B57AB11368AA
S21403F610022B0CD9536A13F47F4FC3F3072106D08A
S21403F620126ADBB253438B42B3FBF1F006D20020DF
S21403F63040F64A324C21F8F7F7FC002008BD034693
S21403F640B3F83E2108468A4203D0A3F83E11FBF7DF
S21403F650DDB80020704790F83C310C2B14BF90F8AF
S21403F6602B00FF20704738B50C464FF40061054663
S21403F670FEF718FF60B16CB195F82A3163B94FF401
S21403F68080722846BDE838404FF48071FEF7F6BE18
S21403F6902202F6E72246F4E738BD4FF48071FEF700
S21403F6A001BF10B50023F9F79FF9044608B9FDF723
S21403F6B0FBFC204610BD08B54A024FF40071FEF766
S21403F6C0DDFE002008BD08B58A024FF48061FEF710
S21403F6D0D5FE002008BD70B506468D880C46F9F7A2
S21403F6E0FDF896F82720EB00023A012A98BF033369
S21403F6F088B1B3F5803F0ED84FF22441420901FB8F
S21403F70003230009B3FBF0F322680020D21A052373
S21403F7102260A37170BD0220FCE7B2F5805FF8B5E6
S21403F7200F460646154619462ED89A422CD33F2A2C
S21403F73026D9B2FA82F40122C4F11F03DBB29A403F
S21403F74092B2AA422CBFC4F11904C4F11A04E2B25D
S21403F7500124931DDBB29C40A4B2AC4212D096F8AF
S21403F76001319BB9012096F8243060F3C71386F85D
S21403F77024303846FAF728FD00203762B582F8BDF4
S21403F7800022ECE70020EEE72120F8E70E20F6E75C
S21403F79070B505460E46144602B313883F2B1DD993
S21403F7A0B3FA83F3C3F11901C9B2062901D8192B99
S21403F7B012D0062928BF062101238A1DD2B2934000
S21403F7C030462380FAF720FD23882846EE616B82B5
S21403F7D0FAF7A4FD002070BD0021EDE72120FAE72B
S21403F7E00020704790F82D00704708B50B46062298
S21403F7F000F59E711846FFF7ABFA002008BD0429F2
S21403F800F8B505460C460AD10026F7B23846FBF78C
S21403F810CBF808B13C4602E00136042EF5D120466B
S21403F820FBF7C2F858B195F83C31A34209D085F8E6
S21403F8303C4105F59E70BDE8F840FAF7EDBF212080
S21403F840F8BD0020FCE70022FAF782B8A0F84A3099
S21403F850BDF90030C0F89410A0F84820A0F84C304A
S21403F86000207047FAF7BEB910B5144608460121C2
S21403F870FCF7C4F92046BDE810400121FCF7BEB9E9
S21403F88070B5044615460E4609B9212070BD130609
S21403F89017D400F04EF931462046FFF74FFC4FF6DB
S21403F8A0FF739842F1D000F044F920464FF400313C
S21403F8B00022FEF7E3FD29462046BDE87040F9F72F
S21403F8C081BE0E20E2E78021FEF7ECBD7FB5531C18
S21403F8D005AA0292022201920022ADF814100092A9
S21403F8E01146DBB2FEF7E8FD07B05DF804FB7FB513
S21403F8F0531C05AA4FF0040C02920222ADF8141012
S21403F900CDE9002C01210022DBB2FEF7D5FD07B0BE
S21403F9105DF804FB1FB54FF0080C531C0022CDE91D
S21403F920002C01220291DBB21146FEF7C5FD05B09D
S21403F9305DF804FB08B50A044FF48031FEF79EFD1C
S21403F940002008BD07B591F82830009391F82B30B6
S21403F95091F8292091F82A10FAF706FB03B05DF810
S21403F96004FBF8B514468A0707460E4601F0010362
S21403F97009D4D3B1A2044FF48021384602F480227E
S21403F980FEF77CFD11E065083BB104F0010305F0CA
S21403F9900105AB42EED021200AE04FF48021FEF7AA
S21403F9A081FD05F00105A842F5D1730701D40020B7
S21403F9B0F8BDA2064FF08051384602F08052FEF79B
S21403F9C05DFDF4E708B50A054FF48011FEF756FD12
S21403F9D0002008BD08B5CA044FF40021FEF74EFD0B
S21403F9E0002008BD09B141F01001F9F7EBBD10B5D1
S21403F9F00446F9F7E1FD01462046BDE81040F9F755
S21403FA00E1BD002914BF212000207047D0F8EC3058
S21403FA10C3B15869B0B1531EDBB2FD2B09D8012A16
S21403FA2005D143689A1C01D14FF0FF334B60002089
S21403FA307047036813F1020F08BF4FF0FF33FF2A26
S21403FA400B60EDE72120704738B5054610460C4697
S21403FA50FAF704FBD5B1D5F8EC30BBB15B69ABB1B3
S21403FA60421ED2B2FD2A13D90A68013204BF6FF0D0
S21403FA7001020A600A68FF281A6007D16268013229
S21403FA8002D16FF00102626062685A60002038BDDE
S21403FA900128F2E738B50546FCF79EFD044600212B
S21403FAA0A878FAF723FB204638BD2DE9F74F012542
S21403FAB01C469DF83030064601930368174603F04C
S21403FAC0070306339D4005F1FF380B46A1B1416895
S21403FAD004EA080BA5EB0B0A41F00059524509EB63
S21403FAE00B0114D952461846FFF732F949467A1BDA
S21403FAF05A445044FFF72CF9019B2BB13C4448EA87
S21403FB00050804EA0804F46003B0BDE8F08F18465D
S21403FB10F0E737B5002514460095FFF7C6FF2046E5
S21403FB2003B030BDFAF750B9002070470020704785
S21403FB307047704730B549000446056812B102297C
S21403FB401FD90339C90395B9E1B1B1FA81F3C3F1FA
S21403FB502003C3F10F00012838BF012003F01F0361
S21403FB60D940A94201D901384908216030BDB5FA08
S21403FB7085F339B1B1FA81F29B1A002BE9DC0F2029
S21403FB80EFE700210F20F0E7012805D9023818BF58
S21403FB904FF0FF30C0B27047012070470A4690F816
S21403FBA094109B2901D8F9F75DBE2120704708B54C
S21403FBB0FBF7EEFDBDE80840FBF712BE38B504467A
S21403FBC0FFF7F5FF0546FFF7F2FF431BA342FAD301
S21403FBD038BD38B50D460446FBF7DAFD35B1844229
S21403FBE000D90139204601F0030138BD844238BFED
S21403FBF00131F7E708B50121FFF7EBFFBDE8084041
S21403FC00FBF7EEBD0B0C23F48053B3F5284FF7B583
S21403FC100D468FB2064699B216D04AF601039942AC
S21403FC2014D04AF60203994212D0B1F5204F14BFFE
S21403FC3004240324D6F8EC300BB1196851B9D6F86E
S21403FC40E83093B928680EE00024F3E70124F1E7CF
S21403FC500224EFE7234668463A46FBF71DFEDDE936
S21403FC600003002BEBD103B0F0BD19680029E9D0DF
S21403FC70234668463A46FBF70FFEDDE90003002BF2
S21403FC80E0D1F0E700F0E8B90204C0F3891307D522
S21403FC906FEA83536FEA935313F5007F18B206D0C7
S21403FCA0A3F1C8006FF4FF739842B8BF18467047B5
S21403FCB008B51C20CDF7E4FC4FF0B042936813F070
S21403FCC0080F4FF0010302BF9268C2F3031293407A
S21403FCD0B0FBF3F008BD4FF0384359699A6903F552
S21403FCE000530A405A6170470E207047FDF74ABB1F
S21403FCF0FDF748BBFDF746BBFDF744BB08B5084612
S21403FD00FDF774FF08BDFDF73DBB38B505460C4649
S21403FD1000F08BFBD5F89C301C40D5F89830234375
S21403FD20C5F8983000F07CFB211E18BF0121002087
S21403FD30490238BD002070470139024410B590428D
S21403FD4001D1002005E0037811F8014FA34201D04A
S21403FD50181B10BD0130F2E7EFF31182302383F353
S21403FD601188084B49B1D3F870110843C3F87001E2
S21403FD7082F31188BFF36F8F7047D3F8701121EAAF
S21403FD800000F3E708180020EFF31182302383F313
S21403FD901188064BD3F8703182F31188BFF36F8F47
S21403FDA0034214BF01200020704700BF081800203C
S21403FDB008B5064BD3F87401FFF7E3F8012801D022
S21403FDC0F4F7BEFBBDE80840F4F7B3BB0818002001
S21403FDD008B5D2F7E2FB38B1044BD3F8780118B173
S21403FDE003681878C0F3401008BD00BF0818002049
S21403FDF008B5FFF7EDFF00B9FEE700F007FB00B913
S21403FE00FEE701214FF48060FFF7A6FF00210220E2
S21403FE10FFF7A2FF00214FF48030FFF79DFF00217C
S21403FE200820FFF799FFF4F784FB0022014B83F8C1
S21403FE307C2108BD0818002008B5D2F7AEFB50B1E8
S21403FE40054BD3F8780130B10368188800F0070033
S21403FE50C31E5842584108BD08180020014610B575
S21403FE6068B1174C00210420FFF776FF94F87C3125
S21403FE7023B1F4F75EFB002384F87C3110BDD2F780
S21403FE808CFB0028FAD01020FFF766FFFFF7A0FFD1
S21403FE90044628B101210820BDE81040FFF75CBFE7
S21403FEA0F4F747FB01214FF48070FFF755FF214617
S21403FEB00220FFF751FF21464FF48030ECE700BFE6
S21403FEC00818002038B50C460546D7F76CFB002308
S21403FED0844228BF01F1FF31044A1B1915B1C2E958
S21403FEE08A3138BDC2E99631FBE700BF0818002007
S21403FEF0174B9868C0F304400C280AD8DFE800F0D4
S21403FF000B0909090909072119091B1D1F001148B7
S21403FF107047002070479B6803F04073B3F1807FFF
S21403FF2011D0B3F1007F10D00B4A002B08BF104648
S21403FF3070470A4870470A4870470A4870470A4895
S21403FF4070470A4870470A4870470A48704700BF18
S21403FF500040015A405DC60000093D00C0EA210189
S21403FF6080BA8C010048E801005A62020024F400BB
S21403FF7080841E0040420F0030B5104C4161D4F817
S21403FF8074329BB9C4F8740283600EE0891A416127
S21403FF909A681D467AB113465A698A42F6D93DB124
S21403FFA0A86083605A69521A5A6130BD0025F3E788
S21403FFB0C4F87402F5E798608260F6E760430020B1
S21403FFC00E49D1F87432A0B10022A3B1834204D102
S21403FFD083682AB9C1F8743203E01A469B68F4E7CB
S21403FFE0936083681BB15A6941690A445A610020C9
S21403FFF07047222070470220704700BF60430020EE
S2140400000A4B1B6F03F00703013B032B03D8DFE8FF
S21404001003F00B030609FEE7054B18687047044B0C
S214040020586870470348704703487047008000507C
S2140400308074002080D54302002D310108B5FFF7F7
S214040040DFFF044B1B6FC3F301330133B0FBF3F044
S21404005008BD00BF00800050014B5868704700BFC1
S2140400608074002070B52C4CD4F87432002B51D018
S21404007059692A4B002941D0D4F8A4234FF0B0453F
S214040080114408229A61EFF3108672B6CEF7B4FCD8
S2140400902B6C6A69150704D41A1A032A01D89842E5
S2140400A00ED10B1A022B98BFC11C4FF0B043B1F10E
S2140400B0FF3F38BF01390822196403F580539A615B
S2140400C0174A304600F0ACF992F8243043B14FF0AA
S2140400D0B041CB6B43F00203CB63002382F8243099
S2140400E00023D4F8742284F8A8332AB1D188890767
S2140400F008D5012384F8A833002070BD08229A612D
S2140401005A61EDE79268002AF6D051690B44012B38
S214040110ECD9F1E72220F0E76043002000100058F5
S2140401208074002038B5CEF767FC0025094CD4F857
S214040130A433D4F87422C31A2AB123B1516999425C
S21404014004D3C91A5161C4F8A40338BD55615B1AB7
S2140401509268F1E760430020F8B50D461646194646
S214040160044600283CD00023C361EFF311833022F9
S21404017082F311881C4FD7F8740210B184421AD146
S214040180012083F31188BFF36F8F58BB9DF8183096
S214040190C4E903602371BDF81C302160A060E380CD
S2140401A0CEF72AFC2844A0613DB965610EB120460D
S2140401B0B0470020F8BD8068DFE7EFF3108672B61C
S2140401C0FFF7B0FF29462046FFF7D6FED7F874326D
S2140401D09C4201D1FFF746FF304600F021F9E8E7DC
S2140401E02220E7E70320E5E76043002038B504460D
S2140401F070B3EFF3108572B6FFF794FF154BD3F880
S2140402007402A04209D02046FFF7DAFE0346D0B1B6
S214040210284600F005F9184638BDFFF7D1FE034618
S2140402200028F5D1FFF71EFF22280CD101220A4B25
S21404023083F824204FF0B042D36B23F00303D36338
S2140402400822064B9A61284600F0EAF80023E2E703
S2140402502223E0E76043002080740020002000583A
S21404026038B5164AD2F8803243F00103C2F8803219
S214040270134B5B68C3F3080343B14FF0A842D36B38
S21404028013F0430FFBD11424204638BD4FF0A84387
S214040290DC6B14F04304FBD10A4DD5F8AC3323B918
S2140402A0042105F56B70E8F7CFFDD5F8AC330133C0
S2140402B043F00043C5F8AC33E6E700BF00800050C7
S2140402C000ED00E06043002010B50446D2F765F95F
S2140402D0B0B1B4F5007F4FF001010ED12046FFF710
S2140402E03BFD00211020FFF737FD00210548FFF7EE
S2140402F033FDBDE81040F4F71CB94FF48050F2E724
S21404030010BD00BF0A0001004FF4807370B596B0AC
S214040310029201242122019310230394049305924C
S214040320069107940893099201AA0A9206AA0B92C8
S21404033004220C9211220D920AAA0E900F92109388
S21404034040F611031193194B12930EAB1393184BEB
S214040350149346F611031593FFF782FF14280446F8
S21404036020D1EFF3108072B64FF0A8431E681D69C3
S21404037000F056F84FF0A843032212A95A631960F6
S21404038002A919619A63DA6B9207FCD1142C06D180
S214040390EFF3108072B61E601D6100F041F8054B45
S2140403A05B6801E00028E5D016B070BD0C4700205D
S2140403B00400002000ED00E010B5074A0C46127851
S2140403C04AB1072807D8054A02EB00131B7B13B172
S2140403D0CDF79AFB207010BD104600205044002034
S2140403E00846D0F7C5BE1046D0F7C2BE00207047F8
S2140403F083884BB18268013B0132826042888380E5
S214040400013A4280002070470120704708B5D2F7B1
S214040410C4F820B1BDE808400820FFF7B5BC08BD05
S21404042010B962B6BFF36F8F7047EFF3108072B6E1
S214040430704780F31188BFF36F8F7047EFF3118016
S214040440302383F3118870474FF098435A6CD202D6
S214040450FCD5586D00F47020704708B5282200219A
S214040460FEF757FA002008BD036A042B9FBF00EB73
S21404047083020133D16003627047036A10B5052B0B
S21404048015D84FF09842116CC902FCD504339B0072
S214040490136503684FF0984413604368136003467B
S2140404A053F8081F11600022016A914200D810BD5B
S2140404B053F8041F01322160F6E708B5FFF7DDFFA5
S2140404C0FFF7C2FF80B1B0F5E02F1ED012D8B0F50A
S2140404D0403F1CD009D8B0F5803F1AD0B0F5003F95
S2140404E008BF2A2018BF012008BDB0F5802F08BF1A
S2140404F04B20F7E7B0F5302F0DD0B0F57F0F0CD0BA
S214040500B0F5202F08BF1020ECE72120ECE72C20C4
S214040510EAE74820E8E71120E6E70620E4E78368F0
S21404052013B9816070475B685A68012AFBD1596029
S21404053070470000000000000000000000000000FB
S214040540F8B500BFF8BC08BC9E467047F8B500BFB7
S214040550F8BC08BC9E4670475FF800F02174002083
S214040560626F6F746C6F61646572006173796E6339
S21404057000616464006C6C61746E00726C61746E0D
S21404058000656E65726779006D6F64656C007377DD
S21404059076657273696F6E0061707075726C006157
S2140405A063746976650070656E64696E6700746C62
S2140405B0767300616464726573730073696E676C46
S2140405C06500666F7277617264002D75002D620097
S2140405D02D6800656E68616E6365642D61636B00EB
S2140405E0636C656172007265676973746572007323
S2140405F0746F70002D49002D6D0050696E67696E2A
S214040600672073796E74686573697A6564204950E7
S214040610763620616464726573733A200053796E8B
S21404062074686573697A6564204950763620444E4A
S21404063053207365727665722061646472657373A1
S2140406403A20007463700075647000436F6E6E65C4
S2140406506374696E6720746F2073796E746865734B
S214040660697A6564204950763620616464726573DD
S214040670733A200053656E64696E6720746F207346
S214040680796E74686573697A656420495076362095
S214040690616464726573733A20002D73002D7400D0
S2140406A00D0A0072656D6F766500616C6C00676597
S2140406B074002575207061636B65747320747261B1
S2140406C06E736D69747465642C202575207061637F
S2140406D06B6574732072656365697665642E0020A5
S2140406E05061636B6574206C6F7373203D20256CBA
S2140406F0752E257525252E0020526F756E642D7473
S214040700726970206D696E2F6176672F6D6178202F
S2140407103D2025752F25752E253033752F257520FC
S2140407206D732E00556E6B6E6F776E4572726F72B8
S21404073054797065004572726F722025753A2025CB
S2140407407300446F6E650061706900424252205027
S21404075072696D6172793A007365727665723136C4
S2140407603A20307825303458007365716E6F3A201D
S21404077020202025750064656C61793A20202020AD
S214040780257520736563730074696D656F75743AB7
S2140407902020256C75207365637300204E6F6E658C
S2140407A000746F74616C3A20257500667265653A4C
S2140407B0202575006D61782D757365643A2025755E
S2140407C00025733A20257520257520256C7500258F
S2140407D0642064426D00737570706F727465640093
S2140407E0707265666572726564006368616E6E65D4
S2140407F06C3A20257500706572696F643A20256C22
S2140408007575730074696D656F75743A20256C751B
S214040810730046696E697368656420646574616311
S21404082068696E670068656C70006C6576656C0058
S2140408306C6E616761696E00757000646F776E0038
S214040840506172746974696F6E2049443A20256C4D
S2140408507500576569676874696E673A2025750080
S214040860537461626C6520446174612056657273CA
S214040870696F6E3A202575004C6561646572205276
S2140408806F757465722049443A2025750031352EFB
S21404089034007C20252D34377320007C20252D340D
S2140408A03773207C00454652333200545800525861
S2140408B0002563005B2573206C656E3D253033751B
S2140408C05D00202530325800202020007C20252D75
S2140408D031367320007C2025303478207C2000209C
S2140408E07C2025327520007C2025336420007C2063
S2140408F0253375207C007C20253275207C20253409
S21404090064207C0066616C736500636C69656E7454
S21404091000696E76616C6964006465746163686519
S21404092064006368696C6400616C7473686F7274E5
S21404093061646472007265747269657300646972D6
S214040940656374006E6F6E70726566657272656458
S2140409506368616E6E656C7300242025730063689B
S21404096065636B74696D656F7574006661696C6345
S2140409706F756E74657200677561726474696D650F
S2140409800052005B52656461637465645D0079655A
S21404099073006E6F00646973616C6C6F77005365E7
S2140409A0727665723A2000526573706F6E73655482
S2140409B0696D656F75743A20256C75206D73004DEE
S2140409C061785478417474656D7074733A20257533
S2140409D000526563757273696F6E446573697265F8
S2140409E0643A20257300536572766963654D6F64B7
S2140409F0653A202573004E617436344D6F64653A4B
S214040A002025730054686520636F6D6D616E6420E5
S214040A10226C696E6B6D657472696373207175659B
S214040A2072792220686173206265656E2072657033
S214040A306C616365642062792074686520636F6DF9
S214040A406D616E6420226C696E6B6D657472696389
S214040A50732072657175657374222E005468652060
S214040A60636F6D6D616E6420226C696E6B6D657468
S214040A7072696373206D676D7422206861732062E7
S214040A8065656E207265706C6163656420627920AA
S214040A9074686520636F6D6D616E6420226C696E88
S214040AA06B6D65747269637320636F6E6669672223
S214040AB02E00202D2050445520436F756E746572A9
S214040AC03A20256C752028436F756E742F53756D08
S214040AD06D6174696F6E2900202D204C51493A20AF
S214040AE0257520257300202D204D617267696E3AA6
S214040AF0202575202864422920257300202D2052A5
S214040B005353493A202564202864426D29202573CE
S214040B1000556E6B6E6F776E206572726F72004F43
S214040B2074686572206572726F72005265636569D7
S214040B30766564204C696E6B204D657472696373C8
S214040B40205265706F72742066726F6D3A20004C86
S214040B50696E6B204D657472696373205265706F9D
S214040B6072742C207374617475733A202573005262
S214040B7065636569766564204C696E6B204D6574A3
S214040B8072696373204D616E6167656D656E74206E
S214040B90526573706F6E73652066726F6D3A2000CF
S214040BA05374617475733A202573002073002025EE
S214040BB030347820257500696E7374616E63653A07
S214040BC0222573222C206E616D653A222573002C33
S214040BD0257300222C2073746174653A25732C20C7
S214040BE0706F72743A25642C207072696F7269741F
S214040BF0793A25642C207765696768743A25640019
S214040C00456E61626C65640052784F6E5768656E17
S214040C1049646C653A2025640044657669636554C6
S214040C207970653A202564004E6574776F726B445C
S214040C306174613A20256400444E532071756572D0
S214040C407920726573706F6E736520666F722025E7
S214040C50732000257529005265636F726454797099
S214040C60653A25752C205265636F72644C656E6711
S214040C7074683A25752C2054544C3A256C752C20EF
S214040C8053656374696F6E3A2573004E616D653AF9
S214040C902573005265636F7264446174613A5B0045
S214040CA02E2E2E0045787420416464723A20005239
S214040CB06C6F633A202578004C696E6B2051756121
S214040CC06C69747920496E3A202575004C696E6B00
S214040CD0205175616C697479204F75743A202575B6
S214040CE0004167653A20256C750043534C20636CBD
S214040CF06F636B2061636375726163793A2025754F
S214040D000043534C20756E6365727461696E747922
S214040D103A202575007365617263680052656365E1
S214040D2069766564204C696E6B204D6574726963E0
S214040D3073206461746120696E20456E6820416387
S214040D406B2066726F6D206E65696768626F722CC1
S214040D502073686F727420616464726573733A30CA
S214040D607825303278202C20657874656E64656446
S214040D7020616464726573733A002D6E7300206F8D
S214040D80726967696E3A257320706C656E3A2575CC
S214040D90207072656665727265643A2575207661A0
S214040DA06C69643A2575006C696E6B6C6F63616C74
S214040DB000726C6F63006D6C65696400444941475A
S214040DC05F4745542E7273702F616E732066726F80
S214040DD06D2000526F75746549643A20307825306A
S214040DE03278004C696E6B5175616C6974794F7515
S214040DF0743A202575004C696E6B5175616C697484
S214040E0079496E3A20257500526F757465436F7381
S214040E10743A202575002D20526F757465724964E6
S214040E203A252D32750020546865207175657269FF
S214040E3065642064657669636500204861734C695F
S214040E406E6B3A252D3373204C696E6B5175616C4D
S214040E506974794F75743A2575204C696E6B5175B3
S214040E60616C697479496E3A257520004E6578740C
S214040E70486F703A6E61204E657874486F70436FA1
S214040E8073743A6E61004E657874486F703A252D17
S214040E903275204E657874486F70436F73743A25C4
S214040EA0750025733A20256C750025733A20257540
S214040EB0004368696C6449643A2030782530347895
S214040EC00054696D656F75743A202575004C696E1B
S214040ED06B205175616C6974793A202575004D6FE5
S214040EE064653A0042522053746174653A2025734F
S214040EF0004252204C6F63616C204F4D522050725A
S214040F00656669783A200042522044484350763653
S214040F102D5044204F4D52205072656669783A2011
S214040F20004252204C6F63616C204F6E2D6C696ECC
S214040F306B205072656669783A20004252204661FA
S214040F40766F726564204F6E2D6C696E6B205072DE
S214040F50656669783A2000436F6E6E6563746976D9
S214040F606974793A00506172656E745072696F7272
S214040F706974793A202564004C696E6B5175616C0E
S214040F80697479333A202575004C696E6B51756126
S214040F906C697479323A202575004C696E6B51750C
S214040FA0616C697479313A202575004C6561646515
S214040FB072436F73743A20257500496453657175DE
S214040FC0656E63653A2025750041637469766552DB
S214040FD06F75746572733A2025750053656442759F
S214040FE06666657253697A653A20257500536564AA
S214040FF0446174616772616D436F756E743A20253F
S2140410007500526F757465446174613A00456E6884
S214041010526F7574653A004C65616465722044616C
S21404102074613A00506172746974696F6E49643A07
S2140410302030782530386C7800537461626C6544CF
S21404104061746156657273696F6E3A202575004C3B
S2140410506561646572526F7574657249643A2030CE
S2140410607825303278004E6574776F726B20446151
S21404107074613A20004D414320436F756E74657267
S214041080733A004D4C4520436F756E746572733A1F
S2140410900042617474657279204C6576656C3A20FA
S2140410A02575252500537570706C7920566F6C7401
S2140410B06167653A2025756D56004368616E6E65F6
S2140410C06C2050616765733A2027004D6178204391
S2140410D068696C642054696D656F75743A20256C74
S2140410E0750045554936343A200056656E646F726D
S2140410F0204E616D653A2025730056656E646F72E6
S214041100204D6F64656C3A2025730056656E646FD7
S214041110722053572056657273696F6E3A20257392
S2140411200056656E646F72204170702055524C3ABA
S2140411302025730054687265616420537461636B80
S2140411402056657273696F6E3A202573004E6F6E73
S2140411502D707265666572726564204368616E6E92
S214041160656C73204D61736B3A203078256C78007B
S214041170425220496E6672612D69662049503620B7
S21404118041646472657373204C6973743A004578DD
S2140411907420416464726573733A2000526C6F6302
S2140411A031363A20307825303478004368696C64E8
S2140411B0205461626C653A00444E53207265737025
S2140411C06F6E736520666F72202573202D200020B5
S2140411D054544C3A256C752000506F72743A25644A
S2140411E02C205072696F726974793A25642C2057E2
S2140411F065696768743A25642C2054544C3A256C07
S2140412007500486F73743A257300486F73744164AD
S21404121064726573733A005458543A002C20003DA7
S214041220002E2E2E5D002575206279746573206667
S214041230726F6D20003A2069636D705F7365713D4F
S214041240257520686C696D3D25752074696D653D4E
S21404125025756D73006E616D653A00286E756C6C4D
S21404126029002C2073746174653A25732C206164FC
S2140412706472733A006175746F0053525020636C45
S21404128069656E742063616C6C6261636B202D20EB
S2140412906572726F723A257300486F737420696EB4
S2140412A0666F3A0053657276696365206C69737479
S2140412B03A0052656D6F766564207365727669636D
S2140412C065206C6973743A002564206279746573CA
S2140412D02066726F6D20002025642000444E532043
S2140412E062726F77736520726573706F6E736520B4
S2140412F0666F7220257300444E53207365727669B8
S2140413006365207265736F6C7574696F6E207265A1
S21404131073706F6E736520666F7220257320666F18
S2140413207220736572766963652025730050726552
S21404133066697865733A0020257320253034780072
S214041340526F757465733A00536572766963657394
S2140413503A00436F6E74657874733A00436F6D6D2C
S214041360697373696F6E696E673A00253034782046
S214041370002065005478546F74616C3A20256C75AF
S214041380005278546F74616C3A20256C7500546969
S2140413906D65202573204D696C6C693A200054698C
S2140413A06D6520547261636B6564204D696C6C696D
S2140413B03A200069696400636865636B00546F4192
S2140413C0646400416464696E6700546F52656672B3
S2140413D06573680052656672657368696E67005463
S2140413E06F52656D6F76650052656D6F76696E67D0
S2140413F000526567697374657265640052656D6F43
S214041400766564006D656400686967680043616EAC
S2140414106E6F7420737570706F7274206E657720AB
S2140414207365726965730053657269657320494410
S21404143020616C726561647920726567697374658E
S21404144072656400536572696573204944206E6F43
S21404145074207265636F676E697A6564004E6F20E8
S2140414606D61746368696E6720736572696573205D
S214041470494400616E7377657200617574686F72B3
S214041480697479006164646974696F6E616C00756F
S2140414906E7370656300737276007372765F747829
S2140414A074007372765F7478745F73657000737219
S2140414B0765F7478745F6F70740050656E64696EDE
S2140414C0672054696D657374616D700070656E6431
S2140414D0696E6774696D657374616D7000416374D9
S2140414E06976652054696D657374616D7000616317
S2140414F07469766574696D657374616D700057619F
S2140415006B652D7570204368616E6E656C0077613F
S2140415106B6575706368616E6E656C004368616EBA
S2140415206E656C204D61736B006368616E6E656CEE
S2140415306D61736B0044656C61790064656C6179F8
S214041540004578742050414E2049440065787470F4
S214041550616E6964004D657368204C6F63616C202E
S214041560507265666978006D6573686C6F63616C4C
S214041570707265666978004E6574776F726B204B7F
S2140415806579006E6574776F726B6B6579004E656E
S21404159074776F726B204E616D65006E6574776F3D
S2140415A0726B6E616D650050534B630070736B63B2
S2140415B000536563757269747920506F6C6963793A
S2140415C0007365637572697479706F6C696379000A
S2140415D061747461636874696D6500626272006246
S2140415E07566666572696E666F00636361746872B9
S2140415F06573686F6C64006368696C6473757065A2
S21404160072766973696F6E006368696C6474696D79
S214041610656F757400636F756E74657273006373BB
S2140416206C00646174617365740064656275670058
S21404163064657461636800646973636F76657200D9
S214041640646E7300646F6D61696E6E616D650064CF
S2140416507561006575693634006578746164647212
S21404166000666163746F727972657365740066658B
S2140416706D006966636F6E66696700696E73746190
S2140416806E63656964006970616464720069706D94
S21404169061646472006B657973657175656E636504
S2140416A0006C656164657264617461006C696E6B7C
S2140416B06D657472696373006C6F67006D6F646543
S2140416C0006D756C7469726164696F006E6574642C
S2140416D0617461006E657473746174006E6574770A
S2140416E06F726B646961676E6F73746963006E65AD
S2140416F074776F726B6B657972656600706172657C
S2140417006E740070696E6700706C6174666F726DDB
S21404171000706F6C6C706572696F640070726F6DC8
S214041720697363756F7573007263700072656769B9
S2140417306F6E00726C6F633136007363616E007394
S214041740696E676C65746F6E007372700074617294
S214041750676574706F77657200746872656164009B
S2140417607478706F77657200756E736563757265ED
S214041770706F727400757074696D650076656E645A
S2140417806F72004966496E556E6B6E6F776E507257
S2140417906F746F73004966496E4572726F72730098
S2140417A049664F75744572726F7273004966496E66
S2140417B05563617374506B7473004966496E427264
S2140417C06F616463617374506B7473004966496E29
S2140417D044697363617264730049664F7574556334
S2140417E0617374506B74730049664F757442726FFC
S2140417F0616463617374506B74730049664F7574E7
S214041800446973636172647300547261636B6564E4
S21404181054696D650044697361626C656454696DEE
S2140418206500446574616368656454696D65004366
S21404183068696C6454696D6500526F75746572549A
S214041840696D65004C656164657254696D65004434
S214041850697361626C6564526F6C6500446574619B
S21404186063686564526F6C65004368696C64526FA4
S2140418706C6500526F75746572526F6C65004C65CA
S21404188061646572526F6C65005061727469746944
S2140418906F6E49644368616E67657300426574746D
S2140418A06572506172746974696F6E4174746163B1
S2140418B068417474656D70747300506172656E74FB
S2140418C04368616E67657300756E696E69746961F5
S2140418D06C697A65640064697361626C656400733C
S2140418E0746F707065640072756E6E696E67006200
S2140418F0696E6400636C6F736500636F6E6E656318
S21404190074006C696E6B7365637572697479006FC5
S21404191070656E00697061646472202D76006E6571
S21404192074646174612073686F77006E65746461B3
S21404193074612073686F77202D7800706172746903
S21404194074696F6E69640073727020636C69656E87
S214041950742073746174650073727020636C6965B7
S2140419606E74207365727665720073727020636C91
S21404197069656E7420686F73740073727020636C8C
S21404198069656E7420736572766963650063736C4B
S2140419902061636375726163790063736C20756E8E
S2140419A06365727461696E747900636F756E7465CD
S2140419B0727320697000636F756E74657273206D40
S2140419C0616300636F756E74657273206D6C650079
S2140419D064656C617974696D657200636F6D6D69B9
S2140419E07400696E6974006D676D74676574636FFF
S2140419F06D6D616E64006D676D74736574636F6D91
S214041A006D616E6400726F75746572006C656164F6
S214041A106572006175746F73746172740063616CCF
S214041A206C6261636B006B65796C65617365696E86
S214041A3074657276616C0074746C004D4143204189
S214041A40646472657373004368004C5149005253D2
S214041A505349006D61786C656E67746800737465CD
S214041A606572696E6764617461004C6F63616C20B3
S214041A7041646472657373005065657220416464E2
S214041A8072657373006D676D740070726F626500C3
S214041A907175657279007265717565737400736C1F
S214041AA0616163006468637036006D616E75616CB5
S214041AB00062726F777365007265736F6C7665008B
S214041AC07265736F6C7665340073657276696365E8
S214041AD0686F737400457874656E6465642050415D
S214041AE04E00547853756363657373005478466187
S214041AF0696C65640052785375636365737300524A
S214041B00784661696C656400526F6C65204469733D
S214041B1061626C656400526F6C6520446574616331
S214041B2068656400526F6C65204368696C64005293
S214041B306F6C6520526F7574657200526F6C652009
S214041B404C656164657200506172746974696F6E85
S214041B50204964204368616E676573004265747447
S214041B60657220506172746974696F6E2041747472
S214041B7061636820417474656D70747300426574A3
S214041B8074657220506172656E742041747461636A
S214041B906820417474656D70747300506172656E6C
S214041BA074204368616E676573005278556E696386
S214041BB061737400527842726F6164636173740077
S214041BC052784461746100527844617461506F6C59
S214041BD06C005278426561636F6E005278426561AC
S214041BE0636F6E526571756573740052784F7468CE
S214041BF065720052784164647265737346696C74E6
S214041C006572656400527844657374416464724610
S214041C10696C74657265640052784475706C6963A7
S214041C20617465640052784572724E6F4672616DD7
S214041C30650052784572724E6F556E6B6E6F776E96
S214041C404E65696768626F72005278457272496EB3
S214041C5076616C69645372634164647200527845B9
S214041C60727253656300527845727246637300520B
S214041C70784572724F74686572005478556E69635D
S214041C8061737400547842726F61646361737400A4
S214041C90547841636B52657175657374656400545A
S214041CA07841636B65640054784E6F41636B52658C
S214041CB07175657374656400547844617461005486
S214041CC07844617461506F6C6C005478426561634B
S214041CD06F6E005478426561636F6E526571756508
S214041CE073740054784F746865720054785265743F
S214041CF07279005478457272436361005478457271
S214041D0072427573794368616E6E656C00547845EB
S214041D10727241626F7274005478446972656374B7
S214041D204D61785265747279457870697279005499
S214041D3078496E6469726563744D6178526574722D
S214041D407945787069727900366C6F2073656E64B5
S214041D5000366C6F207265617300697036006D70B2
S214041D606C00636F617020736563757265006170E3
S214041D70706C69636174696F6E20636F6170004F85
S214041D804B0044726F70004E6F42756673004E6F60
S214041D90526F75746500427573790050617273658D
S214041DA000496E76616C69644172677300536563BB
S214041DB075726974790041646472657373517565EC
S214041DC07279004E6F41646472657373004E6F746B
S214041DD0496D706C656D656E74656400496E7661F8
S214041DE06C69645374617465004E6F41636B0043A1
S214041DF068616E6E656C4163636573734661696C96
S214041E0075726500466373457272004E6F46726162
S214041E106D65526563656976656400496E76616CC6
S214041E206964536F757263654164647265737300A5
S214041E3044657374696E6174696F6E416464726537
S214041E40737346696C7465726564004E6F74466F8E
S214041E50756E6400416C72656164790052657365E1
S214041E60727665644572726F7232350049707636E2
S214041E70416464726573734372656174696F6E4618
S214041E8061696C757265004E6F7443617061626C53
S214041E906500526573706F6E736554696D656F7512
S214041EA074005265617373656D626C7954696D650F
S214041EB06F7574004E6F74546D66004E6F6E4C6F83
S214041EC07770616E446174614672616D6500526537
S214041ED07365727665644572726F723333004C694B
S214041EE06E6B4D617267696E4C6F7700496E7661F2
S214041EF06C6964436F6D6D616E640050656E6469F1
S214041F006E670052656A6563746564001212061291
S214041F10040505008E150400D51A0400DE1A040014
S214041F203B1A0400471A0400D20704004A1A0400A5
S214041F3004060000471A04004E1A0400061204059C
S214041F4005000000DE1A04003B1A0400471A0400C9
S214041F50D20704004A1A04008F14040096140400DE
S214041F609E1404009A140400A2140400AE14040080
S214041F707F1D0400011B0400821D0400871D04004D
S214041F808E1D0400961D04009B1D0400A11D040064
S214041F90AD1D0400B61D0400C31D0400121D04007C
S214041FA0CD1D0400DC1D0400E91D0400EF1D040023
S214041FB01B1B0400041E04000B1E0400391C040032
S214041FC01B1E04003B1E0400301E04004B1E0400AF
S214041FD0541E04005C1E04006C1E0400871E0400CD
S214041FE0921E04001A1C0400A21E0400B41E040060
S214041FF0BB1E0400CE1E0400DE1E0400EC1E0400FD
S214042000FB1E0400031F04003E2000534C2D4F50BB
S214042010454E5448524541442F332E302E312E30EF
S2140420205F4769744875622D363165343363666676
S214042030623B2045465233323B204D617220313993
S21404204020323032362030323A30373A35340000D7
S21404205008000000481D040010000000511D040084
S214042060180000005A1D0400200000005E1D040035
S21404207028000000CC190400300000007A1D04007B
S21404208038000000621D0400400000006E1D0400BD
S214042090B11A0400AD3101000000000074160400FB
S2140420A04D4D010000000000901A04006D3201003E
S2140420B000000000B81A0400CD3001000000000043
S2140420C0C01A04003D310100000000008519040018
S2140420D05D32010000000000C91A040065320100E8
S2140420E000000000561A04007151010000000000B0
S2140420F0531A04009551010000000000E605040090
S2140421004B2001000000000026190400FD84010095
S214042110000000005D1A0400E988010000000000C9
S21404212074160400B32B010000000000851A040096
S214042130814E0100000000008A1A040011200100EC
S21404214000000000901A0400714E01000000000018
S214042150961A04006D1F01000000000031310000D3
S2140421606A1A0400781A0400131A04006D55010054
S214042170000000001D1A0400E355010000000000E2
S21404218075190400C971010000000000261A040035
S2140421905917010000000000291A0400491701001D
S2140421A00000000063190400D9510100000000007B
S2140421B085190400C152010000000000171A04002B
S2140421C067200100000000005219040003560100B5
S2140421D000000000EF0504009F200100000000003E
S2140421E0371A04006917010000000000D61804001E
S2140421F01909040022090400051A04000C1A040034
S214042200EF180400BD20010000000000F4180400CC
S2140422103D21010000000000FA180400F532010018
S214042220000000000219040025560100000000000A
S2140422300F1904004D210100000000004C1D04008D
S2140422407933010000000000D0150400C9370100EE
S21404225000000000DB15040039380100000000000F
S214042260DF150400C138010000000000EA15040070
S214042270693901000000000014150400A9390100A2
S21404228000000000F7150400F149010000000000FA
S2140422900816040037170100000000001516040095
S2140422A099850100000000001E1604000D3A010086
S2140422B000000000221604009D4C010000000000EF
S2140422C02A1604005D4901000000000030160400D0
S2140422D029150100000000003716040091150100BE
S2140422E000000000401604000D3B01000000000042
S2140422F0441604004B1B0100000000004F160400A7
S214042300B58701000000000053160400BB5A010004
S2140423100000000059160400DD5A01000000000009
S2140423204C1504002F5B0100000000006116040039
S214042330F1150100000000006E160400C93B010000
S2140423400000000072160400FD3B010000000000BF
S2140423507B1604000B16010000000000861604001D
S214042360D15E0100000000008D1604004316010033
S21404237000000000951604008D4A010000000000CD
S214042380A1160400693C010000000000AC1604001D
S2140423907D3D010000000000B8160400993B0100D2
S2140423A000000000BF190400694501000000000099
S2140423B0BC160400093E010000000000C11604001B
S2140423C0E13E010000000000CC160400F13C0100D0
S2140423D000000000D4160400193F010000000000AD
S2140423E0DC160400F9450100000000008315040013
S2140423F0415A010000000000EE1604007D3F010073
S214042400000000009B1504005D1B01000000000096
S2140424104F150400AD3F010000000000FC16040048
S2140424208B5B010000000000031704007B2D0100F5
S2140424300000000008170400DD3F01000000000053
S214042440111704009D170100000000001C1704006B
S214042450E55401000000000028170400DD410100D7
S214042460000000002C170400E141010000000000F9
S214042470681604002D140100000000003317040041
S214042480FB410100000000003A170400AD190100EA
S21404249000000000851904006D50010000000000D3
S2140424A03F170400D9420100000000004917040049
S2140424B0ED4201000000000052190400954301009B
S2140424C0000000004D170400691A01000000000017
S2140424D0591704002544010000000000601704009A
S2140424E0914401000000000047060400DD4401009A
S2140424F00000000068170400913501000000000089
S21404250075170400295E0100000000007C17040013
S214042510B51A010000000000900504008B37010086
S21404252000000000666163746F7279726573657487
S21404253000000000900504005219040075170400FA
S214042540D0150400141504004F1504004C1504009F
S214042550141904008D1604001E1904002B19040017
S2140425603B190400A1160400DF150400D416040069
S21404257059160400331704004719040058190400B8
S2140425806A1904007A190400EA1504001E160400E9
S2140425908D1904009A190400AA190400B619040037
S2140425A0C3190400BA140400CC140400000000008C
S2140425B0DD140400EE1404000000000006150400F8
S2140425C01415040000000000FE1404000E15040098
S2140425D0000000001C15040029150400000000007B
S2140425E0351504003B1504000000000041150400E6
S2140425F04C1504000000000055150400671504007F
S2140426000000000077150400831504000100000094
S2140426108E1504009B1504000000000045150400F8
S2140426204F15040000000000A7150400AC150400B4
S21404263001000000B1150400C115040000000000EC
S2140426409F050400A55C010000000000E0050400EE
S2140426509F13010000000000DB190400491D01005F
S21404266000000000E2190400911C010000000000B4
S214042670E7190400711E010000000000F6190400AA
S214042680911D010000000000A6050400095D01007C
S2140426900000000026160400F51C010000000000DF
S2140426A0AE0504006D5D010000000000756E6B6EE3
S2140426B06F776E00284578706F6E656E7469616C0E
S2140426C0204D6F76696E672041766572616765296D
S2140426D000000000F71A04000D1404002714040078
S2140426E0441404005D140400BD130400C313040062
S2140426F0CA130400D4130400DF130400E813040010
S214042700F1130400FC13040002000001000005009D
S214042710000100000600000214000C000001000086
S2140427200F00020100001100000200001200020166
S21404273000001500020100001A0002020000210039
S214042740060100002400020100002700000100002A
S2140427502F00000102000101731404007A1404001F
S21404276084140400591704009E1A0400A41A0400D2
S214042770AA1A04001800000009180400200000002B
S2140427801518040028000000221804003000000079
S2140427902F18040038000000391804004000000018
S2140427A044180400C8180400D6180400DF180400EF
S2140427B0E7180400000100FF00000000831704006F
S2140427C0040000009517040008000000A017040089
S2140427D00C000000AC17040010000000BA17040038
S2140427E014000000CC17040018000000D9170400D9
S2140427F01C000000E817040020000000FB1704007B
S214042800000000004F180400020000005C180400DA
S2140428100400000069180400060000007318040091
S214042820080000007E1804000A000000AB1804002C
S2140428300C000000891804000E0000009C18040018
S21404284010000000BA1804009A09040004140400D6
S21404285008140400040000007A1C040008000000A9
S214042860841C04000C000000901C040010000000EF
S2140428709F1C040014000000A71C0400180000009D
S214042880B81C04001C000000BF1C0400200000004C
S214042890CA1C040024000000D31C04002800000006
S2140428A0E31C04002C000000EB1C040038000000AD
S2140428B0F31C040040000000FC1C04003C00000064
S2140428C00D1D040030000000181D04003400000034
S2140428D02F1D040048000000AA1B04004C00000042
S2140428E0B41B040050000000C01B04005400000089
S2140428F0C71B040058000000D21B04005C00000044
S214042900DB1B040060000000EB1B040064000000F6
S214042910F31B040068000000051C04006C000000A3
S214042920181C040070000000251C0400740000003D
S214042930321C040078000000491C04007C000000DF
S2140429405D1C040080000000661C04008400000077
S2140429506F1C040000000000081B040002000000B6
S214042960161B040004000000241B040006000000DC
S2140429702F1B0400080000003B1B04000A00000094
S2140429806D1B04000C000000471B04000E00000032
S2140429905C1B0400100000007D1B040048000000BF
S2140429A09B1B0400180000000D1B04002000000000
S2140429B01B1B040028000000291B04003000000034
S2140429C0341B040038000000401B04000000000014
S2140429D0E21A040008000000EC1A040004000000D8
S2140429E0F51A04000C000000FF1A0400EE1404009C
S2140429F000000000915E010000000000891B010039
S214042A00000000001415040008000000E94A010054
S214042A10000000005D1801000000000029150400F5
S214042A200B000000094B010000000000C91701005C
S214042A30000000003B15040006000000154B0100D2
S214042A4000000000D917010000000000D01904009F
S214042A5006000000154B010000000000D917010015
S214042A60000000004C15040004000000655C010032
S214042A700000000019150100000000006B1504009A
S214042A80050000006D1B010000000000191601007F
S214042A900000000067150400050000006D1B01001F
S214042AA00000000019160100000000008315040051
S214042AB002000000995C010000000000E917010014
S214042AC0000000009B15040003000000214B0100D9
S214042AD000000000BF1B0100000000004F150400AA
S214042AE007000000314B0100000000007D180100C3
S214042AF000000000CC14040001000000975E0100F2
S214042B0000000000A31B010000000000AC15040038
S214042B10090000009F5C0100000000000F1801007F
S214042B2000000000C11504000A000000414B01002B
S214042B30000000008D180100000000000E150400BF
S214042B400C000000F94A0100000000006D180100A6
S214042B50000000005C190020B019002025783A25F2
S214042B60783A25783A25783A3A2F3634007C202568
S214042B702A73007C252A2E2A73002B00656E616258
S214042B806C650064697361626C65003A3A002F25CF
S214042B906400256C75642E00253032753A25303273
S214042BA0753A25303275002E25303375004543447A
S214042BB053410045435F444800454300000000007D
S214042BC07F120100B1110100A7110100AD1201002E
S214042BD0DD110100D11101000002020204040607FF
S214042BE00503050404060503020100000601170C8C
S214042BF0081D1D1708060C0101010101010101064B
S214042C001B06000004000000AD2B0400CF52020097
S214042C10595302004DA702002DA502000000000033
S214042C200000000011AE02002567020025850200A0
S214042C303953020003000000B32B0400CF520200F5
S214042C404D530200000000000000000000000000D9
S214042C500000000011AE0200256702002585020070
S214042C603953020002000000B92B0400CF520200C0
S214042C70C35202004DA702002DA50200000000006A
S214042C800000000011AE0200256702002585020040
S214042C903953020000000000642C0400342C0400A5
S214042CA0042C04000110002400111271000000809E
S214042CB00044400409008003FF060006257322250D
S214042CC073220000BC02000010270000102700003A
S214042CD0102700001027000010270000FF02000045
S214042CE00000000000000000000000026C2D04003C
S214042CF0000602060407060700020202040402078E
S214042D005468726561644040000040408080808062
S214042D100000908868480402020C0C0AFF030000B6
S214042D200000000000000000000000FC000000009E
S214042D300101030305050607000202020404060750
S214042D400A0C0900FF030000000000000000000059
S214042D50000000011C2D0400FF020000000000001B
S214042D600000000000000001442D0400FF030000E2
S214042D70000000000000000000000002582D0400BF
S214042D8075696E7431365F74206F743A3A5370699D
S214042D906E656C3A3A4275666665723A3A47657489
S214042DA044697374616E636528636F6E737420750B
S214042DB0696E74385F742A2C20636F6E7374207582
S214042DC0696E74385F742A2C20446972656374696A
S214042DD06F6E2920636F6E7374002F67697468754D
S214042DE0622F686F6D652F2E73696C6162732F7323
S214042DF06C742F696E7374616C6C732F636F6E6181
S214042E006E2F702F626173655F62653133313639B8
S214042E103033646630662F702F2E2E2F2E2E2F62A0
S214042E202F6F70656E746462396364343664373544
S214042E306434342F702F7574696C2F7468697264E7
S214042E405F70617274792F6F70656E7468726561F5
S214042E50642F7372632F6C69622F7370696E656C6E
S214042E602F7370696E656C5F6275666665722E6335
S214042E7070700075696E74385F742A206F743A3AFD
S214042E805370696E656C3A3A4275666665723A3A8C
S214042E9047657455706461746564427566507472EF
S214042EA02875696E74385F742A2C2075696E7431BF
S214042EB0365F742C20446972656374696F6E2920CA
S214042EC0636F6E7374006D577269746544697265D6
S214042ED06374696F6E20213D206B556E6B6E6F7741
S214042EE06E006F744572726F72206F743A3A537044
S214042EF0696E656C3A3A4275666665723A3A496E28
S214042F004672616D65417070656E642875696E748D
S214042F10385F7429006E756D5365676D656E7473DE
S214042F20203C3D206B4D61785365676D656E747308
S214042F30006F744572726F72206F743A3A537069F8
S214042F406E656C3A3A4275666665723A3A4F7574BF
S214042F504672616D6552656D6F7665282900467206
S214042F60616D696E67206572726F722025643A20FF
S214042F705B005D0A00612F616500612F616E006170
S214042F802F617100612F617200612F617300612FE0
S214042F90736400612F796C00622F626100622F6295
S214042FA06D7200622F627100632F616200632F618D
S214042FB06700632F617200632F617300632F636180
S214042FC000632F636700632F637000632F637300CF
S214042FD0632F646300632F657200632F6573006359
S214042FE02F6A6500632F6A6600632F6C6100632F87
S214042FF06C7000632F706300632F706700632F701C
S2140430007100632F707300632F727800632F7465EA
S21404301000632F747800632F757200632F75740035
S214043020642F646100642F646700642F6471006415
S2140430302F6472006E2F646E006E2F6472006E2F03
S2140430406D72000000000000770000000000000021
S2140430507000000000000000010000006000000096
S21404306000000000010000006100000000000000F5
S21404307001000000630000000000000001000000E2
S21404308041000000000000000100000043000000B2
S21404309000000000010000004800000000000000DE
S2140430A001000000470000000000000001000000CE
S2140430B00D15000000000000010000005200000092
S2140430C000000000010000005A000000000000009C
S2140430D0010000005B00000000000000010000008A
S2140430E0420000000000000001000000490000004B
S2140430F00000000001000000000000000B000000BB
S21404310001000000000000000E00000001000000A6
S214043110000000006800000000000000300000000E
S2140431200000000000000000660000000000000030
S2140431300100000021000000000000000100000063
S21404314036000000000000000100000044000000FB
S2140431500000000001000000450000000000000020
S214043160010000004600000000000000010000000E
S2140431704B00000000000000010000004C000000AE
S2140431800000000000000000220000000000000014
S214043190010000000D1900000000000001000000FE
S2140431A03E15000000000000000000007109000049
S2140431B000000000000000000400010203000000FC
S2140431C0891112239B322446AD573665BF74488C4A
S2140431D0C19D5AAFD3BE6CCAE5DB7EE9F7F8811011
S2140431E0080193331A22A5562C47B7753E64C99C2A
S2140431F0408DDBBF52AEEDDA64CBFFF976E80221F0
S2140432008B30100299132667AF763444BD554AAD09
S214043210C3BC588ED19F6EEBE7FA7CC8F5D98331D0
S2140432200A2091121803A7772E66B5543C45CBBDE9
S21404323042ACD99E508FEFFB66EAFDD874C90442AF
S2140432408D5316619F702004A9153227BB364CCEC9
S214043250C5DF5EEDD7FC6888E1997AABF3BA855290
S2140432600C4397711E60A1142805B3373A26CDDEA9
S21404327044CFDFFD56ECE9986089FBBB72AA06636F
S2140432808F7214409D512225AB343006B9174EEF89
S214043290C7FE5CCCD5DD6AA9E3B8788AF19B877350
S2140432A00E6295501C41A3352A24B1163807CFFF69
S2140432B046EEDDDC54CDEBB962A8F99A708B08842F
S2140432C081951AA793B62CC2A5D33EE1B7F0400861
S2140432D0C919522BDB3A644EED5F766DFF7C8994F8
S2140432E000859BB712A6ADD224C3BFF136E0C11841
S2140432F04809D33B5A2AE55E6C4FF77D7E6C0AA5D7
S21404330083B4188691972EE3A7F23CC0B5D1422920
S214043310CB38500AD91B666FEF7E744CFD5D8BB5B7
S21404332002A499961087AFF326E2BDD034C1C33900
S2140433304A28D11A580BE77F6E6EF55C7C4D0CC696
S21404334085D71EE597F42880A1913AA3B3B2444AE0
S214043350CD5B5669DF78600CE91D722FFB3E8DD677
S21404336004C79FF516E4A9902081BBB332A2C55AC0
S2140433704C4BD7795E68E11C680DF33F7A2E0EE756
S21404338087F61CC495D52AA1A3B03882B193466BA0
S214043390CF7A5448DD59622DEB3C700EF91F8FF737
S2140433A006E69DD414C5ABB122A0B9923083C77B80
S2140433B04E6AD5585C49E33D6A2CF11E780F00002E
S2140433C000000000F5F2010000000000010000000B
S2140433D0FDF201000000000002000000D11402000B
S2140433E0000000000300000019F3010000000000C4
S2140433F0040000001FF301000000000005000000A8
S21404340027F301000000000006000000AFF00100F2
S2140434100000000007000000C3F0010000000000E8
S21404342008000000D1F501000000000009000000BB
S21404343073F20100000000000C000000CDF0010053
S214043440000000000D000000B9F0010000000000BC
S2140434502000000061F401000000000021000000CC
S214043460E9EF010000000000220000005DF001000A
S21404347000000000230000000B1002000000000003
S214043480240000007BF2010000000000250000007C
S21404349001F601000000000026000000EBF5010024
S2140434A00000000027000000D9F001000000000022
S2140434B02800000023F50100000000002900000099
S2140434C069F00100000000002A0000008DF20100EF
S2140434D0000000002C0000000D0E0200000000009A
S2140434E03000000071F00100000000003100000010
S2140434F057F001000000000032000000050E020034
S21404350000000000340000003DF40100000000004C
S21404351035000000F70D0200000000003600000031
S214043520E90D020000000000370000006BF4010003
S2140435300000000038000000FBEF0100000000005F
S2140435403A000000BF100200000000004000000027
S21404355017F7010000000000410000007DF40100A0
S21404356000000000420000008FF40100000000008C
S2140435704300000011F101000000000044000000B8
S214043580DD14020000000000450000004FF40100B6
S21404359000000000460000000FF8010000000000D4
S2140435A047000000ED100200000000004800000084
S2140435B0FB100200000000004900000005F50100B1
S2140435C0000000004A000000211102000000000074
S2140435D04C000000EDEC010000000000500000006C
S2140435E0A9F8010000000000510000002F1102009D
S2140435F000000000530000007DF101000000000000
S2140436005700000035F101000000000059000000DA
S21404361059F10100000000005A0000007342020045
S214043620000000005B0000000B48020000000000E1
S2140436305C000000250E0200000000005D00000093
S214043640A7F40100000000005E00000079FB010002
S21404365000000000600000004FF9010000000000B8
S214043660610000003FF90100000000006200000055
S21404367009F901000000000063000000111B0200AD
S214043680000000006400000079F201000000000061
S21404369065000000D7F4010000000000660000008A
S2140436A07D1B020000000000670000008FF101008F
S2140436B000000000A0000000B3F4010000000000B9
S2140436C0A10000008543020000000000A2000000E4
S2140436D00D44020000000000010500000112020073
S2140436E000000000020500000D12020000000000A9
S2140436F00305000019120200000000000405000083
S2140437002512020000000000050500003112020028
S21404371000000000060500003D1202000000000044
S214043720070500004912020000000000080500001A
S2140437305512020000000000090500006112020094
S214043740000000000A0500006D12020000000000E0
S2140437500B05000079120200000000000C050000B2
S21404376085120200000000000D0500009112020000
S214043770000000000E0500009D120200000000007C
S21404378064050000A91202000000000065050000A0
S214043790B51202000000000066050000C112020017
S2140437A00000000067050000CD12020000000000C3
S2140437B068050000D9120200000000006905000038
S2140437C0E7120200000000006A050000F51202007D
S2140437D0000000006B050000031302000000000058
S2140437E06C05000037130200000000006D050000A1
S2140437F045130200000000006E050000531302008B
S214043800000000006F0500006113020000000000C5
S214043810700500006F130200000000007105000030
S2140438207D13020000000000720500001113020060
S21404383000000000730500001F13020000000000D3
S214043840740500002B13020000000000C8050000E9
S2140438508B13020000000000C90500009313020049
S21404386000000000CA0500009B13020000000000D0
S214043870CB050000A313020000000000CC050000E6
S214043880AB13020000000000CD050000B3130200D5
S214043890000000002C060000BB130200000000001D
S2140438A02D060000C3130200000000002E060000D0
S2140438B0CB1302000000000030060000D313020001
S2140438C00000000031060000E113020000000000C2
S2140438D032060000EF13020000000000330600006A
S2140438E0FD13020000000000900600006B0E0200AC
S2140438F00000000091060000BB1B02000000000050
S21404390092060000410F020000000000930600002B
S214043910AB1D0200000000000408000017F00100C0
S214043920000000000508000021F00100000000006F
S21404393008100000A3F201000000000009100000B7
S2140439400BF4010000000000091300005D0E0200E5
S214043950000000000A130000FFF001000000000051
S214043960001500000B140200000000000115000002
S214043970C90F02000000000006150000EFF4010065
S214043980000000000B1500003716020000000000BF
S2140439900D15000091030200000000000E15000043
S2140439A0C30302000000000013150000BFF401006A
S2140439B00000000014150000CBF401000000000015
S2140439C015150000550E0200000000001815000032
S2140439D0D11A02000000000019150000F11A0200B6
S2140439E000000000221500000F170200000000006F
S2140439F0291500004D100200000000002A150000E2
S214043A005F100200000000002B150000EDF001001E
S214043A1000000000371500006D10020000000000D2
S214043A200E19000011F50100000000000F19000037
S214043A3025F301000000000012190000191402000A
S214043A400000000013190000271402000000000004
S214043A5014190000711E0200000000001519000071
S214043A60E914020000000000161900005FF90100C6
S214043A700000000017190000DD1E02000000000010
S214043A800040000015EC01000000000001400000AA
S214043A90E3F00100000000000240000017EC010003
S214043AA0000000000340000097140200000000001D
S214043AB007000000F9EB01000000000021000000F0
S214043AC02FF501000000000022000000C7F60100E8
S214043AD00000000024000000C326020000000000CE
S214043AE025000000E926020000000000280000006F
S214043AF0C9250200000000002A0000001927020061
S214043B00000000002B0000006528020000000000F2
S214043B102C000000FDEB0100000000003000000057
S214043B20D12702000000000031000000B7F50100B4
S214043B300000000032000000ADEB010000000000B1
S214043B403400000079F50100000000003600000093
S214043B5055F5010000000000370000007F22020037
S214043B6000000000380000003127020000000000BA
S214043B703A000000A1F60100000000003B0000002F
S214043B803F220200000000003D00000067270200FC
S214043B900000000041000000A72202000000000010
S214043BA042000000E722020000000000430000007C
S214043BB035F70100000000004400000091F7010002
S214043BC00000000045000000B5F7010000000000FA
S214043BD04600000031F80100000000004700000025
S214043BE08BF801000000000049000000EB230200EF
S214043BF0000000004A0000005BEC0100000000002A
S214043C004C000000C3FC0100000000005C00000043
S214043C1065340200000000005E000000A9310200C6
S214043C2000000000620000003F2F020000000000B9
S214043C30650000008F2302000000000067000000FB
S214043C40113002000000000072000000D9FA0100E2
S214043C5000000000730000005BFA01000000000092
S214043C607500000049FB010000000000A0000000F1
S214043C703723020000000000000500003B49020054
S214043C800000000091060000BFED010000000000E7
S214043C9092060000ADED010000000000930600004F
S214043CA08F490200000000000810000015340200CE
S214043CB0000000000A1300002F2902000000000084
S214043CC000150000BDFB0100000000000615000002
S214043CD0BF23020000000000131500007F2302002B
S214043CE000000000141500008723020000000000F6
S214043CF01515000079EC01000000000018150000FE
S214043D00EB2D020000000000191500002B2E020007
S214043D10000000001A1500006B2E020000000000D0
S214043D201B1500009D2E0200000000002515000053
S214043D30CF2E02000000000026150000072F020008
S214043D40000000002915000061F6010000000000D4
S214043D502A15000081F60100000000002B15000063
S214043D600B290200000000002D1500003B30020065
S214043D70000000002F150000913002000000000033
S214043D8030150000CD30020000000000321500009F
S214043D9039310200000000000E190000F32302006F
S214043DA00000000011190000712402000000000049
S214043DB01219000081EC0100000000001319000035
S214043DC0B5EC01000000000015190000E7FB010037
S214043DD0000000001619000033FC0100000000007B
S214043DE0181900008B2502000000000019190000B5
S214043DF0B1FC0100000000000340000021F60100B1
S214043E00000000005C00000091F9010000000000C2
S214043E1063000000A52F02000000000066000000FA
S214043E202FFA010000000000A10000009F260200F7
S214043E300000000008100000B5EB010000000000C0
S214043E4017190000750A0200000000005C0000005C
S214043E50BDF90100000000006300000051ED010000
S214043E6000000000660000007DED01000000000078
S214043E70A100000021050200000000000810000058
S214043E80D7EB01000000000017190000E52402002B
S214043E9000000000010000006300000002000000B3
S214043EA06300000004000000430000000800000057
S214043EB060000000100000006100000080000000A8
S214043EC04800000000010000470000000002000057
S214043ED00D15000000040000520000000008000059
S214043EE052000000001000006600000000200000E1
S214043EF06600000000400000210000000080000072
S214043F00360000000000010044000000000002002B
S214043F104500000020000000630000004000000090
S214043F2063000000000004004600000000000800D3
S214043F304B000000000020000019000000004000B4
S214043F402200000000000001410000000000000202
S214043F5071090000000202090202010805020202B9
S214043F600402020202020202020202030202020225
S214043F7007060000752F04007A2F04007F2F040024
S214043F80842F0400892F04008E2F0400932F04002E
S214043F90982F04009D2F0400A32F0400A82F0400CC
S214043FA0AD2F0400B22F0400B72F0400BC2F04006A
S214043FB0C12F0400C62F0400CB2F0400D02F04000A
S214043FC0D52F0400DA2F0400DF2F0400E42F0400AA
S214043FD0E92F0400EE2F0400F32F0400F82F04004A
S214043FE0FD2F040002300400073004000C300400E7
S214043FF011300400163004001B3004002030040086
S214044000253004002A3004002F3004003430040025
S214044010393004003E300400000000005465726D20
S214044020696E616C004F70656E54687265616400F9
S21404403044656661756C74446F6D61696E0000005A
S214044040B07400200000000000000100020203001B
S2140440500000FFFFFFFFFFFFFFFFFFFFFFFF99DEEC
S214044060F836146BC9B1B4D22831FFFFFFFF000045
S2140440700000FFFFFFFFFFFFFFFFBCE6FAADA71738
S2140440809E84F3B9CAC2FC632551010401030306E6
S2140440900105010501090600060B0000070B050BC8
S2140440A00000000000000000000000000000000007
S2140440B05454522052454747455300000000000020
S2140440C00100A0020202020264000000B600000022
S2140440D06400000000010000000000000000000072
S2140440E0000000000B00000064656661756C742EA9
S2140440F0736572766963652E6172706100DEAD0069
S214044100BEEF00CAFE78581686FDB4580FB0925417
S2140441106AECBD1566FDDEAD00BEEF0000000000D3
S2140441200100000001000000010000000100000082
S2140441300100000001000000020000000200000070
S214044140020000000200000003000000030000005C
S2140441500400000004000000050000000500000044
S2140441600600000007000000080000000900000028
S2140441700A0000000C0000000D0000000F00000004
S21404418011000000130000001600000019000000D3
S2140441901C0000002000000024000000290000008D
S2140441A02C000000340000003B0000004300000028
S2140441B04E000000590000006A0000008200000063
S2140441C09700000023B400003DB40000D5DB0000D7
S2140441D059B4000069B6000043B800008DB800006A
S2140441E013B779FAC925DDB7ADF3CFE0F1B614B845
S2140441F00102000000000000FFFFFFFF02000000B5
S21404420001000000000000000000000000000000A4
S2140442100000000000000000000000000000000095
S2140442200000000000000000000000000000000085
S21404423065636B65792E51006A09E667BB67AE85D0
S2140442403C6EF372A54FF53A510E527F9B05688C6F
S2140442501F83D9AB5BE0CD19002A8648CE3D030107
S21404426001007365637031393272310073656370AF
S2140442703232347231002A8648CE3D030107007379
S21404428065637032353672310000000000000000AD
S2140442907AFF809F79FF009F73FF809EFFFFFFFFDA
S2140442A0FFFFFFFFFEFFFFFFFFFFFFFFFFFFFFFF16
S2140442B0FFFFFFFFB1B946C1ECDEB8FE49302472F9
S2140442C0ABE9A70FE7809CE5190521643128D2B431
S2140442D0B1C96B1436F8DE99FFFFFFFFFFFFFFFF3F
S2140442E0FFFFFFFF1210FF82FD0AFFF40088A143C0
S2140442F0EB20BF7CF69030B00EA88D181148791EBE
S214044300A177F973D5CD246BED11106378DAC8FF65
S214044310952B1907010000000100000000000000B2
S21404432000000000FFFFFFFFFFFFFFFFFFFFFFFF90
S214044330FFFFFFFF00000000B4FF552343390B279F
S214044340BAD8BFD7B7B04450563241F5ABB3040C15
S214044350850A05B43D2A5C5C4529DD133EF0B8E0C9
S214044360A216FFFFFFFFFFFFFFFFFFFFFFFFFFFF9A
S214044370211D5C11D68032342211C256D3C1034AA1
S214044380B99013327FBFB46BBD0C0EB7347E008574
S2140443909981D5446447075AA07543CDE6DF224C7D
S2140443A0FB23F7B5886337BDFFFFFFFFFFFFFFFF63
S2140443B0FFFFFFFF000000000000000000000000F8
S2140443C001000000FFFFFFFF4B60D2273E3CCE3BC0
S2140443D0F6B053CCB0061D65BC86987655BDEBB3D7
S2140443E0E7933AAAD835C65A512563FCC2CAB9F32C
S2140443F0849E17A7ADFAE6BCFFFFFFFFFFFFFFFF93
S21404440000000000FFFFFFFF96C298D84539A1F4CC
S214044410A033EB2D817D0377F240A463E5E6BCF878
S21404442047422CE1F2D1176BF551BF376840B6CB43
S214044430CE5E316B5733CE2B169E0F7C4AEBE78E3F
S2140444409B7F1AFEE242E34F000000007AFF80AF33
S21404445079FF00AF73FF80AE505341004B455900BF
S214044460F8440400DC440400000000000920400076
S214044470000000007BFF80B079FF80B078FF80B139
S21404448076FF00B16CFF00B36BFF00B25942040024
S21404449008000000624204006242040001000000BA
S2140444A014450400050000006C4204006C4204003D
S2140444B00200000076420400080000007F42040068
S2140444C07F4204000300000000000000000000001B
S2140444D000000000000000000000000002000000D1
S2140444E00000000000000000899D0200899D020073
S2140444F0EB5602006B9D0200020000008557020086
S2140445005961020087EC0000A1570200055702001B
S214044510895702002B81040021005F737562005BDB
S21404452025735D3A257500FFFFFFFFFFFFFFFF00C1
S2140445302D2D2D2D2D454E442045432050524956B1
S214044540415445204B45592D2D2D2D2D002D2D2D17
S2140445502D2D424547494E20454320505249564149
S2140445605445204B45592D2D2D2D2D002D2D2D2D0B
S2140445702D454E442050524956415445204B4559EA
S2140445802D2D2D2D2D002D2D2D2D2D424547494EFB
S2140445902050524956415445204B45592D2D2D2D1A
S2140445A02D000001010101010101010101010101C8
S2140445B001250107010101010101010101010101B8
S2140445C001010107070101010101010101010117B0
S2140445D03506FEB823D487121B5B306D001B5B3197
S2140445E03B33366D0025735B253031306C755D00CA
S2140445F05B25635D2000252E2A7325733A2000462A
S21404460061696C656420746F207365742050414E34
S214044610206368616E6E656C20746F202575207744
S21404462068656E206170706C79696E672064617469
S214044630617365743A2025730050726F632D547944
S21404464070653A20342C454E435259505445440024
S2140446502A864886F70D01010100727361456E6370
S21404466072797074696F6E00525341002A8648CE80
S2140446703D02010069642D65635075626C69634B85
S21404468065790047656E65726963204543206B65EE
S21404469079002B8104010C0069642D65634448008D
S2140446A04543206B657920666F7220454344480075
S2140446B01B5B313B33316D001B5B313B33336D0089
S2140446C01B5B313B33326D00B0460400B846040031
S2140446D0D8450400C0460400446174617365744D93
S2140446E0616E61676572002D2D2D2D2D2D2D2D2DBE
S2140446F02D2D2D2D2D008000000000000000000050
S21404470000000000000000000000000000000000A0
S2140447100000000000000000000000000000000090
S2140447200000000000000000000000000000000080
S214044730000000000000505341004B455900323041
S21404474030313A343836303A343836303A3A383803
S2140447503838000C095901020304808150460400CD
S214044760090000005A4604006846040001000000E0
S2140447706C460400070000007446040083460400E8
S214044780020000009246040005000000984604005B
S214044790A046040003000000000000000000000023
S2140447A0000000000000000000000000012C20664D
S2140447B0756E6374696F6E3A200061737365727404
S2140447C0696F6E2022257322206661696C65643ADF
S2140447D02066696C6520222573222C206C696E6520
S2140447E0202564257325730A00002020202020201D
S2140447F02020202828282828202020202020202088
S2140448002020202020202020202088101010101087
S21404481010101010101010101010040404040404D7
S21404482004040404101010101010104141414141BA
S214044830410101010101010101010101010101011F
S21404484001010101011010101010104242424242B0
S21404485042020202020202020202020202020202EF
S21404486002020202021010101020000000000000D5
S214044870000000000000000000000000000000002F
S214044880000000000000000000000000000000001F
S214044890000000000000000000000000000000000F
S2140448A000000000000000000000000000000000FF
S2140448B000000000000000000000000000000000EF
S2140448C000000000000000000000000000000000DF
S2140448D000000000000000000000000000000000CF
S2140448E000000000000000000000232D302B2000F4
S2140448F0686C4C0065666745464700303132333491
S2140449003536373839414243444546003031323330
S21404491034353637383961626364656600000000F2
S2140449204D7803009578030041780300A1780300CE
S2140449308978030037F3030075F3030097F3030045
S214044940B9F30300DBF3030015880300C5870300EF
S214044950D1870300C1880300D5F503006BEF03007D
S2140449606FEF030073EF030077EF03007BEF0300A2
S21404497000000000B0010000E86A0020FFFFFFFF0F
S214044980FFFFFFFFFFFFFFFFFFFFFFFFFFFFFFFF2E
S214044990FFFFFFFFFFFFFFFFFFFFFFFF0002100008
S2140449A000700020986C0020000002080000000040
S2140449B0FFFFFFFFFFFFFFFFFFFFFFFF00000000FA
S2140449C000000000000000000000000000000000DE
S2140449D0000000009D850300818503000DC10300CF
S2140449E041C20300D9C1030020C001B80000000181
S2140449F000000101000101010000000000000000A9
S214044A00FFFFFFFFFFFFFFFFFFFFFFFFFFFFFFFFAD
S214044A10FFFFFFFFFFFFFFFFFFFFFFFFFFFFFFFF9D
S214044A20000102020303040506080C0C0C00010234
S214044A3003040707C8C8C8C8C8C8C8C8C8C8C8C8F8
S214044A40030404080808080800B801B802B800B04F
S214044A503066040018660400030404080805000011
S214044A60000000000000000000000000000000003D
S214044A70E90600004870460F4470080E307078133C
S214044A800298941738702E0F3470540F30704210FA
S214044A902C7042102870CA112470E2112070380F4E
S214044AA01C708A12187006131470340FB110086044
S214044AB001D80A7104B87F78020C7E78641000C6A8
S214044AC0881F00A01DB8707803B018600F3027B395
S214044AD00F330111C0480698760229B0086001D841
S214044AE0087109DD047109BB11101660A04808603E
S214044AF004100112FF3221500860D0480860008874
S214044B000698321400C4441F00A000BA03DF1071D4
S214044B1009DF0672029830031DB8507800A04413CB
S214044B20281441158110086002D81471108806985C
S214044B301A1900C014C000B80698801B0091069885
S214044B408C020160B83020D806711EBC637C784D98
S214044B505412F03240DE0472404804DB08720DDD65
S214044B600C72044BEF3014480698EC0400C4E04082
S214044B7000544412086201322140087C811140D955
S214044B801C72B1123032CF4A013AB1DA107208D828
S214044B90067104D80871804C237C5070684C44120B
S214044BA000C4A41E00A04414413AF3240164415CEA
S214044BB0412A047580B800C46040005481D830711E
S214044BC040D90472237C084B0698EC0404BA1CB93A
S214044BD0767900C1204001B8357906B906A901D80E
S214044BE0067102980A02804C307C02985E0208D84D
S214044BF06A7100C1544000B8141110D95E71584C43
S214044C00441280BDA26DFF25784C4412FC22513A12
S214044C102814104C00C20CC101B8241228140862CF
S214044C2028140862281408622814304C304C00C13A
S214044C301C4000B814111814086100C5284001B8B7
S214044C405415FF35047110491814B04C4412086208
S214044C500132067102980401804C08D80C7107BA18
S214044C6024D8047106BA187004D80C7101BA40D856
S214044C700E7102BA0A7005BA20D8047203BA204C20
S214044C804411C04C1814086118149111383111429B
S214044C909111186110D90472EF3200C1084001B8AE
S214044CA0141110311E6111422814A1110861181440
S214044CB00698661B181400C1084001B81411186140
S214044CC0FF31181400C1448001B814111814086187
S214044CD018143088024806988E03009308DB047183
S214044CE001F800A027B00F3000A01088B111186199
S214044CF080D90A7100C1884000B80811009100A04C
S214044D0000C4684000B8441000A000C088400050AA
S214044D1004118261041082601050F07200A05415D1
S214044D20504512710698FC0406988C0407B87078EF
S214044D3002B841781EBA5B7A5C7A5D7A00C220C0FB
S214044D4001B824120698241900C5481F00A054155B
S214044D50511400C3FF010000313D09647F340698F6
S214044D609602015851280475015841280E75811180
S214044D70086102D90472FF0FCC7007B8727800F885
S214044D80EBBD00C0441F00A00411113D10D91271E0
S214044D90FF33186300C1781002B8381107B9747964
S214044DA0581000A006988C020D300472044809DCE2
S214044DB00472084800C11CC101B8141100C3D01EF7
S214044DC000A0911504351A7218131CBB08D8047178
S214044DD06C7B04D804716A7B1DBB2F7C5B7B1670CE
S214044DE0044B18131CBB08D804716F7B04D80471D9
S214044DF06D7B217C0C300260069878040698BE0B06
S214044E0000B8B111186140D906720298520401BC68
S214044E1000C2084001B800DC0A7124150265604A25
S214044E200A702C4A241508654C4A043508D90471BE
S214044E30202400C13C1F00A0141200DC327120D8CC
S214044E40067101B80C70F0DA0C720CDB087102B84B
S214044E5006988004482400C3384101B834138F7B75
S214044E600E7102B9911308DB047203B928707C49E9
S214044E7014111110FD300DDC1C7200C0A01E00A021
S214044E80041080D8107100C0448001B80410E520D6
S214044E900475804900C3884000B8FFB8012011415A
S214044EA00871014118130824014200C1284000B8C3
S214044EB0141101411C655141911520351E6551415F
S214044EC018132813481300C3844000B8341003D8BA
S214044ED01671073005DC1071B1108F780A7200C3A2
S214044EE084C40350217B1DB8507800B800C13C1F11
S214044EF000A014121C602150F0300152281100A0AA
S214044F004024076400C0FFFF0100013C17B00220E4
S214044F1001584028067518AC01EC00A0208800C093
S214044F2020C001B8041217B4211304123052F871C9
S214044F301964402400C35C1F00A0341014110698A2
S214044F40F00D1961009211592129067600BB1159FA
S214044F500698D00D8762313B0472215A412A00A07C
S214044F6000C2686000B8B8B91F610D49181200A0E5
S214044F70308801B9116100C30000C0FF3110312828
S214044F8000BC002D0C75115418AC01EC312DF470D6
S214044F90196451134155312C009300A000C3C00F6F
S214044FA0FEFF50B2313A014250AA00A006983807D4
S214044FB0FFB0867808715CB86B786E7800C254804F
S214044FC001B800C0D81F00A004100812B822217A25
S214044FD0237A52B8417801B80C6021A809B8196040
S214044FE04CA800C0FFD1C1FF4FB2013A00C0002E4A
S214044FF0300001424FAA24B86E78ACB9FFB004D88A
S21404500004714CB923A90698A20500C013900100A8
S2140450100698280500A00698FC0419B81460FFB288
S2140450208C620F32826A21400698280549BC21B951
S21404503052B849B207DE2A7105DE0871627C607CCC
S2140450401D0C6179677864786B7862786578637824
S2140450506078617C010C010C6878020C69786C78C5
S214045060020C00C22C8001B8277A287A267A6A783D
S214045070050C41790A0CB11040D806710298B406A2
S214045080784A2B7A327A584A247A00C400011100EE
S214045090404A00C0108400000812508800C58410DE
S2140450A00100FBAD10BD01BB8A6B21B9FAA9C44A45
S2140450B01812217A227A00C0341F00A00410FCA81B
S2140450C08264411030300129F9A9F8ADFBB0826042
S2140450D0FBA80330A0652110044820EC237A0410B2
S2140450E0037A184A2411DC4A01580029241004754E
S2140450F03150F8B1115081632A7151403140081281
S214045100FCB18461FCA90F310E7117B0112817B1D8
S21404511011591028FA76C44AF9B11812217A227A5B
S214045120A07000950812F8A800C20C8001B8207A76
S214045130844A00B80812020CA44A087A020C21B861
S2140451404178784A0B7A127A00C2C81F00A0FFB0D2
S21404515008D80472184A241000DC0A7140A80422F5
S214045160241041A80698960200C2481F00A02410E6
S214045170015100C4FF01000041391150081200A07B
S2140451800698380700BC00C20C8001B8217A52B8D1
S2140451904978020C4878020C49B8417852AC21ACE4
S2140451A0204A087A067A077A49AC00A059B84078AB
S2140451B05AB101D9FC72427857B8407858B101D92F
S2140451C0FC72427800A000C20C8001B8217A227AD0
S2140451D021B8547852B8BC4A24119979127107B987
S2140451E015614CA9617800BB03BC0C64147009B942
S2140451F019614CA9417801BB126300C4002E30002B
S21404520000C0FFD1C1FF4FB1013941414FA9E44A63
S214045210C8B8081224AB4CB823A80698A20500C048
S21404522004900100FFB186790471084806982805A1
S21404523000C08009004040A809B8FFB108D904712D
S21404524003B853A8B11004D80C7156BB607B57BA88
S214045250627A607A02D80C7156BB607B59BA627A5D
S214045260607A04B86E783DB8607800C0563800009E
S21404527000C1B08001B814119979087200C0D60430
S214045280000000C124C000B814119F7904720848B5
S2140452904CA82EB8FFB108D906714AA804704BA8CA
S2140452A00FB834A800C00C5E000046B2014246AAFD
S2140452B000C12C4001B8141108610631087100B908
S2140452C006984A1106983814B11101D90E71069839
S2140452D08C1B02D9067206989A0C0698321451143E
S2140452E006988C040698241106985E1700A0069863
S2140452F0481701D80A711CB85B7807B8757800B8E7
S2140453004CA84AA84BA800C0F321FFFF46B10139B8
S21404531046A904B86F7800A0FABC1964415C512C05
S21404532000C0581F00A00410012C067506988C04B3
S2140453300698720FB110186005D8327140BA0698F4
S214045340081404B86578911004D816711CB86E78E1
S21404535000C0684000B821780698721101400A72AD
S2140453601DB84278069844140298580B1DB87178F4
S21404537004B86C7841B8427863784478FFB104D9AD
S21404538006720298C40900C004900100FFB1867931
S214045390047108480698280500C32C1F00A000C204
S2140453A074C000B82414481300BC48121C4B1C4A92
S2140453B02414481300BC4812084B584A24144813B3
S2140453C001BC48124ABA447A427A4BBA447A427AC0
S2140453D0FFB086780472617A4CBA647A657A3DBA0C
S2140453E0607A4DB942B83FBB5B7966796179020C45
S2140453F06479050C63796079050C627965795A7964
S21404540000C2340102B8241305B8196031400812EA
S21404541042B86A78020C4A78020C40BCFFB208DA3A
S21404542006714ABA06704BBA627A657A677A667A01
S2140454306A79667B02989E0A00C32C1F00A000C2ED
S21404544074C000B8241448131C4B1C4A2414481374
S2140454503FBC48121C4A00BC4812084B444A241459
S214045460481301BC48124ABA647A627A4BBA647A20
S214045470627AFFB3867B0472617A4CBA647A657A80
S2140454803DBA607A01D94E71647800C1708001B863
S21404549000C08000080008110698800B42B86178A6
S2140454A04DB97F797E796A7868786278020C7B7960
S2140454B00F0C7A79140C7479417860787579050C38
S2140454C0FFB208DA06714AB804704BB8657801BCB6
S2140454D01664407002D93C710698800B42B84DB9E8
S2140454E06878407841787F797E797B790F0C7A7971
S2140454F0140CFFB208DA087171794ABA067070792A
S2140455004BBA7279657A6A78020C4A78050C01BC43
S2140455101664020C417940790C0C00C04C0102B8A8
S21404552048100698EC0400C4784000B8007C00C01C
S214045530A01E00A0041180D93271911104D92C72D6
S2140455407F2021200411FD310DDD207200C044802F
S21404555001B80411E521147600C0244001B80411F2
S2140455608A790871207C104C207C2AB86278511401
S21404557000C0581F00A00410012C17B00111876842
S214045580015841280E7605218769415C412D112D6D
S214045590067006988C0442B84DBB7C7B6478020C7B
S2140455A029B8687851144044067506988C0442B8A5
S2140455B044782AB84278FFB101D90C7100C15480EE
S2140455C001B8CBB80811911004D8147100C0A01EFD
S2140455D000A0041080D8067107B8537800F807B8FE
S2140455E000C1CC1E00A000C220C001B8241228119D
S2140455F0777800F8B1109478387106989602E4B972
S21404560011591128067600B80C70A0B91159012951
S2140456100475A0B8826000C3C01F00A03413012B19
S214045620341000C3FFFF00FF42B13139114042A8D5
S21404563000A01DB09178FA7142B86478020C00BAE2
S21404564029AA00C4548001B842B84DB900C3C0406A
S21404565001B83413977B047240EC020C44785C79EE
S21404566053AA0A0C281442B84DB9FFB301DB2671BD
S214045670244C00C3FF0FFF01381454794078417856
S2140456805579020C5B795A79140C5F795E794A78FD
S2140456904278347002DB1471527951795079020CD5
S2140456A05B795A795F795E791E7004DB1A7100C4DF
S2140456B0FF07000000C3342102B848133FBB467BF3
S2140456C0020C5B795A793DBB407B4CBB447B457BE3
S2140456D000C3301F00A03414403C207100C068C0D2
S2140456E000B8481028131C4B1C48341448102813C0
S2140456F0144B44483414481028134AAA4BAA04B836
S2140457006D781DB851785CB84B784E7800A000C010
S21404571074C000B80411108800B918106848041141
S214045720108801B90B6118102C48041110880088E1
S21404573000C1231C000018104AB864784BB864787B
S214045740260C28B000C1FFFF0FF0113871B90B61A9
S214045750114028A828B97379747900C21010303023
S21404576045AA54790E0C00C0E84001B8041100C2E2
S2140457703030101045AA0E0C0410008810880698C5
S2140457805C0D0091009020888F618F6006985C0DF8
S2140457900090886A21400112906A035800C13F3F76
S2140457A000001138FFBC022441281138014245AAE2
S2140457B028B953794AB844784BB844780090009195
S2140457C0181000912C48181000916848181000A072
S2140457D09168436091694361115B012B1128416014
S2140457E03128315B00BA302806763128204A4163D6
S2140457F0302806763128104A416330280676312848
S214045800084A4163302806763128044A4163302822
S21404581006763128024A416330280476014A00A0FD
S214045820115910D906710860086008D90471086017
S21404583004D90471046002D90471026001D90471A8
S214045840016000A000BA01D806710148112A1F6140
S214045850016001D8F6720138F67200A000C220C0BA
S21404586001B8241211592129127300210E7100C2A5
S21404587038C001B824120121212900A002B020D882
S214045880147100C0B01E00A0041002B94579069831
S2140458907013EA7003B09F78087200B806A800F880
S2140458A00698380700C5641F00A05088044D1CBC29
S2140458B000C0B41E00A0811101D91E71407C009561
S2140458C001150C4D5088044DFFBB1863315B041161
S2140458D00698E80D3129F8750698621A5415069844
S2140458E08C1B01D908720698520706700698EE07B4
S2140458F01CBB547B0698481701D806720298140FEE
S214045900FFB901211038F67281129B7AF07100C239
S214045910448001B8241400C0C01E00A00410011363
S2140459200020041040500C7200B90698220F18B9D3
S2140459300A7018B90698220F00B900B80698180F0E
S214045940704A08B80698180F00C2284000B814B861
S2140459500698180F00C2EC4001B80CB80698180F49
S214045960202210B80698180F108830880698520718
S214045970009300910698220F00C0C41E00A00412D3
S214045980FFB9012121411810009500F8312811288B
S2140459900410081200A004B831281128F8B1181011
S2140459A000A006987A080E700698BE0B06987A0829
S2140459B006986C1206980C079112211900C02C4008
S2140459C001B80A78097800F810B901BA0698FE13E7
S2140459D00698241106985E1700C5641F00A081105F
S2140459E09D78FC7200F8911203321CB900C3A01E05
S2140459F000A0341300C4B04000541DB84278707937
S214045A0003DE067144783A707179A11020D80671C5
S214045A1002984E1080DB1C7102D8187205B8081460
S214045A20A11010300248081400B808149110086039
S214045A3008141DB86278A11000DC0676517900BA05
S214045A400698481701D82272911120311D619110D1
S214045A5004D80E7200C1501F00A0141101D90A7197
S214045A60208806984A11009200C1204000B801DB45
S214045A701871084C03DE0471904C441400C3FF1FD5
S214045A800000413BFF233811944900C3384101B854
S214045A903413086380DB0C7103BA18620698361058
S214045AA008701862069836100C490879097914109B
S214045AB02140081100A000BD0698700210B903DC4E
S214045AC0047100B901BA0698FE1302D906710040A3
S214045AD04E7203B118610F3106987211FFD82872FE
S214045AE0811008D8187106DD0A710698700203DC66
S214045AF00C720698B611069844140C7006DD1071E4
S214045B000698BC11487020B804A806DD10720698E2
S214045B107A0806980C0701F840B804A800F800C0F4
S214045B20A01E00A00413086301DB2271911001116A
S214045B30186111381DB910D80871447902984E10AE
S214045B4002DBFA72A11328DBF47203BD069818115F
S214045B5006987A081DBA7F7A0698EC0400C5681F72
S214045B6000A00698700200BA03DC1672044DA11059
S214045B7002D804711C4D00C10CC101B80698A804D3
S214045B805415212D069838050298A408911001553D
S214045B9003355150011900A000C14C1F00A0141079
S214045BA001D8427101480860FE200E75811020D885
S214045BB0087100C1501F00A0141101D9287100C03B
S214045BC02C4001B80412215108610F31186111529A
S214045BD0281000C0084001B8041191122151203148
S214045BE01152211900A0811380DB067201B800A0AF
S214045BF000C314C001B8341006302E726C4B341235
S214045C001C4B3410186002302072811080D8DE716C
S214045C103410014A08620460803021508C480A71AE
S214045C207F234D233410013000A000BD06981811C0
S214045C301CB847784578437802B8447800A006989C
S214045C407A080698B61100C5741F00A05415069865
S214045C5038050298A408B1138F7B0A7200C384C463
S214045C600350017B0698381400C1384101B814115A
S214045C708F790E7100C1B84000B800BA0698361085
S214045C8050BA0698081406987211FFD84A719110F3
S214045C9004D84872811008601CD8407220D9387223
S214045CA01112FF322151347180218021111400C059
S214045CB0D81E00A00413FFBA3151113A21511153D2
S214045CC01DB938107B7940440E7200B900C2AC1E70
S214045CD000A01812067004B860780698321400F80B
S214045CE000B900C2A44000541812644A0AB9181233
S214045CF01CBA507A517A1DB942795F7900A0069889
S214045D00700207DC1072911000200A7506986C1257
S214045D100298600F06980C0701B9911004D8047114
S214045D2000B910BA0698FE1300BA0040347100C0D9
S214045D30A01E00A00411086101D9127104D9E272F0
S214045D408110086001D8DA711DB8647800C11CC1DE
S214045D5001B80698A80401B81160002A047600BAAF
S214045D6000C5781F00A05415212D06986C120698BD
S214045D70520700C57C1F00A000F800BC811108D99A
S214045D80167280D9207201B910BA0698FE13004024
S214045D900E7101BC10700698B6110698441420B80B
S214045DA004A800F806986C1281110231127100B929
S214045DB000C2144000541812244A02B91812069855
S214045DC0B61100C5801F00A054150698EA1A02985A
S214045DD0A4080411012114711CBA737A0420041255
S214045DE02811042004110121F47200A00698EC0482
S214045DF001F80698481701D81671FFB90121103822
S214045E000E7281109B78087104B9677900F89110B6
S214045E1010D8287100C51CC101B854110698E80DA5
S214045E2000C5C81E00A054155129EA7507B876782F
S214045E301DB8447801B804A800F8B110186010D84A
S214045E402E7100C05040005400C3084000B83114FE
S214045E50984C44113411086101D9FA71441228107F
S214045E60086228100862281008622810E870029851
S214045E70AA0206988C02113804721E6202BB00C184
S214045E80D81E00A0141120390C72911210DA067272
S214045E90417B00A00698381400C2A01E00A024125D
S214045EA020DA0472617B1CBA527A00A01CBA727A99
S214045EB0811204DAFC7200A01CB86B7800C068403B
S214045EC000B82F7800A00698481701D83A7100C287
S214045ED02C4001B82410036091112031015138314F
S214045EE011501D6008121DB9457900C2448001B8DE
S214045EF0241200C0C01E00A00410182000200410A5
S214045F0020500471657910631EB9637900B902ECF8
S214045F1000CD114502EC00CC01DB087100BB0298F1
S214045F20D01803B841110731FA211C7606219112C4
S214045F3010DA087102DD10721E7020B80698AC0DD7
S214045F403038147208B80698780400C02C4000B89C
S214045F502978207800F8056020D80671029806167D
S214045F6002EC00CA05B823DA187104DBDA7120DA09
S214045F70D67110DAD2721EB8617800B801DA0672E9
S214045F8002EC00C8911110D9267100C1B81E00A0F9
S214045F9014111150FF300C720761A1101150023019
S214045FA00A7180DB0A720AB89E701DB97C79186083
S214045FB0911111402111C031114001191EB841112F
S214045FC008D90471667820D904726578A11002D8BD
S214045FD00672C0DA1E711EB8273123DD087210DB84
S214045FE01072607825DD0A7121DD087208DB047101
S214045FF0627803B8411107310872A1152035AA71D9
S21404600002DD2072A11120D9A07102D91672CCDA51
S2140460109872411140D9927206B8054D5A72029888
S214046020A81421114049C0D94C71A03141154035FE
S214046030026551410461086308DA1E7204DA367296
S2140460401049A1150235067110DB0E7201340A716F
S21404605008DB22711EB86778CC3211101A300ADCBD
S2140460600872CCDE0471FD3100C00D0F0C0D2160EA
S21404607001D85C7207B80298D21400BA411108D944
S2140460800C7102EC00CA05B830DAEC720734F03151
S214046090036101DA0471014900C0F300A3E321603F
S2140460A001D8D27100C09814406821604030014481
S2140460B040DA0471204C04320262204A1110063081
S2140460C01F60014218311D6111420298F014204AE3
S2140460D000C0051708502160113001422088FFBB1C
S2140460E00DDA507100C1DE1B250180BC04DA107283
S2140460F008DA0A7200C120841000E024A024086391
S2140461004143026401DA06711E49024B00C0201F97
S21404611000A008633810BC2002DA127101B91159C4
S214046120A11380DB087100C100FCFF01181002985F
S2140461305C1800C4A01E00A0441080D87C71009295
S214046140D0DA06710DDA0C711EBD437DEFBD0698DC
S2140461500E0304620DDA8672A11105D95C7100C2C1
S2140461604040005424121424281401D9067202D97B
S214046170327140D91E7102EC00CA21101832047123
S214046180FA2220D804720822FE22087502EC00C8FF
S214046190F87001D90E7102EC00C802D9067204DC4C
S2140461A0187200C0A01E00A004101D6001D806715D
S2140461B01EB8647807B873780298D01800C0A01E7A
S2140461C000A0041080300A7100C0C41E00A0041091
S2140461D000A00698481701D82E71911010D828727E
S2140461E08110A0D8227203B084781C7200C12C409F
S2140461F001B814100DBA487A697A6B7A08111CB87B
S2140462007B7807B8757800A0641000C6881F00A0C5
S214046210C3B80698760200C4441F00A014BA281413
S21404622000B8011AB1108F780A7200C084C40350F3
S214046230017891101030011905BA0698081402D98D
S214046240067101B804A800C0A01E00A00413069896
S2140462505E1180DB0671029852141DBA7C7A01DB4B
S2140462606A7100C2241F00A024111114FF3402EC2A
S21404627000C8FF24FA7608610698BC0D046111383C
S2140462800F3004611114011141100698BC0D01D899
S214046290087203B80298D2140C4A01DB2271241047
S2140462A011281128041202300471106200C0FFFF86
S2140462B00000213800C2204000B8FF200812411018
S2140462C008600698BC0D01D87C7120BC103376712A
S2140462D000BB00C1201F00A01415C021112C5112B0
S2140462E018620F320E71408851140698F418414310
S2140462F00094511208651C620F320E71411151143C
S2140463000698F4181C6441430865513B00C1DC1E22
S21404631000A01411111231100F30127100BA056169
S21404632001D80471114201600FD8F4723110036071
S2140463301E30047201B8003A087204B80298D214E7
S2140463400298BE1600C0384101B804118F79147142
S2140463507F20692004110861303110DD06711DBAF2
S214046360637A06980C0300F830885088FF34087166
S21404637002ECFF24F87002EC00CD141059500144CE
S2140463800421FF22F2720F4C0095009300A000C176
S214046390A81E00A0141100A0308806983C1B81118A
S2140463A0086102D906720298001A1CBB557B086164
S2140463B020D906710298F0190088A1101860069872
S2140463C01A1908211415FC251EBB5C7B5D7B00C1D5
S2140463D0084001B814110731FE21307608D82A7215
S2140463E05113FC23341304DB20711863FF33315B31
S2140463F000C110C000B81411086180490C71FF3147
S214046400302954751EBB7B7B10707B7B7C7B00DD48
S21404641004717D7B01BB3815EC25541300DF5471E1
S214046420042505DF54715415211120880698E80DBB
S214046430009251293E7500C1084001B8141102DBD0
S2140464400C710731315B31292A760C7004DF08722F
S214046450016180D91E7206981A1900C010C000B8CF
S2140464600698801B06981A191411FFD960720298B0
S214046470461A0090009300A05415A111186110D973
S214046480A672082508D8A071082510D89A71208805
S21404649021110698E80DFC255412112AF8255411EA
S2140464A00C2520D80871F0255411102520290476CF
S2140464B02159181500920298B21907B971798110FA
S2140464C010D80A711CB8447802B841781CB974799B
S2140464D004B9677900F88110A0D808711CB9497905
S2140464E000A0086002D8FA7106981A19108806984F
S2140464F03814106210DA087108211415F0255411A6
S21404650000C20020FEFF2029127506988C1B01D9B4
S2140465100A7206987A0806980C0700941CBB411069
S2140465200C2006985E1341110821141006985E1379
S2140465303128441111120861FF31FF320122105232
S21404654010721861181404244413042438140C70AC
S214046550186121411814082408140298321440447F
S214046560147100C1AC1E00A0141551131C630FDB7C
S2140465700C7219650698FC04411500A000C3784007
S21404658000B83413807B067206980C0706983814F5
S21404659008BB51140698AA1A4415FC25541500C3C2
S2140465A0784000B83413807B047100A00298380544
S2140465B01CB900C3A01E00A03413086308DB1A71BC
S2140465C08113A0DB0671497910706979086302DBD0
S2140465D0087204B9677900F800A08111086102D92D
S2140465E010711CB9757906981A191411FF3100A098
S2140465F0FFB900A0041008211411F421081100A00A
S2140466008111106110310E7106981A19082114119F
S214046610F821141100A000007068040000000000B7
S21404662048660400010000000000000000F0490273
S21404663070680400000000006C660400010000009E
S2140466400000000000F04902906604004063598F81
S214046650404B4C000B000B001A00FF7F9075002087
S21404666000000000086B04000000000080670400BF
S2140466704063598F404B4C000B000B001A00FF7F01
S2140466809075002000000000046B04000000000069
S214046690FC1F01035C6A04001CC0011000F807001C
S2140466A01CC001301402080050C0010087413004A9
S2140466B02440060107006200387000000000000055
S2140466C0000000030068010F40B824405840010150
S2140466D0FC006900804005012363E0119BC34A74F3
S2140466E0F003000003800000BE0A0000E040010141
S2140466F033000000F0400401590B000064048307D3
S2140467008813C83A90200A0028410101001E0000A0
S2140467103C410B0100148C00141A21282E343B42F1
S214046720495043557698BA0C2869000001000000C9
S2140467300721286414171A002004C869A1203A09FE
S2140467403C42010129000000A08002017078030089
S214046750D5C00000A8800111F0010000A880013116
S2140467600542CB01AC800111F0010000AC80013180
S21404677005228D00B080010100030002FFFFFFFF29
S214046780FC1F0103B06A04001CC0011000F80700D7
S2140467901CC00130F502080050C001008741300CCF
S2140467A02440060107C0520000000000000000005C
S2140467B00000000300000000000000005840010133
S2140467C06402FF00804005014B01A0089BC34A7485
S2140467D0F00300000000000000000000E04001019B
S2140467E033000000F0400401000000006404830746
S2140467F08813C83A9C200A002841010103100000AF
S2140468003C410B01000000000000000000000000F6
S214046810000000000000000000000000010000006E
S214046820000000000000000000000000000000005F
S2140468303C42010100000000A080020170780300C1
S214046840D5C00000A8800111F0010000A880013125
S2140468500542CB01AC800111F0010000AC8001318F
S21404686005228D00B080010100030002FFFFFFFF38
S2140468700C400200018014007F400000204002000B
S2140468800000000000000000304007000000000088
S21404689000000000000000000000000000000000EF
S2140468A000000000A00700005040010000000000A7
S2140468B05C4002000000000000000000A840010048
S2140468C007000000B440040000400000FF4C000035
S2140468D000410000FF4D000008C001000000000059
S2140468E020C00110FF00000020C00130004300005B
S2140468F024C00400EC80B3034375A8020000000023
S2140469002E02000054C003000E2D09E654060708A4
S214046910D1B6020064C0080004300000402010060F
S214046920C8F248181FE8F600BD4B721511A31805E7
S21404693010325476980A000088C001000000000057
S214046940080001010407000018000101000000000F
S21404695020000101088400001C4002011000000011
S21404696020F913045C400501410800000100000002
S214046970B0070800A70000000000000094400701CC
S2140469800101103050707F7F0000000000000000FE
S214046990000000000000000000000000E4400101C8
S2140469A000000000EC4001017DA8D98B00410201E3
S2140469B000612000B75635120C410301F954120049
S2140469C02030042988BB4000244101010000000057
S2140469D0304103016406660C0C010000E853FA001B
S2140469E068410301640483078813820000000000E2
S2140469F030420301000000000000000E000000000A
S214046A004442010100000000108001010300000060
S214046A103880020111491000010000009C80010129
S214046A20EB400200B4800101370000018800020236
S214046A30000C00044C000000940001020004000056
S214046A40D400010290029608E40001023D094204C3
S214046A501801010260005102FFFFFFFF140000004E
S214046A6066666600000000001C6B04000C6B0400E5
S214046A7000000000001A9A00005A620280841E0079
S214046A800420FE001149500200000000000000002F
S214046A90000000000000000000000000B1841E009A
S214046AA000000000000000000000000000000000DD
S214046AB01400000066666600000000001C6B0400FC
S214046AC00C6B0400000C0000001A9A00005A6202C4
S214046AD080841E00042000001149500200000000BB
S214046AE0000000000000000000000000000000009D
S214046AF0B1841E000000000000000000000000003A
S214046B00000000000502000000000000E11900007B
S214046B10E11900000000000000000000193F010613
S214046B2004100100000101060010270000090000FF
S20C046B30000000000000000054
S20C046B3894A5FC7F0100000097
S210046B404C6B0400807400208C010000E4
S214046B4CC0EA210100F0490200400F0000A000003A
S214046B5C804D0020C8000000FE000000000000006D
S214046B6CC441040001000000FFFFFFFFFFFFFFFF0E
S214046B7C204104003BFFC8000A00290013E9030067
S214046B8C00000000000000000000000000000000F0
S214046B9C0B000000030505B5400180000000000052
S214046BAC000001B50000800000000000000000009A
S214046BBC03000000A06E0020FC74002000000000FF
S214046BCCA06E0020086F0020706F002000000000EC
S214046BDC00000000000000000000000000000000A0
S214046BEC0000000000000000000000000000000090
S214046BFC0000000000000000000000000000000080
S214046C0C0000000000000000FFFFFFFF0000000073
S214046C1C00000000FFFF000070490400EFF00300C2
S214046C2CFFFFFFFF0BF5030007F50300FFFFFFFF55
S214046C3CFFFFFFFF0FF50300FFFFFFFF75B8030010
S214046C4CFFFFFFFFFFFFFFFFFFFFFFFFFFFFFFFF3F
S214046C5CFFFFFFFFFFFFFFFF04F8FFFF0C00000021
S214046C6C0000B501FF0C01FF405AB40085E4000097
S214046C7CA9100100811001000000000000000000B3
S214046C8C00000000000000000000000000000000EF
S214046C9C00000000000000000000000000000000DF
S214046CAC00000000000000000000000000000000CF
S214046CBC00000000000000000000000000000000BF
S214046CCC00000000000000000000000000000000AF
S214046CDC000000000000000000000000000000009F
S214046CEC000000000000000000000000000000008F
S214046CFC000000000000000000000000000000007F
S214046D0C000000000000000000000000000000006E
S214046D1C000000000000000000000000000000005E
S214046D2C000000000000000000000000000000004E
S214046D3C000000000000000000000000000000003E
S214046D4C000000000000000000000000000000002E
S214046D5C000000000000000000000000000000001E
S214046D6C000000000000000000000000000000000E
S214046D7C00000000000000000000000000000000FE
S214046D8C00000000000000000000000000000000EE
S214046D9C00000000000000000000000000000000DE
S214046DAC00000000000000000000000000000000CE
S214046DBC00000000000000000000000000000000BE
S214046DCC00000000000000000000000000000000AE
S214046DDC000000000000000000000000000000009E
S214046DEC000000000000000000000000000000008E
S214046DFC000000000000000000000000000000007E
S214046E0C000000000000000000000000000000006D
S214046E1C000000000000000000000000000000005D
S214046E2C000000000000000000000000000000004D
S214046E3C000000000000000000000000000000003D
S214046E4C000000000000000000000000000000002D
S214046E5C000000000000000000000000000000001D
S214046E6C000000000000000000000000000000000D
S214046E7C00000000000000000000000000000000FD
S214046E8C00000000000000000000000000000000ED
S214046E9C00000000000000000000000000000000DD
S214046EAC00000000000000000000000000000000CD
S214046EBC00000000000000000000000000000000BD
S214046ECC00000000000000000000000000000000AD
S214046EDC000000000000000000000000000000009D
S214046EEC000000000000000000000000000000008D
S214046EFC000000000000000000000000000000007D
S214046F0C000000000000000000000000000000006C
S214046F1C000000000000000000000000000000005C
S214046F2C000000000000000000000000000000004C
S214046F3C000000000000000000000000000000003C
S214046F4C000000000000000000000000000000002C
S214046F5C000000000000000000000000000000001C
S214046F6C000000000000000000000000000000000C
S214046F7C00000000000000000000000000000000FC
S214046F8C00000000000000000000000000000000EC
S214046F9C00000000000000000000000000000000DC
S214046FAC00000000000000000000000000000000CC
S214046FBC00000000000000000000000000000000BC
S214046FCC00000000000000000000000000000000AC
S214046FDC000000000000000000000000000000009C
S214046FEC000000000000000000000000000000008C
S214046FFC000000000000000000000000000000007C
S21404700C000000000000000000000000000000006B
S21404701C000000000000000000000000000000005B
S21404702C000000000000000000000000000000004B
S21404703C000000000000000000000000000000003B
S21404704C000000000000000000000000000000002B
S21404705C000000000000000000000000000000001B
S21404706C000000000000000000000000000000000B
S21404707C00000000000000000000000000000000FB
S21404708C00000000000000000000000000000000EB
S21404709C00000000000000000000000000000000DB
S2140470AC00000000000000000000000000000000CB
S2140470BC00000000000000000000000000000000BB
S2140470CC00000000000000000000000000000000AB
S2140470DC000000000000000000000000000000009B
S2140470EC000000000000000000000000000000008B
S2140470FC000000000000000000000000000000007B
S21404710C000000000000000000000000000000006A
S21404711C000000000000000000000000000000005A
S21404712C000000000000000000000000000000004A
S21404713C000000000000000000000000000000003A
S21404714C000000000000000000000000000000002A
S21404715C000000000000000000000000000000001A
S21404716C000000000000000000000000000000000A
S80400DC25FA
